kind,entry_date,exit_date,entry,exit_spot,strike,put_cost,share_pnl,put_pnl,pnl,detail,hedge_date
cycle_win,2022-01-03,2022-01-04,72.05,72.83,,0.0,78.00000000000011,0.0,78.00000000000011,target_hit,
cycle_win,2022-01-04,2022-01-04,73.22,73.9522,,0.0,73.2200000000006,0.0,73.2200000000006,target_hit,
cycle_win,2022-01-19,2022-01-20,50.77,52.12,,0.0,134.99999999999943,0.0,134.99999999999943,target_hit,
cycle_win,2022-01-20,2022-01-20,51.2,51.712,,0.0,51.200000000000045,0.0,51.200000000000045,target_hit,
cycle_win,2022-01-20,2022-01-20,51.55,52.0655,,0.0,51.550000000000296,0.0,51.550000000000296,target_hit,
cycle_win,2022-01-20,2022-01-20,52.3,52.823,,0.0,52.300000000000324,0.0,52.300000000000324,target_hit,
cycle_win,2022-02-03,2022-02-04,42.65,43.076499999999996,,0.0,42.64999999999972,0.0,42.64999999999972,target_hit,
cycle_win,2022-02-04,2022-02-04,43.12,43.551199999999994,,0.0,43.11999999999969,0.0,43.11999999999969,target_hit,
cycle_win,2022-02-04,2022-02-04,43.51,43.9451,,0.0,43.50999999999985,0.0,43.50999999999985,target_hit,
cycle_win,2022-02-04,2022-02-04,43.97,44.4097,,0.0,43.9700000000002,0.0,43.9700000000002,target_hit,
cycle_win,2022-02-04,2022-02-07,44.41,44.854099999999995,,0.0,44.40999999999988,0.0,44.40999999999988,target_hit,
cycle_win,2022-02-07,2022-02-07,44.84,45.2884,,0.0,44.83999999999995,0.0,44.83999999999995,target_hit,
cycle_win,2022-02-07,2022-02-08,45.5,45.955,,0.0,45.49999999999983,0.0,45.49999999999983,target_hit,
cycle_win,2022-02-08,2022-02-08,46.06,46.5206,,0.0,46.059999999999945,0.0,46.059999999999945,target_hit,
cycle_win,2022-02-08,2022-02-09,46.69,48.41,,0.0,171.9999999999999,0.0,171.9999999999999,target_hit,
cycle_win,2022-02-09,2022-02-09,47.77,48.2477,,0.0,47.76999999999987,0.0,47.76999999999987,target_hit,
cycle_win,2022-02-09,2022-02-09,47.98,48.459799999999994,,0.0,47.979999999999734,0.0,47.979999999999734,target_hit,
cycle_win,2022-02-09,2022-02-09,48.36,48.8436,,0.0,48.36000000000027,0.0,48.36000000000027,target_hit,
cycle_win,2022-02-09,2022-02-09,49.11,49.6011,,0.0,49.1100000000003,0.0,49.1100000000003,target_hit,
cycle_win,2022-02-09,2022-02-09,49.54,50.0354,,0.0,49.54000000000036,0.0,49.54000000000036,target_hit,
cycle_win,2022-02-09,2022-02-09,50.03,50.530300000000004,,0.0,50.030000000000285,0.0,50.030000000000285,target_hit,
cycle_win,2022-02-09,2022-02-09,50.61,51.1161,,0.0,50.610000000000355,0.0,50.610000000000355,target_hit,
cycle_win,2022-02-09,2022-02-10,51.1,51.611000000000004,,0.0,51.10000000000028,0.0,51.10000000000028,target_hit,
cycle_win,2022-02-10,2022-02-10,51.43,51.9443,,0.0,51.429999999999865,0.0,51.429999999999865,target_hit,
hedged_lot,2022-01-04,2022-02-18,73.9,39.54,50.0,5.75,-2390.000000000001,-575.0,-2965.000000000001,expiry|exercised,2022-01-19
cycle_win,2022-02-25,2022-02-28,41.77,42.18770000000001,,0.0,41.77000000000035,0.0,41.77000000000035,target_hit,
hedged_lot,2022-01-20,2022-03-04,53.14,34.74,42.0,5.45,-1114.0,-545.0,-1659.0,expiry|exercised,2022-02-03
cycle_win,2022-03-14,2022-03-15,27.82,28.45,,0.0,62.9999999999999,0.0,62.9999999999999,target_hit,
cycle_win,2022-03-15,2022-03-15,28.7,28.987,,0.0,28.699999999999903,0.0,28.699999999999903,target_hit,
cycle_win,2022-03-15,2022-03-15,29.2,29.492,,0.0,29.20000000000016,0.0,29.20000000000016,target_hit,
cycle_win,2022-03-15,2022-03-15,29.61,29.9061,,0.0,29.609999999999914,0.0,29.609999999999914,target_hit,
cycle_win,2022-03-15,2022-03-15,30.1,30.401000000000003,,0.0,30.100000000000193,0.0,30.100000000000193,target_hit,
cycle_win,2022-03-15,2022-03-15,30.27,30.5727,,0.0,30.270000000000152,0.0,30.270000000000152,target_hit,
cycle_win,2022-03-15,2022-03-15,30.62,30.9262,,0.0,30.620000000000047,0.0,30.620000000000047,target_hit,
cycle_win,2022-03-15,2022-03-15,30.93,31.2393,,0.0,30.930000000000035,0.0,30.930000000000035,target_hit,
cycle_win,2022-03-15,2022-03-15,31.23,31.5423,,0.0,31.230000000000047,0.0,31.230000000000047,target_hit,
cycle_win,2022-03-15,2022-03-16,31.54,33.03,,0.0,149.0000000000002,0.0,149.0000000000002,target_hit,
cycle_win,2022-03-16,2022-03-16,33.63,33.966300000000004,,0.0,33.63000000000014,0.0,33.63000000000014,target_hit,
cycle_win,2022-03-16,2022-03-16,34.23,34.5723,,0.0,34.23000000000016,0.0,34.23000000000016,target_hit,
cycle_win,2022-03-16,2022-03-16,34.42,34.7642,,0.0,34.42000000000007,0.0,34.42000000000007,target_hit,
cycle_win,2022-03-16,2022-03-16,34.43,34.7743,,0.0,34.429999999999694,0.0,34.429999999999694,target_hit,
cycle_win,2022-03-16,2022-03-16,34.87,35.2187,,0.0,34.87000000000009,0.0,34.87000000000009,target_hit,
cycle_win,2022-03-16,2022-03-16,35.47,35.8247,,0.0,35.47000000000011,0.0,35.47000000000011,target_hit,
cycle_win,2022-03-16,2022-03-16,36.03,36.3903,,0.0,36.03000000000023,0.0,36.03000000000023,target_hit,
cycle_win,2022-03-16,2022-03-17,36.39,36.7539,,0.0,36.3900000000001,0.0,36.3900000000001,target_hit,
cycle_win,2022-03-17,2022-03-18,36.83,37.198299999999996,,0.0,36.829999999999785,0.0,36.829999999999785,target_hit,
cycle_win,2022-03-18,2022-03-18,37.23,37.6023,,0.0,37.230000000000274,0.0,37.230000000000274,target_hit,
cycle_win,2022-03-18,2022-03-18,37.62,37.996199999999995,,0.0,37.61999999999972,0.0,37.61999999999972,target_hit,
cycle_win,2022-03-18,2022-03-18,38.2,38.582,,0.0,38.19999999999979,0.0,38.19999999999979,target_hit,
cycle_win,2022-03-18,2022-03-18,38.38,38.7638,,0.0,38.38000000000008,0.0,38.38000000000008,target_hit,
cycle_win,2022-03-18,2022-03-18,38.73,39.1173,,0.0,38.73000000000033,0.0,38.73000000000033,target_hit,
cycle_win,2022-03-18,2022-03-18,39.2,39.592000000000006,,0.0,39.2000000000003,0.0,39.2000000000003,target_hit,
cycle_win,2022-03-18,2022-03-22,39.66,40.056599999999996,,0.0,39.65999999999994,0.0,39.65999999999994,target_hit,
cycle_win,2022-03-22,2022-03-22,40.05,40.4505,,0.0,40.0500000000001,0.0,40.0500000000001,target_hit,
cycle_win,2022-03-22,2022-03-22,40.41,40.814099999999996,,0.0,40.40999999999997,0.0,40.40999999999997,target_hit,
cycle_win,2022-03-22,2022-03-24,40.65,41.0565,,0.0,40.65000000000012,0.0,40.65000000000012,target_hit,
cycle_win,2022-03-24,2022-03-24,40.99,41.3999,,0.0,40.99000000000004,0.0,40.99000000000004,target_hit,
cycle_win,2022-03-24,2022-03-24,41.39,41.8039,,0.0,41.389999999999816,0.0,41.389999999999816,target_hit,
hedged_lot,2022-02-10,2022-03-25,51.95,41.95,41.5,5.0,-1000.0,-500.0,-1500.0,expiry|put_worthless,2022-02-25
cycle_win,2022-03-24,2022-03-25,41.84,42.2584,,0.0,41.83999999999983,0.0,41.83999999999983,target_hit,
cycle_win,2022-03-25,2022-03-25,41.94,42.3594,,0.0,41.94000000000031,0.0,41.94000000000031,target_hit,
cycle_win,2022-03-25,2022-03-28,42.12,42.541199999999996,,0.0,42.11999999999989,0.0,42.11999999999989,target_hit,
cycle_win,2022-03-28,2022-03-29,42.55,44.84,,0.0,229.00000000000063,0.0,229.00000000000063,target_hit,
cycle_win,2022-04-12,2022-04-13,26.2,26.76,,0.0,56.00000000000023,0.0,56.00000000000023,target_hit,
cycle_win,2022-04-13,2022-04-13,26.43,26.6943,,0.0,26.429999999999865,0.0,26.429999999999865,target_hit,
cycle_win,2022-04-13,2022-04-13,27.14,27.4114,,0.0,27.139999999999986,0.0,27.139999999999986,target_hit,
cycle_win,2022-04-13,2022-04-13,27.4,27.674,,0.0,27.40000000000009,0.0,27.40000000000009,target_hit,
cycle_win,2022-04-13,2022-04-13,27.55,27.8255,,0.0,27.550000000000097,0.0,27.550000000000097,target_hit,
cycle_win,2022-04-13,2022-04-13,27.82,28.098200000000002,,0.0,27.820000000000178,0.0,27.820000000000178,target_hit,
cycle_win,2022-04-13,2022-04-13,28.11,28.391099999999998,,0.0,28.109999999999857,0.0,28.109999999999857,target_hit,
hedged_lot,2022-02-28,2022-04-14,42.0,25.6,27.0,3.95,-1500.0,-395.0,-1895.0,expiry|exercised,2022-03-14
cycle_win,2022-04-13,2022-04-19,28.37,28.6537,,0.0,28.369999999999962,0.0,28.369999999999962,target_hit,
cycle_win,2022-04-19,2022-04-20,28.72,30.07,,0.0,135.00000000000014,0.0,135.00000000000014,target_hit,
hedged_lot,2022-03-29,2022-05-13,45.59,22.55,26.0,3.4,-1959.0,-340.0,-2299.0,expiry|exercised,2022-04-12
cycle_win,2022-05-18,2022-05-19,20.81,21.0181,,0.0,20.810000000000173,0.0,20.810000000000173,target_hit,
cycle_win,2022-05-19,2022-05-19,21.01,21.220100000000002,,0.0,21.010000000000062,0.0,21.010000000000062,target_hit,
cycle_win,2022-05-19,2022-05-19,21.13,21.3413,,0.0,21.130000000000138,0.0,21.130000000000138,target_hit,
cycle_win,2022-05-19,2022-05-19,21.25,21.4625,,0.0,21.249999999999858,0.0,21.249999999999858,target_hit,
cycle_win,2022-05-19,2022-05-19,21.36,21.5736,,0.0,21.359999999999957,0.0,21.359999999999957,target_hit,
cycle_win,2022-05-19,2022-05-19,21.77,21.9877,,0.0,21.770000000000067,0.0,21.770000000000067,target_hit,
cycle_win,2022-05-19,2022-05-26,21.99,22.209899999999998,,0.0,21.98999999999991,0.0,21.98999999999991,target_hit,
cycle_win,2022-05-26,2022-05-26,22.13,22.3513,,0.0,22.12999999999994,0.0,22.12999999999994,target_hit,
cycle_win,2022-05-26,2022-05-26,22.44,22.6644,,0.0,22.439999999999927,0.0,22.439999999999927,target_hit,
cycle_win,2022-05-26,2022-05-27,22.67,23.6,,0.0,92.99999999999997,0.0,92.99999999999997,target_hit,
cycle_win,2022-05-27,2022-05-27,23.94,24.1794,,0.0,23.939999999999984,0.0,23.939999999999984,target_hit,
cycle_win,2022-05-27,2022-05-27,24.19,24.431900000000002,,0.0,24.19000000000011,0.0,24.19000000000011,target_hit,
cycle_win,2022-05-27,2022-05-27,24.5,24.745,,0.0,24.5000000000001,0.0,24.5000000000001,target_hit,
cycle_win,2022-05-27,2022-05-27,24.75,24.9975,,0.0,24.749999999999872,0.0,24.749999999999872,target_hit,
cycle_win,2022-05-27,2022-05-27,25.03,25.2803,,0.0,25.02999999999993,0.0,25.02999999999993,target_hit,
cycle_win,2022-05-27,2022-05-31,25.31,25.5631,,0.0,25.309999999999988,0.0,25.309999999999988,target_hit,
cycle_win,2022-05-31,2022-06-02,25.59,25.8459,,0.0,25.590000000000046,0.0,25.590000000000046,target_hit,
cycle_win,2022-06-02,2022-06-02,25.85,26.108500000000003,,0.0,25.85000000000015,0.0,25.85000000000015,target_hit,
hedged_lot,2022-04-20,2022-06-03,30.68,23.89,28.0,3.5500000000000003,-268.0,-355.0,-623.0,expiry|exercised,2022-05-04
hedged_lot,2022-05-04,2022-06-17,28.04,13.68,20.0,2.79,-804.0,-279.0,-1083.0,expiry|exercised,2022-05-18
cycle_win,2022-06-16,2022-06-17,13.52,13.655199999999999,,0.0,13.519999999999932,0.0,13.519999999999932,target_hit,
cycle_win,2022-06-17,2022-06-17,13.82,13.9582,,0.0,13.819999999999943,0.0,13.819999999999943,target_hit,
cycle_win,2022-06-17,2022-06-17,13.86,13.9986,,0.0,13.860000000000028,0.0,13.860000000000028,target_hit,
cycle_win,2022-06-17,2022-06-21,13.92,14.54,,0.0,61.99999999999992,0.0,61.99999999999992,target_hit,
cycle_win,2022-06-21,2022-06-21,14.75,14.8975,,0.0,14.750000000000085,0.0,14.750000000000085,target_hit,
cycle_win,2022-06-21,2022-06-21,14.81,14.9581,,0.0,14.809999999999945,0.0,14.809999999999945,target_hit,
cycle_win,2022-06-21,2022-06-21,14.96,15.1096,,0.0,14.959999999999951,0.0,14.959999999999951,target_hit,
cycle_win,2022-06-21,2022-06-24,15.29,15.4429,,0.0,15.29000000000007,0.0,15.29000000000007,target_hit,
cycle_win,2022-06-24,2022-06-24,15.54,15.6954,,0.0,15.54000000000002,0.0,15.54000000000002,target_hit,
cycle_win,2022-06-24,2022-06-27,15.7,16.31,,0.0,60.99999999999994,0.0,60.99999999999994,target_hit,
cycle_win,2022-06-27,2022-06-27,15.95,16.1095,,0.0,15.95000000000013,0.0,15.95000000000013,target_hit,
cycle_win,2022-06-27,2022-06-27,16.13,16.2913,,0.0,16.130000000000067,0.0,16.130000000000067,target_hit,
cycle_win,2022-06-27,2022-06-27,16.22,16.382199999999997,,0.0,16.219999999999857,0.0,16.219999999999857,target_hit,
cycle_win,2022-06-27,2022-06-28,16.37,16.5337,,0.0,16.369999999999862,0.0,16.369999999999862,target_hit,
cycle_win,2022-07-13,2022-07-14,13.28,13.412799999999999,,0.0,13.279999999999959,0.0,13.279999999999959,target_hit,
cycle_win,2022-07-14,2022-07-14,13.46,13.594600000000002,,0.0,13.460000000000072,0.0,13.460000000000072,target_hit,
cycle_win,2022-07-14,2022-07-14,13.68,13.8168,,0.0,13.680000000000092,0.0,13.680000000000092,target_hit,
cycle_win,2022-07-14,2022-07-14,13.88,14.0188,,0.0,13.879999999999981,0.0,13.879999999999981,target_hit,
cycle_win,2022-07-14,2022-07-14,14.04,14.180399999999999,,0.0,14.039999999999964,0.0,14.039999999999964,target_hit,
hedged_lot,2022-06-02,2022-07-15,26.09,15.13,13.0,1.79,-1096.0,-179.0,-1275.0,expiry|put_worthless,2022-06-16
cycle_win,2022-07-14,2022-07-15,14.22,14.75,,0.0,52.999999999999936,0.0,52.999999999999936,target_hit,
cycle_win,2022-07-15,2022-07-15,14.48,14.6248,,0.0,14.480000000000004,0.0,14.480000000000004,target_hit,
cycle_win,2022-07-15,2022-07-15,14.6,14.746,,0.0,14.60000000000008,0.0,14.60000000000008,target_hit,
cycle_win,2022-07-15,2022-07-15,14.77,14.9177,,0.0,14.770000000000039,0.0,14.770000000000039,target_hit,
cycle_win,2022-07-15,2022-07-15,14.88,15.0288,,0.0,14.87999999999996,0.0,14.87999999999996,target_hit,
cycle_win,2022-07-15,2022-07-18,15.03,15.83,,0.0,80.00000000000007,0.0,80.00000000000007,target_hit,
cycle_win,2022-07-18,2022-07-18,15.8,15.958,,0.0,15.799999999999947,0.0,15.799999999999947,target_hit,
cycle_win,2022-07-18,2022-07-18,15.91,16.0691,,0.0,15.909999999999869,0.0,15.909999999999869,target_hit,
cycle_win,2022-07-18,2022-07-19,16.14,16.3014,,0.0,16.140000000000043,0.0,16.140000000000043,target_hit,
cycle_win,2022-07-19,2022-07-19,16.33,16.493299999999998,,0.0,16.329999999999956,0.0,16.329999999999956,target_hit,
cycle_win,2022-07-19,2022-07-19,16.5,16.665,,0.0,16.499999999999915,0.0,16.499999999999915,target_hit,
cycle_win,2022-07-19,2022-07-19,16.66,16.8266,,0.0,16.659999999999897,0.0,16.659999999999897,target_hit,
cycle_win,2022-07-19,2022-07-19,16.84,17.0084,,0.0,16.840000000000188,0.0,16.840000000000188,target_hit,
cycle_win,2022-07-19,2022-07-19,17.0,17.17,,0.0,17.00000000000017,0.0,17.00000000000017,target_hit,
cycle_win,2022-07-19,2022-07-20,17.15,17.3215,,0.0,17.150000000000176,0.0,17.150000000000176,target_hit,
cycle_win,2022-07-20,2022-07-20,17.48,17.6548,,0.0,17.480000000000118,0.0,17.480000000000118,target_hit,
cycle_win,2022-07-20,2022-07-20,17.78,17.957800000000002,,0.0,17.78000000000013,0.0,17.78000000000013,target_hit,
cycle_win,2022-07-20,2022-07-20,18.0,18.18,,0.0,17.99999999999997,0.0,17.99999999999997,target_hit,
cycle_win,2022-07-20,2022-07-20,18.14,18.3214,,0.0,18.14,0.0,18.14,target_hit,
cycle_win,2022-07-20,2022-07-21,18.29,18.52,,0.0,23.000000000000043,0.0,23.000000000000043,target_hit,
cycle_win,2022-07-21,2022-07-21,18.43,18.6143,,0.0,18.430000000000035,0.0,18.430000000000035,target_hit,
cycle_win,2022-07-21,2022-07-21,18.26,18.442600000000002,,0.0,18.260000000000076,0.0,18.260000000000076,target_hit,
cycle_win,2022-07-21,2022-07-21,18.5,18.685,,0.0,18.499999999999872,0.0,18.499999999999872,target_hit,
cycle_win,2022-07-21,2022-07-21,18.81,18.998099999999997,,0.0,18.80999999999986,0.0,18.80999999999986,target_hit,
cycle_win,2022-07-21,2022-07-28,19.04,19.2304,,0.0,19.040000000000035,0.0,19.040000000000035,target_hit,
cycle_win,2022-07-28,2022-07-28,19.23,19.4223,,0.0,19.229999999999947,0.0,19.229999999999947,target_hit,
cycle_win,2022-07-28,2022-07-28,19.31,19.5031,,0.0,19.310000000000116,0.0,19.310000000000116,target_hit,
cycle_win,2022-07-28,2022-07-29,19.5,19.695,,0.0,19.50000000000003,0.0,19.50000000000003,target_hit,
cycle_win,2022-07-29,2022-07-29,19.68,19.8768,,0.0,19.679999999999964,0.0,19.679999999999964,target_hit,
cycle_win,2022-07-29,2022-08-01,19.86,20.0586,,0.0,19.8599999999999,0.0,19.8599999999999,target_hit,
cycle_win,2022-08-01,2022-08-01,20.17,20.3717,,0.0,20.169999999999888,0.0,20.169999999999888,target_hit,
cycle_win,2022-08-01,2022-08-01,20.36,20.5636,,0.0,20.360000000000156,0.0,20.360000000000156,target_hit,
cycle_win,2022-08-01,2022-08-02,20.47,20.674699999999998,,0.0,20.4699999999999,0.0,20.4699999999999,target_hit,
cycle_win,2022-08-02,2022-08-03,20.71,20.9171,,0.0,20.71000000000005,0.0,20.71000000000005,target_hit,
cycle_win,2022-08-03,2022-08-03,20.88,21.0888,,0.0,20.88000000000001,0.0,20.88000000000001,target_hit,
cycle_win,2022-08-03,2022-08-03,21.08,21.290799999999997,,0.0,21.0799999999999,0.0,21.0799999999999,target_hit,
cycle_win,2022-08-03,2022-08-03,21.32,21.5332,,0.0,21.32000000000005,0.0,21.32000000000005,target_hit,
cycle_win,2022-08-03,2022-08-04,21.56,21.775599999999997,,0.0,21.559999999999846,0.0,21.559999999999846,target_hit,
cycle_win,2022-08-04,2022-08-04,21.91,22.1291,,0.0,21.910000000000096,0.0,21.910000000000096,target_hit,
hedged_lot,2022-06-28,2022-08-12,16.54,21.6,13.0,1.68,506.0,-168.0,338.0,expiry|put_worthless,2022-07-13
cycle_win,2022-09-01,2022-09-02,13.21,13.84,,0.0,62.9999999999999,0.0,62.9999999999999,target_hit,
cycle_win,2022-09-02,2022-09-02,13.33,13.4633,,0.0,13.33000000000002,0.0,13.33000000000002,target_hit,
cycle_win,2022-09-02,2022-09-02,13.41,13.5441,,0.0,13.41000000000001,0.0,13.41000000000001,target_hit,
cycle_win,2022-09-02,2022-09-02,13.46,13.594600000000002,,0.0,13.460000000000072,0.0,13.460000000000072,target_hit,
cycle_win,2022-09-02,2022-09-02,13.66,13.7966,,0.0,13.659999999999961,0.0,13.659999999999961,target_hit,
cycle_win,2022-09-02,2022-09-02,13.75,13.8875,,0.0,13.749999999999929,0.0,13.749999999999929,target_hit,
cycle_win,2022-09-02,2022-09-02,14.0,14.14,,0.0,14.000000000000057,0.0,14.000000000000057,target_hit,
cycle_win,2022-09-02,2022-09-09,14.09,14.26,,0.0,16.999999999999993,0.0,16.999999999999993,target_hit,
cycle_win,2022-09-09,2022-09-09,14.5,14.645,,0.0,14.499999999999957,0.0,14.499999999999957,target_hit,
cycle_win,2022-09-09,2022-09-09,14.66,14.8066,,0.0,14.65999999999994,0.0,14.65999999999994,target_hit,
cycle_win,2022-09-09,2022-09-12,14.81,14.9581,,0.0,14.809999999999945,0.0,14.809999999999945,target_hit,
cycle_win,2022-09-12,2022-09-12,14.67,14.8167,,0.0,14.670000000000094,0.0,14.670000000000094,target_hit,
cycle_win,2022-09-12,2022-09-12,14.78,14.9278,,0.0,14.780000000000015,0.0,14.780000000000015,target_hit,
hedged_lot,2022-08-04,2022-09-16,22.14,12.06,20.0,1.83,-214.0,-183.0,-397.0,expiry|exercised,2022-08-18
cycle_win,2022-09-26,2022-09-27,9.53,10.04,,0.0,50.99999999999998,0.0,50.99999999999998,target_hit,
cycle_win,2022-09-27,2022-09-28,10.24,10.3424,,0.0,10.239999999999938,0.0,10.239999999999938,target_hit,
hedged_lot,2022-08-18,2022-09-30,20.92,8.77,13.0,1.72,-792.0,-172.0,-964.0,expiry|exercised,2022-09-01
cycle_win,2022-09-28,2022-10-04,10.28,10.58,,0.0,30.00000000000007,0.0,30.00000000000007,target_hit,
cycle_win,2022-10-04,2022-10-04,10.58,10.6858,,0.0,10.580000000000034,0.0,10.580000000000034,target_hit,
cycle_win,2022-10-04,2022-10-04,10.76,10.8676,,0.0,10.75999999999997,0.0,10.75999999999997,target_hit,
cycle_win,2022-10-04,2022-10-04,10.98,11.0898,,0.0,10.97999999999999,0.0,10.97999999999999,target_hit,
cycle_win,2022-10-04,2022-10-05,11.03,11.1403,,0.0,11.03000000000005,0.0,11.03000000000005,target_hit,
cycle_win,2022-10-05,2022-10-05,11.17,11.2817,,0.0,11.17000000000008,0.0,11.17000000000008,target_hit,
cycle_win,2022-10-05,2022-10-05,11.28,11.3928,,0.0,11.280000000000001,0.0,11.280000000000001,target_hit,
cycle_win,2022-10-05,2022-10-05,11.36,11.4736,,0.0,11.359999999999992,0.0,11.359999999999992,target_hit,
cycle_win,2022-10-05,2022-10-05,11.53,11.645299999999999,,0.0,11.529999999999951,0.0,11.529999999999951,target_hit,
cycle_win,2022-10-05,2022-10-06,11.63,11.746300000000002,,0.0,11.630000000000074,0.0,11.630000000000074,target_hit,
cycle_win,2022-10-06,2022-10-06,11.75,11.8675,,0.0,11.749999999999972,0.0,11.749999999999972,target_hit,
cycle_win,2022-10-20,2022-10-21,7.73,7.807300000000001,,0.0,7.730000000000015,0.0,7.730000000000015,target_hit,
cycle_win,2022-10-21,2022-10-21,7.9,7.979,,0.0,7.899999999999974,0.0,7.899999999999974,target_hit,
cycle_win,2022-10-21,2022-10-21,8.0,8.08,,0.0,8.000000000000007,0.0,8.000000000000007,target_hit,
cycle_win,2022-10-21,2022-10-21,8.13,8.211300000000001,,0.0,8.13000000000006,0.0,8.13000000000006,target_hit,
cycle_win,2022-10-21,2022-10-21,8.2,8.282,,0.0,8.200000000000074,0.0,8.200000000000074,target_hit,
cycle_win,2022-10-21,2022-10-21,8.34,8.423399999999999,,0.0,8.339999999999925,0.0,8.339999999999925,target_hit,
cycle_win,2022-10-21,2022-10-21,8.45,8.5345,,0.0,8.450000000000024,0.0,8.450000000000024,target_hit,
cycle_win,2022-10-21,2022-10-24,8.57,8.6557,,0.0,8.569999999999922,0.0,8.569999999999922,target_hit,
cycle_win,2022-10-24,2022-10-24,8.49,8.5749,,0.0,8.489999999999931,0.0,8.489999999999931,target_hit,
cycle_win,2022-10-24,2022-10-24,8.65,8.736500000000001,,0.0,8.650000000000091,0.0,8.650000000000091,target_hit,
cycle_win,2022-10-24,2022-10-24,8.53,8.6153,,0.0,8.530000000000015,0.0,8.530000000000015,target_hit,
cycle_win,2022-10-24,2022-10-24,8.6,8.686,,0.0,8.60000000000003,0.0,8.60000000000003,target_hit,
cycle_win,2022-10-24,2022-10-24,8.7,8.786999999999999,,0.0,8.699999999999974,0.0,8.699999999999974,target_hit,
cycle_win,2022-10-24,2022-10-25,8.75,8.8375,,0.0,8.750000000000036,0.0,8.750000000000036,target_hit,
cycle_win,2022-10-25,2022-10-25,8.92,9.0092,,0.0,8.919999999999995,0.0,8.919999999999995,target_hit,
cycle_win,2022-10-25,2022-10-25,9.0,9.09,,0.0,8.999999999999986,0.0,8.999999999999986,target_hit,
cycle_win,2022-10-25,2022-10-25,9.13,9.221300000000001,,0.0,9.130000000000038,0.0,9.130000000000038,target_hit,
cycle_win,2022-10-25,2022-10-25,9.34,9.4334,,0.0,9.340000000000082,0.0,9.340000000000082,target_hit,
cycle_win,2022-10-25,2022-10-26,9.44,9.5344,,0.0,9.440000000000026,0.0,9.440000000000026,target_hit,
cycle_win,2022-10-26,2022-10-26,9.52,9.6152,,0.0,9.520000000000017,0.0,9.520000000000017,target_hit,
hedged_lot,2022-09-12,2022-10-28,14.96,9.52,9.5,1.46,-544.0,-145.0,-689.0,expiry|put_sold,2022-09-26
cycle_win,2022-10-26,2022-11-02,9.62,9.716199999999999,,0.0,9.619999999999962,0.0,9.619999999999962,target_hit,
cycle_win,2022-11-02,2022-11-08,9.71,10.11,,0.0,39.99999999999986,0.0,39.99999999999986,target_hit,
cycle_win,2022-11-08,2022-11-08,10.17,10.2717,,0.0,10.169999999999924,0.0,10.169999999999924,target_hit,
cycle_win,2022-11-08,2022-11-08,10.29,10.3929,,0.0,10.29,0.0,10.29,target_hit,
cycle_win,2022-11-08,2022-11-08,10.36,10.4636,,0.0,10.360000000000014,0.0,10.360000000000014,target_hit,
cycle_win,2022-11-08,2022-11-10,10.51,10.8,,0.0,29.000000000000092,0.0,29.000000000000092,target_hit,
cycle_win,2022-11-10,2022-11-10,10.78,10.887799999999999,,0.0,10.779999999999923,0.0,10.779999999999923,target_hit,
cycle_win,2022-11-10,2022-11-10,10.78,10.887799999999999,,0.0,10.779999999999923,0.0,10.779999999999923,target_hit,
cycle_win,2022-11-10,2022-11-10,11.01,11.1201,,0.0,11.010000000000097,0.0,11.010000000000097,target_hit,
cycle_win,2022-11-10,2022-11-10,11.12,11.2312,,0.0,11.120000000000019,0.0,11.120000000000019,target_hit,
cycle_win,2022-11-10,2022-11-10,11.25,11.3625,,0.0,11.250000000000071,0.0,11.250000000000071,target_hit,
cycle_win,2022-11-10,2022-11-10,11.4,11.514000000000001,,0.0,11.400000000000077,0.0,11.400000000000077,target_hit,
cycle_win,2022-11-10,2022-11-10,11.61,11.726099999999999,,0.0,11.609999999999943,0.0,11.609999999999943,target_hit,
cycle_win,2022-11-10,2022-11-10,11.71,11.827100000000002,,0.0,11.710000000000065,0.0,11.710000000000065,target_hit,
cycle_win,2022-11-10,2022-11-10,11.89,12.0089,,0.0,11.89,0.0,11.89,target_hit,
cycle_win,2022-11-10,2022-11-10,12.04,12.1604,,0.0,12.040000000000006,0.0,12.040000000000006,target_hit,
cycle_win,2022-11-10,2022-11-11,12.11,12.28,,0.0,16.999999999999993,0.0,16.999999999999993,target_hit,
cycle_win,2022-11-11,2022-11-11,11.96,12.079600000000001,,0.0,11.960000000000015,0.0,11.960000000000015,target_hit,
cycle_win,2022-11-11,2022-11-11,12.28,12.4028,,0.0,12.27999999999998,0.0,12.27999999999998,target_hit,
cycle_win,2022-11-11,2022-11-11,12.48,12.604800000000001,,0.0,12.480000000000047,0.0,12.480000000000047,target_hit,
cycle_win,2022-11-11,2022-11-11,12.51,12.6351,,0.0,12.509999999999977,0.0,12.509999999999977,target_hit,
cycle_win,2022-11-11,2022-11-11,12.68,12.806799999999999,,0.0,12.679999999999936,0.0,12.679999999999936,target_hit,
cycle_win,2022-11-11,2022-11-11,12.75,12.8775,,0.0,12.74999999999995,0.0,12.74999999999995,target_hit,
cycle_win,2022-11-11,2022-11-11,12.86,12.9886,,0.0,12.86000000000005,0.0,12.86000000000005,target_hit,
cycle_win,2022-11-11,2022-11-11,12.92,13.0492,,0.0,12.920000000000087,0.0,12.920000000000087,target_hit,
cycle_win,2022-11-11,2022-11-11,13.08,13.2108,,0.0,13.08000000000007,0.0,13.08000000000007,target_hit,
cycle_win,2022-11-11,2022-11-11,13.24,13.3724,,0.0,13.240000000000052,0.0,13.240000000000052,target_hit,
cycle_win,2022-11-11,2022-11-15,13.38,14.34,,0.0,95.99999999999991,0.0,95.99999999999991,target_hit,
cycle_win,2022-11-15,2022-11-15,14.15,14.291500000000001,,0.0,14.150000000000063,0.0,14.150000000000063,target_hit,
hedged_lot,2022-10-06,2022-11-18,11.87,12.5,7.0,0.8200000000000001,63.0,-82.0,-19.0,expiry|put_worthless,2022-10-20
cycle_win,2022-11-30,2022-12-01,13.85,14.08,,0.0,23.000000000000043,0.0,23.000000000000043,target_hit,
cycle_win,2022-12-01,2022-12-01,13.95,14.0895,,0.0,13.949999999999996,0.0,13.949999999999996,target_hit,
cycle_win,2022-12-01,2022-12-01,13.8,13.938,,0.0,13.79999999999999,0.0,13.79999999999999,target_hit,
cycle_win,2022-12-01,2022-12-13,13.86,14.72,,0.0,86.00000000000011,0.0,86.00000000000011,target_hit,
cycle_win,2022-12-13,2022-12-13,14.33,14.4733,,0.0,14.329999999999998,0.0,14.329999999999998,target_hit,
cycle_win,2022-12-28,2022-12-29,8.86,9.28,,0.0,41.99999999999999,0.0,41.99999999999999,target_hit,
cycle_win,2022-12-29,2022-12-29,9.29,9.3829,,0.0,9.29000000000002,0.0,9.29000000000002,target_hit,
cycle_win,2022-12-29,2022-12-29,9.36,9.4536,,0.0,9.360000000000035,0.0,9.360000000000035,target_hit,
cycle_win,2022-12-29,2022-12-29,9.49,9.584900000000001,,0.0,9.490000000000087,0.0,9.490000000000087,target_hit,
cycle_win,2022-12-29,2022-12-29,9.6,9.696,,0.0,9.600000000000009,0.0,9.600000000000009,target_hit,
cycle_win,2022-12-29,2022-12-29,9.7,9.796999999999999,,0.0,9.699999999999953,0.0,9.699999999999953,target_hit,
hedged_lot,2022-11-15,2022-12-30,14.33,9.68,13.5,1.43,-83.0,-143.0,-226.0,expiry|exercised,2022-11-30
cycle_win,2022-12-29,2023-01-03,9.77,10.17,,0.0,40.000000000000036,0.0,40.000000000000036,target_hit,
cycle_win,2023-01-03,2023-01-03,10.01,10.1101,,0.0,10.009999999999941,0.0,10.009999999999941,target_hit,
cycle_win,2023-01-03,2023-01-04,9.96,10.059600000000001,,0.0,9.960000000000058,0.0,9.960000000000058,target_hit,
cycle_win,2023-01-04,2023-01-04,10.1,10.201,,0.0,10.100000000000087,0.0,10.100000000000087,target_hit,
cycle_win,2023-01-04,2023-01-06,10.2,10.302,,0.0,10.200000000000031,0.0,10.200000000000031,target_hit,
cycle_win,2023-01-06,2023-01-06,10.33,10.433300000000001,,0.0,10.330000000000084,0.0,10.330000000000084,target_hit,
cycle_win,2023-01-06,2023-01-06,10.49,10.5949,,0.0,10.490000000000066,0.0,10.490000000000066,target_hit,
cycle_win,2023-01-06,2023-01-06,10.59,10.6959,,0.0,10.59000000000001,0.0,10.59000000000001,target_hit,
cycle_win,2023-01-06,2023-01-06,10.75,10.8575,,0.0,10.749999999999993,0.0,10.749999999999993,target_hit,
cycle_win,2023-01-06,2023-01-06,10.86,10.9686,,0.0,10.860000000000092,0.0,10.860000000000092,target_hit,
cycle_win,2023-01-06,2023-01-09,10.99,11.53,,0.0,53.999999999999915,0.0,53.999999999999915,target_hit,
cycle_win,2023-01-09,2023-01-09,11.38,11.4938,,0.0,11.379999999999946,0.0,11.379999999999946,target_hit,
cycle_win,2023-01-09,2023-01-09,11.56,11.675600000000001,,0.0,11.56000000000006,0.0,11.56000000000006,target_hit,
cycle_win,2023-01-09,2023-01-09,11.81,11.9281,,0.0,11.81000000000001,0.0,11.81000000000001,target_hit,
cycle_win,2023-01-09,2023-01-09,11.9,12.019,,0.0,11.899999999999977,0.0,11.899999999999977,target_hit,
cycle_win,2023-01-09,2023-01-09,12.01,12.1301,,0.0,12.010000000000076,0.0,12.010000000000076,target_hit,
cycle_win,2023-01-09,2023-01-09,12.1,12.221,,0.0,12.100000000000044,0.0,12.100000000000044,target_hit,
cycle_win,2023-01-09,2023-01-11,12.25,12.3725,,0.0,12.25000000000005,0.0,12.25000000000005,target_hit,
cycle_win,2023-01-11,2023-01-12,12.42,12.59,,0.0,16.999999999999993,0.0,16.999999999999993,target_hit,
cycle_win,2023-01-12,2023-01-12,12.55,12.675500000000001,,0.0,12.550000000000061,0.0,12.550000000000061,target_hit,
cycle_win,2023-01-12,2023-01-12,12.65,12.7765,,0.0,12.650000000000006,0.0,12.650000000000006,target_hit,
cycle_win,2023-01-12,2023-01-12,12.78,12.9078,,0.0,12.780000000000058,0.0,12.780000000000058,target_hit,
cycle_win,2023-01-12,2023-01-12,12.91,13.0391,,0.0,12.909999999999933,0.0,12.909999999999933,target_hit,
cycle_win,2023-01-12,2023-01-17,13.02,13.1502,,0.0,13.020000000000032,0.0,13.020000000000032,target_hit,
cycle_win,2023-01-17,2023-01-17,13.11,13.2411,,0.0,13.11,0.0,13.11,target_hit,
cycle_win,2023-01-17,2023-01-18,13.36,13.493599999999999,,0.0,13.35999999999995,0.0,13.35999999999995,target_hit,
cycle_win,2023-01-18,2023-01-23,13.66,13.7966,,0.0,13.659999999999961,0.0,13.659999999999961,target_hit,
cycle_win,2023-01-23,2023-01-23,13.86,13.9986,,0.0,13.860000000000028,0.0,13.860000000000028,target_hit,
cycle_win,2023-01-23,2023-01-23,14.03,14.1703,,0.0,14.029999999999987,0.0,14.029999999999987,target_hit,
cycle_win,2023-01-23,2023-01-23,14.09,14.2309,,0.0,14.090000000000025,0.0,14.090000000000025,target_hit,
cycle_win,2023-01-23,2023-01-23,14.23,14.372300000000001,,0.0,14.230000000000054,0.0,14.230000000000054,target_hit,
cycle_win,2023-01-23,2023-01-23,14.44,14.5844,,0.0,14.440000000000097,0.0,14.440000000000097,target_hit,
cycle_win,2023-01-23,2023-01-23,14.58,14.7258,,0.0,14.579999999999949,0.0,14.579999999999949,target_hit,
cycle_win,2023-01-23,2023-01-23,14.67,14.8167,,0.0,14.670000000000094,0.0,14.670000000000094,target_hit,
cycle_win,2023-01-23,2023-01-26,14.85,15.02,,0.0,16.999999999999993,0.0,16.999999999999993,target_hit,
cycle_win,2023-01-26,2023-01-26,15.05,15.200500000000002,,0.0,15.050000000000097,0.0,15.050000000000097,target_hit,
hedged_lot,2022-12-13,2023-01-27,14.79,14.96,8.5,0.93,17.0,-93.0,-76.0,expiry|put_worthless,2022-12-28
cycle_win,2023-01-26,2023-01-27,15.18,15.3318,,0.0,15.179999999999971,0.0,15.179999999999971,target_hit,
cycle_win,2023-01-27,2023-02-01,15.32,15.4732,,0.0,15.32,0.0,15.32,target_hit,
cycle_win,2023-02-01,2023-02-01,15.54,15.6954,,0.0,15.54000000000002,0.0,15.54000000000002,target_hit,
cycle_win,2023-02-01,2023-02-01,15.62,15.7762,,0.0,15.620000000000012,0.0,15.620000000000012,target_hit,
cycle_win,2023-02-01,2023-02-01,15.95,16.1095,,0.0,15.95000000000013,0.0,15.95000000000013,target_hit,
cycle_win,2023-02-01,2023-02-01,16.25,16.4125,,0.0,16.250000000000142,0.0,16.250000000000142,target_hit,
cycle_win,2023-02-01,2023-02-01,16.39,16.553900000000002,,0.0,16.39000000000017,0.0,16.39000000000017,target_hit,
cycle_win,2023-02-01,2023-02-01,16.48,16.6448,,0.0,16.47999999999996,0.0,16.47999999999996,target_hit,
cycle_win,2023-02-01,2023-02-01,16.66,16.8266,,0.0,16.659999999999897,0.0,16.659999999999897,target_hit,
cycle_win,2023-02-01,2023-02-01,16.92,17.0892,,0.0,16.92,0.0,16.92,target_hit,
cycle_win,2023-02-01,2023-02-02,17.21,17.3821,,0.0,17.210000000000036,0.0,17.210000000000036,target_hit,
cycle_win,2023-02-02,2023-02-02,17.32,17.4932,,0.0,17.320000000000135,0.0,17.320000000000135,target_hit,
cycle_win,2023-02-02,2023-02-02,17.53,17.7053,,0.0,17.53,0.0,17.53,target_hit,
cycle_win,2023-02-02,2023-02-02,17.65,17.8265,,0.0,17.650000000000077,0.0,17.650000000000077,target_hit,
cycle_win,2023-02-02,2023-02-02,17.77,17.9477,,0.0,17.770000000000152,0.0,17.770000000000152,target_hit,
cycle_win,2023-02-02,2023-02-02,17.95,18.1295,,0.0,17.950000000000088,0.0,17.950000000000088,target_hit,
cycle_win,2023-02-02,2023-02-02,18.12,18.3012,,0.0,18.120000000000047,0.0,18.120000000000047,target_hit,
cycle_win,2023-03-03,2023-03-06,15.69,15.8469,,0.0,15.690000000000026,0.0,15.690000000000026,target_hit,
cycle_win,2023-03-06,2023-03-06,15.79,15.947899999999999,,0.0,15.78999999999997,0.0,15.78999999999997,target_hit,
cycle_win,2023-03-06,2023-03-06,16.01,16.1701,,0.0,16.00999999999999,0.0,16.00999999999999,target_hit,
cycle_win,2023-03-06,2023-03-09,16.23,16.392300000000002,,0.0,16.23000000000019,0.0,16.23000000000019,target_hit,
cycle_win,2023-03-09,2023-03-09,16.37,16.5337,,0.0,16.369999999999862,0.0,16.369999999999862,target_hit,
hedged_lot,2023-02-02,2023-03-17,18.37,16.11,16.0,1.63,-226.0,-161.0,-387.0,expiry|put_sold,2023-02-16
cycle_win,2023-03-09,2023-03-17,16.37,16.5337,,0.0,16.369999999999862,0.0,16.369999999999862,target_hit,
cycle_win,2023-03-17,2023-03-17,16.7,16.867,,0.0,16.70000000000016,0.0,16.70000000000016,target_hit,
cycle_win,2023-03-17,2023-03-21,16.86,17.0286,,0.0,16.86000000000014,0.0,16.86000000000014,target_hit,
cycle_win,2023-03-21,2023-03-21,17.14,17.3114,,0.0,17.139999999999844,0.0,17.139999999999844,target_hit,
cycle_win,2023-03-21,2023-03-22,17.38,17.5538,,0.0,17.379999999999995,0.0,17.379999999999995,target_hit,
cycle_win,2023-03-22,2023-03-22,17.47,17.6447,,0.0,17.47000000000014,0.0,17.47000000000014,target_hit,
cycle_win,2023-03-22,2023-03-22,17.47,17.6447,,0.0,17.47000000000014,0.0,17.47000000000014,target_hit,
cycle_win,2023-03-22,2023-03-22,17.67,17.846700000000002,,0.0,17.67000000000003,0.0,17.67000000000003,target_hit,
cycle_win,2023-03-22,2023-03-23,17.89,18.0689,,0.0,17.889999999999873,0.0,17.889999999999873,target_hit,
cycle_win,2023-03-23,2023-03-30,18.1,18.281000000000002,,0.0,18.100000000000094,0.0,18.100000000000094,target_hit,
hedged_lot,2023-02-16,2023-03-31,16.28,18.28,15.5,1.49,200.0,-149.0,51.0,expiry|put_worthless,2023-03-03
cycle_win,2023-04-14,2023-04-18,15.58,16.02,,0.0,43.99999999999995,0.0,43.99999999999995,target_hit,
cycle_win,2023-04-18,2023-04-18,16.06,16.220599999999997,,0.0,16.059999999999874,0.0,16.059999999999874,target_hit,
cycle_win,2023-05-02,2023-05-03,14.33,14.4733,,0.0,14.329999999999998,0.0,14.329999999999998,target_hit,
cycle_win,2023-05-03,2023-05-03,14.45,14.5945,,0.0,14.450000000000074,0.0,14.450000000000074,target_hit,
cycle_win,2023-05-03,2023-05-05,14.4,14.544,,0.0,14.400000000000013,0.0,14.400000000000013,target_hit,
hedged_lot,2023-03-30,2023-05-12,18.23,14.01,15.5,1.43,-273.0,-143.0,-416.0,expiry|exercised,2023-04-14
cycle_win,2023-05-05,2023-05-15,14.58,14.7258,,0.0,14.579999999999949,0.0,14.579999999999949,target_hit,
cycle_win,2023-05-15,2023-05-15,14.74,14.8874,,0.0,14.739999999999931,0.0,14.739999999999931,target_hit,
cycle_win,2023-05-15,2023-05-15,14.87,15.018699999999999,,0.0,14.869999999999983,0.0,14.869999999999983,target_hit,
cycle_win,2023-05-15,2023-05-16,15.03,15.180299999999999,,0.0,15.029999999999966,0.0,15.029999999999966,target_hit,
cycle_win,2023-05-16,2023-05-16,15.18,15.3318,,0.0,15.179999999999971,0.0,15.179999999999971,target_hit,
cycle_win,2023-05-16,2023-05-16,15.41,15.5641,,0.0,15.409999999999968,0.0,15.409999999999968,target_hit,
cycle_win,2023-05-16,2023-05-17,15.54,15.6954,,0.0,15.54000000000002,0.0,15.54000000000002,target_hit,
cycle_win,2023-05-17,2023-05-17,15.73,15.8873,,0.0,15.729999999999933,0.0,15.729999999999933,target_hit,
cycle_win,2023-05-17,2023-05-17,15.93,16.0893,,0.0,15.930000000000177,0.0,15.930000000000177,target_hit,
cycle_win,2023-05-17,2023-05-17,16.14,16.3014,,0.0,16.140000000000043,0.0,16.140000000000043,target_hit,
cycle_win,2023-05-17,2023-05-18,16.28,16.442800000000002,,0.0,16.280000000000072,0.0,16.280000000000072,target_hit,
cycle_win,2023-05-18,2023-05-18,16.53,16.6953,,0.0,16.529999999999845,0.0,16.529999999999845,target_hit,
cycle_win,2023-05-18,2023-05-18,16.81,16.978099999999998,,0.0,16.809999999999903,0.0,16.809999999999903,target_hit,
cycle_win,2023-05-18,2023-05-18,17.03,17.200300000000002,,0.0,17.0300000000001,0.0,17.0300000000001,target_hit,
cycle_win,2023-05-18,2023-05-18,17.21,17.3821,,0.0,17.210000000000036,0.0,17.210000000000036,target_hit,
cycle_win,2023-05-18,2023-05-18,17.43,17.6043,,0.0,17.42999999999988,0.0,17.42999999999988,target_hit,
cycle_win,2023-05-18,2023-05-18,17.58,17.755799999999997,,0.0,17.579999999999885,0.0,17.579999999999885,target_hit,
cycle_win,2023-05-18,2023-05-25,17.7,18.16,,0.0,46.000000000000085,0.0,46.000000000000085,target_hit,
cycle_win,2023-05-25,2023-05-25,18.09,18.2709,,0.0,18.090000000000117,0.0,18.090000000000117,target_hit,
cycle_win,2023-05-25,2023-05-25,18.34,18.5234,,0.0,18.33999999999989,0.0,18.33999999999989,target_hit,
cycle_win,2023-05-25,2023-05-25,18.57,18.7557,,0.0,18.570000000000064,0.0,18.570000000000064,target_hit,
cycle_win,2023-05-25,2023-05-25,18.75,18.9375,,0.0,18.75,0.0,18.75,target_hit,
cycle_win,2023-05-25,2023-05-25,18.89,19.0789,,0.0,18.89000000000003,0.0,18.89000000000003,target_hit,
cycle_win,2023-05-25,2023-05-25,19.11,19.301099999999998,,0.0,19.10999999999987,0.0,19.10999999999987,target_hit,
cycle_win,2023-05-25,2023-05-26,19.32,20.05,,0.0,73.00000000000004,0.0,73.00000000000004,target_hit,
cycle_win,2023-05-26,2023-05-26,20.18,20.3818,,0.0,20.179999999999865,0.0,20.179999999999865,target_hit,
cycle_win,2023-05-26,2023-05-26,20.48,20.6848,,0.0,20.479999999999876,0.0,20.479999999999876,target_hit,
cycle_win,2023-05-26,2023-05-26,20.66,20.866600000000002,,0.0,20.660000000000167,0.0,20.660000000000167,target_hit,
cycle_win,2023-05-26,2023-05-26,20.93,21.1393,,0.0,20.929999999999893,0.0,20.929999999999893,target_hit,
cycle_win,2023-05-26,2023-05-26,21.28,21.492800000000003,,0.0,21.280000000000143,0.0,21.280000000000143,target_hit,
cycle_win,2023-05-26,2023-05-26,21.57,21.785700000000002,,0.0,21.570000000000178,0.0,21.570000000000178,target_hit,
cycle_win,2023-05-26,2023-05-26,21.79,22.0079,,0.0,21.79000000000002,0.0,21.79000000000002,target_hit,
cycle_win,2023-05-26,2023-05-26,22.08,22.3008,,0.0,22.080000000000055,0.0,22.080000000000055,target_hit,
cycle_win,2023-05-26,2023-05-26,22.39,22.6139,,0.0,22.390000000000043,0.0,22.390000000000043,target_hit,
cycle_win,2023-05-26,2023-05-26,22.52,22.7452,,0.0,22.520000000000095,0.0,22.520000000000095,target_hit,
cycle_win,2023-05-26,2023-05-26,22.83,23.0583,,0.0,22.830000000000084,0.0,22.830000000000084,target_hit,
cycle_win,2023-05-26,2023-05-30,23.16,24.57,,0.0,141.0,0.0,141.0,target_hit,
cycle_win,2023-05-30,2023-05-30,24.48,24.724800000000002,,0.0,24.480000000000146,0.0,24.480000000000146,target_hit,
hedged_lot,2023-04-18,2023-06-02,16.21,22.02,14.0,1.19,581.0,-119.0,462.0,expiry|put_worthless,2023-05-02
cycle_win,2023-05-30,2023-06-13,24.61,25.79,,0.0,117.99999999999997,0.0,117.99999999999997,target_hit,
cycle_win,2023-06-13,2023-06-14,25.86,26.1186,,0.0,25.860000000000127,0.0,25.860000000000127,target_hit,
cycle_win,2023-06-14,2023-06-14,26.22,26.4822,,0.0,26.22,0.0,26.22,target_hit,
cycle_win,2023-06-29,2023-06-30,23.82,24.58,,0.0,75.9999999999998,0.0,75.9999999999998,target_hit,
cycle_win,2023-06-30,2023-06-30,24.37,24.6137,,0.0,24.370000000000047,0.0,24.370000000000047,target_hit,
cycle_win,2023-06-30,2023-06-30,24.74,24.987399999999997,,0.0,24.739999999999895,0.0,24.739999999999895,target_hit,
cycle_win,2023-06-30,2023-07-03,24.96,25.26,,0.0,30.00000000000007,0.0,30.00000000000007,target_hit,
cycle_win,2023-07-03,2023-07-13,25.69,26.51,,0.0,82.00000000000003,0.0,82.00000000000003,target_hit,
cycle_win,2023-07-13,2023-07-13,26.44,26.704400000000003,,0.0,26.440000000000197,0.0,26.440000000000197,target_hit,
cycle_win,2023-07-13,2023-07-13,26.73,26.9973,,0.0,26.729999999999876,0.0,26.729999999999876,target_hit,
cycle_win,2023-07-13,2023-07-13,26.98,27.2498,,0.0,26.980000000000004,0.0,26.980000000000004,target_hit,
cycle_win,2023-07-13,2023-07-14,27.29,27.5629,,0.0,27.289999999999992,0.0,27.289999999999992,target_hit,
cycle_win,2023-07-14,2023-07-14,27.62,27.8962,,0.0,27.619999999999933,0.0,27.619999999999933,target_hit,
cycle_win,2023-07-14,2023-07-17,27.87,28.1487,,0.0,27.87000000000006,0.0,27.87000000000006,target_hit,
cycle_win,2023-07-17,2023-07-17,28.1,28.381,,0.0,28.09999999999988,0.0,28.09999999999988,target_hit,
hedged_lot,2023-06-14,2023-07-28,26.64,28.17,23.5,1.88,153.0,-188.0,-35.0,expiry|put_worthless,2023-06-29
cycle_win,2023-07-17,2023-07-31,28.44,28.724400000000003,,0.0,28.440000000000154,0.0,28.440000000000154,target_hit,
cycle_win,2023-08-14,2023-08-24,22.94,23.89,,0.0,94.99999999999993,0.0,94.99999999999993,target_hit,
cycle_win,2023-08-24,2023-08-30,23.21,23.4421,,0.0,23.20999999999991,0.0,23.20999999999991,target_hit,
cycle_win,2023-08-30,2023-08-31,23.53,23.7653,,0.0,23.529999999999873,0.0,23.529999999999873,target_hit,
cycle_win,2023-08-31,2023-08-31,23.74,23.9774,,0.0,23.740000000000094,0.0,23.740000000000094,target_hit,
cycle_win,2023-08-31,2023-08-31,24.01,24.250100000000003,,0.0,24.010000000000176,0.0,24.010000000000176,target_hit,
cycle_win,2023-08-31,2023-09-01,24.17,24.411700000000003,,0.0,24.170000000000158,0.0,24.170000000000158,target_hit,
hedged_lot,2023-07-31,2023-09-15,28.49,19.74,22.0,1.78,-649.0,-178.0,-827.0,expiry|exercised,2023-08-14
cycle_win,2023-10-02,2023-10-03,19.12,19.3112,,0.0,19.11999999999985,0.0,19.11999999999985,target_hit,
cycle_win,2023-10-03,2023-10-06,19.34,19.5334,,0.0,19.340000000000046,0.0,19.340000000000046,target_hit,
cycle_win,2023-10-06,2023-10-06,19.5,19.695,,0.0,19.50000000000003,0.0,19.50000000000003,target_hit,
cycle_win,2023-10-06,2023-10-10,19.75,19.9475,,0.0,19.750000000000156,0.0,19.750000000000156,target_hit,
cycle_win,2023-10-10,2023-10-10,19.97,20.1697,,0.0,19.97,0.0,19.97,target_hit,
cycle_win,2023-10-10,2023-10-10,20.17,20.3717,,0.0,20.169999999999888,0.0,20.169999999999888,target_hit,
cycle_win,2023-10-10,2023-10-10,20.18,20.3818,,0.0,20.179999999999865,0.0,20.179999999999865,target_hit,
cycle_win,2023-10-10,2023-10-10,20.38,20.5838,,0.0,20.38000000000011,0.0,20.38000000000011,target_hit,
cycle_win,2023-10-10,2023-10-12,20.56,20.7656,,0.0,20.560000000000045,0.0,20.560000000000045,target_hit,
cycle_win,2023-10-12,2023-10-12,20.69,20.896900000000002,,0.0,20.690000000000097,0.0,20.690000000000097,target_hit,
cycle_win,2023-10-12,2023-10-12,20.84,21.0484,,0.0,20.840000000000103,0.0,20.840000000000103,target_hit,
cycle_win,2023-10-12,2023-10-12,21.15,21.3615,,0.0,21.15000000000009,0.0,21.15000000000009,target_hit,
cycle_win,2023-10-12,2023-10-12,21.3,21.513,,0.0,21.300000000000097,0.0,21.300000000000097,target_hit,
hedged_lot,2023-09-01,2023-10-20,24.42,16.63,19.5,1.53,-492.0,-153.0,-645.0,expiry|exercised,2023-09-18
cycle_win,2023-10-26,2023-10-27,14.7,15.3,,0.0,60.00000000000014,0.0,60.00000000000014,target_hit,
cycle_win,2023-10-27,2023-10-27,15.21,15.362100000000002,,0.0,15.210000000000079,0.0,15.210000000000079,target_hit,
cycle_win,2023-10-27,2023-10-27,15.4,15.554,,0.0,15.399999999999991,0.0,15.399999999999991,target_hit,
cycle_win,2023-10-27,2023-11-01,15.55,15.7055,,0.0,15.549999999999997,0.0,15.549999999999997,target_hit,
cycle_win,2023-11-01,2023-11-01,15.66,15.816600000000001,,0.0,15.660000000000096,0.0,15.660000000000096,target_hit,
cycle_win,2023-11-01,2023-11-02,15.89,16.9,,0.0,100.9999999999998,0.0,100.9999999999998,target_hit,
cycle_win,2023-11-02,2023-11-02,16.65,16.816499999999998,,0.0,16.64999999999992,0.0,16.64999999999992,target_hit,
cycle_win,2023-11-02,2023-11-02,16.92,17.0892,,0.0,16.92,0.0,16.92,target_hit,
cycle_win,2023-11-02,2023-11-02,17.05,17.2205,,0.0,17.050000000000054,0.0,17.050000000000054,target_hit,
cycle_win,2023-11-02,2023-11-02,17.18,17.3518,,0.0,17.180000000000106,0.0,17.180000000000106,target_hit,
hedged_lot,2023-09-18,2023-11-03,19.96,18.39,19.0,1.83,-96.0,-183.0,-279.0,expiry|exercised,2023-10-02
cycle_win,2023-11-02,2023-11-03,17.39,17.6,,0.0,21.000000000000085,0.0,21.000000000000085,target_hit,
cycle_win,2023-11-03,2023-11-03,17.66,17.8366,,0.0,17.660000000000053,0.0,17.660000000000053,target_hit,
cycle_win,2023-11-03,2023-11-03,17.76,17.937600000000003,,0.0,17.760000000000176,0.0,17.760000000000176,target_hit,
cycle_win,2023-11-03,2023-11-03,17.96,18.1396,,0.0,17.960000000000065,0.0,17.960000000000065,target_hit,
cycle_win,2023-11-03,2023-11-03,18.08,18.2608,,0.0,18.08000000000014,0.0,18.08000000000014,target_hit,
cycle_win,2023-11-03,2023-11-03,18.16,18.3416,,0.0,18.159999999999954,0.0,18.159999999999954,target_hit,
cycle_win,2023-11-03,2023-11-03,18.34,18.5234,,0.0,18.33999999999989,0.0,18.33999999999989,target_hit,
cycle_win,2023-11-03,2023-11-03,18.51,18.6951,,0.0,18.50999999999985,0.0,18.50999999999985,target_hit,
cycle_win,2023-11-03,2023-11-08,18.72,18.9072,,0.0,18.72000000000007,0.0,18.72000000000007,target_hit,
cycle_win,2023-11-08,2023-11-09,18.9,19.089,,0.0,18.900000000000006,0.0,18.900000000000006,target_hit,
cycle_win,2023-11-09,2023-11-09,19.01,19.200100000000003,,0.0,19.010000000000105,0.0,19.010000000000105,target_hit,
cycle_win,2023-11-09,2023-11-09,19.27,19.462699999999998,,0.0,19.269999999999854,0.0,19.269999999999854,target_hit,
cycle_win,2023-11-09,2023-11-09,19.37,19.5637,,0.0,19.369999999999976,0.0,19.369999999999976,target_hit,
cycle_win,2023-11-09,2023-11-10,19.63,19.8263,,0.0,19.63000000000008,0.0,19.63000000000008,target_hit,
cycle_win,2023-11-10,2023-11-10,19.82,20.0182,,0.0,19.819999999999993,0.0,19.819999999999993,target_hit,
cycle_win,2023-11-10,2023-11-10,20.03,20.2303,,0.0,20.02999999999986,0.0,20.02999999999986,target_hit,
cycle_win,2023-11-10,2023-11-10,20.25,20.4525,,0.0,20.250000000000057,0.0,20.250000000000057,target_hit,
cycle_win,2023-11-10,2023-11-10,20.49,20.694899999999997,,0.0,20.489999999999853,0.0,20.489999999999853,target_hit,
cycle_win,2023-11-10,2023-11-14,20.73,21.51,,0.0,78.00000000000011,0.0,78.00000000000011,target_hit,
cycle_win,2023-11-14,2023-11-14,21.51,21.7251,,0.0,21.509999999999962,0.0,21.509999999999962,target_hit,
cycle_win,2023-11-14,2023-11-14,21.57,21.785700000000002,,0.0,21.570000000000178,0.0,21.570000000000178,target_hit,
cycle_win,2023-11-14,2023-11-14,21.88,22.0988,,0.0,21.880000000000166,0.0,21.880000000000166,target_hit,
cycle_win,2023-11-14,2023-11-14,22.14,22.3614,,0.0,22.139999999999915,0.0,22.139999999999915,target_hit,
cycle_win,2023-11-14,2023-11-15,22.36,22.61,,0.0,25.0,0.0,25.0,target_hit,
cycle_win,2023-11-15,2023-11-15,22.61,22.8361,,0.0,22.609999999999886,0.0,22.609999999999886,target_hit,
cycle_win,2023-11-15,2023-11-15,22.94,23.169400000000003,,0.0,22.940000000000182,0.0,22.940000000000182,target_hit,
cycle_win,2023-11-15,2023-11-20,23.12,23.351200000000002,,0.0,23.12000000000012,0.0,23.12000000000012,target_hit,
cycle_win,2023-11-20,2023-11-20,23.33,23.563299999999998,,0.0,23.329999999999984,0.0,23.329999999999984,target_hit,
cycle_win,2023-11-20,2023-11-20,23.6,23.836000000000002,,0.0,23.600000000000065,0.0,23.600000000000065,target_hit,
cycle_win,2023-11-20,2023-11-20,23.86,24.0986,,0.0,23.86000000000017,0.0,23.86000000000017,target_hit,
cycle_win,2023-11-20,2023-11-20,24.09,24.3309,,0.0,24.08999999999999,0.0,24.08999999999999,target_hit,
hedged_lot,2023-10-12,2023-11-24,21.43,23.09,14.5,1.5,166.0,-150.0,16.0,expiry|put_worthless,2023-10-26
cycle_win,2023-12-05,2023-12-06,21.91,22.83,,0.0,91.99999999999982,0.0,91.99999999999982,target_hit,
cycle_win,2023-12-06,2023-12-07,22.71,22.9371,,0.0,22.710000000000008,0.0,22.710000000000008,target_hit,
cycle_win,2023-12-07,2023-12-07,22.88,23.1088,,0.0,22.879999999999967,0.0,22.879999999999967,target_hit,
cycle_win,2023-12-07,2023-12-07,23.16,23.3916,,0.0,23.160000000000025,0.0,23.160000000000025,target_hit,
cycle_win,2023-12-07,2023-12-08,23.33,23.563299999999998,,0.0,23.329999999999984,0.0,23.329999999999984,target_hit,
cycle_win,2023-12-08,2023-12-08,23.43,23.6643,,0.0,23.430000000000106,0.0,23.430000000000106,target_hit,
cycle_win,2023-12-08,2023-12-08,23.76,23.997600000000002,,0.0,23.760000000000048,0.0,23.760000000000048,target_hit,
cycle_win,2023-12-08,2023-12-11,24.0,24.38,,0.0,37.9999999999999,0.0,37.9999999999999,target_hit,
cycle_win,2023-12-11,2023-12-11,24.65,24.8965,,0.0,24.650000000000105,0.0,24.650000000000105,target_hit,
cycle_win,2023-12-11,2023-12-11,24.98,25.2298,,0.0,24.980000000000047,0.0,24.980000000000047,target_hit,
cycle_win,2023-12-11,2023-12-11,25.15,25.4015,,0.0,25.150000000000006,0.0,25.150000000000006,target_hit,
cycle_win,2023-12-11,2023-12-11,25.47,25.7247,,0.0,25.46999999999997,0.0,25.46999999999997,target_hit,
cycle_win,2023-12-11,2023-12-11,25.71,25.967100000000002,,0.0,25.71000000000012,0.0,25.71000000000012,target_hit,
cycle_win,2023-12-11,2023-12-11,26.0,26.26,,0.0,26.000000000000156,0.0,26.000000000000156,target_hit,
cycle_win,2023-12-11,2023-12-12,26.25,26.5125,,0.0,26.24999999999993,0.0,26.24999999999993,target_hit,
cycle_win,2023-12-12,2023-12-13,26.58,26.845799999999997,,0.0,26.57999999999987,0.0,26.57999999999987,target_hit,
cycle_win,2023-12-13,2023-12-13,26.92,27.189200000000003,,0.0,26.920000000000144,0.0,26.920000000000144,target_hit,
cycle_win,2023-12-13,2023-12-13,27.42,27.694200000000002,,0.0,27.420000000000044,0.0,27.420000000000044,target_hit,
cycle_win,2023-12-13,2023-12-13,27.84,28.1184,,0.0,27.84000000000013,0.0,27.84000000000013,target_hit,
cycle_win,2023-12-13,2023-12-14,28.15,28.62,,0.0,47.00000000000024,0.0,47.00000000000024,target_hit,
cycle_win,2023-12-14,2023-12-14,29.37,29.663700000000002,,0.0,29.37000000000012,0.0,29.37000000000012,target_hit,
cycle_win,2023-12-14,2023-12-14,29.95,30.2495,,0.0,29.950000000000188,0.0,29.950000000000188,target_hit,
cycle_win,2023-12-14,2023-12-14,29.98,30.2798,,0.0,29.980000000000118,0.0,29.980000000000118,target_hit,
cycle_win,2023-12-14,2023-12-15,30.34,30.6434,,0.0,30.33999999999999,0.0,30.33999999999999,target_hit,
cycle_win,2023-12-15,2023-12-15,30.94,31.2494,,0.0,30.940000000000012,0.0,30.940000000000012,target_hit,
cycle_win,2023-12-15,2023-12-15,31.27,31.5827,,0.0,31.269999999999953,0.0,31.269999999999953,target_hit,
cycle_win,2023-12-15,2023-12-26,31.46,31.7746,,0.0,31.459999999999866,0.0,31.459999999999866,target_hit,
cycle_win,2023-12-26,2023-12-26,31.71,32.027100000000004,,0.0,31.71000000000035,0.0,31.71000000000035,target_hit,
cycle_win,2023-12-26,2023-12-26,32.02,32.3402,,0.0,32.01999999999998,0.0,32.01999999999998,target_hit,
cycle_win,2023-12-26,2023-12-27,32.36,32.6836,,0.0,32.3599999999999,0.0,32.3599999999999,target_hit,
cycle_win,2023-12-27,2023-12-28,32.34,32.6634,,0.0,32.33999999999995,0.0,32.33999999999995,target_hit,
hedged_lot,2023-11-20,2024-01-05,24.41,25.94,21.5,1.55,153.0,-155.0,-2.0,expiry|put_worthless,2023-12-05
cycle_win,2024-01-12,2024-01-16,28.07,28.3507,,0.0,28.06999999999995,0.0,28.06999999999995,target_hit,
cycle_win,2024-01-16,2024-01-16,28.41,28.6941,,0.0,28.40999999999987,0.0,28.40999999999987,target_hit,
cycle_win,2024-01-16,2024-01-16,28.85,29.1385,,0.0,28.84999999999991,0.0,28.84999999999991,target_hit,
cycle_win,2024-01-16,2024-01-16,29.18,29.471799999999998,,0.0,29.17999999999985,0.0,29.17999999999985,target_hit,
cycle_win,2024-01-16,2024-01-16,29.45,29.7445,,0.0,29.449999999999932,0.0,29.449999999999932,target_hit,
cycle_win,2024-01-16,2024-01-18,29.78,30.7,,0.0,91.99999999999982,0.0,91.99999999999982,target_hit,
cycle_win,2024-01-18,2024-01-18,30.8,31.108,,0.0,30.799999999999983,0.0,30.799999999999983,target_hit,
cycle_win,2024-01-18,2024-01-19,31.1,32.42,,0.0,132.00000000000003,0.0,132.00000000000003,target_hit,
cycle_win,2024-01-19,2024-01-19,32.44,32.764399999999995,,0.0,32.43999999999971,0.0,32.43999999999971,target_hit,
cycle_win,2024-01-19,2024-01-19,32.75,33.0775,,0.0,32.75000000000006,0.0,32.75000000000006,target_hit,
cycle_win,2024-01-19,2024-01-19,33.1,33.431000000000004,,0.0,33.10000000000031,0.0,33.10000000000031,target_hit,
cycle_win,2024-01-19,2024-01-19,33.52,33.8552,,0.0,33.52000000000004,0.0,33.52000000000004,target_hit,
cycle_win,2024-01-19,2024-01-19,33.9,34.239,,0.0,33.899999999999864,0.0,33.899999999999864,target_hit,
cycle_win,2024-01-19,2024-01-19,34.38,34.723800000000004,,0.0,34.380000000000166,0.0,34.380000000000166,target_hit,
cycle_win,2024-01-19,2024-01-22,34.8,35.68,,0.0,88.00000000000026,0.0,88.00000000000026,target_hit,
cycle_win,2024-01-22,2024-01-24,36.34,37.1,,0.0,75.9999999999998,0.0,75.9999999999998,target_hit,
cycle_win,2024-01-24,2024-01-24,36.73,37.0973,,0.0,36.73000000000002,0.0,36.73000000000002,target_hit,
cycle_win,2024-01-24,2024-01-24,37.17,37.5417,,0.0,37.1699999999997,0.0,37.1699999999997,target_hit,
cycle_win,2024-01-24,2024-01-24,37.49,37.864900000000006,,0.0,37.49000000000038,0.0,37.49000000000038,target_hit,
cycle_win,2024-01-24,2024-01-24,37.78,38.1578,,0.0,37.78000000000006,0.0,37.78000000000006,target_hit,
cycle_win,2024-01-24,2024-01-24,38.43,38.8143,,0.0,38.43000000000032,0.0,38.43000000000032,target_hit,
cycle_win,2024-01-24,2024-01-25,38.87,39.5,,0.0,63.000000000000256,0.0,63.000000000000256,target_hit,
hedged_lot,2023-12-28,2024-02-09,32.65,39.35,28.0,2.12,670.0,-212.0,458.0,expiry|put_worthless,2024-01-12
cycle_win,2024-02-08,2024-02-09,37.16,37.87,,0.0,71.00000000000009,0.0,71.00000000000009,target_hit,
cycle_win,2024-02-09,2024-02-09,37.67,38.0467,,0.0,37.66999999999996,0.0,37.66999999999996,target_hit,
cycle_win,2024-02-09,2024-02-09,38.07,38.4507,,0.0,38.06999999999974,0.0,38.06999999999974,target_hit,
cycle_win,2024-02-09,2024-02-09,38.26,38.6426,,0.0,38.26000000000036,0.0,38.26000000000036,target_hit,
cycle_win,2024-02-09,2024-02-09,38.6,38.986000000000004,,0.0,38.60000000000028,0.0,38.60000000000028,target_hit,
cycle_win,2024-02-09,2024-02-09,39.02,39.4102,,0.0,39.02000000000001,0.0,39.02000000000001,target_hit,
cycle_win,2024-02-09,2024-02-12,39.49,39.8849,,0.0,39.48999999999998,0.0,39.48999999999998,target_hit,
cycle_win,2024-02-12,2024-02-12,39.93,40.3293,,0.0,39.930000000000376,0.0,39.930000000000376,target_hit,
cycle_win,2024-02-12,2024-02-12,40.32,40.7232,,0.0,40.31999999999982,0.0,40.31999999999982,target_hit,
cycle_win,2024-02-12,2024-02-12,40.79,41.1979,,0.0,40.78999999999979,0.0,40.78999999999979,target_hit,
cycle_win,2024-02-12,2024-02-22,41.19,41.6019,,0.0,41.19000000000028,0.0,41.19000000000028,target_hit,
cycle_win,2024-02-22,2024-02-23,41.66,42.14,,0.0,48.0000000000004,0.0,48.0000000000004,target_hit,
cycle_win,2024-02-23,2024-02-29,42.55,42.9755,,0.0,42.549999999999955,0.0,42.549999999999955,target_hit,
cycle_win,2024-02-29,2024-03-01,42.88,44.4,,0.0,151.9999999999996,0.0,151.9999999999996,target_hit,
cycle_win,2024-03-01,2024-03-01,45.08,45.5308,,0.0,45.0800000000001,0.0,45.0800000000001,target_hit,
cycle_win,2024-03-01,2024-03-01,45.87,46.3287,,0.0,45.87000000000003,0.0,45.87000000000003,target_hit,
cycle_win,2024-03-01,2024-03-01,46.3,46.763,,0.0,46.3000000000001,0.0,46.3000000000001,target_hit,
cycle_win,2024-03-01,2024-03-01,46.86,47.3286,,0.0,46.86000000000021,0.0,46.86000000000021,target_hit,
cycle_win,2024-03-01,2024-03-01,47.39,47.8639,,0.0,47.39000000000004,0.0,47.39000000000004,target_hit,
cycle_win,2024-03-01,2024-03-01,47.95,48.429500000000004,,0.0,47.95000000000016,0.0,47.95000000000016,target_hit,
cycle_win,2024-03-01,2024-03-01,48.46,48.9446,,0.0,48.460000000000036,0.0,48.460000000000036,target_hit,
cycle_win,2024-03-01,2024-03-04,48.89,49.99,,0.0,110.00000000000014,0.0,110.00000000000014,target_hit,
cycle_win,2024-03-04,2024-03-04,49.55,50.0455,,0.0,49.54999999999998,0.0,49.54999999999998,target_hit,
cycle_win,2024-03-04,2024-03-04,50.26,50.7626,,0.0,50.260000000000105,0.0,50.260000000000105,target_hit,
cycle_win,2024-03-04,2024-03-04,50.72,51.227199999999996,,0.0,50.71999999999974,0.0,50.71999999999974,target_hit,
cycle_win,2024-03-04,2024-03-06,51.32,51.8332,,0.0,51.319999999999766,0.0,51.319999999999766,target_hit,
cycle_win,2024-03-06,2024-03-07,51.69,52.2069,,0.0,51.68999999999997,0.0,51.68999999999997,target_hit,
cycle_win,2024-03-07,2024-03-07,53.08,53.6108,,0.0,53.07999999999993,0.0,53.07999999999993,target_hit,
cycle_win,2024-03-07,2024-03-07,53.39,53.9239,,0.0,53.39000000000027,0.0,53.39000000000027,target_hit,
cycle_win,2024-03-07,2024-03-07,53.92,54.4592,,0.0,53.9200000000001,0.0,53.9200000000001,target_hit,
cycle_win,2024-03-07,2024-03-07,54.57,55.115700000000004,,0.0,54.57000000000036,0.0,54.57000000000036,target_hit,
cycle_win,2024-03-07,2024-03-07,55.12,55.6712,,0.0,55.12000000000015,0.0,55.12000000000015,target_hit,
hedged_lot,2024-01-25,2024-03-08,39.14,48.83,37.0,3.2,969.0,-320.0,649.0,expiry|put_worthless,2024-02-08
cycle_win,2024-03-07,2024-03-08,55.7,56.257000000000005,,0.0,55.700000000000216,0.0,55.700000000000216,target_hit,
cycle_win,2024-03-22,2024-03-25,46.41,46.8741,,0.0,46.410000000000196,0.0,46.410000000000196,target_hit,
cycle_win,2024-03-25,2024-03-26,46.72,47.1872,,0.0,46.71999999999983,0.0,46.71999999999983,target_hit,
cycle_win,2024-03-26,2024-04-01,47.25,47.722500000000004,,0.0,47.25000000000037,0.0,47.25000000000037,target_hit,
cycle_win,2024-04-01,2024-04-01,48.05,48.530499999999996,,0.0,48.049999999999926,0.0,48.049999999999926,target_hit,
cycle_win,2024-04-01,2024-04-01,48.88,49.3688,,0.0,48.87999999999977,0.0,48.87999999999977,target_hit,
cycle_win,2024-04-15,2024-04-16,39.75,40.1475,,0.0,39.750000000000085,0.0,39.750000000000085,target_hit,
cycle_win,2024-04-16,2024-04-16,40.13,40.5313,,0.0,40.12999999999991,0.0,40.12999999999991,target_hit,
cycle_win,2024-04-16,2024-04-16,40.57,40.9757,,0.0,40.570000000000306,0.0,40.570000000000306,target_hit,
hedged_lot,2024-03-08,2024-04-19,56.47,30.69,46.0,4.15,-1047.0,-415.00000000000006,-1462.0,expiry|exercised,2024-03-22
cycle_win,2024-04-30,2024-05-03,38.12,38.74,,0.0,62.000000000000455,0.0,62.000000000000455,target_hit,
cycle_win,2024-05-03,2024-05-03,38.44,38.8244,,0.0,38.43999999999994,0.0,38.43999999999994,target_hit,
cycle_win,2024-05-03,2024-05-03,38.84,39.2284,,0.0,38.83999999999972,0.0,38.83999999999972,target_hit,
cycle_win,2024-05-03,2024-05-06,39.46,39.95,,0.0,49.0000000000002,0.0,49.0000000000002,target_hit,
cycle_win,2024-05-06,2024-05-06,39.86,40.2586,,0.0,39.860000000000184,0.0,39.860000000000184,target_hit,
cycle_win,2024-05-06,2024-05-06,40.29,40.6929,,0.0,40.29000000000025,0.0,40.29000000000025,target_hit,
cycle_win,2024-05-06,2024-05-06,40.66,41.066599999999994,,0.0,40.65999999999974,0.0,40.65999999999974,target_hit,
cycle_win,2024-05-06,2024-05-07,41.08,41.53,,0.0,45.000000000000284,0.0,45.000000000000284,target_hit,
cycle_win,2024-05-07,2024-05-07,41.45,41.86450000000001,,0.0,41.45000000000039,0.0,41.45000000000039,target_hit,
cycle_win,2024-05-07,2024-05-10,41.73,42.147299999999994,,0.0,41.729999999999734,0.0,41.729999999999734,target_hit,
cycle_win,2024-05-10,2024-05-14,42.18,42.6018,,0.0,42.17999999999975,0.0,42.17999999999975,target_hit,
cycle_win,2024-05-14,2024-05-14,42.64,43.0664,,0.0,42.6400000000001,0.0,42.6400000000001,target_hit,
cycle_win,2024-05-14,2024-05-14,42.98,43.4098,,0.0,42.98000000000002,0.0,42.98000000000002,target_hit,
cycle_win,2024-05-14,2024-05-15,43.31,44.67,,0.0,135.99999999999994,0.0,135.99999999999994,target_hit,
cycle_win,2024-05-15,2024-05-15,44.61,45.0561,,0.0,44.61000000000013,0.0,44.61000000000013,target_hit,
cycle_win,2024-05-15,2024-05-15,45.16,45.611599999999996,,0.0,45.15999999999991,0.0,45.15999999999991,target_hit,
cycle_win,2024-05-15,2024-05-15,45.57,46.0257,,0.0,45.57000000000002,0.0,45.57000000000002,target_hit,
cycle_win,2024-05-15,2024-05-15,46.06,46.5206,,0.0,46.059999999999945,0.0,46.059999999999945,target_hit,
cycle_win,2024-05-15,2024-05-15,46.51,46.9751,,0.0,46.50999999999996,0.0,46.50999999999996,target_hit,
cycle_win,2024-05-15,2024-05-16,47.01,47.4801,,0.0,47.01000000000022,0.0,47.01000000000022,target_hit,
cycle_win,2024-05-16,2024-05-16,47.43,47.9043,,0.0,47.42999999999995,0.0,47.42999999999995,target_hit,
hedged_lot,2024-04-01,2024-05-17,49.71,45.43,39.0,4.0,-428.0,-400.0,-828.0,expiry|put_worthless,2024-04-15
cycle_win,2024-05-16,2024-05-20,47.68,48.1568,,0.0,47.67999999999972,0.0,47.67999999999972,target_hit,
cycle_win,2024-05-20,2024-05-20,48.2,48.682,,0.0,48.19999999999993,0.0,48.19999999999993,target_hit,
cycle_win,2024-05-20,2024-05-22,48.83,49.3183,,0.0,48.83000000000024,0.0,48.83000000000024,target_hit,
cycle_win,2024-05-22,2024-05-22,49.41,49.9041,,0.0,49.41000000000031,0.0,49.41000000000031,target_hit,
cycle_win,2024-05-22,2024-05-23,49.94,53.12,,0.0,318.0,0.0,318.0,target_hit,
cycle_win,2024-05-23,2024-05-23,52.28,52.802800000000005,,0.0,52.28000000000037,0.0,52.28000000000037,target_hit,
cycle_win,2024-05-23,2024-05-28,52.78,53.34,,0.0,56.00000000000023,0.0,56.00000000000023,target_hit,
cycle_win,2024-05-28,2024-05-28,52.96,53.4896,,0.0,52.96000000000021,0.0,52.96000000000021,target_hit,
cycle_win,2024-05-28,2024-05-28,53.79,54.3279,,0.0,53.79000000000005,0.0,53.79000000000005,target_hit,
cycle_win,2024-05-28,2024-05-28,54.16,54.7016,,0.0,54.16000000000025,0.0,54.16000000000025,target_hit,
hedged_lot,2024-04-16,2024-05-31,41.13,48.55,38.0,4.95,742.0,-495.0,247.0,expiry|put_worthless,2024-04-30
cycle_win,2024-06-11,2024-06-12,54.23,57.25,,0.0,302.00000000000034,0.0,302.00000000000034,target_hit,
cycle_win,2024-06-12,2024-06-12,57.83,58.4083,,0.0,57.82999999999987,0.0,57.82999999999987,target_hit,
cycle_win,2024-06-12,2024-06-12,58.78,59.3678,,0.0,58.78000000000014,0.0,58.78000000000014,target_hit,
cycle_win,2024-06-12,2024-06-13,59.33,60.07,,0.0,74.0000000000002,0.0,74.0000000000002,target_hit,
cycle_win,2024-06-13,2024-06-17,61.09,61.700900000000004,,0.0,61.09000000000009,0.0,61.09000000000009,target_hit,
cycle_win,2024-06-17,2024-06-17,61.68,62.2968,,0.0,61.67999999999978,0.0,61.67999999999978,target_hit,
cycle_win,2024-06-17,2024-06-18,62.53,63.42,,0.0,89.00000000000006,0.0,89.00000000000006,target_hit,
cycle_win,2024-06-18,2024-06-18,64.26,64.9026,,0.0,64.26000000000016,0.0,64.26000000000016,target_hit,
cycle_win,2024-06-18,2024-06-18,65.09,65.74090000000001,,0.0,65.09000000000071,0.0,65.09000000000071,target_hit,
cycle_win,2024-07-03,2024-07-05,60.7,61.86,,0.0,115.99999999999966,0.0,115.99999999999966,target_hit,
cycle_win,2024-07-05,2024-07-08,61.65,62.2665,,0.0,61.650000000000205,0.0,61.650000000000205,target_hit,
cycle_win,2024-07-08,2024-07-08,63.07,63.7007,,0.0,63.06999999999974,0.0,63.06999999999974,target_hit,
cycle_win,2024-07-08,2024-07-08,63.68,64.3168,,0.0,63.68000000000009,0.0,63.68000000000009,target_hit,
cycle_win,2024-07-08,2024-07-09,64.38,65.13,,0.0,75.0,0.0,75.0,target_hit,
cycle_win,2024-07-09,2024-07-10,66.12,66.7812,,0.0,66.11999999999938,0.0,66.11999999999938,target_hit,
cycle_win,2024-07-10,2024-07-10,66.82,67.48819999999999,,0.0,66.81999999999988,0.0,66.81999999999988,target_hit,
cycle_win,2024-07-10,2024-07-10,67.25,67.9225,,0.0,67.24999999999994,0.0,67.24999999999994,target_hit,
cycle_win,2024-07-10,2024-07-10,67.75,68.4275,,0.0,67.74999999999949,0.0,67.74999999999949,target_hit,
cycle_win,2024-07-10,2024-07-11,68.46,70.01,,0.0,155.00000000000114,0.0,155.00000000000114,target_hit,
hedged_lot,2024-05-28,2024-07-12,54.53,64.08,54.0,4.65,955.0,-465.00000000000006,489.99999999999994,expiry|put_worthless,2024-06-11
cycle_win,2024-07-25,2024-07-26,39.59,42.24,,0.0,264.9999999999999,0.0,264.9999999999999,target_hit,
cycle_win,2024-07-26,2024-07-26,41.23,41.6423,,0.0,41.23000000000019,0.0,41.23000000000019,target_hit,
cycle_win,2024-07-26,2024-07-26,41.84,42.2584,,0.0,41.83999999999983,0.0,41.83999999999983,target_hit,
cycle_win,2024-07-26,2024-07-26,41.41,41.824099999999994,,0.0,41.40999999999977,0.0,41.40999999999977,target_hit,
cycle_win,2024-07-26,2024-07-26,41.5,41.915,,0.0,41.499999999999915,0.0,41.499999999999915,target_hit,
cycle_win,2024-07-26,2024-07-26,41.96,42.3796,,0.0,41.960000000000264,0.0,41.960000000000264,target_hit,
cycle_win,2024-07-26,2024-07-26,42.34,42.763400000000004,,0.0,42.34000000000009,0.0,42.34000000000009,target_hit,
cycle_win,2024-07-26,2024-07-29,42.8,43.37,,0.0,57.00000000000003,0.0,57.00000000000003,target_hit,
cycle_win,2024-07-29,2024-07-29,43.81,44.2481,,0.0,43.80999999999986,0.0,43.80999999999986,target_hit,
cycle_win,2024-07-29,2024-07-29,44.41,44.854099999999995,,0.0,44.40999999999988,0.0,44.40999999999988,target_hit,
hedged_lot,2024-06-18,2024-08-02,65.7,29.32,60.5,5.45,-520.0,-545.0,-1065.0,expiry|exercised,2024-07-03
cycle_win,2024-08-12,2024-08-13,31.47,32.68,,0.0,121.00000000000009,0.0,121.00000000000009,target_hit,
cycle_win,2024-08-13,2024-08-13,32.55,32.875499999999995,,0.0,32.54999999999981,0.0,32.54999999999981,target_hit,
cycle_win,2024-08-13,2024-08-13,33.25,33.5825,,0.0,33.25000000000031,0.0,33.25000000000031,target_hit,
cycle_win,2024-08-13,2024-08-13,33.55,33.8855,,0.0,33.550000000000324,0.0,33.550000000000324,target_hit,
cycle_win,2024-08-13,2024-08-13,33.85,34.188500000000005,,0.0,33.850000000000335,0.0,33.850000000000335,target_hit,
cycle_win,2024-08-13,2024-08-13,33.99,34.3299,,0.0,33.99000000000001,0.0,33.99000000000001,target_hit,
cycle_win,2024-08-13,2024-08-13,34.29,34.6329,,0.0,34.29000000000002,0.0,34.29000000000002,target_hit,
cycle_win,2024-08-13,2024-08-13,34.58,34.925799999999995,,0.0,34.5799999999997,0.0,34.5799999999997,target_hit,
cycle_win,2024-08-13,2024-08-13,34.82,35.1682,,0.0,34.81999999999985,0.0,34.81999999999985,target_hit,
cycle_win,2024-08-13,2024-08-14,35.08,36.18,,0.0,110.00000000000014,0.0,110.00000000000014,target_hit,
cycle_win,2024-08-14,2024-08-14,35.5,35.855,,0.0,35.49999999999969,0.0,35.49999999999969,target_hit,
cycle_win,2024-08-14,2024-08-15,35.91,37.36,,0.0,145.00000000000028,0.0,145.00000000000028,target_hit,
cycle_win,2024-08-15,2024-08-15,37.24,37.6124,,0.0,37.239999999999895,0.0,37.239999999999895,target_hit,
cycle_win,2024-08-15,2024-08-15,37.81,38.188100000000006,,0.0,37.81000000000034,0.0,37.81000000000034,target_hit,
cycle_win,2024-08-15,2024-08-15,38.18,38.5618,,0.0,38.179999999999836,0.0,38.179999999999836,target_hit,
cycle_win,2024-08-15,2024-08-15,38.65,39.0365,,0.0,38.64999999999981,0.0,38.64999999999981,target_hit,
cycle_win,2024-08-15,2024-08-15,38.99,39.3799,,0.0,38.989999999999725,0.0,38.989999999999725,target_hit,
cycle_win,2024-08-15,2024-08-15,39.62,40.0162,,0.0,39.62000000000003,0.0,39.62000000000003,target_hit,
cycle_win,2024-08-15,2024-08-19,40.16,40.5616,,0.0,40.160000000000196,0.0,40.160000000000196,target_hit,
cycle_win,2024-08-19,2024-08-19,40.58,40.9858,,0.0,40.57999999999993,0.0,40.57999999999993,target_hit,
cycle_win,2024-08-19,2024-08-19,40.93,41.3393,,0.0,40.93000000000018,0.0,40.93000000000018,target_hit,
cycle_win,2024-08-19,2024-08-20,41.48,41.8948,,0.0,41.47999999999996,0.0,41.47999999999996,target_hit,
cycle_win,2024-08-20,2024-08-21,41.63,42.0463,,0.0,41.62999999999997,0.0,41.62999999999997,target_hit,
cycle_win,2024-08-21,2024-08-21,41.89,42.3089,,0.0,41.89000000000007,0.0,41.89000000000007,target_hit,
cycle_win,2024-08-21,2024-08-22,42.26,42.6826,,0.0,42.260000000000275,0.0,42.260000000000275,target_hit,
hedged_lot,2024-07-11,2024-08-23,69.02,40.39,39.0,4.6000000000000005,-2863.0,-460.00000000000006,-3323.0,expiry|put_worthless,2024-07-25
cycle_win,2024-09-06,2024-09-09,25.95,27.14,,0.0,119.00000000000013,0.0,119.00000000000013,target_hit,
cycle_win,2024-09-09,2024-09-09,27.25,27.5225,,0.0,27.250000000000085,0.0,27.250000000000085,target_hit,
cycle_win,2024-09-09,2024-09-10,27.59,27.8659,,0.0,27.590000000000003,0.0,27.590000000000003,target_hit,
cycle_win,2024-09-10,2024-09-10,27.81,28.088099999999997,,0.0,27.809999999999846,0.0,27.809999999999846,target_hit,
cycle_win,2024-09-10,2024-09-11,28.2,28.89,,0.0,69.00000000000013,0.0,69.00000000000013,target_hit,
cycle_win,2024-09-11,2024-09-11,28.92,29.209200000000003,,0.0,28.9200000000001,0.0,28.9200000000001,target_hit,
cycle_win,2024-09-11,2024-09-11,29.15,29.441499999999998,,0.0,29.14999999999992,0.0,29.14999999999992,target_hit,
cycle_win,2024-09-11,2024-09-11,29.49,29.7849,,0.0,29.490000000000194,0.0,29.490000000000194,target_hit,
cycle_win,2024-09-11,2024-09-11,29.65,29.9465,,0.0,29.650000000000176,0.0,29.650000000000176,target_hit,
cycle_win,2024-09-11,2024-09-11,30.05,30.3505,,0.0,30.049999999999955,0.0,30.049999999999955,target_hit,
cycle_win,2024-09-11,2024-09-11,30.57,30.875700000000002,,0.0,30.570000000000164,0.0,30.570000000000164,target_hit,
cycle_win,2024-09-11,2024-09-11,31.2,31.512,,0.0,31.200000000000117,0.0,31.200000000000117,target_hit,
cycle_win,2024-09-11,2024-09-11,31.55,31.8655,,0.0,31.55000000000001,0.0,31.55000000000001,target_hit,
cycle_win,2024-09-11,2024-09-11,31.97,32.289699999999996,,0.0,31.969999999999743,0.0,31.969999999999743,target_hit,
cycle_win,2024-09-11,2024-09-12,32.23,32.552299999999995,,0.0,32.22999999999985,0.0,32.22999999999985,target_hit,
hedged_lot,2024-07-29,2024-09-13,44.33,33.44,31.0,4.1,-1089.0,-409.99999999999994,-1499.0,expiry|put_worthless,2024-08-12
cycle_win,2024-09-12,2024-09-13,32.57,32.8957,,0.0,32.569999999999766,0.0,32.569999999999766,target_hit,
cycle_win,2024-09-13,2024-09-13,33.23,33.5623,,0.0,33.23000000000036,0.0,33.23000000000036,target_hit,
cycle_win,2024-09-13,2024-09-18,33.59,33.925900000000006,,0.0,33.59000000000023,0.0,33.59000000000023,target_hit,
cycle_win,2024-09-18,2024-09-19,33.99,34.68,,0.0,68.99999999999977,0.0,68.99999999999977,target_hit,
cycle_win,2024-09-19,2024-09-19,34.0,34.34,,0.0,34.00000000000034,0.0,34.00000000000034,target_hit,
cycle_win,2024-09-19,2024-09-19,34.54,34.8854,,0.0,34.53999999999979,0.0,34.53999999999979,target_hit,
cycle_win,2024-09-19,2024-09-19,34.88,35.2288,,0.0,34.87999999999971,0.0,34.87999999999971,target_hit,
cycle_win,2024-09-19,2024-09-19,35.15,35.5015,,0.0,35.15000000000015,0.0,35.15000000000015,target_hit,
cycle_win,2024-09-19,2024-09-19,35.48,35.834799999999994,,0.0,35.479999999999734,0.0,35.479999999999734,target_hit,
cycle_win,2024-09-19,2024-09-19,35.95,36.3095,,0.0,35.949999999999704,0.0,35.949999999999704,target_hit,
cycle_win,2024-09-19,2024-09-26,36.3,40.2,,0.0,390.00000000000057,0.0,390.00000000000057,target_hit,
cycle_win,2024-09-26,2024-09-26,39.73,40.1273,,0.0,39.73000000000013,0.0,39.73000000000013,target_hit,
hedged_lot,2024-08-22,2024-10-04,42.32,36.71,25.5,3.5500000000000003,-561.0,-355.0,-916.0,expiry|put_worthless,2024-09-06
cycle_win,2024-10-10,2024-10-11,37.76,38.1376,,0.0,37.760000000000105,0.0,37.760000000000105,target_hit,
cycle_win,2024-10-11,2024-10-11,38.3,38.683,,0.0,38.30000000000027,0.0,38.30000000000027,target_hit,
cycle_win,2024-10-11,2024-10-11,38.58,38.9658,,0.0,38.580000000000325,0.0,38.580000000000325,target_hit,
cycle_win,2024-10-11,2024-10-14,38.95,39.44,,0.0,48.99999999999949,0.0,48.99999999999949,target_hit,
cycle_win,2024-10-14,2024-10-14,40.0,40.4,,0.0,39.99999999999986,0.0,39.99999999999986,target_hit,
cycle_win,2024-10-14,2024-10-15,40.66,41.066599999999994,,0.0,40.65999999999974,0.0,40.65999999999974,target_hit,
hedged_lot,2024-09-26,2024-11-08,40.18,35.42,37.5,4.0,-268.0,-400.0,-668.0,expiry|exercised,2024-10-10
hedged_lot,2024-10-15,2024-11-29,40.84,28.08,37.5,3.8,-334.00000000000045,-380.0,-714.0000000000005,expiry|exercised,2024-10-29
cycle_win,2024-11-26,2024-11-29,28.12,28.401200000000003,,0.0,28.12000000000019,0.0,28.12000000000019,target_hit,
cycle_win,2024-11-29,2024-11-29,28.41,28.6941,,0.0,28.40999999999987,0.0,28.40999999999987,target_hit,
cycle_win,2024-11-29,2024-11-29,28.72,29.007199999999997,,0.0,28.719999999999857,0.0,28.719999999999857,target_hit,
cycle_win,2024-11-29,2024-12-02,28.99,29.279899999999998,,0.0,28.989999999999938,0.0,28.989999999999938,target_hit,
cycle_win,2024-12-02,2024-12-02,29.13,29.4213,,0.0,29.129999999999967,0.0,29.129999999999967,target_hit,
cycle_win,2024-12-02,2024-12-02,29.56,29.8556,,0.0,29.56000000000003,0.0,29.56000000000003,target_hit,
cycle_win,2024-12-02,2024-12-02,29.82,30.1182,,0.0,29.820000000000135,0.0,29.820000000000135,target_hit,
cycle_win,2024-12-02,2024-12-02,30.08,30.380799999999997,,0.0,30.079999999999885,0.0,30.079999999999885,target_hit,
cycle_win,2024-12-02,2024-12-02,30.49,30.7949,,0.0,30.489999999999995,0.0,30.489999999999995,target_hit,
cycle_win,2024-12-02,2024-12-04,30.7,31.54,,0.0,83.99999999999999,0.0,83.99999999999999,target_hit,
hedged_lot,2024-10-29,2024-12-13,37.95,30.79,31.5,3.25,-645.0000000000005,-325.0,-970.0000000000005,expiry|exercised,2024-11-12
cycle_win,2024-12-04,2024-12-16,31.02,31.3302,,0.0,31.02000000000018,0.0,31.02000000000018,target_hit,
cycle_win,2024-12-16,2024-12-16,30.75,31.0575,,0.0,30.7500000000001,0.0,30.7500000000001,target_hit,
cycle_win,2024-12-16,2024-12-16,30.94,31.2494,,0.0,30.940000000000012,0.0,30.940000000000012,target_hit,
cycle_win,2024-12-16,2024-12-16,31.58,31.895799999999998,,0.0,31.57999999999994,0.0,31.57999999999994,target_hit,
cycle_win,2024-12-16,2024-12-16,31.87,32.188700000000004,,0.0,31.87000000000033,0.0,31.87000000000033,target_hit,
cycle_win,2024-12-16,2024-12-16,32.36,32.6836,,0.0,32.3599999999999,0.0,32.3599999999999,target_hit,
hedged_lot,2024-11-12,2024-12-27,31.67,29.72,28.0,2.61,-195.0,-261.0,-456.0,expiry|put_worthless,2024-11-26
cycle_win,2024-12-31,2025-01-02,27.3,28.13,,0.0,82.99999999999983,0.0,82.99999999999983,target_hit,
cycle_win,2025-01-02,2025-01-02,28.18,28.4618,,0.0,28.18000000000005,0.0,28.18000000000005,target_hit,
cycle_win,2025-01-02,2025-01-02,28.58,28.8658,,0.0,28.580000000000183,0.0,28.580000000000183,target_hit,
cycle_win,2025-01-02,2025-01-03,28.99,29.279899999999998,,0.0,28.989999999999938,0.0,28.989999999999938,target_hit,
cycle_win,2025-01-03,2025-01-03,29.29,29.5829,,0.0,29.28999999999995,0.0,29.28999999999995,target_hit,
cycle_win,2025-01-03,2025-01-03,29.65,29.9465,,0.0,29.650000000000176,0.0,29.650000000000176,target_hit,
cycle_win,2025-01-03,2025-01-06,29.94,31.81,,0.0,186.99999999999974,0.0,186.99999999999974,target_hit,
cycle_win,2025-01-06,2025-01-06,32.77,33.0977,,0.0,32.77000000000001,0.0,32.77000000000001,target_hit,
cycle_win,2025-01-06,2025-01-06,33.05,33.3805,,0.0,33.05000000000007,0.0,33.05000000000007,target_hit,
cycle_win,2025-01-06,2025-01-07,33.39,33.7239,,0.0,33.389999999999986,0.0,33.389999999999986,target_hit,
cycle_win,2025-01-07,2025-01-07,33.24,33.5724,,0.0,33.23999999999998,0.0,33.23999999999998,target_hit,
cycle_win,2025-01-07,2025-01-21,33.47,33.8047,,0.0,33.4699999999998,0.0,33.4699999999998,target_hit,
cycle_win,2025-01-21,2025-01-21,33.77,34.1077,,0.0,33.76999999999981,0.0,33.76999999999981,target_hit,
cycle_win,2025-01-21,2025-01-21,34.11,34.4511,,0.0,34.10999999999973,0.0,34.10999999999973,target_hit,
cycle_win,2025-01-21,2025-01-22,34.31,34.69,,0.0,37.999999999999545,0.0,37.999999999999545,target_hit,
cycle_win,2025-01-22,2025-01-22,35.25,35.6025,,0.0,35.249999999999915,0.0,35.249999999999915,target_hit,
cycle_win,2025-01-22,2025-01-22,35.62,35.9762,,0.0,35.62000000000012,0.0,35.62000000000012,target_hit,
hedged_lot,2024-12-16,2025-01-31,32.68,26.97,27.0,2.66,-571.0,-260.0,-831.0,expiry|put_sold,2024-12-31
cycle_win,2025-02-05,2025-02-07,27.76,28.0376,,0.0,27.759999999999962,0.0,27.759999999999962,target_hit,
cycle_win,2025-02-07,2025-02-13,28.13,28.4113,,0.0,28.130000000000166,0.0,28.130000000000166,target_hit,
cycle_win,2025-02-13,2025-02-14,28.32,28.6032,,0.0,28.32000000000008,0.0,28.32000000000008,target_hit,
cycle_win,2025-02-14,2025-02-18,28.67,29.2,,0.0,52.99999999999976,0.0,52.99999999999976,target_hit,
cycle_win,2025-02-18,2025-02-18,29.84,30.1384,,0.0,29.84000000000009,0.0,29.84000000000009,target_hit,
cycle_win,2025-02-18,2025-02-19,30.14,30.4414,,0.0,30.1400000000001,0.0,30.1400000000001,target_hit,
cycle_win,2025-02-19,2025-02-19,30.54,30.845399999999998,,0.0,30.53999999999988,0.0,30.53999999999988,target_hit,
cycle_win,2025-02-19,2025-02-19,30.78,31.0878,,0.0,30.78000000000003,0.0,30.78000000000003,target_hit,
cycle_win,2025-02-19,2025-02-19,31.0,31.31,,0.0,30.999999999999872,0.0,30.999999999999872,target_hit,
cycle_win,2025-02-19,2025-02-19,31.31,31.623099999999997,,0.0,31.30999999999986,0.0,31.30999999999986,target_hit,
cycle_win,2025-02-19,2025-02-20,31.67,32.05,,0.0,37.999999999999545,0.0,37.999999999999545,target_hit,
cycle_win,2025-02-20,2025-02-20,32.19,32.5119,,0.0,32.18999999999994,0.0,32.18999999999994,target_hit,
hedged_lot,2025-01-22,2025-03-07,36.04,20.89,27.5,2.71,-854.0,-271.0,-1125.0,expiry|exercised,2025-02-05
cycle_win,2025-03-06,2025-03-07,19.23,19.5,,0.0,26.999999999999957,0.0,26.999999999999957,target_hit,
cycle_win,2025-03-07,2025-03-07,19.65,19.8465,,0.0,19.650000000000034,0.0,19.650000000000034,target_hit,
cycle_win,2025-03-07,2025-03-07,19.8,19.998,,0.0,19.80000000000004,0.0,19.80000000000004,target_hit,
cycle_win,2025-03-07,2025-03-07,19.91,20.1091,,0.0,19.91000000000014,0.0,19.91000000000014,target_hit,
cycle_win,2025-03-07,2025-03-07,19.95,20.1495,,0.0,19.950000000000045,0.0,19.950000000000045,target_hit,
cycle_win,2025-03-07,2025-03-07,19.96,20.1596,,0.0,19.960000000000022,0.0,19.960000000000022,target_hit,
cycle_win,2025-03-07,2025-03-07,20.16,20.3616,,0.0,20.15999999999991,0.0,20.15999999999991,target_hit,
cycle_win,2025-03-07,2025-03-07,20.38,20.5838,,0.0,20.38000000000011,0.0,20.38000000000011,target_hit,
cycle_win,2025-03-07,2025-03-07,20.82,21.028200000000002,,0.0,20.82000000000015,0.0,20.82000000000015,target_hit,
cycle_win,2025-03-07,2025-03-17,20.89,21.0989,,0.0,20.889999999999986,0.0,20.889999999999986,target_hit,
cycle_win,2025-03-17,2025-03-19,21.1,21.311,,0.0,21.099999999999852,0.0,21.099999999999852,target_hit,
hedged_lot,2025-02-20,2025-04-04,32.54,8.72,19.0,2.62,-1354.0,-262.0,-1616.0,expiry|exercised,2025-03-06
cycle_win,2025-04-16,2025-04-17,9.35,9.56,,0.0,21.000000000000085,0.0,21.000000000000085,target_hit,
cycle_win,2025-04-17,2025-04-17,9.29,9.3829,,0.0,9.29000000000002,0.0,9.29000000000002,target_hit,
cycle_win,2025-04-17,2025-04-17,9.26,9.3526,,0.0,9.26000000000009,0.0,9.26000000000009,target_hit,
cycle_win,2025-04-17,2025-04-23,9.35,10.58,,0.0,123.00000000000004,0.0,123.00000000000004,target_hit,
cycle_win,2025-04-23,2025-04-23,10.6,10.706,,0.0,10.599999999999987,0.0,10.599999999999987,target_hit,
cycle_win,2025-04-23,2025-04-23,10.6,10.706,,0.0,10.599999999999987,0.0,10.599999999999987,target_hit,
cycle_win,2025-04-23,2025-04-23,10.77,10.877699999999999,,0.0,10.769999999999946,0.0,10.769999999999946,target_hit,
cycle_win,2025-04-23,2025-04-24,10.89,11.05,,0.0,16.000000000000014,0.0,16.000000000000014,target_hit,
cycle_win,2025-04-24,2025-04-24,10.97,11.0797,,0.0,10.970000000000013,0.0,10.970000000000013,target_hit,
cycle_win,2025-04-24,2025-04-24,11.11,11.2211,,0.0,11.110000000000042,0.0,11.110000000000042,target_hit,
cycle_win,2025-04-24,2025-04-24,11.34,11.4534,,0.0,11.340000000000039,0.0,11.340000000000039,target_hit,
cycle_win,2025-04-24,2025-04-24,11.48,11.594800000000001,,0.0,11.480000000000068,0.0,11.480000000000068,target_hit,
cycle_win,2025-04-24,2025-04-24,11.64,11.756400000000001,,0.0,11.64000000000005,0.0,11.64000000000005,target_hit,
cycle_win,2025-04-24,2025-04-24,11.71,11.827100000000002,,0.0,11.710000000000065,0.0,11.710000000000065,target_hit,
cycle_win,2025-04-24,2025-04-24,11.79,11.9079,,0.0,11.790000000000056,0.0,11.790000000000056,target_hit,
cycle_win,2025-04-24,2025-04-24,11.94,12.0594,,0.0,11.940000000000062,0.0,11.940000000000062,target_hit,
cycle_win,2025-04-24,2025-04-25,11.98,12.0998,,0.0,11.979999999999968,0.0,11.979999999999968,target_hit,
cycle_win,2025-04-25,2025-04-25,12.17,12.2917,,0.0,12.170000000000059,0.0,12.170000000000059,target_hit,
cycle_win,2025-04-25,2025-04-25,12.28,12.4028,,0.0,12.27999999999998,0.0,12.27999999999998,target_hit,
cycle_win,2025-04-25,2025-04-25,12.41,12.5341,,0.0,12.410000000000032,0.0,12.410000000000032,target_hit,
cycle_win,2025-04-25,2025-05-01,12.54,12.6654,,0.0,12.540000000000084,0.0,12.540000000000084,target_hit,
hedged_lot,2025-03-19,2025-05-02,21.21,13.32,16.0,1.97,-521.0,-197.0,-718.0,expiry|exercised,2025-04-02
cycle_win,2025-05-01,2025-05-02,12.77,12.8977,,0.0,12.770000000000081,0.0,12.770000000000081,target_hit,
cycle_win,2025-05-02,2025-05-02,13.25,13.3825,,0.0,13.250000000000028,0.0,13.250000000000028,target_hit,
cycle_win,2025-05-02,2025-05-02,13.39,13.523900000000001,,0.0,13.390000000000057,0.0,13.390000000000057,target_hit,
cycle_win,2025-05-02,2025-05-08,13.63,13.84,,0.0,20.999999999999908,0.0,20.999999999999908,target_hit,
cycle_win,2025-05-08,2025-05-08,13.57,13.7057,,0.0,13.569999999999993,0.0,13.569999999999993,target_hit,
cycle_win,2025-05-08,2025-05-08,13.7,13.837,,0.0,13.700000000000045,0.0,13.700000000000045,target_hit,
cycle_win,2025-05-08,2025-05-08,13.77,13.9077,,0.0,13.77000000000006,0.0,13.77000000000006,target_hit,
cycle_win,2025-05-08,2025-05-08,13.94,14.0794,,0.0,13.940000000000019,0.0,13.940000000000019,target_hit,
cycle_win,2025-05-08,2025-05-08,14.15,14.291500000000001,,0.0,14.150000000000063,0.0,14.150000000000063,target_hit,
cycle_win,2025-05-08,2025-05-09,14.32,14.4632,,0.0,14.320000000000022,0.0,14.320000000000022,target_hit,
cycle_win,2025-05-09,2025-05-12,14.37,16.89,,0.0,252.00000000000014,0.0,252.00000000000014,target_hit,
cycle_win,2025-05-12,2025-05-12,16.93,17.0993,,0.0,16.92999999999998,0.0,16.92999999999998,target_hit,
cycle_win,2025-05-12,2025-05-12,17.14,17.3114,,0.0,17.139999999999844,0.0,17.139999999999844,target_hit,
cycle_win,2025-05-12,2025-05-13,17.3,17.473000000000003,,0.0,17.300000000000182,0.0,17.300000000000182,target_hit,
cycle_win,2025-05-13,2025-05-13,17.73,17.9073,,0.0,17.72999999999989,0.0,17.72999999999989,target_hit,
cycle_win,2025-05-13,2025-05-13,17.97,18.1497,,0.0,17.97000000000004,0.0,17.97000000000004,target_hit,
cycle_win,2025-05-13,2025-05-13,18.14,18.3214,,0.0,18.14,0.0,18.14,target_hit,
cycle_win,2025-05-13,2025-05-13,18.4,18.584,,0.0,18.400000000000105,0.0,18.400000000000105,target_hit,
cycle_win,2025-05-13,2025-05-13,18.57,18.7557,,0.0,18.570000000000064,0.0,18.570000000000064,target_hit,
cycle_win,2025-05-13,2025-05-14,18.77,18.97,,0.0,19.99999999999993,0.0,19.99999999999993,target_hit,
hedged_lot,2025-04-02,2025-05-16,16.25,18.39,9.0,1.37,214.0,-137.0,77.0,expiry|put_worthless,2025-04-16
cycle_win,2025-05-29,2025-06-03,17.19,17.361900000000002,,0.0,17.190000000000083,0.0,17.190000000000083,target_hit,
cycle_win,2025-06-03,2025-06-03,17.35,17.523500000000002,,0.0,17.350000000000065,0.0,17.350000000000065,target_hit,
cycle_win,2025-06-03,2025-06-03,17.55,17.7255,,0.0,17.549999999999955,0.0,17.549999999999955,target_hit,
cycle_win,2025-06-03,2025-06-03,17.72,17.897199999999998,,0.0,17.719999999999914,0.0,17.719999999999914,target_hit,
cycle_win,2025-06-03,2025-06-03,17.87,18.0487,,0.0,17.86999999999992,0.0,17.86999999999992,target_hit,
cycle_win,2025-06-03,2025-06-03,17.98,18.1598,,0.0,17.980000000000018,0.0,17.980000000000018,target_hit,
cycle_win,2025-06-03,2025-06-03,18.16,18.3416,,0.0,18.159999999999954,0.0,18.159999999999954,target_hit,
cycle_win,2025-06-03,2025-06-04,18.3,18.68,,0.0,37.9999999999999,0.0,37.9999999999999,target_hit,
cycle_win,2025-06-04,2025-06-04,18.91,19.0991,,0.0,18.909999999999982,0.0,18.909999999999982,target_hit,
cycle_win,2025-06-04,2025-06-04,18.93,19.1193,,0.0,18.929999999999936,0.0,18.929999999999936,target_hit,
cycle_win,2025-06-04,2025-06-04,18.94,19.1294,,0.0,18.939999999999912,0.0,18.939999999999912,target_hit,
cycle_win,2025-06-04,2025-06-05,19.13,19.49,,0.0,35.99999999999994,0.0,35.99999999999994,target_hit,
cycle_win,2025-06-05,2025-06-05,19.68,19.8768,,0.0,19.679999999999964,0.0,19.679999999999964,target_hit,
cycle_win,2025-06-05,2025-06-09,19.93,20.1293,,0.0,19.930000000000092,0.0,19.930000000000092,target_hit,
cycle_win,2025-06-09,2025-06-09,20.35,20.553500000000003,,0.0,20.35000000000018,0.0,20.35000000000018,target_hit,
cycle_win,2025-06-09,2025-06-09,20.51,20.715100000000003,,0.0,20.51000000000016,0.0,20.51000000000016,target_hit,
cycle_win,2025-06-09,2025-06-09,20.69,20.896900000000002,,0.0,20.690000000000097,0.0,20.690000000000097,target_hit,
cycle_win,2025-06-09,2025-06-10,20.95,21.159499999999998,,0.0,20.949999999999847,0.0,20.949999999999847,target_hit,
cycle_win,2025-06-10,2025-06-10,21.05,21.2605,,0.0,21.04999999999997,0.0,21.04999999999997,target_hit,
cycle_win,2025-06-10,2025-06-10,21.13,21.3413,,0.0,21.130000000000138,0.0,21.130000000000138,target_hit,
cycle_win,2025-06-10,2025-06-10,21.35,21.5635,,0.0,21.34999999999998,0.0,21.34999999999998,target_hit,
cycle_win,2025-06-10,2025-06-10,21.55,21.7655,,0.0,21.54999999999987,0.0,21.54999999999987,target_hit,
cycle_win,2025-06-10,2025-06-10,21.75,21.9675,,0.0,21.750000000000114,0.0,21.750000000000114,target_hit,
cycle_win,2025-06-10,2025-06-11,21.93,22.36,,0.0,42.99999999999997,0.0,42.99999999999997,target_hit,
cycle_win,2025-06-11,2025-06-11,22.37,22.593700000000002,,0.0,22.37000000000009,0.0,22.37000000000009,target_hit,
cycle_win,2025-06-11,2025-06-24,22.59,22.8159,,0.0,22.589999999999932,0.0,22.589999999999932,target_hit,
cycle_win,2025-06-24,2025-06-24,23.05,23.2805,,0.0,23.049999999999926,0.0,23.049999999999926,target_hit,
cycle_win,2025-06-24,2025-06-24,23.3,23.533,,0.0,23.300000000000054,0.0,23.300000000000054,target_hit,
cycle_win,2025-06-24,2025-06-24,23.52,23.7552,,0.0,23.519999999999897,0.0,23.519999999999897,target_hit,
cycle_win,2025-06-24,2025-06-24,23.75,23.9875,,0.0,23.75000000000007,0.0,23.75000000000007,target_hit,
cycle_win,2025-06-24,2025-06-25,23.97,24.4,,0.0,42.99999999999997,0.0,42.99999999999997,target_hit,
cycle_win,2025-06-25,2025-06-26,24.5,25.18,,0.0,67.99999999999997,0.0,67.99999999999997,target_hit,
cycle_win,2025-06-26,2025-06-26,25.02,25.2702,,0.0,25.019999999999953,0.0,25.019999999999953,target_hit,
hedged_lot,2025-05-14,2025-06-27,19.33,25.09,17.0,1.82,576.0000000000002,-182.0,394.0000000000002,expiry|put_worthless,2025-05-29
cycle_win,2025-06-26,2025-06-27,25.29,25.5429,,0.0,25.290000000000035,0.0,25.290000000000035,target_hit,
cycle_win,2025-06-27,2025-07-02,25.64,25.8964,,0.0,25.63999999999993,0.0,25.63999999999993,target_hit,
cycle_win,2025-07-02,2025-07-02,25.89,26.1489,,0.0,25.890000000000057,0.0,25.890000000000057,target_hit,
cycle_win,2025-07-02,2025-07-02,26.05,26.3105,,0.0,26.05000000000004,0.0,26.05000000000004,target_hit,
cycle_win,2025-07-02,2025-07-03,26.34,26.6034,,0.0,26.340000000000074,0.0,26.340000000000074,target_hit,
cycle_win,2025-07-03,2025-07-03,26.36,26.6236,,0.0,26.360000000000028,0.0,26.360000000000028,target_hit,
cycle_win,2025-07-03,2025-07-08,26.58,26.845799999999997,,0.0,26.57999999999987,0.0,26.57999999999987,target_hit,
cycle_win,2025-07-08,2025-07-09,26.94,27.209400000000002,,0.0,26.940000000000097,0.0,26.940000000000097,target_hit,
cycle_win,2025-07-09,2025-07-10,27.34,27.6134,,0.0,27.339999999999876,0.0,27.339999999999876,target_hit,
cycle_win,2025-07-10,2025-07-15,27.68,28.05,,0.0,37.0000000000001,0.0,37.0000000000001,target_hit,
cycle_win,2025-07-15,2025-07-15,28.17,28.451700000000002,,0.0,28.170000000000073,0.0,28.170000000000073,target_hit,
cycle_win,2025-07-29,2025-07-30,27.07,27.75,,0.0,67.99999999999997,0.0,67.99999999999997,target_hit,
cycle_win,2025-07-30,2025-07-30,27.85,28.128500000000003,,0.0,27.850000000000108,0.0,27.850000000000108,target_hit,
cycle_win,2025-07-30,2025-08-13,28.01,28.65,,0.0,63.9999999999997,0.0,63.9999999999997,target_hit,
cycle_win,2025-08-13,2025-08-13,28.95,29.2395,,0.0,28.95000000000003,0.0,28.95000000000003,target_hit,
cycle_win,2025-08-13,2025-08-14,29.22,29.5122,,0.0,29.220000000000113,0.0,29.220000000000113,target_hit,
hedged_lot,2025-07-15,2025-08-29,28.24,26.04,27.0,2.57,-124.0,-257.0,-381.0,expiry|exercised,2025-07-29
cycle_win,2025-08-28,2025-09-10,28.5,28.785,,0.0,28.500000000000014,0.0,28.500000000000014,target_hit,
cycle_win,2025-09-10,2025-09-11,28.76,29.05,,0.0,28.999999999999915,0.0,28.999999999999915,target_hit,
cycle_win,2025-09-11,2025-09-15,29.4,29.694,,0.0,29.40000000000005,0.0,29.40000000000005,target_hit,
cycle_win,2025-09-15,2025-09-16,29.84,30.33,,0.0,48.999999999999844,0.0,48.999999999999844,target_hit,
cycle_win,2025-09-16,2025-09-17,30.53,30.8353,,0.0,30.5299999999999,0.0,30.5299999999999,target_hit,
cycle_win,2025-09-17,2025-09-18,31.22,32.76,,0.0,153.99999999999991,0.0,153.99999999999991,target_hit,
cycle_win,2025-09-18,2025-09-18,32.74,33.0674,,0.0,32.739999999999725,0.0,32.739999999999725,target_hit,
cycle_win,2025-09-18,2025-09-18,32.89,33.2189,,0.0,32.88999999999973,0.0,32.88999999999973,target_hit,
cycle_win,2025-09-18,2025-09-18,33.3,33.632999999999996,,0.0,33.29999999999984,0.0,33.29999999999984,target_hit,
cycle_win,2025-09-18,2025-09-18,33.56,33.8956,,0.0,33.559999999999945,0.0,33.559999999999945,target_hit,
cycle_win,2025-09-18,2025-09-22,33.98,34.319799999999994,,0.0,33.97999999999968,0.0,33.97999999999968,target_hit,
cycle_win,2025-09-22,2025-09-23,34.43,34.7743,,0.0,34.429999999999694,0.0,34.429999999999694,target_hit,
cycle_win,2025-09-23,2025-09-23,34.79,35.1379,,0.0,34.790000000000276,0.0,34.790000000000276,target_hit,
hedged_lot,2025-08-14,2025-09-26,29.64,33.99,28.0,3.0,435.0,-300.0,135.0,expiry|put_worthless,2025-08-28
cycle_win,2025-09-23,2025-09-29,35.05,35.4005,,0.0,35.05000000000038,0.0,35.05000000000038,target_hit,
cycle_win,2025-09-29,2025-10-01,35.39,35.743900000000004,,0.0,35.3900000000003,0.0,35.3900000000003,target_hit,
cycle_win,2025-10-01,2025-10-01,35.74,36.0974,,0.0,35.73999999999984,0.0,35.73999999999984,target_hit,
cycle_win,2025-10-01,2025-10-01,36.05,36.4105,,0.0,36.05000000000018,0.0,36.05000000000018,target_hit,
cycle_win,2025-10-01,2025-10-01,36.5,36.865,,0.0,36.5000000000002,0.0,36.5000000000002,target_hit,
cycle_win,2025-10-01,2025-10-02,36.88,38.96,,0.0,207.99999999999983,0.0,207.99999999999983,target_hit,
cycle_win,2025-10-02,2025-10-02,38.77,39.157700000000006,,0.0,38.77000000000024,0.0,38.77000000000024,target_hit,
cycle_win,2025-10-02,2025-10-03,39.17,39.5617,,0.0,39.170000000000016,0.0,39.170000000000016,target_hit,
cycle_win,2025-10-03,2025-10-03,39.66,40.056599999999996,,0.0,39.65999999999994,0.0,39.65999999999994,target_hit,
cycle_win,2025-10-03,2025-10-06,39.87,42.82,,0.0,295.0000000000003,0.0,295.0000000000003,target_hit,
cycle_win,2025-10-06,2025-10-06,42.59,43.0159,,0.0,42.58999999999986,0.0,42.58999999999986,target_hit,
cycle_win,2025-10-20,2025-10-24,42.16,43.43,,0.0,127.00000000000031,0.0,127.00000000000031,target_hit,
cycle_win,2025-10-24,2025-10-27,43.87,45.49,,0.0,162.00000000000045,0.0,162.00000000000045,target_hit,
cycle_win,2025-10-27,2025-10-27,45.73,46.1873,,0.0,45.73000000000036,0.0,45.73000000000036,target_hit,
cycle_win,2025-10-27,2025-10-27,46.13,46.591300000000004,,0.0,46.13000000000014,0.0,46.13000000000014,target_hit,
cycle_win,2025-10-27,2025-10-27,46.68,47.1468,,0.0,46.67999999999992,0.0,46.67999999999992,target_hit,
cycle_win,2025-10-27,2025-10-28,46.91,47.379099999999994,,0.0,46.90999999999974,0.0,46.90999999999974,target_hit,
cycle_win,2025-10-28,2025-10-29,47.24,49.37,,0.0,212.99999999999955,0.0,212.99999999999955,target_hit,
cycle_win,2025-10-29,2025-10-29,50.01,50.5101,,0.0,50.01000000000033,0.0,50.01000000000033,target_hit,
hedged_lot,2025-10-06,2025-11-21,42.99,31.7,42.0,5.25,-99.0,-525.0,-624.0,expiry|exercised,2025-10-20
cycle_win,2025-11-26,2025-11-28,39.12,39.65,,0.0,53.000000000000114,0.0,53.000000000000114,target_hit,
cycle_win,2025-11-28,2025-11-28,39.63,40.026300000000006,,0.0,39.630000000000365,0.0,39.630000000000365,target_hit,
cycle_win,2025-11-28,2025-11-28,40.32,40.7232,,0.0,40.31999999999982,0.0,40.31999999999982,target_hit,
cycle_win,2025-11-28,2025-11-28,40.77,41.1777,,0.0,40.76999999999984,0.0,40.76999999999984,target_hit,
cycle_win,2025-11-28,2025-12-01,41.3,41.713,,0.0,41.30000000000038,0.0,41.30000000000038,target_hit,
cycle_win,2025-12-01,2025-12-01,41.85,42.2685,,0.0,41.850000000000165,0.0,41.850000000000165,target_hit,
cycle_win,2025-12-01,2025-12-02,42.24,42.79,,0.0,54.999999999999716,0.0,54.999999999999716,target_hit,
cycle_win,2025-12-02,2025-12-02,43.45,43.8845,,0.0,43.44999999999999,0.0,43.44999999999999,target_hit,
cycle_win,2025-12-02,2025-12-03,44.21,44.652100000000004,,0.0,44.21000000000035,0.0,44.21000000000035,target_hit,
cycle_win,2025-12-03,2025-12-03,44.68,45.1268,,0.0,44.68000000000032,0.0,44.68000000000032,target_hit,
cycle_win,2025-12-03,2025-12-03,44.98,45.4298,,0.0,44.98000000000033,0.0,44.98000000000033,target_hit,
cycle_win,2025-12-03,2025-12-03,45.49,45.944900000000004,,0.0,45.49000000000021,0.0,45.49000000000021,target_hit,
cycle_win,2025-12-03,2025-12-03,45.91,46.369099999999996,,0.0,45.90999999999994,0.0,45.90999999999994,target_hit,
cycle_win,2025-12-03,2025-12-05,46.31,46.7731,,0.0,46.30999999999972,0.0,46.30999999999972,target_hit,
cycle_win,2025-12-05,2025-12-05,47.32,47.7932,,0.0,47.31999999999985,0.0,47.31999999999985,target_hit,
cycle_win,2025-12-05,2025-12-08,47.81,48.2881,,0.0,47.809999999999775,0.0,47.809999999999775,target_hit,
cycle_win,2025-12-08,2025-12-10,48.29,48.7729,,0.0,48.29000000000008,0.0,48.29000000000008,target_hit,
cycle_win,2025-12-10,2025-12-10,48.15,48.631499999999996,,0.0,48.14999999999969,0.0,48.14999999999969,target_hit,
cycle_win,2025-12-10,2025-12-10,48.77,49.25770000000001,,0.0,48.77000000000038,0.0,48.77000000000038,target_hit,
cycle_win,2025-12-10,2025-12-10,49.32,49.8132,,0.0,49.320000000000164,0.0,49.320000000000164,target_hit,
hedged_lot,2025-10-29,2025-12-12,50.66,41.7,43.5,5.5,-716.0,-550.0,-1266.0,expiry|exercised,2025-11-12
hedged_lot,2025-11-12,2025-12-26,43.76,44.19,39.0,6.35,43.0,-635.0,-592.0,expiry|put_worthless,2025-11-26
cycle_win,2025-12-24,2025-12-26,44.2,44.74,,0.0,53.999999999999915,0.0,53.999999999999915,target_hit,
cycle_win,2025-12-26,2026-01-02,44.48,45.13,,0.0,65.00000000000057,0.0,65.00000000000057,target_hit,
cycle_win,2026-01-02,2026-01-02,46.61,47.0761,,0.0,46.60999999999973,0.0,46.60999999999973,target_hit,
cycle_win,2026-01-02,2026-01-02,47.03,47.5003,,0.0,47.03000000000017,0.0,47.03000000000017,target_hit,
cycle_win,2026-01-02,2026-01-02,47.45,47.9245,,0.0,47.4499999999999,0.0,47.4499999999999,target_hit,
cycle_win,2026-01-02,2026-01-05,47.8,50.34,,0.0,254.00000000000063,0.0,254.00000000000063,target_hit,
cycle_win,2026-01-05,2026-01-06,50.86,51.3686,,0.0,50.86000000000013,0.0,50.86000000000013,target_hit,
cycle_win,2026-01-06,2026-01-06,51.4,51.914,,0.0,51.40000000000029,0.0,51.40000000000029,target_hit,
cycle_win,2026-01-06,2026-01-06,51.94,52.459399999999995,,0.0,51.93999999999974,0.0,51.93999999999974,target_hit,
cycle_win,2026-01-06,2026-01-06,52.37,52.893699999999995,,0.0,52.369999999999806,0.0,52.369999999999806,target_hit,
cycle_win,2026-01-06,2026-01-06,52.94,53.4694,,0.0,52.94000000000025,0.0,52.94000000000025,target_hit,
cycle_win,2026-01-06,2026-01-06,53.49,54.0249,,0.0,53.49000000000004,0.0,53.49000000000004,target_hit,
cycle_win,2026-01-06,2026-01-09,54.13,54.6713,,0.0,54.12999999999997,0.0,54.12999999999997,target_hit,
cycle_win,2026-01-09,2026-01-13,54.69,55.69,,0.0,100.0,0.0,100.0,target_hit,
cycle_win,2026-01-13,2026-01-13,56.06,56.6206,,0.0,56.06000000000009,0.0,56.06000000000009,target_hit,
cycle_win,2026-01-13,2026-01-13,56.6,57.166000000000004,,0.0,56.60000000000025,0.0,56.60000000000025,target_hit,
cycle_win,2026-01-13,2026-01-15,57.15,60.96,,0.0,381.0000000000002,0.0,381.0000000000002,target_hit,
cycle_win,2026-01-15,2026-01-15,60.68,61.2868,,0.0,60.67999999999998,0.0,60.67999999999998,target_hit,
cycle_win,2026-01-15,2026-01-16,61.51,62.125099999999996,,0.0,61.50999999999982,0.0,61.50999999999982,target_hit,
cycle_win,2026-01-16,2026-01-21,61.82,62.4382,,0.0,61.820000000000164,0.0,61.820000000000164,target_hit,
cycle_win,2026-01-21,2026-01-21,62.47,63.094699999999996,,0.0,62.469999999999715,0.0,62.469999999999715,target_hit,
cycle_win,2026-01-21,2026-01-21,63.19,63.8219,,0.0,63.19000000000017,0.0,63.19000000000017,target_hit,
cycle_win,2026-01-21,2026-01-21,63.9,64.539,,0.0,63.90000000000029,0.0,63.90000000000029,target_hit,
cycle_win,2026-01-21,2026-01-22,64.68,66.91,,0.0,222.99999999999898,0.0,222.99999999999898,target_hit,
hedged_lot,2025-12-10,2026-01-23,49.75,61.55,44.0,4.15,1180.0,-415.00000000000006,765.0,expiry|put_worthless,2025-12-24
cycle_win,2026-01-22,2026-01-28,65.43,69.0,,0.0,356.9999999999993,0.0,356.9999999999993,target_hit,
cycle_win,2026-01-28,2026-01-28,69.28,69.9728,,0.0,69.28000000000054,0.0,69.28000000000054,target_hit,
cycle_win,2026-01-28,2026-01-29,70.26,70.96260000000001,,0.0,70.26000000000039,0.0,70.26000000000039,target_hit,
cycle_win,2026-02-12,2026-02-13,63.03,63.93,,0.0,89.99999999999986,0.0,89.99999999999986,target_hit,
cycle_win,2026-02-13,2026-02-13,64.14,64.7814,,0.0,64.14000000000044,0.0,64.14000000000044,target_hit,
cycle_win,2026-02-13,2026-02-13,63.2,63.832,,0.0,63.19999999999979,0.0,63.19999999999979,target_hit,
cycle_win,2026-02-13,2026-02-13,64.11,64.7511,,0.0,64.10999999999945,0.0,64.10999999999945,target_hit,
cycle_win,2026-02-13,2026-02-13,64.78,65.4278,,0.0,64.78000000000037,0.0,64.78000000000037,target_hit,
cycle_win,2026-02-13,2026-02-18,65.72,66.3772,,0.0,65.72000000000031,0.0,65.72000000000031,target_hit,
cycle_win,2026-02-18,2026-02-18,66.39,67.0539,,0.0,66.38999999999982,0.0,66.38999999999982,target_hit,
cycle_win,2026-02-18,2026-02-18,66.92,67.5892,,0.0,66.92000000000036,0.0,66.92000000000036,target_hit,
cycle_win,2026-02-18,2026-02-18,67.76,68.4376,,0.0,67.75999999999982,0.0,67.75999999999982,target_hit,
cycle_win,2026-02-18,2026-02-24,68.42,69.1042,,0.0,68.42000000000041,0.0,68.42000000000041,target_hit,
cycle_win,2026-02-24,2026-02-24,69.07,69.7607,,0.0,69.07000000000068,0.0,69.07000000000068,target_hit,
cycle_win,2026-02-24,2026-02-25,69.81,70.89,,0.0,107.99999999999983,0.0,107.99999999999983,target_hit,
cycle_win,2026-02-25,2026-02-25,71.11,71.8211,,0.0,71.11000000000018,0.0,71.11000000000018,target_hit,
hedged_lot,2026-01-29,2026-03-13,71.06,50.73,63.0,9.1,-806.0,-910.0,-1716.0,expiry|exercised,2026-02-12
cycle_win,2026-03-11,2026-03-23,56.1,56.661,,0.0,56.099999999999994,0.0,56.099999999999994,target_hit,
cycle_win,2026-03-23,2026-03-25,56.61,57.1761,,0.0,56.60999999999987,0.0,56.60999999999987,target_hit,
cycle_win,2026-03-25,2026-03-25,56.72,57.2872,,0.0,56.71999999999997,0.0,56.71999999999997,target_hit,
cycle_win,2026-03-25,2026-03-25,57.35,57.923500000000004,,0.0,57.35000000000028,0.0,57.35000000000028,target_hit,
cycle_win,2026-03-25,2026-03-25,57.67,58.246700000000004,,0.0,57.67000000000024,0.0,57.67000000000024,target_hit,
cycle_win,2026-03-25,2026-04-08,57.76,66.27,,0.0,850.9999999999998,0.0,850.9999999999998,target_hit,
cycle_win,2026-04-08,2026-04-08,66.65,67.3165,,0.0,66.64999999999992,0.0,66.64999999999992,target_hit,
cycle_win,2026-04-08,2026-04-08,67.28,67.9528,,0.0,67.27999999999952,0.0,67.27999999999952,target_hit,
cycle_win,2026-04-08,2026-04-09,67.34,68.12,,0.0,78.00000000000011,0.0,78.00000000000011,target_hit,
cycle_win,2026-04-09,2026-04-09,68.52,69.20519999999999,,0.0,68.51999999999947,0.0,68.51999999999947,target_hit,
cycle_win,2026-04-09,2026-04-09,69.61,70.3061,,0.0,69.61000000000013,0.0,69.61000000000013,target_hit,
cycle_win,2026-04-09,2026-04-09,70.33,71.0333,,0.0,70.32999999999987,0.0,70.32999999999987,target_hit,
cycle_win,2026-04-09,2026-04-09,70.87,71.57870000000001,,0.0,70.87000000000074,0.0,70.87000000000074,target_hit,
cycle_win,2026-04-09,2026-04-09,71.44,72.1544,,0.0,71.43999999999977,0.0,71.43999999999977,target_hit,
hedged_lot,2026-02-25,2026-04-10,72.02,76.38,56.0,8.05,436.0,-805.0000000000001,-369.0000000000001,expiry|put_worthless,2026-03-11
cycle_win,2026-04-09,2026-04-10,72.24,74.3,,0.0,206.00000000000023,0.0,206.00000000000023,target_hit,
cycle_win,2026-04-10,2026-04-10,75.58,76.33579999999999,,0.0,75.57999999999936,0.0,75.57999999999936,target_hit,
cycle_win,2026-04-10,2026-04-10,75.06,75.81060000000001,,0.0,75.06000000000057,0.0,75.06000000000057,target_hit,
cycle_win,2026-04-10,2026-04-10,76.21,76.9721,,0.0,76.21000000000038,0.0,76.21000000000038,target_hit,
cycle_win,2026-04-10,2026-04-10,77.4,78.174,,0.0,77.40000000000009,0.0,77.40000000000009,target_hit,
cycle_win,2026-04-10,2026-04-13,78.27,79.0527,,0.0,78.27000000000055,0.0,78.27000000000055,target_hit,
cycle_win,2026-04-13,2026-04-13,78.99,79.7799,,0.0,78.9900000000003,0.0,78.9900000000003,target_hit,
cycle_win,2026-04-13,2026-04-13,79.74,80.53739999999999,,0.0,79.73999999999961,0.0,79.73999999999961,target_hit,
cycle_win,2026-04-13,2026-04-14,80.58,83.27,,0.0,268.9999999999998,0.0,268.9999999999998,target_hit,
cycle_win,2026-04-14,2026-04-14,82.03,82.8503,,0.0,82.03000000000031,0.0,82.03000000000031,target_hit,
cycle_win,2026-04-14,2026-04-14,82.61,83.4361,,0.0,82.60999999999967,0.0,82.60999999999967,target_hit,
cycle_win,2026-04-14,2026-04-14,83.38,84.21379999999999,,0.0,83.37999999999965,0.0,83.37999999999965,target_hit,
cycle_win,2026-04-14,2026-04-14,84.18,85.02180000000001,,0.0,84.18000000000063,0.0,84.18000000000063,target_hit,
cycle_win,2026-04-14,2026-04-15,85.0,85.85,,0.0,84.99999999999943,0.0,84.99999999999943,target_hit,
cycle_win,2026-04-15,2026-04-15,84.58,85.4258,,0.0,84.5799999999997,0.0,84.5799999999997,target_hit,
cycle_win,2026-04-15,2026-04-16,85.42,86.27420000000001,,0.0,85.42000000000058,0.0,85.42000000000058,target_hit,
cycle_win,2026-04-16,2026-04-16,86.99,87.8599,,0.0,86.99000000000012,0.0,86.99000000000012,target_hit,
cycle_win,2026-04-16,2026-04-16,88.02,88.9002,,0.0,88.02000000000021,0.0,88.02000000000021,target_hit,
cycle_win,2026-04-16,2026-04-17,89.09,93.17,,0.0,407.99999999999983,0.0,407.99999999999983,target_hit,
cycle_win,2026-04-17,2026-04-17,92.39,93.3139,,0.0,92.39000000000033,0.0,92.39000000000033,target_hit,
cycle_win,2026-04-17,2026-04-17,93.36,94.2936,,0.0,93.35999999999984,0.0,93.35999999999984,target_hit,
cycle_win,2026-04-17,2026-04-20,94.11,95.97,,0.0,185.99999999999994,0.0,185.99999999999994,target_hit,
cycle_win,2026-04-20,2026-04-21,95.63,97.97,,0.0,234.00000000000034,0.0,234.00000000000034,target_hit,
cycle_win,2026-04-21,2026-04-21,98.61,99.5961,,0.0,98.61000000000075,0.0,98.61000000000075,target_hit,
cycle_win,2026-04-21,2026-04-22,99.65,102.94,,0.0,328.9999999999992,0.0,328.9999999999992,target_hit,
cycle_win,2026-04-22,2026-04-22,102.4,103.424,,0.0,102.40000000000009,0.0,102.40000000000009,target_hit,
cycle_win,2026-04-22,2026-04-22,103.58,104.6158,,0.0,103.57999999999947,0.0,103.57999999999947,target_hit,
cycle_win,2026-04-22,2026-04-22,104.51,105.55510000000001,,0.0,104.5100000000005,0.0,104.5100000000005,target_hit,
cycle_win,2026-04-22,2026-04-23,105.5,108.61,,0.0,310.99999999999994,0.0,310.99999999999994,target_hit,
cycle_win,2026-04-23,2026-04-23,109.78,110.87780000000001,,0.0,109.78000000000065,0.0,109.78000000000065,target_hit,
cycle_win,2026-04-23,2026-04-23,112.2,113.322,,0.0,112.19999999999999,0.0,112.19999999999999,target_hit,
cycle_win,2026-04-23,2026-04-23,113.26,114.3926,,0.0,113.25999999999965,0.0,113.25999999999965,target_hit,
cycle_win,2026-04-23,2026-04-23,114.88,116.02879999999999,,0.0,114.87999999999943,0.0,114.87999999999943,target_hit,
cycle_win,2026-04-23,2026-04-24,115.91,125.21,,0.0,929.9999999999998,0.0,929.9999999999998,target_hit,
cycle_win,2026-04-24,2026-04-24,127.46,128.7346,,0.0,127.46000000000066,0.0,127.46000000000066,target_hit,
cycle_win,2026-04-24,2026-04-24,127.87,129.14870000000002,,0.0,127.87000000000148,0.0,127.87000000000148,target_hit,
cycle_win,2026-04-24,2026-05-01,129.16,130.45159999999998,,0.0,129.15999999999883,0.0,129.15999999999883,target_hit,
cycle_win,2026-05-01,2026-05-04,130.63,132.2,,0.0,156.99999999999932,0.0,156.99999999999932,target_hit,
cycle_win,2026-05-04,2026-05-04,131.03,132.3403,,0.0,131.03000000000122,0.0,131.03000000000122,target_hit,
cycle_win,2026-05-04,2026-05-04,130.93,132.23930000000001,,0.0,130.93000000000075,0.0,130.93000000000075,target_hit,
cycle_win,2026-05-04,2026-05-05,132.92,135.0,,0.0,208.00000000000125,0.0,208.00000000000125,target_hit,
cycle_win,2026-05-05,2026-05-05,134.53,135.8753,,0.0,134.53000000000088,0.0,134.53000000000088,target_hit,
cycle_win,2026-05-05,2026-05-05,137.73,139.10729999999998,,0.0,137.7299999999991,0.0,137.7299999999991,target_hit,
cycle_win,2026-05-05,2026-05-05,138.7,140.087,,0.0,138.70000000000005,0.0,138.70000000000005,target_hit,
cycle_win,2026-05-05,2026-05-05,140.7,142.107,,0.0,140.70000000000107,0.0,140.70000000000107,target_hit,
cycle_win,2026-05-05,2026-05-05,141.91,143.3291,,0.0,141.91000000000145,0.0,141.91000000000145,target_hit,
cycle_win,2026-05-05,2026-05-05,143.42,144.8542,,0.0,143.4200000000004,0.0,143.4200000000004,target_hit,
cycle_win,2026-05-05,2026-05-05,144.77,146.2177,,0.0,144.76999999999975,0.0,144.76999999999975,target_hit,
cycle_win,2026-05-05,2026-05-06,146.68,157.84,,0.0,1115.9999999999995,0.0,1115.9999999999995,target_hit,
cycle_win,2026-05-06,2026-05-06,161.47,163.0847,,0.0,161.4699999999999,0.0,161.4699999999999,target_hit,
cycle_win,2026-05-06,2026-05-06,162.88,164.5088,,0.0,162.88000000000125,0.0,162.88000000000125,target_hit,
cycle_win,2026-05-06,2026-05-08,164.43,166.07430000000002,,0.0,164.43000000000154,0.0,164.43000000000154,target_hit,
cycle_win,2026-05-08,2026-05-08,166.37,168.0337,,0.0,166.37000000000057,0.0,166.37000000000057,target_hit,
cycle_win,2026-05-08,2026-05-08,167.8,169.478,,0.0,167.79999999999973,0.0,167.79999999999973,target_hit,
cycle_win,2026-05-08,2026-05-08,169.32,171.01319999999998,,0.0,169.31999999999903,0.0,169.31999999999903,target_hit,
cycle_win,2026-05-08,2026-05-08,170.04,171.7404,,0.0,170.0400000000002,0.0,170.0400000000002,target_hit,
cycle_win,2026-05-08,2026-05-08,171.93,173.6493,,0.0,171.9300000000004,0.0,171.9300000000004,target_hit,
cycle_win,2026-05-08,2026-05-08,173.19,174.9219,,0.0,173.1899999999996,0.0,173.1899999999996,target_hit,
cycle_win,2026-05-08,2026-05-08,175.68,177.4368,,0.0,175.67999999999984,0.0,175.67999999999984,target_hit,
cycle_win,2026-05-08,2026-05-11,177.44,181.0,,0.0,356.0000000000002,0.0,356.0000000000002,target_hit,
cycle_win,2026-05-11,2026-05-11,187.59,189.4659,,0.0,187.59000000000015,0.0,187.59000000000015,target_hit,
cycle_win,2026-05-11,2026-05-22,189.7,191.59699999999998,,0.0,189.69999999999914,0.0,189.69999999999914,target_hit,
cycle_win,2026-05-22,2026-05-22,191.86,193.7786,,0.0,191.8599999999998,0.0,191.8599999999998,target_hit,
cycle_win,2026-05-22,2026-05-26,194.53,211.38,,0.0,1684.9999999999995,0.0,1684.9999999999995,target_hit,
cycle_win,2026-05-26,2026-05-26,211.0,213.11,,0.0,211.00000000000136,0.0,211.00000000000136,target_hit,
cycle_win,2026-05-26,2026-05-26,214.55,216.6955,,0.0,214.54999999999984,0.0,214.54999999999984,target_hit,
cycle_win,2026-05-26,2026-05-26,216.03,218.1903,,0.0,216.03000000000065,0.0,216.03000000000065,target_hit,
cycle_win,2026-05-26,2026-05-26,218.05,220.2305,,0.0,218.0499999999995,0.0,218.0499999999995,target_hit,
cycle_win,2026-05-26,2026-05-26,221.0,223.21,,0.0,221.0000000000008,0.0,221.0000000000008,target_hit,
cycle_win,2026-05-26,2026-05-26,223.21,225.4421,,0.0,223.21000000000026,0.0,223.21000000000026,target_hit,
cycle_win,2026-05-26,2026-05-26,225.79,228.0479,,0.0,225.79000000000065,0.0,225.79000000000065,target_hit,
cycle_win,2026-05-26,2026-05-27,227.95,242.55,,0.0,1460.0000000000023,0.0,1460.0000000000023,target_hit,
cycle_win,2026-05-27,2026-05-29,233.8,236.138,,0.0,233.7999999999994,0.0,233.7999999999994,target_hit,
cycle_win,2026-05-29,2026-06-02,237.01,243.18,,0.0,617.0000000000016,0.0,617.0000000000016,target_hit,
cycle_win,2026-06-02,2026-06-02,245.4,247.854,,0.0,245.40000000000077,0.0,245.40000000000077,target_hit,
cycle_win,2026-06-02,2026-06-02,249.0,251.49,,0.0,249.0000000000009,0.0,249.0000000000009,target_hit,
cycle_win,2026-06-02,2026-06-02,251.82,254.3382,,0.0,251.82000000000073,0.0,251.82000000000073,target_hit,
cycle_win,2026-06-02,2026-06-02,253.87,256.4087,,0.0,253.87000000000057,0.0,253.87000000000057,target_hit,
cycle_win,2026-06-02,2026-06-02,256.81,259.3781,,0.0,256.81000000000154,0.0,256.81000000000154,target_hit,
cycle_win,2026-06-02,2026-06-02,259.4,261.99399999999997,,0.0,259.3999999999994,0.0,259.3999999999994,target_hit,
cycle_win,2026-06-02,2026-06-02,262.24,264.86240000000004,,0.0,262.24000000000274,0.0,262.24000000000274,target_hit,
cycle_win,2026-06-02,2026-06-03,265.03,281.47,,0.0,1644.0000000000055,0.0,1644.0000000000055,target_hit,
cycle_win,2026-06-03,2026-06-03,277.78,280.5578,,0.0,277.78000000000134,0.0,277.78000000000134,target_hit,
cycle_win,2026-06-17,2026-06-18,233.67,266.03,,0.0,3235.9999999999986,0.0,3235.9999999999986,target_hit,
cycle_win,2026-06-18,2026-06-18,267.59,270.2659,,0.0,267.5900000000013,0.0,267.5900000000013,target_hit,
cycle_win,2026-06-18,2026-06-18,266.36,269.02360000000004,,0.0,266.3600000000031,0.0,266.3600000000031,target_hit,
cycle_win,2026-06-18,2026-06-18,270.77,273.47769999999997,,0.0,270.76999999999884,0.0,270.76999999999884,target_hit,
cycle_win,2026-06-18,2026-06-18,272.73,275.45730000000003,,0.0,272.7300000000014,0.0,272.7300000000014,target_hit,
cycle_win,2026-06-18,2026-06-18,276.9,279.669,,0.0,276.90000000000055,0.0,276.90000000000055,target_hit,
cycle_win,2026-06-18,2026-06-18,279.57,282.3657,,0.0,279.5700000000011,0.0,279.5700000000011,target_hit,
cycle_win,2026-06-18,2026-06-18,281.56,284.3756,,0.0,281.56000000000176,0.0,281.56000000000176,target_hit,
cycle_win,2026-06-18,2026-06-22,284.7,299.26,,0.0,1456.0000000000002,0.0,1456.0000000000002,target_hit,
cycle_win,2026-06-22,2026-06-22,296.99,299.9599,,0.0,296.98999999999955,0.0,296.98999999999955,target_hit,
hedged_lot,2026-06-03,2026-07-02,282.77,181.03,230.0,45.0,-10174.0,1070.0000000000002,-9104.0,expiry|put_sold,2026-06-17
final_liq,2026-06-22,2026-07-02,299.4,181.03,,0.0,-11836.999999999998,0.0,-11836.999999999998,end_of_data,
