src,tgt,feature,lag,target,kind,n,beta,t_hac,p_hac,t_ols,partial_R2_pct,beta_train,beta_test,sign_stable,abs_t,p_bh,passes_fwer
SPXL,FAS,lasthr_ret,1,cc_ret,direction,1492,-0.03300367358003989,-0.9936025320932907,0.32041641096418816,-1.2403892376299952,0.1031758132810423,-0.00972885945885964,-0.09343154419211214,True,0.9936025320932907,0.6308321564452471,False
SPXL,FAS,lasthr_logrv,1,cc_ret,direction,1492,0.01939423939682827,0.7092148459473219,0.47819116204431933,0.7309175213922198,0.035850184416375,0.00946624584668549,0.035897963877995404,True,0.7092148459473219,0.737625686631691,False
SPXL,FAS,lasthr_jump,1,cc_ret,direction,1492,0.003840674406181773,0.1545816742826272,0.8771511181253011,0.14823246244154928,0.0014749954452386582,0.002639554452057733,0.005101578689961047,True,0.1545816742826272,0.9694949418001367,False
SPXL,FAS,lasthr_volratio,1,cc_ret,direction,1474,-0.02072029442489896,-0.751120294688998,0.4525802629428106,-0.7839516981193793,0.04174228951345782,-0.029346348681385026,-0.01376149085233435,True,0.751120294688998,0.7264941048210743,False
SPXL,FAS,lasthr_cir,1,cc_ret,direction,1492,-0.03868563479139292,-1.4799761830348699,0.13887960282664927,-1.4777931427735338,0.14638657014802714,-0.04892766565194162,-0.02495370092743093,True,1.4799761830348699,0.418471178484794,False
SPXL,FAS,lasthr_ofi,1,cc_ret,direction,1492,-0.030163331633927874,-1.1206726924182564,0.262427210067798,-1.154824301365819,0.08944446475401824,-0.05488913035955305,-0.004638690793757808,True,1.1206726924182564,0.5819038136285956,False
SPXL,FAS,lasthr_share,1,cc_ret,direction,1492,0.008279151100788593,0.3393350579588796,0.7343573352781384,0.31797516647147567,0.006786836068850555,-0.0006690431970294516,0.02104835364531425,False,0.3393350579588796,0.9065591309938895,False
SPXL,FAS,day_ret,1,cc_ret,direction,1504,-0.053185918674695715,-0.900016187883994,0.3681116360419576,-1.6723193636172504,0.18589891809629444,0.017864952299329485,-0.16007850477618932,False,0.900016187883994,0.6750092022701963,False
SPXL,FAS,day_logrv,1,cc_ret,direction,1504,0.03197711570251185,1.166306506911316,0.2434905433135529,1.2183096827033093,0.09874906546732953,0.02172118071112633,0.051147194626714534,True,1.166306506911316,0.5488626611708817,False
SPXL,FAS,day_jump,1,cc_ret,direction,1504,-0.003340570297401764,-0.12227077117014196,0.90268457951199,-0.12938492110643143,0.0011148317629605664,-0.008177946217904547,0.0030365571566170757,False,0.12227077117014196,0.9709482515011568,False
SPXL,FAS,day_volratio,1,cc_ret,direction,1486,-0.016391360371168888,-0.5695906712242178,0.5689553571549049,-0.6192167770840306,0.025837301679787483,-0.02048160392924077,-0.012355916071649977,True,0.5695906712242178,0.7954645547067752,False
SPXL,FAS,day_cir,1,cc_ret,direction,1504,-0.041418000060049795,-1.4025447813808933,0.16075262781437893,-1.4273812590783006,0.13549951085575218,-0.04465621890383312,-0.037329757029605594,True,1.4025447813808933,0.45077025531454706,False
SPXL,FAS,day_ofi,1,cc_ret,direction,1504,-0.0058169797508263055,-0.21118089559227482,0.8327461176951185,-0.204667475016937,0.002789538696601479,0.032591930097072716,-0.0402897514704355,False,0.21118089559227482,0.966601468050095,False
SPXL,FAS,day_maxabs,1,cc_ret,direction,1504,0.012084922790992738,0.4874816784384467,0.6259170235350284,0.46565330417538486,0.0144380815809253,-0.005375896577555961,0.02622262900136886,False,0.4874816784384467,0.8331946022913266,False
SPXL,FAS,d5_ret,1,cc_ret,direction,1501,-0.0836596280578767,-2.7778455579269687,0.005472062054226528,-3.164240497171794,0.6636842348684557,-0.05869678755633756,-0.1337922330751457,True,2.7778455579269687,0.04465202636248847,False
SPXL,FAS,d5_logrv,1,cc_ret,direction,1501,0.03427616966318231,1.2910372157524923,0.19669077301181326,1.3273443178476985,0.11742818282517442,0.018571117877830837,0.06592218670349649,True,1.2910372157524923,0.49565742468808655,False
SPXL,FAS,d5_volratio,1,cc_ret,direction,1486,-0.025435284392226774,-0.8984292250018455,0.36895676161286617,-0.9778176429015798,0.06440355296765121,-0.024183850487084046,-0.026752304613897934,True,0.8984292250018455,0.6750419674351992,False
SPXL,FAS,lasthr_ret,2,cc_ret,direction,1491,-0.038439498176684836,-1.396097986446762,0.16268499009997872,-1.4441438973111662,0.13996156453796038,-0.025447381416859937,-0.07262262923304308,True,1.396097986446762,0.45307492123407045,False
SPXL,FAS,lasthr_logrv,2,cc_ret,direction,1491,0.014437778924647744,0.534350489934548,0.5930990662401956,0.5437315935857084,0.01986456136794379,0.01535612069247907,0.017129332547467197,True,0.534350489934548,0.8120282517651001,False
SPXL,FAS,lasthr_jump,2,cc_ret,direction,1491,0.0034035411957945823,0.12934453812995036,0.897085031067994,0.13128743427581616,0.0011583436275608427,0.010987056346474197,-0.005252748286524832,False,0.12934453812995036,0.9709482515011568,False
SPXL,FAS,lasthr_volratio,2,cc_ret,direction,1473,-0.03196229376920942,-1.233580346472393,0.21735932022229132,-1.2089384829912575,0.09932516925429402,-8.218001331131706e-05,-0.058450711978858025,True,1.233580346472393,0.5131325011690228,False
SPXL,FAS,lasthr_cir,2,cc_ret,direction,1491,-0.0411107239975944,-1.7032461727634713,0.08852200917697155,-1.5696989060076134,0.16531424849118848,-0.03398681576278891,-0.0522608420399966,True,1.7032461727634713,0.3100169935124841,False
SPXL,FAS,lasthr_ofi,2,cc_ret,direction,1491,-0.05125485312573823,-2.306961113664575,0.021056988035948604,-1.9628614923808099,0.25825716695293544,-0.06792740637246408,-0.03397364729406812,True,2.306961113664575,0.12100353688263422,False
SPXL,FAS,lasthr_share,2,cc_ret,direction,1491,-0.026462284072130977,-1.1581988796213782,0.24678288544672955,-1.0160788492491202,0.06933455354167783,-0.00806492997849736,-0.05152008059980029,True,1.1581988796213782,0.5538801977876772,False
SPXL,FAS,day_ret,2,cc_ret,direction,1503,0.0031495097978389117,0.059779194273423125,0.9523314965012382,0.09888442212010168,0.0006518609882766313,-0.05596650411409898,0.09091890244762296,False,0.059779194273423125,0.9794777168038538,False
SPXL,FAS,day_logrv,2,cc_ret,direction,1503,0.035324815573237266,1.2426887784304927,0.2139825406512118,1.3452824265317027,0.12050507284442347,0.010039781758110449,0.07775180111781187,True,1.2426887784304927,0.5109179495482626,False
SPXL,FAS,day_jump,2,cc_ret,direction,1503,0.0058134903153372434,0.1957878255573665,0.8447762394553096,0.22504921616403062,0.0033763107205708742,-0.027434586771308934,0.0488715677733948,False,0.1957878255573665,0.9679519446334979,False
SPXL,FAS,day_volratio,2,cc_ret,direction,1485,-0.004054952601525403,-0.12725539632916966,0.8987382617914401,-0.15308196783517647,0.0015812073752896616,-0.0168464387034756,0.007939122108983798,False,0.12725539632916966,0.9709482515011568,False
SPXL,FAS,day_cir,2,cc_ret,direction,1503,-0.07019537288591904,-2.4043875375235286,0.016199589822019116,-2.4207967096776173,0.3891573976331997,-0.10385736987553361,-0.025954894864524847,True,2.4043875375235286,0.09938996462231278,False
SPXL,FAS,day_ofi,2,cc_ret,direction,1503,-0.03032015298867852,-1.1907000280687448,0.23377136690657796,-1.0666195853193654,0.07578650919684016,-0.062323216307881624,-0.0011146888847757435,True,1.1907000280687448,0.537344888438782,False
SPXL,FAS,day_maxabs,2,cc_ret,direction,1503,0.06878567362396158,1.2680132458501019,0.20479322034013248,2.6550723936242933,0.46775513538250824,-0.037929269373128134,0.15396833143843192,False,1.2680132458501019,0.5039933988366466,False
SPXL,FAS,d5_ret,2,cc_ret,direction,1500,-0.06337077533573546,-2.6302096220968405,0.00853322335415103,-2.3921869037300287,0.38080656672184743,-0.08359857615443757,-0.02582233030952575,True,2.6302096220968405,0.06162044475209947,False
SPXL,FAS,d5_logrv,2,cc_ret,direction,1500,0.03751772768794223,1.4038476964734958,0.16036420740381074,1.4522810986615717,0.14068932358879405,0.02790861077987845,0.059911501717978266,True,1.4038476964734958,0.45077025531454706,False
SPXL,FAS,d5_volratio,2,cc_ret,direction,1485,-0.011744806174102446,-0.42734063521797594,0.6691312396827296,-0.45114941464963076,0.013731841471809059,0.005228911689554563,-0.02984631371769284,False,0.42734063521797594,0.861589281905692,False
SPXL,FAS,lasthr_ret,1,overnight,direction,1492,-0.040254125963870464,-1.2034705315738827,0.22879428824801218,-1.5513428463391896,0.16136629532851332,-0.03869780738216862,-0.04122023866984027,True,1.2034705315738827,0.528884247054895,False
SPXL,FAS,lasthr_logrv,1,overnight,direction,1492,0.007895866767437816,0.26356602505622634,0.792114341096258,0.30268089703358175,0.006152362829714431,0.000675049566855947,0.01214292715670147,True,0.26356602505622634,0.9435989815102869,False
SPXL,FAS,lasthr_jump,1,overnight,direction,1492,-0.05052734570198231,-2.0704961116761975,0.03840590979194339,-1.9519162193309172,0.2552179112212838,-0.07771074217236446,-0.016539641750351327,True,2.0704961116761975,0.18434836700132826,False
SPXL,FAS,lasthr_volratio,1,overnight,direction,1474,-0.03615047964211772,-0.956105565413695,0.3390189033169666,-1.3841160819483855,0.13006600080402997,-0.018697481641297017,-0.04668511580154371,True,0.956105565413695,0.6418548146325864,False
SPXL,FAS,lasthr_cir,1,overnight,direction,1492,-0.02814881220364974,-1.0329100741868686,0.30164598383662355,-1.0864686831254413,0.07921162216496525,-0.03470246797884909,-0.01893230003140603,True,1.0329100741868686,0.6107769796791187,False
SPXL,FAS,lasthr_ofi,1,overnight,direction,1492,-0.0025835802155761284,-0.09484663569974408,0.924436643878819,-0.09968186527854325,0.0006673106397792061,-0.026411253191904953,0.020365637893836636,False,0.09484663569974408,0.9758606745214958,False
SPXL,FAS,lasthr_share,1,overnight,direction,1492,-0.0037473937891969347,-0.1534914431437932,0.878010737733212,-0.1445361611470147,0.0014029609203602966,-0.011873568032600838,0.004657321086772452,False,0.1534914431437932,0.9694949418001367,False
SPXL,FAS,day_ret,1,overnight,direction,1504,0.033673272724092304,0.9070028816353392,0.3644052733786941,1.3035974872692768,0.11308751338323653,0.028599188441479205,0.05526681598651645,True,0.9070028816353392,0.6712295780519513,False
SPXL,FAS,day_logrv,1,overnight,direction,1504,0.023436319202449693,0.8090758826166592,0.41847149968637687,0.8984563170462468,0.05375012428636694,0.01663734688028845,0.03174830078481913,True,0.8090758826166592,0.7121940407344242,False
SPXL,FAS,day_jump,1,overnight,direction,1504,-0.008709730618724007,-0.32851113366282036,0.7425252275352916,-0.3374439088209734,0.007585588465752746,-0.04383159370906997,0.04615136456658411,False,0.32851113366282036,0.9099420907252361,False
SPXL,FAS,day_volratio,1,overnight,direction,1486,-0.031502755279491465,-1.0099770134336892,0.31250630308473504,-1.2048356561449656,0.0977885219206609,-0.01763398761472505,-0.03977790688614123,True,1.0099770134336892,0.6234844579881266,False
SPXL,FAS,day_cir,1,overnight,direction,1504,-0.0017391739574644733,-0.06401923613357927,0.9489549100058038,-0.06734417027740795,0.0003021466178254606,0.010880481730402923,-0.018911184216108427,False,0.06401923613357927,0.979060164318174,False
SPXL,FAS,day_ofi,1,overnight,direction,1504,0.04653983436826588,1.746671561249441,0.08069432614890894,1.8050337149940396,0.21659478353406314,0.06852566644091768,0.02910810212370955,True,1.746671561249441,0.292169627230015,False
SPXL,FAS,day_maxabs,1,overnight,direction,1504,0.05797411192667711,1.8779559907513794,0.0603871858126301,2.2236909071915507,0.3283518862871926,0.025705958858675385,0.10323520008091605,True,1.8779559907513794,0.24886043380639106,False
SPXL,FAS,d5_ret,1,overnight,direction,1501,-0.011199905502040206,-0.3920745854451,0.6950031051125923,-0.4332920165593563,0.012531264855097923,0.010465351568836299,-0.03943008996766391,False,0.3920745854451,0.8792597422819773,False
SPXL,FAS,d5_logrv,1,overnight,direction,1501,0.023505934249699552,0.8411676360764864,0.40025402852920955,0.9098057473690261,0.05522623059160958,0.021046206785158336,0.021886330808837576,True,0.8411676360764864,0.7045715749937692,False
SPXL,FAS,d5_volratio,1,overnight,direction,1486,-0.0038526444558956365,-0.15519705578274653,0.8766659693121391,-0.14824932178307665,0.0014819588764702907,0.004701624908518046,-0.009615804097496877,False,0.15519705578274653,0.9694949418001367,False
SPXL,FAS,lasthr_ret,2,overnight,direction,1491,-0.024199322672672677,-0.7210184827419149,0.4708981431410677,-0.9318472141232733,0.058317443833155735,-0.0021235527121766023,-0.07946874549354918,True,0.7210184827419149,0.731910256767831,False
SPXL,FAS,lasthr_logrv,2,overnight,direction,1491,-0.012668199088909843,-0.46471155204661807,0.6421380345526775,-0.4854757778155797,0.015835390234575364,-0.008505489131128958,-0.032142918328349764,True,0.46471155204661807,0.8478715796035352,False
SPXL,FAS,lasthr_jump,2,overnight,direction,1491,0.003378058008208644,0.12815783394801894,0.8980240684645583,0.13029168688764511,0.0011407510578265168,0.024663656384098592,-0.018662662888117475,False,0.12815783394801894,0.9709482515011568,False
SPXL,FAS,lasthr_volratio,2,overnight,direction,1473,-0.02021325497606592,-0.7397572437524566,0.45944730684746005,-0.7733272523308695,0.04066334406094274,0.008467286243494217,-0.04420537163869512,False,0.7397572437524566,0.7279786454126745,False
SPXL,FAS,lasthr_cir,2,overnight,direction,1491,-0.05052231440214676,-1.9844975085202392,0.047200405561467686,-1.9511520118550407,0.2551731209127328,-0.03916967680858737,-0.06543627662049395,True,1.9844975085202392,0.2112705952929697,False
SPXL,FAS,lasthr_ofi,2,overnight,direction,1491,-0.03423324951678577,-1.397876649605923,0.16215011176147698,-1.3211825972173836,0.11715988912940345,-0.02930036410154492,-0.03917269763088695,True,1.397876649605923,0.45307492123407045,False
SPXL,FAS,lasthr_share,2,overnight,direction,1491,-0.018657115829132105,-0.8394685288439702,0.4012064423317724,-0.7195044106601617,0.034775891643135104,0.0004608499184912962,-0.04987671640099208,False,0.8394685288439702,0.7045715749937692,False
SPXL,FAS,day_ret,2,overnight,direction,1503,-0.013241845959441391,-0.3609177528496725,0.7181609319768107,-0.5122220376747231,0.01748808980519545,0.014492092796756518,-0.06132948315434565,False,0.3609177528496725,0.8960540068701491,False
SPXL,FAS,day_logrv,2,overnight,direction,1503,-0.011382915347697874,-0.42491670279136184,0.6708973981257365,-0.43613263043228095,0.012678968027257653,-0.020346667640883984,-0.008963692081100585,True,0.42491670279136184,0.8621295698749621,False
SPXL,FAS,day_jump,2,overnight,direction,1503,0.021247513633576565,0.8851718564693212,0.37606394885475347,0.8230861099707746,0.045143606896558275,0.04243695013604549,-0.008243112254162138,False,0.8851718564693212,0.6804172555775584,False
SPXL,FAS,day_volratio,2,overnight,direction,1485,-0.013037374182452604,-0.4934315961863373,0.6217076616449589,-0.4982475294251376,0.016748067741134687,-0.00302565312166313,-0.024199870144433255,True,0.4934315961863373,0.8303002486125802,False
SPXL,FAS,day_cir,2,overnight,direction,1503,-0.01413892007222804,-0.5419932109237086,0.5878231828200999,-0.5473603697792121,0.01996925112796033,-0.009492981856268306,-0.020931924508253093,True,0.5419932109237086,0.806169796612285,False
SPXL,FAS,day_ofi,2,overnight,direction,1503,0.003811428764591114,0.15992563729710366,0.8729396527974678,0.14761797187894685,0.001452693431847063,0.018481942650713987,-0.011484139401627512,False,0.15992563729710366,0.9691411655547397,False
SPXL,FAS,day_maxabs,2,overnight,direction,1503,-0.03739642025615178,-1.2517976173826748,0.21064361856460934,-1.4325366634346166,0.13662165743683063,-0.03162705151014364,-0.04759547112140473,True,1.2517976173826748,0.5085360732210686,False
SPXL,FAS,d5_ret,2,overnight,direction,1500,-0.04920433385506202,-1.8764649864950902,0.0605914582216201,-1.9051433650426421,0.24186460639804563,-0.04737848484668542,-0.051916951844363485,True,1.8764649864950902,0.24886043380639106,False
SPXL,FAS,d5_logrv,2,overnight,direction,1500,0.021929122751256656,0.7905511417058135,0.42920596748270123,0.8484692965762761,0.048065355324866665,0.024743996052364534,0.007378159431180378,True,0.7905511417058135,0.7177584623871975,False
SPXL,FAS,d5_volratio,2,overnight,direction,1485,0.016918559275220513,0.6772409641107399,0.4982530808978928,0.6508946617829648,0.0285788288740374,0.01860881185416655,0.013826815294266692,True,0.6772409641107399,0.7508113102698072,False
SPXL,FAS,lasthr_ret,1,abs_ret,magnitude,1472,0.008869108855954037,0.2615290771262086,0.7936845292462266,0.3620976257212268,0.007821842515998156,0.002925225931261358,0.02872269671821682,True,0.2615290771262086,0.9440912184619838,False
SPXL,FAS,lasthr_logrv,1,abs_ret,magnitude,1472,0.08148581491190046,2.429758053431759,0.015108905012793482,2.2781061365278474,0.30853948762914474,0.042035119691516874,0.10869837174853245,True,2.429758053431759,0.09483743454184215,False
SPXL,FAS,lasthr_jump,1,abs_ret,magnitude,1472,-0.0021163465230912212,-0.08941242378813347,0.9287541502634875,-0.08650263256354274,0.00044642957849339027,0.003102217252959888,-0.0017477698567158137,False,0.08941242378813347,0.979060164318174,False
SPXL,FAS,lasthr_volratio,1,abs_ret,magnitude,1472,0.033057539500978415,0.9282202328638933,0.3532933412238115,1.2296805179191015,0.09012259585303717,-0.004530893199910874,0.061120144681466294,False,0.9282202328638933,0.655198560087796,False
SPXL,FAS,lasthr_cir,1,abs_ret,magnitude,1472,0.005964876261712857,0.2230818506527624,0.8234718035261424,0.2433210979430239,0.0035321450934322485,-0.031147343161682352,0.060432478123492284,False,0.2230818506527624,0.9626833691652323,False
SPXL,FAS,lasthr_ofi,1,abs_ret,magnitude,1472,0.003927312484420301,0.146180014247457,0.8837792823926578,0.16053852777875902,0.0015376144416823223,-0.025422904393597574,0.03303788550053969,False,0.146180014247457,0.9709482515011568,False
SPXL,FAS,lasthr_share,1,abs_ret,magnitude,1472,0.031114146334003744,1.3775097697972185,0.1683546963390501,1.2736026393785083,0.09666839173849695,-0.0028863664346299805,0.06904864778377288,False,1.3775097697972185,0.459456295025635,False
SPXL,FAS,day_ret,1,abs_ret,magnitude,1484,-0.025257412890631232,-0.6518747673074926,0.5144819638377194,-1.0075677506566765,0.06008401084575121,0.02817655635637474,-0.10002127228889722,False,0.6518747673074926,0.7578015176583442,False
SPXL,FAS,day_logrv,1,abs_ret,magnitude,1484,0.06662606574602276,1.8591997009073378,0.06299883720897416,1.4283662769606051,0.12066710488977117,0.061526690956884476,0.0873788464376498,True,1.8591997009073378,0.2544903522897174,False
SPXL,FAS,day_jump,1,abs_ret,magnitude,1484,-0.017282759992506815,-0.78116358529623,0.43470628802689715,-0.7094930798436498,0.02980279107273054,-0.0063557805033808675,-0.03324893333454539,True,0.78116358529623,0.7177584623871975,False
SPXL,FAS,day_volratio,1,abs_ret,magnitude,1484,0.03251650980051263,0.8835620040076619,0.3769326976457632,1.01639950451721,0.0611412119127297,-0.02525284438738329,0.09518402013052862,False,0.8835620040076619,0.6804802683162451,False
SPXL,FAS,day_cir,1,abs_ret,magnitude,1484,-0.021413360938348957,-0.7444463691543645,0.45660647539645205,-0.8569058884750796,0.0434669421959466,-0.015492581401158898,-0.030935005539613578,True,0.7444463691543645,0.7264941048210743,False
SPXL,FAS,day_ofi,1,abs_ret,magnitude,1484,-0.008591339332062388,-0.2753346051000962,0.7830591804585444,-0.3447560115185262,0.0070387768018265184,-0.008850706284601585,-0.007633861948242922,True,0.2753346051000962,0.9410549208456145,False
SPXL,FAS,day_maxabs,1,abs_ret,magnitude,1484,-0.010553016480778964,-0.28316287448171645,0.7770519860125759,-0.2975701758249659,0.005243982105329614,0.041697895374521676,-0.016090177012824506,False,0.28316287448171645,0.9379799121098549,False
SPXL,FAS,d5_ret,1,abs_ret,magnitude,1484,-0.026549446154396972,-0.7810662701498735,0.4347635188732931,-0.9945494370972915,0.058542437227993016,0.02126768668482186,-0.10154985478807953,False,0.7810662701498735,0.7177584623871975,False
SPXL,FAS,d5_logrv,1,abs_ret,magnitude,1484,0.054548232111029375,1.2937295211445705,0.19575886455001845,1.04228332177736,0.06429261560463306,0.0425667224748315,0.10939546541687263,True,1.2937295211445705,0.49565742468808655,False
SPXL,FAS,d5_volratio,1,abs_ret,magnitude,1484,0.03191233343665302,1.0000955874922808,0.31726425132426883,0.8734924529045154,0.04516507393216296,-0.006284753648549971,0.09013940798152814,False,1.0000955874922808,0.6268465595171994,False
SPXL,FAS,lasthr_ret,2,abs_ret,magnitude,1471,0.006503687704539292,0.2162249860839359,0.8288123781148551,0.26394770873966367,0.004205992462269492,-0.020397134470738428,0.0786988433044857,False,0.2162249860839359,0.9634058412275238,False
SPXL,FAS,lasthr_logrv,2,abs_ret,magnitude,1471,0.031192982631186972,0.9665292498211319,0.3337794179108644,0.8645797731684969,0.045106807660111325,0.02383188449268454,0.029308684274405902,True,0.9665292498211319,0.6410273226995262,False
SPXL,FAS,lasthr_jump,2,abs_ret,magnitude,1471,0.014902606726628354,0.6041226623144701,0.5457620936034853,0.6055740564803762,0.02213498504558542,0.04500025443455667,-0.013750780607057688,False,0.6041226623144701,0.7813015234744631,False
SPXL,FAS,lasthr_volratio,2,abs_ret,magnitude,1471,0.00017640380890020149,0.004907767183439135,0.9960841840558323,0.006519832704755244,2.5664110947509755e-06,0.005640627211532658,-0.00392812280919058,False,0.004907767183439135,0.9960841840558323,False
SPXL,FAS,lasthr_cir,2,abs_ret,magnitude,1471,0.0017034707085426199,0.06910551772280028,0.9449056290231225,0.06907585886692016,0.00028807429597321743,-0.02487526804418459,0.04034887336441468,False,0.06910551772280028,0.979060164318174,False
SPXL,FAS,lasthr_ofi,2,abs_ret,magnitude,1471,-0.006727950154639689,-0.34423361535139835,0.7306706039372363,-0.2733977041008924,0.0045125384920963185,-0.018218570105672738,0.004153651839682804,False,0.34423361535139835,0.9033745648678558,False
SPXL,FAS,lasthr_share,2,abs_ret,magnitude,1471,-0.020127225580475253,-0.9709594326004451,0.33156848039618203,-0.8187377757832286,0.040452415243152906,-0.048208096849488936,0.004929055798575271,False,0.9709594326004451,0.6396214657288051,False
SPXL,FAS,day_ret,2,abs_ret,magnitude,1483,-0.009074714771423792,-0.23045666062104153,0.8177369369529093,-0.36033273453073533,0.0077564707192667726,-0.060803648480737,0.08463346949212568,False,0.23045666062104153,0.9626833691652323,False
SPXL,FAS,day_logrv,2,abs_ret,magnitude,1483,0.07469641687271387,1.764880937309703,0.07758377809914162,1.594013764841495,0.1515420081653951,0.12383225465592279,0.031880514910492944,True,1.764880937309703,0.28625651449959016,False
SPXL,FAS,day_jump,2,abs_ret,magnitude,1483,0.03257619423544963,1.2765569256429827,0.20175871731413608,1.3320701663040173,0.10588342896351577,0.041642692003063066,0.017700270358233027,True,1.2765569256429827,0.5010477828540669,False
SPXL,FAS,day_volratio,2,abs_ret,magnitude,1483,0.038497534064426665,1.2214221778987309,0.22192621433527315,1.1982973725366008,0.08570425081214639,0.060485388057763025,0.02053407931689647,True,1.2214221778987309,0.5188876530016702,False
SPXL,FAS,day_cir,2,abs_ret,magnitude,1483,-0.025620222017171304,-1.0372837650042153,0.2996036297203809,-1.0209446510832232,0.06222903981442096,-0.05669515793373827,0.021716720651980846,False,1.0372837650042153,0.6081506513727134,False
SPXL,FAS,day_ofi,2,abs_ret,magnitude,1483,-0.03966921509567525,-1.6825680199054145,0.09245874692224118,-1.5861974402706187,0.15006198411026128,-0.08853438292016588,0.005808719504549219,False,1.6825680199054145,0.3156750522533423,False
SPXL,FAS,day_maxabs,2,abs_ret,magnitude,1483,0.12221261980006809,1.6604952331415677,0.09681486607102396,3.4450069735893734,0.7033989308350086,0.015511440975864803,0.21688978299443573,True,1.6604952331415677,0.32424489808042756,False
SPXL,FAS,d5_ret,2,abs_ret,magnitude,1483,-0.04931452208079909,-1.8319417118264885,0.06696010519233651,-1.8407608544234726,0.20197383282416492,-0.039909954232289685,-0.057840883262866204,True,1.8319417118264885,0.2652400283346922,False
SPXL,FAS,d5_logrv,2,abs_ret,magnitude,1483,0.06863961616663936,1.2985282201496624,0.1941058855482405,1.3061030144425008,0.1018002309664312,0.04527382439311767,0.15246320553281362,True,1.2985282201496624,0.49565742468808655,False
SPXL,FAS,d5_volratio,2,abs_ret,magnitude,1483,0.02347222624540151,0.7583001527204704,0.44827131588530944,0.6395751221687537,0.024431932360458042,-0.0015803340149650378,0.05884254257458913,False,0.7583001527204704,0.7264941048210743,False
SPXL,FAS,lasthr_ret,1,day_logrv,magnitude,1472,-0.03558864937152384,-2.058988833528899,0.039495308205566036,-2.0471578272943836,0.12594244196586502,-0.041949580976777825,-0.015870580676423034,True,2.058988833528899,0.188439954289135,False
SPXL,FAS,lasthr_logrv,1,day_logrv,magnitude,1472,0.16997123100245404,6.903891140316188,5.059707892470999e-12,6.777823255409753,1.342448293746401,0.19827512113524345,0.13953198858567895,True,6.903891140316188,1.0321804100640838e-09,True
SPXL,FAS,lasthr_jump,1,day_logrv,magnitude,1472,-0.0017994695752744112,-0.10823108873760137,0.9138123845508385,-0.10348600339931115,0.0003227516117032536,0.022087736840456753,-0.025882454528285505,False,0.10823108873760137,0.9734607125241308,False
SPXL,FAS,lasthr_volratio,1,day_logrv,magnitude,1472,0.09734192075907132,4.120143240749156,3.786369296673498e-05,5.13764869824857,0.7814342898138094,0.11991800264830721,0.07942995680960553,True,4.120143240749156,0.0007965357749299398,True
SPXL,FAS,lasthr_cir,1,day_logrv,magnitude,1472,-0.013498951018234229,-0.7544468536187598,0.4505809465708872,-0.7749122691069318,0.01808988060194583,-0.030169289607603855,0.012084354483076805,False,0.7544468536187598,0.7264941048210743,False
SPXL,FAS,lasthr_ofi,1,day_logrv,magnitude,1472,-0.024724853907196302,-1.3428646968378988,0.1793157895767704,-1.423008027014598,0.06094302416468356,-0.05152864728333156,0.0030037775439240924,False,1.3428646968378988,0.47661786415193697,False
SPXL,FAS,lasthr_share,1,day_logrv,magnitude,1472,0.08060979234256427,4.64552310024844,3.392158117233581e-06,4.674427567507938,0.6488500138555064,0.08329873957410149,0.06982527766464641,True,4.64552310024844,0.00011533337598594176,True
SPXL,FAS,day_ret,1,day_logrv,magnitude,1484,-0.08508033610231262,-4.172996413268951,3.0061967602013855e-05,-4.81884514524514,0.681772660722002,-0.06041389302140374,-0.12575956069105204,True,4.172996413268951,0.0006884296266850451,True
SPXL,FAS,day_logrv,1,day_logrv,magnitude,1484,0.12464143985850626,4.468343318321637,7.882771914578442e-06,3.781309682521887,0.4223042670209898,0.14636676696313228,0.11892189002339917,True,4.468343318321637,0.0002382348845294818,False
SPXL,FAS,day_jump,1,day_logrv,magnitude,1484,-0.011514539955971504,-0.6538306818375025,0.5132208969609996,-0.6661429190089379,0.013228905763496002,0.03180727176541645,-0.07247952635088634,False,0.6538306818375025,0.7578015176583442,False
SPXL,FAS,day_volratio,1,day_logrv,magnitude,1484,0.09635270103214497,3.5009288323655783,0.00046363963869838125,4.2690050247639855,0.5368512669225334,0.08729168481537819,0.10559892044249003,True,3.5009288323655783,0.0068787262759614385,False
SPXL,FAS,day_cir,1,day_logrv,magnitude,1484,-0.08063377609275552,-4.348199130694285,1.3725995238270255e-05,-4.578338959311832,0.6163443390605039,-0.06678706986383162,-0.10177202016999118,True,4.348199130694285,0.0003733470704809509,True
SPXL,FAS,day_ofi,1,day_logrv,magnitude,1484,-0.06069016092585166,-3.244352540180903,0.0011771795093917766,-3.445740624088962,0.35124651727549416,-0.0635942891407689,-0.05961233819260829,True,3.244352540180903,0.014554219388843784,False
SPXL,FAS,day_maxabs,1,day_logrv,magnitude,1484,0.04093382777414987,1.9958156151179773,0.04595399648679406,1.6280414468958595,0.07889921535235711,0.07135958701797758,0.03471997297155277,True,1.9958156151179773,0.20948860968281538,False
SPXL,FAS,d5_ret,1,day_logrv,magnitude,1484,-0.08852522236995863,-4.628499177590038,3.6832532644859964e-06,-4.7066906655638645,0.6508694990572605,-0.08128187491215443,-0.09901204335396187,True,4.628499177590038,0.00012022138655282291,True
SPXL,FAS,d5_logrv,1,day_logrv,magnitude,1484,0.023856367561202223,0.7556182583690247,0.44987810571241693,0.6422513872922585,0.012297260405136345,0.09920345306560738,-0.058988979563327874,False,0.7556182583690247,0.7264941048210743,False
SPXL,FAS,d5_volratio,1,day_logrv,magnitude,1484,0.052041524367218046,2.2088934647254113,0.027182051879417527,2.0096725072885073,0.1201117851465483,0.02271383522126129,0.08793727171382831,True,2.2088934647254113,0.14592469956318885,False
SPXL,FAS,lasthr_ret,2,day_logrv,magnitude,1471,-0.015605684841356436,-0.736237727244572,0.46158603620064176,-0.8102877113259512,0.024216690761880155,-0.01609038086695699,-0.009078569517748316,True,0.736237727244572,0.7285381151638756,False
SPXL,FAS,lasthr_logrv,2,day_logrv,magnitude,1471,0.12120387529594105,3.9593317184633277,7.515978214800132e-05,4.323309489892758,0.681022243316165,0.14405142245067043,0.09247982091454998,True,3.9593317184633277,0.0014958629812870507,False
SPXL,FAS,lasthr_jump,2,day_logrv,magnitude,1471,-0.02758933019135725,-1.4935415804205026,0.13529547850394688,-1.4348546124209334,0.07586423191124902,-0.041261633726031505,-0.00896740235544595,True,1.4935415804205026,0.4134873050907141,False
SPXL,FAS,lasthr_volratio,2,day_logrv,magnitude,1471,0.07365662304900543,3.141445353818129,0.0016811617813292602,3.496673833619446,0.44743908542356214,0.05698622129801312,0.0836964184897369,True,3.141445353818129,0.018392325826477242,False
SPXL,FAS,lasthr_cir,2,day_logrv,magnitude,1471,-0.009795357663693969,-0.5321827027006779,0.5945994618530857,-0.5081135138547339,0.009525236452612162,-0.009060482869866196,-0.007109286731297766,True,0.5321827027006779,0.8127188624323584,False
SPXL,FAS,lasthr_ofi,2,day_logrv,magnitude,1471,-0.01712987167772731,-0.8097118037470658,0.41810583235415877,-0.8906024450244527,0.02925254177446046,-0.01768235815608126,-0.01589155550566348,True,0.8097118037470658,0.7121940407344242,False
SPXL,FAS,lasthr_share,2,day_logrv,magnitude,1471,0.06661637205700345,3.2695765134452186,0.0010770860333809663,3.4796859190764846,0.4431375812681937,0.041802786356669855,0.08746226026748254,True,3.2695765134452186,0.0136697726816757,False
SPXL,FAS,day_ret,2,day_logrv,magnitude,1483,-0.0721599451655447,-4.066320711947173,4.776119752485391e-05,-3.685588627576032,0.4904453025894262,-0.06789927093112491,-0.07671674912799284,True,4.066320711947173,0.0009743284295070197,False
SPXL,FAS,day_logrv,2,day_logrv,magnitude,1483,0.05213039577630225,1.4824860150388715,0.1382110220141234,1.4242314652107302,0.0738100574152245,0.13279932107948525,-0.024588213057929582,False,1.4824860150388715,0.418471178484794,False
SPXL,FAS,day_jump,2,day_logrv,magnitude,1483,-0.020858409162310097,-1.1841462955815123,0.23635515669444007,-1.0919303333187957,0.04340998845971944,-0.026578786667158353,-0.01894580334632785,True,1.1841462955815123,0.5417578872546717,False
SPXL,FAS,day_volratio,2,day_logrv,magnitude,1483,0.06299661049639672,2.015704499850992,0.04383088480407481,2.5149986751564506,0.22949377251297864,0.0223305435649211,0.10218362257453695,True,2.015704499850992,0.2032159204552559,False
SPXL,FAS,day_cir,2,day_logrv,magnitude,1483,-0.045781535052011456,-2.3837122206562396,0.01713899919509687,-2.339546490013543,0.19870464663676035,-0.04948912308527079,-0.039664045984804885,True,2.3837122206562396,0.1035957284681411,False
SPXL,FAS,day_ofi,2,day_logrv,magnitude,1483,-0.036441335841689924,-1.7930851680168942,0.07295930687143785,-1.866432198146326,0.12663450196248593,-0.041089973742772554,-0.03340907567748164,True,1.7930851680168942,0.27950607702860697,False
SPXL,FAS,day_maxabs,2,day_logrv,magnitude,1483,0.03351319641481168,1.0804693992697563,0.2799332063800031,1.205421733405108,0.05289337750298273,0.06381105981613272,0.03408808264156338,True,1.0804693992697563,0.5872353204917797,False
SPXL,FAS,d5_ret,2,day_logrv,magnitude,1483,-0.0737278032593437,-2.859367328292827,0.004244869369535086,-3.534735830567442,0.45144831686105835,-0.07458408570184641,-0.06478438513866829,True,2.859367328292827,0.03724530543592075,False
SPXL,FAS,d5_logrv,2,day_logrv,magnitude,1483,-0.012612862372939126,-0.277670728163664,0.7812651328159417,-0.30715107847130535,0.003437370809555862,0.09452032171549166,-0.13627459209374834,False,0.277670728163664,0.9402836996722838,False
SPXL,FAS,d5_volratio,2,day_logrv,magnitude,1483,0.03334135924813138,1.0037780780456587,0.31548559315027336,1.163675197266189,0.04929647369219525,0.004308333448194365,0.06739663440871291,True,1.0037780780456587,0.6248452524529686,False
SPXL,VXX,lasthr_ret,1,cc_ret,direction,1492,0.05788408092977251,1.6922762688332287,0.09059331040245985,2.2070039664844465,0.3249120178809073,0.01323974994939702,0.17179946112379663,True,1.6922762688332287,0.3145708139932223,False
SPXL,VXX,lasthr_logrv,1,cc_ret,direction,1492,-0.055840392212858816,-2.1580447698112653,0.03092435117140344,-2.101824249600496,0.29477056800457646,-0.058757726161434,-0.0437007848232681,True,2.1580447698112653,0.15971057313838738,False
SPXL,VXX,lasthr_jump,1,cc_ret,direction,1492,-0.026544527700120404,-1.0498394457557605,0.2937919360806639,-1.0259826092092406,0.07039648798440323,-0.04781988527773361,-0.004590313667190892,True,1.0498394457557605,0.5993355496045543,False
SPXL,VXX,lasthr_volratio,1,cc_ret,direction,1474,-0.011094840978340126,-0.33611435682530244,0.7367846324288692,-0.41492037191002845,0.011662904912379535,-0.03786703341934141,0.011799322062780023,False,0.33611435682530244,0.9068118552970696,False
SPXL,VXX,lasthr_cir,1,cc_ret,direction,1492,0.038490547115705924,1.7610755830159877,0.07822561108616873,1.4862415461545613,0.14760902422318312,0.018206523222693328,0.06604120678140293,True,1.7610755830159877,0.28625651449959016,False
SPXL,VXX,lasthr_ofi,1,cc_ret,direction,1492,0.015956108252795635,0.6547961949245439,0.5125989808314011,0.614592732093807,0.025272173358104055,0.009471034845954301,0.02233455713986689,True,0.6547961949245439,0.7578015176583442,False
SPXL,VXX,lasthr_share,1,cc_ret,direction,1492,0.009238119426316173,0.33627019838048855,0.7366671209710811,0.35376574262596705,0.008374771325470043,-0.0023478878794897687,0.03205006333798244,False,0.33627019838048855,0.9068118552970696,False
SPXL,VXX,day_ret,1,cc_ret,direction,1504,0.07061470630725317,1.1988423139667534,0.23058926576135408,2.2837488667143204,0.3444959618799648,0.021866994170136957,0.15686325275164426,True,1.1988423139667534,0.5315277990431212,False
SPXL,VXX,day_logrv,1,cc_ret,direction,1504,-0.07570508565330122,-2.595357579006074,0.009449255511939503,-2.8945857123770335,0.5522671270963064,-0.06904425577841447,-0.07816495101640822,True,2.595357579006074,0.06727604002357997,False
SPXL,VXX,day_jump,1,cc_ret,direction,1504,-0.01653528883118843,-0.6545842272349864,0.51273548195763,-0.6419330368932419,0.027305750012551755,-0.02523581454907904,-0.0020414653406802055,True,0.6545842272349864,0.7578015176583442,False
SPXL,VXX,day_volratio,1,cc_ret,direction,1486,-0.023635531086144603,-0.5638691626048494,0.5728431781195791,-0.872040139921491,0.050999028034781624,-0.05154211205285993,0.007027367025387296,False,0.5638691626048494,0.7954645547067752,False
SPXL,VXX,day_cir,1,cc_ret,direction,1504,0.03975476567407093,1.4805139715326068,0.1387361349328923,1.3830204608490184,0.12661874477283286,0.03466268301156195,0.0457428690079449,True,1.4805139715326068,0.418471178484794,False
SPXL,VXX,day_ofi,1,cc_ret,direction,1504,0.014446451949964408,0.5703619940893496,0.5684322014324887,0.5121531795732893,0.01738271975607608,-0.002439969020564971,0.03105725951633061,False,0.5703619940893496,0.7954645547067752,False
SPXL,VXX,day_maxabs,1,cc_ret,direction,1504,-0.01924071912842281,-0.36549943656556877,0.7147386273193436,-0.7434156453231779,0.036618233071317174,-0.05291444735948364,0.013202861010249894,False,0.36549943656556877,0.8931496476149837,False
SPXL,VXX,d5_ret,1,cc_ret,direction,1501,0.09441066389766078,3.3600717362326327,0.0007792223669694797,3.6177694415087767,0.861718614703022,0.08498940246581027,0.112934192507227,True,3.3600717362326327,0.010423695925362221,False
SPXL,VXX,d5_logrv,1,cc_ret,direction,1501,-0.08311570652905671,-3.228784017392745,0.0012431774547387799,-3.2362153526176693,0.6907339356964526,-0.06321240294876422,-0.10958178842064176,True,3.228784017392745,0.014918129456865359,False
SPXL,VXX,d5_volratio,1,cc_ret,direction,1486,-0.0376995830832037,-1.4394502703045096,0.15002299012368497,-1.454883626898076,0.14182365521789864,-0.039839193766958235,-0.03332317630829155,True,1.4394502703045096,0.4394529441140498,False
SPXL,VXX,lasthr_ret,2,cc_ret,direction,1491,0.018968597380049412,0.5783284964029785,0.5630423588183963,0.7213157056114214,0.034891082612120705,0.01253631241044981,0.02605921784514696,True,0.5783284964029785,0.7954645547067752,False
SPXL,VXX,lasthr_logrv,2,cc_ret,direction,1491,-0.06182945800854986,-2.544615123769417,0.01093982434353339,-2.325604296197502,0.36150263815859507,-0.040548956749754256,-0.07683697847153101,True,2.544615123769417,0.07296489484173853,False
SPXL,VXX,lasthr_jump,2,cc_ret,direction,1491,-0.02099044535535087,-0.8572033700081403,0.39133250034808154,-0.8102203097000393,0.04401798866756623,0.02209946212376814,-0.07674460008984244,False,0.8572033700081403,0.6972212233275864,False
SPXL,VXX,lasthr_volratio,2,cc_ret,direction,1473,0.0335702077646815,0.8389414178581154,0.40150218427953754,1.2547851363545026,0.10679134154129022,-0.007768516424673456,0.06895529665149017,False,0.8389414178581154,0.7045715749937692,False
SPXL,VXX,lasthr_cir,2,cc_ret,direction,1491,0.03345315410810492,1.3502384195858783,0.17693951812893338,1.2899444811209342,0.11149930404639186,0.05568992139751923,-0.0041102719837469714,False,1.3502384195858783,0.47338572719085126,False
SPXL,VXX,lasthr_ofi,2,cc_ret,direction,1491,0.015429387948402179,0.635316035089063,0.5252223175636956,0.593559172289808,0.023628748701487456,0.056362755199754457,-0.029677327943865687,False,0.635316035089063,0.7653239484499565,False
SPXL,VXX,lasthr_share,2,cc_ret,direction,1491,-0.007236179492878604,-0.27181530398843157,0.785764037237499,-0.276787748968236,0.005139097597917086,-0.025113593837750758,0.027369763264057375,False,0.27181530398843157,0.9415322384519812,False
SPXL,VXX,day_ret,2,cc_ret,direction,1503,0.0026037686327063285,0.046891132221105594,0.9625999957836854,0.08386385384015661,0.0004684344958816311,0.04287136038903577,-0.07820295750730094,False,0.046891132221105594,0.9806591762971422,False
SPXL,VXX,day_logrv,2,cc_ret,direction,1503,-0.06292643410001285,-2.5888620810139495,0.009629365302976676,-2.398291682322322,0.3816305590885083,-0.018641454814234636,-0.12078528738199348,True,2.5888620810139495,0.06773760420024973,False
SPXL,VXX,day_jump,2,cc_ret,direction,1503,0.014339440888125679,0.5090128530825888,0.6107432148941773,0.5553213691854209,0.02053528662319115,0.05442700015565065,-0.03713185925900994,False,0.5090128530825888,0.8223869032238427,False
SPXL,VXX,day_volratio,2,cc_ret,direction,1485,-0.004641946290001978,-0.16180821936396997,0.8714568802271544,-0.17083918707866672,0.0019673605555436957,0.015426744643220643,-0.02354266999393525,False,0.16180821936396997,0.9691411655547397,False
SPXL,VXX,day_cir,2,cc_ret,direction,1503,0.08304443624362942,3.0058057368233775,0.0026487816143827767,2.8885476101066905,0.5526514037015873,0.10257202719889591,0.04813604286134411,True,3.0058057368233775,0.026056130325794784,False
SPXL,VXX,day_ofi,2,cc_ret,direction,1503,0.02915842563629933,1.241985261029005,0.2142420001548555,1.0313971069087478,0.07080194770342496,0.053020360273081116,0.005496088904327438,True,1.241985261029005,0.5109179495482626,False
SPXL,VXX,day_maxabs,2,cc_ret,direction,1503,-0.08743562122269742,-2.323363605486426,0.020159627524908644,-3.3824321821040644,0.756239875437803,0.011850446526404072,-0.16196951729066536,False,2.323363605486426,0.11666848269734365,False
SPXL,VXX,d5_ret,2,cc_ret,direction,1500,0.04970786382930894,2.0910657439447786,0.03652217096963491,1.8941336929981767,0.2388628743725807,0.04943274491926018,0.047509507237367674,True,2.0910657439447786,0.18191652673693967,False
SPXL,VXX,d5_logrv,2,cc_ret,direction,1500,-0.07273627599258488,-3.2205784527469308,0.0012793217200128422,-2.822874809528306,0.5289864907139341,-0.052221854005947185,-0.09896189700456767,True,3.2205784527469308,0.01512936990623883,False
SPXL,VXX,d5_volratio,2,cc_ret,direction,1485,-0.0380093711436787,-1.5541014642617632,0.1201602160040865,-1.4634745109460285,0.1441652750475475,-0.031007302558640343,-0.04372730619947901,True,1.5541014642617632,0.378173175839571,False
SPXL,VXX,lasthr_ret,1,overnight,direction,1492,0.07297857757528622,2.1727787286893143,0.02979697501114556,2.8090737088457276,0.5271467577472877,0.06595751158164237,0.09672533502451862,True,2.1727787286893143,0.1548683541980559,False
SPXL,VXX,lasthr_logrv,1,overnight,direction,1492,-0.03332617671956346,-1.1812715138184458,0.23749487983177364,-1.2735203481289665,0.10880270911599599,-0.02680243338836128,-0.05511043556852098,True,1.1812715138184458,0.5428454396154826,False
SPXL,VXX,lasthr_jump,1,overnight,direction,1492,0.013402941359987324,0.6274605092672073,0.5303574145809788,0.5172238872769155,0.017963040383506268,0.014195739544489853,0.011397713453107862,True,0.6274605092672073,0.768688544046321,False
SPXL,VXX,lasthr_volratio,1,overnight,direction,1474,-0.027472159114257613,-0.7500038926350481,0.4532523603209133,-1.051854091118886,0.07515708568280877,-0.053066402687860975,-0.008633459620652926,True,0.7500038926350481,0.7264941048210743,False
SPXL,VXX,lasthr_cir,1,overnight,direction,1492,0.04565818218827857,1.604143286873404,0.10868247227194562,1.7592523114742713,0.20742218798365242,0.04164509762953849,0.05500109863201057,True,1.604143286873404,0.35053319120121595,False
SPXL,VXX,lasthr_ofi,1,overnight,direction,1492,0.011778508212595832,0.42080721962283013,0.673895859318278,0.4539859914177706,0.013839662939696407,0.036681640453113014,-0.012202379503944307,False,0.42080721962283013,0.8646211025215642,False
SPXL,VXX,lasthr_share,1,overnight,direction,1492,-0.036505694427777666,-1.6317064722761538,0.10274133595197413,-1.4094240072256452,0.13323092453468854,-0.017764282554465625,-0.06725461569500239,True,1.6317064722761538,0.33534772054724354,False
SPXL,VXX,day_ret,1,overnight,direction,1504,-0.00419897680080116,-0.13584925725717562,0.8919404503143676,-0.16256025808495272,0.0017601005630529798,0.023671031922956262,-0.0567211027506257,False,0.13584925725717562,0.9709482515011568,False
SPXL,VXX,day_logrv,1,overnight,direction,1504,-0.02825704271173845,-1.0386181739776095,0.2989823500708918,-1.0784084503542841,0.07740100041371267,-0.025982294594732062,-0.039622838246007985,True,1.0386181739776095,0.6081506513727134,False
SPXL,VXX,day_jump,1,overnight,direction,1504,0.002929918236763725,0.13282237875651234,0.894333855479425,0.11352044535940538,0.0008583428848463193,0.020910866766389168,-0.027359346293926542,False,0.13282237875651234,0.9709482515011568,False
SPXL,VXX,day_volratio,1,overnight,direction,1486,0.0049080477776617375,0.09836594820013692,0.9216417129149608,0.18704597083732802,0.002358610488295554,-0.02678190047262799,0.03503974388356873,False,0.09836594820013692,0.9754340307893749,False
SPXL,VXX,day_cir,1,overnight,direction,1504,0.03277075184249882,1.3437624114682505,0.17902522807724575,1.2701140254533754,0.1073334988714536,0.049660112471330536,0.005518408234527705,True,1.3437624114682505,0.47661786415193697,False
SPXL,VXX,day_ofi,1,overnight,direction,1504,-0.030874558795391707,-1.2266518421311374,0.2199534752218516,-1.1968071164896785,0.09531263152668945,-0.01399212348258458,-0.050629094228996474,True,1.2266518421311374,0.5157529763822727,False
SPXL,VXX,day_maxabs,1,overnight,direction,1504,-0.05603213701035599,-2.1789334434151013,0.02933661290042061,-2.143913819587666,0.30521308546769266,-0.03149457172156291,-0.08562731159966301,True,2.1789334434151013,0.15412358137730567,False
SPXL,VXX,d5_ret,1,overnight,direction,1501,0.023871557894225147,0.8365499627913232,0.4028455815079305,0.9232540891060879,0.05685724188551067,0.027789594014059185,0.01509360683464725,True,0.8365499627913232,0.7054120053872774,False
SPXL,VXX,d5_logrv,1,overnight,direction,1501,-0.020401639138533587,-0.7828689393871858,0.43370407894029883,-0.7895376903969082,0.04158679091781359,-0.02139115187304316,-0.030840986027846247,True,0.7828689393871858,0.7177584623871975,False
SPXL,VXX,d5_volratio,1,overnight,direction,1486,-0.03932149001589128,-1.3863503069631264,0.16563996244720713,-1.515526045886297,0.15460533109802332,-0.06330758423414545,-0.01873767845378065,True,1.3863503069631264,0.45608491295295883,False
SPXL,VXX,lasthr_ret,2,overnight,direction,1491,0.04349787926098089,1.268153367500269,0.20474318637954658,1.6764620086831217,0.187272762512547,0.0025916574533003185,0.1437899232350201,True,1.268153367500269,0.5039933988366466,False
SPXL,VXX,lasthr_logrv,2,overnight,direction,1491,0.03711428506408024,1.3791058404800387,0.16786212337277417,1.422910271937393,0.13498055328030611,0.023238798433712293,0.05132301709429727,True,1.3791058404800387,0.459456295025635,False
SPXL,VXX,lasthr_jump,2,overnight,direction,1491,-0.049184953703447803,-1.868221283307945,0.0617312333576651,-1.9058986261694761,0.24190642668081574,-0.05404320320217543,-0.03847132307582286,True,1.868221283307945,0.25186343209927364,False
SPXL,VXX,lasthr_volratio,2,overnight,direction,1473,0.05288771714673529,1.1741286126137962,0.24034351438565327,2.033170984839969,0.27855902674439603,0.003186849565951052,0.0951141259163118,True,1.1741286126137962,0.5447786326074807,False
SPXL,VXX,lasthr_cir,2,overnight,direction,1491,0.04608868046728585,1.783802950462204,0.07445568999045205,1.7812134817429996,0.21135553794700002,0.028567835895443993,0.06850075176878909,True,1.783802950462204,0.2839058085617237,False
SPXL,VXX,lasthr_ofi,2,overnight,direction,1491,0.03424538521055037,1.4488669889028793,0.1473747315859566,1.3246143615713715,0.11699675534633247,0.026634811813621272,0.040053180145352814,True,1.4488669889028793,0.43414361362505627,False
SPXL,VXX,lasthr_share,2,overnight,direction,1491,0.02897783589807818,1.150997737494798,0.24973316633487608,1.1218451730869006,0.08394703935896697,0.00565356500701039,0.058770424241905,True,1.150997737494798,0.5583075718609832,False
SPXL,VXX,day_ret,2,overnight,direction,1503,-0.0011420694776643884,-0.02990666476160511,0.9761414905172786,-0.044314738286087466,0.00013020492276583084,-0.02432148953892069,0.04486458276260189,False,0.02990666476160511,0.9854089611874021,False
SPXL,VXX,day_logrv,2,overnight,direction,1503,0.033474320701618925,1.35303046766977,0.17604589711179364,1.2807711294153297,0.10864255650586685,0.031355937976531946,0.030384914460507857,True,1.35303046766977,0.47254425014218293,False
SPXL,VXX,day_jump,2,overnight,direction,1503,-0.025692421105597007,-1.1096414218249095,0.26715357442577703,-0.9980660551402882,0.06600272264716267,-0.027487587327730056,-0.0182650461731502,True,1.1096414218249095,0.5860142922888013,False
SPXL,VXX,day_volratio,2,overnight,direction,1485,0.01890573821892337,0.5800928214303173,0.5618520244328156,0.7223010861361412,0.03499924747720762,-0.00034057618762492605,0.0400840706310204,False,0.5800928214303173,0.7954645547067752,False
SPXL,VXX,day_cir,2,overnight,direction,1503,0.01898542509404567,0.7441290297770143,0.45679841837628976,0.7372575362893315,0.036025721871491,0.00256632017230864,0.04643711068786063,True,0.7441290297770143,0.7264941048210743,False
SPXL,VXX,day_ofi,2,overnight,direction,1503,0.008640267809277536,0.39212597157102974,0.6949651385612017,0.3355456138544332,0.007464524207667633,-0.009756694124527314,0.029422486559375058,False,0.39212597157102974,0.8792597422819773,False
SPXL,VXX,day_maxabs,2,overnight,direction,1503,0.04336440970406065,1.8650821867001308,0.06216988503415092,1.6620937059991276,0.18282833291500822,0.05664974535468398,0.03764008680364734,True,1.8650821867001308,0.2523911750640157,False
SPXL,VXX,d5_ret,2,overnight,direction,1500,0.035519072522019815,1.5175725745971809,0.12912218499341582,1.3774091188693731,0.1258788053461357,0.026420764649656828,0.0560678644136777,True,1.5175725745971809,0.3975988790740653,False
SPXL,VXX,d5_logrv,2,overnight,direction,1500,-0.004930420007543944,-0.19742256446783596,0.8434968731993784,-0.191212564515447,0.0024288406043626587,-0.019388836087826287,0.012110447233844164,False,0.19742256446783596,0.9679519446334979,False
SPXL,VXX,d5_volratio,2,overnight,direction,1485,-0.05365286176686046,-2.076273407635424,0.03786867131907029,-2.074041561698831,0.28784002634414385,-0.06304216132235677,-0.040897317057539226,True,2.076273407635424,0.18284518222699028,False
SPXL,VXX,lasthr_ret,1,abs_ret,magnitude,1472,0.05023096734620973,1.7237007296703295,0.08476188323739592,2.127867000396978,0.25158305246725243,0.0335278173179251,0.08387834207537308,True,1.7237007296703295,0.30072042052919595,False
SPXL,VXX,lasthr_logrv,1,abs_ret,magnitude,1472,-0.020174236821930813,-0.6399727444558931,0.5221903190380198,-0.6426618561486641,0.023013018221118564,-0.06470416297644074,0.0775906326914142,False,0.6399727444558931,0.7636495616824156,False
SPXL,VXX,lasthr_jump,1,abs_ret,magnitude,1472,0.0007123040622626399,0.027371653429505243,0.9781633070610241,0.030105025538371227,5.051362287344929e-05,-0.006838079902349417,0.0016330141311244046,False,0.027371653429505243,0.9854089611874021,False
SPXL,VXX,lasthr_volratio,1,abs_ret,magnitude,1472,0.06230846050608975,2.334010096823953,0.01959519323386324,2.3973458839403987,0.31907594886336765,0.09361153271710991,0.04549457687227015,True,2.334010096823953,0.11503365236570076,False
SPXL,VXX,lasthr_cir,1,abs_ret,magnitude,1472,0.029220947943564304,1.0154012084917212,0.3099146172304563,1.2366880910922435,0.08515273711695581,0.014552140956418977,0.038287404542704274,True,1.0154012084917212,0.6213521564129051,False
SPXL,VXX,lasthr_ofi,1,abs_ret,magnitude,1472,0.007218658160402548,0.2973156072804918,0.7662255672131908,0.30565094873875553,0.005206604939544945,-0.012293593384300892,0.02292636631322741,False,0.2973156072804918,0.930416760187446,False
SPXL,VXX,lasthr_share,1,abs_ret,magnitude,1472,0.011959253025823352,0.563341447646386,0.5732023997151763,0.5064206224304539,0.014291494096241308,-0.002356013568501739,0.04378367917619455,False,0.563341447646386,0.7954645547067752,False
SPXL,VXX,day_ret,1,abs_ret,magnitude,1484,0.05634868576225117,2.2405375833596533,0.025056043680997765,2.274621445840954,0.28418176505922155,0.05310115544833803,0.046613669993029114,True,2.2405375833596533,0.13737941661994052,False
SPXL,VXX,day_logrv,1,abs_ret,magnitude,1484,-0.051886834714762464,-1.3851667209596803,0.16600149405273135,-1.4327606290180424,0.112989861087609,-0.0818012121468577,0.06984071145193954,False,1.3851667209596803,0.45608491295295883,False
SPXL,VXX,day_jump,1,abs_ret,magnitude,1484,-0.018779334614739778,-0.8525840237421701,0.3938900253271407,-0.7996243283455742,0.03522725880724664,-0.022724611781385656,-0.013081485634082124,True,0.8525840237421701,0.6986970003294313,False
SPXL,VXX,day_volratio,1,abs_ret,magnitude,1484,0.12531313650162035,2.7521157185346015,0.0059211593837357815,3.9552647822791642,0.8532495463391743,0.10322825079579487,0.14446443458681868,True,2.7521157185346015,0.04677778414515335,False
SPXL,VXX,day_cir,1,abs_ret,magnitude,1484,0.012741394437930511,0.5300167422883564,0.5961003228193458,0.5174325062458235,0.01475446175999151,0.03202628064450187,-0.022689086061644388,False,0.5300167422883564,0.8134077983621842,False
SPXL,VXX,day_ofi,1,abs_ret,magnitude,1484,-0.0017841548966387108,-0.08333797322997337,0.9335828070258052,-0.07257340195427388,0.00029030063228852043,-0.0020995753239754457,-0.004207755319758026,True,0.08333797322997337,0.979060164318174,False
SPXL,VXX,day_maxabs,1,abs_ret,magnitude,1484,0.004045359100992761,0.06728750756819549,0.9463528218657871,0.1407131320679556,0.001091334817293621,-0.10299828051043725,0.08815764720855013,False,0.06728750756819549,0.979060164318174,False
SPXL,VXX,d5_ret,1,abs_ret,magnitude,1484,-0.004807834616384829,-0.15772854595027477,0.87467070563377,-0.18792983670978453,0.001946595286406172,0.021169541454689817,-0.08177111574865423,False,0.15772854595027477,0.9694949418001367,False
SPXL,VXX,d5_logrv,1,abs_ret,magnitude,1484,-0.01827508324097761,-0.48022965280622576,0.6310641039482452,-0.5310288503811446,0.015539892210203465,-0.057676353765849245,0.18007645692333418,False,0.48022965280622576,0.8359550467885845,False
SPXL,VXX,d5_volratio,1,abs_ret,magnitude,1484,0.15170367692603962,3.4815000657251267,0.0004986136591354752,4.3154011339424825,1.0136841863007007,0.10505560318487851,0.207473900220327,True,3.4815000657251267,0.007138048172886803,False
SPXL,VXX,lasthr_ret,2,abs_ret,magnitude,1471,-0.023865309522969388,-0.7548673577217988,0.45032857330447773,-0.9794876640708177,0.05679001255519678,0.0028882322395119555,-0.09778425476884967,False,0.7548673577217988,0.7264941048210743,False
SPXL,VXX,lasthr_logrv,2,abs_ret,magnitude,1471,0.008169545318552351,0.21915783317934998,0.8265271012410177,0.2525005508688002,0.003776277655520577,-0.05568498155921025,0.1394980006694011,False,0.21915783317934998,0.9634058412275238,False
SPXL,VXX,lasthr_jump,2,abs_ret,magnitude,1471,-0.015952286579613627,-0.7458780263850873,0.45574110015870617,-0.6540543046269757,0.025331391765781586,0.012149096509833025,-0.0525357645270367,False,0.7458780263850873,0.7264941048210743,False
SPXL,VXX,lasthr_volratio,2,abs_ret,magnitude,1471,0.08853118138490752,1.84261339604906,0.06538547662501216,3.3104332954488895,0.644307770062369,0.04370611372989308,0.1228308504392348,True,1.84261339604906,0.2610977872762365,False
SPXL,VXX,lasthr_cir,2,abs_ret,magnitude,1471,0.011463314837966242,0.43873067242540653,0.6608566994323135,0.47040175749625046,0.013104802194119358,0.029691368532768533,-0.02090057058308696,False,0.43873067242540653,0.8559667725980442,False
SPXL,VXX,lasthr_ofi,2,abs_ret,magnitude,1471,-0.020060197851153448,-0.9409538384349971,0.3467285156688559,-0.8240944102744321,0.040207858273566544,0.01434306586112569,-0.057541745822501066,False,0.9409538384349971,0.6499201995596086,False
SPXL,VXX,lasthr_share,2,abs_ret,magnitude,1471,0.027379501001835227,0.9045988077395459,0.36567796720086065,1.1250574840260332,0.07490878639005993,0.005708762877312049,0.0689039303246474,True,0.9045988077395459,0.6720568045853654,False
SPXL,VXX,day_ret,2,abs_ret,magnitude,1483,-0.04839340894805991,-1.5693343511942481,0.11657005211701821,-1.8932106839456164,0.20962853548534,0.0037987189618545088,-0.14379312862950727,False,1.5693343511942481,0.37213988096750683,False
SPXL,VXX,day_logrv,2,abs_ret,magnitude,1483,-0.01711013007216571,-0.38340676078422953,0.7014181912654489,-0.4580159030031671,0.012297133927707815,-0.06641607685270073,0.19165432227464543,False,0.38340676078422953,0.8845469840948542,False
SPXL,VXX,day_jump,2,abs_ret,magnitude,1483,-0.021661178084101024,-0.9616506587128223,0.33622511533749666,-0.8943580977866256,0.046869717956976586,-0.018068208784552512,-0.024295023295900196,True,0.9616506587128223,0.6410273226995262,False
SPXL,VXX,day_volratio,2,abs_ret,magnitude,1483,0.1361529023886967,2.4960476805570773,0.012558571950393886,4.169683044727628,1.00746869667232,0.05783715923974363,0.22347021809606105,True,2.4960476805570773,0.0826435057380759,False
SPXL,VXX,day_cir,2,abs_ret,magnitude,1483,-0.013498616962697515,-0.49514322284284157,0.6204990253283664,-0.5316083106737938,0.016565513954336364,0.039625602162402816,-0.09932107190977783,False,0.49514322284284157,0.8300445978163066,False
SPXL,VXX,day_ofi,2,abs_ret,magnitude,1483,-0.02808578205824872,-1.3223318775160904,0.1860576622182326,-1.1080681284690994,0.07192447835072668,-0.010336279283071688,-0.04520267651817625,True,1.3223318775160904,0.48702948622118525,False
SPXL,VXX,day_maxabs,2,abs_ret,magnitude,1483,0.06636519997689455,0.7700331753234715,0.44128021368278025,2.242480275621247,0.2938235226589536,-0.07332688533625759,0.18699387197725947,False,0.7700331753234715,0.7216125337978933,False
SPXL,VXX,d5_ret,2,abs_ret,magnitude,1483,-0.04557630625987784,-1.4618338500039536,0.14378674568337185,-1.728913241346161,0.17489338576461844,-0.0003508725387147869,-0.1573602960758298,True,1.4618338500039536,0.42510863941170807,False
SPXL,VXX,d5_logrv,2,abs_ret,magnitude,1483,-0.01771532872585754,-0.4058621337197293,0.6848439020800068,-0.499149029214688,0.01460466777976066,-0.06663018175761604,0.2253390435884685,False,0.4058621337197293,0.8715257049691167,False
SPXL,VXX,d5_volratio,2,abs_ret,magnitude,1483,0.13362830983916896,3.2364319219689657,0.0012103409281246243,3.6793900628327765,0.7864954675868674,0.08158360958205615,0.2033275579747456,True,3.2364319219689657,0.014740868617159604,False
SPXL,VXX,lasthr_ret,1,day_logrv,magnitude,1472,-0.040791327195300146,-2.23408206454862,0.02547767389172399,-2.1011407684385146,0.16591053741447093,-0.039164814612051936,-0.04326216739608395,True,2.23408206454862,0.1385985459709785,False
SPXL,VXX,lasthr_logrv,1,day_logrv,magnitude,1472,0.07822900313437108,2.913074293936992,0.0035788944273964524,3.039388743823561,0.3460309493623748,0.022049026450219524,0.15897075579338205,True,2.913074293936992,0.03312175585722334,False
SPXL,VXX,lasthr_jump,1,day_logrv,magnitude,1472,-0.024006317228308517,-1.2626093997419852,0.20672958813813203,-1.2343987399155918,0.05737580035001244,-0.021546969310354706,-0.025201037912127314,True,1.2626093997419852,0.5065806123745217,False
SPXL,VXX,lasthr_volratio,1,day_logrv,magnitude,1472,0.06784230115933253,2.749870921705962,0.0059618744498724854,3.178753094987394,0.3782693631550704,0.06223182454503096,0.07207432603403477,True,2.749870921705962,0.04677778414515335,False
SPXL,VXX,lasthr_cir,1,day_logrv,magnitude,1472,-0.020408662305856112,-1.0704153499752052,0.28443239297821243,-1.0501428607289351,0.04153737912135913,-0.019823892553930123,-0.020906827955067795,True,1.0704153499752052,0.5920837568117892,False
SPXL,VXX,lasthr_ofi,1,day_logrv,magnitude,1472,-0.04065096869277059,-1.8090104889504621,0.07044937384175214,-2.0960747301878455,0.16511383767411347,-0.031837954431154655,-0.04967502582822637,True,1.8090104889504621,0.27374613835652256,False
SPXL,VXX,lasthr_share,1,day_logrv,magnitude,1472,0.10145127967402222,4.711574846541291,2.458097843470184e-06,5.272719527135377,1.0284533192369105,0.06773538547595777,0.14233185862759856,True,4.711574846541291,9.288392273730399e-05,True
SPXL,VXX,day_ret,1,day_logrv,magnitude,1484,-0.08358636562102686,-4.272962386276052,1.9289300550650178e-05,-4.121867835879672,0.6253159541345976,-0.06677832099082352,-0.11497009953267794,True,4.272962386276052,0.0004918771640415795,False
SPXL,VXX,day_logrv,1,day_logrv,magnitude,1484,-0.05408881633946302,-2.0794458699466523,0.03757638817059354,-1.8181047021944938,0.12278351837637924,-0.05034007744303652,-0.1078627333470268,True,2.0794458699466523,0.18251388540002578,False
SPXL,VXX,day_jump,1,day_logrv,magnitude,1484,-0.03312070015684282,-1.742402191489214,0.0814380927228987,-1.717336462043925,0.10957651081702213,-0.014810347141172686,-0.06149406170292909,True,1.742402191489214,0.2927466240611689,False
SPXL,VXX,day_volratio,1,day_logrv,magnitude,1484,0.024694061628651016,0.7806970492197552,0.4349806965387546,0.9436886920592935,0.03313354628767806,0.01421464236814974,0.032547939312253305,True,0.7806970492197552,0.7177584623871975,False
SPXL,VXX,day_cir,1,day_logrv,magnitude,1484,-0.07414767173695946,-3.5559209659085247,0.0003766573052918797,-3.680322870139197,0.49967139448510167,-0.04868768980688705,-0.1141448869476573,True,3.5559209659085247,0.005799101153173091,False
SPXL,VXX,day_ofi,1,day_logrv,magnitude,1484,-0.06180065322250882,-3.0287554634044764,0.0024556336262181364,-3.068503448205724,0.3483124518367964,-0.05139832569243064,-0.07401553510644353,True,3.0287554634044764,0.02473823504930863,False
SPXL,VXX,day_maxabs,1,day_logrv,magnitude,1484,-0.018811447826966414,-0.5553113100264989,0.5786817441663812,-0.7963451074749013,0.023598711823968888,-0.0396931628355138,-0.006022405761923397,True,0.5553113100264989,0.800674346664388,False
SPXL,VXX,d5_ret,1,day_logrv,magnitude,1484,-0.05004530103351941,-2.5427501312566307,0.010998384884232645,-2.3847842431070583,0.21091294666135685,-0.03743422969240092,-0.08069725019145457,True,2.5427501312566307,0.07296489484173853,False
SPXL,VXX,d5_logrv,1,day_logrv,magnitude,1484,-0.023588073684120317,-0.945124328307027,0.3445954062954263,-0.8341099790344574,0.025888937435647463,-0.024804304070843948,-0.05417188136078252,True,0.945124328307027,0.6493991952357225,False
SPXL,VXX,d5_volratio,1,day_logrv,magnitude,1484,0.04952423336246588,1.6835613022008327,0.09226648275352338,1.705153722608996,0.10803039894103916,0.0016655907555372038,0.1095780171204353,True,1.6835613022008327,0.3156750522533423,False
SPXL,VXX,lasthr_ret,2,day_logrv,magnitude,1471,0.00011007226993472655,0.005560198440980319,0.995563626367965,0.004975950208684823,1.2080743072573341e-06,0.014341157185688312,-0.03329943262055509,False,0.005560198440980319,0.9960841840558323,False
SPXL,VXX,lasthr_logrv,2,day_logrv,magnitude,1471,0.052674400287127686,1.650209419902239,0.09890011084600021,1.7957256105279538,0.15698832141383123,0.004112119282908543,0.11043148908183907,True,1.650209419902239,0.3276392159926931,False
SPXL,VXX,lasthr_jump,2,day_logrv,magnitude,1471,-0.047221473090185186,-2.3503425115119274,0.018756142959253343,-2.136240832673199,0.22196894983463888,-0.05434665971302437,-0.03700958221111986,True,2.3503425115119274,0.11090588880254151,False
SPXL,VXX,lasthr_volratio,2,day_logrv,magnitude,1471,0.06656994338488496,2.253579272966871,0.024222648487097397,2.7394701848477507,0.3642983672379252,0.028592048573427165,0.09265698660566907,True,2.253579272966871,0.1344604160916427,False
SPXL,VXX,lasthr_cir,2,day_logrv,magnitude,1471,0.015307395066703127,0.7318618218986599,0.4642529106760206,0.6921599172973596,0.023367519363093336,0.04281708577309224,-0.021774842677002595,False,0.7318618218986599,0.730991067574441,False
SPXL,VXX,lasthr_ofi,2,day_logrv,magnitude,1471,-0.016383433987100654,-0.6855459963166823,0.49299944603792634,-0.7415421080863028,0.026819482120243876,0.026192155421789483,-0.059917079460675815,False,0.6855459963166823,0.7508113102698072,False
SPXL,VXX,lasthr_share,2,day_logrv,magnitude,1471,0.06607107095294859,2.7854666160814285,0.0053450743628219435,2.9992297238176366,0.4362188177044146,0.02936988909447692,0.10509751613421837,True,2.7854666160814285,0.044082595704985274,False
SPXL,VXX,day_ret,2,day_logrv,magnitude,1483,-0.023111511036406275,-1.177832861388978,0.23886324513426627,-0.9964327772769201,0.04781175107780866,-0.02329788368224729,-0.02650953410015984,True,1.177832861388978,0.5444480671216796,False
SPXL,VXX,day_logrv,2,day_logrv,magnitude,1483,-0.038705195025440446,-1.0670001934026558,0.28597174860737984,-1.1432591911025216,0.06292682227394542,-0.0407820858926577,-0.08231406309916285,True,1.0670001934026558,0.5937734016886055,False
SPXL,VXX,day_jump,2,day_logrv,magnitude,1483,-0.025695780100986183,-1.2388879987673858,0.21538697873113033,-1.170474477577028,0.06595562019097168,-0.023552403420707833,-0.03510969076973269,True,1.2388879987673858,0.5109179495482626,False
SPXL,VXX,day_volratio,2,day_logrv,magnitude,1483,0.04966265333846099,1.2543499596760985,0.2097148323339859,1.6694088836223462,0.13404097912741442,-0.0013920931439831133,0.1010939976878917,False,1.2543499596760985,0.5077961518828857,False
SPXL,VXX,day_cir,2,day_logrv,magnitude,1483,0.01268881211144656,0.6495946248507718,0.5159541060425041,0.5512056232724071,0.014637546914775257,0.02826323882544457,-0.012045973863340945,False,0.6495946248507718,0.7585919829381683,False
SPXL,VXX,day_ofi,2,day_logrv,magnitude,1483,0.013696356527753787,0.5806196041787209,0.5614968566895042,0.595859550441748,0.017104633889075682,0.011988487152187548,0.012020803612489412,True,0.5806196041787209,0.7954645547067752,False
SPXL,VXX,day_maxabs,2,day_logrv,magnitude,1483,0.019409428842862984,0.45439674099665966,0.649543297614874,0.7223158171423532,0.025132243440517676,-0.020170303877805218,0.04813120769345433,False,0.45439674099665966,0.8518124456035999,False
SPXL,VXX,d5_ret,2,day_logrv,magnitude,1483,-0.03976865840090981,-1.4062250166674812,0.1596573178338303,-1.663909665494381,0.13316099030563633,-0.027230152139352683,-0.06861720674561533,True,1.4062250166674812,0.45077025531454706,False
SPXL,VXX,d5_logrv,2,day_logrv,magnitude,1483,-0.031445767066248846,-0.8392671426783191,0.40131941701507223,-0.977538842154938,0.046016929562764375,-0.038674885397191085,-0.049731712028908984,True,0.8392671426783191,0.7045715749937692,False
SPXL,VXX,d5_volratio,2,day_logrv,magnitude,1483,0.07806694128823156,1.9017673894015446,0.05720157135320007,2.3646759568573095,0.2684315758608724,0.01195730467940533,0.1602351618457199,True,1.9017673894015446,0.23936657550877571,False
FAS,SPXL,lasthr_ret,1,cc_ret,direction,1492,-0.03133117561633085,-0.9332871200758754,0.3506717434529064,-1.1587631980820539,0.09008139391311065,-0.014562764382864649,-0.07828230261960932,True,0.9332871200758754,0.6518180926140583,False
FAS,SPXL,lasthr_logrv,1,cc_ret,direction,1492,0.030096387473220295,0.9734236927874244,0.33034276820985875,1.1134970467656005,0.08318668605279411,0.03066077606360074,0.04278783396849815,True,0.9734236927874244,0.6387670589081629,False
FAS,SPXL,lasthr_jump,1,cc_ret,direction,1492,-0.009757670343479581,-0.3530275645087164,0.7240677758067278,-0.3760939067967378,0.009497045261430692,0.02206999554837674,-0.04677753136087893,False,0.3530275645087164,0.8992987900430591,False
FAS,SPXL,lasthr_volratio,1,cc_ret,direction,1474,-0.004359684809501927,-0.17759884443492055,0.8590380321238792,-0.16650387836787023,0.0018844145261098788,-0.006508313149145611,-0.005448643454682276,True,0.17759884443492055,0.9679519446334979,False
FAS,SPXL,lasthr_cir,1,cc_ret,direction,1492,-0.003317207826127936,-0.1324790001018952,0.8946054321042873,-0.12668296930640657,0.0010776282160396278,-0.0031486771057649752,-0.007279961823587816,True,0.1324790001018952,0.9709482515011568,False
FAS,SPXL,lasthr_ofi,1,cc_ret,direction,1492,0.022647526863930328,0.9373585201940758,0.34857417011821545,0.8592937767899582,0.04955702068843992,0.04957146534802407,-0.01121880145650104,False,0.9373585201940758,0.6499201995596086,False
FAS,SPXL,lasthr_share,1,cc_ret,direction,1492,0.029708317815708374,0.9847574897011394,0.32474320625584285,1.1293386941033148,0.0855684661230538,0.01918377726662462,0.044466569742321535,True,0.9847574897011394,0.6324354565746247,False
FAS,SPXL,day_ret,1,cc_ret,direction,1504,-0.0565768789232782,-0.9627942379068868,0.33565079294949973,-1.692338903690021,0.19040457209233974,-0.026614374689798055,-0.10832127948605577,True,0.9627942379068868,0.6410273226995262,False
FAS,SPXL,day_logrv,1,cc_ret,direction,1504,0.023905378728566573,0.8025533749123029,0.4222329264243577,0.9031372842084655,0.05430029365153244,0.04083291324404487,0.011205989905753777,True,0.8025533749123029,0.7121940407344242,False
FAS,SPXL,day_jump,1,cc_ret,direction,1504,0.004250650208185892,0.17636335347359197,0.8600084930504381,0.16469470880376613,0.0018066832400798205,0.008841884424837534,-0.0035831393814961705,False,0.17636335347359197,0.9679519446334979,False
FAS,SPXL,day_volratio,1,cc_ret,direction,1486,-0.006949588093695273,-0.28491730340642707,0.7757074989847873,-0.26680554419851094,0.004799080887307738,0.01210765544060451,-0.034513390355990756,False,0.28491730340642707,0.9377441765504985,False
FAS,SPXL,day_cir,1,cc_ret,direction,1504,-0.005090403199695214,-0.18971200781779862,0.8495348108149587,-0.16952785565985218,0.001914275285941347,-0.02663236579338008,0.015758895062265313,False,0.18971200781779862,0.9679519446334979,False
FAS,SPXL,day_ofi,1,cc_ret,direction,1504,0.03741639709587209,1.372454414449237,0.1699220205877533,1.3176858920440033,0.11551869623876998,0.05710081982255677,0.017794530770495788,True,1.372454414449237,0.462187895998689,False
FAS,SPXL,day_maxabs,1,cc_ret,direction,1504,0.0051557376351053265,0.16488231672791215,0.8690366110994088,0.19878915276844314,0.0026321128314688025,0.056599159129882795,-0.026955296338256725,False,0.16488231672791215,0.9691411655547397,False
FAS,SPXL,d5_ret,1,cc_ret,direction,1501,-0.05028463258149219,-1.7152012871912368,0.08630832896976859,-1.8783362794196314,0.23492905017941101,-0.03968657942384132,-0.07257305608427658,True,1.7152012871912368,0.3048813698672345,False
FAS,SPXL,d5_logrv,1,cc_ret,direction,1501,0.031407250835055474,1.157485623064607,0.2470740097974442,1.2154890738411086,0.0985112198759297,0.046253559385084804,0.02740454511316158,True,1.157485623064607,0.5538801977876772,False
FAS,SPXL,d5_volratio,1,cc_ret,direction,1486,-0.021064761590491237,-0.866256484004923,0.3863495242565075,-0.810802243959626,0.04430233572370046,0.013229659910417699,-0.07423786874115636,False,0.866256484004923,0.6913623065642766,False
FAS,SPXL,lasthr_ret,2,cc_ret,direction,1491,-0.02259006308878325,-0.8066867476939644,0.4198469811132197,-0.8349580090402661,0.0468283734170738,-0.01641394191274553,-0.03289098450706321,True,0.8066867476939644,0.7121940407344242,False
FAS,SPXL,lasthr_logrv,2,cc_ret,direction,1491,0.019919886291256173,0.7125579410183479,0.47611934560240954,0.7366372342195797,0.03645291117662097,0.023329080435844946,0.025684686090871704,True,0.7125579410183479,0.7372093277197702,False
FAS,SPXL,lasthr_jump,2,cc_ret,direction,1491,0.002814127447507511,0.12158973267980659,0.903223945287775,0.10842228101516241,0.0007899814234879621,0.017841727783432446,-0.015658169415744924,False,0.12158973267980659,0.9709482515011568,False
FAS,SPXL,lasthr_volratio,2,cc_ret,direction,1473,0.022702566971491516,1.097876414452252,0.27225845817998917,0.8669471419285304,0.05110228336724365,0.05445020846156496,-0.004319973889890331,False,1.097876414452252,0.5868386501840841,False
FAS,SPXL,lasthr_cir,2,cc_ret,direction,1491,-0.02959456583620618,-1.2120261802143737,0.22550235921504158,-1.1302416223237501,0.08577350201911527,-0.031044081312640193,-0.023128723752298925,True,1.2120261802143737,0.524571585647178,False
FAS,SPXL,lasthr_ofi,2,cc_ret,direction,1491,-0.008784659816538705,-0.38911219282324133,0.6971931542914696,-0.33312874293512096,0.007457187343895555,-0.010684658652731714,-0.00238687765652564,True,0.38911219282324133,0.8806650369997511,False
FAS,SPXL,lasthr_share,2,cc_ret,direction,1491,-0.01885535502873357,-0.7657189388026522,0.4438435556995527,-0.7163653068850327,0.034474864457378906,0.002406475264579827,-0.04427118981336951,False,0.7657189388026522,0.7243526829016701,False
FAS,SPXL,day_ret,2,cc_ret,direction,1503,0.07617274276204904,1.2672773462954645,0.20505613776196896,2.2793233687388366,0.3451381936482978,0.032498338056003905,0.15147843822024445,True,1.2672773462954645,0.5039933988366466,False
FAS,SPXL,day_logrv,2,cc_ret,direction,1503,0.03805104192713492,1.1174227117540112,0.2638136287372518,1.4376315089465164,0.13758779682285782,0.024916508676743578,0.07360575482273124,True,1.1174227117540112,0.5820307348070561,False
FAS,SPXL,day_jump,2,cc_ret,direction,1503,0.012546029110452326,0.44231464139962695,0.658261537415958,0.48594706490856515,0.01573954942316602,0.008915698345701406,0.017058567465662082,True,0.44231464139962695,0.8539609134044861,False
FAS,SPXL,day_volratio,2,cc_ret,direction,1485,0.0012285826725962437,0.053259605292520454,0.9575250648025568,0.04714867428919548,0.00014999473121335427,0.009325700598454454,-0.005530021373696806,False,0.053259605292520454,0.9794777168038538,False
FAS,SPXL,day_cir,2,cc_ret,direction,1503,-0.027708646551393656,-0.9868976923993614,0.32369279562397324,-0.9227100645794167,0.056723995783547476,-0.03181311826093887,-0.018853477297334338,True,0.9868976923993614,0.6318978976774214,False
FAS,SPXL,day_ofi,2,cc_ret,direction,1503,-0.018922870299526738,-0.6545094145259888,0.5127836637237777,-0.6659008722806254,0.029551092174739946,0.00645848292030302,-0.03870222954028319,False,0.6545094145259888,0.7578015176583442,False
FAS,SPXL,day_maxabs,2,cc_ret,direction,1503,0.09787842373268077,1.36878438603185,0.17106668302106542,3.790307799991883,0.948619345630719,-0.011642424556102628,0.17852876048902877,False,1.36878438603185,0.46221991173903765,False
FAS,SPXL,d5_ret,2,cc_ret,direction,1500,-0.03144580692368837,-1.3218528473845452,0.18621715649633552,-1.173331863252551,0.09187566672955727,-0.026236001339161312,-0.03759242366251551,True,1.3218528473845452,0.48702948622118525,False
FAS,SPXL,d5_logrv,2,cc_ret,direction,1500,0.03344030876352014,1.2604798482414623,0.20749631299709104,1.2937466762364536,0.11167891154745258,0.04862570456470211,0.029828349235607607,True,1.2604798482414623,0.5069371000168451,False
FAS,SPXL,d5_volratio,2,cc_ret,direction,1485,-0.004741402568101382,-0.18936255255892842,0.8498086721744187,-0.18239025191172276,0.0022445598053422167,0.03650547470367275,-0.06166699646241121,False,0.18936255255892842,0.9679519446334979,False
FAS,SPXL,lasthr_ret,1,overnight,direction,1492,-0.020909400955744332,-0.6615958723246059,0.5082302535968259,-0.8043503576457924,0.04342576490052874,-0.019147265415302428,-0.02577832884988919,True,0.6615958723246059,0.7578015176583442,False
FAS,SPXL,lasthr_logrv,1,overnight,direction,1492,0.010092234501492357,0.3111928116768627,0.7556540473843762,0.38573100281348377,0.009990134121751204,0.010893774288827993,0.027312717836393677,True,0.3111928116768627,0.9224831523584158,False
FAS,SPXL,lasthr_jump,1,overnight,direction,1492,-0.03252182466146765,-1.2918537656228957,0.19640779168088673,-1.2556882538494993,0.10576686662209234,0.00808976461674553,-0.07840459287324325,False,1.2918537656228957,0.49565742468808655,False
FAS,SPXL,lasthr_volratio,1,overnight,direction,1474,-0.021620163015761393,-0.6177857468639707,0.5367165800947091,-0.8290870778617018,0.04669890210086125,0.0029762449110749267,-0.03840168322139103,False,0.6177857468639707,0.7751517333757215,False
FAS,SPXL,lasthr_cir,1,overnight,direction,1492,-0.011901729088773783,-0.4466121368305603,0.6551551309752406,-0.45845358483409054,0.014111561358043367,-0.01094964210195337,-0.014525609791430274,True,0.4466121368305603,0.8518706203095677,False
FAS,SPXL,lasthr_ofi,1,overnight,direction,1492,0.00965705460700236,0.38076711782136863,0.70337606068567,0.3725529561122164,0.009319254412476496,0.014931833232189976,0.00637317791849369,True,0.38076711782136863,0.8845469840948542,False
FAS,SPXL,lasthr_share,1,overnight,direction,1492,0.026206967189121494,1.0850227700817259,0.27791157044841874,1.0114269041344808,0.0686461767974933,0.002859306669516085,0.056879589793318114,True,1.0850227700817259,0.5872353204917797,False
FAS,SPXL,day_ret,1,overnight,direction,1504,0.03632312920126433,1.0561525065273998,0.2908985450221315,1.4070921738041164,0.13172156490116604,0.005397710512699862,0.09965400383985892,True,1.0561525065273998,0.5993355496045543,False
FAS,SPXL,day_logrv,1,overnight,direction,1504,0.011198767605098253,0.36972064210212546,0.7115906497846424,0.42843433878338655,0.01222643116800537,0.037105051789547684,-0.008348361588649648,False,0.36972064210212546,0.8919477269189987,False
FAS,SPXL,day_jump,1,overnight,direction,1504,-0.004061375613601502,-0.16285432827549512,0.8706331314157967,-0.1573353632555915,0.001649034726647347,-0.01658278624397664,0.01337674013740554,False,0.16285432827549512,0.9691411655547397,False
FAS,SPXL,day_volratio,1,overnight,direction,1486,-0.03640220159847831,-1.0594616317906318,0.2893895940523673,-1.4018511410668324,0.1323239203282811,0.00839427410823555,-0.08616591709622773,False,1.0594616317906318,0.5978276170803335,False
FAS,SPXL,day_cir,1,overnight,direction,1504,-0.00441070024034729,-0.17967164664164587,0.8574103538730072,-0.1708905298877149,0.0019454129954965538,-0.011168034969633955,0.00784679625528397,False,0.17967164664164587,0.9679519446334979,False
FAS,SPXL,day_ofi,1,overnight,direction,1504,0.007821331062053767,0.3326522055068977,0.739396831123854,0.3027002281163295,0.006103560524806095,-0.004870807191780496,0.025280882072107984,False,0.3326522055068977,0.9086563466823265,False
FAS,SPXL,day_maxabs,1,overnight,direction,1504,0.06000181651651798,1.7734924505500533,0.07614714175832758,2.2959575140692574,0.34993664214282294,0.08151829539005685,0.06585661158363837,True,1.7734924505500533,0.28625651449959016,False
FAS,SPXL,d5_ret,1,overnight,direction,1501,0.006413681122990458,0.22809745296968306,0.8195704801441398,0.24823136850805214,0.004112870905692567,0.023356809209843912,-0.01927565434079788,False,0.22809745296968306,0.9626833691652323,False
FAS,SPXL,d5_logrv,1,overnight,direction,1501,0.013348726950724556,0.45196876764050525,0.6512914825107766,0.5163851083955291,0.01779589102526291,0.05096255901358691,-0.016921141122748597,False,0.45196876764050525,0.8518124456035999,False
FAS,SPXL,d5_volratio,1,overnight,direction,1486,-0.01933545528958463,-0.7251288355282264,0.4683729957995687,-0.7444277426697365,0.03735016479331499,0.024374662308009734,-0.07464987612564085,False,0.7251288355282264,0.730991067574441,False
FAS,SPXL,lasthr_ret,2,overnight,direction,1491,-0.017760949692984234,-0.5662392196004288,0.5712311721098146,-0.6834062786684134,0.031332377369208686,-0.006926702643218786,-0.04694637418686618,True,0.5662392196004288,0.7954645547067752,False
FAS,SPXL,lasthr_logrv,2,overnight,direction,1491,-0.031065645550469187,-1.0509863634687904,0.2932648528908852,-1.1883455868147772,0.09467716862970876,-0.012874397338074483,-0.052780188905690056,True,1.0509863634687904,0.5993355496045543,False
FAS,SPXL,lasthr_jump,2,overnight,direction,1491,-0.005376098718642545,-0.23933815444848391,0.8108433819838677,-0.2075329983983968,0.0028902370429406687,0.012454634464915697,-0.026880851855477703,False,0.23933815444848391,0.9561390169058325,False
FAS,SPXL,lasthr_volratio,2,overnight,direction,1473,-0.022893676100032023,-0.9636462802936866,0.33522329551518426,-0.878202931291243,0.052363552013723336,-0.0022342621594742484,-0.045222560425639956,True,0.9636462802936866,0.6410273226995262,False
FAS,SPXL,lasthr_cir,2,overnight,direction,1491,-0.06364021227682606,-2.5941937252529366,0.009481304660185902,-2.4569703794367928,0.4034718297692308,-0.07084485875499863,-0.05301168127788217,True,2.5941937252529366,0.06727604002357997,False
FAS,SPXL,lasthr_ofi,2,overnight,direction,1491,-0.0016482266278584584,-0.06745169228481725,0.946222118361807,-0.06360210617787841,0.0002714648014490173,-0.0032182619381898757,-0.00021146241748111168,True,0.06745169228481725,0.979060164318174,False
FAS,SPXL,lasthr_share,2,overnight,direction,1491,-0.04306659900882232,-1.8545388572441401,0.06366210635372567,-1.6636264896534418,0.18538574482842574,-0.02952280875193948,-0.05774204137802124,True,1.8545388572441401,0.2559028511558628,False
FAS,SPXL,day_ret,2,overnight,direction,1503,0.020701916926276848,0.5869867019708412,0.5572126378542863,0.8018042724721957,0.04278645952547899,0.052329947137773,-0.03997329490237066,False,0.5869867019708412,0.7921350391796126,False
FAS,SPXL,day_logrv,2,overnight,direction,1503,-0.01877538112062692,-0.6111732843001066,0.5410848678382082,-0.7185882323861718,0.03436896376792786,-0.00011383705364235368,-0.040418786935437025,True,0.6111732843001066,0.7784864087756626,False
FAS,SPXL,day_jump,2,overnight,direction,1503,0.016976377466390333,0.6562351964722876,0.5116728060487927,0.6579008209688446,0.028810531580125698,0.017718242285570545,0.013735607411784364,True,0.6562351964722876,0.7578015176583442,False
FAS,SPXL,day_volratio,2,overnight,direction,1485,-0.0003325705375321398,-0.011877051509809264,0.9905237067675149,-0.012802021096324804,1.104499065540665e-05,0.0073387309270198115,-0.012348440059068856,False,0.011877051509809264,0.9960841840558323,False
FAS,SPXL,day_cir,2,overnight,direction,1503,0.0025942732475971544,0.09878274459326297,0.9213107692958099,0.10053966807880747,0.0006730195540094464,0.026236848793232716,-0.03123761828036828,False,0.09878274459326297,0.9754340307893749,False
FAS,SPXL,day_ofi,2,overnight,direction,1503,0.01863869634140956,0.6934877994462224,0.48800347978993164,0.7216558573140682,0.034662927558748446,0.04730418986979503,-0.012664825812904165,False,0.6934877994462224,0.7485166156176395,False
FAS,SPXL,day_maxabs,2,overnight,direction,1503,-0.023638034329486492,-0.8138331117753208,0.4157405633957184,-0.9033915679534777,0.054308968534944047,0.010773921142093077,-0.0501101755102909,False,0.8138331117753208,0.7121940407344242,False
FAS,SPXL,d5_ret,2,overnight,direction,1500,-0.01985529157514041,-0.750970217192234,0.45267057996633187,-0.7688252009318858,0.03941683940364982,-0.01581542650164225,-0.02934813035316687,True,0.750970217192234,0.7264941048210743,False
FAS,SPXL,d5_logrv,2,overnight,direction,1500,0.010729595747402,0.3551619782099879,0.7224682472660277,0.4151757250821145,0.01149772526066739,0.05513683140122748,-0.039463984262669796,False,0.3551619782099879,0.8986800148918881,False
FAS,SPXL,d5_volratio,2,overnight,direction,1485,0.008821043843853288,0.3471943959440934,0.7284452806866715,0.3396458455697759,0.007773688498524667,0.04698610097407774,-0.049707821886900726,False,0.3471943959440934,0.9022263869524815,False
FAS,SPXL,lasthr_ret,1,abs_ret,magnitude,1472,0.025899752700542695,0.8175119364243199,0.4136359307482277,1.100283150964869,0.06671720149376004,0.02930417266764586,0.01840877372256305,True,0.8175119364243199,0.7121940407344242,False
FAS,SPXL,lasthr_logrv,1,abs_ret,magnitude,1472,0.051109395928504955,1.3099772978296642,0.19020351570183502,1.4061680373690577,0.10891222114204346,-0.030690214171676673,0.14271439728297922,False,1.3099772978296642,0.49428684335253936,False
FAS,SPXL,lasthr_jump,1,abs_ret,magnitude,1472,0.047895043585786154,1.9307126977572135,0.0535185917588015,2.040042944882832,0.22889454654849706,0.02656619720829869,0.0722011458368722,True,1.9307126977572135,0.2291623848786781,False
FAS,SPXL,lasthr_volratio,1,abs_ret,magnitude,1472,-0.010960502281088644,-0.4629725933847913,0.6433840119476344,-0.4464476127276806,0.010991808476223941,-0.0325833530913765,0.007561967494622152,False,0.4629725933847913,0.84814435177588,False
FAS,SPXL,lasthr_cir,1,abs_ret,magnitude,1472,0.0202900748612483,0.8293782414818842,0.4068904097601722,0.8622887548929324,0.04098949097132154,-0.014477746650449739,0.07170387627342194,False,0.8293782414818842,0.7094499452228643,False
FAS,SPXL,lasthr_ofi,1,abs_ret,magnitude,1472,-0.008875829576555038,-0.410473314722003,0.6814587749235055,-0.3768390850862716,0.007831717030604146,-0.030851949271395396,0.017836214889029478,False,0.410473314722003,0.8688599380274695,False
FAS,SPXL,lasthr_share,1,abs_ret,magnitude,1472,0.007036613834746092,0.24903519073043942,0.8033335604754549,0.29461831325985394,0.004787192882860225,-0.042329838816302055,0.062079170748990754,False,0.24903519073043942,0.9513458161548485,False
FAS,SPXL,day_ret,1,abs_ret,magnitude,1484,-0.013715296508210736,-0.4470256307694398,0.6548565539500282,-0.5749081862304153,0.018062192171564018,0.002982583333084342,-0.046796710593848385,False,0.4470256307694398,0.8518706203095677,False
FAS,SPXL,day_logrv,1,abs_ret,magnitude,1484,0.08661501739184722,2.3236192409733585,0.0201459102632742,1.9234955865520091,0.2017287694463077,0.06323491120935731,0.11956469720526237,True,2.3236192409733585,0.11666848269734365,False
FAS,SPXL,day_jump,1,abs_ret,magnitude,1484,0.007676723327661164,0.3805753523056395,0.7035183733793633,0.32779856382712996,0.005872906114490206,0.011860000051892389,0.004466676825113276,True,0.3805753523056395,0.8845469840948542,False
FAS,SPXL,day_volratio,1,abs_ret,magnitude,1484,0.025579203561830344,1.052883349542199,0.29239445816149123,1.007004961391524,0.0553906000590354,-0.010582376013039997,0.06886207140574473,False,1.052883349542199,0.5993355496045543,False
FAS,SPXL,day_cir,1,abs_ret,magnitude,1484,-0.01642875356897591,-0.6430597916368316,0.5201853033568462,-0.6896789871917404,0.02599111166832202,-0.010746359860042208,-0.025138883231365917,True,0.6430597916368316,0.7634374236316304,False
FAS,SPXL,day_ofi,1,abs_ret,magnitude,1484,-0.01683433149664024,-0.7159107387635505,0.4740464671109961,-0.7049805170868482,0.0271568148941137,-0.031309264149505925,-0.003980163701727893,True,0.7159107387635505,0.735402884339492,False
FAS,SPXL,day_maxabs,1,abs_ret,magnitude,1484,0.07519848260506443,2.43637292287874,0.014835381080275167,2.519819296701056,0.34558018590234996,0.11708320607864477,0.05168613043086713,True,2.43637292287874,0.09384241055429873,False
FAS,SPXL,d5_ret,1,abs_ret,magnitude,1484,-0.026719642757579258,-0.9461111785789429,0.3440918827356926,-1.071917421380168,0.06275609487740308,0.0035423359443011795,-0.08264731201942453,False,0.9461111785789429,0.6493991952357225,False
FAS,SPXL,d5_logrv,1,abs_ret,magnitude,1484,0.10210705755741467,2.056647075850576,0.03972018644329806,2.0725587237229153,0.23411255277792087,0.0440648074813202,0.19017103608334854,True,2.056647075850576,0.188439954289135,False
FAS,SPXL,d5_volratio,1,abs_ret,magnitude,1484,0.02355808207828997,0.8022146243136539,0.42242881827875156,0.9073619416808559,0.04497694427062493,-0.017503183521907724,0.07954452691414887,False,0.8022146243136539,0.7121940407344242,False
FAS,SPXL,lasthr_ret,2,abs_ret,magnitude,1471,-0.045572925838211625,-1.4236525673115148,0.15454707073082224,-1.9061622347886436,0.2065669354187616,-0.06179143428773984,-0.0023709462933395715,True,1.4236525673115148,0.44638740221092876,False
FAS,SPXL,lasthr_logrv,2,abs_ret,magnitude,1471,0.04679461056869188,1.479609235061934,0.13897756050169016,1.2670694875674593,0.09139904528451259,-0.027253792959930197,0.12285412439377881,False,1.479609235061934,0.418471178484794,False
FAS,SPXL,lasthr_jump,2,abs_ret,magnitude,1471,0.010406826673031664,0.495927403203037,0.6199456314253576,0.4355128990422855,0.010808414795338006,0.0013378944484768306,0.02204702656871449,True,0.495927403203037,0.8300445978163066,False
FAS,SPXL,lasthr_volratio,2,abs_ret,magnitude,1471,-0.03011136360591523,-1.550638043595787,0.12098844976709124,-1.207249144863557,0.08298095132646122,-0.06309709265453246,-0.00085228614864624,True,1.550638043595787,0.3782627395017105,False
FAS,SPXL,lasthr_cir,2,abs_ret,magnitude,1471,-0.03274243679661209,-1.2758300883505036,0.20201558892032845,-1.3694087151949899,0.10673998373081917,-0.05597313303196566,0.003016670410058498,False,1.2758300883505036,0.5010477828540669,False
FAS,SPXL,lasthr_ofi,2,abs_ret,magnitude,1471,-0.024769253574442852,-1.0906198310197794,0.27544019978002965,-1.034907000559288,0.060996037332716746,-0.05083439022959272,0.006964530567073326,False,1.0906198310197794,0.5868386501840841,False
FAS,SPXL,lasthr_share,2,abs_ret,magnitude,1471,-0.014147887722380978,-0.6553198524483792,0.5122618415901474,-0.5829054408526508,0.019360283652636312,-0.03587002465572268,0.007812036907600253,False,0.6553198524483792,0.7578015176583442,False
FAS,SPXL,day_ret,2,abs_ret,magnitude,1483,-0.039317908168944725,-0.9895915827887647,0.3223737858304756,-1.623750305094344,0.14844247011036593,-0.07525836172766687,0.02576769504593565,False,0.9895915827887647,0.6308321564452471,False
FAS,SPXL,day_logrv,2,abs_ret,magnitude,1483,0.120281515332325,2.572017222643279,0.010110786182477287,2.631585246854038,0.38877510551418304,0.023783426083654257,0.2405551022340175,True,2.572017222643279,0.06991865699069039,False
FAS,SPXL,day_jump,2,abs_ret,magnitude,1483,0.018019929278217453,0.6749103435587304,0.4997327284857024,0.7575801394518162,0.032358044590119484,0.002892782910040774,0.04201228308377885,True,0.6749103435587304,0.7508113102698072,False
FAS,SPXL,day_volratio,2,abs_ret,magnitude,1483,0.004246889504599342,0.18094350571799786,0.8564119198047742,0.1645694529621649,0.0015275105216261409,-0.044961520294456526,0.06173917216201636,False,0.18094350571799786,0.9679519446334979,False
FAS,SPXL,day_cir,2,abs_ret,magnitude,1483,-0.07440461768449863,-2.9101507665249455,0.0036125444501138196,-3.08441172595817,0.5331530507257543,-0.0936472955625449,-0.04742745035930057,True,2.9101507665249455,0.03312175585722334,False
FAS,SPXL,day_ofi,2,abs_ret,magnitude,1483,-0.031192474118843586,-1.0928038863133747,0.2744799149403704,-1.2865539834000577,0.09325317947630474,-0.07030475849932957,0.0104027360870893,False,1.0928038863133747,0.5868386501840841,False
FAS,SPXL,day_maxabs,2,abs_ret,magnitude,1483,0.20775418084257946,2.489300023390874,0.012799490211101383,6.946393124913351,2.635484791017162,0.010826981790108886,0.32185489664471295,True,2.489300023390874,0.08355507209806982,True
FAS,SPXL,d5_ret,2,abs_ret,magnitude,1483,-0.06756319786193585,-2.4262326050578,0.015256488411125759,-2.673654765493834,0.40124436649658923,-0.05044342362567035,-0.09560079890068028,True,2.4262326050578,0.09503278277464594,False
FAS,SPXL,d5_logrv,2,abs_ret,magnitude,1483,0.11793348921855798,1.8757455473644127,0.06069022834248997,2.3576186515958564,0.3123277926220802,0.01586150658131483,0.27595674412704224,True,1.8757455473644127,0.24886043380639106,False
FAS,SPXL,d5_volratio,2,abs_ret,magnitude,1483,0.023863191797353803,0.8126554236047646,0.4164156453698026,0.9048259624855304,0.04615123441787938,-0.022813980134509748,0.08804581435912529,False,0.8126554236047646,0.7121940407344242,False
FAS,SPXL,lasthr_ret,1,day_logrv,magnitude,1472,-0.046978140288548347,-2.682181469884244,0.0073143770618416225,-2.6832477945988114,0.21950187153702005,-0.060216131008321884,-0.01142757294533067,True,2.682181469884244,0.05395892422071516,False
FAS,SPXL,lasthr_logrv,1,day_logrv,magnitude,1472,0.11757742805068332,3.937306204323725,8.240143159712544e-05,4.36558995036325,0.5763987510070234,0.0771034610713144,0.1582460857680863,True,3.937306204323725,0.0015335846783506289,False
FAS,SPXL,lasthr_jump,1,day_logrv,magnitude,1472,-0.0033243131134551114,-0.19091628579106817,0.8485911806396818,-0.18971992664226114,0.0011027019575782226,-0.005344291147200621,0.0003046856340079161,False,0.19091628579106817,0.9679519446334979,False
FAS,SPXL,lasthr_volratio,1,day_logrv,magnitude,1472,0.04925716791390025,2.290444395534185,0.0219955684459496,2.6985305532251003,0.2219970048659481,0.0728584863043476,0.01969118924082207,True,2.290444395534185,0.12551317378947466,False
FAS,SPXL,lasthr_cir,1,day_logrv,magnitude,1472,-0.018224348526162615,-1.0043195946858572,0.31522459184448215,-1.0393049603768034,0.03306810066181498,-0.05071645048912687,0.030017634096671766,False,1.0043195946858572,0.6248452524529686,False
FAS,SPXL,lasthr_ofi,1,day_logrv,magnitude,1472,-0.05290657359550637,-3.1699822478902258,0.0015244825107972653,-3.023126611422488,0.2782648497981044,-0.09192448402989516,-0.0066138737153869365,True,3.1699822478902258,0.017385705409581405,False
FAS,SPXL,lasthr_share,1,day_logrv,magnitude,1472,0.04783783317579572,2.8073676413399724,0.004994820122277227,2.694005220020943,0.2212567304291091,0.03915753654852956,0.05311439282234812,True,2.8073676413399724,0.042018280616270276,False
FAS,SPXL,day_ret,1,day_logrv,magnitude,1484,-0.0719640109264752,-3.878058693209665,0.00010529331780105078,-4.074201309188921,0.4972683042897774,-0.05793438582736413,-0.10023530923091059,True,3.878058693209665,0.0018678118983838574,False
FAS,SPXL,day_logrv,1,day_logrv,magnitude,1484,0.056504717790934286,1.653265575337659,0.09827682580067955,1.6850605105440373,0.085852088756877,-0.009785497125312619,0.13421438654140466,False,1.653265575337659,0.32732199940144696,False
FAS,SPXL,day_jump,1,day_logrv,magnitude,1484,-0.04415421611688609,-2.7085364589753405,0.00675806864313046,-2.53799098931674,0.19428784836776902,-0.04561988851346738,-0.03778152254921979,True,2.7085364589753405,0.05106096308143014,False
FAS,SPXL,day_volratio,1,day_logrv,magnitude,1484,0.022924305287684903,1.0045065166914653,0.3151345317375974,1.2124574563000985,0.04448917994694934,0.027365880872065006,0.011762304138965781,True,1.0045065166914653,0.6248452524529686,False
FAS,SPXL,day_cir,1,day_logrv,magnitude,1484,-0.06544823352569501,-3.7760722646127363,0.0001593207858616169,-3.707129267289751,0.41248815622754176,-0.06630918430329436,-0.0647069244976072,True,3.7760722646127363,0.0026531788012873346,False
FAS,SPXL,day_ofi,1,day_logrv,magnitude,1484,-0.05911378830158026,-3.295591545911219,0.0009821469796711154,-3.3372207349294283,0.33486107425493294,-0.07229926840265302,-0.04708025114368007,True,3.295591545911219,0.012721141831930637,False
FAS,SPXL,day_maxabs,1,day_logrv,magnitude,1484,-0.0035322701963400316,-0.13254539462713444,0.8945529200101381,-0.1586523590251441,0.0007624976566700248,-0.09187056087035356,0.04698769935496671,False,0.13254539462713444,0.9709482515011568,False
FAS,SPXL,d5_ret,1,day_logrv,magnitude,1484,-0.0737013058020062,-4.252603889555079,2.1129913712794117e-05,-3.9913753484104775,0.4774687816499812,-0.05582148175757326,-0.1006403085274421,True,4.252603889555079,0.00052248513908,False
FAS,SPXL,d5_logrv,1,day_logrv,magnitude,1484,0.048755538682813584,1.2988106734861886,0.19400891077838456,1.3281984930069426,0.053377852405989135,-0.05840689423223905,0.18937368373055852,False,1.2988106734861886,0.49565742468808655,False
FAS,SPXL,d5_volratio,1,day_logrv,magnitude,1484,0.03487706668795204,1.825729376568273,0.06789103589942741,1.8059132207742044,0.09858026665104935,0.00958037379924317,0.06093498181778067,True,1.825729376568273,0.2676284313716559,False
FAS,SPXL,lasthr_ret,2,day_logrv,magnitude,1471,-0.01036513985923748,-0.5640980973916107,0.5726873728325712,-0.5309465343269147,0.010685560708423303,0.003337385867363962,-0.04205063493280502,False,0.5640980973916107,0.7954645547067752,False
FAS,SPXL,lasthr_logrv,2,day_logrv,magnitude,1471,0.10932752730431583,3.168167173056022,0.0015340328302571827,3.6439538722564446,0.49889486725852583,0.01814648751512135,0.19778480298078677,True,3.168167173056022,0.017385705409581405,False
FAS,SPXL,lasthr_jump,2,day_logrv,magnitude,1471,-0.02116867312822377,-1.1026899453901444,0.2701618346451409,-1.086529424466894,0.04472111616555807,-0.03342100436166569,-0.0029467645496793265,True,1.1026899453901444,0.5868386501840841,False
FAS,SPXL,lasthr_volratio,2,day_logrv,magnitude,1471,0.02369423990874244,1.0169204417401474,0.30919127801920987,1.1646965276208934,0.051381067859501695,0.02727244781189527,0.01470875872639272,True,1.0169204417401474,0.6213521564129051,False
FAS,SPXL,lasthr_cir,2,day_logrv,magnitude,1471,0.0102822323015815,0.5644198380597126,0.5724684410041578,0.5269767929267858,0.010526402191135542,0.022597534130902184,-0.004958371684900764,False,0.5644198380597126,0.7954645547067752,False
FAS,SPXL,lasthr_ofi,2,day_logrv,magnitude,1471,-0.018240396693013614,-0.9771914257761833,0.3284743920456136,-0.9343548102984358,0.03307838832967702,-0.028953775543565874,-0.006890177976286395,True,0.9771914257761833,0.6366629546537308,False
FAS,SPXL,lasthr_share,2,day_logrv,magnitude,1471,0.03854529162696789,1.9360292011756806,0.052864124622738845,1.9494322565936637,0.14370476817664457,0.021605003744657687,0.052582725611373136,True,1.9360292011756806,0.2291623848786781,False
FAS,SPXL,day_ret,2,day_logrv,magnitude,1483,-0.056202269831708486,-3.138529484179575,0.0016979785189394938,-2.851583445216025,0.3033088454340471,-0.04265788180452096,-0.07294509498485774,True,3.138529484179575,0.018392325826477242,False
FAS,SPXL,day_logrv,2,day_logrv,magnitude,1483,0.07878851122805357,1.812237602404561,0.06994949124327755,2.1121258889407595,0.16681167941601238,-0.04620741632114944,0.2147194252331195,False,1.812237602404561,0.27374613835652256,False
FAS,SPXL,day_jump,2,day_logrv,magnitude,1483,-0.02881835382203202,-1.4214359667201828,0.155190056631905,-1.486564621854844,0.08275884922500643,-0.03118820965087008,-0.02204644568606481,True,1.4214359667201828,0.44638740221092876,False
FAS,SPXL,day_volratio,2,day_logrv,magnitude,1483,0.004841369395419244,0.19001431813194922,0.8492979106864832,0.23006432517584424,0.0019850832643886207,-0.009768373416561867,0.01428621300350927,False,0.19001431813194922,0.9679519446334979,False
FAS,SPXL,day_cir,2,day_logrv,magnitude,1483,-0.051741404105366186,-2.8416530001205365,0.004488031105545795,-2.6280204820574284,0.2578270856586573,-0.04262964639614713,-0.06019729207492601,True,2.8416530001205365,0.03854982507500388,False
FAS,SPXL,day_ofi,2,day_logrv,magnitude,1483,-0.034843115269051775,-1.7241362954143304,0.08468324116007916,-1.7632236626045552,0.11635845780834098,-0.052026042190618675,-0.01257078385721157,True,1.7241362954143304,0.30072042052919595,False
FAS,SPXL,day_maxabs,2,day_logrv,magnitude,1483,0.03749852205095194,1.497054302129955,0.13437912909022295,1.514200455947194,0.08585968122523102,-0.05940389376513072,0.09791364671048117,False,1.497054302129955,0.41223071179557114,False
FAS,SPXL,d5_ret,2,day_logrv,magnitude,1483,-0.06921342731957024,-3.001985591321976,0.0026822487100082865,-3.363508837501101,0.4210845083364445,-0.03962791720152279,-0.10703625447580822,True,3.001985591321976,0.026056130325794784,False
FAS,SPXL,d5_logrv,2,day_logrv,magnitude,1483,0.05600508441562065,1.0507655442263168,0.29336628431765854,1.3712727780041496,0.0704354426665943,-0.10452576578433743,0.2788329983117004,False,1.0507655442263168,0.5993355496045543,False
FAS,SPXL,d5_volratio,2,day_logrv,magnitude,1483,0.040731836114105,1.6161640820026046,0.10605884223363918,1.8957305758662908,0.13446034876780644,-0.0006637237591916409,0.09071248881132934,False,1.6161640820026046,0.34342863199464113,False
FAS,VXX,lasthr_ret,1,cc_ret,direction,1492,0.039264544760217075,1.2329933588788164,0.21757824191725716,1.5020619729201714,0.15076344376022677,0.000984008824297534,0.13852032317471388,True,1.2329933588788164,0.5131325011690228,False
FAS,VXX,lasthr_logrv,1,cc_ret,direction,1492,-0.055058133061577405,-2.0492418696377968,0.040438469745295046,-2.075414807886589,0.2874307487039318,-0.059473624364106775,-0.039689625201207064,True,2.0492418696377968,0.19073867810497547,False
FAS,VXX,lasthr_jump,1,cc_ret,direction,1492,0.04740645546345758,1.7598490545380894,0.07843340318880063,1.8325307130115818,0.2242343090776422,-0.01711693881573777,0.1236911409779624,False,1.7598490545380894,0.28625651449959016,False
FAS,VXX,lasthr_volratio,1,cc_ret,direction,1474,0.008937898363132604,0.32831523781346655,0.742673324047803,0.33861463095399585,0.007767935854885444,-0.013522887598581028,0.030913433130547528,False,0.32831523781346655,0.9099420907252361,False
FAS,VXX,lasthr_cir,1,cc_ret,direction,1492,0.022251028655901606,0.9194529224543263,0.35785871890863086,0.85992102325158,0.049462881893003185,-0.0029750504800757,0.06079598046433213,False,0.9194529224543263,0.6621603506336571,False
FAS,VXX,lasthr_ofi,1,cc_ret,direction,1492,0.01725258019560539,0.6737167812976109,0.5004913908503061,0.6631286931536674,0.02942017885384507,-0.017500209719338463,0.060526942953404696,False,0.6737167812976109,0.7508113102698072,False
FAS,VXX,lasthr_share,1,cc_ret,direction,1492,-0.004772547611842329,-0.1700843148118612,0.8649438287507379,-0.18243229456540502,0.002227263715615102,-0.0022982152113956516,-0.004610784066959761,True,0.1700843148118612,0.9691411655547397,False
FAS,VXX,day_ret,1,cc_ret,direction,1504,0.00548005968248051,0.11264502123051316,0.9103119903976948,0.18819728416297268,0.002347525534263095,-0.01884887648967864,0.04979682628433296,False,0.11264502123051316,0.9722703981210982,False
FAS,VXX,day_logrv,1,cc_ret,direction,1504,-0.06346856829611,-2.0838683329989944,0.03717214553080861,-2.4268458519982645,0.388845891320555,-0.08222956858022926,-0.025588496070962204,True,2.0838683329989944,0.18191652673693967,False
FAS,VXX,day_jump,1,cc_ret,direction,1504,-0.010041180862147617,-0.43510564210155833,0.6634857482637957,-0.389900986566065,0.010075313149482401,-0.004882723398193506,-0.0211770185824556,True,0.43510564210155833,0.8566524851000907,False
FAS,VXX,day_volratio,1,cc_ret,direction,1486,-0.0037420992509442853,-0.11273070822099222,0.910244054785259,-0.14232057918287686,0.0013590676073538255,-0.04727939419175018,0.050374470342477023,False,0.11273070822099222,0.9722703981210982,False
FAS,VXX,day_cir,1,cc_ret,direction,1504,-0.02319371595948736,-0.8919802637576408,0.37240351109022896,-0.8361554032536976,0.04631968799037045,-0.03692201229102231,-0.006421539116698641,True,0.8919802637576408,0.67830639520006,False
FAS,VXX,day_ofi,1,cc_ret,direction,1504,-0.04859718880317318,-1.7692468680341378,0.07685268589579268,-1.784273876482084,0.21057011585200458,-0.07414069069898915,-0.020536898656244983,True,1.7692468680341378,0.28625651449959016,False
FAS,VXX,day_maxabs,1,cc_ret,direction,1504,-0.007393431783668684,-0.13847080910712478,0.8898683383068805,-0.2858669319635545,0.005416242068601029,-0.08483861366883955,0.054367013181256536,False,0.13847080910712478,0.9709482515011568,False
FAS,VXX,d5_ret,1,cc_ret,direction,1501,0.05226621051818183,1.9929744881413676,0.046264240743793796,1.9994384749671426,0.26480143804546996,0.05204852254744642,0.052514340925202685,True,1.9929744881413676,0.20973122470519856,False
FAS,VXX,d5_logrv,1,cc_ret,direction,1501,-0.07456240177606191,-2.8743405309370735,0.004048721708948816,-2.901343848051099,0.555938176509041,-0.08011833225956697,-0.0625092919924432,True,2.8743405309370735,0.03630502103848609,False
FAS,VXX,d5_volratio,1,cc_ret,direction,1486,0.015261782701454266,0.694395551657593,0.48743418262762517,0.5882267080190628,0.023211315251914222,-0.01843645323591898,0.06320653916707339,False,0.694395551657593,0.7485166156176395,False
FAS,VXX,lasthr_ret,2,cc_ret,direction,1491,0.02606802850138248,0.8233764828740253,0.4102939322667456,0.9956174361498655,0.06645249166621348,0.016020976650297444,0.04482132269045254,True,0.8233764828740253,0.7121940407344242,False
FAS,VXX,lasthr_logrv,2,cc_ret,direction,1491,-0.06263912744477128,-2.585607683227123,0.009720750318234155,-2.3596435623181327,0.3721227855197462,-0.058625667829709745,-0.054041779288908895,True,2.585607683227123,0.06779600221947923,False
FAS,VXX,lasthr_jump,2,cc_ret,direction,1491,-0.017652044225640238,-0.7481653315312775,0.4543604394084091,-0.6808992827430416,0.031091806546035272,-0.020180284871344704,-0.015335715972063683,True,0.7481653315312775,0.7264941048210743,False
FAS,VXX,lasthr_volratio,2,cc_ret,direction,1473,-0.012890620914726135,-0.41308266932210813,0.6795460464066694,-0.4878812416120203,0.016159210915756006,-0.03695828797154812,0.01012371015406374,False,0.41308266932210813,0.8688599380274695,False
FAS,VXX,lasthr_cir,2,cc_ret,direction,1491,0.04168996645641135,1.760783375406569,0.07827507467799294,1.6102462429079167,0.17363767890212767,0.054978701660882014,0.016164749503060828,True,1.760783375406569,0.28625651449959016,False
FAS,VXX,lasthr_ofi,2,cc_ret,direction,1491,0.014097254414804493,0.6016743608312409,0.5473909199012597,0.5411977266234137,0.019644543798746916,0.012730303367229353,0.010876739229213951,True,0.6016743608312409,0.7822609293159858,False
FAS,VXX,lasthr_share,2,cc_ret,direction,1491,-0.008067208526178671,-0.2725967327242219,0.7851632237663134,-0.30803165052866327,0.006364708109940498,-0.025129452323331122,0.02041588531838691,False,0.2725967327242219,0.9415322384519812,False
FAS,VXX,day_ret,2,cc_ret,direction,1503,0.0013423062170537284,0.027493302817292044,0.9780662814074911,0.045986393381088855,0.00014085081422310353,0.03873575177151959,-0.07637598597596676,False,0.027493302817292044,0.9854089611874021,False
FAS,VXX,day_logrv,2,cc_ret,direction,1503,-0.06262887036721368,-2.5499227173608197,0.01077468007608259,-2.3888726647734084,0.37865016319004186,-0.040183118290207424,-0.08756697975252722,True,2.5499227173608197,0.07266230530647433,False
FAS,VXX,day_jump,2,cc_ret,direction,1503,0.002693370717176591,0.1130387813887835,0.9099998091372061,0.10432209009990044,0.0007248542374882483,0.016119698429132967,-0.020778574388436166,False,0.1130387813887835,0.9722703981210982,False
FAS,VXX,day_volratio,2,cc_ret,direction,1485,0.029408023894947965,1.230848643285875,0.2183794785314802,1.116399878887914,0.08394445179621401,0.01831378571610043,0.043942559051451446,True,1.230848643285875,0.5135379091691293,False
FAS,VXX,day_cir,2,cc_ret,direction,1503,0.04845667486091719,1.9334126106559661,0.0531853889902387,1.7441019562928648,0.20219256713681633,0.06259746709669163,0.025148823410349228,True,1.9334126106559661,0.2291623848786781,False
FAS,VXX,day_ofi,2,cc_ret,direction,1503,0.032179099555878735,1.0767149184517237,0.28160764546105543,1.1779836327863344,0.09233752034025766,0.023179350727207778,0.039997424946546886,True,1.0767149184517237,0.5892098428108237,False
FAS,VXX,day_maxabs,2,cc_ret,direction,1503,-0.08401290289989465,-2.1813477875904628,0.02915770234807051,-3.2517835095276477,0.699348662555932,-0.02019195440653767,-0.12491007385708165,True,2.1813477875904628,0.15412358137730567,False
FAS,VXX,d5_ret,2,cc_ret,direction,1500,0.03676621004213191,1.5864466407860134,0.11263802731533175,1.4021469582117048,0.13103402194031277,0.03223812464443066,0.04321585329210405,True,1.5864466407860134,0.36186074917051464,False
FAS,VXX,d5_logrv,2,cc_ret,direction,1500,-0.0703591607449002,-3.1235463717963348,0.0017868570610797732,-2.730290027616292,0.4950251939355721,-0.0684019140199458,-0.06969246032770954,True,3.1235463717963348,0.018693273869757627,False
FAS,VXX,d5_volratio,2,cc_ret,direction,1485,0.004048898267220867,0.1866416898801412,0.8519415772641235,0.15567860296843664,0.001633684803614699,-0.019226758299120284,0.0347411526412744,False,0.1866416898801412,0.9679519446334979,False
FAS,VXX,lasthr_ret,1,overnight,direction,1492,0.04380485152854337,1.3055186040651583,0.19171631644446074,1.6833404520143278,0.1899410969382398,0.045187010647407766,0.04586137938153416,True,1.3055186040651583,0.49565742468808655,False
FAS,VXX,lasthr_logrv,1,overnight,direction,1492,-0.02276200940609505,-0.7213143885551633,0.470716106255071,-0.8722236152346324,0.05106632010706269,-0.0246848765312214,-0.034978980281983464,True,0.7213143885551633,0.731910256767831,False
FAS,VXX,lasthr_jump,1,overnight,direction,1492,0.05963790609198778,1.9851826671306072,0.04712415201105625,2.305076507067632,0.35556943442183186,0.002434639109917949,0.12521181806998627,True,1.9851826671306072,0.2112705952929697,False
FAS,VXX,lasthr_volratio,1,overnight,direction,1474,0.006794780430180167,0.20193955154876594,0.8399639813186588,0.2602796526071715,0.004605172408678193,-0.01150591949016438,0.02279931325752172,False,0.20193955154876594,0.9679519446334979,False
FAS,VXX,lasthr_cir,1,overnight,direction,1492,0.02114875305054477,0.7368526803376219,0.4612119429068432,0.8134661046648929,0.0444208310835803,0.021506894812668393,0.023020901586338762,True,0.7368526803376219,0.7285381151638756,False
FAS,VXX,lasthr_ofi,1,overnight,direction,1492,0.010062261838677804,0.35523214382824786,0.7224156857302229,0.387958157943783,0.010107100836176386,0.012312146262303595,0.006618822133338288,True,0.35523214382824786,0.8986800148918881,False
FAS,VXX,lasthr_share,1,overnight,direction,1492,-0.03314756966916221,-1.3885432853037196,0.16497167365858012,-1.2797930171994996,0.10987597413354422,-0.007718393834875268,-0.06651085763475797,True,1.3885432853037196,0.45608491295295883,False
FAS,VXX,day_ret,1,overnight,direction,1504,-0.031136347870557912,-0.966261258438806,0.3339134666659971,-1.2068020781891953,0.09690970886723216,0.012281023599967418,-0.114701960102112,False,0.966261258438806,0.6410273226995262,False
FAS,VXX,day_logrv,1,overnight,direction,1504,-0.020968301285253337,-0.691990434547174,0.48894333606519047,-0.8019818351190906,0.042821253535851866,-0.048911469459513045,0.007817055291573963,False,0.691990434547174,0.7485511486476463,False
FAS,VXX,day_jump,1,overnight,direction,1504,-0.004924170404709726,-0.21624274239513094,0.8287985380018076,-0.19075171025644766,0.002423498307546623,0.013085678867184898,-0.03053597805752251,False,0.21624274239513094,0.9634058412275238,False
FAS,VXX,day_volratio,1,overnight,direction,1486,0.02631080847950302,0.5940737025669875,0.5524628187763585,1.0099826757560366,0.06872250520656431,-0.018874640559627363,0.0846997009028364,False,0.5940737025669875,0.7867533335453901,False
FAS,VXX,day_cir,1,overnight,direction,1504,-0.0028159008318288485,-0.12377153230778581,0.901496172389954,-0.10910792264984849,0.0007929129254513612,0.022369451555650618,-0.03897659868721586,False,0.12377153230778581,0.9709482515011568,False
FAS,VXX,day_ofi,1,overnight,direction,1504,-0.0016895207191184938,-0.07597042997463305,0.9394426236529855,-0.06537774809309961,0.00028469185729962376,0.006428319781369651,-0.014445167122716516,False,0.07597042997463305,0.979060164318174,False
FAS,VXX,day_maxabs,1,overnight,direction,1504,-0.05642071617793648,-2.144316266532324,0.03200755431594145,-2.156699379237258,0.3088530311404547,-0.07483874263500725,-0.053793593339003284,True,2.144316266532324,0.16426518441388818,False
FAS,VXX,d5_ret,1,overnight,direction,1501,0.005179343717535462,0.17816847256327722,0.8585906687963116,0.20045514891092003,0.0026817182365523884,0.002323888523804061,0.008529641040201326,True,0.17816847256327722,0.9679519446334979,False
FAS,VXX,d5_logrv,1,overnight,direction,1501,-0.015740594150650895,-0.5530673793294756,0.580217272772579,-0.609032478084354,0.024749347072894334,-0.043492431027204174,0.005058809460348007,False,0.5530673793294756,0.8011121735743222,False
FAS,VXX,d5_volratio,1,overnight,direction,1486,0.01994372692341807,0.6806312983014687,0.4961048175900469,0.7675377930618721,0.03970057593278842,-0.014405165628617368,0.06718493289291914,False,0.6806312983014687,0.7508113102698072,False
FAS,VXX,lasthr_ret,2,overnight,direction,1491,0.027008330522753622,0.8510716451346753,0.39472955533317133,1.0403692003124003,0.0722047696613548,-0.0017743867685564795,0.0947260620764551,False,0.8510716451346753,0.6986970003294313,False
FAS,VXX,lasthr_logrv,2,overnight,direction,1491,0.026342841570435628,0.9907441911637831,0.32181050673789946,1.0126331057071551,0.06840876726025291,0.007977219557491725,0.04897447720605853,True,0.9907441911637831,0.6308321564452471,False
FAS,VXX,lasthr_jump,2,overnight,direction,1491,-0.022794043908613015,-1.0869741332641696,0.27704824146064777,-0.8823223590379412,0.05194384793120177,-0.03597518119891093,-0.004265293424680696,True,1.0869741332641696,0.5872353204917797,False
FAS,VXX,lasthr_volratio,2,overnight,direction,1473,0.0358771690782267,1.2791236386660212,0.2008535205783657,1.3793012759367382,0.12839424874355743,0.03463532817834872,0.04039500590455772,True,1.2791236386660212,0.5010477828540669,False
FAS,VXX,lasthr_cir,2,overnight,direction,1491,0.06025040603058543,2.3611133964392805,0.018220158334995257,2.328098845874788,0.3605209360748485,0.0638622904771099,0.0520095352066443,True,2.3611133964392805,0.10932095000997155,False
FAS,VXX,lasthr_ofi,2,overnight,direction,1491,-0.00139957346030646,-0.062374907277473066,0.9502642771323453,-0.05411919338357569,0.00019552778434128726,-0.011354465976212228,0.01149291806644033,False,0.062374907277473066,0.979060164318174,False
FAS,VXX,lasthr_share,2,overnight,direction,1491,0.04543513681397958,1.8411852262514228,0.06559441959758393,1.7603139981011107,0.20643509279798522,0.04148482084451372,0.04762072735872335,True,1.8411852262514228,0.2610977872762365,False
FAS,VXX,day_ret,2,overnight,direction,1503,-0.00823228263670849,-0.22366589301533985,0.8230172870294098,-0.31965691414987635,0.0067743903464534405,-0.031024199224531854,0.03749365466970604,False,0.22366589301533985,0.9626833691652323,False
FAS,VXX,day_logrv,2,overnight,direction,1503,0.021818968495228682,0.8521704534575107,0.39411949311046535,0.8364700860859987,0.046369230904363956,-0.00010325072366107588,0.048628172398048425,False,0.8521704534575107,0.6986970003294313,False
FAS,VXX,day_jump,2,overnight,direction,1503,-0.019057079556549845,-0.8645370535203358,0.38729293450495095,-0.7400202098483104,0.03629612234712365,-0.015277815681632136,-0.02211474775109164,True,0.8645370535203358,0.6915339924639824,False
FAS,VXX,day_volratio,2,overnight,direction,1485,0.033370891058308406,1.1406877154827457,0.2539999004465058,1.2842578608083048,0.11055959503472046,0.03046190113119119,0.03491285260612077,True,1.1406877154827457,0.5647518222461818,False
FAS,VXX,day_cir,2,overnight,direction,1503,0.003020416587023442,0.1211496401878848,0.9035725115169245,0.11730001298543023,0.0009122707117947826,-0.010038501510622603,0.022123898583419347,False,0.1211496401878848,0.9709482515011568,False
FAS,VXX,day_ofi,2,overnight,direction,1503,-0.00586925731457845,-0.19153039046332243,0.8481100730908795,-0.22764342204263438,0.0034357915157046115,-0.02490391053073303,0.01760809237323244,False,0.19153039046332243,0.9679519446334979,False
FAS,VXX,day_maxabs,2,overnight,direction,1503,0.04374689574981687,1.9385099497264122,0.052561038112259685,1.6750157910476888,0.18567688374343527,0.019111055679957016,0.06644811609209778,True,1.9385099497264122,0.2291623848786781,False
FAS,VXX,d5_ret,2,overnight,direction,1500,0.012210306350853701,0.45268328943857616,0.6507768141583048,0.4736983110497749,0.014904429213558057,-0.00402544601497783,0.045996928152144616,False,0.45268328943857616,0.8518124456035999,False
FAS,VXX,d5_logrv,2,overnight,direction,1500,-0.005814734324403456,-0.21845648314137095,0.8270734608835849,-0.2254820032631046,0.0033774255833285416,-0.03629383053047015,0.030262144318030048,False,0.21845648314137095,0.9634058412275238,False
FAS,VXX,d5_volratio,2,overnight,direction,1485,0.0001479149357380249,0.005629660611814482,0.9955082044417574,0.005704516557075658,2.1837992525419736e-06,-0.025161691356509874,0.04169570671433055,False,0.005629660611814482,0.9960841840558323,False
FAS,VXX,lasthr_ret,1,abs_ret,magnitude,1472,0.03508879261479529,1.4166832836430814,0.15657554654982783,1.4851571566243167,0.12275045828515907,0.01506998730782712,0.07907289718845548,True,1.4166832836430814,0.4467330279183899,False
FAS,VXX,lasthr_logrv,1,abs_ret,magnitude,1472,-0.04265795247321233,-1.3245542039646794,0.18531905377265956,-1.4076763007480824,0.11029356022225212,-0.07234886932408778,0.04215500429900641,False,1.3245542039646794,0.48702948622118525,False
FAS,VXX,lasthr_jump,1,abs_ret,magnitude,1472,-0.007362396153673777,-0.29054477813878005,0.7713994993913331,-0.3116102954838076,0.005411599364546493,-0.06409613036879706,0.04653963137759316,False,0.29054477813878005,0.9339198686992994,False
FAS,VXX,lasthr_volratio,1,abs_ret,magnitude,1472,0.024245006242974924,1.0923493810423281,0.274679563038972,0.9888428045492842,0.05446229324334029,0.022492063491862044,0.026872058184298317,True,1.0923493810423281,0.5868386501840841,False
FAS,VXX,lasthr_cir,1,abs_ret,magnitude,1472,0.0431564020311173,1.5526935874166785,0.12049635504692213,1.8282456727808085,0.18587094316714348,0.002037112003257002,0.09390911805763465,True,1.5526935874166785,0.378173175839571,False
FAS,VXX,lasthr_ofi,1,abs_ret,magnitude,1472,-0.0010415000977247973,-0.046475856573088774,0.9629309769510864,-0.04404629161694354,0.00010813067428117051,-0.010089600061985038,0.011216648733616642,False,0.046475856573088774,0.9806591762971422,False
FAS,VXX,lasthr_share,1,abs_ret,magnitude,1472,-0.013009832961382063,-0.5711972556960528,0.5678659382737696,-0.5461113010163422,0.01661899783774734,-0.03840222004002763,0.02273694356382837,False,0.5711972556960528,0.7954645547067752,False
FAS,VXX,day_ret,1,abs_ret,magnitude,1484,0.020046711894938164,0.7277584862081418,0.46676144115454576,0.823255317181808,0.03733917213716298,-0.0007041656549366098,0.03540656379272226,False,0.7277584862081418,0.730991067574441,False
FAS,VXX,day_logrv,1,abs_ret,magnitude,1484,-0.028135456976676923,-0.724897184507994,0.4685151082615596,-0.8458200539883186,0.0394130911543944,-0.04873025247521551,0.063270360841967,False,0.724897184507994,0.730991067574441,False
FAS,VXX,day_jump,1,abs_ret,magnitude,1484,0.003661005501630683,0.1886780867563893,0.850345127330018,0.15533309718314342,0.0013298892749147306,-0.007641845234605947,0.014159607024842601,False,0.1886780867563893,0.9679519446334979,False
FAS,VXX,day_volratio,1,abs_ret,magnitude,1484,0.08142343900455754,3.4675319083411753,0.0005252613774659054,3.2132546812629705,0.5651497706259279,0.0886356326905007,0.07911581816407742,True,3.4675319083411753,0.007345429575156408,False
FAS,VXX,day_cir,1,abs_ret,magnitude,1484,0.009824645028591657,0.48345337344415845,0.6287738588008227,0.4062784409468226,0.009096904874550393,-0.00581932225130442,0.02214050142011223,False,0.48345337344415845,0.8342755589942623,False
FAS,VXX,day_ofi,1,abs_ret,magnitude,1484,0.004050502872028199,0.17073118045152938,0.864435144324532,0.16721906314919993,0.0015411961885813952,-0.012838239621678679,0.014797959379360785,False,0.17073118045152938,0.9691411655547397,False
FAS,VXX,day_maxabs,1,abs_ret,magnitude,1484,0.03715654343911058,0.8775896384635192,0.38016645430100005,1.3709784056035517,0.10346756355487097,-0.028013480456927448,0.08209701897894409,False,0.8775896384635192,0.6848031494693511,False
FAS,VXX,d5_ret,1,abs_ret,magnitude,1484,-0.0014082392908393252,-0.05165907822754776,0.9588003445193275,-0.056120025848429976,0.00017359186343934851,0.006175561064728322,-0.044804566061853124,False,0.05165907822754776,0.9794777168038538,False
FAS,VXX,d5_logrv,1,abs_ret,magnitude,1484,0.003622473158087086,0.078653387443807,0.9373083219905992,0.10745637856125938,0.0006364372269418439,-0.03549076012741724,0.15502039353832248,False,0.078653387443807,0.979060164318174,False
FAS,VXX,d5_volratio,1,abs_ret,magnitude,1484,0.09223266216882822,2.8808167278966224,0.00396646205844626,3.578785312442848,0.6998761370484385,0.0923815747264611,0.0998387083799023,True,2.8808167278966224,0.03596258932991275,False
FAS,VXX,lasthr_ret,2,abs_ret,magnitude,1471,-0.03588378247502067,-1.2499621156239642,0.2113133867546576,-1.4732753317591953,0.12837588344792872,-0.01854468693002222,-0.0847233853894928,True,1.2499621156239642,0.5086481521882024,False
FAS,VXX,lasthr_logrv,2,abs_ret,magnitude,1471,0.01803648720972013,0.4952680101207358,0.6204109489075176,0.5772858120269145,0.019735184873737044,-0.04075209832398319,0.15011529208951035,False,0.4952680101207358,0.8300445978163066,False
FAS,VXX,lasthr_jump,2,abs_ret,magnitude,1471,0.003111025095708815,0.12973469674144447,0.896776330510496,0.12772994349105216,0.0009663595723408136,-0.022265281904809548,0.024545670724932064,False,0.12973469674144447,0.9709482515011568,False
FAS,VXX,lasthr_volratio,2,abs_ret,magnitude,1471,0.03597113900039926,1.4739484815996202,0.1404954628226703,1.4237206978437564,0.11989682330191265,0.0310433198318414,0.042964602040383076,True,1.4739484815996202,0.42137617859023613,False
FAS,VXX,lasthr_cir,2,abs_ret,magnitude,1471,0.003855708635307725,0.16014177091987508,0.8727693973242575,0.15826663537441607,0.0014836431818321394,0.0024595307311931344,0.0006295733589232453,True,0.16014177091987508,0.9691411655547397,False
FAS,VXX,lasthr_ofi,2,abs_ret,magnitude,1471,-0.0012518190921275442,-0.05435001716925068,0.956656300472728,-0.05135579533639171,0.0001562198740812093,0.008819417364033216,-0.011801330786723439,False,0.05435001716925068,0.9794777168038538,False
FAS,VXX,lasthr_share,2,abs_ret,magnitude,1471,0.016481774589290964,0.6194661213383594,0.5356093336847024,0.6712270392262496,0.02667863349539168,-0.008101007007997178,0.050351530027543424,False,0.6194661213383594,0.7749241423523354,False
FAS,VXX,day_ret,2,abs_ret,magnitude,1483,-0.051775609006352,-1.6976786378125195,0.08956843176963313,-2.0641745620027954,0.24908471252866882,-0.008591412405992604,-0.14037432995768573,True,1.6976786378125195,0.31234119796590015,False
FAS,VXX,day_logrv,2,abs_ret,magnitude,1483,0.02515984214758388,0.5225656850611403,0.6012765253542389,0.7333307884145126,0.03151710161977128,-0.049651757140266956,0.22879572079733354,False,0.5225656850611403,0.8142196413168525,False
FAS,VXX,day_jump,2,abs_ret,magnitude,1483,-0.013965519802177974,-0.6099610669534031,0.5418875982654122,-0.5746441439739547,0.01935554371410575,-0.03601977775137453,0.011442617157712059,False,0.6099610669534031,0.7784864087756626,False
FAS,VXX,day_volratio,2,abs_ret,magnitude,1483,0.05872817352782116,1.9116042753418618,0.055926970551576444,2.2433916573178063,0.29406159017832945,0.036268295525427006,0.09450949622921435,True,1.9116042753418618,0.23523921634065145,False
FAS,VXX,day_cir,2,abs_ret,magnitude,1483,-0.047247770234324485,-1.7279137902289115,0.08400368157367033,-1.8967236735462647,0.21040532836995585,-0.010664007783264182,-0.1027178031496769,True,1.7279137902289115,0.30064475510576755,False
FAS,VXX,day_ofi,2,abs_ret,magnitude,1483,-0.03650558519434061,-1.389761841010916,0.16460120906625975,-1.462415383116686,0.12520392688050164,-0.04031086611226787,-0.03732881746807012,True,1.389761841010916,0.45608491295295883,False
FAS,VXX,day_maxabs,2,abs_ret,magnitude,1483,0.08721603768363412,1.285575347144877,0.19859130510692768,3.127963650626186,0.5698523244601739,-0.05985187083434839,0.19244258572346057,False,1.285575347144877,0.49861693836077847,False
FAS,VXX,d5_ret,2,abs_ret,magnitude,1483,-0.020937475034363058,-0.6752482274913524,0.49951807069996446,-0.809207384679188,0.03837352815272421,0.004081030551530614,-0.08948091970048,False,0.6752482274913524,0.7508113102698072,False
FAS,VXX,d5_logrv,2,abs_ret,magnitude,1483,0.014202740436499411,0.2788837538765355,0.780334036630712,0.4085281807671986,0.009783616639735815,-0.046606376714524694,0.21624842514022427,False,0.2788837538765355,0.9402836996722838,False
FAS,VXX,d5_volratio,2,abs_ret,magnitude,1483,0.09664375893954819,2.7599537796720166,0.005780953976662585,3.636452615814758,0.7684080423280837,0.08725440243458542,0.12089332668967229,True,2.7599537796720166,0.04624763181330069,False
FAS,VXX,lasthr_ret,1,day_logrv,magnitude,1472,-0.04531588679726241,-2.442706823887801,0.014577574110546998,-2.334880991518439,0.20473271200092125,-0.05340212387212137,-0.024487044685018087,True,2.442706823887801,0.09293203495473712,False
FAS,VXX,lasthr_logrv,1,day_logrv,magnitude,1472,0.0667594015430033,2.459183497271906,0.013925342245282234,2.68359245014186,0.27013136515330327,0.009135605829548456,0.1508858092460499,True,2.459183497271906,0.09018316882658971,False
FAS,VXX,lasthr_jump,1,day_logrv,magnitude,1472,0.0022698190902857955,0.12757696926869566,0.8984837580360598,0.11681606239514916,0.0005143630483650519,-0.016012634964828923,0.021479931213958373,False,0.12757696926869566,0.9709482515011568,False
FAS,VXX,lasthr_volratio,1,day_logrv,magnitude,1472,0.04054811746464232,1.7755444973974648,0.075808025106693,2.0130800652731886,0.1523325512073681,0.06427642374847332,0.016543549773184476,True,1.7755444973974648,0.28625651449959016,False
FAS,VXX,lasthr_cir,1,day_logrv,magnitude,1472,-0.014900510454897636,-0.7799760889116,0.43540494960988085,-0.7668569527747867,0.02215763149763239,-0.03888283511423394,0.018686400291139833,False,0.7799760889116,0.7177584623871975,False
FAS,VXX,lasthr_ofi,1,day_logrv,magnitude,1472,-0.05709026775059345,-3.0050063964242426,0.0026557526439994527,-2.944574360806538,0.32490353810012973,-0.09227555515420552,-0.015308742035625302,True,3.0050063964242426,0.026056130325794784,False
FAS,VXX,lasthr_share,1,day_logrv,magnitude,1472,0.06293375272152517,3.266491385906993,0.001088891206260932,3.223387675778434,0.3888916774522744,0.03632883761693957,0.09273113723281703,True,3.266491385906993,0.0136697726816757,False
FAS,VXX,day_ret,1,day_logrv,magnitude,1484,-0.06874661471989607,-3.556794169902568,0.00037540806120149546,-3.4482069509263087,0.439117779113396,-0.05679305811625587,-0.09483218092594314,True,3.556794169902568,0.005799101153173091,False
FAS,VXX,day_logrv,1,day_logrv,magnitude,1484,0.0008418787806451144,0.030861026684218428,0.9753803713080603,0.030787899298237734,3.528837644317662e-05,-0.04350821538595516,0.06475576238547176,False,0.030861026684218428,0.9854089611874021,False
FAS,VXX,day_jump,1,day_logrv,magnitude,1484,-0.04577737696565695,-2.5598307416543573,0.01047231536320827,-2.3677940670724267,0.20792970082103013,-0.05233846388190141,-0.03415109678876265,True,2.5598307416543573,0.07121174446981623,False
FAS,VXX,day_volratio,1,day_logrv,magnitude,1484,0.0166542283815653,0.6075634385849034,0.5434770558645063,0.7971025478602374,0.023643605523149258,0.02811497901837618,0.0013919563674696309,True,0.6075634385849034,0.7793976758970776,False
FAS,VXX,day_cir,1,day_logrv,magnitude,1484,-0.05471540306874282,-2.8089302339055866,0.004970641696425858,-2.760064562291746,0.2821493948621301,-0.058237543285087776,-0.05195782355828973,True,2.8089302339055866,0.042018280616270276,False
FAS,VXX,day_ofi,1,day_logrv,magnitude,1484,-0.05424553324645576,-2.6368079296216034,0.008369020326163235,-2.731750092726118,0.2764190709503622,-0.07787036347265763,-0.03256058429212254,True,2.6368079296216034,0.06097429094776071,False
FAS,VXX,day_maxabs,1,day_logrv,magnitude,1484,-0.004960802295938933,-0.1755821534713137,0.8606222239879922,-0.22258201904107386,0.0018443249819810603,-0.08636155143585456,0.0458388199040438,False,0.1755821534713137,0.9679519446334979,False
FAS,VXX,d5_ret,1,day_logrv,magnitude,1484,-0.05919462926166931,-2.9372519429856685,0.0033113496498404647,-2.878376691175781,0.3067192689498177,-0.048388126090591774,-0.08694665423829906,True,2.9372519429856685,0.03141931760778859,False
FAS,VXX,d5_logrv,1,day_logrv,magnitude,1484,0.02544900312460706,0.9153964915767946,0.35998351955618424,0.9188219909355813,0.03141136234665609,-0.016554962484822657,0.09589708333857305,False,0.9153964915767946,0.6645849591806479,False
FAS,VXX,d5_volratio,1,day_logrv,magnitude,1484,0.05352471702198292,2.450500447747203,0.01426577851991644,2.521598037117273,0.235700474945999,0.03343819305017998,0.08434512563650573,True,2.450500447747203,0.09166043521458123,False
FAS,VXX,lasthr_ret,2,day_logrv,magnitude,1471,0.0011110794220748372,0.06313131651463623,0.9496619370565289,0.05022479512118073,0.00012307709105208176,0.009998070017809706,-0.02045322441585669,False,0.06313131651463623,0.979060164318174,False
FAS,VXX,lasthr_logrv,2,day_logrv,magnitude,1471,0.06468314125558923,2.0199387130849984,0.04338974504604169,2.284866596110263,0.2538162879147321,-0.006102189122649808,0.16075340387309664,False,2.0199387130849984,0.20232018261468585,False
FAS,VXX,lasthr_jump,2,day_logrv,magnitude,1471,-0.027258500937289723,-1.2907074108763514,0.19680515392026965,-1.233736347592478,0.07418834124791607,-0.07643821213900805,0.027518560436702876,False,1.2907074108763514,0.49565742468808655,False
FAS,VXX,lasthr_volratio,2,day_logrv,magnitude,1471,0.03717267364780516,1.4256156705049905,0.1539793103934319,1.6214056959800585,0.1280403624814408,0.05394673202230686,0.018067494916192507,True,1.4256156705049905,0.44638740221092876,False
FAS,VXX,lasthr_cir,2,day_logrv,magnitude,1471,0.025399099092374672,1.2979960718982042,0.19428868478326067,1.149221027812978,0.064380993433244,0.041716614881282525,0.0005306104333005946,True,1.2979960718982042,0.49565742468808655,False
FAS,VXX,lasthr_ofi,2,day_logrv,magnitude,1471,-0.0015583039420603005,-0.07500570421242671,0.9402101733747104,-0.07043826721633385,0.00024207920278351835,0.009166531359836177,-0.015456253663904991,False,0.07500570421242671,0.979060164318174,False
FAS,VXX,lasthr_share,2,day_logrv,magnitude,1471,0.03948207449005528,1.647790198757797,0.09939573099625083,1.773259259723483,0.15309308243479647,0.010870374833990257,0.06880947308491028,True,1.647790198757797,0.3276392159926931,False
FAS,VXX,day_ret,2,day_logrv,magnitude,1483,-0.03533422249071889,-1.7052537850279248,0.08814710279801734,-1.5528614414847042,0.11600794149709825,-0.029440736554878034,-0.05121154746235061,True,1.7052537850279248,0.3100169935124841,False
FAS,VXX,day_logrv,2,day_logrv,magnitude,1483,0.04135412374483611,1.102456754540854,0.27026314938075546,1.3300827645537494,0.08514675353397116,-0.026669764980437494,0.14700007857227132,False,1.102456754540854,0.5868386501840841,False
FAS,VXX,day_jump,2,day_logrv,magnitude,1483,-0.06731208140397527,-2.845045303107454,0.004440510702232352,-3.0644234073368013,0.44965269987076173,-0.06915390613738664,-0.061370726386683415,True,2.845045303107454,0.03854741205342127,False
FAS,VXX,day_volratio,2,day_logrv,magnitude,1483,0.03752146761134008,1.20961175467217,0.22642790550013714,1.579623607288342,0.1200341846475994,0.030198429956034833,0.045211790781982564,True,1.20961175467217,0.5249010536594088,False
FAS,VXX,day_cir,2,day_logrv,magnitude,1483,-0.02168002425306816,-1.0998631468153575,0.27139175390934034,-0.9591284693696761,0.04430100982630858,-0.02160599195631059,-0.023859036174207884,True,1.0998631468153575,0.5868386501840841,False
FAS,VXX,day_ofi,2,day_logrv,magnitude,1483,-0.020919828223305067,-0.9368140346211238,0.3488542247636134,-0.923991611250156,0.04111644418479665,-0.04259752888017927,-0.0020731092355823297,True,0.9368140346211238,0.6499201995596086,False
FAS,VXX,day_maxabs,2,day_logrv,magnitude,1483,0.04526850612462438,1.4134498356093375,0.15752350128129777,1.7868348094644422,0.1535189336868248,-0.046473999873626846,0.10166022513021788,False,1.4134498356093375,0.44787169702278395,False
FAS,VXX,d5_ret,2,day_logrv,magnitude,1483,-0.0700364309942091,-2.3942428827438307,0.016654715924389885,-2.9940807387371713,0.42936944064219107,-0.05524224038076013,-0.10487630891598049,True,2.3942428827438307,0.10141976264404585,False
FAS,VXX,d5_logrv,2,day_logrv,magnitude,1483,0.0363196870225921,0.8868328884890724,0.37516887797764353,1.152788601358409,0.06397927605350517,-0.0272059372455725,0.14100345265660633,False,0.8868328884890724,0.6804172555775584,False
FAS,VXX,d5_volratio,2,day_logrv,magnitude,1483,0.08046981112451561,2.74481496444016,0.006054502450799993,3.3374929464681014,0.5327337837151669,0.041061037726113414,0.13948772473955165,True,2.74481496444016,0.047052133331931374,False
VXX,SPXL,lasthr_ret,1,cc_ret,direction,1492,-0.025847060121429406,-0.8748150813985069,0.38167452990457473,-0.9704218382016648,0.06319514378297919,-0.0439089523471154,0.0012812033615148875,False,0.8748150813985069,0.6860053224716586,False
VXX,SPXL,lasthr_logrv,1,cc_ret,direction,1492,0.03175799942033925,1.1146999859294937,0.26497900706120603,1.1486748735689858,0.08852108663099933,0.05144055376741284,0.017236599673180208,True,1.1146999859294937,0.5828109697087442,False
VXX,SPXL,lasthr_jump,1,cc_ret,direction,1492,-0.027258408353455506,-1.099999059670245,0.2713325315987458,-1.046741103915132,0.07351843773720779,-0.03677001017520055,-0.012863069623436248,True,1.099999059670245,0.5868386501840841,False
VXX,SPXL,lasthr_volratio,1,cc_ret,direction,1474,0.036543125908921545,0.9567908193929053,0.33867284696961164,1.2998664158816209,0.11471885511021851,-0.0026605934786327716,0.06500106920851469,False,0.9567908193929053,0.6418548146325864,False
VXX,SPXL,lasthr_cir,1,cc_ret,direction,1492,0.002580912831317379,0.09558858012784419,0.9238473354034613,0.09899111360220551,0.0006580012646195676,0.021183512946262015,-0.030107025521151073,False,0.09558858012784419,0.9758606745214958,False
VXX,SPXL,lasthr_ofi,1,cc_ret,direction,1492,-0.0035346607983600875,-0.15043188541645433,0.8804238865666847,-0.13533059566447728,0.001229769766197819,-0.012258846891091883,0.003578238381542041,False,0.15043188541645433,0.970845799241101,False
VXX,SPXL,lasthr_share,1,cc_ret,direction,1492,0.0010101412763823606,0.03173174352514916,0.9746859799546287,0.03876686073362974,0.0001009155279119156,-0.000969295340133379,0.006513876703139299,False,0.03173174352514916,0.9854089611874021,False
VXX,SPXL,day_ret,1,cc_ret,direction,1504,0.07999866402848742,1.2453273720749984,0.21301143807319622,2.5703903493356792,0.43814847884109387,0.00675058380742004,0.1874078264196468,True,1.2453273720749984,0.5109179495482626,False
VXX,SPXL,day_logrv,1,cc_ret,direction,1504,0.04377877134401432,1.4301453742086307,0.15267529968925558,1.6006693775796323,0.17037001178971112,0.06265398790692595,0.026556349820938605,True,1.4301453742086307,0.4449394448086877,False
VXX,SPXL,day_jump,1,cc_ret,direction,1504,-0.0212680095131524,-0.7427714535452006,0.4576200611250395,-0.8156718677971196,0.044296465988358236,-0.005400868373988135,-0.03760890845070711,True,0.7427714535452006,0.7264941048210743,False
VXX,SPXL,day_volratio,1,cc_ret,direction,1486,0.005982405516023197,0.19801567732953224,0.8430327978583088,0.21586237380149043,0.0031414450518574277,-0.007734810537773664,0.013436767571535878,False,0.19801567732953224,0.9679519446334979,False
VXX,SPXL,day_cir,1,cc_ret,direction,1504,0.009868501606868392,0.41830650524774243,0.6757230340169575,0.35057464925001436,0.008185703845275949,0.011034514894915703,0.003380848077970712,True,0.41830650524774243,0.8656043889447996,False
VXX,SPXL,day_ofi,1,cc_ret,direction,1504,0.0017810809062794985,0.06942605523206649,0.9446504898759261,0.06459653744403095,0.00027793794460384547,-0.02340883382173676,0.026683562875455244,False,0.06942605523206649,0.979060164318174,False
VXX,SPXL,day_maxabs,1,cc_ret,direction,1504,0.012266791750069967,0.2675010026780905,0.789083442266277,0.47118785448820094,0.014786129720012475,0.08223079684295816,-0.034595368358451804,False,0.2675010026780905,0.9428079660834454,False
VXX,SPXL,d5_ret,1,cc_ret,direction,1501,0.06151242511269635,1.7938027662238158,0.07284465528168614,2.3231229934176523,0.35891719337712846,0.051129372712718044,0.07322320049164083,True,1.7938027662238158,0.27950607702860697,False
VXX,SPXL,d5_logrv,1,cc_ret,direction,1501,0.0558062652435307,2.264023062737989,0.023572696344848973,2.161365741419035,0.31082502960425584,0.06237477649009082,0.05296852750040086,True,2.264023062737989,0.13357861262081083,False
VXX,SPXL,d5_volratio,1,cc_ret,direction,1486,0.020102675064464327,0.7737905615127745,0.4390546549575536,0.7723086909852616,0.0401972573826459,0.026214132557163684,0.012781496192978843,True,0.7737905615127745,0.7194148563159914,False
VXX,SPXL,lasthr_ret,2,cc_ret,direction,1491,-0.002009860292177765,-0.06414718304811089,0.948853032541019,-0.07540706630354345,0.00038212518375102533,-0.009691427892142845,0.018302179740163897,False,0.06414718304811089,0.979060164318174,False
VXX,SPXL,lasthr_logrv,2,cc_ret,direction,1491,0.03239164778244116,1.2561779962815391,0.20905144258312758,1.1713077321001166,0.09211386559608847,0.031160835886240818,0.04508023604071685,True,1.2561779962815391,0.5076963605590241,False
VXX,SPXL,lasthr_jump,2,cc_ret,direction,1491,-0.02728719863198349,-1.0296747280337242,0.3031627227699859,-1.0474677921983668,0.07367912740466886,-0.0605976045360498,0.02227268058985716,False,1.0296747280337242,0.6123286677730408,False
VXX,SPXL,lasthr_volratio,2,cc_ret,direction,1473,0.014002556288859056,0.5205472770371664,0.602682185484533,0.4976256842742121,0.016842613525991368,0.0794655523338294,-0.03370687706115239,False,0.5205472770371664,0.8142196413168525,False
VXX,SPXL,lasthr_cir,2,cc_ret,direction,1491,-0.000250571745802682,-0.009669336230541314,0.9922851061273275,-0.009606677069346432,6.201968938412961e-06,0.006440546114988034,-0.005555627147961238,False,0.009669336230541314,0.9960841840558323,False
VXX,SPXL,lasthr_ofi,2,cc_ret,direction,1491,-0.01808483720211144,-0.747617846159048,0.45469069717864286,-0.6922418066018282,0.03219282137389978,0.014996036091772283,-0.0523237223317704,False,0.747617846159048,0.7264941048210743,False
VXX,SPXL,lasthr_share,2,cc_ret,direction,1491,-0.022601619291401625,-0.7111072134543169,0.4770178002892631,-0.867288764641868,0.05052323943969261,0.0015175288134200533,-0.054644250290197004,False,0.7111072134543169,0.7372093277197702,False
VXX,SPXL,day_ret,2,cc_ret,direction,1503,-0.036650360196944,-0.7871333013448244,0.43120383689021935,-1.1751175432528276,0.0919699025238141,0.029514599027396116,-0.1311372941728235,False,0.7871333013448244,0.7177584623871975,False
VXX,SPXL,day_logrv,2,cc_ret,direction,1503,0.05228220220450114,1.9242015604571978,0.054329323619584244,1.9117536389752041,0.24304668331486257,0.019557058070285963,0.09233000696778698,True,1.9242015604571978,0.23089962538323305,False
VXX,SPXL,day_jump,2,cc_ret,direction,1503,-0.03411618213860302,-1.1745630168854035,0.24016958659689358,-1.3084053477891007,0.11399137312613217,-0.051670323350338596,-0.01683718532367573,True,1.1745630168854035,0.5447786326074807,False
VXX,SPXL,day_volratio,2,cc_ret,direction,1485,0.03455194221745579,1.143980508276525,0.25263172063502004,1.246940065524347,0.10480293272001617,0.03428953546234241,0.04196866093259307,True,1.143980508276525,0.5632444919075856,False
VXX,SPXL,day_cir,2,cc_ret,direction,1503,0.033871444589207926,1.2579953737064042,0.20839342936074123,1.2034116614143429,0.09644774346840856,0.07079072747303668,-0.017334021393640237,False,1.2579953737064042,0.5076090697264622,False
VXX,SPXL,day_ofi,2,cc_ret,direction,1503,0.0030311068726056986,0.12021283838652286,0.9043145479667638,0.10988203899865277,0.000804882820726327,0.0589803907483581,-0.05551851603195482,False,0.12021283838652286,0.9709482515011568,False
VXX,SPXL,day_maxabs,2,cc_ret,direction,1503,0.09137893577928168,2.256874021445269,0.024015947758814108,3.522931898234909,0.8205643556012387,0.024067226198695512,0.1373862353847091,True,2.256874021445269,0.13422611898076925,False
VXX,SPXL,d5_ret,2,cc_ret,direction,1500,0.031210287996193756,1.304460035952891,0.19207677700690984,1.1766599570996883,0.09239712457936866,0.0625934265392838,-0.011277671213773549,False,1.304460035952891,0.49565742468808655,False
VXX,SPXL,d5_logrv,2,cc_ret,direction,1500,0.04661408270287664,1.9966044428868375,0.045868169843053266,1.8038092228396172,0.21686840205921154,0.04301026183941309,0.05509217837637595,True,1.9966044428868375,0.20948860968281538,False
VXX,SPXL,d5_volratio,2,cc_ret,direction,1485,0.025317790057060537,0.9582494846300431,0.3379369697419017,0.9724044233253037,0.06376091306072862,0.04041247785382364,0.011844460387370847,True,0.9582494846300431,0.6418548146325864,False
VXX,SPXL,lasthr_ret,1,overnight,direction,1492,-0.003210925920615079,-0.11099710309809437,0.9116186439309061,-0.12390155545526062,0.0010308480658527408,-0.0008818175759294359,0.012706003828411395,False,0.11099710309809437,0.9723932201929666,False
VXX,SPXL,lasthr_logrv,1,overnight,direction,1492,0.014928513862065177,0.4966659411762041,0.6194246439734767,0.5686458967354943,0.021708765987338285,0.01615496660090465,0.028049786665762286,True,0.4966659411762041,0.8300445978163066,False
VXX,SPXL,lasthr_jump,1,overnight,direction,1492,0.0021458285566006274,0.08382071165493794,0.9331989804487953,0.08278837112147838,0.0004602378132267937,-0.024213892159323635,0.04464465949672168,False,0.08382071165493794,0.979060164318174,False
VXX,SPXL,lasthr_volratio,1,overnight,direction,1474,-0.0034408851605102634,-0.10385272282443053,0.9172862258707103,-0.1297940371153185,0.0011450218666997358,0.011932261038518481,-0.008778021825348849,False,0.10385272282443053,0.9746166149876297,False
VXX,SPXL,lasthr_cir,1,overnight,direction,1492,0.004765177496029553,0.19066125323400104,0.8487909971864094,0.1838743487470532,0.0022702728466938993,0.020481570382850214,-0.0005026611773992013,False,0.19066125323400104,0.9679519446334979,False
VXX,SPXL,lasthr_ofi,1,overnight,direction,1492,0.02897082885386629,1.3554315799910452,0.175280093779134,1.1183188360296603,0.08390972199916469,0.04423805667776891,0.019677876774934343,True,1.3554315799910452,0.4720414406725193,False
VXX,SPXL,lasthr_share,1,overnight,direction,1492,0.009592353095333012,0.37511691109865186,0.7075735205855672,0.36977043156658174,0.009180579656553611,-0.011055916678155447,0.04859001304794571,False,0.37511691109865186,0.8882769119966506,False
VXX,SPXL,day_ret,1,overnight,direction,1504,-0.04141931880644521,-1.2116590391553155,0.22564292470852876,-1.604594002871999,0.17122622238485707,-0.01566052165002057,-0.07332331855146042,True,1.2116590391553155,0.524571585647178,False
VXX,SPXL,day_logrv,1,overnight,direction,1504,0.021581587365558277,0.7851531085395577,0.4323638046738164,0.8173388263839625,0.04448312432637769,0.03076091186950035,0.023581512487311537,True,0.7851531085395577,0.7177584623871975,False
VXX,SPXL,day_jump,1,overnight,direction,1504,-0.012449507215510164,-0.5464330458371078,0.5847682998054728,-0.48229703469642565,0.015493379380238093,-0.038807659054318135,0.019085283649261466,False,0.5464330458371078,0.8046727363259121,False
VXX,SPXL,day_volratio,1,overnight,direction,1486,-0.01745355797527969,-0.45183758959167,0.6513859878145176,-0.6497923783227061,0.02846002488644528,-0.013188927099383773,-0.010979332365554161,True,0.45183758959167,0.8518124456035999,False
VXX,SPXL,day_cir,1,overnight,direction,1504,-0.007251732269155469,-0.29226362541871026,0.7700850679470623,-0.28096744738191887,0.005258640002214765,0.0010765853616121774,-0.008073844627225761,False,0.29226362541871026,0.9337138416713266,False
VXX,SPXL,day_ofi,1,overnight,direction,1504,-0.02142042849098081,-0.8247142936878272,0.4095338147425901,-0.830109098993612,0.045883367797672214,-0.03749241196812356,-0.002906931438455551,True,0.8247142936878272,0.7121940407344242,False
VXX,SPXL,day_maxabs,1,overnight,direction,1504,0.0040449390327082085,0.1045929295149413,0.9166988253620446,0.15395140349148845,0.0015788639798341997,0.045904935187606404,-0.011369700465060063,False,0.1045929295149413,0.9746166149876297,False
VXX,SPXL,d5_ret,1,overnight,direction,1501,-0.01391346590098589,-0.4891545763020424,0.6247322654192068,-0.5384977876257693,0.019352336365585643,-0.013791848187833989,-0.015379754685739551,True,0.4891545763020424,0.8329763538922756,False
VXX,SPXL,d5_logrv,1,overnight,direction,1501,0.041410786024264845,1.6649915770378214,0.09591443627870397,1.603647553038083,0.17136516234266264,0.062031079524358705,0.030472370592470713,True,1.6649915770378214,0.32424489808042756,False
VXX,SPXL,d5_volratio,1,overnight,direction,1486,0.03864949964345125,1.568563141229556,0.11674976657804136,1.4885319637831247,0.14916867174884496,0.06522225281401135,0.016944111283853855,True,1.568563141229556,0.37213988096750683,False
VXX,SPXL,lasthr_ret,2,overnight,direction,1491,0.0026919524650858228,0.0807719036799501,0.9356233526575911,0.10390812656658806,0.0007245487141260831,-0.012174903606708405,0.021783686952315175,False,0.0807719036799501,0.979060164318174,False
VXX,SPXL,lasthr_logrv,2,overnight,direction,1491,-0.014173463570333954,-0.5549644866873561,0.5789189516323393,-0.540094537634961,0.01957159195449254,-0.0034354542310995875,-0.02013683512722271,True,0.5549644866873561,0.800674346664388,False
VXX,SPXL,lasthr_jump,2,overnight,direction,1491,0.002107817888749947,0.07788071478470347,0.9379229401818104,0.08134825585467852,0.00044408517189120644,-0.02127933097728636,0.03609479835505739,False,0.07788071478470347,0.979060164318174,False
VXX,SPXL,lasthr_volratio,2,overnight,direction,1473,0.006719223548345935,0.24759622755654354,0.8044468298368204,0.25352917194609514,0.004366203914685229,0.03182837301764529,-0.015957610488825644,False,0.24759622755654354,0.9513458161548485,False
VXX,SPXL,lasthr_cir,2,overnight,direction,1491,0.0038993414140122843,0.16128682034391176,0.8718675032021841,0.1505114244233072,0.0015202115641654856,0.003194889286163435,0.0002659874059687006,True,0.16128682034391176,0.9691411655547397,False
VXX,SPXL,lasthr_ofi,2,overnight,direction,1491,-0.034251578790562294,-1.4208501719033415,0.1553603213577252,-1.3228020438696815,0.11728730851412461,-0.058314588154903695,-0.009595905955891625,True,1.4208501719033415,0.44638740221092876,False
VXX,SPXL,lasthr_share,2,overnight,direction,1491,-0.047436584298897064,-1.6602951739601597,0.09685508612651829,-1.8311368036820699,0.22451003412706783,-0.014546275990000343,-0.09247701122793449,True,1.6602951739601597,0.32424489808042756,False
VXX,SPXL,day_ret,2,overnight,direction,1503,-0.023155025364392776,-0.6799757037502628,0.4965198450749251,-0.8967308606393477,0.05351150813447392,-0.01599938724439048,-0.03365311561205549,True,0.6799757037502628,0.7508113102698072,False
VXX,SPXL,day_logrv,2,overnight,direction,1503,0.0015671228674648983,0.06558371104520956,0.9477092578928686,0.0593589413299135,0.00023459944917814113,-0.008997975229476462,0.01520222765627944,False,0.06558371104520956,0.979060164318174,False
VXX,SPXL,day_jump,2,overnight,direction,1503,-0.004135027133581482,-0.174856312399592,0.8611925389753914,-0.16022417737477807,0.0017092452559319682,0.003031464907938065,-0.011384051604659587,False,0.174856312399592,0.9679519446334979,False
VXX,SPXL,day_volratio,2,overnight,direction,1485,0.039690900547535914,1.4682722268533386,0.14203029188175126,1.4789815598664782,0.14719508552184513,0.06378047777875076,0.014517364174900132,True,1.4682722268533386,0.42144261154730556,False
VXX,SPXL,day_cir,2,overnight,direction,1503,0.002654748263697912,0.10042301755037987,0.9200084967705776,0.10288244577768835,0.0007047502039836395,0.002296192138602624,-0.001450267307479585,False,0.10042301755037987,0.9754340307893749,False
VXX,SPXL,day_ofi,2,overnight,direction,1503,-0.02553796703632647,-1.0826082762974971,0.27898233218400015,-0.9900334227222277,0.06521863919765059,-0.020781361240062482,-0.03188626750078108,True,1.0826082762974971,0.5872353204917797,False
VXX,SPXL,day_maxabs,2,overnight,direction,1503,-0.0139790147490903,-0.5735396636338038,0.5662793513815033,-0.5322561971495667,0.01885884769865509,-0.03832960927057546,0.0007639884888886055,False,0.5735396636338038,0.7954645547067752,False
VXX,SPXL,d5_ret,2,overnight,direction,1500,0.015565893538588957,0.6518657288521812,0.514487795076866,0.6026413677100414,0.0242220310610608,0.0312994773673747,-0.009630807599322905,False,0.6518657288521812,0.7578015176583442,False
VXX,SPXL,d5_logrv,2,overnight,direction,1500,0.04383849335594341,1.745375490673755,0.08091952911027377,1.6983468244945747,0.1920502201943175,0.06968049906414382,0.021603130677813207,True,1.745375490673755,0.292169627230015,False
VXX,SPXL,d5_volratio,2,overnight,direction,1485,0.06206669346156407,2.4064572706570138,0.016108088265113164,2.3938203623310876,0.38469399894826006,0.09749246055512797,0.025970686768568337,True,2.4064572706570138,0.09938996462231278,False
VXX,SPXL,lasthr_ret,1,abs_ret,magnitude,1472,-0.024080727297259043,-0.8041694650927228,0.4212991109391231,-1.020900917755151,0.05744416160740062,-0.03932272651355836,-0.0022684139920152086,True,0.8041694650927228,0.7121940407344242,False
VXX,SPXL,lasthr_logrv,1,abs_ret,magnitude,1472,0.08690466104785695,2.240087974190876,0.025085212103396003,2.751086424280481,0.4152988997249585,0.04867035168080457,0.1438364016354971,True,2.240087974190876,0.13737941661994052,False
VXX,SPXL,lasthr_jump,1,abs_ret,magnitude,1472,0.015639843875575,0.6971749438980142,0.48569331746240996,0.661756647736582,0.024146497573762638,0.002933738825955175,0.03418083996990713,True,0.6971749438980142,0.7477844283949557,False
VXX,SPXL,lasthr_volratio,1,abs_ret,magnitude,1472,0.05144149674151565,1.1048587158390508,0.26922081362613215,1.8763057126566645,0.19371059263921797,-0.008027845503281682,0.09261417958186498,False,1.1048587158390508,0.5868386501840841,False
VXX,SPXL,lasthr_cir,1,abs_ret,magnitude,1472,-0.008754133085890042,-0.4047168364390974,0.6856856649389373,-0.37221681189098776,0.007640787137019878,0.00272434352799155,-0.027944943868464953,False,0.4047168364390974,0.8715257049691167,False
VXX,SPXL,lasthr_ofi,1,abs_ret,magnitude,1472,0.014361652466740626,0.6736389662633189,0.5005408735132048,0.6113131889352162,0.020606491656582904,0.03237830485794131,-0.007742421682405656,False,0.6736389662633189,0.7508113102698072,False
VXX,SPXL,lasthr_share,1,abs_ret,magnitude,1472,0.06600685819659388,1.9297346454329933,0.05363972489194549,2.8166784840568058,0.43523049653098056,0.02373944753009734,0.12242893611971525,True,1.9297346454329933,0.2291623848786781,False
VXX,SPXL,day_ret,1,abs_ret,magnitude,1484,0.03771230715714586,0.8709827890179097,0.38376355058682865,1.5677098642250258,0.13411606805128207,-0.03600769067951572,0.12722979656220368,False,0.8709827890179097,0.6882440819315433,False
VXX,SPXL,day_logrv,1,abs_ret,magnitude,1484,0.04288801962200725,1.0939169303270355,0.27399141269801275,1.0793335989655268,0.06362678279330236,0.030740563673920425,0.08439359206232509,True,1.0939169303270355,0.5868386501840841,False
VXX,SPXL,day_jump,1,abs_ret,magnitude,1484,-0.0011894650345301155,-0.05131824351254588,0.9590719310371069,-0.04999382067453988,0.00013661627464855997,0.0018917684518541056,-0.005403917326028254,False,0.05131824351254588,0.9794777168038538,False
VXX,SPXL,day_volratio,1,abs_ret,magnitude,1484,0.052133033628290866,1.5605139268636647,0.11863848144995379,1.6677699802196206,0.15174934991319944,-0.0068149919488800295,0.09862810085504792,False,1.5605139268636647,0.37668871931191555,False
VXX,SPXL,day_cir,1,abs_ret,magnitude,1484,0.020464148240213906,0.8333506363094978,0.4046470061687002,0.8654952903615687,0.04092418403659481,-0.013283600177085724,0.06649159198839547,False,0.8333506363094978,0.7070491585303199,False
VXX,SPXL,day_ofi,1,abs_ret,magnitude,1484,0.03894932717321178,1.5405520039177292,0.12342585684953453,1.6370471757386134,0.1462199677671805,0.025989367858242404,0.0539945486239896,True,1.5405520039177292,0.3844103022489319,False
VXX,SPXL,day_maxabs,1,abs_ret,magnitude,1484,0.07200137101802885,2.028616788928341,0.04249733718898906,2.392273066796991,0.3116124237539264,0.05302592667213119,0.10209706298559795,True,2.028616788928341,0.1992978571621556,False
VXX,SPXL,d5_ret,1,abs_ret,magnitude,1484,0.06402509638863377,2.2026972000251592,0.027616097753333946,2.465646185332497,0.3309409628139526,0.03509796091085486,0.10475505953870834,True,2.2026972000251592,0.14728585468444771,False
VXX,SPXL,d5_logrv,1,abs_ret,magnitude,1484,-0.010453311011332641,-0.3469401785655807,0.728636261031477,-0.2914594791471245,0.004643034830209558,-0.0008711773714428074,-0.037232767113572846,True,0.3469401785655807,0.9022263869524815,False
VXX,SPXL,d5_volratio,1,abs_ret,magnitude,1484,0.06687949959201318,1.9770255829500079,0.048038738494233145,1.8157754016494048,0.17981574043327564,0.03496797221579118,0.0972948850516413,True,1.9770255829500079,0.21304136201790352,False
VXX,SPXL,lasthr_ret,2,abs_ret,magnitude,1471,0.050944099298001505,2.086280729141532,0.036953201234745485,2.127218538562396,0.2570998971569538,0.06713347854200764,0.02633141806004616,True,2.086280729141532,0.18191652673693967,False
VXX,SPXL,lasthr_logrv,2,abs_ret,magnitude,1471,0.04487931448769591,1.528556032799193,0.12637454272926044,1.3955208023726118,0.11084400934189276,0.05475991678901974,0.03692797151198851,True,1.528556032799193,0.3920974405592263,False
VXX,SPXL,lasthr_jump,2,abs_ret,magnitude,1471,0.026550601075307368,1.0804444998078604,0.2799442888128705,1.1055474305630895,0.06959995732357394,0.019149246905792904,0.03805346397777139,True,1.0804444998078604,0.5872353204917797,False
VXX,SPXL,lasthr_volratio,2,abs_ret,magnitude,1471,0.03867409988501,1.3287511587084533,0.18393008061589688,1.3865981738835542,0.10943297071273062,0.09863647824066797,-0.005723519659272573,False,1.3287511587084533,0.48571827114100924,False
VXX,SPXL,lasthr_cir,2,abs_ret,magnitude,1471,0.045833885721589265,1.9711302003811126,0.048708985151271506,1.9194608184908337,0.20945202005553387,0.05621340769924086,0.0298047607631362,True,1.9711302003811126,0.21457105459765233,False
VXX,SPXL,lasthr_ofi,2,abs_ret,magnitude,1471,0.04893838112302797,2.2244331050688753,0.026119318588834695,2.0519296437360177,0.2392740223393086,0.03400551086400644,0.06505918565940547,True,2.2244331050688753,0.1411481057515835,False
VXX,SPXL,lasthr_share,2,abs_ret,magnitude,1471,0.04533655808748419,1.7589840385971116,0.07858021966655415,1.9003828868860175,0.20531931536389436,0.03875949148879404,0.04990687352854363,True,1.7589840385971116,0.28625651449959016,False
VXX,SPXL,day_ret,2,abs_ret,magnitude,1483,0.053891909318973634,1.438634410245508,0.15025413162723025,2.2073267235847296,0.27390353907558174,0.12058473398536125,-0.025364429036188574,False,1.438634410245508,0.4394529441140498,False
VXX,SPXL,day_logrv,2,abs_ret,magnitude,1483,-0.01657693337511208,-0.5228816443833502,0.6010566189308533,-0.410728536034022,0.009513797527493928,0.014165871334989193,-0.06957893751673781,False,0.5228816443833502,0.8142196413168525,False
VXX,SPXL,day_jump,2,abs_ret,magnitude,1483,0.03173162634027309,1.3690249458482402,0.17099147729047837,1.3138377991570547,0.09724567642630522,0.03766004183983847,0.02392506483672246,True,1.3690249458482402,0.46221991173903765,False
VXX,SPXL,day_volratio,2,abs_ret,magnitude,1483,0.04738317593518811,1.6597955848353703,0.09695558226914747,1.4919143663986378,0.1253510486110443,0.08721873190397926,0.015145583271532849,True,1.6597955848353703,0.32424489808042756,False
VXX,SPXL,day_cir,2,abs_ret,magnitude,1483,0.07885064366441989,3.1151681655736096,0.0018384006796953567,3.2943892497983844,0.6076677036835787,0.10025125160883996,0.04806206305046767,True,3.1151681655736096,0.01895111637294743,False
VXX,SPXL,day_ofi,2,abs_ret,magnitude,1483,0.026991105715965476,0.8864448976961591,0.3753778344559219,1.1161771482188976,0.07020920333946634,0.05034694665292631,0.0011972163858993135,True,0.8864448976961591,0.6804172555775584,False
VXX,SPXL,day_maxabs,2,abs_ret,magnitude,1483,0.0683427527449198,1.117194913566411,0.26391099494927794,2.234940415585451,0.2807762536640279,0.015704452118825943,0.13985416783778903,True,1.117194913566411,0.5820307348070561,False
VXX,SPXL,d5_ret,2,abs_ret,magnitude,1483,0.0817229813339442,3.135945431606399,0.0017130107387405274,3.1016411602712064,0.5390874153687331,0.08729996107992481,0.07611960901173907,True,3.135945431606399,0.018392325826477242,False
VXX,SPXL,d5_logrv,2,abs_ret,magnitude,1483,-0.022839895831853464,-0.6381256517029654,0.5233918896479057,-0.6270199918452959,0.022168738713335134,-0.02036238965166858,-0.017116112400129405,True,0.6381256517029654,0.7640210768384457,False
VXX,SPXL,d5_volratio,2,abs_ret,magnitude,1483,0.06297292906737623,1.9828826605625092,0.04738053791496748,1.682934794958186,0.15943984404981348,0.03046010893361195,0.09809680900096603,True,1.9828826605625092,0.2112705952929697,False
VXX,SPXL,lasthr_ret,1,day_logrv,magnitude,1472,0.10336758160234155,5.802614223160869,6.528888803515409e-09,5.948279741531011,1.0584623325981313,0.1060603826571557,0.09740891768226817,True,5.802614223160869,4.843248421516885e-07,True
VXX,SPXL,lasthr_logrv,1,day_logrv,magnitude,1472,0.15517373399005563,6.658385749639253,2.7685137221096376e-11,6.673097024685072,1.3240703547739652,0.1122164935611244,0.23333971381246327,True,6.658385749639253,3.765178662069107e-09,True
VXX,SPXL,lasthr_jump,1,day_logrv,magnitude,1472,-0.03651257889223337,-2.0832277846712226,0.03723046564346682,-2.0756422367266323,0.13160558971280212,-0.03441559299700997,-0.04024975872169704,True,2.0832277846712226,0.18191652673693967,False
VXX,SPXL,lasthr_volratio,1,day_logrv,magnitude,1472,0.12051637106602267,5.5889112990202,2.284976251225894e-08,5.961922123912544,1.063208081378042,0.152945599265577,0.09410508661779275,True,5.5889112990202,1.165337888125206e-06,True
VXX,SPXL,lasthr_cir,1,day_logrv,magnitude,1472,0.09683467193314296,5.689910431480247,1.2710602573123859e-08,5.582516711163605,0.9349181317186317,0.09801437226331869,0.09133767478308392,True,5.689910431480247,6.91456779977938e-07,True
VXX,SPXL,lasthr_ofi,1,day_logrv,magnitude,1472,0.09625907206426415,5.769572979205218,7.94726560400736e-09,5.554399787032353,0.9257177109844306,0.10288628963000138,0.08585868232239395,True,5.769572979205218,4.909567918109927e-07,True
VXX,SPXL,lasthr_share,1,day_logrv,magnitude,1472,0.09409020102552904,5.759761672763402,8.423278290874874e-09,5.426364044475872,0.8843618270582554,0.06808908310418249,0.12085157391590746,True,5.759761672763402,4.909567918109927e-07,True
VXX,SPXL,day_ret,1,day_logrv,magnitude,1484,0.12548703453676902,7.15631372796909,8.287536008574696e-13,7.120305218264709,1.4849516742550306,0.12702105019952764,0.1259373073564889,True,7.15631372796909,2.2542097943323172e-10,True
VXX,SPXL,day_logrv,1,day_logrv,magnitude,1484,0.07640297890934118,2.785273679600283,0.0053482560965607134,2.587609353578568,0.20192428884886482,0.043238915744091125,0.21132247424946526,True,2.785273679600283,0.044082595704985274,False
VXX,SPXL,day_jump,1,day_logrv,magnitude,1484,-0.015857612609906944,-0.8956491033535601,0.3704402014993876,-0.8955269057705987,0.024281453861108027,0.008254462918472474,-0.04748778452839458,False,0.8956491033535601,0.6762398309250566,False
VXX,SPXL,day_volratio,1,day_logrv,magnitude,1484,0.12524847140540046,4.377604640628121,1.1999075676067012e-05,5.430420912152408,0.8758822252755705,0.15588830596181663,0.09779680031994295,True,4.377604640628121,0.0003376291638507132,True
VXX,SPXL,day_cir,1,day_logrv,magnitude,1484,0.14892628505655903,8.846832719240258,9.003820257670856e-19,8.67078046584013,2.1673816655018885,0.14396568916482583,0.1537089039320321,True,8.846832719240258,7.347117330259419e-16,True
VXX,SPXL,day_ofi,1,day_logrv,magnitude,1484,0.09751730837380185,5.767833279650536,8.029718163015297e-09,5.557724211630011,0.9165795749947692,0.10915188913049156,0.08592622824428961,True,5.767833279650536,4.909567918109927e-07,True
VXX,SPXL,day_maxabs,1,day_logrv,magnitude,1484,0.03427048602875541,1.5529261739190197,0.1204407729252604,1.527752045841658,0.07059497023198524,0.020402874270241858,0.06903059183496982,True,1.5529261739190197,0.378173175839571,False
VXX,SPXL,d5_ret,1,day_logrv,magnitude,1484,0.12667258420775873,6.69002944241934,2.231257010672072e-11,6.635935885437024,1.295434041338217,0.1141678586129715,0.14607311940737255,True,6.69002944241934,3.6414114414168214e-09,True
VXX,SPXL,d5_logrv,1,day_logrv,magnitude,1484,-0.025034161637007057,-1.0714054252371825,0.2839871745166104,-0.9378488100674016,0.02662933381030186,-0.05053076947265448,0.0847541728278909,False,1.0714054252371825,0.5920837568117892,False
VXX,SPXL,d5_volratio,1,day_logrv,magnitude,1484,0.10337210194234886,3.787281097318596,0.00015230476381655593,3.7839014502222326,0.429584269651595,0.06375439743333797,0.13923708657931527,True,3.787281097318596,0.0025891809848814507,False
VXX,SPXL,lasthr_ret,2,day_logrv,magnitude,1471,0.07261904426149587,3.3189999398572287,0.000903404488685592,3.7296552312563334,0.5224144538084285,0.05153604352349311,0.11678966025252933,True,3.3189999398572287,0.011889968754313598,False
VXX,SPXL,lasthr_logrv,2,day_logrv,magnitude,1471,0.07871928569700341,2.948902498019298,0.003189045702771289,3.008416018590395,0.3410217559276174,0.033053321249522705,0.16087549614614616,True,2.948902498019298,0.03061483874660437,False
VXX,SPXL,lasthr_jump,2,day_logrv,magnitude,1471,-0.005637928330763395,-0.3103424861747624,0.7563005256467894,-0.2877215040196004,0.0031383354319625134,-0.007761541684419031,-0.002700368126988385,True,0.3103424861747624,0.9224831523584158,False
VXX,SPXL,lasthr_volratio,2,day_logrv,magnitude,1471,0.08301957461656127,3.3798355241095095,0.0007252921945095321,3.6637341621709796,0.5042765434763785,0.05864394273523666,0.09732385710994067,True,3.3798355241095095,0.009863973845329636,False
VXX,SPXL,lasthr_cir,2,day_logrv,magnitude,1471,0.06716260104281958,3.1871608386202563,0.0014367685379515652,3.458261086370018,0.4497448635040202,0.0566754211920109,0.08214200346192806,True,3.1871608386202563,0.016748616099549675,False
VXX,SPXL,lasthr_ofi,2,day_logrv,magnitude,1471,0.07687569167939591,4.118892765779372,3.806972453709271e-05,3.9674984249587273,0.5904381697834138,0.06687620823612517,0.08922384999861493,True,4.118892765779372,0.0007965357749299398,False
VXX,SPXL,lasthr_share,2,day_logrv,magnitude,1471,0.06416207918461557,3.6065582878516373,0.00031028518453573195,3.305733395197487,0.4112345299034925,0.044199750946831096,0.08057265937078904,True,3.6065582878516373,0.004964562952571711,False
VXX,SPXL,day_ret,2,day_logrv,magnitude,1483,0.08117373550849143,4.451070775278145,8.54431734487655e-06,4.0934635129545915,0.6214147639007517,0.07045160694780392,0.09301454501602509,True,4.451070775278145,0.00024900581976497374,False
VXX,SPXL,day_logrv,2,day_logrv,magnitude,1483,-0.004027607019359917,-0.11864668482835032,0.9055552774045924,-0.12236978284000526,0.0005616162931709745,-0.044095383609385516,0.15613219835487904,False,0.11864668482835032,0.9710027678871845,False
VXX,SPXL,day_jump,2,day_logrv,magnitude,1483,-0.0033351620751805055,-0.1769573218319206,0.8595419127007837,-0.16924510287572067,0.0010742850346412425,-0.01039593465765639,0.0012665089138826358,False,0.1769573218319206,0.9679519446334979,False
VXX,SPXL,day_volratio,2,day_logrv,magnitude,1483,0.10854266352762347,3.827062341006453,0.00012968167969047798,4.212932963073264,0.6577798827437364,0.0741677780371568,0.13620339823439312,True,3.827062341006453,0.002251494694200639,False
VXX,SPXL,day_cir,2,day_logrv,magnitude,1483,0.09194918914151508,4.7077855543665,2.5042234071331955e-06,4.729216480034715,0.826326112223208,0.08238182355452839,0.10266342966284736,True,4.7077855543665,9.288392273730399e-05,True
VXX,SPXL,day_ofi,2,day_logrv,magnitude,1483,0.05523364727783251,3.1282952872320946,0.00175823442388576,2.807288112878607,0.2940086697821309,0.05637155469855915,0.04924339833495299,True,3.1282952872320946,0.01863271805052961,False
VXX,SPXL,day_maxabs,2,day_logrv,magnitude,1483,-0.011129069730408336,-0.42694267140669423,0.669421084225746,-0.44558225953111097,0.007445487983048782,-0.05631184210075332,0.06718506702770777,False,0.42694267140669423,0.861589281905692,False
VXX,SPXL,d5_ret,2,day_logrv,magnitude,1483,0.10258742266620137,4.204651372134048,2.6148489030882644e-05,4.7960655248290145,0.8494914815648347,0.07621374057444535,0.14040034573960875,True,4.204651372134048,0.0006275637367411835,True
VXX,SPXL,d5_logrv,2,day_logrv,magnitude,1483,-0.06363987477947161,-1.9139737967580548,0.05562350393769019,-2.1455225788434795,0.17211209059678767,-0.09513154434432365,0.0884476889891097,False,1.9139737967580548,0.23517502182981967,False
VXX,SPXL,d5_volratio,2,day_logrv,magnitude,1483,0.09000827438414201,2.5646870735783014,0.010326889351747219,2.9556897020230464,0.32572713829747135,0.029127469463257102,0.15422046195620695,True,2.5646870735783014,0.07081295555483808,False
VXX,FAS,lasthr_ret,1,cc_ret,direction,1492,-0.03135362649457066,-1.0269382599473214,0.30444953704766886,-1.1969277926459463,0.09607904782036325,-0.05842755465385062,0.01691004505623642,False,1.0269382599473214,0.613409437607155,False
VXX,FAS,lasthr_logrv,1,cc_ret,direction,1492,0.0188244463444059,0.6795043129565479,0.4968183758013228,0.7016904515677806,0.033041365738550876,0.028609481566724312,0.011674438093932742,True,0.6795043129565479,0.7508113102698072,False
VXX,FAS,lasthr_jump,1,cc_ret,direction,1492,-0.01926211831878875,-0.7813693680184743,0.4345852819388635,-0.7414239520263457,0.03688785161404251,-0.044193659182487,0.01828802621915677,False,0.7813693680184743,0.7177584623871975,False
VXX,FAS,lasthr_volratio,1,cc_ret,direction,1474,0.02176661118123066,0.6337744171484306,0.5262280511802424,0.7933153906784168,0.04274497395262422,-0.025359800865738583,0.0598971739858238,False,0.6337744171484306,0.7654226198985344,False
VXX,FAS,lasthr_cir,1,cc_ret,direction,1492,-0.017531399295275495,-0.6553929791544559,0.5122147706293357,-0.6735658805736205,0.030446564424391198,-0.014602962953384866,-0.022528626516831095,True,0.6553929791544559,0.7578015176583442,False
VXX,FAS,lasthr_ofi,1,cc_ret,direction,1492,-0.012214966320592189,-0.5241600040502301,0.6001672567135575,-0.46850304186672764,0.014732323830335403,-0.017566008619863495,-0.006325537420018972,True,0.5241600040502301,0.8142196413168525,False
VXX,FAS,lasthr_share,1,cc_ret,direction,1492,0.007554218052965108,0.26710769583233507,0.7893862423866298,0.2910703041188239,0.005686977773378121,-0.004156973606563266,0.02606720038678601,False,0.26710769583233507,0.9428079660834454,False
VXX,FAS,day_ret,1,cc_ret,direction,1504,0.012430244680443176,0.24047961504603235,0.8099584644957116,0.4346914521863795,0.012582136099648089,-0.06463407090515647,0.11618019370270868,False,0.24047961504603235,0.9561390169058325,False
VXX,FAS,day_logrv,1,cc_ret,direction,1504,0.02055013720764124,0.7497991327014738,0.4533756911909902,0.7691275670537964,0.03937970662926116,0.025301763640747744,0.016802862432742684,True,0.7497991327014738,0.7264941048210743,False
VXX,FAS,day_jump,1,cc_ret,direction,1504,-0.01567496783659899,-0.5476986352490011,0.5838988493822944,-0.6032453382071611,0.02422866679117064,0.0018968677296768433,-0.03827515873641811,False,0.5476986352490011,0.8046727363259121,False
VXX,FAS,day_volratio,1,cc_ret,direction,1486,-0.011313663813382266,-0.36762210997713135,0.7131550262333608,-0.41663866021021934,0.011698826471495671,-0.038116702877822144,0.011788578110831895,False,0.36762210997713135,0.8925375788442061,False
VXX,FAS,day_cir,1,cc_ret,direction,1504,-0.01231798770321373,-0.48511803694116507,0.627592618208111,-0.4538017657394208,0.013712594348425089,-0.04349146181452517,0.03338119602547708,False,0.48511803694116507,0.8340644567716914,False
VXX,FAS,day_ofi,1,cc_ret,direction,1504,-0.028834178709267265,-1.0850080032612321,0.27791811061252736,-1.065508310911454,0.07554959971185493,-0.06541359421873155,0.010343074487745709,False,1.0850080032612321,0.5872353204917797,False
VXX,FAS,day_maxabs,1,cc_ret,direction,1504,0.00654956535299904,0.18530740336410853,0.8529879315500937,0.2523069381936752,0.004239228390212624,0.049655949790763675,-0.02307697205529436,False,0.18530740336410853,0.9679519446334979,False
VXX,FAS,d5_ret,1,cc_ret,direction,1501,0.049230114982048725,1.6873226110737092,0.09154133551771171,1.8770631639570343,0.2345595552794011,0.02704354830017326,0.08000807447877797,True,1.6873226110737092,0.3151802944407289,False
VXX,FAS,d5_logrv,1,cc_ret,direction,1501,0.04248638682129021,1.7636618558345223,0.07778892677467211,1.6453598339062063,0.1803238885336511,0.040030600382938854,0.04701947875865976,True,1.7636618558345223,0.28625651449959016,False
VXX,FAS,d5_volratio,1,cc_ret,direction,1486,0.010320687584899518,0.4117635987279755,0.6805127044810393,0.3967920399222515,0.010610938481214749,0.00440900005363118,0.016017986810873925,True,0.4117635987279755,0.8688599380274695,False
VXX,FAS,lasthr_ret,2,cc_ret,direction,1491,-0.0013061481931820069,-0.045342714216538946,0.9638341414096913,-0.04981059307657073,0.0001667396262283738,-0.019311341958279136,0.028655214752603665,False,0.045342714216538946,0.9806591762971422,False
VXX,FAS,lasthr_logrv,2,cc_ret,direction,1491,0.015285155082751682,0.5982464853668885,0.5496754783131297,0.5694008833899309,0.021784007519010107,0.02785679197716786,0.005495826056779763,True,0.5982464853668885,0.7841524306005486,False
VXX,FAS,lasthr_jump,2,cc_ret,direction,1491,-0.005532231759949064,-0.22599573202267034,0.8212047398179485,-0.21278795815491833,0.003042825181787112,-0.044916706065892265,0.054179257989952885,False,0.22599573202267034,0.9626833691652323,False
VXX,FAS,lasthr_volratio,2,cc_ret,direction,1473,0.019884136565478,0.7770930050415538,0.43710390060684545,0.7242600857605579,0.035671111792301424,0.07624683695280812,-0.026797091062925514,False,0.7770930050415538,0.7189529948037479,False
VXX,FAS,lasthr_cir,2,cc_ret,direction,1491,0.014196028935465725,0.5419802038026829,0.5878321433631245,0.5450849702812013,0.019963552558210917,0.009660617890920419,0.019615425826257388,True,0.5419802038026829,0.806169796612285,False
VXX,FAS,lasthr_ofi,2,cc_ret,direction,1491,0.0032162049851823258,0.14589061839406278,0.8840077377852685,0.12327964057357228,0.0010213495588051735,0.02156389858966222,-0.019195341219800086,False,0.14589061839406278,0.9709482515011568,False
VXX,FAS,lasthr_share,2,cc_ret,direction,1491,-0.04129328862708979,-1.471033119602074,0.14128216028658128,-1.5914841459796945,0.16992690331576465,-0.020289039617595196,-0.07495267969383276,True,1.471033119602074,0.42137617859023613,False
VXX,FAS,day_ret,2,cc_ret,direction,1503,-0.011791208556599634,-0.2974181019642456,0.7661473252548556,-0.41212444307673357,0.011321647676620916,0.056103579122376776,-0.10727618870865516,False,0.2974181019642456,0.930416760187446,False
VXX,FAS,day_logrv,2,cc_ret,direction,1503,0.04321393849684432,1.6180250310568924,0.10565720336071109,1.6175755515224364,0.17413028126319618,0.020558505858764144,0.06727738529701793,True,1.6180250310568924,0.34342863199464113,False
VXX,FAS,day_jump,2,cc_ret,direction,1503,-0.0001374035153966285,-0.005011999700869446,0.9960010195624268,-0.005284517623580595,1.8617130836950935e-06,-0.019512936279271677,0.02663415867798898,False,0.005011999700869446,0.9960841840558323,False
VXX,FAS,day_volratio,2,cc_ret,direction,1485,0.04593674212499436,1.6633926491585609,0.09623386359291168,1.692282760993828,0.1928657296419889,0.04543747765092131,0.04503342206356962,True,1.6633926491585609,0.32424489808042756,False
VXX,FAS,day_cir,2,cc_ret,direction,1503,0.026496926747836293,1.010283297640191,0.3123595809391322,0.975888801140022,0.06344933605364478,0.07313000490640656,-0.04493807391109608,False,1.010283297640191,0.6234844579881266,False
VXX,FAS,day_ofi,2,cc_ret,direction,1503,0.011310222094702099,0.44631087486094667,0.6553727019076538,0.41759237300906465,0.01162402918972738,0.06284866870803722,-0.04546824858069344,False,0.44631087486094667,0.8518706203095677,False
VXX,FAS,day_maxabs,2,cc_ret,direction,1503,0.07329564427693877,2.123097662682036,0.03374566884805057,2.82953125242134,0.5309078791189137,0.007447413764709232,0.11948599784431543,True,2.123097662682036,0.17210291112505788,False
VXX,FAS,d5_ret,2,cc_ret,direction,1500,0.04031797310920221,1.6458586331770357,0.09979286736499364,1.53585692626804,0.15732181555837554,0.07673111587355194,-0.008692859978650186,False,1.6458586331770357,0.3276392159926931,False
VXX,FAS,d5_logrv,2,cc_ret,direction,1500,0.042645979140606305,1.81099373951539,0.07014182076777681,1.650686066825838,0.18168138246821286,0.03938072083405566,0.04818581331235381,True,1.81099373951539,0.27374613835652256,False
VXX,FAS,d5_volratio,2,cc_ret,direction,1485,0.020202491830520957,0.7954267481529393,0.4263653057132164,0.7764045776500926,0.040658110043623186,0.03267931341379384,0.007848032844899449,True,0.7954267481529393,0.7173486380659476,False
VXX,FAS,lasthr_ret,1,overnight,direction,1492,-0.006821310616798181,-0.22423216286512582,0.8225766582362588,-0.26312759211018844,0.004649553239632898,-0.00246634571704876,0.013426728048644901,False,0.22423216286512582,0.9626833691652323,False
VXX,FAS,lasthr_logrv,1,overnight,direction,1492,0.01509990811914999,0.4459874509422925,0.6556063107284418,0.5796142149437329,0.022556863713252273,0.023832177847889133,0.0018798200043598483,True,0.4459874509422925,0.8518706203095677,False
VXX,FAS,lasthr_jump,1,overnight,direction,1492,0.0008469553768468332,0.031173118818546064,0.9751314775675491,0.03268101785594315,7.172812400702e-05,-0.0354903920809465,0.058348819143449825,False,0.031173118818546064,0.9854089611874021,False
VXX,FAS,lasthr_volratio,1,overnight,direction,1474,-0.02431279985388057,-0.6322664487160611,0.5272127834247444,-0.9220250054089222,0.057758842306776526,-0.023667130567005857,-0.018580483050712176,True,0.6322664487160611,0.765490447107814,False
VXX,FAS,lasthr_cir,1,overnight,direction,1492,-0.013350048650434144,-0.5206403541711454,0.602617332156156,-0.5151617747379864,0.017820032728910196,0.011412731603863541,-0.02855248767190696,False,0.5206403541711454,0.8142196413168525,False
VXX,FAS,lasthr_ofi,1,overnight,direction,1492,0.015630236866902784,0.6896789492952177,0.49039610671960676,0.6031256676689891,0.024423515373839244,0.04271902425121641,-0.0034351992397657423,False,0.6896789492952177,0.7493693316164778,False
VXX,FAS,lasthr_share,1,overnight,direction,1492,-0.001203318134139788,-0.04176127912599222,0.9666890028484233,-0.04634500022391144,0.00014424600242035623,-0.01984587629302322,0.01919330693323735,False,0.04176127912599222,0.9823390116118473,False
VXX,FAS,day_ret,1,overnight,direction,1504,-0.0706362665462486,-1.7723352627664148,0.07633892101611431,-2.7418657615591817,0.4983582572684164,-0.06819567124158744,-0.07420330734522693,True,1.7723352627664148,0.28625651449959016,False
VXX,FAS,day_logrv,1,overnight,direction,1504,0.023515262601208085,0.8039846366891272,0.4214058477978718,0.900138520450299,0.053951479564362526,0.04059136340335619,0.006570146775365115,True,0.8039846366891272,0.7121940407344242,False
VXX,FAS,day_jump,1,overnight,direction,1504,-0.014223044934469579,-0.6134573375116822,0.5395739835805036,-0.5510241954430602,0.02022425501880809,-0.03896982609522224,0.0164506337212492,False,0.6134573375116822,0.7779017148439769,False
VXX,FAS,day_volratio,1,overnight,direction,1486,-0.0309714833466049,-0.7922591109921787,0.42820960816138876,-1.1622589957662512,0.09100548684682908,-0.04484539387428916,-0.00935954409367458,True,0.7922591109921787,0.7177584623871975,False
VXX,FAS,day_cir,1,overnight,direction,1504,-0.038268487952725555,-1.4188874709200705,0.15593182561453772,-1.4836703634213375,0.14643922970155598,-0.03277222240445878,-0.028961719893508604,True,1.4188874709200705,0.4464574375489922,False
VXX,FAS,day_ofi,1,overnight,direction,1504,-0.04929276199175729,-1.7935385240221373,0.07288685643605508,-1.9104866182207731,0.24257846922385307,-0.0643771856585623,-0.02940908428181056,True,1.7935385240221373,0.27950607702860697,False
VXX,FAS,day_maxabs,1,overnight,direction,1504,0.029182741054952138,0.816396012168752,0.4142736766948929,1.1191982418832407,0.08338171078010603,0.07976581380293071,0.010281016959866517,True,0.816396012168752,0.7121940407344242,False
VXX,FAS,d5_ret,1,overnight,direction,1501,-0.03162957759921889,-1.090981551684052,0.2752810003262198,-1.2247776100281234,0.10003863512115796,-0.049825778695508846,-0.0072638199430758365,True,1.090981551684052,0.5868386501840841,False
VXX,FAS,d5_logrv,1,overnight,direction,1501,0.05826639112368097,2.258549837685478,0.023911401129909526,2.2589741207068625,0.3394951341347707,0.0801066648743721,0.03570061355869187,True,2.258549837685478,0.13422611898076925,False
VXX,FAS,d5_volratio,1,overnight,direction,1486,0.020187323176703895,0.8171440474024954,0.413846113509469,0.7768396332159074,0.04067646607556208,0.02344050027032616,0.019449198427380125,True,0.8171440474024954,0.7121940407344242,False
VXX,FAS,lasthr_ret,2,overnight,direction,1491,-0.018683984398341177,-0.5745188785445612,0.5656167292053684,-0.7206128972301232,0.03488308999904932,-0.03199891351288174,0.007591633371491033,False,0.5745188785445612,0.7954645547067752,False
VXX,FAS,lasthr_logrv,2,overnight,direction,1491,0.006315243913970724,0.2659276723324518,0.7902949127464175,0.2423129328262452,0.003945467519839152,0.017346618162828068,-0.013295820081351698,False,0.2659276723324518,0.9428079660834454,False
VXX,FAS,lasthr_jump,2,overnight,direction,1491,0.003577224912541244,0.14541852475282968,0.8843804394859107,0.13799132531392744,0.001279559350952919,-0.03179405347491993,0.05729601971318867,False,0.14541852475282968,0.9709482515011568,False
VXX,FAS,lasthr_volratio,2,overnight,direction,1473,0.014195263814729278,0.5696872470833697,0.568889841234028,0.5380640195318506,0.01968953619034819,0.030015530428381197,0.0024130525863862652,True,0.5696872470833697,0.7954645547067752,False
VXX,FAS,lasthr_cir,2,overnight,direction,1491,-0.003301470714230183,-0.1309314244620081,0.8958295555348512,-0.1273503391579932,0.0010898278435145237,-0.004826398203555098,0.0018186264574648545,False,0.1309314244620081,0.9709482515011568,False
VXX,FAS,lasthr_ofi,2,overnight,direction,1491,-0.024196998426277042,-0.9902001318607132,0.32207630812096344,-0.9335679190790241,0.05853288895379949,-0.05162758592815934,0.007853712507166422,False,0.9902001318607132,0.6308321564452471,False
VXX,FAS,lasthr_share,2,overnight,direction,1491,-0.05782727433289048,-2.1772113436947538,0.029464802322131965,-2.23022370939261,0.333127123090482,-0.04396369257310501,-0.09004795920030015,True,2.1772113436947538,0.15412358137730567,False
VXX,FAS,day_ret,2,overnight,direction,1503,-0.010376588489796893,-0.30622823782740655,0.7594308738102126,-0.4016710354002533,0.010754646377719723,0.007590866515755681,-0.030921546853243238,False,0.30622823782740655,0.9249187955658708,False
VXX,FAS,day_logrv,2,overnight,direction,1503,0.025030359251053468,1.0620010780394895,0.28823519579105705,0.9578333998329933,0.06112462687112297,0.025147308656055564,0.020903729261838082,True,1.0620010780394895,0.5969541110799558,False
VXX,FAS,day_jump,2,overnight,direction,1503,0.01143610921838231,0.47872179551497535,0.6321365582051741,0.4428932776709916,0.01307504528582637,0.005999081994508017,0.017110838381337732,True,0.47872179551497535,0.8360185275452545,False
VXX,FAS,day_volratio,2,overnight,direction,1485,0.04896946108139312,1.6449595980275349,0.09997814311541736,1.8382829332395285,0.22750067790043849,0.08227924378105791,0.02091120351575865,True,1.6449595980275349,0.3276392159926931,False
VXX,FAS,day_cir,2,overnight,direction,1503,-0.013949249597669095,-0.5165654394828403,0.6054595465666459,-0.54029314040551,0.019457014864820987,0.0028157057898650865,-0.0349986519810547,False,0.5165654394828403,0.8166198181791455,False
VXX,FAS,day_ofi,2,overnight,direction,1503,-0.02467598739030564,-0.9779366372151108,0.32810566342895653,-0.9552099923190919,0.06079046049257686,-0.027895577608492813,-0.02022104483609395,True,0.9779366372151108,0.6366629546537308,False
VXX,FAS,day_maxabs,2,overnight,direction,1503,-0.006908075861892817,-0.25329036894252094,0.8000438379789616,-0.2647413820687019,0.004672240449010712,-0.014391696634860875,-0.0015055874659982947,True,0.25329036894252094,0.9488892031843499,False
VXX,FAS,d5_ret,2,overnight,direction,1500,0.015274174817875848,0.639955487442418,0.5222015385034166,0.591036844559592,0.023329018868056828,0.021837283553749937,0.011157091456002213,True,0.639955487442418,0.7636495616824156,False
VXX,FAS,d5_logrv,2,overnight,direction,1500,0.06885148214705956,2.8704841745840874,0.004098437113944652,2.670296671660388,0.47404984700586406,0.08969935346742428,0.044247715068060155,True,2.8704841745840874,0.03635135527150909,False
VXX,FAS,d5_volratio,2,overnight,direction,1485,0.04963703985617846,2.0853093879465936,0.03704122581157389,1.9114329320591652,0.2459211738771061,0.06635987339549863,0.03378905319919291,True,2.0853093879465936,0.18191652673693967,False
VXX,FAS,lasthr_ret,1,abs_ret,magnitude,1472,0.006675076139779771,0.1966090883192907,0.8441334579814834,0.27191882554652796,0.004411163853035305,0.006870648239153348,0.024944306452458268,True,0.1966090883192907,0.9679519446334979,False
VXX,FAS,lasthr_logrv,1,abs_ret,magnitude,1472,0.10360092775669269,2.6964251243947093,0.007008815274570446,3.29246478058491,0.6420094261128884,0.11346729316392906,0.10543952209306705,True,2.6964251243947093,0.05246966297293105,False
VXX,FAS,lasthr_jump,1,abs_ret,magnitude,1472,-0.0008019233711398181,-0.03168500789244761,0.9747232508532132,-0.032601332101930856,6.341133614862215e-05,-0.002010537908812061,-0.0006796247523295002,True,0.03168500789244761,0.9854089611874021,False
VXX,FAS,lasthr_volratio,1,abs_ret,magnitude,1472,0.08746680507430084,2.1035596358422852,0.03541687806754007,3.082571063819786,0.5632727277212091,0.07064584553822517,0.10374223065621996,True,2.1035596358422852,0.17849049058207794,False
VXX,FAS,lasthr_cir,1,abs_ret,magnitude,1472,0.0062585757231832,0.25356526735805374,0.7998314324231646,0.2557876059803553,0.003903337938493401,0.0073823718023756785,0.011523719189272632,True,0.25356526735805374,0.9488892031843499,False
VXX,FAS,lasthr_ofi,1,abs_ret,magnitude,1472,0.008143415150298067,0.40104309222889445,0.688388397730634,0.3329575185609496,0.006613652335640818,0.030775022238178452,-0.007921250495303489,False,0.40104309222889445,0.8736002061402758,False
VXX,FAS,lasthr_share,1,abs_ret,magnitude,1472,0.0746073049106557,2.356843697667833,0.018431002810845292,3.0591089784990677,0.5547851314049113,0.055128805461020614,0.09833129051133568,True,2.356843697667833,0.10977881966167707,False
VXX,FAS,day_ret,1,abs_ret,magnitude,1484,0.05748454101467628,1.3317605749633885,0.1829388769727156,2.2957420709659546,0.31103532990205407,-0.017420149220374652,0.1466224598592829,False,1.3317605749633885,0.4846692324991426,False
VXX,FAS,day_logrv,1,abs_ret,magnitude,1484,0.04428240973293392,1.3164992641050581,0.18800652525145278,1.2514726417755346,0.09265982305443066,0.06619555701077928,0.05225156897858538,True,1.3164992641050581,0.4901384172689631,False
VXX,FAS,day_jump,1,abs_ret,magnitude,1484,0.0017412187892706897,0.07250629458845007,0.942198996298858,0.07059480938032804,0.00029515658357404106,-0.0014412937507603755,0.0008544347549043346,False,0.07250629458845007,0.979060164318174,False
VXX,FAS,day_volratio,1,abs_ret,magnitude,1484,0.09685308769466057,2.681011437287548,0.007340000721200224,3.071943748739142,0.5553575495746199,0.10807206027102748,0.09378400399233824,True,2.681011437287548,0.05395892422071516,False
VXX,FAS,day_cir,1,abs_ret,magnitude,1484,0.02162615530679994,0.8110187328794902,0.4173549130615112,0.8770514340810746,0.04553367559535504,0.0021076549131661838,0.05706232172047108,True,0.8110187328794902,0.7121940407344242,False
VXX,FAS,day_ofi,1,abs_ret,magnitude,1484,0.025418476608408486,0.9397991181583589,0.3473206112576199,1.0237029183340671,0.06202241379676954,0.0036546135981017965,0.04843010986785741,True,0.9397991181583589,0.6499201995596086,False
VXX,FAS,day_maxabs,1,abs_ret,magnitude,1484,0.04019615669885755,1.470259405683266,0.14149151094819204,1.3140380019889601,0.1021450949463154,0.0812984317237038,0.051914867683805904,True,1.470259405683266,0.42137617859023613,False
VXX,FAS,d5_ret,1,abs_ret,magnitude,1484,0.06096920998495446,1.9693790591937828,0.04890957862152369,2.2595012074774212,0.30132627193968364,0.032864365957035374,0.10455523275578057,True,1.9693790591937828,0.21457105459765233,False
VXX,FAS,d5_logrv,1,abs_ret,magnitude,1484,0.003880529613373071,0.13487600597660218,0.8927099106373335,0.11006691900451109,0.0007174943090437758,0.008337282322580408,0.03960941710886219,True,0.13487600597660218,0.9709482515011568,False
VXX,FAS,d5_volratio,1,abs_ret,magnitude,1484,0.1097436094210858,3.464558119290085,0.0005311033638899854,3.000940334151488,0.5301352903889778,0.10254708121307957,0.12409103313364273,True,3.464558119290085,0.007345429575156408,False
VXX,FAS,lasthr_ret,2,abs_ret,magnitude,1471,0.016856503874244515,0.6767187656759927,0.49858440777470125,0.682700647817049,0.028130400401871203,0.05286828062291011,-0.03354058430118202,False,0.6767187656759927,0.7508113102698072,False
VXX,FAS,lasthr_logrv,2,abs_ret,magnitude,1471,0.014921434848567519,0.5241131414903644,0.600199848755076,0.4697078643524078,0.01331814211580351,0.003600365474673176,0.02988082478480046,True,0.5241131414903644,0.8142196413168525,False
VXX,FAS,lasthr_jump,2,abs_ret,magnitude,1471,-0.001434449923417675,-0.06285954972603255,0.9498783457535392,-0.05797213859962835,0.0002029041752393823,0.020004676243441804,-0.036149769173255526,False,0.06285954972603255,0.979060164318174,False
VXX,FAS,lasthr_volratio,2,abs_ret,magnitude,1471,0.04096272198589305,1.2401343756157148,0.21492569616792423,1.4314577880746464,0.12353892696557178,0.10154825909601632,-0.0022803183802938324,False,1.2401343756157148,0.5109179495482626,False
VXX,FAS,lasthr_cir,2,abs_ret,magnitude,1471,0.008095642554960635,0.3235393221668463,0.7462868326633579,0.32891443376453383,0.00653111230806136,0.036381074120388365,-0.030511500779419228,False,0.3235393221668463,0.9129985838880061,False
VXX,FAS,lasthr_ofi,2,abs_ret,magnitude,1471,0.017380051328519084,0.8080321658044858,0.4190720655432352,0.7065009766467002,0.030125275368242388,0.0305185326673927,0.008474523260244437,True,0.8080321658044858,0.7121940407344242,False
VXX,FAS,lasthr_share,2,abs_ret,magnitude,1471,0.001449369495713339,0.05721203444521055,0.9543762917627158,0.058889436404601064,0.0002093760991361826,-0.03281723709536338,0.03670513833405658,False,0.05721203444521055,0.9794777168038538,False
VXX,FAS,day_ret,2,abs_ret,magnitude,1483,0.03359496090053204,0.9370942572963179,0.348710075161075,1.3342832130121434,0.10623511835666788,0.11609514816479868,-0.06453382422827451,False,0.9370942572963179,0.6499201995596086,False
VXX,FAS,day_logrv,2,abs_ret,magnitude,1483,0.013357487796354282,0.4353849984700813,0.6632829974567269,0.37564665428308774,0.008429706639556667,0.039958733150184625,0.007636563436743866,True,0.4353849984700813,0.8566524851000907,False
VXX,FAS,day_jump,2,abs_ret,magnitude,1483,0.03779151860213249,1.6892839799213428,0.09116502191886063,1.5267666492962206,0.1390451347403454,0.027993160450064412,0.04364323188930238,True,1.6892839799213428,0.3151802944407289,False
VXX,FAS,day_volratio,2,abs_ret,magnitude,1483,0.05954500378274445,1.9989420107910245,0.04561462854883759,1.8766835082450326,0.20991491342053914,0.11155387437393327,0.02153335538109948,True,1.9989420107910245,0.20948860968281538,False
VXX,FAS,day_cir,2,abs_ret,magnitude,1483,0.03251218142054228,1.278011523874848,0.20124536302967688,1.3132494526635408,0.1029159915595268,0.08030601142748757,-0.0282843548093622,False,1.278011523874848,0.5010477828540669,False
VXX,FAS,day_ofi,2,abs_ret,magnitude,1483,-0.00644840574751261,-0.20453639721732186,0.8379343522633934,-0.2584845278603279,0.003991575475414955,0.03786842816250739,-0.05386577513839527,False,0.20453639721732186,0.9679519446334979,False
VXX,FAS,day_maxabs,2,abs_ret,magnitude,1483,0.044458967483746274,1.4075901491884761,0.1592524660485568,1.4473231810735463,0.12497145502815554,0.03070868518497072,0.10099615486764739,True,1.4075901491884761,0.45077025531454706,False
VXX,FAS,d5_ret,2,abs_ret,magnitude,1483,0.04788694889873181,1.8887745344891815,0.0589220464195492,1.7657752294268343,0.18588763336048197,0.07035372065074436,0.024616554678691005,True,1.8887745344891815,0.24530811162424568,False
VXX,FAS,d5_logrv,2,abs_ret,magnitude,1483,-0.005040760197145187,-0.1646507829943307,0.8692188576087427,-0.14234496051193526,0.001210523183858836,-0.015553410396943221,0.049257387391886696,False,0.1646507829943307,0.9691411655547397,False
VXX,FAS,d5_volratio,2,abs_ret,magnitude,1483,0.08595072296037388,2.729558563446136,0.0063419183662721075,2.3369292160820674,0.325075485597881,0.07187649206711424,0.10243348363976644,True,2.729558563446136,0.04882080553658528,False
VXX,FAS,lasthr_ret,1,day_logrv,magnitude,1472,0.09774847630329622,5.0546315224743115,4.312225070188396e-07,5.663339293232756,0.9459337805121093,0.10584413035074226,0.0865209799856626,True,5.0546315224743115,1.9563409557310977e-05,True
VXX,FAS,lasthr_logrv,1,day_logrv,magnitude,1472,0.1459457283822949,6.43103672437164,1.2673653298277198e-10,6.597719888263766,1.2740805681719092,0.14101164410918762,0.1535359836486014,True,6.43103672437164,1.2927126364242742e-08,True
VXX,FAS,lasthr_jump,1,day_logrv,magnitude,1472,-0.013643529007603437,-0.7757582931896823,0.4378917137468905,-0.7805725770058443,0.018355008926329575,0.00023766952028931297,-0.035299060971228605,False,0.7757582931896823,0.7189529948037479,False
VXX,FAS,lasthr_volratio,1,day_logrv,magnitude,1472,0.12337252541759974,4.817477571896952,1.4538442673084978e-06,6.176684443963195,1.1206477084175326,0.1642899211988325,0.09311563646158572,True,4.817477571896952,5.9316846106186714e-05,True
VXX,FAS,lasthr_cir,1,day_logrv,magnitude,1472,0.08517550055142038,5.054488482340847,4.3154579905833037e-07,4.938365908718064,0.7229604162462211,0.10128050317059106,0.06013136244086328,True,5.054488482340847,1.9563409557310977e-05,True
VXX,FAS,lasthr_ofi,1,day_logrv,magnitude,1472,0.08372426717685652,5.016700275092857,5.256647657146473e-07,4.854810610358784,0.699086506960156,0.10876526252343509,0.05572581905748451,True,5.016700275092857,2.2575918359113273e-05,True
VXX,FAS,lasthr_share,1,day_logrv,magnitude,1472,0.07696966201396171,4.545401771686845,5.483056368859032e-06,4.456214857548944,0.5904746647738546,0.07010668199066519,0.07818512958049859,True,4.545401771686845,0.00017208361526880654,True
VXX,FAS,day_ret,1,day_logrv,magnitude,1484,0.12085616972187274,6.078353015098396,1.2142321102683018e-09,6.898258731040919,1.3748180916501873,0.12107537966174348,0.12185133413538773,True,6.078353015098396,1.1009037799765937e-07,True
VXX,FAS,day_logrv,1,day_logrv,magnitude,1484,0.0987182764920686,4.146211163388349,3.3802211108658575e-05,3.9503128287537717,0.46049413518727267,0.09156103663107017,0.1285639463569476,True,4.146211163388349,0.0007454757909369027,False
VXX,FAS,day_jump,1,day_logrv,magnitude,1484,-0.012767714770886746,-0.7252585159681201,0.4682934503156424,-0.7296330963929393,0.01586982467904896,0.007749471990755428,-0.0423488891430125,False,0.7252585159681201,0.730991067574441,False
VXX,FAS,day_volratio,1,day_logrv,magnitude,1484,0.12853037411147486,4.170659826972571,3.037189529492846e-05,5.791465253637716,0.9780414976888974,0.1601745377482432,0.10541948073073343,True,4.170659826972571,0.0006884296266850451,True
VXX,FAS,day_cir,1,day_logrv,magnitude,1484,0.13593820805229737,7.710875087895451,1.2495792299647861e-14,7.93071567450463,1.799107671786837,0.14309195028498792,0.12739665238489897,True,7.710875087895451,5.098283258256327e-12,True
VXX,FAS,day_ofi,1,day_logrv,magnitude,1484,0.10045327583313698,5.9234433178209835,3.1526942958361965e-09,5.763039186458625,0.9686744271782066,0.10823165216973152,0.09254528912540896,True,5.9234433178209835,2.572598545402336e-07,True
VXX,FAS,day_maxabs,1,day_logrv,magnitude,1484,0.06862547944825798,3.9364574000405352,8.269329147969077e-05,3.170448773477206,0.29772769734552895,0.07406650954479015,0.08965039525996155,True,3.9364574000405352,0.0015335846783506289,False
VXX,FAS,d5_ret,1,day_logrv,magnitude,1484,0.12020127075767942,6.611144220036546,3.813607223702036e-11,6.3518699282402,1.1712078678727922,0.1285354097222091,0.114655861054532,True,6.611144220036546,4.4455764207726595e-09,True
VXX,FAS,d5_logrv,1,day_logrv,magnitude,1484,-0.010127923442114706,-0.45508332336088325,0.6490492951146423,-0.4048582703525977,0.004887393156072228,-0.005751196318835244,-0.0009027900494891113,True,0.45508332336088325,0.8518124456035999,False
VXX,FAS,d5_volratio,1,day_logrv,magnitude,1484,0.07023187369516218,2.767605758075858,0.005646972032476896,2.7049565349892726,0.21711845795941986,0.058548235989497044,0.08324629417539116,True,2.767605758075858,0.04562306117327869,False
VXX,FAS,lasthr_ret,2,day_logrv,magnitude,1471,0.07164041257096875,3.147621353013998,0.0016460476472699417,3.7283133125950694,0.5081092028790479,0.06975050086477906,0.07818113746537085,True,3.147621353013998,0.018392325826477242,False
VXX,FAS,lasthr_logrv,2,day_logrv,magnitude,1471,0.08836161830489582,3.4876616713169604,0.0004872642347338714,3.5730771473137275,0.46703539258283744,0.10043745498071416,0.0717732955646424,True,3.4876616713169604,0.007100135991836412,False
VXX,FAS,lasthr_jump,2,day_logrv,magnitude,1471,-0.036397849281062204,-2.1033451188119003,0.035435612100853706,-1.8838463552177196,0.1306386383553626,-0.03543160003410496,-0.03975976051707629,True,2.1033451188119003,0.17849049058207794,False
VXX,FAS,lasthr_volratio,2,day_logrv,magnitude,1471,0.09355403684298805,3.6243660560671827,0.00028967109411850224,4.203997600191297,0.6443936808497863,0.09039641809097344,0.09553690418296346,True,3.6243660560671827,0.004727432256013957,False
VXX,FAS,lasthr_cir,2,day_logrv,magnitude,1471,0.0564969878776068,2.9101985859733515,0.0036119917375827385,2.944643636152735,0.3180790685391899,0.05534855721323032,0.05672575468021074,True,2.9101985859733515,0.03312175585722334,False
VXX,FAS,lasthr_ofi,2,day_logrv,magnitude,1471,0.05774831005568457,3.1120464567340544,0.0018579525855830813,3.011462997482722,0.3325886889047336,0.05880076716302507,0.05661231226935197,True,3.1120464567340544,0.01895111637294743,False
VXX,FAS,lasthr_share,2,day_logrv,magnitude,1471,0.07237288148443467,3.943767000750176,8.021159389673372e-05,3.7796423808688373,0.522060216649689,0.0700658814062532,0.062108505714699246,True,3.943767000750176,0.0015335846783506289,False
VXX,FAS,day_ret,2,day_logrv,magnitude,1483,0.08835088557868724,4.6621294963653135,3.1295415931216202e-06,4.521461082962447,0.7347534603940109,0.09251595065384464,0.08482867402513869,True,4.6621294963653135,0.00011103069304292356,True
VXX,FAS,day_logrv,2,day_logrv,magnitude,1483,0.02122530734601843,0.7304374146428145,0.465122855484596,0.7644450336173567,0.021284863244841468,0.02904506075724872,0.028960839725189237,True,0.7304374146428145,0.730991067574441,False
VXX,FAS,day_jump,2,day_logrv,magnitude,1483,-0.02529906682956409,-1.2964748512125641,0.19481193886709036,-1.30847203299851,0.062312634661654265,-0.025797622082617638,-0.031427297115001376,True,1.2964748512125641,0.49565742468808655,False
VXX,FAS,day_volratio,2,day_logrv,magnitude,1483,0.10648845368422771,3.5059241774395895,0.00045502482276296155,4.319443948377056,0.6713634303123106,0.10589487159371415,0.10889298233185686,True,3.5059241774395895,0.006875930655084752,False
VXX,FAS,day_cir,2,day_logrv,magnitude,1483,0.08442175376353839,4.340818594867179,1.4195288275755555e-05,4.392287363968986,0.6939039873755659,0.09287066063978928,0.07512609532531027,True,4.340818594867179,0.00037365662041988814,False
VXX,FAS,day_ofi,2,day_logrv,magnitude,1483,0.04848019756293291,2.71730735131683,0.006581545810584621,2.493565613888967,0.22561522049898697,0.058829419730260755,0.03790445715808462,True,2.71730735131683,0.05019197552744908,False
VXX,FAS,day_maxabs,2,day_logrv,magnitude,1483,-0.0012092679131105446,-0.055805508896975234,0.9554967463200562,-0.05037254980786605,9.245643428634764e-05,-0.0015457563773497833,0.024208492585952854,False,0.055805508896975234,0.9794777168038538,False
VXX,FAS,d5_ret,2,day_logrv,magnitude,1483,0.09555591893894363,3.9223199472545356,8.770042702510571e-05,4.538327104024825,0.7401697823752662,0.09791408520184981,0.09970145846961856,True,3.9223199472545356,0.001590301076721917,True
VXX,FAS,d5_logrv,2,day_logrv,magnitude,1483,-0.04891652187081053,-1.522371302219196,0.12791607130623253,-1.7706438353286165,0.11399667286207116,-0.044046168769246136,-0.03979591685645452,True,1.522371302219196,0.3953769476738096,False
VXX,FAS,d5_volratio,2,day_logrv,magnitude,1483,0.03766670441952804,1.1668346305704298,0.2432771588216407,1.3097157957760501,0.062431015615116436,0.013358775728029994,0.06283163826685181,True,1.1668346305704298,0.5488626611708817,False
