session,SPXL~FAS,SPXL~VXX,FAS~VXX
2020-10-16,0.7727412677996242,-0.5010793280616596,-0.3368999996756119
2020-10-19,0.7792856499092947,-0.5182651232484761,-0.35843062054845204
2020-10-20,0.7814976732182533,-0.5142691990131906,-0.35865325587576746
2020-10-21,0.7841320577177163,-0.512320677968574,-0.35526410996197816
2020-10-22,0.7766807761888578,-0.5111858128042976,-0.35765934941099436
2020-10-23,0.7783526086906604,-0.5082832924120794,-0.3460712446180198
2020-10-26,0.793431236399226,-0.5383354726483894,-0.40235578978942843
2020-10-27,0.7846793057234872,-0.5404548826518345,-0.3981837875617499
2020-10-28,0.797886409471692,-0.6177519713269541,-0.4582684395356327
2020-10-29,0.7995118533030591,-0.619540786465734,-0.45825487894282324
2020-10-30,0.7903764082105679,-0.6235403175589012,-0.4505911126615531
2020-11-02,0.798039307203075,-0.6261103446981697,-0.4557419920022258
2020-11-03,0.8050981423436546,-0.6378786538344753,-0.47762858866997443
2020-11-04,0.7604931168669953,-0.6555071001422824,-0.43207540006081446
2020-11-05,0.7747136797110535,-0.6456139030885145,-0.436056524409819
2020-11-06,0.7733817421936401,-0.6311980679039176,-0.4121812706684036
2020-11-09,0.7052136199944009,-0.6328025148987202,-0.376929094618899
2020-11-10,0.7032585046722405,-0.629371049132017,-0.38660598178588224
2020-11-11,0.6998215054508429,-0.6305289643665962,-0.38469114985805397
2020-11-12,0.7028918622652782,-0.6335902569933849,-0.40222760884378145
2020-11-13,0.7078241734669385,-0.6403894518986438,-0.41454188120579405
2020-11-16,0.7132874502247839,-0.64260109878248,-0.4166194631408433
2020-11-17,0.7106708621865591,-0.6415966025975598,-0.41861391292463745
2020-11-18,0.7130502718950325,-0.64685128038049,-0.4242269330177969
2020-11-19,0.7194179834655743,-0.6596154270804615,-0.4234003101491075
2020-11-20,0.7229827606684232,-0.664356790132359,-0.4385084451390746
2020-11-23,0.7223041604856144,-0.66533774532271,-0.4375169831820527
2020-11-24,0.7292461735875231,-0.6660394667324968,-0.4233042175003737
2020-11-25,0.7305158955654819,-0.6711307389959351,-0.4175996286987768
2020-11-27,0.7251887548646715,-0.6913376491964821,-0.4331928552440499
2020-11-30,0.7185704350181432,-0.6374222884353651,-0.3934262945302883
2020-12-01,0.7210660487124344,-0.6771942065259465,-0.40960018876992693
2020-12-02,0.704601656525329,-0.7325681111377313,-0.43122127699447454
2020-12-03,0.702860505739942,-0.7245681708048745,-0.4238308175289688
2020-12-04,0.6975924234976708,-0.7292698569626649,-0.42108816122802173
2020-12-07,0.6977707751226548,-0.7459665123959077,-0.4332167317424756
2020-12-08,0.6925802230932517,-0.7453744973246411,-0.4283931079262719
2020-12-09,0.6947512938452987,-0.7507554251439056,-0.4278745354692812
2020-12-10,0.6982002795762854,-0.7514794390346852,-0.427901479980416
2020-12-11,0.6940512570144718,-0.759579991163993,-0.4441302242058453
2020-12-14,0.6934690483698778,-0.7673329421856405,-0.45001146170227946
2020-12-15,0.6899299077668596,-0.7675595714036887,-0.44602500883375507
2020-12-16,0.7081440970706979,-0.7724848820964892,-0.44058724841130387
2020-12-17,0.6920103179145577,-0.7618581355275474,-0.41634930118654306
2020-12-18,0.6942507517430709,-0.7638324425936093,-0.42183632981751956
2020-12-21,0.687748873375129,-0.7501374625843716,-0.3823117897990201
2020-12-22,0.6788447264600803,-0.7591970522052258,-0.3807073880561599
2020-12-23,0.6706031920997011,-0.7616776727347753,-0.3983807556126344
2020-12-24,0.6682758761940775,-0.7649283580952552,-0.3978907495096862
2020-12-28,0.6676976457714489,-0.7656370304692786,-0.3982814031757923
2020-12-29,0.680861598855681,-0.759555780614102,-0.4093298964253481
2020-12-30,0.6750492770003986,-0.7565387618067846,-0.4032683323734052
2020-12-31,0.6724212573521264,-0.7590003425779622,-0.3965919762275166
2021-01-04,0.6760095632239083,-0.7704190104550626,-0.4107290799531506
2021-01-05,0.6722845036825181,-0.769176009354931,-0.4037079257382888
2021-01-06,0.6628712339301651,-0.765533006961204,-0.3934949056071219
2021-01-07,0.667482558457095,-0.7783250636040743,-0.4007581150691635
2021-01-08,0.6583140358074187,-0.7773689928833747,-0.39640368233232454
2021-01-11,0.6498321591941536,-0.783625484003363,-0.39034625854607197
2021-01-12,0.6502162570693016,-0.7779778073464269,-0.39516606551027617
2021-01-13,0.6487628181106969,-0.7776174178345593,-0.39243889027267465
2021-01-14,0.6352993801137437,-0.7730331187024964,-0.3766819423669065
2021-01-15,0.641970472856528,-0.7762078488123049,-0.38686649448472243
2021-01-19,0.6390897290815739,-0.7822783496540537,-0.389700254994744
2021-01-20,0.6188621666385734,-0.7780129512470769,-0.3822664163539416
2021-01-21,0.6158611212944113,-0.7785532199222129,-0.378894613432818
2021-01-22,0.5964377159460588,-0.7608692670001658,-0.34363215106358835
2021-01-25,0.5900139218974113,-0.7471488708276561,-0.3510451507862045
2021-01-26,0.5669406125459902,-0.6657913740295396,-0.2769531469506497
2021-01-27,0.61778128899887,-0.7290307540274704,-0.39329436222912545
2021-01-28,0.6332489153055509,-0.7267564182424021,-0.39927150866424055
2021-01-29,0.6444775607354744,-0.7387302837135767,-0.4193984136630708
2021-02-01,0.6348762669483212,-0.7392768959842496,-0.4117129923508484
2021-02-02,0.7158951641308566,-0.7289267047684492,-0.48534711068905717
2021-02-03,0.7072736254964141,-0.7342937318972556,-0.4817746507129038
2021-02-04,0.7143079018138716,-0.7568880693736345,-0.5172275729123332
2021-02-05,0.7496411561998235,-0.7584058150147294,-0.5759932504457577
2021-02-08,0.7583186541504549,-0.7639356422859421,-0.5717921336761634
2021-02-09,0.7680879497665838,-0.7631973410600942,-0.5775799368446289
2021-02-10,0.7602340623102981,-0.7549212328376026,-0.5604126995594423
2021-02-11,0.7548341226459582,-0.744554311536212,-0.5463523593340668
2021-02-12,0.7469742109481452,-0.7476613481636145,-0.5492338972542942
2021-02-16,0.7336390223123034,-0.7585105594038937,-0.5401832804832681
2021-02-17,0.7301020799513592,-0.7542693800109023,-0.5332210252617525
2021-02-18,0.7327639539242707,-0.7525889414469341,-0.5335899699710012
2021-02-19,0.7183407337134116,-0.7486554019615926,-0.5420487350616418
2021-02-22,0.698836627483737,-0.7543485721635714,-0.5312550272204396
2021-02-23,0.6768238902497904,-0.7613402327953241,-0.5434626491416269
2021-02-24,0.6854935069064507,-0.7753609476942347,-0.5655155631990083
2021-02-25,0.7049845666565604,-0.8147463953820079,-0.5944376129236189
2021-02-26,0.708106756455684,-0.7990697282687631,-0.5721652859521401
2021-03-01,0.7292016294545828,-0.8170837651354305,-0.6016195202564993
2021-03-02,0.7299801718234715,-0.8137791878691629,-0.6033085010295959
2021-03-03,0.7069945409321537,-0.8153337867375524,-0.5943637571112258
2021-03-04,0.7109790083069502,-0.8184331331910114,-0.6003386924992402
2021-03-05,0.7197420808079298,-0.8256134597330489,-0.6136479873801571
2021-03-08,0.7061401638210641,-0.8268097707609556,-0.6080563763663052
2021-03-09,0.6746104113585144,-0.8257715408163991,-0.5909522675557403
2021-03-10,0.6763143319233418,-0.8250684410562329,-0.5881571320697722
2021-03-11,0.6664915353089284,-0.8266782664997846,-0.5783201493391816
2021-03-12,0.6624783821158928,-0.8252808997448794,-0.5761193147726527
2021-03-15,0.6479474263205458,-0.8221030319395394,-0.5527671923131091
2021-03-16,0.6462969918646342,-0.824078939641083,-0.5528113329114384
2021-03-17,0.6477837372355844,-0.8224034549845182,-0.5529546127442448
2021-03-18,0.6272781922691689,-0.8259597364985541,-0.542091486558753
2021-03-19,0.6332097011571063,-0.8280466503564833,-0.554587894554064
2021-03-22,0.6092681461265634,-0.83143060072959,-0.525577345965202
2021-03-23,0.6220033901527299,-0.8375856585530399,-0.5313406362275769
2021-03-24,0.6208641017150587,-0.8370825190280206,-0.5325977750726357
2021-03-25,0.6237538057170907,-0.8421511893404251,-0.5357177705840924
2021-03-26,0.6318477524135967,-0.8426257259592732,-0.5389911161804758
2021-03-29,0.6297157543875621,-0.8436383368523215,-0.5432997295433918
2021-03-30,0.6240842842527399,-0.8363987287428847,-0.5490939041858482
2021-03-31,0.6045297428424335,-0.8289061936524308,-0.5304748425959099
2021-04-01,0.6088886898536991,-0.8279297979235731,-0.5328707712469243
2021-04-05,0.6303167021530994,-0.8253551111061228,-0.57649403363064
2021-04-06,0.6221498302943959,-0.8213909199972682,-0.568406734703115
2021-04-07,0.6268865843935056,-0.8215093182221962,-0.5694427794509149
2021-04-08,0.6316793781972107,-0.820528023414507,-0.5842460939568915
2021-04-09,0.6372629181695886,-0.8201450256326929,-0.5794913582922242
2021-04-12,0.637581688034031,-0.8198057667947029,-0.5811123545252387
2021-04-13,0.6340312469631803,-0.8190467486339279,-0.5797553527195438
2021-04-14,0.6214732215485197,-0.8182009465504656,-0.5684011504209464
2021-04-15,0.6142576308505232,-0.8183118184439062,-0.5648016664345858
2021-04-16,0.6354931742132391,-0.8249269345865149,-0.5684613019300341
2021-04-19,0.6420613332560327,-0.8262967301604867,-0.5752509137374696
2021-04-20,0.6456461471493617,-0.8266271094052653,-0.5745978106167517
2021-04-21,0.6568810149798303,-0.8422855763470486,-0.5765323779058805
2021-04-22,0.6635543015658623,-0.8473456277099574,-0.5921882631296325
2021-04-23,0.6209887272627892,-0.8346184004814379,-0.5079213056609599
2021-04-26,0.6175512396283115,-0.8349493584579001,-0.5096429291152829
2021-04-27,0.5792332187299389,-0.8225514688414489,-0.47716295756988536
2021-04-28,0.5732166632898641,-0.8186122197735313,-0.4696484327678282
2021-04-29,0.5572436694756311,-0.8085725897642156,-0.42877262998881094
2021-04-30,0.5651087689581351,-0.8220593590207355,-0.4442799267887317
2021-05-03,0.5520391801729236,-0.816449348386048,-0.43174886737262813
2021-05-04,0.5427483278039252,-0.820531185362654,-0.41696878740556875
2021-05-05,0.5355595562013263,-0.8225465330345848,-0.4222141202658278
2021-05-06,0.5418351795272055,-0.8166127717733156,-0.41822353037209686
2021-05-07,0.5414102287439272,-0.817992048093104,-0.41467710534789665
2021-05-10,0.5440088020227097,-0.8238864412550924,-0.421513914418285
2021-05-11,0.5557999902665498,-0.825028871912124,-0.45162141025711505
2021-05-12,0.5892299371155348,-0.8406081378394004,-0.49521004690719583
2021-05-13,0.6006232325573987,-0.8426401562478119,-0.5181034755242472
2021-05-14,0.6086378643771191,-0.8466789665142728,-0.531972295468973
2021-05-17,0.6173618068419277,-0.8523930540495298,-0.5271588435858341
2021-05-18,0.6393360569180901,-0.8486561570968054,-0.5411179651850013
2021-05-19,0.6406682891435335,-0.849795570125007,-0.5455609562496936
2021-05-20,0.6256577652089418,-0.8515879021394027,-0.5350914872088032
2021-05-21,0.5922473327055219,-0.826468353070101,-0.4937729810407079
2021-05-24,0.5870406484772859,-0.8481652588969463,-0.539970801755757
2021-05-25,0.5380447822181154,-0.8471981727071727,-0.5131861048874056
2021-05-26,0.5354662544158435,-0.8449156462053502,-0.5102498550753315
2021-05-27,0.5566318995282763,-0.8351384023730895,-0.5308450916055165
2021-05-28,0.5378276204414877,-0.8298033435440999,-0.5181825048235974
2021-06-01,0.5104316018931325,-0.8239266601742367,-0.49308800085455945
2021-06-02,0.537215797054687,-0.8221482823128764,-0.5110239084227459
2021-06-03,0.5773347089679972,-0.8260671308334628,-0.5260412976634998
2021-06-04,0.5682539644631757,-0.831413433262641,-0.5310637457135594
2021-06-07,0.5829685313181174,-0.8331926880880013,-0.5281009009478405
2021-06-08,0.5867168824942094,-0.8328798142996914,-0.5298010738120199
2021-06-09,0.5953223860843803,-0.8329910654365104,-0.5497636794221767
2021-06-10,0.5772402832393875,-0.8318068416661412,-0.5157666943194519
2021-06-11,0.5763723055384722,-0.8322507536102529,-0.5142907558834995
2021-06-14,0.6053527048922274,-0.8256575607298067,-0.5334717947162654
2021-06-15,0.6025182950356749,-0.8362797157007172,-0.5548107441883294
2021-06-16,0.6408142939710073,-0.8323929194982369,-0.6097201065263145
2021-06-17,0.5834657883269148,-0.8275684409196764,-0.545492602962709
2021-06-18,0.6254033600541824,-0.841116130061961,-0.5859719853150881
2021-06-21,0.6453726229063206,-0.8448867809960994,-0.5997348287302252
2021-06-22,0.6272579631905771,-0.8512989877128126,-0.5886401840735568
2021-06-23,0.6274160683455108,-0.8501641100346731,-0.5845035994779528
2021-06-24,0.6411536294828555,-0.8627157359982957,-0.5792661485683139
2021-06-25,0.6506859301297125,-0.8637136329423225,-0.5811048376289649
2021-06-28,0.6360513403821575,-0.8659593059395513,-0.5760201731339553
2021-06-29,0.6376921993074817,-0.8780740616560372,-0.5752744720840645
2021-06-30,0.6373227490315081,-0.8780194495802723,-0.5751365416748792
2021-07-01,0.6405209976243437,-0.8780236462453588,-0.5744534348430361
2021-07-02,0.6339862833628043,-0.8711050579861074,-0.5748918415092676
2021-07-06,0.62775735267665,-0.8785259460267608,-0.5807596022815575
2021-07-07,0.6289245068043304,-0.8765828919523526,-0.5800668325916669
2021-07-08,0.6509961636857645,-0.8805153343960479,-0.6041553369826391
2021-07-09,0.6739711609577379,-0.8837237903675013,-0.6300948008181764
2021-07-12,0.6879305613848263,-0.8853527727202315,-0.6301455651884079
2021-07-13,0.689174924911884,-0.8853833762402339,-0.6295734554697668
2021-07-14,0.6887795351602566,-0.8831282685878489,-0.6255673730445775
2021-07-15,0.6736791600532273,-0.8851634370713045,-0.6218430232998646
2021-07-16,0.6740525643372328,-0.8847811405057637,-0.6214397666645322
2021-07-19,0.6969720999546436,-0.8908152592136626,-0.6557680325311155
2021-07-20,0.7045960704280084,-0.8984617324451446,-0.6723856092283743
2021-07-21,0.7107891305772542,-0.9005626921033183,-0.6811655768363751
2021-07-22,0.709491351277184,-0.8990663937087947,-0.6821455676285962
2021-07-23,0.7038099889106418,-0.8875779563524397,-0.6821097937193206
2021-07-26,0.7012521798659722,-0.8910525291192419,-0.6914880759814087
2021-07-27,0.6943626637532648,-0.8905154649976619,-0.6848273294392615
2021-07-28,0.6943330812307954,-0.8886202551039163,-0.6818960512092885
2021-07-29,0.7135124713707004,-0.8870068784352053,-0.6955192439075505
2021-07-30,0.7196917409033746,-0.8895611744289083,-0.6961050896773838
2021-08-02,0.7137172754624997,-0.8956316289499024,-0.6994057055157691
2021-08-03,0.7172547033376323,-0.895902887504989,-0.7035784282118118
2021-08-04,0.7290643654244776,-0.8914893379641001,-0.7055407083602585
2021-08-05,0.7232290116206662,-0.88722218624921,-0.6946697389903944
2021-08-06,0.7229207616623167,-0.8593541486131235,-0.7028640208836595
2021-08-09,0.7088902872159492,-0.8515483957926637,-0.6885187334320563
2021-08-10,0.6965224072303368,-0.8361780887781379,-0.6832901369731009
2021-08-11,0.6977398426623135,-0.8353864032670059,-0.6920662100536121
2021-08-12,0.6884602675135583,-0.8426935188865956,-0.6906928909105652
2021-08-13,0.6835819707531379,-0.8426969876253768,-0.6910981920702585
2021-08-16,0.6960453956951546,-0.8356774568496641,-0.7002140794908273
2021-08-17,0.7054154876611308,-0.8403613854458465,-0.7043628685676786
2021-08-18,0.7142329253514875,-0.8476241039775833,-0.7100439834481256
2021-08-19,0.7086550636219612,-0.8399180594043859,-0.7154164511705503
2021-08-20,0.7104430951484455,-0.8490694907911039,-0.7148883832812349
2021-08-23,0.7203426115388435,-0.86080179354733,-0.7114954248005889
2021-08-24,0.7192557124030637,-0.8640444634431993,-0.7116466224518608
2021-08-25,0.7208740845433693,-0.8640675121817577,-0.7222493984629119
2021-08-26,0.7203616901634781,-0.8685220768523718,-0.7229599061432911
2021-08-27,0.7336684312045278,-0.8713564717740078,-0.7331690584348703
2021-08-30,0.7229864897924938,-0.866697402358033,-0.7309769901677506
2021-08-31,0.7217277551609009,-0.8692035643645999,-0.7367747517200052
2021-09-01,0.7213203854671529,-0.866168073488959,-0.730523916145001
2021-09-02,0.720590456785394,-0.8645494899440529,-0.7282224122627788
2021-09-03,0.7378738802830571,-0.8671192800523359,-0.7681463973348075
2021-09-07,0.7401579841099815,-0.8705175535242786,-0.7691415314953599
2021-09-08,0.7489511181791083,-0.8723483096211765,-0.7696549011054695
2021-09-09,0.7435971986994957,-0.8726584201993808,-0.7697008496781244
2021-09-10,0.7490126385164718,-0.8782582936624204,-0.7714182333044117
2021-09-13,0.7840962225681586,-0.876327610668768,-0.8249131416512115
2021-09-14,0.7663169188024143,-0.8625879408548683,-0.8047856969370012
2021-09-15,0.7509706201504791,-0.858971616115761,-0.7974560375053256
2021-09-16,0.7552014690606756,-0.856213482408233,-0.8078444710978607
2021-09-17,0.7496500248200517,-0.8686358425607076,-0.8007786310169354
2021-09-20,0.7706675634166408,-0.8853086005775073,-0.8199088309280593
2021-09-21,0.7718877540099142,-0.8748083600291389,-0.8141042529015095
2021-09-22,0.7875080159714489,-0.8795477410588595,-0.8243432784130925
2021-09-23,0.8001695852924439,-0.8865391924987969,-0.831711367669928
2021-09-24,0.8003168215260379,-0.8848008251111742,-0.8313451598508845
2021-09-27,0.7805653241343613,-0.8857416180491384,-0.8187489289487144
2021-09-28,0.7908467329791944,-0.9027164666449836,-0.8244518798930526
2021-09-29,0.7984595448195667,-0.8998570085309308,-0.8257531663251264
2021-09-30,0.8069779165862841,-0.8797878067075563,-0.8127884509169653
2021-10-01,0.8086039819643007,-0.8745802028489373,-0.8065193463750274
2021-10-04,0.7995951196460495,-0.8628228460068386,-0.7993045990257256
2021-10-05,0.8057343028967502,-0.8634819517867226,-0.8022913495594224
2021-10-06,0.8059378539199893,-0.8633089825980889,-0.8056011176041155
2021-10-07,0.809653918520298,-0.8653949849561675,-0.8153346900706478
2021-10-08,0.8104242638752859,-0.8615559638472148,-0.8194704316440165
2021-10-11,0.809307362654288,-0.85687215068816,-0.8144672632621477
2021-10-12,0.7929956976549014,-0.8470047759632621,-0.7800276662674508
2021-10-13,0.7709732648100526,-0.8362021227399482,-0.7556498958288558
2021-10-14,0.7762541103975643,-0.8366299687950767,-0.7542289411426183
2021-10-15,0.7942825526122486,-0.833939356601705,-0.7414963442200441
2021-10-18,0.8031285126733126,-0.8467835039354498,-0.7394134120991923
2021-10-19,0.805320573112433,-0.8407069559355488,-0.7361707555593918
2021-10-20,0.8075546358729947,-0.8390036037838237,-0.7384946480529235
2021-10-21,0.8046570293612655,-0.8424513729584056,-0.7358760963566395
2021-10-22,0.7933940508001122,-0.8410289472458126,-0.7157277840824023
2021-10-25,0.7863816320893979,-0.8403823831025714,-0.7078880751812308
2021-10-26,0.7859828697190805,-0.8402237780342194,-0.7093028675082386
2021-10-27,0.7780852508648282,-0.8385366234196424,-0.7039968742013901
2021-10-28,0.7814712377542615,-0.8423465599039136,-0.709805069945584
2021-10-29,0.7744235473558546,-0.8390114476883377,-0.7092545616698032
2021-11-01,0.7903706843411376,-0.8400850963257132,-0.7124166566090491
2021-11-02,0.791332935204442,-0.8417811732145583,-0.711800837685184
2021-11-03,0.7954663123675492,-0.8437871810344161,-0.7128360952944521
2021-11-04,0.7712598379183638,-0.8355081936904238,-0.7102074565550048
2021-11-05,0.7703809578720209,-0.8182378807861866,-0.7046855295429244
2021-11-08,0.7751192673244878,-0.8188710375402698,-0.7049883004325003
2021-11-09,0.7780949646108224,-0.8213538791046929,-0.7064692073060742
2021-11-10,0.7729379056092063,-0.8172702142512109,-0.7030982974255204
2021-11-11,0.7649894922763619,-0.805914881873069,-0.6936130607620851
2021-11-12,0.7679242593165017,-0.8186888537329657,-0.6845224809474677
2021-11-15,0.7661486271248842,-0.8215493393357813,-0.6896626216727402
2021-11-16,0.7606490249365141,-0.8153144214182163,-0.6870691936401253
2021-11-17,0.7609312315419802,-0.8161649695502368,-0.691379724615043
2021-11-18,0.7591872051995849,-0.8119313172200856,-0.6909660633962904
2021-11-19,0.7555194875505488,-0.8093719766002785,-0.6906048094140526
2021-11-22,0.7234336037654767,-0.8055097931400442,-0.6514728567071147
2021-11-23,0.7410403879733922,-0.8045164424627744,-0.6690305996841301
2021-11-24,0.738487876940434,-0.8053637457312351,-0.6661114348450686
2021-11-26,0.7835926533650225,-0.8175769746951891,-0.7313448689609122
2021-11-29,0.7740378529426956,-0.8139782769821324,-0.6831253317509783
2021-11-30,0.7957477689711906,-0.8343217669890572,-0.7143457311229653
2021-12-01,0.7987935352155633,-0.8391456767951377,-0.7194083871372905
2021-12-02,0.8103090961497772,-0.8422775180653209,-0.7239880518897011
2021-12-03,0.8183338670031854,-0.8445383062559115,-0.7372075023273186
2021-12-06,0.8208744432719957,-0.8485255646919609,-0.7410794144771687
2021-12-07,0.8276815887960874,-0.8605736731280368,-0.7485997215908052
2021-12-08,0.823850350332214,-0.8568924527628011,-0.7366882892143318
2021-12-09,0.8211172554512575,-0.8561831617643811,-0.7352404775039745
2021-12-10,0.8152416722156413,-0.8597276775560403,-0.7296886956320514
2021-12-13,0.8207359460678678,-0.8574158567764141,-0.7331655828904787
2021-12-14,0.7944735898240883,-0.8461772491735373,-0.7104486915614237
2021-12-15,0.7849150591874999,-0.8547258882367963,-0.7123911935629842
2021-12-16,0.755204471702042,-0.8542113798356816,-0.6899476345627161
2021-12-17,0.7559775938647825,-0.8499758974571793,-0.6796568618720967
2021-12-20,0.7636255906218852,-0.8504683369748727,-0.6784985365487749
2021-12-21,0.7895405611152507,-0.8480116429592844,-0.6923740624833402
2021-12-22,0.7841240813917826,-0.8409863565512865,-0.6809625285429218
2021-12-23,0.7852581687640271,-0.8410749167528971,-0.6822248986849814
2021-12-27,0.7795547485056717,-0.8494272508581264,-0.6913383216442475
2021-12-28,0.7744143878716255,-0.847023094387626,-0.6889781657077381
2021-12-29,0.7757957496445246,-0.8516512968643177,-0.6849740180387075
2021-12-30,0.7721946189184984,-0.8509118370601814,-0.6867089994318409
2021-12-31,0.7717240569626251,-0.8484695095394506,-0.6862525222709915
2022-01-03,0.7709858987835309,-0.8484436746057699,-0.6861696817843657
2022-01-04,0.7419649981466319,-0.8515100685679342,-0.6594738420243516
2022-01-05,0.7425421509965765,-0.8559340845351248,-0.6695085988287689
2022-01-06,0.7271515058199545,-0.8598489956019386,-0.6591799787679082
2022-01-07,0.7162488293155521,-0.8509934315884423,-0.6634732808197478
2022-01-10,0.7061315820684746,-0.8495579252879433,-0.6543040108657099
2022-01-11,0.7058385251785657,-0.8549419098562375,-0.6641214770094341
2022-01-12,0.7061752930386429,-0.8546966833686902,-0.6647503198577798
2022-01-13,0.6976917880125822,-0.8605639861320675,-0.6670867709180528
2022-01-14,0.6936140306012561,-0.860404375821787,-0.6615092356344926
2022-01-18,0.7138368489426324,-0.8641406352785225,-0.6775074919121148
2022-01-19,0.7290842239280658,-0.8621752377262837,-0.6886065458193581
2022-01-20,0.7303266501498389,-0.8621303488040263,-0.6911538898233818
2022-01-21,0.7443440544560004,-0.8688988893539207,-0.7056630006570812
2022-01-24,0.7477067229817496,-0.8620744000111936,-0.7063260971103259
2022-01-25,0.7280009573478621,-0.8525675565069223,-0.7046989859313767
2022-01-26,0.7292100347440936,-0.8538789842722291,-0.7023100073730143
2022-01-27,0.729747976925709,-0.853179122885217,-0.7010215066298306
2022-01-28,0.7327406722807271,-0.8477901305816677,-0.7073318198782516
2022-01-31,0.73511920259511,-0.8501433416802191,-0.71126516554304
2022-02-01,0.7538058084124689,-0.8542969198587889,-0.7208176378650812
2022-02-02,0.7554415104928947,-0.8604934326026804,-0.7243058742905737
2022-02-03,0.7550462668810807,-0.8696267483961584,-0.7283349875433021
2022-02-04,0.753576165123611,-0.8700432990887406,-0.728926562277585
2022-02-07,0.7520028193761797,-0.8673543608182713,-0.7288410212714274
2022-02-08,0.7550918004724397,-0.8689290933368262,-0.7316166218449822
2022-02-09,0.7545673779549268,-0.8660364710564844,-0.733614440192049
2022-02-10,0.7537095984216792,-0.8712313761116772,-0.733997357889785
2022-02-11,0.7637738160260548,-0.8794430248445548,-0.7429466640294611
2022-02-14,0.7637288931416659,-0.8792545779614974,-0.7395716132331076
2022-02-15,0.7729996338432533,-0.8849826264912026,-0.7456627066585035
2022-02-16,0.7763739015417431,-0.8837514196648976,-0.7460443949068357
2022-02-17,0.7986159224802294,-0.889396194240793,-0.7711765329825441
2022-02-18,0.8019326466780718,-0.889475970388869,-0.7726269046171425
2022-02-22,0.8029563570460577,-0.8835699046060306,-0.7721632468067199
2022-02-23,0.7975029764981401,-0.89636329881549,-0.7476883169994817
2022-02-24,0.7670872188305865,-0.9031744815522446,-0.7641023484000925
2022-02-25,0.7717174641856295,-0.8965734529974183,-0.7351336993700234
2022-02-28,0.7635330258689438,-0.8916572083032539,-0.735160381849205
2022-03-01,0.754741314922153,-0.8898688658148466,-0.7498831231394603
2022-03-02,0.7643440471016751,-0.8963564640494449,-0.748328961135735
2022-03-03,0.7607342468039869,-0.8951978369414781,-0.7439123149747767
2022-03-04,0.7514220403621243,-0.8901394978989227,-0.7381723286623602
2022-03-07,0.7793472047037319,-0.8959226224940375,-0.7604287245483581
2022-03-08,0.7795142490589717,-0.8908344288293792,-0.7587694805214034
2022-03-09,0.8003914915809162,-0.8804843308766227,-0.7596444850983651
2022-03-10,0.7992405906987741,-0.8696639390282283,-0.7443504766937196
2022-03-11,0.8036371134881993,-0.8682493208238685,-0.7477930792683649
2022-03-14,0.8001008936848079,-0.8503333021225902,-0.7089452704973996
2022-03-15,0.8126612287256605,-0.8210162341703154,-0.7134313129016425
2022-03-16,0.8225507743338234,-0.8289079708417426,-0.7344328188541182
2022-03-17,0.8232396939585573,-0.8179017528694329,-0.7285776523960781
2022-03-18,0.8164090456529018,-0.8176614654891577,-0.7202166214604904
2022-03-21,0.8162933798885804,-0.8113770063665106,-0.7185670394827304
2022-03-22,0.8185321627784905,-0.8098194654953381,-0.7165775590224798
2022-03-23,0.8203736416431744,-0.8034737390826401,-0.7041850170988463
2022-03-24,0.8189645901158407,-0.8007975274308005,-0.706195152305301
2022-03-25,0.8196006148223797,-0.8002782465282503,-0.7051683474713831
2022-03-28,0.8153544277849306,-0.7955060266796479,-0.705724698655839
2022-03-29,0.8141787726817618,-0.7976002311959398,-0.7074246281109633
2022-03-30,0.8139495524247822,-0.7966567139994651,-0.7047437889825019
2022-03-31,0.8337468470388164,-0.7915562796458407,-0.708149264340369
2022-04-01,0.8321871811039819,-0.7848771400170782,-0.7012102076332133
2022-04-04,0.8353908416863856,-0.7867662763556647,-0.7019908684700041
2022-04-05,0.8430893681571501,-0.7943054179961808,-0.700910020064475
2022-04-06,0.8435309256365154,-0.7836127631727728,-0.6953401281689691
2022-04-07,0.8405528231908393,-0.7819687856119395,-0.6917217963217546
2022-04-08,0.8360698773479651,-0.7814425521098208,-0.6840722189403761
2022-04-11,0.832195008486797,-0.7809154594505217,-0.6845659787062985
2022-04-12,0.8338073112222496,-0.7791015283861942,-0.6834658404138559
2022-04-13,0.826471365570167,-0.7760878007966387,-0.672235818715106
2022-04-14,0.8264556486592554,-0.7737661088261172,-0.6723902109151857
2022-04-18,0.8262899557656894,-0.7711253233147356,-0.6695631995681213
2022-04-19,0.823516718875159,-0.7608573768512491,-0.6584093755301256
2022-04-20,0.8207719582934705,-0.7643509527475401,-0.6612032969065542
2022-04-21,0.8333001996188545,-0.7660874046686823,-0.6601465622998176
2022-04-22,0.8455763548365922,-0.7638735539443365,-0.664914238464475
2022-04-25,0.8450349569824204,-0.7637690166824153,-0.6626938293564064
2022-04-26,0.8526760024401692,-0.75858501882874,-0.6642656486595669
2022-04-27,0.8517473914040395,-0.74467000024757,-0.6559545728769388
2022-04-28,0.8506844178471252,-0.748681518083515,-0.6535782871095491
2022-04-29,0.8621692453456502,-0.7452539260255551,-0.6588931187151149
2022-05-02,0.8660793673715401,-0.7336229952174894,-0.6647180810611585
2022-05-03,0.8669322760802395,-0.7340424620410674,-0.6617108043141195
2022-05-04,0.8764766512323793,-0.7507270836737826,-0.677346672675934
2022-05-05,0.8799119797391155,-0.763249850085156,-0.6872857088522675
2022-05-06,0.880676678433241,-0.757354794405025,-0.6822311138416305
2022-05-09,0.8868327294855299,-0.7480117382054716,-0.6922574529798767
2022-05-10,0.8841747749839217,-0.744640840673401,-0.6890831053895802
2022-05-11,0.8850705784107107,-0.7412260892817643,-0.6897970715432112
2022-05-12,0.8828453261755024,-0.7352344224348909,-0.6830815113487301
2022-05-13,0.8848769954574288,-0.7409262588281605,-0.6891522929420419
2022-05-16,0.8814909594165559,-0.7229826236308778,-0.6610854648028196
2022-05-17,0.8858161014096628,-0.7093537412800947,-0.6433485096373192
2022-05-18,0.8868984069642694,-0.717998254056812,-0.6542278256106485
2022-05-19,0.8855307395807432,-0.7053799815301457,-0.6431779012356943
2022-05-20,0.901920080056691,-0.7024219851480947,-0.6524027705996133
2022-05-23,0.901415784638152,-0.7016071695439311,-0.6518463866186877
2022-05-24,0.9038385107146231,-0.706306557610883,-0.6485423619212094
2022-05-25,0.9133911243269224,-0.7135170049666476,-0.62194232610506
2022-05-26,0.9149435959120595,-0.6995673318636256,-0.5970194574068767
2022-05-27,0.9162371196736536,-0.7022864485336691,-0.6021318331233099
2022-05-31,0.9196224650483169,-0.7025649685881366,-0.5942612496971347
2022-06-01,0.915604560075014,-0.6782304675092561,-0.54444945601418
2022-06-02,0.9171121731384143,-0.6775401035482962,-0.5446389483676003
2022-06-03,0.9165489792419323,-0.6699903891559243,-0.5363220301527406
2022-06-06,0.9168088680658226,-0.6800813082831684,-0.5493377014497253
2022-06-07,0.9178195014764219,-0.6767664432571001,-0.5475079498028403
2022-06-08,0.9249917787302671,-0.703304678252915,-0.6126048952458628
2022-06-09,0.927277211249368,-0.7391127914151613,-0.6441630968077768
2022-06-10,0.9289677760211662,-0.7295378749754261,-0.5886523706043643
2022-06-13,0.9319839338043928,-0.7651759926600978,-0.6294758814981634
2022-06-14,0.9319751076807513,-0.7625110189026847,-0.6276710788740317
2022-06-15,0.9328927527114577,-0.778588692832163,-0.6446699244084356
2022-06-16,0.935090605284051,-0.7887149715293877,-0.6595289678865035
2022-06-17,0.9356053849981547,-0.7905177177435058,-0.6654920580404337
2022-06-21,0.9380776832111889,-0.7864588226726651,-0.6623326644861351
2022-06-22,0.9394546942180086,-0.7841789311098497,-0.6652958383174192
2022-06-23,0.9387714193229747,-0.7911955764082871,-0.6676650164124367
2022-06-24,0.9409897561714824,-0.7755980271045706,-0.6451880079723792
2022-06-27,0.9410683313775791,-0.7728271268014356,-0.6418104970798852
2022-06-28,0.9394066033461099,-0.7707422093677503,-0.6420697000173793
2022-06-29,0.9385325607377877,-0.7707800001782196,-0.6440651965284927
2022-06-30,0.9421036929373927,-0.7689590647320106,-0.6505117622640452
2022-07-01,0.9427054054483203,-0.7695684926939447,-0.6528803161364729
2022-07-05,0.9422638714121078,-0.7764337770773277,-0.6593000512147621
2022-07-06,0.9422471119195733,-0.7766289188978311,-0.6577378162740947
2022-07-07,0.9461459080978063,-0.7725720256804854,-0.6632766565259889
2022-07-08,0.9505013363100835,-0.7707900917482947,-0.673788578717785
2022-07-11,0.9517526094685028,-0.7726217976763567,-0.6787945697415662
2022-07-12,0.953299281061597,-0.7705991317810628,-0.6820836242966786
2022-07-13,0.9522653268321583,-0.7691355944843524,-0.6785854586049458
2022-07-14,0.9447904857995324,-0.7717701983692206,-0.6787291083504248
2022-07-15,0.9402925842853467,-0.7745369131872891,-0.6802512893342715
2022-07-18,0.9417931436877363,-0.7748806727992426,-0.6783897461821445
2022-07-19,0.943413813158351,-0.7611034228003001,-0.6608773600368006
2022-07-20,0.941577162827798,-0.7535949958390378,-0.6488152685227586
2022-07-21,0.941817155721464,-0.7566698002135,-0.6549161978888075
2022-07-22,0.9395674884677809,-0.7454067983112799,-0.6403026419181187
2022-07-25,0.9391283649935184,-0.7596742425797111,-0.6499690922583897
2022-07-26,0.9412456391088608,-0.7544695903433049,-0.6480988610369184
2022-07-27,0.9360670554424477,-0.730685335548357,-0.6234137148020754
2022-07-28,0.936458172782152,-0.7318075923556961,-0.6248011178593829
2022-07-29,0.9393822508617803,-0.7235503249488561,-0.6151157280316089
2022-08-01,0.9356334497590468,-0.6990724457198194,-0.5896479858012911
2022-08-02,0.9329049385151656,-0.667681055187578,-0.559993128125832
2022-08-03,0.9338299229954874,-0.6591706566444673,-0.553483088056609
2022-08-04,0.9313046636090501,-0.6389255159877775,-0.5304394711654111
2022-08-05,0.9302398805465097,-0.6455230486904974,-0.5430208080926456
2022-08-08,0.9301554475988211,-0.6399026864721657,-0.537620411127175
2022-08-09,0.9268093060763299,-0.6399390322264528,-0.5392027696658215
2022-08-10,0.9286235333140825,-0.6341846529399598,-0.5367602973193069
2022-08-11,0.9256360254799112,-0.6639089551915179,-0.5648300884649852
2022-08-12,0.9256334229999035,-0.660914347813749,-0.570213699016072
2022-08-15,0.9260019093804782,-0.6230622021243779,-0.5358542191690737
2022-08-16,0.9248567992336053,-0.6412692268296402,-0.5526642834196802
2022-08-17,0.9249465236702512,-0.6394134682401221,-0.5522972478116749
2022-08-18,0.9249206713634344,-0.6291746010860244,-0.5337482367204831
2022-08-19,0.926221747670975,-0.6309716445212994,-0.5334786846346039
2022-08-22,0.9285021037067892,-0.611534304601837,-0.5143514510924465
2022-08-23,0.9268141656743556,-0.5916792135644862,-0.49723043033257047
2022-08-24,0.9259563740882903,-0.5778731157144602,-0.48633461930080923
2022-08-25,0.9272253380350155,-0.5756072908769395,-0.48493136951532817
2022-08-26,0.9333759736733196,-0.5958716854670932,-0.5195307142848046
2022-08-29,0.9323998488181938,-0.5856642915137367,-0.507629878129484
2022-08-30,0.9296385686614563,-0.580597756947352,-0.5062290501079586
2022-08-31,0.9298449942108461,-0.5745767891913338,-0.4998919660660873
2022-09-01,0.9296560230520615,-0.5714935519845659,-0.4954672094551329
2022-09-02,0.930377539641577,-0.562850508226353,-0.48953900349541124
2022-09-06,0.9270935141417275,-0.535658027372235,-0.4556138486241995
2022-09-07,0.9240445654493064,-0.5640263372156598,-0.49229200233092896
2022-09-08,0.9130734995268236,-0.4583580243053177,-0.4080755623556096
2022-09-09,0.9121867016134084,-0.4455532430521685,-0.41138173156420604
2022-09-12,0.9121264956860762,-0.43606526890559766,-0.40921281036150364
2022-09-13,0.9190062416883462,-0.4481278479345475,-0.4282929797242009
2022-09-14,0.9176337574603922,-0.4497062494415472,-0.43133217892717235
2022-09-15,0.9065740607369658,-0.4465297172056183,-0.4232283392225453
2022-09-16,0.906994494722731,-0.46718776849112964,-0.4528139606457356
2022-09-19,0.9130855850508441,-0.42320923572636965,-0.42665098804384455
2022-09-20,0.9058667173521131,-0.437296859679581,-0.44974032736316444
2022-09-21,0.9085384256929826,-0.46029043503936595,-0.47618613735500953
2022-09-22,0.9105707417479691,-0.4541272733265965,-0.4683204591405912
2022-09-23,0.9139800183484054,-0.4769557658361261,-0.4818362718817374
2022-09-26,0.9130335608104762,-0.4837880392643361,-0.49646346635700866
2022-09-27,0.9119855514433046,-0.4796014707262278,-0.4924990550613967
2022-09-28,0.9151928921679806,-0.502205778761169,-0.510040138940379
2022-09-29,0.915277297984908,-0.5163879167909607,-0.5227630506246117
2022-09-30,0.9130690021633393,-0.5325425444482473,-0.5352259581581295
2022-10-03,0.9184912024604959,-0.5584372839087206,-0.5619874537542523
2022-10-04,0.9242106702974822,-0.5746937911786163,-0.5794025216521032
2022-10-05,0.9228881873005863,-0.5734286947073992,-0.579476998152147
2022-10-06,0.9241987879219498,-0.5798054809429342,-0.5911044136495387
2022-10-07,0.9371479616008812,-0.6000727326443116,-0.6151767195172395
2022-10-10,0.9397963263682759,-0.5898656393584015,-0.5994367623458946
2022-10-11,0.9385708651523005,-0.5891202926823581,-0.6023379093304719
2022-10-12,0.934867383112637,-0.5983355623718907,-0.6158474918102939
2022-10-13,0.9344754590723052,-0.6064845899172667,-0.6197504636154875
2022-10-14,0.934704844645997,-0.6113813505804337,-0.6237752598320384
2022-10-17,0.9370209397899654,-0.6190827183724091,-0.6311398132742204
2022-10-18,0.9378699108573798,-0.6230126405169839,-0.6349588540381286
2022-10-19,0.9344531683970179,-0.6202238826459826,-0.6303059360060891
2022-10-20,0.9349584869813398,-0.6151553309400085,-0.6137171329140207
2022-10-21,0.937914786082074,-0.6000150135812077,-0.5965707919484842
2022-10-24,0.9379842062375325,-0.6111488217051524,-0.6056298824909084
2022-10-25,0.9388218573819187,-0.6296773581501002,-0.6109446408978725
2022-10-26,0.9368190328602845,-0.6211096854617699,-0.6124731854574726
2022-10-27,0.9306811194139493,-0.6282439689942025,-0.6242897721926193
2022-10-28,0.933384724944842,-0.6341881497634663,-0.6332123115836354
2022-10-31,0.9355754435187073,-0.6300625178022757,-0.6322343221378572
2022-11-01,0.9342096135960509,-0.6362333411516782,-0.6379497205691563
2022-11-02,0.9328430093182379,-0.6464898418870806,-0.6427612673210054
2022-11-03,0.9310025875913476,-0.6311519610802192,-0.6260553149363355
2022-11-04,0.9344564155179489,-0.6333644863588863,-0.6351154172229021
2022-11-07,0.9337873251942904,-0.656719904535075,-0.6551445158925998
2022-11-08,0.9348055652483426,-0.6373947403953406,-0.6411775829518568
2022-11-09,0.9360125708091899,-0.6456516116719444,-0.6477484397058915
2022-11-10,0.9441578443968388,-0.6721958183992808,-0.6743568440304398
2022-11-11,0.9445424723327515,-0.6739251160360245,-0.6754669492890926
2022-11-14,0.9437943722563285,-0.672886159022289,-0.6737986815960526
2022-11-15,0.9412376203338738,-0.6743097270135079,-0.6826050691977646
2022-11-16,0.9413674257497489,-0.6813785348697075,-0.6958630581946188
2022-11-17,0.9410466276009146,-0.6803098708550939,-0.6932397579646622
2022-11-18,0.9403609509102977,-0.682961194853063,-0.6957895247607775
2022-11-21,0.9355772250457426,-0.671055456675014,-0.6881636366839654
2022-11-22,0.9353796193007923,-0.6831412451061921,-0.6989736982076166
2022-11-23,0.9360023306340837,-0.6894063117620849,-0.7001773182993265
2022-11-25,0.9354866523512299,-0.6938304574559695,-0.7048424076227615
2022-11-28,0.9364014268076922,-0.7024727930704224,-0.7151837229486174
2022-11-29,0.9348389722843766,-0.7072927593177609,-0.7210783667676509
2022-11-30,0.9306379334004088,-0.7154216135581226,-0.725190614241874
2022-12-01,0.9282004416373155,-0.7084594875001284,-0.7138677491050717
2022-12-02,0.9299918729027239,-0.7048278414417088,-0.7078465929960283
2022-12-05,0.9311253134660016,-0.7228447215160202,-0.7180351060348541
2022-12-06,0.9304460764478939,-0.7255362646270193,-0.7172805909459985
2022-12-07,0.9228870403551572,-0.7066585146481215,-0.6990121556194476
2022-12-08,0.9227674709261477,-0.709870712649734,-0.6972874521213229
2022-12-09,0.9287230804696592,-0.711285135622194,-0.696601084354377
2022-12-12,0.9291193833865458,-0.7084194193589398,-0.6921271784512633
2022-12-13,0.9286139509355207,-0.7544805772216904,-0.7193514785227895
2022-12-14,0.9269339627230184,-0.7336744133653634,-0.6831086494362546
2022-12-15,0.9267631311265562,-0.741711497370949,-0.683781970286792
2022-12-16,0.9290330738838655,-0.7420844763959132,-0.6895576266877701
2022-12-19,0.926712526146884,-0.7282010180507726,-0.682445632748377
2022-12-20,0.9278660561438564,-0.7280028179714697,-0.6735810011479706
2022-12-21,0.9288597808394137,-0.7336963558104005,-0.6794078089189005
2022-12-22,0.9279909810202494,-0.7268781278073808,-0.6689975294555244
2022-12-23,0.9288324959495087,-0.7178886828190015,-0.6635799349116424
2022-12-27,0.9285535422350555,-0.7129040704299258,-0.6599156294529861
2022-12-28,0.9240420499732482,-0.6996757160669519,-0.6460331704600909
2022-12-29,0.9203168278000029,-0.686397436849043,-0.632561565380468
2022-12-30,0.9220526121500449,-0.6867578841750962,-0.6310150998510703
2023-01-03,0.9201050719008332,-0.6830323655287764,-0.6225253910806553
2023-01-04,0.914085517128805,-0.6631085412409153,-0.6057340460486575
2023-01-05,0.9145646495671041,-0.6650800412074903,-0.608813863349229
2023-01-06,0.9190365971002122,-0.6661873548881434,-0.6061636738254749
2023-01-09,0.9181364470663688,-0.665990379506406,-0.609013791857888
2023-01-10,0.9196738121592305,-0.6581261189903954,-0.6047094419249673
2023-01-11,0.9174376704160356,-0.6334949667071561,-0.5857545293440914
2023-01-12,0.9137911316404891,-0.6169012302682564,-0.5655438888371412
2023-01-13,0.9135438161979346,-0.6144116532780124,-0.5644702954414119
2023-01-17,0.916832165912823,-0.6115202316320938,-0.5627445721406843
2023-01-18,0.9212237380408319,-0.6288433598907351,-0.5974884616981755
2023-01-19,0.9171939748176154,-0.6511896514595915,-0.6296786528615956
2023-01-20,0.9181021283306564,-0.6571650693811404,-0.6360344941062293
2023-01-23,0.9183367891675108,-0.6464379525034831,-0.6281038712712091
2023-01-24,0.9221174499007366,-0.6452567288990919,-0.6203740224914797
2023-01-25,0.9293440668690619,-0.6510720462484093,-0.6142829814751958
2023-01-26,0.9249590889470332,-0.6497134844152457,-0.6136955231298272
2023-01-27,0.9242106404235699,-0.6549502343728704,-0.6184906700351949
2023-01-30,0.9253366124839121,-0.6643646832348068,-0.6175285937608468
2023-01-31,0.9301325626545252,-0.6533252927741611,-0.6108117092023799
2023-02-01,0.9232676770272424,-0.6729580725559291,-0.6203240998405972
2023-02-02,0.917008920053315,-0.643382916241213,-0.6179136689953239
2023-02-03,0.9115869605075735,-0.6468790083146365,-0.6187962759576047
2023-02-06,0.9106989987574698,-0.6667776093766743,-0.6346173380532956
2023-02-07,0.9077651188801567,-0.6571213744270129,-0.6251072495724498
2023-02-08,0.8747317371127791,-0.6436653799101888,-0.5987456440439524
2023-02-09,0.8740856297539596,-0.6492877327576763,-0.6110170647495813
2023-02-10,0.8764319714479384,-0.6451121901845966,-0.6107743513103372
2023-02-13,0.8800372755698651,-0.666278257778864,-0.6242455513564872
2023-02-14,0.8777961448844636,-0.671903978549865,-0.6129842363168844
2023-02-15,0.8777099717843335,-0.6734290323659868,-0.6152643604225164
2023-02-16,0.8811372826326926,-0.6845631820009972,-0.626480090972524
2023-02-17,0.8838678196391259,-0.6943935655797135,-0.6256734042647022
2023-02-21,0.8887158565841561,-0.707842643614727,-0.651310440441358
2023-02-22,0.8884890735270339,-0.6992126971322266,-0.6427535171119839
2023-02-23,0.8894983830714251,-0.6997880457325686,-0.6430654533886454
2023-02-24,0.8774432930895085,-0.6952854812283286,-0.6152320499951084
2023-02-27,0.8812707967582779,-0.6949118175816762,-0.6077083762419572
2023-02-28,0.8780446219188129,-0.6856139972330637,-0.5949325640277124
2023-03-01,0.8811166978907906,-0.6871052763488393,-0.6035531711848852
2023-03-02,0.8711273551986068,-0.6928547512820269,-0.5929692470863648
2023-03-03,0.8739220010172584,-0.694271415047043,-0.6021448018993404
2023-03-06,0.8724056601708501,-0.6856374518007109,-0.5942819290445165
2023-03-07,0.86923934398246,-0.6935171059236227,-0.5956772462056229
2023-03-08,0.8687912421911513,-0.6914942849701523,-0.5905665650399289
2023-03-09,0.8484848003454623,-0.7031928048098524,-0.6778798800078788
2023-03-10,0.8496027211657268,-0.7142818879890577,-0.699277345569317
2023-03-13,0.7743377644096869,-0.7066736271867203,-0.6836293865400842
2023-03-14,0.7834831763689897,-0.734748995974748,-0.7262612303413591
2023-03-15,0.7632583931345724,-0.7038225114206983,-0.7376342083685645
2023-03-16,0.7719538751578391,-0.7216699546061162,-0.7479406816984588
2023-03-17,0.7747034313427724,-0.7344119453880184,-0.7767759755170995
2023-03-20,0.7775998366414082,-0.7378546851385546,-0.7803771705221155
2023-03-21,0.7750653115815438,-0.7360371503750204,-0.7904407235395954
2023-03-22,0.7863485601704611,-0.732533027393851,-0.7935298592655491
2023-03-23,0.7831216693763997,-0.726318631674592,-0.792895157625473
2023-03-24,0.7836891206519905,-0.7291944777065124,-0.7889227777167105
2023-03-27,0.7845319150135633,-0.7335599487843518,-0.7923108827453212
2023-03-28,0.7787512862191676,-0.7394054728502731,-0.7958989160308586
2023-03-29,0.7839943077266152,-0.7412884270451571,-0.7973377295680552
2023-03-30,0.787114819605967,-0.7422995637094104,-0.7975408632900054
2023-03-31,0.7886551698367712,-0.7300661868558765,-0.7924881385342816
2023-04-03,0.7905369520231035,-0.734402605059742,-0.79247485079292
2023-04-04,0.7810583355645924,-0.7463432202326383,-0.7992472179091701
2023-04-05,0.7796246098314675,-0.7448238428347688,-0.7992064696699442
2023-04-06,0.778685924312047,-0.7432489188937174,-0.7988542960896473
2023-04-10,0.7763982030917133,-0.7557831519306906,-0.8051370528974651
2023-04-11,0.7718259335210517,-0.7591454170677073,-0.8065868905522897
2023-04-12,0.7700857818150525,-0.7585023121707262,-0.8053043023273072
2023-04-13,0.7711341716200075,-0.7611898010174776,-0.8067355474096756
2023-04-14,0.7545984344996103,-0.7561785375601848,-0.8032320018447553
2023-04-17,0.7503326548462523,-0.7586865014239561,-0.8065358067397467
2023-04-18,0.7427965863929991,-0.7613505852578059,-0.8057113179748796
2023-04-19,0.7380430078937804,-0.767455130259932,-0.808296473524111
2023-04-20,0.7372492269763303,-0.7763339454616178,-0.8099299086402878
2023-04-21,0.7389944721942162,-0.7757033273908329,-0.8109657271855389
2023-04-24,0.7386249637741926,-0.7790242066471083,-0.8109032556325
2023-04-25,0.7453654798591766,-0.7901956488557683,-0.8141873241143912
2023-04-26,0.753921190919227,-0.782438029177796,-0.805976265281766
2023-04-27,0.7561526376033203,-0.7868717672844455,-0.8100641026781844
2023-04-28,0.765018331121827,-0.7879535564584043,-0.8149527333375876
2023-05-01,0.7723284664072302,-0.8180131739672895,-0.8196882998846586
2023-05-02,0.788788105803384,-0.8265678682283844,-0.8245001490521371
2023-05-03,0.7934798973327721,-0.8270323525602117,-0.8292995732700301
2023-05-04,0.7917527726432274,-0.8287349735102275,-0.8293378551033457
2023-05-05,0.8084563978688332,-0.8354699816073317,-0.8415214226972817
2023-05-08,0.8063169009060422,-0.8333577511530956,-0.8403604031932216
2023-05-09,0.8054108135841194,-0.8365880439744549,-0.8436848592622231
2023-05-10,0.7984907084406357,-0.8363582717652845,-0.8372136608948243
2023-05-11,0.7981686845232305,-0.8404199425559821,-0.8446301833343343
2023-05-12,0.7979732471964217,-0.8400407992636325,-0.8444475306638479
2023-05-15,0.8010164393350206,-0.8357200261462338,-0.8463374061757132
2023-05-16,0.8036341342366371,-0.8371036518625232,-0.847946948156229
2023-05-17,0.8075250917945824,-0.8260679452850417,-0.8415939240499648
2023-05-18,0.8088446522668967,-0.8330244235682787,-0.8449811994826815
2023-05-19,0.8091877605614498,-0.8314622603206642,-0.844803976198024
2023-05-22,0.8240027405791617,-0.828444073882471,-0.853512785589445
2023-05-23,0.8237859616817874,-0.826468619584367,-0.8568331379423937
2023-05-24,0.8292941133520001,-0.8356972109075327,-0.858429551086979
2023-05-25,0.8272251516683533,-0.8355686055714613,-0.8582495222432973
2023-05-26,0.8317327250059957,-0.835838799179021,-0.8665581584932142
2023-05-30,0.8275916060632679,-0.8382201542518939,-0.8664376598369127
2023-05-31,0.8288827425778629,-0.834122912947018,-0.8624041373384415
2023-06-01,0.8226968241453972,-0.8428615223423968,-0.8687033640837227
2023-06-02,0.8295110145892671,-0.8428326078596051,-0.8698577036901489
2023-06-05,0.8117012763636794,-0.8218470609476709,-0.8495084399479973
2023-06-06,0.8000556532871481,-0.8003621464226229,-0.8560130137061018
2023-06-07,0.8474335996720926,-0.8028833221305934,-0.878297708023052
2023-06-08,0.8371327317745567,-0.7963232481939077,-0.8716276367958167
2023-06-09,0.8494257023081843,-0.8028903404529445,-0.856647980523669
2023-06-12,0.8348038666018431,-0.7760437384712953,-0.8518800550372632
2023-06-13,0.8385476373882598,-0.7701611507628976,-0.8175275084286349
2023-06-14,0.8345858183637638,-0.76351582064809,-0.80481170299842
2023-06-15,0.8364347347152173,-0.7145952742482622,-0.7412928537486918
2023-06-16,0.8167674571043203,-0.6805724087820998,-0.7182548838539334
2023-06-20,0.8252876132754797,-0.6917502645087764,-0.7144880134175308
2023-06-21,0.8311250486009966,-0.6748755479436742,-0.7151668922355239
2023-06-22,0.83358622088696,-0.6811794460674612,-0.6945146260279097
2023-06-23,0.8327878070582325,-0.6916844491934891,-0.6984649193818537
2023-06-26,0.8242604833692856,-0.6886333492462949,-0.6951236175654693
2023-06-27,0.8300725909375682,-0.6949116908634567,-0.6971296159129045
2023-06-28,0.827961934586142,-0.7168220332969547,-0.7019263316449159
2023-06-29,0.8171191347245778,-0.7014871325769725,-0.6473079008224931
2023-06-30,0.8158231235303074,-0.6931252279772846,-0.6411028753414205
2023-07-03,0.8150399509862649,-0.6941909829094136,-0.6386911647698257
2023-07-05,0.8152560192267508,-0.6935719038790619,-0.6378598418497515
2023-07-06,0.8191922120899077,-0.7038731573402264,-0.645380211612248
2023-07-07,0.82384111380684,-0.6978465491970292,-0.6489072140767097
2023-07-10,0.8247580073759591,-0.6966039322352949,-0.648006498044391
2023-07-11,0.8274286621067866,-0.6879912728839257,-0.636216208858762
2023-07-12,0.8456134526122536,-0.6969656608149198,-0.6374348386948467
2023-07-13,0.8478894341234294,-0.6839621132325737,-0.6303877770438528
2023-07-14,0.8479185150932723,-0.6830449633071263,-0.6263782825773613
2023-07-17,0.846522090888463,-0.681298805084261,-0.6198292011043652
2023-07-18,0.8500051668497413,-0.6742758390061391,-0.6158179361732734
2023-07-19,0.8503701523145506,-0.6698097234256501,-0.6100547043911391
2023-07-20,0.826862586474954,-0.6669743105756536,-0.604897462614865
2023-07-21,0.813081040142231,-0.6244476183735376,-0.5653828073826943
2023-07-24,0.8095933509037629,-0.6385145351454358,-0.584880779217389
2023-07-25,0.7935288785767008,-0.6258880702655164,-0.5711670899792082
2023-07-26,0.7848500610745426,-0.6135583275387658,-0.5639425925295773
2023-07-27,0.7908221396397994,-0.6299942358818059,-0.58958107816943
2023-07-28,0.7662583738484843,-0.6156453287057979,-0.5484276143381003
2023-07-31,0.7573561329393707,-0.6027509750588234,-0.5315167273706178
2023-08-01,0.7473249062102351,-0.5897013256105997,-0.501216596274751
2023-08-02,0.7225466601510773,-0.5982208255488217,-0.45788602772321546
2023-08-03,0.7207530256105562,-0.5983568418071279,-0.4578418870458037
2023-08-04,0.7209252377361992,-0.6001817913051202,-0.45860810065289237
2023-08-07,0.7424256862800173,-0.6091696173005879,-0.49628097393830983
2023-08-08,0.7457848713679485,-0.6168390532468712,-0.5066893509954151
2023-08-09,0.7508772900968562,-0.6063861671062288,-0.49918393168796366
2023-08-10,0.7511979929356755,-0.6058177690466837,-0.49455948611338957
2023-08-11,0.7433126445619096,-0.5838227252645765,-0.4775427483187541
2023-08-14,0.7194241944813061,-0.5783654438450444,-0.46391633032185536
2023-08-15,0.7368205564313132,-0.5968728200567882,-0.50071701174783
2023-08-16,0.7325094179713975,-0.6032584136389351,-0.49687000775608203
2023-08-17,0.7350575194637747,-0.6177571383845027,-0.5044953742514234
2023-08-18,0.721862871044235,-0.6123868797809979,-0.49355343603904506
2023-08-21,0.7035083846713297,-0.6044886167204003,-0.46216193079659457
2023-08-22,0.7144034364993486,-0.6030739004014246,-0.46622753237574
2023-08-23,0.7206351651265516,-0.5988915104391223,-0.467408268671697
2023-08-24,0.7046725489920466,-0.6229769335207689,-0.4709327532453994
2023-08-25,0.699148286636324,-0.6359936659220391,-0.48322167085724416
2023-08-28,0.6926806839554005,-0.628776762083432,-0.46815551867675625
2023-08-29,0.6728132017621228,-0.6186812066871921,-0.45662687633187615
2023-08-30,0.671030843146794,-0.6280204914696642,-0.46665682592292457
2023-08-31,0.6830846966042947,-0.6347693941366976,-0.4287929049664086
2023-09-01,0.686784735915065,-0.634083817529702,-0.433540859938427
2023-09-05,0.6961058412736447,-0.6317743662824604,-0.44010301034392074
2023-09-06,0.6935895185017759,-0.6395022587644618,-0.4414213319972038
2023-09-07,0.7072391259437946,-0.6551642868467542,-0.44111972403029187
2023-09-08,0.7035727645433515,-0.6602310124401836,-0.4445662396674137
2023-09-11,0.7084906158788261,-0.6648697747608381,-0.4608344840229539
2023-09-12,0.663880888418486,-0.7235008438818846,-0.49691083525620067
2023-09-13,0.661865902897414,-0.7428698183683045,-0.5056094788020917
2023-09-14,0.6649293164284777,-0.7482082735005472,-0.5144786976517818
2023-09-15,0.6629929180714872,-0.7764789113170946,-0.5366887211904747
2023-09-18,0.6813319694521366,-0.7757335566151992,-0.5597333379708797
2023-09-19,0.6788692256765422,-0.7737637114520807,-0.5551092031831126
2023-09-20,0.6861951025445376,-0.7838615615964162,-0.5667023353159526
2023-09-21,0.7135211794476509,-0.8062580211275033,-0.6060215137649195
2023-09-22,0.7130198285556489,-0.8110911497333749,-0.612313863283046
2023-09-25,0.7227953628431558,-0.8203597321837575,-0.6698900345860547
2023-09-26,0.7332831420123356,-0.8396470507733997,-0.6921638962899055
2023-09-27,0.7326487045846872,-0.8315796471712869,-0.6793925727129407
2023-09-28,0.73645979266823,-0.8347503210704909,-0.6852808410012048
2023-09-29,0.7275279458734918,-0.8310654416017306,-0.6776518357361611
2023-10-02,0.7194024400780092,-0.8367879599240506,-0.6718366957102815
2023-10-03,0.7360357953930715,-0.8448751873729412,-0.7008709000246806
2023-10-04,0.7366902315031186,-0.8521657639802084,-0.7192324570019623
2023-10-05,0.7284251159339233,-0.84731179066021,-0.7148558928273357
2023-10-06,0.7354453307584522,-0.8503463607189007,-0.7172660029788176
2023-10-09,0.735573349659823,-0.8487577905273114,-0.7256834673496428
2023-10-10,0.7390988956964532,-0.8522924727386966,-0.7405294632781394
2023-10-11,0.7325026712676119,-0.8558955944378547,-0.7484976837771491
2023-10-12,0.734299740746592,-0.8643535351173989,-0.7620682972263992
2023-10-13,0.7556924527086717,-0.8285104036480618,-0.6909860737966317
2023-10-16,0.7661406220127698,-0.8322926923697668,-0.7059077341148866
2023-10-17,0.7615169593783265,-0.8281734718000597,-0.6914474946944609
2023-10-18,0.7878679525751161,-0.8370446763735063,-0.7114377093971442
2023-10-19,0.7965827661422191,-0.8416567499143524,-0.7151119534437401
2023-10-20,0.805546588668164,-0.826576116410557,-0.6886105331635167
2023-10-23,0.8084507486580086,-0.8169256470955916,-0.6713831418341555
2023-10-24,0.8121427740337908,-0.8207596550234126,-0.6786542089109405
2023-10-25,0.7988082176585656,-0.8270933726650914,-0.6729352151969311
2023-10-26,0.7840407096894719,-0.8092801774855052,-0.6697729756053963
2023-10-27,0.7679738290672229,-0.8102998889845274,-0.6674835296815694
2023-10-30,0.77976471407538,-0.8198919708764565,-0.6901607044688266
2023-10-31,0.7765276798444003,-0.8167638240583026,-0.6918542216264377
2023-11-01,0.7805336018982829,-0.8197777784040825,-0.6960157346635503
2023-11-02,0.8005561277951613,-0.8146891926914014,-0.6894233117630989
2023-11-03,0.8053376439592486,-0.8136836469833946,-0.6875467232399358
2023-11-06,0.8028212346426908,-0.8184722182313016,-0.6798996009575812
2023-11-07,0.807139050461544,-0.8176644355944479,-0.6820414437485829
2023-11-08,0.8012685312897736,-0.8115615237951508,-0.669196700716334
2023-11-09,0.8039222668102839,-0.8137878732076648,-0.6701676545816216
2023-11-10,0.8092459737799196,-0.8108577149867223,-0.6746640488579235
2023-11-13,0.8094094163922868,-0.8115065309134577,-0.6759448510128553
2023-11-14,0.8292675458829463,-0.7818192456475402,-0.6578002453715402
2023-11-15,0.8303407582508903,-0.7816884364489446,-0.6610406730047874
2023-11-16,0.8272715468943481,-0.7799734172008729,-0.657882327282622
2023-11-17,0.8375178568756,-0.7752535359549041,-0.6592653106934303
2023-11-20,0.8372020656723994,-0.768941854170683,-0.6596540009293093
2023-11-21,0.8360359321701891,-0.7629478343975252,-0.6554419476311666
2023-11-22,0.8357888842867957,-0.7634741710747361,-0.6497416966967897
2023-11-24,0.8361367218242844,-0.75649515727405,-0.649348595795568
2023-11-27,0.8363792710708303,-0.7594851064288425,-0.6551821217322268
2023-11-28,0.8385009012802588,-0.7591988993414936,-0.6549156067256707
2023-11-29,0.8336833097926217,-0.7583550679951842,-0.6464687577629242
2023-11-30,0.834399163304612,-0.757352867888965,-0.6458533999107465
2023-12-01,0.8357901660588561,-0.7552425567199282,-0.6428552733930379
2023-12-04,0.8335172540287473,-0.7547925266678013,-0.6432181159724867
2023-12-05,0.8323727841774367,-0.7535858983259889,-0.6393434084752087
2023-12-06,0.8530478453562222,-0.7542946790043531,-0.6470336808390356
2023-12-07,0.852620142293904,-0.7482469081815425,-0.6478625069815984
2023-12-08,0.8511057204844756,-0.7468911992226772,-0.6463467374963335
2023-12-11,0.8551672605287179,-0.7428394364755219,-0.644638015635313
2023-12-12,0.8563324517721801,-0.744188352639968,-0.6476267053805586
2023-12-13,0.8619123818442642,-0.7357987899971541,-0.6397358247274902
2023-12-14,0.8577523531954666,-0.7296227151070831,-0.629595387179306
2023-12-15,0.8459523105990676,-0.7059862282735786,-0.6074532873239121
2023-12-18,0.8457762388641689,-0.7025087327931426,-0.609085068137014
2023-12-19,0.847628195681753,-0.6961363264270456,-0.5995111195684304
2023-12-20,0.8509095127927913,-0.6869761363405253,-0.5976771344848144
2023-12-21,0.8515087932521378,-0.6959671481149609,-0.6112711572856975
2023-12-22,0.850818114414064,-0.6939782212905512,-0.6082648299329205
2023-12-26,0.8518582736972129,-0.6927538672490196,-0.6048216339624892
2023-12-27,0.8588477997174665,-0.6873482813184872,-0.6050935912963356
2023-12-28,0.8468718689878366,-0.6596309568349893,-0.563903787052979
2023-12-29,0.8467333593970173,-0.6570217245418151,-0.5613220291369332
2024-01-02,0.840453564895898,-0.656387503881171,-0.5603629881043213
2024-01-03,0.8452354132130366,-0.6707445082609352,-0.5712742415508701
2024-01-04,0.8473962722819292,-0.6708799549239367,-0.5717462225993005
2024-01-05,0.8457873097259715,-0.6656925892143565,-0.569128194057394
2024-01-08,0.838992558654434,-0.6624670574206325,-0.5719335802002823
2024-01-09,0.834168294082349,-0.6526649948724492,-0.5511045885528393
2024-01-10,0.8363346438594873,-0.6776432106518759,-0.6126308439975336
2024-01-11,0.8331881347857406,-0.6782553801814987,-0.6170881208412395
2024-01-12,0.8361606095063313,-0.6799764966989691,-0.6372799550987854
2024-01-16,0.8242288060199428,-0.6538583105705682,-0.6081676661366896
2024-01-17,0.816924767450064,-0.6453039407480673,-0.5833604712793607
2024-01-18,0.7959316069271029,-0.6568135192532873,-0.5865514771371925
2024-01-19,0.8052548375446786,-0.6708975577836688,-0.6171339938926381
2024-01-22,0.8042187125021095,-0.6617386897177997,-0.6142997149552128
2024-01-23,0.8164872184649289,-0.622238802582675,-0.6140131636531437
2024-01-24,0.8298643661253147,-0.6180374802111763,-0.595501332197654
2024-01-25,0.8453680885882126,-0.5963086703881679,-0.5619047230145494
2024-01-26,0.8380604995449652,-0.5767242061776647,-0.5248964770459914
2024-01-29,0.834171332987665,-0.5686839514585463,-0.5080398104107928
2024-01-30,0.8095964866825671,-0.5483037740491935,-0.5056267133326792
2024-01-31,0.8051568817703372,-0.5859451044222991,-0.5358181904880666
2024-02-01,0.77722459106922,-0.5697707045433843,-0.5306290555362722
2024-02-02,0.7789611471321141,-0.5667963338343867,-0.5598470497141552
2024-02-05,0.7849287311479566,-0.533734509025447,-0.5138434515588325
2024-02-06,0.7847675973398556,-0.5360242053722328,-0.5154041977773859
2024-02-07,0.7824276161942677,-0.5059968272289548,-0.4979438105491698
2024-02-08,0.7710954967893533,-0.4776081510682373,-0.4736265354909799
2024-02-09,0.7686175893513524,-0.4702318253785178,-0.47395715378030745
2024-02-12,0.7328448760238178,-0.49807907956143,-0.48692325695572647
2024-02-13,0.7604216166138241,-0.563925606889605,-0.5436813093596536
2024-02-14,0.7666409383508275,-0.579514689597296,-0.5586222427450482
2024-02-15,0.7628542456272359,-0.5796606757413418,-0.5404051921924784
2024-02-16,0.768045402373532,-0.5775922459811189,-0.5380515134779076
2024-02-20,0.7702777651281517,-0.598200398539588,-0.5520446674016987
2024-02-21,0.7693281216426655,-0.6017086638633629,-0.5556565774181945
2024-02-22,0.7761039166770333,-0.6073790908825369,-0.5683574522316155
2024-02-23,0.7739387163902903,-0.5925142516341972,-0.5623241179613209
2024-02-26,0.7769189483161439,-0.5879375423366568,-0.5583234891514551
2024-02-27,0.786335312829374,-0.5853935745512394,-0.5740530591485101
2024-02-28,0.786579961547675,-0.5868433498730119,-0.565629028455978
2024-02-29,0.7806171604037955,-0.5894372115926795,-0.5642172929352998
2024-03-01,0.7676183335960792,-0.5792412509616153,-0.5640687474385343
2024-03-04,0.7676676586060982,-0.5807593671050965,-0.5708559124396856
2024-03-05,0.7473542055645258,-0.5999015969810405,-0.5602027225574008
2024-03-06,0.7491916245583116,-0.601873256434457,-0.5587632998389305
2024-03-07,0.7270276714882746,-0.5963626626666039,-0.5542296747254767
2024-03-08,0.7186493295500547,-0.6038459488434155,-0.5442291240245666
2024-03-11,0.716345286705708,-0.5995125039371743,-0.537755407285467
2024-03-12,0.6972314851139552,-0.6177474099219491,-0.5411364647898821
2024-03-13,0.6928277998810951,-0.6158541397542088,-0.5459009808915685
2024-03-14,0.6932874580865787,-0.618769826161427,-0.5442232999063381
2024-03-15,0.6911532552890762,-0.6281986431937582,-0.546524182359049
2024-03-18,0.6902088548623607,-0.6429676542976711,-0.5670120520321278
2024-03-19,0.6550462620148886,-0.6094859672628141,-0.5108430548334914
2024-03-20,0.6587679022474516,-0.6096084130229843,-0.5121839688819321
2024-03-21,0.6554020581489773,-0.6121774023963382,-0.5102954266857517
2024-03-22,0.6415582200265965,-0.611656050824342,-0.4945700355231826
2024-03-25,0.6440765328939733,-0.6197926366926158,-0.49581807918608845
2024-03-26,0.6424177047099389,-0.6176442229726976,-0.4966058750153883
2024-03-27,0.647557186879872,-0.6198202154902763,-0.4988656364234513
2024-03-28,0.6551558178041252,-0.6235800024635023,-0.489227260819929
2024-04-01,0.6420191849212425,-0.6100848209653302,-0.4700638940051191
2024-04-02,0.6532631382495077,-0.6215373913669909,-0.4797593466230535
2024-04-03,0.6553785790454845,-0.6310168815935989,-0.47433625600823465
2024-04-04,0.6804420847113031,-0.6497595020629864,-0.5039326387249434
2024-04-05,0.6891585554893385,-0.6303065455230673,-0.510200537610352
2024-04-08,0.6880264167385163,-0.6113284335720044,-0.5101339872182857
2024-04-09,0.6822706212214996,-0.6127844884906324,-0.5089563052651613
2024-04-10,0.7001435942138671,-0.6162735558671959,-0.5050848774044093
2024-04-11,0.6703909753553084,-0.6162712297821062,-0.4719372545963261
2024-04-12,0.6946478035594085,-0.6469174016758173,-0.5254521075635528
2024-04-15,0.7020042991539369,-0.6613065497101843,-0.5389467113897485
2024-04-16,0.6860322981194211,-0.6393516683601853,-0.49922220163792663
2024-04-17,0.6786079192704959,-0.632711076232089,-0.49653714468582144
2024-04-18,0.6739839419133006,-0.634363327707064,-0.49557374298676404
2024-04-19,0.6104016419104212,-0.6462692420486473,-0.4657603450720273
2024-04-22,0.6189331586907926,-0.6590203966047069,-0.5040610054453297
2024-04-23,0.6248433871020855,-0.6714977067388532,-0.5105533481020126
2024-04-24,0.6252944675884651,-0.6807345962158412,-0.5109728134779612
2024-04-25,0.6454195671080253,-0.6858629525040335,-0.5150282144640917
2024-04-26,0.6016215388127686,-0.6724777298185105,-0.47450748001157295
2024-04-29,0.6101585287752781,-0.6838566777152676,-0.4711562144051511
2024-04-30,0.6271062133081681,-0.695855409678313,-0.48401648490305854
2024-05-01,0.6251775232911108,-0.7185012703326183,-0.5147052569234818
2024-05-02,0.6229298179357288,-0.7248330278691778,-0.5141382851653065
2024-05-03,0.6116421334366136,-0.7376867579890541,-0.5167977312099304
2024-05-06,0.6273669660847331,-0.74092391491844,-0.5289572574498032
2024-05-07,0.6271308897314674,-0.7490541491368166,-0.5317591385609742
2024-05-08,0.6277948519674206,-0.7505441052415905,-0.5418970476444189
2024-05-09,0.6064407782588379,-0.7294433881852105,-0.4998089498797686
2024-05-10,0.5968559214700357,-0.7233069554822467,-0.4833535720546084
2024-05-13,0.5929940978874679,-0.7236612002703916,-0.5013548710637631
2024-05-14,0.5918749338102769,-0.7285315627604211,-0.505273826586948
2024-05-15,0.5969172531305305,-0.7337726752538253,-0.5102840455616771
2024-05-16,0.5980114946868043,-0.7332488096661407,-0.5103200383242059
2024-05-17,0.5670779568750381,-0.754744710826268,-0.5087279706950515
2024-05-20,0.5470758536728818,-0.7649825236902215,-0.4967506687089639
2024-05-21,0.5440439641483829,-0.7699553942701869,-0.5053304819896791
2024-05-22,0.5467132296539605,-0.7715241561241934,-0.5111865107647073
2024-05-23,0.5650918527656447,-0.772119404828808,-0.5173990615014339
2024-05-24,0.5734840066736794,-0.7747551022831661,-0.5273565598927569
2024-05-28,0.5706684668476039,-0.7829383361662583,-0.5361891154599867
2024-05-29,0.5811656130224172,-0.787600216030116,-0.5501229648251613
2024-05-30,0.5751652291964962,-0.7726806941317164,-0.5618679828976035
2024-05-31,0.5856478476870975,-0.7834182727839208,-0.5768393688467147
2024-06-03,0.5971528944522713,-0.7943298151247352,-0.5718120263739086
2024-06-04,0.6030777018107156,-0.7895008408181164,-0.582728552820123
2024-06-05,0.5989166070720704,-0.787662889816763,-0.5829476838369201
2024-06-06,0.5982322343718807,-0.7786726830429669,-0.5836639402562258
2024-06-07,0.6013816248004359,-0.7777757384225206,-0.5860186542933892
2024-06-10,0.5946622406506482,-0.7773600401020648,-0.5784594727400021
2024-06-11,0.5786608754235517,-0.7726092462648062,-0.5719049281009533
2024-06-12,0.5712071780126816,-0.7713549534882947,-0.5679843335040767
2024-06-13,0.567999211612887,-0.7694960159855911,-0.5652812367906024
2024-06-14,0.554139832112843,-0.7565613168396524,-0.5572730263985369
2024-06-17,0.5633353968170501,-0.7504733926242193,-0.5563476321741979
2024-06-18,0.5669261103111046,-0.750182091221358,-0.5610907951351757
2024-06-20,0.5542426210268124,-0.7520041125304598,-0.534390856927388
2024-06-21,0.5601665089009773,-0.7452613694858073,-0.5260770502180071
2024-06-24,0.5282821901659691,-0.7425904497988066,-0.5175167772544909
2024-06-25,0.5172219790024839,-0.7454365863261241,-0.5082024765121026
2024-06-26,0.5129400095648242,-0.7447682162198884,-0.5010822068515299
2024-06-27,0.5095956038291085,-0.7394846661602573,-0.4974720296621114
2024-06-28,0.5005806415644275,-0.7412594653997138,-0.49073223082863765
2024-07-01,0.47337959307375405,-0.7169829140381627,-0.4644032506470708
2024-07-02,0.4685433073306388,-0.7576781080672602,-0.4899062130202875
2024-07-03,0.4678019534426982,-0.7679171051892265,-0.48544475564140993
2024-07-05,0.46421339166424735,-0.7603275362276866,-0.48862577926761164
2024-07-08,0.4285117110742135,-0.7589272615206405,-0.4785651491977446
2024-07-09,0.44644556341099284,-0.7577503327362713,-0.48340529000430993
2024-07-10,0.39721631290842624,-0.7107674168564301,-0.4172892945928418
2024-07-11,0.3335618019876384,-0.6736631309990749,-0.38707045192674344
2024-07-12,0.32714376036099235,-0.7006936751953525,-0.42110318172876887
2024-07-15,0.3295373529595569,-0.7048950037542145,-0.36712493220784564
2024-07-16,0.34477286058169754,-0.6909465872748833,-0.3519723953039232
2024-07-17,0.3443323492490993,-0.6996426211848422,-0.3645751054133759
2024-07-18,0.3590009464196119,-0.7275144220797506,-0.35392084558090653
2024-07-19,0.3690270700597405,-0.7234431491929538,-0.3754942671593987
2024-07-22,0.37838502455734574,-0.735757628403521,-0.3866686689896596
2024-07-23,0.3682764991831325,-0.7278417430497731,-0.3743677217485143
2024-07-24,0.4385100155282438,-0.7888254254748034,-0.43977830284967645
2024-07-25,0.43198658192013983,-0.7864623672403209,-0.44095897899099146
2024-07-26,0.42586322185819425,-0.7989430360474628,-0.4618992265825518
2024-07-29,0.4246593324732322,-0.7973829319989731,-0.45597038841686094
2024-07-30,0.39220055832082656,-0.7963884688874151,-0.4182140114101661
2024-07-31,0.36636338979666594,-0.7879066843053374,-0.40965400739884894
2024-08-01,0.3924991570086193,-0.803376673000592,-0.4557093475827752
2024-08-02,0.4794236962807204,-0.789991605139948,-0.5807425845419386
2024-08-05,0.5842203096465532,-0.8214804095838162,-0.6638264490136918
2024-08-06,0.5909493113004318,-0.7915345108414875,-0.6705707166203636
2024-08-07,0.585935932115881,-0.7770801310521812,-0.6691862496113914
2024-08-08,0.6124286383856915,-0.7786915679263555,-0.6805434213774114
2024-08-09,0.6121084112797317,-0.7636304500302529,-0.6689840124171682
2024-08-12,0.604781906169007,-0.7641729571387892,-0.6641291086150525
2024-08-13,0.6107368730445064,-0.7714695175863628,-0.6693965482468018
2024-08-14,0.6097495429834399,-0.7698412959339129,-0.6764064710013153
2024-08-15,0.6285890368329466,-0.7637433311835032,-0.6877982475176782
2024-08-16,0.6279727386351619,-0.7634537814761748,-0.6856547272211975
2024-08-19,0.6289884698619764,-0.761610829047046,-0.685710790229335
2024-08-20,0.6228556853355317,-0.7644663284389405,-0.6995666832673617
2024-08-21,0.6186038906534197,-0.7619530995090853,-0.6985314108396138
2024-08-22,0.6139865114127387,-0.7638110453177543,-0.6948988994235468
2024-08-23,0.6130081428647062,-0.7659121050267396,-0.6969153736503381
2024-08-26,0.6225137540876945,-0.7698263510869183,-0.6979036730980152
2024-08-27,0.6161384050728225,-0.7691202592797994,-0.7013081213417665
2024-08-28,0.6140200096624708,-0.7713281012701463,-0.7004048498876185
2024-08-29,0.6121116026436207,-0.7690130410361798,-0.7035874297670378
2024-08-30,0.6221669231007669,-0.7730104634633115,-0.7043600980060557
2024-09-03,0.624040187152403,-0.7935811060746399,-0.7010247143508742
2024-09-04,0.6258761461864197,-0.7948367586581969,-0.7010181582114203
2024-09-05,0.6282516648457828,-0.7890134453087467,-0.6787080872070844
2024-09-06,0.666866136494444,-0.7890928827497017,-0.6956575660128467
2024-09-09,0.6799066957823726,-0.7934833031252482,-0.7018383839242011
2024-09-10,0.6635542798633484,-0.7938002511143206,-0.6880916032870861
2024-09-11,0.6471995082861155,-0.7958489441052092,-0.6771702401286016
2024-09-12,0.6410572554612959,-0.7960549034179777,-0.6790920848425128
2024-09-13,0.6412384971640744,-0.7951203448444262,-0.6799318192171102
2024-09-16,0.6408034214789118,-0.7943151623073936,-0.6754496581030975
2024-09-17,0.6394150167220446,-0.7960546385949416,-0.676875402387482
2024-09-18,0.6489974807539043,-0.7952803745830751,-0.6774944323592519
2024-09-19,0.6682713411506133,-0.7909884159281653,-0.6923358082582908
2024-09-20,0.672536018151409,-0.7901002979134437,-0.6954171990049894
2024-09-23,0.67330413866949,-0.7896704527417411,-0.6970238204968424
2024-09-24,0.6640902155798472,-0.7900832314629335,-0.6889559893241178
2024-09-25,0.6638295334975404,-0.790767678092835,-0.6880379642878606
2024-09-26,0.6622735175293192,-0.7908656640295025,-0.6901532659139634
2024-09-27,0.6644149099639098,-0.7915905375005472,-0.6871961127672332
2024-09-30,0.6703515047481784,-0.7938285187109066,-0.6883644317366863
2024-10-01,0.6745305207984033,-0.7969893950015255,-0.6933846511166241
2024-10-02,0.6758548214565513,-0.7965528989509016,-0.6946053142008507
2024-10-03,0.6763962062454654,-0.8003810517777045,-0.6961344176207411
2024-10-04,0.699120040382803,-0.8065143682885726,-0.6975692994709203
2024-10-07,0.7047923859149268,-0.8094771911012137,-0.7036820420855633
2024-10-08,0.7112992866113543,-0.8115747530411279,-0.7196326344709914
2024-10-09,0.7124817143024834,-0.8141277764128415,-0.7276344392496373
2024-10-10,0.7492822863304212,-0.8204909649349171,-0.7371328064279273
2024-10-11,0.7384784507750753,-0.8209208247857774,-0.7261506651210882
2024-10-14,0.7365803092169014,-0.8210975133713428,-0.7273905452346177
2024-10-15,0.7291907823044458,-0.8186131611778262,-0.7242874985122071
2024-10-16,0.7278641517715699,-0.8196399657786378,-0.7208117620171294
2024-10-17,0.7174505286432152,-0.8116351942730693,-0.710095897300278
2024-10-18,0.7208149309248031,-0.8143634790338994,-0.7085689101735168
2024-10-21,0.7123924201042992,-0.811970027386658,-0.6987124471420558
2024-10-22,0.7132939997258494,-0.8119055794407214,-0.7004631794823118
2024-10-23,0.732112088368603,-0.8123987333915933,-0.7144991343973685
2024-10-24,0.7546557718583716,-0.8198437465850343,-0.7170399839494854
2024-10-25,0.7362602112151212,-0.8149958386981997,-0.7107104391967167
2024-10-28,0.7030487886843523,-0.7948246371361471,-0.6679998554082018
2024-10-29,0.611165400582516,-0.7247700224483177,-0.5367971855602445
2024-10-30,0.5975312776981296,-0.7751653677692746,-0.5129172002350423
2024-10-31,0.6319202095880782,-0.8024753409277054,-0.5400153299037377
2024-11-01,0.6038097248094031,-0.7951638259590244,-0.5159287761019001
2024-11-04,0.6039768430281504,-0.8259897126201728,-0.5132275117307651
2024-11-05,0.6157558933195778,-0.8306328757632623,-0.5274203654034545
2024-11-06,0.6681675530768136,-0.8363981556983985,-0.5628799941380127
2024-11-07,0.6262119472814158,-0.848125751324953,-0.5157861062370628
2024-11-08,0.6259407330743794,-0.8517865003588035,-0.5102253544506127
2024-11-11,0.6192177508888679,-0.8517561951999226,-0.5068021001656309
2024-11-12,0.6212388841875789,-0.8498547354650936,-0.5040952303945424
2024-11-13,0.6202912420273863,-0.8493830546480575,-0.49872541925974057
2024-11-14,0.6243866080974144,-0.8465569615051897,-0.49719822888772136
2024-11-15,0.6110220158068351,-0.8505086720050894,-0.48892057589292404
2024-11-18,0.6079770757420486,-0.846610383041067,-0.48312246885195537
2024-11-19,0.6010491831604257,-0.8385275443394284,-0.4885594571259382
2024-11-20,0.6008325869458565,-0.8368486889225015,-0.4892601964593227
2024-11-21,0.609085849880642,-0.8342099116278149,-0.49681892364739
2024-11-22,0.6120252274131376,-0.8379228542216286,-0.4994503297616719
2024-11-25,0.6095113150588769,-0.8356299660806572,-0.4981046676538747
2024-11-26,0.6184460687673816,-0.8133382214888307,-0.5321303756595301
2024-11-27,0.6152924122334849,-0.8086775069469596,-0.5325948696097221
2024-11-29,0.6104988948725397,-0.8289619733094826,-0.5638347983942155
2024-12-02,0.5762347288675072,-0.8152131394693352,-0.5307155260184544
2024-12-03,0.5644287403423129,-0.8082716352768139,-0.5108476252031112
2024-12-04,0.5694443580917795,-0.8004668829950214,-0.5265057942089858
2024-12-05,0.5902643589443237,-0.7951214858211187,-0.5463236999438523
2024-12-06,0.595839679393963,-0.7986599908822927,-0.5440579119940159
2024-12-09,0.6045977151881482,-0.8026080435416715,-0.5500450333890403
2024-12-10,0.6088684163164815,-0.8015069028301731,-0.5612938090673575
2024-12-11,0.6067364570952294,-0.8000762558709031,-0.5682267663763961
2024-12-12,0.6075795044331671,-0.8029509525296542,-0.5713232254046094
2024-12-13,0.6045191709444021,-0.8030025988710303,-0.5634626219986778
2024-12-16,0.6012889557095695,-0.7960294657638275,-0.5637304835124444
2024-12-17,0.6061131250537017,-0.7990869358371568,-0.5676469603038339
2024-12-18,0.6870283864820327,-0.8540591570768421,-0.6507225507872121
2024-12-19,0.6852062912665843,-0.8232602592767299,-0.6113225291919162
2024-12-20,0.6920040934134487,-0.8001145328907979,-0.6027794280600679
2024-12-23,0.6915341862494447,-0.8021939680873059,-0.6024206015384486
2024-12-24,0.6966740529269256,-0.8061583951962205,-0.6087801899365552
2024-12-26,0.6954566897189476,-0.8000961838872457,-0.6080460613270445
2024-12-27,0.6983628242635277,-0.8049789365772361,-0.6133544628904295
2024-12-30,0.7029484430765669,-0.8035794914199634,-0.6139354993998388
2024-12-31,0.6950655777567617,-0.8006658619155745,-0.6086736595523528
2025-01-02,0.6884247573911846,-0.7974059246873022,-0.5970305536674311
2025-01-03,0.6894448463590239,-0.8001291328411464,-0.5987968291933917
2025-01-06,0.6779528803098054,-0.7966824723398602,-0.5953874306555191
2025-01-07,0.6711453496002632,-0.8029841389204025,-0.59064772983665
2025-01-08,0.6707759296404894,-0.8041892256179365,-0.5996046058703275
2025-01-10,0.6919223205845687,-0.8092970057968767,-0.6148861038249579
2025-01-13,0.7005336534936154,-0.807514017626236,-0.621761145111016
2025-01-14,0.6946385647175403,-0.8075752417087398,-0.6243321820818319
2025-01-15,0.7168392362009471,-0.8192110632598065,-0.646570319328622
2025-01-16,0.7150484790725042,-0.8185892556417754,-0.6463361205899265
2025-01-17,0.718574897785,-0.8072002647660232,-0.6444350368117513
2025-01-21,0.720329686001312,-0.8096078023027706,-0.6472310085498987
2025-01-22,0.7169307539713009,-0.7985938390054681,-0.6515646260187189
2025-01-23,0.7183615966875083,-0.7984902544410497,-0.6527956191516315
2025-01-24,0.720563357133524,-0.802293821792004,-0.6465911378833066
2025-01-27,0.6753341788376034,-0.8123205544178583,-0.6042417397999647
2025-01-28,0.6698868828066576,-0.8140759006850955,-0.6001869274621066
2025-01-29,0.6724779681966533,-0.8112448308397073,-0.6047876022648387
2025-01-30,0.6660558088952281,-0.7995074772495561,-0.5893966289517345
2025-01-31,0.6695805596467478,-0.8013151129740425,-0.593188693148568
2025-02-03,0.6705588409749721,-0.8128630258632471,-0.6117990592814608
2025-02-04,0.6593841148817449,-0.8098549660697855,-0.6011582989631831
2025-02-05,0.5964837393218215,-0.7916649756373351,-0.5657026514687935
2025-02-06,0.6509758845540276,-0.7891890108360442,-0.6074604212661562
2025-02-07,0.6529819004372626,-0.7924897455444173,-0.613132937535892
2025-02-10,0.6397960924247227,-0.7937780765565946,-0.6072197095804668
2025-02-11,0.6387497032686036,-0.7950995752657147,-0.6076224052408116
2025-02-12,0.6399978502226769,-0.7948228753947935,-0.6067867090579803
2025-02-13,0.6431547673519984,-0.7960847752617756,-0.6088689560247041
2025-02-14,0.6755653317436244,-0.7864770641266648,-0.6361417873138763
2025-02-18,0.6749525978175772,-0.7857143464506159,-0.6342830370960795
2025-02-19,0.6846533748881901,-0.7963482699459143,-0.6292210965187222
2025-02-20,0.6828004318688327,-0.7993696134330965,-0.616934720980257
2025-02-21,0.6933754657336265,-0.8106028155379889,-0.6376210490487253
2025-02-24,0.6868800675147569,-0.8106056547551241,-0.6288247329734453
2025-02-25,0.6851233680142179,-0.8094855496834741,-0.6254078516237596
2025-02-26,0.6853532849873049,-0.8093820435649444,-0.6226507350130265
2025-02-27,0.6466849633679598,-0.8161223975343443,-0.5994367984830282
2025-02-28,0.6696330910548766,-0.8077920882365069,-0.5934926614609801
2025-03-03,0.6857008104036313,-0.8188489617975455,-0.6096631713568426
2025-03-04,0.6814920640477855,-0.8159337077106759,-0.573630152463109
2025-03-05,0.6914262655205323,-0.825421788486759,-0.5772305483326038
2025-03-06,0.7066041162663027,-0.8362548109317396,-0.5996500113443484
2025-03-07,0.6976825394264086,-0.8365093506937724,-0.5838688502562369
2025-03-10,0.7238140047359309,-0.8483413398740446,-0.6132477561206616
2025-03-11,0.7261723628693927,-0.8439460992535729,-0.6093718107194946
2025-03-12,0.7270340397951244,-0.8463439465126135,-0.60630546189705
2025-03-13,0.724992246156871,-0.8484393334655714,-0.60784473203831
2025-03-14,0.7440675788500773,-0.8578930736895463,-0.6326723301545825
2025-03-17,0.7487708140893395,-0.8647829202694278,-0.6380434673471612
2025-03-18,0.7456996323461323,-0.8643793808220782,-0.6366934815419797
2025-03-19,0.7108007187564552,-0.8427809389331771,-0.5820094750192384
2025-03-20,0.7108938346605608,-0.8690093695596763,-0.614383555290556
2025-03-21,0.7019489970600145,-0.9088341815836338,-0.6169380854542779
2025-03-24,0.7162780616485482,-0.9176973949235885,-0.6419227881107398
2025-03-25,0.7110317534206501,-0.9148340588650452,-0.6320456385174984
2025-03-26,0.7089329463657038,-0.9152730044057827,-0.6327979160755958
2025-03-27,0.7061064011302887,-0.9137996323661175,-0.6287121452657424
2025-03-28,0.7194243313817689,-0.9209007733338356,-0.649937453189847
2025-03-31,0.7224434083769772,-0.9189583338253859,-0.645269678036857
2025-04-01,0.7197178048125004,-0.9183882496678725,-0.6447151200284674
2025-04-02,0.7207296616338065,-0.9167657451187977,-0.6453596448030536
2025-04-03,0.8066465611173643,-0.94301467337331,-0.7517535569331781
2025-04-04,0.8753851461397218,-0.9415526208949649,-0.7974661570002236
2025-04-07,0.8752299353904291,-0.9414536651091703,-0.7971748968344137
2025-04-08,0.8704280176282743,-0.9326393860831228,-0.7702921632104244
2025-04-09,0.897044112878756,-0.9438872557090274,-0.8227604924544447
2025-04-10,0.9033914165535224,-0.9453355026395532,-0.8274660174674019
2025-04-11,0.9031877628388757,-0.9442165594712619,-0.8227706546462076
2025-04-14,0.904769501593874,-0.9322311898297029,-0.8158132860790328
2025-04-15,0.9040724661662799,-0.9346046598799662,-0.8174766608699392
2025-04-16,0.9041396219954707,-0.9354795621799601,-0.8185842020351376
2025-04-17,0.9069435770664949,-0.9365263975981326,-0.8182395761692136
2025-04-21,0.9084896681979381,-0.9361800519387933,-0.8194972866837548
2025-04-22,0.9118115745155719,-0.9374366239606278,-0.822585269844486
2025-04-23,0.9249971117283674,-0.9372615130947444,-0.841128800640538
2025-04-24,0.926943979778316,-0.935751457281313,-0.8453559409495212
2025-04-25,0.924101325617266,-0.9363980430473775,-0.8401232743627771
2025-04-28,0.924034446126223,-0.9366078488850688,-0.8406662484738996
2025-04-29,0.9240325384584841,-0.9367676218299005,-0.8403488953693166
2025-04-30,0.9240925653807118,-0.9356361074692155,-0.8389997804284944
2025-05-01,0.9248417223413601,-0.9354852528051439,-0.8412192320123032
2025-05-02,0.9258589650527088,-0.9359464728478201,-0.8417745468406734
2025-05-05,0.9260128667792653,-0.9359932729390595,-0.84226720026165
2025-05-06,0.9260662703360166,-0.9359233457527352,-0.8421049807062664
2025-05-07,0.9309064792993499,-0.935631149271451,-0.8474248791145302
2025-05-08,0.9311254628394414,-0.9356178151823609,-0.8479964556082689
2025-05-09,0.9311582127278234,-0.9356941926850425,-0.8486063889674044
2025-05-12,0.93023571238748,-0.93853500464879,-0.8467652290123266
2025-05-13,0.9301445041658674,-0.9380174308977118,-0.8467407138866252
2025-05-14,0.9300517212133216,-0.9371829702618415,-0.8472114710573908
2025-05-15,0.9302823255635888,-0.9372297329601991,-0.8475799176357298
2025-05-16,0.9329329729446768,-0.9368967449085943,-0.8511602574977551
2025-05-19,0.9327727253709807,-0.9357516296764384,-0.850274664868174
2025-05-20,0.9343386649614305,-0.9352224618683975,-0.8494234066431269
2025-05-21,0.93508740633321,-0.9362518991344769,-0.8515359059986817
2025-05-22,0.935146566671721,-0.9366343673520957,-0.8522502361679252
2025-05-23,0.9444489644243589,-0.9342689390316663,-0.8572358793474864
2025-05-27,0.9450338614085838,-0.935465574218427,-0.8606858863083356
2025-05-28,0.9465674322765342,-0.9348454784949541,-0.8633898789346993
2025-05-29,0.9585986580384025,-0.9350402548890249,-0.8797361957381237
2025-05-30,0.9587379746661926,-0.9347802252866554,-0.8799993656924969
2025-06-02,0.9579598656957934,-0.9354735748971621,-0.8795625174939447
2025-06-03,0.9602488244412848,-0.9368651411395545,-0.8871100995046104
2025-06-04,0.9586024296702083,-0.9345701966247835,-0.882878373647875
2025-06-05,0.9583525117029537,-0.9363666568385862,-0.8845281292983501
2025-06-06,0.9586597107061978,-0.9384205244368626,-0.8884701767623948
2025-06-09,0.9590618219071505,-0.9377997903864331,-0.8871929051834715
2025-06-10,0.9579896113737114,-0.9370255405855722,-0.8846252867426097
2025-06-11,0.9583340232201594,-0.9370938308107652,-0.88403969332371
2025-06-12,0.9599600785757082,-0.9362393155595109,-0.8843412603209209
2025-06-13,0.9584632387859374,-0.9350317383090744,-0.8861320443195287
2025-06-16,0.9590434114679041,-0.9341707455804371,-0.8858779088396649
2025-06-17,0.9592002216766428,-0.9339040227009245,-0.8851825538761204
2025-06-18,0.9586500326439671,-0.931439754717608,-0.882311363230634
2025-06-20,0.9582701571535701,-0.9315961677921583,-0.88253655163663
2025-06-23,0.9602021261973761,-0.9313167919511792,-0.8821982697138935
2025-06-24,0.9599353195797236,-0.9298699142905592,-0.8831061031087467
2025-06-25,0.9588891868407203,-0.9279854939220991,-0.8795455620960579
2025-06-26,0.9602265631622483,-0.9277404133891566,-0.8818921137341081
2025-06-27,0.9606441484176362,-0.9276056345774928,-0.8817845116900341
2025-06-30,0.960504639161066,-0.9274468619862245,-0.8807151236437671
2025-07-01,0.9529294684633355,-0.9162172006162504,-0.8585014472148702
2025-07-02,0.946204266140365,-0.9059955606302476,-0.8596647411113637
2025-07-03,0.9457078402281109,-0.9055981696751406,-0.8576076250191242
2025-07-07,0.9504315429330511,-0.9079018210675337,-0.8768064856694953
2025-07-08,0.91464218381073,-0.8807479381604224,-0.8108364823270051
2025-07-09,0.8986905289410008,-0.8463865984688199,-0.7700777082870967
2025-07-10,0.8939261379011085,-0.8506943414522755,-0.7709962138051536
2025-07-11,0.8922416415276144,-0.8770295851573388,-0.7804768263875548
2025-07-14,0.8918014443886455,-0.8767541230275898,-0.771436535002585
2025-07-15,0.8811919225302582,-0.8610387226517185,-0.7330680865162029
2025-07-16,0.8806516658399611,-0.8645426143240861,-0.7284762563950777
2025-07-17,0.8657229048497211,-0.8604420529491109,-0.702205177295353
2025-07-18,0.8478072083206344,-0.8525054802976336,-0.6880068035458997
2025-07-21,0.8447517574344605,-0.8538415102704339,-0.6822254445358423
2025-07-22,0.8416807132987747,-0.8642536757151354,-0.6753253770253678
2025-07-23,0.8578175369402353,-0.8651897465909918,-0.6990274875373731
2025-07-24,0.859148002788457,-0.865078235706627,-0.7013999427246554
2025-07-25,0.8586173951365524,-0.8655653454115313,-0.7026010360734521
2025-07-28,0.8564777804473541,-0.8617592201307794,-0.6899188019745922
2025-07-29,0.8639174011930699,-0.8636428170015578,-0.6949766999439518
2025-07-30,0.8578872323903268,-0.863108050503095,-0.6931979382109296
2025-07-31,0.8569909293841246,-0.8599183157472109,-0.6884080288421596
2025-08-01,0.8715562762947113,-0.8698349288635321,-0.7138398904990118
2025-08-04,0.8710786979319681,-0.8760531944024463,-0.716473595089345
2025-08-05,0.8704852246798617,-0.8743326445060697,-0.7139015538093223
2025-08-06,0.871934161972311,-0.8771548878690298,-0.7154126605927962
2025-08-07,0.8682304446056837,-0.8385337263836896,-0.6802281754588034
2025-08-08,0.8704448027882842,-0.8449734457217299,-0.6862107262399213
2025-08-11,0.8700441532142971,-0.8484103268448536,-0.6853830780380461
2025-08-12,0.8738037729647216,-0.8517556097939615,-0.6931197152821096
2025-08-13,0.8725515650036565,-0.8557444781206479,-0.694072937737988
2025-08-14,0.8684255232323576,-0.8574239907631873,-0.6909141805863624
2025-08-15,0.8648035498777477,-0.8610316447701724,-0.6861728177135521
2025-08-18,0.8460901070536854,-0.841414809173056,-0.652468157428526
2025-08-19,0.8339545603756994,-0.8439219635579095,-0.6473938951401069
2025-08-20,0.8253885548119819,-0.8393599973035885,-0.6534731606805324
2025-08-21,0.8127129178374951,-0.8099846933621938,-0.6209303671760794
2025-08-22,0.8222808508473071,-0.8277137234219774,-0.6476138373437157
2025-08-25,0.8239251829850747,-0.8298927239514379,-0.6527228285802031
2025-08-26,0.8252993289517524,-0.8280927186705417,-0.6502350897293487
2025-08-27,0.8268930115535745,-0.8274734294937939,-0.6485780461137314
2025-08-28,0.8287630182188248,-0.8272148160355763,-0.6488058424728922
2025-08-29,0.8158820173744982,-0.8302414657160475,-0.6441180953950277
2025-09-02,0.8207806748091195,-0.8328172035862406,-0.6507491347995018
2025-09-03,0.8081815192913465,-0.8297029447225872,-0.6350530918080938
2025-09-04,0.8157596791700125,-0.8322574547848978,-0.6463566401650722
2025-09-05,0.8057341472346893,-0.8368441928236399,-0.6263900985464308
2025-09-08,0.8059247718430427,-0.8362447516613029,-0.6247830969937378
2025-09-09,0.8074094496267394,-0.8445350940443336,-0.62505210780801
2025-09-10,0.7849095555340985,-0.8304475948455928,-0.5713371046193072
2025-09-11,0.7826141614728648,-0.8287294139073962,-0.5551493000605922
2025-09-12,0.781656689459772,-0.8196885143921445,-0.5503883619859282
2025-09-15,0.773814584056661,-0.8151250792706528,-0.5566479515777726
2025-09-16,0.780730436285051,-0.8133432734765919,-0.5635658522395014
2025-09-17,0.7551165116985639,-0.800800682724546,-0.5750349531956046
2025-09-18,0.7421679344885282,-0.7907429092487441,-0.5481070227300324
2025-09-19,0.7417916358995479,-0.7869537710691002,-0.5508840257904662
2025-09-22,0.7337435704248372,-0.7779067136895759,-0.5530241531186658
2025-09-23,0.7360655137378018,-0.7857214896760543,-0.559489685650056
2025-09-24,0.734119643686527,-0.7801027925713837,-0.5607896846417892
2025-09-25,0.7404249951074552,-0.7826566547015811,-0.5676864351376758
2025-09-26,0.7484124666150013,-0.7883934035825441,-0.5749572458382121
2025-09-29,0.7423042237457071,-0.7878735493634559,-0.5701124141038614
2025-09-30,0.7269814103696978,-0.7860640174464543,-0.5634253511331931
2025-10-01,0.7091286293388602,-0.7931032753693711,-0.5844100949798905
2025-10-02,0.7092137388539138,-0.7870214014162696,-0.5840298500180862
2025-10-03,0.7007461910627677,-0.7866434915308357,-0.5820688765170291
2025-10-06,0.6930283403326537,-0.7850195594795885,-0.5818535304902287
2025-10-07,0.6894800170163556,-0.7949786921594618,-0.5943943059423749
2025-10-08,0.6693922447059166,-0.8036164395024363,-0.6168887015213953
2025-10-09,0.6706204068894482,-0.8091058524305396,-0.6304428178766888
2025-10-10,0.7239958299561312,-0.8751843735988012,-0.7083868575784479
2025-10-13,0.7314146023548161,-0.8879764777952281,-0.7136450294934578
2025-10-14,0.7134208585073091,-0.8781618122466072,-0.6545123301202698
2025-10-15,0.7147855883076846,-0.871213709032084,-0.6560433504860154
2025-10-16,0.6932449934223496,-0.8521587583184215,-0.7033727960045026
2025-10-17,0.6960911834228982,-0.8362883630668221,-0.7035474780854659
2025-10-20,0.7046823327699849,-0.8400504053356393,-0.7164480614116082
2025-10-21,0.7069345535442331,-0.844204316187511,-0.7313844527830933
2025-10-22,0.7078083290097578,-0.8437191660743694,-0.7306527482616494
2025-10-23,0.7077809579699635,-0.8440749172352462,-0.7309467525168457
2025-10-24,0.7110635260782169,-0.8420348820157335,-0.7274017910785835
2025-10-27,0.6760763303345987,-0.8237789325918055,-0.7021899949009734
2025-10-28,0.6644698329747563,-0.8030947203739189,-0.70024809640867
2025-10-29,0.6444583432301345,-0.8030562389090875,-0.6939280773420982
2025-10-30,0.6115026718797406,-0.7887460762161779,-0.6878339560669964
2025-10-31,0.6155042934628576,-0.7866961143962496,-0.6904364845397079
2025-11-03,0.6071621514814926,-0.7836900761082511,-0.682587441152067
2025-11-04,0.5673234398407092,-0.7874819893364767,-0.6614432147060333
2025-11-05,0.5537396661845669,-0.7801588494755479,-0.65234916014031
2025-11-06,0.5490866089159028,-0.7867839776213222,-0.6525131197638858
2025-11-07,0.5487340003428814,-0.786755598862483,-0.654658794141127
2025-11-10,0.5404338026347597,-0.7975220162602176,-0.6609543871058536
2025-11-11,0.5413254117742254,-0.8020519311191087,-0.6607181333518344
2025-11-12,0.5424056379193543,-0.800469980207359,-0.653858965309563
2025-11-13,0.5764929030533323,-0.8163862988362155,-0.6724856881363076
2025-11-14,0.571953278788678,-0.8124921972029002,-0.6536575570966897
2025-11-17,0.5642182322160992,-0.8056420008149507,-0.6449295216024657
2025-11-18,0.5569010726258687,-0.8109642542595643,-0.6422319373902111
2025-11-19,0.5559000382531909,-0.8116948906831418,-0.6459411540031696
2025-11-20,0.56400617296115,-0.8251160410870907,-0.652551412758608
2025-11-21,0.5756028906436067,-0.829637323118923,-0.6642102786989709
2025-11-24,0.5846117811850697,-0.8386001146402918,-0.6656732323786845
2025-11-25,0.5897024533332162,-0.8373853373746726,-0.664592864382834
2025-11-26,0.5967488882692931,-0.8378643937442224,-0.6714548277630102
2025-11-28,0.5921879524731462,-0.8369751792710873,-0.6693879870386493
2025-12-01,0.6022027420269722,-0.8352301694367354,-0.6875508619135139
2025-12-02,0.6020824572986069,-0.8349468276921268,-0.6871353127258527
2025-12-03,0.5990658519807477,-0.8346445907363902,-0.6781239216874089
2025-12-04,0.601689478879634,-0.8346706898544949,-0.6796050479725415
2025-12-05,0.5939721352325593,-0.8339080232076314,-0.6829984570929318
2025-12-08,0.5954409880553416,-0.8345425516171623,-0.6853826267100467
2025-12-09,0.6000097407448522,-0.8406313222264271,-0.6847276601175615
2025-12-10,0.5659969023469237,-0.8423917123085277,-0.6407917922395966
2025-12-11,0.5627365566687389,-0.8519960402453062,-0.6235738480716305
2025-12-12,0.54975442268562,-0.8406956942952014,-0.6231881468686151
2025-12-15,0.548239603777858,-0.8427536943562193,-0.6234144799829898
2025-12-16,0.5518135107156557,-0.8506042048623357,-0.6213220148569109
2025-12-17,0.5390137961859747,-0.8461264393071757,-0.6183488719967133
2025-12-18,0.5319478514559,-0.8517097243438347,-0.614630058070845
2025-12-19,0.535886795578495,-0.8537022576325343,-0.6175747637637516
2025-12-22,0.5373898840366977,-0.8543498271871128,-0.6171129669690943
2025-12-23,0.5363465507519486,-0.8551533814187032,-0.6225720265420429
2025-12-24,0.5424831621100545,-0.8546325746743725,-0.6220226219367129
2025-12-26,0.5550489440015584,-0.855687131405738,-0.6275679136308053
2025-12-29,0.5574108738404211,-0.8532613173850685,-0.6231118532347549
2025-12-30,0.561349865145656,-0.85173954252432,-0.6236768003060029
2025-12-31,0.5681488385739805,-0.8512025240630202,-0.6242472038214676
2026-01-02,0.5706090281067469,-0.8503818210167682,-0.6287836835081787
2026-01-05,0.5826915422712318,-0.8398657795633233,-0.591484132432279
2026-01-06,0.5836954506902772,-0.8387817634561363,-0.5915758422705836
2026-01-07,0.5216809994336361,-0.8018293650649464,-0.5354568454794417
2026-01-08,0.5085555297673829,-0.7866681684523109,-0.5262468738361779
2026-01-09,0.5107571594195697,-0.7937837844535378,-0.5672149203896618
2026-01-12,0.5063273952946225,-0.800219656534978,-0.5670553014077844
2026-01-13,0.4922694796866834,-0.8166823078389615,-0.4966234995651245
2026-01-14,0.4879919407869122,-0.8387518001161495,-0.48815513499372903
2026-01-15,0.47263829980586425,-0.8390070246301294,-0.46652992232043033
2026-01-16,0.47200647494490416,-0.8394404437086244,-0.4661741260976956
2026-01-20,0.5342915005380475,-0.8620859084749621,-0.5421598494823034
2026-01-21,0.5358125083291938,-0.8554900384703311,-0.5274878933332094
2026-01-22,0.530150845386902,-0.8600080985216112,-0.5324338701317953
2026-01-23,0.5196433889027329,-0.8575903969450303,-0.5354235396675129
2026-01-26,0.5297953038976979,-0.8664460398331393,-0.5278137676513743
2026-01-27,0.5354402363829006,-0.8596657673553745,-0.5293385559032223
2026-01-28,0.5567136456247436,-0.8673585274634021,-0.5333741364482426
2026-01-29,0.5421517475673948,-0.8704947937584241,-0.5199194565770889
2026-01-30,0.5453537377070208,-0.8708709428210667,-0.5225493194302085
2026-02-02,0.5821996385046415,-0.8662632992790904,-0.5547749142787252
2026-02-03,0.5893535578982139,-0.8719010851716084,-0.5631608500771228
2026-02-04,0.5760454281819818,-0.8684459529308489,-0.5511511397948279
2026-02-05,0.5940987758303028,-0.8757535371558205,-0.569916033856825
2026-02-06,0.6329895476083626,-0.875723564462556,-0.5961402473233388
2026-02-09,0.6218438190417364,-0.876819628642359,-0.5814955084691424
2026-02-10,0.62727635618222,-0.8775723186227185,-0.5949419264809538
2026-02-11,0.6005740149781397,-0.8676913178525465,-0.5662587406786468
2026-02-12,0.6329576742299033,-0.8788775863597754,-0.6072938871160427
2026-02-13,0.6185353156590581,-0.8734463404524203,-0.5843115794552484
2026-02-17,0.619912798740153,-0.8670833444080635,-0.5949682874114514
2026-02-18,0.6217058037567171,-0.8619540144516482,-0.5879953721193845
2026-02-19,0.6192622215421014,-0.847908337372662,-0.5883247057512386
2026-02-20,0.613177020299742,-0.8442104541400219,-0.5788615850516886
2026-02-23,0.6352944818016232,-0.8378198583271846,-0.5991140354220724
2026-02-24,0.6271605295938472,-0.839722017210563,-0.5957381175317953
2026-02-25,0.6336268380808163,-0.8414163237136261,-0.6023680989534435
2026-02-26,0.6010188191774333,-0.840655164223374,-0.5802479669910822
2026-02-27,0.600775388572445,-0.8430759308091159,-0.5976807932988467
2026-03-02,0.6007679136352276,-0.8416237349152722,-0.5984791091522625
2026-03-03,0.5914528073672018,-0.8472349290171233,-0.5943574007393421
2026-03-04,0.594865453666103,-0.8502014909169168,-0.5972686803380465
2026-03-05,0.5954585266736949,-0.8439921382737081,-0.5883276109434211
2026-03-06,0.6075461073374322,-0.8409094680709319,-0.5878469378009755
2026-03-09,0.593535887753725,-0.8348113772702472,-0.5399781073622887
2026-03-10,0.6219182061226016,-0.8267398312192669,-0.5698738210302151
2026-03-11,0.6279023389523883,-0.8133300107631575,-0.5493765803409458
2026-03-12,0.6614543274513071,-0.8369039809086066,-0.5659486479613048
2026-03-13,0.6564106767057634,-0.8370326428151594,-0.5636011914555403
2026-03-16,0.6624925611296341,-0.8435435594826458,-0.5746849552844939
2026-03-17,0.679998801388408,-0.851542595427234,-0.5776114444364666
2026-03-18,0.6909494295868062,-0.8582807803210233,-0.5894856587371415
2026-03-19,0.68641663530866,-0.8479276654218013,-0.584825941857473
2026-03-20,0.6487577112356183,-0.8517931845992512,-0.5591679389712807
2026-03-23,0.6566421186511551,-0.859228812363719,-0.5692586446869791
2026-03-24,0.6530735099491632,-0.8609621069024457,-0.5687950046338912
2026-03-25,0.6531976538406897,-0.861747709067163,-0.5698919381160061
2026-03-26,0.6390124489692537,-0.8692271390216604,-0.5708713261232641
2026-03-27,0.6654072532847084,-0.87485194173677,-0.5922891115473874
2026-03-30,0.65057377305897,-0.8754805537578382,-0.591726859527075
2026-03-31,0.6770366026041742,-0.881954811287758,-0.6193697177605331
2026-04-01,0.673243307293072,-0.889192554284199,-0.6450032341407361
2026-04-02,0.6708046762494132,-0.8899794153839317,-0.6436357296667813
2026-04-06,0.675775756679671,-0.8905458028755212,-0.6487278492953819
2026-04-07,0.6777224413309736,-0.8859709618153633,-0.6440104477441949
2026-04-08,0.7147748161699012,-0.8954110349977161,-0.6754076832432611
2026-04-09,0.7197338729840744,-0.8964261882721557,-0.6776049097957743
2026-04-10,0.7266537122582717,-0.8966590566727524,-0.6798477699585043
2026-04-13,0.7331610182065336,-0.897479554242677,-0.6844957954250719
2026-04-14,0.7295247223292969,-0.8922982262157494,-0.6838959861380136
2026-04-15,0.7323130776894158,-0.8866605475574376,-0.6809087395361421
2026-04-16,0.7116594035120187,-0.8771830977241886,-0.657888852976442
2026-04-17,0.714640431215695,-0.8729422926089156,-0.6671769759630487
2026-04-20,0.7106957924625322,-0.8724657398019394,-0.6628020004274622
2026-04-21,0.7210446736179413,-0.872887989999421,-0.6652461661889958
2026-04-22,0.710916080312302,-0.8709871504321226,-0.6654083536014181
2026-04-23,0.7199355732985763,-0.8731911774813097,-0.662422410130567
2026-04-24,0.7073975643837815,-0.8669863491153048,-0.6618706527929549
2026-04-27,0.7167754065206439,-0.8648485904889617,-0.6725003512997503
2026-04-28,0.7135722298439334,-0.857801944117896,-0.6724742850660004
2026-04-29,0.7123733196632824,-0.858061635404948,-0.6641080046630198
2026-04-30,0.7097508402383758,-0.856914904594142,-0.6619352181401778
2026-05-01,0.7200798889304556,-0.8557844004912926,-0.6694313318184049
2026-05-04,0.7147148934601998,-0.8513549814220644,-0.6620566609096368
2026-05-05,0.6961910723683682,-0.8425568728767552,-0.6491740881211593
2026-05-06,0.7019182809032204,-0.8381477409413809,-0.661635392037318
2026-05-07,0.702047584469263,-0.8348625462369486,-0.657506481276644
2026-05-08,0.6992484845992489,-0.8298141501970772,-0.6689391896080773
2026-05-11,0.6808521825252132,-0.8221171663872517,-0.6550610377496285
2026-05-12,0.6741912214573643,-0.8178607493011167,-0.6569446293600816
2026-05-13,0.6640779639812929,-0.8155620813813411,-0.6528599977477674
2026-05-14,0.6652629386701473,-0.8175602784695216,-0.6578613189273501
2026-05-15,0.6589304821883208,-0.8059503884824055,-0.6554493179718339
2026-05-18,0.6446887065835868,-0.801460589342756,-0.6537093449999671
2026-05-19,0.6536158237921432,-0.7966496834115322,-0.670007951721005
2026-05-20,0.6579225757239033,-0.7948644283406258,-0.6690601309778258
2026-05-21,0.655235838366163,-0.7907606772067962,-0.6648506322823285
2026-05-22,0.6855487891579588,-0.7895955142400262,-0.6805964486810022
2026-05-26,0.6901209736910378,-0.7891801017838056,-0.67474966357242
2026-05-27,0.6868788731702868,-0.7870920963757094,-0.6613953108444449
2026-05-28,0.6867260070243543,-0.783118805726813,-0.6610844783601484
2026-05-29,0.6828185707934579,-0.7812616001278654,-0.6589656092568993
2026-06-01,0.679354413342218,-0.776424616526943,-0.6608314746377117
2026-06-02,0.6633770067524343,-0.7701724124463506,-0.644209830855421
2026-06-03,0.6822581130236479,-0.7797072539067393,-0.6997202074331603
2026-06-04,0.648392712959193,-0.7830690128080112,-0.6883516129201069
2026-06-05,0.5938105697974314,-0.8128714940112265,-0.6953016034729852
2026-06-08,0.5648234636109679,-0.801074660602202,-0.666243656327555
2026-06-09,0.5538523529899005,-0.8004796465369031,-0.6514103885582068
2026-06-10,0.5498364371315165,-0.8148656467464216,-0.6501104007711765
2026-06-11,0.5547980979875222,-0.8208873273204454,-0.6528518884779445
2026-06-12,0.5353987012989296,-0.8099683249953933,-0.6455806698493056
2026-06-15,0.5319178826818902,-0.8280961864161291,-0.6393033758676817
2026-06-16,0.5138182128060499,-0.8158796468728924,-0.6466585736110898
2026-06-17,0.514791696779547,-0.8207713726393205,-0.6451716751476411
2026-06-18,0.4886356317363118,-0.8214327128897149,-0.6178756618573804
2026-06-22,0.48237112277510913,-0.8193553250056158,-0.6173660757390065
2026-06-23,0.4584781903990355,-0.8144834988737969,-0.597561591067065
2026-06-24,0.39730683733454736,-0.7972233216306505,-0.5394193765964644
2026-06-25,0.4160334895274357,-0.7982457280900052,-0.5400706331970364
2026-06-26,0.34262850711961496,-0.765732005921493,-0.48221701360240915
2026-06-29,0.3425441662063347,-0.7681723420295778,-0.4836307264425559
2026-06-30,0.3378882931374188,-0.7692438099553022,-0.4803076802647198
2026-07-01,0.3056178824879005,-0.7697792988545527,-0.43271299870437535
2026-07-02,0.2893087905702615,-0.7789387766654505,-0.4283732611502601
2026-07-06,0.2030960606772481,-0.7491204901547336,-0.3314514692994418
2026-07-07,0.20647038090196163,-0.7520379891893585,-0.3359015288958934
2026-07-08,0.2153983105699933,-0.7539441561883127,-0.33976260173951417
2026-07-09,0.20483526794784157,-0.7502511472853077,-0.3177689719269336
2026-07-10,0.20406491985785238,-0.753950770033489,-0.31806770867841555
2026-07-13,0.18284367993694192,-0.7699275411495047,-0.30396599916329536
2026-07-14,0.18528205283150245,-0.7711153214738884,-0.3042868713622028
2026-07-15,0.17443022644083228,-0.7762383730802926,-0.30873110691336225
2026-07-16,0.17129085895931134,-0.7783872572106216,-0.3032832730543047
2026-07-17,0.1830460051300829,-0.7828408602891999,-0.32103051438823593
2026-07-20,0.1944011789880514,-0.7828530247083538,-0.3175200721874032
2026-07-21,0.18478644744045436,-0.7865937271854789,-0.31442493486625606
2026-07-22,0.20172371197667308,-0.7988277340831734,-0.3110648650125039
