anchor_ts,anchor_px,trigger_ts,trigger_px,peak_ts,peak_px,retreat_ts,retreat_px,legA_mkt_min,legB_mkt_min,total_mkt_min,legA_wall_min,legB_wall_min,total_wall_min,runup_past_trigger,upswing_anchor_to_peak,span,legB_span,retreat_on_first_bar_back,boundaries_crossed
2019-12-31 09:30,17.9200,2020-01-02 09:30,19.1200,2020-01-02 09:39,19.2600,2020-01-02 10:15,18.9100,9,36,45,9,36,45,0.007322,0.074777,intraday,intraday,0,0
2020-01-06 09:38,17.4900,2020-01-07 09:30,18.3100,2020-01-07 09:36,18.5200,2020-01-07 09:41,18.2100,6,5,11,6,5,11,0.011469,0.058891,intraday,intraday,0,0
2020-01-07 09:43,18.2000,2020-01-07 11:03,18.9300,2020-01-07 13:09,19.0000,2020-01-08 09:30,18.6400,126,171,297,126,1221,1347,0.003698,0.043956,overnight,overnight,1,1
2020-01-08 10:49,18.5000,2020-01-09 09:30,19.4700,2020-01-09 09:53,19.4800,2020-01-09 11:21,19.1800,23,88,111,23,88,111,0.000514,0.052973,intraday,intraday,0,0
2020-01-09 12:43,18.5800,2020-01-10 09:30,19.3300,2020-01-10 09:30,19.3300,2020-01-10 11:31,19.0000,0,121,121,0,121,121,0.000000,0.040366,intraday,intraday,0,0
2020-01-10 15:42,18.5800,2020-01-13 09:54,19.3400,2020-01-14 09:38,19.6500,2020-01-14 09:51,19.3200,374,13,387,1424,13,1437,0.016029,0.057589,overnight,intraday,0,1
2020-01-15 15:33,18.6800,2020-01-16 09:35,19.4700,2020-01-16 10:09,19.7600,2020-01-16 11:11,19.4600,34,62,96,34,62,96,0.014895,0.057816,intraday,intraday,0,0
2020-01-16 11:22,19.3700,2020-01-17 15:53,20.1600,2020-01-21 12:15,20.4000,2020-01-21 13:37,20.0600,172,82,254,5542,82,5624,0.011905,0.053175,weekend,intraday,0,1
2020-01-21 14:01,19.9800,2020-01-22 09:34,20.8100,2020-01-22 11:39,21.2700,2020-01-22 12:25,20.9300,125,46,171,125,46,171,0.022105,0.064565,intraday,intraday,0,0
2020-01-23 09:52,20.2900,2020-01-23 15:23,21.1100,2020-01-24 09:31,22.0700,2020-01-24 09:38,21.7000,38,7,45,1088,7,1095,0.045476,0.087728,overnight,intraday,0,1
2020-01-27 11:19,18.0000,2020-01-28 09:30,18.7900,2020-01-28 09:32,18.8100,2020-01-28 09:39,18.5200,2,7,9,2,7,9,0.001064,0.045000,intraday,intraday,0,0
2020-01-28 09:46,18.3700,2020-01-28 11:32,19.1200,2020-01-28 15:32,19.5000,2020-01-29 09:30,19.1100,240,28,268,240,1078,1318,0.019874,0.061513,overnight,overnight,1,1
2020-01-30 10:55,17.1700,2020-01-30 15:21,17.8700,2020-01-30 15:58,18.2100,2020-01-31 09:30,17.6700,37,2,39,37,1052,1089,0.019026,0.060571,overnight,overnight,1,1
2020-01-31 15:39,16.0500,2020-02-03 10:00,16.7000,2020-02-03 10:38,16.9100,2020-02-03 11:41,16.6400,38,63,101,38,63,101,0.012575,0.053583,intraday,intraday,0,0
2020-02-03 11:48,16.6000,2020-02-04 09:30,18.2900,2020-02-04 09:30,18.2900,2020-02-04 09:38,17.9800,0,8,8,0,8,8,0.000000,0.101807,intraday,intraday,0,0
2020-02-04 10:16,17.9100,2020-02-05 09:30,19.6900,2020-02-05 09:30,19.6900,2020-02-05 09:37,19.2700,0,7,7,0,7,7,0.000000,0.099386,intraday,intraday,0,0
2020-02-05 10:41,18.8400,2020-02-05 15:01,19.6500,2020-02-05 15:23,19.6900,2020-02-06 09:35,19.3600,22,42,64,22,1092,1114,0.002036,0.045117,overnight,overnight,0,1
2020-02-10 09:30,17.9000,2020-02-10 11:47,18.6200,2020-02-11 10:50,20.5400,2020-02-11 11:38,20.2300,333,48,381,1383,48,1431,0.103115,0.147486,overnight,intraday,0,1
2020-02-11 15:19,19.9100,2020-02-12 09:30,21.0500,2020-02-12 10:00,21.2200,2020-02-12 10:41,20.8900,30,41,71,30,41,71,0.008076,0.065796,intraday,intraday,0,0
2020-02-13 09:30,20.5800,2020-02-13 11:21,21.4100,2020-02-13 11:42,21.6300,2020-02-13 12:54,21.2900,21,72,93,21,72,93,0.010276,0.051020,intraday,intraday,0,0
2020-02-13 15:45,21.0000,2020-02-14 09:32,21.8900,2020-02-14 09:32,21.8900,2020-02-14 09:36,21.4700,0,4,4,0,4,4,0.000000,0.042381,intraday,intraday,0,0
2020-02-18 09:30,19.7300,2020-02-19 09:30,21.2000,2020-02-19 12:50,21.8000,2020-02-20 09:30,21.4700,200,190,390,200,1240,1440,0.028302,0.104916,overnight,overnight,1,1
2020-02-20 11:32,19.9500,2020-02-20 14:05,20.7700,2020-02-20 14:39,20.8900,2020-02-21 09:30,20.3400,34,81,115,34,1131,1165,0.005778,0.047118,overnight,overnight,1,1
2020-02-24 09:30,15.9700,2020-02-24 09:44,16.6300,2020-02-24 09:51,16.8100,2020-02-24 09:56,16.5300,7,5,12,7,5,12,0.010824,0.052599,intraday,intraday,0,0
2020-02-24 13:17,16.0700,2020-02-24 14:54,16.7500,2020-02-24 15:06,16.9500,2020-02-24 15:13,16.6600,12,7,19,12,7,19,0.011940,0.054760,intraday,intraday,0,0
2020-02-24 15:59,16.1700,2020-02-25 09:30,16.8700,2020-02-25 09:30,16.8700,2020-02-25 09:33,16.4900,0,3,3,0,3,3,0.000000,0.043290,intraday,intraday,0,0
2020-02-25 14:30,14.4600,2020-02-25 14:57,15.0400,2020-02-25 15:05,15.2500,2020-02-25 15:10,15.0200,8,5,13,8,5,13,0.013963,0.054633,intraday,intraday,0,0
2020-02-25 15:39,14.5900,2020-02-26 09:30,15.2700,2020-02-26 09:43,15.7200,2020-02-26 09:51,15.4200,13,8,21,13,8,21,0.029470,0.077450,intraday,intraday,0,0
2020-02-27 10:34,12.6800,2020-02-27 10:46,13.2400,2020-02-27 11:19,13.8700,2020-02-27 11:23,13.6200,33,4,37,33,4,37,0.047583,0.093849,intraday,intraday,0,0
2020-02-27 11:45,13.2700,2020-02-27 12:08,13.8300,2020-02-27 12:19,14.0700,2020-02-27 12:21,13.8400,11,2,13,11,2,13,0.017354,0.060286,intraday,intraday,0,0
2020-02-27 12:24,13.7600,2020-02-27 12:49,14.3400,2020-02-27 12:49,14.3400,2020-02-27 12:59,14.0800,0,10,10,0,10,10,0.000000,0.042151,intraday,intraday,0,0
2020-02-28 09:30,11.6400,2020-02-28 09:36,12.1700,2020-02-28 09:36,12.1700,2020-02-28 09:44,11.8300,0,8,8,0,8,8,0.000000,0.045533,intraday,intraday,0,0
2020-02-28 10:04,11.6100,2020-02-28 10:15,12.1200,2020-02-28 10:18,12.2700,2020-02-28 10:27,12.0600,3,9,12,3,9,12,0.012376,0.056848,intraday,intraday,0,0
2020-02-28 10:29,11.9000,2020-02-28 10:53,12.4700,2020-02-28 10:59,12.6600,2020-02-28 11:02,12.4700,6,3,9,6,3,9,0.015237,0.063866,intraday,intraday,0,0
2020-02-28 11:08,12.3100,2020-02-28 11:20,12.8300,2020-02-28 11:43,13.8300,2020-02-28 11:45,13.5400,23,2,25,23,2,25,0.077942,0.123477,intraday,intraday,0,0
2020-02-28 12:17,12.8500,2020-02-28 12:41,13.3700,2020-02-28 12:41,13.3700,2020-02-28 12:45,13.0800,0,4,4,0,4,4,0.000000,0.040467,intraday,intraday,0,0
2020-02-28 14:05,12.4600,2020-02-28 14:22,12.9800,2020-02-28 14:22,12.9800,2020-02-28 14:25,12.7800,0,3,3,0,3,3,0.000000,0.041734,intraday,intraday,0,0
2020-02-28 14:27,12.6700,2020-02-28 14:43,13.2300,2020-02-28 14:44,13.3100,2020-02-28 14:51,13.1100,1,7,8,1,7,8,0.006047,0.050513,intraday,intraday,0,0
2020-02-28 15:43,12.5300,2020-02-28 15:54,13.0600,2020-03-02 09:30,14.0800,2020-03-02 09:35,13.6700,6,5,11,3936,5,3941,0.078101,0.123703,weekend,intraday,0,1
2020-03-02 10:31,13.0300,2020-03-02 10:45,13.5800,2020-03-02 10:55,13.8500,2020-03-02 11:08,13.6400,10,13,23,10,13,23,0.019882,0.062932,intraday,intraday,0,0
2020-03-02 11:09,13.6100,2020-03-02 11:30,14.1800,2020-03-02 12:01,14.4400,2020-03-02 12:10,14.2000,31,9,40,31,9,40,0.018336,0.060985,intraday,intraday,0,0
2020-03-02 14:43,13.7600,2020-03-02 15:26,14.3500,2020-03-02 15:59,15.0200,2020-03-03 09:34,14.7400,33,5,38,33,1055,1088,0.046690,0.091570,overnight,overnight,0,1
2020-03-03 09:56,14.4700,2020-03-03 10:00,15.5700,2020-03-03 10:03,15.7600,2020-03-03 10:06,15.4900,3,3,6,3,3,6,0.012203,0.089150,intraday,intraday,0,0
2020-03-03 10:15,14.8400,2020-03-03 10:44,15.4400,2020-03-03 10:44,15.4400,2020-03-03 10:51,15.1300,0,7,7,0,7,7,0.000000,0.040431,intraday,intraday,0,0
2020-03-03 11:29,14.2300,2020-03-03 11:58,14.8000,2020-03-03 12:09,14.9800,2020-03-03 12:14,14.7300,11,5,16,11,5,16,0.012162,0.052706,intraday,intraday,0,0
2020-03-03 14:09,13.1300,2020-03-03 15:03,13.7200,2020-03-03 15:18,13.8700,2020-03-03 15:22,13.6300,15,4,19,15,4,19,0.010933,0.056359,intraday,intraday,0,0
2020-03-03 15:52,13.4000,2020-03-04 09:30,14.3000,2020-03-04 09:32,14.3400,2020-03-04 09:35,14.0100,2,3,5,2,3,5,0.002797,0.070149,intraday,intraday,0,0
2020-03-04 09:58,13.7400,2020-03-04 10:12,14.3200,2020-03-04 10:22,14.6100,2020-03-04 10:33,14.3800,10,11,21,10,11,21,0.020251,0.063319,intraday,intraday,0,0
2020-03-04 11:08,14.1300,2020-03-04 12:49,14.7200,2020-03-04 13:25,15.1100,2020-03-04 14:02,14.8600,36,37,73,36,37,73,0.026495,0.069356,intraday,intraday,0,0
2020-03-04 14:05,14.8200,2020-03-04 15:51,15.4200,2020-03-04 15:59,15.4900,2020-03-05 09:30,14.3900,8,1,9,8,1051,1059,0.004540,0.045209,overnight,overnight,1,1
2020-03-05 09:56,14.2800,2020-03-05 10:48,14.9100,2020-03-05 11:19,15.2300,2020-03-05 11:39,15.0000,31,20,51,31,20,51,0.021462,0.066527,intraday,intraday,0,0
2020-03-06 09:53,12.6200,2020-03-06 10:16,13.1300,2020-03-06 10:30,13.4800,2020-03-06 10:34,13.2600,14,4,18,14,4,18,0.026657,0.068146,intraday,intraday,0,0
2020-03-06 15:09,12.2200,2020-03-06 15:32,12.8200,2020-03-06 15:35,12.8400,2020-03-06 15:39,12.5800,3,4,7,3,4,7,0.001560,0.050736,intraday,intraday,0,0
2020-03-06 15:39,12.5800,2020-03-06 15:51,13.1700,2020-03-06 15:57,13.2400,2020-03-09 09:30,10.2000,6,3,9,6,3933,3939,0.005315,0.052464,weekend,weekend,1,1
2020-03-09 09:49,10.1900,2020-03-09 09:53,10.9400,2020-03-09 09:56,11.3300,2020-03-09 09:58,11.1100,3,2,5,3,2,5,0.035649,0.111874,intraday,intraday,0,0
2020-03-09 10:04,10.7300,2020-03-09 10:09,11.1900,2020-03-09 10:09,11.1900,2020-03-09 10:12,11.0000,0,3,3,0,3,3,0.000000,0.042870,intraday,intraday,0,0
2020-03-09 11:08,10.5900,2020-03-09 11:18,11.0800,2020-03-09 11:24,11.0900,2020-03-09 11:30,10.9100,6,6,12,6,6,12,0.000903,0.047214,intraday,intraday,0,0
2020-03-09 11:30,10.9100,2020-03-09 11:42,11.3600,2020-03-09 12:08,11.7900,2020-03-09 12:13,11.6000,26,5,31,26,5,31,0.037852,0.080660,intraday,intraday,0,0
2020-03-09 14:44,9.9600,2020-03-09 14:55,10.3600,2020-03-09 14:57,10.4300,2020-03-09 15:02,10.2400,2,5,7,2,5,7,0.006757,0.047189,intraday,intraday,0,0
2020-03-09 15:02,10.2400,2020-03-09 15:48,10.6500,2020-03-09 15:48,10.6500,2020-03-09 15:50,10.2900,0,2,2,0,2,2,0.000000,0.040039,intraday,intraday,0,0
2020-03-09 15:59,9.8700,2020-03-10 09:30,11.0900,2020-03-10 09:30,11.0900,2020-03-10 09:31,10.9000,0,1,1,0,1,1,0.000000,0.123607,intraday,intraday,0,0
2020-03-10 11:38,9.9300,2020-03-10 11:48,10.3400,2020-03-10 11:48,10.3400,2020-03-10 11:52,10.1600,0,4,4,0,4,4,0.000000,0.041289,intraday,intraday,0,0
2020-03-10 11:53,10.1200,2020-03-10 12:11,10.5900,2020-03-10 12:15,10.6700,2020-03-10 12:26,10.4700,4,11,15,4,11,15,0.007554,0.054348,intraday,intraday,0,0
2020-03-10 12:33,10.3000,2020-03-10 13:34,10.7400,2020-03-10 13:34,10.7400,2020-03-10 13:40,10.5400,0,6,6,0,6,6,0.000000,0.042718,intraday,intraday,0,0
2020-03-10 14:05,10.2800,2020-03-10 14:35,10.7100,2020-03-10 15:22,11.4900,2020-03-10 15:30,11.3000,47,8,55,47,8,55,0.072829,0.117704,intraday,intraday,0,0
2020-03-10 15:31,11.2500,2020-03-10 15:55,11.7000,2020-03-10 15:59,11.7700,2020-03-11 09:30,10.6700,4,1,5,4,1051,1055,0.005983,0.046222,overnight,overnight,1,1
2020-03-11 09:30,10.6700,2020-03-11 10:08,11.1000,2020-03-11 10:13,11.1100,2020-03-11 10:24,10.9100,5,11,16,5,11,16,0.000901,0.041237,intraday,intraday,0,0
2020-03-11 12:02,10.2800,2020-03-11 12:18,10.7500,2020-03-11 12:20,10.7700,2020-03-11 12:26,10.5500,2,6,8,2,6,8,0.001860,0.047665,intraday,intraday,0,0
2020-03-11 15:24,9.4200,2020-03-11 15:34,9.8000,2020-03-11 15:41,9.9700,2020-03-11 15:44,9.8100,7,3,10,7,3,10,0.017347,0.058386,intraday,intraday,0,0
2020-03-12 09:53,7.5800,2020-03-12 09:57,7.9200,2020-03-12 10:00,8.1700,2020-03-12 10:03,8.0000,3,3,6,3,3,6,0.031566,0.077836,intraday,intraday,0,0
2020-03-12 10:35,7.6800,2020-03-12 10:52,8.0000,2020-03-12 10:56,8.1100,2020-03-12 11:00,7.9700,4,4,8,4,4,8,0.013750,0.055990,intraday,intraday,0,0
2020-03-12 12:12,7.0000,2020-03-12 12:23,7.3400,2020-03-12 12:27,7.5100,2020-03-12 12:30,7.3500,4,3,7,4,3,7,0.023161,0.072857,intraday,intraday,0,0
2020-03-12 12:40,7.2700,2020-03-12 12:53,7.6100,2020-03-12 13:05,8.9000,2020-03-12 13:06,8.7300,12,1,13,12,1,13,0.169514,0.224209,intraday,intraday,0,0
2020-03-12 13:45,7.4300,2020-03-12 13:58,7.7600,2020-03-12 13:59,7.8400,2020-03-12 14:00,7.7200,1,1,2,1,1,2,0.010309,0.055182,intraday,intraday,0,0
2020-03-12 14:01,7.5600,2020-03-12 14:05,7.8800,2020-03-12 14:05,7.8800,2020-03-12 14:07,7.7200,0,2,2,0,2,2,0.000000,0.042328,intraday,intraday,0,0
2020-03-12 14:38,7.2300,2020-03-12 14:49,7.5600,2020-03-12 14:50,7.6500,2020-03-12 14:52,7.5100,1,2,3,1,2,3,0.011905,0.058091,intraday,intraday,0,0
2020-03-12 15:59,6.8000,2020-03-13 09:30,8.0000,2020-03-13 09:31,8.1700,2020-03-13 09:33,7.9300,1,2,3,1,2,3,0.021250,0.201471,intraday,intraday,0,0
2020-03-13 09:57,7.1900,2020-03-13 10:18,7.4800,2020-03-13 10:26,7.6000,2020-03-13 10:28,7.4800,8,2,10,8,2,10,0.016043,0.057024,intraday,intraday,0,0
2020-03-13 11:49,6.5700,2020-03-13 11:56,6.9200,2020-03-13 11:57,6.9400,2020-03-13 12:02,6.7700,1,5,6,1,5,6,0.002890,0.056317,intraday,intraday,0,0
2020-03-13 12:06,6.7100,2020-03-13 12:31,7.0000,2020-03-13 12:33,7.1100,2020-03-13 12:37,7.0000,2,4,6,2,4,6,0.015714,0.059613,intraday,intraday,0,0
2020-03-13 12:37,7.0000,2020-03-13 12:47,7.3000,2020-03-13 12:50,7.3300,2020-03-13 12:55,7.2200,3,5,8,3,5,8,0.004110,0.047143,intraday,intraday,0,0
2020-03-13 13:07,7.0900,2020-03-13 13:45,7.3800,2020-03-13 13:52,7.4900,2020-03-13 14:01,7.3300,7,9,16,7,9,16,0.014905,0.056417,intraday,intraday,0,0
2020-03-13 14:38,7.0000,2020-03-13 14:44,7.2900,2020-03-13 15:06,7.4700,2020-03-13 15:12,7.3400,22,6,28,22,6,28,0.024691,0.067143,intraday,intraday,0,0
2020-03-13 15:33,7.2300,2020-03-13 15:38,7.5300,2020-03-13 15:59,8.7100,2020-03-16 09:30,5.9700,21,1,22,21,3931,3952,0.156707,0.204703,weekend,weekend,1,1
2020-03-16 09:48,5.6400,2020-03-16 09:52,5.9500,2020-03-16 09:55,6.5100,2020-03-16 09:57,6.3900,3,2,5,3,2,5,0.094118,0.154255,intraday,intraday,0,0
2020-03-16 10:04,6.0300,2020-03-16 10:08,6.3500,2020-03-16 10:09,6.3700,2020-03-16 10:10,6.2600,1,1,2,1,1,2,0.003150,0.056385,intraday,intraday,0,0
2020-03-16 10:20,6.0600,2020-03-16 10:27,6.3100,2020-03-16 10:27,6.3100,2020-03-16 10:29,6.2000,0,2,2,0,2,2,0.000000,0.041254,intraday,intraday,0,0
2020-03-16 10:29,6.2000,2020-03-16 10:33,6.4800,2020-03-16 10:35,6.7600,2020-03-16 10:37,6.5700,2,2,4,2,2,4,0.043210,0.090323,intraday,intraday,0,0
2020-03-16 10:51,6.4800,2020-03-16 11:07,6.7500,2020-03-16 11:12,6.9400,2020-03-16 11:14,6.7700,5,2,7,5,2,7,0.028148,0.070988,intraday,intraday,0,0
2020-03-16 11:14,6.7700,2020-03-16 11:24,7.0600,2020-03-16 11:25,7.0700,2020-03-16 11:33,6.9300,1,8,9,1,8,9,0.001416,0.044313,intraday,intraday,0,0
2020-03-16 11:45,6.6700,2020-03-16 12:04,6.9600,2020-03-16 12:06,6.9800,2020-03-16 12:08,6.8700,2,2,4,2,2,4,0.002874,0.046477,intraday,intraday,0,0
2020-03-16 13:08,6.2300,2020-03-16 13:13,6.4800,2020-03-16 13:13,6.4800,2020-03-16 13:14,6.3700,0,1,1,0,1,1,0.000000,0.040128,intraday,intraday,0,0
2020-03-16 14:25,5.6700,2020-03-16 14:32,5.9500,2020-03-16 14:34,6.1300,2020-03-16 14:36,6.0300,2,2,4,2,2,4,0.030252,0.081129,intraday,intraday,0,0
2020-03-16 14:47,5.7000,2020-03-16 14:57,5.9500,2020-03-16 15:01,6.0200,2020-03-16 15:03,5.8700,4,2,6,4,2,6,0.011765,0.056140,intraday,intraday,0,0
2020-03-16 15:38,5.2900,2020-03-16 15:44,5.5600,2020-03-16 15:44,5.5600,2020-03-16 15:47,5.4700,0,3,3,0,3,3,0.000000,0.051040,intraday,intraday,0,0
2020-03-17 10:01,4.3900,2020-03-17 10:06,4.5700,2020-03-17 10:11,4.6500,2020-03-17 10:15,4.5400,5,4,9,5,4,9,0.017505,0.059226,intraday,intraday,0,0
2020-03-17 10:15,4.5400,2020-03-17 10:28,4.7300,2020-03-17 10:49,4.9900,2020-03-17 10:52,4.9000,21,3,24,21,3,24,0.054968,0.099119,intraday,intraday,0,0
2020-03-17 10:53,4.8800,2020-03-17 11:05,5.1200,2020-03-17 11:15,5.4600,2020-03-17 11:16,5.3600,10,1,11,10,1,11,0.066406,0.118852,intraday,intraday,0,0
2020-03-17 11:23,5.3200,2020-03-17 11:50,5.5500,2020-03-17 12:13,5.9300,2020-03-17 12:15,5.8200,23,2,25,23,2,25,0.068468,0.114662,intraday,intraday,0,0
2020-03-17 13:17,5.2000,2020-03-17 13:40,5.4200,2020-03-17 13:50,5.5600,2020-03-17 13:53,5.4700,10,3,13,10,3,13,0.025830,0.069231,intraday,intraday,0,0
2020-03-17 14:01,5.4500,2020-03-17 14:09,5.6700,2020-03-17 14:18,5.8300,2020-03-17 14:22,5.7000,9,4,13,9,4,13,0.028219,0.069725,intraday,intraday,0,0
2020-03-17 15:06,5.5300,2020-03-17 15:33,5.7700,2020-03-17 15:43,5.9800,2020-03-17 15:45,5.8800,10,2,12,10,2,12,0.036395,0.081374,intraday,intraday,0,0
2020-03-17 15:52,5.6400,2020-03-17 15:56,5.9000,2020-03-17 15:56,5.9000,2020-03-17 15:58,5.7400,0,2,2,0,2,2,0.000000,0.046099,intraday,intraday,0,0
2020-03-18 09:30,4.6200,2020-03-18 09:33,5.0300,2020-03-18 09:33,5.0300,2020-03-18 09:34,4.8500,0,1,1,0,1,1,0.000000,0.088745,intraday,intraday,0,0
2020-03-18 09:39,4.7800,2020-03-18 09:53,4.9800,2020-03-18 09:54,5.0600,2020-03-18 09:57,4.9200,1,3,4,1,3,4,0.016064,0.058577,intraday,intraday,0,0
2020-03-18 09:57,4.9200,2020-03-18 10:03,5.1600,2020-03-18 10:07,5.2500,2020-03-18 10:08,5.1400,4,1,5,4,1,5,0.017442,0.067073,intraday,intraday,0,0
2020-03-18 10:24,4.7700,2020-03-18 10:29,4.9700,2020-03-18 10:29,4.9700,2020-03-18 10:32,4.8700,0,3,3,0,3,3,0.000000,0.041929,intraday,intraday,0,0
2020-03-18 11:31,4.4000,2020-03-18 11:35,4.5900,2020-03-18 11:35,4.5900,2020-03-18 11:39,4.4700,0,4,4,0,4,4,0.000000,0.043182,intraday,intraday,0,0
2020-03-18 11:40,4.4000,2020-03-18 11:52,4.6000,2020-03-18 11:55,4.6400,2020-03-18 12:01,4.4700,3,6,9,3,6,9,0.008696,0.054545,intraday,intraday,0,0
2020-03-18 12:01,4.4700,2020-03-18 12:07,4.6700,2020-03-18 12:08,4.7200,2020-03-18 12:09,4.6400,1,1,2,1,1,2,0.010707,0.055928,intraday,intraday,0,0
2020-03-18 13:33,3.7100,2020-03-18 13:36,3.8600,2020-03-18 13:38,3.9100,2020-03-18 13:40,3.8400,2,2,4,2,2,4,0.012953,0.053908,intraday,intraday,0,0
2020-03-18 13:40,3.8400,2020-03-18 13:42,4.0400,2020-03-18 13:42,4.0400,2020-03-18 13:45,3.9300,0,3,3,0,3,3,0.000000,0.052083,intraday,intraday,0,0
2020-03-18 14:27,3.5700,2020-03-18 14:33,3.7300,2020-03-18 14:39,3.8400,2020-03-18 14:41,3.7500,6,2,8,6,2,8,0.029491,0.075630,intraday,intraday,0,0
2020-03-18 14:43,3.6700,2020-03-18 14:45,3.8200,2020-03-18 14:45,3.8200,2020-03-18 14:48,3.7400,0,3,3,0,3,3,0.000000,0.040872,intraday,intraday,0,0
2020-03-18 14:49,3.6900,2020-03-18 14:54,3.8600,2020-03-18 15:00,3.9800,2020-03-18 15:01,3.9200,6,1,7,6,1,7,0.031088,0.078591,intraday,intraday,0,0
2020-03-18 15:05,3.7500,2020-03-18 15:11,3.9000,2020-03-18 15:12,3.9400,2020-03-18 15:15,3.8700,1,3,4,1,3,4,0.010256,0.050667,intraday,intraday,0,0
2020-03-18 15:38,3.5800,2020-03-18 15:49,3.7600,2020-03-18 15:56,4.0500,2020-03-18 15:57,3.8800,7,1,8,7,1,8,0.077128,0.131285,intraday,intraday,0,0
2020-03-18 15:57,3.8800,2020-03-18 15:59,4.3300,2020-03-18 15:59,4.3300,2020-03-19 09:30,4.1700,0,1,1,0,1051,1051,0.000000,0.115979,overnight,overnight,1,1
2020-03-19 09:43,3.8600,2020-03-19 09:49,4.0200,2020-03-19 09:59,4.4800,2020-03-19 10:01,4.3100,10,2,12,10,2,12,0.114428,0.160622,intraday,intraday,0,0
2020-03-19 10:01,4.3100,2020-03-19 10:10,4.5000,2020-03-19 10:16,4.7000,2020-03-19 10:19,4.6000,6,3,9,6,3,9,0.044444,0.090487,intraday,intraday,0,0
2020-03-19 10:22,4.5600,2020-03-19 10:29,4.7500,2020-03-19 10:34,4.8000,2020-03-19 10:36,4.6800,5,2,7,5,2,7,0.010526,0.052632,intraday,intraday,0,0
2020-03-19 10:53,4.3600,2020-03-19 10:56,4.5500,2020-03-19 10:56,4.5500,2020-03-19 10:59,4.4700,0,3,3,0,3,3,0.000000,0.043578,intraday,intraday,0,0
2020-03-19 11:10,4.4300,2020-03-19 11:14,4.6300,2020-03-19 11:14,4.6300,2020-03-19 11:15,4.5600,0,1,1,0,1,1,0.000000,0.045147,intraday,intraday,0,0
2020-03-19 11:15,4.5600,2020-03-19 11:27,4.7800,2020-03-19 11:28,4.8300,2020-03-19 11:30,4.7500,1,2,3,1,2,3,0.010460,0.059211,intraday,intraday,0,0
2020-03-19 11:32,4.6900,2020-03-19 11:56,4.8900,2020-03-19 11:56,4.8900,2020-03-19 11:57,4.8000,0,1,1,0,1,1,0.000000,0.042644,intraday,intraday,0,0
2020-03-19 12:34,4.5000,2020-03-19 12:45,4.6800,2020-03-19 12:54,4.7600,2020-03-19 12:58,4.6700,9,4,13,9,4,13,0.017094,0.057778,intraday,intraday,0,0
2020-03-19 13:03,4.6000,2020-03-19 13:53,4.7900,2020-03-19 13:55,4.8200,2020-03-19 13:58,4.7400,2,3,5,2,3,5,0.006263,0.047826,intraday,intraday,0,0
2020-03-19 14:02,4.7300,2020-03-19 14:39,4.9400,2020-03-19 14:43,5.0600,2020-03-19 14:46,4.9700,4,3,7,4,3,7,0.024291,0.069767,intraday,intraday,0,0
2020-03-19 15:10,4.7700,2020-03-19 15:26,4.9900,2020-03-19 15:26,4.9900,2020-03-19 15:31,4.9100,0,5,5,0,5,5,0.000000,0.046122,intraday,intraday,0,0
2020-03-19 15:58,4.6700,2020-03-20 09:30,5.1800,2020-03-20 09:35,5.3500,2020-03-20 09:37,5.2000,5,2,7,5,2,7,0.032819,0.145610,intraday,intraday,0,0
2020-03-20 09:46,4.9700,2020-03-20 10:03,5.1700,2020-03-20 10:04,5.2300,2020-03-20 10:06,5.1300,1,2,3,1,2,3,0.011605,0.052314,intraday,intraday,0,0
2020-03-20 10:08,5.1000,2020-03-20 10:22,5.3100,2020-03-20 10:26,5.3800,2020-03-20 10:30,5.2900,4,4,8,4,4,8,0.013183,0.054902,intraday,intraday,0,0
2020-03-20 10:42,5.2100,2020-03-20 10:56,5.4200,2020-03-20 10:56,5.4200,2020-03-20 11:05,5.3300,0,9,9,0,9,9,0.000000,0.040307,intraday,intraday,0,0
2020-03-20 12:28,4.6600,2020-03-20 12:33,4.8700,2020-03-20 12:34,4.9000,2020-03-20 12:38,4.8200,1,4,5,1,4,5,0.006160,0.051502,intraday,intraday,0,0
2020-03-20 12:40,4.8000,2020-03-20 12:47,5.0000,2020-03-20 12:55,5.1100,2020-03-20 12:59,5.0100,8,4,12,8,4,12,0.022000,0.064583,intraday,intraday,0,0
2020-03-20 13:50,4.9200,2020-03-20 14:06,5.1500,2020-03-20 14:06,5.1500,2020-03-20 14:08,5.0700,0,2,2,0,2,2,0.000000,0.046748,intraday,intraday,0,0
2020-03-20 15:18,4.4500,2020-03-20 15:26,4.6300,2020-03-20 15:30,4.7300,2020-03-20 15:31,4.6400,4,1,5,4,1,5,0.021598,0.062921,intraday,intraday,0,0
2020-03-20 15:59,4.2600,2020-03-23 09:30,4.4800,2020-03-23 09:30,4.4800,2020-03-23 09:31,4.3500,0,1,1,0,1,1,0.000000,0.051643,intraday,intraday,0,0
2020-03-23 09:31,4.3500,2020-03-23 09:33,4.5600,2020-03-23 09:33,4.5600,2020-03-23 09:34,4.4900,0,1,1,0,1,1,0.000000,0.048276,intraday,intraday,0,0
2020-03-23 09:41,4.1800,2020-03-23 09:47,4.3500,2020-03-23 09:52,4.5400,2020-03-23 09:54,4.4700,5,2,7,5,2,7,0.043678,0.086124,intraday,intraday,0,0
2020-03-23 09:54,4.4700,2020-03-23 09:59,4.6600,2020-03-23 09:59,4.6600,2020-03-23 10:01,4.5500,0,2,2,0,2,2,0.000000,0.042506,intraday,intraday,0,0
2020-03-23 10:03,4.4900,2020-03-23 10:11,4.6800,2020-03-23 10:12,4.7600,2020-03-23 10:18,4.6400,1,6,7,1,6,7,0.017094,0.060134,intraday,intraday,0,0
2020-03-23 11:44,4.1000,2020-03-23 11:53,4.2700,2020-03-23 11:53,4.2700,2020-03-23 11:56,4.1700,0,3,3,0,3,3,0.000000,0.041463,intraday,intraday,0,0
2020-03-23 11:57,4.1600,2020-03-23 12:18,4.3600,2020-03-23 12:22,4.4200,2020-03-23 12:29,4.3500,4,7,11,4,7,11,0.013761,0.062500,intraday,intraday,0,0
2020-03-23 12:30,4.2600,2020-03-23 12:40,4.4500,2020-03-23 12:49,4.6900,2020-03-23 12:52,4.6100,9,3,12,9,3,12,0.053933,0.100939,intraday,intraday,0,0
2020-03-23 12:53,4.6000,2020-03-23 13:11,4.7900,2020-03-23 13:14,4.9100,2020-03-23 13:15,4.8300,3,1,4,3,1,4,0.025052,0.067391,intraday,intraday,0,0
2020-03-23 13:43,4.5900,2020-03-23 13:49,4.8300,2020-03-23 13:49,4.8300,2020-03-23 13:51,4.7300,0,2,2,0,2,2,0.000000,0.052288,intraday,intraday,0,0
2020-03-23 14:03,4.4600,2020-03-23 14:06,4.6400,2020-03-23 14:06,4.6400,2020-03-23 14:07,4.5700,0,1,1,0,1,1,0.000000,0.040359,intraday,intraday,0,0
2020-03-23 14:10,4.4800,2020-03-23 14:28,4.7000,2020-03-23 14:28,4.7000,2020-03-23 14:33,4.6000,0,5,5,0,5,5,0.000000,0.049107,intraday,intraday,0,0
2020-03-23 14:34,4.5900,2020-03-23 14:49,4.8400,2020-03-23 14:49,4.8400,2020-03-23 14:51,4.7100,0,2,2,0,2,2,0.000000,0.054466,intraday,intraday,0,0
2020-03-23 15:35,4.3800,2020-03-23 15:50,4.5700,2020-03-23 15:54,4.7500,2020-03-23 15:59,4.6700,4,5,9,4,5,9,0.039387,0.084475,intraday,intraday,0,0
2020-03-23 15:59,4.6700,2020-03-24 09:30,5.7100,2020-03-24 09:36,5.9900,2020-03-24 09:37,5.8500,6,1,7,6,1,7,0.049037,0.282655,intraday,intraday,0,0
2020-03-24 09:42,5.6700,2020-03-24 09:53,5.9000,2020-03-24 09:53,5.9000,2020-03-24 09:57,5.8100,0,4,4,0,4,4,0.000000,0.040564,intraday,intraday,0,0
2020-03-24 10:04,5.7000,2020-03-24 10:25,5.9600,2020-03-24 10:26,5.9900,2020-03-24 10:30,5.8900,1,4,5,1,4,5,0.005034,0.050877,intraday,intraday,0,0
2020-03-24 11:06,5.8600,2020-03-24 11:38,6.1000,2020-03-24 12:39,6.2400,2020-03-24 12:46,6.1300,61,7,68,61,7,68,0.022951,0.064846,intraday,intraday,0,0
2020-03-24 14:10,5.5700,2020-03-24 14:35,5.8300,2020-03-24 14:39,5.8700,2020-03-24 14:46,5.7700,4,7,11,4,7,11,0.006861,0.053860,intraday,intraday,0,0
2020-03-24 14:48,5.7300,2020-03-24 15:07,5.9600,2020-03-24 15:43,6.1600,2020-03-24 15:48,6.0600,36,5,41,36,5,41,0.033557,0.075044,intraday,intraday,0,0
2020-03-24 15:50,6.0100,2020-03-24 15:58,6.2700,2020-03-24 15:58,6.2700,2020-03-25 09:30,6.1300,0,2,2,0,1052,1052,0.000000,0.043261,overnight,overnight,1,1
2020-03-25 09:30,6.1300,2020-03-25 09:33,6.4000,2020-03-25 09:36,6.6500,2020-03-25 09:41,6.5100,3,5,8,3,5,8,0.039062,0.084829,intraday,intraday,0,0
2020-03-25 10:12,5.7300,2020-03-25 10:30,5.9800,2020-03-25 10:41,6.1300,2020-03-25 10:47,6.0300,11,6,17,11,6,17,0.025084,0.069808,intraday,intraday,0,0
2020-03-25 10:48,6.0000,2020-03-25 11:26,6.2500,2020-03-25 11:26,6.2500,2020-03-25 11:35,6.1400,0,9,9,0,9,9,0.000000,0.041667,intraday,intraday,0,0
2020-03-25 11:46,6.0700,2020-03-25 12:03,6.3200,2020-03-25 12:28,6.5700,2020-03-25 12:31,6.4300,25,3,28,25,3,28,0.039557,0.082372,intraday,intraday,0,0
2020-03-25 12:31,6.4300,2020-03-25 12:45,6.6900,2020-03-25 12:51,6.7200,2020-03-25 12:57,6.5900,6,6,12,6,6,12,0.004484,0.045101,intraday,intraday,0,0
2020-03-25 13:00,6.5800,2020-03-25 13:17,6.8500,2020-03-25 13:23,6.9100,2020-03-25 13:27,6.7900,6,4,10,6,4,10,0.008759,0.050152,intraday,intraday,0,0
2020-03-25 15:59,5.9900,2020-03-26 09:30,6.6000,2020-03-26 09:30,6.6000,2020-03-26 09:32,6.4800,0,2,2,0,2,2,0.000000,0.101836,intraday,intraday,0,0
2020-03-26 09:33,6.2900,2020-03-26 09:55,6.5700,2020-03-26 10:18,6.8300,2020-03-26 10:26,6.7000,23,8,31,23,8,31,0.039574,0.085851,intraday,intraday,0,0
2020-03-26 10:56,6.5700,2020-03-26 11:21,6.8400,2020-03-26 11:33,6.9800,2020-03-26 11:46,6.8400,12,13,25,12,13,25,0.020468,0.062405,intraday,intraday,0,0
2020-03-26 12:18,6.7300,2020-03-26 12:51,7.0000,2020-03-26 13:01,7.0900,2020-03-26 13:08,6.9700,10,7,17,10,7,17,0.012857,0.053492,intraday,intraday,0,0
2020-03-26 13:33,6.6600,2020-03-26 14:30,6.9400,2020-03-26 15:04,7.0300,2020-03-26 15:15,6.9200,34,11,45,34,11,45,0.012968,0.055556,intraday,intraday,0,0
2020-03-26 15:48,6.8800,2020-03-26 15:54,7.1800,2020-03-26 15:59,7.2700,2020-03-27 09:30,6.4700,5,1,6,5,1051,1056,0.012535,0.056686,overnight,overnight,1,1
2020-03-27 09:43,6.2400,2020-03-27 09:58,6.5100,2020-03-27 09:58,6.5100,2020-03-27 10:01,6.4000,0,3,3,0,3,3,0.000000,0.043269,intraday,intraday,0,0
2020-03-27 10:37,6.3000,2020-03-27 11:08,6.5700,2020-03-27 11:17,6.6900,2020-03-27 11:21,6.5700,9,4,13,9,4,13,0.018265,0.061905,intraday,intraday,0,0
2020-03-27 12:07,6.2900,2020-03-27 13:34,6.5600,2020-03-27 13:51,6.6900,2020-03-27 13:56,6.5600,17,5,22,17,5,22,0.019817,0.063593,intraday,intraday,0,0
2020-03-27 14:50,6.4300,2020-03-27 15:18,6.6900,2020-03-27 15:27,6.8100,2020-03-27 15:30,6.6900,9,3,12,9,3,12,0.017937,0.059098,intraday,intraday,0,0
2020-03-27 15:58,6.0500,2020-03-30 09:30,6.3700,2020-03-30 09:31,6.4400,2020-03-30 09:35,6.3400,1,4,5,1,4,5,0.010989,0.064463,intraday,intraday,0,0
2020-03-30 09:45,6.1700,2020-03-30 10:05,6.4300,2020-03-30 10:41,6.7300,2020-03-30 10:51,6.6200,36,10,46,36,10,46,0.046656,0.090762,intraday,intraday,0,0
2020-03-30 12:07,6.5600,2020-03-31 09:35,6.8500,2020-03-31 09:42,6.9300,2020-03-31 09:45,6.8100,7,3,10,7,3,10,0.011679,0.056402,intraday,intraday,0,0
2020-03-31 09:52,6.6900,2020-03-31 10:11,6.9800,2020-03-31 10:20,7.0700,2020-03-31 10:27,6.9300,9,7,16,9,7,16,0.012894,0.056801,intraday,intraday,0,0
2020-04-01 10:02,5.6600,2020-04-01 10:15,5.9300,2020-04-01 10:49,6.1200,2020-04-01 10:58,6.0200,34,9,43,34,9,43,0.032040,0.081272,intraday,intraday,0,0
2020-04-01 15:39,5.1200,2020-04-01 15:55,5.3400,2020-04-02 09:35,5.4500,2020-04-02 09:42,5.3500,10,7,17,1060,7,1067,0.020599,0.064453,overnight,intraday,0,1
2020-04-02 09:46,5.2100,2020-04-02 10:09,5.4400,2020-04-02 10:20,5.5000,2020-04-02 10:27,5.4100,11,7,18,11,7,18,0.011029,0.055662,intraday,intraday,0,0
2020-04-02 10:27,5.4100,2020-04-02 10:35,5.6600,2020-04-02 10:39,5.7000,2020-04-02 10:42,5.6000,4,3,7,4,3,7,0.007067,0.053604,intraday,intraday,0,0
2020-04-02 10:52,5.5100,2020-04-02 11:56,5.7500,2020-04-02 12:05,5.7600,2020-04-02 12:24,5.6600,9,19,28,9,19,28,0.001739,0.045372,intraday,intraday,0,0
2020-04-02 14:11,5.3500,2020-04-02 14:53,5.5800,2020-04-02 15:20,5.7200,2020-04-02 15:27,5.6300,27,7,34,27,7,34,0.025090,0.069159,intraday,intraday,0,0
2020-04-02 15:37,5.5600,2020-04-02 15:56,5.7900,2020-04-02 15:56,5.7900,2020-04-03 09:30,5.7000,0,4,4,0,1054,1054,0.000000,0.041367,overnight,overnight,1,1
2020-04-03 09:30,5.7000,2020-04-03 09:42,5.9500,2020-04-03 09:42,5.9500,2020-04-03 09:47,5.8400,0,5,5,0,5,5,0.000000,0.043860,intraday,intraday,0,0
2020-04-03 14:10,5.2200,2020-04-03 15:01,5.4600,2020-04-03 15:01,5.4600,2020-04-03 15:05,5.3600,0,4,4,0,4,4,0.000000,0.045977,intraday,intraday,0,0
2020-04-03 15:44,5.2400,2020-04-03 15:50,5.4800,2020-04-06 10:24,6.6500,2020-04-06 10:30,6.5100,64,6,70,3994,6,4000,0.213504,0.269084,weekend,intraday,0,1
2020-04-06 10:48,6.4600,2020-04-06 12:24,6.7200,2020-04-06 13:52,6.8700,2020-04-06 14:10,6.7600,88,18,106,88,18,106,0.022321,0.063467,intraday,intraday,0,0
2020-04-06 14:22,6.7200,2020-04-06 15:50,7.0400,2020-04-07 09:30,7.8000,2020-04-07 09:35,7.6100,10,5,15,1060,5,1065,0.107955,0.160714,overnight,intraday,0,1
2020-04-07 09:41,7.4400,2020-04-07 09:58,7.7400,2020-04-07 09:58,7.7400,2020-04-07 10:03,7.5800,0,5,5,0,5,5,0.000000,0.040323,intraday,intraday,0,0
2020-04-07 10:53,7.0200,2020-04-07 11:14,7.3200,2020-04-07 12:18,7.8400,2020-04-07 12:24,7.7200,64,6,70,64,6,70,0.071038,0.116809,intraday,intraday,0,0
2020-04-07 14:55,7.0600,2020-04-07 15:13,7.3500,2020-04-07 15:13,7.3500,2020-04-07 15:16,7.2200,0,3,3,0,3,3,0.000000,0.041076,intraday,intraday,0,0
2020-04-07 15:24,7.0900,2020-04-07 15:48,7.3800,2020-04-07 15:49,7.4000,2020-04-07 15:50,7.1700,1,1,2,1,1,2,0.002710,0.043724,intraday,intraday,0,0
2020-04-07 15:59,6.9900,2020-04-08 09:30,7.3700,2020-04-08 09:31,7.4700,2020-04-08 09:36,7.3300,1,5,6,1,5,6,0.013569,0.068670,intraday,intraday,0,0
2020-04-08 10:08,7.0700,2020-04-08 10:34,7.3800,2020-04-08 11:40,7.6900,2020-04-08 11:55,7.5600,66,15,81,66,15,81,0.042005,0.087694,intraday,intraday,0,0
2020-04-08 13:55,7.5200,2020-04-09 09:30,8.0000,2020-04-09 09:43,8.1900,2020-04-09 09:46,8.0500,13,3,16,13,3,16,0.023750,0.089096,intraday,intraday,0,0
2020-04-09 10:23,7.5000,2020-04-09 11:38,7.8100,2020-04-09 12:19,7.9600,2020-04-09 12:35,7.8200,41,16,57,41,16,57,0.019206,0.061333,intraday,intraday,0,0
2020-04-13 09:32,6.9900,2020-04-13 12:13,7.2700,2020-04-13 12:17,7.3200,2020-04-13 12:31,7.2100,4,14,18,4,14,18,0.006878,0.047210,intraday,intraday,0,0
2020-04-13 13:16,7.1400,2020-04-13 15:29,7.4300,2020-04-14 09:59,8.4000,2020-04-14 10:05,8.2600,60,6,66,1110,6,1116,0.130552,0.176471,overnight,intraday,0,1
2020-04-14 11:11,8.0200,2020-04-14 12:01,8.3500,2020-04-14 12:21,8.3900,2020-04-14 13:01,8.2600,20,40,60,20,40,60,0.004790,0.046135,intraday,intraday,0,0
2020-04-15 10:04,7.5100,2020-04-15 14:22,7.8300,2020-04-15 15:02,7.9100,2020-04-15 15:08,7.7900,40,6,46,40,6,46,0.010217,0.053262,intraday,intraday,0,0
2020-04-15 15:54,7.7300,2020-04-16 09:30,8.2000,2020-04-16 09:32,8.2200,2020-04-16 09:34,8.0800,2,2,4,2,2,4,0.002439,0.063389,intraday,intraday,0,0
2020-04-16 10:04,7.8300,2020-04-16 10:29,8.1500,2020-04-16 11:55,8.4100,2020-04-16 12:06,8.2800,86,11,97,86,11,97,0.031902,0.074074,intraday,intraday,0,0
2020-04-16 12:33,7.9300,2020-04-16 14:37,8.2800,2020-04-16 14:37,8.2800,2020-04-16 15:10,8.1500,0,33,33,0,33,33,0.000000,0.044136,intraday,intraday,0,0
2020-04-16 15:10,8.1500,2020-04-17 09:30,8.8000,2020-04-17 09:30,8.8000,2020-04-17 09:32,8.6200,0,2,2,0,2,2,0.000000,0.079755,intraday,intraday,0,0
2020-04-17 12:10,8.2700,2020-04-17 15:37,8.6200,2020-04-17 15:50,8.6700,2020-04-17 15:56,8.5200,13,6,19,13,6,19,0.005800,0.048368,intraday,intraday,0,0
2020-04-20 09:30,8.0900,2020-04-20 10:33,8.4200,2020-04-20 11:06,8.5300,2020-04-20 11:30,8.3900,33,24,57,33,24,57,0.013064,0.054388,intraday,intraday,0,0
2020-04-21 11:15,6.7700,2020-04-21 12:26,7.0500,2020-04-21 12:26,7.0500,2020-04-21 12:34,6.9300,0,8,8,0,8,8,0.000000,0.041359,intraday,intraday,0,0
2020-04-21 12:42,6.9000,2020-04-21 13:37,7.1900,2020-04-21 14:23,7.3200,2020-04-21 14:33,7.2100,46,10,56,46,10,56,0.018081,0.060870,intraday,intraday,0,0
2020-04-21 15:54,6.8400,2020-04-22 09:30,7.5800,2020-04-22 09:30,7.5800,2020-04-22 09:32,7.4500,0,2,2,0,2,2,0.000000,0.108187,intraday,intraday,0,0
2020-04-22 09:33,7.4400,2020-04-22 10:40,7.7400,2020-04-22 10:41,7.7600,2020-04-22 10:56,7.6300,1,15,16,1,15,16,0.002584,0.043011,intraday,intraday,0,0
2020-04-22 10:56,7.6300,2020-04-22 14:21,7.9500,2020-04-22 15:50,8.1500,2020-04-23 09:30,8.0200,89,10,99,89,1060,1149,0.025157,0.068152,overnight,overnight,1,1
2020-04-23 09:54,7.9300,2020-04-23 10:34,8.2500,2020-04-23 11:26,8.3300,2020-04-23 11:39,8.1800,52,13,65,52,13,65,0.009697,0.050441,intraday,intraday,0,0
2020-04-23 12:46,7.7600,2020-04-23 12:56,8.1200,2020-04-23 13:12,8.1800,2020-04-23 13:20,8.0400,16,8,24,16,8,24,0.007389,0.054124,intraday,intraday,0,0
2020-04-23 13:53,7.7900,2020-04-23 14:56,8.1100,2020-04-23 14:56,8.1100,2020-04-23 15:11,7.9800,0,15,15,0,15,15,0.000000,0.041078,intraday,intraday,0,0
2020-04-24 09:59,7.6500,2020-04-24 11:48,7.9600,2020-04-27 09:58,8.9100,2020-04-27 10:24,8.7700,280,26,306,4210,26,4236,0.119347,0.164706,weekend,intraday,0,1
2020-04-27 14:30,8.5400,2020-04-28 09:30,9.2600,2020-04-28 09:30,9.2600,2020-04-28 09:42,9.1000,0,12,12,0,12,12,0.000000,0.084309,intraday,intraday,0,0
2020-04-28 12:18,8.6000,2020-04-28 14:10,8.9500,2020-04-28 14:26,8.9900,2020-04-28 14:44,8.8400,16,18,34,16,18,34,0.004469,0.045349,intraday,intraday,0,0
2020-04-28 15:59,8.5100,2020-04-29 09:30,9.0400,2020-04-29 13:04,9.6500,2020-04-29 14:13,9.4900,214,69,283,214,69,283,0.067478,0.133960,intraday,intraday,0,0
2020-05-04 09:35,7.1400,2020-05-04 10:03,7.4400,2020-05-04 10:18,7.4600,2020-05-04 10:31,7.3300,15,13,28,15,13,28,0.002688,0.044818,intraday,intraday,0,0
2020-05-04 13:17,7.1800,2020-05-04 15:32,7.4700,2020-05-05 10:01,8.4100,2020-05-05 10:13,8.2700,59,12,71,1109,12,1121,0.125837,0.171309,overnight,intraday,0,1
2020-05-05 15:37,7.8700,2020-05-06 09:30,8.3100,2020-05-06 09:52,8.5400,2020-05-06 09:55,8.4100,22,3,25,22,3,25,0.027677,0.085133,intraday,intraday,0,0
2020-05-06 10:09,8.2400,2020-05-06 10:45,8.6200,2020-05-06 10:50,8.6300,2020-05-06 11:22,8.5000,5,32,37,5,32,37,0.001160,0.047330,intraday,intraday,0,0
2020-05-06 15:49,8.2400,2020-05-07 09:30,8.7700,2020-05-07 09:32,8.8000,2020-05-07 09:38,8.6600,2,6,8,2,6,8,0.003421,0.067961,intraday,intraday,0,0
2020-05-07 10:12,8.4000,2020-05-07 13:13,8.7400,2020-05-07 13:14,8.7500,2020-05-07 14:16,8.6100,1,62,63,1,62,63,0.001144,0.041667,intraday,intraday,0,0
2020-05-07 15:55,8.5000,2020-05-08 09:32,8.8400,2020-05-08 10:28,9.1700,2020-05-08 10:49,9.0300,56,21,77,56,21,77,0.037330,0.078824,intraday,intraday,0,0
2020-05-11 09:31,8.9600,2020-05-11 13:06,9.3200,2020-05-11 13:39,9.4700,2020-05-11 14:05,9.3200,33,26,59,33,26,59,0.016094,0.056920,intraday,intraday,0,0
2020-05-13 09:36,8.2500,2020-05-13 10:02,8.5800,2020-05-13 10:31,8.7200,2020-05-13 10:44,8.5800,29,13,42,29,13,42,0.016317,0.056970,intraday,intraday,0,0
2020-05-13 15:25,7.6400,2020-05-13 15:50,7.9600,2020-05-13 15:53,8.0300,2020-05-14 09:30,7.7900,3,7,10,3,1057,1060,0.008794,0.051047,overnight,overnight,1,1
2020-05-14 09:54,7.4100,2020-05-14 10:48,7.7200,2020-05-14 11:17,8.1000,2020-05-14 11:21,7.9700,29,4,33,29,4,33,0.049223,0.093117,intraday,intraday,0,0
2020-05-14 12:02,7.6700,2020-05-14 12:59,7.9800,2020-05-14 13:30,8.0500,2020-05-14 13:57,7.9200,31,27,58,31,27,58,0.008772,0.049544,intraday,intraday,0,0
2020-05-14 14:06,7.8300,2020-05-14 14:57,8.2000,2020-05-14 15:29,8.5100,2020-05-14 15:41,8.3800,32,12,44,32,12,44,0.037805,0.086845,intraday,intraday,0,0
2020-05-15 09:36,7.7300,2020-05-15 10:09,8.0400,2020-05-15 10:15,8.1800,2020-05-15 10:23,8.0300,6,8,14,6,8,14,0.017413,0.058215,intraday,intraday,0,0
2020-05-15 11:04,7.6600,2020-05-15 12:34,7.9800,2020-05-15 12:43,8.0100,2020-05-15 12:48,7.8700,9,5,14,9,5,14,0.003759,0.045692,intraday,intraday,0,0
2020-05-15 12:48,7.8700,2020-05-18 09:30,8.7900,2020-05-18 09:36,8.9000,2020-05-18 09:53,8.7500,6,17,23,6,17,23,0.012514,0.130877,intraday,intraday,0,0
2020-05-18 09:53,8.7500,2020-05-18 11:21,9.1000,2020-05-18 13:29,9.2900,2020-05-18 14:19,9.1500,128,50,178,128,50,178,0.020879,0.061714,intraday,intraday,0,0
2020-05-18 14:22,9.1300,2020-05-19 10:07,9.5000,2020-05-19 13:27,9.7500,2020-05-19 14:55,9.6000,200,88,288,200,88,288,0.026316,0.067908,intraday,intraday,0,0
2020-05-19 15:59,9.1300,2020-05-20 09:30,9.8400,2020-05-20 11:32,10.3100,2020-05-20 12:11,10.1500,122,39,161,122,39,161,0.047764,0.129244,intraday,intraday,0,0
2020-05-21 11:22,9.3600,2020-05-21 12:06,9.7500,2020-05-21 12:26,9.7700,2020-05-21 12:39,9.6000,20,13,33,20,13,33,0.002051,0.043803,intraday,intraday,0,0
2020-05-22 09:39,9.0600,2020-05-22 13:02,9.4400,2020-05-26 09:33,10.3200,2020-05-26 09:36,10.1500,181,3,184,5551,3,5554,0.093220,0.139073,weekend,intraday,0,1
2020-05-27 11:00,9.0700,2020-05-27 11:47,9.4400,2020-05-27 12:53,9.6300,2020-05-27 13:17,9.4600,66,24,90,66,24,90,0.020127,0.061742,intraday,intraday,0,0
2020-05-27 13:17,9.4600,2020-05-27 13:53,9.8400,2020-05-28 09:35,10.2700,2020-05-28 09:39,10.0400,132,4,136,1182,4,1186,0.043699,0.085624,overnight,intraday,0,1
2020-05-28 09:57,10.0100,2020-05-28 13:29,10.4200,2020-05-28 13:29,10.4200,2020-05-28 13:57,10.2500,0,28,28,0,28,28,0.000000,0.040959,intraday,intraday,0,0
2020-05-28 15:50,9.4200,2020-05-29 09:41,9.8000,2020-05-29 09:53,10.0500,2020-05-29 10:07,9.8600,12,14,26,12,14,26,0.025510,0.066879,intraday,intraday,0,0
2020-05-29 11:04,9.5900,2020-05-29 14:10,9.9800,2020-05-29 14:27,10.0600,2020-05-29 14:49,9.8400,17,22,39,17,22,39,0.008016,0.049009,intraday,intraday,0,0
2020-05-29 14:53,9.6500,2020-05-29 14:59,10.0500,2020-05-29 15:54,10.3500,2020-06-01 09:30,9.9800,55,6,61,55,3936,3991,0.029851,0.072539,weekend,weekend,1,1
2020-06-01 09:36,9.9200,2020-06-02 09:58,10.3400,2020-06-02 10:25,10.5100,2020-06-02 10:40,10.3300,27,15,42,27,15,42,0.016441,0.059476,intraday,intraday,0,0
2020-06-02 11:14,10.1000,2020-06-02 14:00,10.5100,2020-06-03 09:33,11.5900,2020-06-03 09:38,11.3900,123,5,128,1173,5,1178,0.102759,0.147525,overnight,intraday,0,1
2020-06-03 09:38,11.3900,2020-06-03 13:28,11.8600,2020-06-03 15:24,11.8800,2020-06-04 09:30,11.5600,116,36,152,116,1086,1202,0.001686,0.043020,overnight,overnight,1,1
2020-06-04 09:36,11.5000,2020-06-04 10:15,12.0100,2020-06-04 10:58,12.3100,2020-06-04 11:10,12.0400,43,12,55,43,12,55,0.024979,0.070435,intraday,intraday,0,0
2020-06-04 15:15,11.7800,2020-06-05 09:30,13.0200,2020-06-05 09:38,13.3000,2020-06-05 09:56,13.0900,8,18,26,8,18,26,0.021505,0.129032,intraday,intraday,0,0
2020-06-09 09:32,12.3100,2020-06-09 09:56,12.8100,2020-06-09 09:56,12.8100,2020-06-09 10:12,12.5800,0,16,16,0,16,16,0.000000,0.040617,intraday,intraday,0,0
2020-06-09 10:15,12.5300,2020-06-10 09:30,13.0800,2020-06-10 09:31,13.1400,2020-06-10 09:34,12.9200,1,3,4,1,3,4,0.004587,0.048683,intraday,intraday,0,0
2020-06-11 09:41,11.5100,2020-06-11 10:12,11.9800,2020-06-11 10:38,12.1400,2020-06-11 10:46,11.9100,26,8,34,26,8,34,0.013356,0.054735,intraday,intraday,0,0
2020-06-11 15:55,10.5100,2020-06-12 09:30,11.5300,2020-06-12 09:34,11.5800,2020-06-12 09:55,11.3900,4,21,25,4,21,25,0.004337,0.101808,intraday,intraday,0,0
2020-06-12 11:24,10.5200,2020-06-12 11:38,10.9800,2020-06-12 12:06,11.1800,2020-06-12 12:24,11.0000,28,18,46,28,18,46,0.018215,0.062738,intraday,intraday,0,0
2020-06-12 13:59,10.2700,2020-06-12 15:00,10.7100,2020-06-12 15:12,10.8600,2020-06-12 15:18,10.6700,12,6,18,12,6,18,0.014006,0.057449,intraday,intraday,0,0
2020-06-12 15:27,10.5300,2020-06-12 15:50,10.9900,2020-06-12 15:58,11.0100,2020-06-15 09:30,10.2800,8,2,10,8,3932,3940,0.001820,0.045584,weekend,weekend,1,1
2020-06-15 09:34,10.1800,2020-06-15 09:58,10.5900,2020-06-15 10:19,10.7700,2020-06-15 10:30,10.5500,21,11,32,21,11,32,0.016997,0.057957,intraday,intraday,0,0
2020-06-15 10:40,10.4700,2020-06-15 12:07,10.8900,2020-06-15 13:17,11.2200,2020-06-15 13:43,11.0500,70,26,96,70,26,96,0.030303,0.071633,intraday,intraday,0,0
2020-06-15 13:48,11.0100,2020-06-16 09:30,12.5000,2020-06-16 09:45,12.6000,2020-06-16 09:51,12.4100,15,6,21,15,6,21,0.008000,0.144414,intraday,intraday,0,0
2020-06-16 11:01,11.5400,2020-06-16 11:15,12.0900,2020-06-16 11:31,12.1300,2020-06-16 11:38,11.9400,16,7,23,16,7,23,0.003309,0.051127,intraday,intraday,0,0
2020-06-16 15:19,11.7800,2020-06-17 09:30,12.2900,2020-06-17 09:49,12.5600,2020-06-17 09:55,12.3300,19,6,25,19,6,25,0.021969,0.066214,intraday,intraday,0,0
2020-06-17 10:19,12.1300,2020-06-17 13:39,12.6200,2020-06-17 13:44,12.6600,2020-06-17 15:19,12.4600,5,95,100,5,95,100,0.003170,0.043693,intraday,intraday,0,0
2020-06-18 15:13,12.1100,2020-06-19 09:30,12.7100,2020-06-19 10:18,12.8500,2020-06-19 10:46,12.6400,48,28,76,48,28,76,0.011015,0.061107,intraday,intraday,0,0
2020-06-22 09:34,11.7600,2020-06-22 12:12,12.2400,2020-06-22 14:58,12.4400,2020-06-22 15:20,12.2500,166,22,188,166,22,188,0.016340,0.057823,intraday,intraday,0,0
2020-06-22 15:24,12.1800,2020-06-23 09:30,12.7100,2020-06-23 09:30,12.7100,2020-06-23 09:51,12.5000,0,21,21,0,21,21,0.000000,0.043514,intraday,intraday,0,0
2020-06-24 11:49,11.4000,2020-06-24 15:16,11.8900,2020-06-24 15:19,11.9400,2020-06-24 15:38,11.7500,3,19,22,3,19,22,0.004205,0.047368,intraday,intraday,0,0
2020-06-25 09:50,11.1500,2020-06-25 12:21,11.6200,2020-06-25 12:21,11.6200,2020-06-25 14:20,11.4300,0,119,119,0,119,119,0.000000,0.042152,intraday,intraday,0,0
2020-06-25 14:35,11.3500,2020-06-25 15:27,11.8700,2020-06-26 09:38,12.0000,2020-06-26 09:40,11.8000,41,2,43,1091,2,1093,0.010952,0.057269,overnight,intraday,0,1
2020-06-29 09:51,10.8400,2020-06-29 10:25,11.2800,2020-06-29 13:13,11.5600,2020-06-29 15:02,11.3700,168,109,277,168,109,277,0.024823,0.066421,intraday,intraday,0,0
2020-06-29 15:11,11.3300,2020-06-30 09:30,11.8400,2020-06-30 12:11,12.6200,2020-06-30 12:33,12.3800,161,22,183,161,22,183,0.065878,0.113857,intraday,intraday,0,0
2020-07-01 15:58,12.0100,2020-07-02 09:30,12.5200,2020-07-02 10:09,12.7800,2020-07-02 10:34,12.5600,39,25,64,39,25,64,0.020767,0.064113,intraday,intraday,0,0
2020-07-02 11:10,12.3700,2020-07-06 09:30,13.2100,2020-07-06 11:37,13.5900,2020-07-06 13:11,13.3600,127,94,221,127,94,221,0.028766,0.098626,intraday,intraday,0,0
2020-07-07 15:59,12.9200,2020-07-08 10:54,13.4400,2020-07-08 10:54,13.4400,2020-07-08 11:07,13.2000,0,13,13,0,13,13,0.000000,0.040248,intraday,intraday,0,0
2020-07-08 11:23,12.9800,2020-07-08 15:57,13.5000,2020-07-09 09:30,13.6900,2020-07-09 09:48,13.4800,3,18,21,1053,18,1071,0.014074,0.054700,overnight,intraday,0,1
2020-07-09 11:19,13.0700,2020-07-09 12:58,13.6000,2020-07-09 13:14,14.0400,2020-07-09 13:45,13.8100,16,31,47,16,31,47,0.032353,0.074216,intraday,intraday,0,0
2020-07-10 10:03,13.5000,2020-07-13 09:30,14.5500,2020-07-13 09:40,14.9300,2020-07-13 09:46,14.6200,10,6,16,10,6,16,0.026117,0.105926,intraday,intraday,0,0
2020-07-14 09:52,12.5300,2020-07-14 10:35,13.0500,2020-07-14 10:53,13.2300,2020-07-14 11:00,13.0000,18,7,25,18,7,25,0.013793,0.055866,intraday,intraday,0,0
2020-07-14 11:05,12.9800,2020-07-14 11:42,13.5000,2020-07-14 11:50,13.5500,2020-07-14 11:56,13.3400,8,6,14,8,6,14,0.003704,0.043914,intraday,intraday,0,0
2020-07-14 13:08,13.1400,2020-07-14 14:20,13.6800,2020-07-14 14:58,13.7200,2020-07-14 15:05,13.5000,38,7,45,38,7,45,0.002924,0.044140,intraday,intraday,0,0
2020-07-15 12:04,13.1600,2020-07-15 13:35,13.7000,2020-07-15 14:05,13.8400,2020-07-15 14:54,13.6100,30,49,79,30,49,79,0.010219,0.051672,intraday,intraday,0,0
2020-07-16 11:18,13.1500,2020-07-16 14:14,13.6800,2020-07-16 15:37,13.7700,2020-07-16 15:51,13.5600,83,14,97,83,14,97,0.006579,0.047148,intraday,intraday,0,0
2020-07-16 15:51,13.5600,2020-07-20 10:35,14.1400,2020-07-21 09:30,15.0100,2020-07-21 09:40,14.7600,325,10,335,1375,10,1385,0.061528,0.106932,overnight,intraday,0,1
2020-07-21 15:51,14.2700,2020-07-22 10:04,14.8600,2020-07-22 10:10,14.9000,2020-07-22 10:28,14.6600,6,18,24,6,18,24,0.002692,0.044149,intraday,intraday,0,0
2020-07-22 11:14,14.2400,2020-07-23 10:09,14.8100,2020-07-23 10:09,14.8100,2020-07-23 10:18,14.5500,0,9,9,0,9,9,0.000000,0.040028,intraday,intraday,0,0
2020-07-24 09:40,12.7000,2020-07-24 10:03,13.2400,2020-07-24 11:48,13.8300,2020-07-24 12:17,13.6100,105,29,134,105,29,134,0.044562,0.088976,intraday,intraday,0,0
2020-07-24 15:32,13.0900,2020-07-27 09:30,13.8300,2020-07-27 10:00,14.3600,2020-07-27 11:16,14.1200,30,76,106,30,76,106,0.038322,0.097021,intraday,intraday,0,0
2020-07-28 09:56,13.5800,2020-07-29 09:36,14.1600,2020-07-29 11:24,14.3800,2020-07-29 12:04,14.1600,108,40,148,108,40,148,0.015537,0.058910,intraday,intraday,0,0
2020-07-29 12:09,14.1200,2020-07-30 09:45,14.7400,2020-07-30 09:46,14.8500,2020-07-30 09:54,14.5800,1,8,9,1,8,9,0.007463,0.051700,intraday,intraday,0,0
2020-07-30 09:59,14.3900,2020-07-30 11:43,14.9900,2020-07-30 15:51,15.3800,2020-07-31 09:35,15.1200,248,14,262,248,1064,1312,0.026017,0.068798,overnight,overnight,0,1
2020-07-31 14:13,14.4500,2020-07-31 15:56,15.0300,2020-08-03 10:20,16.0700,2020-08-03 15:33,15.8200,54,313,367,3984,313,4297,0.069195,0.112111,weekend,intraday,0,1
2020-08-03 15:33,15.8200,2020-08-04 10:52,16.4700,2020-08-04 10:58,16.5000,2020-08-04 12:06,16.2400,6,68,74,6,68,74,0.001821,0.042984,intraday,intraday,0,0
2020-08-04 14:34,16.1600,2020-08-05 10:13,16.8300,2020-08-05 10:13,16.8300,2020-08-05 10:32,16.5700,0,19,19,0,19,19,0.000000,0.041460,intraday,intraday,0,0
2020-08-07 14:30,15.4400,2020-08-10 09:30,16.0800,2020-08-10 09:38,16.2200,2020-08-10 09:56,15.9600,8,18,26,8,18,26,0.008706,0.050518,intraday,intraday,0,0
2020-08-10 10:59,15.4000,2020-08-10 12:47,16.0200,2020-08-10 13:13,16.2300,2020-08-10 15:28,15.9800,26,135,161,26,135,161,0.013109,0.053896,intraday,intraday,0,0
2020-08-11 09:34,15.7800,2020-08-11 12:43,16.4200,2020-08-11 12:45,16.4600,2020-08-11 14:16,16.2000,2,91,93,2,91,93,0.002436,0.043093,intraday,intraday,0,0
2020-08-11 15:54,15.3900,2020-08-12 09:50,16.0200,2020-08-12 12:55,17.0200,2020-08-12 13:28,16.7600,185,33,218,185,33,218,0.062422,0.105913,intraday,intraday,0,0
2020-08-13 14:51,16.2700,2020-08-14 09:39,16.9400,2020-08-14 09:41,17.0200,2020-08-14 09:49,16.7100,2,8,10,2,8,10,0.004723,0.046097,intraday,intraday,0,0
2020-08-14 15:15,16.3100,2020-08-17 09:37,16.9700,2020-08-17 09:40,17.1800,2020-08-17 09:53,16.9000,3,13,16,3,13,16,0.012375,0.053342,intraday,intraday,0,0
2020-08-20 11:09,15.7000,2020-08-21 15:51,16.3300,2020-08-24 09:45,17.0300,2020-08-24 09:52,16.7700,24,7,31,3954,7,3961,0.042866,0.084713,weekend,intraday,0,1
2020-08-24 10:53,16.5000,2020-08-25 09:33,17.1800,2020-08-25 09:35,17.2300,2020-08-25 10:08,16.9500,2,33,35,2,33,35,0.002910,0.044242,intraday,intraday,0,0
2020-08-25 11:32,16.9200,2020-08-26 12:07,17.6000,2020-08-26 14:04,17.7200,2020-08-26 14:57,17.4200,117,53,170,117,53,170,0.006818,0.047281,intraday,intraday,0,0
2020-08-27 13:05,16.5900,2020-08-28 09:57,17.2600,2020-08-28 15:58,17.8600,2020-08-31 09:38,17.5400,361,10,371,361,3940,4301,0.034762,0.076552,weekend,weekend,0,1
2020-08-31 09:57,17.4000,2020-08-31 13:06,18.1100,2020-08-31 13:48,18.1900,2020-08-31 15:21,17.8900,42,93,135,42,93,135,0.004417,0.045402,intraday,intraday,0,0
2020-08-31 15:59,17.7700,2020-09-01 09:52,18.5100,2020-09-01 10:28,18.7900,2020-09-01 11:23,18.5000,36,55,91,36,55,91,0.015127,0.057400,intraday,intraday,0,0
2020-09-01 11:33,18.4600,2020-09-02 09:30,19.7300,2020-09-02 09:37,19.9600,2020-09-02 09:50,19.6100,7,13,20,7,13,20,0.011657,0.081257,intraday,intraday,0,0
2020-09-02 09:56,19.1900,2020-09-02 10:19,19.9900,2020-09-02 10:53,20.0500,2020-09-02 11:08,19.6400,34,15,49,34,15,49,0.003002,0.044815,intraday,intraday,0,0
2020-09-02 11:42,19.5000,2020-09-02 13:32,20.3000,2020-09-02 15:18,20.7500,2020-09-03 09:30,19.2100,106,42,148,106,1092,1198,0.022167,0.064103,overnight,overnight,1,1
2020-09-03 11:20,17.0600,2020-09-03 11:40,17.7900,2020-09-03 11:54,18.0000,2020-09-03 11:57,17.6700,14,3,17,14,3,17,0.011804,0.055100,intraday,intraday,0,0
2020-09-03 15:34,16.6400,2020-09-04 09:33,17.3100,2020-09-04 09:34,17.3200,2020-09-04 09:40,17.0600,1,6,7,1,6,7,0.000578,0.040865,intraday,intraday,0,0
2020-09-04 10:43,14.6900,2020-09-04 10:49,15.2900,2020-09-04 10:49,15.2900,2020-09-04 10:50,15.0600,0,1,1,0,1,1,0.000000,0.040844,intraday,intraday,0,0
2020-09-04 11:27,15.0400,2020-09-04 11:51,15.6800,2020-09-04 12:00,16.0000,2020-09-04 12:12,15.7000,9,12,21,9,12,21,0.020408,0.063830,intraday,intraday,0,0
2020-09-04 13:19,15.6000,2020-09-04 14:28,16.2300,2020-09-04 15:28,17.0100,2020-09-04 15:36,16.6600,60,8,68,60,8,68,0.048059,0.090385,intraday,intraday,0,0
2020-09-08 09:42,14.3100,2020-09-08 09:53,14.9600,2020-09-08 10:30,15.5700,2020-09-08 10:33,15.3300,37,3,40,37,3,40,0.040775,0.088050,intraday,intraday,0,0
2020-09-08 15:59,14.1300,2020-09-09 09:30,15.1700,2020-09-09 09:31,15.2100,2020-09-09 09:33,14.9700,1,2,3,1,2,3,0.002637,0.076433,intraday,intraday,0,0
2020-09-09 09:51,14.6700,2020-09-09 11:00,15.3400,2020-09-09 11:03,15.4000,2020-09-09 11:09,15.1500,3,6,9,3,6,9,0.003911,0.049761,intraday,intraday,0,0
2020-09-09 11:10,15.1000,2020-09-10 09:30,15.8300,2020-09-10 09:34,16.0800,2020-09-10 09:36,15.8100,4,2,6,4,2,6,0.015793,0.064901,intraday,intraday,0,0
2020-09-10 15:20,14.4500,2020-09-11 09:30,15.2200,2020-09-11 09:30,15.2200,2020-09-11 09:36,14.9400,0,6,6,0,6,6,0.000000,0.053287,intraday,intraday,0,0
2020-09-11 13:31,14.2100,2020-09-11 15:31,14.7800,2020-09-14 09:49,15.8200,2020-09-14 10:00,15.5400,48,11,59,3978,11,3989,0.070365,0.113300,weekend,intraday,0,1
2020-09-14 13:32,15.2300,2020-09-15 09:30,16.2000,2020-09-15 12:46,16.6800,2020-09-15 14:08,16.3800,196,82,278,196,82,278,0.029630,0.095207,intraday,intraday,0,0
2020-09-17 09:30,14.6900,2020-09-17 10:05,15.3800,2020-09-17 10:21,15.4800,2020-09-17 10:24,15.2300,16,3,19,16,3,19,0.006502,0.053778,intraday,intraday,0,0
2020-09-17 10:25,15.1900,2020-09-17 11:04,15.8000,2020-09-17 11:16,15.9600,2020-09-17 11:21,15.7000,12,5,17,12,5,17,0.010127,0.050691,intraday,intraday,0,0
2020-09-17 12:17,15.1400,2020-09-17 13:44,15.7800,2020-09-17 14:13,15.8300,2020-09-17 14:29,15.5800,29,16,45,29,16,45,0.003169,0.045575,intraday,intraday,0,0
2020-09-17 15:05,15.4400,2020-09-18 09:30,16.1000,2020-09-18 09:30,16.1000,2020-09-18 09:47,15.7900,0,17,17,0,17,17,0.000000,0.042746,intraday,intraday,0,0
2020-09-18 13:30,14.5700,2020-09-18 14:59,15.1700,2020-09-18 15:30,15.3400,2020-09-18 15:52,15.1000,31,22,53,31,22,53,0.011206,0.052848,intraday,intraday,0,0
2020-09-21 09:40,13.9200,2020-09-21 09:49,14.5100,2020-09-21 09:49,14.5100,2020-09-21 09:55,14.2100,0,6,6,0,6,6,0.000000,0.042385,intraday,intraday,0,0
2020-09-21 10:40,13.9300,2020-09-21 11:47,14.4900,2020-09-21 12:40,14.8700,2020-09-21 13:01,14.6100,53,21,74,53,21,74,0.026225,0.067480,intraday,intraday,0,0
2020-09-21 14:49,14.4000,2020-09-21 15:59,15.0100,2020-09-22 09:30,15.2900,2020-09-22 09:36,15.0500,1,6,7,1051,6,1057,0.018654,0.061806,overnight,intraday,0,1
2020-09-22 11:07,14.5500,2020-09-22 13:40,15.1500,2020-09-23 09:49,15.7500,2020-09-23 09:54,15.5000,159,5,164,1209,5,1214,0.039604,0.082474,overnight,intraday,0,1
2020-09-24 09:34,14.1600,2020-09-24 10:00,14.8700,2020-09-24 10:17,14.9900,2020-09-24 10:20,14.7400,17,3,20,17,3,20,0.008070,0.058616,intraday,intraday,0,0
2020-09-24 10:39,14.5300,2020-09-24 11:59,15.1200,2020-09-24 12:06,15.1800,2020-09-24 12:32,14.9400,7,26,33,7,26,33,0.003968,0.044735,intraday,intraday,0,0
2020-09-25 09:50,14.2400,2020-09-25 10:40,14.8400,2020-09-28 09:40,16.1000,2020-09-28 09:48,15.8500,330,8,338,4260,8,4268,0.084906,0.130618,weekend,intraday,0,1
2020-09-28 09:50,15.8000,2020-09-28 13:22,16.4400,2020-09-29 10:09,17.2600,2020-09-29 10:33,17.0000,197,24,221,1247,24,1271,0.049878,0.092405,overnight,intraday,0,1
2020-09-30 09:38,16.6300,2020-09-30 10:22,17.3600,2020-09-30 10:22,17.3600,2020-09-30 11:34,17.0800,0,72,72,0,72,72,0.000000,0.043897,intraday,intraday,0,0
2020-09-30 15:20,16.6500,2020-10-01 09:30,17.7700,2020-10-01 09:36,17.9500,2020-10-01 09:59,17.6700,6,23,29,6,23,29,0.010129,0.078078,intraday,intraday,0,0
2020-10-01 11:10,17.3400,2020-10-01 14:56,18.0400,2020-10-01 15:04,18.0700,2020-10-01 15:32,17.7800,8,28,36,8,28,36,0.001663,0.042099,intraday,intraday,0,0
2020-10-02 09:30,16.7400,2020-10-02 10:13,17.4100,2020-10-02 10:28,17.4500,2020-10-02 10:38,17.1800,15,10,25,15,10,25,0.002298,0.042413,intraday,intraday,0,0
2020-10-02 15:59,16.3100,2020-10-05 09:31,16.9900,2020-10-06 10:40,18.6000,2020-10-06 11:19,18.2800,459,39,498,1509,39,1548,0.094762,0.140405,overnight,intraday,0,1
2020-10-06 11:51,18.0900,2020-10-06 14:43,18.8400,2020-10-06 14:46,18.8900,2020-10-06 14:49,18.5500,3,3,6,3,3,6,0.002654,0.044223,intraday,intraday,0,0
2020-10-06 15:53,17.4300,2020-10-07 09:30,18.4400,2020-10-07 09:56,18.7400,2020-10-07 10:36,18.4500,26,40,66,26,40,66,0.016269,0.075158,intraday,intraday,0,0
2020-10-07 10:40,18.3600,2020-10-08 09:30,19.1300,2020-10-08 11:15,19.3600,2020-10-08 11:33,19.0300,105,18,123,105,18,123,0.012023,0.054466,intraday,intraday,0,0
2020-10-08 11:34,19.0200,2020-10-09 09:30,20.3400,2020-10-09 09:41,20.4500,2020-10-09 10:12,20.1300,11,31,42,11,31,42,0.005408,0.075184,intraday,intraday,0,0
2020-10-09 10:25,19.9300,2020-10-12 09:30,21.0000,2020-10-12 14:34,21.5500,2020-10-12 15:31,21.2100,304,57,361,304,57,361,0.026190,0.081284,intraday,intraday,0,0
2020-10-15 09:30,19.5800,2020-10-15 11:39,20.3700,2020-10-16 09:30,21.0400,2020-10-16 11:10,20.6100,261,100,361,1311,100,1411,0.032892,0.074566,overnight,intraday,0,1
2020-10-16 15:59,20.3700,2020-10-19 09:42,21.2000,2020-10-19 09:43,21.2400,2020-10-19 10:01,20.9000,1,18,19,1,18,19,0.001887,0.042710,intraday,intraday,0,0
2020-10-22 10:44,18.9400,2020-10-22 13:30,19.7000,2020-10-22 14:16,19.9200,2020-10-22 15:07,19.6200,46,51,97,46,51,97,0.011168,0.051742,intraday,intraday,0,0
2020-10-26 13:34,17.4000,2020-10-26 15:59,18.1000,2020-10-27 09:30,18.5800,2020-10-27 09:33,18.1800,1,3,4,1051,3,1054,0.026519,0.067816,overnight,intraday,0,1
2020-10-28 15:59,16.1000,2020-10-29 10:00,16.7700,2020-10-29 11:27,17.2900,2020-10-29 11:45,17.0000,87,18,105,87,18,105,0.031008,0.073913,intraday,intraday,0,0
2020-10-29 11:58,16.9400,2020-10-29 14:07,17.6300,2020-10-29 14:29,17.9000,2020-10-29 15:15,17.6200,22,46,68,22,46,68,0.015315,0.056671,intraday,intraday,0,0
2020-10-30 13:38,16.0100,2020-11-02 09:30,17.0600,2020-11-02 10:19,17.3800,2020-11-02 10:39,17.1100,49,20,69,49,20,69,0.018757,0.085572,intraday,intraday,0,0
2020-11-02 14:09,16.4300,2020-11-03 09:30,17.4100,2020-11-03 10:30,18.2300,2020-11-03 11:28,17.9500,60,58,118,60,58,118,0.047099,0.109556,intraday,intraday,0,0
2020-11-03 13:58,17.6200,2020-11-04 09:30,18.7400,2020-11-04 09:32,18.8800,2020-11-04 09:35,18.5000,2,3,5,2,3,5,0.007471,0.071510,intraday,intraday,0,0
2020-11-04 09:42,18.3000,2020-11-04 10:04,19.0500,2020-11-04 10:24,19.4100,2020-11-04 10:39,19.1100,20,15,35,20,15,35,0.018898,0.060656,intraday,intraday,0,0
2020-11-04 11:16,18.9500,2020-11-04 12:21,19.7500,2020-11-04 15:01,19.9700,2020-11-04 15:19,19.6400,160,18,178,160,18,178,0.011139,0.053826,intraday,intraday,0,0
2020-11-04 15:32,19.5400,2020-11-05 09:30,21.5500,2020-11-05 10:10,22.2400,2020-11-05 10:25,21.8500,40,15,55,40,15,55,0.032019,0.138178,intraday,intraday,0,0
2020-11-05 10:39,21.6800,2020-11-06 10:11,22.5600,2020-11-06 10:53,23.0100,2020-11-06 10:58,22.6400,42,5,47,42,5,47,0.019947,0.061347,intraday,intraday,0,0
2020-11-06 11:16,22.6200,2020-11-06 15:31,23.5700,2020-11-09 09:32,25.4300,2020-11-09 09:34,24.8300,31,2,33,3961,2,3963,0.078914,0.124226,weekend,intraday,0,1
2020-11-09 09:42,24.2700,2020-11-09 10:18,25.3000,2020-11-09 10:30,25.5700,2020-11-09 10:37,25.1700,12,7,19,12,7,19,0.010672,0.053564,intraday,intraday,0,0
2020-11-10 10:43,20.5300,2020-11-10 11:28,21.3600,2020-11-10 12:11,21.7400,2020-11-10 12:28,21.3900,43,17,60,43,17,60,0.017790,0.058938,intraday,intraday,0,0
2020-11-10 15:56,20.4200,2020-11-11 09:30,21.7600,2020-11-11 09:53,22.5500,2020-11-11 10:04,22.2100,23,11,34,23,11,34,0.036305,0.104310,intraday,intraday,0,0
2020-11-11 10:50,22.0100,2020-11-12 10:38,22.9300,2020-11-12 10:41,23.0600,2020-11-12 10:54,22.6900,3,13,16,3,13,16,0.005669,0.047706,intraday,intraday,0,0
2020-11-12 15:01,21.6300,2020-11-13 09:30,22.8400,2020-11-13 09:56,23.3000,2020-11-13 10:11,22.9400,26,15,41,26,15,41,0.020140,0.077208,intraday,intraday,0,0
2020-11-13 13:55,22.2900,2020-11-16 09:30,23.2600,2020-11-16 11:13,24.4500,2020-11-16 11:37,24.0600,103,24,127,103,24,127,0.051161,0.096904,intraday,intraday,0,0
2020-11-17 09:59,23.3100,2020-11-18 12:00,24.2600,2020-11-18 12:37,24.4500,2020-11-18 13:29,24.0700,37,52,89,37,52,89,0.007832,0.048906,intraday,intraday,0,0
2020-11-19 09:33,22.7700,2020-11-19 11:45,23.7100,2020-11-20 10:39,24.9800,2020-11-20 11:50,24.5900,324,71,395,1374,71,1445,0.053564,0.097058,overnight,intraday,0,1
2020-11-20 15:59,23.9800,2020-11-23 09:44,24.9500,2020-11-23 09:54,25.2800,2020-11-23 10:06,24.9000,10,12,22,10,12,22,0.013226,0.054212,intraday,intraday,0,0
2020-11-23 11:19,24.1100,2020-11-23 15:50,25.1200,2020-11-24 09:30,25.3300,2020-11-24 09:34,24.8900,10,4,14,1060,4,1064,0.008360,0.050601,overnight,intraday,0,1
2020-11-24 09:42,24.3600,2020-11-24 13:01,25.3400,2020-11-25 09:34,25.8500,2020-11-25 09:57,25.4300,183,23,206,1233,23,1256,0.020126,0.061166,overnight,intraday,0,1
2020-11-25 10:42,24.9100,2020-11-27 09:30,25.9700,2020-11-27 10:41,26.5900,2020-11-27 11:49,26.1900,71,68,139,71,68,139,0.023874,0.067443,intraday,intraday,0,0
2020-11-30 10:45,25.3700,2020-11-30 12:29,26.4100,2020-12-01 09:31,28.0100,2020-12-01 09:40,27.5300,212,9,221,1262,9,1271,0.060583,0.104060,overnight,intraday,0,1
2020-12-01 09:40,27.5300,2020-12-01 11:24,28.6500,2020-12-01 14:48,28.9000,2020-12-01 15:08,28.4600,204,20,224,204,20,224,0.008726,0.049764,intraday,intraday,0,0
2020-12-02 09:45,28.0800,2020-12-03 09:31,29.2100,2020-12-03 10:24,29.6700,2020-12-03 10:58,29.1900,53,34,87,53,34,87,0.015748,0.056624,intraday,intraday,0,0
2020-12-03 15:55,28.6500,2020-12-04 10:08,29.8000,2020-12-07 09:30,31.3300,2020-12-07 09:47,30.8500,352,17,369,4282,17,4299,0.051342,0.093543,weekend,intraday,0,1
2020-12-07 09:52,30.7300,2020-12-08 13:50,31.9700,2020-12-08 14:24,32.2700,2020-12-09 09:30,31.2100,34,96,130,34,1146,1180,0.009384,0.050114,overnight,overnight,1,1
2020-12-10 09:34,28.1600,2020-12-10 09:51,29.3500,2020-12-10 11:31,29.8200,2020-12-10 11:55,29.2500,100,24,124,100,24,124,0.016014,0.058949,intraday,intraday,0,0
2020-12-11 12:22,27.2800,2020-12-14 09:30,28.9800,2020-12-14 10:00,29.6000,2020-12-14 10:57,29.1200,30,57,87,30,57,87,0.021394,0.085044,intraday,intraday,0,0
2020-12-14 13:10,28.8700,2020-12-15 09:30,30.5000,2020-12-15 09:33,30.6100,2020-12-15 10:39,30.1100,3,66,69,3,66,69,0.003607,0.060270,intraday,intraday,0,0
2020-12-16 10:21,29.7000,2020-12-17 09:37,30.9200,2020-12-17 09:37,30.9200,2020-12-17 10:03,30.4400,0,26,26,0,26,26,0.000000,0.041077,intraday,intraday,0,0
2020-12-21 10:37,28.1700,2020-12-21 12:51,29.4000,2020-12-21 13:56,29.6900,2020-12-21 15:33,29.2300,65,97,162,65,97,162,0.009864,0.053958,intraday,intraday,0,0
2020-12-22 11:43,28.8100,2020-12-28 09:30,30.5600,2020-12-28 09:34,30.6200,2020-12-28 10:05,30.1100,4,31,35,4,31,35,0.001963,0.062825,intraday,intraday,0,0
2020-12-29 12:25,28.3000,2020-12-29 15:39,29.4400,2020-12-30 10:30,30.7600,2020-12-30 10:39,30.2700,81,9,90,1131,9,1140,0.044837,0.086926,overnight,intraday,0,1
2020-12-31 09:42,30.2100,2021-01-04 09:30,31.8400,2021-01-04 10:25,33.6200,2021-01-04 10:45,32.9500,55,20,75,55,20,75,0.055905,0.112877,intraday,intraday,0,0
2021-01-04 12:11,30.0500,2021-01-05 09:34,31.2700,2021-01-05 10:04,32.2400,2021-01-05 10:43,31.7300,30,39,69,30,39,69,0.031020,0.072879,intraday,intraday,0,0
2021-01-06 09:34,31.3100,2021-01-06 10:28,32.5900,2021-01-06 12:30,33.4800,2021-01-06 13:21,32.9400,122,51,173,122,51,173,0.027309,0.069307,intraday,intraday,0,0
2021-01-06 15:52,32.0700,2021-01-07 09:30,33.8000,2021-01-07 11:09,35.5300,2021-01-07 11:57,34.9900,99,48,147,99,48,147,0.051183,0.107889,intraday,intraday,0,0
2021-01-07 12:14,34.9000,2021-01-08 09:30,37.8000,2021-01-08 09:31,37.8500,2021-01-08 09:34,37.2000,1,3,4,1,3,4,0.001323,0.084527,intraday,intraday,0,0
2021-01-08 13:42,34.6700,2021-01-11 09:45,36.0800,2021-01-11 10:42,37.4700,2021-01-11 11:11,36.8300,57,29,86,57,29,86,0.038525,0.080761,intraday,intraday,0,0
2021-01-11 11:12,36.6700,2021-01-12 10:51,38.1400,2021-01-12 11:23,38.7600,2021-01-12 11:48,38.1400,32,25,57,32,25,57,0.016256,0.056995,intraday,intraday,0,0
2021-01-12 12:16,37.2500,2021-01-14 09:30,39.4600,2021-01-14 11:31,41.5700,2021-01-14 13:20,40.8700,121,109,230,121,109,230,0.053472,0.115973,intraday,intraday,0,0
2021-01-15 10:23,37.1900,2021-01-15 13:16,38.6900,2021-01-15 13:17,38.7800,2021-01-15 14:26,38.1300,1,69,70,1,69,70,0.002326,0.042753,intraday,intraday,0,0
2021-01-15 15:50,37.7500,2021-01-19 09:30,39.5700,2021-01-20 09:36,43.3800,2021-01-20 09:45,42.5900,396,9,405,1446,9,1455,0.096285,0.149139,overnight,intraday,0,1
2021-01-20 14:13,41.0000,2021-01-21 15:37,42.7200,2021-01-21 15:55,43.4700,2021-01-22 09:30,41.8100,18,5,23,18,1055,1073,0.017556,0.060244,overnight,overnight,1,1
2021-01-25 11:09,38.7300,2021-01-25 11:33,40.2800,2021-01-25 12:04,40.6700,2021-01-25 12:16,39.9700,31,12,43,31,12,43,0.009682,0.050090,intraday,intraday,0,0
2021-01-25 12:18,39.3200,2021-01-25 15:59,40.9300,2021-01-25 15:59,40.9300,2021-01-26 09:34,40.3000,0,5,5,0,1055,1055,0.000000,0.040946,overnight,overnight,0,1
2021-01-27 09:50,34.2100,2021-01-27 10:01,35.6900,2021-01-27 10:09,35.8800,2021-01-27 10:15,35.3300,8,6,14,8,6,14,0.005324,0.048816,intraday,intraday,0,0
2021-01-27 12:04,34.2900,2021-01-27 12:49,35.6700,2021-01-27 13:02,35.8700,2021-01-27 13:12,35.3300,13,10,23,13,10,23,0.005607,0.046078,intraday,intraday,0,0
2021-01-27 15:37,32.6000,2021-01-28 09:30,35.1800,2021-01-28 09:30,35.1800,2021-01-28 09:39,34.5300,0,9,9,0,9,9,0.000000,0.079141,intraday,intraday,0,0
2021-01-28 09:41,34.2000,2021-01-28 11:07,35.6000,2021-01-28 11:10,35.7700,2021-01-28 11:20,35.2100,3,10,13,3,10,13,0.004775,0.045906,intraday,intraday,0,0
2021-01-28 11:26,35.0500,2021-01-28 13:37,36.5300,2021-01-28 13:38,36.5800,2021-01-28 15:10,36.0300,1,92,93,1,92,93,0.001369,0.043652,intraday,intraday,0,0
2021-01-29 09:42,34.2000,2021-01-29 10:21,35.5700,2021-01-29 10:27,35.8200,2021-01-29 10:36,35.2100,6,9,15,6,9,15,0.007028,0.047368,intraday,intraday,0,0
2021-01-29 12:49,32.9200,2021-01-29 15:21,34.2500,2021-01-29 15:32,34.3800,2021-01-29 15:45,33.7300,11,13,24,11,13,24,0.003796,0.044350,intraday,intraday,0,0
2021-01-29 15:59,33.4000,2021-02-01 09:30,35.4600,2021-02-01 09:37,35.5100,2021-02-01 09:54,34.8400,7,17,24,7,17,24,0.001410,0.063174,intraday,intraday,0,0
2021-02-01 10:01,34.6700,2021-02-01 12:00,36.1100,2021-02-02 09:31,39.1100,2021-02-02 09:36,38.2700,241,5,246,1291,5,1296,0.083079,0.128065,overnight,intraday,0,1
2021-02-02 10:45,37.5000,2021-02-02 15:21,39.0000,2021-02-03 09:35,39.5500,2021-02-03 09:46,38.9100,44,11,55,1094,11,1105,0.014103,0.054667,overnight,intraday,0,1
2021-02-04 09:42,35.5500,2021-02-04 12:15,37.0000,2021-02-04 12:48,37.3300,2021-02-04 14:10,36.7600,33,82,115,33,82,115,0.008919,0.050070,intraday,intraday,0,0
2021-02-04 14:49,36.5900,2021-02-05 09:30,38.2800,2021-02-05 09:30,38.2800,2021-02-05 09:34,37.5700,0,4,4,0,4,4,0.000000,0.046187,intraday,intraday,0,0
2021-02-05 12:00,36.5900,2021-02-08 09:36,38.1700,2021-02-08 09:54,38.9900,2021-02-08 10:25,38.3600,18,31,49,18,31,49,0.021483,0.065592,intraday,intraday,0,0
2021-02-08 10:25,38.3600,2021-02-08 15:24,39.9000,2021-02-08 15:59,40.1100,2021-02-09 09:39,39.4000,35,10,45,35,1060,1095,0.005263,0.045620,overnight,overnight,0,1
2021-02-09 09:40,39.2000,2021-02-10 09:30,40.9000,2021-02-10 09:30,40.9000,2021-02-10 09:34,40.2300,0,4,4,0,4,4,0.000000,0.043367,intraday,intraday,0,0
2021-02-10 10:44,38.4000,2021-02-10 11:23,39.9800,2021-02-10 11:23,39.9800,2021-02-10 11:31,39.3800,0,8,8,0,8,8,0.000000,0.041146,intraday,intraday,0,0
2021-02-10 11:32,39.2700,2021-02-11 09:30,41.4000,2021-02-11 12:04,43.3700,2021-02-11 12:19,42.5400,154,15,169,154,15,169,0.047585,0.104405,intraday,intraday,0,0
2021-02-11 12:29,41.9500,2021-02-11 13:39,43.6600,2021-02-11 15:59,44.1200,2021-02-12 09:32,43.1800,140,3,143,140,1053,1193,0.010536,0.051728,overnight,overnight,0,1
2021-02-12 09:34,43.1400,2021-02-12 10:10,44.9000,2021-02-12 11:33,45.9800,2021-02-12 12:54,45.1700,83,81,164,83,81,164,0.024053,0.065832,intraday,intraday,0,0
2021-02-12 14:37,44.6800,2021-02-16 09:30,47.1600,2021-02-16 09:30,47.1600,2021-02-16 09:37,46.3600,0,7,7,0,7,7,0.000000,0.055506,intraday,intraday,0,0
2021-02-17 09:37,43.6900,2021-02-17 09:50,45.5200,2021-02-17 09:51,45.6400,2021-02-17 10:03,44.8600,1,12,13,1,12,13,0.002636,0.044633,intraday,intraday,0,0
2021-02-17 11:45,42.1900,2021-02-17 13:08,43.9400,2021-02-17 14:09,44.2500,2021-02-17 14:28,43.5600,61,19,80,61,19,80,0.007055,0.048827,intraday,intraday,0,0
2021-02-18 10:32,41.0200,2021-02-18 13:31,42.6800,2021-02-18 14:02,43.1300,2021-02-18 14:24,42.4400,31,22,53,31,22,53,0.010544,0.051438,intraday,intraday,0,0
2021-02-18 14:53,42.3800,2021-02-19 09:30,44.9000,2021-02-19 11:31,46.4900,2021-02-19 12:09,45.7700,121,38,159,121,38,159,0.035412,0.096980,intraday,intraday,0,0
2021-02-23 09:50,35.0700,2021-02-23 09:54,36.6200,2021-02-23 11:04,39.7100,2021-02-23 11:17,39.0800,70,13,83,70,13,83,0.084380,0.132307,intraday,intraday,0,0
2021-02-23 13:00,36.7500,2021-02-23 13:29,38.2200,2021-02-23 15:26,40.7100,2021-02-23 15:43,40.0900,117,17,134,117,17,134,0.065149,0.107755,intraday,intraday,0,0
2021-02-24 10:05,38.1300,2021-02-24 11:12,39.7600,2021-02-24 12:38,42.2300,2021-02-24 13:02,41.4700,86,24,110,86,24,110,0.062123,0.107527,intraday,intraday,0,0
2021-02-24 13:04,41.4200,2021-02-24 14:40,43.1000,2021-02-24 15:59,43.7200,2021-02-25 09:30,41.9000,79,1,80,79,1051,1130,0.014385,0.055529,overnight,overnight,1,1
2021-02-25 12:57,36.8300,2021-02-25 13:20,38.3500,2021-02-25 13:28,38.4100,2021-02-25 13:33,37.7600,8,5,13,8,5,13,0.001565,0.042900,intraday,intraday,0,0
2021-02-25 13:54,37.3100,2021-02-25 14:20,38.8800,2021-02-25 14:21,38.9400,2021-02-25 14:35,38.2300,1,14,15,1,14,15,0.001543,0.043688,intraday,intraday,0,0
2021-02-25 15:36,35.7100,2021-02-26 09:30,37.7800,2021-02-26 09:41,38.4400,2021-02-26 09:42,37.8500,11,1,12,11,1,12,0.017470,0.076449,intraday,intraday,0,0
2021-02-26 10:29,35.8000,2021-02-26 10:43,37.2600,2021-02-26 11:10,38.2600,2021-02-26 11:21,37.6400,27,11,38,27,11,38,0.026838,0.068715,intraday,intraday,0,0
2021-02-26 11:23,37.5000,2021-02-26 12:08,39.0300,2021-02-26 12:16,39.5100,2021-02-26 12:58,38.7500,8,42,50,8,42,50,0.012298,0.053600,intraday,intraday,0,0
2021-02-26 14:21,38.2500,2021-03-01 09:30,40.9000,2021-03-01 09:30,40.9000,2021-03-01 09:36,40.0500,0,6,6,0,6,6,0.000000,0.069281,intraday,intraday,0,0
2021-03-01 09:41,39.7800,2021-03-01 11:36,41.4400,2021-03-01 15:59,42.4300,2021-03-02 09:33,41.7300,263,4,267,263,1054,1317,0.023890,0.066616,overnight,overnight,0,1
2021-03-03 10:31,36.7300,2021-03-03 11:21,38.2500,2021-03-03 11:29,38.5100,2021-03-03 11:47,37.8800,8,18,26,8,18,26,0.006797,0.048462,intraday,intraday,0,0
2021-03-04 10:19,31.3800,2021-03-04 10:35,32.6500,2021-03-04 10:47,33.6700,2021-03-04 10:53,32.7400,12,6,18,12,6,18,0.031240,0.072976,intraday,intraday,0,0
2021-03-04 13:59,28.5200,2021-03-04 14:24,29.8200,2021-03-04 14:29,30.2100,2021-03-04 14:36,29.7400,5,7,12,5,7,12,0.013078,0.059257,intraday,intraday,0,0
2021-03-04 15:24,29.5700,2021-03-05 09:30,31.7700,2021-03-05 09:32,31.7900,2021-03-05 09:34,31.1600,2,2,4,2,2,4,0.000630,0.075076,intraday,intraday,0,0
2021-03-05 11:28,27.7300,2021-03-05 11:38,28.8600,2021-03-05 13:00,31.3700,2021-03-05 13:02,30.7200,82,2,84,82,2,84,0.086972,0.131266,intraday,intraday,0,0
2021-03-05 13:03,30.5600,2021-03-05 13:17,31.8400,2021-03-05 13:40,32.5600,2021-03-05 13:53,31.9100,23,13,36,23,13,36,0.022613,0.065445,intraday,intraday,0,0
2021-03-05 14:19,31.5600,2021-03-05 15:00,32.8700,2021-03-05 15:00,32.8700,2021-03-05 15:12,32.3500,0,12,12,0,12,12,0.000000,0.041508,intraday,intraday,0,0
2021-03-08 09:36,31.0900,2021-03-08 09:41,32.4300,2021-03-08 09:43,32.8300,2021-03-08 09:47,32.2500,2,4,6,2,4,6,0.012334,0.055967,intraday,intraday,0,0
2021-03-08 10:03,31.1500,2021-03-08 10:45,32.4300,2021-03-08 10:45,32.4300,2021-03-08 10:50,31.9300,0,5,5,0,5,5,0.000000,0.041091,intraday,intraday,0,0
2021-03-08 15:59,27.5000,2021-03-09 09:30,30.2800,2021-03-09 09:31,30.6000,2021-03-09 09:33,30.1200,1,2,3,1,2,3,0.010568,0.112727,intraday,intraday,0,0
2021-03-09 09:33,30.1200,2021-03-09 10:00,31.3600,2021-03-09 10:17,31.7600,2021-03-09 10:31,31.2200,17,14,31,17,14,31,0.012755,0.054449,intraday,intraday,0,0
2021-03-09 10:33,31.0200,2021-03-09 13:21,32.2900,2021-03-09 15:34,33.0200,2021-03-09 15:42,32.5000,133,8,141,133,8,141,0.022608,0.064475,intraday,intraday,0,0
2021-03-09 15:50,32.2000,2021-03-10 09:30,33.7400,2021-03-10 09:30,33.7400,2021-03-10 09:35,33.1200,0,5,5,0,5,5,0.000000,0.047826,intraday,intraday,0,0
2021-03-10 15:59,30.6800,2021-03-11 09:30,33.6300,2021-03-11 09:39,33.7700,2021-03-11 09:42,33.2000,9,3,12,9,3,12,0.004163,0.100717,intraday,intraday,0,0
2021-03-11 09:47,32.8700,2021-03-11 11:13,34.2100,2021-03-11 13:07,35.0300,2021-03-11 13:34,34.4900,114,27,141,114,27,141,0.023970,0.065713,intraday,intraday,0,0
2021-03-12 09:37,31.9700,2021-03-12 09:54,33.2900,2021-03-12 10:05,33.4200,2021-03-12 10:17,32.9100,11,12,23,11,12,23,0.003905,0.045355,intraday,intraday,0,0
2021-03-12 11:00,31.9200,2021-03-12 13:41,33.2000,2021-03-15 09:36,33.9100,2021-03-15 09:41,33.3300,145,5,150,4075,5,4080,0.021386,0.062343,weekend,intraday,0,1
2021-03-15 09:42,33.2400,2021-03-15 10:13,34.5800,2021-03-15 10:13,34.5800,2021-03-15 10:37,33.8800,0,24,24,0,24,24,0.000000,0.040313,intraday,intraday,0,0
2021-03-15 11:38,33.5900,2021-03-15 14:21,34.9500,2021-03-16 11:22,38.5600,2021-03-16 12:15,37.9000,211,53,264,1261,53,1314,0.103290,0.147961,overnight,intraday,0,1
2021-03-17 09:39,34.6900,2021-03-17 09:49,36.1600,2021-03-17 10:25,36.9300,2021-03-17 10:30,36.3300,36,5,41,36,5,41,0.021294,0.064572,intraday,intraday,0,0
2021-03-17 11:41,35.3400,2021-03-17 14:02,36.9100,2021-03-17 14:12,37.8400,2021-03-17 14:24,37.2500,10,12,22,10,12,22,0.025196,0.070741,intraday,intraday,0,0
2021-03-17 14:30,36.8700,2021-03-17 14:43,38.4200,2021-03-17 15:08,39.1500,2021-03-17 15:20,38.4800,25,12,37,25,12,37,0.019001,0.061839,intraday,intraday,0,0
2021-03-19 09:42,32.5600,2021-03-19 09:52,33.9600,2021-03-19 09:53,34.0700,2021-03-19 09:58,33.4500,1,5,6,1,5,6,0.003239,0.046376,intraday,intraday,0,0
2021-03-19 10:08,32.5000,2021-03-19 10:22,33.8000,2021-03-19 10:22,33.8000,2021-03-19 10:33,33.0600,0,11,11,0,11,11,0.000000,0.040000,intraday,intraday,0,0
2021-03-19 10:34,32.9600,2021-03-19 10:52,34.3100,2021-03-19 11:06,34.5300,2021-03-19 11:24,33.8700,14,18,32,14,18,32,0.006412,0.047633,intraday,intraday,0,0
2021-03-19 11:25,33.6100,2021-03-19 12:07,34.9700,2021-03-19 12:48,35.3800,2021-03-19 13:07,34.7700,41,19,60,41,19,60,0.011724,0.052663,intraday,intraday,0,0
2021-03-19 15:27,34.0200,2021-03-22 09:30,36.3300,2021-03-22 09:32,36.7200,2021-03-22 09:40,36.1600,2,8,10,2,8,10,0.010735,0.079365,intraday,intraday,0,0
2021-03-22 10:16,35.6700,2021-03-22 11:37,37.1000,2021-03-22 13:53,38.1700,2021-03-22 15:13,37.5400,136,80,216,136,80,216,0.028841,0.070087,intraday,intraday,0,0
2021-03-23 15:01,33.5500,2021-03-24 09:30,35.7800,2021-03-24 09:32,36.0000,2021-03-24 09:40,35.3100,2,8,10,2,8,10,0.006149,0.073025,intraday,intraday,0,0
2021-03-24 10:17,34.0800,2021-03-24 10:54,35.4800,2021-03-24 11:01,35.6200,2021-03-24 11:37,35.0500,7,36,43,7,36,43,0.003946,0.045188,intraday,intraday,0,0
2021-03-25 09:30,30.8000,2021-03-25 09:40,32.1200,2021-03-25 09:46,32.1900,2021-03-25 09:49,31.6600,6,3,9,6,3,9,0.002179,0.045130,intraday,intraday,0,0
2021-03-25 11:10,30.1300,2021-03-25 11:33,31.3600,2021-03-25 11:35,31.4800,2021-03-25 11:44,30.9600,2,9,11,2,9,11,0.003827,0.044806,intraday,intraday,0,0
2021-03-25 11:47,30.8400,2021-03-25 12:17,32.1400,2021-03-25 12:48,32.6700,2021-03-25 13:01,32.0500,31,13,44,31,13,44,0.016490,0.059339,intraday,intraday,0,0
2021-03-25 14:29,31.2200,2021-03-25 14:58,32.5600,2021-03-26 10:44,35.3900,2021-03-26 10:52,34.8200,136,8,144,1186,8,1194,0.086916,0.133568,overnight,intraday,0,1
2021-03-26 11:12,34.3000,2021-03-26 12:32,35.7100,2021-03-26 13:22,36.2600,2021-03-26 13:42,35.7100,50,20,70,50,20,70,0.015402,0.057143,intraday,intraday,0,0
2021-03-26 14:18,34.4500,2021-03-26 15:06,35.9000,2021-03-26 15:59,37.6100,2021-03-29 09:30,36.5800,53,1,54,53,3931,3984,0.047632,0.091727,weekend,weekend,1,1
2021-03-29 11:20,34.7800,2021-03-29 12:41,36.2200,2021-03-29 13:13,36.7700,2021-03-29 13:28,36.2000,32,15,47,32,15,47,0.015185,0.057217,intraday,intraday,0,0
2021-03-30 10:22,34.3400,2021-03-30 15:32,35.7700,2021-03-30 15:32,35.7700,2021-03-30 15:50,35.1800,0,18,18,0,18,18,0.000000,0.041642,intraday,intraday,0,0
2021-03-30 15:55,34.9100,2021-03-31 09:30,36.4500,2021-03-31 10:03,38.0300,2021-03-31 10:27,37.4100,33,24,57,33,24,57,0.043347,0.089373,intraday,intraday,0,0
2021-03-31 11:43,37.2900,2021-03-31 14:32,38.8400,2021-03-31 15:21,38.9700,2021-03-31 15:54,38.1900,49,33,82,49,33,82,0.003347,0.045052,intraday,intraday,0,0
2021-03-31 15:55,38.1100,2021-04-01 09:30,40.3000,2021-04-01 11:03,41.7200,2021-04-01 11:14,41.0500,93,11,104,93,11,104,0.035236,0.094726,intraday,intraday,0,0
2021-04-01 11:43,40.7400,2021-04-01 15:59,42.4400,2021-04-05 09:30,44.1800,2021-04-05 09:32,43.4300,1,2,3,5371,2,5373,0.040999,0.084438,weekend,intraday,0,1
2021-04-05 09:43,43.0300,2021-04-05 12:49,44.7600,2021-04-05 14:58,45.2900,2021-04-06 09:30,43.9200,129,62,191,129,1112,1241,0.011841,0.052521,overnight,overnight,1,1
2021-04-06 13:31,42.1600,2021-04-07 14:13,43.9300,2021-04-07 14:52,43.9800,2021-04-07 15:33,43.2900,39,41,80,39,41,80,0.001138,0.043169,intraday,intraday,0,0
2021-04-07 15:35,43.0600,2021-04-08 09:30,44.8600,2021-04-08 09:31,44.8800,2021-04-08 09:47,43.9200,1,16,17,1,16,17,0.000446,0.042267,intraday,intraday,0,0
2021-04-12 10:43,41.8900,2021-04-13 09:30,43.8400,2021-04-13 09:38,43.9900,2021-04-13 09:43,43.3100,8,5,13,8,5,13,0.003422,0.050131,intraday,intraday,0,0
2021-04-13 12:27,41.5900,2021-04-14 09:59,43.4100,2021-04-14 09:59,43.4100,2021-04-14 10:26,42.7400,0,27,27,0,27,27,0.000000,0.043761,intraday,intraday,0,0
2021-04-14 14:10,40.6500,2021-04-15 09:30,42.6700,2021-04-15 09:35,42.8400,2021-04-15 09:42,42.1400,5,7,12,5,7,12,0.003984,0.053875,intraday,intraday,0,0
2021-04-15 10:06,41.6800,2021-04-15 13:57,43.3700,2021-04-16 09:30,43.6200,2021-04-16 09:54,42.9200,123,24,147,1173,24,1197,0.005764,0.046545,overnight,intraday,0,1
2021-04-20 14:35,37.0400,2021-04-21 09:46,38.6000,2021-04-21 15:59,40.7400,2021-04-22 09:32,39.9400,373,3,376,373,1053,1426,0.055440,0.099892,overnight,overnight,0,1
2021-04-22 14:02,37.3000,2021-04-23 09:31,38.9400,2021-04-27 09:38,42.8300,2021-04-27 09:45,42.0500,787,7,794,5767,7,5774,0.099897,0.148257,weekend,intraday,0,2
2021-04-28 12:58,39.3300,2021-04-29 09:30,41.0900,2021-04-29 09:30,41.0900,2021-04-29 09:34,40.4600,0,4,4,0,4,4,0.000000,0.044750,intraday,intraday,0,0
2021-04-29 12:07,38.5400,2021-04-29 14:19,40.1000,2021-04-29 15:59,40.3300,2021-04-30 09:30,38.5100,100,1,101,100,1051,1151,0.005736,0.046445,overnight,overnight,1,1
2021-05-04 11:18,32.0000,2021-05-04 13:35,33.2900,2021-05-04 14:55,33.7600,2021-05-04 15:27,33.2500,80,32,112,80,32,112,0.014118,0.055000,intraday,intraday,0,0
2021-05-04 15:49,33.2200,2021-05-05 09:30,35.2900,2021-05-05 09:32,35.3200,2021-05-05 09:35,34.6300,2,3,5,2,3,5,0.000850,0.063215,intraday,intraday,0,0
2021-05-05 10:04,33.8300,2021-05-05 10:43,35.2000,2021-05-05 12:00,35.7800,2021-05-05 12:40,35.2300,77,40,117,77,40,117,0.016477,0.057641,intraday,intraday,0,0
2021-05-06 10:09,33.2000,2021-05-06 11:33,34.6100,2021-05-06 12:26,35.3400,2021-05-06 13:17,34.8000,53,51,104,53,51,104,0.021092,0.064458,intraday,intraday,0,0
2021-05-06 14:33,33.7700,2021-05-06 15:54,35.2300,2021-05-07 09:49,37.0400,2021-05-07 10:01,36.4100,25,12,37,1075,12,1087,0.051377,0.096832,overnight,intraday,0,1
2021-05-11 09:30,28.9800,2021-05-11 09:39,30.1500,2021-05-11 09:59,31.2700,2021-05-11 10:05,30.7200,20,6,26,20,6,26,0.037148,0.079020,intraday,intraday,0,0
2021-05-11 10:38,29.3000,2021-05-11 11:14,30.5300,2021-05-11 12:15,31.5900,2021-05-11 12:50,31.0600,61,35,96,61,35,96,0.034720,0.078157,intraday,intraday,0,0
2021-05-11 12:53,30.8900,2021-05-11 13:41,32.1500,2021-05-11 14:03,32.2300,2021-05-11 14:11,31.7000,22,8,30,22,8,30,0.002488,0.043380,intraday,intraday,0,0
2021-05-12 15:54,27.8500,2021-05-13 09:30,29.8900,2021-05-13 09:31,29.9400,2021-05-13 09:39,29.4500,1,8,9,1,8,9,0.001673,0.075045,intraday,intraday,0,0
2021-05-13 13:38,28.3000,2021-05-13 14:07,29.4800,2021-05-13 15:32,29.8100,2021-05-13 15:55,29.2700,85,23,108,85,23,108,0.011194,0.053357,intraday,intraday,0,0
2021-05-13 15:58,29.1400,2021-05-14 09:30,30.4000,2021-05-14 09:30,30.4000,2021-05-14 09:37,29.9200,0,7,7,0,7,7,0.000000,0.043240,intraday,intraday,0,0
2021-05-14 09:41,29.6400,2021-05-14 10:13,30.8300,2021-05-14 14:55,32.6800,2021-05-14 15:27,32.1700,282,32,314,282,32,314,0.060006,0.102564,intraday,intraday,0,0
2021-05-17 10:01,29.4800,2021-05-17 10:38,30.8100,2021-05-17 10:41,30.8800,2021-05-17 11:02,30.3800,3,21,24,3,21,24,0.002272,0.047490,intraday,intraday,0,0
2021-05-17 13:41,29.7100,2021-05-17 15:47,30.9000,2021-05-18 09:40,31.7500,2021-05-18 09:46,31.2600,23,6,29,1073,6,1079,0.027508,0.068664,overnight,intraday,0,1
2021-05-19 09:30,28.3400,2021-05-19 10:19,29.5000,2021-05-19 11:22,31.0800,2021-05-19 11:34,30.6000,63,12,75,63,12,75,0.053559,0.096683,intraday,intraday,0,0
2021-05-19 11:53,30.4900,2021-05-19 13:07,31.7200,2021-05-19 13:16,31.8800,2021-05-19 13:34,31.3800,9,18,27,9,18,27,0.005044,0.045589,intraday,intraday,0,0
2021-05-19 14:05,31.0200,2021-05-20 09:30,33.0600,2021-05-20 09:48,33.9100,2021-05-20 09:58,33.3700,18,10,28,18,10,28,0.025711,0.093166,intraday,intraday,0,0
2021-05-20 09:58,33.3700,2021-05-20 14:41,34.7400,2021-05-21 09:30,35.1800,2021-05-21 09:33,34.4700,79,3,82,1129,3,1132,0.012666,0.054240,overnight,intraday,0,1
2021-05-21 11:57,33.8500,2021-05-24 09:30,35.2400,2021-05-24 14:46,37.1200,2021-05-24 15:56,36.5500,316,70,386,316,70,386,0.053348,0.096603,intraday,intraday,0,0
2021-05-26 11:32,36.2100,2021-05-27 10:16,37.7200,2021-05-27 12:21,38.2000,2021-05-27 14:10,37.5900,125,109,234,125,109,234,0.012725,0.054957,intraday,intraday,0,0
2021-05-27 15:49,37.4800,2021-05-28 11:33,38.9800,2021-06-01 09:42,40.3800,2021-06-01 09:52,39.6400,279,10,289,5649,10,5659,0.035916,0.077375,weekend,intraday,0,1
2021-06-01 11:05,37.8900,2021-06-02 10:37,39.4100,2021-06-02 10:45,39.5400,2021-06-02 12:27,38.9400,8,102,110,8,102,110,0.003299,0.043547,intraday,intraday,0,0
2021-06-03 09:53,36.6400,2021-06-03 11:04,38.1200,2021-06-03 11:06,38.2700,2021-06-03 11:33,37.6900,2,27,29,2,27,29,0.003935,0.044487,intraday,intraday,0,0
2021-06-03 15:59,37.0600,2021-06-04 09:32,38.5800,2021-06-04 10:02,39.7400,2021-06-04 10:21,39.1000,30,19,49,30,19,49,0.030067,0.072315,intraday,intraday,0,0
2021-06-07 11:42,38.1900,2021-06-08 09:30,39.9300,2021-06-08 09:30,39.9300,2021-06-08 09:50,39.2800,0,20,20,0,20,20,0.000000,0.045562,intraday,intraday,0,0
2021-06-08 11:21,37.3800,2021-06-10 09:41,38.9200,2021-06-10 10:01,39.2900,2021-06-10 10:26,38.7000,20,25,45,20,25,45,0.009507,0.051097,intraday,intraday,0,0
2021-06-10 10:54,37.5900,2021-06-10 14:44,39.1000,2021-06-11 09:37,39.3400,2021-06-11 09:45,38.6500,83,8,91,1133,8,1141,0.006138,0.046555,overnight,intraday,0,1
2021-06-11 09:46,38.6400,2021-06-14 12:01,40.2500,2021-06-14 12:14,41.1500,2021-06-14 14:24,40.4600,13,130,143,13,130,143,0.022360,0.064959,intraday,intraday,0,0
2021-06-16 14:44,38.0800,2021-06-16 15:40,39.6600,2021-06-16 15:41,39.7400,2021-06-16 15:57,39.1400,1,16,17,1,16,17,0.002017,0.043592,intraday,intraday,0,0
2021-06-17 09:31,39.0100,2021-06-17 10:26,40.5900,2021-06-17 10:38,41.0900,2021-06-17 10:49,40.4500,12,11,23,12,11,23,0.012318,0.053320,intraday,intraday,0,0
2021-06-17 12:32,39.0500,2021-06-17 15:13,40.6500,2021-06-17 15:14,40.6600,2021-06-18 09:30,39.0700,1,46,47,1,1096,1097,0.000246,0.041229,overnight,overnight,1,1
2021-06-21 09:38,36.7100,2021-06-22 10:07,38.1800,2021-06-22 11:26,38.8000,2021-06-22 13:03,38.2100,79,97,176,79,97,176,0.016239,0.056933,intraday,intraday,0,0
2021-06-22 14:36,37.8100,2021-06-23 09:59,39.3300,2021-06-23 10:21,39.6200,2021-06-23 12:39,39.0000,22,138,160,22,138,160,0.007374,0.047871,intraday,intraday,0,0
2021-06-23 15:53,38.9100,2021-06-24 09:34,40.5600,2021-06-24 12:16,41.1800,2021-06-24 13:48,40.5400,162,92,254,162,92,254,0.015286,0.058340,intraday,intraday,0,0
2021-06-25 15:53,40.4100,2021-06-28 09:30,42.0800,2021-06-28 12:26,44.0700,2021-06-28 13:06,43.3800,176,40,216,176,40,216,0.047291,0.090572,intraday,intraday,0,0
2021-06-29 10:16,42.9300,2021-06-29 15:55,44.6500,2021-06-29 15:55,44.6500,2021-06-30 09:33,43.9100,0,8,8,0,1058,1058,0.000000,0.040065,overnight,overnight,0,1
2021-07-01 11:24,42.2700,2021-07-06 09:38,44.0000,2021-07-06 09:38,44.0000,2021-07-06 10:04,43.2400,0,26,26,0,26,26,0.000000,0.040927,intraday,intraday,0,0
2021-07-06 12:20,41.3700,2021-07-06 15:43,43.0300,2021-07-07 09:32,43.6900,2021-07-07 09:49,43.0100,19,17,36,1069,17,1086,0.015338,0.056079,overnight,intraday,0,1
2021-07-08 09:49,37.8600,2021-07-08 10:29,39.5300,2021-07-08 12:32,40.3800,2021-07-08 13:59,39.7500,123,87,210,123,87,210,0.021503,0.066561,intraday,intraday,0,0
2021-07-08 15:19,39.1100,2021-07-09 10:33,40.7000,2021-07-12 09:36,42.6800,2021-07-12 10:21,41.9200,333,45,378,4263,45,4308,0.048649,0.091281,weekend,intraday,0,1
2021-07-12 10:21,41.9200,2021-07-14 09:30,43.9400,2021-07-14 09:35,44.7300,2021-07-14 09:59,44.0500,5,24,29,5,24,29,0.017979,0.067032,intraday,intraday,0,0
2021-07-15 09:42,39.7200,2021-07-15 10:09,41.3300,2021-07-15 10:09,41.3300,2021-07-15 10:18,40.6800,0,9,9,0,9,9,0.000000,0.040534,intraday,intraday,0,0
2021-07-15 13:59,38.6000,2021-07-16 09:31,40.4400,2021-07-16 09:31,40.4400,2021-07-16 09:46,39.8200,0,15,15,0,15,15,0.000000,0.047668,intraday,intraday,0,0
2021-07-19 10:01,34.7300,2021-07-19 10:20,36.1800,2021-07-19 11:12,36.9100,2021-07-19 12:00,36.3500,52,48,100,52,48,100,0.020177,0.062770,intraday,intraday,0,0
2021-07-19 12:42,35.8100,2021-07-20 10:20,37.2600,2021-07-20 12:51,38.6300,2021-07-20 13:47,38.0100,151,56,207,151,56,207,0.036769,0.078749,intraday,intraday,0,0
2021-07-20 13:47,38.0100,2021-07-21 09:35,39.5800,2021-07-21 10:03,40.9300,2021-07-21 10:14,40.3000,28,11,39,28,11,39,0.034108,0.076822,intraday,intraday,0,0
2021-07-21 10:53,39.8500,2021-07-21 15:53,41.5000,2021-07-21 15:59,41.8300,2021-07-22 09:30,41.1300,6,1,7,6,1051,1057,0.007952,0.049686,overnight,overnight,1,1
2021-07-22 11:15,39.9600,2021-07-23 11:32,41.5900,2021-07-23 11:32,41.5900,2021-07-23 12:55,40.9500,0,83,83,0,83,83,0.000000,0.040791,intraday,intraday,0,0
2021-07-27 13:20,36.7300,2021-07-27 14:46,38.3200,2021-07-28 09:35,40.0300,2021-07-28 09:41,39.2000,79,6,85,1129,6,1135,0.044624,0.089845,overnight,intraday,0,1
2021-07-28 09:42,39.1200,2021-07-28 11:13,40.6900,2021-07-28 12:33,41.2700,2021-07-28 13:34,40.6200,80,61,141,80,61,141,0.014254,0.054959,intraday,intraday,0,0
2021-07-28 14:00,40.4800,2021-07-29 09:34,42.2300,2021-07-29 09:42,42.8900,2021-07-29 09:56,42.2300,8,14,22,8,14,22,0.015629,0.059536,intraday,intraday,0,0
2021-07-29 10:09,42.1900,2021-07-30 09:45,43.9400,2021-07-30 10:04,44.4900,2021-07-30 10:19,43.7400,19,15,34,19,15,34,0.012517,0.054515,intraday,intraday,0,0
2021-07-30 11:40,42.7500,2021-08-02 09:30,45.9600,2021-08-02 09:32,46.4500,2021-08-02 09:51,45.4800,2,19,21,2,19,21,0.010661,0.086550,intraday,intraday,0,0
2021-08-03 10:09,43.6800,2021-08-03 11:50,45.5400,2021-08-04 09:44,47.1100,2021-08-04 09:52,46.3000,264,8,272,1314,8,1322,0.034475,0.078526,overnight,intraday,0,1
2021-08-11 11:16,42.5000,2021-08-11 15:32,44.2000,2021-08-11 15:34,44.2400,2021-08-12 09:30,43.0500,2,26,28,2,1076,1078,0.000905,0.040941,overnight,overnight,1,1
2021-08-12 10:01,41.7000,2021-08-13 10:17,43.4200,2021-08-13 10:20,43.5600,2021-08-13 14:42,42.9000,3,262,265,3,262,265,0.003224,0.044604,intraday,intraday,0,0
2021-08-19 09:40,37.2100,2021-08-19 10:55,38.8200,2021-08-19 11:55,40.2100,2021-08-19 13:36,39.6000,60,101,161,60,101,161,0.035806,0.080623,intraday,intraday,0,0
2021-08-19 14:30,38.9100,2021-08-20 09:46,40.5000,2021-08-20 09:47,40.6500,2021-08-20 10:27,39.9100,1,40,41,1,40,41,0.003704,0.044719,intraday,intraday,0,0
2021-08-20 12:13,39.0200,2021-08-23 09:30,42.1400,2021-08-23 09:36,42.8400,2021-08-23 10:03,42.1000,6,27,33,6,27,33,0.016611,0.097899,intraday,intraday,0,0
2021-08-23 10:29,41.8900,2021-08-23 12:14,43.5900,2021-08-24 09:45,44.3800,2021-08-24 09:53,43.6300,241,8,249,1291,8,1299,0.018123,0.059441,overnight,intraday,0,1
2021-08-24 10:07,43.4300,2021-08-25 09:35,45.2600,2021-08-25 09:55,45.3600,2021-08-25 10:33,44.6500,20,38,58,20,38,58,0.002209,0.044439,intraday,intraday,0,0
2021-08-26 11:05,43.7700,2021-08-27 09:44,45.5900,2021-08-30 09:34,48.9500,2021-08-30 09:45,48.0700,380,11,391,4310,11,4321,0.073700,0.118346,weekend,intraday,0,1
2021-08-31 10:15,45.4800,2021-09-03 09:51,47.3100,2021-09-03 10:03,47.7800,2021-09-03 10:39,46.9800,12,36,48,12,36,48,0.009934,0.050572,intraday,intraday,0,0
2021-09-08 12:00,43.8100,2021-09-09 09:35,45.5900,2021-09-09 12:35,46.2500,2021-09-09 13:21,45.4800,180,46,226,180,46,226,0.014477,0.055695,intraday,intraday,0,0
2021-09-09 13:38,45.2500,2021-09-10 09:30,47.3400,2021-09-10 09:48,48.5800,2021-09-10 10:06,47.8300,18,18,36,18,18,36,0.026193,0.073591,intraday,intraday,0,0
2021-09-13 11:16,45.9900,2021-09-13 15:59,47.8700,2021-09-14 09:31,48.6400,2021-09-14 09:42,47.7500,2,11,13,1052,11,1063,0.016085,0.057621,overnight,intraday,0,1
2021-09-15 10:54,46.8000,2021-09-16 13:55,48.7200,2021-09-16 15:13,49.4300,2021-09-17 09:30,48.0100,78,47,125,78,1097,1175,0.014573,0.056197,overnight,overnight,1,1
2021-09-20 14:38,41.1600,2021-09-20 15:51,42.8300,2021-09-21 09:38,43.9800,2021-09-21 09:43,43.3100,17,5,22,1067,5,1072,0.026850,0.068513,overnight,intraday,0,1
2021-09-21 10:49,42.4300,2021-09-21 11:45,44.1900,2021-09-21 15:15,44.4900,2021-09-21 15:54,43.7900,210,39,249,210,39,249,0.006789,0.048551,intraday,intraday,0,0
2021-09-21 15:59,43.5900,2021-09-22 10:06,45.3800,2021-09-22 14:15,46.4900,2021-09-22 14:41,45.7600,249,26,275,249,26,275,0.024460,0.066529,intraday,intraday,0,0
2021-09-22 14:50,45.3000,2021-09-23 09:37,47.1200,2021-09-23 13:57,48.5500,2021-09-24 09:30,46.9300,260,123,383,260,1173,1433,0.030348,0.071744,overnight,overnight,1,1
2021-09-27 09:41,45.7800,2021-09-27 10:30,47.6600,2021-09-27 11:04,48.1800,2021-09-27 11:34,47.4400,34,30,64,34,30,64,0.010911,0.052425,intraday,intraday,0,0
2021-09-29 12:25,39.8200,2021-09-30 09:31,41.4900,2021-09-30 09:49,41.8400,2021-09-30 10:07,41.1200,18,18,36,18,18,36,0.008436,0.050728,intraday,intraday,0,0
2021-10-01 10:30,38.1200,2021-10-01 13:34,39.6700,2021-10-01 15:15,40.4100,2021-10-04 09:30,39.4700,101,45,146,101,3975,4076,0.018654,0.060073,weekend,weekend,1,1
2021-10-04 15:39,36.6000,2021-10-05 10:12,38.0700,2021-10-05 13:23,39.3700,2021-10-05 15:51,38.7600,191,148,339,191,148,339,0.034148,0.075683,intraday,intraday,0,0
2021-10-06 10:03,36.9400,2021-10-06 10:30,38.4800,2021-10-06 10:30,38.4800,2021-10-06 11:10,37.8500,0,40,40,0,40,40,0.000000,0.041689,intraday,intraday,0,0
2021-10-06 11:28,37.2700,2021-10-06 14:09,38.8300,2021-10-06 14:45,39.0500,2021-10-06 15:34,38.3800,36,49,85,36,49,85,0.005666,0.047760,intraday,intraday,0,0
2021-10-06 15:38,38.3000,2021-10-07 09:30,40.5100,2021-10-07 12:01,42.0200,2021-10-07 13:37,41.3600,151,96,247,151,96,247,0.037275,0.097128,intraday,intraday,0,0
2021-10-11 09:31,38.7700,2021-10-11 10:22,40.3400,2021-10-11 10:22,40.3400,2021-10-11 12:14,39.7100,0,112,112,0,112,112,0.000000,0.040495,intraday,intraday,0,0
2021-10-12 13:24,36.5500,2021-10-13 09:31,38.1300,2021-10-13 09:31,38.1300,2021-10-13 09:32,37.5500,0,1,1,0,1,1,0.000000,0.043228,intraday,intraday,0,0
2021-10-13 10:15,37.3000,2021-10-14 09:30,39.6100,2021-10-14 09:40,40.3100,2021-10-14 09:56,39.6000,10,16,26,10,16,26,0.017672,0.080697,intraday,intraday,0,0
2021-10-14 09:56,39.6000,2021-10-15 09:30,41.7000,2021-10-15 10:59,42.2700,2021-10-15 11:47,41.6200,89,48,137,89,48,137,0.013669,0.067424,intraday,intraday,0,0
2021-10-18 09:34,40.4600,2021-10-18 11:00,42.1100,2021-10-20 10:34,44.7300,2021-10-20 13:08,44.0500,754,154,908,2854,154,3008,0.062218,0.105536,overnight,intraday,0,2
2021-10-20 13:20,43.6900,2021-10-21 15:53,45.4400,2021-10-21 15:58,45.6400,2021-10-22 09:30,44.7700,5,2,7,5,1052,1057,0.004401,0.044633,overnight,overnight,1,1
2021-10-22 11:49,43.8100,2021-10-25 13:12,45.5900,2021-10-25 13:27,45.6600,2021-10-25 15:50,44.9200,15,143,158,15,143,158,0.001535,0.042228,intraday,intraday,0,0
2021-10-27 09:30,43.6100,2021-10-27 09:46,45.3600,2021-10-27 09:48,45.3700,2021-10-27 10:03,44.3900,2,15,17,2,15,17,0.000220,0.040358,intraday,intraday,0,0
2021-10-27 15:57,44.0100,2021-10-28 09:30,46.4800,2021-10-28 09:32,46.6700,2021-10-28 09:37,45.8900,2,5,7,2,5,7,0.004088,0.060441,intraday,intraday,0,0
2021-10-28 09:38,45.5700,2021-10-29 12:25,47.4200,2021-11-01 09:45,48.6600,2021-11-01 10:00,47.8300,230,15,245,4160,15,4175,0.026149,0.067808,weekend,intraday,0,1
2021-11-01 10:01,47.8000,2021-11-01 15:55,49.7500,2021-11-02 09:54,51.6700,2021-11-02 10:10,50.8200,29,16,45,1079,16,1095,0.038593,0.080962,overnight,intraday,0,1
2021-11-02 10:14,50.4700,2021-11-03 11:45,52.5500,2021-11-04 11:12,57.2500,2021-11-04 11:25,56.3200,357,13,370,1407,13,1420,0.089439,0.134337,overnight,intraday,0,1
2021-11-04 11:27,56.0600,2021-11-04 13:44,58.3300,2021-11-04 14:51,59.8000,2021-11-04 14:59,58.6800,67,8,75,67,8,75,0.025201,0.066714,intraday,intraday,0,0
2021-11-04 15:42,58.1000,2021-11-05 09:30,60.6500,2021-11-05 09:38,62.2200,2021-11-05 09:43,61.0700,8,5,13,8,5,13,0.025886,0.070912,intraday,intraday,0,0
2021-11-05 09:56,59.9200,2021-11-05 11:19,62.3300,2021-11-05 11:48,62.3900,2021-11-05 12:25,61.3500,29,37,66,29,37,66,0.000963,0.041222,intraday,intraday,0,0
2021-11-05 13:29,59.2200,2021-11-08 09:30,62.5400,2021-11-08 09:37,63.2000,2021-11-08 09:46,62.1900,7,9,16,7,9,16,0.010553,0.067207,intraday,intraday,0,0
2021-11-08 09:55,61.5200,2021-11-08 11:35,64.1000,2021-11-08 11:37,64.3500,2021-11-08 11:52,63.2700,2,15,17,2,15,17,0.003900,0.046001,intraday,intraday,0,0
2021-11-10 09:32,59.7100,2021-11-10 09:58,62.1300,2021-11-10 10:17,62.4000,2021-11-10 10:44,61.3900,19,27,46,19,27,46,0.004346,0.045051,intraday,intraday,0,0
2021-11-10 14:43,57.1700,2021-11-11 09:30,60.5600,2021-11-11 09:31,60.6500,2021-11-11 09:37,59.7000,1,6,7,1,6,7,0.001486,0.060871,intraday,intraday,0,0
2021-11-11 09:38,59.5100,2021-11-11 14:30,61.9100,2021-11-11 14:40,61.9900,2021-11-11 15:10,60.9600,10,30,40,10,30,40,0.001292,0.041674,intraday,intraday,0,0
2021-11-11 15:13,60.9200,2021-11-12 11:08,63.3700,2021-11-12 11:54,64.2200,2021-11-12 12:50,63.2100,46,56,102,46,56,102,0.013413,0.054169,intraday,intraday,0,0
2021-11-15 12:23,61.4200,2021-11-16 11:00,63.9200,2021-11-16 15:36,66.3200,2021-11-17 09:30,65.3100,276,24,300,276,1074,1350,0.037547,0.079779,overnight,overnight,1,1
2021-11-17 12:57,63.7300,2021-11-18 09:30,68.3000,2021-11-18 09:30,68.3000,2021-11-18 09:34,67.2600,0,4,4,0,4,4,0.000000,0.071709,intraday,intraday,0,0
2021-11-18 11:04,66.0300,2021-11-19 09:52,68.8300,2021-11-19 09:57,69.2700,2021-11-19 10:10,68.1900,5,13,18,5,13,18,0.006393,0.049069,intraday,intraday,0,0
2021-11-19 10:29,67.9400,2021-11-22 09:45,70.6700,2021-11-22 10:39,72.4000,2021-11-22 11:07,71.0700,54,28,82,54,28,82,0.024480,0.065646,intraday,intraday,0,0
2021-11-23 11:02,61.3500,2021-11-23 15:06,63.8500,2021-11-23 15:59,64.6800,2021-11-24 09:30,62.5900,53,1,54,53,1051,1104,0.012999,0.054279,overnight,overnight,1,1
2021-11-24 09:43,61.4000,2021-11-24 10:21,63.9200,2021-11-24 10:39,64.7000,2021-11-24 11:02,63.6700,18,23,41,18,23,41,0.012203,0.053746,intraday,intraday,0,0
2021-11-24 11:02,63.6700,2021-11-24 15:16,66.2300,2021-11-24 15:59,66.9000,2021-11-26 09:30,63.5400,43,1,44,43,2491,2534,0.010116,0.050730,holiday,holiday,1,1
2021-11-26 11:23,59.8900,2021-11-29 09:30,64.4800,2021-11-29 09:42,65.2200,2021-11-29 09:45,64.0100,12,3,15,12,3,15,0.011476,0.088996,intraday,intraday,0,0
2021-11-29 10:38,63.3400,2021-11-29 11:40,66.0500,2021-11-29 15:54,68.6600,2021-11-30 09:30,67.2400,254,6,260,254,1056,1310,0.039516,0.083991,overnight,overnight,1,1
2021-11-30 12:11,62.9200,2021-11-30 13:59,65.5000,2021-11-30 14:25,65.8300,2021-11-30 14:49,64.6300,26,24,50,26,24,50,0.005038,0.046249,intraday,intraday,0,0
2021-11-30 15:54,64.1800,2021-12-01 09:30,67.3000,2021-12-01 10:11,70.4700,2021-12-01 10:21,69.1900,41,10,51,41,10,51,0.047103,0.098006,intraday,intraday,0,0
2021-12-02 09:30,61.0700,2021-12-02 09:48,63.5600,2021-12-02 10:03,64.7400,2021-12-02 10:06,63.7400,15,3,18,15,3,18,0.018565,0.060095,intraday,intraday,0,0
2021-12-02 10:45,59.7700,2021-12-02 11:10,62.5400,2021-12-02 11:16,62.7100,2021-12-02 11:31,61.4500,6,15,21,6,15,21,0.002718,0.049189,intraday,intraday,0,0
2021-12-02 11:47,61.3100,2021-12-02 12:21,63.9000,2021-12-02 12:27,64.1000,2021-12-02 12:57,63.0000,6,30,36,6,30,36,0.003130,0.045506,intraday,intraday,0,0
2021-12-02 13:30,61.9500,2021-12-02 15:42,64.5200,2021-12-02 15:42,64.5200,2021-12-02 15:50,63.3900,0,8,8,0,8,8,0.000000,0.041485,intraday,intraday,0,0
2021-12-02 15:55,62.6400,2021-12-03 09:30,66.3000,2021-12-03 09:32,67.7500,2021-12-03 09:35,66.5700,2,3,5,2,3,5,0.021870,0.081577,intraday,intraday,0,0
2021-12-06 10:06,56.8000,2021-12-06 10:15,59.4800,2021-12-06 10:40,60.5800,2021-12-06 10:43,59.6100,25,3,28,25,3,28,0.018494,0.066549,intraday,intraday,0,0
2021-12-06 10:52,58.5800,2021-12-06 12:55,60.9700,2021-12-06 14:23,63.1700,2021-12-06 14:43,62.2200,88,20,108,88,20,108,0.036083,0.078354,intraday,intraday,0,0
2021-12-06 14:44,62.0500,2021-12-07 09:30,67.5700,2021-12-07 12:58,72.4500,2021-12-07 15:11,71.3300,208,133,341,208,133,341,0.072221,0.167607,intraday,intraday,0,0
2021-12-08 09:31,68.6900,2021-12-09 09:41,71.5100,2021-12-09 09:45,71.5600,2021-12-09 09:51,70.4500,4,6,10,4,6,10,0.000699,0.041782,intraday,intraday,0,0
2021-12-09 15:59,65.7500,2021-12-10 09:30,69.1200,2021-12-10 09:33,70.0900,2021-12-10 09:35,68.7500,3,2,5,3,2,5,0.014034,0.066008,intraday,intraday,0,0
2021-12-10 11:12,65.3900,2021-12-13 09:30,68.1600,2021-12-13 09:36,68.5000,2021-12-13 09:46,67.4700,6,10,16,6,10,16,0.004988,0.047561,intraday,intraday,0,0
2021-12-14 09:34,59.3400,2021-12-14 10:24,61.9500,2021-12-14 10:28,62.2800,2021-12-14 10:38,61.2800,4,10,14,4,10,14,0.005327,0.049545,intraday,intraday,0,0
2021-12-14 12:48,59.0100,2021-12-14 15:29,61.4400,2021-12-14 15:36,62.0000,2021-12-14 15:52,60.9900,7,16,23,7,16,23,0.009115,0.050669,intraday,intraday,0,0
2021-12-15 12:22,59.3200,2021-12-15 14:05,62.1700,2021-12-15 14:19,63.0500,2021-12-15 14:25,61.9000,14,6,20,14,6,20,0.014155,0.062879,intraday,intraday,0,0
2021-12-15 14:27,61.3400,2021-12-15 15:06,63.8100,2021-12-16 09:32,68.7600,2021-12-16 09:33,67.5200,56,1,57,1106,1,1107,0.077574,0.120965,overnight,intraday,0,1
2021-12-17 09:38,56.8900,2021-12-17 09:49,59.3600,2021-12-17 09:50,59.7600,2021-12-17 10:06,58.6900,1,16,17,1,16,17,0.006739,0.050448,intraday,intraday,0,0
2021-12-17 10:23,57.9300,2021-12-17 10:39,60.3000,2021-12-17 10:57,61.1500,2021-12-17 11:04,60.2300,18,7,25,18,7,25,0.014096,0.055584,intraday,intraday,0,0
2021-12-20 13:01,55.5200,2021-12-20 15:21,57.7700,2021-12-21 09:33,61.5100,2021-12-21 09:35,60.5600,42,2,44,1092,2,1094,0.064739,0.107889,overnight,intraday,0,1
2021-12-21 10:34,58.7800,2021-12-21 12:33,61.1900,2021-12-21 15:59,63.5000,2021-12-22 09:30,62.3100,206,1,207,206,1051,1257,0.037751,0.080299,overnight,overnight,1,1
2021-12-22 10:06,61.7000,2021-12-22 11:17,64.2800,2021-12-22 12:04,65.0600,2021-12-22 12:24,64.0800,47,20,67,47,20,67,0.012134,0.054457,intraday,intraday,0,0
2021-12-22 14:28,63.4600,2021-12-23 09:30,66.4300,2021-12-23 11:38,68.7300,2021-12-23 15:31,67.6800,128,233,361,128,233,361,0.034623,0.083044,intraday,intraday,0,0
2021-12-23 15:59,67.4100,2021-12-27 09:43,70.2600,2021-12-28 09:30,73.7500,2021-12-28 09:31,72.4600,377,1,378,1427,1,1428,0.049673,0.094051,overnight,intraday,0,1
2021-12-31 15:55,67.9000,2022-01-03 09:32,71.0000,2022-01-03 09:38,71.8100,2022-01-03 09:41,70.6600,6,3,9,6,3,9,0.011408,0.057585,intraday,intraday,0,0
2022-01-03 09:52,68.5100,2022-01-03 10:16,71.3100,2022-01-03 10:46,71.9500,2022-01-03 11:37,70.8500,30,51,81,30,51,81,0.008975,0.050212,intraday,intraday,0,0
2022-01-03 11:39,70.5600,2022-01-04 09:39,73.6600,2022-01-04 09:49,73.9000,2022-01-04 10:01,72.3900,10,12,22,10,12,22,0.003258,0.047336,intraday,intraday,0,0
2022-01-04 11:28,66.1200,2022-01-04 12:17,68.7800,2022-01-04 15:53,71.4100,2022-01-05 09:30,70.0800,216,7,223,216,1057,1273,0.038238,0.080006,overnight,overnight,1,1
2022-01-06 10:12,61.9700,2022-01-06 10:33,64.7500,2022-01-06 10:33,64.7500,2022-01-06 10:43,63.7200,0,10,10,0,10,10,0.000000,0.044860,intraday,intraday,0,0
2022-01-06 10:45,63.7000,2022-01-06 15:04,66.2600,2022-01-06 15:05,66.3300,2022-01-06 15:22,65.3300,1,17,18,1,17,18,0.001056,0.041287,intraday,intraday,0,0
2022-01-07 10:52,59.1700,2022-01-07 11:54,61.7200,2022-01-07 11:54,61.7200,2022-01-07 12:32,60.7600,0,38,38,0,38,38,0.000000,0.043096,intraday,intraday,0,0
2022-01-10 12:39,53.9000,2022-01-10 13:31,56.1000,2022-01-10 14:36,58.2800,2022-01-10 14:53,57.3500,65,17,82,65,17,82,0.038859,0.081262,intraday,intraday,0,0
2022-01-10 15:08,56.8300,2022-01-10 15:55,59.4700,2022-01-10 15:59,59.9300,2022-01-11 09:30,58.7800,4,1,5,4,1051,1055,0.007735,0.054549,overnight,overnight,1,1
2022-01-11 09:31,58.1900,2022-01-11 10:05,60.5500,2022-01-11 10:12,60.6800,2022-01-11 10:34,59.5300,7,22,29,7,22,29,0.002147,0.042791,intraday,intraday,0,0
2022-01-11 10:43,58.8300,2022-01-11 11:13,61.3200,2022-01-11 12:01,63.0800,2022-01-11 12:26,62.1200,48,25,73,48,25,73,0.028702,0.072242,intraday,intraday,0,0
2022-01-11 13:05,61.6000,2022-01-12 09:30,65.1700,2022-01-12 09:33,66.0000,2022-01-12 09:45,65.0000,3,12,15,3,12,15,0.012736,0.071429,intraday,intraday,0,0
2022-01-12 11:17,62.8000,2022-01-13 09:30,68.0300,2022-01-13 09:51,69.0000,2022-01-13 10:05,67.8300,21,14,35,21,14,35,0.014258,0.098726,intraday,intraday,0,0
2022-01-14 09:30,59.3400,2022-01-14 09:40,61.9000,2022-01-14 09:55,62.8000,2022-01-14 10:01,61.8400,15,6,21,15,6,21,0.014540,0.058308,intraday,intraday,0,0
2022-01-14 10:46,60.9700,2022-01-14 11:46,63.4800,2022-01-14 11:53,63.5000,2022-01-14 12:24,62.5000,7,31,38,7,31,38,0.000315,0.041496,intraday,intraday,0,0
2022-01-14 13:35,61.1600,2022-01-14 15:18,63.7100,2022-01-14 15:59,64.4600,2022-01-18 09:30,60.5900,41,1,42,41,5371,5412,0.011772,0.053957,weekend,weekend,1,1
2022-01-18 15:54,55.6400,2022-01-19 09:38,57.9300,2022-01-19 09:38,57.9300,2022-01-19 09:42,57.0300,0,4,4,0,4,4,0.000000,0.041157,intraday,intraday,0,0
2022-01-19 11:44,51.5100,2022-01-19 12:12,53.7300,2022-01-19 13:04,54.4100,2022-01-19 13:29,53.4900,52,25,77,52,25,77,0.012656,0.056300,intraday,intraday,0,0
2022-01-20 09:40,50.2500,2022-01-20 10:32,52.2900,2022-01-20 11:02,53.1600,2022-01-20 11:12,52.2700,30,10,40,30,10,40,0.016638,0.057910,intraday,intraday,0,0
2022-01-21 10:22,43.8100,2022-01-21 10:31,45.8700,2022-01-21 10:36,47.1400,2022-01-21 10:39,46.4100,5,3,8,5,3,8,0.027687,0.076010,intraday,intraday,0,0
2022-01-21 10:41,46.3300,2022-01-21 10:55,48.2300,2022-01-21 10:55,48.2300,2022-01-21 10:58,47.4100,0,3,3,0,3,3,0.000000,0.041010,intraday,intraday,0,0
2022-01-24 10:19,38.8900,2022-01-24 10:24,40.5100,2022-01-24 10:27,41.0900,2022-01-24 10:29,40.4200,3,2,5,3,2,5,0.014317,0.056570,intraday,intraday,0,0
2022-01-24 12:17,36.6300,2022-01-24 12:46,38.1200,2022-01-24 13:16,40.7300,2022-01-24 13:23,39.9200,30,7,37,30,7,37,0.068468,0.111930,intraday,intraday,0,0
2022-01-24 13:29,39.5600,2022-01-24 13:50,41.4300,2022-01-24 14:11,42.6300,2022-01-24 14:12,41.9000,21,1,22,21,1,22,0.028965,0.077604,intraday,intraday,0,0
2022-01-24 14:38,40.3600,2022-01-24 14:54,41.9800,2022-01-24 15:02,42.7500,2022-01-24 15:05,41.9800,8,3,11,8,3,11,0.018342,0.059217,intraday,intraday,0,0
2022-01-24 15:07,41.9200,2022-01-24 15:15,43.7700,2022-01-24 15:16,43.8400,2022-01-24 15:18,43.1400,1,2,3,1,2,3,0.001599,0.045802,intraday,intraday,0,0
2022-01-24 15:19,42.8200,2022-01-24 15:39,44.5600,2022-01-24 15:39,44.5600,2022-01-24 15:42,43.5800,0,3,3,0,3,3,0.000000,0.040635,intraday,intraday,0,0
2022-01-24 15:43,43.3700,2022-01-24 15:58,45.1300,2022-01-24 15:59,45.4400,2022-01-25 09:30,41.3200,1,1,2,1,1051,1052,0.006869,0.047729,overnight,overnight,1,1
2022-01-25 09:53,39.5700,2022-01-25 10:27,41.2700,2022-01-25 10:29,41.9300,2022-01-25 10:36,41.0000,2,7,9,2,7,9,0.015992,0.059641,intraday,intraday,0,0
2022-01-25 12:55,39.5000,2022-01-25 13:28,41.1700,2022-01-25 13:59,42.2600,2022-01-25 14:05,41.5700,31,6,37,31,6,37,0.026476,0.069873,intraday,intraday,0,0
2022-01-25 14:06,41.5300,2022-01-25 14:57,43.3000,2022-01-25 14:57,43.3000,2022-01-25 15:02,42.6500,0,5,5,0,5,5,0.000000,0.042620,intraday,intraday,0,0
2022-01-25 15:59,40.1200,2022-01-26 09:30,44.2200,2022-01-26 09:30,44.2200,2022-01-26 09:32,43.4600,0,2,2,0,2,2,0.000000,0.102193,intraday,intraday,0,0
2022-01-26 09:43,42.9700,2022-01-26 09:56,44.7400,2022-01-26 10:03,45.1100,2022-01-26 10:15,44.4300,7,12,19,7,12,19,0.008270,0.049802,intraday,intraday,0,0
2022-01-26 10:47,43.4400,2022-01-26 12:29,45.2500,2022-01-26 12:44,45.8800,2022-01-26 13:02,45.0500,15,18,33,15,18,33,0.013923,0.056169,intraday,intraday,0,0
2022-01-26 13:03,44.9400,2022-01-26 14:05,46.7800,2022-01-26 14:06,46.9900,2022-01-26 14:11,45.9500,1,5,6,1,5,6,0.004489,0.045616,intraday,intraday,0,0
2022-01-26 15:09,40.3600,2022-01-26 15:28,42.3800,2022-01-26 15:30,42.3900,2022-01-26 15:34,41.5700,2,4,6,2,4,6,0.000236,0.050297,intraday,intraday,0,0
2022-01-26 15:52,40.8600,2022-01-27 09:30,42.7600,2022-01-27 09:32,43.0700,2022-01-27 09:34,41.8500,2,2,4,2,2,4,0.007250,0.054087,intraday,intraday,0,0
2022-01-27 13:24,36.0400,2022-01-27 14:01,37.5300,2022-01-27 14:03,37.7400,2022-01-27 14:15,37.0100,2,12,14,2,12,14,0.005596,0.047170,intraday,intraday,0,0
2022-01-28 10:01,33.1600,2022-01-28 10:18,34.6100,2022-01-28 10:21,35.0300,2022-01-28 10:26,34.3500,3,5,8,3,5,8,0.012135,0.056393,intraday,intraday,0,0
2022-01-28 10:35,33.8800,2022-01-28 10:49,35.5700,2022-01-28 10:59,36.0600,2022-01-28 11:04,35.3800,10,5,15,10,5,15,0.013776,0.064345,intraday,intraday,0,0
2022-01-28 11:04,35.3800,2022-01-28 11:15,36.8400,2022-01-28 11:17,37.0500,2022-01-28 11:28,36.4400,2,11,13,2,11,13,0.005700,0.047202,intraday,intraday,0,0
2022-01-28 14:30,34.4600,2022-01-28 15:00,35.9400,2022-01-31 09:30,39.4000,2022-01-31 09:31,38.5900,60,1,61,3990,1,3991,0.096272,0.143355,weekend,intraday,0,1
2022-01-31 09:31,38.5900,2022-01-31 09:39,40.2400,2022-01-31 09:43,40.4000,2022-01-31 09:50,39.7000,4,7,11,4,7,11,0.003976,0.046903,intraday,intraday,0,0
2022-01-31 09:50,39.7000,2022-01-31 10:03,41.3100,2022-01-31 10:22,42.0400,2022-01-31 10:28,41.4000,19,6,25,19,6,25,0.017671,0.058942,intraday,intraday,0,0
2022-01-31 10:29,41.3700,2022-01-31 14:25,43.1200,2022-01-31 15:04,43.6900,2022-01-31 15:12,42.9900,39,8,47,39,8,47,0.013219,0.056079,intraday,intraday,0,0
2022-01-31 15:19,42.4900,2022-01-31 15:50,44.2800,2022-02-01 09:30,45.2500,2022-02-01 09:33,44.0600,10,3,13,1060,3,1063,0.021906,0.064956,overnight,intraday,0,1
2022-02-01 10:05,42.4300,2022-02-01 10:59,44.1500,2022-02-01 11:14,45.1100,2022-02-01 11:30,44.4200,15,16,31,15,16,31,0.021744,0.063163,intraday,intraday,0,0
2022-02-01 14:21,43.7100,2022-02-01 15:53,45.5100,2022-02-02 09:38,49.3100,2022-02-02 09:41,48.3800,15,3,18,1065,3,1068,0.083498,0.128117,overnight,intraday,0,1
2022-02-02 09:49,47.1400,2022-02-02 10:07,49.1900,2022-02-02 10:09,49.2600,2022-02-02 10:13,48.4600,2,4,6,2,4,6,0.001423,0.044972,intraday,intraday,0,0
2022-02-02 11:38,46.4900,2022-02-02 12:45,48.4300,2022-02-02 13:20,48.7400,2022-02-02 14:16,47.9700,35,56,91,35,56,91,0.006401,0.048398,intraday,intraday,0,0
2022-02-03 09:30,45.6200,2022-02-03 09:38,47.4600,2022-02-03 09:40,47.6300,2022-02-03 09:45,46.6700,2,5,7,2,5,7,0.003582,0.044060,intraday,intraday,0,0
2022-02-03 12:19,43.5000,2022-02-03 13:30,45.3300,2022-02-03 13:33,45.3500,2022-02-03 13:55,44.6200,3,22,25,3,22,25,0.000441,0.042529,intraday,intraday,0,0
2022-02-04 09:37,41.0600,2022-02-04 10:01,42.7800,2022-02-04 10:01,42.7800,2022-02-04 10:10,42.0200,0,9,9,0,9,9,0.000000,0.041890,intraday,intraday,0,0
2022-02-04 11:15,40.4800,2022-02-04 11:46,42.1700,2022-02-04 11:56,42.2900,2022-02-04 12:06,41.6200,10,10,20,10,10,20,0.002846,0.044713,intraday,intraday,0,0
2022-02-04 12:07,41.6000,2022-02-04 13:54,43.3000,2022-02-04 14:09,43.4300,2022-02-04 14:19,42.7500,15,10,25,15,10,25,0.003002,0.043990,intraday,intraday,0,0
2022-02-04 14:19,42.7500,2022-02-04 15:13,44.4800,2022-02-04 15:13,44.4800,2022-02-04 15:44,43.7200,0,31,31,0,31,31,0.000000,0.040468,intraday,intraday,0,0
2022-02-04 15:53,43.2700,2022-02-07 09:51,45.2300,2022-02-07 09:54,45.5000,2022-02-07 10:00,44.7800,3,6,9,3,6,9,0.005969,0.051537,intraday,intraday,0,0
2022-02-07 11:44,43.0600,2022-02-07 14:34,44.8000,2022-02-07 15:14,45.2300,2022-02-07 15:26,44.5100,40,12,52,40,12,52,0.009598,0.050395,intraday,intraday,0,0
2022-02-08 10:35,42.6900,2022-02-08 10:53,44.4800,2022-02-08 12:46,46.2400,2022-02-08 13:41,45.5200,113,55,168,113,55,168,0.039568,0.083158,intraday,intraday,0,0
2022-02-08 14:39,44.9200,2022-02-08 15:55,46.8200,2022-02-09 09:30,48.2000,2022-02-09 09:39,47.4700,5,9,14,1055,9,1064,0.029475,0.073019,overnight,intraday,0,1
2022-02-09 09:58,46.7200,2022-02-09 10:56,48.7100,2022-02-09 15:36,51.2000,2022-02-10 09:30,47.6100,280,24,304,280,1074,1354,0.051119,0.095890,overnight,overnight,1,1
2022-02-10 09:30,47.6100,2022-02-10 09:51,49.6000,2022-02-10 10:09,51.3800,2022-02-10 10:16,50.5800,18,7,25,18,7,25,0.035887,0.079185,intraday,intraday,0,0
2022-02-10 15:50,45.6600,2022-02-11 09:31,47.4900,2022-02-11 09:31,47.4900,2022-02-11 09:35,46.3000,0,4,4,0,4,4,0.000000,0.040079,intraday,intraday,0,0
2022-02-11 15:41,38.5100,2022-02-11 15:55,40.1100,2022-02-11 15:55,40.1100,2022-02-11 15:59,39.4100,0,4,4,0,4,4,0.000000,0.041548,intraday,intraday,0,0
2022-02-14 09:32,39.1900,2022-02-14 09:41,40.8800,2022-02-14 09:52,41.7900,2022-02-14 09:56,41.0200,11,4,15,11,4,15,0.022260,0.066343,intraday,intraday,0,0
2022-02-14 14:07,38.0000,2022-02-14 15:30,39.5900,2022-02-14 15:34,39.8600,2022-02-14 15:46,39.2200,4,12,16,4,12,16,0.006820,0.048947,intraday,intraday,0,0
2022-02-14 15:53,39.0900,2022-02-15 09:30,42.2000,2022-02-15 12:01,44.9500,2022-02-15 12:18,44.1900,151,17,168,151,17,168,0.065166,0.149910,intraday,intraday,0,0
2022-02-15 12:49,43.6400,2022-02-15 14:44,45.5200,2022-02-15 15:20,46.2500,2022-02-15 15:34,45.4800,36,14,50,36,14,50,0.016037,0.059808,intraday,intraday,0,0
2022-02-16 09:53,43.1300,2022-02-16 10:43,44.9300,2022-02-16 10:44,44.9400,2022-02-16 11:19,44.1700,1,35,36,1,35,36,0.000223,0.041966,intraday,intraday,0,0
2022-02-16 13:04,43.1000,2022-02-16 14:21,44.9300,2022-02-16 14:32,46.1900,2022-02-16 14:41,45.3500,11,9,20,11,9,20,0.028044,0.071694,intraday,intraday,0,0
2022-02-17 10:51,41.6200,2022-02-17 11:26,43.3500,2022-02-17 11:49,43.5300,2022-02-17 11:58,42.8400,23,9,32,23,9,32,0.004152,0.045891,intraday,intraday,0,0
2022-02-18 13:18,37.8200,2022-02-18 14:16,39.4800,2022-02-18 15:02,41.2400,2022-02-18 15:19,40.2900,46,17,63,46,17,63,0.044580,0.090428,intraday,intraday,0,0
2022-02-22 09:32,38.3100,2022-02-22 09:44,39.9000,2022-02-22 09:53,41.2900,2022-02-22 09:59,40.5600,9,6,15,9,6,15,0.034837,0.077786,intraday,intraday,0,0
2022-02-22 14:10,36.9100,2022-02-22 14:32,38.4000,2022-02-22 14:37,38.5100,2022-02-22 14:43,37.9100,5,6,11,5,6,11,0.002865,0.043349,intraday,intraday,0,0
2022-02-22 14:46,37.6200,2022-02-22 14:52,39.2400,2022-02-22 15:04,40.5000,2022-02-22 15:23,39.7900,12,19,31,12,19,31,0.032110,0.076555,intraday,intraday,0,0
2022-02-22 15:53,38.2800,2022-02-23 09:30,40.4300,2022-02-23 09:40,41.1000,2022-02-23 09:41,40.4200,10,1,11,10,1,11,0.016572,0.073668,intraday,intraday,0,0
2022-02-23 11:17,37.9000,2022-02-23 12:17,39.4200,2022-02-23 12:29,39.9200,2022-02-23 12:38,39.3200,12,9,21,12,9,21,0.012684,0.053298,intraday,intraday,0,0
2022-02-24 09:30,31.9700,2022-02-24 09:37,33.4000,2022-02-24 09:39,34.0300,2022-02-24 09:41,33.1400,2,2,4,2,2,4,0.018862,0.064435,intraday,intraday,0,0
2022-02-24 09:43,32.4700,2022-02-24 09:49,33.7800,2022-02-24 09:50,33.9700,2022-02-24 09:52,33.4500,1,2,3,1,2,3,0.005625,0.046196,intraday,intraday,0,0
2022-02-24 10:05,32.5500,2022-02-24 10:14,34.0000,2022-02-24 10:21,35.1100,2022-02-24 10:23,34.4100,7,2,9,7,2,9,0.032647,0.078648,intraday,intraday,0,0
2022-02-24 10:40,33.2000,2022-02-24 10:49,34.5300,2022-02-24 10:55,34.8400,2022-02-24 11:03,34.1800,6,8,14,6,8,14,0.008978,0.049398,intraday,intraday,0,0
2022-02-24 11:03,34.1800,2022-02-24 11:19,35.7000,2022-02-24 11:19,35.7000,2022-02-24 11:27,34.9900,0,8,8,0,8,8,0.000000,0.044470,intraday,intraday,0,0
2022-02-24 12:23,34.2200,2022-02-24 13:36,35.6500,2022-02-24 13:51,36.7100,2022-02-24 13:58,36.0400,15,7,22,15,7,22,0.029734,0.072764,intraday,intraday,0,0
2022-02-24 14:01,35.5200,2022-02-24 14:30,37.1700,2022-02-24 15:35,39.7600,2022-02-24 15:49,39.1400,65,14,79,65,14,79,0.069680,0.119369,intraday,intraday,0,0
2022-02-25 10:04,38.2100,2022-02-25 10:25,39.8500,2022-02-25 12:03,41.5200,2022-02-25 12:13,40.8900,98,10,108,98,10,108,0.041907,0.086627,intraday,intraday,0,0
2022-02-25 14:10,40.1400,2022-02-25 15:59,41.7700,2022-02-25 15:59,41.7700,2022-02-28 09:30,40.6700,0,1,1,0,3931,3931,0.000000,0.040608,weekend,weekend,1,1
2022-02-28 09:43,39.6700,2022-02-28 10:39,41.3000,2022-02-28 10:56,41.8700,2022-02-28 11:10,41.2300,17,14,31,17,14,31,0.013801,0.055458,intraday,intraday,0,0
2022-02-28 14:39,38.6200,2022-02-28 15:50,40.3200,2022-02-28 15:59,41.0100,2022-03-01 09:32,40.3300,9,3,12,9,1053,1062,0.017113,0.061885,overnight,overnight,0,1
2022-03-01 15:50,35.4100,2022-03-02 09:30,37.6800,2022-03-02 09:48,38.8800,2022-03-02 09:56,38.2300,18,8,26,18,8,26,0.031847,0.097995,intraday,intraday,0,0
2022-03-02 10:27,37.3000,2022-03-02 11:04,38.8600,2022-03-02 14:12,40.8200,2022-03-02 15:20,40.1800,188,68,256,188,68,256,0.050437,0.094370,intraday,intraday,0,0
2022-03-03 10:59,37.0700,2022-03-03 12:11,38.6200,2022-03-03 12:11,38.6200,2022-03-03 12:26,37.8900,0,15,15,0,15,15,0.000000,0.041813,intraday,intraday,0,0
2022-03-03 12:30,37.5700,2022-03-03 12:35,39.0800,2022-03-03 12:36,39.3000,2022-03-03 12:40,38.5100,1,4,5,1,4,5,0.005629,0.046047,intraday,intraday,0,0
2022-03-04 11:13,34.3100,2022-03-04 13:04,35.7400,2022-03-04 13:08,35.7600,2022-03-04 13:16,35.1900,4,8,12,4,8,12,0.000560,0.042262,intraday,intraday,0,0
2022-03-04 15:00,33.4100,2022-03-07 09:30,35.4700,2022-03-07 09:31,35.5000,2022-03-07 09:34,34.8000,1,3,4,1,3,4,0.000846,0.062556,intraday,intraday,0,0
2022-03-08 09:40,28.7300,2022-03-08 09:43,29.9700,2022-03-08 09:48,30.0300,2022-03-08 09:49,29.4500,5,1,6,5,1,6,0.002002,0.045249,intraday,intraday,0,0
2022-03-08 10:34,28.5700,2022-03-08 10:54,30.1100,2022-03-08 11:04,30.5400,2022-03-08 11:06,30.0100,10,2,12,10,2,12,0.014281,0.068953,intraday,intraday,0,0
2022-03-08 11:32,29.0800,2022-03-08 11:55,30.2800,2022-03-08 11:55,30.2800,2022-03-08 12:00,29.8200,0,5,5,0,5,5,0.000000,0.041265,intraday,intraday,0,0
2022-03-08 12:00,29.8200,2022-03-08 12:11,31.1700,2022-03-08 12:21,32.7400,2022-03-08 12:23,32.2000,10,2,12,10,2,12,0.050369,0.097921,intraday,intraday,0,0
2022-03-08 12:26,31.6300,2022-03-08 12:38,32.9100,2022-03-08 12:46,33.3500,2022-03-08 12:51,32.7600,8,5,13,8,5,13,0.013370,0.054379,intraday,intraday,0,0
2022-03-08 12:51,32.7600,2022-03-08 13:07,34.1600,2022-03-08 13:17,34.3200,2022-03-08 13:22,33.7300,10,5,15,10,5,15,0.004684,0.047619,intraday,intraday,0,0
2022-03-08 14:02,31.3200,2022-03-08 14:30,32.5800,2022-03-08 14:30,32.5800,2022-03-08 14:33,31.8900,0,3,3,0,3,3,0.000000,0.040230,intraday,intraday,0,0
2022-03-08 14:33,31.8900,2022-03-08 15:04,33.1800,2022-03-08 15:06,33.2800,2022-03-08 15:11,32.7400,2,5,7,2,5,7,0.003014,0.043587,intraday,intraday,0,0
2022-03-08 15:59,31.1200,2022-03-09 09:30,34.0600,2022-03-09 09:32,34.1100,2022-03-09 09:36,33.4800,2,4,6,2,4,6,0.001468,0.096080,intraday,intraday,0,0
2022-03-09 09:53,33.1500,2022-03-09 10:35,34.5800,2022-03-09 10:40,34.6000,2022-03-09 11:04,34.0300,5,24,29,5,24,29,0.000578,0.043741,intraday,intraday,0,0
2022-03-09 11:15,33.6700,2022-03-09 12:35,35.1300,2022-03-09 12:39,35.2700,2022-03-09 13:03,34.6900,4,24,28,4,24,28,0.003985,0.047520,intraday,intraday,0,0
2022-03-10 11:07,30.8200,2022-03-10 12:23,32.0700,2022-03-10 12:23,32.0700,2022-03-10 12:35,31.4800,0,12,12,0,12,12,0.000000,0.040558,intraday,intraday,0,0
2022-03-10 13:04,31.0300,2022-03-10 14:04,32.4600,2022-03-10 14:57,32.9000,2022-03-10 15:04,32.3900,53,7,60,53,7,60,0.013555,0.060264,intraday,intraday,0,0
2022-03-10 15:08,32.2500,2022-03-11 09:30,34.2600,2022-03-11 09:30,34.2600,2022-03-11 09:39,33.4100,0,9,9,0,9,9,0.000000,0.062326,intraday,intraday,0,0
2022-03-14 09:38,29.2400,2022-03-14 10:13,30.4600,2022-03-14 10:24,30.7400,2022-03-14 10:28,30.2200,11,4,15,11,4,15,0.009192,0.051300,intraday,intraday,0,0
2022-03-14 14:25,27.3100,2022-03-15 09:30,28.5900,2022-03-15 09:33,28.7700,2022-03-15 09:37,28.3000,3,4,7,3,4,7,0.006296,0.053460,intraday,intraday,0,0
2022-03-15 09:42,28.0300,2022-03-15 09:56,29.1600,2022-03-15 10:04,29.6100,2022-03-15 10:12,29.1500,8,8,16,8,8,16,0.015432,0.056368,intraday,intraday,0,0
2022-03-15 10:15,29.0400,2022-03-15 10:30,30.2500,2022-03-15 10:49,30.6200,2022-03-15 10:58,30.0900,19,9,28,19,9,28,0.012231,0.054408,intraday,intraday,0,0
2022-03-15 14:19,30.0600,2022-03-15 15:21,31.3200,2022-03-16 10:33,36.1100,2022-03-16 10:42,35.3800,102,9,111,1152,9,1161,0.152937,0.201264,overnight,intraday,0,1
2022-03-16 14:35,32.2900,2022-03-16 14:42,33.9500,2022-03-16 14:55,35.1700,2022-03-16 15:01,34.4800,13,6,19,13,6,19,0.035935,0.089192,intraday,intraday,0,0
2022-03-16 15:01,34.4800,2022-03-16 15:49,35.9100,2022-03-16 15:59,36.3900,2022-03-17 09:30,34.9500,10,1,11,10,1051,1061,0.013367,0.055394,overnight,overnight,1,1
2022-03-17 09:32,34.4000,2022-03-17 09:45,35.8500,2022-03-17 09:48,35.9200,2022-03-17 09:50,35.3200,3,2,5,3,2,5,0.001953,0.044186,intraday,intraday,0,0
2022-03-17 10:54,34.8700,2022-03-17 13:26,36.4000,2022-03-17 13:51,36.8600,2022-03-17 14:24,36.2500,25,33,58,25,33,58,0.012637,0.057069,intraday,intraday,0,0
2022-03-18 09:34,35.7300,2022-03-18 09:59,37.2300,2022-03-18 10:11,38.3200,2022-03-18 10:33,37.6500,12,22,34,12,22,34,0.029277,0.072488,intraday,intraday,0,0
2022-03-18 10:40,37.1100,2022-03-18 12:35,38.7300,2022-03-18 15:34,39.6600,2022-03-18 15:39,38.9500,179,5,184,179,5,184,0.024012,0.068715,intraday,intraday,0,0
2022-03-21 10:29,36.9800,2022-03-21 11:02,38.5000,2022-03-21 11:57,39.7300,2022-03-21 12:05,39.0800,55,8,63,55,8,63,0.031948,0.074365,intraday,intraday,0,0
2022-03-21 13:22,37.0300,2022-03-21 15:55,38.5900,2022-03-22 09:43,39.4700,2022-03-22 09:46,38.8100,18,3,21,1068,3,1071,0.022804,0.065893,overnight,intraday,0,1
2022-03-22 09:46,38.8100,2022-03-22 10:20,40.4800,2022-03-22 11:24,40.9700,2022-03-22 11:57,40.2500,64,33,97,64,33,97,0.012105,0.055656,intraday,intraday,0,0
2022-03-23 10:02,37.0100,2022-03-23 10:24,38.5000,2022-03-23 10:40,38.6900,2022-03-23 10:46,38.0800,16,6,22,16,6,22,0.004935,0.045393,intraday,intraday,0,0
2022-03-23 10:47,37.9600,2022-03-23 11:38,39.4900,2022-03-23 12:02,39.9500,2022-03-23 12:08,39.2700,24,6,30,24,6,30,0.011649,0.052424,intraday,intraday,0,0
2022-03-23 15:59,36.6200,2022-03-24 09:41,38.2400,2022-03-24 09:44,38.4800,2022-03-24 09:50,37.8400,3,6,9,3,6,9,0.006276,0.050792,intraday,intraday,0,0
2022-03-24 10:18,37.8100,2022-03-24 11:11,39.3400,2022-03-24 11:42,41.0500,2022-03-24 12:03,40.3000,31,21,52,31,21,52,0.043467,0.085692,intraday,intraday,0,0
2022-03-24 12:03,40.3000,2022-03-24 15:50,41.9500,2022-03-24 15:59,42.2000,2022-03-25 09:34,41.2500,9,5,14,9,1055,1064,0.005959,0.047146,overnight,overnight,0,1
2022-03-25 11:27,39.8000,2022-03-25 13:58,41.4600,2022-03-25 14:46,41.9700,2022-03-25 15:07,41.3300,48,21,69,48,21,69,0.012301,0.054523,intraday,intraday,0,0
2022-03-28 12:29,39.3700,2022-03-28 14:03,40.9600,2022-03-29 09:36,45.8200,2022-03-29 09:40,45.1100,123,4,127,1173,4,1177,0.118652,0.163830,overnight,intraday,0,1
2022-03-29 10:15,43.2700,2022-03-29 14:36,45.1000,2022-03-29 15:29,45.9700,2022-03-29 15:53,45.2700,53,24,77,53,24,77,0.019290,0.062399,intraday,intraday,0,0
2022-03-31 10:03,39.8300,2022-03-31 10:46,41.5400,2022-03-31 10:50,41.7600,2022-03-31 11:03,41.1100,4,13,17,4,13,17,0.005296,0.048456,intraday,intraday,0,0
2022-04-01 13:15,34.6800,2022-04-01 15:56,36.1000,2022-04-04 10:11,38.0600,2022-04-04 10:21,37.3900,45,10,55,3975,10,3985,0.054294,0.097463,weekend,intraday,0,1
2022-04-06 12:46,29.6100,2022-04-06 13:40,30.8400,2022-04-06 13:49,31.2900,2022-04-06 13:57,30.8200,9,8,17,9,8,17,0.014591,0.056738,intraday,intraday,0,0
2022-04-06 14:15,29.7700,2022-04-06 14:34,31.1100,2022-04-06 14:34,31.1100,2022-04-06 14:37,30.5400,0,3,3,0,3,3,0.000000,0.045012,intraday,intraday,0,0
2022-04-06 14:42,30.4400,2022-04-06 15:01,31.6900,2022-04-06 15:04,32.0100,2022-04-06 15:06,31.4700,3,2,5,3,2,5,0.010098,0.051577,intraday,intraday,0,0
2022-04-07 12:49,28.6800,2022-04-07 13:20,29.8300,2022-04-07 14:01,30.4000,2022-04-07 14:18,29.9100,41,17,58,41,17,58,0.019108,0.059972,intraday,intraday,0,0
2022-04-07 14:18,29.9100,2022-04-07 15:12,31.1500,2022-04-07 15:40,31.3200,2022-04-07 15:50,30.6300,28,10,38,28,10,38,0.005457,0.047141,intraday,intraday,0,0
2022-04-08 10:16,28.3500,2022-04-08 10:52,29.4900,2022-04-08 11:02,29.7500,2022-04-08 11:16,29.2900,10,14,24,10,14,24,0.008817,0.049383,intraday,intraday,0,0
2022-04-11 09:33,26.4200,2022-04-11 09:48,27.5100,2022-04-11 10:16,27.5800,2022-04-11 10:19,27.1600,28,3,31,28,3,31,0.002545,0.043906,intraday,intraday,0,0
2022-04-11 15:54,26.3800,2022-04-12 09:30,28.0100,2022-04-12 09:30,28.0100,2022-04-12 09:36,27.5700,0,6,6,0,6,6,0.000000,0.061789,intraday,intraday,0,0
2022-04-12 09:37,27.5200,2022-04-12 09:52,28.6800,2022-04-12 09:53,28.8000,2022-04-12 10:06,28.2900,1,13,14,1,13,14,0.004184,0.046512,intraday,intraday,0,0
2022-04-12 15:09,25.8900,2022-04-13 09:36,26.9700,2022-04-13 09:47,27.8500,2022-04-13 09:53,27.4300,11,6,17,11,6,17,0.032629,0.075705,intraday,intraday,0,0
2022-04-13 10:01,27.0400,2022-04-13 11:06,28.1300,2022-04-13 11:25,28.4800,2022-04-13 12:01,28.0100,19,36,55,19,36,55,0.012442,0.053254,intraday,intraday,0,0
2022-04-18 09:30,25.5000,2022-04-18 10:06,26.6000,2022-04-18 10:44,27.3700,2022-04-18 11:15,26.9400,38,31,69,38,31,69,0.028947,0.073333,intraday,intraday,0,0
2022-04-18 12:21,26.0500,2022-04-18 13:32,27.1200,2022-04-18 14:01,27.6100,2022-04-18 14:18,27.1800,29,17,46,29,17,46,0.018068,0.059885,intraday,intraday,0,0
2022-04-19 09:39,26.3200,2022-04-19 09:59,27.4200,2022-04-19 11:52,28.7800,2022-04-19 12:29,28.3200,113,37,150,113,37,150,0.049599,0.093465,intraday,intraday,0,0
2022-04-19 14:17,27.9900,2022-04-20 09:30,30.5900,2022-04-20 09:32,30.7200,2022-04-20 09:40,30.0800,2,8,10,2,8,10,0.004250,0.097535,intraday,intraday,0,0
2022-04-20 14:54,28.2900,2022-04-21 09:30,29.7400,2022-04-21 09:35,30.5100,2022-04-21 09:39,30.0000,5,4,9,5,4,9,0.025891,0.078473,intraday,intraday,0,0
2022-04-25 09:45,23.7500,2022-04-25 10:24,24.7200,2022-04-25 10:34,25.3900,2022-04-25 10:52,24.8900,10,18,28,10,18,28,0.027104,0.069053,intraday,intraday,0,0
2022-04-25 12:00,24.0900,2022-04-25 14:33,25.0700,2022-04-25 14:54,25.3300,2022-04-25 15:00,24.9300,21,6,27,21,6,27,0.010371,0.051474,intraday,intraday,0,0
2022-04-25 15:07,24.4100,2022-04-25 15:40,25.4200,2022-04-25 15:59,25.7100,2022-04-26 09:30,24.8100,19,1,20,19,1051,1070,0.011408,0.053257,overnight,overnight,1,1
2022-04-26 11:19,22.6500,2022-04-26 12:57,23.6300,2022-04-26 12:57,23.6300,2022-04-26 13:02,23.2300,0,5,5,0,5,5,0.000000,0.043267,intraday,intraday,0,0
2022-04-27 09:31,22.0800,2022-04-27 09:42,23.1900,2022-04-27 09:48,23.5000,2022-04-27 09:52,23.0200,6,4,10,6,4,10,0.013368,0.064312,intraday,intraday,0,0
2022-04-27 10:33,21.5000,2022-04-27 11:01,22.3600,2022-04-27 11:01,22.3600,2022-04-27 11:06,22.0100,0,5,5,0,5,5,0.000000,0.040000,intraday,intraday,0,0
2022-04-27 11:20,21.8200,2022-04-27 12:22,22.7200,2022-04-27 12:43,22.9100,2022-04-27 13:01,22.4600,21,18,39,21,18,39,0.008363,0.049954,intraday,intraday,0,0
2022-04-27 15:37,21.7900,2022-04-28 09:30,23.7400,2022-04-28 09:33,23.8400,2022-04-28 09:35,23.4700,3,2,5,3,2,5,0.004212,0.094080,intraday,intraday,0,0
2022-04-28 10:34,22.4300,2022-04-28 11:06,23.3300,2022-04-28 11:19,23.7600,2022-04-28 11:35,23.3700,13,16,29,13,16,29,0.018431,0.059296,intraday,intraday,0,0
2022-04-28 11:50,23.0900,2022-04-28 12:35,24.0900,2022-04-28 15:24,26.2900,2022-04-28 15:31,25.8900,169,7,176,169,7,176,0.091324,0.138588,intraday,intraday,0,0
2022-04-29 09:31,24.2700,2022-04-29 09:55,25.5300,2022-04-29 09:59,25.8700,2022-04-29 10:05,25.4700,4,6,10,4,6,10,0.013318,0.065925,intraday,intraday,0,0
2022-05-02 09:37,22.2000,2022-05-02 09:42,23.2800,2022-05-02 09:43,23.4700,2022-05-02 09:50,22.9900,1,7,8,1,7,8,0.008162,0.057207,intraday,intraday,0,0
2022-05-02 10:14,22.4000,2022-05-02 10:26,23.3500,2022-05-02 10:30,23.5700,2022-05-02 10:47,23.1000,4,17,21,4,17,21,0.009422,0.052232,intraday,intraday,0,0
2022-05-02 14:20,21.8100,2022-05-02 14:53,22.7700,2022-05-02 15:55,24.5400,2022-05-03 09:30,24.1200,62,5,67,62,1055,1117,0.077734,0.125172,overnight,overnight,1,1
2022-05-03 09:45,23.8300,2022-05-03 10:00,24.9200,2022-05-03 10:04,25.1300,2022-05-03 10:12,24.7400,4,8,12,4,8,12,0.008427,0.054553,intraday,intraday,0,0
2022-05-03 10:47,24.2000,2022-05-03 11:25,25.1700,2022-05-03 11:25,25.1700,2022-05-03 11:37,24.7800,0,12,12,0,12,12,0.000000,0.040083,intraday,intraday,0,0
2022-05-03 12:08,24.5500,2022-05-03 13:34,25.5500,2022-05-03 13:44,25.6500,2022-05-03 14:03,25.2400,10,19,29,10,19,29,0.003914,0.044807,intraday,intraday,0,0
2022-05-03 14:42,24.4400,2022-05-03 15:07,25.4800,2022-05-03 15:07,25.4800,2022-05-03 15:32,25.0600,0,25,25,0,25,25,0.000000,0.042553,intraday,intraday,0,0
2022-05-04 11:44,23.3700,2022-05-04 12:21,24.3300,2022-05-04 13:01,25.0000,2022-05-04 13:12,24.6200,40,11,51,40,11,51,0.027538,0.069748,intraday,intraday,0,0
2022-05-04 13:49,24.5300,2022-05-04 14:05,25.5300,2022-05-04 14:05,25.5300,2022-05-04 14:06,25.0500,0,1,1,0,1,1,0.000000,0.040766,intraday,intraday,0,0
2022-05-04 14:34,23.8600,2022-05-04 14:41,24.8200,2022-05-04 15:55,28.0700,2022-05-05 09:30,26.4400,74,5,79,74,1055,1129,0.130943,0.176446,overnight,overnight,1,1
2022-05-05 12:02,23.5600,2022-05-05 13:00,24.5100,2022-05-05 13:09,24.8700,2022-05-05 13:16,24.4500,9,7,16,9,7,16,0.014688,0.055603,intraday,intraday,0,0
2022-05-05 15:30,22.7800,2022-05-05 15:50,23.8100,2022-05-05 15:59,23.9800,2022-05-06 09:30,23.2800,9,1,10,9,1051,1060,0.007140,0.052678,overnight,overnight,1,1
2022-05-06 09:53,22.0000,2022-05-06 10:04,22.8900,2022-05-06 10:07,23.5800,2022-05-06 10:10,23.0900,3,3,6,3,3,6,0.030144,0.071818,intraday,intraday,0,0
2022-05-06 10:10,23.0900,2022-05-06 10:18,24.2600,2022-05-06 10:18,24.2600,2022-05-06 10:20,23.8200,0,2,2,0,2,2,0.000000,0.050671,intraday,intraday,0,0
2022-05-06 10:37,23.0100,2022-05-06 10:46,24.1600,2022-05-06 10:58,24.2800,2022-05-06 11:03,23.9100,12,5,17,12,5,17,0.004967,0.055193,intraday,intraday,0,0
2022-05-06 11:10,23.7800,2022-05-06 11:22,24.8000,2022-05-06 11:23,24.8400,2022-05-06 11:32,24.4400,1,9,10,1,9,10,0.001613,0.044575,intraday,intraday,0,0
2022-05-06 12:19,23.2800,2022-05-06 12:53,24.2300,2022-05-06 13:04,24.6900,2022-05-06 13:13,24.2900,11,9,20,11,9,20,0.018985,0.060567,intraday,intraday,0,0
2022-05-06 15:25,22.5600,2022-05-06 15:50,23.5600,2022-05-06 15:50,23.5600,2022-05-09 09:30,22.0100,0,10,10,0,3940,3940,0.000000,0.044326,weekend,weekend,1,1
2022-05-09 09:32,21.6400,2022-05-09 09:53,22.5600,2022-05-09 09:53,22.5600,2022-05-09 09:56,22.1300,0,3,3,0,3,3,0.000000,0.042514,intraday,intraday,0,0
2022-05-09 11:32,20.0400,2022-05-09 12:13,20.8600,2022-05-09 12:17,21.0300,2022-05-09 12:26,20.7100,4,9,13,4,9,13,0.008150,0.049401,intraday,intraday,0,0
2022-05-09 14:32,19.6600,2022-05-09 15:07,20.5000,2022-05-09 15:07,20.5000,2022-05-09 15:17,20.1800,0,10,10,0,10,10,0.000000,0.042726,intraday,intraday,0,0
2022-05-09 15:51,19.3600,2022-05-10 09:30,21.5800,2022-05-10 09:30,21.5800,2022-05-10 09:33,21.2400,0,3,3,0,3,3,0.000000,0.114669,intraday,intraday,0,0
2022-05-10 09:49,20.4200,2022-05-10 09:57,21.2600,2022-05-10 10:06,21.8700,2022-05-10 10:09,21.5300,9,3,12,9,3,12,0.028692,0.071009,intraday,intraday,0,0
2022-05-10 11:28,19.7600,2022-05-10 13:27,20.5600,2022-05-10 14:03,21.8500,2022-05-10 14:16,21.4000,36,13,49,36,13,49,0.062743,0.105769,intraday,intraday,0,0
2022-05-11 09:37,19.9500,2022-05-11 09:43,20.7900,2022-05-11 09:51,21.9100,2022-05-11 09:54,21.4300,8,3,11,8,3,11,0.053872,0.098246,intraday,intraday,0,0
2022-05-11 10:09,20.9200,2022-05-11 10:22,21.7700,2022-05-11 10:22,21.7700,2022-05-11 10:34,21.4200,0,12,12,0,12,12,0.000000,0.040631,intraday,intraday,0,0
2022-05-11 11:19,20.3600,2022-05-11 11:36,21.2300,2022-05-11 11:38,21.5200,2022-05-11 11:50,21.1300,2,12,14,2,12,14,0.013660,0.056974,intraday,intraday,0,0
2022-05-12 09:39,18.0600,2022-05-12 09:47,18.8800,2022-05-12 09:47,18.8800,2022-05-12 09:50,18.5800,0,3,3,0,3,3,0.000000,0.045404,intraday,intraday,0,0
2022-05-12 10:02,18.3000,2022-05-12 10:11,19.1000,2022-05-12 10:24,19.5400,2022-05-12 10:31,19.1500,13,7,20,13,7,20,0.023037,0.067760,intraday,intraday,0,0
2022-05-12 10:37,18.8700,2022-05-12 10:56,19.6500,2022-05-12 11:11,19.9800,2022-05-12 11:13,19.6800,15,2,17,15,2,17,0.016794,0.058824,intraday,intraday,0,0
2022-05-12 12:01,18.4400,2022-05-12 12:31,19.2300,2022-05-12 12:35,19.3400,2022-05-12 12:40,19.0400,4,5,9,4,5,9,0.005720,0.048807,intraday,intraday,0,0
2022-05-12 14:43,17.9700,2022-05-12 15:21,18.8000,2022-05-12 15:26,18.9300,2022-05-12 15:29,18.6000,5,3,8,5,3,8,0.006915,0.053422,intraday,intraday,0,0
2022-05-12 15:29,18.6000,2022-05-12 15:58,19.3600,2022-05-13 09:31,20.7500,2022-05-13 09:34,20.3100,3,3,6,1053,3,1056,0.071798,0.115591,overnight,intraday,0,1
2022-05-13 09:35,20.3000,2022-05-13 09:46,21.2000,2022-05-13 10:34,22.0900,2022-05-13 10:45,21.6900,48,11,59,48,11,59,0.041981,0.088177,intraday,intraday,0,0
2022-05-13 10:45,21.6900,2022-05-13 12:08,22.5800,2022-05-13 12:41,22.7000,2022-05-13 12:50,22.3400,33,9,42,33,9,42,0.005314,0.046565,intraday,intraday,0,0
2022-05-13 14:05,21.6900,2022-05-13 15:06,22.5600,2022-05-13 15:30,22.9000,2022-05-13 15:34,22.5400,24,4,28,24,4,28,0.015071,0.055786,intraday,intraday,0,0
2022-05-16 09:36,21.2100,2022-05-16 10:09,22.1100,2022-05-16 10:29,22.4700,2022-05-16 10:33,22.0300,20,4,24,20,4,24,0.016282,0.059406,intraday,intraday,0,0
2022-05-16 11:06,21.3100,2022-05-16 12:03,22.2100,2022-05-16 12:03,22.2100,2022-05-16 12:15,21.8200,0,12,12,0,12,12,0.000000,0.042234,intraday,intraday,0,0
2022-05-16 13:00,21.4600,2022-05-16 14:28,22.3600,2022-05-16 14:32,22.4000,2022-05-16 14:50,22.0600,4,18,22,4,18,22,0.001789,0.043802,intraday,intraday,0,0
2022-05-16 15:56,21.2300,2022-05-17 09:30,23.3400,2022-05-17 09:43,24.0700,2022-05-17 09:47,23.5300,13,4,17,13,4,17,0.031277,0.133773,intraday,intraday,0,0
2022-05-17 10:45,22.8800,2022-05-17 11:25,23.8200,2022-05-17 13:26,24.2400,2022-05-17 14:02,23.8500,121,36,157,121,36,157,0.017632,0.059441,intraday,intraday,0,0
2022-05-17 14:22,23.3500,2022-05-17 14:47,24.2900,2022-05-17 15:31,24.7000,2022-05-17 15:47,24.2700,44,16,60,44,16,60,0.016879,0.057816,intraday,intraday,0,0
2022-05-18 09:30,23.2500,2022-05-18 10:05,24.2600,2022-05-18 10:22,24.2900,2022-05-18 10:29,23.8100,17,7,24,17,7,24,0.001237,0.044731,intraday,intraday,0,0
2022-05-18 15:54,20.5700,2022-05-19 09:37,21.4000,2022-05-19 09:37,21.4000,2022-05-19 09:41,21.0100,0,4,4,0,4,4,0.000000,0.040350,intraday,intraday,0,0
2022-05-19 09:52,19.9300,2022-05-19 09:56,20.7600,2022-05-19 10:11,21.2300,2022-05-19 10:13,20.8800,15,2,17,15,2,17,0.022640,0.065228,intraday,intraday,0,0
2022-05-19 10:30,20.6600,2022-05-19 11:11,21.5400,2022-05-19 11:11,21.5400,2022-05-19 11:20,21.2000,0,9,9,0,9,9,0.000000,0.042594,intraday,intraday,0,0
2022-05-19 11:27,21.1900,2022-05-19 11:48,22.0400,2022-05-19 11:48,22.0400,2022-05-19 11:55,21.7000,0,7,7,0,7,7,0.000000,0.040113,intraday,intraday,0,0
2022-05-19 13:15,20.5900,2022-05-19 13:56,21.4400,2022-05-19 13:57,21.5100,2022-05-19 14:03,21.1700,1,6,7,1,6,7,0.003265,0.044682,intraday,intraday,0,0
2022-05-19 15:56,20.4400,2022-05-20 09:30,21.3400,2022-05-20 09:33,21.4100,2022-05-20 09:36,20.9700,3,3,6,3,3,6,0.003280,0.047456,intraday,intraday,0,0
2022-05-20 13:26,17.7000,2022-05-20 13:46,18.5000,2022-05-20 13:56,18.5800,2022-05-20 14:06,18.2300,10,10,20,10,10,20,0.004324,0.049718,intraday,intraday,0,0
2022-05-20 14:32,17.9100,2022-05-20 15:21,18.6300,2022-05-20 15:42,19.9300,2022-05-20 15:46,19.4400,21,4,25,21,4,25,0.069780,0.112786,intraday,intraday,0,0
2022-05-20 15:46,19.4400,2022-05-20 15:56,20.2800,2022-05-20 15:59,20.3400,2022-05-23 09:31,19.9500,3,2,5,3,3932,3935,0.002959,0.046296,weekend,weekend,0,1
2022-05-23 09:39,19.8200,2022-05-23 09:47,20.7700,2022-05-23 09:47,20.7700,2022-05-23 09:54,20.3800,0,7,7,0,7,7,0.000000,0.047931,intraday,intraday,0,0
2022-05-23 10:27,19.5000,2022-05-23 11:16,20.3200,2022-05-23 11:39,20.7600,2022-05-23 11:48,20.3700,23,9,32,23,9,32,0.021654,0.064615,intraday,intraday,0,0
2022-05-23 13:21,19.8600,2022-05-23 14:44,20.6600,2022-05-23 14:44,20.6600,2022-05-23 14:58,20.3500,0,14,14,0,14,14,0.000000,0.040282,intraday,intraday,0,0
2022-05-24 10:16,18.5200,2022-05-24 12:10,19.2900,2022-05-24 12:15,19.7000,2022-05-24 12:20,19.3200,5,5,10,5,5,10,0.021255,0.063715,intraday,intraday,0,0
2022-05-24 13:04,18.7400,2022-05-24 14:11,19.5700,2022-05-24 14:11,19.5700,2022-05-24 14:17,19.2500,0,6,6,0,6,6,0.000000,0.044290,intraday,intraday,0,0
2022-05-24 14:55,18.6700,2022-05-24 15:38,19.4300,2022-05-24 15:42,19.4600,2022-05-24 15:53,19.1400,4,11,15,4,11,15,0.001544,0.042314,intraday,intraday,0,0
2022-05-24 15:56,18.9500,2022-05-25 09:37,19.7300,2022-05-25 09:37,19.7300,2022-05-25 09:41,19.3200,0,4,4,0,4,4,0.000000,0.041161,intraday,intraday,0,0
2022-05-25 09:49,19.0700,2022-05-25 10:34,19.8800,2022-05-25 10:35,19.9300,2022-05-25 10:41,19.5900,1,6,7,1,6,7,0.002515,0.045097,intraday,intraday,0,0
2022-05-25 13:12,19.1300,2022-05-25 14:16,19.9100,2022-05-25 15:13,20.7000,2022-05-25 15:34,20.3700,57,21,78,57,21,78,0.039679,0.082070,intraday,intraday,0,0
2022-05-26 09:30,19.7100,2022-05-26 09:35,20.6200,2022-05-26 10:22,21.8900,2022-05-26 10:33,21.4900,47,11,58,47,11,58,0.061591,0.110604,intraday,intraday,0,0
2022-05-26 10:45,21.3900,2022-05-26 12:10,22.3000,2022-05-26 13:09,22.8000,2022-05-26 15:17,22.3900,59,128,187,59,128,187,0.022422,0.065919,intraday,intraday,0,0
2022-05-26 15:20,22.3400,2022-05-27 09:30,23.9500,2022-05-27 09:32,24.3100,2022-05-27 09:34,23.9400,2,2,4,2,2,4,0.015031,0.088183,intraday,intraday,0,0
2022-05-27 09:44,23.8800,2022-05-27 12:03,24.8400,2022-05-27 15:26,25.4300,2022-05-27 15:48,25.0000,203,22,225,203,22,225,0.023752,0.064908,intraday,intraday,0,0
2022-05-31 10:09,23.7800,2022-05-31 10:31,24.9000,2022-05-31 10:46,25.0100,2022-05-31 11:06,24.6000,15,20,35,15,20,35,0.004418,0.051724,intraday,intraday,0,0
2022-05-31 11:08,24.3500,2022-05-31 11:56,25.3400,2022-05-31 12:04,25.5900,2022-05-31 12:14,25.2000,8,10,18,8,10,18,0.009866,0.050924,intraday,intraday,0,0
2022-05-31 14:55,24.3700,2022-05-31 15:33,25.3500,2022-05-31 15:33,25.3500,2022-05-31 15:49,24.9500,0,16,16,0,16,16,0.000000,0.040213,intraday,intraday,0,0
2022-06-01 12:12,22.7300,2022-06-01 13:40,23.6400,2022-06-01 14:45,24.3300,2022-06-01 14:57,23.9500,65,12,77,65,12,77,0.029188,0.070392,intraday,intraday,0,0
2022-06-02 09:31,23.4200,2022-06-02 09:45,24.3900,2022-06-02 09:49,24.6100,2022-06-02 09:55,24.0300,4,6,10,4,6,10,0.009020,0.050811,intraday,intraday,0,0
2022-06-02 09:55,24.0300,2022-06-02 11:10,25.0100,2022-06-02 11:51,25.4400,2022-06-02 12:01,25.0300,41,10,51,41,10,51,0.017193,0.058677,intraday,intraday,0,0
2022-06-02 12:01,25.0300,2022-06-02 14:35,26.0500,2022-06-02 14:41,26.0700,2022-06-02 15:27,25.6000,6,46,52,6,46,52,0.000768,0.041550,intraday,intraday,0,0
2022-06-03 11:13,23.5100,2022-06-03 13:01,24.4900,2022-06-03 13:04,24.6200,2022-06-03 13:18,24.1800,3,14,17,3,14,17,0.005308,0.047214,intraday,intraday,0,0
2022-06-03 15:23,23.7700,2022-06-06 09:30,25.5600,2022-06-06 09:30,25.5600,2022-06-06 09:34,25.1100,0,4,4,0,4,4,0.000000,0.075305,intraday,intraday,0,0
2022-06-06 12:30,23.5300,2022-06-06 13:59,24.4800,2022-06-06 13:59,24.4800,2022-06-06 14:22,24.0900,0,23,23,0,23,23,0.000000,0.040374,intraday,intraday,0,0
2022-06-07 09:31,22.7400,2022-06-07 10:28,23.7500,2022-06-07 10:48,24.4100,2022-06-07 11:05,24.0400,20,17,37,20,17,37,0.027789,0.073439,intraday,intraday,0,0
2022-06-07 11:49,23.4000,2022-06-07 14:09,24.3900,2022-06-07 14:15,24.5300,2022-06-07 14:44,24.1600,6,29,35,6,29,35,0.005740,0.048291,intraday,intraday,0,0
2022-06-08 13:38,22.4500,2022-06-09 10:28,23.3700,2022-06-09 10:35,23.5300,2022-06-09 10:46,23.1100,7,11,18,7,11,18,0.006846,0.048107,intraday,intraday,0,0
2022-06-10 11:33,18.6700,2022-06-10 13:46,19.5000,2022-06-10 13:50,19.6300,2022-06-10 13:55,19.3200,4,5,9,4,5,9,0.006667,0.051419,intraday,intraday,0,0
2022-06-13 11:10,15.5200,2022-06-13 12:31,16.2700,2022-06-13 12:38,16.6800,2022-06-13 12:47,16.3900,7,9,16,7,9,16,0.025200,0.074742,intraday,intraday,0,0
2022-06-13 15:51,15.3500,2022-06-14 09:30,16.0800,2022-06-14 09:30,16.0800,2022-06-14 09:35,15.8200,0,5,5,0,5,5,0.000000,0.047557,intraday,intraday,0,0
2022-06-14 09:44,15.4700,2022-06-14 10:01,16.1100,2022-06-14 10:03,16.1800,2022-06-14 10:08,15.9200,2,5,7,2,5,7,0.004345,0.045895,intraday,intraday,0,0
2022-06-14 15:18,15.2200,2022-06-14 15:41,15.9100,2022-06-15 10:07,16.6700,2022-06-15 10:18,16.4100,56,11,67,1106,11,1117,0.047769,0.095269,overnight,intraday,0,1
2022-06-15 14:06,15.6400,2022-06-15 14:17,16.2700,2022-06-15 14:17,16.2700,2022-06-15 14:23,15.9000,0,6,6,0,6,6,0.000000,0.040281,intraday,intraday,0,0
2022-06-15 14:32,15.5100,2022-06-15 14:38,16.5500,2022-06-15 14:45,17.3300,2022-06-15 14:47,16.9400,7,2,9,7,2,9,0.047130,0.117344,intraday,intraday,0,0
2022-06-15 14:57,16.4000,2022-06-15 15:24,17.0600,2022-06-15 15:33,17.3500,2022-06-15 15:38,17.0400,9,5,14,9,5,14,0.016999,0.057927,intraday,intraday,0,0
2022-06-16 14:53,13.0200,2022-06-17 09:30,13.7500,2022-06-17 09:35,13.8300,2022-06-17 09:39,13.5300,5,4,9,5,4,9,0.005818,0.062212,intraday,intraday,0,0
2022-06-17 10:36,12.8400,2022-06-17 11:03,13.3600,2022-06-17 11:32,13.7200,2022-06-17 11:42,13.4900,29,10,39,29,10,39,0.026946,0.068536,intraday,intraday,0,0
2022-06-17 12:02,13.2400,2022-06-17 13:05,13.7700,2022-06-17 13:12,13.9800,2022-06-17 13:31,13.7700,7,19,26,7,19,26,0.015251,0.055891,intraday,intraday,0,0
2022-06-17 15:13,13.4100,2022-06-21 09:30,14.7400,2022-06-21 09:42,14.9100,2022-06-21 09:45,14.6300,12,3,15,12,3,15,0.011533,0.111857,intraday,intraday,0,0
2022-06-21 09:45,14.6300,2022-06-21 09:59,15.2900,2022-06-21 10:00,15.3700,2022-06-21 10:27,15.1000,1,27,28,1,27,28,0.005232,0.050581,intraday,intraday,0,0
2022-06-22 09:30,14.0300,2022-06-22 10:17,14.6300,2022-06-22 10:37,14.9500,2022-06-22 10:46,14.7200,20,9,29,20,9,29,0.021873,0.065574,intraday,intraday,0,0
2022-06-22 12:09,14.0500,2022-06-22 13:49,14.6300,2022-06-22 14:17,14.7900,2022-06-22 14:49,14.5500,28,32,60,28,32,60,0.010936,0.052669,intraday,intraday,0,0
2022-06-23 13:03,13.3500,2022-06-23 15:31,13.8900,2022-06-24 09:32,14.8800,2022-06-24 09:36,14.6500,31,4,35,1081,4,1085,0.071274,0.114607,overnight,intraday,0,1
2022-06-24 09:37,14.6100,2022-06-24 09:52,15.2200,2022-06-24 10:15,15.8500,2022-06-24 10:41,15.6100,23,26,49,23,26,49,0.041393,0.084873,intraday,intraday,0,0
2022-06-24 11:19,15.2800,2022-06-27 09:30,16.3400,2022-06-27 09:30,16.3400,2022-06-27 09:33,15.9700,0,3,3,0,3,3,0.000000,0.069372,intraday,intraday,0,0
2022-06-27 09:48,15.3900,2022-06-27 10:44,16.0200,2022-06-27 10:57,16.3200,2022-06-27 11:09,16.0600,13,12,25,13,12,25,0.018727,0.060429,intraday,intraday,0,0
2022-06-27 15:52,15.6500,2022-06-28 09:32,16.3300,2022-06-28 09:53,16.5700,2022-06-28 09:58,16.2800,21,5,26,21,5,26,0.014697,0.058786,intraday,intraday,0,0
2022-06-28 12:04,14.6600,2022-06-28 12:40,15.2600,2022-06-28 12:45,15.3400,2022-06-28 13:00,15.0900,5,15,20,5,15,20,0.005242,0.046385,intraday,intraday,0,0
2022-06-29 10:18,13.1800,2022-06-29 10:44,13.7300,2022-06-29 10:44,13.7300,2022-06-29 10:59,13.4800,0,15,15,0,15,15,0.000000,0.041730,intraday,intraday,0,0
2022-06-29 12:33,13.0500,2022-06-29 14:06,13.6000,2022-06-29 14:06,13.6000,2022-06-29 14:37,13.3900,0,31,31,0,31,31,0.000000,0.042146,intraday,intraday,0,0
2022-06-30 10:04,12.4100,2022-06-30 10:58,12.9100,2022-06-30 11:48,13.4900,2022-06-30 12:06,13.2700,50,18,68,50,18,68,0.044926,0.087027,intraday,intraday,0,0
2022-06-30 12:07,13.2600,2022-06-30 12:32,13.8100,2022-06-30 12:32,13.8100,2022-06-30 12:49,13.5900,0,17,17,0,17,17,0.000000,0.041478,intraday,intraday,0,0
2022-07-01 12:59,11.1500,2022-07-01 14:24,11.6000,2022-07-01 14:46,11.7000,2022-07-01 15:03,11.5200,22,17,39,22,17,39,0.008621,0.049327,intraday,intraday,0,0
2022-07-05 09:32,10.6000,2022-07-05 10:32,11.0400,2022-07-05 10:41,11.4400,2022-07-05 10:45,11.2600,9,4,13,9,4,13,0.036232,0.079245,intraday,intraday,0,0
2022-07-05 11:23,10.7800,2022-07-05 12:23,11.2700,2022-07-05 12:27,11.3200,2022-07-05 12:43,11.1000,4,16,20,4,16,20,0.004437,0.050093,intraday,intraday,0,0
2022-07-05 12:46,11.0400,2022-07-05 14:30,11.5000,2022-07-06 09:32,12.0700,2022-07-06 09:35,11.8600,92,3,95,1142,3,1145,0.049565,0.093297,overnight,intraday,0,1
2022-07-06 10:21,11.5400,2022-07-06 10:57,12.0300,2022-07-06 10:59,12.1100,2022-07-06 11:09,11.9000,2,10,12,2,10,12,0.006650,0.049393,intraday,intraday,0,0
2022-07-06 11:32,11.7400,2022-07-06 14:06,12.2100,2022-07-06 14:07,12.2300,2022-07-06 14:11,11.9800,1,4,5,1,4,5,0.001638,0.041738,intraday,intraday,0,0
2022-07-06 14:26,11.8600,2022-07-06 14:45,12.3400,2022-07-06 15:24,12.5000,2022-07-06 15:41,12.2800,39,17,56,39,17,56,0.012966,0.053963,intraday,intraday,0,0
2022-07-06 15:53,12.0300,2022-07-07 09:30,13.1400,2022-07-07 09:47,13.4600,2022-07-07 10:01,13.2000,17,14,31,17,14,31,0.024353,0.118869,intraday,intraday,0,0
2022-07-07 10:01,13.2000,2022-07-07 13:44,13.7300,2022-07-07 14:14,13.8800,2022-07-08 09:30,13.0400,30,106,136,30,1156,1186,0.010925,0.051515,overnight,overnight,1,1
2022-07-08 09:50,13.0200,2022-07-08 10:37,13.5900,2022-07-08 11:26,14.1600,2022-07-08 11:47,13.9300,49,21,70,49,21,70,0.041943,0.087558,intraday,intraday,0,0
2022-07-08 13:04,13.2900,2022-07-08 14:21,13.8300,2022-07-08 14:38,13.9700,2022-07-11 09:30,13.2400,17,82,99,17,4012,4029,0.010123,0.051166,weekend,weekend,1,1
2022-07-11 09:52,12.6700,2022-07-11 13:03,13.2500,2022-07-11 13:32,13.4400,2022-07-11 14:10,13.2300,29,38,67,29,38,67,0.014340,0.060773,intraday,intraday,0,0
2022-07-11 15:54,12.8200,2022-07-12 09:31,13.4300,2022-07-12 09:31,13.4300,2022-07-12 09:34,13.1700,0,3,3,0,3,3,0.000000,0.047582,intraday,intraday,0,0
2022-07-12 10:08,12.7700,2022-07-12 11:10,13.3300,2022-07-12 12:34,13.4200,2022-07-12 13:19,13.2000,84,45,129,84,45,129,0.006752,0.050901,intraday,intraday,0,0
2022-07-13 09:32,12.1800,2022-07-13 09:47,12.7300,2022-07-13 09:49,12.8600,2022-07-13 10:00,12.6600,2,11,13,2,11,13,0.010212,0.055829,intraday,intraday,0,0
2022-07-13 10:20,12.5700,2022-07-13 10:35,13.0900,2022-07-13 11:06,13.5400,2022-07-13 11:23,13.3100,31,17,48,31,17,48,0.034377,0.077168,intraday,intraday,0,0
2022-07-14 10:18,12.5700,2022-07-14 11:41,13.0900,2022-07-14 12:00,13.2900,2022-07-14 12:29,13.0800,19,29,48,19,29,48,0.015279,0.057279,intraday,intraday,0,0
2022-07-14 12:51,13.0400,2022-07-14 13:40,13.5700,2022-07-14 14:40,14.2500,2022-07-14 15:10,14.0300,60,30,90,60,30,90,0.050111,0.092791,intraday,intraday,0,0
2022-07-14 15:47,13.9500,2022-07-15 09:30,14.7500,2022-07-15 09:30,14.7500,2022-07-15 09:33,14.4800,0,3,3,0,3,3,0.000000,0.057348,intraday,intraday,0,0
2022-07-15 09:54,14.0900,2022-07-15 11:03,14.6600,2022-07-15 11:20,14.7900,2022-07-15 12:08,14.5300,17,48,65,17,48,65,0.008868,0.049681,intraday,intraday,0,0
2022-07-15 12:11,14.5100,2022-07-15 15:56,15.1000,2022-07-18 09:33,15.8100,2022-07-18 09:40,15.4600,7,7,14,3937,7,3944,0.047020,0.089593,weekend,intraday,0,1
2022-07-18 10:11,15.2600,2022-07-18 11:24,15.8900,2022-07-18 12:06,16.1800,2022-07-18 12:51,15.9300,42,45,87,42,45,87,0.018250,0.060288,intraday,intraday,0,0
2022-07-18 15:49,14.6500,2022-07-19 09:30,15.5200,2022-07-19 14:09,17.1500,2022-07-19 14:27,16.7900,279,18,297,279,18,297,0.105026,0.170648,intraday,intraday,0,0
2022-07-20 09:32,16.5300,2022-07-20 10:08,17.2200,2022-07-20 10:52,18.2200,2022-07-20 11:03,17.9100,44,11,55,44,11,55,0.058072,0.102238,intraday,intraday,0,0
2022-07-20 13:11,17.4600,2022-07-20 15:03,18.1900,2022-07-21 09:32,18.7100,2022-07-21 09:35,18.2100,59,3,62,1109,3,1112,0.028587,0.071592,overnight,intraday,0,1
2022-07-21 10:32,17.7100,2022-07-21 11:04,18.4300,2022-07-21 11:04,18.4300,2022-07-21 11:23,18.1500,0,19,19,0,19,19,0.000000,0.040655,intraday,intraday,0,0
2022-07-21 11:23,18.1500,2022-07-21 12:28,18.8900,2022-07-21 12:31,18.9600,2022-07-21 13:14,18.6200,3,43,46,3,43,46,0.003706,0.044628,intraday,intraday,0,0
2022-07-25 10:26,16.4700,2022-07-25 11:46,17.1500,2022-07-25 11:46,17.1500,2022-07-25 12:13,16.8900,0,27,27,0,27,27,0.000000,0.041287,intraday,intraday,0,0
2022-07-26 15:07,16.2700,2022-07-27 09:30,17.2800,2022-07-27 11:01,17.9800,2022-07-27 11:39,17.7100,91,38,129,91,38,129,0.040509,0.105101,intraday,intraday,0,0
2022-07-27 13:07,17.6400,2022-07-27 14:40,18.3800,2022-07-27 15:34,19.1000,2022-07-27 15:50,18.8000,54,16,70,54,16,70,0.039173,0.082766,intraday,intraday,0,0
2022-07-28 10:32,17.6000,2022-07-28 11:01,18.3400,2022-07-28 11:53,19.0000,2022-07-28 13:00,18.6900,52,67,119,52,67,119,0.035987,0.079545,intraday,intraday,0,0
2022-07-28 13:01,18.6700,2022-07-28 15:06,19.4200,2022-07-28 15:29,19.5100,2022-07-29 09:30,18.5000,23,31,54,23,1081,1104,0.004634,0.044992,overnight,overnight,1,1
2022-07-29 09:30,18.5000,2022-07-29 10:02,19.2800,2022-07-29 10:06,19.4100,2022-07-29 10:18,19.1100,4,12,16,4,12,16,0.006743,0.049189,intraday,intraday,0,0
2022-07-29 11:27,18.7900,2022-07-29 13:18,19.5500,2022-07-29 15:48,19.9800,2022-08-01 09:30,19.2700,150,12,162,150,3942,4092,0.021995,0.063332,weekend,weekend,1,1
2022-08-01 09:34,19.0800,2022-08-01 09:52,19.9300,2022-08-01 10:14,20.3600,2022-08-01 10:19,20.0400,22,5,27,22,5,27,0.021576,0.067086,intraday,intraday,0,0
2022-08-02 10:10,19.1700,2022-08-02 10:52,20.0200,2022-08-02 10:53,20.0900,2022-08-02 11:10,19.7800,1,17,18,1,17,18,0.003497,0.047992,intraday,intraday,0,0
2022-08-02 11:14,19.7500,2022-08-02 12:17,20.5500,2022-08-02 12:41,20.8400,2022-08-02 13:24,20.5000,24,43,67,24,43,67,0.014112,0.055190,intraday,intraday,0,0
2022-08-02 13:51,19.8900,2022-08-03 11:26,20.6900,2022-08-03 14:38,21.7100,2022-08-04 09:30,21.3300,192,82,274,192,1132,1324,0.049299,0.091503,overnight,overnight,1,1
2022-08-04 09:31,21.2900,2022-08-04 15:10,22.1600,2022-08-04 15:15,22.2500,2022-08-04 15:39,21.8900,5,24,29,5,24,29,0.004061,0.045092,intraday,intraday,0,0
2022-08-05 09:30,20.9500,2022-08-05 10:12,21.8000,2022-08-05 10:23,22.0900,2022-08-05 10:32,21.7400,11,9,20,11,9,20,0.013303,0.054415,intraday,intraday,0,0
2022-08-05 11:29,20.6100,2022-08-05 13:04,21.4400,2022-08-05 13:33,21.6300,2022-08-05 13:53,21.2800,29,20,49,29,20,49,0.008862,0.049491,intraday,intraday,0,0
2022-08-08 12:28,19.6000,2022-08-08 13:16,20.3900,2022-08-08 13:17,20.4100,2022-08-08 14:03,20.0400,1,46,47,1,46,47,0.000981,0.041327,intraday,intraday,0,0
2022-08-09 12:32,16.9300,2022-08-09 14:48,17.6300,2022-08-10 09:30,19.0300,2022-08-10 09:31,18.7000,72,1,73,1122,1,1123,0.079410,0.124040,overnight,intraday,0,1
2022-08-10 09:42,18.4100,2022-08-10 11:00,19.1600,2022-08-10 12:00,19.8700,2022-08-10 12:19,19.5700,60,19,79,60,19,79,0.037056,0.079305,intraday,intraday,0,0
2022-08-10 13:01,19.3500,2022-08-11 09:30,20.5100,2022-08-11 10:19,21.5600,2022-08-11 10:28,21.1800,49,9,58,49,9,58,0.051195,0.114212,intraday,intraday,0,0
2022-08-11 15:12,19.6900,2022-08-12 09:40,20.6800,2022-08-12 10:19,21.1700,2022-08-12 10:38,20.8200,39,19,58,39,19,58,0.023694,0.075165,intraday,intraday,0,0
2022-08-12 10:48,20.6100,2022-08-12 13:16,21.4500,2022-08-15 09:35,21.8400,2022-08-15 09:40,21.4500,169,5,174,4099,5,4104,0.018182,0.059680,weekend,intraday,0,1
2022-08-15 11:12,20.8200,2022-08-15 13:09,21.6600,2022-08-15 13:13,21.7500,2022-08-15 13:42,21.4200,4,29,33,4,29,33,0.004155,0.044669,intraday,intraday,0,0
2022-08-16 10:34,20.4200,2022-08-16 11:31,21.2900,2022-08-16 14:13,21.7300,2022-08-16 14:35,21.3400,162,22,184,162,22,184,0.020667,0.064153,intraday,intraday,0,0
2022-08-17 11:52,18.7300,2022-08-17 14:03,19.4900,2022-08-17 14:39,20.0800,2022-08-17 14:47,19.7300,36,8,44,36,8,44,0.030272,0.072077,intraday,intraday,0,0
2022-08-17 15:20,19.4800,2022-08-18 09:43,20.2900,2022-08-18 09:44,20.4100,2022-08-18 09:49,20.0900,1,5,6,1,5,6,0.005914,0.047741,intraday,intraday,0,0
2022-08-18 10:00,19.9800,2022-08-18 10:47,20.7800,2022-08-18 12:06,21.3600,2022-08-18 12:21,21.0000,79,15,94,79,15,94,0.027911,0.069069,intraday,intraday,0,0
2022-08-22 15:46,16.7800,2022-08-23 09:48,17.5700,2022-08-23 09:52,17.8900,2022-08-23 09:58,17.6000,4,6,10,4,6,10,0.018213,0.066150,intraday,intraday,0,0
2022-08-24 10:04,16.8100,2022-08-24 11:15,17.5200,2022-08-24 11:18,17.5400,2022-08-24 12:44,17.2700,3,86,89,3,86,89,0.001142,0.043427,intraday,intraday,0,0
2022-08-24 13:30,17.0400,2022-08-25 09:31,17.7600,2022-08-25 10:49,19.0300,2022-08-25 11:01,18.7100,78,12,90,78,12,90,0.071509,0.116784,intraday,intraday,0,0
2022-08-25 11:24,18.5100,2022-08-25 15:56,19.2700,2022-08-25 15:58,19.3300,2022-08-26 09:31,18.8600,2,3,5,2,1053,1055,0.003114,0.044300,overnight,overnight,0,1
2022-08-26 10:02,18.2300,2022-08-26 10:09,19.2100,2022-08-26 10:09,19.2100,2022-08-26 10:13,18.8200,0,4,4,0,4,4,0.000000,0.053758,intraday,intraday,0,0
2022-08-29 11:12,14.9500,2022-08-29 13:06,15.5700,2022-08-29 13:45,15.7000,2022-08-29 14:12,15.4300,39,27,66,39,27,66,0.008349,0.050167,intraday,intraday,0,0
2022-08-30 13:44,13.9600,2022-08-31 09:31,14.5900,2022-08-31 09:31,14.5900,2022-08-31 09:34,14.3100,0,3,3,0,3,3,0.000000,0.045129,intraday,intraday,0,0
2022-08-31 13:41,13.6600,2022-08-31 15:15,14.2700,2022-08-31 15:44,14.3500,2022-08-31 15:55,14.1200,29,11,40,29,11,40,0.005606,0.050512,intraday,intraday,0,0
2022-09-01 12:41,12.0000,2022-09-01 13:27,12.4900,2022-09-01 13:31,12.5600,2022-09-01 13:46,12.3600,4,15,19,4,15,19,0.005604,0.046667,intraday,intraday,0,0
2022-09-01 14:02,12.3000,2022-09-01 14:30,12.8100,2022-09-01 15:13,13.2000,2022-09-01 15:20,12.9900,43,7,50,43,7,50,0.030445,0.073171,intraday,intraday,0,0
2022-09-01 15:37,12.8600,2022-09-02 09:30,13.7800,2022-09-02 09:30,13.7800,2022-09-02 09:32,13.4400,0,2,2,0,2,2,0.000000,0.071540,intraday,intraday,0,0
2022-09-02 10:01,13.2100,2022-09-02 10:15,13.7900,2022-09-02 10:38,14.1100,2022-09-02 10:52,13.8700,23,14,37,23,14,37,0.023205,0.068130,intraday,intraday,0,0
2022-09-06 10:12,12.0900,2022-09-06 10:40,12.6100,2022-09-06 11:08,12.8800,2022-09-06 11:16,12.6800,28,8,36,28,8,36,0.021412,0.065343,intraday,intraday,0,0
2022-09-06 13:51,12.2700,2022-09-07 09:36,12.8000,2022-09-07 09:36,12.8000,2022-09-07 09:43,12.5200,0,7,7,0,7,7,0.000000,0.043195,intraday,intraday,0,0
2022-09-07 10:15,12.2800,2022-09-07 11:48,12.7900,2022-09-07 11:55,12.8700,2022-09-07 12:17,12.6700,7,22,29,7,22,29,0.006255,0.048046,intraday,intraday,0,0
2022-09-07 12:32,12.5200,2022-09-07 14:04,13.0300,2022-09-07 15:26,13.2900,2022-09-07 15:42,13.0800,82,16,98,82,16,98,0.019954,0.061502,intraday,intraday,0,0
2022-09-08 09:35,12.4000,2022-09-08 09:54,12.9300,2022-09-08 09:55,13.0500,2022-09-08 10:01,12.8300,1,6,7,1,6,7,0.009281,0.052419,intraday,intraday,0,0
2022-09-08 10:03,12.7000,2022-09-08 10:20,13.2300,2022-09-08 10:20,13.2300,2022-09-08 10:24,13.0200,0,4,4,0,4,4,0.000000,0.041732,intraday,intraday,0,0
2022-09-08 10:24,13.0200,2022-09-08 11:00,13.5800,2022-09-08 11:24,13.7800,2022-09-08 11:48,13.5700,24,24,48,24,24,48,0.014728,0.058372,intraday,intraday,0,0
2022-09-08 12:10,13.0000,2022-09-08 13:36,13.5400,2022-09-08 13:37,13.5700,2022-09-08 13:56,13.3000,1,19,20,1,19,20,0.002216,0.043846,intraday,intraday,0,0
2022-09-08 13:56,13.3000,2022-09-09 09:30,14.2700,2022-09-09 10:09,14.7500,2022-09-09 10:24,14.4900,39,15,54,39,15,54,0.033637,0.109023,intraday,intraday,0,0
2022-09-13 15:45,11.9600,2022-09-14 10:53,12.4700,2022-09-14 11:12,12.6700,2022-09-14 11:29,12.4700,19,17,36,19,17,36,0.016038,0.059365,intraday,intraday,0,0
2022-09-14 15:32,12.0300,2022-09-15 09:49,12.5600,2022-09-15 10:18,12.6500,2022-09-15 10:22,12.3700,29,4,33,29,4,33,0.007166,0.051538,intraday,intraday,0,0
2022-09-15 11:15,11.6300,2022-09-15 12:59,12.1100,2022-09-15 13:26,12.4300,2022-09-15 13:38,12.2400,27,12,39,27,12,39,0.026424,0.068788,intraday,intraday,0,0
2022-09-16 09:31,11.2400,2022-09-16 10:12,11.7000,2022-09-16 10:13,11.8100,2022-09-16 10:22,11.6200,1,9,10,1,9,10,0.009402,0.050712,intraday,intraday,0,0
2022-09-16 12:27,11.3300,2022-09-16 14:27,11.8200,2022-09-16 15:06,12.0400,2022-09-16 15:27,11.8300,39,21,60,39,21,60,0.018613,0.062665,intraday,intraday,0,0
2022-09-16 15:30,11.7800,2022-09-19 10:35,12.2700,2022-09-19 10:43,12.4300,2022-09-19 11:18,12.2400,8,35,43,8,35,43,0.013040,0.055178,intraday,intraday,0,0
2022-09-19 12:06,11.8000,2022-09-19 15:10,12.3300,2022-09-19 15:12,12.3400,2022-09-20 09:30,11.9100,2,48,50,2,1098,1100,0.000811,0.045763,overnight,overnight,1,1
2022-09-20 13:58,11.4400,2022-09-21 09:42,11.9200,2022-09-21 10:29,12.3700,2022-09-21 10:48,12.1800,47,19,66,47,19,66,0.037752,0.081294,intraday,intraday,0,0
2022-09-21 14:04,11.5600,2022-09-21 14:33,12.0700,2022-09-21 14:46,12.8900,2022-09-21 14:47,12.6500,13,1,14,13,1,14,0.067937,0.115052,intraday,intraday,0,0
2022-09-22 14:23,10.2500,2022-09-22 15:14,10.6600,2022-09-22 15:47,10.7800,2022-09-22 15:51,10.6000,33,4,37,33,4,37,0.011257,0.051707,intraday,intraday,0,0
2022-09-23 14:58,9.4600,2022-09-23 15:30,9.8500,2022-09-23 15:44,10.0000,2022-09-23 15:50,9.8400,14,6,20,14,6,20,0.015228,0.057082,intraday,intraday,0,0
2022-09-23 15:50,9.8400,2022-09-26 09:56,10.2400,2022-09-26 10:00,10.2700,2022-09-26 10:10,10.0800,4,10,14,4,10,14,0.002930,0.043699,intraday,intraday,0,0
2022-09-26 13:59,9.5100,2022-09-27 09:30,10.0800,2022-09-27 09:40,10.2700,2022-09-27 09:49,10.0700,10,9,19,10,9,19,0.018849,0.079916,intraday,intraday,0,0
2022-09-27 12:19,9.3900,2022-09-27 14:40,9.8100,2022-09-27 14:49,9.8800,2022-09-27 15:30,9.7100,9,41,50,9,41,50,0.007136,0.052183,intraday,intraday,0,0
2022-09-28 09:34,9.5000,2022-09-28 09:57,9.8800,2022-09-28 10:00,9.9500,2022-09-28 10:02,9.7900,3,2,5,3,2,5,0.007085,0.047368,intraday,intraday,0,0
2022-09-28 10:09,9.6400,2022-09-28 11:18,10.0300,2022-09-28 11:22,10.1100,2022-09-28 11:33,9.9500,4,11,15,4,11,15,0.007976,0.048755,intraday,intraday,0,0
2022-09-28 13:52,9.9300,2022-09-28 15:53,10.3400,2022-09-28 15:53,10.3400,2022-09-29 09:30,9.6900,0,7,7,0,1057,1057,0.000000,0.041289,overnight,overnight,1,1
2022-09-29 14:19,8.8100,2022-09-29 15:36,9.2500,2022-09-29 15:48,9.2700,2022-09-30 09:30,9.0200,12,12,24,12,1062,1074,0.002162,0.052213,overnight,overnight,1,1
2022-09-30 09:38,8.9600,2022-09-30 10:32,9.3500,2022-09-30 11:12,9.5900,2022-09-30 11:37,9.4200,40,25,65,40,25,65,0.025668,0.070312,intraday,intraday,0,0
2022-09-30 15:58,8.7500,2022-10-03 09:30,9.1300,2022-10-03 09:31,9.1400,2022-10-03 09:33,8.9700,1,2,3,1,2,3,0.001095,0.044571,intraday,intraday,0,0
2022-10-03 09:40,8.9100,2022-10-03 09:46,9.2700,2022-10-03 10:30,9.7900,2022-10-03 10:41,9.6200,44,11,55,44,11,55,0.056095,0.098765,intraday,intraday,0,0
2022-10-03 12:52,9.5300,2022-10-03 14:39,9.9200,2022-10-03 15:07,10.0000,2022-10-03 15:39,9.8500,28,32,60,28,32,60,0.008065,0.049318,intraday,intraday,0,0
2022-10-03 15:55,9.7000,2022-10-04 09:30,10.6100,2022-10-04 10:01,11.0200,2022-10-04 10:25,10.8300,31,24,55,31,24,55,0.038643,0.136082,intraday,intraday,0,0
2022-10-05 10:32,10.2300,2022-10-05 11:34,10.6400,2022-10-05 13:22,11.4000,2022-10-05 13:59,11.2200,108,37,145,108,37,145,0.071429,0.114370,intraday,intraday,0,0
2022-10-05 13:59,11.2200,2022-10-06 09:39,11.7500,2022-10-06 09:43,11.9100,2022-10-06 09:49,11.7100,4,6,10,4,6,10,0.013617,0.061497,intraday,intraday,0,0
2022-10-06 10:28,11.0700,2022-10-06 10:59,11.5200,2022-10-06 10:59,11.5200,2022-10-06 11:14,11.3100,0,15,15,0,15,15,0.000000,0.040650,intraday,intraday,0,0
2022-10-10 11:00,7.8700,2022-10-10 11:50,8.2700,2022-10-10 11:50,8.2700,2022-10-10 12:02,8.1300,0,12,12,0,12,12,0.000000,0.050826,intraday,intraday,0,0
2022-10-10 13:06,7.9100,2022-10-10 13:46,8.2400,2022-10-10 13:52,8.4400,2022-10-10 14:01,8.3000,6,9,15,6,9,15,0.024272,0.067004,intraday,intraday,0,0
2022-10-11 10:30,7.3600,2022-10-11 11:36,7.6900,2022-10-11 11:51,7.8700,2022-10-11 11:58,7.7200,15,7,22,15,7,22,0.023407,0.069293,intraday,intraday,0,0
2022-10-11 12:09,7.5200,2022-10-11 12:41,7.8500,2022-10-11 12:46,8.0000,2022-10-11 12:53,7.8800,5,7,12,5,7,12,0.019108,0.063830,intraday,intraday,0,0
2022-10-11 15:15,7.2000,2022-10-11 15:55,7.5300,2022-10-11 15:55,7.5300,2022-10-12 09:31,7.3600,0,6,6,0,1056,1056,0.000000,0.045833,overnight,overnight,0,1
2022-10-12 10:45,7.2400,2022-10-12 11:52,7.5300,2022-10-12 11:54,7.5400,2022-10-12 12:10,7.4000,2,16,18,2,16,18,0.001328,0.041436,intraday,intraday,0,0
2022-10-13 09:33,6.2400,2022-10-13 09:42,6.5300,2022-10-13 09:42,6.5300,2022-10-13 09:44,6.4100,0,2,2,0,2,2,0.000000,0.046474,intraday,intraday,0,0
2022-10-13 09:44,6.4100,2022-10-13 09:53,6.6900,2022-10-13 10:14,7.0600,2022-10-13 10:19,6.9400,21,5,26,21,5,26,0.055306,0.101404,intraday,intraday,0,0
2022-10-13 10:29,6.7900,2022-10-13 10:49,7.0900,2022-10-13 10:56,7.2600,2022-10-13 11:02,7.1400,7,6,13,7,6,13,0.023977,0.069219,intraday,intraday,0,0
2022-10-13 11:02,7.1400,2022-10-13 11:08,7.4400,2022-10-13 11:20,8.1500,2022-10-13 11:21,8.0200,12,1,13,12,1,13,0.095430,0.141457,intraday,intraday,0,0
2022-10-13 11:25,7.7700,2022-10-13 11:38,8.2100,2022-10-13 11:40,8.3600,2022-10-13 11:41,8.2100,2,1,3,2,1,3,0.018270,0.075933,intraday,intraday,0,0
2022-10-13 12:29,7.5900,2022-10-13 13:20,7.9500,2022-10-13 13:34,8.1000,2022-10-13 13:45,7.9300,14,11,25,14,11,25,0.018868,0.067194,intraday,intraday,0,0
2022-10-13 14:29,7.8100,2022-10-14 09:30,8.2200,2022-10-14 09:30,8.2200,2022-10-14 09:31,8.0600,0,1,1,0,1,1,0.000000,0.052497,intraday,intraday,0,0
2022-10-14 10:21,7.1600,2022-10-14 11:00,7.5000,2022-10-14 11:03,7.5400,2022-10-14 11:10,7.4200,3,7,10,3,7,10,0.005333,0.053073,intraday,intraday,0,0
2022-10-14 15:58,6.8900,2022-10-17 09:30,7.6000,2022-10-17 09:31,7.6200,2022-10-17 09:34,7.4800,1,3,4,1,3,4,0.002632,0.105951,intraday,intraday,0,0
2022-10-17 11:08,7.2100,2022-10-18 09:30,8.1100,2022-10-18 09:32,8.1300,2022-10-18 09:33,7.9900,2,1,3,2,1,3,0.002466,0.127601,intraday,intraday,0,0
2022-10-18 11:40,7.0700,2022-10-18 12:08,7.3900,2022-10-18 12:12,7.4700,2022-10-18 12:26,7.3500,4,14,18,4,14,18,0.010825,0.056577,intraday,intraday,0,0
2022-10-18 14:47,7.1500,2022-10-19 09:34,7.4500,2022-10-19 09:36,7.5100,2022-10-19 09:38,7.3500,2,2,4,2,2,4,0.008054,0.050350,intraday,intraday,0,0
2022-10-19 09:49,7.2200,2022-10-19 10:14,7.5600,2022-10-19 10:29,7.7800,2022-10-19 10:40,7.6600,15,11,26,15,11,26,0.029101,0.077562,intraday,intraday,0,0
2022-10-19 13:05,7.3300,2022-10-20 09:30,7.7400,2022-10-20 09:33,7.7600,2022-10-20 09:36,7.6200,3,3,6,3,3,6,0.002584,0.058663,intraday,intraday,0,0
2022-10-20 09:36,7.6200,2022-10-20 09:46,7.9700,2022-10-20 10:21,8.3500,2022-10-20 10:31,8.2100,35,10,45,35,10,45,0.047679,0.095801,intraday,intraday,0,0
2022-10-21 09:35,7.5800,2022-10-21 09:46,7.9200,2022-10-21 10:07,8.2700,2022-10-21 10:11,8.1400,21,4,25,21,4,25,0.044192,0.091029,intraday,intraday,0,0
2022-10-21 11:01,7.8400,2022-10-21 11:32,8.1600,2022-10-21 12:04,8.3400,2022-10-21 12:12,8.2000,32,8,40,32,8,40,0.022059,0.063776,intraday,intraday,0,0
2022-10-21 12:31,8.1700,2022-10-21 15:12,8.5100,2022-10-21 15:52,8.6300,2022-10-24 09:33,8.4600,40,11,51,40,3941,3981,0.014101,0.056304,weekend,weekend,0,1
2022-10-24 10:20,8.1200,2022-10-24 11:01,8.4700,2022-10-24 12:24,8.7100,2022-10-24 12:41,8.5700,83,17,100,83,17,100,0.028335,0.072660,intraday,intraday,0,0
2022-10-24 13:32,8.4700,2022-10-24 15:19,8.8100,2022-10-24 15:19,8.8100,2022-10-24 15:54,8.6500,0,35,35,0,35,35,0.000000,0.040142,intraday,intraday,0,0
2022-10-24 15:54,8.6500,2022-10-25 09:38,9.0100,2022-10-25 10:15,9.3700,2022-10-25 10:37,9.2200,37,22,59,37,22,59,0.039956,0.083237,intraday,intraday,0,0
2022-10-26 09:30,8.6300,2022-10-26 09:51,9.0000,2022-10-26 10:08,9.2000,2022-10-26 10:24,9.0500,17,16,33,17,16,33,0.022222,0.066049,intraday,intraday,0,0
2022-10-26 10:24,9.0500,2022-10-26 10:44,9.4200,2022-10-26 10:50,9.5300,2022-10-26 10:57,9.3800,6,7,13,6,7,13,0.011677,0.053039,intraday,intraday,0,0
2022-10-26 13:32,8.8700,2022-10-27 09:30,9.3500,2022-10-27 09:34,9.4100,2022-10-27 09:36,9.1800,4,2,6,4,2,6,0.006417,0.060879,intraday,intraday,0,0
2022-10-27 09:51,8.6100,2022-10-27 10:06,8.9600,2022-10-27 10:25,9.2800,2022-10-27 10:36,9.1100,19,11,30,19,11,30,0.035714,0.077816,intraday,intraday,0,0
2022-10-27 15:58,8.4900,2022-10-28 09:35,8.8600,2022-10-28 09:43,8.9900,2022-10-28 09:50,8.8200,8,7,15,8,7,15,0.014673,0.058893,intraday,intraday,0,0
2022-10-28 10:12,8.6200,2022-10-28 10:30,9.0000,2022-10-28 11:46,9.4300,2022-10-28 11:57,9.2800,76,11,87,76,11,87,0.047778,0.093968,intraday,intraday,0,0
2022-10-31 10:35,8.7900,2022-10-31 13:34,9.1500,2022-10-31 13:34,9.1500,2022-10-31 13:51,9.0000,0,17,17,0,17,17,0.000000,0.040956,intraday,intraday,0,0
2022-10-31 15:55,8.8800,2022-11-01 09:30,9.4200,2022-11-01 09:32,9.4700,2022-11-01 09:45,9.2800,2,13,15,2,13,15,0.005308,0.066441,intraday,intraday,0,0
2022-11-01 10:09,8.9600,2022-11-02 09:37,9.3200,2022-11-02 09:47,9.4800,2022-11-02 09:57,9.3300,10,10,20,10,10,20,0.017167,0.058036,intraday,intraday,0,0
2022-11-02 12:38,9.0300,2022-11-02 14:00,9.4500,2022-11-02 14:08,9.6400,2022-11-02 14:11,9.4800,8,3,11,8,3,11,0.020106,0.067553,intraday,intraday,0,0
2022-11-03 10:00,7.5600,2022-11-03 10:15,7.8700,2022-11-03 10:15,7.8700,2022-11-03 10:20,7.7500,0,5,5,0,5,5,0.000000,0.041005,intraday,intraday,0,0
2022-11-03 10:21,7.7400,2022-11-03 10:42,8.0500,2022-11-03 11:02,8.2700,2022-11-03 11:06,8.1400,20,4,24,20,4,24,0.027329,0.068475,intraday,intraday,0,0
2022-11-03 11:32,7.9000,2022-11-03 12:52,8.2200,2022-11-03 12:53,8.2400,2022-11-03 13:20,8.0900,1,27,28,1,27,28,0.002433,0.043038,intraday,intraday,0,0
2022-11-03 15:56,7.8900,2022-11-04 09:30,8.8200,2022-11-04 09:30,8.8200,2022-11-04 09:32,8.5900,0,2,2,0,2,2,0.000000,0.117871,intraday,intraday,0,0
2022-11-04 09:44,8.4300,2022-11-04 09:59,8.7800,2022-11-04 10:41,9.0400,2022-11-04 10:52,8.8700,42,11,53,42,11,53,0.029613,0.072361,intraday,intraday,0,0
2022-11-04 14:06,8.4200,2022-11-04 14:44,8.7800,2022-11-07 09:30,9.2600,2022-11-07 09:33,9.0100,76,3,79,4006,3,4009,0.054670,0.099762,weekend,intraday,0,1
2022-11-07 09:52,8.9000,2022-11-07 11:27,9.2900,2022-11-07 11:31,9.3400,2022-11-07 11:41,9.1800,4,10,14,4,10,14,0.005382,0.049438,intraday,intraday,0,0
2022-11-07 12:00,9.1000,2022-11-07 14:24,9.4700,2022-11-08 09:34,10.1700,2022-11-08 09:38,9.9800,100,4,104,1150,4,1154,0.073918,0.117582,overnight,intraday,0,1
2022-11-08 09:42,9.8900,2022-11-08 10:34,10.2900,2022-11-08 11:40,10.5600,2022-11-08 11:47,10.3900,66,7,73,66,7,73,0.026239,0.067745,intraday,intraday,0,0
2022-11-08 14:32,9.6200,2022-11-08 15:01,10.0100,2022-11-08 15:37,10.3300,2022-11-08 15:58,10.1700,36,21,57,36,21,57,0.031968,0.073805,intraday,intraday,0,0
2022-11-09 09:38,9.3700,2022-11-09 10:06,9.7800,2022-11-09 10:09,9.7900,2022-11-09 10:26,9.6400,3,17,20,3,17,20,0.001022,0.044824,intraday,intraday,0,0
2022-11-09 15:49,9.2000,2022-11-10 09:30,10.8800,2022-11-10 09:30,10.8800,2022-11-10 09:31,10.7000,0,1,1,0,1,1,0.000000,0.182609,intraday,intraday,0,0
2022-11-10 09:41,10.6100,2022-11-10 10:22,11.0400,2022-11-10 11:55,11.6300,2022-11-10 12:26,11.4500,93,31,124,93,31,124,0.053442,0.096136,intraday,intraday,0,0
2022-11-10 12:38,11.3500,2022-11-10 15:10,11.8300,2022-11-11 09:30,12.1300,2022-11-11 09:32,11.9400,50,2,52,1100,2,1102,0.025359,0.068722,overnight,intraday,0,1
2022-11-11 09:36,11.8700,2022-11-11 09:46,12.4000,2022-11-11 09:49,12.4800,2022-11-11 09:54,12.2700,3,5,8,3,5,8,0.006452,0.051390,intraday,intraday,0,0
2022-11-11 09:55,12.2400,2022-11-11 10:15,12.7300,2022-11-11 11:05,12.9500,2022-11-11 11:10,12.7300,50,5,55,50,5,55,0.017282,0.058007,intraday,intraday,0,0
2022-11-11 11:30,12.4600,2022-11-11 13:11,12.9700,2022-11-11 14:58,13.4000,2022-11-11 15:05,13.1900,107,7,114,107,7,114,0.033153,0.075441,intraday,intraday,0,0
2022-11-14 09:48,12.7700,2022-11-14 10:08,13.3000,2022-11-14 10:41,13.4400,2022-11-14 11:03,13.2300,33,22,55,33,22,55,0.010526,0.052467,intraday,intraday,0,0
2022-11-14 15:56,12.7600,2022-11-15 09:30,14.3200,2022-11-15 09:32,14.3600,2022-11-15 09:36,14.1300,2,4,6,2,4,6,0.002793,0.125392,intraday,intraday,0,0
2022-11-15 13:40,13.3200,2022-11-15 14:20,13.9100,2022-11-15 14:24,13.9800,2022-11-15 14:48,13.7700,4,24,28,4,24,28,0.005032,0.049550,intraday,intraday,0,0
2022-11-17 09:30,11.4800,2022-11-17 09:46,11.9800,2022-11-17 09:49,12.1600,2022-11-17 09:52,11.9700,3,3,6,3,3,6,0.015025,0.059233,intraday,intraday,0,0
2022-11-17 10:02,11.7500,2022-11-17 10:17,12.2300,2022-11-17 10:28,12.3800,2022-11-17 10:34,12.1600,11,6,17,11,6,17,0.012265,0.053617,intraday,intraday,0,0
2022-11-17 11:09,11.9400,2022-11-17 12:59,12.4200,2022-11-17 13:20,12.5700,2022-11-17 13:46,12.3800,21,26,47,21,26,47,0.012077,0.052764,intraday,intraday,0,0
2022-11-17 15:28,12.1400,2022-11-18 09:30,12.8300,2022-11-18 09:30,12.8300,2022-11-18 09:31,12.5600,0,1,1,0,1,1,0.000000,0.056837,intraday,intraday,0,0
2022-11-18 12:20,12.1000,2022-11-18 15:39,12.6100,2022-11-18 15:50,12.6300,2022-11-21 09:30,12.0700,11,10,21,11,3940,3951,0.001586,0.043802,weekend,weekend,1,1
2022-11-21 10:47,11.7600,2022-11-22 10:43,12.2900,2022-11-23 10:14,13.7400,2022-11-23 11:16,13.5000,361,62,423,1411,62,1473,0.117982,0.168367,overnight,intraday,0,1
2022-11-28 15:33,11.6100,2022-11-29 10:06,12.0900,2022-11-29 10:40,12.1500,2022-11-29 11:02,11.9300,34,22,56,34,22,56,0.004963,0.046512,intraday,intraday,0,0
2022-11-29 11:22,11.5100,2022-11-30 09:33,12.0200,2022-11-30 09:34,12.0800,2022-11-30 09:41,11.8500,1,7,8,1,7,8,0.004992,0.049522,intraday,intraday,0,0
2022-11-30 10:00,11.5400,2022-11-30 13:30,12.0800,2022-11-30 13:40,12.4200,2022-11-30 13:46,12.1700,10,6,16,10,6,16,0.028146,0.076256,intraday,intraday,0,0
2022-11-30 13:46,12.1700,2022-11-30 14:00,12.7300,2022-12-01 09:36,14.0600,2022-12-01 09:39,13.8000,126,3,129,1176,3,1179,0.104478,0.155300,overnight,intraday,0,1
2022-12-01 10:18,12.9700,2022-12-01 10:59,13.5300,2022-12-01 10:59,13.5300,2022-12-01 11:15,13.3000,0,16,16,0,16,16,0.000000,0.043177,intraday,intraday,0,0
2022-12-01 12:05,13.1500,2022-12-01 15:08,13.7000,2022-12-01 15:08,13.7000,2022-12-01 15:55,13.4800,0,47,47,0,47,47,0.000000,0.041825,intraday,intraday,0,0
2022-12-02 13:10,12.3500,2022-12-02 14:56,12.8500,2022-12-02 15:16,13.1000,2022-12-02 15:35,12.9000,20,19,39,20,19,39,0.019455,0.060729,intraday,intraday,0,0
2022-12-05 10:01,12.6300,2022-12-05 11:12,13.1600,2022-12-05 11:12,13.1600,2022-12-05 11:17,12.9600,0,5,5,0,5,5,0.000000,0.041964,intraday,intraday,0,0
2022-12-07 09:52,11.3500,2022-12-07 10:53,11.8300,2022-12-07 11:05,11.9300,2022-12-07 11:11,11.7200,12,6,18,12,6,18,0.008453,0.051101,intraday,intraday,0,0
2022-12-07 11:24,11.5300,2022-12-08 09:59,12.0400,2022-12-08 10:34,12.6000,2022-12-08 11:09,12.3900,35,35,70,35,35,70,0.046512,0.092801,intraday,intraday,0,0
2022-12-09 09:31,12.2900,2022-12-09 10:03,12.7900,2022-12-09 11:52,12.9900,2022-12-09 13:00,12.7900,109,68,177,109,68,177,0.015637,0.056957,intraday,intraday,0,0
2022-12-12 09:38,11.9600,2022-12-12 12:28,12.4400,2022-12-13 09:30,14.8400,2022-12-13 09:31,14.5400,212,1,213,1262,1,1263,0.192926,0.240803,overnight,intraday,0,1
2022-12-13 09:37,14.2300,2022-12-13 09:46,14.8300,2022-12-13 09:47,14.8500,2022-12-13 10:01,14.5900,1,14,15,1,14,15,0.001349,0.043570,intraday,intraday,0,0
2022-12-13 12:32,13.1600,2022-12-13 14:42,13.7100,2022-12-13 14:43,13.7400,2022-12-13 14:53,13.5000,1,10,11,1,10,11,0.002188,0.044073,intraday,intraday,0,0
2022-12-13 15:07,13.2800,2022-12-14 09:51,13.8200,2022-12-14 10:12,14.0200,2022-12-14 10:37,13.7700,21,25,46,21,25,46,0.014472,0.055723,intraday,intraday,0,0
2022-12-14 14:34,12.5600,2022-12-14 15:03,13.1000,2022-12-14 15:12,13.5400,2022-12-14 15:15,13.3300,9,3,12,9,3,12,0.033588,0.078025,intraday,intraday,0,0
2022-12-20 09:31,10.2200,2022-12-20 10:02,10.6600,2022-12-20 10:32,10.7500,2022-12-20 11:08,10.5400,30,36,66,30,36,66,0.008443,0.051859,intraday,intraday,0,0
2022-12-20 11:28,10.3600,2022-12-21 09:35,10.7900,2022-12-21 09:49,11.0100,2022-12-21 09:58,10.8400,14,9,23,14,9,23,0.020389,0.062741,intraday,intraday,0,0
2022-12-22 12:38,9.1200,2022-12-22 14:32,9.4900,2022-12-22 15:26,9.8800,2022-12-22 15:34,9.7100,54,8,62,54,8,62,0.041096,0.083333,intraday,intraday,0,0
2022-12-23 09:36,9.2400,2022-12-23 10:17,9.6400,2022-12-23 10:39,9.8000,2022-12-23 10:47,9.6100,22,8,30,22,8,30,0.016598,0.060606,intraday,intraday,0,0
2022-12-28 09:30,9.0300,2022-12-28 09:48,9.4000,2022-12-28 09:49,9.4100,2022-12-28 09:53,9.2400,1,4,5,1,4,5,0.001064,0.042082,intraday,intraday,0,0
2022-12-28 15:14,8.7600,2022-12-29 09:30,9.2700,2022-12-29 10:38,9.8200,2022-12-29 11:08,9.6600,68,30,98,68,30,98,0.059331,0.121005,intraday,intraday,0,0
2022-12-30 09:48,9.0700,2022-12-30 10:47,9.4500,2022-12-30 10:49,9.5000,2022-12-30 11:13,9.3500,2,24,26,2,24,26,0.005291,0.047409,intraday,intraday,0,0
2022-12-30 13:25,9.2500,2022-12-30 15:54,9.6300,2023-01-03 09:33,10.1600,2023-01-03 09:36,9.9900,9,3,12,5379,3,5382,0.055036,0.098378,weekend,intraday,0,1
2023-01-03 14:32,9.2200,2023-01-04 09:30,9.8900,2023-01-04 09:40,10.1900,2023-01-04 09:43,10.0100,10,3,13,10,3,13,0.030334,0.105206,intraday,intraday,0,0
2023-01-04 10:32,9.6000,2023-01-04 11:28,10.0100,2023-01-04 12:47,10.2300,2023-01-04 13:00,10.0500,79,13,92,79,13,92,0.021978,0.065625,intraday,intraday,0,0
2023-01-05 15:54,9.5300,2023-01-06 09:30,9.9700,2023-01-06 09:35,10.0800,2023-01-06 09:37,9.8300,5,2,7,5,2,7,0.011033,0.057712,intraday,intraday,0,0
2023-01-06 09:45,9.5900,2023-01-06 10:19,9.9800,2023-01-06 15:08,11.0600,2023-01-06 15:52,10.8900,289,44,333,289,44,333,0.108216,0.153285,intraday,intraday,0,0
2023-01-06 15:56,10.8500,2023-01-09 09:30,11.4900,2023-01-09 09:32,11.5100,2023-01-09 09:36,11.3300,2,4,6,2,4,6,0.001741,0.060829,intraday,intraday,0,0
2023-01-09 09:37,11.3100,2023-01-09 09:49,11.8100,2023-01-09 11:54,12.2500,2023-01-09 13:36,12.0300,125,102,227,125,102,227,0.037257,0.083112,intraday,intraday,0,0
2023-01-10 09:30,11.3700,2023-01-10 09:34,11.8300,2023-01-10 09:34,11.8300,2023-01-10 09:36,11.6100,0,2,2,0,2,2,0.000000,0.040457,intraday,intraday,0,0
2023-01-10 10:45,11.2100,2023-01-10 12:39,11.6700,2023-01-10 14:29,11.9500,2023-01-10 15:10,11.7700,110,41,151,110,41,151,0.023993,0.066012,intraday,intraday,0,0
2023-01-11 09:33,11.6800,2023-01-11 13:09,12.1500,2023-01-12 09:30,12.7400,2023-01-12 09:36,12.4300,171,6,177,1221,6,1227,0.048560,0.090753,overnight,intraday,0,1
2023-01-12 09:50,11.8600,2023-01-12 10:11,12.3700,2023-01-12 10:25,12.5800,2023-01-12 10:31,12.3800,14,6,20,14,6,20,0.016977,0.060708,intraday,intraday,0,0
2023-01-12 11:02,12.2400,2023-01-12 12:10,12.7400,2023-01-12 12:53,13.0600,2023-01-12 13:26,12.8400,43,33,76,43,33,76,0.025118,0.066993,intraday,intraday,0,0
2023-01-13 09:41,12.3000,2023-01-13 10:46,12.8200,2023-01-13 10:49,12.8300,2023-01-13 11:15,12.6000,3,26,29,3,26,29,0.000780,0.043089,intraday,intraday,0,0
2023-01-13 11:46,12.5000,2023-01-17 09:35,13.0000,2023-01-17 10:03,13.4000,2023-01-17 10:28,13.1500,28,25,53,28,25,53,0.030769,0.072000,intraday,intraday,0,0
2023-01-17 11:12,12.6800,2023-01-18 09:30,13.4800,2023-01-18 10:01,13.7400,2023-01-18 10:18,13.5100,31,17,48,31,17,48,0.019288,0.083596,intraday,intraday,0,0
2023-01-19 11:47,11.6400,2023-01-19 14:24,12.1500,2023-01-19 14:36,12.2800,2023-01-19 15:30,12.0700,12,54,66,12,54,66,0.010700,0.054983,intraday,intraday,0,0
2023-01-19 15:59,11.7500,2023-01-20 12:20,12.2300,2023-01-23 11:20,14.4500,2023-01-23 11:29,14.2300,330,9,339,4260,9,4269,0.181521,0.229787,weekend,intraday,0,1
2023-01-23 11:29,14.2300,2023-01-23 13:32,14.8000,2023-01-23 13:45,14.8900,2023-01-23 14:28,14.6400,13,43,56,13,43,56,0.006081,0.046381,intraday,intraday,0,0
2023-01-24 09:35,14.2200,2023-01-24 09:54,14.8400,2023-01-24 09:54,14.8400,2023-01-24 09:57,14.5200,0,3,3,0,3,3,0.000000,0.043601,intraday,intraday,0,0
2023-01-25 10:37,13.3500,2023-01-25 11:19,13.9100,2023-01-25 11:53,14.1100,2023-01-25 12:05,13.8900,34,12,46,34,12,46,0.014378,0.056929,intraday,intraday,0,0
2023-01-25 12:06,13.8800,2023-01-25 14:55,14.4500,2023-01-26 09:32,15.2000,2023-01-26 09:43,14.9400,67,11,78,1117,11,1128,0.051903,0.095101,overnight,intraday,0,1
2023-01-26 10:58,14.3300,2023-01-26 12:52,14.9400,2023-01-26 15:59,15.2600,2023-01-27 09:30,14.5600,187,1,188,187,1051,1238,0.021419,0.064899,overnight,overnight,1,1
2023-01-27 09:37,14.4100,2023-01-27 10:03,15.0300,2023-01-27 10:07,15.1300,2023-01-27 10:26,14.8500,4,19,23,4,19,23,0.006653,0.049965,intraday,intraday,0,0
2023-01-27 11:08,14.6100,2023-01-27 13:38,15.2100,2023-01-27 15:07,15.3300,2023-01-27 15:50,15.0900,89,43,132,89,43,132,0.007890,0.049281,intraday,intraday,0,0
2023-01-31 10:00,13.6500,2023-01-31 10:37,14.2100,2023-01-31 11:02,14.3400,2023-01-31 11:48,14.1100,25,46,71,25,46,71,0.009148,0.050549,intraday,intraday,0,0
2023-01-31 11:48,14.1100,2023-02-01 09:30,14.8400,2023-02-01 10:32,15.6000,2023-02-01 10:50,15.3200,62,18,80,62,18,80,0.051213,0.105599,intraday,intraday,0,0
2023-02-01 11:00,15.1400,2023-02-01 14:38,15.7600,2023-02-01 14:52,16.6000,2023-02-01 14:58,16.3500,14,6,20,14,6,20,0.053299,0.096433,intraday,intraday,0,0
2023-02-01 14:58,16.3500,2023-02-01 15:29,17.0100,2023-02-01 15:37,17.2700,2023-02-01 15:48,16.9200,8,11,19,8,11,19,0.015285,0.056269,intraday,intraday,0,0
2023-02-01 15:53,16.7000,2023-02-02 09:30,17.3800,2023-02-02 09:41,17.6400,2023-02-02 09:56,17.3400,11,15,26,11,15,26,0.014960,0.056287,intraday,intraday,0,0
2023-02-02 10:00,17.1200,2023-02-02 12:28,17.8200,2023-02-02 14:00,18.3900,2023-02-02 14:10,18.1000,92,10,102,92,10,102,0.031987,0.074182,intraday,intraday,0,0
2023-02-03 09:30,16.7000,2023-02-03 09:46,17.3700,2023-02-03 09:50,17.5500,2023-02-03 10:00,17.2600,4,10,14,4,10,14,0.010363,0.050898,intraday,intraday,0,0
2023-02-03 10:02,17.2400,2023-02-03 10:43,17.9600,2023-02-03 10:47,18.1200,2023-02-03 10:56,17.8400,4,9,13,4,9,13,0.008909,0.051044,intraday,intraday,0,0
2023-02-06 09:30,16.1100,2023-02-06 10:08,16.8200,2023-02-06 10:09,16.8400,2023-02-06 10:15,16.5100,1,6,7,1,6,7,0.001189,0.045313,intraday,intraday,0,0
2023-02-06 10:32,16.1400,2023-02-06 11:31,16.7900,2023-02-06 11:32,16.8400,2023-02-06 11:40,16.5400,1,8,9,1,8,9,0.002978,0.043371,intraday,intraday,0,0
2023-02-06 15:26,15.9200,2023-02-07 09:54,16.5800,2023-02-07 09:54,16.5800,2023-02-07 10:11,16.3200,0,17,17,0,17,17,0.000000,0.041457,intraday,intraday,0,0
2023-02-07 10:28,16.1600,2023-02-07 12:41,16.8200,2023-02-07 12:57,17.6400,2023-02-07 13:04,17.2700,16,7,23,16,7,23,0.048751,0.091584,intraday,intraday,0,0
2023-02-07 13:34,16.1800,2023-02-07 14:07,17.0000,2023-02-07 15:01,17.4400,2023-02-07 15:09,17.1700,54,8,62,54,8,62,0.025882,0.077874,intraday,intraday,0,0
2023-02-08 15:19,16.3500,2023-02-09 09:30,17.3700,2023-02-09 10:21,17.8900,2023-02-09 10:26,17.5500,51,5,56,51,5,56,0.029937,0.094190,intraday,intraday,0,0
2023-02-10 10:03,15.4200,2023-02-10 10:22,16.0400,2023-02-10 10:22,16.0400,2023-02-10 10:42,15.7600,0,20,20,0,20,20,0.000000,0.040208,intraday,intraday,0,0
2023-02-10 12:28,15.2500,2023-02-13 09:30,15.9300,2023-02-13 09:30,15.9300,2023-02-13 09:34,15.6700,0,4,4,0,4,4,0.000000,0.044590,intraday,intraday,0,0
2023-02-13 09:35,15.5800,2023-02-13 10:49,16.2400,2023-02-13 13:30,16.5800,2023-02-13 14:33,16.3100,161,63,224,161,63,224,0.020936,0.064185,intraday,intraday,0,0
2023-02-14 09:31,15.7100,2023-02-14 09:41,16.3700,2023-02-14 10:11,17.3900,2023-02-14 10:29,17.1000,30,18,48,30,18,48,0.062309,0.106938,intraday,intraday,0,0
2023-02-14 11:43,16.3400,2023-02-14 13:01,17.0100,2023-02-14 14:03,17.2200,2023-02-14 14:07,16.8900,62,4,66,62,4,66,0.012346,0.053856,intraday,intraday,0,0
2023-02-15 10:08,16.4600,2023-02-15 11:48,17.1400,2023-02-15 11:55,17.1800,2023-02-15 12:25,16.9100,7,30,37,7,30,37,0.002334,0.043742,intraday,intraday,0,0
2023-02-15 12:31,16.8600,2023-02-15 15:59,17.5800,2023-02-15 15:59,17.5800,2023-02-16 09:30,16.6700,0,1,1,0,1051,1051,0.000000,0.042705,overnight,overnight,1,1
2023-02-16 09:37,16.4300,2023-02-16 11:51,17.1100,2023-02-16 11:51,17.1100,2023-02-16 12:18,16.8300,0,27,27,0,27,27,0.000000,0.041388,intraday,intraday,0,0
2023-02-22 10:33,13.6100,2023-02-22 14:06,14.2000,2023-02-22 14:06,14.2000,2023-02-22 14:11,13.9800,0,5,5,0,5,5,0.000000,0.043350,intraday,intraday,0,0
2023-02-22 15:38,13.5600,2023-02-23 09:30,15.1800,2023-02-23 09:30,15.1800,2023-02-23 09:37,14.9300,0,7,7,0,7,7,0.000000,0.119469,intraday,intraday,0,0
2023-02-23 11:59,14.3000,2023-02-23 14:12,14.8800,2023-02-23 15:44,15.3300,2023-02-24 09:30,14.3300,92,16,108,92,1066,1158,0.030242,0.072028,overnight,overnight,1,1
2023-02-24 11:01,13.9800,2023-02-27 09:30,14.9700,2023-02-27 09:30,14.9700,2023-02-27 09:38,14.7200,0,8,8,0,8,8,0.000000,0.070815,intraday,intraday,0,0
2023-02-28 09:34,14.3400,2023-02-28 12:21,14.9300,2023-02-28 14:16,15.2700,2023-02-28 14:56,15.0400,115,40,155,115,40,155,0.022773,0.064854,intraday,intraday,0,0
2023-03-02 09:38,13.6800,2023-03-02 13:36,14.3200,2023-03-02 15:38,15.2200,2023-03-02 15:52,14.9900,122,14,136,122,14,136,0.062849,0.112573,intraday,intraday,0,0
2023-03-03 10:09,14.6900,2023-03-03 12:54,15.2800,2023-03-06 09:30,15.9300,2023-03-06 09:37,15.6800,186,7,193,4116,7,4123,0.042539,0.084411,weekend,intraday,0,1
2023-03-07 10:08,14.5700,2023-03-07 10:37,15.1600,2023-03-07 10:37,15.1600,2023-03-07 10:44,14.8800,0,7,7,0,7,7,0.000000,0.040494,intraday,intraday,0,0
2023-03-07 14:55,14.5000,2023-03-08 09:41,15.0800,2023-03-08 09:58,15.3000,2023-03-08 10:00,15.0700,17,2,19,17,2,19,0.014589,0.055172,intraday,intraday,0,0
2023-03-08 10:01,14.9900,2023-03-08 10:38,15.5900,2023-03-08 11:06,15.6300,2023-03-08 11:35,15.3900,28,29,57,28,29,57,0.002566,0.042695,intraday,intraday,0,0
2023-03-08 13:17,15.3600,2023-03-09 09:46,15.9800,2023-03-09 10:09,16.5100,2023-03-09 10:17,16.1600,23,8,31,23,8,31,0.033166,0.074870,intraday,intraday,0,0
2023-03-10 09:47,14.1200,2023-03-10 10:01,14.7000,2023-03-10 10:01,14.7000,2023-03-10 10:15,14.4300,0,14,14,0,14,14,0.000000,0.041076,intraday,intraday,0,0
2023-03-10 10:23,14.2200,2023-03-10 10:59,14.8100,2023-03-10 11:34,15.2200,2023-03-10 11:45,14.9700,35,11,46,35,11,46,0.027684,0.070323,intraday,intraday,0,0
2023-03-13 09:43,13.2000,2023-03-13 09:50,13.7600,2023-03-13 09:50,13.7600,2023-03-13 09:53,13.5200,0,3,3,0,3,3,0.000000,0.042424,intraday,intraday,0,0
2023-03-13 10:29,13.4800,2023-03-13 11:11,14.0400,2023-03-13 11:30,14.4000,2023-03-13 11:37,14.1600,19,7,26,19,7,26,0.025641,0.068249,intraday,intraday,0,0
2023-03-13 13:01,13.8100,2023-03-13 14:28,14.3700,2023-03-13 14:34,14.4600,2023-03-13 14:46,14.2400,6,12,18,6,12,18,0.006263,0.047067,intraday,intraday,0,0
2023-03-13 15:59,14.0200,2023-03-14 09:30,14.9600,2023-03-14 12:14,15.5200,2023-03-14 12:25,15.2500,164,11,175,164,11,175,0.037433,0.106990,intraday,intraday,0,0
2023-03-14 15:16,14.5800,2023-03-14 15:57,15.1800,2023-03-14 15:59,15.2600,2023-03-15 09:30,14.7000,2,1,3,2,1051,1053,0.005270,0.046639,overnight,overnight,1,1
2023-03-15 12:25,13.7700,2023-03-15 14:24,14.3500,2023-03-15 15:28,14.7800,2023-03-15 15:38,14.5300,64,10,74,64,10,74,0.029965,0.073348,intraday,intraday,0,0
2023-03-16 09:32,14.3300,2023-03-16 09:56,14.9600,2023-03-16 10:01,15.0700,2023-03-16 10:18,14.8100,5,17,22,5,17,22,0.007353,0.051640,intraday,intraday,0,0
2023-03-16 10:18,14.8100,2023-03-16 10:52,15.4400,2023-03-16 11:57,15.9800,2023-03-16 12:10,15.7300,65,13,78,65,13,78,0.034974,0.079001,intraday,intraday,0,0
2023-03-16 12:12,15.6500,2023-03-16 15:07,16.2900,2023-03-17 09:40,16.7600,2023-03-17 09:47,16.3700,63,7,70,1113,7,1120,0.028852,0.070927,overnight,intraday,0,1
2023-03-17 14:51,15.8500,2023-03-20 13:39,16.5200,2023-03-21 10:01,17.4900,2023-03-21 10:06,17.1800,172,5,177,1222,5,1227,0.058717,0.103470,overnight,intraday,0,1
2023-03-21 11:48,15.9900,2023-03-21 14:45,16.6600,2023-03-22 10:08,17.3200,2023-03-22 11:12,17.0400,113,64,177,1163,64,1227,0.039616,0.083177,overnight,intraday,0,1
2023-03-22 12:22,16.9200,2023-03-22 14:06,17.6500,2023-03-22 14:06,17.6500,2023-03-22 14:13,17.2900,0,7,7,0,7,7,0.000000,0.043144,intraday,intraday,0,0
2023-03-22 14:36,17.1300,2023-03-22 14:46,17.8800,2023-03-22 14:52,17.9800,2023-03-22 14:55,17.6800,6,3,9,6,3,9,0.005593,0.049621,intraday,intraday,0,0
2023-03-22 15:59,16.2100,2023-03-23 09:30,17.1200,2023-03-23 11:07,18.1400,2023-03-23 12:15,17.8500,97,68,165,97,68,165,0.059579,0.119062,intraday,intraday,0,0
2023-03-23 14:55,16.6800,2023-03-23 15:45,17.4000,2023-03-23 15:50,17.6400,2023-03-24 09:30,17.1000,5,10,15,5,1060,1065,0.013793,0.057554,overnight,overnight,1,1
2023-03-24 11:33,16.0500,2023-03-27 09:46,16.7800,2023-03-27 09:51,16.8900,2023-03-27 09:57,16.6300,5,6,11,5,6,11,0.006555,0.052336,intraday,intraday,0,0
2023-03-28 10:33,14.9200,2023-03-28 15:56,15.5300,2023-03-29 09:48,16.8600,2023-03-29 10:35,16.5800,22,47,69,1072,47,1119,0.085641,0.130027,overnight,intraday,0,1
2023-03-29 10:58,16.3300,2023-03-29 14:38,17.0100,2023-03-29 15:32,17.4600,2023-03-29 15:54,17.1700,54,22,76,54,22,76,0.026455,0.069198,intraday,intraday,0,0
2023-03-29 15:56,17.0400,2023-03-30 09:30,17.7800,2023-03-30 10:03,18.0500,2023-03-30 10:13,17.7600,33,10,43,33,10,43,0.015186,0.059272,intraday,intraday,0,0
2023-03-31 09:31,17.5000,2023-03-31 12:24,18.2100,2023-03-31 12:28,18.3200,2023-03-31 13:31,18.0400,4,63,67,4,63,67,0.006041,0.046857,intraday,intraday,0,0
2023-04-03 13:07,17.1400,2023-04-04 09:30,17.8500,2023-04-04 09:31,17.8700,2023-04-04 09:39,17.5600,1,8,9,1,8,9,0.001120,0.042590,intraday,intraday,0,0
2023-04-06 09:36,15.1100,2023-04-06 10:05,15.7700,2023-04-06 10:11,15.8300,2023-04-06 10:20,15.5900,6,9,15,6,9,15,0.003805,0.047651,intraday,intraday,0,0
2023-04-10 09:32,15.1600,2023-04-10 10:18,15.7800,2023-04-11 09:35,16.7300,2023-04-11 09:41,16.4600,347,6,353,1397,6,1403,0.060203,0.103562,overnight,intraday,0,1
2023-04-13 09:51,15.0400,2023-04-13 11:58,15.6600,2023-04-13 15:21,15.9400,2023-04-13 15:55,15.7000,203,34,237,203,34,237,0.017880,0.059840,intraday,intraday,0,0
2023-04-17 12:23,14.9700,2023-04-17 15:20,15.5900,2023-04-18 09:43,16.3300,2023-04-18 09:53,16.0800,53,10,63,1103,10,1113,0.047466,0.090848,overnight,intraday,0,1
2023-04-20 09:30,14.8600,2023-04-20 10:01,15.4700,2023-04-20 10:13,15.6000,2023-04-20 11:03,15.3500,12,50,62,12,50,62,0.008403,0.049798,intraday,intraday,0,0
2023-04-20 11:10,15.2000,2023-04-20 13:07,15.8100,2023-04-20 13:12,15.8900,2023-04-20 14:16,15.6400,5,64,69,5,64,69,0.005060,0.045395,intraday,intraday,0,0
2023-04-25 15:59,13.1800,2023-04-26 11:14,13.7100,2023-04-26 12:07,13.7800,2023-04-26 12:56,13.5700,53,49,102,53,49,102,0.005106,0.045524,intraday,intraday,0,0
2023-04-27 10:05,12.5600,2023-04-27 11:24,13.1100,2023-04-28 09:34,13.9100,2023-04-28 09:41,13.6700,280,7,287,1330,7,1337,0.061022,0.107484,overnight,intraday,0,1
2023-04-28 10:02,13.5900,2023-04-28 15:04,14.1500,2023-05-01 09:41,14.7300,2023-05-01 10:00,14.4600,67,19,86,3997,19,4016,0.040989,0.083885,weekend,intraday,0,1
2023-05-02 11:07,13.9200,2023-05-02 15:13,14.4800,2023-05-02 15:13,14.4800,2023-05-03 09:30,14.1800,0,47,47,0,1097,1097,0.000000,0.040230,overnight,overnight,1,1
2023-05-03 11:31,13.8500,2023-05-03 14:22,14.4200,2023-05-03 14:26,14.5500,2023-05-03 14:34,14.3200,4,8,12,4,8,12,0.009015,0.050542,intraday,intraday,0,0
2023-05-04 10:45,13.2300,2023-05-04 13:30,13.8000,2023-05-04 13:34,13.9800,2023-05-04 14:06,13.7700,4,32,36,4,32,36,0.013043,0.056689,intraday,intraday,0,0
2023-05-05 09:37,13.4400,2023-05-05 10:01,13.9800,2023-05-05 10:14,14.0400,2023-05-05 10:27,13.8000,13,13,26,13,13,26,0.004292,0.044643,intraday,intraday,0,0
2023-05-05 10:27,13.8000,2023-05-05 13:57,14.3600,2023-05-05 14:57,14.6600,2023-05-08 09:34,14.4300,60,67,127,60,3997,4057,0.020891,0.062319,weekend,weekend,0,1
2023-05-08 09:50,14.1200,2023-05-08 14:51,14.6900,2023-05-08 15:45,14.7000,2023-05-09 09:30,14.0500,54,15,69,54,1065,1119,0.000681,0.041076,overnight,overnight,1,1
2023-05-09 12:41,13.7600,2023-05-10 09:30,14.4200,2023-05-10 09:33,14.5000,2023-05-10 09:41,14.2800,3,8,11,3,8,11,0.005548,0.053779,intraday,intraday,0,0
2023-05-11 10:43,13.6600,2023-05-12 09:30,14.2100,2023-05-12 09:35,14.3500,2023-05-12 09:48,14.0600,5,13,18,5,13,18,0.009852,0.050512,intraday,intraday,0,0
2023-05-12 14:41,13.5900,2023-05-15 09:45,14.1500,2023-05-15 13:17,14.9800,2023-05-15 13:42,14.7400,212,25,237,212,25,237,0.058657,0.102281,intraday,intraday,0,0
2023-05-15 13:42,14.7400,2023-05-16 09:43,15.4100,2023-05-16 09:45,15.5100,2023-05-16 09:50,15.1900,2,5,7,2,5,7,0.006489,0.052239,intraday,intraday,0,0
2023-05-16 15:55,15.0300,2023-05-17 10:26,15.6400,2023-05-17 13:58,16.3400,2023-05-17 15:00,16.0800,212,62,274,212,62,274,0.044757,0.087159,intraday,intraday,0,0
2023-05-17 15:00,16.0800,2023-05-18 09:38,16.7600,2023-05-18 11:46,17.7000,2023-05-18 12:06,17.4000,128,20,148,128,20,148,0.056086,0.100746,intraday,intraday,0,0
2023-05-22 09:31,16.9500,2023-05-22 14:49,17.6300,2023-05-22 14:52,17.7100,2023-05-23 09:30,17.3000,3,68,71,3,1118,1121,0.004538,0.044838,overnight,overnight,1,1
2023-05-24 11:05,15.5100,2023-05-24 15:32,16.1500,2023-05-25 09:31,18.2600,2023-05-25 09:37,17.8200,29,6,35,1079,6,1085,0.130650,0.177305,overnight,intraday,0,1
2023-05-25 09:38,17.6600,2023-05-25 11:03,18.3800,2023-05-25 14:01,19.2100,2023-05-25 14:47,18.9000,178,46,224,178,46,224,0.045158,0.087769,intraday,intraday,0,0
2023-05-25 14:47,18.9000,2023-05-26 09:30,20.3400,2023-05-26 10:48,22.1100,2023-05-26 11:06,21.7400,78,18,96,78,18,96,0.087021,0.169841,intraday,intraday,0,0
2023-05-26 11:10,21.5900,2023-05-26 13:00,22.4600,2023-05-26 15:14,23.2500,2023-05-26 15:38,22.8700,134,24,158,134,24,158,0.035174,0.076887,intraday,intraday,0,0
2023-05-26 15:39,22.8600,2023-05-30 09:30,24.7600,2023-05-30 09:30,24.7600,2023-05-30 09:31,24.2900,0,1,1,0,1,1,0.000000,0.083115,intraday,intraday,0,0
2023-05-31 09:30,21.7700,2023-05-31 09:39,22.6700,2023-05-31 09:39,22.6700,2023-05-31 09:41,22.2600,0,2,2,0,2,2,0.000000,0.041341,intraday,intraday,0,0
2023-06-01 10:25,20.8600,2023-06-01 11:15,21.7500,2023-06-01 15:15,22.7300,2023-06-01 15:31,22.3400,240,16,256,240,16,256,0.045057,0.089645,intraday,intraday,0,0
2023-06-06 09:33,20.4500,2023-06-06 09:47,21.2800,2023-06-06 11:17,21.9800,2023-06-06 11:25,21.6300,90,8,98,90,8,98,0.032895,0.074817,intraday,intraday,0,0
2023-06-06 12:57,21.2200,2023-06-07 09:30,22.3300,2023-06-07 10:13,23.0600,2023-06-07 10:24,22.6700,43,11,54,43,11,54,0.032691,0.086711,intraday,intraday,0,0
2023-06-08 09:54,21.4900,2023-06-08 11:56,22.3500,2023-06-08 12:29,22.4600,2023-06-08 13:21,22.1200,33,52,85,33,52,85,0.004922,0.045137,intraday,intraday,0,0
2023-06-08 13:47,21.7900,2023-06-09 09:30,23.0400,2023-06-09 09:54,23.4600,2023-06-09 10:34,23.0800,24,40,64,24,40,64,0.018229,0.076641,intraday,intraday,0,0
2023-06-09 12:40,22.1300,2023-06-12 09:30,23.1800,2023-06-13 09:35,25.9200,2023-06-13 09:40,25.4600,395,5,400,1445,5,1450,0.118205,0.171261,overnight,intraday,0,1
2023-06-13 10:13,24.7500,2023-06-13 11:08,25.7500,2023-06-13 11:22,26.0400,2023-06-13 11:39,25.6200,14,17,31,14,17,31,0.011262,0.052121,intraday,intraday,0,0
2023-06-13 14:33,25.0500,2023-06-14 11:22,26.1100,2023-06-14 11:40,26.2900,2023-06-14 13:17,25.8900,18,97,115,18,97,115,0.006894,0.049501,intraday,intraday,0,0
2023-06-14 14:07,24.9200,2023-06-14 14:44,25.9600,2023-06-14 15:09,26.6400,2023-06-14 15:14,26.1600,25,5,30,25,5,30,0.026194,0.069021,intraday,intraday,0,0
2023-06-15 10:00,25.4600,2023-06-15 14:57,26.4900,2023-06-15 14:58,26.5700,2023-06-15 15:46,26.1700,1,48,49,1,48,49,0.003020,0.043598,intraday,intraday,0,0
2023-06-22 09:30,22.3400,2023-06-22 10:18,23.2500,2023-06-22 10:18,23.2500,2023-06-22 10:42,22.8900,0,24,24,0,24,24,0.000000,0.040734,intraday,intraday,0,0
2023-06-23 11:27,21.5500,2023-06-26 09:33,22.4700,2023-06-26 10:01,23.3200,2023-06-26 10:36,22.9500,28,35,63,28,35,63,0.037828,0.082135,intraday,intraday,0,0
2023-06-27 09:40,22.0200,2023-06-27 11:36,22.9100,2023-06-27 15:29,24.4800,2023-06-28 09:30,23.3400,233,31,264,233,1081,1314,0.068529,0.111717,overnight,overnight,1,1
2023-06-28 09:46,23.1700,2023-06-28 10:35,24.1100,2023-06-28 10:56,24.3100,2023-06-28 11:12,23.8900,21,16,37,21,16,37,0.008295,0.049202,intraday,intraday,0,0
2023-06-29 10:10,23.1900,2023-06-30 09:30,24.4500,2023-06-30 10:33,24.9800,2023-06-30 11:45,24.6000,63,72,135,63,72,135,0.021677,0.077188,intraday,intraday,0,0
2023-06-30 11:54,24.5700,2023-07-03 09:32,25.5800,2023-07-03 09:34,25.6900,2023-07-03 09:55,25.2800,2,21,23,2,21,23,0.004300,0.045584,intraday,intraday,0,0
2023-07-06 11:14,22.0600,2023-07-06 15:34,22.9700,2023-07-07 10:13,23.6000,2023-07-07 10:29,23.2200,69,16,85,1119,16,1135,0.027427,0.069810,overnight,intraday,0,1
2023-07-07 15:56,22.9200,2023-07-10 11:13,23.8400,2023-07-10 11:32,24.0600,2023-07-10 12:02,23.6400,19,30,49,19,30,49,0.009228,0.049738,intraday,intraday,0,0
2023-07-10 12:13,23.6100,2023-07-11 09:30,24.6200,2023-07-11 09:34,24.6400,2023-07-11 09:40,24.2700,4,6,10,4,6,10,0.000812,0.043626,intraday,intraday,0,0
2023-07-11 11:45,23.3000,2023-07-11 15:42,24.2400,2023-07-12 10:44,25.7100,2023-07-12 11:39,25.3200,92,55,147,1142,55,1197,0.060644,0.103433,overnight,intraday,0,1
2023-07-12 11:56,25.0200,2023-07-13 09:30,26.3000,2023-07-14 10:12,27.9600,2023-07-14 10:36,27.4600,432,24,456,1482,24,1506,0.063118,0.117506,overnight,intraday,0,1
2023-07-17 09:45,25.8400,2023-07-17 10:49,26.8900,2023-07-17 15:20,28.5100,2023-07-17 15:58,28.0400,271,38,309,271,38,309,0.060245,0.103328,intraday,intraday,0,0
2023-07-18 11:41,27.1100,2023-07-18 14:28,28.2000,2023-07-18 15:52,28.5200,2023-07-19 09:36,28.0900,84,14,98,84,1064,1148,0.011348,0.052010,overnight,overnight,0,1
2023-07-20 15:23,23.9100,2023-07-21 09:30,24.9200,2023-07-21 09:34,25.3900,2023-07-21 09:48,24.8200,4,14,18,4,14,18,0.018860,0.061899,intraday,intraday,0,0
2023-07-21 10:03,24.5000,2023-07-21 13:51,25.5000,2023-07-21 13:58,25.5700,2023-07-21 14:25,25.1500,7,27,34,7,27,34,0.002745,0.043673,intraday,intraday,0,0
2023-07-24 09:54,24.5200,2023-07-25 09:31,25.5300,2023-07-25 10:25,26.3700,2023-07-25 10:55,25.9600,54,30,84,54,30,84,0.032902,0.075449,intraday,intraday,0,0
2023-07-26 11:01,24.2100,2023-07-26 14:37,25.2200,2023-07-26 14:41,25.6500,2023-07-26 15:05,25.2600,4,24,28,4,24,28,0.017050,0.059480,intraday,intraday,0,0
2023-07-26 15:18,24.7100,2023-07-27 09:30,26.9600,2023-07-27 09:55,27.6400,2023-07-27 10:12,27.2200,25,17,42,25,17,42,0.025223,0.118575,intraday,intraday,0,0
2023-07-27 10:29,26.7600,2023-07-27 12:11,27.8500,2023-07-27 13:03,28.0500,2023-07-27 13:07,27.6200,52,4,56,52,4,56,0.007181,0.048206,intraday,intraday,0,0
2023-07-27 14:59,26.0300,2023-07-28 09:30,27.7300,2023-07-28 09:30,27.7300,2023-07-28 09:34,27.3000,0,4,4,0,4,4,0.000000,0.065309,intraday,intraday,0,0
2023-07-28 09:38,27.2400,2023-07-28 11:26,28.3700,2023-07-28 12:22,28.4200,2023-07-28 13:01,27.9900,56,39,95,56,39,95,0.001762,0.043319,intraday,intraday,0,0
2023-07-28 13:45,27.5500,2023-07-31 09:32,28.6900,2023-07-31 09:46,28.7200,2023-07-31 09:55,28.1300,14,9,23,14,9,23,0.001046,0.042468,intraday,intraday,0,0
2023-08-01 09:31,27.5400,2023-08-01 14:49,28.6800,2023-08-01 15:07,28.7100,2023-08-02 09:30,27.3600,18,53,71,18,1103,1121,0.001046,0.042484,overnight,overnight,1,1
2023-08-02 12:11,24.8300,2023-08-02 15:03,25.8300,2023-08-02 15:04,25.8400,2023-08-02 15:10,25.4100,1,6,7,1,6,7,0.000387,0.040677,intraday,intraday,0,0
2023-08-03 10:29,24.0900,2023-08-03 11:51,25.0600,2023-08-03 12:49,25.5700,2023-08-03 13:45,25.1600,58,56,114,58,56,114,0.020351,0.061436,intraday,intraday,0,0
2023-08-04 10:06,24.0900,2023-08-04 10:53,25.0600,2023-08-04 12:44,25.9400,2023-08-04 13:25,25.5300,111,41,152,111,41,152,0.035116,0.076795,intraday,intraday,0,0
2023-08-04 14:55,24.5200,2023-08-07 09:30,25.7100,2023-08-07 09:30,25.7100,2023-08-07 09:48,25.2800,0,18,18,0,18,18,0.000000,0.048532,intraday,intraday,0,0
2023-08-08 11:49,23.4400,2023-08-08 14:57,24.3800,2023-08-08 15:45,24.5200,2023-08-09 09:37,24.0900,48,22,70,48,1072,1120,0.005742,0.046075,overnight,overnight,0,1
2023-08-09 11:22,23.0100,2023-08-10 09:46,23.9700,2023-08-10 10:17,24.3700,2023-08-10 10:37,23.8600,31,20,51,31,20,51,0.016688,0.059105,intraday,intraday,0,0
2023-08-14 09:30,20.7100,2023-08-14 09:59,21.5400,2023-08-14 15:59,22.9400,2023-08-15 09:30,22.4600,360,1,361,360,1051,1411,0.064995,0.107677,overnight,overnight,1,1
2023-08-18 09:30,19.1600,2023-08-18 12:09,19.9300,2023-08-18 14:40,20.4200,2023-08-18 15:12,20.1100,151,32,183,151,32,183,0.024586,0.065762,intraday,intraday,0,0
2023-08-18 15:12,20.1100,2023-08-21 09:40,20.9400,2023-08-21 10:09,21.1300,2023-08-21 10:25,20.7600,29,16,45,29,16,45,0.009074,0.050721,intraday,intraday,0,0
2023-08-21 11:10,20.5700,2023-08-21 13:25,21.4400,2023-08-22 09:31,22.7600,2023-08-22 09:36,22.3400,156,5,161,1206,5,1211,0.061567,0.106466,overnight,intraday,0,1
2023-08-23 09:39,21.0000,2023-08-23 10:06,21.8400,2023-08-24 09:30,23.5700,2023-08-24 09:34,23.2100,354,4,358,1404,4,1408,0.079212,0.122381,overnight,intraday,0,1
2023-08-25 10:09,20.1900,2023-08-25 10:15,21.0500,2023-08-25 10:16,21.0900,2023-08-25 10:18,20.7100,1,2,3,1,2,3,0.001900,0.044577,intraday,intraday,0,0
2023-08-25 10:59,19.4200,2023-08-25 12:38,20.2900,2023-08-25 13:15,20.3100,2023-08-25 13:26,19.9900,37,11,48,37,11,48,0.000986,0.045829,intraday,intraday,0,0
2023-08-25 13:39,19.9400,2023-08-25 14:32,20.7400,2023-08-25 15:23,20.9200,2023-08-25 15:50,20.5900,51,27,78,51,27,78,0.008679,0.049147,intraday,intraday,0,0
2023-08-25 15:50,20.5900,2023-08-28 09:34,21.4200,2023-08-28 09:35,21.5600,2023-08-28 09:42,21.1800,1,7,8,1,7,8,0.006536,0.047110,intraday,intraday,0,0
2023-08-28 11:51,20.7600,2023-08-29 09:45,21.6500,2023-08-29 15:19,23.3000,2023-08-30 09:30,22.7500,334,41,375,334,1091,1425,0.076212,0.122351,overnight,overnight,1,1
2023-08-30 09:36,22.3900,2023-08-30 11:20,23.2900,2023-08-30 12:34,23.6800,2023-08-30 13:57,23.3000,74,83,157,74,83,157,0.016745,0.057615,intraday,intraday,0,0
2023-08-30 14:26,23.1600,2023-08-31 10:32,24.1200,2023-08-31 10:41,24.2600,2023-08-31 11:23,23.8800,9,42,51,9,42,51,0.005804,0.047496,intraday,intraday,0,0
2023-08-31 12:49,23.4600,2023-09-01 09:34,24.4200,2023-09-01 09:34,24.4200,2023-09-01 09:38,23.9700,0,4,4,0,4,4,0.000000,0.040921,intraday,intraday,0,0
2023-09-05 10:04,23.4000,2023-09-05 11:07,24.3400,2023-09-05 11:09,24.3600,2023-09-05 11:37,23.9100,2,28,30,2,28,30,0.000822,0.041026,intraday,intraday,0,0
2023-09-07 10:02,21.0200,2023-09-07 14:52,21.8700,2023-09-08 09:37,22.1500,2023-09-08 09:55,21.7900,75,18,93,1125,18,1143,0.012803,0.053758,overnight,intraday,0,1
2023-09-08 15:41,21.2200,2023-09-11 09:30,22.2200,2023-09-11 09:30,22.2200,2023-09-11 09:34,21.8800,0,4,4,0,4,4,0.000000,0.047125,intraday,intraday,0,0
2023-09-11 11:46,20.6100,2023-09-11 15:22,21.4500,2023-09-11 15:31,21.5500,2023-09-12 09:30,20.8700,9,29,38,9,1079,1088,0.004662,0.045609,overnight,overnight,1,1
2023-09-12 09:30,20.8700,2023-09-12 09:47,21.8000,2023-09-12 10:03,21.9600,2023-09-12 10:25,21.5300,16,22,38,16,22,38,0.007339,0.052228,intraday,intraday,0,0
2023-09-13 10:05,20.8900,2023-09-13 11:30,21.7700,2023-09-13 12:55,21.8600,2023-09-13 14:18,21.5300,85,83,168,85,83,168,0.004134,0.046434,intraday,intraday,0,0
2023-09-13 15:14,21.0200,2023-09-14 11:02,21.9100,2023-09-14 11:04,21.9200,2023-09-14 11:35,21.5600,2,31,33,2,31,33,0.000456,0.042816,intraday,intraday,0,0
2023-09-18 09:30,19.2800,2023-09-18 10:12,20.0700,2023-09-18 10:17,20.1200,2023-09-18 10:33,19.8100,5,16,21,5,16,21,0.002491,0.043568,intraday,intraday,0,0
2023-09-19 10:40,19.0900,2023-09-20 09:40,19.8600,2023-09-20 09:46,19.8800,2023-09-20 10:00,19.5600,6,14,20,6,14,20,0.001007,0.041383,intraday,intraday,0,0
2023-09-21 15:56,17.4100,2023-09-22 10:31,18.1300,2023-09-22 11:39,18.3600,2023-09-22 13:31,18.0700,68,112,180,68,112,180,0.012686,0.054566,intraday,intraday,0,0
2023-09-25 09:31,17.4100,2023-09-25 09:46,18.1300,2023-09-25 09:46,18.1300,2023-09-25 10:02,17.8300,0,16,16,0,16,16,0.000000,0.041356,intraday,intraday,0,0
2023-09-26 15:27,17.0100,2023-09-27 09:30,17.7200,2023-09-27 10:29,17.8000,2023-09-27 10:51,17.5200,59,22,81,59,22,81,0.004515,0.046443,intraday,intraday,0,0
2023-09-27 13:42,16.9100,2023-09-27 14:35,17.5900,2023-09-27 15:12,18.0300,2023-09-27 15:35,17.7300,37,23,60,37,23,60,0.025014,0.066233,intraday,intraday,0,0
2023-09-28 09:32,17.4200,2023-09-28 10:02,18.1400,2023-09-28 10:03,18.1900,2023-09-28 10:31,17.8700,1,28,29,1,28,29,0.002756,0.044202,intraday,intraday,0,0
2023-09-28 10:31,17.8700,2023-09-28 11:24,18.6200,2023-09-28 12:29,19.2000,2023-09-28 12:54,18.8300,65,25,90,65,25,90,0.031149,0.074426,intraday,intraday,0,0
2023-09-28 14:36,18.4300,2023-09-29 09:30,19.4200,2023-09-29 09:54,19.6300,2023-09-29 10:24,19.2600,24,30,54,24,30,54,0.010814,0.065111,intraday,intraday,0,0
2023-09-29 13:59,18.6800,2023-10-02 09:39,19.4300,2023-10-02 10:03,19.5500,2023-10-02 10:14,19.1800,24,11,35,24,11,35,0.006176,0.046574,intraday,intraday,0,0
2023-10-02 14:40,18.4400,2023-10-03 09:49,19.2000,2023-10-03 09:54,19.3400,2023-10-03 10:00,18.9900,5,6,11,5,6,11,0.007292,0.048807,intraday,intraday,0,0
2023-10-03 15:34,17.5300,2023-10-04 09:39,18.2600,2023-10-04 09:48,18.4100,2023-10-04 10:02,18.1300,9,14,23,9,14,23,0.008215,0.050200,intraday,intraday,0,0
2023-10-04 10:29,17.8000,2023-10-04 11:47,18.5500,2023-10-04 11:59,18.6000,2023-10-04 13:22,18.3200,12,83,95,12,83,95,0.002695,0.044944,intraday,intraday,0,0
2023-10-05 10:40,17.8400,2023-10-05 14:39,18.6100,2023-10-05 14:40,18.6300,2023-10-06 09:30,18.1400,1,80,81,1,1130,1131,0.001075,0.044283,overnight,overnight,1,1
2023-10-06 09:40,17.7200,2023-10-06 10:29,18.4600,2023-10-06 15:30,19.7800,2023-10-06 15:57,19.4800,301,27,328,301,27,328,0.071506,0.116253,intraday,intraday,0,0
2023-10-09 11:10,18.4600,2023-10-09 13:37,19.2300,2023-10-10 09:31,19.6300,2023-10-10 09:35,19.3300,144,4,148,1194,4,1198,0.020801,0.063380,overnight,intraday,0,1
2023-10-10 09:35,19.3300,2023-10-10 10:33,20.1400,2023-10-10 12:53,20.6100,2023-10-10 13:04,20.2500,140,11,151,140,11,151,0.023337,0.066218,intraday,intraday,0,0
2023-10-11 13:39,19.8400,2023-10-12 09:30,20.7600,2023-10-12 10:11,21.4900,2023-10-12 10:20,21.1600,41,9,50,41,9,50,0.035164,0.083165,intraday,intraday,0,0
2023-10-13 14:26,18.8700,2023-10-16 09:35,19.6300,2023-10-16 09:41,19.6800,2023-10-16 09:46,19.3700,6,5,11,6,5,11,0.002547,0.042925,intraday,intraday,0,0
2023-10-17 09:52,17.9400,2023-10-17 10:19,18.7200,2023-10-17 12:29,19.7600,2023-10-17 12:45,19.4600,130,16,146,130,16,146,0.055556,0.101449,intraday,intraday,0,0
2023-10-18 15:15,18.0300,2023-10-19 09:30,18.9200,2023-10-19 09:30,18.9200,2023-10-19 09:33,18.5500,0,3,3,0,3,3,0.000000,0.049362,intraday,intraday,0,0
2023-10-19 09:48,17.8500,2023-10-19 10:12,18.6400,2023-10-19 10:12,18.6400,2023-10-19 10:17,18.3600,0,5,5,0,5,5,0.000000,0.044258,intraday,intraday,0,0
2023-10-19 12:36,17.6400,2023-10-19 13:06,18.3700,2023-10-19 13:10,18.4400,2023-10-19 13:28,18.1600,4,18,22,4,18,22,0.003811,0.045351,intraday,intraday,0,0
2023-10-23 09:41,15.8800,2023-10-23 10:18,16.5300,2023-10-23 12:59,17.2500,2023-10-23 13:17,16.9800,161,18,179,161,18,179,0.043557,0.086272,intraday,intraday,0,0
2023-10-23 15:58,16.3600,2023-10-24 10:39,17.0300,2023-10-24 10:47,17.0500,2023-10-24 11:15,16.7800,8,28,36,8,28,36,0.001174,0.042176,intraday,intraday,0,0
2023-10-24 12:43,16.4300,2023-10-24 15:15,17.0900,2023-10-24 15:16,17.1200,2023-10-25 09:30,16.5000,1,44,45,1,1094,1095,0.001755,0.041996,overnight,overnight,1,1
2023-10-25 15:08,14.7300,2023-10-26 09:31,15.4300,2023-10-26 09:33,15.6800,2023-10-26 09:38,15.3900,2,5,7,2,5,7,0.016202,0.064494,intraday,intraday,0,0
2023-10-26 12:52,14.4900,2023-10-26 14:32,15.0900,2023-10-26 15:01,15.3500,2023-10-26 15:13,15.0900,29,12,41,29,12,41,0.017230,0.059351,intraday,intraday,0,0
2023-10-26 15:45,14.6600,2023-10-27 09:30,15.2600,2023-10-27 09:32,15.3100,2023-10-27 09:36,15.0800,2,4,6,2,4,6,0.003277,0.044338,intraday,intraday,0,0
2023-10-30 12:46,14.0500,2023-10-30 14:38,14.6400,2023-10-30 15:24,14.8600,2023-10-30 15:50,14.5600,46,26,72,46,26,72,0.015027,0.057651,intraday,intraday,0,0
2023-10-31 09:42,14.0300,2023-10-31 10:52,14.6400,2023-10-31 11:00,14.8300,2023-10-31 11:29,14.5900,8,29,37,8,29,37,0.012978,0.057021,intraday,intraday,0,0
2023-10-31 12:20,14.5000,2023-11-01 09:30,15.1200,2023-11-01 11:10,15.4800,2023-11-01 11:20,15.1900,100,10,110,100,10,110,0.023810,0.067586,intraday,intraday,0,0
2023-11-01 14:41,15.1500,2023-11-01 15:12,15.7600,2023-11-02 09:40,16.9500,2023-11-02 09:46,16.6700,58,6,64,1108,6,1114,0.075508,0.118812,overnight,intraday,0,1
2023-11-02 10:16,16.4100,2023-11-02 13:14,17.0700,2023-11-02 15:10,17.4000,2023-11-02 15:55,17.1100,116,45,161,116,45,161,0.019332,0.060329,intraday,intraday,0,0
2023-11-02 15:59,17.0800,2023-11-03 09:33,17.7700,2023-11-03 10:01,18.2700,2023-11-03 10:20,17.9900,28,19,47,28,19,47,0.028137,0.069672,intraday,intraday,0,0
2023-11-03 10:26,17.7700,2023-11-03 13:56,18.5000,2023-11-03 15:06,18.7500,2023-11-03 15:50,18.4500,70,44,114,70,44,114,0.013514,0.055149,intraday,intraday,0,0
2023-11-06 13:23,17.7500,2023-11-07 09:59,18.4600,2023-11-07 10:53,18.8600,2023-11-07 11:47,18.5300,54,54,108,54,54,108,0.021668,0.062535,intraday,intraday,0,0
2023-11-08 12:07,18.3200,2023-11-09 09:35,19.0700,2023-11-09 11:58,19.6800,2023-11-09 12:39,19.3500,143,41,184,143,41,184,0.031987,0.074236,intraday,intraday,0,0
2023-11-09 15:46,18.3000,2023-11-10 09:36,19.0800,2023-11-10 09:52,19.4500,2023-11-10 10:16,19.1500,16,24,40,16,24,40,0.019392,0.062842,intraday,intraday,0,0
2023-11-10 10:16,19.1500,2023-11-10 12:06,19.9800,2023-11-10 15:14,20.7800,2023-11-13 09:30,20.0000,188,46,234,188,3976,4164,0.040040,0.085117,weekend,weekend,1,1
2023-11-13 09:56,19.6200,2023-11-14 09:30,21.6400,2023-11-14 10:45,22.3200,2023-11-14 11:40,21.9800,75,55,130,75,55,130,0.031423,0.137615,intraday,intraday,0,0
2023-11-14 11:51,21.8700,2023-11-15 10:16,22.7700,2023-11-15 11:02,23.1700,2023-11-15 11:42,22.8200,46,40,86,46,40,86,0.017567,0.059442,intraday,intraday,0,0
2023-11-16 11:35,22.1600,2023-11-17 13:02,23.0700,2023-11-20 15:14,24.4100,2023-11-21 09:30,23.4500,522,46,568,4452,1096,5548,0.058084,0.101534,weekend,overnight,1,2
2023-11-21 13:24,22.4700,2023-11-22 09:30,23.4700,2023-11-22 09:36,24.0600,2023-11-22 09:46,23.6400,6,10,16,6,10,16,0.025138,0.070761,intraday,intraday,0,0
2023-11-27 09:35,22.6100,2023-11-27 13:13,23.5200,2023-11-27 13:14,23.5400,2023-11-27 14:40,23.1800,1,86,87,1,86,87,0.000850,0.041132,intraday,intraday,0,0
2023-11-28 13:15,21.9900,2023-11-29 09:30,23.5900,2023-11-29 10:01,24.2600,2023-11-29 10:07,23.8800,31,6,37,31,6,37,0.028402,0.103229,intraday,intraday,0,0
2023-12-01 09:35,21.9000,2023-12-01 11:11,22.7800,2023-12-01 12:56,23.1800,2023-12-04 09:30,22.3600,105,184,289,105,4114,4219,0.017559,0.058447,weekend,weekend,1,1
2023-12-04 10:58,21.3000,2023-12-04 12:42,22.1900,2023-12-04 12:57,22.2200,2023-12-04 14:01,21.8800,15,64,79,15,64,79,0.001352,0.043192,intraday,intraday,0,0
2023-12-05 09:45,21.3600,2023-12-06 09:30,22.8600,2023-12-06 09:30,22.8600,2023-12-06 09:37,22.4600,0,7,7,0,7,7,0.000000,0.070225,intraday,intraday,0,0
2023-12-06 15:56,21.4100,2023-12-07 10:12,22.2700,2023-12-07 10:52,22.7000,2023-12-07 11:17,22.3500,40,25,65,40,25,65,0.019308,0.060252,intraday,intraday,0,0
2023-12-07 11:18,22.3000,2023-12-07 14:10,23.2000,2023-12-08 10:28,24.0100,2023-12-08 10:37,23.6200,168,9,177,1218,9,1227,0.034914,0.076682,overnight,intraday,0,1
2023-12-08 12:14,23.1400,2023-12-11 09:30,24.4700,2023-12-11 10:54,25.7100,2023-12-11 11:33,25.2600,84,39,123,84,39,123,0.050674,0.111063,intraday,intraday,0,0
2023-12-11 11:35,25.2500,2023-12-11 13:50,26.2700,2023-12-11 14:02,26.3800,2023-12-11 15:02,25.9800,12,60,72,12,60,72,0.004187,0.044752,intraday,intraday,0,0
2023-12-12 09:30,25.7600,2023-12-13 09:30,26.8800,2023-12-13 10:19,27.1200,2023-12-13 12:03,26.7000,49,104,153,49,104,153,0.008929,0.052795,intraday,intraday,0,0
2023-12-13 13:39,26.4300,2023-12-13 14:19,27.5600,2023-12-13 15:04,28.3900,2023-12-13 15:10,27.9100,45,6,51,45,6,51,0.030116,0.074158,intraday,intraday,0,0
2023-12-13 15:26,27.2300,2023-12-14 09:30,28.9800,2023-12-14 10:58,30.4600,2023-12-14 11:09,29.9800,88,11,99,88,11,99,0.051070,0.118619,intraday,intraday,0,0
2023-12-14 13:53,29.2100,2023-12-15 09:30,30.8800,2023-12-15 09:33,31.0800,2023-12-15 09:38,30.5500,3,5,8,3,5,8,0.006477,0.064019,intraday,intraday,0,0
2023-12-18 11:05,29.4900,2023-12-19 09:41,30.7700,2023-12-19 09:43,30.9400,2023-12-19 10:09,30.4500,2,26,28,2,26,28,0.005525,0.049169,intraday,intraday,0,0
2023-12-20 15:59,28.0500,2023-12-21 09:30,29.9900,2023-12-21 09:30,29.9900,2023-12-21 09:42,29.5200,0,12,12,0,12,12,0.000000,0.069162,intraday,intraday,0,0
2023-12-21 10:09,29.4100,2023-12-22 09:30,30.7300,2023-12-22 09:44,31.0500,2023-12-22 11:00,30.5400,14,76,90,14,76,90,0.010413,0.055763,intraday,intraday,0,0
2023-12-22 14:31,29.9200,2023-12-26 09:30,31.2500,2023-12-27 09:30,32.7200,2023-12-27 10:12,32.2100,390,42,432,1440,42,1482,0.047040,0.093583,overnight,intraday,0,1
2024-01-04 09:49,25.0500,2024-01-04 11:14,26.1000,2024-01-04 11:26,26.3100,2024-01-04 11:52,25.9000,12,26,38,12,26,38,0.008046,0.050299,intraday,intraday,0,0
2024-01-05 09:40,25.4600,2024-01-05 10:35,26.5100,2024-01-05 11:16,26.5900,2024-01-05 11:43,26.1700,41,27,68,41,27,68,0.003018,0.044383,intraday,intraday,0,0
2024-01-05 15:27,25.5700,2024-01-08 09:32,26.6200,2024-01-08 14:14,28.6400,2024-01-08 15:26,28.2100,282,72,354,282,72,354,0.075883,0.120063,intraday,intraday,0,0
2024-01-09 09:37,27.5100,2024-01-09 11:59,28.6300,2024-01-09 13:03,29.1100,2024-01-09 13:30,28.6600,64,27,91,64,27,91,0.016766,0.058161,intraday,intraday,0,0
2024-01-10 10:05,27.1200,2024-01-10 10:43,28.2600,2024-01-10 10:43,28.2600,2024-01-10 11:12,27.8100,0,29,29,0,29,29,0.000000,0.042035,intraday,intraday,0,0
2024-01-10 11:15,27.7200,2024-01-11 09:39,28.8500,2024-01-11 09:40,28.9700,2024-01-11 09:45,28.4800,1,5,6,1,5,6,0.004159,0.045094,intraday,intraday,0,0
2024-01-11 11:45,26.8300,2024-01-11 13:11,27.9200,2024-01-12 09:47,28.9400,2024-01-12 09:59,28.3500,186,12,198,1236,12,1248,0.036533,0.078643,overnight,intraday,0,1
2024-01-12 10:53,27.6400,2024-01-16 10:17,28.7500,2024-01-16 10:53,29.7900,2024-01-16 11:08,29.3000,36,15,51,36,15,51,0.036174,0.077786,intraday,intraday,0,0
2024-01-17 10:00,27.0400,2024-01-17 14:40,28.1500,2024-01-18 09:30,31.0400,2024-01-18 10:05,30.5700,80,35,115,1130,35,1165,0.102664,0.147929,overnight,intraday,0,1
2024-01-18 13:21,29.8800,2024-01-18 14:51,31.0800,2024-01-22 09:35,36.5500,2024-01-22 09:36,35.9900,464,1,465,5444,1,5445,0.175997,0.223226,weekend,intraday,0,2
2024-01-22 10:48,34.3000,2024-01-23 12:59,35.7000,2024-01-24 09:30,37.0800,2024-01-24 09:36,36.4800,181,6,187,1231,6,1237,0.038655,0.081050,overnight,intraday,0,1
2024-01-24 09:39,36.3300,2024-01-24 10:17,37.8100,2024-01-24 12:35,38.8800,2024-01-24 13:16,38.2800,138,41,179,138,41,179,0.028299,0.070190,intraday,intraday,0,0
2024-01-24 15:29,37.0800,2024-01-25 09:30,39.3900,2024-01-25 09:30,39.3900,2024-01-25 09:36,38.7700,0,6,6,0,6,6,0.000000,0.062298,intraday,intraday,0,0
2024-01-29 10:04,33.5800,2024-01-29 15:23,34.9700,2024-01-29 15:59,35.0900,2024-01-30 10:00,34.4700,36,31,67,36,1081,1117,0.003432,0.044967,overnight,overnight,0,1
2024-01-31 10:37,31.1700,2024-01-31 13:05,32.4400,2024-01-31 13:15,32.6400,2024-01-31 14:19,32.1500,10,64,74,10,64,74,0.006165,0.047161,intraday,intraday,0,0
2024-01-31 14:22,32.1200,2024-01-31 14:41,33.5400,2024-01-31 14:46,33.7800,2024-01-31 14:49,33.1700,5,3,8,5,3,8,0.007156,0.051681,intraday,intraday,0,0
2024-02-01 11:31,31.2400,2024-02-01 15:03,32.5000,2024-02-02 09:56,33.4000,2024-02-02 10:10,32.8500,83,14,97,1133,14,1147,0.027692,0.069142,overnight,intraday,0,1
2024-02-02 10:32,32.6100,2024-02-05 09:30,34.5100,2024-02-05 09:47,35.0700,2024-02-05 10:04,34.5000,17,17,34,17,17,34,0.016227,0.075437,intraday,intraday,0,0
2024-02-05 10:42,33.4400,2024-02-05 12:38,34.9000,2024-02-05 14:46,35.5800,2024-02-05 15:07,35.0300,128,21,149,128,21,149,0.019484,0.063995,intraday,intraday,0,0
2024-02-06 12:22,32.7000,2024-02-07 09:30,34.3300,2024-02-07 09:30,34.3300,2024-02-07 09:38,33.7200,0,8,8,0,8,8,0.000000,0.049847,intraday,intraday,0,0
2024-02-07 09:41,33.6100,2024-02-07 10:24,34.9700,2024-02-07 10:52,35.3900,2024-02-07 11:00,34.6700,28,8,36,28,8,36,0.012010,0.052960,intraday,intraday,0,0
2024-02-07 12:40,34.4700,2024-02-08 09:32,36.1100,2024-02-08 09:35,36.5400,2024-02-08 09:41,35.9200,3,6,9,3,6,9,0.011908,0.060052,intraday,intraday,0,0
2024-02-08 09:42,35.7800,2024-02-08 10:45,37.2300,2024-02-08 11:20,37.7100,2024-02-08 11:31,37.1400,35,11,46,35,11,46,0.012893,0.053941,intraday,intraday,0,0
2024-02-08 14:37,37.0600,2024-02-09 10:29,38.5800,2024-02-09 11:02,39.0900,2024-02-09 11:17,38.4500,33,15,48,33,15,48,0.013219,0.054776,intraday,intraday,0,0
2024-02-09 11:35,38.2500,2024-02-12 09:33,39.9500,2024-02-12 09:35,40.1000,2024-02-12 09:48,39.4100,2,13,15,2,13,15,0.003755,0.048366,intraday,intraday,0,0
2024-02-12 09:48,39.4100,2024-02-12 10:57,40.9900,2024-02-12 11:37,41.3100,2024-02-12 13:23,40.5900,40,106,146,40,106,146,0.007807,0.048211,intraday,intraday,0,0
2024-02-13 09:30,35.3800,2024-02-13 10:25,36.9800,2024-02-13 10:43,37.9600,2024-02-13 10:59,37.2700,18,16,34,18,16,34,0.026501,0.072923,intraday,intraday,0,0
2024-02-13 15:22,35.5400,2024-02-14 09:30,38.3800,2024-02-14 09:33,38.7100,2024-02-14 09:39,38.0800,3,6,9,3,6,9,0.008598,0.089195,intraday,intraday,0,0
2024-02-14 11:17,37.7100,2024-02-15 09:30,40.0100,2024-02-15 09:30,40.0100,2024-02-15 09:35,39.3400,0,5,5,0,5,5,0.000000,0.060992,intraday,intraday,0,0
2024-02-15 11:09,38.5700,2024-02-16 09:33,40.2700,2024-02-16 09:36,40.6900,2024-02-16 09:44,39.8800,3,8,11,3,8,11,0.010430,0.054965,intraday,intraday,0,0
2024-02-16 10:02,38.0300,2024-02-16 11:12,39.6000,2024-02-16 11:57,40.1000,2024-02-16 13:03,39.4300,45,66,111,45,66,111,0.012626,0.054431,intraday,intraday,0,0
2024-02-20 12:39,34.7200,2024-02-20 14:46,36.1200,2024-02-20 15:28,36.4600,2024-02-20 15:35,35.8900,42,7,49,42,7,49,0.009413,0.050115,intraday,intraday,0,0
2024-02-21 15:10,34.6200,2024-02-21 15:55,36.0900,2024-02-22 10:33,41.2700,2024-02-22 10:45,40.5800,68,12,80,1118,12,1130,0.143530,0.192085,overnight,intraday,0,1
2024-02-22 10:49,40.4700,2024-02-23 09:30,42.1200,2024-02-23 09:33,42.5600,2024-02-23 09:48,41.8200,3,15,18,3,15,18,0.010446,0.051643,intraday,intraday,0,0
2024-02-23 11:13,39.4600,2024-02-26 09:30,41.4700,2024-02-26 09:37,41.6100,2024-02-26 09:43,40.9800,7,6,13,7,6,13,0.003376,0.054486,intraday,intraday,0,0
2024-02-28 09:32,39.2500,2024-02-29 09:30,41.5200,2024-02-29 10:06,41.8000,2024-02-29 10:12,41.1500,36,6,42,36,6,42,0.006744,0.064968,intraday,intraday,0,0
2024-02-29 11:40,40.8600,2024-02-29 13:11,42.5400,2024-03-01 14:03,48.9000,2024-03-01 15:16,48.0100,442,73,515,1492,73,1565,0.149506,0.196769,overnight,intraday,0,1
2024-03-01 15:25,47.8400,2024-03-04 09:35,49.7700,2024-03-04 09:41,50.6200,2024-03-04 09:49,49.7800,6,8,14,6,8,14,0.017079,0.058110,intraday,intraday,0,0
2024-03-04 10:00,49.1800,2024-03-04 14:36,51.1700,2024-03-04 15:14,51.3900,2024-03-04 15:35,50.4600,38,21,59,38,21,59,0.004299,0.044937,intraday,intraday,0,0
2024-03-05 15:14,45.3100,2024-03-06 09:30,49.7900,2024-03-06 09:45,50.6200,2024-03-06 09:57,49.8000,15,12,27,15,12,27,0.016670,0.117193,intraday,intraday,0,0
2024-03-06 10:07,48.8700,2024-03-06 11:02,50.9100,2024-03-06 11:12,50.9600,2024-03-06 11:33,50.1800,10,21,31,10,21,31,0.000982,0.042767,intraday,intraday,0,0
2024-03-06 15:36,49.3000,2024-03-07 09:30,52.4200,2024-03-07 09:37,53.5300,2024-03-07 09:46,52.4300,7,9,16,7,9,16,0.021175,0.085801,intraday,intraday,0,0
2024-03-07 09:46,52.4300,2024-03-07 10:44,54.5700,2024-03-07 12:19,56.0000,2024-03-07 12:41,55.0900,95,22,117,95,22,117,0.026205,0.068091,intraday,intraday,0,0
2024-03-08 13:50,48.8400,2024-03-08 14:37,50.9700,2024-03-08 14:44,51.2700,2024-03-08 14:54,50.2800,7,10,17,7,10,17,0.005886,0.049754,intraday,intraday,0,0
2024-03-11 09:33,45.3100,2024-03-11 09:39,47.1800,2024-03-11 09:39,47.1800,2024-03-11 09:48,46.4700,0,9,9,0,9,9,0.000000,0.041271,intraday,intraday,0,0
2024-03-11 10:02,45.1500,2024-03-11 10:31,47.0200,2024-03-11 10:33,47.3600,2024-03-11 10:38,46.6200,2,5,7,2,5,7,0.007231,0.048948,intraday,intraday,0,0
2024-03-11 11:30,46.0200,2024-03-12 09:30,48.6000,2024-03-12 09:30,48.6000,2024-03-12 09:32,47.8500,0,2,2,0,2,2,0.000000,0.056063,intraday,intraday,0,0
2024-03-12 09:47,46.0300,2024-03-12 10:30,47.9100,2024-03-12 11:28,49.2200,2024-03-12 11:46,48.3600,58,18,76,58,18,76,0.027343,0.069303,intraday,intraday,0,0
2024-03-12 13:08,47.3900,2024-03-12 15:48,49.3000,2024-03-12 15:59,49.6600,2024-03-13 09:30,47.6500,11,1,12,11,1051,1062,0.007302,0.047900,overnight,overnight,1,1
2024-03-15 09:31,41.8700,2024-03-15 10:35,43.6900,2024-03-15 10:38,44.0800,2024-03-15 10:57,43.2900,3,19,22,3,19,22,0.008927,0.052782,intraday,intraday,0,0
2024-03-15 15:57,42.6300,2024-03-18 09:30,45.0900,2024-03-18 09:30,45.0900,2024-03-18 09:48,44.2700,0,18,18,0,18,18,0.000000,0.057706,intraday,intraday,0,0
2024-03-19 10:30,39.0100,2024-03-19 12:19,40.5800,2024-03-19 14:45,41.8500,2024-03-19 15:08,41.2100,146,23,169,146,23,169,0.031296,0.072802,intraday,intraday,0,0
2024-03-20 13:45,40.6500,2024-03-20 14:05,42.3800,2024-03-20 14:05,42.3800,2024-03-20 14:17,41.5600,0,12,12,0,12,12,0.000000,0.042558,intraday,intraday,0,0
2024-03-20 14:34,41.0900,2024-03-20 15:06,42.8100,2024-03-20 15:34,43.7500,2024-03-20 15:44,43.0800,28,10,38,28,10,38,0.021957,0.064736,intraday,intraday,0,0
2024-03-20 15:50,43.0000,2024-03-21 09:30,47.3600,2024-03-21 09:40,47.6900,2024-03-21 09:48,46.9300,10,8,18,10,8,18,0.006968,0.109070,intraday,intraday,0,0
2024-03-21 09:53,46.7200,2024-03-21 11:50,48.6800,2024-03-21 11:51,48.7500,2024-03-21 13:34,47.8500,1,103,104,1,103,104,0.001438,0.043450,intraday,intraday,0,0
2024-03-22 10:51,45.2700,2024-03-22 13:12,47.0900,2024-03-22 13:17,47.4600,2024-03-22 14:21,46.6900,5,64,69,5,64,69,0.007857,0.048376,intraday,intraday,0,0
2024-03-25 09:40,44.7900,2024-03-25 11:00,46.5900,2024-03-25 11:42,47.0900,2024-03-25 12:03,46.3100,42,21,63,42,21,63,0.010732,0.051351,intraday,intraday,0,0
2024-03-27 10:03,43.9700,2024-03-27 12:45,45.7700,2024-03-27 14:29,46.1600,2024-03-27 15:10,45.4200,104,41,145,104,41,145,0.008521,0.049807,intraday,intraday,0,0
2024-03-27 15:19,45.3400,2024-03-28 09:45,47.2200,2024-03-28 09:45,47.2200,2024-03-28 10:10,46.4900,0,25,25,0,25,25,0.000000,0.041464,intraday,intraday,0,0
2024-03-28 14:01,46.0700,2024-04-01 09:34,48.0500,2024-04-01 09:56,49.9700,2024-04-01 10:04,49.0500,22,8,30,22,8,30,0.039958,0.084654,intraday,intraday,0,0
2024-04-02 10:19,44.4100,2024-04-03 10:05,46.2200,2024-04-03 10:35,47.1800,2024-04-03 11:55,46.4300,30,80,110,30,80,110,0.020770,0.062373,intraday,intraday,0,0
2024-04-03 15:30,45.6100,2024-04-04 09:30,48.3100,2024-04-04 09:30,48.3100,2024-04-04 09:46,47.5700,0,16,16,0,16,16,0.000000,0.059198,intraday,intraday,0,0
2024-04-04 15:29,42.0400,2024-04-05 10:57,43.7900,2024-04-05 11:00,43.9100,2024-04-05 11:16,43.0600,3,16,19,3,16,19,0.002740,0.044481,intraday,intraday,0,0
2024-04-05 11:16,43.0600,2024-04-08 10:30,44.8600,2024-04-08 10:33,45.0900,2024-04-08 11:27,44.3200,3,54,57,3,54,57,0.005127,0.047144,intraday,intraday,0,0
2024-04-08 12:24,43.5500,2024-04-09 09:30,45.5100,2024-04-09 09:41,45.8000,2024-04-09 09:49,45.0200,11,8,19,11,8,19,0.006372,0.051665,intraday,intraday,0,0
2024-04-09 10:55,43.1800,2024-04-09 15:28,44.9400,2024-04-09 15:59,45.4200,2024-04-10 09:30,42.9700,31,1,32,31,1051,1082,0.010681,0.051876,overnight,overnight,1,1
2024-04-10 09:30,42.9700,2024-04-10 09:56,44.7100,2024-04-10 09:56,44.7100,2024-04-10 10:04,43.9800,0,8,8,0,8,8,0.000000,0.040493,intraday,intraday,0,0
2024-04-10 15:05,42.2100,2024-04-11 10:08,43.9100,2024-04-11 10:08,43.9100,2024-04-11 10:14,43.1800,0,6,6,0,6,6,0.000000,0.040275,intraday,intraday,0,0
2024-04-11 10:16,42.7600,2024-04-11 13:08,44.5200,2024-04-11 15:41,46.0200,2024-04-12 09:30,43.3200,153,19,172,153,1069,1222,0.033693,0.076239,overnight,overnight,1,1
2024-04-12 15:14,41.0400,2024-04-15 09:30,42.8500,2024-04-15 10:01,43.3600,2024-04-15 10:07,42.5100,31,6,37,31,6,37,0.011902,0.056530,intraday,intraday,0,0
2024-04-15 15:18,39.1200,2024-04-16 11:27,40.6900,2024-04-16 13:08,40.9300,2024-04-16 13:30,40.0600,101,22,123,101,22,123,0.005898,0.046268,intraday,intraday,0,0
2024-04-18 09:39,34.5900,2024-04-18 10:35,36.1100,2024-04-18 11:21,36.7300,2024-04-18 12:07,36.1200,46,46,92,46,46,92,0.017170,0.061868,intraday,intraday,0,0
2024-04-19 15:06,30.3500,2024-04-22 09:44,31.6300,2024-04-22 09:52,32.0500,2024-04-22 09:59,31.5200,8,7,15,8,7,15,0.013279,0.056013,intraday,intraday,0,0
2024-04-22 11:15,30.5000,2024-04-22 13:07,31.8000,2024-04-22 14:35,32.8300,2024-04-22 15:20,32.3200,88,45,133,88,45,133,0.032390,0.076393,intraday,intraday,0,0
2024-04-22 15:54,31.8300,2024-04-23 09:32,33.1400,2024-04-23 09:32,33.1400,2024-04-23 09:34,32.6000,0,2,2,0,2,2,0.000000,0.041156,intraday,intraday,0,0
2024-04-23 09:34,32.6000,2024-04-23 10:21,33.9400,2024-04-23 10:32,34.4100,2024-04-23 10:45,33.8400,11,13,24,11,13,24,0.013848,0.055521,intraday,intraday,0,0
2024-04-23 11:02,33.7100,2024-04-24 09:30,37.1000,2024-04-24 09:49,37.4300,2024-04-24 09:55,36.8500,19,6,25,19,6,25,0.008895,0.110353,intraday,intraday,0,0
2024-04-24 12:34,34.6500,2024-04-25 09:44,36.1500,2024-04-25 09:45,36.2600,2024-04-25 09:48,35.5500,1,3,4,1,3,4,0.003043,0.046465,intraday,intraday,0,0
2024-04-25 09:48,35.5500,2024-04-25 10:18,37.1200,2024-04-25 10:24,37.2400,2024-04-25 10:33,36.6300,6,9,15,6,9,15,0.003233,0.047539,intraday,intraday,0,0
2024-04-25 11:33,35.9500,2024-04-25 13:39,37.4600,2024-04-25 13:54,37.8200,2024-04-25 14:41,37.2300,15,47,62,15,47,62,0.009610,0.052017,intraday,intraday,0,0
2024-04-26 09:32,37.0800,2024-04-26 09:57,38.6800,2024-04-26 13:26,40.2600,2024-04-26 14:44,39.6300,209,78,287,209,78,287,0.040848,0.085761,intraday,intraday,0,0
2024-04-29 09:53,38.7400,2024-04-29 12:16,40.3200,2024-04-29 13:38,40.8100,2024-04-29 15:03,40.0600,82,85,167,82,85,167,0.012153,0.053433,intraday,intraday,0,0
2024-05-01 12:00,33.6600,2024-05-01 14:00,35.0800,2024-05-01 14:29,35.7300,2024-05-01 14:31,34.9200,29,2,31,29,2,31,0.018529,0.061497,intraday,intraday,0,0
2024-05-01 14:31,34.9200,2024-05-01 14:40,36.4200,2024-05-01 15:01,37.9400,2024-05-01 15:06,37.3200,21,5,26,21,5,26,0.041735,0.086483,intraday,intraday,0,0
2024-05-01 15:59,34.2700,2024-05-02 09:30,36.0400,2024-05-02 09:32,36.3300,2024-05-02 09:47,35.7600,2,15,17,2,15,17,0.008047,0.060111,intraday,intraday,0,0
2024-05-02 10:10,34.2700,2024-05-02 11:02,35.7000,2024-05-02 11:56,36.0900,2024-05-02 12:16,35.5200,54,20,74,54,20,74,0.010924,0.053108,intraday,intraday,0,0
2024-05-02 12:37,35.2700,2024-05-02 15:05,36.7700,2024-05-02 15:09,36.8600,2024-05-02 15:45,36.2500,4,36,40,4,36,40,0.002448,0.045081,intraday,intraday,0,0
2024-05-02 15:50,36.1100,2024-05-03 09:30,38.6800,2024-05-03 09:49,39.4600,2024-05-03 10:04,38.7600,19,15,34,19,15,34,0.020165,0.092772,intraday,intraday,0,0
2024-05-03 11:10,38.3500,2024-05-06 09:36,39.8900,2024-05-06 09:59,40.9600,2024-05-06 11:04,40.3300,23,65,88,23,65,88,0.026824,0.068057,intraday,intraday,0,0
2024-05-08 09:33,39.1200,2024-05-10 09:30,41.2300,2024-05-10 09:48,42.1800,2024-05-10 10:07,41.5200,18,19,37,18,19,37,0.023041,0.078221,intraday,intraday,0,0
2024-05-10 10:54,40.5900,2024-05-14 10:23,42.3300,2024-05-14 10:30,42.7300,2024-05-14 10:39,42.0800,7,9,16,7,9,16,0.009450,0.052722,intraday,intraday,0,0
2024-05-14 10:40,41.9800,2024-05-15 09:30,44.4800,2024-05-16 11:57,48.0200,2024-05-16 12:35,47.2900,537,38,575,1587,38,1625,0.079586,0.143878,overnight,intraday,0,1
2024-05-17 14:23,44.4700,2024-05-20 09:32,46.5700,2024-05-20 12:58,49.2500,2024-05-20 13:27,48.4900,206,29,235,206,29,235,0.057548,0.107488,intraday,intraday,0,0
2024-05-21 09:58,46.4400,2024-05-22 09:30,49.1300,2024-05-22 09:52,49.5700,2024-05-22 10:10,48.7600,22,18,40,22,18,40,0.008956,0.067399,intraday,intraday,0,0
2024-05-22 14:29,48.1300,2024-05-23 09:30,52.8900,2024-05-23 09:30,52.8900,2024-05-23 09:42,52.0500,0,12,12,0,12,12,0.000000,0.098899,intraday,intraday,0,0
2024-05-23 10:58,49.0800,2024-05-23 11:53,51.1300,2024-05-23 12:01,51.2100,2024-05-23 12:53,50.4400,8,52,60,8,52,60,0.001565,0.043399,intraday,intraday,0,0
2024-05-23 15:13,47.6900,2024-05-24 09:30,49.8000,2024-05-24 11:19,52.0700,2024-05-24 13:04,51.2400,109,105,214,109,105,214,0.045582,0.091843,intraday,intraday,0,0
2024-05-24 13:11,51.0200,2024-05-28 09:30,53.2000,2024-05-28 09:31,53.4800,2024-05-28 09:36,52.6300,1,5,6,1,5,6,0.005263,0.048216,intraday,intraday,0,0
2024-05-28 09:46,51.8700,2024-05-28 10:47,53.9800,2024-05-28 13:40,54.8900,2024-05-28 14:01,54.0400,173,21,194,173,21,194,0.016858,0.058222,intraday,intraday,0,0
2024-05-31 12:22,44.4600,2024-05-31 13:31,46.2500,2024-05-31 13:31,46.2500,2024-05-31 13:57,45.5200,0,26,26,0,26,26,0.000000,0.040261,intraday,intraday,0,0
2024-05-31 14:09,45.2800,2024-05-31 15:32,47.2000,2024-06-03 09:30,50.6200,2024-06-03 09:50,49.7300,28,20,48,3958,20,3978,0.072458,0.117933,weekend,intraday,0,1
2024-06-03 13:11,46.1600,2024-06-03 15:24,48.0100,2024-06-03 15:59,48.6800,2024-06-04 09:35,47.7900,35,6,41,35,1056,1091,0.013955,0.054593,overnight,overnight,0,1
2024-06-04 12:18,46.5100,2024-06-05 09:30,49.6300,2024-06-05 15:59,53.7800,2024-06-06 09:40,52.9500,389,11,400,389,1061,1450,0.083619,0.156310,overnight,overnight,0,1
2024-06-10 09:30,50.5400,2024-06-10 10:20,52.6200,2024-06-10 12:55,54.5700,2024-06-10 13:29,53.6400,155,34,189,155,34,189,0.037058,0.079739,intraday,intraday,0,0
2024-06-11 09:54,51.7100,2024-06-11 13:51,53.7900,2024-06-12 10:19,59.3900,2024-06-12 10:39,58.3700,178,20,198,1228,20,1248,0.104109,0.148521,overnight,intraday,0,1
2024-06-12 15:42,57.4000,2024-06-13 09:30,60.7000,2024-06-13 09:32,61.4200,2024-06-13 09:44,60.4500,2,12,14,2,12,14,0.011862,0.070035,intraday,intraday,0,0
2024-06-13 10:23,58.3900,2024-06-13 14:44,60.7400,2024-06-13 15:58,61.1700,2024-06-14 09:30,59.0500,74,2,76,74,1052,1126,0.007079,0.047611,overnight,overnight,1,1
2024-06-14 11:48,58.3800,2024-06-17 09:30,60.9500,2024-06-17 09:31,61.0300,2024-06-17 09:45,59.9700,1,14,15,1,14,15,0.001313,0.045392,intraday,intraday,0,0
2024-06-17 10:28,59.0000,2024-06-17 12:46,61.3700,2024-06-18 10:48,65.4500,2024-06-18 11:13,64.3600,272,25,297,1322,25,1347,0.066482,0.109322,overnight,intraday,0,1
2024-06-20 13:38,58.9200,2024-06-20 14:28,61.3600,2024-06-20 14:32,61.4500,2024-06-20 14:50,60.3900,4,18,22,4,18,22,0.001467,0.042940,intraday,intraday,0,0
2024-06-21 09:52,56.1400,2024-06-21 10:47,58.4000,2024-06-21 11:19,59.4800,2024-06-21 11:32,58.5200,32,13,45,32,13,45,0.018493,0.059494,intraday,intraday,0,0
2024-06-25 09:37,52.4500,2024-06-25 10:09,54.7100,2024-06-25 10:09,54.7100,2024-06-25 10:17,53.8300,0,8,8,0,8,8,0.000000,0.043089,intraday,intraday,0,0
2024-06-25 10:55,53.3200,2024-06-26 09:31,55.5600,2024-06-26 09:52,56.1900,2024-06-26 10:25,55.3300,21,33,54,21,33,54,0.011339,0.053826,intraday,intraday,0,0
2024-06-26 15:13,52.8900,2024-06-27 09:36,55.0300,2024-06-27 09:46,55.4700,2024-06-27 09:52,54.4700,10,6,16,10,6,16,0.007996,0.048780,intraday,intraday,0,0
2024-06-27 11:35,52.9300,2024-06-28 09:35,55.1800,2024-06-28 10:14,58.4800,2024-06-28 10:36,57.4800,39,22,61,39,22,61,0.059804,0.104855,intraday,intraday,0,0
2024-07-01 10:14,52.3900,2024-07-01 12:01,54.5400,2024-07-01 12:18,55.1300,2024-07-01 13:05,54.2500,17,47,64,17,47,64,0.010818,0.052300,intraday,intraday,0,0
2024-07-01 13:23,54.1700,2024-07-02 09:39,56.4200,2024-07-02 09:46,56.9200,2024-07-02 09:55,55.8200,7,9,16,7,9,16,0.008862,0.050766,intraday,intraday,0,0
2024-07-02 10:24,54.7500,2024-07-02 14:10,56.9400,2024-07-03 09:34,58.8900,2024-07-03 09:37,57.9000,114,3,117,1164,3,1167,0.034247,0.075616,overnight,intraday,0,1
2024-07-03 09:40,57.4100,2024-07-03 11:01,59.7300,2024-07-03 12:29,61.4800,2024-07-03 12:42,60.4200,88,13,101,88,13,101,0.029299,0.070894,intraday,intraday,0,0
2024-07-03 12:47,59.5600,2024-07-05 09:31,61.9700,2024-07-05 09:32,62.1800,2024-07-05 09:43,60.8300,1,11,12,1,11,12,0.003389,0.043989,intraday,intraday,0,0
2024-07-05 10:11,59.8600,2024-07-08 09:30,62.6000,2024-07-08 09:50,64.2300,2024-07-08 10:19,63.2600,20,29,49,20,29,49,0.026038,0.073004,intraday,intraday,0,0
2024-07-08 10:57,62.7200,2024-07-09 09:30,65.2800,2024-07-09 09:34,66.1200,2024-07-09 09:38,65.0000,4,4,8,4,4,8,0.012868,0.054209,intraday,intraday,0,0
2024-07-09 13:24,62.4700,2024-07-10 09:30,65.6400,2024-07-10 10:09,67.3500,2024-07-10 11:01,66.2300,39,52,91,39,52,91,0.026051,0.078117,intraday,intraday,0,0
2024-07-10 11:02,66.0800,2024-07-10 15:46,68.7300,2024-07-11 09:30,69.4600,2024-07-11 09:39,68.3200,14,9,23,1064,9,1073,0.010621,0.051150,overnight,intraday,0,1
2024-07-11 14:03,61.2700,2024-07-12 09:49,63.8000,2024-07-12 11:13,66.3900,2024-07-12 11:24,65.3300,84,11,95,84,11,95,0.040596,0.083565,intraday,intraday,0,0
2024-07-12 12:11,64.6500,2024-07-12 13:52,67.2400,2024-07-12 13:56,67.2900,2024-07-12 15:20,66.1900,4,84,88,4,84,88,0.000744,0.040835,intraday,intraday,0,0
2024-07-12 15:50,63.5500,2024-07-15 10:54,66.2000,2024-07-15 11:23,66.7400,2024-07-15 11:34,65.6100,29,11,40,29,11,40,0.008157,0.050197,intraday,intraday,0,0
2024-07-16 10:09,62.3200,2024-07-16 11:11,64.8400,2024-07-16 11:11,64.8400,2024-07-16 12:16,63.8200,0,65,65,0,65,65,0.000000,0.040436,intraday,intraday,0,0
2024-07-17 15:58,51.3900,2024-07-18 09:30,53.7700,2024-07-18 09:31,53.8600,2024-07-18 09:34,53.0100,1,3,4,1,3,4,0.001674,0.048064,intraday,intraday,0,0
2024-07-18 11:33,49.1300,2024-07-18 12:38,51.1200,2024-07-18 13:02,51.5700,2024-07-18 13:07,50.7200,24,5,29,24,5,29,0.008803,0.049664,intraday,intraday,0,0
2024-07-18 15:13,49.4000,2024-07-18 15:40,51.3900,2024-07-18 15:49,52.6700,2024-07-18 15:51,51.7100,9,2,11,9,2,11,0.024908,0.066194,intraday,intraday,0,0
2024-07-19 15:55,46.7800,2024-07-22 09:30,49.5900,2024-07-22 09:47,51.3500,2024-07-22 09:59,50.4200,17,12,29,17,12,29,0.035491,0.097691,intraday,intraday,0,0
2024-07-22 11:34,49.2100,2024-07-22 12:53,51.1800,2024-07-22 15:48,52.9000,2024-07-23 09:30,50.6400,175,12,187,175,1062,1237,0.033607,0.074985,overnight,overnight,1,1
2024-07-25 10:13,37.4900,2024-07-25 10:16,39.0500,2024-07-25 10:59,41.8800,2024-07-25 11:02,40.9000,43,3,46,43,3,46,0.072471,0.117098,intraday,intraday,0,0
2024-07-25 11:42,40.6500,2024-07-25 12:21,42.3900,2024-07-25 12:41,43.2300,2024-07-25 12:51,42.5800,20,10,30,20,10,30,0.019816,0.063469,intraday,intraday,0,0
2024-07-25 15:59,39.5900,2024-07-26 09:30,41.6400,2024-07-26 09:32,41.9100,2024-07-26 09:34,41.2300,2,2,4,2,2,4,0.006484,0.058601,intraday,intraday,0,0
2024-07-26 10:46,40.8000,2024-07-26 12:26,42.4600,2024-07-26 13:31,42.9900,2024-07-26 13:35,42.0300,65,4,69,65,4,69,0.012482,0.053676,intraday,intraday,0,0
2024-07-26 15:17,40.9600,2024-07-29 09:30,43.3400,2024-07-29 09:45,44.8700,2024-07-29 09:50,44.0000,15,5,20,15,5,20,0.035302,0.095459,intraday,intraday,0,0
2024-07-29 11:34,41.3500,2024-07-29 12:05,43.1900,2024-07-29 12:21,43.2300,2024-07-29 13:29,42.3700,16,68,84,16,68,84,0.000926,0.045466,intraday,intraday,0,0
2024-07-30 13:03,36.8500,2024-07-30 13:38,38.5300,2024-07-30 13:44,38.6400,2024-07-30 14:03,38.0100,6,19,25,6,19,25,0.002855,0.048575,intraday,intraday,0,0
2024-07-30 15:42,36.9900,2024-07-31 09:30,42.2200,2024-07-31 09:30,42.2200,2024-07-31 09:31,41.5400,0,1,1,0,1,1,0.000000,0.141390,intraday,intraday,0,0
2024-07-31 09:31,41.5400,2024-07-31 13:07,43.2100,2024-07-31 13:13,43.3600,2024-07-31 13:30,42.5400,6,17,23,6,17,23,0.003471,0.043813,intraday,intraday,0,0
2024-07-31 13:42,41.8900,2024-07-31 14:30,43.6400,2024-07-31 14:53,44.6500,2024-07-31 15:04,43.9600,23,11,34,23,11,34,0.023144,0.065887,intraday,intraday,0,0
2024-08-01 13:50,34.2700,2024-08-01 13:59,35.6900,2024-08-01 13:59,35.6900,2024-08-01 14:06,35.1500,0,7,7,0,7,7,0.000000,0.041436,intraday,intraday,0,0
2024-08-01 14:54,33.4600,2024-08-01 15:29,34.8900,2024-08-01 15:49,35.4200,2024-08-01 15:55,34.5000,20,6,26,20,6,26,0.015191,0.058577,intraday,intraday,0,0
2024-08-02 09:34,28.9200,2024-08-02 09:36,30.1700,2024-08-02 09:40,31.5300,2024-08-02 09:41,31.0500,4,1,5,4,1,5,0.045078,0.090249,intraday,intraday,0,0
2024-08-02 10:14,28.1500,2024-08-02 10:25,29.3800,2024-08-02 10:27,29.9000,2024-08-02 10:33,29.3400,2,6,8,2,6,8,0.017699,0.062167,intraday,intraday,0,0
2024-08-02 10:39,28.6200,2024-08-02 10:49,29.8300,2024-08-02 10:50,29.8800,2024-08-02 10:52,29.3600,1,2,3,1,2,3,0.001676,0.044025,intraday,intraday,0,0
2024-08-02 11:00,28.7500,2024-08-02 11:23,29.9000,2024-08-02 11:44,31.2000,2024-08-02 11:48,30.6600,21,4,25,21,4,25,0.043478,0.085217,intraday,intraday,0,0
2024-08-02 13:43,28.4600,2024-08-02 14:31,29.6000,2024-08-02 14:31,29.6000,2024-08-02 14:35,29.0600,0,4,4,0,4,4,0.000000,0.040056,intraday,intraday,0,0
2024-08-05 09:30,23.5200,2024-08-05 09:33,24.6100,2024-08-05 09:39,26.4300,2024-08-05 09:40,25.1200,6,1,7,6,1,7,0.073954,0.123724,intraday,intraday,0,0
2024-08-05 09:41,24.8900,2024-08-05 09:45,26.1400,2024-08-05 09:47,26.8000,2024-08-05 09:53,26.1700,2,6,8,2,6,8,0.025249,0.076738,intraday,intraday,0,0
2024-08-05 09:53,26.1700,2024-08-05 10:00,28.0400,2024-08-05 10:01,28.6400,2024-08-05 10:03,27.9600,1,2,3,1,2,3,0.021398,0.094383,intraday,intraday,0,0
2024-08-05 10:12,26.0900,2024-08-05 10:16,27.1500,2024-08-05 10:19,27.6600,2024-08-05 10:22,27.1700,3,3,6,3,3,6,0.018785,0.060176,intraday,intraday,0,0
2024-08-05 10:29,26.5500,2024-08-05 10:53,27.7200,2024-08-05 10:54,27.8600,2024-08-05 10:57,27.1100,1,3,4,1,3,4,0.005051,0.049341,intraday,intraday,0,0
2024-08-05 11:01,26.8000,2024-08-05 11:11,28.3500,2024-08-05 11:11,28.3500,2024-08-05 11:13,27.9000,0,2,2,0,2,2,0.000000,0.057836,intraday,intraday,0,0
2024-08-05 11:29,27.8800,2024-08-05 12:19,29.0600,2024-08-05 12:28,30.1200,2024-08-05 12:31,29.6000,9,3,12,9,3,12,0.036476,0.080344,intraday,intraday,0,0
2024-08-05 14:46,27.0400,2024-08-06 09:30,28.7700,2024-08-06 09:32,29.0700,2024-08-06 09:34,28.4100,2,2,4,2,2,4,0.010428,0.075074,intraday,intraday,0,0
2024-08-06 09:42,27.2100,2024-08-06 09:48,28.3500,2024-08-06 09:48,28.3500,2024-08-06 09:51,27.9000,0,3,3,0,3,3,0.000000,0.041896,intraday,intraday,0,0
2024-08-06 09:51,27.9000,2024-08-06 10:07,29.0400,2024-08-06 10:08,29.2800,2024-08-06 10:12,28.8300,1,4,5,1,4,5,0.008264,0.049462,intraday,intraday,0,0
2024-08-06 10:30,28.3800,2024-08-06 10:47,29.6700,2024-08-06 10:49,29.7900,2024-08-06 11:11,29.3000,2,22,24,2,22,24,0.004044,0.049683,intraday,intraday,0,0
2024-08-06 11:29,28.6900,2024-08-06 12:45,29.8400,2024-08-06 13:06,30.6600,2024-08-06 13:17,30.1700,21,11,32,21,11,32,0.027480,0.068665,intraday,intraday,0,0
2024-08-06 15:58,28.5700,2024-08-07 09:30,31.6800,2024-08-07 09:31,31.8300,2024-08-07 09:33,31.2000,1,2,3,1,2,3,0.004735,0.114106,intraday,intraday,0,0
2024-08-07 10:28,29.7200,2024-08-07 11:08,30.9200,2024-08-07 11:08,30.9200,2024-08-07 11:24,30.3900,0,16,16,0,16,16,0.000000,0.040377,intraday,intraday,0,0
2024-08-07 14:18,26.3700,2024-08-07 15:04,27.5400,2024-08-07 15:06,27.6300,2024-08-07 15:13,27.0900,2,7,9,2,7,9,0.003268,0.047782,intraday,intraday,0,0
2024-08-07 15:56,26.0400,2024-08-08 09:30,28.7300,2024-08-08 09:30,28.7300,2024-08-08 09:32,28.2000,0,2,2,0,2,2,0.000000,0.103303,intraday,intraday,0,0
2024-08-08 09:48,27.0700,2024-08-08 10:00,28.2500,2024-08-08 10:40,29.8700,2024-08-08 10:44,29.4200,40,4,44,40,4,44,0.057345,0.103436,intraday,intraday,0,0
2024-08-08 10:45,29.3600,2024-08-08 12:05,30.7000,2024-08-08 12:05,30.7000,2024-08-08 12:31,30.2000,0,26,26,0,26,26,0.000000,0.045640,intraday,intraday,0,0
2024-08-08 12:42,29.9000,2024-08-08 13:34,31.1000,2024-08-08 14:05,31.4600,2024-08-08 14:27,30.9700,31,22,53,31,22,53,0.011576,0.052174,intraday,intraday,0,0
2024-08-09 10:00,29.6400,2024-08-09 10:12,30.9400,2024-08-09 10:13,31.0700,2024-08-09 10:23,30.5300,1,10,11,1,10,11,0.004202,0.048246,intraday,intraday,0,0
2024-08-09 10:35,29.9000,2024-08-09 13:14,31.1200,2024-08-09 13:40,31.7400,2024-08-09 13:54,31.2100,26,14,40,26,14,40,0.019923,0.061538,intraday,intraday,0,0
2024-08-12 09:57,30.3600,2024-08-12 10:15,31.6000,2024-08-12 10:37,32.3400,2024-08-12 10:57,31.8100,22,20,42,22,20,42,0.023418,0.065217,intraday,intraday,0,0
2024-08-12 13:00,30.9700,2024-08-13 09:30,32.8200,2024-08-13 09:31,32.9100,2024-08-13 09:35,32.2400,1,4,5,1,4,5,0.002742,0.062641,intraday,intraday,0,0
2024-08-13 09:35,32.2400,2024-08-13 10:47,33.5600,2024-08-13 13:14,35.1100,2024-08-13 13:46,34.3500,147,32,179,147,32,179,0.046186,0.089020,intraday,intraday,0,0
2024-08-13 13:46,34.3500,2024-08-14 09:30,36.4600,2024-08-14 09:31,36.5100,2024-08-14 09:33,35.7700,1,2,3,1,2,3,0.001371,0.062882,intraday,intraday,0,0
2024-08-14 10:34,33.3600,2024-08-14 10:53,34.7300,2024-08-14 12:01,35.9900,2024-08-14 12:15,35.3400,68,14,82,68,14,82,0.036280,0.078837,intraday,intraday,0,0
2024-08-14 12:44,34.2800,2024-08-15 09:30,37.0500,2024-08-15 12:23,40.1600,2024-08-15 12:47,39.5500,173,24,197,173,24,197,0.083941,0.171529,intraday,intraday,0,0
2024-08-16 09:30,38.1100,2024-08-16 10:11,39.6600,2024-08-16 10:19,40.1800,2024-08-16 10:37,39.5100,8,18,26,8,18,26,0.013111,0.054316,intraday,intraday,0,0
2024-08-19 10:02,37.9900,2024-08-19 11:03,39.5400,2024-08-19 11:09,39.7000,2024-08-19 12:00,39.0000,6,51,57,6,51,57,0.004047,0.045012,intraday,intraday,0,0
2024-08-19 12:00,39.0000,2024-08-19 14:28,40.5900,2024-08-19 15:59,41.7300,2024-08-20 09:30,40.9500,91,1,92,91,1051,1142,0.028086,0.070000,overnight,overnight,1,1
2024-08-20 13:00,39.1300,2024-08-20 14:37,40.7700,2024-08-20 15:02,40.9500,2024-08-20 15:25,40.3200,25,23,48,25,23,48,0.004415,0.046512,intraday,intraday,0,0
2024-08-20 15:59,40.0400,2024-08-21 10:41,41.8600,2024-08-21 10:42,42.0400,2024-08-21 10:50,41.0900,1,8,9,1,8,9,0.004300,0.049950,intraday,intraday,0,0
2024-08-21 12:02,40.3800,2024-08-21 14:28,42.0300,2024-08-21 14:33,42.3300,2024-08-21 14:42,41.6700,5,9,14,5,9,14,0.007138,0.048291,intraday,intraday,0,0
2024-08-21 15:23,40.9700,2024-08-22 09:30,42.8700,2024-08-22 09:30,42.8700,2024-08-22 09:35,42.0900,0,5,5,0,5,5,0.000000,0.046375,intraday,intraday,0,0
2024-08-22 11:49,38.6300,2024-08-22 12:26,40.2600,2024-08-22 12:43,40.4600,2024-08-22 12:50,39.7700,17,7,24,17,7,24,0.004968,0.047373,intraday,intraday,0,0
2024-08-22 15:44,37.1800,2024-08-23 09:30,38.9500,2024-08-23 10:02,40.9400,2024-08-23 10:05,40.1700,32,3,35,32,3,35,0.051091,0.101130,intraday,intraday,0,0
2024-08-23 10:52,38.9400,2024-08-23 11:15,40.5200,2024-08-23 11:18,40.5900,2024-08-23 11:45,39.7300,3,27,30,3,27,30,0.001728,0.042373,intraday,intraday,0,0
2024-08-27 09:45,35.6700,2024-08-27 10:10,37.1300,2024-08-27 11:10,38.4400,2024-08-27 11:29,37.8500,60,19,79,60,19,79,0.035281,0.077656,intraday,intraday,0,0
2024-08-28 11:17,35.3700,2024-08-28 14:59,36.8000,2024-08-28 15:31,37.1100,2024-08-28 15:59,36.5000,32,28,60,32,28,60,0.008424,0.049194,intraday,intraday,0,0
2024-08-28 15:59,36.5000,2024-08-29 09:33,38.0200,2024-08-29 09:34,38.3600,2024-08-29 09:41,37.6800,1,7,8,1,7,8,0.008943,0.050959,intraday,intraday,0,0
2024-08-29 15:12,35.7300,2024-08-30 09:30,38.5000,2024-08-30 09:30,38.5000,2024-08-30 09:33,37.8600,0,3,3,0,3,3,0.000000,0.077526,intraday,intraday,0,0
2024-08-30 12:48,37.1300,2024-08-30 15:56,38.7700,2024-08-30 15:59,38.9200,2024-09-03 09:30,36.3800,3,1,4,3,5371,5374,0.003869,0.048209,weekend,weekend,1,1
2024-09-04 09:31,28.8300,2024-09-04 09:47,30.0200,2024-09-04 09:48,30.3000,2024-09-04 10:00,29.0400,1,12,13,1,12,13,0.009327,0.050989,intraday,intraday,0,0
2024-09-04 10:00,29.0400,2024-09-04 10:09,30.2100,2024-09-04 10:10,30.6700,2024-09-04 10:13,30.1600,1,3,4,1,3,4,0.015227,0.056129,intraday,intraday,0,0
2024-09-04 10:21,29.9000,2024-09-04 10:40,31.3100,2024-09-04 10:40,31.3100,2024-09-04 10:48,30.8300,0,8,8,0,8,8,0.000000,0.047157,intraday,intraday,0,0
2024-09-05 09:31,28.8600,2024-09-05 09:45,30.1700,2024-09-05 09:46,30.2700,2024-09-05 09:51,29.8100,1,5,6,1,5,6,0.003315,0.048857,intraday,intraday,0,0
2024-09-05 09:51,29.8100,2024-09-05 10:06,31.0600,2024-09-05 10:08,31.1400,2024-09-05 10:11,30.4600,2,3,5,2,3,5,0.002576,0.044616,intraday,intraday,0,0
2024-09-05 11:33,29.0400,2024-09-05 13:46,30.2700,2024-09-05 14:51,30.3800,2024-09-05 15:14,29.8700,65,23,88,65,23,88,0.003634,0.046143,intraday,intraday,0,0
2024-09-06 12:52,25.5100,2024-09-06 13:23,26.5600,2024-09-06 13:24,26.5800,2024-09-06 13:29,26.1400,1,5,6,1,5,6,0.000753,0.041944,intraday,intraday,0,0
2024-09-06 14:24,25.5300,2024-09-09 09:30,27.1200,2024-09-09 09:39,27.3500,2024-09-09 09:48,26.8700,9,9,18,9,9,18,0.008481,0.071289,intraday,intraday,0,0
2024-09-09 10:59,26.2400,2024-09-09 12:29,27.3000,2024-09-09 13:12,27.5100,2024-09-09 13:43,27.0700,43,31,74,43,31,74,0.007692,0.048399,intraday,intraday,0,0
2024-09-10 12:03,26.3100,2024-09-10 13:48,27.3800,2024-09-11 09:33,29.4600,2024-09-11 09:34,28.9200,135,1,136,1185,1,1186,0.075968,0.119726,overnight,intraday,0,1
2024-09-11 10:47,27.1300,2024-09-11 11:13,28.2300,2024-09-11 11:46,28.9800,2024-09-11 11:56,28.3900,33,10,43,33,10,43,0.026567,0.068190,intraday,intraday,0,0
2024-09-11 11:56,28.3900,2024-09-11 12:25,29.5500,2024-09-11 12:29,29.6400,2024-09-11 12:47,29.1800,4,18,22,4,18,22,0.003046,0.044030,intraday,intraday,0,0
2024-09-11 12:48,29.1200,2024-09-11 13:46,30.4000,2024-09-11 14:42,31.6300,2024-09-11 14:53,31.0700,56,11,67,56,11,67,0.040461,0.086195,intraday,intraday,0,0
2024-09-11 15:03,30.8600,2024-09-11 15:53,32.1300,2024-09-11 15:58,32.3700,2024-09-12 09:30,31.1000,5,2,7,5,1052,1057,0.007470,0.048931,overnight,overnight,1,1
2024-09-12 09:50,30.4100,2024-09-12 10:13,31.6400,2024-09-12 10:34,32.5200,2024-09-12 10:36,31.8900,21,2,23,21,2,23,0.027813,0.069385,intraday,intraday,0,0
2024-09-12 11:46,31.0500,2024-09-12 13:39,32.3100,2024-09-12 13:55,32.6700,2024-09-12 14:31,32.1600,16,36,52,16,36,52,0.011142,0.052174,intraday,intraday,0,0
2024-09-12 15:49,31.5500,2024-09-13 09:32,32.8400,2024-09-13 09:37,33.4500,2024-09-13 09:49,32.8900,5,12,17,5,12,17,0.018575,0.060222,intraday,intraday,0,0
2024-09-16 09:35,31.1800,2024-09-16 10:04,32.4300,2024-09-16 10:05,32.6200,2024-09-16 10:20,31.9100,1,15,16,1,15,16,0.005859,0.046183,intraday,intraday,0,0
2024-09-16 12:21,30.8500,2024-09-16 15:05,32.1100,2024-09-17 09:31,33.4700,2024-09-17 09:34,32.9100,56,3,59,1106,3,1109,0.042354,0.084927,overnight,intraday,0,1
2024-09-17 09:54,32.1700,2024-09-17 10:45,33.4900,2024-09-17 10:46,33.5000,2024-09-17 11:04,32.9500,1,18,19,1,18,19,0.000299,0.041343,intraday,intraday,0,0
2024-09-18 11:47,31.3300,2024-09-18 14:00,33.3300,2024-09-18 14:01,33.7100,2024-09-18 14:03,33.1200,1,2,3,1,2,3,0.011401,0.075966,intraday,intraday,0,0
2024-09-18 14:12,32.1800,2024-09-18 14:32,33.6300,2024-09-18 14:34,33.9900,2024-09-18 14:35,33.3800,2,1,3,2,1,3,0.010705,0.056246,intraday,intraday,0,0
2024-09-18 15:59,31.1300,2024-09-19 09:30,34.5900,2024-09-19 09:31,34.6000,2024-09-19 09:34,34.0000,1,3,4,1,3,4,0.000289,0.111468,intraday,intraday,0,0
2024-09-19 09:51,33.9100,2024-09-19 10:31,35.2700,2024-09-19 10:31,35.2700,2024-09-19 10:45,34.6700,0,14,14,0,14,14,0.000000,0.040106,intraday,intraday,0,0
2024-09-19 11:00,34.5400,2024-09-19 12:27,35.9700,2024-09-19 14:00,36.4100,2024-09-19 14:18,35.7700,93,18,111,93,18,111,0.012232,0.054140,intraday,intraday,0,0
2024-09-20 11:16,32.1000,2024-09-20 15:18,33.3900,2024-09-20 15:38,33.8100,2024-09-20 15:47,33.2600,20,9,29,20,9,29,0.012579,0.053271,intraday,intraday,0,0
2024-09-20 15:49,33.2000,2024-09-24 09:30,34.9600,2024-09-24 09:51,35.3400,2024-09-24 10:00,34.5700,21,9,30,21,9,30,0.010870,0.064458,intraday,intraday,0,0
2024-09-24 10:41,33.6400,2024-09-24 11:43,35.0200,2024-09-24 12:04,35.6500,2024-09-24 12:24,35.0800,21,20,41,21,20,41,0.017990,0.059750,intraday,intraday,0,0
2024-09-25 09:30,34.8800,2024-09-25 10:12,36.3000,2024-09-25 10:16,36.4100,2024-09-25 10:49,35.8200,4,33,37,4,33,37,0.003030,0.043865,intraday,intraday,0,0
2024-09-25 13:47,35.1800,2024-09-26 09:30,40.3900,2024-09-26 09:31,40.4300,2024-09-26 09:34,39.7300,1,3,4,1,3,4,0.000990,0.149233,intraday,intraday,0,0
2024-09-26 11:00,36.8400,2024-09-26 11:53,38.3900,2024-09-26 11:58,38.7600,2024-09-26 12:21,38.1300,5,23,28,5,23,28,0.009638,0.052117,intraday,intraday,0,0
2024-09-26 13:19,37.7900,2024-09-26 14:14,39.3100,2024-09-26 15:24,40.1800,2024-09-26 15:55,39.5600,70,31,101,70,31,101,0.022132,0.063244,intraday,intraday,0,0
2024-09-30 14:26,35.1200,2024-09-30 15:55,36.5500,2024-10-01 09:31,36.8800,2024-10-01 09:33,36.2400,6,2,8,1056,2,1058,0.009029,0.050114,overnight,intraday,0,1
2024-10-01 13:15,32.7700,2024-10-01 14:05,34.1500,2024-10-01 14:32,34.5900,2024-10-01 15:16,34.0600,27,44,71,27,44,71,0.012884,0.055539,intraday,intraday,0,0
2024-10-02 09:44,33.2200,2024-10-02 10:02,34.8400,2024-10-02 12:25,36.0200,2024-10-02 12:50,35.4200,143,25,168,143,25,168,0.033869,0.084287,intraday,intraday,0,0
2024-10-03 09:30,34.3700,2024-10-03 09:56,35.8000,2024-10-03 10:09,36.5200,2024-10-03 10:13,35.5800,13,4,17,13,4,17,0.020112,0.062555,intraday,intraday,0,0
2024-10-03 13:03,34.3900,2024-10-04 09:30,37.2600,2024-10-04 09:42,37.3500,2024-10-04 09:54,36.5800,12,12,24,12,12,24,0.002415,0.086072,intraday,intraday,0,0
2024-10-04 10:10,35.6000,2024-10-07 13:10,37.0300,2024-10-07 13:58,37.2200,2024-10-07 14:35,36.6400,48,37,85,48,37,85,0.005131,0.045506,intraday,intraday,0,0
2024-10-07 15:42,35.5900,2024-10-08 10:42,37.0800,2024-10-08 11:04,37.5400,2024-10-08 13:05,36.8400,22,121,143,22,121,143,0.012406,0.054791,intraday,intraday,0,0
2024-10-09 09:43,36.5800,2024-10-09 11:01,38.0500,2024-10-09 11:56,38.6300,2024-10-09 12:15,37.9700,55,19,74,55,19,74,0.015243,0.056042,intraday,intraday,0,0
2024-10-10 09:49,36.5200,2024-10-10 10:47,38.0100,2024-10-10 12:00,38.4100,2024-10-10 12:30,37.6600,73,30,103,73,30,103,0.010524,0.051752,intraday,intraday,0,0
2024-10-11 09:30,37.1400,2024-10-11 10:25,38.6400,2024-10-11 10:26,38.7700,2024-10-11 10:51,38.1300,1,25,26,1,25,26,0.003364,0.043888,intraday,intraday,0,0
2024-10-11 10:51,38.1300,2024-10-14 09:31,39.7300,2024-10-14 09:59,40.8600,2024-10-14 10:16,40.1800,28,17,45,28,17,45,0.028442,0.071597,intraday,intraday,0,0
2024-10-15 10:40,35.3400,2024-10-15 10:50,36.8100,2024-10-15 10:55,37.0000,2024-10-15 11:00,36.3700,5,5,10,5,5,10,0.005162,0.046972,intraday,intraday,0,0
2024-10-15 15:35,33.6900,2024-10-16 09:30,35.4800,2024-10-16 09:30,35.4800,2024-10-16 09:31,34.7300,0,1,1,0,1,1,0.000000,0.053131,intraday,intraday,0,0
2024-10-16 09:53,34.1200,2024-10-16 10:24,35.4900,2024-10-16 10:25,35.5200,2024-10-16 10:37,34.7900,1,12,13,1,12,13,0.000845,0.041032,intraday,intraday,0,0
2024-10-16 15:45,34.2600,2024-10-17 09:30,37.3300,2024-10-17 09:30,37.3300,2024-10-17 09:32,36.5900,0,2,2,0,2,2,0.000000,0.089609,intraday,intraday,0,0
2024-10-23 14:17,32.3300,2024-10-23 15:50,33.7300,2024-10-24 09:30,34.6600,2024-10-24 09:45,34.0700,10,15,25,1060,15,1075,0.027572,0.072069,overnight,intraday,0,1
2024-10-24 12:18,33.5500,2024-10-25 09:30,35.3300,2024-10-25 10:02,36.8000,2024-10-25 13:30,36.2000,32,208,240,32,208,240,0.041608,0.096870,intraday,intraday,0,0
2024-10-28 09:31,34.7500,2024-10-29 10:22,36.1700,2024-10-29 15:48,38.4300,2024-10-29 15:55,37.8400,326,7,333,326,7,333,0.062483,0.105899,intraday,intraday,0,0
2024-10-31 14:21,29.2400,2024-11-01 09:30,30.6900,2024-11-01 10:18,31.7600,2024-11-01 10:40,31.2300,48,22,70,48,22,70,0.034865,0.086183,intraday,intraday,0,0
2024-11-04 09:36,30.0600,2024-11-04 10:24,31.2800,2024-11-04 11:13,31.6500,2024-11-04 11:39,31.1500,49,26,75,49,26,75,0.011829,0.052894,intraday,intraday,0,0
2024-11-04 15:56,30.2700,2024-11-06 09:30,33.3800,2024-11-06 09:39,33.8300,2024-11-06 09:44,33.2900,9,5,14,9,5,14,0.013481,0.117608,intraday,intraday,0,0
2024-11-06 09:50,32.5500,2024-11-06 13:26,33.8700,2024-11-07 10:06,36.3600,2024-11-07 10:33,35.7800,190,27,217,1240,27,1267,0.073516,0.117051,overnight,intraday,0,1
2024-11-12 13:06,30.4200,2024-11-12 15:40,31.6500,2024-11-12 15:45,31.6700,2024-11-13 09:30,31.1100,5,15,20,5,1065,1070,0.000632,0.041091,overnight,overnight,1,1
2024-11-13 15:55,29.5000,2024-11-14 09:34,30.8100,2024-11-14 09:34,30.8100,2024-11-14 09:39,30.2900,0,5,5,0,5,5,0.000000,0.044407,intraday,intraday,0,0
2024-11-18 09:56,26.3300,2024-11-18 10:30,27.4100,2024-11-18 11:37,27.8000,2024-11-18 11:52,27.3800,67,15,82,67,15,82,0.014228,0.055830,intraday,intraday,0,0
2024-11-20 14:07,26.0000,2024-11-20 15:55,27.1200,2024-11-21 09:31,28.5500,2024-11-21 09:34,27.9100,6,3,9,1056,3,1059,0.052729,0.098077,overnight,intraday,0,1
2024-11-21 10:30,26.4900,2024-11-21 10:59,27.5500,2024-11-21 13:57,28.8700,2024-11-21 15:50,28.2900,178,113,291,178,113,291,0.047913,0.089845,intraday,intraday,0,0
2024-11-22 11:26,27.8500,2024-11-25 09:30,29.3200,2024-11-25 09:42,29.8100,2024-11-25 09:53,29.1300,12,11,23,12,11,23,0.016712,0.070377,intraday,intraday,0,0
2024-11-25 10:13,28.7800,2024-11-25 11:28,29.9500,2024-11-25 11:31,30.0700,2024-11-25 11:44,29.5800,3,13,16,3,13,16,0.004007,0.044823,intraday,intraday,0,0
2024-11-27 12:08,25.6100,2024-11-27 13:53,26.6600,2024-11-29 11:12,29.0100,2024-11-29 11:36,28.5600,229,24,253,2719,24,2743,0.088147,0.132761,holiday,intraday,0,1
2024-11-29 12:57,28.0800,2024-12-02 09:36,29.2300,2024-12-02 12:51,30.7900,2024-12-02 13:32,30.3100,195,41,236,195,41,236,0.053370,0.096510,intraday,intraday,0,0
2024-12-03 13:46,29.4800,2024-12-04 09:30,31.3900,2024-12-04 09:30,31.3900,2024-12-04 09:37,30.8900,0,7,7,0,7,7,0.000000,0.064790,intraday,intraday,0,0
2024-12-09 09:34,28.6700,2024-12-09 09:46,29.8400,2024-12-09 10:22,30.2900,2024-12-09 10:38,29.8000,36,16,52,36,16,52,0.015080,0.056505,intraday,intraday,0,0
2024-12-10 15:36,26.5900,2024-12-11 09:30,28.0300,2024-12-11 09:52,28.9500,2024-12-11 10:28,28.3900,22,36,58,22,36,58,0.032822,0.088755,intraday,intraday,0,0
2024-12-11 10:58,27.8400,2024-12-11 13:11,28.9800,2024-12-11 15:23,29.6100,2024-12-11 15:52,29.1500,132,29,161,132,29,161,0.021739,0.063578,intraday,intraday,0,0
2024-12-12 11:59,27.8100,2024-12-13 09:30,30.2400,2024-12-13 09:48,31.2800,2024-12-13 10:14,30.8100,18,26,44,18,26,44,0.034392,0.124775,intraday,intraday,0,0
2024-12-13 11:01,29.5500,2024-12-13 14:29,30.7400,2024-12-13 15:33,31.1700,2024-12-13 15:44,30.6700,64,11,75,64,11,75,0.013988,0.054822,intraday,intraday,0,0
2024-12-16 09:36,30.4200,2024-12-16 09:52,31.7100,2024-12-16 10:08,32.3700,2024-12-16 10:14,31.7900,16,6,22,16,6,22,0.020814,0.064103,intraday,intraday,0,0
2024-12-16 11:01,31.6000,2024-12-16 14:16,32.8900,2024-12-16 14:19,32.9400,2024-12-17 09:30,31.3200,3,101,104,3,1151,1154,0.001520,0.042405,overnight,overnight,1,1
2024-12-17 14:38,30.5700,2024-12-18 09:37,31.9800,2024-12-18 09:45,32.4600,2024-12-18 10:08,31.9400,8,23,31,8,23,31,0.015009,0.061825,intraday,intraday,0,0
2024-12-18 15:44,27.1100,2024-12-18 15:50,28.2500,2024-12-18 15:54,28.5200,2024-12-18 15:55,28.0300,4,1,5,4,1,5,0.009558,0.052010,intraday,intraday,0,0
2024-12-20 09:33,25.6800,2024-12-20 10:26,26.7400,2024-12-20 12:29,28.3600,2024-12-20 13:15,27.9300,123,46,169,123,46,169,0.060583,0.104361,intraday,intraday,0,0
2024-12-20 15:57,27.1900,2024-12-23 09:31,28.3200,2024-12-23 09:42,29.0200,2024-12-23 09:52,28.5300,11,10,21,11,10,21,0.024718,0.067304,intraday,intraday,0,0
2024-12-23 10:10,28.2200,2024-12-23 12:46,29.3600,2024-12-23 14:24,29.7500,2024-12-23 15:00,29.2900,98,36,134,98,36,134,0.013283,0.054217,intraday,intraday,0,0
2024-12-23 15:08,29.2100,2024-12-24 11:08,30.4200,2024-12-24 11:57,30.5100,2024-12-24 12:45,30.0500,49,48,97,49,48,97,0.002959,0.044505,intraday,intraday,0,0
2024-12-26 09:54,29.7800,2024-12-26 11:56,30.9900,2024-12-26 12:16,31.0600,2024-12-26 15:59,30.5100,20,223,243,20,223,243,0.002259,0.042982,intraday,intraday,0,0
2024-12-27 10:17,28.6100,2024-12-27 14:35,29.7800,2024-12-27 14:56,29.9200,2024-12-27 15:22,29.4600,21,26,47,21,26,47,0.004701,0.045788,intraday,intraday,0,0
2024-12-30 10:00,27.3800,2024-12-30 12:43,28.4900,2024-12-30 13:13,28.7400,2024-12-30 14:21,28.2900,30,68,98,30,68,98,0.008775,0.049671,intraday,intraday,0,0
2024-12-31 14:31,26.9500,2025-01-02 09:30,28.1900,2025-01-02 09:32,28.5000,2025-01-02 09:35,28.0200,2,3,5,2,3,5,0.010997,0.057514,intraday,intraday,0,0
2025-01-02 09:39,27.7300,2025-01-02 09:53,28.8800,2025-01-02 09:54,28.9900,2025-01-02 10:19,28.4900,1,25,26,1,25,26,0.003809,0.045438,intraday,intraday,0,0
2025-01-02 13:54,27.1000,2025-01-03 09:30,28.3900,2025-01-03 10:04,28.9400,2025-01-03 10:16,28.4800,34,12,46,34,12,46,0.019373,0.067897,intraday,intraday,0,0
2025-01-03 10:21,28.2700,2025-01-03 11:54,29.4500,2025-01-06 10:29,33.6300,2025-01-06 13:45,33.0500,305,196,501,4235,196,4431,0.141935,0.189600,weekend,intraday,0,1
2025-01-06 15:00,32.2800,2025-01-07 09:30,33.5900,2025-01-07 09:30,33.5900,2025-01-07 09:35,33.0200,0,5,5,0,5,5,0.000000,0.040582,intraday,intraday,0,0
2025-01-07 10:47,31.5600,2025-01-07 11:24,32.8600,2025-01-07 11:28,32.9900,2025-01-07 11:35,32.4400,4,7,11,4,7,11,0.003956,0.045311,intraday,intraday,0,0
2025-01-10 10:08,27.5100,2025-01-10 10:39,28.6900,2025-01-10 10:48,28.8300,2025-01-10 10:51,28.3400,9,3,12,9,3,12,0.004880,0.047983,intraday,intraday,0,0
2025-01-10 12:04,27.4600,2025-01-10 13:50,28.5900,2025-01-10 13:57,28.6700,2025-01-10 14:05,28.2200,7,8,15,7,8,15,0.002798,0.044064,intraday,intraday,0,0
2025-01-13 09:37,26.3400,2025-01-13 10:06,27.4800,2025-01-13 10:06,27.4800,2025-01-13 10:12,27.0500,0,6,6,0,6,6,0.000000,0.043280,intraday,intraday,0,0
2025-01-13 10:29,26.5900,2025-01-13 14:42,27.6700,2025-01-14 09:39,28.8900,2025-01-14 09:47,28.4000,87,8,95,1137,8,1145,0.044091,0.086499,overnight,intraday,0,1
2025-01-14 12:02,27.1800,2025-01-14 14:18,28.2800,2025-01-14 14:26,28.3100,2025-01-14 14:56,27.8000,8,30,38,8,30,38,0.001061,0.041575,intraday,intraday,0,0
2025-01-14 15:04,27.3500,2025-01-15 09:30,29.5600,2025-01-15 10:18,30.4100,2025-01-15 11:16,29.9300,48,58,106,48,58,106,0.028755,0.111883,intraday,intraday,0,0
2025-01-15 11:53,29.5000,2025-01-16 09:30,31.3400,2025-01-16 09:31,31.4500,2025-01-16 09:33,30.9000,1,2,3,1,2,3,0.003510,0.066102,intraday,intraday,0,0
2025-01-16 10:00,30.2800,2025-01-16 11:07,31.5800,2025-01-16 11:12,31.6200,2025-01-16 11:39,31.1100,5,27,32,5,27,32,0.001267,0.044254,intraday,intraday,0,0
2025-01-16 15:59,30.0200,2025-01-17 09:30,31.8300,2025-01-21 09:30,33.3200,2025-01-21 09:40,32.6800,390,10,400,5760,10,5770,0.046811,0.109927,weekend,intraday,0,1
2025-01-21 10:13,32.5400,2025-01-21 12:04,33.8700,2025-01-21 14:06,34.5000,2025-01-21 15:45,33.9400,122,99,221,122,99,221,0.018601,0.060234,intraday,intraday,0,0
2025-01-21 15:59,33.6800,2025-01-22 09:31,35.1100,2025-01-22 10:06,35.8900,2025-01-22 10:21,35.3200,35,15,50,35,15,50,0.022216,0.065618,intraday,intraday,0,0
2025-01-23 09:37,33.0500,2025-01-23 13:36,34.3900,2025-01-23 15:59,34.8700,2025-01-24 09:32,34.1900,143,3,146,143,1053,1196,0.013958,0.055068,overnight,overnight,0,1
2025-01-27 14:50,23.8800,2025-01-27 15:12,24.9400,2025-01-27 15:12,24.9400,2025-01-27 15:17,24.5300,0,5,5,0,5,5,0.000000,0.044389,intraday,intraday,0,0
2025-01-28 09:43,23.8200,2025-01-28 10:03,24.7800,2025-01-28 10:27,25.1800,2025-01-28 10:34,24.7600,24,7,31,24,7,31,0.016142,0.057095,intraday,intraday,0,0
2025-01-28 11:42,24.1200,2025-01-28 12:24,25.1100,2025-01-28 15:31,25.7900,2025-01-28 15:54,25.4000,187,23,210,187,23,210,0.027081,0.069237,intraday,intraday,0,0
2025-01-29 14:17,24.9000,2025-01-30 09:30,26.4700,2025-01-30 09:33,26.8300,2025-01-30 09:36,26.3900,3,3,6,3,3,6,0.013600,0.077510,intraday,intraday,0,0
2025-01-30 10:33,26.2000,2025-01-30 14:44,27.2600,2025-01-30 15:22,27.6500,2025-01-30 15:38,27.2300,38,16,54,38,16,54,0.014307,0.055344,intraday,intraday,0,0
2025-01-30 15:46,26.7400,2025-01-31 09:31,27.9600,2025-01-31 09:31,27.9600,2025-01-31 09:37,27.4700,0,6,6,0,6,6,0.000000,0.045625,intraday,intraday,0,0
2025-01-31 09:39,27.3900,2025-01-31 10:11,28.5400,2025-01-31 11:16,29.2400,2025-01-31 11:39,28.7800,65,23,88,65,23,88,0.024527,0.067543,intraday,intraday,0,0
2025-02-03 09:49,24.3500,2025-02-03 10:23,25.3400,2025-02-03 10:42,26.3800,2025-02-03 11:03,25.9200,19,21,40,19,21,40,0.041042,0.083368,intraday,intraday,0,0
2025-02-04 09:36,25.2400,2025-02-04 10:07,26.3400,2025-02-04 10:19,26.5900,2025-02-04 10:47,26.1900,12,28,40,12,28,40,0.009491,0.053487,intraday,intraday,0,0
2025-02-05 09:40,25.6200,2025-02-05 10:44,26.7300,2025-02-05 15:28,27.9300,2025-02-05 15:43,27.4900,284,15,299,284,15,299,0.044893,0.090164,intraday,intraday,0,0
2025-02-06 09:31,26.7900,2025-02-07 09:30,27.9600,2025-02-07 09:32,28.2400,2025-02-07 09:38,27.7700,2,6,8,2,6,8,0.010014,0.054125,intraday,intraday,0,0
2025-02-07 12:03,25.8600,2025-02-10 09:30,26.9800,2025-02-10 09:44,27.4300,2025-02-10 10:29,26.9800,14,45,59,14,45,59,0.016679,0.060712,intraday,intraday,0,0
2025-02-12 09:31,26.0400,2025-02-12 12:13,27.0900,2025-02-13 09:34,28.0600,2025-02-13 09:38,27.6000,231,4,235,1281,4,1285,0.035807,0.077573,overnight,intraday,0,1
2025-02-13 09:47,27.5400,2025-02-14 09:43,28.6700,2025-02-14 09:47,28.7000,2025-02-14 12:28,28.2500,4,161,165,4,161,165,0.001046,0.042121,intraday,intraday,0,0
2025-02-14 12:38,28.1400,2025-02-18 09:30,29.4600,2025-02-18 09:35,29.9600,2025-02-18 09:44,29.3500,5,9,14,5,9,14,0.016972,0.064677,intraday,intraday,0,0
2025-02-18 09:49,28.7600,2025-02-18 13:03,29.9300,2025-02-19 09:37,30.6400,2025-02-19 09:41,30.1800,184,4,188,1234,4,1238,0.023722,0.065369,overnight,intraday,0,1
2025-02-19 09:58,29.8400,2025-02-19 11:11,31.2300,2025-02-19 11:44,31.3100,2025-02-19 12:26,30.8000,33,42,75,33,42,75,0.002562,0.049263,intraday,intraday,0,0
2025-02-19 12:26,30.8000,2025-02-20 09:30,32.1600,2025-02-20 09:38,32.5900,2025-02-20 09:46,31.9800,8,8,16,8,8,16,0.013371,0.058117,intraday,intraday,0,0
2025-02-24 10:07,27.1100,2025-02-24 10:14,28.2400,2025-02-24 10:23,28.2700,2025-02-24 10:33,27.7400,9,10,19,9,10,19,0.001062,0.042789,intraday,intraday,0,0
2025-02-24 10:56,27.3600,2025-02-24 12:20,28.4900,2025-02-24 12:45,28.5800,2025-02-24 14:10,28.1300,25,85,110,25,85,110,0.003159,0.044591,intraday,intraday,0,0
2025-02-25 15:55,24.8500,2025-02-26 09:30,25.9400,2025-02-26 09:54,26.4300,2025-02-26 10:29,26.0000,24,35,59,24,35,59,0.018890,0.063581,intraday,intraday,0,0
2025-02-26 14:07,25.5400,2025-02-27 09:30,26.7900,2025-02-27 09:32,26.8000,2025-02-27 09:38,26.3800,2,6,8,2,6,8,0.000373,0.049334,intraday,intraday,0,0
2025-02-27 10:00,24.2300,2025-02-27 10:22,25.2900,2025-02-27 10:23,25.3000,2025-02-27 10:31,24.9000,1,8,9,1,8,9,0.000395,0.044160,intraday,intraday,0,0
2025-02-28 09:32,21.0500,2025-02-28 09:37,21.9100,2025-02-28 09:37,21.9100,2025-02-28 09:40,21.5700,0,3,3,0,3,3,0.000000,0.040855,intraday,intraday,0,0
2025-02-28 09:41,21.5200,2025-02-28 10:09,22.4200,2025-02-28 10:31,23.1800,2025-02-28 10:36,22.7300,22,5,27,22,5,27,0.033898,0.077138,intraday,intraday,0,0
2025-02-28 13:21,21.2900,2025-02-28 14:48,22.1800,2025-02-28 15:08,22.4200,2025-02-28 15:34,22.0800,20,26,46,20,26,46,0.010821,0.053077,intraday,intraday,0,0
2025-02-28 15:35,21.9600,2025-03-03 09:30,23.5500,2025-03-03 09:30,23.5500,2025-03-03 09:34,23.0900,0,4,4,0,4,4,0.000000,0.072404,intraday,intraday,0,0
2025-03-03 10:15,21.9200,2025-03-03 10:27,22.9100,2025-03-03 10:30,23.2400,2025-03-03 10:37,22.7500,3,7,10,3,7,10,0.014404,0.060219,intraday,intraday,0,0
2025-03-03 15:43,19.7500,2025-03-04 09:36,20.6900,2025-03-04 09:38,20.8700,2025-03-04 09:39,20.4800,2,1,3,2,1,3,0.008700,0.056709,intraday,intraday,0,0
2025-03-04 10:19,19.0200,2025-03-04 10:50,19.8000,2025-03-04 10:50,19.8000,2025-03-04 11:07,19.4900,0,17,17,0,17,17,0.000000,0.041009,intraday,intraday,0,0
2025-03-04 11:08,19.3200,2025-03-04 11:53,20.1000,2025-03-04 12:46,20.8600,2025-03-04 13:02,20.5400,53,16,69,53,16,69,0.037811,0.079710,intraday,intraday,0,0
2025-03-04 13:02,20.5400,2025-03-04 14:03,21.3800,2025-03-04 14:25,21.7300,2025-03-04 14:33,21.4000,22,8,30,22,8,30,0.016370,0.057936,intraday,intraday,0,0
2025-03-04 15:52,20.3400,2025-03-05 09:30,21.1900,2025-03-05 09:30,21.1900,2025-03-05 09:32,20.6800,0,2,2,0,2,2,0.000000,0.041790,intraday,intraday,0,0
2025-03-05 11:50,20.1400,2025-03-05 12:18,20.9500,2025-03-05 13:03,21.4700,2025-03-05 13:08,21.1000,45,5,50,45,5,50,0.024821,0.066038,intraday,intraday,0,0
2025-03-05 13:32,20.9800,2025-03-05 14:12,21.8200,2025-03-05 15:08,22.1200,2025-03-05 15:17,21.7700,56,9,65,56,9,65,0.013749,0.054337,intraday,intraday,0,0
2025-03-06 09:32,19.3100,2025-03-06 09:42,20.0900,2025-03-06 09:52,20.3300,2025-03-06 09:57,20.0200,10,5,15,10,5,15,0.011946,0.052822,intraday,intraday,0,0
2025-03-06 09:57,20.0200,2025-03-06 10:30,20.8400,2025-03-06 10:44,20.9800,2025-03-06 10:50,20.6600,14,6,20,14,6,20,0.006718,0.047952,intraday,intraday,0,0
2025-03-06 14:37,19.0200,2025-03-06 14:50,19.8500,2025-03-06 14:52,19.9800,2025-03-06 14:55,19.5400,2,3,5,2,3,5,0.006549,0.050473,intraday,intraday,0,0
2025-03-06 15:24,19.1700,2025-03-07 09:51,19.9800,2025-03-07 09:53,20.0900,2025-03-07 10:00,19.6900,2,7,9,2,7,9,0.005506,0.047992,intraday,intraday,0,0
2025-03-07 11:53,18.7700,2025-03-07 12:37,19.6100,2025-03-07 12:54,20.1100,2025-03-07 12:57,19.7700,17,3,20,17,3,20,0.025497,0.071391,intraday,intraday,0,0
2025-03-07 12:58,19.5000,2025-03-07 13:53,20.3700,2025-03-07 14:38,20.9300,2025-03-07 14:48,20.5900,45,10,55,45,10,55,0.027491,0.073333,intraday,intraday,0,0
2025-03-10 15:08,17.1000,2025-03-10 15:24,17.8800,2025-03-10 15:28,18.0200,2025-03-10 15:29,17.7300,4,1,5,4,1,5,0.007830,0.053801,intraday,intraday,0,0
2025-03-11 10:38,16.5400,2025-03-11 11:09,17.2800,2025-03-11 11:43,17.6100,2025-03-11 11:58,17.2600,34,15,49,34,15,49,0.019097,0.064692,intraday,intraday,0,0
2025-03-11 13:27,16.6100,2025-03-11 14:01,17.3200,2025-03-11 14:52,18.4300,2025-03-11 15:01,18.1400,51,9,60,51,9,60,0.064088,0.109573,intraday,intraday,0,0
2025-03-11 15:59,17.3300,2025-03-12 09:30,18.6300,2025-03-12 09:41,19.0500,2025-03-12 09:48,18.6800,11,7,18,11,7,18,0.022544,0.099250,intraday,intraday,0,0
2025-03-12 11:07,17.9600,2025-03-12 11:50,18.6800,2025-03-12 12:38,18.9300,2025-03-12 12:44,18.6400,48,6,54,48,6,54,0.013383,0.054009,intraday,intraday,0,0
2025-03-12 15:50,18.1500,2025-03-13 09:38,19.0100,2025-03-13 09:47,19.0300,2025-03-13 09:52,18.7400,9,5,14,9,5,14,0.001052,0.048485,intraday,intraday,0,0
2025-03-13 09:57,18.3000,2025-03-13 10:16,19.0400,2025-03-13 10:24,19.2100,2025-03-13 10:29,18.9000,8,5,13,8,5,13,0.008929,0.049727,intraday,intraday,0,0
2025-03-13 13:39,17.6000,2025-03-13 14:23,18.3200,2025-03-13 15:02,18.5800,2025-03-13 15:08,18.2900,39,6,45,39,6,45,0.014192,0.055682,intraday,intraday,0,0
2025-03-13 15:51,17.8800,2025-03-14 09:30,19.2000,2025-03-14 09:54,19.5300,2025-03-14 10:00,19.0900,24,6,30,24,6,30,0.017188,0.092282,intraday,intraday,0,0
2025-03-14 10:20,19.0800,2025-03-14 12:50,19.8700,2025-03-14 12:52,19.9200,2025-03-14 13:26,19.6000,2,34,36,2,34,36,0.002516,0.044025,intraday,intraday,0,0
2025-03-14 13:59,19.5000,2025-03-17 09:34,20.4900,2025-03-17 09:36,20.6000,2025-03-17 09:43,20.2900,2,7,9,2,7,9,0.005368,0.056410,intraday,intraday,0,0
2025-03-17 10:36,19.9700,2025-03-17 14:12,20.8000,2025-03-17 14:48,21.2500,2025-03-17 15:51,20.8900,36,63,99,36,63,99,0.021635,0.064096,intraday,intraday,0,0
2025-03-18 11:57,19.5300,2025-03-18 13:03,20.3500,2025-03-18 13:13,20.3700,2025-03-18 13:28,20.0400,10,15,25,10,15,25,0.000983,0.043011,intraday,intraday,0,0
2025-03-19 09:43,19.5000,2025-03-19 11:49,20.3000,2025-03-19 11:56,20.3900,2025-03-19 13:16,20.0500,7,80,87,7,80,87,0.004433,0.045641,intraday,intraday,0,0
2025-03-19 13:49,19.9500,2025-03-19 14:56,20.7500,2025-03-19 15:09,21.2900,2025-03-19 15:20,20.9000,13,11,24,13,11,24,0.026024,0.067168,intraday,intraday,0,0
2025-03-20 09:30,19.7100,2025-03-20 11:51,20.5100,2025-03-20 11:52,20.5500,2025-03-20 12:10,20.1900,1,18,19,1,18,19,0.001950,0.042618,intraday,intraday,0,0
2025-03-21 09:32,18.4600,2025-03-21 12:23,19.2100,2025-03-21 14:41,19.4600,2025-03-21 15:21,19.1600,138,40,178,138,40,178,0.013014,0.054171,intraday,intraday,0,0
2025-03-21 15:21,19.1600,2025-03-24 09:30,20.5700,2025-03-24 12:22,21.3500,2025-03-24 12:41,21.0200,172,19,191,172,19,191,0.037919,0.114301,intraday,intraday,0,0
2025-03-27 09:42,17.4100,2025-03-27 10:34,18.1400,2025-03-27 10:38,18.4000,2025-03-27 11:09,18.1000,4,31,35,4,31,35,0.014333,0.056864,intraday,intraday,0,0
2025-03-27 12:59,17.3900,2025-03-27 15:22,18.1600,2025-03-27 15:22,18.1600,2025-03-27 15:50,17.8200,0,28,28,0,28,28,0.000000,0.044278,intraday,intraday,0,0
2025-03-31 09:45,14.4200,2025-03-31 09:57,15.0200,2025-03-31 10:10,15.1900,2025-03-31 10:18,14.9200,13,8,21,13,8,21,0.011318,0.053398,intraday,intraday,0,0
2025-03-31 10:26,14.7100,2025-03-31 14:09,15.3300,2025-03-31 14:53,15.8000,2025-03-31 14:59,15.5600,44,6,50,44,6,50,0.030659,0.074099,intraday,intraday,0,0
2025-04-01 10:20,14.8900,2025-04-01 10:51,15.5000,2025-04-01 12:18,15.9800,2025-04-01 12:28,15.7000,87,10,97,87,10,97,0.030968,0.073203,intraday,intraday,0,0
2025-04-01 14:24,15.0400,2025-04-01 15:45,15.6700,2025-04-01 15:59,15.9500,2025-04-02 09:30,15.1900,14,1,15,14,1051,1065,0.017869,0.060505,overnight,overnight,1,1
2025-04-02 09:32,15.0800,2025-04-02 09:37,15.7600,2025-04-02 09:37,15.7600,2025-04-02 09:42,15.5000,0,5,5,0,5,5,0.000000,0.045093,intraday,intraday,0,0
2025-04-02 09:42,15.5000,2025-04-02 11:36,16.1400,2025-04-02 13:12,16.8800,2025-04-02 13:30,16.5500,96,18,114,96,18,114,0.045849,0.089032,intraday,intraday,0,0
2025-04-03 14:18,11.5500,2025-04-03 14:51,12.0500,2025-04-03 15:02,12.1400,2025-04-03 15:11,11.9400,11,9,20,11,9,20,0.007469,0.051082,intraday,intraday,0,0
2025-04-04 09:42,9.3100,2025-04-04 09:58,9.7300,2025-04-04 09:58,9.7300,2025-04-04 10:05,9.5400,0,7,7,0,7,7,0.000000,0.045113,intraday,intraday,0,0
2025-04-04 10:50,8.1900,2025-04-04 10:52,8.5800,2025-04-04 10:58,8.9400,2025-04-04 10:59,8.7700,6,1,7,6,1,7,0.041958,0.091575,intraday,intraday,0,0
2025-04-04 10:59,8.7700,2025-04-04 11:02,9.1400,2025-04-04 11:04,9.3200,2025-04-04 11:06,9.0800,2,2,4,2,2,4,0.019694,0.062714,intraday,intraday,0,0
2025-04-04 11:07,9.0300,2025-04-04 11:11,9.4000,2025-04-04 11:24,9.7900,2025-04-04 11:25,9.6000,13,1,14,13,1,14,0.041489,0.084164,intraday,intraday,0,0
2025-04-04 13:16,8.6800,2025-04-04 13:41,9.0300,2025-04-04 13:42,9.0800,2025-04-04 13:44,8.9300,1,2,3,1,2,3,0.005537,0.046083,intraday,intraday,0,0
2025-04-04 13:45,8.9200,2025-04-04 13:59,9.2800,2025-04-04 14:02,9.3200,2025-04-04 14:05,9.1700,3,3,6,3,3,6,0.004310,0.044843,intraday,intraday,0,0
2025-04-04 14:44,8.7500,2025-04-04 15:14,9.1300,2025-04-04 15:14,9.1300,2025-04-04 15:17,8.9600,0,3,3,0,3,3,0.000000,0.043429,intraday,intraday,0,0
2025-04-04 15:18,8.8900,2025-04-04 15:31,9.2600,2025-04-04 15:34,9.3500,2025-04-04 15:41,9.1700,3,7,10,3,7,10,0.009719,0.051744,intraday,intraday,0,0
2025-04-07 09:43,7.3100,2025-04-07 09:47,7.7400,2025-04-07 10:00,8.9700,2025-04-07 10:01,8.7600,13,1,14,13,1,14,0.158915,0.227086,intraday,intraday,0,0
2025-04-07 10:02,8.5500,2025-04-07 10:10,9.4200,2025-04-07 10:13,10.5100,2025-04-07 10:14,10.2000,3,1,4,3,1,4,0.115711,0.229240,intraday,intraday,0,0
2025-04-07 10:14,10.2000,2025-04-07 10:16,10.7300,2025-04-07 10:17,10.7900,2025-04-07 10:18,10.2500,1,1,2,1,1,2,0.005592,0.057843,intraday,intraday,0,0
2025-04-07 10:24,8.7700,2025-04-07 10:26,9.2700,2025-04-07 10:26,9.2700,2025-04-07 10:27,9.0500,0,1,1,0,1,1,0.000000,0.057013,intraday,intraday,0,0
2025-04-07 10:28,8.7900,2025-04-07 10:32,9.1900,2025-04-07 10:32,9.1900,2025-04-07 10:34,8.7900,0,2,2,0,2,2,0.000000,0.045506,intraday,intraday,0,0
2025-04-07 10:39,8.3000,2025-04-07 10:43,8.7200,2025-04-07 10:54,9.6800,2025-04-07 10:56,9.3600,11,2,13,11,2,13,0.110092,0.166265,intraday,intraday,0,0
2025-04-07 10:56,9.3600,2025-04-07 11:02,9.7600,2025-04-07 11:03,9.8000,2025-04-07 11:05,9.4900,1,2,3,1,2,3,0.004098,0.047009,intraday,intraday,0,0
2025-04-07 11:26,8.5400,2025-04-07 11:36,8.9300,2025-04-07 11:44,9.2500,2025-04-07 11:45,9.1100,8,1,9,8,1,9,0.035834,0.083138,intraday,intraday,0,0
2025-04-07 12:10,8.5200,2025-04-07 12:26,8.9700,2025-04-07 12:26,8.9700,2025-04-07 12:27,8.8300,0,1,1,0,1,1,0.000000,0.052817,intraday,intraday,0,0
2025-04-07 12:56,8.6200,2025-04-07 13:00,9.0700,2025-04-07 13:00,9.0700,2025-04-07 13:02,8.8700,0,2,2,0,2,2,0.000000,0.052204,intraday,intraday,0,0
2025-04-07 13:11,8.7200,2025-04-07 13:15,9.1000,2025-04-07 13:29,9.3800,2025-04-07 13:31,9.1700,14,2,16,14,2,16,0.030769,0.075688,intraday,intraday,0,0
2025-04-07 13:31,9.1700,2025-04-07 13:43,9.5400,2025-04-07 13:46,9.6800,2025-04-07 13:49,9.4900,3,3,6,3,3,6,0.014675,0.055616,intraday,intraday,0,0
2025-04-07 15:15,9.0300,2025-04-07 15:36,9.4000,2025-04-07 15:37,9.4500,2025-04-07 15:40,9.2700,1,3,4,1,3,4,0.005319,0.046512,intraday,intraday,0,0
2025-04-07 15:53,9.0300,2025-04-08 09:30,10.6500,2025-04-08 09:30,10.6500,2025-04-08 09:31,10.3100,0,1,1,0,1,1,0.000000,0.179402,intraday,intraday,0,0
2025-04-08 09:38,10.2300,2025-04-08 10:00,10.6500,2025-04-08 10:03,10.7800,2025-04-08 10:07,10.6000,3,4,7,3,4,7,0.012207,0.053763,intraday,intraday,0,0
2025-04-08 13:34,9.0400,2025-04-08 13:41,9.4100,2025-04-08 13:43,9.5000,2025-04-08 13:46,9.3300,2,3,5,2,3,5,0.009564,0.050885,intraday,intraday,0,0
2025-04-08 15:49,7.6100,2025-04-08 15:51,7.9500,2025-04-08 15:54,8.1900,2025-04-08 15:55,8.0500,3,1,4,3,1,4,0.030189,0.076216,intraday,intraday,0,0
2025-04-08 15:55,8.0500,2025-04-09 09:30,8.4400,2025-04-09 09:31,8.5800,2025-04-09 09:34,8.3200,1,3,4,1,3,4,0.016588,0.065839,intraday,intraday,0,0
2025-04-09 09:37,8.2700,2025-04-09 09:39,8.6900,2025-04-09 09:41,8.8600,2025-04-09 09:43,8.6200,2,2,4,2,2,4,0.019563,0.071342,intraday,intraday,0,0
2025-04-09 09:44,8.4900,2025-04-09 10:01,8.8600,2025-04-09 10:01,8.8600,2025-04-09 10:05,8.7100,0,4,4,0,4,4,0.000000,0.043581,intraday,intraday,0,0
2025-04-09 10:14,8.5100,2025-04-09 10:34,8.8900,2025-04-09 10:34,8.8900,2025-04-09 10:38,8.7100,0,4,4,0,4,4,0.000000,0.044653,intraday,intraday,0,0
2025-04-09 10:59,8.3300,2025-04-09 11:09,8.6700,2025-04-09 11:15,8.7500,2025-04-09 11:29,8.6000,6,14,20,6,14,20,0.009227,0.050420,intraday,intraday,0,0
2025-04-09 11:41,8.4200,2025-04-09 12:13,8.8000,2025-04-09 12:35,8.8600,2025-04-09 12:45,8.7200,22,10,32,22,10,32,0.006818,0.052257,intraday,intraday,0,0
2025-04-09 12:45,8.7200,2025-04-09 13:02,9.1200,2025-04-09 13:04,9.2200,2025-04-09 13:06,9.0700,2,2,4,2,2,4,0.010965,0.057339,intraday,intraday,0,0
2025-04-09 13:18,8.9100,2025-04-09 13:19,9.7100,2025-04-09 13:27,11.2300,2025-04-09 13:28,10.6600,8,1,9,8,1,9,0.156540,0.260382,intraday,intraday,0,0
2025-04-09 13:29,10.5600,2025-04-09 13:31,11.0000,2025-04-09 13:35,11.6000,2025-04-09 13:36,11.2900,4,1,5,4,1,5,0.054545,0.098485,intraday,intraday,0,0
2025-04-09 13:43,10.8700,2025-04-09 13:48,11.3800,2025-04-09 14:03,12.1600,2025-04-09 14:06,11.9100,15,3,18,15,3,18,0.068541,0.118675,intraday,intraday,0,0
2025-04-09 14:08,11.7400,2025-04-09 14:18,12.3800,2025-04-09 14:18,12.3800,2025-04-09 14:19,12.1800,0,1,1,0,1,1,0.000000,0.054514,intraday,intraday,0,0
2025-04-09 14:19,12.1800,2025-04-09 14:27,12.7200,2025-04-09 14:27,12.7200,2025-04-09 14:33,12.5000,0,6,6,0,6,6,0.000000,0.044335,intraday,intraday,0,0
2025-04-09 15:00,11.6800,2025-04-09 15:10,12.1800,2025-04-09 15:32,12.7900,2025-04-09 15:46,12.5900,22,14,36,22,14,36,0.050082,0.095034,intraday,intraday,0,0
2025-04-10 10:12,9.9700,2025-04-10 10:21,10.3700,2025-04-10 10:26,10.6600,2025-04-10 10:29,10.4400,5,3,8,5,3,8,0.027965,0.069208,intraday,intraday,0,0
2025-04-10 12:27,8.4100,2025-04-10 12:30,8.8600,2025-04-10 12:51,9.4900,2025-04-10 12:52,9.3300,21,1,22,21,1,22,0.071106,0.128419,intraday,intraday,0,0
2025-04-10 12:56,9.2000,2025-04-10 13:02,9.7000,2025-04-10 13:02,9.7000,2025-04-10 13:03,9.4500,0,1,1,0,1,1,0.000000,0.054348,intraday,intraday,0,0
2025-04-10 13:21,8.6600,2025-04-10 13:26,9.0100,2025-04-10 13:38,9.3600,2025-04-10 13:39,9.1600,12,1,13,12,1,13,0.038846,0.080831,intraday,intraday,0,0
2025-04-10 13:40,9.1100,2025-04-10 13:45,9.5000,2025-04-10 13:45,9.5000,2025-04-10 13:47,9.3300,0,2,2,0,2,2,0.000000,0.042810,intraday,intraday,0,0
2025-04-10 13:52,9.2200,2025-04-10 14:03,9.6400,2025-04-10 14:05,9.7300,2025-04-10 14:06,9.5700,2,1,3,2,1,3,0.009336,0.055315,intraday,intraday,0,0
2025-04-10 14:14,9.0800,2025-04-10 14:20,9.4500,2025-04-10 14:31,9.9300,2025-04-10 14:34,9.6800,11,3,14,11,3,14,0.050794,0.093612,intraday,intraday,0,0
2025-04-10 14:54,9.5500,2025-04-10 15:02,9.9600,2025-04-10 15:02,9.9600,2025-04-10 15:07,9.6900,0,5,5,0,5,5,0.000000,0.042932,intraday,intraday,0,0
2025-04-10 15:43,8.8700,2025-04-10 15:50,9.2800,2025-04-10 15:56,9.7000,2025-04-11 09:30,9.3500,6,4,10,6,1054,1060,0.045259,0.093574,overnight,overnight,1,1
2025-04-11 09:34,9.0200,2025-04-11 09:43,9.4000,2025-04-11 09:46,9.6800,2025-04-11 09:50,9.4400,3,4,7,3,4,7,0.029787,0.073171,intraday,intraday,0,0
2025-04-11 10:23,9.0500,2025-04-11 10:39,9.4500,2025-04-11 10:44,9.5200,2025-04-11 10:50,9.3200,5,6,11,5,6,11,0.007407,0.051934,intraday,intraday,0,0
2025-04-11 11:05,9.1300,2025-04-11 11:39,9.5800,2025-04-11 12:12,9.7300,2025-04-11 12:26,9.5700,33,14,47,33,14,47,0.015658,0.065717,intraday,intraday,0,0
2025-04-11 12:26,9.5700,2025-04-11 12:36,9.9600,2025-04-11 12:49,10.1000,2025-04-11 13:00,9.8900,13,11,24,13,11,24,0.014056,0.055381,intraday,intraday,0,0
2025-04-11 13:31,9.6600,2025-04-11 13:40,10.0700,2025-04-11 13:53,10.3000,2025-04-11 14:17,10.1400,13,24,37,13,24,37,0.022840,0.066253,intraday,intraday,0,0
2025-04-11 14:27,9.9900,2025-04-11 15:23,10.3900,2025-04-11 15:23,10.3900,2025-04-11 15:30,10.2100,0,7,7,0,7,7,0.000000,0.040040,intraday,intraday,0,0
2025-04-11 15:52,10.1700,2025-04-14 09:30,11.0900,2025-04-14 09:30,11.0900,2025-04-14 09:33,10.9100,0,3,3,0,3,3,0.000000,0.090462,intraday,intraday,0,0
2025-04-14 09:43,10.5600,2025-04-14 10:28,11.0300,2025-04-14 10:31,11.0400,2025-04-14 10:46,10.8700,3,15,18,3,15,18,0.000907,0.045455,intraday,intraday,0,0
2025-04-14 12:11,9.9800,2025-04-14 12:34,10.3800,2025-04-14 12:41,10.4400,2025-04-14 12:51,10.2700,7,10,17,7,10,17,0.005780,0.046092,intraday,intraday,0,0
2025-04-14 12:58,10.1800,2025-04-14 14:06,10.6100,2025-04-14 15:13,10.8600,2025-04-14 15:26,10.6800,67,13,80,67,13,80,0.023563,0.066798,intraday,intraday,0,0
2025-04-14 15:57,10.4500,2025-04-15 09:53,10.8700,2025-04-15 10:12,11.0000,2025-04-15 10:17,10.8200,19,5,24,19,5,24,0.011960,0.052632,intraday,intraday,0,0
2025-04-16 09:30,9.2300,2025-04-16 09:36,9.6300,2025-04-16 09:42,9.7300,2025-04-16 09:44,9.5800,6,2,8,6,2,8,0.010384,0.054171,intraday,intraday,0,0
2025-04-16 15:26,8.3400,2025-04-16 15:35,8.6800,2025-04-17 09:30,9.5200,2025-04-17 09:31,9.3400,25,1,26,1075,1,1076,0.096774,0.141487,overnight,intraday,0,1
2025-04-17 12:04,8.9200,2025-04-17 12:33,9.3000,2025-04-17 12:33,9.3000,2025-04-17 12:43,9.1200,0,10,10,0,10,10,0.000000,0.042601,intraday,intraday,0,0
2025-04-21 11:59,8.1600,2025-04-21 15:40,8.5000,2025-04-22 09:45,9.3100,2025-04-22 09:55,9.1400,35,10,45,1085,10,1095,0.095294,0.140931,overnight,intraday,0,1
2025-04-22 11:44,8.9600,2025-04-22 12:13,9.3200,2025-04-22 12:28,9.3600,2025-04-22 13:11,9.1800,15,43,58,15,43,58,0.004292,0.044643,intraday,intraday,0,0
2025-04-22 15:39,8.8600,2025-04-23 09:30,10.5400,2025-04-23 09:34,10.6000,2025-04-23 09:36,10.3800,4,2,6,4,2,6,0.005693,0.196388,intraday,intraday,0,0
2025-04-23 09:36,10.3800,2025-04-23 09:45,10.8200,2025-04-23 09:49,10.8900,2025-04-23 09:53,10.6800,4,4,8,4,4,8,0.006470,0.049133,intraday,intraday,0,0
2025-04-23 12:26,10.2400,2025-04-23 13:08,10.6600,2025-04-23 13:14,10.6800,2025-04-23 13:37,10.4900,6,23,29,6,23,29,0.001876,0.042969,intraday,intraday,0,0
2025-04-23 15:38,10.1300,2025-04-24 09:30,11.0400,2025-04-24 10:06,11.7400,2025-04-24 10:11,11.5400,36,5,41,36,5,41,0.063406,0.158934,intraday,intraday,0,0
2025-04-24 10:15,11.4600,2025-04-24 12:33,11.9200,2025-04-24 14:08,12.0900,2025-04-24 15:01,11.8900,95,53,148,95,53,148,0.014262,0.054974,intraday,intraday,0,0
2025-04-25 09:32,11.5500,2025-04-25 10:12,12.0300,2025-04-25 10:12,12.0300,2025-04-25 10:21,11.8200,0,9,9,0,9,9,0.000000,0.041558,intraday,intraday,0,0
2025-04-25 10:28,11.7100,2025-04-25 12:35,12.2000,2025-04-25 13:29,12.5800,2025-04-25 13:38,12.3700,54,9,63,54,9,63,0.031148,0.074295,intraday,intraday,0,0
2025-04-28 13:14,11.4700,2025-04-28 14:40,11.9500,2025-04-28 15:52,12.3000,2025-04-29 09:30,11.7300,72,8,80,72,1058,1130,0.029289,0.072363,overnight,overnight,1,1
2025-04-29 09:35,11.6600,2025-04-29 13:55,12.1700,2025-04-29 14:41,12.2700,2025-04-29 15:04,12.0700,46,23,69,46,23,69,0.008217,0.052316,intraday,intraday,0,0
2025-04-30 09:42,10.7700,2025-04-30 10:15,11.2100,2025-04-30 10:31,11.4600,2025-04-30 10:41,11.2700,16,10,26,16,10,26,0.022302,0.064067,intraday,intraday,0,0
2025-04-30 13:13,11.2400,2025-04-30 14:07,11.7000,2025-05-01 09:30,12.3900,2025-05-01 09:39,12.1800,113,9,122,1163,9,1172,0.058974,0.102313,overnight,intraday,0,1
2025-05-01 09:59,12.1600,2025-05-01 11:16,12.7100,2025-05-01 11:21,12.7900,2025-05-01 11:44,12.5900,5,23,28,5,23,28,0.006294,0.051809,intraday,intraday,0,0
2025-05-01 15:58,12.0500,2025-05-02 09:30,13.0700,2025-05-02 09:33,13.2700,2025-05-02 09:48,13.0700,3,15,18,3,15,18,0.015302,0.101245,intraday,intraday,0,0
2025-05-02 09:52,12.9900,2025-05-02 12:01,13.5200,2025-05-02 12:46,13.6800,2025-05-02 13:11,13.4500,45,25,70,45,25,70,0.011834,0.053118,intraday,intraday,0,0
2025-05-06 09:54,12.1200,2025-05-06 10:48,12.6100,2025-05-06 12:14,12.9100,2025-05-06 12:21,12.6900,86,7,93,86,7,93,0.023791,0.065182,intraday,intraday,0,0
2025-05-06 13:23,12.4300,2025-05-06 15:48,12.9300,2025-05-06 15:48,12.9300,2025-05-06 15:56,12.7100,0,8,8,0,8,8,0.000000,0.040225,intraday,intraday,0,0
2025-05-07 14:16,12.2600,2025-05-07 15:41,12.9000,2025-05-07 15:45,13.3500,2025-05-07 15:47,13.1300,4,2,6,4,2,6,0.034884,0.088907,intraday,intraday,0,0
2025-05-07 15:50,12.8500,2025-05-08 09:30,13.8700,2025-05-08 09:30,13.8700,2025-05-08 09:33,13.6300,0,3,3,0,3,3,0.000000,0.079377,intraday,intraday,0,0
2025-05-08 10:55,13.4200,2025-05-08 11:40,14.0000,2025-05-08 12:52,14.3300,2025-05-08 13:34,14.0800,72,42,114,72,42,114,0.023571,0.067809,intraday,intraday,0,0
2025-05-08 15:57,13.6600,2025-05-09 09:30,14.4600,2025-05-09 09:30,14.4600,2025-05-09 10:05,14.2300,0,35,35,0,35,35,0.000000,0.058565,intraday,intraday,0,0
2025-05-09 12:11,13.7800,2025-05-12 09:30,17.1400,2025-05-12 09:30,17.1400,2025-05-12 09:36,16.8200,0,6,6,0,6,6,0.000000,0.243832,intraday,intraday,0,0
2025-05-12 09:42,16.5100,2025-05-12 12:13,17.1800,2025-05-12 13:08,17.4600,2025-05-12 14:09,17.1900,55,61,116,55,61,116,0.016298,0.057541,intraday,intraday,0,0
2025-05-12 15:46,16.8700,2025-05-13 09:32,17.5900,2025-05-13 12:53,18.8600,2025-05-13 13:54,18.5300,201,61,262,201,61,262,0.072200,0.117961,intraday,intraday,0,0
2025-05-13 14:01,18.4000,2025-05-14 09:32,19.1400,2025-05-14 09:34,19.3300,2025-05-14 09:44,19.0000,2,10,12,2,10,12,0.009927,0.050543,intraday,intraday,0,0
2025-05-15 09:46,17.8500,2025-05-15 12:09,18.5700,2025-05-15 13:19,18.8800,2025-05-15 13:53,18.5800,70,34,104,70,34,104,0.016694,0.057703,intraday,intraday,0,0
2025-05-19 09:31,17.2100,2025-05-19 10:09,17.9500,2025-05-19 10:18,18.0500,2025-05-19 10:27,17.7700,9,9,18,9,9,18,0.005571,0.048809,intraday,intraday,0,0
2025-05-20 09:47,17.4600,2025-05-21 11:07,18.1600,2025-05-21 12:48,18.5700,2025-05-21 13:09,18.2500,101,21,122,101,21,122,0.022577,0.063574,intraday,intraday,0,0
2025-05-21 15:26,16.6600,2025-05-22 10:03,17.3300,2025-05-22 10:07,17.4300,2025-05-22 10:18,17.1200,4,11,15,4,11,15,0.005770,0.046218,intraday,intraday,0,0
2025-05-23 09:31,15.1300,2025-05-23 13:12,15.7500,2025-05-23 14:16,15.9900,2025-05-23 14:21,15.7500,64,5,69,64,5,69,0.015238,0.056841,intraday,intraday,0,0
2025-05-23 15:55,15.7000,2025-05-27 09:30,16.6800,2025-05-27 09:30,16.6800,2025-05-27 09:36,16.3700,0,6,6,0,6,6,0.000000,0.062420,intraday,intraday,0,0
2025-05-27 09:36,16.3700,2025-05-27 10:12,17.0300,2025-05-27 14:01,17.5000,2025-05-27 15:29,17.2300,229,88,317,229,88,317,0.027598,0.069029,intraday,intraday,0,0
2025-05-28 15:53,16.9800,2025-05-29 09:30,18.1500,2025-05-29 09:30,18.1500,2025-05-29 09:36,17.8100,0,6,6,0,6,6,0.000000,0.068905,intraday,intraday,0,0
2025-05-30 12:54,15.2600,2025-05-30 14:31,15.9400,2025-05-30 15:37,16.3500,2025-05-30 15:54,16.0700,66,17,83,66,17,83,0.025721,0.071429,intraday,intraday,0,0
2025-05-30 15:54,16.0700,2025-06-02 13:13,16.7300,2025-06-02 15:05,17.1000,2025-06-02 15:52,16.8000,112,47,159,112,47,159,0.022116,0.064095,intraday,intraday,0,0
2025-06-03 09:32,16.6000,2025-06-03 09:54,17.2800,2025-06-03 12:52,18.3000,2025-06-03 13:41,18.0100,178,49,227,178,49,227,0.059028,0.102410,intraday,intraday,0,0
2025-06-03 14:17,17.8800,2025-06-04 09:30,18.7700,2025-06-04 09:41,19.1600,2025-06-04 09:50,18.8300,11,9,20,11,9,20,0.020778,0.071588,intraday,intraday,0,0
2025-06-04 10:04,18.3000,2025-06-04 11:02,19.0600,2025-06-04 11:11,19.1600,2025-06-04 12:13,18.8600,9,62,71,9,62,71,0.005247,0.046995,intraday,intraday,0,0
2025-06-04 12:13,18.8600,2025-06-05 09:30,19.6900,2025-06-05 09:36,19.7000,2025-06-05 09:45,19.3400,6,9,15,6,9,15,0.000508,0.044539,intraday,intraday,0,0
2025-06-05 10:17,18.8900,2025-06-05 11:17,19.6700,2025-06-05 11:56,19.9700,2025-06-05 12:16,19.6600,39,20,59,39,20,59,0.015252,0.057173,intraday,intraday,0,0
2025-06-05 15:24,18.4800,2025-06-06 09:30,19.3900,2025-06-06 11:07,19.9200,2025-06-06 11:19,19.6100,97,12,109,97,12,109,0.027334,0.077922,intraday,intraday,0,0
2025-06-06 15:48,19.1600,2025-06-09 09:31,19.9600,2025-06-09 09:37,20.3700,2025-06-09 09:39,20.0200,6,2,8,6,2,8,0.020541,0.063152,intraday,intraday,0,0
2025-06-09 09:39,20.0200,2025-06-09 10:17,20.8400,2025-06-09 10:37,21.0300,2025-06-09 10:46,20.7100,20,9,29,20,9,29,0.009117,0.050450,intraday,intraday,0,0
2025-06-09 12:11,20.3800,2025-06-10 10:04,21.2100,2025-06-10 11:14,21.5800,2025-06-10 11:33,21.2000,70,19,89,70,19,89,0.017445,0.058881,intraday,intraday,0,0
2025-06-10 11:34,21.1700,2025-06-10 13:06,22.0200,2025-06-10 13:12,22.0900,2025-06-10 13:40,21.7300,6,28,34,6,28,34,0.003179,0.043458,intraday,intraday,0,0
2025-06-10 14:12,21.5600,2025-06-11 10:32,22.4300,2025-06-11 11:04,22.5900,2025-06-11 11:36,22.2400,32,32,64,32,32,64,0.007133,0.047774,intraday,intraday,0,0
2025-06-11 14:16,21.0700,2025-06-12 10:37,21.9600,2025-06-12 10:43,22.0500,2025-06-12 11:24,21.6400,6,41,47,6,41,47,0.004098,0.046512,intraday,intraday,0,0
2025-06-13 10:28,20.0900,2025-06-13 11:45,20.9000,2025-06-13 12:18,21.0500,2025-06-13 13:10,20.7300,33,52,85,33,52,85,0.007177,0.047785,intraday,intraday,0,0
2025-06-13 14:39,19.9300,2025-06-16 09:30,20.9700,2025-06-16 11:10,22.2100,2025-06-16 11:27,21.8400,100,17,117,100,17,117,0.059132,0.114400,intraday,intraday,0,0
2025-06-17 14:28,21.3800,2025-06-18 10:20,22.2600,2025-06-18 10:38,22.3500,2025-06-18 10:53,21.9800,18,15,33,18,15,33,0.004043,0.045370,intraday,intraday,0,0
2025-06-18 15:00,21.2900,2025-06-20 09:30,22.2700,2025-06-20 09:30,22.2700,2025-06-20 10:08,21.9000,0,38,38,0,38,38,0.000000,0.046031,intraday,intraday,0,0
2025-06-20 11:00,20.4300,2025-06-20 11:37,21.2700,2025-06-20 11:39,21.3200,2025-06-20 13:23,20.9600,2,104,106,2,104,106,0.002351,0.043563,intraday,intraday,0,0
2025-06-20 13:30,20.7500,2025-06-23 10:00,21.6700,2025-06-23 10:07,21.9500,2025-06-23 10:31,21.6200,7,24,31,7,24,31,0.012921,0.057831,intraday,intraday,0,0
2025-06-23 12:36,20.3800,2025-06-23 13:19,21.2100,2025-06-24 11:02,23.9200,2025-06-24 11:56,23.5400,253,54,307,1303,54,1357,0.127770,0.173700,overnight,intraday,0,1
2025-06-24 11:58,23.5100,2025-06-25 09:34,24.5000,2025-06-25 09:34,24.5000,2025-06-25 09:49,24.0700,0,15,15,0,15,15,0.000000,0.042110,intraday,intraday,0,0
2025-06-25 11:15,23.9600,2025-06-26 09:30,25.0500,2025-06-26 09:35,25.1500,2025-06-26 09:41,24.7400,5,6,11,5,6,11,0.003992,0.049666,intraday,intraday,0,0
2025-06-26 09:50,24.6200,2025-06-27 09:39,25.6400,2025-06-27 10:21,25.8200,2025-06-27 10:55,25.4200,42,34,76,42,34,76,0.007020,0.048741,intraday,intraday,0,0
2025-06-27 14:56,24.3100,2025-06-30 09:30,25.3900,2025-06-30 09:30,25.3900,2025-06-30 09:32,24.9000,0,2,2,0,2,2,0.000000,0.044426,intraday,intraday,0,0
2025-07-01 11:14,23.6300,2025-07-01 11:55,24.5800,2025-07-01 12:37,25.1700,2025-07-01 12:57,24.7300,42,20,62,42,20,62,0.024003,0.065171,intraday,intraday,0,0
2025-07-02 09:30,24.5700,2025-07-02 10:41,25.5800,2025-07-02 12:25,26.3600,2025-07-02 13:41,25.9600,104,76,180,104,76,180,0.030493,0.072853,intraday,intraday,0,0
2025-07-07 14:29,24.6600,2025-07-08 09:30,25.7100,2025-07-08 11:08,27.0000,2025-07-08 11:21,26.5500,98,13,111,98,13,111,0.050175,0.094891,intraday,intraday,0,0
2025-07-09 11:16,25.9400,2025-07-10 09:30,27.3400,2025-07-10 09:31,27.4100,2025-07-10 09:55,26.9800,1,24,25,1,24,25,0.002560,0.056669,intraday,intraday,0,0
2025-07-14 09:44,25.3900,2025-07-14 11:44,26.4200,2025-07-14 13:41,26.7700,2025-07-14 15:31,26.3300,117,110,227,117,110,227,0.013248,0.054352,intraday,intraday,0,0
2025-07-14 15:31,26.3300,2025-07-15 09:30,28.0700,2025-07-15 09:36,28.4400,2025-07-15 09:49,27.9500,6,13,19,6,13,19,0.013181,0.080137,intraday,intraday,0,0
2025-07-16 11:36,24.9700,2025-07-16 12:35,25.9800,2025-07-16 15:58,27.0200,2025-07-17 09:31,26.6100,203,3,206,203,1053,1256,0.040031,0.082099,overnight,overnight,0,1
2025-07-17 09:33,26.4900,2025-07-18 09:30,27.6200,2025-07-18 09:33,27.8700,2025-07-18 09:56,27.4200,3,23,26,3,23,26,0.009051,0.052095,intraday,intraday,0,0
2025-07-18 10:26,26.7900,2025-07-21 09:32,27.8900,2025-07-21 10:35,28.4800,2025-07-21 11:54,28.0400,63,79,142,63,79,142,0.021155,0.063083,intraday,intraday,0,0
2025-07-22 09:54,25.4500,2025-07-22 11:36,26.4800,2025-07-22 11:47,26.6100,2025-07-22 12:00,26.1000,11,13,24,11,13,24,0.004909,0.045580,intraday,intraday,0,0
2025-07-23 10:12,24.8900,2025-07-23 14:25,25.9000,2025-07-23 14:25,25.9000,2025-07-23 15:42,25.5100,0,77,77,0,77,77,0.000000,0.040579,intraday,intraday,0,0
2025-07-25 09:38,24.8400,2025-07-28 09:30,26.5400,2025-07-28 10:41,26.9800,2025-07-28 11:20,26.5300,71,39,110,71,39,110,0.016579,0.086151,intraday,intraday,0,0
2025-07-28 11:20,26.5300,2025-07-29 09:30,27.6600,2025-07-29 10:12,28.1300,2025-07-29 10:53,27.7000,42,41,83,42,41,83,0.016992,0.060309,intraday,intraday,0,0
2025-07-29 11:42,26.5400,2025-07-30 09:31,27.7000,2025-07-30 10:55,28.1200,2025-07-30 11:23,27.6800,84,28,112,84,28,112,0.015162,0.059533,intraday,intraday,0,0
2025-08-01 10:02,22.6400,2025-08-01 10:23,23.5900,2025-08-01 10:34,23.9700,2025-08-01 10:51,23.5400,11,17,28,11,17,28,0.016109,0.058746,intraday,intraday,0,0
2025-08-01 10:51,23.5400,2025-08-01 11:59,24.5000,2025-08-01 12:26,24.8100,2025-08-01 12:38,24.4200,27,12,39,27,12,39,0.012653,0.053951,intraday,intraday,0,0
2025-08-01 14:12,23.4400,2025-08-04 09:30,24.5500,2025-08-05 09:47,25.6300,2025-08-05 10:04,25.2100,407,17,424,1457,17,1474,0.043992,0.093430,overnight,intraday,0,1
2025-08-05 10:49,23.6100,2025-08-05 12:06,24.5800,2025-08-05 12:20,24.6700,2025-08-05 12:45,24.2800,14,25,39,14,25,39,0.003662,0.044896,intraday,intraday,0,0
2025-08-06 10:51,22.9700,2025-08-06 14:08,23.8900,2025-08-07 09:41,25.8300,2025-08-07 10:07,25.4000,123,26,149,1173,26,1199,0.081206,0.124510,overnight,intraday,0,1
2025-08-07 14:16,24.5600,2025-08-08 09:45,25.5900,2025-08-11 09:49,26.8600,2025-08-11 11:07,26.4500,394,78,472,4324,78,4402,0.049629,0.093648,weekend,intraday,0,1
2025-08-11 15:55,25.4800,2025-08-12 10:08,26.5000,2025-08-13 09:51,29.2800,2025-08-13 10:02,28.8300,373,11,384,1423,11,1434,0.104906,0.149137,overnight,intraday,0,1
2025-08-14 09:31,28.0400,2025-08-14 15:41,29.2400,2025-08-14 15:54,29.6400,2025-08-15 09:30,28.3000,13,6,19,13,1056,1069,0.013680,0.057061,overnight,overnight,1,1
2025-08-20 10:16,23.7300,2025-08-20 11:19,24.6900,2025-08-20 11:34,25.1300,2025-08-20 11:51,24.7200,15,17,32,15,17,32,0.017821,0.058997,intraday,intraday,0,0
2025-08-20 11:56,24.5500,2025-08-20 15:23,25.5400,2025-08-20 15:57,25.8700,2025-08-21 09:30,25.1700,34,3,37,34,1053,1087,0.012921,0.053768,overnight,overnight,1,1
2025-08-21 13:22,25.0000,2025-08-22 09:42,26.0200,2025-08-22 10:16,28.2500,2025-08-22 10:19,27.7900,34,3,37,34,3,37,0.085703,0.130000,intraday,intraday,0,0
2025-08-25 09:53,26.8200,2025-08-26 09:40,27.9000,2025-08-26 10:35,28.1900,2025-08-27 09:30,27.4000,55,325,380,55,1375,1430,0.010394,0.051081,overnight,overnight,1,1
2025-08-27 09:30,27.4000,2025-08-28 09:30,28.9200,2025-08-28 09:42,29.0600,2025-08-28 09:50,28.4600,12,8,20,12,8,20,0.004841,0.060584,intraday,intraday,0,0
2025-09-02 09:30,23.9100,2025-09-02 09:54,24.8700,2025-09-02 09:54,24.8700,2025-09-02 10:08,24.4500,0,14,14,0,14,14,0.000000,0.040151,intraday,intraday,0,0
2025-09-02 11:53,23.9100,2025-09-02 15:14,24.8800,2025-09-03 10:43,25.3400,2025-09-03 11:13,24.9100,119,30,149,1169,30,1199,0.018489,0.059808,overnight,intraday,0,1
2025-09-04 09:41,24.0100,2025-09-04 11:08,25.0300,2025-09-05 09:59,26.9500,2025-09-05 10:11,26.4900,321,12,333,1371,12,1383,0.076708,0.122449,overnight,intraday,0,1
2025-09-05 11:02,25.6200,2025-09-08 09:30,27.0900,2025-09-08 10:48,27.4200,2025-09-08 12:15,26.9800,78,87,165,78,87,165,0.012182,0.070258,intraday,intraday,0,0
2025-09-09 10:37,26.6000,2025-09-10 09:30,28.2100,2025-09-10 12:13,28.8200,2025-09-10 13:23,28.3700,163,70,233,163,70,233,0.021624,0.083459,intraday,intraday,0,0
2025-09-10 14:25,28.0900,2025-09-11 09:30,29.2200,2025-09-11 09:33,29.6000,2025-09-11 09:42,29.1500,3,9,12,3,9,12,0.013005,0.053756,intraday,intraday,0,0
2025-09-12 10:12,28.8000,2025-09-15 10:30,29.9800,2025-09-16 09:36,30.5700,2025-09-16 10:55,30.1100,336,79,415,1386,79,1465,0.019680,0.061458,overnight,intraday,0,1
2025-09-16 11:58,29.8000,2025-09-17 14:03,31.0600,2025-09-17 14:04,31.2200,2025-09-17 14:10,30.5800,1,6,7,1,6,7,0.005151,0.047651,intraday,intraday,0,0
2025-09-17 14:53,29.1800,2025-09-17 15:01,30.3800,2025-09-17 15:08,30.6300,2025-09-17 15:13,30.1500,7,5,12,7,5,12,0.008229,0.049692,intraday,intraday,0,0
2025-09-17 15:13,30.1500,2025-09-18 09:30,32.8200,2025-09-18 10:31,34.0500,2025-09-18 10:56,33.5200,61,25,86,61,25,86,0.037477,0.129353,intraday,intraday,0,0
2025-09-19 11:35,32.1400,2025-09-22 09:30,33.5900,2025-09-22 10:08,34.2200,2025-09-22 10:26,33.6800,38,18,56,38,18,56,0.018756,0.064717,intraday,intraday,0,0
2025-09-22 10:26,33.6800,2025-09-23 09:48,35.0400,2025-09-23 10:18,35.2700,2025-09-23 13:19,34.6900,30,181,211,30,181,211,0.006564,0.047209,intraday,intraday,0,0
2025-09-24 12:12,32.8400,2025-09-24 13:34,34.2000,2025-09-24 14:45,34.3200,2025-09-25 09:30,32.2500,71,75,146,71,1125,1196,0.003509,0.045067,overnight,overnight,1,1
2025-09-25 09:43,31.4100,2025-09-25 10:08,32.7100,2025-09-25 11:49,34.0500,2025-09-25 13:20,33.5100,101,91,192,101,91,192,0.040966,0.084050,intraday,intraday,0,0
2025-09-25 14:04,32.6300,2025-09-25 15:54,33.9500,2025-09-26 09:32,34.0700,2025-09-26 10:06,33.5200,8,34,42,1058,34,1092,0.003535,0.044131,overnight,intraday,0,1
2025-09-26 10:27,32.8800,2025-09-26 14:26,34.2000,2025-09-29 10:44,35.4400,2025-09-29 11:17,34.9000,168,33,201,4098,33,4131,0.036257,0.077859,weekend,intraday,0,1
2025-09-30 13:30,33.5900,2025-10-01 10:19,34.9700,2025-10-01 10:36,35.6800,2025-10-01 11:16,35.0900,17,40,57,17,40,57,0.020303,0.062221,intraday,intraday,0,0
2025-10-01 11:18,35.0700,2025-10-01 15:34,36.5000,2025-10-02 09:30,38.9400,2025-10-02 09:40,38.3400,26,10,36,1076,10,1086,0.066849,0.110351,overnight,intraday,0,1
2025-10-02 09:41,38.1900,2025-10-03 09:36,39.7300,2025-10-03 09:40,39.9700,2025-10-03 09:58,39.3300,4,18,22,4,18,22,0.006041,0.046609,intraday,intraday,0,0
2025-10-03 13:54,37.6700,2025-10-06 09:30,43.0400,2025-10-06 09:30,43.0400,2025-10-06 09:33,42.3700,0,3,3,0,3,3,0.000000,0.142554,intraday,intraday,0,0
2025-10-07 14:03,38.7600,2025-10-08 09:56,40.3200,2025-10-08 15:56,42.9100,2025-10-09 09:45,42.2400,360,19,379,360,1069,1429,0.064236,0.107069,overnight,overnight,0,1
2025-10-09 13:30,41.0400,2025-10-10 09:31,42.7700,2025-10-10 09:31,42.7700,2025-10-10 09:49,41.9900,0,18,18,0,18,18,0.000000,0.042154,intraday,intraday,0,0
2025-10-10 11:33,36.4500,2025-10-10 11:45,38.0000,2025-10-10 11:46,38.1300,2025-10-10 11:56,37.4500,1,10,11,1,10,11,0.003421,0.046091,intraday,intraday,0,0
2025-10-10 13:10,36.0500,2025-10-10 13:35,37.5000,2025-10-10 13:37,37.5600,2025-10-10 13:46,36.8700,2,9,11,2,9,11,0.001600,0.041886,intraday,intraday,0,0
2025-10-10 15:56,34.1900,2025-10-13 09:30,38.1500,2025-10-13 09:31,38.4000,2025-10-13 09:34,37.7200,1,3,4,1,3,4,0.006553,0.123135,intraday,intraday,0,0
2025-10-13 09:41,37.3700,2025-10-13 11:16,38.9000,2025-10-13 12:57,39.4500,2025-10-13 13:26,38.8500,101,29,130,101,29,130,0.014139,0.055660,intraday,intraday,0,0
2025-10-14 09:43,36.0900,2025-10-14 10:24,37.5400,2025-10-14 10:28,37.9400,2025-10-14 10:52,37.3200,4,24,28,4,24,28,0.010655,0.051261,intraday,intraday,0,0
2025-10-14 10:59,37.1600,2025-10-14 12:36,38.6500,2025-10-14 12:51,38.9100,2025-10-14 13:01,38.2700,15,10,25,15,10,25,0.006727,0.047094,intraday,intraday,0,0
2025-10-14 15:58,36.5800,2025-10-15 09:30,39.0000,2025-10-15 09:30,39.0000,2025-10-15 09:39,38.3900,0,9,9,0,9,9,0.000000,0.066156,intraday,intraday,0,0
2025-10-15 09:43,38.2900,2025-10-15 10:30,39.8500,2025-10-15 11:14,40.1500,2025-10-15 11:35,39.4500,44,21,65,44,21,65,0.007528,0.048577,intraday,intraday,0,0
2025-10-15 13:15,37.7700,2025-10-15 13:45,39.3800,2025-10-16 09:34,41.7000,2025-10-16 09:40,40.9800,139,6,145,1189,6,1195,0.058913,0.104051,overnight,intraday,0,1
2025-10-16 12:32,39.4700,2025-10-16 13:18,41.0600,2025-10-16 13:30,41.0700,2025-10-16 13:53,40.4200,12,23,35,12,23,35,0.000244,0.040537,intraday,intraday,0,0
2025-10-17 09:45,39.0400,2025-10-17 10:14,40.6100,2025-10-17 10:15,40.7900,2025-10-17 10:21,40.1400,1,6,7,1,6,7,0.004432,0.044826,intraday,intraday,0,0
2025-10-17 11:36,38.4100,2025-10-17 12:23,39.9500,2025-10-17 12:30,40.0500,2025-10-17 12:54,39.4000,7,24,31,7,24,31,0.002503,0.042697,intraday,intraday,0,0
2025-10-17 13:47,39.0100,2025-10-20 09:30,41.7200,2025-10-20 10:45,43.0100,2025-10-20 14:22,42.3400,75,217,292,75,217,292,0.030920,0.102538,intraday,intraday,0,0
2025-10-22 13:54,36.0000,2025-10-22 14:59,37.4600,2025-10-23 09:56,40.3600,2025-10-23 10:10,39.7100,87,14,101,1137,14,1151,0.077416,0.121111,overnight,intraday,0,1
2025-10-23 10:19,39.6200,2025-10-23 13:44,41.2100,2025-10-24 09:36,44.1100,2025-10-24 09:46,43.4300,142,10,152,1192,10,1202,0.070371,0.113327,overnight,intraday,0,1
2025-10-24 10:56,43.1000,2025-10-27 09:30,45.5900,2025-10-27 11:14,47.1100,2025-10-27 11:21,46.3500,104,7,111,104,7,111,0.033341,0.093039,intraday,intraday,0,0
2025-10-28 09:52,46.0400,2025-10-29 09:30,49.9000,2025-10-29 09:56,50.7300,2025-10-29 10:07,49.9000,26,11,37,26,11,37,0.016633,0.101868,intraday,intraday,0,0
2025-10-30 09:40,47.6600,2025-10-30 09:57,49.5900,2025-10-30 10:00,49.7000,2025-10-30 10:09,48.9300,3,9,12,3,9,12,0.002218,0.042803,intraday,intraday,0,0
2025-10-30 15:59,47.3100,2025-10-31 10:14,49.2300,2025-10-31 10:46,49.9100,2025-10-31 11:36,49.1300,32,50,82,32,50,82,0.013813,0.054957,intraday,intraday,0,0
2025-10-31 13:36,46.7600,2025-10-31 15:34,48.7100,2025-10-31 15:34,48.7100,2025-10-31 15:57,47.8300,0,23,23,0,23,23,0.000000,0.041702,intraday,intraday,0,0
2025-10-31 15:59,47.7100,2025-11-03 09:30,50.0800,2025-11-03 09:30,50.0800,2025-11-03 09:35,49.1700,0,5,5,0,5,5,0.000000,0.049675,intraday,intraday,0,0
2025-11-04 09:34,44.2600,2025-11-04 09:50,46.0600,2025-11-04 09:59,46.8500,2025-11-04 10:06,46.0000,9,7,16,9,7,16,0.017152,0.058518,intraday,intraday,0,0
2025-11-04 15:56,42.6300,2025-11-05 09:40,44.4600,2025-11-05 10:06,45.8700,2025-11-05 10:21,45.0600,26,15,41,26,15,41,0.031714,0.076003,intraday,intraday,0,0
2025-11-05 10:21,45.0600,2025-11-05 12:59,46.8700,2025-11-05 15:21,48.3900,2025-11-05 15:49,47.5500,142,28,170,142,28,170,0.032430,0.073901,intraday,intraday,0,0
2025-11-06 11:56,42.2700,2025-11-06 13:26,43.9700,2025-11-06 13:39,44.3300,2025-11-06 13:56,43.6000,13,17,30,13,17,30,0.008187,0.048734,intraday,intraday,0,0
2025-11-07 09:39,38.9800,2025-11-07 09:55,40.6900,2025-11-07 09:59,41.1500,2025-11-07 10:00,40.4600,4,1,5,4,1,5,0.011305,0.055670,intraday,intraday,0,0
2025-11-07 11:57,37.0700,2025-11-07 12:31,38.5600,2025-11-07 12:32,38.8200,2025-11-07 12:43,38.2300,1,11,12,1,11,12,0.006743,0.047208,intraday,intraday,0,0
2025-11-07 12:48,37.8700,2025-11-07 13:39,39.4900,2025-11-07 13:39,39.4900,2025-11-07 13:50,38.8100,0,11,11,0,11,11,0.000000,0.042778,intraday,intraday,0,0
2025-11-07 13:51,38.6700,2025-11-07 14:40,40.3000,2025-11-07 15:02,40.8100,2025-11-07 15:23,40.1700,22,21,43,22,21,43,0.012655,0.055340,intraday,intraday,0,0
2025-11-07 15:25,40.0000,2025-11-07 15:59,41.7300,2025-11-10 09:32,45.4200,2025-11-10 09:50,44.6100,3,18,21,3933,18,3951,0.088426,0.135500,weekend,intraday,0,1
2025-11-11 10:52,41.7500,2025-11-12 09:30,44.0700,2025-11-12 09:33,44.2000,2025-11-12 09:46,43.2100,3,13,16,3,13,16,0.002950,0.058683,intraday,intraday,0,0
2025-11-13 09:44,40.4700,2025-11-13 10:14,42.3200,2025-11-13 10:15,42.4200,2025-11-13 10:19,41.7800,1,4,5,1,4,5,0.002363,0.048184,intraday,intraday,0,0
2025-11-14 09:32,35.3100,2025-11-14 09:38,36.9200,2025-11-14 10:06,39.1800,2025-11-14 10:07,38.5600,28,1,29,28,1,29,0.061213,0.109601,intraday,intraday,0,0
2025-11-14 10:25,38.0000,2025-11-14 10:45,39.6400,2025-11-14 10:47,40.1600,2025-11-14 10:55,39.5200,2,8,10,2,8,10,0.013118,0.056842,intraday,intraday,0,0
2025-11-17 09:30,37.5400,2025-11-17 09:36,39.1700,2025-11-17 09:55,39.9600,2025-11-17 10:03,39.1500,19,8,27,19,8,27,0.020168,0.064465,intraday,intraday,0,0
2025-11-18 10:16,33.1900,2025-11-18 11:26,34.5500,2025-11-18 11:38,35.0900,2025-11-18 11:51,34.5500,12,13,25,12,13,25,0.015630,0.057246,intraday,intraday,0,0
2025-11-18 12:32,34.0800,2025-11-18 12:56,35.5500,2025-11-18 13:07,35.8300,2025-11-18 13:56,35.2300,11,49,60,11,49,60,0.007876,0.051350,intraday,intraday,0,0
2025-11-18 15:49,34.2900,2025-11-19 09:49,35.6900,2025-11-19 10:17,37.1900,2025-11-19 10:48,36.5900,28,31,59,28,31,59,0.042029,0.084573,intraday,intraday,0,0
2025-11-19 12:37,34.2800,2025-11-19 14:54,35.6700,2025-11-19 15:37,36.5100,2025-11-19 15:54,35.9600,43,17,60,43,17,60,0.023549,0.065053,intraday,intraday,0,0
2025-11-19 15:59,35.9500,2025-11-20 09:30,38.6000,2025-11-20 09:37,39.0200,2025-11-20 09:40,38.3300,7,3,10,7,3,10,0.010881,0.085396,intraday,intraday,0,0
2025-11-20 12:36,32.6900,2025-11-20 13:09,34.0500,2025-11-20 13:14,34.6500,2025-11-20 13:18,34.0000,5,4,9,5,4,9,0.017621,0.059957,intraday,intraday,0,0
2025-11-21 09:46,29.5900,2025-11-21 09:54,30.9800,2025-11-21 09:54,30.9800,2025-11-21 09:56,30.4800,0,2,2,0,2,2,0.000000,0.046975,intraday,intraday,0,0
2025-11-21 10:40,28.1700,2025-11-21 10:46,29.3000,2025-11-21 10:47,29.4400,2025-11-21 10:52,28.9100,1,5,6,1,5,6,0.004778,0.045083,intraday,intraday,0,0
2025-11-21 11:05,28.4900,2025-11-21 11:22,29.6300,2025-11-21 12:09,32.0300,2025-11-21 12:19,31.5300,47,10,57,47,10,57,0.080999,0.124254,intraday,intraday,0,0
2025-11-21 13:18,30.6900,2025-11-21 13:48,32.5500,2025-11-21 14:26,32.9800,2025-11-21 14:45,32.4600,38,19,57,38,19,57,0.013210,0.074617,intraday,intraday,0,0
2025-11-21 15:55,31.6500,2025-11-24 09:31,33.1500,2025-11-24 10:05,35.0500,2025-11-24 10:10,34.5000,34,5,39,34,5,39,0.057315,0.107425,intraday,intraday,0,0
2025-11-24 10:11,34.2900,2025-11-24 11:12,35.7000,2025-11-24 13:33,36.1300,2025-11-24 14:52,35.5700,141,79,220,141,79,220,0.012045,0.053660,intraday,intraday,0,0
2025-11-25 09:49,32.2000,2025-11-25 09:58,33.7100,2025-11-25 09:59,33.7400,2025-11-25 10:03,32.9600,1,4,5,1,4,5,0.000890,0.047826,intraday,intraday,0,0
2025-11-25 10:24,32.8600,2025-11-25 10:45,34.2800,2025-11-25 10:46,34.3400,2025-11-25 10:50,33.7000,1,4,5,1,4,5,0.001750,0.045040,intraday,intraday,0,0
2025-11-25 10:51,33.6400,2025-11-25 12:21,35.0200,2025-11-25 12:37,35.7400,2025-11-25 12:57,35.1200,16,20,36,16,20,36,0.020560,0.062426,intraday,intraday,0,0
2025-11-25 14:40,34.7700,2025-11-25 15:43,36.1700,2025-11-26 09:51,38.1900,2025-11-26 09:59,37.5500,38,8,46,1088,8,1096,0.055847,0.098361,overnight,intraday,0,1
2025-11-26 10:00,37.4900,2025-11-26 11:04,39.0200,2025-11-26 15:21,40.1300,2025-11-26 15:50,39.5000,257,29,286,257,29,286,0.028447,0.070419,intraday,intraday,0,0
2025-11-26 15:59,39.1200,2025-11-28 10:53,40.7000,2025-11-28 12:59,41.3000,2025-12-01 09:30,39.9800,126,1,127,126,4111,4237,0.014742,0.055726,weekend,weekend,1,1
2025-12-01 09:43,39.6400,2025-12-01 10:52,41.4200,2025-12-01 13:55,42.3400,2025-12-01 14:21,41.6900,183,26,209,183,26,209,0.022211,0.068113,intraday,intraday,0,0
2025-12-01 15:56,41.2700,2025-12-02 09:32,43.1300,2025-12-02 10:01,44.6000,2025-12-02 10:11,43.8800,29,10,39,29,10,39,0.034083,0.080688,intraday,intraday,0,0
2025-12-02 11:32,42.0500,2025-12-02 13:51,43.7500,2025-12-02 15:31,44.2900,2025-12-03 09:39,43.2200,100,38,138,100,1088,1188,0.012343,0.053270,overnight,overnight,0,1
2025-12-03 09:39,43.2200,2025-12-03 10:34,44.9600,2025-12-03 10:36,45.1800,2025-12-03 11:10,44.3900,2,34,36,2,34,36,0.004893,0.045349,intraday,intraday,0,0
2025-12-03 11:12,44.2900,2025-12-03 15:07,46.0900,2025-12-03 15:53,46.6300,2025-12-04 09:30,45.7300,46,7,53,46,1057,1103,0.011716,0.052834,overnight,overnight,1,1
2025-12-04 15:29,44.4700,2025-12-05 09:30,46.9600,2025-12-05 09:33,47.5600,2025-12-05 09:40,46.6900,3,7,10,3,7,10,0.012777,0.069485,intraday,intraday,0,0
2025-12-05 15:51,46.3200,2025-12-08 09:32,48.3800,2025-12-08 09:33,48.4400,2025-12-08 09:48,47.6800,1,15,16,1,15,16,0.001240,0.045769,intraday,intraday,0,0
2025-12-09 09:32,46.5800,2025-12-10 14:00,48.5500,2025-12-10 14:08,48.8800,2025-12-10 14:26,48.0800,8,18,26,8,18,26,0.006797,0.049377,intraday,intraday,0,0
2025-12-10 14:27,47.9800,2025-12-10 15:13,49.9100,2025-12-10 15:27,50.0700,2025-12-11 09:30,47.3000,14,33,47,14,1083,1097,0.003206,0.043560,overnight,overnight,1,1
2025-12-11 10:00,44.8000,2025-12-11 10:20,46.6000,2025-12-11 10:23,47.0500,2025-12-11 10:40,46.2400,3,17,20,3,17,20,0.009657,0.050223,intraday,intraday,0,0
2025-12-11 10:51,45.7500,2025-12-11 13:39,47.5800,2025-12-11 15:51,48.8600,2025-12-12 09:30,46.6500,132,9,141,132,1059,1191,0.026902,0.067978,overnight,overnight,1,1
2025-12-12 11:55,41.9100,2025-12-12 12:19,43.6100,2025-12-12 12:19,43.6100,2025-12-12 12:26,42.8800,0,7,7,0,7,7,0.000000,0.040563,intraday,intraday,0,0
2025-12-12 15:39,41.1200,2025-12-15 09:30,42.9500,2025-12-15 09:32,43.3900,2025-12-15 09:39,42.6700,2,7,9,2,7,9,0.010244,0.055204,intraday,intraday,0,0
2025-12-15 10:28,41.0400,2025-12-15 11:25,42.7400,2025-12-15 11:25,42.7400,2025-12-15 11:36,41.8600,0,11,11,0,11,11,0.000000,0.041423,intraday,intraday,0,0
2025-12-16 10:26,39.3300,2025-12-17 09:30,41.0400,2025-12-17 09:31,41.1400,2025-12-17 09:35,40.4800,1,4,5,1,4,5,0.002437,0.046021,intraday,intraday,0,0
2025-12-17 14:36,35.7300,2025-12-18 09:30,40.0100,2025-12-18 09:32,40.3000,2025-12-18 09:45,39.6600,2,13,15,2,13,15,0.007248,0.127904,intraday,intraday,0,0
2025-12-18 10:20,38.2600,2025-12-19 09:30,40.2500,2025-12-19 10:01,42.0400,2025-12-19 10:21,41.3400,31,20,51,31,20,51,0.044472,0.098798,intraday,intraday,0,0
2025-12-19 10:52,40.9800,2025-12-22 09:30,44.1000,2025-12-22 09:30,44.1000,2025-12-22 09:34,43.4300,0,4,4,0,4,4,0.000000,0.076135,intraday,intraday,0,0
2025-12-23 10:03,42.2700,2025-12-24 09:33,43.9800,2025-12-26 09:35,44.7200,2025-12-26 10:01,44.0200,212,26,238,2882,26,2908,0.016826,0.057961,holiday,intraday,0,1
2025-12-29 09:30,42.6100,2025-12-30 09:30,44.3600,2025-12-30 11:21,44.7500,2025-12-30 13:01,44.0400,111,100,211,111,100,211,0.008792,0.050223,intraday,intraday,0,0
2025-12-31 15:59,42.0300,2026-01-02 09:30,45.9900,2026-01-02 10:06,48.0500,2026-01-02 10:15,47.2800,36,9,45,36,9,45,0.044792,0.143231,intraday,intraday,0,0
2026-01-02 11:11,45.9400,2026-01-02 15:17,47.7900,2026-01-02 15:28,48.0100,2026-01-02 15:54,47.2600,11,26,37,11,26,37,0.004603,0.045059,intraday,intraday,0,0
2026-01-02 15:55,47.2400,2026-01-05 09:30,51.0200,2026-01-05 09:30,51.0200,2026-01-05 09:39,50.1100,0,9,9,0,9,9,0.000000,0.080017,intraday,intraday,0,0
2026-01-05 13:18,48.6900,2026-01-06 09:30,51.7100,2026-01-06 10:07,53.8000,2026-01-06 10:31,52.9600,37,24,61,37,24,61,0.040418,0.104950,intraday,intraday,0,0
2026-01-08 11:36,48.1900,2026-01-09 09:30,50.5000,2026-01-09 10:02,52.6300,2026-01-09 10:06,51.7300,32,4,36,32,4,36,0.042178,0.092135,intraday,intraday,0,0
2026-01-09 10:08,51.2500,2026-01-09 11:02,53.4600,2026-01-09 15:22,54.7300,2026-01-12 09:30,52.7800,260,38,298,260,3968,4228,0.023756,0.067902,weekend,weekend,1,1
2026-01-12 09:30,52.7800,2026-01-12 13:04,54.9100,2026-01-13 09:41,56.6200,2026-01-13 10:08,55.7100,187,27,214,1237,27,1264,0.031142,0.072755,overnight,intraday,0,1
2026-01-14 12:57,53.0700,2026-01-14 15:56,55.2600,2026-01-15 09:44,61.5100,2026-01-15 10:00,60.5400,18,16,34,1068,16,1084,0.113102,0.159035,overnight,intraday,0,1
2026-01-15 15:58,58.0800,2026-01-16 09:30,61.8200,2026-01-16 09:43,62.1700,2026-01-16 09:57,61.2100,13,14,27,13,14,27,0.005662,0.070420,intraday,intraday,0,0
2026-01-20 09:32,58.2600,2026-01-20 10:40,60.6400,2026-01-20 11:10,60.9800,2026-01-20 12:18,59.9900,30,68,98,30,68,98,0.005607,0.046687,intraday,intraday,0,0
2026-01-20 14:36,57.2500,2026-01-21 09:30,60.9100,2026-01-21 09:30,60.9100,2026-01-21 09:32,59.9500,0,2,2,0,2,2,0.000000,0.063930,intraday,intraday,0,0
2026-01-21 09:35,59.7400,2026-01-21 10:06,62.1700,2026-01-21 11:16,64.2800,2026-01-21 11:37,63.1800,70,21,91,70,21,91,0.033939,0.075996,intraday,intraday,0,0
2026-01-21 12:45,60.4500,2026-01-21 14:27,62.9300,2026-01-21 15:13,65.0700,2026-01-21 15:28,64.0500,46,15,61,46,15,61,0.034006,0.076427,intraday,intraday,0,0
2026-01-21 15:54,63.4900,2026-01-22 09:30,66.2800,2026-01-22 09:32,66.4700,2026-01-22 09:34,65.4300,2,2,4,2,2,4,0.002867,0.046937,intraday,intraday,0,0
2026-01-23 09:39,60.5700,2026-01-23 10:22,63.0300,2026-01-23 10:35,63.2200,2026-01-23 11:07,62.2000,13,32,45,13,32,45,0.003014,0.043751,intraday,intraday,0,0
2026-01-26 09:30,59.8800,2026-01-27 09:30,63.4000,2026-01-27 12:41,65.9700,2026-01-27 15:51,64.9200,191,190,381,191,190,381,0.040536,0.101703,intraday,intraday,0,0
2026-01-27 15:54,64.6700,2026-01-28 09:30,68.8600,2026-01-28 09:44,70.7700,2026-01-28 09:48,69.6100,14,4,18,14,4,18,0.027737,0.094325,intraday,intraday,0,0
2026-01-28 10:10,68.0500,2026-01-29 09:30,70.8400,2026-01-29 09:33,71.7000,2026-01-29 09:36,70.2800,3,3,6,3,3,6,0.012140,0.053637,intraday,intraday,0,0
2026-01-29 11:07,62.7800,2026-01-29 11:15,65.4000,2026-01-29 12:38,68.8100,2026-01-29 12:53,67.7700,83,15,98,83,15,98,0.052141,0.096050,intraday,intraday,0,0
2026-01-29 12:59,67.5500,2026-01-29 15:55,70.2600,2026-01-29 15:58,70.4700,2026-01-30 09:30,68.3800,3,2,5,3,1052,1055,0.002989,0.043227,overnight,overnight,1,1
2026-01-30 15:28,60.5100,2026-02-02 09:36,63.4300,2026-02-02 09:39,63.9000,2026-02-02 09:43,62.9200,3,4,7,3,4,7,0.007410,0.056024,intraday,intraday,0,0
2026-02-02 09:58,62.5600,2026-02-02 10:17,65.2700,2026-02-02 10:39,66.0000,2026-02-02 11:04,65.0100,22,25,47,22,25,47,0.011184,0.054987,intraday,intraday,0,0
2026-02-02 15:50,64.5100,2026-02-03 09:30,67.3800,2026-02-03 09:30,67.3800,2026-02-03 09:33,65.6600,0,3,3,0,3,3,0.000000,0.044489,intraday,intraday,0,0
2026-02-03 10:24,60.6900,2026-02-03 10:56,63.1600,2026-02-03 10:59,63.4200,2026-02-03 11:09,62.2900,3,10,13,3,10,13,0.004117,0.044983,intraday,intraday,0,0
2026-02-03 14:03,57.0500,2026-02-03 15:31,59.4500,2026-02-03 15:59,61.2000,2026-02-04 09:30,58.0600,28,1,29,28,1051,1079,0.029437,0.072743,overnight,overnight,1,1
2026-02-04 09:32,57.9200,2026-02-04 09:47,60.2400,2026-02-04 09:48,60.8200,2026-02-04 09:51,59.7600,1,3,4,1,3,4,0.009628,0.050069,intraday,intraday,0,0
2026-02-04 12:50,49.5000,2026-02-04 14:18,51.6200,2026-02-04 14:58,54.9700,2026-02-04 15:11,54.1100,40,13,53,40,13,53,0.064897,0.110505,intraday,intraday,0,0
2026-02-05 09:33,50.5300,2026-02-05 09:37,52.7600,2026-02-05 09:46,55.0800,2026-02-05 09:55,53.6800,9,9,18,9,9,18,0.043973,0.090046,intraday,intraday,0,0
2026-02-05 10:32,50.1000,2026-02-05 10:42,52.2400,2026-02-05 10:43,52.2700,2026-02-05 10:46,51.4100,1,3,4,1,3,4,0.000574,0.043313,intraday,intraday,0,0
2026-02-05 11:14,50.7900,2026-02-05 11:24,52.9000,2026-02-05 11:34,53.9700,2026-02-05 11:47,53.1400,10,13,23,10,13,23,0.020227,0.062611,intraday,intraday,0,0
2026-02-05 15:52,52.3900,2026-02-06 09:30,56.0500,2026-02-06 09:40,58.6900,2026-02-06 09:41,57.6300,10,1,11,10,1,11,0.047101,0.120252,intraday,intraday,0,0
2026-02-06 09:41,57.6300,2026-02-06 09:51,60.2700,2026-02-06 09:52,60.5800,2026-02-06 09:55,59.6200,1,3,4,1,3,4,0.005144,0.051189,intraday,intraday,0,0
2026-02-06 10:14,57.5000,2026-02-06 11:04,59.8300,2026-02-06 13:57,62.1500,2026-02-06 14:40,61.1500,173,43,216,173,43,216,0.038777,0.080870,intraday,intraday,0,0
2026-02-09 09:30,59.8900,2026-02-09 09:46,62.6800,2026-02-09 12:15,65.0200,2026-02-09 13:21,63.7500,149,66,215,149,66,215,0.037332,0.085657,intraday,intraday,0,0
2026-02-10 09:49,61.7200,2026-02-10 12:13,64.2300,2026-02-10 12:52,65.1800,2026-02-10 13:27,64.1900,39,35,74,39,35,74,0.014791,0.056060,intraday,intraday,0,0
2026-02-10 15:25,62.6700,2026-02-11 09:30,67.7800,2026-02-11 09:45,68.9700,2026-02-11 09:57,67.6600,15,12,27,15,12,27,0.017557,0.100527,intraday,intraday,0,0
2026-02-11 10:27,63.3000,2026-02-11 10:52,66.0900,2026-02-11 11:01,66.9900,2026-02-11 11:09,65.9800,9,8,17,9,8,17,0.013618,0.058294,intraday,intraday,0,0
2026-02-11 11:09,65.9800,2026-02-11 15:18,68.6400,2026-02-12 09:42,70.5600,2026-02-12 09:45,69.2600,54,3,57,1104,3,1107,0.027972,0.069415,overnight,intraday,0,1
2026-02-13 09:41,61.7300,2026-02-13 09:45,64.2700,2026-02-13 09:48,64.8100,2026-02-13 09:50,63.4700,3,2,5,3,2,5,0.008402,0.049895,intraday,intraday,0,0
2026-02-13 09:56,62.8000,2026-02-13 10:30,65.4000,2026-02-13 10:37,66.1900,2026-02-13 10:38,65.1700,7,1,8,7,1,8,0.012080,0.053981,intraday,intraday,0,0
2026-02-17 09:32,61.1100,2026-02-17 09:39,63.7500,2026-02-17 09:39,63.7500,2026-02-17 09:43,62.5000,0,4,4,0,4,4,0.000000,0.043201,intraday,intraday,0,0
2026-02-17 09:59,59.7700,2026-02-17 10:19,62.2600,2026-02-17 10:19,62.2600,2026-02-17 10:22,61.1600,0,3,3,0,3,3,0.000000,0.041660,intraday,intraday,0,0
2026-02-17 10:39,60.4000,2026-02-17 10:59,62.8300,2026-02-17 11:13,64.9100,2026-02-17 11:30,63.6500,14,17,31,14,17,31,0.033105,0.074669,intraday,intraday,0,0
2026-02-17 12:53,63.4600,2026-02-18 09:58,66.3200,2026-02-18 11:44,68.4200,2026-02-18 13:31,67.3600,106,107,213,106,107,213,0.031665,0.078159,intraday,intraday,0,0
2026-02-19 09:45,63.0000,2026-02-20 09:35,65.9200,2026-02-20 09:46,66.9800,2026-02-20 09:51,65.3900,11,5,16,11,5,16,0.016080,0.063175,intraday,intraday,0,0
2026-02-20 10:16,65.0200,2026-02-20 10:52,67.7200,2026-02-20 11:12,68.1400,2026-02-20 11:17,67.1000,20,5,25,20,5,25,0.006202,0.047985,intraday,intraday,0,0
2026-02-23 12:39,63.5200,2026-02-24 09:30,68.7000,2026-02-24 09:30,68.7000,2026-02-24 09:33,66.6000,0,3,3,0,3,3,0.000000,0.081549,intraday,intraday,0,0
2026-02-24 09:37,66.5600,2026-02-24 10:06,69.2800,2026-02-24 10:06,69.2800,2026-02-24 10:18,68.2000,0,12,12,0,12,12,0.000000,0.040865,intraday,intraday,0,0
2026-02-24 10:18,68.2000,2026-02-25 09:30,71.1100,2026-02-25 10:03,72.3000,2026-02-25 10:44,71.1500,33,41,74,33,41,74,0.016735,0.060117,intraday,intraday,0,0
2026-02-26 10:24,61.7700,2026-02-26 10:43,64.3400,2026-02-26 11:33,65.0800,2026-02-26 11:45,64.0200,50,12,62,50,12,62,0.011501,0.053586,intraday,intraday,0,0
2026-02-26 13:08,62.6900,2026-02-26 15:58,65.2800,2026-02-26 15:59,65.3400,2026-02-27 09:30,61.5500,1,1,2,1,1051,1052,0.000919,0.042271,overnight,overnight,1,1
2026-02-27 09:31,60.9000,2026-02-27 10:08,63.4600,2026-02-27 10:11,63.7300,2026-02-27 10:17,62.7000,3,6,9,3,6,9,0.004255,0.046470,intraday,intraday,0,0
2026-03-02 09:30,58.3300,2026-03-02 09:36,61.1600,2026-03-02 09:37,61.2100,2026-03-02 09:40,59.7300,1,3,4,1,3,4,0.000818,0.049374,intraday,intraday,0,0
2026-03-02 10:32,59.3000,2026-03-02 11:44,61.7500,2026-03-02 12:36,62.7100,2026-03-02 13:46,61.5800,52,70,122,52,70,122,0.015547,0.057504,intraday,intraday,0,0
2026-03-03 10:29,51.5300,2026-03-03 11:04,53.8600,2026-03-03 11:46,55.5200,2026-03-03 12:03,54.5900,42,17,59,42,17,59,0.030821,0.077431,intraday,intraday,0,0
2026-03-03 15:52,53.1900,2026-03-04 09:30,56.4500,2026-03-04 09:30,56.4500,2026-03-04 09:35,55.3000,0,5,5,0,5,5,0.000000,0.061290,intraday,intraday,0,0
2026-03-04 09:42,54.5700,2026-03-04 10:28,56.7900,2026-03-04 11:01,57.6200,2026-03-04 11:11,56.7500,33,10,43,33,10,43,0.014615,0.055892,intraday,intraday,0,0
2026-03-05 09:44,55.3000,2026-03-05 10:00,57.6200,2026-03-05 10:00,57.6200,2026-03-05 10:22,56.6700,0,22,22,0,22,22,0.000000,0.041953,intraday,intraday,0,0
2026-03-05 12:50,51.2400,2026-03-05 15:25,53.5200,2026-03-05 15:59,54.7000,2026-03-06 09:30,50.3900,34,1,35,34,1051,1085,0.022048,0.067525,overnight,overnight,1,1
2026-03-06 09:36,50.2300,2026-03-06 10:02,52.3300,2026-03-06 10:02,52.3300,2026-03-06 10:10,51.4600,0,8,8,0,8,8,0.000000,0.041808,intraday,intraday,0,0
2026-03-09 09:53,44.7800,2026-03-09 10:23,46.7400,2026-03-09 12:47,50.4500,2026-03-09 13:19,49.6500,144,32,176,144,32,176,0.079375,0.126619,intraday,intraday,0,0
2026-03-09 13:43,49.0400,2026-03-09 15:20,51.0900,2026-03-09 15:39,53.6400,2026-03-09 15:41,52.7200,19,2,21,19,2,21,0.049912,0.093801,intraday,intraday,0,0
2026-03-09 15:53,52.7100,2026-03-10 09:38,54.9500,2026-03-10 09:49,55.6100,2026-03-10 09:58,54.7500,11,9,20,11,9,20,0.012011,0.055018,intraday,intraday,0,0
2026-03-10 10:09,54.3000,2026-03-10 10:57,56.4900,2026-03-10 11:42,57.3400,2026-03-10 12:03,56.4400,45,21,66,45,21,66,0.015047,0.055985,intraday,intraday,0,0
2026-03-10 15:51,53.8800,2026-03-11 09:32,56.1200,2026-03-11 10:05,57.6100,2026-03-11 10:33,56.6500,33,28,61,33,28,61,0.026550,0.069228,intraday,intraday,0,0
2026-03-12 11:13,49.5700,2026-03-12 11:39,51.7200,2026-03-12 12:05,51.8800,2026-03-12 12:08,51.0900,26,3,29,26,3,29,0.003094,0.046601,intraday,intraday,0,0
2026-03-12 15:17,49.9800,2026-03-13 09:30,52.2400,2026-03-13 09:53,53.8800,2026-03-13 10:05,53.0000,23,12,35,23,12,35,0.031394,0.078031,intraday,intraday,0,0
2026-03-13 14:23,50.0600,2026-03-16 09:30,54.7200,2026-03-16 09:36,55.2800,2026-03-16 10:30,54.4200,6,54,60,6,54,60,0.010234,0.104275,intraday,intraday,0,0
2026-03-16 15:50,53.2300,2026-03-18 09:30,55.7300,2026-03-18 09:30,55.7300,2026-03-18 09:34,54.8200,0,4,4,0,4,4,0.000000,0.046966,intraday,intraday,0,0
2026-03-18 10:26,54.1300,2026-03-18 11:07,56.3000,2026-03-18 11:07,56.3000,2026-03-18 12:35,55.4000,0,88,88,0,88,88,0.000000,0.040089,intraday,intraday,0,0
2026-03-19 09:35,48.6700,2026-03-19 09:50,50.8400,2026-03-19 10:12,53.3900,2026-03-19 10:21,52.5300,22,9,31,22,9,31,0.050157,0.096980,intraday,intraday,0,0
2026-03-19 11:36,51.9300,2026-03-19 14:20,54.0100,2026-03-19 14:21,54.0600,2026-03-19 14:43,53.2100,1,22,23,1,22,23,0.000926,0.041017,intraday,intraday,0,0
2026-03-19 14:43,53.2100,2026-03-19 15:06,55.7300,2026-03-19 15:11,56.0600,2026-03-19 15:25,55.2000,5,14,19,5,14,19,0.005921,0.053561,intraday,intraday,0,0
2026-03-20 15:37,49.0500,2026-03-20 15:58,51.0400,2026-03-23 09:33,54.7000,2026-03-23 09:35,53.8600,5,2,7,3935,2,3937,0.071708,0.115189,weekend,intraday,0,1
2026-03-23 09:35,53.8600,2026-03-23 10:17,56.0900,2026-03-23 10:23,56.7900,2026-03-23 10:40,55.8800,6,17,23,6,17,23,0.012480,0.054400,intraday,intraday,0,0
2026-03-24 09:41,51.6300,2026-03-24 10:07,53.7000,2026-03-24 10:10,53.9900,2026-03-24 10:22,52.8900,3,12,15,3,12,15,0.005400,0.045710,intraday,intraday,0,0
2026-03-24 10:25,52.8100,2026-03-24 11:12,54.9300,2026-03-24 11:25,56.0600,2026-03-24 11:33,55.1900,13,8,21,13,8,21,0.020572,0.061541,intraday,intraday,0,0
2026-03-24 13:17,53.7200,2026-03-25 09:30,56.2700,2026-03-25 09:41,57.4000,2026-03-25 09:50,56.3000,11,9,20,11,9,20,0.020082,0.068503,intraday,intraday,0,0
2026-03-25 10:00,55.7900,2026-03-25 10:22,58.1900,2026-03-25 10:22,58.1900,2026-03-25 11:02,57.2900,0,40,40,0,40,40,0.000000,0.043018,intraday,intraday,0,0
2026-03-27 10:43,46.5000,2026-03-27 11:31,48.4200,2026-03-27 11:51,48.4900,2026-03-27 12:16,47.7600,20,25,45,20,25,45,0.001446,0.042796,intraday,intraday,0,0
2026-03-27 15:46,46.0100,2026-03-30 09:31,48.2200,2026-03-30 09:31,48.2200,2026-03-30 09:34,47.1500,0,3,3,0,3,3,0.000000,0.048033,intraday,intraday,0,0
2026-03-30 15:31,39.5700,2026-03-31 09:30,43.2500,2026-03-31 09:59,44.6900,2026-03-31 10:07,43.8800,29,8,37,29,8,37,0.033295,0.129391,intraday,intraday,0,0
2026-03-31 10:57,43.1200,2026-03-31 12:39,45.0700,2026-03-31 12:43,46.7300,2026-03-31 12:47,45.8200,4,4,8,4,4,8,0.036832,0.083720,intraday,intraday,0,0
2026-03-31 12:48,45.8100,2026-03-31 15:02,47.6700,2026-04-01 09:37,52.1600,2026-04-01 09:43,51.0800,65,6,71,1115,6,1121,0.094189,0.138616,overnight,intraday,0,1
2026-04-01 09:43,51.0800,2026-04-01 10:51,53.1500,2026-04-01 13:22,54.0600,2026-04-01 13:58,53.2000,151,36,187,151,36,187,0.017121,0.058340,intraday,intraday,0,0
2026-04-02 09:39,46.2300,2026-04-02 09:53,48.5300,2026-04-02 10:21,50.5900,2026-04-02 10:25,49.6200,28,4,32,28,4,32,0.042448,0.094311,intraday,intraday,0,0
2026-04-02 10:27,49.4000,2026-04-02 10:36,52.2400,2026-04-02 10:37,52.6400,2026-04-02 10:40,51.7400,1,3,4,1,3,4,0.007657,0.065587,intraday,intraday,0,0
2026-04-02 12:20,50.8200,2026-04-02 15:51,52.8700,2026-04-06 09:33,55.5500,2026-04-06 09:36,53.9800,12,3,15,5382,3,5385,0.050690,0.093074,weekend,intraday,0,1
2026-04-06 10:07,52.9000,2026-04-07 09:36,55.4800,2026-04-07 09:36,55.4800,2026-04-07 09:40,54.3300,0,4,4,0,4,4,0.000000,0.048771,intraday,intraday,0,0
2026-04-07 11:08,52.2000,2026-04-07 12:02,54.7600,2026-04-07 13:37,55.5800,2026-04-07 14:09,54.7300,95,32,127,95,32,127,0.014974,0.064751,intraday,intraday,0,0
2026-04-07 14:55,53.4400,2026-04-07 15:45,55.9300,2026-04-08 09:36,66.9900,2026-04-08 09:41,65.9300,21,5,26,1071,5,1076,0.197747,0.253555,overnight,intraday,0,1
2026-04-08 10:56,63.6700,2026-04-08 11:36,66.2600,2026-04-08 14:16,67.9600,2026-04-08 14:44,66.8600,160,28,188,160,28,188,0.025657,0.067379,intraday,intraday,0,0
2026-04-08 15:00,65.8200,2026-04-09 09:30,68.5400,2026-04-09 09:43,70.3900,2026-04-09 10:13,69.2800,13,30,43,13,30,43,0.026992,0.069432,intraday,intraday,0,0
2026-04-09 10:36,68.2300,2026-04-09 12:02,71.0500,2026-04-10 09:33,76.5300,2026-04-10 09:39,75.0600,241,6,247,1291,6,1297,0.077129,0.121647,overnight,intraday,0,1
2026-04-10 09:39,75.0600,2026-04-10 11:22,78.0700,2026-04-10 11:24,78.2700,2026-04-10 11:38,76.9900,2,14,16,2,14,16,0.002562,0.042766,intraday,intraday,0,0
2026-04-13 09:47,75.5400,2026-04-13 12:50,78.5900,2026-04-14 09:30,83.0600,2026-04-14 09:33,81.7800,190,3,193,1240,3,1243,0.056877,0.099550,overnight,intraday,0,1
2026-04-14 09:40,80.8400,2026-04-14 13:22,84.1400,2026-04-15 09:32,85.6800,2026-04-15 09:36,84.2000,160,4,164,1210,4,1214,0.018303,0.059871,overnight,intraday,0,1
2026-04-15 12:56,80.1200,2026-04-15 15:05,83.3400,2026-04-15 15:59,85.8800,2026-04-16 09:30,84.5600,54,1,55,54,1051,1105,0.030478,0.071892,overnight,overnight,1,1
2026-04-16 09:54,83.4700,2026-04-16 10:47,86.8100,2026-04-16 11:37,89.2500,2026-04-16 12:33,87.1600,50,56,106,50,56,106,0.028107,0.069246,intraday,intraday,0,0
2026-04-16 14:28,86.4900,2026-04-17 09:30,92.7000,2026-04-17 09:37,92.9700,2026-04-17 09:46,91.2300,7,9,16,7,9,16,0.002913,0.074922,intraday,intraday,0,0
2026-04-17 09:56,91.0100,2026-04-17 12:31,94.6700,2026-04-17 12:31,94.6700,2026-04-17 13:24,92.8600,0,53,53,0,53,53,0.000000,0.040215,intraday,intraday,0,0
2026-04-20 11:07,92.1400,2026-04-20 15:00,95.9100,2026-04-21 10:16,99.7800,2026-04-21 10:52,98.1700,106,36,142,1156,36,1192,0.040350,0.082917,overnight,intraday,0,1
2026-04-21 11:06,95.5200,2026-04-21 15:12,99.3700,2026-04-21 15:32,99.9300,2026-04-21 15:41,98.3200,20,9,29,20,9,29,0.005636,0.046168,intraday,intraday,0,0
2026-04-21 15:44,96.6600,2026-04-22 09:30,103.4500,2026-04-22 09:30,103.4500,2026-04-22 09:38,101.6300,0,8,8,0,8,8,0.000000,0.070246,intraday,intraday,0,0
2026-04-22 09:57,99.8300,2026-04-22 12:53,103.8800,2026-04-22 14:52,105.7500,2026-04-22 15:00,104.1300,119,8,127,119,8,127,0.018002,0.059301,intraday,intraday,0,0
2026-04-22 15:03,103.8400,2026-04-23 09:30,108.8300,2026-04-23 09:52,113.8500,2026-04-23 09:58,111.8300,22,6,28,22,6,28,0.046127,0.096398,intraday,intraday,0,0
2026-04-23 10:00,111.2700,2026-04-23 11:13,115.8300,2026-04-23 11:41,116.4500,2026-04-23 11:53,114.5700,28,12,40,28,12,40,0.005353,0.046553,intraday,intraday,0,0
2026-04-23 13:46,107.6800,2026-04-23 14:01,112.1900,2026-04-23 14:37,112.5500,2026-04-23 14:56,110.6700,36,19,55,36,19,55,0.003209,0.045227,intraday,intraday,0,0
2026-04-23 15:04,109.1700,2026-04-24 09:30,126.7400,2026-04-24 09:33,127.9700,2026-04-24 09:36,125.6500,3,3,6,3,3,6,0.009705,0.172208,intraday,intraday,0,0
2026-04-24 09:55,120.8100,2026-04-24 10:09,125.8500,2026-04-24 10:12,126.5200,2026-04-24 10:21,124.4800,3,9,12,3,9,12,0.005324,0.047264,intraday,intraday,0,0
2026-04-24 10:33,123.4500,2026-04-24 11:50,128.4300,2026-04-24 12:37,130.0200,2026-04-24 13:21,127.9500,47,44,91,47,44,91,0.012380,0.053220,intraday,intraday,0,0
2026-04-27 09:51,117.9100,2026-04-27 09:56,123.1800,2026-04-27 09:59,124.0900,2026-04-27 10:05,122.1300,3,6,9,3,6,9,0.007388,0.052413,intraday,intraday,0,0
2026-04-27 10:32,118.3400,2026-04-27 15:50,123.1000,2026-04-27 15:54,123.4600,2026-04-28 09:30,107.4100,4,6,10,4,1056,1060,0.002924,0.043265,overnight,overnight,1,1
2026-04-28 09:31,107.1200,2026-04-28 09:35,112.3000,2026-04-28 09:42,115.3000,2026-04-28 09:45,112.9800,7,3,10,7,3,10,0.026714,0.076363,intraday,intraday,0,0
2026-04-28 10:50,104.4700,2026-04-28 13:33,108.7000,2026-04-28 15:05,112.3100,2026-04-28 15:19,110.3400,92,14,106,92,14,106,0.033211,0.075045,intraday,intraday,0,0
2026-04-28 15:59,109.5900,2026-04-29 09:30,114.6700,2026-04-29 09:30,114.6700,2026-04-29 09:33,112.9200,0,3,3,0,3,3,0.000000,0.046355,intraday,intraday,0,0
2026-04-29 09:33,112.9200,2026-04-29 10:36,117.7200,2026-04-29 10:36,117.7200,2026-04-29 11:09,115.5100,0,33,33,0,33,33,0.000000,0.042508,intraday,intraday,0,0
2026-04-29 12:34,113.4600,2026-04-29 15:15,118.2600,2026-04-30 09:30,121.8000,2026-04-30 09:33,118.9300,45,3,48,1095,3,1098,0.029934,0.073506,overnight,intraday,0,1
2026-04-30 10:39,117.6300,2026-04-30 11:00,122.8600,2026-04-30 11:31,125.3700,2026-04-30 11:42,123.3800,31,11,42,31,11,42,0.020430,0.065800,intraday,intraday,0,0
2026-05-01 09:30,122.0200,2026-05-01 09:40,127.1200,2026-05-01 09:44,127.7000,2026-05-01 09:47,125.6000,4,3,7,4,3,7,0.004563,0.046550,intraday,intraday,0,0
2026-05-01 10:37,125.2000,2026-05-01 15:13,130.2700,2026-05-04 10:05,133.4700,2026-05-04 10:17,131.3000,82,12,94,4012,12,4024,0.024564,0.066054,weekend,intraday,0,1
2026-05-04 12:15,124.4400,2026-05-05 09:30,135.3800,2026-05-05 12:14,146.6800,2026-05-05 12:31,144.1800,164,17,181,164,17,181,0.083469,0.178721,intraday,intraday,0,0
2026-05-05 15:54,142.7100,2026-05-06 09:30,156.3700,2026-05-06 09:34,161.4700,2026-05-06 09:37,158.6600,4,3,7,4,3,7,0.032615,0.131455,intraday,intraday,0,0
2026-05-06 10:22,149.4500,2026-05-06 10:45,156.2500,2026-05-06 11:28,162.1700,2026-05-06 12:52,159.7300,43,84,127,43,84,127,0.037888,0.085112,intraday,intraday,0,0
2026-05-07 09:45,152.6500,2026-05-07 10:15,159.0000,2026-05-07 10:39,162.6600,2026-05-07 10:48,159.6900,24,9,33,24,9,33,0.023019,0.065575,intraday,intraday,0,0
2026-05-07 13:27,148.2900,2026-05-08 09:30,161.8800,2026-05-08 10:25,169.3600,2026-05-08 10:30,166.6500,55,5,60,55,5,60,0.046207,0.142086,intraday,intraday,0,0
2026-05-08 10:36,166.2400,2026-05-08 12:52,172.9100,2026-05-08 13:25,176.8000,2026-05-08 13:51,174.0300,33,26,59,33,26,59,0.022497,0.063523,intraday,intraday,0,0
2026-05-08 14:59,173.7900,2026-05-11 09:30,183.4100,2026-05-11 09:33,189.2400,2026-05-11 09:35,184.4800,3,2,5,3,2,5,0.031787,0.088900,intraday,intraday,0,0
2026-05-11 10:31,179.3500,2026-05-11 11:09,186.5600,2026-05-11 12:14,189.9200,2026-05-11 12:41,186.9500,65,27,92,65,27,92,0.018010,0.058935,intraday,intraday,0,0
2026-05-12 09:30,173.7500,2026-05-12 09:42,180.9600,2026-05-12 09:43,181.6000,2026-05-12 09:47,177.9700,1,4,5,1,4,5,0.003537,0.045180,intraday,intraday,0,0
2026-05-12 12:42,150.7200,2026-05-12 13:13,157.4500,2026-05-12 13:23,160.8600,2026-05-12 13:27,157.6800,10,4,14,10,4,14,0.021658,0.067277,intraday,intraday,0,0
2026-05-12 13:27,157.6800,2026-05-12 14:27,164.3400,2026-05-12 14:33,164.9700,2026-05-12 14:45,162.3700,6,12,18,6,12,18,0.003834,0.046233,intraday,intraday,0,0
2026-05-12 14:59,161.3800,2026-05-12 15:32,168.0700,2026-05-13 09:30,182.1100,2026-05-13 09:36,178.1700,28,6,34,1078,6,1084,0.083537,0.128455,overnight,intraday,0,1
2026-05-13 10:08,172.8000,2026-05-13 10:30,180.1700,2026-05-13 11:01,184.0000,2026-05-13 11:25,181.2100,31,24,55,31,24,55,0.021258,0.064815,intraday,intraday,0,0
2026-05-13 11:58,179.4700,2026-05-13 13:30,186.8100,2026-05-13 14:28,188.4200,2026-05-13 14:47,185.5000,58,19,77,58,19,77,0.008618,0.049869,intraday,intraday,0,0
2026-05-14 09:30,179.0100,2026-05-14 09:39,186.2600,2026-05-14 09:49,188.6300,2026-05-14 09:58,185.6200,10,9,19,10,9,19,0.012724,0.053740,intraday,intraday,0,0
2026-05-14 13:25,182.0300,2026-05-14 15:48,189.4200,2026-05-14 15:48,189.4200,2026-05-14 15:58,186.5700,0,10,10,0,10,10,0.000000,0.040598,intraday,intraday,0,0
2026-05-15 09:59,161.6900,2026-05-15 10:13,168.4100,2026-05-15 10:18,171.8700,2026-05-15 10:27,168.8700,5,9,14,5,9,14,0.020545,0.062960,intraday,intraday,0,0
2026-05-15 11:07,165.1800,2026-05-15 13:36,171.9900,2026-05-15 14:12,174.2900,2026-05-15 14:19,171.4600,36,7,43,36,7,43,0.013373,0.055152,intraday,intraday,0,0
2026-05-15 15:59,164.2300,2026-05-18 09:30,172.7000,2026-05-18 09:30,172.7000,2026-05-18 09:32,170.0800,0,2,2,0,2,2,0.000000,0.051574,intraday,intraday,0,0
2026-05-18 10:49,148.8500,2026-05-18 11:01,155.1900,2026-05-18 11:02,155.7800,2026-05-18 11:09,151.8200,1,7,8,1,7,8,0.003802,0.046557,intraday,intraday,0,0
2026-05-18 14:49,143.1000,2026-05-18 15:01,150.1800,2026-05-18 15:01,150.1800,2026-05-18 15:06,145.8000,0,5,5,0,5,5,0.000000,0.049476,intraday,intraday,0,0
2026-05-18 15:28,144.8000,2026-05-18 15:45,150.8100,2026-05-18 15:54,152.6700,2026-05-19 09:30,142.6300,9,6,15,9,1056,1065,0.012333,0.054351,overnight,overnight,1,1
2026-05-19 09:30,142.6300,2026-05-19 09:32,148.7300,2026-05-19 09:37,153.9500,2026-05-19 09:40,150.1100,5,3,8,5,3,8,0.035097,0.079366,intraday,intraday,0,0
2026-05-19 10:21,135.0900,2026-05-19 10:38,141.2800,2026-05-19 10:38,141.2800,2026-05-19 10:46,138.7200,0,8,8,0,8,8,0.000000,0.045821,intraday,intraday,0,0
2026-05-19 10:47,137.6200,2026-05-19 11:02,143.3000,2026-05-19 11:03,143.3400,2026-05-19 11:07,140.8900,1,4,5,1,4,5,0.000279,0.041564,intraday,intraday,0,0
2026-05-19 11:08,140.5800,2026-05-19 11:31,146.6300,2026-05-19 13:22,160.3500,2026-05-19 13:28,157.5600,111,6,117,111,6,117,0.093569,0.140632,intraday,intraday,0,0
2026-05-19 15:54,150.4600,2026-05-20 09:30,162.4500,2026-05-20 09:33,164.8900,2026-05-20 09:35,162.1500,3,2,5,3,2,5,0.015020,0.095906,intraday,intraday,0,0
2026-05-20 09:38,161.6300,2026-05-20 10:16,169.1700,2026-05-20 10:31,170.6300,2026-05-20 10:47,167.9200,15,16,31,15,16,31,0.008630,0.055683,intraday,intraday,0,0
2026-05-20 12:26,166.8000,2026-05-21 09:34,174.5600,2026-05-21 10:04,177.9900,2026-05-21 10:13,174.8300,30,9,39,30,9,39,0.019649,0.067086,intraday,intraday,0,0
2026-05-21 11:08,168.6500,2026-05-21 13:15,175.6000,2026-05-21 13:54,179.7300,2026-05-21 14:10,176.9500,39,16,55,39,16,55,0.023519,0.065698,intraday,intraday,0,0
2026-05-21 14:54,172.8900,2026-05-22 09:30,185.5900,2026-05-22 09:37,188.3600,2026-05-22 09:42,185.2500,7,5,12,7,5,12,0.014925,0.089479,intraday,intraday,0,0
2026-05-22 09:42,185.2500,2026-05-22 11:09,192.9000,2026-05-22 13:29,194.9000,2026-05-22 15:02,191.2500,140,93,233,140,93,233,0.010368,0.052092,intraday,intraday,0,0
2026-05-22 15:29,189.5200,2026-05-26 09:30,210.3300,2026-05-26 10:45,226.6300,2026-05-26 10:59,222.8800,75,14,89,75,14,89,0.077497,0.195810,intraday,intraday,0,0
2026-05-26 11:55,213.3500,2026-05-26 13:45,222.1100,2026-05-27 09:31,235.0000,2026-05-27 09:35,231.3500,136,4,140,1186,4,1190,0.058034,0.101476,overnight,intraday,0,1
2026-05-27 09:47,211.5500,2026-05-27 09:50,221.7500,2026-05-27 09:52,224.5000,2026-05-27 09:54,220.6700,2,2,4,2,2,4,0.012401,0.061215,intraday,intraday,0,0
2026-05-27 10:28,204.1000,2026-05-27 10:40,212.3400,2026-05-27 10:47,213.7000,2026-05-27 10:56,207.6800,7,9,16,7,9,16,0.006405,0.047036,intraday,intraday,0,0
2026-05-27 11:21,205.1800,2026-05-27 12:11,214.2000,2026-05-27 12:46,216.9100,2026-05-27 12:56,212.6900,35,10,45,35,10,45,0.012652,0.057169,intraday,intraday,0,0
2026-05-27 13:11,208.7400,2026-05-27 15:37,217.5200,2026-05-28 09:30,220.3600,2026-05-28 09:34,216.7900,23,4,27,1073,4,1077,0.013056,0.055667,overnight,intraday,0,1
2026-05-28 10:01,208.0300,2026-05-28 10:12,216.4300,2026-05-28 10:18,218.6200,2026-05-28 10:22,214.2700,6,4,10,6,4,10,0.010119,0.050906,intraday,intraday,0,0
2026-05-28 10:23,212.9500,2026-05-28 11:00,221.8600,2026-05-28 11:36,229.5700,2026-05-28 11:47,225.8500,36,11,47,36,11,47,0.034752,0.078046,intraday,intraday,0,0
2026-05-28 15:22,224.2200,2026-05-29 09:37,233.8000,2026-05-29 09:53,238.5900,2026-05-29 10:08,234.4400,16,15,31,16,15,31,0.020488,0.064089,intraday,intraday,0,0
2026-06-01 09:30,215.4800,2026-06-01 09:35,224.9100,2026-06-01 09:35,224.9100,2026-06-01 09:44,221.3300,0,9,9,0,9,9,0.000000,0.043763,intraday,intraday,0,0
2026-06-01 10:03,210.7600,2026-06-01 10:22,219.6800,2026-06-01 11:43,229.7700,2026-06-01 11:56,225.9000,81,13,94,81,13,94,0.045930,0.090197,intraday,intraday,0,0
2026-06-01 15:50,225.1100,2026-06-02 09:30,239.7600,2026-06-02 10:00,254.0200,2026-06-02 10:16,250.1100,30,16,46,30,16,46,0.059476,0.128426,intraday,intraday,0,0
2026-06-02 10:27,246.7200,2026-06-02 11:09,256.8100,2026-06-02 11:58,261.9000,2026-06-02 12:22,257.5600,49,24,73,49,24,73,0.019820,0.061527,intraday,intraday,0,0
2026-06-02 13:40,254.1900,2026-06-02 15:53,265.2800,2026-06-03 09:32,280.4100,2026-06-03 09:35,275.5400,9,3,12,1059,3,1062,0.057034,0.103151,overnight,intraday,0,1
2026-06-03 09:48,258.6200,2026-06-03 09:53,269.3300,2026-06-03 09:53,269.3300,2026-06-03 09:54,264.1800,0,1,1,0,1,1,0.000000,0.041412,intraday,intraday,0,0
2026-06-03 09:57,262.3000,2026-06-03 10:08,272.8800,2026-06-03 10:18,279.6600,2026-06-03 10:21,275.0500,10,3,13,10,3,13,0.024846,0.066184,intraday,intraday,0,0
2026-06-03 12:42,272.3400,2026-06-03 14:26,283.6000,2026-06-03 14:29,284.1700,2026-06-03 14:37,279.7800,3,8,11,3,8,11,0.002010,0.043438,intraday,intraday,0,0
2026-06-04 09:30,238.7800,2026-06-04 09:34,248.5000,2026-06-04 09:34,248.5000,2026-06-04 09:36,243.7000,0,2,2,0,2,2,0.000000,0.040707,intraday,intraday,0,0
2026-06-04 10:07,229.3500,2026-06-04 10:14,239.7100,2026-06-04 10:29,248.5000,2026-06-04 10:42,244.5300,15,13,28,15,13,28,0.036669,0.083497,intraday,intraday,0,0
2026-06-04 10:44,242.6800,2026-06-04 11:00,254.0000,2026-06-04 11:15,260.6900,2026-06-04 11:23,256.5400,15,8,23,15,8,23,0.026339,0.074213,intraday,intraday,0,0
2026-06-04 11:49,250.4700,2026-06-04 12:25,260.7500,2026-06-04 12:28,262.0500,2026-06-04 12:31,258.0200,3,3,6,3,3,6,0.004986,0.046233,intraday,intraday,0,0
2026-06-04 12:31,258.0200,2026-06-04 13:49,268.3700,2026-06-04 14:11,274.3900,2026-06-04 14:31,269.3700,22,20,42,22,20,42,0.022432,0.063445,intraday,intraday,0,0
2026-06-05 09:59,213.5000,2026-06-05 10:08,222.8800,2026-06-05 10:19,229.7200,2026-06-05 10:22,223.1700,11,3,14,11,3,14,0.030689,0.075972,intraday,intraday,0,0
2026-06-05 10:28,219.4600,2026-06-05 10:36,228.5500,2026-06-05 10:37,228.7700,2026-06-05 10:43,224.6700,1,6,7,1,6,7,0.000963,0.042422,intraday,intraday,0,0
2026-06-05 12:46,197.1200,2026-06-05 12:54,205.3100,2026-06-05 12:54,205.3100,2026-06-05 12:55,201.5700,0,1,1,0,1,1,0.000000,0.041548,intraday,intraday,0,0
2026-06-05 13:16,196.5100,2026-06-05 13:36,204.5000,2026-06-05 13:37,205.8400,2026-06-05 13:42,201.5000,1,5,6,1,5,6,0.006553,0.047478,intraday,intraday,0,0
2026-06-05 14:48,183.3200,2026-06-05 14:56,193.1000,2026-06-05 14:59,194.8200,2026-06-05 15:00,191.3000,3,1,4,3,1,4,0.008907,0.062732,intraday,intraday,0,0
2026-06-05 15:17,183.2600,2026-06-05 15:27,191.1500,2026-06-05 15:29,193.9500,2026-06-05 15:30,190.9200,2,1,3,2,1,3,0.014648,0.058332,intraday,intraday,0,0
2026-06-05 15:59,182.1100,2026-06-08 09:30,208.5800,2026-06-08 09:32,209.2100,2026-06-08 09:34,205.6200,2,2,4,2,2,4,0.003020,0.148811,intraday,intraday,0,0
2026-06-08 10:04,202.1200,2026-06-08 10:27,210.2100,2026-06-08 11:20,221.8800,2026-06-08 11:26,217.5100,53,6,59,53,6,59,0.055516,0.097764,intraday,intraday,0,0
2026-06-08 15:25,209.0600,2026-06-09 09:30,226.3600,2026-06-09 09:30,226.3600,2026-06-09 09:33,222.0900,0,3,3,0,3,3,0.000000,0.082751,intraday,intraday,0,0
2026-06-09 09:34,220.3000,2026-06-09 09:46,230.5000,2026-06-09 09:47,230.8600,2026-06-09 09:53,227.3700,1,6,7,1,6,7,0.001562,0.047935,intraday,intraday,0,0
2026-06-09 10:48,197.7600,2026-06-09 11:10,206.4900,2026-06-09 11:10,206.4900,2026-06-09 11:12,202.9800,0,2,2,0,2,2,0.000000,0.044144,intraday,intraday,0,0
2026-06-09 11:38,186.0100,2026-06-09 11:42,193.8600,2026-06-09 11:42,193.8600,2026-06-09 11:47,190.4400,0,5,5,0,5,5,0.000000,0.042202,intraday,intraday,0,0
2026-06-09 12:19,164.4000,2026-06-09 12:25,171.2700,2026-06-09 12:25,171.2700,2026-06-09 12:26,168.3000,0,1,1,0,1,1,0.000000,0.041788,intraday,intraday,0,0
2026-06-09 12:39,158.3400,2026-06-09 12:45,165.3600,2026-06-09 12:45,165.3600,2026-06-09 12:46,160.9900,0,1,1,0,1,1,0.000000,0.044335,intraday,intraday,0,0
2026-06-09 12:54,158.5000,2026-06-09 12:58,165.9700,2026-06-09 13:09,176.1800,2026-06-09 13:10,173.3500,11,1,12,11,1,12,0.061517,0.111546,intraday,intraday,0,0
2026-06-09 13:10,173.3500,2026-06-09 13:18,181.2800,2026-06-09 13:21,184.0700,2026-06-09 13:23,179.4400,3,2,5,3,2,5,0.015391,0.061840,intraday,intraday,0,0
2026-06-09 13:25,179.1300,2026-06-09 13:40,186.4800,2026-06-09 13:42,188.5000,2026-06-09 13:46,182.8700,2,4,6,2,4,6,0.010832,0.052308,intraday,intraday,0,0
2026-06-09 13:48,177.9200,2026-06-09 13:57,185.3000,2026-06-09 13:58,186.1000,2026-06-09 14:03,182.3500,1,5,6,1,5,6,0.004317,0.045976,intraday,intraday,0,0
2026-06-09 14:03,182.3500,2026-06-09 14:22,190.9100,2026-06-09 14:23,191.6500,2026-06-09 14:26,188.5900,1,3,4,1,3,4,0.003876,0.051001,intraday,intraday,0,0
2026-06-09 14:26,188.5900,2026-06-09 14:58,196.6300,2026-06-09 15:04,199.1900,2026-06-09 15:08,195.2600,6,4,10,6,4,10,0.013019,0.056207,intraday,intraday,0,0
2026-06-09 15:18,184.0800,2026-06-09 15:29,191.8200,2026-06-09 15:31,194.0000,2026-06-09 15:40,187.4300,2,9,11,2,9,11,0.011365,0.053890,intraday,intraday,0,0
2026-06-09 15:40,187.4300,2026-06-09 15:55,195.7400,2026-06-09 15:59,201.7800,2026-06-10 09:30,196.3500,4,1,5,4,1051,1055,0.030857,0.076562,overnight,overnight,1,1
2026-06-10 09:34,190.5000,2026-06-10 09:37,199.0000,2026-06-10 09:38,201.4200,2026-06-10 09:39,197.6200,1,1,2,1,1,2,0.012161,0.057323,intraday,intraday,0,0
2026-06-10 09:41,192.2600,2026-06-10 09:44,200.6700,2026-06-10 09:48,209.1300,2026-06-10 09:50,204.6000,4,2,6,4,2,6,0.042159,0.087746,intraday,intraday,0,0
2026-06-10 10:01,197.3400,2026-06-10 10:09,206.2600,2026-06-10 10:09,206.2600,2026-06-10 10:14,202.9000,0,5,5,0,5,5,0.000000,0.045201,intraday,intraday,0,0
2026-06-10 10:15,201.1500,2026-06-10 10:27,209.3900,2026-06-10 10:27,209.3900,2026-06-10 10:31,205.3200,0,4,4,0,4,4,0.000000,0.040964,intraday,intraday,0,0
2026-06-10 11:18,181.7400,2026-06-10 11:23,189.4800,2026-06-10 11:25,191.4900,2026-06-10 11:27,188.0000,2,2,4,2,2,4,0.010608,0.053648,intraday,intraday,0,0
2026-06-10 11:51,179.0500,2026-06-10 11:54,186.3600,2026-06-10 12:00,190.1200,2026-06-10 12:10,185.0400,6,10,16,6,10,16,0.020176,0.061826,intraday,intraday,0,0
2026-06-10 13:21,181.2900,2026-06-10 13:56,189.4000,2026-06-10 14:04,189.8300,2026-06-10 14:09,186.5000,8,5,13,8,5,13,0.002270,0.047107,intraday,intraday,0,0
2026-06-10 15:21,177.5100,2026-06-10 15:50,185.3800,2026-06-10 15:50,185.3800,2026-06-10 15:53,182.3200,0,3,3,0,3,3,0.000000,0.044336,intraday,intraday,0,0
2026-06-10 15:59,180.0300,2026-06-11 09:30,196.9500,2026-06-11 09:36,199.8400,2026-06-11 09:38,195.3800,6,2,8,6,2,8,0.014674,0.110037,intraday,intraday,0,0
2026-06-11 09:41,194.7200,2026-06-11 09:47,203.2400,2026-06-11 09:55,206.7400,2026-06-11 09:59,203.3100,8,4,12,8,4,12,0.017221,0.061730,intraday,intraday,0,0
2026-06-11 11:01,193.7600,2026-06-11 11:15,202.3400,2026-06-11 11:15,202.3400,2026-06-11 11:18,198.6600,0,3,3,0,3,3,0.000000,0.044282,intraday,intraday,0,0
2026-06-11 13:18,193.6400,2026-06-11 13:28,201.5200,2026-06-11 13:33,211.8500,2026-06-11 13:36,207.9000,5,3,8,5,3,8,0.051260,0.094040,intraday,intraday,0,0
2026-06-11 14:05,206.3600,2026-06-11 14:49,215.3800,2026-06-11 15:01,217.0500,2026-06-11 15:06,213.7800,12,5,17,12,5,17,0.007754,0.051803,intraday,intraday,0,0
2026-06-11 15:06,213.7800,2026-06-11 15:30,223.8500,2026-06-11 15:35,225.0300,2026-06-11 15:39,221.6300,5,4,9,5,4,9,0.005271,0.052624,intraday,intraday,0,0
2026-06-12 09:33,216.2400,2026-06-12 09:36,226.0200,2026-06-12 09:36,226.0200,2026-06-12 09:42,219.0800,0,6,6,0,6,6,0.000000,0.045228,intraday,intraday,0,0
2026-06-12 09:45,218.9400,2026-06-12 10:00,228.5400,2026-06-12 10:09,235.0000,2026-06-12 10:22,231.3800,9,13,22,9,13,22,0.028266,0.073353,intraday,intraday,0,0
2026-06-12 10:48,224.1700,2026-06-12 10:54,234.2300,2026-06-12 11:35,240.8300,2026-06-12 11:41,237.1800,41,6,47,41,6,47,0.028177,0.074319,intraday,intraday,0,0
2026-06-12 11:59,228.9300,2026-06-12 12:13,238.0900,2026-06-12 12:16,239.3800,2026-06-12 12:27,235.3100,3,11,14,3,11,14,0.005418,0.045647,intraday,intraday,0,0
2026-06-12 15:35,233.3000,2026-06-15 09:30,268.0700,2026-06-15 09:31,268.1600,2026-06-15 09:34,262.7100,1,3,4,1,3,4,0.000336,0.149421,intraday,intraday,0,0
2026-06-15 10:21,262.2200,2026-06-15 14:10,272.7100,2026-06-15 14:48,274.8200,2026-06-16 09:30,268.2100,38,72,110,38,1122,1160,0.007737,0.048051,overnight,overnight,1,1
2026-06-16 11:48,235.3500,2026-06-16 12:00,245.0500,2026-06-16 12:12,249.9600,2026-06-16 12:17,245.5300,12,5,17,12,5,17,0.020037,0.062078,intraday,intraday,0,0
2026-06-16 15:59,226.0100,2026-06-17 09:30,245.9300,2026-06-17 09:43,249.8500,2026-06-17 09:47,245.7000,13,4,17,13,4,17,0.015939,0.105482,intraday,intraday,0,0
2026-06-17 09:59,237.0100,2026-06-17 10:22,246.6700,2026-06-17 10:24,249.0200,2026-06-17 10:32,244.8300,2,8,10,2,8,10,0.009527,0.050673,intraday,intraday,0,0
2026-06-17 14:05,234.4800,2026-06-17 14:09,245.1700,2026-06-17 14:15,247.6000,2026-06-17 14:24,243.3600,6,9,15,6,9,15,0.009911,0.055954,intraday,intraday,0,0
2026-06-17 14:27,242.3000,2026-06-17 14:40,253.9700,2026-06-17 14:44,259.4200,2026-06-17 14:55,253.3000,4,11,15,4,11,15,0.021459,0.070656,intraday,intraday,0,0
2026-06-17 15:59,233.6700,2026-06-18 09:30,265.3100,2026-06-18 09:33,271.1200,2026-06-18 09:36,265.4300,3,3,6,3,3,6,0.021899,0.160269,intraday,intraday,0,0
2026-06-18 09:36,265.4300,2026-06-18 10:23,276.1000,2026-06-18 10:25,277.4700,2026-06-18 10:28,273.2000,2,3,5,2,3,5,0.004962,0.045360,intraday,intraday,0,0
2026-06-18 10:32,271.1600,2026-06-18 13:52,282.0900,2026-06-18 15:45,285.8000,2026-06-18 15:56,281.4100,113,11,124,113,11,124,0.013152,0.053990,intraday,intraday,0,0
2026-06-18 15:59,279.4700,2026-06-22 09:30,299.6200,2026-06-22 09:30,299.6200,2026-06-22 09:31,293.8800,0,1,1,0,1,1,0.000000,0.072101,intraday,intraday,0,0
2026-06-22 12:03,286.3600,2026-06-22 15:55,298.2800,2026-06-22 15:59,300.8900,2026-06-23 09:30,236.1200,4,1,5,4,1051,1055,0.008750,0.050740,overnight,overnight,1,1
2026-06-23 09:36,233.0500,2026-06-23 09:51,243.5000,2026-06-23 09:52,246.7000,2026-06-23 09:56,242.5000,1,4,5,1,4,5,0.013142,0.058571,intraday,intraday,0,0
2026-06-23 11:49,230.4200,2026-06-23 12:05,239.7100,2026-06-23 12:13,242.5800,2026-06-23 12:19,237.9700,8,6,14,8,6,14,0.011973,0.052773,intraday,intraday,0,0
2026-06-23 14:53,223.8200,2026-06-23 15:05,232.8900,2026-06-23 15:05,232.8900,2026-06-23 15:07,228.3900,0,2,2,0,2,2,0.000000,0.040524,intraday,intraday,0,0
2026-06-23 15:10,225.9500,2026-06-24 09:32,235.6100,2026-06-24 09:33,236.1500,2026-06-24 09:36,229.8300,1,3,4,1,3,4,0.002292,0.045143,intraday,intraday,0,0
2026-06-24 09:43,220.7100,2026-06-24 09:50,229.9600,2026-06-24 09:51,230.9200,2026-06-24 09:55,227.3400,1,4,5,1,4,5,0.004175,0.046260,intraday,intraday,0,0
2026-06-24 10:20,221.1300,2026-06-24 10:31,230.4900,2026-06-24 10:47,235.1600,2026-06-24 10:55,231.4800,16,8,24,16,8,24,0.020261,0.063447,intraday,intraday,0,0
2026-06-24 15:13,211.2500,2026-06-24 15:30,219.8000,2026-06-24 15:39,221.8800,2026-06-24 15:42,218.4200,9,3,12,9,3,12,0.009463,0.050320,intraday,intraday,0,0
2026-06-24 15:42,218.4200,2026-06-24 15:59,229.5900,2026-06-25 09:35,267.9100,2026-06-25 09:37,263.7300,6,2,8,1056,2,1058,0.166906,0.226582,overnight,intraday,0,1
2026-06-25 09:59,226.2500,2026-06-25 10:06,236.4100,2026-06-25 10:11,244.8300,2026-06-25 10:13,239.0300,5,2,7,5,2,7,0.035616,0.082122,intraday,intraday,0,0
2026-06-25 10:16,235.6300,2026-06-25 10:40,245.1200,2026-06-25 10:40,245.1200,2026-06-25 10:44,240.9400,0,4,4,0,4,4,0.000000,0.040275,intraday,intraday,0,0
2026-06-25 11:15,240.1400,2026-06-25 12:05,250.5000,2026-06-25 12:16,259.6100,2026-06-25 12:23,255.2100,11,7,18,11,7,18,0.036367,0.081078,intraday,intraday,0,0
2026-06-25 12:45,247.5900,2026-06-25 13:15,258.3400,2026-06-25 13:15,258.3400,2026-06-25 13:19,254.0100,0,4,4,0,4,4,0.000000,0.043419,intraday,intraday,0,0
2026-06-26 09:39,215.0700,2026-06-26 09:57,224.1900,2026-06-26 10:09,229.5600,2026-06-26 10:10,225.9200,12,1,13,12,1,13,0.023953,0.067373,intraday,intraday,0,0
2026-06-26 11:15,213.9000,2026-06-26 11:37,223.0200,2026-06-26 11:43,225.0000,2026-06-26 11:47,221.3700,6,4,10,6,4,10,0.008878,0.051893,intraday,intraday,0,0
2026-06-26 12:21,217.0000,2026-06-26 13:08,226.1200,2026-06-26 13:09,226.8400,2026-06-26 13:17,222.8900,1,8,9,1,8,9,0.003184,0.045346,intraday,intraday,0,0
2026-06-26 15:55,212.3500,2026-06-29 09:35,221.6000,2026-06-29 09:35,221.6000,2026-06-29 09:36,218.0300,0,1,1,0,1,1,0.000000,0.043560,intraday,intraday,0,0
2026-06-29 10:17,193.0000,2026-06-29 10:26,202.1900,2026-06-29 10:33,211.1400,2026-06-29 10:36,207.7700,7,3,10,7,3,10,0.044265,0.093990,intraday,intraday,0,0
2026-06-29 10:47,204.4300,2026-06-29 10:54,213.0800,2026-06-29 11:15,220.9700,2026-06-29 11:23,217.2200,21,8,29,21,8,29,0.037028,0.080908,intraday,intraday,0,0
2026-06-29 11:24,217.0500,2026-06-29 11:51,225.7400,2026-06-29 12:24,232.0000,2026-06-29 12:33,228.0800,33,9,42,33,9,42,0.027731,0.068878,intraday,intraday,0,0
2026-06-29 12:33,228.0800,2026-06-29 14:19,237.2700,2026-06-29 14:48,238.4400,2026-06-29 15:03,233.8000,29,15,44,29,15,44,0.004931,0.045423,intraday,intraday,0,0
2026-06-29 15:54,232.3500,2026-06-30 09:30,242.1600,2026-06-30 09:37,252.4400,2026-06-30 09:38,248.5600,7,1,8,7,1,8,0.042451,0.086464,intraday,intraday,0,0
2026-06-30 09:39,248.0100,2026-06-30 10:03,259.5100,2026-06-30 10:30,263.5900,2026-06-30 10:46,258.8000,27,16,43,27,16,43,0.015722,0.062820,intraday,intraday,0,0
2026-06-30 10:59,258.3600,2026-06-30 14:43,269.1100,2026-06-30 15:53,271.4500,2026-06-30 15:59,266.8000,70,6,76,70,6,76,0.008695,0.050666,intraday,intraday,0,0
2026-07-01 09:35,230.6500,2026-07-01 09:46,240.4000,2026-07-01 09:51,245.8700,2026-07-01 09:54,240.1400,5,3,8,5,3,8,0.022754,0.065987,intraday,intraday,0,0
2026-07-01 14:55,215.4900,2026-07-01 15:06,224.1800,2026-07-01 15:10,225.6200,2026-07-01 15:18,222.1100,4,8,12,4,8,12,0.006423,0.047009,intraday,intraday,0,0
2026-07-02 09:38,211.1900,2026-07-02 09:50,220.0600,2026-07-02 10:03,225.4000,2026-07-02 10:06,220.6400,13,3,16,13,3,16,0.024266,0.067285,intraday,intraday,0,0
2026-07-02 11:19,186.9600,2026-07-02 11:34,194.8300,2026-07-02 11:36,196.9800,2026-07-02 11:42,193.0300,2,6,8,2,6,8,0.011035,0.053594,intraday,intraday,0,0
2026-07-02 13:58,171.1700,2026-07-02 14:10,178.0300,2026-07-02 14:10,178.0300,2026-07-02 14:16,175.2900,0,6,6,0,6,6,0.000000,0.040077,intraday,intraday,0,0
2026-07-02 15:25,169.4000,2026-07-02 15:34,176.6300,2026-07-06 09:35,201.8700,2026-07-06 09:36,198.4000,31,1,32,5401,1,5402,0.142898,0.191677,weekend,intraday,0,1
2026-07-06 09:37,197.8200,2026-07-06 09:51,206.6300,2026-07-06 10:17,210.7500,2026-07-06 10:28,206.8200,26,11,37,26,11,37,0.019939,0.065362,intraday,intraday,0,0
2026-07-07 10:41,150.5000,2026-07-07 10:58,156.7000,2026-07-07 11:13,158.0000,2026-07-07 11:15,155.1600,15,2,17,15,2,17,0.008296,0.049834,intraday,intraday,0,0
2026-07-07 11:19,152.9200,2026-07-07 11:52,159.4900,2026-07-07 12:30,168.1800,2026-07-07 12:33,165.6500,38,3,41,38,3,41,0.054486,0.099791,intraday,intraday,0,0
2026-07-07 15:26,155.9300,2026-07-07 15:55,163.6500,2026-07-08 09:35,171.1500,2026-07-08 09:37,168.1600,10,2,12,1060,2,1062,0.045830,0.097608,overnight,intraday,0,1
2026-07-08 09:38,166.6200,2026-07-08 09:45,173.3600,2026-07-08 09:46,174.6700,2026-07-08 09:48,172.0300,1,2,3,1,2,3,0.007557,0.048314,intraday,intraday,0,0
2026-07-08 11:25,160.5100,2026-07-08 12:12,167.0400,2026-07-08 13:35,176.6400,2026-07-08 13:44,173.7500,83,9,92,83,9,92,0.057471,0.100492,intraday,intraday,0,0
2026-07-08 13:56,171.9800,2026-07-09 09:30,199.4400,2026-07-09 09:38,204.0200,2026-07-09 09:48,200.0400,8,10,18,8,10,18,0.022964,0.186301,intraday,intraday,0,0
2026-07-09 10:21,191.9500,2026-07-09 10:42,199.9000,2026-07-09 10:49,200.9300,2026-07-09 10:52,197.5900,7,3,10,7,3,10,0.005153,0.046783,intraday,intraday,0,0
2026-07-10 09:40,177.2500,2026-07-10 09:46,185.5700,2026-07-10 09:52,189.2300,2026-07-10 09:55,186.3600,6,3,9,6,3,9,0.019723,0.067588,intraday,intraday,0,0
2026-07-10 10:21,182.7500,2026-07-10 11:27,190.3100,2026-07-10 11:28,190.8500,2026-07-10 11:39,187.4000,1,11,12,1,11,12,0.002837,0.044323,intraday,intraday,0,0
2026-07-10 11:42,185.0000,2026-07-10 12:20,192.7800,2026-07-10 13:44,195.8800,2026-07-10 13:58,192.8200,84,14,98,84,14,98,0.016081,0.058811,intraday,intraday,0,0
2026-07-13 09:43,166.2200,2026-07-13 10:23,173.1200,2026-07-13 10:30,177.3200,2026-07-13 10:37,174.2700,7,7,14,7,7,14,0.024261,0.066779,intraday,intraday,0,0
2026-07-13 15:26,161.8200,2026-07-14 09:30,185.0100,2026-07-14 09:30,185.0100,2026-07-14 09:34,179.6500,0,4,4,0,4,4,0.000000,0.143307,intraday,intraday,0,0
2026-07-14 10:15,171.4700,2026-07-14 11:04,178.5800,2026-07-14 11:26,183.1000,2026-07-14 11:51,179.9300,22,25,47,22,25,47,0.025311,0.067825,intraday,intraday,0,0
2026-07-15 12:40,150.0800,2026-07-15 12:52,156.1600,2026-07-15 12:52,156.1600,2026-07-15 12:56,153.5300,0,4,4,0,4,4,0.000000,0.040512,intraday,intraday,0,0
2026-07-15 12:56,153.5300,2026-07-15 13:18,159.7500,2026-07-15 14:06,165.2700,2026-07-15 14:15,162.7500,48,9,57,48,9,57,0.034554,0.076467,intraday,intraday,0,0
2026-07-16 09:49,144.6500,2026-07-16 10:05,150.7900,2026-07-16 10:10,155.0100,2026-07-16 10:18,151.8800,5,8,13,5,8,13,0.027986,0.071621,intraday,intraday,0,0
2026-07-17 09:43,116.9000,2026-07-17 09:48,121.5800,2026-07-17 10:02,131.7200,2026-07-17 10:04,128.8900,14,2,16,14,2,16,0.083402,0.126775,intraday,intraday,0,0
2026-07-17 10:04,128.8900,2026-07-17 10:08,134.1300,2026-07-17 10:10,137.0800,2026-07-17 10:12,134.1500,2,2,4,2,2,4,0.021994,0.063543,intraday,intraday,0,0
2026-07-17 11:07,128.3100,2026-07-17 11:38,134.1600,2026-07-17 12:00,140.1900,2026-07-17 12:03,138.0000,22,3,25,22,3,25,0.044946,0.092588,intraday,intraday,0,0
2026-07-17 12:24,137.9200,2026-07-17 13:07,143.6800,2026-07-17 13:10,144.1000,2026-07-17 13:35,141.5000,3,25,28,3,25,28,0.002923,0.044809,intraday,intraday,0,0
2026-07-17 15:16,132.5200,2026-07-20 09:30,144.0200,2026-07-20 09:45,148.1000,2026-07-20 09:51,145.3000,15,6,21,15,6,21,0.028329,0.117567,intraday,intraday,0,0
2026-07-20 10:58,138.8500,2026-07-20 11:56,144.8000,2026-07-20 12:07,146.2000,2026-07-20 12:32,143.7600,11,25,36,11,25,36,0.009669,0.052935,intraday,intraday,0,0
2026-07-20 15:55,135.7900,2026-07-21 09:30,155.9200,2026-07-21 09:30,155.9200,2026-07-21 09:33,153.4700,0,3,3,0,3,3,0.000000,0.148244,intraday,intraday,0,0
2026-07-21 10:10,149.5100,2026-07-21 11:06,155.9700,2026-07-21 11:27,158.8900,2026-07-21 11:39,156.4600,21,12,33,21,12,33,0.018722,0.062738,intraday,intraday,0,0
2026-07-22 09:30,150.6000,2026-07-22 09:43,156.7000,2026-07-22 09:59,160.2200,2026-07-22 10:03,157.1300,16,4,20,16,4,20,0.022463,0.063878,intraday,intraday,0,0
2026-07-22 10:15,156.5200,2026-07-22 11:05,163.6600,2026-07-22 11:26,165.3900,2026-07-22 11:39,162.6600,21,13,34,21,13,34,0.010571,0.056670,intraday,intraday,0,0
2026-07-23 09:30,153.7200,2026-07-23 09:42,160.7100,2026-07-23 09:44,162.1600,2026-07-23 09:49,158.9400,2,5,7,2,5,7,0.009022,0.054905,intraday,intraday,0,0
2026-07-23 11:28,151.1500,2026-07-23 12:23,157.4700,2026-07-23 12:38,160.7400,2026-07-23 12:45,157.1900,15,7,22,15,7,22,0.020766,0.063447,intraday,intraday,0,0
2026-07-24 10:45,136.7100,2026-07-24 10:58,142.3400,2026-07-24 11:00,142.8600,2026-07-24 11:04,140.4500,2,4,6,2,4,6,0.003653,0.044986,intraday,intraday,0,0
2026-07-24 11:09,139.3600,2026-07-24 11:53,145.1500,2026-07-24 12:10,148.6900,2026-07-24 12:15,145.9400,17,5,22,17,5,22,0.024389,0.066949,intraday,intraday,0,0
2026-07-24 15:15,133.0100,2026-07-27 09:30,140.0200,2026-07-27 09:31,140.9500,2026-07-27 09:32,138.4700,1,1,2,1,1,2,0.006642,0.059695,intraday,intraday,0,0
2026-07-27 10:42,115.8700,2026-07-27 10:47,120.6100,2026-07-27 11:00,124.6700,2026-07-27 11:02,122.0400,13,2,15,13,2,15,0.033662,0.075947,intraday,intraday,0,0
2026-07-27 11:37,116.4300,2026-07-27 12:04,121.6400,2026-07-27 12:10,122.5200,2026-07-27 12:14,120.5900,6,4,10,6,4,10,0.007234,0.052306,intraday,intraday,0,0
2026-07-27 13:25,118.8500,2026-07-27 14:55,124.1800,2026-07-27 15:30,129.9400,2026-07-27 15:37,127.6000,35,7,42,35,7,42,0.046384,0.093311,intraday,intraday,0,0
2026-07-28 09:47,104.4100,2026-07-28 10:05,108.8500,2026-07-28 10:06,108.9000,2026-07-28 10:07,106.8200,1,1,2,1,1,2,0.000459,0.043004,intraday,intraday,0,0
2026-07-28 10:20,101.8600,2026-07-28 10:40,106.2600,2026-07-28 10:53,109.9100,2026-07-28 10:57,107.3400,13,4,17,13,4,17,0.034350,0.079030,intraday,intraday,0,0
2026-07-28 11:07,106.4400,2026-07-28 11:24,110.7100,2026-07-28 11:25,111.0000,2026-07-28 11:29,109.3300,1,4,5,1,4,5,0.002619,0.042841,intraday,intraday,0,0
2026-07-28 11:30,109.0200,2026-07-28 11:45,113.4100,2026-07-28 11:48,114.5000,2026-07-28 11:55,112.5000,3,7,10,3,7,10,0.009611,0.050266,intraday,intraday,0,0
2026-07-28 14:27,108.4400,2026-07-28 15:20,112.9300,2026-07-28 15:29,114.5300,2026-07-28 15:35,112.4600,9,6,15,9,6,15,0.014168,0.056160,intraday,intraday,0,0
2026-07-29 09:30,106.5400,2026-07-29 09:34,111.0300,2026-07-29 09:35,111.9400,2026-07-29 09:36,110.0600,1,1,2,1,1,2,0.008196,0.050685,intraday,intraday,0,0
2026-07-29 10:42,95.6600,2026-07-29 11:01,99.5000,2026-07-29 11:04,100.7700,2026-07-29 11:10,98.6500,3,6,9,3,6,9,0.012764,0.053418,intraday,intraday,0,0
2026-07-29 12:14,92.5600,2026-07-29 13:01,96.3000,2026-07-29 13:14,99.2500,2026-07-29 13:25,97.5900,13,11,24,13,11,24,0.030633,0.072277,intraday,intraday,0,0
2026-07-29 13:30,96.8700,2026-07-29 14:00,102.0800,2026-07-29 14:01,102.6500,2026-07-29 14:04,100.7800,1,3,4,1,3,4,0.005584,0.059668,intraday,intraday,0,0
2026-07-29 14:27,98.8000,2026-07-29 14:40,103.2600,2026-07-29 15:01,108.8300,2026-07-29 15:04,106.7400,21,3,24,21,3,24,0.053942,0.101518,intraday,intraday,0,0
2026-07-29 15:59,92.0000,2026-07-30 09:30,107.7800,2026-07-30 09:31,107.8900,2026-07-30 09:36,106.1900,1,5,6,1,5,6,0.001021,0.172717,intraday,intraday,0,0
2026-07-30 09:37,105.5200,2026-07-30 09:46,109.8000,2026-07-30 10:03,114.4700,2026-07-30 10:07,112.0100,17,4,21,17,4,21,0.042532,0.084818,intraday,intraday,0,0
2026-07-30 10:09,111.4500,2026-07-30 10:27,116.3000,2026-07-30 10:33,117.6800,2026-07-30 10:43,115.8100,6,10,16,6,10,16,0.011866,0.055900,intraday,intraday,0,0
2026-07-30 10:56,111.9000,2026-07-30 15:18,116.5000,2026-07-30 15:18,116.5000,2026-07-30 15:29,114.6600,0,11,11,0,11,11,0.000000,0.041108,intraday,intraday,0,0
