anchor_ts,anchor_px,trigger_ts,trigger_px,peak_ts,peak_px,retreat_ts,retreat_px,legA_mkt_min,legB_mkt_min,total_mkt_min,legA_wall_min,legB_wall_min,total_wall_min,runup_past_trigger,upswing_anchor_to_peak,span,legB_span,retreat_on_first_bar_back,boundaries_crossed
2019-12-31 09:32,17.8700,2020-01-02 09:30,19.1200,2020-01-02 09:39,19.2900,2020-01-02 10:15,18.8900,9,36,45,9,36,45,0.008891,0.079463,intraday,intraday,0,0
2020-01-06 09:30,17.4300,2020-01-07 09:30,18.4300,2020-01-07 09:37,18.5400,2020-01-07 09:43,18.1200,7,6,13,7,6,13,0.005969,0.063683,intraday,intraday,0,0
2020-01-07 09:43,18.1200,2020-01-08 11:42,19.0600,2020-01-08 15:14,19.1200,2020-01-08 15:53,18.7300,212,39,251,212,39,251,0.003148,0.055188,intraday,intraday,0,0
2020-01-09 12:44,18.5500,2020-01-13 09:57,19.4900,2020-01-14 09:39,19.6800,2020-01-14 09:52,19.2800,372,13,385,1422,13,1435,0.009749,0.060916,overnight,intraday,0,1
2020-01-15 15:33,18.6700,2020-01-16 09:41,19.6400,2020-01-21 12:15,20.4000,2020-01-21 14:00,19.9900,934,105,1039,7354,105,7459,0.038697,0.092662,weekend,intraday,0,2
2020-01-21 14:01,19.9800,2020-01-22 10:22,21.0100,2020-01-22 11:41,21.2900,2020-01-22 13:55,20.8500,79,134,213,79,134,213,0.013327,0.065566,intraday,intraday,0,0
2020-01-23 09:53,20.2500,2020-01-24 09:30,22.0600,2020-01-24 09:31,22.0700,2020-01-24 09:46,21.5800,1,15,16,1,15,16,0.000453,0.089877,intraday,intraday,0,0
2020-01-27 11:20,17.9400,2020-01-28 09:32,18.8700,2020-01-28 09:33,18.8900,2020-01-28 09:39,18.4700,1,6,7,1,6,7,0.001060,0.052954,intraday,intraday,0,0
2020-01-28 09:46,18.3300,2020-01-28 12:18,19.2500,2020-01-28 15:32,19.5000,2020-01-29 09:30,19.0700,194,28,222,194,1078,1272,0.012987,0.063830,overnight,overnight,1,1
2020-01-30 10:55,17.1400,2020-01-30 15:42,18.0000,2020-01-30 15:59,18.2200,2020-01-31 09:30,17.6700,17,1,18,17,1051,1068,0.012222,0.063011,overnight,overnight,1,1
2020-01-31 15:43,16.0300,2020-02-03 10:36,16.8500,2020-02-04 09:30,18.3300,2020-02-04 09:37,17.9600,324,7,331,1374,7,1381,0.087834,0.143481,overnight,intraday,0,1
2020-02-04 10:15,17.8900,2020-02-05 09:30,19.7100,2020-02-05 09:31,19.7200,2020-02-05 09:37,19.2700,1,6,7,1,6,7,0.000507,0.102292,intraday,intraday,0,0
2020-02-10 09:30,17.8300,2020-02-10 14:54,18.7300,2020-02-11 10:50,20.5400,2020-02-11 13:54,20.0900,146,184,330,1196,184,1380,0.096636,0.151991,overnight,intraday,0,1
2020-02-11 15:22,19.8900,2020-02-12 09:30,21.0500,2020-02-12 10:00,21.2300,2020-02-13 09:30,20.5100,30,360,390,30,1410,1440,0.008551,0.067371,overnight,overnight,1,1
2020-02-13 09:30,20.5100,2020-02-13 11:35,21.5500,2020-02-13 11:42,21.6300,2020-02-13 12:56,21.1900,7,74,81,7,74,81,0.003712,0.054608,intraday,intraday,0,0
2020-02-18 09:30,19.7300,2020-02-19 09:30,21.2300,2020-02-19 12:53,21.8100,2020-02-20 09:36,21.2300,203,193,396,203,1243,1446,0.027320,0.105423,overnight,overnight,0,1
2020-02-20 11:32,19.7700,2020-02-20 14:05,20.7800,2020-02-20 14:37,20.9000,2020-02-21 09:30,20.2200,32,83,115,32,1133,1165,0.005775,0.057157,overnight,overnight,1,1
2020-02-24 09:31,15.9300,2020-02-24 09:46,16.7300,2020-02-24 09:51,16.8200,2020-02-24 09:58,16.4700,5,7,12,5,7,12,0.005380,0.055869,intraday,intraday,0,0
2020-02-24 13:17,16.0500,2020-02-24 14:57,16.8600,2020-02-24 15:02,16.9600,2020-02-24 15:15,16.6200,5,13,18,5,13,18,0.005931,0.056698,intraday,intraday,0,0
2020-02-25 14:31,14.4500,2020-02-25 15:01,15.2400,2020-02-25 15:05,15.2700,2020-02-25 15:14,14.9300,4,9,13,4,9,13,0.001969,0.056747,intraday,intraday,0,0
2020-02-25 15:39,14.5500,2020-02-26 09:30,15.3000,2020-02-26 09:43,15.7300,2020-02-26 09:51,15.4100,13,8,21,13,8,21,0.028105,0.081100,intraday,intraday,0,0
2020-02-27 10:34,12.6600,2020-02-27 10:47,13.3300,2020-02-27 11:18,13.9200,2020-02-27 11:23,13.6200,31,5,36,31,5,36,0.044261,0.099526,intraday,intraday,0,0
2020-02-27 11:45,13.2700,2020-02-27 12:10,13.9400,2020-02-27 12:19,14.0700,2020-02-27 12:22,13.7800,9,3,12,9,3,12,0.009326,0.060286,intraday,intraday,0,0
2020-02-28 09:30,11.4500,2020-02-28 09:35,12.0700,2020-02-28 09:36,12.2200,2020-02-28 09:40,11.9600,1,4,5,1,4,5,0.012428,0.067249,intraday,intraday,0,0
2020-02-28 10:04,11.5700,2020-02-28 10:16,12.1900,2020-02-28 10:19,12.3100,2020-02-28 10:27,12.0200,3,8,11,3,8,11,0.009844,0.063959,intraday,intraday,0,0
2020-02-28 10:30,11.8300,2020-02-28 10:53,12.4800,2020-02-28 11:00,12.6900,2020-02-28 11:04,12.4100,7,4,11,7,4,11,0.016827,0.072697,intraday,intraday,0,0
2020-02-28 11:09,12.2700,2020-02-28 11:21,12.9100,2020-02-28 11:44,13.8700,2020-02-28 11:45,13.5100,23,1,24,23,1,24,0.074361,0.130399,intraday,intraday,0,0
2020-02-28 12:18,12.8300,2020-02-28 13:01,13.4900,2020-02-28 13:01,13.4900,2020-02-28 13:04,13.2000,0,3,3,0,3,3,0.000000,0.051442,intraday,intraday,0,0
2020-02-28 14:04,12.4300,2020-02-28 14:30,13.1200,2020-02-28 14:30,13.1200,2020-02-28 14:35,12.8400,0,5,5,0,5,5,0.000000,0.055511,intraday,intraday,0,0
2020-02-28 15:44,12.4800,2020-02-28 15:55,13.2000,2020-02-28 15:59,13.6600,2020-02-28 15:59,13.3800,4,0,4,4,0,4,0.034848,0.094551,intraday,intraday,0,0
2020-02-28 15:59,13.3800,2020-03-02 09:30,14.5000,2020-03-02 09:30,14.5000,2020-03-02 09:31,13.8700,0,1,1,0,1,1,0.000000,0.083707,intraday,intraday,0,0
2020-03-02 10:31,13.0200,2020-03-02 10:49,13.6900,2020-03-02 12:02,14.4500,2020-03-02 12:13,14.1600,73,11,84,73,11,84,0.055515,0.109831,intraday,intraday,0,0
2020-03-02 14:43,13.7500,2020-03-02 15:38,14.4500,2020-03-03 09:30,15.3300,2020-03-03 09:30,14.9300,22,0,22,1072,0,1072,0.060900,0.114909,overnight,intraday,1,1
2020-03-03 09:57,14.4500,2020-03-03 10:00,15.5700,2020-03-03 10:01,15.6700,2020-03-03 10:01,15.3500,1,0,1,1,0,1,0.006423,0.084429,intraday,intraday,0,0
2020-03-03 11:30,14.2000,2020-03-03 12:08,14.9300,2020-03-03 12:10,15.0000,2020-03-03 12:15,14.6700,2,5,7,2,5,7,0.004689,0.056338,intraday,intraday,0,0
2020-03-03 14:20,13.1200,2020-03-03 15:11,13.7900,2020-03-03 15:19,13.8900,2020-03-03 15:23,13.5300,8,4,12,8,4,12,0.007252,0.058689,intraday,intraday,0,0
2020-03-03 15:52,13.4000,2020-03-04 09:30,14.3700,2020-03-04 09:31,14.3900,2020-03-04 09:35,14.0100,1,4,5,1,4,5,0.001392,0.073881,intraday,intraday,0,0
2020-03-04 09:58,13.7400,2020-03-04 10:16,14.4500,2020-03-04 10:23,14.6500,2020-03-04 10:38,14.3000,7,15,22,7,15,22,0.013841,0.066230,intraday,intraday,0,0
2020-03-04 11:08,14.1100,2020-03-04 12:56,14.8200,2020-03-04 13:25,15.1100,2020-03-04 14:02,14.8000,29,37,66,29,37,66,0.019568,0.070872,intraday,intraday,0,0
2020-03-05 09:30,14.1900,2020-03-05 10:48,14.9100,2020-03-05 11:27,15.2900,2020-03-05 11:40,14.9600,39,13,52,39,13,52,0.025486,0.077519,intraday,intraday,0,0
2020-03-06 09:53,12.5900,2020-03-06 10:26,13.2800,2020-03-06 10:30,13.4900,2020-03-06 10:35,13.1800,4,5,9,4,5,9,0.015813,0.071485,intraday,intraday,0,0
2020-03-06 15:09,12.2000,2020-03-06 15:32,12.8200,2020-03-06 15:35,12.9000,2020-03-06 15:39,12.5700,3,4,7,3,4,7,0.006240,0.057377,intraday,intraday,0,0
2020-03-06 15:40,12.5500,2020-03-06 15:52,13.2000,2020-03-06 15:57,13.3000,2020-03-09 09:30,10.1300,5,3,8,5,3933,3938,0.007576,0.059761,weekend,weekend,1,1
2020-03-09 09:49,10.0200,2020-03-09 09:52,10.6000,2020-03-09 09:53,10.9600,2020-03-09 09:53,10.5800,1,0,1,1,0,1,0.033962,0.093812,intraday,intraday,0,0
2020-03-09 09:53,10.5800,2020-03-09 09:55,11.2700,2020-03-09 09:57,11.3700,2020-03-09 09:58,11.1100,2,1,3,2,1,3,0.008873,0.074669,intraday,intraday,0,0
2020-03-09 10:05,10.7000,2020-03-09 10:10,11.2500,2020-03-09 10:10,11.2500,2020-03-09 10:11,11.0000,0,1,1,0,1,1,0.000000,0.051402,intraday,intraday,0,0
2020-03-09 11:08,10.5800,2020-03-09 11:19,11.1100,2020-03-09 12:08,11.7900,2020-03-09 12:14,11.5400,49,6,55,49,6,55,0.061206,0.114367,intraday,intraday,0,0
2020-03-09 14:44,9.9300,2020-03-09 14:57,10.4600,2020-03-09 14:57,10.4600,2020-03-09 15:02,10.2400,0,5,5,0,5,5,0.000000,0.053374,intraday,intraday,0,0
2020-03-09 15:59,9.8700,2020-03-10 09:30,11.1300,2020-03-10 09:30,11.1300,2020-03-10 09:31,10.9000,0,1,1,0,1,1,0.000000,0.127660,intraday,intraday,0,0
2020-03-10 11:38,9.9300,2020-03-10 12:01,10.4300,2020-03-10 12:14,10.6900,2020-03-10 12:26,10.4700,13,12,25,13,12,25,0.024928,0.076536,intraday,intraday,0,0
2020-03-10 12:34,10.2700,2020-03-10 14:41,10.9000,2020-03-10 15:22,11.5200,2020-03-10 15:26,11.2800,41,4,45,41,4,45,0.056881,0.121714,intraday,intraday,0,0
2020-03-11 09:31,10.6000,2020-03-11 10:08,11.1300,2020-03-11 10:08,11.1300,2020-03-11 10:24,10.9000,0,16,16,0,16,16,0.000000,0.050000,intraday,intraday,0,0
2020-03-11 11:31,10.2700,2020-03-11 12:19,10.8100,2020-03-11 12:19,10.8100,2020-03-11 12:26,10.5500,0,7,7,0,7,7,0.000000,0.052580,intraday,intraday,0,0
2020-03-11 15:24,9.4200,2020-03-11 15:39,9.9400,2020-03-11 15:41,10.0000,2020-03-11 15:44,9.7900,2,3,5,2,3,5,0.006036,0.061571,intraday,intraday,0,0
2020-03-12 09:51,7.5700,2020-03-12 09:57,8.0000,2020-03-12 09:59,8.2000,2020-03-12 10:00,8.0100,2,1,3,2,1,3,0.025000,0.083223,intraday,intraday,0,0
2020-03-12 10:35,7.6700,2020-03-12 10:54,8.1100,2020-03-12 10:54,8.1100,2020-03-12 11:01,7.9300,0,7,7,0,7,7,0.000000,0.057366,intraday,intraday,0,0
2020-03-12 12:12,7.0000,2020-03-12 12:24,7.4500,2020-03-12 12:28,7.5200,2020-03-12 12:30,7.3300,4,2,6,4,2,6,0.009396,0.074286,intraday,intraday,0,0
2020-03-12 12:41,7.2400,2020-03-12 12:53,7.6100,2020-03-12 12:54,7.8500,2020-03-12 12:54,7.6700,1,0,1,1,0,1,0.031537,0.084254,intraday,intraday,0,0
2020-03-12 12:54,7.6700,2020-03-12 12:58,8.0600,2020-03-12 12:59,8.2000,2020-03-12 13:00,7.8300,1,1,2,1,1,2,0.017370,0.069100,intraday,intraday,0,0
2020-03-12 13:00,7.8300,2020-03-12 13:01,8.2800,2020-03-12 13:03,8.5700,2020-03-12 13:03,8.2600,2,0,2,2,0,2,0.035024,0.094508,intraday,intraday,0,0
2020-03-12 13:03,8.2600,2020-03-12 13:04,8.7000,2020-03-12 13:05,8.9200,2020-03-12 13:05,8.6300,1,0,1,1,0,1,0.025287,0.079903,intraday,intraday,0,0
2020-03-12 13:40,7.4000,2020-03-12 13:59,7.8400,2020-03-12 14:00,7.9000,2020-03-12 14:00,7.7200,1,0,1,1,0,1,0.007653,0.067568,intraday,intraday,0,0
2020-03-12 14:39,7.2100,2020-03-12 14:50,7.6600,2020-03-12 14:50,7.6600,2020-03-12 14:52,7.4900,0,2,2,0,2,2,0.000000,0.062413,intraday,intraday,0,0
2020-03-12 15:59,6.8000,2020-03-13 09:30,8.0800,2020-03-13 09:31,8.1900,2020-03-13 09:31,7.9700,1,0,1,1,0,1,0.013614,0.204412,intraday,intraday,0,0
2020-03-13 09:57,7.1800,2020-03-13 10:21,7.5500,2020-03-13 10:26,7.6200,2020-03-13 10:29,7.4300,5,3,8,5,3,8,0.009272,0.061281,intraday,intraday,0,0
2020-03-13 11:49,6.5300,2020-03-13 11:55,6.8900,2020-03-13 11:57,7.0000,2020-03-13 11:59,6.8600,2,2,4,2,2,4,0.015965,0.071975,intraday,intraday,0,0
2020-03-13 12:06,6.7100,2020-03-13 12:32,7.0600,2020-03-13 12:52,7.3500,2020-03-13 12:56,7.2000,20,4,24,20,4,24,0.041076,0.095380,intraday,intraday,0,0
2020-03-13 13:03,7.0800,2020-03-13 13:49,7.4500,2020-03-13 13:59,7.5100,2020-03-13 14:01,7.3300,10,2,12,10,2,12,0.008054,0.060734,intraday,intraday,0,0
2020-03-13 14:40,6.9900,2020-03-13 15:00,7.3600,2020-03-13 15:06,7.4700,2020-03-13 15:12,7.3000,6,6,12,6,6,12,0.014946,0.068670,intraday,intraday,0,0
2020-03-13 15:34,7.1200,2020-03-13 15:38,7.5500,2020-03-13 15:54,8.2000,2020-03-13 15:54,8.0300,16,0,16,16,0,16,0.086093,0.151685,intraday,intraday,0,0
2020-03-13 15:54,8.0300,2020-03-13 15:58,8.4500,2020-03-13 15:59,8.7300,2020-03-13 15:59,8.4400,1,0,1,1,0,1,0.033136,0.087173,intraday,intraday,0,0
2020-03-16 09:48,5.6000,2020-03-16 09:52,5.9600,2020-03-16 09:53,6.1700,2020-03-16 09:53,5.9400,1,0,1,1,0,1,0.035235,0.101786,intraday,intraday,0,0
2020-03-16 09:53,5.9400,2020-03-16 09:54,6.3800,2020-03-16 09:55,6.6000,2020-03-16 09:55,6.3700,1,0,1,1,0,1,0.034483,0.111111,intraday,intraday,0,0
2020-03-16 10:04,6.0000,2020-03-16 10:05,6.3000,2020-03-16 10:05,6.3000,2020-03-16 10:06,6.1700,0,1,1,0,1,1,0.000000,0.050000,intraday,intraday,0,0
2020-03-16 10:20,6.0300,2020-03-16 10:27,6.3700,2020-03-16 10:27,6.3700,2020-03-16 10:28,6.2000,0,1,1,0,1,1,0.000000,0.056385,intraday,intraday,0,0
2020-03-16 10:28,6.2000,2020-03-16 10:34,6.6000,2020-03-16 10:35,6.7600,2020-03-16 10:35,6.5900,1,0,1,1,0,1,0.024242,0.090323,intraday,intraday,0,0
2020-03-16 10:52,6.4500,2020-03-16 11:07,6.7900,2020-03-16 11:12,6.9400,2020-03-16 11:14,6.7700,5,2,7,5,2,7,0.022091,0.075969,intraday,intraday,0,0
2020-03-16 14:25,5.6700,2020-03-16 14:32,5.9700,2020-03-16 14:34,6.1300,2020-03-16 14:34,6.0000,2,0,2,2,0,2,0.026801,0.081129,intraday,intraday,0,0
2020-03-16 14:47,5.7000,2020-03-16 15:01,6.0500,2020-03-16 15:01,6.0500,2020-03-16 15:03,5.8700,0,2,2,0,2,2,0.000000,0.061404,intraday,intraday,0,0
2020-03-16 15:38,5.2800,2020-03-16 15:44,5.5900,2020-03-16 15:44,5.5900,2020-03-16 15:45,5.4700,0,1,1,0,1,1,0.000000,0.058712,intraday,intraday,0,0
2020-03-17 10:01,4.3800,2020-03-17 10:09,4.6100,2020-03-17 10:11,4.6700,2020-03-17 10:15,4.5300,2,4,6,2,4,6,0.013015,0.066210,intraday,intraday,0,0
2020-03-17 10:15,4.5300,2020-03-17 10:29,4.7600,2020-03-17 10:32,4.8100,2020-03-17 10:35,4.6900,3,3,6,3,3,6,0.010504,0.061810,intraday,intraday,0,0
2020-03-17 10:35,4.6900,2020-03-17 10:45,4.9600,2020-03-17 10:45,4.9600,2020-03-17 10:46,4.8600,0,1,1,0,1,1,0.000000,0.057569,intraday,intraday,0,0
2020-03-17 10:46,4.8600,2020-03-17 11:05,5.1300,2020-03-17 11:15,5.4700,2020-03-17 11:16,5.3500,10,1,11,10,1,11,0.066277,0.125514,intraday,intraday,0,0
2020-03-17 11:24,5.2700,2020-03-17 11:50,5.5500,2020-03-17 12:14,5.9400,2020-03-17 12:15,5.8200,24,1,25,24,1,25,0.070270,0.127135,intraday,intraday,0,0
2020-03-17 13:17,5.1800,2020-03-17 13:41,5.4500,2020-03-17 13:51,5.5900,2020-03-17 13:53,5.4700,10,2,12,10,2,12,0.025688,0.079151,intraday,intraday,0,0
2020-03-17 14:01,5.4500,2020-03-17 14:15,5.7300,2020-03-17 14:19,5.8400,2020-03-17 14:22,5.7000,4,3,7,4,3,7,0.019197,0.071560,intraday,intraday,0,0
2020-03-17 15:06,5.5100,2020-03-17 15:35,5.8300,2020-03-17 15:44,5.9900,2020-03-17 15:45,5.8600,9,1,10,9,1,10,0.027444,0.087114,intraday,intraday,0,0
2020-03-18 09:30,4.5500,2020-03-18 09:31,4.8200,2020-03-18 09:33,5.0800,2020-03-18 09:33,4.8000,2,0,2,2,0,2,0.053942,0.116484,intraday,intraday,0,0
2020-03-18 09:33,4.8000,2020-03-18 09:34,5.0400,2020-03-18 09:34,5.0400,2020-03-18 09:35,4.8700,0,1,1,0,1,1,0.000000,0.050000,intraday,intraday,0,0
2020-03-18 09:36,4.7400,2020-03-18 09:43,4.9900,2020-03-18 09:43,4.9900,2020-03-18 09:44,4.8700,0,1,1,0,1,1,0.000000,0.052743,intraday,intraday,0,0
2020-03-18 09:50,4.7600,2020-03-18 09:54,5.0700,2020-03-18 09:55,5.1500,2020-03-18 09:55,5.0100,1,0,1,1,0,1,0.015779,0.081933,intraday,intraday,0,0
2020-03-18 09:57,4.9200,2020-03-18 10:03,5.1800,2020-03-18 10:07,5.2600,2020-03-18 10:08,5.1400,4,1,5,4,1,5,0.015444,0.069106,intraday,intraday,0,0
2020-03-18 10:24,4.7500,2020-03-18 10:43,5.0000,2020-03-18 10:43,5.0000,2020-03-18 10:45,4.8700,0,2,2,0,2,2,0.000000,0.052632,intraday,intraday,0,0
2020-03-18 11:45,4.3700,2020-03-18 11:52,4.6000,2020-03-18 11:55,4.6900,2020-03-18 11:58,4.5800,3,3,6,3,3,6,0.019565,0.073227,intraday,intraday,0,0
2020-03-18 12:01,4.4700,2020-03-18 12:08,4.7200,2020-03-18 12:08,4.7200,2020-03-18 12:09,4.6200,0,1,1,0,1,1,0.000000,0.055928,intraday,intraday,0,0
2020-03-18 13:34,3.6900,2020-03-18 13:37,3.8800,2020-03-18 13:38,3.9100,2020-03-18 13:38,3.8300,1,0,1,1,0,1,0.007732,0.059621,intraday,intraday,0,0
2020-03-18 13:40,3.8200,2020-03-18 13:42,4.0600,2020-03-18 13:43,4.0800,2020-03-18 13:44,3.9700,1,1,2,1,1,2,0.004926,0.068063,intraday,intraday,0,0
2020-03-18 14:27,3.5700,2020-03-18 14:37,3.8000,2020-03-18 14:40,3.8700,2020-03-18 14:40,3.7900,3,0,3,3,0,3,0.018421,0.084034,intraday,intraday,0,0
2020-03-18 14:43,3.6700,2020-03-18 14:54,3.8700,2020-03-18 14:56,3.9600,2020-03-18 14:57,3.8700,2,1,3,2,1,3,0.023256,0.079019,intraday,intraday,0,0
2020-03-18 15:06,3.7400,2020-03-18 15:11,3.9300,2020-03-18 15:14,3.9900,2020-03-18 15:15,3.8700,3,1,4,3,1,4,0.015267,0.066845,intraday,intraday,0,0
2020-03-18 15:39,3.5700,2020-03-18 15:49,3.7700,2020-03-18 15:53,3.8600,2020-03-18 15:53,3.7500,4,0,4,4,0,4,0.023873,0.081232,intraday,intraday,0,0
2020-03-18 15:53,3.7500,2020-03-18 15:55,4.0400,2020-03-18 15:56,4.0700,2020-03-18 15:57,3.8800,1,1,2,1,1,2,0.007426,0.085333,intraday,intraday,0,0
2020-03-18 15:58,3.8000,2020-03-18 15:59,4.3300,2020-03-18 15:59,4.3300,2020-03-19 09:30,4.1700,0,1,1,0,1051,1051,0.000000,0.139474,overnight,overnight,1,1
2020-03-19 09:43,3.8500,2020-03-19 09:50,4.0900,2020-03-19 09:51,4.1800,2020-03-19 09:51,4.0800,1,0,1,1,0,1,0.022005,0.085714,intraday,intraday,0,0
2020-03-19 09:51,4.0800,2020-03-19 09:55,4.3100,2020-03-19 09:56,4.3800,2020-03-19 09:56,4.2800,1,0,1,1,0,1,0.016241,0.073529,intraday,intraday,0,0
2020-03-19 09:56,4.2800,2020-03-19 10:06,4.5000,2020-03-19 10:06,4.5000,2020-03-19 10:07,4.4100,0,1,1,0,1,1,0.000000,0.051402,intraday,intraday,0,0
2020-03-19 10:08,4.4000,2020-03-19 10:13,4.6300,2020-03-19 10:17,4.7600,2020-03-19 10:19,4.6000,4,2,6,4,2,6,0.028078,0.081818,intraday,intraday,0,0
2020-03-19 10:23,4.5400,2020-03-19 10:33,4.7800,2020-03-19 10:34,4.8100,2020-03-19 10:36,4.6700,1,2,3,1,2,3,0.006276,0.059471,intraday,intraday,0,0
2020-03-19 10:52,4.3600,2020-03-19 10:57,4.5800,2020-03-19 10:57,4.5800,2020-03-19 10:59,4.4700,0,2,2,0,2,2,0.000000,0.050459,intraday,intraday,0,0
2020-03-19 11:05,4.4300,2020-03-19 11:21,4.6600,2020-03-19 11:29,4.8500,2020-03-19 11:30,4.7300,8,1,9,8,1,9,0.040773,0.094808,intraday,intraday,0,0
2020-03-19 12:25,4.4800,2020-03-19 12:46,4.7100,2020-03-19 12:55,4.7800,2020-03-19 12:57,4.6800,9,2,11,9,2,11,0.014862,0.066964,intraday,intraday,0,0
2020-03-19 13:03,4.6000,2020-03-19 13:55,4.8300,2020-03-19 13:55,4.8300,2020-03-19 14:01,4.7100,0,6,6,0,6,6,0.000000,0.050000,intraday,intraday,0,0
2020-03-19 14:01,4.7100,2020-03-19 14:40,4.9900,2020-03-19 14:44,5.0700,2020-03-19 14:51,4.9300,4,7,11,4,7,11,0.016032,0.076433,intraday,intraday,0,0
2020-03-19 15:02,4.7400,2020-03-19 15:26,4.9900,2020-03-19 15:26,4.9900,2020-03-19 15:32,4.8700,0,6,6,0,6,6,0.000000,0.052743,intraday,intraday,0,0
2020-03-19 15:58,4.6700,2020-03-20 09:30,5.2200,2020-03-20 09:35,5.3500,2020-03-20 09:37,5.1900,5,2,7,5,2,7,0.024904,0.145610,intraday,intraday,0,0
2020-03-20 09:46,4.9600,2020-03-20 10:03,5.2100,2020-03-20 10:05,5.2400,2020-03-20 10:06,5.1300,2,1,3,2,1,3,0.005758,0.056452,intraday,intraday,0,0
2020-03-20 10:08,5.0700,2020-03-20 10:17,5.3300,2020-03-20 10:17,5.3300,2020-03-20 10:20,5.2000,0,3,3,0,3,3,0.000000,0.051282,intraday,intraday,0,0
2020-03-20 12:29,4.6300,2020-03-20 12:33,4.8700,2020-03-20 12:34,4.9100,2020-03-20 12:38,4.8100,1,4,5,1,4,5,0.008214,0.060475,intraday,intraday,0,0
2020-03-20 12:40,4.7900,2020-03-20 12:49,5.0300,2020-03-20 12:57,5.1300,2020-03-20 12:59,5.0100,8,2,10,8,2,10,0.019881,0.070981,intraday,intraday,0,0
2020-03-20 15:19,4.4400,2020-03-20 15:29,4.7200,2020-03-20 15:30,4.7800,2020-03-20 15:31,4.6400,1,1,2,1,1,2,0.012712,0.076577,intraday,intraday,0,0
2020-03-20 15:59,4.2500,2020-03-23 09:30,4.5400,2020-03-23 09:30,4.5400,2020-03-23 09:31,4.3300,0,1,1,0,1,1,0.000000,0.068235,intraday,intraday,0,0
2020-03-23 09:31,4.3300,2020-03-23 09:33,4.5600,2020-03-23 09:33,4.5600,2020-03-23 09:35,4.4200,0,2,2,0,2,2,0.000000,0.053118,intraday,intraday,0,0
2020-03-23 09:42,4.1500,2020-03-23 09:48,4.3900,2020-03-23 09:48,4.3900,2020-03-23 09:50,4.3000,0,2,2,0,2,2,0.000000,0.057831,intraday,intraday,0,0
2020-03-23 09:50,4.3000,2020-03-23 09:52,4.5400,2020-03-23 10:00,4.7000,2020-03-23 10:00,4.6000,8,0,8,8,0,8,0.035242,0.093023,intraday,intraday,0,0
2020-03-23 10:03,4.4500,2020-03-23 10:11,4.6900,2020-03-23 10:13,4.7700,2020-03-23 10:18,4.6400,2,5,7,2,5,7,0.017058,0.071910,intraday,intraday,0,0
2020-03-23 11:46,4.0900,2020-03-23 12:02,4.3200,2020-03-23 12:02,4.3200,2020-03-23 12:05,4.2100,0,3,3,0,3,3,0.000000,0.056235,intraday,intraday,0,0
2020-03-23 12:10,4.1300,2020-03-23 12:18,4.3600,2020-03-23 12:22,4.4400,2020-03-23 12:25,4.3400,4,3,7,4,3,7,0.018349,0.075061,intraday,intraday,0,0
2020-03-23 12:30,4.2600,2020-03-23 12:41,4.5200,2020-03-23 12:49,4.7000,2020-03-23 12:52,4.6000,8,3,11,8,3,11,0.039823,0.103286,intraday,intraday,0,0
2020-03-23 12:53,4.5800,2020-03-23 13:12,4.8600,2020-03-23 13:14,4.9400,2020-03-23 13:15,4.8300,2,1,3,2,1,3,0.016461,0.078603,intraday,intraday,0,0
2020-03-23 13:43,4.5900,2020-03-23 13:49,4.8300,2020-03-23 13:49,4.8300,2020-03-23 13:51,4.7100,0,2,2,0,2,2,0.000000,0.052288,intraday,intraday,0,0
2020-03-23 14:03,4.4500,2020-03-23 14:28,4.7000,2020-03-23 14:29,4.7100,2020-03-23 14:33,4.5800,1,4,5,1,4,5,0.002128,0.058427,intraday,intraday,0,0
2020-03-23 14:37,4.5700,2020-03-23 14:49,4.8400,2020-03-23 14:49,4.8400,2020-03-23 14:50,4.7400,0,1,1,0,1,1,0.000000,0.059081,intraday,intraday,0,0
2020-03-23 15:36,4.3700,2020-03-23 15:50,4.5900,2020-03-23 15:55,4.7700,2020-03-23 15:57,4.6700,5,2,7,5,2,7,0.039216,0.091533,intraday,intraday,0,0
2020-03-23 15:57,4.6700,2020-03-24 09:30,5.7200,2020-03-24 09:34,5.8700,2020-03-24 09:34,5.7500,4,0,4,4,0,4,0.026224,0.256959,intraday,intraday,0,0
2020-03-24 09:44,5.6200,2020-03-24 09:54,5.9100,2020-03-24 09:54,5.9100,2020-03-24 09:58,5.7400,0,4,4,0,4,4,0.000000,0.051601,intraday,intraday,0,0
2020-03-24 10:04,5.6900,2020-03-24 10:26,6.0000,2020-03-24 10:27,6.0100,2020-03-24 10:30,5.8800,1,3,4,1,3,4,0.001667,0.056239,intraday,intraday,0,0
2020-03-24 11:07,5.8400,2020-03-24 11:41,6.1500,2020-03-24 11:41,6.1500,2020-03-24 11:50,6.0200,0,9,9,0,9,9,0.000000,0.053082,intraday,intraday,0,0
2020-03-24 14:10,5.5700,2020-03-24 14:36,5.8700,2020-03-24 14:40,5.8800,2020-03-24 14:48,5.7300,4,8,12,4,8,12,0.001704,0.055655,intraday,intraday,0,0
2020-03-24 14:49,5.7100,2020-03-24 15:08,6.0100,2020-03-24 15:44,6.1800,2020-03-24 15:48,6.0500,36,4,40,36,4,40,0.028286,0.082312,intraday,intraday,0,0
2020-03-24 15:50,6.0100,2020-03-25 09:30,6.3900,2020-03-25 09:30,6.3900,2020-03-25 09:31,6.1200,0,1,1,0,1,1,0.000000,0.063228,intraday,intraday,0,0
2020-03-25 09:31,6.1200,2020-03-25 09:33,6.4300,2020-03-25 09:35,6.5900,2020-03-25 09:35,6.4300,2,0,2,2,0,2,0.024883,0.076797,intraday,intraday,0,0
2020-03-25 10:12,5.7100,2020-03-25 10:30,6.0300,2020-03-25 10:42,6.1800,2020-03-25 10:44,6.0000,12,2,14,12,2,14,0.024876,0.082312,intraday,intraday,0,0
2020-03-25 10:47,5.9700,2020-03-25 12:01,6.2800,2020-03-25 12:28,6.5900,2020-03-25 12:31,6.4300,27,3,30,27,3,30,0.049363,0.103853,intraday,intraday,0,0
2020-03-25 12:32,6.4200,2020-03-25 13:08,6.7600,2020-03-25 13:23,6.9200,2020-03-25 13:27,6.7800,15,4,19,15,4,19,0.023669,0.077882,intraday,intraday,0,0
2020-03-25 15:59,5.9700,2020-03-26 09:30,6.6000,2020-03-26 09:31,6.6200,2020-03-26 09:32,6.4800,1,1,2,1,1,2,0.003030,0.108878,intraday,intraday,0,0
2020-03-26 09:33,6.2700,2020-03-26 09:56,6.5900,2020-03-26 10:19,6.8500,2020-03-26 10:26,6.7000,23,7,30,23,7,30,0.039454,0.092504,intraday,intraday,0,0
2020-03-26 10:57,6.5400,2020-03-26 11:23,6.8800,2020-03-26 11:32,6.9900,2020-03-26 11:46,6.8400,9,14,23,9,14,23,0.015988,0.068807,intraday,intraday,0,0
2020-03-26 12:18,6.7200,2020-03-26 12:59,7.0600,2020-03-26 13:06,7.1100,2020-03-26 13:08,6.9500,7,2,9,7,2,9,0.007082,0.058036,intraday,intraday,0,0
2020-03-26 13:32,6.6500,2020-03-26 14:33,7.0100,2020-03-26 14:58,7.0400,2020-03-26 15:17,6.8900,25,19,44,25,19,44,0.004280,0.058647,intraday,intraday,0,0
2020-03-26 15:48,6.8700,2020-03-26 15:59,7.2700,2020-03-26 15:59,7.2700,2020-03-27 09:30,6.4000,0,1,1,0,1051,1051,0.000000,0.058224,overnight,overnight,1,1
2020-03-27 09:43,6.2400,2020-03-27 10:10,6.5800,2020-03-27 10:10,6.5800,2020-03-27 10:18,6.4300,0,8,8,0,8,8,0.000000,0.054487,intraday,intraday,0,0
2020-03-27 10:34,6.2900,2020-03-27 11:09,6.6200,2020-03-27 11:17,6.6900,2020-03-27 11:21,6.5500,8,4,12,8,4,12,0.010574,0.063593,intraday,intraday,0,0
2020-03-27 12:07,6.2700,2020-03-27 13:39,6.6300,2020-03-27 13:49,6.7000,2020-03-27 13:56,6.5600,10,7,17,10,7,17,0.010558,0.068581,intraday,intraday,0,0
2020-03-27 14:50,6.4100,2020-03-27 15:26,6.7800,2020-03-27 15:28,6.8200,2020-03-27 15:31,6.6700,2,3,5,2,3,5,0.005900,0.063963,intraday,intraday,0,0
2020-03-27 15:58,6.0500,2020-03-30 09:30,6.3800,2020-03-30 09:32,6.4800,2020-03-30 09:33,6.3300,2,1,3,2,1,3,0.015674,0.071074,intraday,intraday,0,0
2020-03-30 09:43,6.1600,2020-03-30 10:07,6.4700,2020-03-30 10:41,6.7300,2020-03-30 10:57,6.5900,34,16,50,34,16,50,0.040185,0.092532,intraday,intraday,0,0
2020-03-30 12:08,6.5500,2020-03-31 09:34,6.8800,2020-03-31 09:43,6.9500,2020-03-31 09:45,6.7800,9,2,11,9,2,11,0.010174,0.061069,intraday,intraday,0,0
2020-03-31 09:53,6.6500,2020-03-31 10:13,7.0100,2020-03-31 10:19,7.0800,2020-03-31 10:27,6.9300,6,8,14,6,8,14,0.009986,0.064662,intraday,intraday,0,0
2020-04-01 09:30,5.6200,2020-04-01 10:15,5.9300,2020-04-01 10:53,6.1400,2020-04-01 10:56,5.9900,38,3,41,38,3,41,0.035413,0.092527,intraday,intraday,0,0
2020-04-01 15:42,5.1100,2020-04-01 15:49,5.3700,2020-04-01 15:49,5.3700,2020-04-01 15:50,5.2000,0,1,1,0,1,1,0.000000,0.050881,intraday,intraday,0,0
2020-04-02 09:30,5.1800,2020-04-02 09:35,5.4600,2020-04-02 09:35,5.4600,2020-04-02 09:41,5.3500,0,6,6,0,6,6,0.000000,0.054054,intraday,intraday,0,0
2020-04-02 09:46,5.2000,2020-04-02 10:10,5.4900,2020-04-02 10:37,5.7300,2020-04-02 10:41,5.6000,27,4,31,27,4,31,0.043716,0.101923,intraday,intraday,0,0
2020-04-02 10:52,5.4900,2020-04-02 12:06,5.7800,2020-04-02 12:06,5.7800,2020-04-02 12:24,5.6600,0,18,18,0,18,18,0.000000,0.052823,intraday,intraday,0,0
2020-04-02 14:11,5.3400,2020-04-02 14:59,5.6200,2020-04-02 15:20,5.7200,2020-04-02 15:31,5.5800,21,11,32,21,11,32,0.017794,0.071161,intraday,intraday,0,0
2020-04-02 15:37,5.5600,2020-04-03 09:33,5.8400,2020-04-03 09:41,5.9600,2020-04-03 09:47,5.8400,8,6,14,8,6,14,0.020548,0.071942,intraday,intraday,0,0
2020-04-03 14:06,5.2100,2020-04-03 15:50,5.4900,2020-04-06 10:24,6.6600,2020-04-06 10:30,6.5100,64,6,70,3994,6,4000,0.213115,0.278311,weekend,intraday,0,1
2020-04-06 10:48,6.4500,2020-04-06 13:20,6.7800,2020-04-06 13:52,6.8700,2020-04-06 14:14,6.7300,32,22,54,32,22,54,0.013274,0.065116,intraday,intraday,0,0
2020-04-06 14:22,6.7100,2020-04-06 15:50,7.0600,2020-04-07 09:30,7.9800,2020-04-07 09:30,7.8000,10,0,10,1060,0,1060,0.130312,0.189270,overnight,intraday,1,1
2020-04-07 10:54,7.0000,2020-04-07 11:15,7.3900,2020-04-07 12:18,7.8500,2020-04-07 12:33,7.6900,63,15,78,63,15,78,0.062246,0.121429,intraday,intraday,0,0
2020-04-07 14:55,7.0600,2020-04-07 15:50,7.4300,2020-04-07 15:50,7.4300,2020-04-07 15:51,7.1500,0,1,1,0,1,1,0.000000,0.052408,intraday,intraday,0,0
2020-04-07 15:59,6.9800,2020-04-08 09:30,7.3900,2020-04-08 09:31,7.5000,2020-04-08 09:33,7.3500,1,2,3,1,2,3,0.014885,0.074499,intraday,intraday,0,0
2020-04-08 10:09,7.0600,2020-04-08 10:50,7.4300,2020-04-08 13:24,7.7400,2020-04-08 13:35,7.5500,154,11,165,154,11,165,0.041723,0.096317,intraday,intraday,0,0
2020-04-08 13:44,7.5100,2020-04-09 09:30,8.0600,2020-04-09 09:30,8.0600,2020-04-09 09:33,7.8800,0,3,3,0,3,3,0.000000,0.073236,intraday,intraday,0,0
2020-04-09 10:23,7.4900,2020-04-09 11:40,7.8700,2020-04-09 12:19,7.9800,2020-04-09 12:35,7.8100,39,16,55,39,16,55,0.013977,0.065421,intraday,intraday,0,0
2020-04-13 09:32,6.9600,2020-04-13 12:16,7.3100,2020-04-13 12:25,7.3400,2020-04-13 12:33,7.1900,9,8,17,9,8,17,0.004104,0.054598,intraday,intraday,0,0
2020-04-13 13:16,7.1200,2020-04-13 15:32,7.5000,2020-04-14 09:59,8.4300,2020-04-14 10:05,8.2600,57,6,63,1107,6,1113,0.124000,0.183989,overnight,intraday,0,1
2020-04-14 11:12,8.0100,2020-04-14 14:23,8.4200,2020-04-14 15:47,8.4900,2020-04-15 09:30,7.8000,84,13,97,84,1063,1147,0.008314,0.059925,overnight,overnight,1,1
2020-04-15 09:56,7.5100,2020-04-15 15:01,7.9100,2020-04-15 15:01,7.9100,2020-04-15 15:33,7.7500,0,32,32,0,32,32,0.000000,0.053262,intraday,intraday,0,0
2020-04-15 15:54,7.7300,2020-04-16 09:30,8.2300,2020-04-16 09:30,8.2300,2020-04-16 09:35,8.0300,0,5,5,0,5,5,0.000000,0.064683,intraday,intraday,0,0
2020-04-16 10:04,7.8300,2020-04-16 10:49,8.2400,2020-04-16 11:57,8.4300,2020-04-16 12:10,8.2600,68,13,81,68,13,81,0.023058,0.076628,intraday,intraday,0,0
2020-04-16 12:33,7.9100,2020-04-16 15:32,8.3100,2020-04-17 09:30,8.8900,2020-04-17 09:31,8.6700,28,1,29,1078,1,1079,0.069795,0.123894,overnight,intraday,0,1
2020-04-17 11:27,8.2700,2020-04-17 15:50,8.6900,2020-04-17 15:51,8.7000,2020-04-17 15:56,8.5200,1,5,6,1,5,6,0.001151,0.051995,intraday,intraday,0,0
2020-04-20 09:30,8.0900,2020-04-20 10:47,8.5000,2020-04-20 11:08,8.5600,2020-04-20 11:31,8.3800,21,23,44,21,23,44,0.007059,0.058096,intraday,intraday,0,0
2020-04-21 11:15,6.7700,2020-04-21 13:20,7.1300,2020-04-21 14:26,7.3300,2020-04-21 14:35,7.1800,66,9,75,66,9,75,0.028050,0.082718,intraday,intraday,0,0
2020-04-21 15:54,6.8400,2020-04-22 09:30,7.5800,2020-04-22 09:30,7.5800,2020-04-22 09:34,7.4100,0,4,4,0,4,4,0.000000,0.108187,intraday,intraday,0,0
2020-04-22 09:34,7.4100,2020-04-22 12:41,7.8000,2020-04-22 15:50,8.1800,2020-04-23 09:30,7.9900,189,10,199,189,1060,1249,0.048718,0.103914,overnight,overnight,1,1
2020-04-23 09:55,7.9200,2020-04-23 10:58,8.3200,2020-04-23 11:27,8.3400,2020-04-23 11:40,8.1700,29,13,42,29,13,42,0.002404,0.053030,intraday,intraday,0,0
2020-04-23 12:46,7.7500,2020-04-23 13:01,8.1600,2020-04-23 13:12,8.1900,2020-04-23 13:22,7.9700,11,10,21,11,10,21,0.003676,0.056774,intraday,intraday,0,0
2020-04-24 09:59,7.6300,2020-04-24 12:08,8.0300,2020-04-27 09:58,8.9200,2020-04-27 10:25,8.7400,260,27,287,4190,27,4217,0.110834,0.169069,weekend,intraday,0,1
2020-04-27 14:30,8.5400,2020-04-28 09:30,9.2600,2020-04-28 09:35,9.2900,2020-04-28 09:42,9.1000,5,7,12,5,7,12,0.003240,0.087822,intraday,intraday,0,0
2020-04-28 15:59,8.5000,2020-04-29 09:30,9.0600,2020-04-29 15:31,9.8500,2020-04-30 09:30,9.4500,361,29,390,361,1079,1440,0.087196,0.158824,overnight,overnight,1,1
2020-05-04 09:35,7.1300,2020-05-04 15:33,7.4900,2020-05-05 10:01,8.4300,2020-05-05 10:13,8.2600,58,12,70,1108,12,1120,0.125501,0.182328,overnight,intraday,0,1
2020-05-05 15:37,7.8500,2020-05-06 09:30,8.3100,2020-05-06 09:53,8.5500,2020-05-06 09:56,8.3600,23,3,26,23,3,26,0.028881,0.089172,intraday,intraday,0,0
2020-05-06 10:09,8.2400,2020-05-06 11:02,8.6600,2020-05-06 11:02,8.6600,2020-05-06 11:25,8.4700,0,23,23,0,23,23,0.000000,0.050971,intraday,intraday,0,0
2020-05-06 15:50,8.2100,2020-05-07 09:30,8.7800,2020-05-07 09:32,8.8200,2020-05-07 09:37,8.6400,2,5,7,2,5,7,0.004556,0.074300,intraday,intraday,0,0
2020-05-07 10:13,8.3900,2020-05-08 09:30,8.8100,2020-05-08 09:33,8.8700,2020-05-08 09:36,8.6900,3,3,6,3,3,6,0.006810,0.057211,intraday,intraday,0,0
2020-05-08 09:36,8.6900,2020-05-08 10:19,9.1300,2020-05-08 10:31,9.1800,2020-05-08 11:03,8.9800,12,32,44,12,32,44,0.005476,0.056387,intraday,intraday,0,0
2020-05-11 09:31,8.9400,2020-05-11 13:27,9.4000,2020-05-11 13:40,9.4800,2020-05-11 15:35,9.2900,13,115,128,13,115,128,0.008511,0.060403,intraday,intraday,0,0
2020-05-13 09:36,8.2300,2020-05-13 10:12,8.6500,2020-05-13 10:31,8.7400,2020-05-13 10:45,8.5500,19,14,33,19,14,33,0.010405,0.061968,intraday,intraday,0,0
2020-05-13 15:25,7.6300,2020-05-13 15:52,8.0200,2020-05-13 15:53,8.0400,2020-05-14 09:30,7.7800,1,7,8,1,1057,1058,0.002494,0.053735,overnight,overnight,1,1
2020-05-14 09:54,7.4000,2020-05-14 10:49,7.8000,2020-05-14 11:18,8.1100,2020-05-14 11:22,7.9300,29,4,33,29,4,33,0.039744,0.095946,intraday,intraday,0,0
2020-05-14 12:02,7.6600,2020-05-14 13:30,8.0500,2020-05-14 13:30,8.0500,2020-05-14 14:01,7.8600,0,31,31,0,31,31,0.000000,0.050914,intraday,intraday,0,0
2020-05-14 14:07,7.8100,2020-05-14 14:57,8.2200,2020-05-14 15:59,8.6700,2020-05-15 09:30,7.7700,62,1,63,62,1051,1113,0.054745,0.110115,overnight,overnight,1,1
2020-05-15 09:36,7.7000,2020-05-15 10:10,8.1000,2020-05-15 10:15,8.1900,2020-05-15 10:24,8.0000,5,9,14,5,9,14,0.011111,0.063636,intraday,intraday,0,0
2020-05-15 11:04,7.6400,2020-05-15 13:07,8.0400,2020-05-15 13:12,8.0800,2020-05-15 13:47,7.9100,5,35,40,5,35,40,0.004975,0.057592,intraday,intraday,0,0
2020-05-15 13:47,7.9100,2020-05-18 09:30,8.8000,2020-05-18 09:49,8.9200,2020-05-18 09:55,8.7300,19,6,25,19,6,25,0.013636,0.127686,intraday,intraday,0,0
2020-05-18 09:55,8.7300,2020-05-18 13:04,9.1700,2020-05-18 15:30,9.3500,2020-05-19 09:30,9.1100,146,30,176,146,1080,1226,0.019629,0.071019,overnight,overnight,1,1
2020-05-19 09:30,9.1100,2020-05-19 10:25,9.5700,2020-05-19 13:28,9.7600,2020-05-19 14:56,9.5500,183,88,271,183,88,271,0.019854,0.071350,intraday,intraday,0,0
2020-05-19 15:59,9.1200,2020-05-20 09:30,9.8600,2020-05-20 11:31,10.3100,2020-05-20 12:17,10.0900,121,46,167,121,46,167,0.045639,0.130482,intraday,intraday,0,0
2020-05-22 09:39,9.0300,2020-05-22 14:42,9.4900,2020-05-26 09:45,10.3900,2020-05-26 09:51,10.1600,93,6,99,5463,6,5469,0.094837,0.150609,weekend,intraday,0,1
2020-05-27 11:01,9.0500,2020-05-27 12:27,9.5200,2020-05-28 09:36,10.3000,2020-05-28 09:39,10.0400,219,3,222,1269,3,1272,0.081933,0.138122,overnight,intraday,0,1
2020-05-28 15:50,9.4000,2020-05-29 09:46,9.8800,2020-05-29 09:53,10.0600,2020-05-29 10:08,9.7700,7,15,22,7,15,22,0.018219,0.070213,intraday,intraday,0,0
2020-05-29 11:04,9.5700,2020-05-29 14:27,10.0600,2020-05-29 14:27,10.0600,2020-05-29 14:49,9.8400,0,22,22,0,22,22,0.000000,0.051202,intraday,intraday,0,0
2020-05-29 14:54,9.6300,2020-05-29 15:00,10.1600,2020-05-29 15:54,10.3800,2020-06-01 09:30,9.9500,54,6,60,54,3936,3990,0.021654,0.077882,weekend,weekend,1,1
2020-06-01 09:37,9.8700,2020-06-02 09:59,10.3900,2020-06-02 10:20,10.5200,2020-06-02 10:44,10.2800,21,24,45,21,24,45,0.012512,0.065856,intraday,intraday,0,0
2020-06-02 11:15,10.0800,2020-06-02 15:38,10.5900,2020-06-03 09:33,11.6600,2020-06-03 09:38,11.3900,25,5,30,1075,5,1080,0.101039,0.156746,overnight,intraday,0,1
2020-06-03 09:39,11.3700,2020-06-04 10:14,11.9500,2020-06-04 10:34,12.3100,2020-06-04 11:10,12.0400,20,36,56,20,36,56,0.030126,0.082674,intraday,intraday,0,0
2020-06-04 15:17,11.7600,2020-06-05 09:30,13.0500,2020-06-05 09:38,13.3300,2020-06-05 09:57,13.0400,8,19,27,8,19,27,0.021456,0.133503,intraday,intraday,0,0
2020-06-09 09:31,12.2800,2020-06-09 10:46,12.9200,2020-06-09 11:04,13.0100,2020-06-09 11:48,12.7300,18,44,62,18,44,62,0.006966,0.059446,intraday,intraday,0,0
2020-06-09 12:35,12.6900,2020-06-10 14:16,13.3300,2020-06-10 14:19,13.3800,2020-06-10 14:40,13.1000,3,21,24,3,21,24,0.003751,0.054374,intraday,intraday,0,0
2020-06-11 09:42,11.4700,2020-06-11 10:14,12.0900,2020-06-11 10:39,12.1600,2020-06-11 10:46,11.9100,25,7,32,25,7,32,0.005790,0.060157,intraday,intraday,0,0
2020-06-11 15:55,10.5000,2020-06-12 09:30,11.5300,2020-06-12 09:34,11.6000,2020-06-12 10:09,11.3600,4,35,39,4,35,39,0.006071,0.104762,intraday,intraday,0,0
2020-06-12 11:24,10.4900,2020-06-12 11:39,11.0200,2020-06-12 12:06,11.2000,2020-06-12 12:25,10.9400,27,19,46,27,19,46,0.016334,0.067684,intraday,intraday,0,0
2020-06-12 13:59,10.2600,2020-06-12 15:02,10.7800,2020-06-12 15:13,10.8800,2020-06-12 15:18,10.6500,11,5,16,11,5,16,0.009276,0.060429,intraday,intraday,0,0
2020-06-15 09:34,10.1200,2020-06-15 10:00,10.6300,2020-06-15 10:19,10.7800,2020-06-15 10:30,10.5200,19,11,30,19,11,30,0.014111,0.065217,intraday,intraday,0,0
2020-06-15 10:40,10.4400,2020-06-15 12:16,10.9700,2020-06-15 13:17,11.2300,2020-06-15 13:48,11.0000,61,31,92,61,31,92,0.023701,0.075670,intraday,intraday,0,0
2020-06-15 13:48,11.0000,2020-06-16 09:30,12.5100,2020-06-16 09:45,12.6200,2020-06-16 10:20,12.3400,15,35,50,15,35,50,0.008793,0.147273,intraday,intraday,0,0
2020-06-16 11:01,11.4300,2020-06-16 11:07,12.0100,2020-06-16 11:50,12.1500,2020-06-16 12:02,11.8800,43,12,55,43,12,55,0.011657,0.062992,intraday,intraday,0,0
2020-06-16 15:19,11.7500,2020-06-17 09:33,12.4500,2020-06-17 09:49,12.5600,2020-06-17 09:56,12.2800,16,7,23,16,7,23,0.008835,0.068936,intraday,intraday,0,0
2020-06-18 15:13,12.1000,2020-06-19 09:30,12.7700,2020-06-19 10:18,12.8600,2020-06-19 10:51,12.5900,48,33,81,48,33,81,0.007048,0.062810,intraday,intraday,0,0
2020-06-22 09:34,11.7100,2020-06-22 12:15,12.3000,2020-06-22 14:58,12.4500,2020-06-22 15:23,12.2000,163,25,188,163,25,188,0.012195,0.063194,intraday,intraday,0,0
2020-06-22 15:24,12.1800,2020-06-23 11:58,12.8000,2020-06-23 12:03,12.8800,2020-06-23 15:01,12.6100,5,178,183,5,178,183,0.006250,0.057471,intraday,intraday,0,0
2020-06-24 11:49,11.3700,2020-06-24 15:19,11.9600,2020-06-24 15:19,11.9600,2020-06-24 15:50,11.6700,0,31,31,0,31,31,0.000000,0.051891,intraday,intraday,0,0
2020-06-25 09:50,11.0900,2020-06-25 15:05,11.6500,2020-06-26 09:38,12.0100,2020-06-26 09:42,11.7600,63,4,67,1113,4,1117,0.030901,0.082958,overnight,intraday,0,1
2020-06-29 09:52,10.8300,2020-06-29 10:39,11.3800,2020-06-29 12:37,11.5700,2020-06-29 15:11,11.3300,118,154,272,118,154,272,0.016696,0.068329,intraday,intraday,0,0
2020-06-29 15:11,11.3300,2020-06-30 09:32,11.9100,2020-06-30 12:12,12.6300,2020-06-30 12:35,12.3700,160,23,183,160,23,183,0.060453,0.114740,intraday,intraday,0,0
2020-07-01 15:59,11.9900,2020-07-02 09:32,12.5900,2020-07-02 10:11,12.8000,2020-07-02 10:34,12.5100,39,23,62,39,23,62,0.016680,0.067556,intraday,intraday,0,0
2020-07-02 11:10,12.3300,2020-07-06 09:30,13.2200,2020-07-06 11:36,13.5900,2020-07-06 14:07,13.3100,126,151,277,126,151,277,0.027988,0.102190,intraday,intraday,0,0
2020-07-07 15:59,12.9000,2020-07-09 09:30,13.7000,2020-07-09 10:07,13.8700,2020-07-09 10:17,13.5700,37,10,47,37,10,47,0.012409,0.075194,intraday,intraday,0,0
2020-07-09 11:19,13.0700,2020-07-09 13:01,13.8400,2020-07-09 13:15,14.0800,2020-07-09 13:52,13.7900,14,37,51,14,37,51,0.017341,0.077276,intraday,intraday,0,0
2020-07-10 10:04,13.4800,2020-07-13 09:30,14.5800,2020-07-13 09:40,14.9600,2020-07-13 09:46,14.6200,10,6,16,10,6,16,0.026063,0.109792,intraday,intraday,0,0
2020-07-14 09:53,12.4000,2020-07-14 10:33,13.0300,2020-07-14 10:54,13.2400,2020-07-14 11:05,12.9700,21,11,32,21,11,32,0.016117,0.067742,intraday,intraday,0,0
2020-07-14 11:05,12.9700,2020-07-14 13:56,13.6200,2020-07-14 14:58,13.7400,2020-07-14 15:16,13.4500,62,18,80,62,18,80,0.008811,0.059368,intraday,intraday,0,0
2020-07-14 15:16,13.4500,2020-07-15 09:30,14.2100,2020-07-15 09:30,14.2100,2020-07-15 09:31,13.9000,0,1,1,0,1,1,0.000000,0.056506,intraday,intraday,0,0
2020-07-15 12:04,13.1300,2020-07-15 14:02,13.7900,2020-07-15 14:06,13.8500,2020-07-15 15:06,13.5500,4,60,64,4,60,64,0.004351,0.054836,intraday,intraday,0,0
2020-07-16 10:02,13.1300,2020-07-17 09:30,13.8700,2020-07-17 09:35,13.9200,2020-07-17 10:32,13.6300,5,57,62,5,57,62,0.003605,0.060168,intraday,intraday,0,0
2020-07-17 10:45,13.6000,2020-07-20 11:49,14.2800,2020-07-21 09:32,15.0400,2020-07-21 09:50,14.6900,253,18,271,1303,18,1321,0.053221,0.105882,overnight,intraday,0,1
2020-07-22 11:13,14.2200,2020-07-23 10:49,14.9400,2020-07-23 10:49,14.9400,2020-07-23 12:03,14.6400,0,74,74,0,74,74,0.000000,0.050633,intraday,intraday,0,0
2020-07-24 09:40,12.6300,2020-07-24 10:04,13.3000,2020-07-24 11:45,13.8300,2020-07-24 12:23,13.5100,101,38,139,101,38,139,0.039850,0.095012,intraday,intraday,0,0
2020-07-24 15:34,13.0800,2020-07-27 09:30,13.8300,2020-07-27 10:01,14.4000,2020-07-27 11:16,14.1100,31,75,106,31,75,106,0.041215,0.100917,intraday,intraday,0,0
2020-07-28 09:57,13.5500,2020-07-29 10:44,14.2400,2020-07-29 14:43,14.6500,2020-07-30 09:30,14.3000,239,77,316,239,1127,1366,0.028792,0.081181,overnight,overnight,1,1
2020-07-30 09:30,14.3000,2020-07-30 12:16,15.0500,2020-07-31 09:30,15.4900,2020-07-31 09:32,15.1800,224,2,226,1274,2,1276,0.029236,0.083217,overnight,intraday,0,1
2020-07-31 14:09,14.4500,2020-08-03 09:30,15.5500,2020-08-04 10:59,16.5100,2020-08-04 14:32,16.1700,479,213,692,1529,213,1742,0.061736,0.142561,overnight,intraday,0,1
2020-08-07 14:30,15.4400,2020-08-10 09:32,16.2200,2020-08-10 09:32,16.2200,2020-08-10 10:31,15.8700,0,59,59,0,59,59,0.000000,0.050518,intraday,intraday,0,0
2020-08-10 11:00,15.3300,2020-08-10 12:53,16.1000,2020-08-10 13:13,16.2300,2020-08-11 09:31,15.8900,20,168,188,20,1218,1238,0.008075,0.058708,overnight,overnight,0,1
2020-08-11 15:53,15.3800,2020-08-12 09:53,16.1500,2020-08-12 15:19,17.1600,2020-08-13 09:48,16.7200,326,59,385,326,1109,1435,0.062539,0.115735,overnight,overnight,0,1
2020-08-13 14:51,16.2700,2020-08-17 09:40,17.1800,2020-08-17 09:40,17.1800,2020-08-17 10:03,16.8000,0,23,23,0,23,23,0.000000,0.055931,intraday,intraday,0,0
2020-08-20 11:09,15.6900,2020-08-24 09:30,16.9900,2020-08-24 09:45,17.0500,2020-08-24 09:54,16.6300,15,9,24,15,9,24,0.003531,0.086679,intraday,intraday,0,0
2020-08-24 15:06,16.4700,2020-08-25 15:28,17.3000,2020-08-27 09:31,17.7600,2020-08-27 09:35,17.4000,423,4,427,2523,4,2527,0.026590,0.078324,overnight,intraday,0,2
2020-08-27 13:05,16.5900,2020-08-28 11:27,17.4400,2020-08-28 15:58,17.8700,2020-08-31 09:44,17.4800,271,16,287,271,3946,4217,0.024656,0.077155,weekend,weekend,0,1
2020-08-31 09:57,17.3900,2020-09-01 09:45,18.3700,2020-09-02 09:37,19.9800,2020-09-02 09:51,19.5400,382,14,396,1432,14,1446,0.087643,0.148936,overnight,intraday,0,1
2020-09-02 09:56,19.1200,2020-09-02 12:42,20.0800,2020-09-02 15:20,20.7600,2020-09-03 09:30,19.1500,158,40,198,158,1090,1248,0.033865,0.085774,overnight,overnight,1,1
2020-09-03 11:21,16.9700,2020-09-03 11:41,17.8400,2020-09-03 11:55,18.0200,2020-09-03 11:59,17.6100,14,4,18,14,4,18,0.010090,0.061874,intraday,intraday,0,0
2020-09-04 10:44,14.6700,2020-09-04 10:55,15.4400,2020-09-04 10:59,15.5200,2020-09-04 11:02,15.1900,4,3,7,4,3,7,0.005181,0.057941,intraday,intraday,0,0
2020-09-04 11:27,15.0400,2020-09-04 11:53,15.8800,2020-09-04 12:00,16.0000,2020-09-04 12:12,15.6800,7,12,19,7,12,19,0.007557,0.063830,intraday,intraday,0,0
2020-09-04 13:19,15.6000,2020-09-04 14:39,16.4200,2020-09-04 15:28,17.0200,2020-09-04 15:36,16.6500,49,8,57,49,8,57,0.036541,0.091026,intraday,intraday,0,0
2020-09-08 09:41,14.3000,2020-09-08 09:53,15.0200,2020-09-08 10:31,15.6100,2020-09-08 10:34,15.2700,38,3,41,38,3,41,0.039281,0.091608,intraday,intraday,0,0
2020-09-08 15:57,14.1300,2020-09-09 09:30,15.2500,2020-09-09 09:30,15.2500,2020-09-09 09:38,14.9300,0,8,8,0,8,8,0.000000,0.079264,intraday,intraday,0,0
2020-09-09 09:51,14.6700,2020-09-09 11:04,15.4100,2020-09-09 11:04,15.4100,2020-09-09 11:10,15.1000,0,6,6,0,6,6,0.000000,0.050443,intraday,intraday,0,0
2020-09-09 11:10,15.1000,2020-09-10 09:30,15.8900,2020-09-10 09:34,16.0800,2020-09-10 09:49,15.7100,4,15,19,4,15,19,0.011957,0.064901,intraday,intraday,0,0
2020-09-10 15:20,14.4300,2020-09-11 09:30,15.2300,2020-09-11 09:31,15.2700,2020-09-11 09:36,14.9300,1,5,6,1,5,6,0.002626,0.058212,intraday,intraday,0,0
2020-09-11 13:32,14.1900,2020-09-14 09:30,15.6500,2020-09-14 09:50,15.8500,2020-09-14 10:01,15.5100,20,11,31,20,11,31,0.012780,0.116984,intraday,intraday,0,0
2020-09-14 13:32,15.2100,2020-09-15 09:30,16.2000,2020-09-15 12:45,16.6900,2020-09-15 15:24,16.3500,195,159,354,195,159,354,0.030247,0.097304,intraday,intraday,0,0
2020-09-17 09:30,14.5500,2020-09-17 10:00,15.3000,2020-09-17 10:21,15.4900,2020-09-17 10:25,15.1700,21,4,25,21,4,25,0.012418,0.064605,intraday,intraday,0,0
2020-09-17 10:26,15.1400,2020-09-17 11:07,15.9000,2020-09-17 11:15,15.9700,2020-09-17 11:26,15.6500,8,11,19,8,11,19,0.004403,0.054822,intraday,intraday,0,0
2020-09-17 12:17,15.1400,2020-09-18 09:30,16.2000,2020-09-18 09:30,16.2000,2020-09-18 09:34,15.8700,0,4,4,0,4,4,0.000000,0.070013,intraday,intraday,0,0
2020-09-18 13:31,14.5200,2020-09-18 15:28,15.2700,2020-09-18 15:31,15.3600,2020-09-18 15:57,15.0500,3,26,29,3,26,29,0.005894,0.057851,intraday,intraday,0,0
2020-09-21 10:40,13.8900,2020-09-21 11:52,14.6000,2020-09-21 12:40,14.8900,2020-09-21 14:11,14.5900,48,91,139,48,91,139,0.019863,0.071994,intraday,intraday,0,0
2020-09-21 14:48,14.3900,2020-09-22 09:30,15.4000,2020-09-22 09:30,15.4000,2020-09-22 09:32,15.0900,0,2,2,0,2,2,0.000000,0.070188,intraday,intraday,0,0
2020-09-22 11:03,14.5500,2020-09-22 13:50,15.2800,2020-09-23 09:49,15.7900,2020-09-23 10:00,15.4400,149,11,160,1199,11,1210,0.033377,0.085223,overnight,intraday,0,1
2020-09-24 09:30,14.0700,2020-09-24 10:00,14.8700,2020-09-24 10:09,14.9900,2020-09-24 10:28,14.6900,9,19,28,9,19,28,0.008070,0.065387,intraday,intraday,0,0
2020-09-24 10:35,14.5000,2020-09-24 13:10,15.2400,2020-09-24 13:46,15.4100,2020-09-24 14:18,15.0500,36,32,68,36,32,68,0.011155,0.062759,intraday,intraday,0,0
2020-09-25 09:50,14.2200,2020-09-25 11:18,14.9500,2020-09-28 09:41,16.1400,2020-09-28 09:49,15.8000,293,8,301,4223,8,4231,0.079599,0.135021,weekend,intraday,0,1
2020-09-28 09:50,15.7600,2020-09-28 13:56,16.5500,2020-09-29 10:09,17.2700,2020-09-29 10:34,16.9100,163,25,188,1213,25,1238,0.043505,0.095812,overnight,intraday,0,1
2020-09-30 09:35,16.6000,2020-10-01 09:30,17.7800,2020-10-01 09:37,17.9900,2020-10-01 10:00,17.5700,7,23,30,7,23,30,0.011811,0.083735,intraday,intraday,0,0
2020-10-02 09:30,16.6100,2020-10-02 10:28,17.4500,2020-10-02 10:28,17.4500,2020-10-02 10:40,17.0500,0,12,12,0,12,12,0.000000,0.050572,intraday,intraday,0,0
2020-10-02 15:59,16.2800,2020-10-05 09:40,17.1400,2020-10-06 10:41,18.6100,2020-10-06 11:23,18.1900,451,42,493,1501,42,1543,0.085764,0.143120,overnight,intraday,0,1
2020-10-06 15:53,17.4000,2020-10-07 09:30,18.4600,2020-10-07 09:57,18.7500,2020-10-07 10:39,18.3600,27,42,69,27,42,69,0.015710,0.077586,intraday,intraday,0,0
2020-10-07 10:40,18.3500,2020-10-08 11:08,19.2700,2020-10-09 09:30,20.4700,2020-10-09 09:30,20.0200,292,0,292,1342,0,1342,0.062273,0.115531,overnight,intraday,1,1
2020-10-09 10:25,19.9200,2020-10-12 09:30,21.0900,2020-10-12 14:31,21.5500,2020-10-12 15:50,21.0700,301,79,380,301,79,380,0.021811,0.081827,intraday,intraday,0,0
2020-10-15 09:30,19.5800,2020-10-15 15:17,20.6000,2020-10-16 09:30,21.2200,2020-10-16 09:35,20.7800,43,5,48,1093,5,1098,0.030097,0.083759,overnight,intraday,0,1
2020-10-22 10:50,18.9100,2020-10-22 14:01,19.8700,2020-10-22 14:16,19.9200,2020-10-23 09:30,19.3100,15,104,119,15,1154,1169,0.002516,0.053411,overnight,overnight,1,1
2020-10-26 13:34,17.4000,2020-10-27 09:30,18.6700,2020-10-27 09:30,18.6700,2020-10-27 09:32,18.2900,0,2,2,0,2,2,0.000000,0.072989,intraday,intraday,0,0
2020-10-28 15:59,16.0900,2020-10-29 10:04,16.9300,2020-10-29 11:29,17.3000,2020-10-29 11:58,16.9100,85,29,114,85,29,114,0.021855,0.075202,intraday,intraday,0,0
2020-10-29 11:58,16.9100,2020-10-29 14:18,17.7700,2020-10-29 14:29,17.9000,2020-10-29 15:59,17.4100,11,90,101,11,90,101,0.007316,0.058545,intraday,intraday,0,0
2020-10-30 13:38,16.0100,2020-11-02 09:30,17.1500,2020-11-02 10:00,17.4000,2020-11-02 10:43,17.0400,30,43,73,30,43,73,0.014577,0.086821,intraday,intraday,0,0
2020-11-02 14:00,16.4200,2020-11-03 09:30,17.4100,2020-11-03 10:31,18.2600,2020-11-03 11:55,17.8900,61,84,145,61,84,145,0.048823,0.112058,intraday,intraday,0,0
2020-11-03 13:58,17.6200,2020-11-04 09:30,18.9700,2020-11-04 09:30,18.9700,2020-11-04 09:35,18.5000,0,5,5,0,5,5,0.000000,0.076617,intraday,intraday,0,0
2020-11-04 09:42,18.2800,2020-11-04 10:16,19.2300,2020-11-04 10:27,19.4300,2020-11-04 10:46,19.0400,11,19,30,11,19,30,0.010400,0.062910,intraday,intraday,0,0
2020-11-04 11:16,18.9500,2020-11-04 13:33,19.9000,2020-11-04 14:58,19.9700,2020-11-04 15:32,19.5400,85,34,119,85,34,119,0.003518,0.053826,intraday,intraday,0,0
2020-11-04 15:32,19.5400,2020-11-05 09:30,21.5700,2020-11-05 10:10,22.2400,2020-11-05 10:26,21.7900,40,16,56,40,16,56,0.031062,0.138178,intraday,intraday,0,0
2020-11-05 10:47,21.6700,2020-11-06 10:16,22.7900,2020-11-09 09:32,25.4500,2020-11-09 09:34,24.8300,346,2,348,4276,2,4278,0.116718,0.174435,weekend,intraday,0,1
2020-11-09 09:42,24.2700,2020-11-09 10:25,25.5000,2020-11-09 10:31,25.6000,2020-11-09 10:39,25.0800,6,8,14,6,8,14,0.003922,0.054800,intraday,intraday,0,0
2020-11-10 10:44,20.5200,2020-11-10 11:42,21.6700,2020-11-10 12:12,21.7700,2020-11-10 12:35,21.3100,30,23,53,30,23,53,0.004615,0.060916,intraday,intraday,0,0
2020-11-10 15:56,20.4100,2020-11-11 09:30,21.7900,2020-11-11 09:53,22.5500,2020-11-11 10:21,22.0900,23,28,51,23,28,51,0.034878,0.104851,intraday,intraday,0,0
2020-11-11 10:50,21.9800,2020-11-12 10:41,23.0900,2020-11-12 10:41,23.0900,2020-11-12 11:14,22.6200,0,33,33,0,33,33,0.000000,0.050500,intraday,intraday,0,0
2020-11-12 15:05,21.5800,2020-11-13 09:30,22.8700,2020-11-13 09:56,23.3100,2020-11-13 10:35,22.7800,26,39,65,26,39,65,0.019239,0.080167,intraday,intraday,0,0
2020-11-13 13:55,22.2800,2020-11-16 09:35,23.6600,2020-11-16 11:11,24.4500,2020-11-16 12:20,23.9200,96,69,165,96,69,165,0.033390,0.097397,intraday,intraday,0,0
2020-11-17 09:52,23.2800,2020-11-18 12:37,24.4500,2020-11-18 12:37,24.4500,2020-11-18 13:42,23.9600,0,65,65,0,65,65,0.000000,0.050258,intraday,intraday,0,0
2020-11-19 09:33,22.6800,2020-11-19 12:01,23.8200,2020-11-20 10:27,24.9800,2020-11-20 15:13,24.4100,296,286,582,1346,286,1632,0.048699,0.101411,overnight,intraday,0,1
2020-11-20 15:59,23.9100,2020-11-23 09:48,25.1200,2020-11-23 09:54,25.2900,2020-11-23 10:10,24.7600,6,16,22,6,16,22,0.006768,0.057716,intraday,intraday,0,0
2020-11-23 11:14,24.0800,2020-11-24 09:30,25.6000,2020-11-24 09:30,25.6000,2020-11-24 09:32,25.0500,0,2,2,0,2,2,0.000000,0.063123,intraday,intraday,0,0
2020-11-24 09:45,24.3100,2020-11-24 13:41,25.5400,2020-11-25 09:33,25.8600,2020-11-25 10:00,25.3100,142,27,169,1192,27,1219,0.012529,0.063760,overnight,intraday,0,1
2020-11-25 10:42,24.9100,2020-11-27 09:33,26.2300,2020-11-27 10:41,26.6100,2020-11-27 11:52,26.0700,68,71,139,68,71,139,0.014487,0.068246,intraday,intraday,0,0
2020-11-30 10:45,25.2700,2020-11-30 13:02,26.5400,2020-12-01 10:17,28.6500,2020-12-01 10:36,27.9800,225,19,244,1275,19,1294,0.079503,0.133755,overnight,intraday,0,1
2020-12-01 10:40,27.8300,2020-12-03 09:31,29.3400,2020-12-03 10:24,29.6900,2020-12-03 11:10,29.0400,53,46,99,53,46,99,0.011929,0.066834,intraday,intraday,0,0
2020-12-03 15:54,28.6300,2020-12-04 10:38,30.0800,2020-12-07 09:46,31.9300,2020-12-07 09:46,30.6900,338,0,338,4268,0,4268,0.061503,0.115264,weekend,intraday,0,1
2020-12-07 09:46,30.6900,2020-12-08 14:20,32.2300,2020-12-08 14:24,32.2700,2020-12-09 09:30,31.2100,4,96,100,4,1146,1150,0.001241,0.051483,overnight,overnight,1,1
2020-12-10 09:34,28.1300,2020-12-10 10:11,29.5600,2020-12-10 11:24,29.8200,2020-12-10 12:49,29.1400,73,85,158,73,85,158,0.008796,0.060078,intraday,intraday,0,0
2020-12-11 12:47,27.2700,2020-12-14 09:30,28.9900,2020-12-14 10:01,29.6700,2020-12-14 10:58,29.0700,31,57,88,31,57,88,0.023456,0.088009,intraday,intraday,0,0
2020-12-14 13:11,28.8600,2020-12-15 09:30,30.5200,2020-12-15 09:35,30.6900,2020-12-15 11:05,29.9700,5,90,95,5,90,95,0.005570,0.063410,intraday,intraday,0,0
2020-12-21 10:20,28.1700,2020-12-21 13:34,29.5900,2020-12-22 09:30,29.8200,2020-12-22 10:49,29.2000,146,79,225,1196,79,1275,0.007773,0.058573,overnight,intraday,0,1
2020-12-22 11:44,28.7500,2020-12-28 09:30,30.6900,2020-12-28 09:31,30.7300,2020-12-28 10:05,30.1100,1,34,35,1,34,35,0.001303,0.068870,intraday,intraday,0,0
2020-12-29 12:22,28.2800,2020-12-30 09:30,29.9200,2020-12-30 13:00,30.8900,2020-12-31 09:36,30.2600,210,186,396,210,1236,1446,0.032420,0.092291,overnight,overnight,0,1
2020-12-31 09:38,30.1800,2021-01-04 09:30,31.9100,2021-01-04 10:26,33.6500,2021-01-04 10:45,32.9200,56,19,75,56,19,75,0.054528,0.114977,intraday,intraday,0,0
2021-01-04 12:15,29.9300,2021-01-05 09:36,31.5600,2021-01-05 10:16,32.3100,2021-01-05 11:17,31.6400,40,61,101,40,61,101,0.023764,0.079519,intraday,intraday,0,0
2021-01-06 09:35,31.2800,2021-01-06 10:37,32.8500,2021-01-06 13:48,34.1600,2021-01-06 14:17,33.3500,191,29,220,191,29,220,0.039878,0.092072,intraday,intraday,0,0
2021-01-06 15:53,32.0600,2021-01-07 09:30,33.8900,2021-01-08 09:31,37.9400,2021-01-08 09:33,36.9500,391,2,393,1441,2,1443,0.119504,0.183406,overnight,intraday,0,1
2021-01-08 13:44,34.6300,2021-01-11 09:47,36.4900,2021-01-11 10:43,37.4900,2021-01-11 11:12,36.6500,56,29,85,56,29,85,0.027405,0.082587,intraday,intraday,0,0
2021-01-11 11:12,36.6500,2021-01-12 11:15,38.5600,2021-01-12 11:23,38.7600,2021-01-12 11:51,37.8800,8,28,36,8,28,36,0.005187,0.057572,intraday,intraday,0,0
2021-01-12 12:16,37.2500,2021-01-14 09:30,39.5300,2021-01-14 11:33,41.6100,2021-01-14 15:12,40.7100,123,219,342,123,219,342,0.052618,0.117047,intraday,intraday,0,0
2021-01-15 10:25,37.1100,2021-01-19 09:30,39.5900,2021-01-20 09:37,43.5200,2021-01-20 09:45,42.5900,397,8,405,1447,8,1455,0.099267,0.172730,overnight,intraday,0,1
2021-01-20 14:14,40.9500,2021-01-21 15:47,43.1600,2021-01-21 15:48,43.5200,2021-01-22 09:30,41.6000,1,12,13,1,1062,1063,0.008341,0.062759,overnight,overnight,1,1
2021-01-25 11:09,38.6300,2021-01-25 12:00,40.6400,2021-01-25 12:01,40.7000,2021-01-25 12:17,39.5400,1,16,17,1,16,17,0.001476,0.053585,intraday,intraday,0,0
2021-01-27 09:30,35.0900,2021-01-27 09:30,37.0500,2021-01-27 09:30,37.0500,2021-01-27 09:31,35.0200,0,1,1,0,1,1,0.000000,0.055856,intraday,intraday,0,0
2021-01-27 09:50,34.1900,2021-01-27 10:09,35.9300,2021-01-27 10:31,36.4600,2021-01-27 10:32,35.7000,22,1,23,22,1,23,0.014751,0.066394,intraday,intraday,0,0
2021-01-27 15:38,32.5400,2021-01-28 09:30,35.2000,2021-01-28 09:31,35.2300,2021-01-28 09:40,34.1700,1,9,10,1,9,10,0.000852,0.082667,intraday,intraday,0,0
2021-01-28 09:40,34.1700,2021-01-28 12:40,35.8800,2021-01-28 13:38,36.5800,2021-01-28 15:17,35.7500,58,99,157,58,99,157,0.019509,0.070530,intraday,intraday,0,0
2021-01-29 09:44,34.1000,2021-01-29 10:27,35.8200,2021-01-29 10:27,35.8200,2021-01-29 10:38,35.1000,0,11,11,0,11,11,0.000000,0.050440,intraday,intraday,0,0
2021-01-29 12:49,32.9000,2021-02-01 09:30,35.5600,2021-02-01 09:37,35.5900,2021-02-01 09:54,34.8200,7,17,24,7,17,24,0.000844,0.081763,intraday,intraday,0,0
2021-02-01 10:09,34.6400,2021-02-01 12:50,36.4200,2021-02-02 09:30,39.1600,2021-02-02 09:36,38.2400,190,6,196,1240,6,1246,0.075233,0.130485,overnight,intraday,0,1
2021-02-02 10:46,37.4700,2021-02-03 09:30,39.5200,2021-02-03 09:35,39.8000,2021-02-03 09:45,38.9400,5,10,15,5,10,15,0.007085,0.062183,intraday,intraday,0,0
2021-02-04 09:42,35.5300,2021-02-04 12:48,37.3300,2021-02-05 09:30,38.3300,2021-02-05 09:35,37.4600,192,5,197,1242,5,1247,0.026788,0.078807,overnight,intraday,0,1
2021-02-05 11:58,36.5900,2021-02-08 09:48,38.5000,2021-02-09 09:32,40.1300,2021-02-09 09:40,39.2000,374,8,382,1424,8,1432,0.042338,0.096748,overnight,intraday,0,1
2021-02-09 09:41,39.0400,2021-02-10 09:49,41.1200,2021-02-10 10:02,41.3100,2021-02-10 10:15,40.4700,13,13,26,13,13,26,0.004621,0.058145,intraday,intraday,0,0
2021-02-10 10:44,38.3800,2021-02-10 14:32,40.3300,2021-02-10 15:13,40.5900,2021-02-10 15:37,39.6900,41,24,65,41,24,65,0.006447,0.057582,intraday,intraday,0,0
2021-02-10 15:45,39.5600,2021-02-11 09:31,41.5500,2021-02-11 12:05,43.3900,2021-02-11 12:22,42.5200,154,17,171,154,17,171,0.044284,0.096815,intraday,intraday,0,0
2021-02-11 12:30,41.8700,2021-02-11 15:27,43.9700,2021-02-11 15:59,44.1200,2021-02-12 09:32,43.1400,32,3,35,32,1053,1085,0.003411,0.053738,overnight,overnight,0,1
2021-02-12 09:33,43.0000,2021-02-12 10:14,45.1600,2021-02-12 11:00,46.0100,2021-02-12 13:20,45.0200,46,140,186,46,140,186,0.018822,0.070000,intraday,intraday,0,0
2021-02-12 14:38,44.6300,2021-02-16 09:30,47.3400,2021-02-16 09:30,47.3400,2021-02-16 09:37,46.3500,0,7,7,0,7,7,0.000000,0.060721,intraday,intraday,0,0
2021-02-17 11:46,42.1400,2021-02-17 14:09,44.2700,2021-02-17 15:37,44.5100,2021-02-18 09:30,42.2000,88,23,111,88,1073,1161,0.005421,0.056241,overnight,overnight,1,1
2021-02-18 10:32,41.0200,2021-02-18 14:02,43.1300,2021-02-19 11:31,46.5200,2021-02-19 12:18,45.5600,239,47,286,1289,47,1336,0.078600,0.134081,overnight,intraday,0,1
2021-02-23 09:50,35.0700,2021-02-23 09:55,36.8500,2021-02-23 10:04,37.3300,2021-02-23 10:06,36.5300,9,2,11,9,2,11,0.013026,0.064443,intraday,intraday,0,0
2021-02-23 10:06,36.5300,2021-02-23 10:42,38.5000,2021-02-23 11:04,39.7100,2021-02-23 11:19,38.8000,22,15,37,22,15,37,0.031429,0.087052,intraday,intraday,0,0
2021-02-23 13:00,36.6700,2021-02-23 14:07,38.5400,2021-02-23 15:27,40.7400,2021-02-23 15:53,39.7600,80,26,106,80,26,106,0.057084,0.110990,intraday,intraday,0,0
2021-02-24 10:14,38.0700,2021-02-24 11:23,40.0000,2021-02-24 15:59,43.8300,2021-02-25 09:30,41.9000,276,1,277,276,1051,1327,0.095750,0.151300,overnight,overnight,1,1
2021-02-25 13:02,36.6700,2021-02-25 14:07,38.5800,2021-02-25 14:24,38.9600,2021-02-25 14:36,38.1700,17,12,29,17,12,29,0.009850,0.062449,intraday,intraday,0,0
2021-02-25 15:38,35.7000,2021-02-26 09:30,37.9900,2021-02-26 09:42,38.4700,2021-02-26 09:50,37.5000,12,8,20,12,8,20,0.012635,0.077591,intraday,intraday,0,0
2021-02-26 10:29,35.8000,2021-02-26 10:46,37.7700,2021-02-26 11:06,38.3700,2021-02-26 11:23,37.5000,20,17,37,20,17,37,0.015886,0.071788,intraday,intraday,0,0
2021-02-26 11:24,37.4700,2021-02-26 12:11,39.4200,2021-02-26 12:17,39.5200,2021-02-26 12:59,38.7000,6,42,48,6,42,48,0.002537,0.054710,intraday,intraday,0,0
2021-02-26 14:20,38.1900,2021-03-01 09:30,41.0000,2021-03-01 09:30,41.0000,2021-03-01 09:36,39.9400,0,6,6,0,6,6,0.000000,0.073579,intraday,intraday,0,0
2021-03-01 09:41,39.5500,2021-03-01 11:37,41.5400,2021-03-02 09:30,42.9900,2021-03-02 09:30,42.0800,263,0,263,1313,0,1313,0.034906,0.086979,overnight,intraday,1,1
2021-03-03 10:30,36.7000,2021-03-03 11:30,38.6000,2021-03-03 11:30,38.6000,2021-03-03 11:48,37.7300,0,18,18,0,18,18,0.000000,0.051771,intraday,intraday,0,0
2021-03-04 10:20,31.3600,2021-03-04 10:39,32.9300,2021-03-04 10:47,33.7100,2021-03-04 10:53,32.7300,8,6,14,8,6,14,0.023687,0.074936,intraday,intraday,0,0
2021-03-04 13:53,28.4400,2021-03-04 14:25,30.1000,2021-03-04 14:27,30.3400,2021-03-04 14:35,29.7300,2,8,10,2,8,10,0.007973,0.066807,intraday,intraday,0,0
2021-03-04 15:24,29.5300,2021-03-05 09:30,32.3100,2021-03-05 09:30,32.3100,2021-03-05 09:31,31.6000,0,1,1,0,1,1,0.000000,0.094142,intraday,intraday,0,0
2021-03-05 11:28,27.7300,2021-03-05 11:44,29.1600,2021-03-05 13:00,31.3800,2021-03-05 13:02,30.6600,76,2,78,76,2,78,0.076132,0.131626,intraday,intraday,0,0
2021-03-05 13:03,30.5300,2021-03-05 13:19,32.1200,2021-03-05 13:40,32.5900,2021-03-05 13:53,31.8400,21,13,34,21,13,34,0.014633,0.067475,intraday,intraday,0,0
2021-03-08 09:36,31.0000,2021-03-08 09:42,32.7000,2021-03-08 09:44,32.9300,2021-03-08 09:47,32.2100,2,3,5,2,3,5,0.007034,0.062258,intraday,intraday,0,0
2021-03-08 15:59,27.5000,2021-03-09 09:30,30.4600,2021-03-09 09:32,30.6600,2021-03-09 09:33,30.0000,2,1,3,2,1,3,0.006566,0.114909,intraday,intraday,0,0
2021-03-09 09:33,30.0000,2021-03-09 10:01,31.5500,2021-03-09 10:06,31.8000,2021-03-09 10:32,31.0700,5,26,31,5,26,31,0.007924,0.060000,intraday,intraday,0,0
2021-03-09 10:34,31.0100,2021-03-09 13:40,32.5900,2021-03-09 15:35,33.0300,2021-03-09 15:50,32.1700,115,15,130,115,15,130,0.013501,0.065140,intraday,intraday,0,0
2021-03-09 15:52,32.1500,2021-03-10 09:30,34.1900,2021-03-10 09:30,34.1900,2021-03-10 09:31,33.3200,0,1,1,0,1,1,0.000000,0.063453,intraday,intraday,0,0
2021-03-10 15:59,30.6200,2021-03-11 09:30,33.6900,2021-03-11 09:40,33.8600,2021-03-11 09:42,33.1400,10,2,12,10,2,12,0.005046,0.105813,intraday,intraday,0,0
2021-03-11 09:47,32.8500,2021-03-11 11:35,34.5200,2021-03-11 13:07,35.0400,2021-03-11 13:57,34.3200,92,50,142,92,50,142,0.015064,0.066667,intraday,intraday,0,0
2021-03-12 09:37,31.8500,2021-03-12 10:00,33.4500,2021-03-12 10:05,33.5900,2021-03-12 10:17,32.8200,5,12,17,5,12,17,0.004185,0.054631,intraday,intraday,0,0
2021-03-12 11:01,31.8900,2021-03-12 15:38,33.5000,2021-03-15 09:30,33.9900,2021-03-15 09:41,33.2800,22,11,33,3952,11,3963,0.014627,0.065851,weekend,intraday,0,1
2021-03-15 09:43,33.1800,2021-03-15 14:20,34.8800,2021-03-16 11:23,38.5900,2021-03-16 12:18,37.7700,213,55,268,1263,55,1318,0.106365,0.163050,overnight,intraday,0,1
2021-03-17 09:39,34.5100,2021-03-17 09:51,36.2400,2021-03-17 10:25,36.9500,2021-03-17 10:41,36.0700,34,16,50,34,16,50,0.019592,0.070704,intraday,intraday,0,0
2021-03-17 11:42,35.3200,2021-03-17 14:07,37.0900,2021-03-17 14:12,37.9700,2021-03-17 14:25,37.1500,5,13,18,5,13,18,0.023726,0.075028,intraday,intraday,0,0
2021-03-17 14:31,36.8300,2021-03-17 15:00,38.7300,2021-03-17 15:08,39.1500,2021-03-17 15:21,38.3600,8,13,21,8,13,21,0.010844,0.062992,intraday,intraday,0,0
2021-03-19 09:42,32.5100,2021-03-19 09:53,34.1700,2021-03-19 09:53,34.1700,2021-03-19 09:58,33.3700,0,5,5,0,5,5,0.000000,0.051061,intraday,intraday,0,0
2021-03-19 10:08,32.3800,2021-03-19 10:41,34.0400,2021-03-19 11:06,34.5500,2021-03-19 11:24,33.8500,25,18,43,25,18,43,0.014982,0.067017,intraday,intraday,0,0
2021-03-19 11:25,33.5400,2021-03-19 12:47,35.3000,2021-03-19 13:50,35.6600,2021-03-19 14:21,34.8000,63,31,94,63,31,94,0.010198,0.063208,intraday,intraday,0,0
2021-03-19 15:28,33.9800,2021-03-22 09:30,36.3800,2021-03-22 09:32,36.7500,2021-03-22 09:45,35.9200,2,13,15,2,13,15,0.010170,0.081519,intraday,intraday,0,0
2021-03-22 10:13,35.6200,2021-03-22 12:25,37.4200,2021-03-22 13:53,38.2000,2021-03-22 15:17,37.4200,88,84,172,88,84,172,0.020844,0.072431,intraday,intraday,0,0
2021-03-23 15:40,33.5100,2021-03-24 09:30,36.1300,2021-03-24 09:30,36.1300,2021-03-24 09:40,35.2900,0,10,10,0,10,10,0.000000,0.078186,intraday,intraday,0,0
2021-03-25 09:30,30.4800,2021-03-25 09:39,32.0100,2021-03-25 09:47,32.2400,2021-03-25 09:50,31.3000,8,3,11,8,3,11,0.007185,0.057743,intraday,intraday,0,0
2021-03-25 11:10,30.1000,2021-03-25 11:59,31.6300,2021-03-25 12:49,32.7200,2021-03-25 13:01,32.0400,50,12,62,50,12,62,0.034461,0.087043,intraday,intraday,0,0
2021-03-25 14:29,31.1900,2021-03-25 15:04,32.7600,2021-03-26 10:45,35.4300,2021-03-26 10:55,34.7200,131,10,141,1181,10,1191,0.081502,0.135941,overnight,intraday,0,1
2021-03-26 11:12,34.2600,2021-03-26 12:44,36.0100,2021-03-26 13:22,36.3000,2021-03-26 13:45,35.5600,38,23,61,38,23,61,0.008053,0.059545,intraday,intraday,0,0
2021-03-26 14:19,34.3600,2021-03-26 15:15,36.0800,2021-03-26 15:59,37.7400,2021-03-29 09:30,36.2900,44,1,45,44,3931,3975,0.046009,0.098370,weekend,weekend,1,1
2021-03-29 11:19,34.7100,2021-03-29 12:54,36.4500,2021-03-29 13:13,36.8000,2021-03-29 13:30,36.0500,19,17,36,19,17,36,0.009602,0.060213,intraday,intraday,0,0
2021-03-30 10:23,34.2800,2021-03-31 09:30,36.5900,2021-03-31 10:04,38.1100,2021-03-31 10:28,37.3100,34,24,58,34,24,58,0.041541,0.111727,intraday,intraday,0,0
2021-03-31 11:44,37.2500,2021-04-01 09:30,40.5500,2021-04-01 11:04,41.7500,2021-04-01 11:39,40.8900,94,35,129,94,35,129,0.029593,0.120805,intraday,intraday,0,0
2021-04-01 11:46,40.6800,2021-04-05 09:30,44.6700,2021-04-05 09:30,44.6700,2021-04-05 09:31,43.6800,0,1,1,0,1,1,0.000000,0.098083,intraday,intraday,0,0
2021-04-05 09:44,42.9000,2021-04-05 13:17,45.1600,2021-04-05 14:58,45.3000,2021-04-06 09:30,43.8000,101,62,163,101,1112,1213,0.003100,0.055944,overnight,overnight,1,1
2021-04-06 13:30,42.0700,2021-04-08 09:30,44.8900,2021-04-08 09:32,45.0000,2021-04-08 09:47,43.9100,2,15,17,2,15,17,0.002450,0.069646,intraday,intraday,0,0
2021-04-12 10:43,41.8000,2021-04-13 09:30,44.0000,2021-04-13 09:30,44.0000,2021-04-13 09:33,43.1000,0,3,3,0,3,3,0.000000,0.052632,intraday,intraday,0,0
2021-04-14 14:09,40.6300,2021-04-15 09:30,42.8100,2021-04-15 09:35,43.0000,2021-04-15 09:42,42.1300,5,7,12,5,7,12,0.004438,0.058331,intraday,intraday,0,0
2021-04-20 14:39,37.0300,2021-04-21 09:48,38.9500,2021-04-21 15:59,40.7700,2021-04-22 09:32,39.8700,371,3,374,371,1053,1424,0.046727,0.100999,overnight,overnight,0,1
2021-04-22 14:02,37.2700,2021-04-23 09:36,39.1700,2021-04-27 09:39,42.9100,2021-04-27 09:45,41.9700,783,6,789,5763,6,5769,0.095481,0.151328,weekend,intraday,0,2
2021-05-04 11:17,32.0000,2021-05-04 14:14,33.6000,2021-05-05 09:31,35.4300,2021-05-05 09:35,34.5900,107,4,111,1157,4,1161,0.054464,0.107187,overnight,intraday,0,1
2021-05-05 10:04,33.7400,2021-05-05 10:55,35.4300,2021-05-05 12:01,35.7900,2021-05-05 13:04,35.0600,66,63,129,66,63,129,0.010161,0.060759,intraday,intraday,0,0
2021-05-06 10:21,33.1600,2021-05-06 11:35,34.8200,2021-05-06 12:26,35.3700,2021-05-06 13:19,34.6600,51,53,104,51,53,104,0.015796,0.066647,intraday,intraday,0,0
2021-05-06 14:34,33.7200,2021-05-07 09:30,36.6400,2021-05-07 09:49,37.1400,2021-05-07 10:01,36.2900,19,12,31,19,12,31,0.013646,0.101423,intraday,intraday,0,0
2021-05-11 09:30,28.6900,2021-05-11 09:39,30.1600,2021-05-11 09:59,31.2900,2021-05-11 10:06,30.6000,20,7,27,20,7,27,0.037467,0.090624,intraday,intraday,0,0
2021-05-11 10:38,29.3000,2021-05-11 11:18,30.9600,2021-05-11 12:15,31.6400,2021-05-11 12:52,31.0000,57,37,94,57,37,94,0.021964,0.079863,intraday,intraday,0,0
2021-05-12 15:55,27.8100,2021-05-13 09:30,29.9200,2021-05-13 10:01,30.5000,2021-05-13 10:28,29.7900,31,27,58,31,27,58,0.019385,0.096728,intraday,intraday,0,0
2021-05-13 13:38,28.3000,2021-05-13 14:36,29.7300,2021-05-13 14:44,29.8500,2021-05-13 15:55,29.2500,8,71,79,8,71,79,0.004036,0.054770,intraday,intraday,0,0
2021-05-13 15:58,29.1100,2021-05-14 10:11,30.7300,2021-05-14 14:55,32.6800,2021-05-14 15:33,32.0200,284,38,322,284,38,322,0.063456,0.122638,intraday,intraday,0,0
2021-05-17 10:02,29.4300,2021-05-17 10:41,30.9500,2021-05-17 10:41,30.9500,2021-05-17 11:02,30.3100,0,21,21,0,21,21,0.000000,0.051648,intraday,intraday,0,0
2021-05-17 13:41,29.6300,2021-05-18 09:30,31.9700,2021-05-18 09:30,31.9700,2021-05-18 09:45,31.2800,0,15,15,0,15,15,0.000000,0.078974,intraday,intraday,0,0
2021-05-19 09:30,28.2200,2021-05-19 10:25,29.7200,2021-05-19 13:16,31.9000,2021-05-19 13:36,31.2300,171,20,191,171,20,191,0.073351,0.130404,intraday,intraday,0,0
2021-05-19 14:05,30.9300,2021-05-20 09:30,33.0900,2021-05-21 09:30,35.3400,2021-05-21 09:32,34.6000,390,2,392,1440,2,1442,0.067996,0.142580,overnight,intraday,0,1
2021-05-21 11:55,33.8100,2021-05-24 09:34,35.5700,2021-05-25 09:42,37.7500,2021-05-25 09:52,36.8800,398,10,408,1448,10,1458,0.061288,0.116534,overnight,intraday,0,1
2021-05-26 11:33,36.1800,2021-05-27 10:33,37.9900,2021-05-27 10:38,38.2600,2021-05-27 14:25,37.4900,5,227,232,5,227,232,0.007107,0.057490,intraday,intraday,0,0
2021-05-27 15:50,37.4100,2021-06-01 09:30,39.7400,2021-06-01 09:42,40.5400,2021-06-01 09:52,39.6300,12,10,22,12,10,22,0.020131,0.083667,intraday,intraday,0,0
2021-06-03 09:54,36.5100,2021-06-04 09:30,38.3900,2021-06-04 14:11,39.9900,2021-06-07 09:30,39.0400,281,109,390,281,4039,4320,0.041678,0.095316,weekend,weekend,1,1
2021-06-08 11:21,37.3000,2021-06-10 09:46,39.2100,2021-06-10 10:02,39.3700,2021-06-10 10:36,38.4700,16,34,50,16,34,50,0.004081,0.055496,intraday,intraday,0,0
2021-06-10 10:55,37.5200,2021-06-11 14:20,39.4000,2021-06-14 09:48,39.9600,2021-06-14 10:30,39.1600,118,42,160,4048,42,4090,0.014213,0.065032,weekend,intraday,0,1
2021-06-14 10:30,39.1600,2021-06-14 12:12,41.1300,2021-06-14 12:15,41.1700,2021-06-14 14:28,40.3300,3,133,136,3,133,136,0.000973,0.051328,intraday,intraday,0,0
2021-06-16 14:45,38.0700,2021-06-17 09:52,40.0200,2021-06-17 10:39,41.1500,2021-06-17 10:56,40.2600,47,17,64,47,17,64,0.028236,0.080904,intraday,intraday,0,0
2021-06-21 09:38,36.5900,2021-06-22 10:32,38.4300,2021-06-22 11:29,38.8300,2021-06-22 13:18,38.0400,57,109,166,57,109,166,0.010409,0.061219,intraday,intraday,0,0
2021-06-22 14:37,37.7600,2021-06-24 09:30,40.1500,2021-06-25 09:39,41.6900,2021-06-25 13:29,40.8500,399,230,629,1449,230,1679,0.038356,0.104078,overnight,intraday,0,1
2021-06-25 15:54,40.2900,2021-06-28 09:32,42.3500,2021-06-28 12:26,44.0800,2021-06-29 09:32,43.0300,174,216,390,174,1266,1440,0.040850,0.094068,overnight,overnight,0,1
2021-07-06 12:20,41.3600,2021-07-07 09:30,43.9100,2021-07-07 09:30,43.9100,2021-07-07 09:49,42.9800,0,19,19,0,19,19,0.000000,0.061654,intraday,intraday,0,0
2021-07-08 09:49,37.7600,2021-07-08 10:30,39.6900,2021-07-08 12:32,40.3800,2021-07-08 14:08,39.5100,122,96,218,122,96,218,0.017385,0.069386,intraday,intraday,0,0
2021-07-08 15:50,39.0700,2021-07-09 11:03,41.0400,2021-07-12 09:37,42.6900,2021-07-12 10:22,41.8100,304,45,349,4234,45,4279,0.040205,0.092654,weekend,intraday,0,1
2021-07-12 10:22,41.8100,2021-07-14 09:30,43.9400,2021-07-14 09:35,44.7900,2021-07-14 10:25,43.8300,5,50,55,5,50,55,0.019345,0.071275,intraday,intraday,0,0
2021-07-19 10:02,34.7100,2021-07-19 10:42,36.4500,2021-07-19 11:12,36.9300,2021-07-19 12:05,36.1600,30,53,83,30,53,83,0.013169,0.063959,intraday,intraday,0,0
2021-07-19 12:43,35.7600,2021-07-20 10:50,37.5900,2021-07-21 10:03,40.9400,2021-07-21 10:35,40.1000,343,32,375,1393,32,1425,0.089119,0.144855,overnight,intraday,0,1
2021-07-21 10:53,39.8400,2021-07-21 15:59,41.8400,2021-07-21 15:59,41.8400,2021-07-22 09:30,40.7200,0,1,1,0,1051,1051,0.000000,0.050201,overnight,overnight,1,1
2021-07-27 13:22,36.7100,2021-07-27 14:55,38.5600,2021-07-28 09:36,40.1400,2021-07-28 09:41,39.2000,71,5,76,1121,5,1126,0.040975,0.093435,overnight,intraday,0,1
2021-07-28 09:45,39.0200,2021-07-28 11:57,41.0200,2021-07-28 12:33,41.2900,2021-07-28 14:00,40.2800,36,87,123,36,87,123,0.006582,0.058175,intraday,intraday,0,0
2021-07-28 14:00,40.2800,2021-07-29 09:35,42.4900,2021-07-29 14:15,43.6900,2021-07-30 09:30,42.0200,280,105,385,280,1155,1435,0.028242,0.084657,overnight,overnight,1,1
2021-07-30 09:30,42.0200,2021-07-30 10:01,44.2400,2021-07-30 10:04,44.5000,2021-07-30 10:20,43.6000,3,16,19,3,16,19,0.005877,0.059020,intraday,intraday,0,0
2021-07-30 11:38,42.6900,2021-08-02 09:30,46.0000,2021-08-02 09:32,46.5000,2021-08-02 09:51,45.4500,2,19,21,2,19,21,0.010870,0.089248,intraday,intraday,0,0
2021-08-03 10:10,43.6100,2021-08-03 13:01,45.8300,2021-08-04 09:45,47.2000,2021-08-04 09:52,46.2200,194,7,201,1244,7,1251,0.029893,0.082321,overnight,intraday,0,1
2021-08-19 09:45,37.1400,2021-08-19 11:00,39.0700,2021-08-19 12:04,40.2600,2021-08-19 14:10,39.4000,64,126,190,64,126,190,0.030458,0.084006,intraday,intraday,0,0
2021-08-19 14:32,38.8700,2021-08-23 09:30,42.1600,2021-08-23 09:37,42.8900,2021-08-23 10:04,42.0200,7,27,34,7,27,34,0.017315,0.103422,intraday,intraday,0,0
2021-08-23 10:29,41.8000,2021-08-24 09:30,44.0000,2021-08-24 09:46,44.4400,2021-08-24 10:05,43.4700,16,19,35,16,19,35,0.010000,0.063158,intraday,intraday,0,0
2021-08-24 10:07,43.3800,2021-08-25 14:09,45.6500,2021-08-25 14:09,45.6500,2021-08-25 15:38,44.7200,0,89,89,0,89,89,0.000000,0.052328,intraday,intraday,0,0
2021-08-26 11:06,43.7000,2021-08-27 10:02,46.0000,2021-08-30 09:35,49.0000,2021-08-30 09:45,47.9700,363,10,373,4293,10,4303,0.065217,0.121281,weekend,intraday,0,1
2021-08-31 10:16,45.3700,2021-09-03 09:59,47.7400,2021-09-03 10:00,47.8500,2021-09-03 10:42,46.8200,1,42,43,1,42,43,0.002304,0.054662,intraday,intraday,0,0
2021-09-08 11:51,43.7600,2021-09-09 11:06,45.9600,2021-09-09 12:35,46.2600,2021-09-09 13:26,45.3200,89,51,140,89,51,140,0.006527,0.057130,intraday,intraday,0,0
2021-09-09 13:40,45.2000,2021-09-10 09:31,47.6800,2021-09-10 09:49,48.6300,2021-09-10 10:23,47.5900,18,34,52,18,34,52,0.019924,0.075885,intraday,intraday,0,0
2021-09-13 11:15,45.9200,2021-09-14 09:30,48.6900,2021-09-14 09:31,48.8000,2021-09-14 09:42,47.7000,1,11,12,1,11,12,0.002259,0.062718,intraday,intraday,0,0
2021-09-15 09:43,46.7600,2021-09-16 14:11,49.1300,2021-09-16 15:15,49.5300,2021-09-17 09:30,47.9000,64,45,109,64,1095,1159,0.008142,0.059239,overnight,overnight,1,1
2021-09-20 14:38,41.1600,2021-09-20 15:59,43.2900,2021-09-21 09:30,44.3800,2021-09-21 09:34,43.4500,1,4,5,1051,4,1055,0.025179,0.078231,overnight,intraday,0,1
2021-09-21 10:54,42.3500,2021-09-21 15:15,44.5200,2021-09-21 15:15,44.5200,2021-09-21 15:59,43.5800,0,44,44,0,44,44,0.000000,0.051240,intraday,intraday,0,0
2021-09-21 15:59,43.5800,2021-09-22 11:32,45.7800,2021-09-22 12:36,46.1300,2021-09-22 14:00,45.1500,64,84,148,64,84,148,0.007645,0.058513,intraday,intraday,0,0
2021-09-22 14:00,45.1500,2021-09-23 09:39,47.4300,2021-09-23 13:57,48.5500,2021-09-24 09:30,46.8000,258,123,381,258,1173,1431,0.023614,0.075305,overnight,overnight,1,1
2021-09-27 09:42,45.5600,2021-09-27 10:45,47.9200,2021-09-27 11:04,48.1900,2021-09-27 11:42,47.1100,19,38,57,19,38,57,0.005634,0.057726,intraday,intraday,0,0
2021-09-29 12:27,39.7800,2021-09-30 09:48,41.8200,2021-09-30 09:50,41.9500,2021-09-30 10:07,41.1000,2,17,19,2,17,19,0.003109,0.054550,intraday,intraday,0,0
2021-10-01 10:30,38.0600,2021-10-01 14:25,39.9700,2021-10-01 15:15,40.4300,2021-10-04 09:30,39.1800,50,45,95,50,3975,4025,0.011509,0.062270,weekend,weekend,1,1
2021-10-04 15:51,36.5700,2021-10-05 10:33,38.4300,2021-10-05 13:20,39.3900,2021-10-05 15:56,38.6000,167,156,323,167,156,323,0.024980,0.077112,intraday,intraday,0,0
2021-10-06 10:03,36.9200,2021-10-06 14:00,38.7900,2021-10-06 14:46,39.0600,2021-10-06 15:38,38.2700,46,52,98,46,52,98,0.006961,0.057963,intraday,intraday,0,0
2021-10-06 15:38,38.2700,2021-10-07 09:30,40.6900,2021-10-07 12:01,42.0300,2021-10-07 14:04,41.0600,151,123,274,151,123,274,0.032932,0.098249,intraday,intraday,0,0
2021-10-12 13:25,36.5000,2021-10-14 09:30,39.7700,2021-10-15 11:00,42.2900,2021-10-15 11:52,41.4100,480,52,532,1530,52,1582,0.063364,0.158630,overnight,intraday,0,1
2021-10-18 09:35,40.4400,2021-10-18 11:35,42.4700,2021-10-20 10:34,44.7300,2021-10-20 13:16,43.8300,719,162,881,2819,162,2981,0.053214,0.106083,overnight,intraday,0,2
2021-10-21 09:30,43.3000,2021-10-21 15:54,45.5200,2021-10-21 15:59,45.7200,2021-10-22 09:30,44.7000,5,1,6,5,1051,1056,0.004394,0.055889,overnight,overnight,1,1
2021-10-22 11:49,43.7700,2021-10-26 09:30,46.0900,2021-10-26 10:38,46.4500,2021-10-26 11:35,45.5200,68,57,125,68,57,125,0.007811,0.061229,intraday,intraday,0,0
2021-10-27 09:30,43.5600,2021-10-28 09:30,46.5500,2021-10-28 09:32,46.9600,2021-10-28 09:35,46.0100,2,3,5,2,3,5,0.008808,0.078053,intraday,intraday,0,0
2021-10-28 09:38,45.5700,2021-11-01 09:30,47.9900,2021-11-01 09:49,48.7300,2021-11-01 10:01,47.7300,19,12,31,19,12,31,0.015420,0.069344,intraday,intraday,0,0
2021-11-01 10:01,47.7300,2021-11-02 09:30,50.4800,2021-11-02 09:55,51.7400,2021-11-02 10:12,50.6600,25,17,42,25,17,42,0.024960,0.084014,intraday,intraday,0,0
2021-11-02 10:14,50.3500,2021-11-03 14:01,53.0000,2021-11-04 11:12,57.2700,2021-11-04 11:27,56.0500,221,15,236,1271,15,1286,0.080566,0.137438,overnight,intraday,0,1
2021-11-04 11:28,55.9900,2021-11-04 14:12,58.8100,2021-11-04 14:51,59.8300,2021-11-04 15:00,58.4700,39,9,48,39,9,48,0.017344,0.068584,intraday,intraday,0,0
2021-11-04 15:42,58.0400,2021-11-05 09:31,60.9600,2021-11-05 09:39,62.2500,2021-11-05 09:44,61.0000,8,5,13,8,5,13,0.021161,0.072536,intraday,intraday,0,0
2021-11-05 13:29,59.2100,2021-11-08 09:30,62.5800,2021-11-08 09:38,63.3200,2021-11-08 09:51,62.0500,8,13,21,8,13,21,0.011825,0.069414,intraday,intraday,0,0
2021-11-08 10:01,61.4900,2021-11-08 13:31,64.5700,2021-11-08 14:17,64.7100,2021-11-08 15:45,63.2600,46,88,134,46,88,134,0.002168,0.052366,intraday,intraday,0,0
2021-11-10 09:30,59.3000,2021-11-10 10:00,62.3100,2021-11-10 10:17,62.5000,2021-11-10 10:50,61.2400,17,33,50,17,33,50,0.003049,0.053963,intraday,intraday,0,0
2021-11-10 14:43,57.0600,2021-11-11 09:30,60.8000,2021-11-11 09:31,60.8800,2021-11-11 09:34,59.6500,1,3,4,1,3,4,0.001316,0.066947,intraday,intraday,0,0
2021-11-11 09:39,59.3700,2021-11-12 09:30,62.5100,2021-11-12 09:30,62.5100,2021-11-12 09:37,61.2400,0,7,7,0,7,7,0.000000,0.052889,intraday,intraday,0,0
2021-11-12 10:12,61.1700,2021-11-12 11:54,64.2300,2021-11-15 09:30,64.7400,2021-11-15 10:37,63.4300,246,67,313,4176,67,4243,0.007940,0.058362,weekend,intraday,0,1
2021-11-15 12:22,61.2600,2021-11-16 11:14,64.4000,2021-11-16 15:36,66.4300,2021-11-17 09:31,64.6000,262,25,287,262,1075,1337,0.031522,0.084394,overnight,overnight,0,1
2021-11-17 12:57,63.6900,2021-11-18 09:30,68.3000,2021-11-18 09:44,68.9000,2021-11-18 10:09,67.3400,14,25,39,14,25,39,0.008785,0.081802,intraday,intraday,0,0
2021-11-18 10:44,66.0300,2021-11-19 09:57,69.4000,2021-11-19 09:57,69.4000,2021-11-19 10:29,67.9300,0,32,32,0,32,32,0.000000,0.051037,intraday,intraday,0,0
2021-11-19 10:29,67.9300,2021-11-22 09:49,71.5100,2021-11-22 10:48,72.4900,2021-11-22 11:08,71.0000,59,20,79,59,20,79,0.013704,0.067128,intraday,intraday,0,0
2021-11-23 11:02,61.3500,2021-11-23 15:52,64.4400,2021-11-23 15:59,64.7500,2021-11-24 09:30,62.5100,7,1,8,7,1051,1058,0.004811,0.055420,overnight,overnight,1,1
2021-11-24 09:46,61.2100,2021-11-24 10:35,64.3900,2021-11-24 11:52,65.7800,2021-11-24 14:12,64.4500,77,140,217,77,140,217,0.021587,0.074661,intraday,intraday,0,0
2021-11-26 11:23,59.8500,2021-11-29 09:30,64.6400,2021-11-29 09:42,65.2300,2021-11-29 09:46,63.7900,12,4,16,12,4,16,0.009127,0.089891,intraday,intraday,0,0
2021-11-29 10:38,63.2200,2021-11-29 11:55,66.4400,2021-11-29 15:54,68.6800,2021-11-30 09:30,67.0100,239,6,245,239,1056,1295,0.033715,0.086365,overnight,overnight,1,1
2021-11-30 12:11,62.8900,2021-12-01 09:30,68.0000,2021-12-01 09:30,68.0000,2021-12-01 09:31,66.4300,0,1,1,0,1,1,0.000000,0.081253,intraday,intraday,0,0
2021-12-01 09:32,66.2700,2021-12-01 10:00,69.8100,2021-12-01 10:12,70.6000,2021-12-01 10:21,69.1600,12,9,21,12,9,21,0.011316,0.065339,intraday,intraday,0,0
2021-12-02 09:30,60.5200,2021-12-02 09:48,63.5900,2021-12-02 10:03,64.7400,2021-12-02 10:08,63.1500,15,5,20,15,5,20,0.018085,0.069729,intraday,intraday,0,0
2021-12-02 10:45,59.6800,2021-12-02 11:16,62.8500,2021-12-02 11:20,62.8600,2021-12-02 11:31,61.4000,4,11,15,4,11,15,0.000159,0.053284,intraday,intraday,0,0
2021-12-02 11:47,61.2000,2021-12-02 15:37,64.3000,2021-12-02 15:42,64.5600,2021-12-02 15:51,63.1000,5,9,14,5,9,14,0.004044,0.054902,intraday,intraday,0,0
2021-12-02 15:55,62.5900,2021-12-03 09:30,66.5000,2021-12-03 09:32,67.9500,2021-12-03 09:35,66.5600,2,3,5,2,3,5,0.021805,0.085637,intraday,intraday,0,0
2021-12-06 10:07,56.7800,2021-12-06 10:16,59.6200,2021-12-06 10:41,60.7000,2021-12-06 10:44,59.4100,25,3,28,25,3,28,0.018115,0.069038,intraday,intraday,0,0
2021-12-06 10:52,58.4000,2021-12-06 13:04,61.3500,2021-12-07 12:58,72.5200,2021-12-07 15:13,71.0300,384,135,519,1434,135,1569,0.182070,0.241781,overnight,intraday,0,1
2021-12-09 15:59,65.6600,2021-12-10 09:30,69.6900,2021-12-10 09:34,70.4500,2021-12-10 09:35,68.6300,4,1,5,4,1,5,0.010905,0.072952,intraday,intraday,0,0
2021-12-10 11:36,65.1700,2021-12-13 09:30,68.6000,2021-12-13 09:30,68.6000,2021-12-13 09:34,67.1900,0,4,4,0,4,4,0.000000,0.052632,intraday,intraday,0,0
2021-12-14 09:35,59.2700,2021-12-14 10:26,62.3500,2021-12-14 10:28,62.3700,2021-12-14 10:39,61.1000,2,11,13,2,11,13,0.000321,0.052303,intraday,intraday,0,0
2021-12-14 12:48,58.9400,2021-12-14 15:35,61.9400,2021-12-14 15:37,62.0300,2021-12-14 15:54,60.7200,2,17,19,2,17,19,0.001453,0.052426,intraday,intraday,0,0
2021-12-15 12:23,59.2400,2021-12-15 14:06,62.2600,2021-12-15 14:18,63.1500,2021-12-15 14:25,61.8400,12,7,19,12,7,19,0.014295,0.066003,intraday,intraday,0,0
2021-12-15 14:28,61.1100,2021-12-15 15:10,64.2100,2021-12-16 09:30,69.5000,2021-12-16 09:33,67.4900,50,3,53,1100,3,1103,0.082386,0.137293,overnight,intraday,0,1
2021-12-17 09:38,56.8600,2021-12-17 09:50,59.9000,2021-12-17 09:50,59.9000,2021-12-17 09:55,58.7000,0,5,5,0,5,5,0.000000,0.053465,intraday,intraday,0,0
2021-12-17 10:24,57.8100,2021-12-17 10:49,60.7200,2021-12-17 11:13,61.5800,2021-12-17 11:33,60.3300,24,20,44,24,20,44,0.014163,0.065214,intraday,intraday,0,0
2021-12-20 13:02,55.4700,2021-12-21 09:30,61.6400,2021-12-21 09:31,61.7200,2021-12-21 09:35,60.3200,1,4,5,1,4,5,0.001298,0.112674,intraday,intraday,0,0
2021-12-21 10:34,58.7700,2021-12-21 13:09,61.7400,2021-12-21 15:59,63.6900,2021-12-22 09:30,62.1300,170,1,171,170,1051,1221,0.031584,0.083716,overnight,overnight,1,1
2021-12-22 10:06,61.6100,2021-12-22 11:44,64.7000,2021-12-22 12:05,65.1400,2021-12-22 13:39,63.7800,21,94,115,21,94,115,0.006801,0.057296,intraday,intraday,0,0
2021-12-22 14:28,63.3700,2021-12-23 09:31,66.6700,2021-12-23 11:38,68.7500,2021-12-23 15:59,67.3700,127,261,388,127,261,388,0.031198,0.084898,intraday,intraday,0,0
2021-12-23 15:59,67.3700,2021-12-27 10:09,70.8100,2021-12-28 09:30,74.0700,2021-12-28 09:31,72.3500,351,1,352,1401,1,1402,0.046039,0.099451,overnight,intraday,0,1
2021-12-31 15:59,67.8300,2022-01-03 09:33,71.5200,2022-01-03 09:38,71.9600,2022-01-03 09:44,70.5200,5,6,11,5,6,11,0.006152,0.060888,intraday,intraday,0,0
2022-01-03 09:52,68.3800,2022-01-03 10:45,71.8200,2022-01-04 09:49,74.2100,2022-01-04 10:01,72.2800,334,12,346,1384,12,1396,0.033278,0.085259,overnight,intraday,0,1
2022-01-04 11:03,66.0400,2022-01-04 14:25,69.3500,2022-01-04 15:54,71.4700,2022-01-05 09:30,69.5000,89,6,95,89,1056,1145,0.030570,0.082223,overnight,overnight,1,1
2022-01-06 10:12,61.8500,2022-01-06 10:49,64.9900,2022-01-06 11:16,65.9900,2022-01-06 11:25,64.6300,27,9,36,27,9,36,0.015387,0.066936,intraday,intraday,0,0
2022-01-10 12:40,53.8200,2022-01-10 13:50,56.6800,2022-01-10 14:36,58.3600,2022-01-10 15:05,57.1100,46,29,75,46,29,75,0.029640,0.084355,intraday,intraday,0,0
2022-01-10 15:08,56.8100,2022-01-10 15:58,59.7400,2022-01-10 15:59,60.1900,2022-01-11 09:30,58.6800,1,1,2,1,1051,1052,0.007533,0.059497,overnight,overnight,1,1
2022-01-11 09:31,57.8800,2022-01-11 11:12,60.9200,2022-01-11 12:00,63.1300,2022-01-11 12:28,61.8400,48,28,76,48,28,76,0.036277,0.090705,intraday,intraday,0,0
2022-01-11 13:05,61.5700,2022-01-12 09:30,65.3700,2022-01-12 09:32,66.2300,2022-01-12 09:42,64.9000,2,10,12,2,10,12,0.013156,0.075686,intraday,intraday,0,0
2022-01-12 11:06,62.6400,2022-01-13 09:30,68.2000,2022-01-13 09:51,69.1800,2022-01-13 10:05,67.7600,21,14,35,21,14,35,0.014370,0.104406,intraday,intraday,0,0
2022-01-14 09:30,58.5600,2022-01-14 09:38,61.4900,2022-01-14 09:56,62.9100,2022-01-14 10:02,61.5500,18,6,24,18,6,24,0.023093,0.074283,intraday,intraday,0,0
2022-01-14 10:46,60.8600,2022-01-14 15:38,63.9700,2022-01-14 15:59,64.5400,2022-01-18 09:30,60.5000,21,1,22,21,5371,5392,0.008910,0.060467,weekend,weekend,1,1
2022-01-19 11:44,51.5000,2022-01-19 12:24,54.1200,2022-01-19 13:04,54.4200,2022-01-19 13:35,53.2300,40,31,71,40,31,71,0.005543,0.056699,intraday,intraday,0,0
2022-01-20 09:41,50.1700,2022-01-20 10:53,52.6900,2022-01-20 11:02,53.2000,2022-01-20 11:16,52.1200,9,14,23,9,14,23,0.009679,0.060395,intraday,intraday,0,0
2022-01-21 10:22,43.6800,2022-01-21 10:31,45.9100,2022-01-21 10:37,47.4000,2022-01-21 10:39,46.3700,6,2,8,6,2,8,0.032455,0.085165,intraday,intraday,0,0
2022-01-21 10:40,46.2100,2022-01-21 11:07,48.7600,2022-01-21 11:07,48.7600,2022-01-21 11:14,47.7800,0,7,7,0,7,7,0.000000,0.055183,intraday,intraday,0,0
2022-01-24 10:11,38.6800,2022-01-24 10:25,40.6900,2022-01-24 10:27,41.1500,2022-01-24 10:30,40.3100,2,3,5,2,3,5,0.011305,0.063857,intraday,intraday,0,0
2022-01-24 12:17,36.6100,2022-01-24 12:48,38.4800,2022-01-24 13:17,40.9600,2022-01-24 13:21,40.0100,29,4,33,29,4,33,0.064449,0.118820,intraday,intraday,0,0
2022-01-24 13:30,39.5100,2022-01-24 13:51,41.4900,2022-01-24 14:10,42.9200,2022-01-24 14:12,41.9000,19,2,21,19,2,21,0.034466,0.086307,intraday,intraday,0,0
2022-01-24 14:38,40.2300,2022-01-24 14:59,42.3800,2022-01-24 15:03,42.7700,2022-01-24 15:05,41.9000,4,2,6,4,2,6,0.009202,0.063137,intraday,intraday,0,0
2022-01-24 15:05,41.9000,2022-01-24 15:26,44.0300,2022-01-24 15:26,44.0300,2022-01-24 15:27,43.1300,0,1,1,0,1,1,0.000000,0.050835,intraday,intraday,0,0
2022-01-24 15:30,43.0200,2022-01-24 15:53,45.1900,2022-01-24 15:59,45.4800,2022-01-25 09:30,41.1700,6,1,7,6,1051,1057,0.006417,0.057183,overnight,overnight,1,1
2022-01-25 09:54,39.5000,2022-01-25 10:28,41.6200,2022-01-25 10:29,41.9300,2022-01-25 10:36,41.0000,1,7,8,1,7,8,0.007448,0.061519,intraday,intraday,0,0
2022-01-25 12:56,39.3800,2022-01-25 13:33,41.4200,2022-01-25 13:59,42.3100,2022-01-25 14:06,41.4600,26,7,33,26,7,33,0.021487,0.074403,intraday,intraday,0,0
2022-01-25 15:53,40.0000,2022-01-26 09:30,44.2500,2022-01-26 09:30,44.2500,2022-01-26 09:33,43.3300,0,3,3,0,3,3,0.000000,0.106250,intraday,intraday,0,0
2022-01-26 09:44,42.9000,2022-01-26 10:02,45.0500,2022-01-26 10:03,45.1500,2022-01-26 10:24,44.0600,1,21,22,1,21,22,0.002220,0.052448,intraday,intraday,0,0
2022-01-26 10:44,43.0100,2022-01-26 12:28,45.2100,2022-01-26 12:44,45.9500,2022-01-26 13:03,44.9000,16,19,35,16,19,35,0.016368,0.068356,intraday,intraday,0,0
2022-01-26 15:24,40.1000,2022-01-26 15:28,42.3800,2022-01-26 15:31,42.4800,2022-01-26 15:34,41.4800,3,3,6,3,3,6,0.002360,0.059352,intraday,intraday,0,0
2022-01-26 15:53,40.8300,2022-01-27 09:30,43.4500,2022-01-27 09:30,43.4500,2022-01-27 09:31,42.1300,0,1,1,0,1,1,0.000000,0.064169,intraday,intraday,0,0
2022-01-27 13:29,36.0000,2022-01-27 14:04,37.8200,2022-01-27 14:06,38.0200,2022-01-27 14:10,37.2100,2,4,6,2,4,6,0.005288,0.056111,intraday,intraday,0,0
2022-01-28 10:03,33.0900,2022-01-28 10:19,34.9900,2022-01-28 10:21,35.1300,2022-01-28 10:25,34.3400,2,4,6,2,4,6,0.004001,0.061650,intraday,intraday,0,0
2022-01-28 10:35,33.8300,2022-01-28 10:49,35.6200,2022-01-28 11:00,36.1300,2022-01-28 11:04,35.2600,11,4,15,11,4,15,0.014318,0.067987,intraday,intraday,0,0
2022-01-28 11:04,35.2600,2022-01-28 11:16,37.0300,2022-01-28 11:17,37.1200,2022-01-28 11:29,36.3000,1,12,13,1,12,13,0.002430,0.052751,intraday,intraday,0,0
2022-01-28 14:30,34.3100,2022-01-28 15:00,36.0500,2022-01-31 09:30,39.4900,2022-01-31 09:31,38.5500,60,1,61,3990,1,3991,0.095423,0.150976,weekend,intraday,0,1
2022-01-31 09:32,38.3000,2022-01-31 09:39,40.2500,2022-01-31 09:44,40.5200,2022-01-31 09:50,39.6200,5,6,11,5,6,11,0.006708,0.057963,intraday,intraday,0,0
2022-01-31 09:50,39.6200,2022-01-31 10:07,41.7900,2022-01-31 11:02,42.6700,2022-01-31 11:10,41.7400,55,8,63,55,8,63,0.021058,0.076981,intraday,intraday,0,0
2022-01-31 11:11,41.5400,2022-01-31 15:00,43.6800,2022-01-31 15:04,43.7000,2022-01-31 15:13,42.7100,4,9,13,4,9,13,0.000458,0.051998,intraday,intraday,0,0
2022-01-31 15:19,42.3500,2022-01-31 15:54,44.6700,2022-02-01 09:30,45.9800,2022-02-01 09:31,44.8900,6,1,7,1056,1,1057,0.029326,0.085714,overnight,intraday,0,1
2022-02-01 10:07,42.2900,2022-02-01 11:01,44.4500,2022-02-01 11:59,45.5600,2022-02-01 12:10,44.6000,58,11,69,58,11,69,0.024972,0.077323,intraday,intraday,0,0
2022-02-01 14:21,43.6000,2022-02-01 15:54,45.8800,2022-02-02 09:30,48.8700,2022-02-02 09:31,47.8800,6,1,7,1056,1,1057,0.065170,0.120872,overnight,intraday,0,1
2022-02-02 09:49,47.1000,2022-02-02 10:09,49.4700,2022-02-02 10:09,49.4700,2022-02-02 10:13,48.3800,0,4,4,0,4,4,0.000000,0.050318,intraday,intraday,0,0
2022-02-02 11:38,46.4600,2022-02-02 13:17,48.8200,2022-02-02 13:17,48.8200,2022-02-02 14:22,47.7700,0,65,65,0,65,65,0.000000,0.050796,intraday,intraday,0,0
2022-02-03 09:30,44.8600,2022-02-03 09:38,47.5700,2022-02-03 09:43,47.8000,2022-02-03 09:45,46.6000,5,2,7,5,2,7,0.004835,0.065537,intraday,intraday,0,0
2022-02-04 09:35,41.0000,2022-02-04 10:16,43.2700,2022-02-04 10:21,43.3900,2022-02-04 10:29,42.3500,5,8,13,5,8,13,0.002773,0.058293,intraday,intraday,0,0
2022-02-04 11:15,40.3700,2022-02-04 11:56,42.4100,2022-02-04 11:56,42.4100,2022-02-04 12:07,41.5600,0,11,11,0,11,11,0.000000,0.050533,intraday,intraday,0,0
2022-02-04 12:33,41.5200,2022-02-04 14:33,43.6300,2022-02-04 15:13,44.5300,2022-02-04 15:45,43.4400,40,32,72,40,32,72,0.020628,0.072495,intraday,intraday,0,0
2022-02-04 15:53,43.1700,2022-02-07 09:52,45.4000,2022-02-07 09:54,45.5200,2022-02-07 10:01,44.5900,2,7,9,2,7,9,0.002643,0.054436,intraday,intraday,0,0
2022-02-07 11:44,43.0300,2022-02-07 15:14,45.2300,2022-02-07 15:14,45.2300,2022-02-07 15:27,44.3200,0,13,13,0,13,13,0.000000,0.051127,intraday,intraday,0,0
2022-02-08 10:35,42.5400,2022-02-08 11:00,44.6700,2022-02-08 12:46,46.2900,2022-02-08 13:45,45.3300,106,59,165,106,59,165,0.036266,0.088152,intraday,intraday,0,0
2022-02-08 14:39,44.8300,2022-02-09 09:30,48.7500,2022-02-09 09:30,48.7500,2022-02-09 09:34,47.7400,0,4,4,0,4,4,0.000000,0.087441,intraday,intraday,0,0
2022-02-09 09:58,46.7100,2022-02-09 11:00,49.0800,2022-02-09 15:37,51.2300,2022-02-10 09:30,47.3100,277,23,300,277,1073,1350,0.043806,0.096767,overnight,overnight,1,1
2022-02-10 09:30,47.3100,2022-02-10 09:51,49.7100,2022-02-10 10:10,51.4700,2022-02-10 10:17,50.3900,19,7,26,19,7,26,0.035405,0.087931,intraday,intraday,0,0
2022-02-11 15:42,38.4200,2022-02-14 09:37,40.3700,2022-02-14 09:52,41.8500,2022-02-14 09:56,41.0000,15,4,19,15,4,19,0.036661,0.089276,intraday,intraday,0,0
2022-02-14 14:07,37.8600,2022-02-14 15:32,39.7900,2022-02-14 15:34,39.9200,2022-02-14 15:50,39.1100,2,16,18,2,16,18,0.003267,0.054411,intraday,intraday,0,0
2022-02-14 15:54,39.0500,2022-02-15 09:30,42.3200,2022-02-15 12:01,45.0200,2022-02-15 12:25,44.1000,151,24,175,151,24,175,0.063800,0.152881,intraday,intraday,0,0
2022-02-15 12:49,43.6000,2022-02-15 15:04,45.8300,2022-02-15 15:21,46.2900,2022-02-16 09:30,44.0500,17,39,56,17,1089,1106,0.010037,0.061697,overnight,overnight,1,1
2022-02-16 13:04,43.0400,2022-02-16 14:23,45.2500,2022-02-16 14:32,46.2100,2022-02-16 14:48,45.1600,9,16,25,9,16,25,0.021215,0.073652,intraday,intraday,0,0
2022-02-18 13:18,37.7700,2022-02-18 14:23,39.7500,2022-02-18 15:02,41.3200,2022-02-18 15:19,40.2500,39,17,56,39,17,56,0.039497,0.093990,intraday,intraday,0,0
2022-02-22 09:30,38.0600,2022-02-22 09:45,40.1400,2022-02-22 09:53,41.4400,2022-02-22 09:59,40.5400,8,6,14,8,6,14,0.032387,0.088807,intraday,intraday,0,0
2022-02-22 14:11,36.8300,2022-02-22 14:49,38.7200,2022-02-22 15:06,40.5300,2022-02-22 15:24,39.7000,17,18,35,17,18,35,0.046746,0.100462,intraday,intraday,0,0
2022-02-22 15:54,38.1500,2022-02-23 09:30,40.6600,2022-02-23 09:40,41.3000,2022-02-23 09:41,40.3700,10,1,11,10,1,11,0.015740,0.082569,intraday,intraday,0,0
2022-02-23 11:18,37.8200,2022-02-23 12:21,39.7200,2022-02-23 12:30,39.9800,2022-02-23 12:50,39.0500,9,20,29,9,20,29,0.006546,0.057113,intraday,intraday,0,0
2022-02-24 09:30,31.5500,2022-02-24 09:36,33.1300,2022-02-24 09:39,34.0800,2022-02-24 09:40,33.3300,3,1,4,3,1,4,0.028675,0.080190,intraday,intraday,0,0
2022-02-24 09:44,32.3700,2022-02-24 09:53,34.0000,2022-02-24 09:53,34.0000,2022-02-24 09:54,33.3200,0,1,1,0,1,1,0.000000,0.050355,intraday,intraday,0,0
2022-02-24 10:06,32.5000,2022-02-24 10:15,34.2000,2022-02-24 10:21,35.2500,2022-02-24 10:23,34.4100,6,2,8,6,2,8,0.030702,0.084615,intraday,intraday,0,0
2022-02-24 10:40,33.1000,2022-02-24 10:54,34.7600,2022-02-24 10:57,35.0500,2022-02-24 11:00,34.2900,3,3,6,3,3,6,0.008343,0.058912,intraday,intraday,0,0
2022-02-24 11:05,34.1300,2022-02-24 13:38,35.8600,2022-02-24 13:50,36.8800,2022-02-24 13:58,35.8700,12,8,20,12,8,20,0.028444,0.080574,intraday,intraday,0,0
2022-02-24 14:01,35.5000,2022-02-24 14:32,37.3800,2022-02-24 15:38,39.8700,2022-02-24 15:49,39.0300,66,11,77,66,11,77,0.066613,0.123099,intraday,intraday,0,0
2022-02-25 10:05,38.1600,2022-02-25 10:43,40.1500,2022-02-25 12:36,41.6400,2022-02-25 12:51,40.7300,113,15,128,113,15,128,0.037111,0.091195,intraday,intraday,0,0
2022-02-28 09:43,39.6600,2022-02-28 10:42,41.7100,2022-02-28 11:34,42.2300,2022-02-28 12:05,41.2800,52,31,83,52,31,83,0.012467,0.064801,intraday,intraday,0,0
2022-02-28 14:40,38.5600,2022-02-28 15:54,40.6100,2022-02-28 15:59,41.0100,2022-03-01 09:32,40.0500,5,3,8,5,1053,1058,0.009850,0.063537,overnight,overnight,0,1
2022-03-01 15:50,35.3500,2022-03-02 09:30,37.8400,2022-03-02 09:50,38.9400,2022-03-02 09:56,38.1600,20,6,26,20,6,26,0.029070,0.101556,intraday,intraday,0,0
2022-03-02 10:15,37.2300,2022-03-02 11:07,39.1300,2022-03-02 14:20,40.8800,2022-03-03 09:31,40.0400,193,101,294,193,1151,1344,0.044723,0.098039,overnight,overnight,0,1
2022-03-03 11:00,37.0200,2022-03-03 12:34,39.0700,2022-03-03 12:37,39.3400,2022-03-03 12:40,38.4900,3,3,6,3,3,6,0.006911,0.062669,intraday,intraday,0,0
2022-03-04 15:01,33.3600,2022-03-07 09:30,35.4900,2022-03-07 09:31,35.6000,2022-03-07 09:34,34.7100,1,3,4,1,3,4,0.003099,0.067146,intraday,intraday,0,0
2022-03-08 09:40,28.7000,2022-03-08 09:48,30.2300,2022-03-08 09:48,30.2300,2022-03-08 09:49,29.3800,0,1,1,0,1,1,0.000000,0.053310,intraday,intraday,0,0
2022-03-08 10:39,28.4800,2022-03-08 10:54,30.2100,2022-03-08 11:04,30.6500,2022-03-08 11:06,29.8900,10,2,12,10,2,12,0.014565,0.076194,intraday,intraday,0,0
2022-03-08 11:32,28.9600,2022-03-08 12:02,30.5400,2022-03-08 12:22,32.8900,2022-03-08 12:23,32.1500,20,1,21,20,1,21,0.076948,0.135704,intraday,intraday,0,0
2022-03-08 12:27,31.5400,2022-03-08 12:39,33.2000,2022-03-08 12:46,33.4900,2022-03-08 12:51,32.6200,7,5,12,7,5,12,0.008735,0.061826,intraday,intraday,0,0
2022-03-08 12:51,32.6200,2022-03-08 13:12,34.3200,2022-03-08 13:17,34.3400,2022-03-08 13:23,33.5000,5,6,11,5,6,11,0.000583,0.052728,intraday,intraday,0,0
2022-03-08 14:02,31.1800,2022-03-08 14:45,32.7700,2022-03-08 14:49,32.9500,2022-03-08 14:57,32.2000,4,8,12,4,8,12,0.005493,0.056767,intraday,intraday,0,0
2022-03-08 15:59,31.0800,2022-03-09 09:30,34.4000,2022-03-09 09:30,34.4000,2022-03-09 09:31,33.6600,0,1,1,0,1,1,0.000000,0.106821,intraday,intraday,0,0
2022-03-09 09:53,33.0700,2022-03-09 12:30,34.7400,2022-03-09 12:38,35.3400,2022-03-09 13:04,34.6200,8,26,34,8,26,34,0.017271,0.068642,intraday,intraday,0,0
2022-03-10 11:07,30.8000,2022-03-10 14:04,32.4600,2022-03-10 14:56,32.9200,2022-03-10 15:07,32.2600,52,11,63,52,11,63,0.014171,0.068831,intraday,intraday,0,0
2022-03-10 15:08,32.1200,2022-03-11 09:30,34.3400,2022-03-11 09:31,34.4200,2022-03-11 09:33,33.6800,1,2,3,1,2,3,0.002330,0.071606,intraday,intraday,0,0
2022-03-14 10:00,29.1500,2022-03-14 10:16,30.6300,2022-03-14 10:25,30.8500,2022-03-14 10:28,30.2100,9,3,12,9,3,12,0.007183,0.058319,intraday,intraday,0,0
2022-03-14 14:24,27.3000,2022-03-15 09:32,28.6800,2022-03-15 09:35,28.9000,2022-03-15 09:37,28.3000,3,2,5,3,2,5,0.007671,0.058608,intraday,intraday,0,0
2022-03-15 09:42,28.0000,2022-03-15 10:00,29.4400,2022-03-15 10:05,29.6700,2022-03-15 10:14,29.0400,5,9,14,5,9,14,0.007812,0.059643,intraday,intraday,0,0
2022-03-15 10:15,28.9800,2022-03-15 10:42,30.4500,2022-03-15 11:36,31.1000,2022-03-15 11:55,30.3100,54,19,73,54,19,73,0.021346,0.073154,intraday,intraday,0,0
2022-03-15 14:19,30.0000,2022-03-15 15:31,31.5100,2022-03-16 10:33,36.1400,2022-03-16 10:42,35.3600,92,9,101,1142,9,1151,0.146937,0.204667,overnight,intraday,0,1
2022-03-16 14:35,32.0600,2022-03-16 14:42,34.1000,2022-03-16 14:56,35.1800,2022-03-16 15:01,34.4600,14,5,19,14,5,19,0.031672,0.097318,intraday,intraday,0,0
2022-03-16 15:02,34.4100,2022-03-16 15:56,36.1400,2022-03-16 15:59,36.4000,2022-03-17 09:30,34.7100,3,1,4,3,1051,1054,0.007194,0.057832,overnight,overnight,1,1
2022-03-17 09:32,34.3200,2022-03-17 09:46,36.0600,2022-03-17 09:46,36.0600,2022-03-17 09:50,35.2300,0,4,4,0,4,4,0.000000,0.050699,intraday,intraday,0,0
2022-03-17 11:01,34.8400,2022-03-17 13:41,36.6100,2022-03-17 13:52,36.9400,2022-03-17 14:24,36.1800,11,32,43,11,32,43,0.009014,0.060276,intraday,intraday,0,0
2022-03-18 09:34,35.6000,2022-03-18 10:00,37.3900,2022-03-18 10:12,38.3600,2022-03-18 10:33,37.5900,12,21,33,12,21,33,0.025943,0.077528,intraday,intraday,0,0
2022-03-18 10:40,37.0300,2022-03-18 12:57,38.9500,2022-03-18 15:35,39.6800,2022-03-21 09:30,38.5100,158,25,183,158,3955,4113,0.018742,0.071564,weekend,weekend,1,1
2022-03-21 10:35,36.8800,2022-03-21 11:16,38.8000,2022-03-21 11:58,39.8800,2022-03-21 12:05,39.0500,42,7,49,42,7,49,0.027835,0.081345,intraday,intraday,0,0
2022-03-21 13:22,37.0200,2022-03-21 15:59,38.9600,2022-03-22 09:44,39.6100,2022-03-22 09:46,38.6700,15,2,17,1065,2,1067,0.016684,0.069962,overnight,intraday,0,1
2022-03-22 09:51,38.6300,2022-03-22 10:30,40.5900,2022-03-22 11:19,41.0100,2022-03-22 11:58,40.1700,49,39,88,49,39,88,0.010347,0.061610,intraday,intraday,0,0
2022-03-23 10:03,36.9500,2022-03-23 11:00,38.8000,2022-03-23 12:03,39.9900,2022-03-23 12:10,39.0600,63,7,70,63,7,70,0.030670,0.082273,intraday,intraday,0,0
2022-03-23 15:59,36.5900,2022-03-24 09:44,38.5000,2022-03-24 09:45,38.6000,2022-03-24 09:50,37.7000,1,5,6,1,5,6,0.002597,0.054933,intraday,intraday,0,0
2022-03-24 09:50,37.7000,2022-03-24 11:14,39.6200,2022-03-24 11:43,41.1000,2022-03-24 12:03,40.2600,29,20,49,29,20,49,0.037355,0.090186,intraday,intraday,0,0
2022-03-24 12:04,40.2400,2022-03-25 10:37,42.3000,2022-03-25 10:48,42.3700,2022-03-25 10:55,41.5100,11,7,18,11,7,18,0.001655,0.052932,intraday,intraday,0,0
2022-03-25 11:28,39.7500,2022-03-25 14:03,41.7600,2022-03-25 14:31,42.0100,2022-03-25 15:07,41.1400,28,36,64,28,36,64,0.005987,0.056855,intraday,intraday,0,0
2022-03-28 12:30,39.3200,2022-03-28 14:44,41.3200,2022-03-29 09:37,45.9300,2022-03-29 09:41,44.9200,83,4,87,1133,4,1137,0.111568,0.168108,overnight,intraday,0,1
2022-03-29 10:14,43.1100,2022-03-29 14:52,45.3300,2022-03-29 15:24,46.0000,2022-03-30 09:30,44.7100,32,36,68,32,1086,1118,0.014780,0.067038,overnight,overnight,1,1
2022-03-31 10:04,39.8100,2022-03-31 10:50,41.8400,2022-03-31 10:50,41.8400,2022-03-31 11:08,40.8900,0,18,18,0,18,18,0.000000,0.050992,intraday,intraday,0,0
2022-04-01 13:16,34.6200,2022-04-04 09:30,36.8000,2022-04-04 10:12,38.1800,2022-04-04 10:21,37.3800,42,9,51,42,9,51,0.037500,0.102831,intraday,intraday,0,0
2022-04-06 12:46,29.5600,2022-04-06 13:44,31.1400,2022-04-06 13:49,31.3100,2022-04-06 14:00,30.5400,5,11,16,5,11,16,0.005459,0.059202,intraday,intraday,0,0
2022-04-06 14:17,29.7000,2022-04-06 14:34,31.2500,2022-04-06 14:35,31.2900,2022-04-06 14:37,30.5100,1,2,3,1,2,3,0.001280,0.053535,intraday,intraday,0,0
2022-04-06 14:43,30.3200,2022-04-06 15:02,31.9900,2022-04-06 15:04,32.1000,2022-04-06 15:06,31.4300,2,2,4,2,2,4,0.003439,0.058707,intraday,intraday,0,0
2022-04-07 12:50,28.6600,2022-04-07 13:56,30.2500,2022-04-07 15:40,31.3500,2022-04-07 15:50,30.5900,104,10,114,104,10,114,0.036364,0.093859,intraday,intraday,0,0
2022-04-08 10:14,28.3000,2022-04-08 11:02,29.7800,2022-04-08 11:02,29.7800,2022-04-08 11:20,29.1300,0,18,18,0,18,18,0.000000,0.052297,intraday,intraday,0,0
2022-04-11 09:33,26.3400,2022-04-11 10:02,27.6900,2022-04-11 10:02,27.6900,2022-04-11 10:05,27.0000,0,3,3,0,3,3,0.000000,0.051253,intraday,intraday,0,0
2022-04-11 15:55,26.3500,2022-04-12 09:30,28.3900,2022-04-12 09:30,28.3900,2022-04-12 09:31,27.7500,0,1,1,0,1,1,0.000000,0.077419,intraday,intraday,0,0
2022-04-12 09:38,27.4600,2022-04-12 09:54,28.8400,2022-04-12 09:54,28.8400,2022-04-12 10:06,28.2400,0,12,12,0,12,12,0.000000,0.050255,intraday,intraday,0,0
2022-04-12 15:13,25.8600,2022-04-13 09:38,27.2000,2022-04-13 09:47,27.9000,2022-04-13 09:55,27.1900,9,8,17,9,8,17,0.025735,0.078886,intraday,intraday,0,0
2022-04-13 10:00,26.9700,2022-04-13 11:17,28.3500,2022-04-13 11:26,28.5400,2022-04-13 12:02,27.9600,9,36,45,9,36,45,0.006702,0.058213,intraday,intraday,0,0
2022-04-18 09:30,25.1600,2022-04-18 10:02,26.4800,2022-04-18 10:45,27.4200,2022-04-18 11:16,26.8100,43,31,74,43,31,74,0.035498,0.089825,intraday,intraday,0,0
2022-04-18 12:21,26.0300,2022-04-18 13:36,27.3600,2022-04-18 14:25,27.6700,2022-04-18 15:02,27.0300,49,37,86,49,37,86,0.011330,0.063004,intraday,intraday,0,0
2022-04-19 09:40,26.2200,2022-04-19 10:06,27.5900,2022-04-19 11:53,28.8000,2022-04-19 12:41,28.2000,107,48,155,107,48,155,0.043856,0.098398,intraday,intraday,0,0
2022-04-19 14:20,27.9400,2022-04-20 09:30,30.6200,2022-04-20 09:33,30.8500,2022-04-20 09:38,30.1800,3,5,8,3,5,8,0.007511,0.104152,intraday,intraday,0,0
2022-04-20 14:55,28.2300,2022-04-21 09:30,29.8200,2022-04-21 09:37,30.5700,2022-04-21 09:39,29.9300,7,2,9,7,2,9,0.025151,0.082891,intraday,intraday,0,0
2022-04-25 09:47,23.6700,2022-04-25 10:25,24.9500,2022-04-25 10:37,25.4800,2022-04-25 10:52,24.8600,12,15,27,12,15,27,0.021242,0.076468,intraday,intraday,0,0
2022-04-25 12:01,24.0400,2022-04-25 14:49,25.2900,2022-04-25 14:54,25.3400,2022-04-25 15:01,24.7800,5,7,12,5,7,12,0.001977,0.054077,intraday,intraday,0,0
2022-04-25 15:07,24.3600,2022-04-25 15:54,25.5900,2022-04-25 15:59,25.7600,2022-04-26 09:30,24.5200,5,1,6,5,1051,1056,0.006643,0.057471,overnight,overnight,1,1
2022-04-27 09:30,21.5000,2022-04-27 09:34,22.6400,2022-04-27 09:48,23.5900,2022-04-27 09:52,22.9800,14,4,18,14,4,18,0.041961,0.097209,intraday,intraday,0,0
2022-04-27 10:32,21.4800,2022-04-27 11:36,22.5700,2022-04-27 11:36,22.5700,2022-04-27 11:48,22.1000,0,12,12,0,12,12,0.000000,0.050745,intraday,intraday,0,0
2022-04-27 15:52,21.7600,2022-04-28 09:30,23.7500,2022-04-28 09:31,23.9300,2022-04-28 09:35,23.4300,1,4,5,1,4,5,0.007579,0.099724,intraday,intraday,0,0
2022-04-28 10:35,22.4000,2022-04-28 11:07,23.5300,2022-04-28 11:19,23.7700,2022-04-28 11:38,23.2800,12,19,31,12,19,31,0.010200,0.061161,intraday,intraday,0,0
2022-04-28 11:50,23.0700,2022-04-28 12:42,24.2400,2022-04-28 15:24,26.3000,2022-04-28 15:34,25.7300,162,10,172,162,10,172,0.084983,0.140009,intraday,intraday,0,0
2022-04-29 09:31,24.0800,2022-04-29 09:55,25.5400,2022-04-29 09:59,25.9500,2022-04-29 10:06,25.2200,4,7,11,4,7,11,0.016053,0.077658,intraday,intraday,0,0
2022-05-02 09:38,22.0500,2022-05-02 09:42,23.3000,2022-05-02 09:48,23.6100,2022-05-02 09:49,23.0900,6,1,7,6,1,7,0.013305,0.070748,intraday,intraday,0,0
2022-05-02 10:15,22.3500,2022-05-02 10:29,23.5300,2022-05-02 10:31,23.6900,2022-05-02 10:46,23.2100,2,15,17,2,15,17,0.006800,0.059955,intraday,intraday,0,0
2022-05-02 14:20,21.8100,2022-05-02 15:09,23.0200,2022-05-02 15:55,24.5500,2022-05-03 09:30,24.0000,46,5,51,46,1055,1101,0.066464,0.125630,overnight,overnight,1,1
2022-05-03 09:37,23.7500,2022-05-03 10:00,24.9500,2022-05-03 10:04,25.2300,2022-05-03 10:08,24.6900,4,4,8,4,4,8,0.011222,0.062316,intraday,intraday,0,0
2022-05-03 10:47,24.1700,2022-05-03 13:15,25.3900,2022-05-03 13:45,25.6800,2022-05-03 14:05,25.1300,30,20,50,30,20,50,0.011422,0.062474,intraday,intraday,0,0
2022-05-03 14:42,24.4300,2022-05-04 09:30,25.7900,2022-05-04 09:30,25.7900,2022-05-04 09:33,25.1900,0,3,3,0,3,3,0.000000,0.055669,intraday,intraday,0,0
2022-05-04 11:46,23.3000,2022-05-04 12:22,24.5700,2022-05-04 13:03,25.0400,2022-05-04 13:49,24.5200,41,46,87,41,46,87,0.019129,0.074678,intraday,intraday,0,0
2022-05-04 14:35,23.7200,2022-05-04 14:43,25.1000,2022-05-04 15:54,28.1400,2022-05-05 09:30,26.3200,71,6,77,71,1056,1127,0.121116,0.186341,overnight,overnight,1,1
2022-05-05 12:02,23.5300,2022-05-05 13:02,24.8200,2022-05-05 13:09,24.9200,2022-05-05 13:16,24.3900,7,7,14,7,7,14,0.004029,0.059074,intraday,intraday,0,0
2022-05-05 15:31,22.7500,2022-05-05 15:51,23.9200,2022-05-05 15:51,23.9200,2022-05-05 15:53,23.4000,0,2,2,0,2,2,0.000000,0.051429,intraday,intraday,0,0
2022-05-06 09:52,21.9400,2022-05-06 10:05,23.1500,2022-05-06 10:07,23.6000,2022-05-06 10:10,23.0800,2,3,5,2,3,5,0.019438,0.075661,intraday,intraday,0,0
2022-05-06 10:11,23.0400,2022-05-06 10:18,24.3000,2022-05-06 10:19,24.3600,2022-05-06 10:20,23.7700,1,1,2,1,1,2,0.002469,0.057292,intraday,intraday,0,0
2022-05-06 10:38,22.9400,2022-05-06 10:46,24.2200,2022-05-06 10:59,24.3500,2022-05-06 11:03,23.8600,13,4,17,13,4,17,0.005367,0.061465,intraday,intraday,0,0
2022-05-06 12:19,23.2600,2022-05-06 12:56,24.5800,2022-05-06 13:04,24.7500,2022-05-06 13:13,24.2500,8,9,17,8,9,17,0.006916,0.064058,intraday,intraday,0,0
2022-05-09 11:32,20.0100,2022-05-09 12:17,21.0300,2022-05-09 12:18,21.0500,2022-05-09 12:38,20.5000,1,20,21,1,20,21,0.000951,0.051974,intraday,intraday,0,0
2022-05-09 15:52,19.3200,2022-05-10 09:30,21.6200,2022-05-10 09:31,21.6900,2022-05-10 09:33,21.2200,1,2,3,1,2,3,0.003238,0.122671,intraday,intraday,0,0
2022-05-10 09:49,20.3800,2022-05-10 09:58,21.4500,2022-05-10 10:06,21.9100,2022-05-10 10:10,21.4200,8,4,12,8,4,12,0.021445,0.075074,intraday,intraday,0,0
2022-05-10 11:29,19.7200,2022-05-10 13:28,20.7200,2022-05-10 14:04,21.8700,2022-05-10 14:16,21.3600,36,12,48,36,12,48,0.055502,0.109026,intraday,intraday,0,0
2022-05-11 09:37,19.8500,2022-05-11 09:44,21.1100,2022-05-11 09:48,21.5700,2022-05-11 09:48,21.1100,4,0,4,4,0,4,0.021791,0.086650,intraday,intraday,0,0
2022-05-11 10:13,20.8000,2022-05-11 10:38,21.8600,2022-05-11 10:44,21.8900,2022-05-11 10:47,21.4300,6,3,9,6,3,9,0.001372,0.052404,intraday,intraday,0,0
2022-05-11 11:20,20.3300,2022-05-11 11:37,21.4600,2022-05-11 11:38,21.6000,2022-05-11 11:50,21.1300,1,12,13,1,12,13,0.006524,0.062469,intraday,intraday,0,0
2022-05-12 09:40,18.0000,2022-05-12 09:47,18.9400,2022-05-12 09:48,18.9700,2022-05-12 09:49,18.5500,1,1,2,1,1,2,0.001584,0.053889,intraday,intraday,0,0
2022-05-12 10:00,18.2000,2022-05-12 10:11,19.1200,2022-05-12 10:24,19.6300,2022-05-12 10:27,19.2200,13,3,16,13,3,16,0.026674,0.078571,intraday,intraday,0,0
2022-05-12 10:37,18.8300,2022-05-12 11:08,19.8300,2022-05-12 11:10,19.9900,2022-05-12 11:15,19.5600,2,5,7,2,5,7,0.008069,0.061604,intraday,intraday,0,0
2022-05-12 12:18,18.3700,2022-05-12 12:32,19.3300,2022-05-12 12:47,19.6200,2022-05-12 12:59,19.2100,15,12,27,15,12,27,0.015003,0.068046,intraday,intraday,0,0
2022-05-12 14:44,17.9600,2022-05-12 15:23,18.8900,2022-05-12 15:26,19.0000,2022-05-12 15:29,18.5600,3,3,6,3,3,6,0.005823,0.057906,intraday,intraday,0,0
2022-05-12 15:29,18.5600,2022-05-13 09:30,20.6900,2022-05-13 09:32,20.8500,2022-05-13 09:34,20.2900,2,2,4,2,2,4,0.007733,0.123384,intraday,intraday,0,0
2022-05-13 09:35,20.1800,2022-05-13 09:46,21.2400,2022-05-13 10:39,22.1300,2022-05-13 10:45,21.6700,53,6,59,53,6,59,0.041902,0.096630,intraday,intraday,0,0
2022-05-13 14:05,21.6400,2022-05-13 15:16,22.7800,2022-05-13 15:31,22.9100,2022-05-13 15:36,22.4200,15,5,20,15,5,20,0.005707,0.058688,intraday,intraday,0,0
2022-05-16 09:36,21.2000,2022-05-16 10:12,22.3000,2022-05-16 10:29,22.5100,2022-05-16 10:33,22.0300,17,4,21,17,4,21,0.009417,0.061792,intraday,intraday,0,0
2022-05-16 11:36,21.2300,2022-05-16 14:28,22.3600,2022-05-16 14:33,22.4300,2022-05-16 15:10,21.8700,5,37,42,5,37,42,0.003131,0.056524,intraday,intraday,0,0
2022-05-16 15:57,21.2100,2022-05-17 09:30,23.3600,2022-05-17 09:44,24.0900,2022-05-17 09:47,23.5100,14,3,17,14,3,17,0.031250,0.135785,intraday,intraday,0,0
2022-05-17 10:46,22.8400,2022-05-17 11:32,23.9900,2022-05-17 14:08,24.3400,2022-05-17 14:13,23.6000,156,5,161,156,5,161,0.014589,0.065674,intraday,intraday,0,0
2022-05-17 14:22,23.3200,2022-05-17 15:02,24.5100,2022-05-17 15:31,24.7400,2022-05-17 15:49,24.2300,29,18,47,29,18,47,0.009384,0.060892,intraday,intraday,0,0
2022-05-18 09:30,23.1300,2022-05-18 10:06,24.3000,2022-05-18 10:22,24.3500,2022-05-18 10:29,23.8100,16,7,23,16,7,23,0.002058,0.052745,intraday,intraday,0,0
2022-05-19 09:51,19.9000,2022-05-19 10:01,20.9000,2022-05-19 10:08,21.2500,2022-05-19 10:09,20.8100,7,1,8,7,1,8,0.016746,0.067839,intraday,intraday,0,0
2022-05-19 10:30,20.5800,2022-05-19 11:37,21.7200,2022-05-19 11:43,22.0400,2022-05-19 12:05,21.5700,6,22,28,6,22,28,0.014733,0.070943,intraday,intraday,0,0
2022-05-19 13:17,20.5600,2022-05-19 14:38,21.6000,2022-05-19 14:38,21.6000,2022-05-19 14:41,21.1400,0,3,3,0,3,3,0.000000,0.050584,intraday,intraday,0,0
2022-05-19 15:56,20.4400,2022-05-20 09:30,21.6500,2022-05-20 09:30,21.6500,2022-05-20 09:31,21.2100,0,1,1,0,1,1,0.000000,0.059198,intraday,intraday,0,0
2022-05-20 13:30,17.6600,2022-05-20 13:54,18.6100,2022-05-20 13:54,18.6100,2022-05-20 14:06,18.2000,0,12,12,0,12,12,0.000000,0.053794,intraday,intraday,0,0
2022-05-20 14:32,17.9100,2022-05-20 15:26,18.9300,2022-05-20 15:37,19.8200,2022-05-20 15:39,19.4200,11,2,13,11,2,13,0.047015,0.106644,intraday,intraday,0,0
2022-05-20 15:46,19.4100,2022-05-23 09:41,20.4500,2022-05-23 09:48,20.8300,2022-05-23 09:54,20.3300,7,6,13,7,6,13,0.018582,0.073158,intraday,intraday,0,0
2022-05-23 10:27,19.4500,2022-05-23 11:29,20.4500,2022-05-23 11:40,20.7700,2022-05-23 11:48,20.3400,11,8,19,11,8,19,0.015648,0.067866,intraday,intraday,0,0
2022-05-24 10:17,18.4400,2022-05-24 12:14,19.4600,2022-05-24 12:16,19.7400,2022-05-24 12:20,19.3200,2,4,6,2,4,6,0.014388,0.070499,intraday,intraday,0,0
2022-05-24 14:55,18.6500,2022-05-25 09:36,19.6600,2022-05-25 09:38,19.7700,2022-05-25 09:41,19.3100,2,3,5,2,3,5,0.005595,0.060054,intraday,intraday,0,0
2022-05-25 09:49,19.0400,2022-05-25 14:27,20.0900,2022-05-25 15:13,20.7200,2022-05-25 15:35,20.2400,46,22,68,46,22,68,0.031359,0.088235,intraday,intraday,0,0
2022-05-26 09:30,19.4800,2022-05-26 09:34,20.4900,2022-05-26 10:22,21.9400,2022-05-26 10:33,21.4700,48,11,59,48,11,59,0.070766,0.126283,intraday,intraday,0,0
2022-05-26 10:45,21.3600,2022-05-26 12:13,22.4400,2022-05-26 13:10,22.8300,2022-05-26 15:18,22.3700,57,128,185,57,128,185,0.017380,0.068820,intraday,intraday,0,0
2022-05-26 15:22,22.3100,2022-05-27 09:30,23.9500,2022-05-27 09:33,24.3300,2022-05-27 09:35,23.8400,3,2,5,3,2,5,0.015866,0.090542,intraday,intraday,0,0
2022-05-27 09:35,23.8400,2022-05-27 14:23,25.0500,2022-05-27 15:26,25.4400,2022-05-31 09:30,24.8500,63,34,97,63,5404,5467,0.015569,0.067114,weekend,weekend,1,1
2022-05-31 10:11,23.7500,2022-05-31 10:32,24.9500,2022-05-31 10:46,25.0300,2022-05-31 11:07,24.5100,14,21,35,14,21,35,0.003206,0.053895,intraday,intraday,0,0
2022-05-31 11:31,24.3000,2022-05-31 12:03,25.6000,2022-05-31 12:03,25.6000,2022-05-31 12:18,24.9600,0,15,15,0,15,15,0.000000,0.053498,intraday,intraday,0,0
2022-05-31 14:56,24.3500,2022-06-01 09:31,25.6200,2022-06-01 09:33,25.7200,2022-06-01 09:40,25.0600,2,7,9,2,7,9,0.003903,0.056263,intraday,intraday,0,0
2022-06-01 12:13,22.7100,2022-06-01 14:23,23.9900,2022-06-01 14:45,24.3800,2022-06-01 15:03,23.8500,22,18,40,22,18,40,0.016257,0.073536,intraday,intraday,0,0
2022-06-02 09:31,23.3000,2022-06-02 09:46,24.4800,2022-06-02 09:49,24.6200,2022-06-02 09:55,24.0200,3,6,9,3,6,9,0.005719,0.056652,intraday,intraday,0,0
2022-06-02 09:57,23.8800,2022-06-02 11:11,25.0800,2022-06-02 15:59,26.2800,2022-06-03 09:30,24.1600,288,1,289,288,1051,1339,0.047847,0.100503,overnight,overnight,1,1
2022-06-03 11:14,23.5000,2022-06-06 09:30,25.5600,2022-06-06 09:31,25.5800,2022-06-06 09:35,25.0000,1,4,5,1,4,5,0.000782,0.088511,intraday,intraday,0,0
2022-06-07 09:32,22.5400,2022-06-07 10:28,23.7600,2022-06-07 10:46,24.4400,2022-06-07 11:21,23.9200,18,35,53,18,35,53,0.028620,0.084295,intraday,intraday,0,0
2022-06-07 11:49,23.3700,2022-06-07 14:15,24.5400,2022-06-07 15:54,24.7400,2022-06-08 09:30,23.7200,99,6,105,99,1056,1155,0.008150,0.058622,overnight,overnight,1,1
2022-06-09 09:30,22.2500,2022-06-09 10:28,23.3700,2022-06-09 10:36,23.5600,2022-06-09 10:47,23.0500,8,11,19,8,11,19,0.008130,0.058876,intraday,intraday,0,0
2022-06-10 11:26,18.6600,2022-06-10 13:50,19.6400,2022-06-10 13:51,19.6500,2022-06-10 13:56,19.2500,1,5,6,1,5,6,0.000509,0.053055,intraday,intraday,0,0
2022-06-13 11:10,15.5200,2022-06-13 12:32,16.3000,2022-06-13 12:39,16.7100,2022-06-13 12:49,16.3400,7,10,17,7,10,17,0.025153,0.076675,intraday,intraday,0,0
2022-06-13 15:51,15.3400,2022-06-14 09:30,16.1800,2022-06-14 09:32,16.2100,2022-06-14 09:33,15.8500,2,1,3,2,1,3,0.001854,0.056714,intraday,intraday,0,0
2022-06-14 15:18,15.2100,2022-06-15 09:30,16.5200,2022-06-15 09:30,16.5200,2022-06-15 09:31,16.1000,0,1,1,0,1,1,0.000000,0.086128,intraday,intraday,0,0
2022-06-15 14:33,15.4700,2022-06-15 14:38,16.5700,2022-06-15 14:40,16.6800,2022-06-15 14:40,16.2600,2,0,2,2,0,2,0.006639,0.078216,intraday,intraday,0,0
2022-06-15 14:40,16.2600,2022-06-15 14:42,17.1700,2022-06-15 14:46,17.4000,2022-06-15 14:47,16.9200,4,1,5,4,1,5,0.013395,0.070111,intraday,intraday,0,0
2022-06-15 14:58,16.3400,2022-06-15 15:29,17.1700,2022-06-15 15:33,17.4300,2022-06-15 15:38,17.0400,4,5,9,4,5,9,0.015143,0.066707,intraday,intraday,0,0
2022-06-16 14:55,12.9900,2022-06-17 09:30,13.7700,2022-06-17 09:31,13.9200,2022-06-17 09:32,13.6400,1,1,2,1,1,2,0.010893,0.071594,intraday,intraday,0,0
2022-06-17 10:36,12.7800,2022-06-17 11:06,13.4200,2022-06-17 11:31,13.7400,2022-06-17 11:44,13.4300,25,13,38,25,13,38,0.023845,0.075117,intraday,intraday,0,0
2022-06-17 12:03,13.2200,2022-06-17 13:09,13.9200,2022-06-17 13:15,14.0100,2022-06-17 13:46,13.6800,6,31,37,6,31,37,0.006466,0.059758,intraday,intraday,0,0
2022-06-17 15:13,13.4100,2022-06-21 09:30,14.7500,2022-06-21 09:42,14.9400,2022-06-21 09:45,14.6100,12,3,15,12,3,15,0.012881,0.114094,intraday,intraday,0,0
2022-06-21 09:46,14.6000,2022-06-21 10:00,15.3700,2022-06-21 10:05,15.4300,2022-06-21 10:27,15.0900,5,22,27,5,22,27,0.003904,0.056849,intraday,intraday,0,0
2022-06-22 09:30,13.9400,2022-06-22 10:17,14.6400,2022-06-22 10:37,14.9700,2022-06-22 10:48,14.6400,20,11,31,20,11,31,0.022541,0.073888,intraday,intraday,0,0
2022-06-22 12:08,14.0300,2022-06-22 14:08,14.7500,2022-06-22 14:18,14.8100,2022-06-22 15:26,14.4800,10,68,78,10,68,78,0.004068,0.055595,intraday,intraday,0,0
2022-06-23 13:03,13.3400,2022-06-23 15:42,14.0100,2022-06-24 09:34,14.9100,2022-06-24 09:37,14.6000,22,3,25,1072,3,1075,0.064240,0.117691,overnight,intraday,0,1
2022-06-24 09:37,14.6000,2022-06-24 10:00,15.4300,2022-06-24 10:15,15.8500,2022-06-24 10:45,15.4900,15,30,45,15,30,45,0.027220,0.085616,intraday,intraday,0,0
2022-06-24 11:22,15.2600,2022-06-27 09:30,16.4300,2022-06-27 09:30,16.4300,2022-06-27 09:32,16.0900,0,2,2,0,2,2,0.000000,0.076671,intraday,intraday,0,0
2022-06-27 09:48,15.3700,2022-06-27 10:50,16.2000,2022-06-27 10:57,16.3500,2022-06-27 11:10,16.0200,7,13,20,7,13,20,0.009259,0.063761,intraday,intraday,0,0
2022-06-27 15:53,15.6100,2022-06-28 09:33,16.4000,2022-06-28 09:54,16.5800,2022-06-28 09:58,16.2300,21,4,25,21,4,25,0.010976,0.062140,intraday,intraday,0,0
2022-06-28 12:04,14.6300,2022-06-28 12:46,15.3700,2022-06-28 12:46,15.3700,2022-06-28 13:00,15.0500,0,14,14,0,14,14,0.000000,0.050581,intraday,intraday,0,0
2022-06-30 10:06,12.3800,2022-06-30 11:08,13.0200,2022-06-30 11:48,13.5300,2022-06-30 12:06,13.2400,40,18,58,40,18,58,0.039171,0.092892,intraday,intraday,0,0
2022-07-01 13:00,11.1300,2022-07-01 14:46,11.7100,2022-07-01 15:50,11.7400,2022-07-01 15:53,11.5000,64,3,67,64,3,67,0.002562,0.054807,intraday,intraday,0,0
2022-07-05 09:30,10.5300,2022-07-05 10:33,11.0800,2022-07-05 10:42,11.4600,2022-07-05 10:45,11.2300,9,3,12,9,3,12,0.034296,0.088319,intraday,intraday,0,0
2022-07-05 11:23,10.7600,2022-07-05 12:25,11.3100,2022-07-05 12:30,11.3300,2022-07-05 12:43,11.0900,5,13,18,5,13,18,0.001768,0.052974,intraday,intraday,0,0
2022-07-05 12:59,11.0200,2022-07-05 14:33,11.5800,2022-07-06 09:32,12.1100,2022-07-06 09:35,11.8200,89,3,92,1139,3,1142,0.045769,0.098911,overnight,intraday,0,1
2022-07-06 10:22,11.5200,2022-07-06 10:59,12.1400,2022-07-06 10:59,12.1400,2022-07-06 11:09,11.8900,0,10,10,0,10,10,0.000000,0.053819,intraday,intraday,0,0
2022-07-06 11:33,11.7200,2022-07-06 14:43,12.3100,2022-07-06 15:24,12.5000,2022-07-06 15:44,12.2200,41,20,61,41,20,61,0.015435,0.066553,intraday,intraday,0,0
2022-07-06 15:53,11.9900,2022-07-07 09:30,13.1600,2022-07-07 09:47,13.4800,2022-07-07 10:01,13.1600,17,14,31,17,14,31,0.024316,0.124270,intraday,intraday,0,0
2022-07-07 10:01,13.1600,2022-07-07 14:07,13.8200,2022-07-07 14:13,13.8900,2022-07-08 09:30,13.0400,6,107,113,6,1157,1163,0.005065,0.055471,overnight,overnight,1,1
2022-07-08 09:31,12.9600,2022-07-08 10:38,13.6200,2022-07-08 11:26,14.1700,2022-07-08 11:48,13.8400,48,22,70,48,22,70,0.040382,0.093364,intraday,intraday,0,0
2022-07-08 13:04,13.2700,2022-07-08 14:34,13.9400,2022-07-08 14:44,13.9800,2022-07-11 09:30,13.1500,10,76,86,10,4006,4016,0.002869,0.053504,weekend,weekend,1,1
2022-07-11 09:51,12.6500,2022-07-11 13:09,13.3100,2022-07-11 13:41,13.4500,2022-07-11 14:22,13.1700,32,41,73,32,41,73,0.010518,0.063241,intraday,intraday,0,0
2022-07-11 15:54,12.7900,2022-07-12 09:31,13.4500,2022-07-12 09:31,13.4500,2022-07-12 09:34,13.1300,0,3,3,0,3,3,0.000000,0.051603,intraday,intraday,0,0
2022-07-12 10:08,12.7400,2022-07-12 11:12,13.4200,2022-07-12 11:35,13.4500,2022-07-12 13:20,13.1700,23,105,128,23,105,128,0.002235,0.055730,intraday,intraday,0,0
2022-07-13 09:33,12.1200,2022-07-13 09:47,12.7500,2022-07-13 09:51,12.9100,2022-07-13 10:00,12.6300,4,9,13,4,9,13,0.012549,0.065182,intraday,intraday,0,0
2022-07-13 10:20,12.5600,2022-07-13 10:41,13.1900,2022-07-13 10:51,13.5600,2022-07-13 11:24,13.2500,10,33,43,10,33,43,0.028052,0.079618,intraday,intraday,0,0
2022-07-14 10:19,12.5400,2022-07-14 11:42,13.1700,2022-07-14 12:00,13.3100,2022-07-14 12:50,13.0400,18,50,68,18,50,68,0.010630,0.061404,intraday,intraday,0,0
2022-07-14 12:50,13.0400,2022-07-14 13:45,13.7000,2022-07-14 14:40,14.2600,2022-07-14 15:47,13.9400,55,67,122,55,67,122,0.040876,0.093558,intraday,intraday,0,0
2022-07-14 15:48,13.9300,2022-07-15 09:30,14.8100,2022-07-15 09:30,14.8100,2022-07-15 09:33,14.4400,0,3,3,0,3,3,0.000000,0.063173,intraday,intraday,0,0
2022-07-15 09:55,14.0400,2022-07-15 11:09,14.7800,2022-07-15 11:28,14.8000,2022-07-15 12:11,14.5000,19,43,62,19,43,62,0.001353,0.054131,intraday,intraday,0,0
2022-07-15 12:12,14.4900,2022-07-18 09:30,15.8300,2022-07-18 09:30,15.8300,2022-07-18 09:40,15.4500,0,10,10,0,10,10,0.000000,0.092478,intraday,intraday,0,0
2022-07-18 10:11,15.2200,2022-07-18 11:43,15.9900,2022-07-18 11:59,16.1800,2022-07-18 13:10,15.8300,16,71,87,16,71,87,0.011882,0.063075,intraday,intraday,0,0
2022-07-18 15:50,14.6300,2022-07-19 09:30,15.6700,2022-07-19 14:09,17.1700,2022-07-19 14:27,16.7800,279,18,297,279,18,297,0.095724,0.173616,intraday,intraday,0,0
2022-07-20 09:32,16.5000,2022-07-20 10:11,17.3800,2022-07-20 10:51,18.2500,2022-07-20 11:04,17.8700,40,13,53,40,13,53,0.050058,0.106061,intraday,intraday,0,0
2022-07-20 13:11,17.4200,2022-07-20 15:21,18.3100,2022-07-21 09:32,18.7300,2022-07-21 09:35,18.2100,41,3,44,1091,3,1094,0.022938,0.075201,overnight,intraday,0,1
2022-07-21 10:32,17.6800,2022-07-21 11:37,18.5900,2022-07-21 12:31,18.9700,2022-07-21 13:24,18.5900,54,53,107,54,53,107,0.020441,0.072964,intraday,intraday,0,0
2022-07-25 10:27,16.4300,2022-07-25 12:46,17.2700,2022-07-25 12:47,17.3000,2022-07-25 13:39,16.9500,1,52,53,1,52,53,0.001737,0.052952,intraday,intraday,0,0
2022-07-26 15:08,16.2500,2022-07-27 09:30,17.4600,2022-07-27 11:01,17.9900,2022-07-27 13:07,17.6300,91,126,217,91,126,217,0.030355,0.107077,intraday,intraday,0,0
2022-07-27 13:07,17.6300,2022-07-27 14:44,18.5400,2022-07-27 15:34,19.1200,2022-07-27 15:59,18.7100,50,25,75,50,25,75,0.031284,0.084515,intraday,intraday,0,0
2022-07-28 10:32,17.5700,2022-07-28 11:06,18.4600,2022-07-28 11:57,19.0400,2022-07-28 13:01,18.6500,51,64,115,51,64,115,0.031419,0.083665,intraday,intraday,0,0
2022-07-29 09:30,18.3200,2022-07-29 09:46,19.2600,2022-07-29 10:06,19.4200,2022-07-29 10:15,19.0300,20,9,29,20,9,29,0.008307,0.060044,intraday,intraday,0,0
2022-07-29 11:27,18.7800,2022-07-29 13:36,19.7400,2022-07-29 15:48,19.9900,2022-08-01 09:30,19.1800,132,12,144,132,3942,4074,0.012665,0.064430,weekend,weekend,1,1
2022-08-01 09:33,19.0300,2022-08-01 10:00,20.0100,2022-08-01 10:16,20.4200,2022-08-01 10:20,19.9300,16,4,20,16,4,20,0.020490,0.073043,intraday,intraday,0,0
2022-08-02 10:10,19.1100,2022-08-02 10:53,20.0900,2022-08-02 12:42,20.8700,2022-08-02 13:25,20.4500,109,43,152,109,43,152,0.038825,0.092098,intraday,intraday,0,0
2022-08-02 13:39,19.8600,2022-08-03 11:40,20.8600,2022-08-03 14:38,21.7200,2022-08-04 09:30,21.2800,178,82,260,178,1132,1310,0.041227,0.093656,overnight,overnight,1,1
2022-08-05 09:30,20.8500,2022-08-05 10:13,21.9700,2022-08-05 10:24,22.1200,2022-08-05 10:51,21.6400,11,27,38,11,27,38,0.006827,0.060911,intraday,intraday,0,0
2022-08-05 11:30,20.5700,2022-08-05 13:15,21.6200,2022-08-05 13:35,21.6600,2022-08-05 13:56,21.1600,20,21,41,20,21,41,0.001850,0.052990,intraday,intraday,0,0
2022-08-08 12:20,19.5700,2022-08-08 15:51,20.5500,2022-08-08 15:55,20.5700,2022-08-09 09:30,18.9100,4,5,9,4,1055,1059,0.000973,0.051099,overnight,overnight,1,1
2022-08-09 12:29,16.9100,2022-08-09 14:53,17.7700,2022-08-10 09:30,19.2100,2022-08-10 09:31,18.6900,67,1,68,1117,1,1118,0.081035,0.136014,overnight,intraday,0,1
2022-08-10 09:42,18.3900,2022-08-10 11:04,19.3100,2022-08-10 12:00,19.9000,2022-08-10 12:21,19.4600,56,21,77,56,21,77,0.030554,0.082110,intraday,intraday,0,0
2022-08-10 13:01,19.3300,2022-08-11 09:30,20.5100,2022-08-11 10:19,21.6000,2022-08-11 10:28,21.1500,49,9,58,49,9,58,0.053145,0.117434,intraday,intraday,0,0
2022-08-11 15:13,19.6800,2022-08-12 09:40,20.6900,2022-08-12 10:20,21.1900,2022-08-12 10:40,20.7100,40,20,60,40,20,60,0.024166,0.076728,intraday,intraday,0,0
2022-08-12 10:49,20.6000,2022-08-12 14:43,21.6600,2022-08-12 14:50,21.7200,2022-08-15 09:30,21.2100,7,70,77,7,4000,4007,0.002770,0.054369,weekend,weekend,1,1
2022-08-15 11:13,20.8000,2022-08-15 15:13,21.8500,2022-08-15 15:50,21.9700,2022-08-16 09:30,21.3100,37,10,47,37,1060,1097,0.005492,0.056250,overnight,overnight,1,1
2022-08-16 10:34,20.3900,2022-08-16 11:57,21.4100,2022-08-16 14:14,21.7400,2022-08-16 14:36,21.2400,137,22,159,137,22,159,0.015413,0.066209,intraday,intraday,0,0
2022-08-17 11:15,18.7100,2022-08-17 14:14,19.7300,2022-08-17 14:38,20.0800,2022-08-17 15:11,19.5800,24,33,57,24,33,57,0.017739,0.073223,intraday,intraday,0,0
2022-08-17 15:20,19.4300,2022-08-18 09:44,20.4300,2022-08-18 09:44,20.4300,2022-08-18 10:00,19.9500,0,16,16,0,16,16,0.000000,0.051467,intraday,intraday,0,0
2022-08-18 10:01,19.9400,2022-08-18 10:49,20.9500,2022-08-18 12:06,21.3600,2022-08-18 12:24,20.8900,77,18,95,77,18,95,0.019570,0.071214,intraday,intraday,0,0
2022-08-22 15:45,16.7700,2022-08-23 09:49,17.6200,2022-08-23 09:52,17.9300,2022-08-23 10:02,17.5300,3,10,13,3,10,13,0.017594,0.069171,intraday,intraday,0,0
2022-08-24 10:06,16.7700,2022-08-25 09:30,17.7300,2022-08-25 10:48,19.0700,2022-08-25 11:02,18.6800,78,14,92,78,14,92,0.075578,0.137150,intraday,intraday,0,0
2022-08-26 10:05,18.1700,2022-08-26 10:09,19.2200,2022-08-26 10:10,19.3300,2022-08-26 10:11,18.9400,1,1,2,1,1,2,0.005723,0.063841,intraday,intraday,0,0
2022-08-29 11:12,14.9500,2022-08-29 13:45,15.7100,2022-08-29 13:45,15.7100,2022-08-29 14:15,15.3200,0,30,30,0,30,30,0.000000,0.050836,intraday,intraday,0,0
2022-08-30 10:50,13.9600,2022-08-31 09:30,14.7200,2022-08-31 09:30,14.7200,2022-08-31 09:31,14.3700,0,1,1,0,1,1,0.000000,0.054441,intraday,intraday,0,0
2022-08-31 13:41,13.6600,2022-08-31 15:44,14.3600,2022-08-31 15:48,14.3800,2022-08-31 15:56,14.0700,4,8,12,4,8,12,0.001393,0.052709,intraday,intraday,0,0
2022-09-01 12:42,11.9700,2022-09-01 13:30,12.5700,2022-09-01 13:31,12.5900,2022-09-01 13:47,12.3100,1,16,17,1,16,17,0.001591,0.051796,intraday,intraday,0,0
2022-09-01 13:55,12.2800,2022-09-01 14:33,12.9100,2022-09-01 15:13,13.2400,2022-09-01 15:26,12.9600,40,13,53,40,13,53,0.025562,0.078176,intraday,intraday,0,0
2022-09-01 15:42,12.8300,2022-09-02 09:30,13.9400,2022-09-02 09:30,13.9400,2022-09-02 09:31,13.5800,0,1,1,0,1,1,0.000000,0.086516,intraday,intraday,0,0
2022-09-02 09:41,13.2000,2022-09-02 10:30,13.8700,2022-09-02 10:39,14.1400,2022-09-02 10:52,13.8500,9,13,22,9,13,22,0.019466,0.071212,intraday,intraday,0,0
2022-09-06 10:12,12.0700,2022-09-06 10:51,12.7000,2022-09-06 11:08,12.9200,2022-09-06 11:17,12.6500,17,9,26,17,9,26,0.017323,0.070423,intraday,intraday,0,0
2022-09-07 10:15,12.2300,2022-09-07 11:54,12.8600,2022-09-07 11:55,12.8800,2022-09-07 12:20,12.5800,1,25,26,1,25,26,0.001555,0.053148,intraday,intraday,0,0
2022-09-07 12:32,12.5200,2022-09-07 14:47,13.1500,2022-09-07 15:29,13.3200,2022-09-07 15:53,13.0400,42,24,66,42,24,66,0.012928,0.063898,intraday,intraday,0,0
2022-09-08 09:35,12.3700,2022-09-08 09:55,13.0600,2022-09-08 09:55,13.0600,2022-09-08 10:01,12.7800,0,6,6,0,6,6,0.000000,0.055780,intraday,intraday,0,0
2022-09-08 10:04,12.6900,2022-09-08 10:43,13.3300,2022-09-08 11:26,13.8000,2022-09-08 11:50,13.5200,43,24,67,43,24,67,0.035259,0.087470,intraday,intraday,0,0
2022-09-08 12:22,12.9600,2022-09-08 15:56,13.6300,2022-09-09 09:34,14.5500,2022-09-09 09:45,14.2500,8,11,19,1058,11,1069,0.067498,0.122685,overnight,intraday,0,1
2022-09-09 09:45,14.2500,2022-09-12 09:32,14.9800,2022-09-12 09:32,14.9800,2022-09-12 09:34,14.6600,0,2,2,0,2,2,0.000000,0.051228,intraday,intraday,0,0
2022-09-14 09:37,11.9400,2022-09-14 10:54,12.5500,2022-09-14 11:13,12.6900,2022-09-14 11:32,12.4000,19,19,38,19,19,38,0.011155,0.062814,intraday,intraday,0,0
2022-09-14 15:31,12.0200,2022-09-15 09:54,12.6300,2022-09-15 10:19,12.6700,2022-09-15 10:22,12.3600,25,3,28,25,3,28,0.003167,0.054077,intraday,intraday,0,0
2022-09-15 11:15,11.5900,2022-09-15 13:00,12.2100,2022-09-15 13:27,12.4500,2022-09-15 13:45,12.2000,27,18,45,27,18,45,0.019656,0.074202,intraday,intraday,0,0
2022-09-16 09:32,11.1800,2022-09-16 10:13,11.8400,2022-09-16 10:13,11.8400,2022-09-16 10:22,11.5900,0,9,9,0,9,9,0.000000,0.059034,intraday,intraday,0,0
2022-09-16 12:28,11.3100,2022-09-16 14:48,11.8900,2022-09-16 15:07,12.0700,2022-09-16 15:27,11.8200,19,20,39,19,20,39,0.015139,0.067197,intraday,intraday,0,0
2022-09-19 09:30,11.5700,2022-09-19 09:45,12.1700,2022-09-19 10:43,12.4400,2022-09-19 11:19,12.1800,58,36,94,58,36,94,0.022186,0.075194,intraday,intraday,0,0
2022-09-20 13:59,11.4200,2022-09-21 09:47,12.0500,2022-09-21 10:29,12.3800,2022-09-21 13:07,12.1300,42,158,200,42,158,200,0.027386,0.084063,intraday,intraday,0,0
2022-09-21 14:05,11.4500,2022-09-21 14:33,12.1100,2022-09-21 14:35,12.3800,2022-09-21 14:39,12.1200,2,4,6,2,4,6,0.022296,0.081223,intraday,intraday,0,0
2022-09-21 14:39,12.1200,2022-09-21 14:44,12.7600,2022-09-21 14:46,12.9200,2022-09-21 14:47,12.6200,2,1,3,2,1,3,0.012539,0.066007,intraday,intraday,0,0
2022-09-22 14:23,10.2500,2022-09-22 15:47,10.8200,2022-09-22 15:47,10.8200,2022-09-22 15:51,10.5900,0,4,4,0,4,4,0.000000,0.055610,intraday,intraday,0,0
2022-09-23 14:58,9.4500,2022-09-23 15:42,9.9600,2022-09-23 15:44,10.0200,2022-09-23 15:50,9.7600,2,6,8,2,6,8,0.006024,0.060317,intraday,intraday,0,0
2022-09-23 15:50,9.7600,2022-09-26 09:57,10.2500,2022-09-26 10:00,10.3200,2022-09-26 10:03,10.1100,3,3,6,3,3,6,0.006829,0.057377,intraday,intraday,0,0
2022-09-26 13:59,9.5000,2022-09-27 09:30,10.1500,2022-09-27 09:38,10.2800,2022-09-27 09:49,10.0600,8,11,19,8,11,19,0.012808,0.082105,intraday,intraday,0,0
2022-09-27 12:19,9.3900,2022-09-27 14:49,9.9000,2022-09-27 14:49,9.9000,2022-09-27 15:02,9.7000,0,13,13,0,13,13,0.000000,0.054313,intraday,intraday,0,0
2022-09-28 09:34,9.4400,2022-09-28 10:00,9.9700,2022-09-28 10:00,9.9700,2022-09-28 10:02,9.7600,0,2,2,0,2,2,0.000000,0.056144,intraday,intraday,0,0
2022-09-28 10:09,9.6300,2022-09-28 11:55,10.1300,2022-09-28 12:19,10.2500,2022-09-28 12:31,10.0400,24,12,36,24,12,36,0.011846,0.064382,intraday,intraday,0,0
2022-09-29 14:20,8.8000,2022-09-29 15:36,9.2600,2022-09-29 15:50,9.3000,2022-09-30 09:30,8.8900,14,10,24,14,1060,1074,0.004320,0.056818,overnight,overnight,1,1
2022-09-30 09:30,8.8900,2022-09-30 10:32,9.3600,2022-09-30 11:12,9.6100,2022-09-30 11:38,9.3900,40,26,66,40,26,66,0.026709,0.080990,intraday,intraday,0,0
2022-09-30 15:59,8.7400,2022-10-03 09:30,9.2400,2022-10-03 09:30,9.2400,2022-10-03 09:32,9.0300,0,2,2,0,2,2,0.000000,0.057208,intraday,intraday,0,0
2022-10-03 09:40,8.8800,2022-10-03 09:55,9.3300,2022-10-03 10:31,9.8000,2022-10-03 10:42,9.5900,36,11,47,36,11,47,0.050375,0.103604,intraday,intraday,0,0
2022-10-03 12:52,9.5200,2022-10-03 15:07,10.0000,2022-10-03 15:07,10.0000,2022-10-03 15:41,9.8000,0,34,34,0,34,34,0.000000,0.050420,intraday,intraday,0,0
2022-10-03 15:56,9.6800,2022-10-04 09:30,10.7600,2022-10-04 09:30,10.7600,2022-10-04 09:34,10.5400,0,4,4,0,4,4,0.000000,0.111570,intraday,intraday,0,0
2022-10-04 09:34,10.5400,2022-10-04 11:32,11.0900,2022-10-04 12:05,11.1000,2022-10-04 13:13,10.8700,33,68,101,33,68,101,0.000902,0.053131,intraday,intraday,0,0
2022-10-05 10:33,10.2100,2022-10-05 11:36,10.7300,2022-10-05 13:23,11.4300,2022-10-05 14:00,11.2000,107,37,144,107,37,144,0.065238,0.119491,intraday,intraday,0,0
2022-10-05 14:00,11.2000,2022-10-06 09:40,11.8300,2022-10-06 09:43,11.9200,2022-10-06 09:49,11.6700,3,6,9,3,6,9,0.007608,0.064286,intraday,intraday,0,0
2022-10-06 10:29,11.0500,2022-10-06 11:52,11.6100,2022-10-06 11:53,11.6400,2022-10-06 11:56,11.3900,1,3,4,1,3,4,0.002584,0.053394,intraday,intraday,0,0
2022-10-10 10:54,7.8600,2022-10-10 11:50,8.2800,2022-10-10 11:50,8.2800,2022-10-10 12:02,8.1100,0,12,12,0,12,12,0.000000,0.053435,intraday,intraday,0,0
2022-10-10 13:08,7.9000,2022-10-10 13:48,8.3300,2022-10-10 13:52,8.4800,2022-10-10 14:01,8.3000,4,9,13,4,9,13,0.018007,0.073418,intraday,intraday,0,0
2022-10-11 10:31,7.3400,2022-10-11 11:37,7.7200,2022-10-11 11:49,7.8800,2022-10-11 11:58,7.7200,12,9,21,12,9,21,0.020725,0.073569,intraday,intraday,0,0
2022-10-11 12:09,7.5000,2022-10-11 12:43,7.9000,2022-10-11 12:46,8.0200,2022-10-11 12:54,7.8500,3,8,11,3,8,11,0.015190,0.069333,intraday,intraday,0,0
2022-10-11 15:15,7.2000,2022-10-12 09:36,7.5600,2022-10-12 09:38,7.6100,2022-10-12 09:41,7.4000,2,3,5,2,3,5,0.006614,0.056944,intraday,intraday,0,0
2022-10-13 09:33,6.2100,2022-10-13 09:42,6.5300,2022-10-13 09:42,6.5300,2022-10-13 09:44,6.3800,0,2,2,0,2,2,0.000000,0.051530,intraday,intraday,0,0
2022-10-13 09:44,6.3800,2022-10-13 09:53,6.7000,2022-10-13 10:14,7.0700,2022-10-13 10:20,6.9100,21,6,27,21,6,27,0.055224,0.108150,intraday,intraday,0,0
2022-10-13 10:30,6.7700,2022-10-13 10:50,7.1200,2022-10-13 10:56,7.2900,2022-10-13 11:00,7.1400,6,4,10,6,4,10,0.023876,0.076809,intraday,intraday,0,0
2022-10-13 11:03,7.1200,2022-10-13 11:08,7.4800,2022-10-13 11:17,7.9400,2022-10-13 11:17,7.7200,9,0,9,9,0,9,0.061497,0.115169,intraday,intraday,0,0
2022-10-13 11:17,7.7200,2022-10-13 11:20,8.1600,2022-10-13 11:21,8.2300,2022-10-13 11:21,7.9900,1,0,1,1,0,1,0.008578,0.066062,intraday,intraday,0,0
2022-10-13 11:25,7.7500,2022-10-13 11:38,8.2100,2022-10-13 11:39,8.3200,2022-10-13 11:39,8.1500,1,0,1,1,0,1,0.013398,0.073548,intraday,intraday,0,0
2022-10-13 12:25,7.5700,2022-10-13 13:20,7.9500,2022-10-13 13:34,8.1200,2022-10-13 13:45,7.9200,14,11,25,14,11,25,0.021384,0.072655,intraday,intraday,0,0
2022-10-13 14:28,7.8100,2022-10-14 09:30,8.2700,2022-10-14 09:30,8.2700,2022-10-14 09:31,8.0300,0,1,1,0,1,1,0.000000,0.058899,intraday,intraday,0,0
2022-10-14 10:22,7.1300,2022-10-14 11:00,7.5000,2022-10-14 11:04,7.5700,2022-10-14 11:10,7.3900,4,6,10,4,6,10,0.009333,0.061711,intraday,intraday,0,0
2022-10-14 15:59,6.8700,2022-10-17 09:30,7.6700,2022-10-17 09:30,7.6700,2022-10-17 09:34,7.4800,0,4,4,0,4,4,0.000000,0.116448,intraday,intraday,0,0
2022-10-17 10:57,7.2000,2022-10-18 09:30,8.1700,2022-10-18 09:32,8.2100,2022-10-18 09:33,7.9900,2,1,3,2,1,3,0.004896,0.140278,intraday,intraday,0,0
2022-10-18 11:41,7.0400,2022-10-18 12:08,7.4000,2022-10-18 12:19,7.4800,2022-10-18 12:27,7.3200,11,8,19,11,8,19,0.010811,0.062500,intraday,intraday,0,0
2022-10-18 14:48,7.1200,2022-10-19 09:35,7.5000,2022-10-19 09:36,7.5200,2022-10-19 09:38,7.3400,1,2,3,1,2,3,0.002667,0.056180,intraday,intraday,0,0
2022-10-19 09:49,7.2000,2022-10-19 10:14,7.5700,2022-10-19 10:30,7.8000,2022-10-19 10:41,7.6000,16,11,27,16,11,27,0.030383,0.083333,intraday,intraday,0,0
2022-10-19 13:05,7.3200,2022-10-20 09:30,7.7600,2022-10-20 09:31,7.8600,2022-10-20 09:32,7.6400,1,1,2,1,1,2,0.012887,0.073770,intraday,intraday,0,0
2022-10-20 09:36,7.5900,2022-10-20 09:46,7.9800,2022-10-20 10:22,8.3600,2022-10-20 10:32,8.1700,36,10,46,36,10,46,0.047619,0.101449,intraday,intraday,0,0
2022-10-21 09:31,7.5500,2022-10-21 09:52,7.9500,2022-10-21 10:08,8.3000,2022-10-21 10:11,8.1300,16,3,19,16,3,19,0.044025,0.099338,intraday,intraday,0,0
2022-10-21 10:38,7.8200,2022-10-21 11:44,8.2300,2022-10-21 12:02,8.3500,2022-10-21 12:20,8.1800,18,18,36,18,18,36,0.014581,0.067775,intraday,intraday,0,0
2022-10-21 12:31,8.1500,2022-10-21 15:18,8.5700,2022-10-24 09:30,8.6800,2022-10-24 09:31,8.5000,42,1,43,3972,1,3973,0.012835,0.065031,weekend,intraday,0,1
2022-10-24 10:21,8.0800,2022-10-24 11:01,8.4900,2022-10-24 12:25,8.7200,2022-10-24 13:16,8.5400,84,51,135,84,51,135,0.027091,0.079208,intraday,intraday,0,0
2022-10-24 13:32,8.4600,2022-10-25 09:31,8.8900,2022-10-25 10:16,9.3900,2022-10-25 10:38,9.1600,45,22,67,45,22,67,0.056243,0.109929,intraday,intraday,0,0
2022-10-26 09:30,8.5500,2022-10-26 09:50,8.9800,2022-10-26 10:00,9.2000,2022-10-26 10:00,9.0000,10,0,10,10,0,10,0.024499,0.076023,intraday,intraday,0,0
2022-10-26 10:00,9.0000,2022-10-26 10:46,9.4700,2022-10-26 11:39,9.6700,2022-10-26 11:54,9.4600,53,15,68,53,15,68,0.021119,0.074444,intraday,intraday,0,0
2022-10-26 13:32,8.8700,2022-10-27 09:30,9.4000,2022-10-27 09:34,9.4400,2022-10-27 09:36,9.1600,4,2,6,4,2,6,0.004255,0.064262,intraday,intraday,0,0
2022-10-27 09:51,8.6100,2022-10-27 10:13,9.1000,2022-10-27 10:31,9.3000,2022-10-27 10:36,9.0800,18,5,23,18,5,23,0.021978,0.080139,intraday,intraday,0,0
2022-10-27 15:57,8.4800,2022-10-28 09:36,8.9800,2022-10-28 09:42,9.0400,2022-10-28 09:50,8.7800,6,8,14,6,8,14,0.006682,0.066038,intraday,intraday,0,0
2022-10-28 10:12,8.6100,2022-10-28 10:47,9.1000,2022-10-28 12:31,9.5000,2022-10-28 13:48,9.3100,104,77,181,104,77,181,0.043956,0.103368,intraday,intraday,0,0
2022-10-31 10:36,8.7500,2022-11-01 09:30,9.5100,2022-11-01 09:35,9.5200,2022-11-01 09:42,9.3000,5,7,12,5,7,12,0.001052,0.088000,intraday,intraday,0,0
2022-11-01 10:10,8.9400,2022-11-02 09:40,9.4100,2022-11-02 09:48,9.4900,2022-11-02 10:04,9.3000,8,16,24,8,16,24,0.008502,0.061521,intraday,intraday,0,0
2022-11-02 12:37,9.0200,2022-11-02 14:01,9.6000,2022-11-02 14:07,9.7000,2022-11-02 14:10,9.4900,6,3,9,6,3,9,0.010417,0.075388,intraday,intraday,0,0
2022-11-02 14:36,9.2500,2022-11-02 14:36,9.7500,2022-11-02 14:36,9.7500,2022-11-02 14:37,9.1100,0,1,1,0,1,1,0.000000,0.054054,intraday,intraday,0,0
2022-11-02 14:38,9.0700,2022-11-02 14:42,9.5900,2022-11-02 14:42,9.5900,2022-11-02 14:43,9.3700,0,1,1,0,1,1,0.000000,0.057332,intraday,intraday,0,0
2022-11-03 10:00,7.5300,2022-11-03 10:25,7.9400,2022-11-03 10:30,8.0500,2022-11-03 10:34,7.8500,5,4,9,5,4,9,0.013854,0.069057,intraday,intraday,0,0
2022-11-03 10:36,7.8200,2022-11-03 10:47,8.2200,2022-11-03 11:03,8.2900,2022-11-03 11:07,8.1200,16,4,20,16,4,20,0.008516,0.060102,intraday,intraday,0,0
2022-11-03 15:57,7.8700,2022-11-04 09:30,8.9000,2022-11-04 09:30,8.9000,2022-11-04 09:31,8.7000,0,1,1,0,1,1,0.000000,0.130877,intraday,intraday,0,0
2022-11-04 09:44,8.4300,2022-11-04 10:11,8.8600,2022-11-04 10:41,9.0600,2022-11-04 10:52,8.8600,30,11,41,30,11,41,0.022573,0.074733,intraday,intraday,0,0
2022-11-04 14:06,8.4200,2022-11-04 15:05,8.8800,2022-11-07 09:31,9.3100,2022-11-07 09:31,9.1200,56,0,56,3986,0,3986,0.048423,0.105701,weekend,intraday,0,1
2022-11-07 09:52,8.8800,2022-11-07 11:30,9.3300,2022-11-07 11:32,9.3500,2022-11-07 11:41,9.1600,2,9,11,2,9,11,0.002144,0.052928,intraday,intraday,0,0
2022-11-07 12:00,9.0800,2022-11-07 14:34,9.5500,2022-11-08 09:35,10.2100,2022-11-08 09:38,9.9600,91,3,94,1141,3,1144,0.069110,0.124449,overnight,intraday,0,1
2022-11-08 09:43,9.8700,2022-11-08 11:10,10.3700,2022-11-08 11:40,10.5600,2022-11-08 12:15,10.3400,30,35,65,30,35,65,0.018322,0.069909,intraday,intraday,0,0
2022-11-08 14:32,9.6100,2022-11-08 15:13,10.1000,2022-11-08 15:38,10.3400,2022-11-09 09:30,9.6700,25,22,47,25,1072,1097,0.023762,0.075963,overnight,overnight,1,1
2022-11-09 15:48,9.1800,2022-11-10 09:30,10.9200,2022-11-10 09:30,10.9200,2022-11-10 09:31,10.6700,0,1,1,0,1,1,0.000000,0.189542,intraday,intraday,0,0
2022-11-10 09:42,10.5600,2022-11-10 10:23,11.0900,2022-11-10 11:55,11.6300,2022-11-10 12:31,11.3700,92,36,128,92,36,128,0.048693,0.101326,intraday,intraday,0,0
2022-11-10 12:38,11.3400,2022-11-10 15:15,11.9200,2022-11-11 09:30,12.2900,2022-11-11 09:31,12.0400,45,1,46,1095,1,1096,0.031040,0.083774,overnight,intraday,0,1
2022-11-11 09:37,11.8300,2022-11-11 09:47,12.4500,2022-11-11 09:50,12.4900,2022-11-11 09:54,12.2300,3,4,7,3,4,7,0.003213,0.055790,intraday,intraday,0,0
2022-11-11 10:00,12.1700,2022-11-11 10:16,12.7900,2022-11-11 10:30,12.8700,2022-11-11 10:41,12.6100,14,11,25,14,11,25,0.006255,0.057518,intraday,intraday,0,0
2022-11-11 11:30,12.4400,2022-11-11 13:27,13.0800,2022-11-11 14:59,13.4100,2022-11-11 15:06,13.1400,92,7,99,92,7,99,0.025229,0.077974,intraday,intraday,0,0
2022-11-14 09:48,12.7500,2022-11-14 10:40,13.4500,2022-11-14 10:41,13.4700,2022-11-14 11:06,13.1800,1,25,26,1,25,26,0.001487,0.056471,intraday,intraday,0,0
2022-11-14 15:57,12.7200,2022-11-15 09:30,14.4300,2022-11-15 09:31,14.4400,2022-11-15 09:34,14.1400,1,3,4,1,3,4,0.000693,0.135220,intraday,intraday,0,0
2022-11-15 13:40,13.3100,2022-11-15 14:22,13.9900,2022-11-15 14:24,14.0300,2022-11-15 14:51,13.7300,2,27,29,2,27,29,0.002859,0.054095,intraday,intraday,0,0
2022-11-17 09:30,11.3100,2022-11-17 09:45,11.9300,2022-11-17 09:50,12.1800,2022-11-17 09:53,11.9200,5,3,8,5,3,8,0.020956,0.076923,intraday,intraday,0,0
2022-11-17 10:03,11.7300,2022-11-17 10:19,12.3600,2022-11-17 10:22,12.3900,2022-11-17 10:35,12.1200,3,13,16,3,13,16,0.002427,0.056266,intraday,intraday,0,0
2022-11-17 11:11,11.9100,2022-11-17 13:11,12.5200,2022-11-17 13:21,12.5800,2022-11-17 13:49,12.3200,10,28,38,10,28,38,0.004792,0.056255,intraday,intraday,0,0
2022-11-17 15:26,12.1200,2022-11-18 09:30,13.0300,2022-11-18 09:30,13.0300,2022-11-18 09:31,12.5500,0,1,1,0,1,1,0.000000,0.075083,intraday,intraday,0,0
2022-11-21 10:47,11.7400,2022-11-22 10:47,12.3700,2022-11-23 10:14,13.7500,2022-11-23 11:17,13.4600,357,63,420,1407,63,1470,0.111560,0.171210,overnight,intraday,0,1
2022-11-28 15:33,11.6000,2022-11-29 10:40,12.1800,2022-11-29 10:40,12.1800,2022-11-29 11:02,11.9200,0,22,22,0,22,22,0.000000,0.050000,intraday,intraday,0,0
2022-11-29 11:20,11.5000,2022-11-30 09:34,12.0900,2022-11-30 09:34,12.0900,2022-11-30 09:41,11.8100,0,7,7,0,7,7,0.000000,0.051304,intraday,intraday,0,0
2022-11-30 10:00,11.5200,2022-11-30 13:30,12.1300,2022-11-30 13:32,12.1800,2022-11-30 13:33,11.9200,2,1,3,2,1,3,0.004122,0.057292,intraday,intraday,0,0
2022-11-30 13:33,11.9200,2022-11-30 13:57,12.5400,2022-12-01 09:32,14.1300,2022-12-01 09:37,13.8400,125,5,130,1175,5,1180,0.126794,0.185403,overnight,intraday,0,1
2022-12-01 10:18,12.9400,2022-12-01 13:42,13.6000,2022-12-01 15:08,13.7000,2022-12-02 09:30,12.3900,86,52,138,86,1102,1188,0.007353,0.058733,overnight,overnight,1,1
2022-12-02 09:54,12.3000,2022-12-02 15:00,12.9200,2022-12-02 15:18,13.1300,2022-12-02 15:37,12.8300,18,19,37,18,19,37,0.016254,0.067480,intraday,intraday,0,0
2022-12-07 09:30,11.3300,2022-12-07 09:37,11.9000,2022-12-07 09:37,11.9000,2022-12-07 09:43,11.6300,0,6,6,0,6,6,0.000000,0.050309,intraday,intraday,0,0
2022-12-07 09:52,11.3300,2022-12-07 11:05,11.9300,2022-12-07 11:05,11.9300,2022-12-07 11:17,11.6900,0,12,12,0,12,12,0.000000,0.052957,intraday,intraday,0,0
2022-12-07 11:30,11.5100,2022-12-08 10:00,12.0900,2022-12-08 10:37,12.6300,2022-12-08 11:18,12.3700,37,41,78,37,41,78,0.044665,0.097307,intraday,intraday,0,0
2022-12-09 09:32,12.1800,2022-12-09 09:45,12.8200,2022-12-09 09:45,12.8200,2022-12-09 09:50,12.5200,0,5,5,0,5,5,0.000000,0.052545,intraday,intraday,0,0
2022-12-12 09:39,11.9400,2022-12-12 13:00,12.5600,2022-12-13 09:30,14.8600,2022-12-13 09:31,14.5400,180,1,181,1230,1,1231,0.183121,0.244556,overnight,intraday,0,1
2022-12-13 09:37,14.1700,2022-12-13 09:47,14.9100,2022-12-13 09:47,14.9100,2022-12-13 10:01,14.5800,0,14,14,0,14,14,0.000000,0.052223,intraday,intraday,0,0
2022-12-13 12:33,13.1400,2022-12-14 09:38,13.8100,2022-12-14 10:13,14.0300,2022-12-14 10:38,13.7400,35,25,60,35,25,60,0.015930,0.067732,intraday,intraday,0,0
2022-12-14 14:35,12.5400,2022-12-14 14:44,13.1900,2022-12-14 14:44,13.1900,2022-12-14 14:45,12.8500,0,1,1,0,1,1,0.000000,0.051834,intraday,intraday,0,0
2022-12-14 14:48,12.6800,2022-12-14 15:11,13.3900,2022-12-14 15:13,13.6100,2022-12-14 15:14,13.3300,2,1,3,2,1,3,0.016430,0.073344,intraday,intraday,0,0
2022-12-20 09:32,10.1600,2022-12-20 10:01,10.6700,2022-12-20 10:32,10.7500,2022-12-20 11:08,10.5300,31,36,67,31,36,67,0.007498,0.058071,intraday,intraday,0,0
2022-12-20 11:28,10.3500,2022-12-21 09:45,10.9100,2022-12-21 09:48,11.0200,2022-12-21 10:00,10.7900,3,12,15,3,12,15,0.010082,0.064734,intraday,intraday,0,0
2022-12-22 12:38,9.1100,2022-12-22 14:58,9.5900,2022-12-22 15:23,9.8900,2022-12-22 15:35,9.6800,25,12,37,25,12,37,0.031283,0.085620,intraday,intraday,0,0
2022-12-23 09:36,9.2300,2022-12-23 10:19,9.7000,2022-12-23 10:39,9.8100,2022-12-23 10:47,9.6100,20,8,28,20,8,28,0.011340,0.062839,intraday,intraday,0,0
2022-12-28 09:31,8.9600,2022-12-28 09:48,9.4100,2022-12-28 09:49,9.4300,2022-12-28 09:53,9.2200,1,4,5,1,4,5,0.002125,0.052455,intraday,intraday,0,0
2022-12-28 15:15,8.7400,2022-12-29 09:30,9.3100,2022-12-29 10:38,9.8300,2022-12-29 11:09,9.6300,68,31,99,68,31,99,0.055854,0.124714,intraday,intraday,0,0
2022-12-30 09:48,9.0600,2022-12-30 15:46,9.5400,2023-01-03 09:30,10.2100,2023-01-03 09:31,9.9600,14,1,15,5384,1,5385,0.070231,0.126932,weekend,intraday,0,1
2023-01-03 14:33,9.1900,2023-01-04 09:30,9.9400,2023-01-04 09:36,10.2000,2023-01-04 09:43,9.9800,6,7,13,6,7,13,0.026157,0.109902,intraday,intraday,0,0
2023-01-04 10:33,9.5800,2023-01-04 11:30,10.0700,2023-01-04 12:46,10.2300,2023-01-04 13:01,10.0200,76,15,91,76,15,91,0.015889,0.067850,intraday,intraday,0,0
2023-01-05 15:54,9.5300,2023-01-06 09:31,10.0200,2023-01-06 09:35,10.1200,2023-01-06 09:37,9.8200,4,2,6,4,2,6,0.009980,0.061910,intraday,intraday,0,0
2023-01-06 09:46,9.5600,2023-01-06 10:36,10.0600,2023-01-06 15:10,11.0700,2023-01-06 15:54,10.8300,274,44,318,274,44,318,0.100398,0.157950,intraday,intraday,0,0
2023-01-06 15:54,10.8300,2023-01-09 09:30,11.5500,2023-01-09 09:30,11.5500,2023-01-09 09:36,11.2800,0,6,6,0,6,6,0.000000,0.066482,intraday,intraday,0,0
2023-01-09 09:36,11.2800,2023-01-09 09:51,11.8800,2023-01-09 12:13,12.2700,2023-01-09 13:36,12.0100,142,83,225,142,83,225,0.032828,0.087766,intraday,intraday,0,0
2023-01-10 10:46,11.1900,2023-01-10 14:01,11.7700,2023-01-11 09:30,12.0200,2023-01-11 09:31,11.6900,119,1,120,1169,1,1170,0.021240,0.074173,overnight,intraday,0,1
2023-01-11 09:33,11.6500,2023-01-11 15:12,12.2400,2023-01-12 09:31,12.7700,2023-01-12 09:36,12.4200,49,5,54,1099,5,1104,0.043301,0.096137,overnight,intraday,0,1
2023-01-12 09:50,11.8200,2023-01-12 10:12,12.5000,2023-01-12 10:38,12.6000,2023-01-12 10:44,12.3000,26,6,32,26,6,32,0.008000,0.065990,intraday,intraday,0,0
2023-01-12 11:01,12.1900,2023-01-12 12:12,12.8000,2023-01-12 12:57,13.0700,2023-01-12 13:27,12.7600,45,30,75,45,30,75,0.021094,0.072190,intraday,intraday,0,0
2023-01-13 09:42,12.2700,2023-01-13 13:43,12.8900,2023-01-17 10:04,13.4300,2023-01-17 10:28,13.1400,171,24,195,5541,24,5565,0.041893,0.094540,weekend,intraday,0,1
2023-01-17 11:12,12.6700,2023-01-18 09:30,13.5300,2023-01-18 10:00,13.7600,2023-01-18 10:19,13.4300,30,19,49,30,19,49,0.016999,0.086030,intraday,intraday,0,0
2023-01-19 11:47,11.6200,2023-01-19 14:34,12.2400,2023-01-19 14:36,12.2900,2023-01-19 15:31,12.0300,2,55,57,2,55,57,0.004085,0.057659,intraday,intraday,0,0
2023-01-19 15:59,11.7300,2023-01-20 13:36,12.3700,2023-01-23 13:46,14.9100,2023-01-23 14:28,14.6100,400,42,442,4330,42,4372,0.205335,0.271100,weekend,intraday,0,1
2023-01-25 10:24,13.3300,2023-01-25 11:22,14.0200,2023-01-26 09:31,15.2300,2023-01-26 09:43,14.9100,279,12,291,1329,12,1341,0.086305,0.142536,overnight,intraday,0,1
2023-01-26 10:58,14.3000,2023-01-26 13:46,15.0300,2023-01-26 15:59,15.3000,2023-01-27 09:30,14.3500,133,1,134,133,1051,1184,0.017964,0.069930,overnight,overnight,1,1
2023-01-27 09:30,14.3500,2023-01-27 10:04,15.0800,2023-01-27 10:08,15.1400,2023-01-27 10:47,14.7700,4,39,43,4,39,43,0.003979,0.055052,intraday,intraday,0,0
2023-01-27 11:09,14.5800,2023-01-27 14:20,15.3100,2023-01-27 15:08,15.3600,2023-01-27 15:52,15.0400,48,44,92,48,44,92,0.003266,0.053498,intraday,intraday,0,0
2023-01-31 10:00,13.6400,2023-01-31 11:00,14.3500,2023-01-31 11:06,14.3700,2023-01-31 11:48,14.0800,6,42,48,6,42,48,0.001394,0.053519,intraday,intraday,0,0
2023-01-31 11:48,14.0800,2023-02-01 09:30,14.8400,2023-02-01 10:34,15.6400,2023-02-01 10:50,15.3200,64,16,80,64,16,80,0.053908,0.110795,intraday,intraday,0,0
2023-02-01 11:00,15.1000,2023-02-01 14:39,15.9600,2023-02-01 15:09,16.9900,2023-02-01 15:17,16.6500,30,8,38,30,8,38,0.064536,0.125166,intraday,intraday,0,0
2023-02-01 15:54,16.6400,2023-02-02 09:39,17.5400,2023-02-02 09:41,17.6700,2023-02-02 09:52,17.3100,2,11,13,2,11,13,0.007412,0.061899,intraday,intraday,0,0
2023-02-02 10:00,17.0100,2023-02-02 12:35,17.8700,2023-02-02 14:01,18.4000,2023-02-02 14:12,17.9900,86,11,97,86,11,97,0.029659,0.081717,intraday,intraday,0,0
2023-02-03 09:31,16.5900,2023-02-03 09:47,17.4300,2023-02-03 09:51,17.6200,2023-02-03 10:00,17.1700,4,9,13,4,9,13,0.010901,0.062086,intraday,intraday,0,0
2023-02-03 10:02,17.1500,2023-02-03 10:45,18.0700,2023-02-03 10:47,18.1300,2023-02-03 10:57,17.7000,2,10,12,2,10,12,0.003320,0.057143,intraday,intraday,0,0
2023-02-06 09:30,16.0300,2023-02-06 10:09,16.8600,2023-02-06 10:09,16.8600,2023-02-06 10:15,16.5000,0,6,6,0,6,6,0.000000,0.051778,intraday,intraday,0,0
2023-02-06 15:30,15.8500,2023-02-07 12:04,16.6500,2023-02-07 12:41,16.8900,2023-02-07 12:42,16.5300,37,1,38,37,1,38,0.014414,0.065615,intraday,intraday,0,0
2023-02-07 12:42,16.5300,2023-02-07 12:53,17.4200,2023-02-07 12:57,17.7200,2023-02-07 13:04,17.2500,4,7,11,4,7,11,0.017222,0.071990,intraday,intraday,0,0
2023-02-07 13:35,16.1600,2023-02-07 14:07,17.0100,2023-02-07 15:55,17.8500,2023-02-08 09:30,17.2400,108,5,113,108,1055,1163,0.049383,0.104579,overnight,overnight,1,1
2023-02-08 15:19,16.3500,2023-02-09 09:30,17.4700,2023-02-09 10:21,17.9000,2023-02-09 10:26,17.5400,51,5,56,51,5,56,0.024614,0.094801,intraday,intraday,0,0
2023-02-10 12:19,15.2500,2023-02-13 09:30,16.0300,2023-02-13 09:30,16.0300,2023-02-13 09:33,15.6500,0,3,3,0,3,3,0.000000,0.051148,intraday,intraday,0,0
2023-02-13 09:35,15.5700,2023-02-13 11:14,16.4000,2023-02-13 13:33,16.6200,2023-02-13 14:42,16.2600,139,69,208,139,69,208,0.013415,0.067437,intraday,intraday,0,0
2023-02-14 09:31,15.6700,2023-02-14 09:44,16.4600,2023-02-14 10:12,17.4200,2023-02-14 10:29,17.0500,28,17,45,28,17,45,0.058323,0.111678,intraday,intraday,0,0
2023-02-14 10:46,16.2700,2023-02-14 13:02,17.0900,2023-02-14 13:18,17.2400,2023-02-14 14:07,16.8800,16,49,65,16,49,65,0.008777,0.059619,intraday,intraday,0,0
2023-02-15 10:08,16.4300,2023-02-15 13:43,17.2700,2023-02-15 14:47,17.5200,2023-02-15 15:25,17.1600,64,38,102,64,38,102,0.014476,0.066342,intraday,intraday,0,0
2023-02-22 15:50,13.5400,2023-02-23 09:30,15.3300,2023-02-23 09:30,15.3300,2023-02-23 09:36,15.0100,0,6,6,0,6,6,0.000000,0.132201,intraday,intraday,0,0
2023-02-23 11:43,14.2800,2023-02-23 14:15,15.0100,2023-02-23 15:44,15.3400,2023-02-24 09:30,14.2500,89,16,105,89,1066,1155,0.021985,0.074230,overnight,overnight,1,1
2023-02-24 11:01,13.9600,2023-02-27 09:30,15.0100,2023-02-27 09:30,15.0100,2023-02-27 09:39,14.6700,0,9,9,0,9,9,0.000000,0.075215,intraday,intraday,0,0
2023-02-28 09:34,14.3100,2023-02-28 13:02,15.0300,2023-02-28 14:16,15.2700,2023-02-28 15:02,14.9600,74,46,120,74,46,120,0.015968,0.067086,intraday,intraday,0,0
2023-03-02 09:39,13.6600,2023-03-02 13:37,14.3500,2023-03-02 15:39,15.2400,2023-03-03 09:31,14.8800,122,22,144,122,1072,1194,0.062021,0.115666,overnight,overnight,0,1
2023-03-03 10:10,14.6500,2023-03-03 13:14,15.3900,2023-03-06 09:31,15.9500,2023-03-06 09:38,15.6300,167,7,174,4097,7,4104,0.036387,0.088737,weekend,intraday,0,1
2023-03-07 10:11,14.5400,2023-03-07 12:20,15.2800,2023-03-07 12:27,15.3300,2023-03-07 13:07,15.0200,7,40,47,7,40,47,0.003272,0.054333,intraday,intraday,0,0
2023-03-07 14:55,14.4900,2023-03-08 09:56,15.2400,2023-03-08 09:58,15.3200,2023-03-08 10:01,14.9300,2,3,5,2,3,5,0.005249,0.057281,intraday,intraday,0,0
2023-03-08 10:01,14.9300,2023-03-08 11:48,15.6900,2023-03-08 12:01,15.7200,2023-03-08 12:32,15.3500,13,31,44,13,31,44,0.001912,0.052914,intraday,intraday,0,0
2023-03-08 13:17,15.3400,2023-03-09 09:49,16.1500,2023-03-09 10:10,16.5400,2023-03-09 10:17,16.1300,21,7,28,21,7,28,0.024149,0.078227,intraday,intraday,0,0
2023-03-10 09:51,14.0600,2023-03-10 10:07,14.7700,2023-03-10 10:07,14.7700,2023-03-10 10:15,14.4100,0,8,8,0,8,8,0.000000,0.050498,intraday,intraday,0,0
2023-03-10 10:24,14.2100,2023-03-10 11:22,14.9400,2023-03-10 11:34,15.2500,2023-03-10 11:46,14.8300,12,12,24,12,12,24,0.020750,0.073188,intraday,intraday,0,0
2023-03-13 09:44,13.1500,2023-03-13 09:50,13.8200,2023-03-13 09:50,13.8200,2023-03-13 09:53,13.4800,0,3,3,0,3,3,0.000000,0.050951,intraday,intraday,0,0
2023-03-13 10:07,13.4200,2023-03-13 11:11,14.1000,2023-03-13 11:30,14.4100,2023-03-13 11:39,14.0800,19,9,28,19,9,28,0.021986,0.073770,intraday,intraday,0,0
2023-03-13 13:01,13.7900,2023-03-13 14:34,14.5000,2023-03-13 14:34,14.5000,2023-03-13 14:39,14.2000,0,5,5,0,5,5,0.000000,0.051487,intraday,intraday,0,0
2023-03-13 15:59,14.0200,2023-03-14 09:30,14.9700,2023-03-14 12:14,15.5400,2023-03-14 12:41,15.1900,164,27,191,164,27,191,0.038076,0.108417,intraday,intraday,0,0
2023-03-14 15:17,14.5400,2023-03-14 15:59,15.2900,2023-03-14 15:59,15.2900,2023-03-15 09:30,14.5600,0,1,1,0,1051,1051,0.000000,0.051582,overnight,overnight,1,1
2023-03-15 12:26,13.7500,2023-03-15 14:27,14.5800,2023-03-15 15:30,14.8200,2023-03-15 15:38,14.5100,63,8,71,63,8,71,0.016461,0.077818,intraday,intraday,0,0
2023-03-16 09:33,14.3000,2023-03-16 09:59,15.0600,2023-03-16 10:01,15.1300,2023-03-16 10:18,14.7900,2,17,19,2,17,19,0.004648,0.058042,intraday,intraday,0,0
2023-03-16 10:20,14.7800,2023-03-16 11:08,15.5800,2023-03-16 11:57,15.9800,2023-03-16 12:12,15.6000,49,15,64,49,15,64,0.025674,0.081191,intraday,intraday,0,0
2023-03-16 12:12,15.6000,2023-03-16 15:21,16.4000,2023-03-17 09:40,16.8100,2023-03-17 09:43,16.4700,49,3,52,1099,3,1102,0.025000,0.077564,overnight,intraday,0,1
2023-03-20 09:48,15.7800,2023-03-20 13:41,16.5700,2023-03-21 10:01,17.5300,2023-03-21 10:06,17.1600,170,5,175,1220,5,1225,0.057936,0.110900,overnight,intraday,0,1
2023-03-21 11:49,15.9400,2023-03-21 14:58,16.7400,2023-03-22 10:08,17.3300,2023-03-22 11:13,16.9800,100,65,165,1150,65,1215,0.035245,0.087202,overnight,intraday,0,1
2023-03-22 12:23,16.9000,2023-03-22 14:44,17.7500,2023-03-22 14:52,18.0200,2023-03-22 14:56,17.5800,8,4,12,8,4,12,0.015211,0.066272,intraday,intraday,0,0
2023-03-22 15:09,16.7700,2023-03-22 15:22,17.6200,2023-03-22 15:22,17.6200,2023-03-22 15:31,17.2600,0,9,9,0,9,9,0.000000,0.050686,intraday,intraday,0,0
2023-03-22 15:59,16.2000,2023-03-23 09:30,17.1400,2023-03-23 11:08,18.1700,2023-03-23 12:57,17.8000,98,109,207,98,109,207,0.060093,0.121605,intraday,intraday,0,0
2023-03-23 14:56,16.6200,2023-03-23 15:46,17.5100,2023-03-23 15:50,17.7200,2023-03-24 09:30,17.0500,4,10,14,4,1060,1064,0.011993,0.066185,overnight,overnight,1,1
2023-03-24 11:33,16.0400,2023-03-27 09:51,16.9200,2023-03-27 09:51,16.9200,2023-03-27 10:14,16.5500,0,23,23,0,23,23,0.000000,0.054863,intraday,intraday,0,0
2023-03-28 10:34,14.9000,2023-03-29 09:30,16.4600,2023-03-29 09:49,16.8800,2023-03-29 10:36,16.5300,19,47,66,19,47,66,0.025516,0.132886,intraday,intraday,0,0
2023-03-29 10:49,16.3000,2023-03-29 14:55,17.1200,2023-03-29 15:33,17.4700,2023-03-29 15:55,17.0900,38,22,60,38,22,60,0.020444,0.071779,intraday,intraday,0,0
2023-03-29 15:56,17.0300,2023-03-30 09:36,17.9000,2023-03-30 11:12,18.2900,2023-03-30 11:49,17.9100,96,37,133,96,37,133,0.021788,0.073987,intraday,intraday,0,0
2023-03-31 09:32,17.4300,2023-03-31 12:28,18.3400,2023-03-31 12:28,18.3400,2023-03-31 13:43,17.9600,0,75,75,0,75,75,0.000000,0.052209,intraday,intraday,0,0
2023-04-06 09:33,15.0900,2023-04-06 10:14,15.8500,2023-04-06 10:15,15.8800,2023-04-06 10:20,15.5600,1,5,6,1,5,6,0.001893,0.052353,intraday,intraday,0,0
2023-04-10 09:32,15.1400,2023-04-10 10:37,15.9100,2023-04-11 09:30,16.7900,2023-04-11 09:41,16.4500,323,11,334,1373,11,1384,0.055311,0.108983,overnight,intraday,0,1
2023-04-13 09:51,15.0400,2023-04-13 12:06,15.8000,2023-04-13 15:21,15.9500,2023-04-14 09:30,15.5900,195,39,234,195,1089,1284,0.009494,0.060505,overnight,overnight,1,1
2023-04-17 12:24,14.9500,2023-04-18 09:30,16.0800,2023-04-18 09:43,16.3600,2023-04-18 09:56,16.0100,13,13,26,13,13,26,0.017413,0.094314,intraday,intraday,0,0
2023-04-20 09:30,14.7400,2023-04-20 10:01,15.4800,2023-04-20 10:13,15.6200,2023-04-20 11:06,15.2900,12,53,65,12,53,65,0.009044,0.059701,intraday,intraday,0,0
2023-04-27 10:06,12.5200,2023-04-27 11:25,13.1700,2023-04-28 09:35,13.9600,2023-04-28 09:41,13.6700,280,6,286,1330,6,1336,0.059985,0.115016,overnight,intraday,0,1
2023-04-28 10:02,13.5400,2023-04-28 15:19,14.2200,2023-05-01 09:42,14.7700,2023-05-01 09:50,14.4600,53,8,61,3983,8,3991,0.038678,0.090842,weekend,intraday,0,1
2023-05-03 11:33,13.8200,2023-05-03 14:26,14.5700,2023-05-03 14:27,14.5800,2023-05-03 14:35,14.1800,1,8,9,1,8,9,0.000686,0.054993,intraday,intraday,0,0
2023-05-04 10:45,13.2200,2023-05-04 13:33,13.9200,2023-05-04 13:35,14.0000,2023-05-04 14:12,13.7200,2,37,39,2,37,39,0.005747,0.059002,intraday,intraday,0,0
2023-05-05 09:38,13.4300,2023-05-05 11:27,14.1300,2023-05-05 14:58,14.6800,2023-05-08 09:35,14.3600,211,67,278,211,3997,4208,0.038924,0.093075,weekend,weekend,0,1
2023-05-09 13:31,13.7400,2023-05-10 09:30,14.4500,2023-05-10 09:33,14.5300,2023-05-10 09:42,14.1900,3,9,12,3,9,12,0.005536,0.057496,intraday,intraday,0,0
2023-05-11 10:45,13.6400,2023-05-12 09:32,14.3500,2023-05-12 09:35,14.3700,2023-05-12 09:48,14.0500,3,13,16,3,13,16,0.001394,0.053519,intraday,intraday,0,0
2023-05-12 14:41,13.5900,2023-05-15 11:05,14.2900,2023-05-16 09:45,15.5400,2023-05-16 09:50,15.1900,310,5,315,1360,5,1365,0.087474,0.143488,overnight,intraday,0,1
2023-05-16 15:59,15.0200,2023-05-17 11:17,15.8400,2023-05-18 11:49,17.7100,2023-05-18 12:07,17.3500,422,18,440,1472,18,1490,0.118056,0.179095,overnight,intraday,0,1
2023-05-24 11:04,15.4900,2023-05-25 09:30,18.3500,2023-05-25 09:30,18.3500,2023-05-25 09:36,17.9800,0,6,6,0,6,6,0.000000,0.184635,intraday,intraday,0,0
2023-05-25 09:39,17.6300,2023-05-25 11:07,18.5200,2023-05-26 10:50,22.1300,2023-05-26 11:09,21.6700,373,19,392,1423,19,1442,0.194924,0.255247,overnight,intraday,0,1
2023-05-26 11:11,21.5600,2023-05-26 14:01,22.6400,2023-05-30 09:30,24.8000,2023-05-30 09:31,24.2800,119,1,120,5489,1,5490,0.095406,0.150278,weekend,intraday,0,1
2023-05-31 09:30,21.5900,2023-05-31 09:39,22.6700,2023-05-31 09:39,22.6700,2023-05-31 09:42,22.1100,0,3,3,0,3,3,0.000000,0.050023,intraday,intraday,0,0
2023-06-01 10:26,20.8300,2023-06-01 11:25,21.9200,2023-06-01 15:15,22.7500,2023-06-01 15:32,22.2900,230,17,247,230,17,247,0.037865,0.092175,intraday,intraday,0,0
2023-06-06 09:33,20.4300,2023-06-06 10:49,21.4900,2023-06-06 12:03,22.0600,2023-06-06 12:37,21.6100,74,34,108,74,34,108,0.026524,0.079785,intraday,intraday,0,0
2023-06-06 12:57,21.2000,2023-06-07 09:30,22.3400,2023-06-07 10:11,23.1000,2023-06-07 10:25,22.5600,41,14,55,41,14,55,0.034020,0.089623,intraday,intraday,0,0
2023-06-08 09:54,21.4600,2023-06-09 09:30,23.2100,2023-06-09 09:54,23.4900,2023-06-09 10:35,22.9800,24,41,65,24,41,65,0.012064,0.094595,intraday,intraday,0,0
2023-06-09 12:40,22.0800,2023-06-12 09:30,23.2500,2023-06-13 09:35,26.0400,2023-06-13 09:37,25.5100,395,2,397,1445,2,1447,0.120000,0.179348,overnight,intraday,0,1
2023-06-13 10:13,24.7200,2023-06-13 11:19,25.9600,2023-06-13 11:23,26.0800,2023-06-13 11:41,25.5300,4,18,22,4,18,22,0.004622,0.055016,intraday,intraday,0,0
2023-06-13 14:29,24.9200,2023-06-14 11:24,26.2200,2023-06-14 11:42,26.3200,2023-06-14 13:23,25.7500,18,101,119,18,101,119,0.003814,0.056180,intraday,intraday,0,0
2023-06-14 14:08,24.8400,2023-06-14 14:49,26.1300,2023-06-14 15:09,26.6400,2023-06-14 15:15,25.9600,20,6,26,20,6,26,0.019518,0.072464,intraday,intraday,0,0
2023-06-15 09:58,25.4200,2023-06-16 09:30,26.7900,2023-06-16 09:30,26.7900,2023-06-16 09:32,26.0200,0,2,2,0,2,2,0.000000,0.053895,intraday,intraday,0,0
2023-06-22 09:30,22.2200,2023-06-22 11:46,23.3800,2023-06-22 11:46,23.3800,2023-06-22 12:27,22.9100,0,41,41,0,41,41,0.000000,0.052205,intraday,intraday,0,0
2023-06-23 11:28,21.5200,2023-06-26 09:34,22.6000,2023-06-26 10:01,23.3200,2023-06-26 10:37,22.8500,27,36,63,27,36,63,0.031858,0.083643,intraday,intraday,0,0
2023-06-27 09:40,22.0100,2023-06-27 11:53,23.1200,2023-06-27 15:29,24.4900,2023-06-28 09:30,23.1300,216,31,247,216,1081,1297,0.059256,0.112676,overnight,overnight,1,1
2023-06-28 09:35,23.1100,2023-06-28 10:47,24.2700,2023-06-28 10:57,24.3600,2023-06-28 11:13,23.8500,10,16,26,10,16,26,0.003708,0.054089,intraday,intraday,0,0
2023-06-29 10:10,23.1700,2023-06-30 09:30,24.6200,2023-07-03 09:35,25.7500,2023-07-03 09:56,25.2000,395,21,416,4325,21,4346,0.045898,0.111351,weekend,intraday,0,1
2023-07-06 11:25,22.0400,2023-07-07 09:39,23.1500,2023-07-07 10:14,23.6200,2023-07-07 10:34,23.0700,35,20,55,35,20,55,0.020302,0.071688,intraday,intraday,0,0
2023-07-07 15:56,22.9000,2023-07-10 11:30,24.0600,2023-07-10 11:33,24.0800,2023-07-10 12:15,23.5800,3,42,45,3,42,45,0.000831,0.051528,intraday,intraday,0,0
2023-07-11 11:51,23.2800,2023-07-11 15:49,24.4500,2023-07-12 10:45,25.7300,2023-07-12 11:40,25.0600,86,55,141,1136,55,1191,0.052352,0.105241,overnight,intraday,0,1
2023-07-12 11:41,25.0000,2023-07-13 09:30,26.5200,2023-07-14 10:17,28.0200,2023-07-14 10:36,27.4400,437,19,456,1487,19,1506,0.056561,0.120800,overnight,intraday,0,1
2023-07-17 09:45,25.7700,2023-07-17 11:14,27.1300,2023-07-17 15:20,28.5300,2023-07-18 09:30,27.5800,246,40,286,246,1090,1336,0.051603,0.107101,overnight,overnight,1,1
2023-07-18 11:42,27.0900,2023-07-18 15:15,28.4700,2023-07-18 15:50,28.5500,2023-07-19 09:39,27.9400,35,19,54,35,1069,1104,0.002810,0.053894,overnight,overnight,0,1
2023-07-20 15:21,23.8700,2023-07-21 09:32,25.1000,2023-07-21 09:34,25.4800,2023-07-21 09:48,24.7900,2,14,16,2,14,16,0.015139,0.067449,intraday,intraday,0,0
2023-07-21 10:03,24.5000,2023-07-25 09:35,25.8600,2023-07-25 14:44,26.5900,2023-07-26 09:30,25.0800,309,76,385,309,1126,1435,0.028229,0.085306,overnight,overnight,1,1
2023-07-26 11:01,24.2100,2023-07-26 14:39,25.5800,2023-07-26 14:43,25.7300,2023-07-26 15:06,25.0700,4,23,27,4,23,27,0.005864,0.062784,intraday,intraday,0,0
2023-07-26 15:19,24.6200,2023-07-27 09:30,27.0300,2023-07-27 09:55,27.6500,2023-07-27 10:25,26.8800,25,30,55,25,30,55,0.022937,0.123071,intraday,intraday,0,0
2023-07-27 10:30,26.7100,2023-07-27 13:03,28.0500,2023-07-27 13:03,28.0500,2023-07-27 13:20,27.4000,0,17,17,0,17,17,0.000000,0.050168,intraday,intraday,0,0
2023-07-27 15:00,26.0000,2023-07-28 09:30,27.9900,2023-07-28 09:30,27.9900,2023-07-28 09:32,27.4200,0,2,2,0,2,2,0.000000,0.076538,intraday,intraday,0,0
2023-07-28 09:39,27.1500,2023-07-31 09:30,28.6500,2023-07-31 09:47,28.7500,2023-07-31 09:55,28.1200,17,8,25,17,8,25,0.003490,0.058932,intraday,intraday,0,0
2023-08-03 10:30,24.0700,2023-08-03 12:31,25.2800,2023-08-03 12:50,25.6000,2023-08-03 13:56,25.0700,19,66,85,19,66,85,0.012658,0.063565,intraday,intraday,0,0
2023-08-04 10:04,24.0800,2023-08-04 11:43,25.3000,2023-08-04 12:44,25.9500,2023-08-04 13:26,25.4300,61,42,103,61,42,103,0.025692,0.077658,intraday,intraday,0,0
2023-08-04 14:55,24.5000,2023-08-07 09:30,25.7300,2023-08-07 09:31,25.7800,2023-08-07 09:49,25.2000,1,18,19,1,18,19,0.001943,0.052245,intraday,intraday,0,0
2023-08-09 11:22,22.9500,2023-08-10 09:48,24.1100,2023-08-10 10:18,24.4100,2023-08-10 10:37,23.8300,30,19,49,30,19,49,0.012443,0.063617,intraday,intraday,0,0
2023-08-14 09:31,20.6600,2023-08-14 10:12,21.7100,2023-08-14 15:59,22.9600,2023-08-15 09:30,22.4100,347,1,348,347,1051,1398,0.057577,0.111326,overnight,overnight,1,1
2023-08-18 09:31,19.1100,2023-08-18 14:15,20.0800,2023-08-21 10:10,21.1600,2023-08-21 10:25,20.7300,145,15,160,4075,15,4090,0.053785,0.107274,weekend,intraday,0,1
2023-08-21 11:16,20.5100,2023-08-21 13:44,21.5500,2023-08-22 09:33,22.8200,2023-08-22 09:36,22.3400,139,3,142,1189,3,1192,0.058933,0.112628,overnight,intraday,0,1
2023-08-23 09:30,20.9000,2023-08-23 10:09,21.9800,2023-08-24 09:30,23.9200,2023-08-24 09:31,23.3300,351,1,352,1401,1,1402,0.088262,0.144498,overnight,intraday,0,1
2023-08-25 10:09,20.1600,2023-08-25 10:17,21.1700,2023-08-25 10:17,21.1700,2023-08-25 10:18,20.7100,0,1,1,0,1,1,0.000000,0.050099,intraday,intraday,0,0
2023-08-25 10:59,19.4000,2023-08-25 14:14,20.3700,2023-08-28 09:35,21.5900,2023-08-28 09:42,21.1000,111,7,118,4041,7,4048,0.059892,0.112887,weekend,intraday,0,1
2023-08-28 11:51,20.7600,2023-08-29 10:00,21.8600,2023-08-29 15:19,23.3100,2023-08-30 09:30,22.7300,319,41,360,319,1091,1410,0.066331,0.122832,overnight,overnight,1,1
2023-08-30 09:36,22.3700,2023-08-30 11:59,23.5300,2023-08-30 12:34,23.7000,2023-08-30 14:10,23.2100,35,96,131,35,96,131,0.007225,0.059455,intraday,intraday,0,0
2023-08-31 09:30,23.1400,2023-09-01 09:30,24.3600,2023-09-01 09:34,24.5100,2023-09-01 09:37,24.0100,4,3,7,4,3,7,0.006158,0.059205,intraday,intraday,0,0
2023-09-05 10:04,23.3800,2023-09-05 14:20,24.5500,2023-09-05 14:29,24.5800,2023-09-05 15:51,24.0300,9,82,91,9,82,91,0.001222,0.051326,intraday,intraday,0,0
2023-09-07 10:04,21.0000,2023-09-07 15:50,22.0500,2023-09-08 09:37,22.1900,2023-09-08 09:55,21.7300,17,18,35,1067,18,1085,0.006349,0.056667,overnight,intraday,0,1
2023-09-08 15:41,21.2200,2023-09-11 09:30,22.3100,2023-09-11 09:30,22.3100,2023-09-11 09:34,21.8600,0,4,4,0,4,4,0.000000,0.051367,intraday,intraday,0,0
2023-09-11 11:47,20.5900,2023-09-12 09:40,21.6700,2023-09-12 10:03,21.9800,2023-09-12 10:25,21.4900,23,22,45,23,22,45,0.014305,0.067508,intraday,intraday,0,0
2023-09-13 09:30,20.7900,2023-09-13 12:00,21.8300,2023-09-13 12:55,21.8700,2023-09-13 14:45,21.4100,55,110,165,55,110,165,0.001832,0.051948,intraday,intraday,0,0
2023-09-18 09:30,19.2000,2023-09-18 12:30,20.1800,2023-09-18 12:30,20.1800,2023-09-18 14:53,19.7700,0,143,143,0,143,143,0.000000,0.051042,intraday,intraday,0,0
2023-09-21 15:59,17.3900,2023-09-22 10:34,18.2600,2023-09-22 11:39,18.3700,2023-09-22 13:38,18.0000,65,119,184,65,119,184,0.006024,0.056354,intraday,intraday,0,0
2023-09-25 09:32,17.3300,2023-09-25 11:17,18.2200,2023-09-25 12:24,18.2800,2023-09-25 14:55,17.9100,67,151,218,67,151,218,0.003293,0.054818,intraday,intraday,0,0
2023-09-27 13:43,16.8900,2023-09-27 14:43,17.7400,2023-09-27 15:13,18.0800,2023-09-27 15:36,17.6400,30,23,53,30,23,53,0.019166,0.070456,intraday,intraday,0,0
2023-09-28 09:33,17.3400,2023-09-28 10:43,18.2200,2023-09-28 12:29,19.2200,2023-09-28 12:54,18.8300,106,25,131,106,25,131,0.054885,0.108420,intraday,intraday,0,0
2023-09-28 14:37,18.4100,2023-09-29 09:30,19.5500,2023-09-29 10:03,19.6600,2023-09-29 10:24,19.2400,33,21,54,33,21,54,0.005627,0.067898,intraday,intraday,0,0
2023-10-02 14:40,18.4300,2023-10-03 09:55,19.3900,2023-10-03 09:55,19.3900,2023-10-03 10:00,18.9400,0,5,5,0,5,5,0.000000,0.052089,intraday,intraday,0,0
2023-10-03 15:34,17.5300,2023-10-04 09:48,18.4200,2023-10-04 09:48,18.4200,2023-10-04 10:08,18.0000,0,20,20,0,20,20,0.000000,0.050770,intraday,intraday,0,0
2023-10-04 10:29,17.7700,2023-10-04 15:17,18.6600,2023-10-05 09:31,18.8700,2023-10-05 09:42,18.4200,44,11,55,1094,11,1105,0.011254,0.061902,overnight,intraday,0,1
2023-10-06 09:40,17.6600,2023-10-06 10:30,18.5500,2023-10-06 15:40,19.7900,2023-10-09 09:30,18.8700,310,20,330,310,3950,4260,0.066846,0.120612,weekend,weekend,1,1
2023-10-09 10:04,18.4500,2023-10-09 13:43,19.3900,2023-10-10 12:53,20.6200,2023-10-10 13:05,20.1500,340,12,352,1390,12,1402,0.063435,0.117615,overnight,intraday,0,1
2023-10-11 13:40,19.8200,2023-10-12 09:30,20.8200,2023-10-12 11:23,21.5700,2023-10-12 13:08,21.0900,113,105,218,113,105,218,0.036023,0.088295,intraday,intraday,0,0
2023-10-13 13:39,18.8500,2023-10-16 10:12,19.8400,2023-10-16 10:39,19.9900,2023-10-16 12:00,19.5700,27,81,108,27,81,108,0.007560,0.060477,intraday,intraday,0,0
2023-10-17 09:53,17.9000,2023-10-17 10:22,18.8700,2023-10-17 12:29,19.7700,2023-10-17 12:47,19.3200,127,18,145,127,18,145,0.047695,0.104469,intraday,intraday,0,0
2023-10-18 09:51,17.9800,2023-10-19 09:30,18.9300,2023-10-19 09:30,18.9300,2023-10-19 09:33,18.5400,0,3,3,0,3,3,0.000000,0.052836,intraday,intraday,0,0
2023-10-19 09:48,17.8100,2023-10-19 10:13,18.7200,2023-10-19 10:13,18.7200,2023-10-19 10:21,18.3200,0,8,8,0,8,8,0.000000,0.051095,intraday,intraday,0,0
2023-10-23 09:43,15.8300,2023-10-23 10:24,16.6400,2023-10-23 13:00,17.2600,2023-10-23 13:19,16.9000,156,19,175,156,19,175,0.037260,0.090335,intraday,intraday,0,0
2023-10-25 15:09,14.7100,2023-10-26 09:32,15.5600,2023-10-26 09:33,15.6800,2023-10-26 09:39,15.2600,1,6,7,1,6,7,0.007712,0.065942,intraday,intraday,0,0
2023-10-26 12:52,14.4800,2023-10-26 14:52,15.2400,2023-10-26 15:02,15.3600,2023-10-26 15:15,15.0400,10,13,23,10,13,23,0.007874,0.060773,intraday,intraday,0,0
2023-10-26 15:48,14.6400,2023-10-27 09:30,15.3900,2023-10-27 09:33,15.4100,2023-10-27 09:36,15.0600,3,3,6,3,3,6,0.001300,0.052596,intraday,intraday,0,0
2023-10-30 12:46,14.0200,2023-10-30 15:00,14.7300,2023-10-30 15:24,14.8600,2023-10-30 15:50,14.5500,24,26,50,24,26,50,0.008826,0.059914,intraday,intraday,0,0
2023-10-31 09:48,14.0100,2023-10-31 10:58,14.7600,2023-10-31 11:00,14.8500,2023-10-31 11:49,14.5500,2,49,51,2,49,51,0.006098,0.059957,intraday,intraday,0,0
2023-10-31 12:20,14.4800,2023-11-01 09:52,15.2400,2023-11-01 11:10,15.5000,2023-11-01 11:20,15.1800,78,10,88,78,10,88,0.017060,0.070442,intraday,intraday,0,0
2023-11-01 14:42,15.0600,2023-11-01 15:22,15.8600,2023-11-02 09:30,16.9700,2023-11-02 09:32,16.5500,38,2,40,1088,2,1090,0.069987,0.126826,overnight,intraday,0,1
2023-11-02 10:17,16.3800,2023-11-02 13:55,17.2000,2023-11-03 10:02,18.3100,2023-11-03 10:24,17.9000,157,22,179,1207,22,1229,0.064535,0.117827,overnight,intraday,0,1
2023-11-03 10:27,17.7400,2023-11-03 14:34,18.6400,2023-11-03 15:06,18.7600,2023-11-03 15:54,18.3800,32,48,80,32,48,80,0.006438,0.057497,intraday,intraday,0,0
2023-11-06 13:22,17.7300,2023-11-07 10:32,18.6700,2023-11-07 10:53,18.8800,2023-11-07 12:01,18.4900,21,68,89,21,68,89,0.011248,0.064862,intraday,intraday,0,0
2023-11-08 12:08,18.2800,2023-11-09 09:52,19.2100,2023-11-09 11:58,19.7000,2023-11-09 13:01,19.2700,126,63,189,126,63,189,0.025508,0.077681,intraday,intraday,0,0
2023-11-09 15:53,18.2800,2023-11-10 09:40,19.2500,2023-11-10 15:14,20.7800,2023-11-13 09:30,19.9700,334,46,380,334,3976,4310,0.079481,0.136761,weekend,weekend,1,1
2023-11-13 09:57,19.5800,2023-11-14 09:30,21.7600,2023-11-14 10:47,22.3300,2023-11-14 11:51,21.8400,77,64,141,77,64,141,0.026195,0.140449,intraday,intraday,0,0
2023-11-14 11:51,21.8400,2023-11-15 10:24,22.9500,2023-11-15 11:03,23.1800,2023-11-15 11:51,22.7100,39,48,87,39,48,87,0.010022,0.061355,intraday,intraday,0,0
2023-11-16 11:35,22.1400,2023-11-17 14:07,23.2900,2023-11-20 15:14,24.4200,2023-11-21 09:30,23.4500,457,46,503,4387,1096,5483,0.048519,0.102981,weekend,overnight,1,2
2023-11-21 13:23,22.4500,2023-11-22 09:31,23.6900,2023-11-22 09:38,24.1200,2023-11-22 09:46,23.6300,7,8,15,7,8,15,0.018151,0.074388,intraday,intraday,0,0
2023-11-28 13:15,21.9700,2023-11-29 09:30,23.5900,2023-11-29 10:01,24.3000,2023-11-29 10:09,23.7400,31,8,39,31,8,39,0.030097,0.106054,intraday,intraday,0,0
2023-12-01 09:35,21.8400,2023-12-01 11:43,23.0000,2023-12-01 12:55,23.2000,2023-12-04 09:30,22.3600,72,185,257,72,4115,4187,0.008696,0.062271,weekend,weekend,1,1
2023-12-04 10:53,21.2900,2023-12-06 09:30,22.8900,2023-12-06 09:30,22.8900,2023-12-06 09:38,22.4000,0,8,8,0,8,8,0.000000,0.075153,intraday,intraday,0,0
2023-12-06 15:56,21.4000,2023-12-07 10:21,22.5000,2023-12-07 10:52,22.7100,2023-12-07 11:19,22.2500,31,27,58,31,27,58,0.009333,0.061215,intraday,intraday,0,0
2023-12-07 11:19,22.2500,2023-12-07 14:21,23.3900,2023-12-08 10:30,24.0400,2023-12-08 10:38,23.5100,159,8,167,1209,8,1217,0.027790,0.080449,overnight,intraday,0,1
2023-12-08 12:15,23.0700,2023-12-11 09:30,24.5200,2023-12-11 14:02,26.3800,2023-12-12 09:30,25.6000,272,118,390,272,1168,1440,0.075856,0.143476,overnight,overnight,1,1
2023-12-12 09:30,25.6000,2023-12-13 09:30,26.8900,2023-12-13 09:41,27.1400,2023-12-13 12:58,26.5800,11,197,208,11,197,208,0.009297,0.060156,intraday,intraday,0,0
2023-12-13 13:21,26.4200,2023-12-13 14:36,27.7800,2023-12-13 15:05,28.4000,2023-12-13 15:14,27.8100,29,9,38,29,9,38,0.022318,0.074943,intraday,intraday,0,0
2023-12-13 15:26,27.2000,2023-12-14 09:30,28.9900,2023-12-14 10:59,30.4900,2023-12-14 11:13,29.8400,89,14,103,89,14,103,0.051742,0.120956,intraday,intraday,0,0
2023-12-14 13:53,29.2100,2023-12-15 09:30,30.8900,2023-12-15 09:33,31.1000,2023-12-15 09:40,30.4600,3,7,10,3,7,10,0.006798,0.064704,intraday,intraday,0,0
2023-12-18 11:05,29.4600,2023-12-19 09:43,30.9800,2023-12-19 09:43,30.9800,2023-12-19 10:40,30.3300,0,57,57,0,57,57,0.000000,0.051595,intraday,intraday,0,0
2023-12-20 15:59,28.0500,2023-12-21 09:30,30.0200,2023-12-21 09:31,30.1100,2023-12-21 09:42,29.4800,1,11,12,1,11,12,0.002998,0.073440,intraday,intraday,0,0
2023-12-21 10:09,29.3500,2023-12-22 09:39,30.8900,2023-12-22 09:45,31.0800,2023-12-22 11:00,30.4400,6,75,81,6,75,81,0.006151,0.058944,intraday,intraday,0,0
2023-12-22 14:31,29.8800,2023-12-26 09:31,31.3800,2023-12-27 09:31,32.7400,2023-12-27 10:13,32.0600,390,42,432,1440,42,1482,0.043340,0.095716,overnight,intraday,0,1
2024-01-04 09:30,24.8000,2024-01-04 10:55,26.0700,2024-01-04 11:27,26.3300,2024-01-04 12:01,25.8000,32,34,66,32,34,66,0.009973,0.061694,intraday,intraday,0,0
2024-01-05 09:40,25.4000,2024-01-08 09:31,26.7100,2024-01-08 14:15,28.6700,2024-01-09 09:30,27.4500,284,105,389,284,1155,1439,0.073381,0.128740,overnight,overnight,1,1
2024-01-09 09:37,27.3500,2024-01-09 12:37,28.7200,2024-01-09 13:05,29.1400,2024-01-09 13:33,28.5500,28,28,56,28,28,56,0.014624,0.065448,intraday,intraday,0,0
2024-01-10 10:05,27.0900,2024-01-10 15:10,28.4500,2024-01-10 15:10,28.4500,2024-01-10 15:50,27.8100,0,40,40,0,40,40,0.000000,0.050203,intraday,intraday,0,0
2024-01-11 11:46,26.7800,2024-01-11 13:55,28.1500,2024-01-12 09:47,28.9800,2024-01-12 09:59,28.3400,142,12,154,1192,12,1204,0.029485,0.082151,overnight,intraday,0,1
2024-01-12 10:55,27.6100,2024-01-16 10:23,29.1000,2024-01-16 10:54,29.8300,2024-01-16 11:01,29.1800,31,7,38,31,7,38,0.025086,0.080406,intraday,intraday,0,0
2024-01-17 10:00,26.9600,2024-01-17 15:48,28.3300,2024-01-18 11:32,31.3000,2024-01-18 12:04,30.6000,134,32,166,1184,32,1216,0.104836,0.160979,overnight,intraday,0,1
2024-01-18 13:22,29.8100,2024-01-18 15:53,31.3100,2024-01-22 09:35,36.5700,2024-01-22 09:39,35.7700,402,4,406,5382,4,5386,0.167997,0.226770,weekend,intraday,0,2
2024-01-22 10:48,34.2200,2024-01-23 15:12,35.9400,2024-01-24 09:30,37.4200,2024-01-24 09:35,36.6200,48,5,53,1098,5,1103,0.041180,0.093513,overnight,intraday,0,1
2024-01-24 09:40,36.2600,2024-01-24 10:34,38.1100,2024-01-24 12:56,38.9200,2024-01-24 13:40,38.1000,142,44,186,142,44,186,0.021254,0.073359,intraday,intraday,0,0
2024-01-24 15:30,37.0300,2024-01-25 09:30,39.5300,2024-01-25 09:30,39.5300,2024-01-25 09:36,38.7000,0,6,6,0,6,6,0.000000,0.067513,intraday,intraday,0,0
2024-01-31 10:39,31.1400,2024-01-31 14:38,32.8400,2024-01-31 14:45,33.8700,2024-01-31 14:49,33.1100,7,4,11,7,4,11,0.031364,0.087669,intraday,intraday,0,0
2024-02-01 11:00,31.2000,2024-02-02 09:37,32.8000,2024-02-02 10:01,33.4800,2024-02-02 10:09,32.8100,24,8,32,24,8,32,0.020732,0.073077,intraday,intraday,0,0
2024-02-02 10:32,32.5200,2024-02-05 09:30,34.7900,2024-02-05 09:35,35.2200,2024-02-05 09:52,34.4600,5,17,22,5,17,22,0.012360,0.083026,intraday,intraday,0,0
2024-02-05 10:42,33.4200,2024-02-05 13:10,35.1000,2024-02-05 14:46,35.6000,2024-02-05 15:15,34.7800,96,29,125,96,29,125,0.014245,0.065230,intraday,intraday,0,0
2024-02-06 12:21,32.6600,2024-02-07 09:30,34.5700,2024-02-07 09:30,34.5700,2024-02-07 09:38,33.7200,0,8,8,0,8,8,0.000000,0.058481,intraday,intraday,0,0
2024-02-07 09:41,33.4600,2024-02-07 10:28,35.1400,2024-02-07 10:53,35.4200,2024-02-07 11:00,34.6600,25,7,32,25,7,32,0.007968,0.058577,intraday,intraday,0,0
2024-02-07 12:41,34.4000,2024-02-08 09:32,36.1300,2024-02-08 09:36,36.5600,2024-02-08 09:42,35.7700,4,6,10,4,6,10,0.011901,0.062791,intraday,intraday,0,0
2024-02-08 09:43,35.7000,2024-02-08 10:48,37.4900,2024-02-08 13:46,37.9500,2024-02-08 14:36,37.1700,178,50,228,178,50,228,0.012270,0.063025,intraday,intraday,0,0
2024-02-08 14:38,37.0500,2024-02-09 10:51,38.9500,2024-02-09 11:03,39.1200,2024-02-09 11:33,38.3300,12,30,42,12,30,42,0.004365,0.055870,intraday,intraday,0,0
2024-02-09 11:35,38.2400,2024-02-12 09:58,40.1600,2024-02-12 11:38,41.3300,2024-02-12 13:30,40.3900,100,112,212,100,112,212,0.029133,0.080805,intraday,intraday,0,0
2024-02-13 09:30,35.1600,2024-02-13 10:25,36.9900,2024-02-13 10:44,37.9700,2024-02-13 12:01,37.1900,19,77,96,19,77,96,0.026494,0.079920,intraday,intraday,0,0
2024-02-13 15:24,35.5100,2024-02-14 09:30,38.4900,2024-02-14 10:21,39.2700,2024-02-14 10:56,38.4800,51,35,86,51,35,86,0.020265,0.105886,intraday,intraday,0,0
2024-02-14 11:17,37.6100,2024-02-15 09:30,40.1300,2024-02-15 09:30,40.1300,2024-02-15 09:35,39.3000,0,5,5,0,5,5,0.000000,0.067003,intraday,intraday,0,0
2024-02-15 11:10,38.5000,2024-02-16 09:34,40.4600,2024-02-16 09:37,40.7800,2024-02-16 09:44,39.8700,3,7,10,3,7,10,0.007909,0.059221,intraday,intraday,0,0
2024-02-16 10:01,37.9600,2024-02-16 11:17,39.8800,2024-02-16 11:58,40.1300,2024-02-16 13:05,39.2800,41,67,108,41,67,108,0.006269,0.057165,intraday,intraday,0,0
2024-02-20 12:17,34.6600,2024-02-20 15:09,36.4000,2024-02-20 15:51,36.4900,2024-02-21 09:30,34.9100,42,9,51,42,1059,1101,0.002473,0.052799,overnight,overnight,1,1
2024-02-21 15:11,34.5800,2024-02-22 09:30,40.7300,2024-02-22 09:30,40.7300,2024-02-22 09:32,39.8700,0,2,2,0,2,2,0.000000,0.177848,intraday,intraday,0,0
2024-02-22 09:32,39.8700,2024-02-22 13:59,41.8800,2024-02-23 09:34,42.6800,2024-02-23 09:47,41.7900,125,13,138,1175,13,1188,0.019102,0.070479,overnight,intraday,0,1
2024-02-23 11:05,39.4100,2024-02-26 09:30,41.5600,2024-02-26 09:31,41.6700,2024-02-26 09:44,40.7300,1,13,14,1,13,14,0.002647,0.057346,intraday,intraday,0,0
2024-02-28 09:32,39.1500,2024-02-29 09:30,41.5500,2024-02-29 10:49,41.9700,2024-02-29 11:38,41.0900,79,49,128,79,49,128,0.010108,0.072031,intraday,intraday,0,0
2024-02-29 11:41,40.7700,2024-02-29 15:48,42.8200,2024-03-01 09:33,45.2900,2024-03-01 09:41,44.3700,15,8,23,1065,8,1073,0.057683,0.110866,overnight,intraday,0,1
2024-03-01 09:41,44.3700,2024-03-01 11:03,46.6100,2024-03-01 14:04,48.9500,2024-03-01 15:22,47.8600,181,78,259,181,78,259,0.050204,0.103223,intraday,intraday,0,0
2024-03-01 15:25,47.8100,2024-03-04 09:39,50.2900,2024-03-04 09:41,50.6400,2024-03-04 09:50,49.5800,2,9,11,2,9,11,0.006960,0.059193,intraday,intraday,0,0
2024-03-05 15:15,45.2600,2024-03-06 09:30,49.9600,2024-03-06 09:45,50.6300,2024-03-06 10:00,49.4300,15,15,30,15,15,30,0.013411,0.118648,intraday,intraday,0,0
2024-03-06 10:07,48.7200,2024-03-06 11:56,51.1600,2024-03-06 13:26,51.8500,2024-03-06 13:33,50.6900,90,7,97,90,7,97,0.013487,0.064245,intraday,intraday,0,0
2024-03-06 15:36,49.2200,2024-03-07 09:30,52.4900,2024-03-07 09:37,53.6200,2024-03-07 09:46,52.4000,7,9,16,7,9,16,0.021528,0.089395,intraday,intraday,0,0
2024-03-07 09:46,52.4000,2024-03-07 11:24,55.1400,2024-03-07 12:20,56.0600,2024-03-07 15:22,54.8500,56,182,238,56,182,238,0.016685,0.069847,intraday,intraday,0,0
2024-03-08 13:44,48.8000,2024-03-08 14:43,51.3000,2024-03-08 14:44,51.3300,2024-03-08 14:54,50.2400,1,10,11,1,10,11,0.000585,0.051844,intraday,intraday,0,0
2024-03-11 10:02,45.1000,2024-03-11 10:33,47.4700,2024-03-11 10:33,47.4700,2024-03-11 10:39,46.4800,0,6,6,0,6,6,0.000000,0.052550,intraday,intraday,0,0
2024-03-11 11:32,45.9400,2024-03-12 09:30,48.7200,2024-03-12 09:31,48.7600,2024-03-12 09:33,47.7400,1,2,3,1,2,3,0.000821,0.061384,intraday,intraday,0,0
2024-03-12 09:46,46.0000,2024-03-12 10:39,48.3100,2024-03-12 11:30,49.2700,2024-03-12 12:09,48.1800,51,39,90,51,39,90,0.019872,0.071087,intraday,intraday,0,0
2024-03-15 09:32,41.6200,2024-03-15 10:35,43.7400,2024-03-15 10:38,44.1400,2024-03-15 10:57,43.2400,3,19,22,3,19,22,0.009145,0.060548,intraday,intraday,0,0
2024-03-15 15:56,42.5800,2024-03-18 09:30,45.1600,2024-03-18 09:32,45.2600,2024-03-18 09:48,44.2300,2,16,18,2,16,18,0.002214,0.062940,intraday,intraday,0,0
2024-03-19 10:30,38.9400,2024-03-19 12:30,40.8900,2024-03-19 12:52,41.9500,2024-03-19 15:09,41.0400,22,137,159,22,137,159,0.025923,0.077298,intraday,intraday,0,0
2024-03-20 13:47,40.6200,2024-03-20 15:05,42.6600,2024-03-20 15:34,43.8000,2024-03-20 15:50,42.8900,29,16,45,29,16,45,0.026723,0.078287,intraday,intraday,0,0
2024-03-20 15:50,42.8900,2024-03-21 09:30,47.7800,2024-03-21 09:30,47.7800,2024-03-21 09:53,46.7200,0,23,23,0,23,23,0.000000,0.114013,intraday,intraday,0,0
2024-03-25 09:30,44.1400,2024-03-25 10:21,46.4300,2024-03-25 11:43,47.1800,2024-03-25 12:07,46.2300,82,24,106,82,24,106,0.016153,0.068872,intraday,intraday,0,0
2024-03-27 10:03,43.9100,2024-03-27 14:24,46.1100,2024-03-27 14:30,46.2100,2024-03-27 15:19,45.2700,6,49,55,6,49,55,0.002169,0.052380,intraday,intraday,0,0
2024-03-27 15:19,45.2700,2024-04-01 09:31,47.6200,2024-04-01 09:57,49.9900,2024-04-01 10:05,48.9800,26,8,34,26,8,34,0.049769,0.104263,intraday,intraday,0,0
2024-04-03 09:30,44.2100,2024-04-03 10:15,46.5700,2024-04-03 10:32,47.1800,2024-04-03 12:03,46.2300,17,91,108,17,91,108,0.013099,0.067179,intraday,intraday,0,0
2024-04-03 15:15,45.4200,2024-04-04 09:30,48.3900,2024-04-04 09:32,48.4900,2024-04-04 09:40,47.5000,2,8,10,2,8,10,0.002067,0.067591,intraday,intraday,0,0
2024-04-05 09:40,41.9400,2024-04-05 11:55,44.0900,2024-04-05 12:59,44.5300,2024-04-05 13:57,43.5400,64,58,122,64,58,122,0.009980,0.061755,intraday,intraday,0,0
2024-04-05 14:57,43.1200,2024-04-09 09:30,45.5500,2024-04-09 09:43,45.8500,2024-04-09 09:50,44.8100,13,7,20,13,7,20,0.006586,0.063312,intraday,intraday,0,0
2024-04-09 10:54,43.1700,2024-04-09 15:31,45.3900,2024-04-09 15:59,45.4200,2024-04-10 09:30,42.9500,28,1,29,28,1051,1079,0.000661,0.052120,overnight,overnight,1,1
2024-04-10 15:05,42.1900,2024-04-11 13:04,44.3300,2024-04-11 15:40,46.0500,2024-04-12 09:30,43.1000,156,20,176,156,1070,1226,0.038800,0.091491,overnight,overnight,1,1
2024-04-12 15:14,41.0300,2024-04-15 09:40,43.1500,2024-04-15 10:01,43.4000,2024-04-15 10:07,42.5100,21,6,27,21,6,27,0.005794,0.057763,intraday,intraday,0,0
2024-04-15 15:19,39.1000,2024-04-16 14:08,41.0700,2024-04-16 14:09,41.1700,2024-04-16 14:16,40.3300,1,7,8,1,7,8,0.002435,0.052941,intraday,intraday,0,0
2024-04-18 09:39,34.5300,2024-04-18 10:36,36.3000,2024-04-18 11:22,36.8000,2024-04-18 12:09,36.0400,46,47,93,46,47,93,0.013774,0.065740,intraday,intraday,0,0
2024-04-19 15:06,30.2000,2024-04-22 09:46,31.7400,2024-04-22 09:53,32.1000,2024-04-22 10:09,31.4000,7,16,23,7,16,23,0.011342,0.062914,intraday,intraday,0,0
2024-04-22 11:15,30.5000,2024-04-22 13:27,32.0800,2024-04-22 14:36,32.8500,2024-04-22 15:34,32.1400,69,58,127,69,58,127,0.024002,0.077049,intraday,intraday,0,0
2024-04-22 15:55,31.8100,2024-04-23 09:46,33.5000,2024-04-23 10:33,34.4800,2024-04-23 10:50,33.7600,47,17,64,47,17,64,0.029254,0.083936,intraday,intraday,0,0
2024-04-23 11:02,33.7000,2024-04-24 09:30,37.2000,2024-04-24 09:49,37.4800,2024-04-24 09:56,36.6600,19,7,26,19,7,26,0.007527,0.112166,intraday,intraday,0,0
2024-04-24 12:34,34.6000,2024-04-25 09:58,36.3300,2024-04-25 10:24,37.2800,2024-04-25 10:34,36.5300,26,10,36,26,10,36,0.026149,0.077457,intraday,intraday,0,0
2024-04-25 11:33,35.8900,2024-04-25 13:49,37.6900,2024-04-25 14:22,37.8700,2024-04-25 14:44,37.1100,33,22,55,33,22,55,0.004776,0.055169,intraday,intraday,0,0
2024-04-26 09:32,37.0000,2024-04-26 10:08,38.9100,2024-04-26 13:27,40.2900,2024-04-29 09:37,39.2400,199,160,359,199,4090,4289,0.035466,0.088919,weekend,weekend,0,1
2024-04-29 09:45,38.7100,2024-04-29 13:27,40.7000,2024-04-29 13:38,40.8300,2024-04-29 15:03,39.9200,11,85,96,11,85,96,0.003194,0.054766,intraday,intraday,0,0
2024-05-01 12:01,33.6500,2024-05-01 14:05,35.3700,2024-05-01 14:29,35.7700,2024-05-01 14:31,34.8700,24,2,26,24,2,26,0.011309,0.063001,intraday,intraday,0,0
2024-05-01 14:32,34.6300,2024-05-01 14:40,36.4700,2024-05-01 14:45,37.2600,2024-05-01 14:47,36.3500,5,2,7,5,2,7,0.021662,0.075946,intraday,intraday,0,0
2024-05-01 15:59,34.1900,2024-05-02 09:30,36.2100,2024-05-02 09:33,36.4100,2024-05-02 09:48,35.5900,3,15,18,3,15,18,0.005523,0.064931,intraday,intraday,0,0
2024-05-02 10:09,34.1200,2024-05-02 11:08,35.8900,2024-05-02 11:56,36.1000,2024-05-02 12:31,35.3000,48,35,83,48,35,83,0.005851,0.058030,intraday,intraday,0,0
2024-05-02 12:37,35.2000,2024-05-03 09:30,38.8500,2024-05-03 10:00,39.5800,2024-05-03 10:04,38.6800,30,4,34,30,4,34,0.018790,0.124432,intraday,intraday,0,0
2024-05-03 11:10,38.2500,2024-05-06 09:42,40.2400,2024-05-07 09:31,41.7800,2024-05-07 09:57,40.8700,379,26,405,1429,26,1455,0.038270,0.092288,overnight,intraday,0,1
2024-05-08 09:30,38.9600,2024-05-10 09:30,41.2600,2024-05-10 09:49,42.2400,2024-05-10 10:10,41.3900,19,21,40,19,21,40,0.023752,0.084189,intraday,intraday,0,0
2024-05-10 10:55,40.5100,2024-05-14 10:25,42.5900,2024-05-14 10:31,42.7500,2024-05-14 10:38,41.8800,6,7,13,6,7,13,0.003757,0.055295,intraday,intraday,0,0
2024-05-14 10:40,41.8700,2024-05-15 09:30,44.7100,2024-05-16 11:58,48.0400,2024-05-16 13:22,47.0200,538,84,622,1588,84,1672,0.074480,0.147361,overnight,intraday,0,1
2024-05-17 14:23,44.3300,2024-05-20 09:32,46.5800,2024-05-20 13:00,49.3000,2024-05-20 13:41,48.3100,208,41,249,208,41,249,0.058394,0.112114,intraday,intraday,0,0
2024-05-21 09:59,46.4100,2024-05-22 09:30,49.3000,2024-05-22 12:24,50.0000,2024-05-22 13:56,48.8900,174,92,266,174,92,266,0.014199,0.077354,intraday,intraday,0,0
2024-05-22 14:30,48.1000,2024-05-23 09:30,53.2000,2024-05-23 09:30,53.2000,2024-05-23 09:33,52.1300,0,3,3,0,3,3,0.000000,0.106029,intraday,intraday,0,0
2024-05-23 15:15,47.5500,2024-05-24 09:30,50.0500,2024-05-24 11:20,52.0800,2024-05-24 13:08,51.0200,110,108,218,110,108,218,0.040559,0.095268,intraday,intraday,0,0
2024-05-24 15:02,50.8900,2024-05-28 09:30,53.4700,2024-05-28 09:32,53.5600,2024-05-28 09:37,52.4700,2,5,7,2,5,7,0.001683,0.052466,intraday,intraday,0,0
2024-05-28 09:47,51.7500,2024-05-28 10:58,54.3500,2024-05-28 13:40,54.8900,2024-05-28 14:25,53.6900,162,45,207,162,45,207,0.009936,0.060676,intraday,intraday,0,0
2024-05-31 12:23,44.3800,2024-05-31 15:12,46.6000,2024-06-03 09:30,50.9300,2024-06-03 09:36,49.7800,48,6,54,3978,6,3984,0.092918,0.147589,weekend,intraday,0,1
2024-06-03 13:11,46.1200,2024-06-03 15:56,48.4800,2024-06-03 15:59,48.6900,2024-06-04 09:35,47.6300,3,6,9,3,1056,1059,0.004332,0.055724,overnight,overnight,0,1
2024-06-04 12:18,46.4300,2024-06-05 09:30,50.0900,2024-06-05 15:59,53.8700,2024-06-06 09:41,52.7600,389,12,401,389,1062,1451,0.075464,0.160241,overnight,overnight,0,1
2024-06-10 09:30,50.4200,2024-06-10 10:37,53.1200,2024-06-10 12:56,54.5800,2024-06-10 14:28,53.4100,139,92,231,139,92,231,0.027485,0.082507,intraday,intraday,0,0
2024-06-11 09:54,51.7000,2024-06-11 14:27,54.3200,2024-06-12 10:14,59.4500,2024-06-12 10:43,58.2300,137,29,166,1187,29,1216,0.094440,0.149903,overnight,intraday,0,1
2024-06-12 15:42,57.2300,2024-06-13 09:30,60.7800,2024-06-13 09:32,61.4900,2024-06-13 09:51,60.1600,2,19,21,2,19,21,0.011681,0.074436,intraday,intraday,0,0
2024-06-13 10:24,58.3000,2024-06-17 09:31,61.3000,2024-06-17 09:31,61.3000,2024-06-17 09:44,60.0200,0,13,13,0,13,13,0.000000,0.051458,intraday,intraday,0,0
2024-06-17 10:29,58.9500,2024-06-17 13:34,61.9000,2024-06-18 13:50,66.1900,2024-06-18 15:45,64.8500,406,115,521,1456,115,1571,0.069305,0.122816,overnight,intraday,0,1
2024-06-21 09:52,56.0300,2024-06-21 10:59,58.8600,2024-06-21 12:06,60.1800,2024-06-21 12:45,58.8500,67,39,106,67,39,106,0.022426,0.074067,intraday,intraday,0,0
2024-06-25 09:38,52.3500,2024-06-25 11:32,55.0400,2024-06-25 12:02,55.2500,2024-06-25 12:48,54.0500,30,46,76,30,46,76,0.003815,0.055396,intraday,intraday,0,0
2024-06-26 15:14,52.8500,2024-06-27 09:46,55.5000,2024-06-27 09:47,55.5800,2024-06-27 09:52,54.2900,1,5,6,1,5,6,0.001441,0.051656,intraday,intraday,0,0
2024-06-27 11:31,52.8200,2024-06-28 09:36,55.5900,2024-06-28 10:15,58.5900,2024-06-28 10:37,57.2800,39,22,61,39,22,61,0.053967,0.109239,intraday,intraday,0,0
2024-07-01 10:15,52.2500,2024-07-01 12:09,54.9100,2024-07-01 15:14,55.5100,2024-07-01 15:46,54.3900,185,32,217,185,32,217,0.010927,0.062392,intraday,intraday,0,0
2024-07-02 09:30,54.2800,2024-07-02 14:12,57.1000,2024-07-03 09:34,58.9600,2024-07-03 09:37,57.7600,112,3,115,1162,3,1165,0.032574,0.086220,overnight,intraday,0,1
2024-07-03 09:41,57.1800,2024-07-03 11:18,60.0700,2024-07-03 12:30,61.5200,2024-07-03 12:43,60.2400,72,13,85,72,13,85,0.024139,0.075901,intraday,intraday,0,0
2024-07-03 12:48,59.4600,2024-07-08 09:30,62.6400,2024-07-08 09:51,64.3000,2024-07-08 10:20,62.9200,21,29,50,21,29,50,0.026501,0.081399,intraday,intraday,0,0
2024-07-08 10:57,62.6400,2024-07-09 09:33,65.7800,2024-07-09 09:34,66.1500,2024-07-09 10:06,64.7200,1,32,33,1,32,33,0.005625,0.056034,intraday,intraday,0,0
2024-07-09 13:24,62.4200,2024-07-10 09:30,66.0500,2024-07-10 10:09,67.4400,2024-07-10 11:01,66.0200,39,52,91,39,52,91,0.021045,0.080423,intraday,intraday,0,0
2024-07-10 11:01,66.0200,2024-07-11 09:30,70.0800,2024-07-11 09:30,70.0800,2024-07-11 09:33,68.5500,0,3,3,0,3,3,0.000000,0.061497,intraday,intraday,0,0
2024-07-11 14:04,61.2200,2024-07-12 10:00,64.5000,2024-07-12 11:13,66.4300,2024-07-12 12:00,65.1000,73,47,120,73,47,120,0.029922,0.085103,intraday,intraday,0,0
2024-07-12 15:50,63.4500,2024-07-15 11:20,66.7200,2024-07-15 11:24,66.7600,2024-07-15 11:45,65.2400,4,21,25,4,21,25,0.000600,0.052167,intraday,intraday,0,0
2024-07-16 10:10,62.2300,2024-07-16 15:54,65.4100,2024-07-16 15:55,65.5900,2024-07-17 09:30,58.0000,1,5,6,1,1055,1056,0.002752,0.053993,overnight,overnight,1,1
2024-07-17 15:59,51.2200,2024-07-18 09:30,54.1600,2024-07-18 09:31,54.1700,2024-07-18 09:34,53.0000,1,3,4,1,3,4,0.000185,0.057595,intraday,intraday,0,0
2024-07-18 11:33,49.1200,2024-07-18 13:01,51.6300,2024-07-18 13:23,52.0700,2024-07-18 13:38,51.0000,22,15,37,22,15,37,0.008522,0.060057,intraday,intraday,0,0
2024-07-18 15:14,49.3400,2024-07-18 15:45,51.8200,2024-07-18 15:49,52.6900,2024-07-18 15:51,51.5500,4,2,6,4,2,6,0.016789,0.067896,intraday,intraday,0,0
2024-07-19 15:56,46.7500,2024-07-22 09:30,50.1700,2024-07-22 09:30,50.1700,2024-07-22 09:32,49.0200,0,2,2,0,2,2,0.000000,0.073155,intraday,intraday,0,0
2024-07-22 09:34,48.8100,2024-07-22 09:47,51.4100,2024-07-22 09:47,51.4100,2024-07-22 09:59,50.3200,0,12,12,0,12,12,0.000000,0.053268,intraday,intraday,0,0
2024-07-22 11:33,49.1000,2024-07-22 13:31,51.6400,2024-07-22 15:49,52.9500,2024-07-23 09:30,50.5000,138,11,149,138,1061,1199,0.025368,0.078411,overnight,overnight,1,1
2024-07-25 10:13,37.3900,2024-07-25 10:23,39.3300,2024-07-25 10:54,42.0700,2024-07-25 11:01,41.2100,31,7,38,31,7,38,0.069667,0.125167,intraday,intraday,0,0
2024-07-25 11:07,40.6000,2024-07-25 12:22,42.6800,2024-07-25 13:10,43.7000,2024-07-25 13:15,42.7700,48,5,53,48,5,53,0.023899,0.076355,intraday,intraday,0,0
2024-07-25 15:55,39.4200,2024-07-26 09:30,42.2400,2024-07-26 09:30,42.2400,2024-07-26 09:34,41.1400,0,4,4,0,4,4,0.000000,0.071537,intraday,intraday,0,0
2024-07-26 10:47,40.7100,2024-07-26 12:42,42.7700,2024-07-26 13:28,43.0000,2024-07-26 13:35,42.0200,46,7,53,46,7,53,0.005378,0.056252,intraday,intraday,0,0
2024-07-26 15:18,40.8400,2024-07-29 09:30,43.7100,2024-07-29 09:45,45.0000,2024-07-29 09:50,43.9800,15,5,20,15,5,20,0.029513,0.101861,intraday,intraday,0,0
2024-07-30 13:03,36.7800,2024-07-30 13:44,38.6500,2024-07-30 14:41,38.9700,2024-07-30 15:01,38.1100,57,20,77,57,20,77,0.008279,0.059543,intraday,intraday,0,0
2024-07-30 15:43,36.8600,2024-07-31 09:30,42.6200,2024-07-31 09:30,42.6200,2024-07-31 09:31,41.4200,0,1,1,0,1,1,0.000000,0.156267,intraday,intraday,0,0
2024-07-31 09:31,41.4200,2024-07-31 14:26,43.5000,2024-07-31 14:54,44.6900,2024-07-31 15:19,43.6000,28,25,53,28,25,53,0.027356,0.078947,intraday,intraday,0,0
2024-08-01 14:59,33.4200,2024-08-01 15:31,35.1600,2024-08-01 15:50,35.5200,2024-08-01 15:54,34.7200,19,4,23,19,4,23,0.010239,0.062837,intraday,intraday,0,0
2024-08-02 09:34,28.9000,2024-08-02 09:38,30.5400,2024-08-02 09:39,31.1300,2024-08-02 09:39,30.4600,1,0,1,1,0,1,0.019319,0.077163,intraday,intraday,0,0
2024-08-02 10:14,28.1400,2024-08-02 10:26,29.6000,2024-08-02 10:27,29.9700,2024-08-02 10:33,29.3200,1,6,7,1,6,7,0.012500,0.065032,intraday,intraday,0,0
2024-08-02 10:39,28.6200,2024-08-02 11:24,30.0600,2024-08-02 11:46,31.3000,2024-08-02 11:48,30.6500,22,2,24,22,2,24,0.041251,0.093641,intraday,intraday,0,0
2024-08-05 09:30,23.5000,2024-08-05 09:34,24.7800,2024-08-05 09:35,25.0900,2024-08-05 09:35,24.4700,1,0,1,1,0,1,0.012510,0.067660,intraday,intraday,0,0
2024-08-05 09:35,24.4700,2024-08-05 09:38,25.9800,2024-08-05 09:39,26.4900,2024-08-05 09:39,25.9400,1,0,1,1,0,1,0.019630,0.082550,intraday,intraday,0,0
2024-08-05 09:40,25.0900,2024-08-05 09:40,26.4400,2024-08-05 09:40,26.4400,2024-08-05 09:41,24.8800,0,1,1,0,1,1,0.000000,0.053806,intraday,intraday,0,0
2024-08-05 09:42,24.8300,2024-08-05 09:45,26.1900,2024-08-05 09:46,26.3700,2024-08-05 09:46,25.8300,1,0,1,1,0,1,0.006873,0.062022,intraday,intraday,0,0
2024-08-05 09:46,25.8300,2024-08-05 10:00,28.0500,2024-08-05 10:01,28.6600,2024-08-05 10:01,28.0000,1,0,1,1,0,1,0.021747,0.109563,intraday,intraday,0,0
2024-08-05 10:12,26.0800,2024-08-05 10:18,27.6400,2024-08-05 10:22,27.7700,2024-08-05 10:22,27.1500,4,0,4,4,0,4,0.004703,0.064801,intraday,intraday,0,0
2024-08-05 10:31,26.5000,2024-08-05 10:54,28.0900,2024-08-05 10:54,28.0900,2024-08-05 10:55,27.4500,0,1,1,0,1,1,0.000000,0.060000,intraday,intraday,0,0
2024-08-05 11:01,26.7300,2024-08-05 11:11,28.3600,2024-08-05 11:11,28.3600,2024-08-05 11:13,27.7900,0,2,2,0,2,2,0.000000,0.060980,intraday,intraday,0,0
2024-08-05 11:13,27.7900,2024-08-05 12:23,29.3200,2024-08-05 12:28,30.1500,2024-08-05 12:31,29.4600,5,3,8,5,3,8,0.028308,0.084923,intraday,intraday,0,0
2024-08-05 14:46,27.0000,2024-08-06 09:30,28.7800,2024-08-06 09:32,29.1800,2024-08-06 09:32,28.4400,2,0,2,2,0,2,0.013899,0.080741,intraday,intraday,0,0
2024-08-06 09:43,27.1700,2024-08-06 09:52,28.5600,2024-08-06 10:09,29.3500,2024-08-06 10:12,28.6800,17,3,20,17,3,20,0.027661,0.080236,intraday,intraday,0,0
2024-08-06 10:30,28.3300,2024-08-06 10:49,29.8800,2024-08-06 10:49,29.8800,2024-08-06 11:11,29.2100,0,22,22,0,22,22,0.000000,0.054712,intraday,intraday,0,0
2024-08-06 11:30,28.6600,2024-08-06 12:52,30.1600,2024-08-06 14:29,30.8000,2024-08-06 14:59,30.1100,97,30,127,97,30,127,0.021220,0.074669,intraday,intraday,0,0
2024-08-06 15:57,28.5400,2024-08-07 09:30,31.6800,2024-08-07 09:32,31.9400,2024-08-07 09:33,31.1100,2,1,3,2,1,3,0.008207,0.119131,intraday,intraday,0,0
2024-08-07 14:19,26.3100,2024-08-07 15:06,27.7300,2024-08-07 15:06,27.7300,2024-08-07 15:13,27.0500,0,7,7,0,7,7,0.000000,0.053972,intraday,intraday,0,0
2024-08-07 15:56,25.9400,2024-08-08 09:30,28.7300,2024-08-08 09:31,28.8200,2024-08-08 09:32,28.1200,1,1,2,1,1,2,0.003133,0.111025,intraday,intraday,0,0
2024-08-08 09:51,26.8700,2024-08-08 10:00,28.2600,2024-08-08 11:01,30.1000,2024-08-08 11:11,29.4700,61,10,71,61,10,71,0.065110,0.120208,intraday,intraday,0,0
2024-08-08 11:12,29.4300,2024-08-08 13:29,30.9400,2024-08-08 14:06,31.4800,2024-08-08 14:40,30.7400,37,34,71,37,34,71,0.017453,0.069657,intraday,intraday,0,0
2024-08-09 10:00,29.5800,2024-08-09 10:13,31.0800,2024-08-09 10:13,31.0800,2024-08-09 10:23,30.3900,0,10,10,0,10,10,0.000000,0.050710,intraday,intraday,0,0
2024-08-09 10:35,29.8100,2024-08-09 13:15,31.3500,2024-08-09 13:40,31.7900,2024-08-09 13:54,31.1300,25,14,39,25,14,39,0.014035,0.066421,intraday,intraday,0,0
2024-08-12 09:57,30.2300,2024-08-12 10:16,31.7800,2024-08-12 11:18,32.5900,2024-08-12 11:23,31.6800,62,5,67,62,5,67,0.025488,0.078068,intraday,intraday,0,0
2024-08-12 13:00,30.9400,2024-08-13 09:30,32.8400,2024-08-13 09:32,33.0600,2024-08-13 09:35,32.2300,2,3,5,2,3,5,0.006699,0.068520,intraday,intraday,0,0
2024-08-13 09:36,32.1800,2024-08-13 11:25,33.7900,2024-08-13 13:15,35.1500,2024-08-13 13:46,34.2900,110,31,141,110,31,141,0.040249,0.092293,intraday,intraday,0,0
2024-08-13 13:46,34.2900,2024-08-14 09:30,36.5100,2024-08-14 09:31,36.6400,2024-08-14 09:33,35.7500,1,2,3,1,2,3,0.003561,0.068533,intraday,intraday,0,0
2024-08-14 10:34,33.2700,2024-08-14 10:59,34.9700,2024-08-14 12:02,36.0100,2024-08-14 12:16,35.1100,63,14,77,63,14,77,0.029740,0.082356,intraday,intraday,0,0
2024-08-14 12:45,34.2200,2024-08-15 09:30,37.3700,2024-08-15 12:25,40.2000,2024-08-15 12:49,39.3600,175,24,199,175,24,199,0.075729,0.174752,intraday,intraday,0,0
2024-08-16 09:31,38.0700,2024-08-16 10:16,40.0200,2024-08-16 10:20,40.2400,2024-08-16 10:40,39.3500,4,20,24,4,20,24,0.005497,0.057000,intraday,intraday,0,0
2024-08-19 10:03,37.8900,2024-08-19 13:26,39.8200,2024-08-19 15:57,41.7500,2024-08-20 09:30,40.8200,151,3,154,151,1053,1204,0.048468,0.101874,overnight,overnight,1,1
2024-08-20 13:00,39.1000,2024-08-21 09:38,41.0800,2024-08-21 10:12,41.5100,2024-08-21 10:26,40.6600,34,14,48,34,14,48,0.010467,0.061637,intraday,intraday,0,0
2024-08-21 12:03,40.3300,2024-08-21 14:33,42.3600,2024-08-21 14:33,42.3600,2024-08-21 14:45,41.4500,0,12,12,0,12,12,0.000000,0.050335,intraday,intraday,0,0
2024-08-22 11:50,38.4700,2024-08-22 12:30,40.4600,2024-08-22 12:36,40.5000,2024-08-22 12:51,39.5800,6,15,21,6,15,21,0.000989,0.052768,intraday,intraday,0,0
2024-08-22 15:44,37.1100,2024-08-23 09:30,39.2500,2024-08-23 10:02,40.9500,2024-08-23 10:06,39.7600,32,4,36,32,4,36,0.043312,0.103476,intraday,intraday,0,0
2024-08-27 09:45,35.5200,2024-08-27 10:12,37.4500,2024-08-27 11:12,38.4800,2024-08-27 11:32,37.6800,60,20,80,60,20,80,0.027503,0.083333,intraday,intraday,0,0
2024-08-28 11:18,35.2900,2024-08-28 15:02,37.1000,2024-08-29 09:31,37.6200,2024-08-29 09:31,36.8200,59,0,59,1109,0,1109,0.014016,0.066024,overnight,intraday,0,1
2024-08-29 09:31,36.8200,2024-08-29 10:00,38.8000,2024-08-29 10:01,38.8500,2024-08-29 10:05,38.0500,1,4,5,1,4,5,0.001289,0.055133,intraday,intraday,0,0
2024-08-29 15:12,35.6200,2024-08-30 09:30,38.8000,2024-08-30 09:30,38.8000,2024-08-30 09:32,37.9800,0,2,2,0,2,2,0.000000,0.089276,intraday,intraday,0,0
2024-08-30 12:37,37.0600,2024-08-30 15:59,38.9600,2024-08-30 15:59,38.9600,2024-09-03 09:30,36.3300,0,1,1,0,5371,5371,0.000000,0.051268,weekend,weekend,1,1
2024-09-04 09:32,28.7300,2024-09-04 09:48,30.3200,2024-09-04 09:49,30.4200,2024-09-04 10:00,28.9400,1,11,12,1,11,12,0.003298,0.058824,intraday,intraday,0,0
2024-09-04 10:00,28.9400,2024-09-04 10:10,30.6900,2024-09-04 10:10,30.6900,2024-09-04 10:13,30.0700,0,3,3,0,3,3,0.000000,0.060470,intraday,intraday,0,0
2024-09-04 10:21,29.8600,2024-09-04 10:57,31.4200,2024-09-04 11:06,31.6900,2024-09-04 11:14,30.9000,9,8,17,9,8,17,0.008593,0.061286,intraday,intraday,0,0
2024-09-05 09:32,28.8300,2024-09-05 09:46,30.3300,2024-09-05 09:46,30.3300,2024-09-05 09:49,29.7200,0,3,3,0,3,3,0.000000,0.052029,intraday,intraday,0,0
2024-09-05 09:49,29.7200,2024-09-05 10:07,31.2100,2024-09-05 10:07,31.2100,2024-09-05 10:11,30.4300,0,4,4,0,4,4,0.000000,0.050135,intraday,intraday,0,0
2024-09-06 12:51,25.5000,2024-09-09 09:30,27.2500,2024-09-09 09:33,27.4400,2024-09-09 09:48,26.8500,3,15,18,3,15,18,0.006972,0.076078,intraday,intraday,0,0
2024-09-09 11:00,26.1500,2024-09-09 13:05,27.4700,2024-09-09 13:12,27.5200,2024-09-09 13:59,26.9600,7,47,54,7,47,54,0.001820,0.052390,intraday,intraday,0,0
2024-09-10 12:03,26.2400,2024-09-10 14:01,27.6900,2024-09-11 09:38,29.5000,2024-09-11 09:46,28.6700,127,8,135,1177,8,1185,0.065367,0.124238,overnight,intraday,0,1
2024-09-11 10:48,27.0800,2024-09-11 11:36,28.4400,2024-09-11 11:46,29.0300,2024-09-11 11:56,28.3200,10,10,20,10,10,20,0.020745,0.072009,intraday,intraday,0,0
2024-09-11 11:56,28.3200,2024-09-11 13:07,29.8300,2024-09-11 14:42,31.7000,2024-09-11 14:53,31.0400,95,11,106,95,11,106,0.062689,0.119350,intraday,intraday,0,0
2024-09-11 15:04,30.7900,2024-09-11 15:57,32.3400,2024-09-11 15:58,32.4200,2024-09-12 09:30,31.0700,1,2,3,1,1052,1053,0.002474,0.052939,overnight,overnight,1,1
2024-09-12 09:50,30.3500,2024-09-12 10:18,31.9100,2024-09-12 10:34,32.5500,2024-09-12 10:35,31.7500,16,1,17,16,1,17,0.020056,0.072488,intraday,intraday,0,0
2024-09-12 11:46,31.0200,2024-09-12 13:55,32.6800,2024-09-12 13:56,32.6900,2024-09-12 14:49,31.9800,1,53,54,1,53,54,0.000306,0.053836,intraday,intraday,0,0
2024-09-12 14:52,31.4500,2024-09-13 09:33,33.1200,2024-09-13 09:39,33.4900,2024-09-13 09:50,32.8100,6,11,17,6,11,17,0.011171,0.064865,intraday,intraday,0,0
2024-09-16 12:21,30.8300,2024-09-17 09:30,33.4900,2024-09-17 09:31,33.5600,2024-09-17 09:35,32.8100,1,4,5,1,4,5,0.002090,0.088550,intraday,intraday,0,0
2024-09-18 11:47,31.3200,2024-09-18 14:00,33.3500,2024-09-18 14:01,33.8800,2024-09-18 14:02,33.2000,1,1,2,1,1,2,0.015892,0.081737,intraday,intraday,0,0
2024-09-18 14:13,32.1300,2024-09-18 14:33,33.8500,2024-09-18 14:34,34.0000,2024-09-18 14:35,33.3000,1,1,2,1,1,2,0.004431,0.058201,intraday,intraday,0,0
2024-09-18 15:59,31.0500,2024-09-19 09:30,34.8200,2024-09-19 09:30,34.8200,2024-09-19 09:34,34.0000,0,4,4,0,4,4,0.000000,0.121417,intraday,intraday,0,0
2024-09-19 09:51,33.8800,2024-09-19 11:42,35.5900,2024-09-19 14:01,36.4400,2024-09-19 14:48,35.6000,139,47,186,139,47,186,0.023883,0.075561,intraday,intraday,0,0
2024-09-20 11:16,32.0400,2024-09-20 15:28,33.6600,2024-09-23 09:32,34.3800,2024-09-23 09:35,33.6600,34,3,37,3964,3,3967,0.021390,0.073034,weekend,intraday,0,1
2024-09-23 11:06,33.1800,2024-09-24 09:30,34.9900,2024-09-24 09:51,35.3600,2024-09-24 10:00,34.5400,21,9,30,21,9,30,0.010574,0.065702,intraday,intraday,0,0
2024-09-24 10:41,33.5800,2024-09-24 11:49,35.3200,2024-09-24 11:55,35.7000,2024-09-24 14:13,34.9200,6,138,144,6,138,144,0.010759,0.063133,intraday,intraday,0,0
2024-09-25 09:30,34.6500,2024-09-25 10:15,36.3900,2024-09-25 10:17,36.4600,2024-09-25 11:29,35.7300,2,72,74,2,72,74,0.001924,0.052237,intraday,intraday,0,0
2024-09-25 13:00,35.0900,2024-09-26 09:30,40.5100,2024-09-26 09:30,40.5100,2024-09-26 09:35,39.2800,0,5,5,0,5,5,0.000000,0.154460,intraday,intraday,0,0
2024-09-26 11:00,36.7100,2024-09-26 11:56,38.6700,2024-09-26 11:59,38.8000,2024-09-26 12:23,37.9400,3,24,27,3,24,27,0.003362,0.056933,intraday,intraday,0,0
2024-09-26 13:19,37.7200,2024-09-26 14:29,39.6800,2024-09-26 15:23,40.5000,2024-09-26 15:53,39.6600,54,30,84,54,30,84,0.020665,0.073701,intraday,intraday,0,0
2024-09-30 14:24,35.0500,2024-10-01 09:30,36.8700,2024-10-01 09:31,36.9900,2024-10-01 09:33,36.2300,1,2,3,1,2,3,0.003255,0.055350,intraday,intraday,0,0
2024-10-01 13:16,32.7400,2024-10-01 14:26,34.4200,2024-10-01 14:32,34.6200,2024-10-01 15:31,33.8100,6,59,65,6,59,65,0.005811,0.057422,intraday,intraday,0,0
2024-10-02 09:43,33.1600,2024-10-02 10:02,34.8500,2024-10-02 12:25,36.0500,2024-10-02 12:58,35.2500,143,33,176,143,33,176,0.034433,0.087153,intraday,intraday,0,0
2024-10-03 09:30,33.9800,2024-10-03 09:44,35.6900,2024-10-03 10:07,36.6100,2024-10-03 10:13,35.5700,23,6,29,23,6,29,0.025778,0.077398,intraday,intraday,0,0
2024-10-03 13:01,34.2900,2024-10-04 09:30,37.5300,2024-10-04 09:30,37.5300,2024-10-04 09:53,36.7400,0,23,23,0,23,23,0.000000,0.094488,intraday,intraday,0,0
2024-10-04 10:10,35.4500,2024-10-07 13:58,37.2300,2024-10-07 13:59,37.2400,2024-10-07 14:30,36.3700,1,31,32,1,31,32,0.000269,0.050494,intraday,intraday,0,0
2024-10-07 15:43,35.5600,2024-10-08 10:48,37.3600,2024-10-08 11:04,37.6000,2024-10-08 13:05,36.8100,16,121,137,16,121,137,0.006424,0.057368,intraday,intraday,0,0
2024-10-09 09:44,36.5300,2024-10-09 11:35,38.4300,2024-10-09 11:51,38.6700,2024-10-09 12:19,37.8200,16,28,44,16,28,44,0.006245,0.058582,intraday,intraday,0,0
2024-10-10 09:50,36.3600,2024-10-10 11:55,38.2000,2024-10-10 12:01,38.4200,2024-10-10 12:30,37.6300,6,29,35,6,29,35,0.005759,0.056656,intraday,intraday,0,0
2024-10-11 09:30,36.8600,2024-10-11 10:25,38.7300,2024-10-11 10:27,38.8600,2024-10-11 10:52,38.0300,2,25,27,2,25,27,0.003357,0.054259,intraday,intraday,0,0
2024-10-11 10:52,38.0300,2024-10-14 09:32,39.9600,2024-10-14 10:00,40.9000,2024-10-14 10:17,39.9500,28,17,45,28,17,45,0.023524,0.075467,intraday,intraday,0,0
2024-10-15 10:41,35.2600,2024-10-15 10:55,37.0500,2024-10-15 10:56,37.0800,2024-10-15 10:59,36.3000,1,3,4,1,3,4,0.000810,0.051617,intraday,intraday,0,0
2024-10-15 15:35,33.6300,2024-10-16 09:30,35.7500,2024-10-16 09:30,35.7500,2024-10-16 09:31,34.7200,0,1,1,0,1,1,0.000000,0.063039,intraday,intraday,0,0
2024-10-16 09:46,34.0000,2024-10-17 09:30,37.3600,2024-10-17 09:30,37.3600,2024-10-17 09:32,36.5800,0,2,2,0,2,2,0.000000,0.098824,intraday,intraday,0,0
2024-10-23 14:19,32.2900,2024-10-24 09:30,34.7400,2024-10-24 09:30,34.7400,2024-10-24 09:43,34.0200,0,13,13,0,13,13,0.000000,0.075875,intraday,intraday,0,0
2024-10-24 12:16,33.5300,2024-10-25 09:30,35.4800,2024-10-25 10:03,36.8700,2024-10-25 13:34,36.0700,33,211,244,33,211,244,0.039177,0.099612,intraday,intraday,0,0
2024-10-28 09:31,34.7500,2024-10-29 11:38,36.5000,2024-10-29 15:48,38.4500,2024-10-29 15:57,37.6600,250,9,259,250,9,259,0.053425,0.106475,intraday,intraday,0,0
2024-10-31 14:21,29.2300,2024-11-01 09:30,30.7500,2024-11-01 10:23,31.8300,2024-11-01 10:42,31.1000,53,19,72,53,19,72,0.035122,0.088950,intraday,intraday,0,0
2024-11-04 09:37,30.0100,2024-11-04 11:08,31.5200,2024-11-04 11:13,31.6700,2024-11-04 11:43,31.0100,5,30,35,5,30,35,0.004759,0.055315,intraday,intraday,0,0
2024-11-04 15:56,30.2400,2024-11-06 09:30,33.4800,2024-11-06 09:40,33.8800,2024-11-06 09:45,33.1100,10,5,15,10,5,15,0.011947,0.120370,intraday,intraday,0,0
2024-11-06 09:58,32.4000,2024-11-06 13:42,34.0800,2024-11-07 15:55,36.3700,2024-11-08 09:30,35.5400,523,5,528,1573,1055,2628,0.067195,0.122531,overnight,overnight,1,2
2024-11-18 09:56,26.3000,2024-11-18 11:24,27.6200,2024-11-18 11:38,27.8300,2024-11-18 11:58,27.2400,14,20,34,14,20,34,0.007603,0.058175,intraday,intraday,0,0
2024-11-20 13:47,26.0000,2024-11-21 09:30,28.5000,2024-11-21 09:32,28.6000,2024-11-21 09:34,27.8500,2,2,4,2,2,4,0.003509,0.100000,intraday,intraday,0,0
2024-11-21 10:30,26.4700,2024-11-21 11:25,27.8500,2024-11-21 14:01,28.9200,2024-11-21 15:50,28.2800,156,109,265,156,109,265,0.038420,0.092558,intraday,intraday,0,0
2024-11-22 11:20,27.8400,2024-11-25 09:30,29.5900,2024-11-25 09:41,29.8500,2024-11-25 09:52,29.2400,11,11,22,11,11,22,0.008787,0.072198,intraday,intraday,0,0
2024-11-25 10:01,28.7400,2024-11-26 09:30,30.2500,2024-11-26 09:30,30.2500,2024-11-26 09:39,29.5600,0,9,9,0,9,9,0.000000,0.052540,intraday,intraday,0,0
2024-11-27 12:09,25.5800,2024-11-27 14:48,26.8800,2024-11-29 11:12,29.0500,2024-11-29 11:43,28.4400,174,31,205,2664,31,2695,0.080729,0.135653,holiday,intraday,0,1
2024-11-29 12:59,28.0200,2024-12-02 09:48,29.4700,2024-12-02 12:51,30.8000,2024-12-02 14:00,30.1700,183,69,252,183,69,252,0.045131,0.099215,intraday,intraday,0,0
2024-12-03 09:31,29.4000,2024-12-04 09:30,31.5600,2024-12-04 09:30,31.5600,2024-12-04 09:37,30.8700,0,7,7,0,7,7,0.000000,0.073469,intraday,intraday,0,0
2024-12-09 09:34,28.6100,2024-12-09 09:54,30.0500,2024-12-09 10:22,30.3200,2024-12-09 11:01,29.7100,28,39,67,28,39,67,0.008985,0.059769,intraday,intraday,0,0
2024-12-10 15:34,26.5600,2024-12-11 09:30,28.3300,2024-12-11 09:53,28.9900,2024-12-11 10:28,28.3500,23,35,58,23,35,58,0.023297,0.091491,intraday,intraday,0,0
2024-12-11 10:58,27.7900,2024-12-11 14:21,29.1900,2024-12-11 15:24,29.6300,2024-12-11 15:54,28.9800,63,30,93,63,30,93,0.015074,0.066211,intraday,intraday,0,0
2024-12-12 12:00,27.7400,2024-12-13 09:30,30.5000,2024-12-13 09:48,31.3100,2024-12-13 10:19,30.6100,18,31,49,18,31,49,0.026557,0.128695,intraday,intraday,0,0
2024-12-13 11:01,29.4800,2024-12-13 15:07,30.9700,2024-12-16 09:31,31.3400,2024-12-16 09:31,30.6500,54,0,54,3984,0,3984,0.011947,0.063094,weekend,intraday,0,1
2024-12-16 09:36,30.3900,2024-12-16 09:54,31.9100,2024-12-16 10:04,32.4000,2024-12-16 10:14,31.7500,10,10,20,10,10,20,0.015356,0.066140,intraday,intraday,0,0
2024-12-17 14:41,30.5500,2024-12-18 09:38,32.1300,2024-12-18 09:44,32.4800,2024-12-18 14:00,31.7300,6,256,262,6,256,262,0.010893,0.063175,intraday,intraday,0,0
2024-12-18 15:45,27.0000,2024-12-18 15:50,28.3600,2024-12-18 15:54,28.5900,2024-12-18 15:56,27.9000,4,2,6,4,2,6,0.008110,0.058889,intraday,intraday,0,0
2024-12-20 09:32,25.5900,2024-12-20 10:27,26.8900,2024-12-20 12:29,28.3700,2024-12-20 13:17,27.8000,122,48,170,122,48,170,0.055039,0.108636,intraday,intraday,0,0
2024-12-20 15:57,27.1500,2024-12-23 09:32,28.6000,2024-12-23 09:42,29.0700,2024-12-23 09:52,28.4700,10,10,20,10,10,20,0.016434,0.070718,intraday,intraday,0,0
2024-12-23 10:11,28.1700,2024-12-23 13:39,29.5900,2024-12-24 09:30,30.2600,2024-12-24 09:39,29.6500,141,9,150,1191,9,1200,0.022643,0.074192,overnight,intraday,0,1
2024-12-30 10:01,27.3200,2024-12-30 12:47,28.6900,2024-12-30 13:14,28.7800,2024-12-30 15:11,28.1600,27,117,144,27,117,144,0.003137,0.053441,intraday,intraday,0,0
2024-12-31 14:32,26.9300,2025-01-02 09:31,28.4500,2025-01-02 09:33,28.5600,2025-01-02 09:37,27.9400,2,4,6,2,4,6,0.003866,0.060527,intraday,intraday,0,0
2025-01-02 13:54,27.0300,2025-01-03 09:30,28.4300,2025-01-03 10:05,28.9900,2025-01-03 10:17,28.2500,35,12,47,35,12,47,0.019698,0.072512,intraday,intraday,0,0
2025-01-03 10:21,28.2100,2025-01-03 13:29,29.6600,2025-01-06 10:29,33.6300,2025-01-06 13:49,32.9400,210,200,410,4140,200,4340,0.133850,0.192130,weekend,intraday,0,1
2025-01-07 10:47,31.3400,2025-01-07 11:25,32.9200,2025-01-07 11:28,32.9900,2025-01-07 11:36,32.3100,3,8,11,3,8,11,0.002126,0.052648,intraday,intraday,0,0
2025-01-10 10:09,27.4600,2025-01-10 10:49,28.8800,2025-01-10 10:49,28.8800,2025-01-10 10:52,28.2200,0,3,3,0,3,3,0.000000,0.051712,intraday,intraday,0,0
2025-01-13 09:38,26.2500,2025-01-13 10:07,27.5700,2025-01-13 10:07,27.5700,2025-01-13 10:12,27.0100,0,5,5,0,5,5,0.000000,0.050286,intraday,intraday,0,0
2025-01-13 10:29,26.5700,2025-01-14 09:30,28.5900,2025-01-14 09:42,28.9600,2025-01-14 09:47,28.3500,12,5,17,12,5,17,0.012942,0.089951,intraday,intraday,0,0
2025-01-14 12:02,27.1800,2025-01-15 09:30,29.6900,2025-01-15 10:19,30.4600,2025-01-15 11:17,29.8500,49,58,107,49,58,107,0.025935,0.120677,intraday,intraday,0,0
2025-01-15 11:53,29.4600,2025-01-16 09:30,31.5600,2025-01-16 09:31,31.6900,2025-01-16 09:33,30.8100,1,2,3,1,2,3,0.004119,0.075696,intraday,intraday,0,0
2025-01-16 10:00,30.2000,2025-01-16 12:27,31.7200,2025-01-16 12:27,31.7200,2025-01-16 13:30,31.0600,0,63,63,0,63,63,0.000000,0.050331,intraday,intraday,0,0
2025-01-16 15:59,30.0000,2025-01-17 09:30,32.1200,2025-01-21 09:36,33.4200,2025-01-21 09:40,32.6600,396,4,400,5766,4,5770,0.040473,0.114000,weekend,intraday,0,1
2025-01-21 10:13,32.5000,2025-01-21 12:28,34.1300,2025-01-21 14:07,34.5300,2025-01-21 15:49,33.8100,99,102,201,99,102,201,0.011720,0.062462,intraday,intraday,0,0
2025-01-21 15:59,33.6500,2025-01-22 09:33,35.4200,2025-01-22 12:03,36.1500,2025-01-22 15:01,35.4100,150,178,328,150,178,328,0.020610,0.074294,intraday,intraday,0,0
2025-01-23 09:38,33.0100,2025-01-23 15:54,34.6700,2025-01-24 09:30,34.9400,2025-01-24 09:32,34.1000,6,2,8,1056,2,1058,0.007788,0.058467,overnight,intraday,0,1
2025-01-27 14:56,23.8400,2025-01-27 15:46,25.0800,2025-01-27 15:48,25.1900,2025-01-27 15:55,24.6300,2,7,9,2,7,9,0.004386,0.056628,intraday,intraday,0,0
2025-01-28 09:44,23.7500,2025-01-28 10:13,24.9500,2025-01-28 10:29,25.2200,2025-01-28 10:35,24.7100,16,6,22,16,6,22,0.010822,0.061895,intraday,intraday,0,0
2025-01-28 11:42,24.0600,2025-01-28 14:35,25.2900,2025-01-29 09:30,26.1800,2025-01-29 09:31,25.6200,85,1,86,1135,1,1136,0.035192,0.088113,overnight,intraday,0,1
2025-01-29 13:04,24.8500,2025-01-30 09:30,26.6100,2025-01-30 09:34,26.8700,2025-01-30 09:36,26.3200,4,2,6,4,2,6,0.009771,0.081288,intraday,intraday,0,0
2025-01-30 10:31,26.1400,2025-01-30 15:03,27.4600,2025-01-30 15:23,27.6700,2025-01-30 15:39,27.0400,20,16,36,20,16,36,0.007647,0.058531,intraday,intraday,0,0
2025-01-30 15:45,26.6600,2025-01-31 09:53,28.0300,2025-01-31 11:16,29.2500,2025-01-31 11:43,28.6500,83,27,110,83,27,110,0.043525,0.097149,intraday,intraday,0,0
2025-02-03 09:49,24.3100,2025-02-03 10:24,25.8400,2025-02-03 10:43,26.4900,2025-02-03 11:03,25.8900,19,20,39,19,20,39,0.025155,0.089675,intraday,intraday,0,0
2025-02-04 09:36,25.2000,2025-02-04 10:09,26.4900,2025-02-04 10:20,26.6000,2025-02-04 12:17,26.0000,11,117,128,11,117,128,0.004153,0.055556,intraday,intraday,0,0
2025-02-05 09:41,25.5400,2025-02-05 11:09,26.8500,2025-02-05 15:28,27.9500,2025-02-06 09:30,26.8500,259,32,291,259,1082,1341,0.040968,0.094362,overnight,overnight,1,1
2025-02-06 09:32,26.7200,2025-02-07 09:31,28.0700,2025-02-07 09:32,28.2800,2025-02-07 09:45,27.6100,1,13,14,1,13,14,0.007481,0.058383,intraday,intraday,0,0
2025-02-07 12:05,25.8000,2025-02-10 09:30,27.1000,2025-02-10 09:46,27.4700,2025-02-10 10:43,26.9000,16,57,73,16,57,73,0.013653,0.064729,intraday,intraday,0,0
2025-02-12 09:32,25.9500,2025-02-12 14:34,27.2500,2025-02-13 09:35,28.0800,2025-02-13 09:47,27.5000,91,12,103,1141,12,1153,0.030459,0.082081,overnight,intraday,0,1
2025-02-13 09:47,27.5000,2025-02-18 09:30,29.4700,2025-02-18 09:35,29.9700,2025-02-18 09:44,29.3400,5,9,14,5,9,14,0.016966,0.089818,intraday,intraday,0,0
2025-02-18 09:49,28.7100,2025-02-18 14:51,30.1500,2025-02-19 09:38,30.6800,2025-02-19 09:49,29.9300,77,11,88,1127,11,1138,0.017579,0.068617,overnight,intraday,0,1
2025-02-19 09:59,29.7600,2025-02-19 11:11,31.2900,2025-02-19 14:55,31.8900,2025-02-19 15:28,31.1500,224,33,257,224,33,257,0.019175,0.071573,intraday,intraday,0,0
2025-02-24 10:08,27.0800,2025-02-24 12:19,28.4600,2025-02-24 12:45,28.6400,2025-02-24 14:13,28.0100,26,88,114,26,88,114,0.006325,0.057607,intraday,intraday,0,0
2025-02-25 15:54,24.8200,2025-02-26 09:31,26.2000,2025-02-26 10:14,26.4800,2025-02-26 10:29,25.9500,43,15,58,43,15,58,0.010687,0.066882,intraday,intraday,0,0
2025-02-26 14:07,25.5200,2025-02-27 09:30,26.8200,2025-02-27 09:32,26.9000,2025-02-27 09:38,26.3200,2,6,8,2,6,8,0.002983,0.054075,intraday,intraday,0,0
2025-02-27 10:01,24.1200,2025-02-27 10:23,25.3800,2025-02-27 10:23,25.3800,2025-02-27 10:32,24.7800,0,9,9,0,9,9,0.000000,0.052239,intraday,intraday,0,0
2025-02-28 09:32,21.0200,2025-02-28 09:48,22.1700,2025-02-28 10:31,23.2200,2025-02-28 10:36,22.7000,43,5,48,43,5,48,0.047361,0.104662,intraday,intraday,0,0
2025-02-28 13:21,21.2500,2025-02-28 15:04,22.3600,2025-02-28 15:08,22.4400,2025-02-28 15:35,21.9400,4,27,31,4,27,31,0.003578,0.056000,intraday,intraday,0,0
2025-02-28 15:35,21.9400,2025-03-03 09:30,23.7300,2025-03-03 09:30,23.7300,2025-03-03 09:33,23.2000,0,3,3,0,3,3,0.000000,0.081586,intraday,intraday,0,0
2025-03-03 10:00,21.6900,2025-03-03 10:27,22.9300,2025-03-03 10:31,23.3600,2025-03-03 10:35,22.8700,4,4,8,4,4,8,0.018753,0.076994,intraday,intraday,0,0
2025-03-03 15:44,19.7100,2025-03-04 09:36,20.7900,2025-03-04 09:38,20.9900,2025-03-04 09:39,20.4600,2,1,3,2,1,3,0.009620,0.064942,intraday,intraday,0,0
2025-03-04 10:19,19.0000,2025-03-04 11:49,20.0500,2025-03-04 12:28,20.8100,2025-03-04 12:33,20.3600,39,5,44,39,5,44,0.037905,0.095263,intraday,intraday,0,0
2025-03-04 12:33,20.3600,2025-03-04 14:03,21.4200,2025-03-04 15:24,22.2700,2025-03-04 15:30,21.7800,81,6,87,81,6,87,0.039683,0.093811,intraday,intraday,0,0
2025-03-05 11:35,20.1200,2025-03-05 12:37,21.1300,2025-03-05 13:04,21.4900,2025-03-05 13:08,21.0600,27,4,31,27,4,31,0.017037,0.068091,intraday,intraday,0,0
2025-03-05 13:33,20.9400,2025-03-05 14:15,21.9900,2025-03-05 15:15,22.1400,2025-03-05 15:22,21.6800,60,7,67,60,7,67,0.006821,0.057307,intraday,intraday,0,0
2025-03-06 09:33,19.2700,2025-03-06 09:50,20.2800,2025-03-06 09:52,20.3700,2025-03-06 09:57,19.9300,2,5,7,2,5,7,0.004438,0.057084,intraday,intraday,0,0
2025-03-06 10:00,19.8900,2025-03-06 10:30,20.8900,2025-03-06 10:44,21.0200,2025-03-06 10:54,20.5200,14,10,24,14,10,24,0.006223,0.056812,intraday,intraday,0,0
2025-03-06 14:29,19.0100,2025-03-06 14:51,19.9800,2025-03-06 14:52,20.0000,2025-03-06 14:55,19.5300,1,3,4,1,3,4,0.001001,0.052078,intraday,intraday,0,0
2025-03-06 15:24,19.1100,2025-03-07 09:52,20.0800,2025-03-07 09:54,20.1000,2025-03-07 10:00,19.6000,2,6,8,2,6,8,0.000996,0.051805,intraday,intraday,0,0
2025-03-07 11:53,18.7500,2025-03-07 12:43,19.7500,2025-03-07 12:55,20.1400,2025-03-07 12:58,19.4600,12,3,15,12,3,15,0.019747,0.074133,intraday,intraday,0,0
2025-03-07 12:58,19.4600,2025-03-07 14:01,20.4400,2025-03-07 14:38,20.9500,2025-03-07 14:50,20.5100,37,12,49,37,12,49,0.024951,0.076567,intraday,intraday,0,0
2025-03-10 15:08,17.1000,2025-03-10 15:26,17.9900,2025-03-10 15:35,18.3000,2025-03-10 15:38,17.9300,9,3,12,9,3,12,0.017232,0.070175,intraday,intraday,0,0
2025-03-11 10:38,16.5100,2025-03-11 11:12,17.4000,2025-03-11 11:43,17.6400,2025-03-11 11:58,17.2400,31,15,46,31,15,46,0.013793,0.068443,intraday,intraday,0,0
2025-03-11 13:28,16.5800,2025-03-11 14:03,17.4900,2025-03-11 14:54,18.5000,2025-03-11 15:01,18.1000,51,7,58,51,7,58,0.057747,0.115802,intraday,intraday,0,0
2025-03-11 15:59,17.3300,2025-03-12 09:30,18.6500,2025-03-12 09:42,19.1100,2025-03-12 09:48,18.6400,12,6,18,12,6,18,0.024665,0.102712,intraday,intraday,0,0
2025-03-12 11:08,17.9000,2025-03-12 12:10,18.8000,2025-03-12 12:36,18.9500,2025-03-12 13:05,18.5500,26,29,55,26,29,55,0.007979,0.058659,intraday,intraday,0,0
2025-03-12 15:51,18.1200,2025-03-13 09:39,19.0300,2025-03-13 09:42,19.1100,2025-03-13 09:52,18.7000,3,10,13,3,10,13,0.004204,0.054636,intraday,intraday,0,0
2025-03-13 10:00,18.1500,2025-03-13 10:15,19.0700,2025-03-13 10:25,19.2700,2025-03-13 10:29,18.8700,10,4,14,10,4,14,0.010488,0.061708,intraday,intraday,0,0
2025-03-13 13:39,17.5700,2025-03-13 14:39,18.4600,2025-03-13 15:02,18.6000,2025-03-13 15:08,18.2200,23,6,29,23,6,29,0.007584,0.058623,intraday,intraday,0,0
2025-03-13 15:51,17.8200,2025-03-14 09:30,19.2000,2025-03-14 09:37,19.6000,2025-03-14 10:00,18.9900,7,23,30,7,23,30,0.020833,0.099888,intraday,intraday,0,0
2025-03-14 10:00,18.9900,2025-03-17 09:31,19.9600,2025-03-17 09:37,20.6100,2025-03-17 09:50,20.1300,6,13,19,6,13,19,0.032565,0.085308,intraday,intraday,0,0
2025-03-17 10:37,19.9100,2025-03-17 14:23,20.9100,2025-03-17 14:53,21.2800,2025-03-17 15:55,20.8500,30,62,92,30,62,92,0.017695,0.068810,intraday,intraday,0,0
2025-03-19 09:44,19.4600,2025-03-19 14:16,20.4700,2025-03-19 15:10,21.3700,2025-03-19 15:20,20.8800,54,10,64,54,10,64,0.043967,0.098150,intraday,intraday,0,0
2025-03-20 09:31,19.5800,2025-03-20 11:51,20.5600,2025-03-20 12:04,20.5700,2025-03-20 12:25,20.1100,13,21,34,13,21,34,0.000486,0.050562,intraday,intraday,0,0
2025-03-21 09:32,18.3700,2025-03-21 12:32,19.3000,2025-03-24 11:20,21.3700,2025-03-24 14:03,20.9200,318,163,481,4248,163,4411,0.107254,0.163310,weekend,intraday,0,1
2025-03-27 09:42,17.3600,2025-03-27 10:36,18.2400,2025-03-27 10:38,18.4100,2025-03-27 11:11,18.0400,2,33,35,2,33,35,0.009320,0.060484,intraday,intraday,0,0
2025-03-31 09:45,14.4000,2025-03-31 10:02,15.1300,2025-03-31 10:11,15.2100,2025-03-31 10:18,14.9000,9,7,16,9,7,16,0.005288,0.056250,intraday,intraday,0,0
2025-03-31 10:27,14.6800,2025-03-31 14:12,15.4400,2025-03-31 15:43,15.9300,2025-03-31 15:54,15.5900,91,11,102,91,11,102,0.031736,0.085150,intraday,intraday,0,0
2025-04-01 10:21,14.8200,2025-04-01 10:52,15.5700,2025-04-01 12:20,15.9900,2025-04-01 12:30,15.6300,88,10,98,88,10,98,0.026975,0.078947,intraday,intraday,0,0
2025-04-01 14:22,15.0300,2025-04-01 15:54,15.8900,2025-04-01 15:58,15.9500,2025-04-02 09:30,15.1500,4,2,6,4,1052,1056,0.003776,0.061211,overnight,overnight,1,1
2025-04-02 09:31,15.0300,2025-04-02 09:38,15.7900,2025-04-02 09:38,15.7900,2025-04-02 09:43,15.4400,0,5,5,0,5,5,0.000000,0.050566,intraday,intraday,0,0
2025-04-02 09:43,15.4400,2025-04-02 12:12,16.2600,2025-04-02 13:12,16.8900,2025-04-02 13:30,16.5400,60,18,78,60,18,78,0.038745,0.093912,intraday,intraday,0,0
2025-04-03 14:18,11.5500,2025-04-03 14:53,12.1400,2025-04-03 15:07,12.1900,2025-04-03 15:11,11.8900,14,4,18,14,4,18,0.004119,0.055411,intraday,intraday,0,0
2025-04-04 09:42,9.3000,2025-04-04 09:58,9.7800,2025-04-04 09:59,9.8200,2025-04-04 10:00,9.6000,1,1,2,1,1,2,0.004090,0.055914,intraday,intraday,0,0
2025-04-04 10:51,8.1700,2025-04-04 10:52,8.6400,2025-04-04 10:56,8.8300,2025-04-04 10:56,8.6200,4,0,4,4,0,4,0.021991,0.080783,intraday,intraday,0,0
2025-04-04 10:56,8.6200,2025-04-04 11:01,9.1500,2025-04-04 11:04,9.3900,2025-04-04 11:04,9.1500,3,0,3,3,0,3,0.026230,0.089327,intraday,intraday,0,0
2025-04-04 11:08,9.0000,2025-04-04 11:12,9.5500,2025-04-04 11:16,9.7000,2025-04-04 11:17,9.5000,4,1,5,4,1,5,0.015707,0.077778,intraday,intraday,0,0
2025-04-04 13:18,8.6300,2025-04-04 13:42,9.0800,2025-04-04 13:43,9.0900,2025-04-04 13:45,8.8900,1,2,3,1,2,3,0.001101,0.053302,intraday,intraday,0,0
2025-04-04 13:45,8.8900,2025-04-04 14:00,9.4000,2025-04-04 14:00,9.4000,2025-04-04 14:02,9.2000,0,2,2,0,2,2,0.000000,0.057368,intraday,intraday,0,0
2025-04-04 14:46,8.7000,2025-04-04 15:14,9.1800,2025-04-04 15:14,9.1800,2025-04-04 15:17,8.9500,0,3,3,0,3,3,0.000000,0.055172,intraday,intraday,0,0
2025-04-04 15:18,8.8500,2025-04-04 15:33,9.3400,2025-04-04 15:35,9.4400,2025-04-04 15:36,9.2200,2,1,3,2,1,3,0.010707,0.066667,intraday,intraday,0,0
2025-04-07 09:44,7.2200,2025-04-07 09:46,7.5900,2025-04-07 09:47,7.7500,2025-04-07 09:47,7.5400,1,0,1,1,0,1,0.021080,0.073407,intraday,intraday,0,0
2025-04-07 09:47,7.5400,2025-04-07 09:49,7.9400,2025-04-07 09:50,7.9500,2025-04-07 09:50,7.7800,1,0,1,1,0,1,0.001259,0.054377,intraday,intraday,0,0
2025-04-07 09:50,7.7800,2025-04-07 09:52,8.2500,2025-04-07 09:55,8.4500,2025-04-07 09:55,8.2500,3,0,3,3,0,3,0.024242,0.086118,intraday,intraday,0,0
2025-04-07 09:55,8.2500,2025-04-07 09:58,8.7000,2025-04-07 10:00,8.9900,2025-04-07 10:00,8.6600,2,0,2,2,0,2,0.033333,0.089697,intraday,intraday,0,0
2025-04-07 10:03,8.5000,2025-04-07 10:06,8.9600,2025-04-07 10:06,8.9600,2025-04-07 10:07,8.7000,0,1,1,0,1,1,0.000000,0.054118,intraday,intraday,0,0
2025-04-07 10:08,8.6700,2025-04-07 10:10,9.4200,2025-04-07 10:11,9.7400,2025-04-07 10:11,9.4100,1,0,1,1,0,1,0.033970,0.123414,intraday,intraday,0,0
2025-04-07 10:11,9.4100,2025-04-07 10:12,10.0000,2025-04-07 10:13,10.5300,2025-04-07 10:13,9.9600,1,0,1,1,0,1,0.053000,0.119022,intraday,intraday,0,0
2025-04-07 10:13,9.9600,2025-04-07 10:14,10.5400,2025-04-07 10:15,10.6500,2025-04-07 10:15,10.1900,1,0,1,1,0,1,0.010436,0.069277,intraday,intraday,0,0
2025-04-07 10:15,10.1900,2025-04-07 10:16,10.9800,2025-04-07 10:16,10.9800,2025-04-07 10:17,10.7000,0,1,1,0,1,1,0.000000,0.077527,intraday,intraday,0,0
2025-04-07 10:18,10.2500,2025-04-07 10:18,10.8100,2025-04-07 10:18,10.8100,2025-04-07 10:19,10.0500,0,1,1,0,1,1,0.000000,0.054634,intraday,intraday,0,0
2025-04-07 10:20,9.6200,2025-04-07 10:20,10.1600,2025-04-07 10:20,10.1600,2025-04-07 10:21,9.6100,0,1,1,0,1,1,0.000000,0.056133,intraday,intraday,0,0
2025-04-07 10:23,8.9200,2025-04-07 10:23,9.4000,2025-04-07 10:23,9.4000,2025-04-07 10:24,8.7000,0,1,1,0,1,1,0.000000,0.053812,intraday,intraday,0,0
2025-04-07 10:24,8.7000,2025-04-07 10:26,9.4000,2025-04-07 10:26,9.4000,2025-04-07 10:27,8.9600,0,1,1,0,1,1,0.000000,0.080460,intraday,intraday,0,0
2025-04-07 10:29,8.7000,2025-04-07 10:32,9.2100,2025-04-07 10:33,9.3200,2025-04-07 10:33,9.0200,1,0,1,1,0,1,0.011944,0.071264,intraday,intraday,0,0
2025-04-07 10:40,8.2800,2025-04-07 10:43,8.7300,2025-04-07 10:44,8.8600,2025-04-07 10:44,8.6400,1,0,1,1,0,1,0.014891,0.070048,intraday,intraday,0,0
2025-04-07 10:47,8.6300,2025-04-07 10:50,9.3400,2025-04-07 10:51,9.3500,2025-04-07 10:51,9.1400,1,0,1,1,0,1,0.001071,0.083430,intraday,intraday,0,0
2025-04-07 10:51,9.1400,2025-04-07 10:54,9.7100,2025-04-07 10:54,9.7100,2025-04-07 10:56,9.3000,0,2,2,0,2,2,0.000000,0.062363,intraday,intraday,0,0
2025-04-07 10:56,9.3000,2025-04-07 11:02,9.7700,2025-04-07 11:03,9.8300,2025-04-07 11:05,9.4800,1,2,3,1,2,3,0.006141,0.056989,intraday,intraday,0,0
2025-04-07 11:14,8.7900,2025-04-07 11:14,9.4400,2025-04-07 11:14,9.4400,2025-04-07 11:15,8.6000,0,1,1,0,1,1,0.000000,0.073948,intraday,intraday,0,0
2025-04-07 11:27,8.5000,2025-04-07 11:36,9.0100,2025-04-07 11:38,9.1100,2025-04-07 11:38,8.9200,2,0,2,2,0,2,0.011099,0.071765,intraday,intraday,0,0
2025-04-07 12:10,8.5000,2025-04-07 12:26,8.9900,2025-04-07 12:26,8.9900,2025-04-07 12:28,8.8100,0,2,2,0,2,2,0.000000,0.057647,intraday,intraday,0,0
2025-04-07 12:58,8.5500,2025-04-07 13:00,9.2300,2025-04-07 13:00,9.2300,2025-04-07 13:01,9.0200,0,1,1,0,1,1,0.000000,0.079532,intraday,intraday,0,0
2025-04-07 13:07,8.6700,2025-04-07 13:16,9.1800,2025-04-07 13:29,9.3900,2025-04-07 13:29,9.1600,13,0,13,13,0,13,0.022876,0.083045,intraday,intraday,0,0
2025-04-07 13:31,9.1300,2025-04-07 13:45,9.6600,2025-04-07 13:46,9.7000,2025-04-07 13:46,9.3900,1,0,1,1,0,1,0.004141,0.062432,intraday,intraday,0,0
2025-04-07 15:16,8.9700,2025-04-07 15:34,9.4600,2025-04-07 15:38,9.4900,2025-04-07 15:40,9.2500,4,2,6,4,2,6,0.003171,0.057971,intraday,intraday,0,0
2025-04-07 15:50,9.0200,2025-04-08 09:30,10.7000,2025-04-08 09:30,10.7000,2025-04-08 09:31,10.3000,0,1,1,0,1,1,0.000000,0.186253,intraday,intraday,0,0
2025-04-08 09:38,10.2200,2025-04-08 10:03,10.7900,2025-04-08 10:03,10.7900,2025-04-08 10:07,10.5500,0,4,4,0,4,4,0.000000,0.055773,intraday,intraday,0,0
2025-04-08 13:35,9.0200,2025-04-08 13:42,9.5100,2025-04-08 13:43,9.6200,2025-04-08 13:45,9.4100,1,2,3,1,2,3,0.011567,0.066519,intraday,intraday,0,0
2025-04-08 15:49,7.6000,2025-04-08 15:52,8.0500,2025-04-08 15:54,8.2100,2025-04-08 15:54,8.0000,2,0,2,2,0,2,0.019876,0.080263,intraday,intraday,0,0
2025-04-08 15:55,7.9500,2025-04-09 09:30,8.5300,2025-04-09 09:31,8.6100,2025-04-09 09:31,8.3200,1,0,1,1,0,1,0.009379,0.083019,intraday,intraday,0,0
2025-04-09 09:38,8.2400,2025-04-09 09:39,8.7000,2025-04-09 09:40,8.7900,2025-04-09 09:40,8.6000,1,0,1,1,0,1,0.010345,0.066748,intraday,intraday,0,0
2025-04-09 09:47,8.4400,2025-04-09 10:00,8.8700,2025-04-09 10:03,8.9200,2025-04-09 10:04,8.7100,3,1,4,3,1,4,0.005637,0.056872,intraday,intraday,0,0
2025-04-09 10:14,8.4600,2025-04-09 10:33,8.9100,2025-04-09 10:34,8.9200,2025-04-09 10:38,8.7000,1,4,5,1,4,5,0.001122,0.054374,intraday,intraday,0,0
2025-04-09 11:00,8.3100,2025-04-09 11:15,8.7500,2025-04-09 11:16,8.8000,2025-04-09 11:28,8.6000,1,12,13,1,12,13,0.005714,0.058965,intraday,intraday,0,0
2025-04-09 11:42,8.3900,2025-04-09 12:14,8.8600,2025-04-09 13:02,9.2100,2025-04-09 13:02,8.9000,48,0,48,48,0,48,0.039503,0.097735,intraday,intraday,0,0
2025-04-09 13:18,8.7500,2025-04-09 13:19,9.7400,2025-04-09 13:20,9.9900,2025-04-09 13:20,9.3900,1,0,1,1,0,1,0.025667,0.141714,intraday,intraday,0,0
2025-04-09 13:20,9.3900,2025-04-09 13:21,10.2100,2025-04-09 13:22,10.2400,2025-04-09 13:22,9.7300,1,0,1,1,0,1,0.002938,0.090522,intraday,intraday,0,0
2025-04-09 13:22,9.7300,2025-04-09 13:23,10.5000,2025-04-09 13:24,10.5700,2025-04-09 13:24,10.3500,1,0,1,1,0,1,0.006667,0.086331,intraday,intraday,0,0
2025-04-09 13:24,10.3500,2025-04-09 13:25,10.9000,2025-04-09 13:27,11.3500,2025-04-09 13:27,11.0000,2,0,2,2,0,2,0.041284,0.096618,intraday,intraday,0,0
2025-04-09 13:28,10.6300,2025-04-09 13:28,11.2600,2025-04-09 13:28,11.2600,2025-04-09 13:29,10.4900,0,1,1,0,1,1,0.000000,0.059266,intraday,intraday,0,0
2025-04-09 13:30,10.4500,2025-04-09 13:31,11.0100,2025-04-09 13:32,11.0900,2025-04-09 13:32,10.8400,1,0,1,1,0,1,0.007266,0.061244,intraday,intraday,0,0
2025-04-09 13:32,10.8400,2025-04-09 13:35,11.6700,2025-04-09 13:35,11.6700,2025-04-09 13:36,11.2500,0,1,1,0,1,1,0.000000,0.076568,intraday,intraday,0,0
2025-04-09 13:44,10.7700,2025-04-09 13:46,11.3600,2025-04-09 13:49,11.4700,2025-04-09 13:50,11.1600,3,1,4,3,1,4,0.009683,0.064995,intraday,intraday,0,0
2025-04-09 13:51,11.1000,2025-04-09 13:57,11.7400,2025-04-09 14:00,12.0900,2025-04-09 14:00,11.8400,3,0,3,3,0,3,0.029813,0.089189,intraday,intraday,0,0
2025-04-09 14:08,11.6700,2025-04-09 14:18,12.3900,2025-04-09 14:19,12.4400,2025-04-09 14:19,12.1400,1,0,1,1,0,1,0.004036,0.065981,intraday,intraday,0,0
2025-04-09 14:20,12.1300,2025-04-09 14:28,12.7800,2025-04-09 14:28,12.7800,2025-04-09 14:29,12.5200,0,1,1,0,1,1,0.000000,0.053586,intraday,intraday,0,0
2025-04-09 15:00,11.6300,2025-04-09 15:10,12.2500,2025-04-09 15:33,12.8200,2025-04-09 15:38,12.5000,23,5,28,23,5,28,0.046531,0.102322,intraday,intraday,0,0
2025-04-10 10:01,9.9600,2025-04-10 10:22,10.4600,2025-04-10 10:27,10.7200,2025-04-10 10:28,10.5000,5,1,6,5,1,6,0.024857,0.076305,intraday,intraday,0,0
2025-04-10 12:27,8.3500,2025-04-10 12:30,8.8700,2025-04-10 12:43,9.2500,2025-04-10 12:44,9.0600,13,1,14,13,1,14,0.042841,0.107784,intraday,intraday,0,0
2025-04-10 12:47,9.0500,2025-04-10 12:51,9.5200,2025-04-10 12:51,9.5200,2025-04-10 12:52,9.3100,0,1,1,0,1,1,0.000000,0.051934,intraday,intraday,0,0
2025-04-10 12:54,9.1700,2025-04-10 13:02,9.8100,2025-04-10 13:02,9.8100,2025-04-10 13:03,9.4300,0,1,1,0,1,1,0.000000,0.069793,intraday,intraday,0,0
2025-04-10 13:22,8.5600,2025-04-10 13:26,9.0200,2025-04-10 13:33,9.3900,2025-04-10 13:33,9.2000,7,0,7,7,0,7,0.041020,0.096963,intraday,intraday,0,0
2025-04-10 13:41,9.1000,2025-04-10 13:46,9.5700,2025-04-10 13:46,9.5700,2025-04-10 13:47,9.3100,0,1,1,0,1,1,0.000000,0.051648,intraday,intraday,0,0
2025-04-10 13:53,9.1500,2025-04-10 14:03,9.6500,2025-04-10 14:05,9.7600,2025-04-10 14:08,9.4100,2,3,5,2,3,5,0.011399,0.066667,intraday,intraday,0,0
2025-04-10 14:15,9.0100,2025-04-10 14:21,9.5300,2025-04-10 14:31,9.9400,2025-04-10 14:31,9.7300,10,0,10,10,0,10,0.043022,0.103219,intraday,intraday,0,0
2025-04-10 14:55,9.4400,2025-04-10 15:02,9.9600,2025-04-10 15:02,9.9600,2025-04-10 15:07,9.6800,0,5,5,0,5,5,0.000000,0.055085,intraday,intraday,0,0
2025-04-10 15:45,8.8100,2025-04-10 15:50,9.2800,2025-04-10 15:54,9.6100,2025-04-10 15:55,9.3200,4,1,5,4,1,5,0.035560,0.090806,intraday,intraday,0,0
2025-04-11 09:34,8.9100,2025-04-11 09:39,9.3800,2025-04-11 09:39,9.3800,2025-04-11 09:40,9.1800,0,1,1,0,1,1,0.000000,0.052750,intraday,intraday,0,0
2025-04-11 09:42,9.1000,2025-04-11 09:46,9.7400,2025-04-11 09:47,9.7600,2025-04-11 09:49,9.5200,1,2,3,1,2,3,0.002053,0.072527,intraday,intraday,0,0
2025-04-11 10:23,9.0300,2025-04-11 10:39,9.4900,2025-04-11 10:45,9.5700,2025-04-11 10:50,9.3000,6,5,11,6,5,11,0.008430,0.059801,intraday,intraday,0,0
2025-04-11 11:05,9.1200,2025-04-11 11:39,9.5800,2025-04-11 12:13,9.7500,2025-04-11 12:26,9.5300,34,13,47,34,13,47,0.017745,0.069079,intraday,intraday,0,0
2025-04-11 12:26,9.5300,2025-04-11 12:37,10.0300,2025-04-11 12:50,10.1400,2025-04-11 13:00,9.8900,13,10,23,13,10,23,0.010967,0.064008,intraday,intraday,0,0
2025-04-11 13:31,9.6500,2025-04-11 13:43,10.1900,2025-04-11 13:44,10.2100,2025-04-11 13:47,10.0000,1,3,4,1,3,4,0.001963,0.058031,intraday,intraday,0,0
2025-04-11 14:27,9.9400,2025-04-14 09:30,11.1600,2025-04-14 09:30,11.1600,2025-04-14 09:33,10.8900,0,3,3,0,3,3,0.000000,0.122736,intraday,intraday,0,0
2025-04-14 12:11,9.9700,2025-04-14 13:00,10.5200,2025-04-14 13:00,10.5200,2025-04-14 13:02,10.3000,0,2,2,0,2,2,0.000000,0.055165,intraday,intraday,0,0
2025-04-14 13:08,10.2200,2025-04-14 14:36,10.7400,2025-04-14 15:13,10.8700,2025-04-14 15:30,10.6500,37,17,54,37,17,54,0.012104,0.063601,intraday,intraday,0,0
2025-04-14 15:58,10.4300,2025-04-15 10:09,10.9800,2025-04-15 10:13,11.0200,2025-04-15 10:17,10.7600,4,4,8,4,4,8,0.003643,0.056568,intraday,intraday,0,0
2025-04-16 09:30,9.1100,2025-04-16 09:32,9.5700,2025-04-16 09:42,9.7500,2025-04-16 09:45,9.4600,10,3,13,10,3,13,0.018809,0.070252,intraday,intraday,0,0
2025-04-16 15:26,8.3300,2025-04-16 15:38,8.7500,2025-04-17 09:30,9.5600,2025-04-17 09:31,9.3100,22,1,23,1072,1,1073,0.092571,0.147659,overnight,intraday,0,1
2025-04-17 12:05,8.9000,2025-04-17 13:55,9.3700,2025-04-17 14:32,9.4400,2025-04-17 14:48,9.2500,37,16,53,37,16,53,0.007471,0.060674,intraday,intraday,0,0
2025-04-21 11:59,8.1500,2025-04-21 15:50,8.5600,2025-04-22 09:45,9.3100,2025-04-22 09:56,9.1100,25,11,36,1075,11,1086,0.087617,0.142331,overnight,intraday,0,1
2025-04-22 15:39,8.8600,2025-04-23 09:30,10.6500,2025-04-23 09:30,10.6500,2025-04-23 09:36,10.3700,0,6,6,0,6,6,0.000000,0.202032,intraday,intraday,0,0
2025-04-23 09:37,10.3500,2025-04-23 09:48,10.8700,2025-04-23 09:49,10.9000,2025-04-23 09:52,10.6800,1,3,4,1,3,4,0.002760,0.053140,intraday,intraday,0,0
2025-04-23 15:46,10.1000,2025-04-24 09:30,11.0800,2025-04-24 09:30,11.0800,2025-04-24 09:32,10.8500,0,2,2,0,2,2,0.000000,0.097030,intraday,intraday,0,0
2025-04-24 09:32,10.8500,2025-04-24 09:56,11.4300,2025-04-24 10:07,11.7600,2025-04-24 10:12,11.4900,11,5,16,11,5,16,0.028871,0.083871,intraday,intraday,0,0
2025-04-24 10:17,11.4400,2025-04-24 12:57,12.0300,2025-04-24 14:08,12.0900,2025-04-24 15:04,11.8300,71,56,127,71,56,127,0.004988,0.056818,intraday,intraday,0,0
2025-04-25 09:32,11.5100,2025-04-25 12:24,12.0900,2025-04-25 13:29,12.5900,2025-04-25 13:38,12.3200,65,9,74,65,9,74,0.041356,0.093831,intraday,intraday,0,0
2025-04-28 13:15,11.4500,2025-04-28 15:02,12.0400,2025-04-28 15:54,12.3200,2025-04-29 09:30,11.6700,52,6,58,52,1056,1108,0.023256,0.075983,overnight,overnight,1,1
2025-04-29 09:35,11.6200,2025-04-29 14:04,12.2100,2025-04-29 14:41,12.2700,2025-04-29 15:25,12.0200,37,44,81,37,44,81,0.004914,0.055938,intraday,intraday,0,0
2025-04-30 09:43,10.7500,2025-04-30 10:25,11.2900,2025-04-30 10:32,11.4800,2025-04-30 10:38,11.2500,7,6,13,7,6,13,0.016829,0.067907,intraday,intraday,0,0
2025-04-30 13:13,11.2200,2025-04-30 14:07,11.8300,2025-05-01 09:30,12.5400,2025-05-01 09:31,12.2600,113,1,114,1163,1,1164,0.060017,0.117647,overnight,intraday,0,1
2025-05-01 09:41,12.1200,2025-05-01 11:17,12.7700,2025-05-01 11:20,12.8100,2025-05-01 11:49,12.5400,3,29,32,3,29,32,0.003132,0.056931,intraday,intraday,0,0
2025-05-01 15:58,12.0500,2025-05-02 09:30,13.0800,2025-05-02 09:35,13.3100,2025-05-02 09:48,13.0300,5,13,18,5,13,18,0.017584,0.104564,intraday,intraday,0,0
2025-05-02 09:52,12.9500,2025-05-02 12:02,13.6000,2025-05-02 12:47,13.6900,2025-05-02 13:34,13.4100,45,47,92,45,47,92,0.006618,0.057143,intraday,intraday,0,0
2025-05-06 09:53,12.1200,2025-05-06 12:12,12.7600,2025-05-06 12:14,12.9500,2025-05-06 12:21,12.6600,2,7,9,2,7,9,0.014890,0.068482,intraday,intraday,0,0
2025-05-07 14:16,12.2300,2025-05-07 15:41,12.9000,2025-05-07 15:42,13.2200,2025-05-07 15:42,12.9000,1,0,1,1,0,1,0.024806,0.080948,intraday,intraday,0,0
2025-05-07 15:51,12.8100,2025-05-08 09:30,13.9000,2025-05-08 09:30,13.9000,2025-05-08 09:34,13.5700,0,4,4,0,4,4,0.000000,0.085090,intraday,intraday,0,0
2025-05-08 10:55,13.3800,2025-05-08 11:41,14.0900,2025-05-08 12:53,14.3400,2025-05-08 13:35,14.0500,72,42,114,72,42,114,0.017743,0.071749,intraday,intraday,0,0
2025-05-08 15:57,13.6500,2025-05-09 09:30,14.4700,2025-05-09 09:30,14.4700,2025-05-09 10:19,14.1400,0,49,49,0,49,49,0.000000,0.060073,intraday,intraday,0,0
2025-05-09 12:12,13.7400,2025-05-12 09:30,17.1700,2025-05-12 09:30,17.1700,2025-05-12 09:36,16.8100,0,6,6,0,6,6,0.000000,0.249636,intraday,intraday,0,0
2025-05-12 09:43,16.5000,2025-05-12 12:59,17.3400,2025-05-12 13:08,17.4700,2025-05-12 14:12,17.1200,9,64,73,9,64,73,0.007497,0.058788,intraday,intraday,0,0
2025-05-12 15:46,16.8400,2025-05-13 09:33,17.7500,2025-05-13 12:52,18.8600,2025-05-13 13:56,18.4700,199,64,263,199,64,263,0.062535,0.119952,intraday,intraday,0,0
2025-05-13 14:02,18.3800,2025-05-14 09:34,19.3600,2025-05-14 09:35,19.3700,2025-05-14 09:44,18.9700,1,9,10,1,9,10,0.000517,0.053863,intraday,intraday,0,0
2025-05-15 09:49,17.8200,2025-05-15 12:39,18.7200,2025-05-15 13:21,18.9100,2025-05-15 13:55,18.5300,42,34,76,42,34,76,0.010150,0.061167,intraday,intraday,0,0
2025-05-19 09:30,17.0900,2025-05-19 10:09,17.9500,2025-05-19 10:18,18.0600,2025-05-19 11:08,17.6700,9,50,59,9,50,59,0.006128,0.056758,intraday,intraday,0,0
2025-05-20 09:47,17.4400,2025-05-21 11:15,18.3300,2025-05-21 12:07,18.5900,2025-05-21 13:10,18.2000,52,63,115,52,63,115,0.014184,0.065940,intraday,intraday,0,0
2025-05-23 09:31,15.1000,2025-05-23 13:18,15.8700,2025-05-23 14:17,16.0000,2025-05-23 15:54,15.6800,59,97,156,59,97,156,0.008192,0.059603,intraday,intraday,0,0
2025-05-23 15:54,15.6800,2025-05-27 09:30,16.7500,2025-05-27 09:30,16.7500,2025-05-27 09:35,16.4000,0,5,5,0,5,5,0.000000,0.068240,intraday,intraday,0,0
2025-05-27 09:36,16.3500,2025-05-27 10:24,17.1800,2025-05-27 14:02,17.5100,2025-05-27 15:31,17.1100,218,89,307,218,89,307,0.019208,0.070948,intraday,intraday,0,0
2025-05-28 15:54,16.8900,2025-05-29 09:30,18.2100,2025-05-29 09:30,18.2100,2025-05-29 09:36,17.8000,0,6,6,0,6,6,0.000000,0.078153,intraday,intraday,0,0
2025-05-30 12:55,15.2400,2025-05-30 14:57,16.0100,2025-06-02 09:39,16.6200,2025-06-02 09:46,16.2500,72,7,79,4002,7,4009,0.038101,0.090551,weekend,intraday,0,1
2025-06-02 10:01,16.1300,2025-06-02 14:19,16.9600,2025-06-02 15:05,17.1000,2025-06-02 15:54,16.7500,46,49,95,46,49,95,0.008255,0.060136,intraday,intraday,0,0
2025-06-03 09:32,16.5700,2025-06-03 10:00,17.4400,2025-06-03 12:51,18.3000,2025-06-03 14:03,17.9300,171,72,243,171,72,243,0.049312,0.104406,intraday,intraday,0,0
2025-06-03 14:18,17.8600,2025-06-04 09:30,18.8200,2025-06-04 09:42,19.2100,2025-06-04 09:50,18.8100,12,8,20,12,8,20,0.020723,0.075588,intraday,intraday,0,0
2025-06-04 10:08,18.2200,2025-06-04 11:11,19.1800,2025-06-05 09:37,19.7600,2025-06-05 09:45,19.3300,296,8,304,1346,8,1354,0.030240,0.084523,overnight,intraday,0,1
2025-06-05 10:17,18.8800,2025-06-05 11:37,19.8400,2025-06-05 11:57,19.9900,2025-06-05 12:17,19.5400,20,20,40,20,20,40,0.007560,0.058792,intraday,intraday,0,0
2025-06-05 15:24,18.4200,2025-06-06 09:30,19.5300,2025-06-06 11:06,19.9500,2025-06-06 11:20,19.5200,96,14,110,96,14,110,0.021505,0.083062,intraday,intraday,0,0
2025-06-06 15:49,19.1500,2025-06-09 09:32,20.1800,2025-06-09 09:34,20.4500,2025-06-09 09:39,20.0100,2,5,7,2,5,7,0.013380,0.067885,intraday,intraday,0,0
2025-06-09 09:41,20.0000,2025-06-09 10:36,21.0300,2025-06-09 10:37,21.0600,2025-06-09 10:55,20.6200,1,18,19,1,18,19,0.001427,0.053000,intraday,intraday,0,0
2025-06-09 12:21,20.3500,2025-06-10 10:16,21.3800,2025-06-10 10:35,21.6000,2025-06-10 11:33,21.1000,19,58,77,19,58,77,0.010290,0.061425,intraday,intraday,0,0
2025-06-10 11:33,21.1000,2025-06-11 09:30,22.3700,2025-06-11 09:34,22.3800,2025-06-11 09:46,21.9100,4,12,16,4,12,16,0.000447,0.060664,intraday,intraday,0,0
2025-06-11 14:17,20.9900,2025-06-12 10:40,22.0500,2025-06-12 10:45,22.0700,2025-06-12 11:23,21.5900,5,38,43,5,38,43,0.000907,0.051453,intraday,intraday,0,0
2025-06-13 10:31,20.0400,2025-06-13 12:18,21.0600,2025-06-13 12:18,21.0600,2025-06-13 13:16,20.6100,0,58,58,0,58,58,0.000000,0.050898,intraday,intraday,0,0
2025-06-13 14:40,19.8400,2025-06-16 09:30,20.9900,2025-06-16 11:10,22.2200,2025-06-16 14:50,21.7700,100,220,320,100,220,320,0.058599,0.119960,intraday,intraday,0,0
2025-06-18 15:01,21.2300,2025-06-20 09:30,22.3300,2025-06-20 09:30,22.3300,2025-06-20 09:34,21.8800,0,4,4,0,4,4,0.000000,0.051813,intraday,intraday,0,0
2025-06-20 10:54,20.3700,2025-06-23 09:30,21.5000,2025-06-23 09:33,21.6300,2025-06-23 09:35,21.1700,3,2,5,3,2,5,0.006047,0.061856,intraday,intraday,0,0
2025-06-23 12:37,20.2800,2025-06-23 13:24,21.3000,2025-06-25 09:34,24.5300,2025-06-25 09:50,24.0300,550,16,566,2650,16,2666,0.151643,0.209566,overnight,intraday,0,2
2025-06-25 09:52,23.8700,2025-06-26 09:30,25.2000,2025-06-26 09:30,25.2000,2025-06-26 09:42,24.6600,0,12,12,0,12,12,0.000000,0.055718,intraday,intraday,0,0
2025-06-26 09:50,24.5900,2025-06-27 10:09,25.8400,2025-06-27 10:09,25.8400,2025-06-27 12:16,25.3200,0,127,127,0,127,127,0.000000,0.050834,intraday,intraday,0,0
2025-06-27 14:43,24.2800,2025-06-30 09:30,25.5000,2025-06-30 09:30,25.5000,2025-06-30 09:32,24.8900,0,2,2,0,2,2,0.000000,0.050247,intraday,intraday,0,0
2025-07-01 11:14,23.5800,2025-07-01 12:11,24.8100,2025-07-01 12:37,25.1700,2025-07-01 15:01,24.6500,26,144,170,26,144,170,0.014510,0.067430,intraday,intraday,0,0
2025-07-02 09:30,24.4500,2025-07-02 10:50,25.6800,2025-07-02 12:25,26.3900,2025-07-02 15:51,25.8100,95,206,301,95,206,301,0.027648,0.079346,intraday,intraday,0,0
2025-07-07 14:30,24.6200,2025-07-08 09:42,25.9100,2025-07-08 11:09,27.0200,2025-07-08 11:24,26.4500,87,15,102,87,15,102,0.042841,0.097482,intraday,intraday,0,0
2025-07-09 11:17,25.8900,2025-07-10 09:30,27.4700,2025-07-10 09:31,27.5100,2025-07-10 09:56,26.9000,1,25,26,1,25,26,0.001456,0.062572,intraday,intraday,0,0
2025-07-14 09:45,25.3200,2025-07-14 12:11,26.5900,2025-07-15 09:37,28.4600,2025-07-15 09:54,27.8600,236,17,253,1286,17,1303,0.070327,0.124013,overnight,intraday,0,1
2025-07-16 11:37,24.9100,2025-07-16 12:52,26.1800,2025-07-16 15:59,27.0500,2025-07-17 09:31,26.4700,187,2,189,187,1052,1239,0.033231,0.085909,overnight,overnight,0,1
2025-07-17 09:33,26.4200,2025-07-18 09:30,27.7500,2025-07-18 09:34,27.9000,2025-07-18 10:05,27.3400,4,31,35,4,31,35,0.005405,0.056018,intraday,intraday,0,0
2025-07-18 10:26,26.7500,2025-07-21 09:39,28.1400,2025-07-21 10:38,28.5000,2025-07-21 12:00,27.9100,59,82,141,59,82,141,0.012793,0.065421,intraday,intraday,0,0
2025-07-22 09:54,25.3400,2025-07-22 11:47,26.6200,2025-07-22 11:47,26.6200,2025-07-22 12:00,26.0800,0,13,13,0,13,13,0.000000,0.050513,intraday,intraday,0,0
2025-07-25 09:38,24.8300,2025-07-28 09:30,26.6100,2025-07-29 10:13,28.1600,2025-07-29 10:56,27.5700,433,43,476,1483,43,1526,0.058249,0.134112,overnight,intraday,0,1
2025-07-29 11:43,26.5000,2025-07-30 09:34,27.8600,2025-07-30 10:56,28.1300,2025-07-30 11:28,27.5600,82,32,114,82,32,114,0.009691,0.061509,intraday,intraday,0,0
2025-08-01 10:03,22.5600,2025-08-01 10:26,23.7600,2025-08-01 10:34,24.0400,2025-08-01 10:51,23.5400,8,17,25,8,17,25,0.011785,0.065603,intraday,intraday,0,0
2025-08-01 11:01,23.5100,2025-08-01 12:02,24.7300,2025-08-01 12:26,24.8300,2025-08-01 12:40,24.3200,24,14,38,24,14,38,0.004044,0.056146,intraday,intraday,0,0
2025-08-01 14:13,23.4200,2025-08-04 09:30,24.6700,2025-08-05 09:48,25.6800,2025-08-05 10:05,25.1200,408,17,425,1458,17,1475,0.040940,0.096499,overnight,intraday,0,1
2025-08-05 10:49,23.6100,2025-08-05 13:56,24.8200,2025-08-05 14:09,24.9500,2025-08-05 14:52,24.4400,13,43,56,13,43,56,0.005238,0.056756,intraday,intraday,0,0
2025-08-06 10:52,22.9500,2025-08-06 15:33,24.1000,2025-08-07 10:00,25.8800,2025-08-07 10:08,25.3200,57,8,65,1107,8,1115,0.073859,0.127669,overnight,intraday,0,1
2025-08-07 14:17,24.5300,2025-08-08 10:06,25.7700,2025-08-11 09:48,26.8900,2025-08-11 12:43,26.3500,372,175,547,4302,175,4477,0.043461,0.096209,weekend,intraday,0,1
2025-08-11 15:56,25.4500,2025-08-12 10:14,26.7500,2025-08-13 09:51,29.2900,2025-08-13 10:48,28.6800,367,57,424,1417,57,1474,0.094953,0.150884,overnight,intraday,0,1
2025-08-14 09:31,27.9500,2025-08-14 15:44,29.3500,2025-08-14 15:53,29.6600,2025-08-15 09:30,28.3000,9,7,16,9,1057,1066,0.010562,0.061181,overnight,overnight,1,1
2025-08-20 10:17,23.6600,2025-08-20 11:22,24.9300,2025-08-20 11:34,25.1600,2025-08-20 11:52,24.6200,12,18,30,12,18,30,0.009226,0.063398,intraday,intraday,0,0
2025-08-20 11:56,24.5300,2025-08-20 15:55,25.8800,2025-08-20 15:55,25.8800,2025-08-21 09:30,25.1600,0,5,5,0,1055,1055,0.000000,0.055035,overnight,overnight,1,1
2025-08-21 10:00,24.9000,2025-08-22 09:48,26.1600,2025-08-22 10:00,27.0500,2025-08-22 10:00,26.0900,12,0,12,12,0,12,0.034021,0.086345,intraday,intraday,0,0
2025-08-22 10:00,26.0900,2025-08-22 10:03,27.4200,2025-08-22 10:16,28.2500,2025-08-22 10:21,27.4900,13,5,18,13,5,18,0.030270,0.082790,intraday,intraday,0,0
2025-08-25 09:47,26.8100,2025-08-26 10:26,28.1700,2025-08-26 10:36,28.2200,2025-08-27 09:30,27.3500,10,324,334,10,1374,1384,0.001775,0.052592,overnight,overnight,1,1
2025-08-27 09:31,27.2800,2025-08-28 09:30,28.9500,2025-08-28 09:42,29.1100,2025-08-28 09:50,28.4100,12,8,20,12,8,20,0.005527,0.067082,intraday,intraday,0,0
2025-09-02 09:30,23.8000,2025-09-02 15:31,24.9900,2025-09-03 09:30,25.4100,2025-09-03 09:38,24.8800,29,8,37,1079,8,1087,0.016807,0.067647,overnight,intraday,0,1
2025-09-04 09:42,23.9800,2025-09-04 11:28,25.1800,2025-09-05 09:59,26.9700,2025-09-05 10:12,26.4100,301,13,314,1351,13,1364,0.071088,0.124687,overnight,intraday,0,1
2025-09-05 11:10,25.6000,2025-09-08 09:30,27.1700,2025-09-08 10:46,27.4300,2025-09-08 12:37,26.8400,76,111,187,76,111,187,0.009569,0.071484,intraday,intraday,0,0
2025-09-09 10:38,26.5600,2025-09-10 09:30,28.5000,2025-09-10 12:13,28.8300,2025-09-10 14:16,28.2300,163,123,286,163,123,286,0.011579,0.085467,intraday,intraday,0,0
2025-09-10 14:26,28.0600,2025-09-11 09:33,29.6000,2025-09-11 09:34,29.6100,2025-09-11 10:19,28.9800,1,45,46,1,45,46,0.000338,0.055239,intraday,intraday,0,0
2025-09-12 10:12,28.7900,2025-09-16 09:30,30.4900,2025-09-16 09:33,30.6400,2025-09-16 11:12,30.0200,3,99,102,3,99,102,0.004920,0.064258,intraday,intraday,0,0
2025-09-17 14:54,29.1600,2025-09-17 15:08,30.6800,2025-09-17 15:10,30.7100,2025-09-17 15:14,30.0500,2,4,6,2,4,6,0.000978,0.053155,intraday,intraday,0,0
2025-09-17 15:14,30.0500,2025-09-18 09:30,32.8400,2025-09-18 10:32,34.0900,2025-09-18 10:59,33.3800,62,27,89,62,27,89,0.038063,0.134443,intraday,intraday,0,0
2025-09-19 11:35,32.1200,2025-09-22 09:31,33.8100,2025-09-23 10:20,35.3000,2025-09-23 13:25,34.5800,439,185,624,1489,185,1674,0.044070,0.099004,overnight,intraday,0,1
2025-09-25 09:44,31.3600,2025-09-25 10:11,32.9400,2025-09-25 11:49,34.0600,2025-09-25 13:22,33.3400,98,93,191,98,93,191,0.034001,0.086097,intraday,intraday,0,0
2025-09-25 14:04,32.5900,2025-09-26 14:26,34.2300,2025-09-29 10:44,35.4900,2025-09-29 11:36,34.7400,168,52,220,4098,52,4150,0.036810,0.088984,weekend,intraday,0,1
2025-09-30 13:31,33.5700,2025-10-01 10:28,35.2700,2025-10-02 09:30,39.1000,2025-10-02 09:41,38.1800,332,11,343,1382,11,1393,0.108591,0.164730,overnight,intraday,0,1
2025-10-02 09:43,38.1400,2025-10-03 09:41,40.0600,2025-10-03 09:41,40.0600,2025-10-03 10:00,39.0800,0,19,19,0,19,19,0.000000,0.050341,intraday,intraday,0,0
2025-10-03 13:54,37.6200,2025-10-06 09:30,43.0800,2025-10-06 09:31,43.2300,2025-10-06 09:32,42.3600,1,1,2,1,1,2,0.003482,0.149123,intraday,intraday,0,0
2025-10-08 09:30,38.6800,2025-10-08 10:01,40.6200,2025-10-08 15:57,42.9400,2025-10-09 09:46,42.0600,356,19,375,356,1069,1425,0.057115,0.110134,overnight,overnight,0,1
2025-10-10 11:34,36.1000,2025-10-10 11:45,38.1300,2025-10-10 11:46,38.2700,2025-10-10 11:48,37.4000,1,2,3,1,2,3,0.003672,0.060111,intraday,intraday,0,0
2025-10-10 15:57,34.1600,2025-10-13 09:30,38.3700,2025-10-13 09:31,38.5300,2025-10-13 09:34,37.7200,1,3,4,1,3,4,0.004170,0.127927,intraday,intraday,0,0
2025-10-13 09:41,37.3700,2025-10-13 12:24,39.2600,2025-10-13 12:56,39.4700,2025-10-14 09:30,36.3900,32,184,216,32,1234,1266,0.005349,0.056195,overnight,overnight,1,1
2025-10-14 09:38,35.9500,2025-10-14 10:26,37.7900,2025-10-14 10:28,37.9800,2025-10-14 10:56,37.1600,2,28,30,2,28,30,0.005028,0.056467,intraday,intraday,0,0
2025-10-14 10:58,37.1200,2025-10-14 13:13,38.9900,2025-10-14 13:26,39.0100,2025-10-14 15:37,37.6600,13,131,144,13,131,144,0.000513,0.050916,intraday,intraday,0,0
2025-10-14 15:58,36.5200,2025-10-15 09:30,39.5600,2025-10-15 09:30,39.5600,2025-10-15 09:31,38.7500,0,1,1,0,1,1,0.000000,0.083242,intraday,intraday,0,0
2025-10-15 09:44,38.2400,2025-10-15 11:15,40.1700,2025-10-15 11:15,40.1700,2025-10-15 11:36,39.3000,0,21,21,0,21,21,0.000000,0.050471,intraday,intraday,0,0
2025-10-15 13:15,37.7100,2025-10-15 13:59,39.6300,2025-10-16 09:32,41.7800,2025-10-16 09:47,40.8100,123,15,138,1173,15,1188,0.054252,0.107929,overnight,intraday,0,1
2025-10-17 11:36,38.3200,2025-10-17 15:09,40.2500,2025-10-20 10:46,43.0400,2025-10-20 15:59,42.1100,127,313,440,4057,313,4370,0.069317,0.123173,weekend,intraday,0,1
2025-10-22 13:55,35.9800,2025-10-22 15:06,37.8000,2025-10-22 15:42,38.4800,2025-10-23 09:30,37.5500,36,18,54,36,1068,1104,0.017989,0.069483,overnight,overnight,1,1
2025-10-23 09:30,37.5500,2025-10-23 09:39,39.4900,2025-10-23 10:03,40.4000,2025-10-23 10:19,39.5600,24,16,40,24,16,40,0.023044,0.075899,intraday,intraday,0,0
2025-10-23 10:19,39.5600,2025-10-24 09:30,43.4300,2025-10-24 09:37,44.1600,2025-10-24 09:47,43.2200,7,10,17,7,10,17,0.016809,0.116279,intraday,intraday,0,0
2025-10-24 10:56,42.9600,2025-10-27 09:30,45.6300,2025-10-27 10:40,47.1600,2025-10-27 13:24,46.2000,70,164,234,70,164,234,0.033531,0.097765,intraday,intraday,0,0
2025-10-28 09:51,45.9400,2025-10-29 09:30,49.9900,2025-10-29 09:56,50.7600,2025-10-29 10:17,49.6200,26,21,47,26,21,47,0.015403,0.104919,intraday,intraday,0,0
2025-10-30 09:40,47.5600,2025-10-30 10:00,49.9700,2025-10-30 10:00,49.9700,2025-10-30 10:08,48.9600,0,8,8,0,8,8,0.000000,0.050673,intraday,intraday,0,0
2025-10-30 15:59,47.2700,2025-10-31 10:37,49.6400,2025-10-31 10:46,49.9900,2025-10-31 11:37,48.7800,9,51,60,9,51,60,0.007051,0.057542,intraday,intraday,0,0
2025-10-31 13:06,46.7100,2025-11-03 09:30,50.1400,2025-11-03 09:31,50.1900,2025-11-03 09:35,49.1300,1,4,5,1,4,5,0.000997,0.074502,intraday,intraday,0,0
2025-11-04 09:34,44.1600,2025-11-04 09:53,46.5000,2025-11-04 09:59,46.8800,2025-11-04 10:08,45.8800,6,9,15,6,9,15,0.008172,0.061594,intraday,intraday,0,0
2025-11-04 15:57,42.5300,2025-11-05 09:47,44.8400,2025-11-05 10:06,46.0000,2025-11-05 10:21,45.0100,19,15,34,19,15,34,0.025870,0.081589,intraday,intraday,0,0
2025-11-05 10:22,44.9700,2025-11-05 13:25,47.2200,2025-11-05 15:22,48.4300,2025-11-05 15:50,47.2800,117,28,145,117,28,145,0.025625,0.076940,intraday,intraday,0,0
2025-11-06 12:26,42.1500,2025-11-06 13:36,44.2800,2025-11-06 14:30,44.7000,2025-11-06 15:31,43.7800,54,61,115,54,61,115,0.009485,0.060498,intraday,intraday,0,0
2025-11-07 09:39,38.8800,2025-11-07 09:56,40.9700,2025-11-07 09:58,41.2200,2025-11-07 10:00,40.3900,2,2,4,2,2,4,0.006102,0.060185,intraday,intraday,0,0
2025-11-07 11:58,37.0400,2025-11-07 13:10,38.9000,2025-11-07 13:42,39.5100,2025-11-07 13:51,38.6300,32,9,41,32,9,41,0.015681,0.066685,intraday,intraday,0,0
2025-11-07 13:51,38.6300,2025-11-07 14:44,40.6200,2025-11-07 15:04,40.8900,2025-11-07 15:24,40.0600,20,20,40,20,20,40,0.006647,0.058504,intraday,intraday,0,0
2025-11-07 15:26,39.9400,2025-11-10 09:30,45.3500,2025-11-10 09:34,45.5200,2025-11-10 09:50,44.6000,4,16,20,4,16,20,0.003749,0.139710,intraday,intraday,0,0
2025-11-11 10:53,41.6500,2025-11-12 09:30,44.1500,2025-11-12 09:33,44.3600,2025-11-12 09:46,43.2100,3,13,16,3,13,16,0.004757,0.065066,intraday,intraday,0,0
2025-11-13 09:44,40.4000,2025-11-13 10:15,42.4900,2025-11-13 10:16,42.6400,2025-11-13 10:19,41.7200,1,3,4,1,3,4,0.003530,0.055446,intraday,intraday,0,0
2025-11-14 09:33,35.1500,2025-11-14 09:38,36.9800,2025-11-14 10:06,39.1800,2025-11-14 10:12,37.9800,28,6,34,28,6,34,0.059492,0.114651,intraday,intraday,0,0
2025-11-14 10:21,37.9400,2025-11-14 10:46,40.0500,2025-11-14 10:48,40.2700,2025-11-14 10:55,39.4500,2,7,9,2,7,9,0.005493,0.061413,intraday,intraday,0,0
2025-11-17 09:30,37.5100,2025-11-17 09:37,39.5100,2025-11-17 09:55,40.0800,2025-11-17 10:03,39.1000,18,8,26,18,8,26,0.014427,0.068515,intraday,intraday,0,0
2025-11-18 10:17,33.1500,2025-11-18 11:28,34.8600,2025-11-18 11:38,35.1200,2025-11-18 12:17,34.3400,10,39,49,10,39,49,0.007458,0.059427,intraday,intraday,0,0
2025-11-18 12:31,34.0700,2025-11-18 12:58,35.7800,2025-11-18 13:07,35.8600,2025-11-18 13:57,35.1200,9,50,59,9,50,59,0.002236,0.052539,intraday,intraday,0,0
2025-11-18 15:49,34.2800,2025-11-19 09:53,36.2700,2025-11-19 10:21,37.3000,2025-11-19 10:48,36.5300,28,27,55,28,27,55,0.028398,0.088098,intraday,intraday,0,0
2025-11-19 12:39,34.2000,2025-11-19 15:15,35.9300,2025-11-20 09:35,39.1900,2025-11-20 09:39,38.4000,50,4,54,1100,4,1104,0.090732,0.145906,overnight,intraday,0,1
2025-11-20 12:20,32.5700,2025-11-20 13:12,34.4200,2025-11-20 13:15,34.7000,2025-11-20 13:18,33.9600,3,3,6,3,3,6,0.008135,0.065398,intraday,intraday,0,0
2025-11-21 09:46,29.5400,2025-11-21 09:54,31.0500,2025-11-21 09:54,31.0500,2025-11-21 09:56,30.2800,0,2,2,0,2,2,0.000000,0.051117,intraday,intraday,0,0
2025-11-21 10:40,28.1200,2025-11-21 11:22,29.6900,2025-11-21 12:09,32.1500,2025-11-21 12:19,31.4800,47,10,57,47,10,57,0.082856,0.143314,intraday,intraday,0,0
2025-11-21 13:18,30.6300,2025-11-21 13:48,32.5900,2025-11-21 13:50,32.9400,2025-11-21 13:54,32.1900,2,4,6,2,4,6,0.010739,0.075416,intraday,intraday,0,0
2025-11-21 15:57,31.6100,2025-11-24 09:31,33.2000,2025-11-24 09:48,34.5900,2025-11-24 09:50,33.8600,17,2,19,17,2,19,0.041867,0.094274,intraday,intraday,0,0
2025-11-24 09:50,33.8600,2025-11-24 11:07,35.5700,2025-11-24 15:54,36.3100,2025-11-25 09:30,34.1400,287,6,293,287,1056,1343,0.020804,0.072357,overnight,overnight,1,1
2025-11-25 09:50,32.0500,2025-11-25 09:58,33.7300,2025-11-25 09:59,33.8500,2025-11-25 10:03,32.9100,1,4,5,1,4,5,0.003558,0.056162,intraday,intraday,0,0
2025-11-25 10:05,32.8000,2025-11-25 11:22,34.4900,2025-11-25 12:37,35.7600,2025-11-25 12:58,34.9900,75,21,96,75,21,96,0.036822,0.090244,intraday,intraday,0,0
2025-11-25 14:40,34.7500,2025-11-26 09:30,37.7300,2025-11-26 09:51,38.3000,2025-11-26 09:59,37.4000,21,8,29,21,8,29,0.015107,0.102158,intraday,intraday,0,0
2025-11-26 09:59,37.4000,2025-11-26 11:26,39.3300,2025-11-26 15:21,40.1500,2025-11-26 15:55,39.2700,235,34,269,235,34,269,0.020849,0.073529,intraday,intraday,0,0
2025-11-26 15:59,39.1100,2025-11-28 12:58,41.1500,2025-11-28 12:59,41.3300,2025-12-01 09:30,39.5400,1,1,2,1,4111,4112,0.004374,0.056763,weekend,weekend,1,1
2025-12-01 09:32,39.4600,2025-12-01 10:53,41.4400,2025-12-01 13:57,42.3600,2025-12-01 14:23,41.5000,184,26,210,184,26,210,0.022201,0.073492,intraday,intraday,0,0
2025-12-01 14:33,41.2200,2025-12-02 09:33,43.4300,2025-12-02 10:01,44.6100,2025-12-02 10:11,43.6700,28,10,38,28,10,38,0.027170,0.082242,intraday,intraday,0,0
2025-12-02 11:32,42.0300,2025-12-02 14:15,44.1400,2025-12-03 09:30,44.5700,2025-12-03 09:35,43.5700,105,5,110,1155,5,1160,0.009742,0.060433,overnight,intraday,0,1
2025-12-03 09:39,43.1500,2025-12-03 13:11,45.3300,2025-12-03 15:53,46.6800,2025-12-04 09:30,45.6200,162,7,169,162,1057,1219,0.029782,0.081808,overnight,overnight,1,1
2025-12-04 15:25,44.4300,2025-12-05 09:30,46.9900,2025-12-05 09:33,47.5600,2025-12-05 09:41,46.3400,3,8,11,3,8,11,0.012130,0.070448,intraday,intraday,0,0
2025-12-05 15:51,46.3000,2025-12-10 14:00,48.8300,2025-12-10 14:08,48.9300,2025-12-10 14:28,47.9300,8,20,28,8,20,28,0.002048,0.056803,intraday,intraday,0,0
2025-12-11 10:01,44.6600,2025-12-11 10:22,46.9500,2025-12-11 10:24,47.1300,2025-12-11 10:43,46.1300,2,19,21,2,19,21,0.003834,0.055307,intraday,intraday,0,0
2025-12-11 10:51,45.6000,2025-12-11 14:18,47.8800,2025-12-11 15:52,48.9000,2025-12-12 09:30,46.5600,94,8,102,94,1058,1152,0.021303,0.072368,overnight,overnight,1,1
2025-12-12 11:40,41.8500,2025-12-12 13:12,44.0900,2025-12-12 13:17,44.1100,2025-12-12 13:46,43.2000,5,29,34,5,29,34,0.000454,0.054002,intraday,intraday,0,0
2025-12-12 15:38,41.0600,2025-12-15 09:30,43.1400,2025-12-15 09:32,43.4200,2025-12-15 09:41,42.4600,2,9,11,2,9,11,0.006490,0.057477,intraday,intraday,0,0
2025-12-16 10:27,39.2400,2025-12-17 09:31,41.3200,2025-12-17 09:31,41.3200,2025-12-17 09:35,40.4700,0,4,4,0,4,4,0.000000,0.053007,intraday,intraday,0,0
2025-12-17 14:37,35.7000,2025-12-18 09:30,40.0700,2025-12-18 09:33,40.4200,2025-12-18 09:39,39.5700,3,6,9,3,6,9,0.008735,0.132213,intraday,intraday,0,0
2025-12-18 10:21,38.1100,2025-12-19 09:30,40.2800,2025-12-19 10:00,42.2000,2025-12-19 10:21,41.3200,30,21,51,30,21,51,0.047666,0.107321,intraday,intraday,0,0
2025-12-19 10:52,40.9500,2025-12-22 09:30,44.5600,2025-12-22 09:30,44.5600,2025-12-22 09:33,43.4600,0,3,3,0,3,3,0.000000,0.088156,intraday,intraday,0,0
2025-12-23 10:03,42.2200,2025-12-24 12:51,44.3600,2025-12-26 09:30,44.7900,2025-12-26 10:12,43.8900,9,42,51,2679,42,2721,0.009693,0.060872,holiday,intraday,0,1
2025-12-29 09:31,42.3500,2025-12-30 11:04,44.4900,2025-12-30 11:21,44.7500,2025-12-30 14:52,43.8300,17,211,228,17,211,228,0.005844,0.056671,intraday,intraday,0,0
2025-12-31 15:59,42.0100,2026-01-02 09:30,46.0400,2026-01-02 10:07,48.0900,2026-01-02 10:19,47.1200,37,12,49,37,12,49,0.044526,0.144727,intraday,intraday,0,0
2026-01-02 11:12,45.7200,2026-01-02 15:28,48.0200,2026-01-05 09:33,51.2200,2026-01-05 09:36,50.0700,35,3,38,3965,3,3968,0.066639,0.120297,weekend,intraday,0,1
2026-01-05 13:19,48.6300,2026-01-06 09:30,51.8600,2026-01-06 10:01,53.8900,2026-01-06 10:36,52.7100,31,35,66,31,35,66,0.039144,0.108164,intraday,intraday,0,0
2026-01-08 11:36,48.1300,2026-01-09 09:30,51.1400,2026-01-09 10:03,52.7400,2026-01-09 10:07,51.4300,33,4,37,33,4,37,0.031287,0.095782,intraday,intraday,0,0
2026-01-09 10:08,50.9800,2026-01-09 11:08,53.5900,2026-01-09 15:25,54.7600,2026-01-12 09:30,52.3500,257,35,292,257,3965,4222,0.021832,0.074147,weekend,weekend,1,1
2026-01-12 09:30,52.3500,2026-01-12 13:07,55.0000,2026-01-13 09:44,56.6800,2026-01-13 10:10,55.5100,187,26,213,1237,26,1263,0.030545,0.082713,overnight,intraday,0,1
2026-01-14 12:58,53.0000,2026-01-15 09:30,61.2900,2026-01-15 09:31,61.3500,2026-01-15 09:36,60.0400,1,5,6,1,5,6,0.000979,0.157547,intraday,intraday,0,0
2026-01-15 15:59,58.0100,2026-01-16 09:30,61.8300,2026-01-16 09:43,62.1900,2026-01-16 09:59,60.6700,13,16,29,13,16,29,0.005822,0.072057,intraday,intraday,0,0
2026-01-20 09:30,57.2600,2026-01-20 09:52,60.3000,2026-01-20 09:58,60.5500,2026-01-20 10:17,59.2800,6,19,25,6,19,25,0.004146,0.057457,intraday,intraday,0,0
2026-01-20 14:36,57.2200,2026-01-21 09:30,60.9200,2026-01-21 09:31,60.9900,2026-01-21 09:35,59.6100,1,4,5,1,4,5,0.001149,0.065886,intraday,intraday,0,0
2026-01-21 09:36,59.4600,2026-01-21 10:16,62.5600,2026-01-21 11:16,64.3100,2026-01-21 11:42,62.8700,60,26,86,60,26,86,0.027973,0.081567,intraday,intraday,0,0
2026-01-21 12:46,60.3900,2026-01-21 14:29,63.9200,2026-01-21 15:15,65.1100,2026-01-21 15:30,63.6400,46,15,61,46,15,61,0.018617,0.078159,intraday,intraday,0,0
2026-01-21 15:59,63.4400,2026-01-22 09:30,66.9600,2026-01-22 09:30,66.9600,2026-01-22 09:34,65.4300,0,4,4,0,4,4,0.000000,0.055485,intraday,intraday,0,0
2026-01-26 09:31,59.6000,2026-01-27 09:30,63.4200,2026-01-27 12:42,65.9900,2026-01-27 15:54,64.6500,192,192,384,192,192,384,0.040523,0.107215,intraday,intraday,0,0
2026-01-27 15:54,64.6500,2026-01-28 09:30,69.3400,2026-01-28 09:32,70.3500,2026-01-28 09:34,68.9100,2,2,4,2,2,4,0.014566,0.088167,intraday,intraday,0,0
2026-01-28 10:10,67.9700,2026-01-29 09:31,71.5000,2026-01-29 09:33,71.9800,2026-01-29 09:35,70.5400,2,2,4,2,2,4,0.006713,0.058997,intraday,intraday,0,0
2026-01-29 11:08,62.6500,2026-01-29 11:17,65.8200,2026-01-29 12:38,68.8900,2026-01-29 12:59,67.4400,81,21,102,81,21,102,0.046642,0.099601,intraday,intraday,0,0
2026-02-02 09:30,59.1000,2026-02-02 09:31,62.8500,2026-02-02 09:32,63.5200,2026-02-02 09:33,61.9600,1,1,2,1,1,2,0.010660,0.074788,intraday,intraday,0,0
2026-02-02 09:35,61.5500,2026-02-02 10:11,64.7200,2026-02-02 14:01,66.9400,2026-02-02 14:59,65.1100,230,58,288,230,58,288,0.034302,0.087571,intraday,intraday,0,0
2026-02-02 15:50,64.3700,2026-02-03 09:31,67.6200,2026-02-03 09:31,67.6200,2026-02-03 09:33,65.5700,0,2,2,0,2,2,0.000000,0.050489,intraday,intraday,0,0
2026-02-03 14:00,57.0200,2026-02-03 15:34,59.8900,2026-02-03 15:59,61.2600,2026-02-04 09:30,58.0100,25,1,26,25,1051,1076,0.022875,0.074360,overnight,overnight,1,1
2026-02-04 09:31,57.5000,2026-02-04 09:43,60.4200,2026-02-04 09:48,61.0300,2026-02-04 09:51,59.6700,5,3,8,5,3,8,0.010096,0.061391,intraday,intraday,0,0
2026-02-04 12:50,49.3300,2026-02-04 14:29,52.0200,2026-02-04 15:00,55.1200,2026-02-04 15:12,53.6600,31,12,43,31,12,43,0.059592,0.117373,intraday,intraday,0,0
2026-02-05 09:34,50.3400,2026-02-05 09:38,53.6000,2026-02-05 09:41,54.3200,2026-02-05 09:42,53.2200,3,1,4,3,1,4,0.013433,0.079062,intraday,intraday,0,0
2026-02-05 10:33,50.0100,2026-02-05 10:44,52.5900,2026-02-05 10:44,52.5900,2026-02-05 10:46,51.3000,0,2,2,0,2,2,0.000000,0.051590,intraday,intraday,0,0
2026-02-05 11:14,50.6900,2026-02-05 11:27,53.2400,2026-02-05 11:55,54.5600,2026-02-05 12:04,53.2600,28,9,37,28,9,37,0.024793,0.076346,intraday,intraday,0,0
2026-02-05 15:53,52.2800,2026-02-06 09:30,56.4100,2026-02-06 09:32,57.2500,2026-02-06 09:32,55.8200,2,0,2,2,0,2,0.014891,0.095065,intraday,intraday,0,0
2026-02-06 09:32,55.8200,2026-02-06 09:39,58.6200,2026-02-06 09:41,58.7800,2026-02-06 09:41,57.5600,2,0,2,2,0,2,0.002729,0.053028,intraday,intraday,0,0
2026-02-06 09:42,57.5000,2026-02-06 09:52,60.6500,2026-02-06 09:52,60.6500,2026-02-06 09:55,59.4000,0,3,3,0,3,3,0.000000,0.054783,intraday,intraday,0,0
2026-02-06 10:16,57.1900,2026-02-06 11:07,60.0500,2026-02-06 13:57,62.1700,2026-02-06 15:00,60.8700,170,63,233,170,63,233,0.035304,0.087078,intraday,intraday,0,0
2026-02-09 09:31,59.2900,2026-02-09 09:45,62.3100,2026-02-09 12:16,65.0500,2026-02-09 13:21,63.5500,151,65,216,151,65,216,0.043974,0.097150,intraday,intraday,0,0
2026-02-10 09:49,61.4200,2026-02-10 12:17,64.5400,2026-02-10 12:53,65.2100,2026-02-10 13:34,63.8100,36,41,77,36,41,77,0.010381,0.061706,intraday,intraday,0,0
2026-02-10 15:26,62.6200,2026-02-11 09:30,67.8000,2026-02-11 09:46,69.1000,2026-02-11 09:57,67.3600,16,11,27,16,11,27,0.019174,0.103481,intraday,intraday,0,0
2026-02-11 10:27,63.2200,2026-02-11 10:54,66.5000,2026-02-11 11:24,67.7000,2026-02-11 11:30,66.2100,30,6,36,30,6,36,0.018045,0.070864,intraday,intraday,0,0
2026-02-11 12:02,66.1800,2026-02-12 09:30,70.2500,2026-02-12 09:41,70.8600,2026-02-12 09:45,69.2400,11,4,15,11,4,15,0.008683,0.070716,intraday,intraday,0,0
2026-02-13 09:42,61.4300,2026-02-13 09:46,64.5400,2026-02-13 09:48,65.1300,2026-02-13 09:50,63.0200,2,2,4,2,2,4,0.009142,0.060231,intraday,intraday,0,0
2026-02-13 09:59,62.6400,2026-02-13 10:33,65.9600,2026-02-13 10:37,66.2500,2026-02-13 10:42,64.8200,4,5,9,4,5,9,0.004397,0.057631,intraday,intraday,0,0
2026-02-17 10:00,59.5600,2026-02-17 10:55,62.5800,2026-02-17 11:13,64.9400,2026-02-17 11:30,63.6400,18,17,35,18,17,35,0.037712,0.090329,intraday,intraday,0,0
2026-02-17 12:53,63.3500,2026-02-18 10:01,66.7000,2026-02-18 11:44,68.4500,2026-02-18 13:42,66.9700,103,118,221,103,118,221,0.026237,0.080505,intraday,intraday,0,0
2026-02-19 09:45,62.9600,2026-02-20 09:38,66.1400,2026-02-20 09:46,67.0300,2026-02-20 09:51,65.3800,8,5,13,8,5,13,0.013456,0.064644,intraday,intraday,0,0
2026-02-20 10:16,64.9600,2026-02-20 11:12,68.2200,2026-02-20 11:12,68.2200,2026-02-20 11:23,66.8400,0,11,11,0,11,11,0.000000,0.050185,intraday,intraday,0,0
2026-02-23 12:40,63.4700,2026-02-24 09:30,68.8500,2026-02-24 09:31,68.8600,2026-02-24 09:33,66.3800,1,2,3,1,2,3,0.000145,0.084922,intraday,intraday,0,0
2026-02-24 09:37,66.3500,2026-02-24 10:29,69.7600,2026-02-24 12:27,70.0000,2026-02-24 13:48,68.5900,118,81,199,118,81,199,0.003440,0.055011,intraday,intraday,0,0
2026-02-24 13:52,68.1800,2026-02-25 09:39,71.7500,2026-02-25 10:04,72.3600,2026-02-25 10:50,70.8400,25,46,71,25,46,71,0.008502,0.061308,intraday,intraday,0,0
2026-02-26 10:22,61.6300,2026-02-26 10:46,64.7800,2026-02-26 11:35,65.1400,2026-02-26 11:57,63.7500,49,22,71,49,22,71,0.005557,0.056953,intraday,intraday,0,0
2026-02-27 09:32,60.6500,2026-02-27 10:11,63.7600,2026-02-27 10:11,63.7600,2026-02-27 10:18,62.4100,0,7,7,0,7,7,0.000000,0.051278,intraday,intraday,0,0
2026-03-02 09:30,58.0500,2026-03-02 09:36,61.2500,2026-03-02 09:37,61.8100,2026-03-02 09:39,60.2500,1,2,3,1,2,3,0.009143,0.064772,intraday,intraday,0,0
2026-03-02 09:43,59.0400,2026-03-02 11:47,62.0300,2026-03-02 12:37,62.8000,2026-03-02 13:47,61.4200,50,70,120,50,70,120,0.012413,0.063686,intraday,intraday,0,0
2026-03-03 10:26,51.3600,2026-03-03 11:05,54.1000,2026-03-03 11:46,55.6500,2026-03-03 12:04,54.4700,41,18,59,41,18,59,0.028651,0.083528,intraday,intraday,0,0
2026-03-03 15:53,53.1200,2026-03-04 09:30,56.6900,2026-03-04 09:30,56.6900,2026-03-04 09:35,55.1800,0,5,5,0,5,5,0.000000,0.067206,intraday,intraday,0,0
2026-03-04 09:42,54.3800,2026-03-04 10:55,57.1600,2026-03-04 11:02,57.7200,2026-03-04 11:12,56.5000,7,10,17,7,10,17,0.009797,0.061420,intraday,intraday,0,0
2026-03-05 12:50,51.1300,2026-03-05 15:33,53.7200,2026-03-05 15:59,54.8200,2026-03-06 09:30,49.6400,26,1,27,26,1051,1077,0.020477,0.072169,overnight,overnight,1,1
2026-03-06 09:30,49.6400,2026-03-06 10:00,52.2500,2026-03-06 10:06,52.4900,2026-03-06 10:10,51.3800,6,4,10,6,4,10,0.004593,0.057413,intraday,intraday,0,0
2026-03-09 09:55,44.5300,2026-03-09 10:23,46.8400,2026-03-09 12:44,50.4800,2026-03-09 13:21,49.3900,141,37,178,141,37,178,0.077711,0.133618,intraday,intraday,0,0
2026-03-09 13:43,49.0100,2026-03-09 15:21,51.5200,2026-03-09 15:38,53.7800,2026-03-09 15:41,52.7000,17,3,20,17,3,20,0.043866,0.097327,intraday,intraday,0,0
2026-03-09 15:54,52.5600,2026-03-10 09:39,55.2000,2026-03-10 09:49,55.6800,2026-03-10 10:03,54.4800,10,14,24,10,14,24,0.008696,0.059361,intraday,intraday,0,0
2026-03-10 10:10,54.2600,2026-03-10 11:02,56.9800,2026-03-10 11:43,57.3900,2026-03-10 12:05,56.1200,41,22,63,41,22,63,0.007196,0.057685,intraday,intraday,0,0
2026-03-10 15:50,53.8500,2026-03-11 09:40,56.7200,2026-03-11 10:05,57.7400,2026-03-11 10:34,56.3800,25,29,54,25,29,54,0.017983,0.072238,intraday,intraday,0,0
2026-03-12 11:13,49.5300,2026-03-12 12:22,52.0200,2026-03-12 12:22,52.0200,2026-03-12 13:19,50.9700,0,57,57,0,57,57,0.000000,0.050273,intraday,intraday,0,0
2026-03-12 15:12,49.8800,2026-03-13 09:30,52.3800,2026-03-13 09:54,53.9600,2026-03-13 10:06,52.8700,24,12,36,24,12,36,0.030164,0.081796,intraday,intraday,0,0
2026-03-13 14:23,50.0400,2026-03-16 09:30,54.8800,2026-03-16 09:37,55.3800,2026-03-16 10:34,54.2700,7,57,64,7,57,64,0.009111,0.106715,intraday,intraday,0,0
2026-03-16 15:50,53.0100,2026-03-18 09:30,56.1000,2026-03-18 09:30,56.1000,2026-03-18 09:32,54.9500,0,2,2,0,2,2,0.000000,0.058291,intraday,intraday,0,0
2026-03-19 09:33,48.5000,2026-03-19 09:51,51.0300,2026-03-19 10:12,53.4400,2026-03-19 10:22,52.2400,21,10,31,21,10,31,0.047227,0.101856,intraday,intraday,0,0
2026-03-19 11:37,51.8500,2026-03-19 15:01,54.6200,2026-03-19 15:11,56.1100,2026-03-19 15:35,54.8000,10,24,34,10,24,34,0.027279,0.082160,intraday,intraday,0,0
2026-03-20 15:38,49.0000,2026-03-23 09:30,54.6300,2026-03-23 09:33,54.8300,2026-03-23 09:35,53.7300,3,2,5,3,2,5,0.003661,0.118980,intraday,intraday,0,0
2026-03-23 09:35,53.7300,2026-03-23 10:21,56.4900,2026-03-23 10:24,56.8100,2026-03-23 10:45,55.5800,3,21,24,3,21,24,0.005665,0.057324,intraday,intraday,0,0
2026-03-24 09:30,51.5300,2026-03-24 10:52,54.3700,2026-03-24 10:57,54.5500,2026-03-24 10:59,53.3200,5,2,7,5,2,7,0.003311,0.058607,intraday,intraday,0,0
2026-03-24 10:59,53.3200,2026-03-24 11:25,56.0800,2026-03-24 11:26,56.0900,2026-03-24 12:04,54.9100,1,38,39,1,38,39,0.000178,0.051950,intraday,intraday,0,0
2026-03-24 13:16,53.6800,2026-03-25 09:30,57.0600,2026-03-25 09:30,57.0600,2026-03-25 09:32,55.8800,0,2,2,0,2,2,0.000000,0.062966,intraday,intraday,0,0
2026-03-27 15:52,45.9600,2026-03-30 09:31,48.2700,2026-03-30 09:32,48.2900,2026-03-30 09:34,47.1200,1,2,3,1,2,3,0.000414,0.050696,intraday,intraday,0,0
2026-03-30 15:29,39.5200,2026-03-31 09:30,43.2500,2026-03-31 09:59,44.7500,2026-03-31 10:07,43.8100,29,8,37,29,8,37,0.034682,0.132338,intraday,intraday,0,0
2026-03-31 10:57,43.0400,2026-03-31 12:40,45.6000,2026-03-31 12:43,47.0100,2026-03-31 12:46,45.8900,3,3,6,3,3,6,0.030921,0.092240,intraday,intraday,0,0
2026-03-31 12:48,45.4800,2026-03-31 15:10,47.7800,2026-04-01 09:38,52.1800,2026-04-01 09:43,51.0500,58,5,63,1108,5,1113,0.092089,0.147318,overnight,intraday,0,1
2026-04-01 09:43,51.0500,2026-04-01 11:53,53.6900,2026-04-01 13:23,54.0900,2026-04-01 14:01,52.9700,90,38,128,90,38,128,0.007450,0.059549,intraday,intraday,0,0
2026-04-02 09:30,46.0500,2026-04-02 09:53,48.5500,2026-04-02 10:19,50.6600,2026-04-02 10:25,49.5200,26,6,32,26,6,32,0.043460,0.100109,intraday,intraday,0,0
2026-04-02 10:27,49.3300,2026-04-02 10:36,52.3200,2026-04-02 10:37,53.0700,2026-04-02 10:38,51.9500,1,1,2,1,1,2,0.014335,0.075816,intraday,intraday,0,0
2026-04-02 12:36,50.6200,2026-04-06 09:30,54.8000,2026-04-06 09:33,55.6000,2026-04-06 09:36,53.9500,3,3,6,3,3,6,0.014599,0.098380,intraday,intraday,0,0
2026-04-06 10:08,52.8800,2026-04-07 09:36,55.6600,2026-04-07 09:36,55.6600,2026-04-07 09:40,54.3100,0,4,4,0,4,4,0.000000,0.052572,intraday,intraday,0,0
2026-04-07 11:06,52.1300,2026-04-07 12:02,54.8000,2026-04-07 13:36,55.7400,2026-04-07 14:10,54.5900,94,34,128,94,34,128,0.017153,0.069250,intraday,intraday,0,0
2026-04-07 14:55,53.3900,2026-04-07 15:46,56.0800,2026-04-08 09:37,67.2000,2026-04-08 09:41,65.7800,21,4,25,1071,4,1075,0.198288,0.258663,overnight,intraday,0,1
2026-04-08 10:56,63.5600,2026-04-08 11:51,66.7900,2026-04-08 14:17,67.9800,2026-04-08 14:50,66.6100,146,33,179,146,33,179,0.017817,0.069541,intraday,intraday,0,0
2026-04-08 15:04,65.7700,2026-04-09 09:31,69.1300,2026-04-09 09:43,70.4600,2026-04-09 10:15,68.8500,12,32,44,12,32,44,0.019239,0.071309,intraday,intraday,0,0
2026-04-09 10:36,68.2200,2026-04-09 15:25,71.6400,2026-04-10 09:38,76.6000,2026-04-10 09:39,75.0500,43,1,44,1093,1,1094,0.069235,0.122838,overnight,intraday,0,1
2026-04-10 09:40,74.7100,2026-04-13 12:50,78.6100,2026-04-14 09:30,83.9500,2026-04-14 09:32,81.9400,190,2,192,1240,2,1242,0.067930,0.123678,overnight,intraday,0,1
2026-04-14 09:48,80.7100,2026-04-14 13:39,84.7500,2026-04-15 09:33,85.9700,2026-04-15 09:36,84.1200,144,3,147,1194,3,1197,0.014395,0.065172,overnight,intraday,0,1
2026-04-15 12:55,79.7600,2026-04-15 15:09,83.7800,2026-04-15 15:59,85.9800,2026-04-16 09:31,83.9200,50,2,52,50,1052,1102,0.026259,0.077984,overnight,overnight,0,1
2026-04-16 09:55,83.3100,2026-04-16 11:01,87.5700,2026-04-16 11:37,89.3900,2026-04-16 12:33,86.9700,36,56,92,36,56,92,0.020783,0.072980,intraday,intraday,0,0
2026-04-16 14:28,86.3700,2026-04-17 09:30,93.4200,2026-04-17 09:30,93.4200,2026-04-17 09:33,91.2300,0,3,3,0,3,3,0.000000,0.081626,intraday,intraday,0,0
2026-04-17 09:56,90.6600,2026-04-20 09:30,96.9300,2026-04-20 09:30,96.9300,2026-04-20 09:31,94.3600,0,1,1,0,1,1,0.000000,0.069159,intraday,intraday,0,0
2026-04-20 11:07,92.0300,2026-04-21 09:30,98.7000,2026-04-21 10:16,99.8400,2026-04-21 10:55,97.6600,46,39,85,46,39,85,0.011550,0.084864,intraday,intraday,0,0
2026-04-21 11:05,95.3200,2026-04-22 09:30,103.6300,2026-04-22 09:30,103.6300,2026-04-22 09:38,101.4500,0,8,8,0,8,8,0.000000,0.087180,intraday,intraday,0,0
2026-04-22 09:57,99.6000,2026-04-22 13:10,104.7300,2026-04-22 14:53,105.7800,2026-04-22 15:01,103.6100,103,8,111,103,8,111,0.010026,0.062048,intraday,intraday,0,0
2026-04-22 15:04,103.4400,2026-04-23 09:30,109.0500,2026-04-23 09:53,114.1600,2026-04-23 09:58,111.6500,23,5,28,23,5,28,0.046859,0.103635,intraday,intraday,0,0
2026-04-23 10:02,110.9100,2026-04-23 11:33,116.4800,2026-04-23 11:41,116.5000,2026-04-23 12:04,113.9600,8,23,31,8,23,31,0.000172,0.050401,intraday,intraday,0,0
2026-04-23 13:46,107.4600,2026-04-23 15:59,112.9100,2026-04-24 09:32,128.6700,2026-04-24 09:35,126.0300,3,3,6,1053,3,1056,0.139580,0.197376,overnight,intraday,0,1
2026-04-24 09:56,120.2400,2026-04-24 10:12,126.5500,2026-04-24 10:13,126.7100,2026-04-24 10:21,124.1000,1,8,9,1,8,9,0.001264,0.053809,intraday,intraday,0,0
2026-04-24 10:33,123.0800,2026-04-24 12:25,129.2500,2026-04-24 12:37,130.1200,2026-04-24 13:23,127.3800,12,46,58,12,46,58,0.006731,0.057199,intraday,intraday,0,0
2026-04-27 09:52,117.7900,2026-04-27 09:57,123.9400,2026-04-27 09:59,124.7400,2026-04-27 10:05,121.8000,2,6,8,2,6,8,0.006455,0.059003,intraday,intraday,0,0
2026-04-28 09:31,106.0000,2026-04-28 09:35,112.5300,2026-04-28 09:41,114.0300,2026-04-28 09:41,111.7200,6,0,6,6,0,6,0.013330,0.075755,intraday,intraday,0,0
2026-04-28 10:54,103.9900,2026-04-28 13:37,109.2800,2026-04-28 15:07,112.4600,2026-04-28 15:20,110.0500,90,13,103,90,13,103,0.029100,0.081450,intraday,intraday,0,0
2026-04-28 15:57,109.0600,2026-04-29 09:30,115.7500,2026-04-29 09:30,115.7500,2026-04-29 09:32,113.0100,0,2,2,0,2,2,0.000000,0.061342,intraday,intraday,0,0
2026-04-29 09:33,112.3000,2026-04-29 15:15,118.3200,2026-04-30 09:30,123.1300,2026-04-30 09:31,120.4900,45,1,46,1095,1,1096,0.040652,0.096438,overnight,intraday,0,1
2026-04-30 10:40,117.5000,2026-04-30 11:09,123.6100,2026-04-30 11:32,125.5500,2026-04-30 11:46,122.9700,23,14,37,23,14,37,0.015695,0.068511,intraday,intraday,0,0
2026-05-01 09:31,121.6600,2026-05-01 09:45,127.8300,2026-05-01 09:45,127.8300,2026-05-01 09:50,125.2200,0,5,5,0,5,5,0.000000,0.050715,intraday,intraday,0,0
2026-05-01 10:37,125.0100,2026-05-01 15:28,131.3500,2026-05-04 09:30,133.1200,2026-05-04 09:34,130.1800,32,4,36,3962,4,3966,0.013475,0.064875,weekend,intraday,0,1
2026-05-04 12:16,123.8000,2026-05-05 09:30,136.0000,2026-05-05 12:20,146.8100,2026-05-05 12:39,143.7400,170,19,189,170,19,189,0.079485,0.185864,intraday,intraday,0,0
2026-05-05 15:54,142.6300,2026-05-06 09:30,157.9600,2026-05-06 09:35,162.2000,2026-05-06 09:37,158.1600,5,2,7,5,2,7,0.026842,0.137208,intraday,intraday,0,0
2026-05-06 10:23,149.0600,2026-05-06 10:46,156.6500,2026-05-06 15:59,166.0000,2026-05-07 09:30,157.4100,313,1,314,313,1051,1364,0.059687,0.113646,overnight,overnight,1,1
2026-05-07 09:46,152.5800,2026-05-07 10:16,160.4400,2026-05-07 10:40,162.9000,2026-05-07 10:48,159.3600,24,8,32,24,8,32,0.015333,0.067637,intraday,intraday,0,0
2026-05-07 13:27,147.6100,2026-05-08 09:30,163.8800,2026-05-11 09:34,189.3900,2026-05-11 09:35,184.4800,394,1,395,4324,1,4325,0.155663,0.283043,weekend,intraday,0,1
2026-05-11 10:31,178.9400,2026-05-11 11:49,188.0300,2026-05-11 12:14,189.9500,2026-05-11 12:42,185.2000,25,28,53,25,28,53,0.010211,0.061529,intraday,intraday,0,0
2026-05-12 09:30,172.6600,2026-05-12 09:43,182.0000,2026-05-12 09:44,182.2400,2026-05-12 09:47,177.9500,1,3,4,1,3,4,0.001319,0.055485,intraday,intraday,0,0
2026-05-12 12:43,150.5800,2026-05-12 13:15,158.4400,2026-05-12 13:24,160.9700,2026-05-12 13:27,157.6300,9,3,12,9,3,12,0.015968,0.069000,intraday,intraday,0,0
2026-05-12 13:28,157.5100,2026-05-12 14:31,165.4000,2026-05-12 14:31,165.4000,2026-05-12 14:46,161.8100,0,15,15,0,15,15,0.000000,0.050092,intraday,intraday,0,0
2026-05-12 14:59,160.7000,2026-05-12 15:34,169.3000,2026-05-13 09:30,184.8500,2026-05-13 09:31,180.0200,26,1,27,1076,1,1077,0.091849,0.150280,overnight,intraday,0,1
2026-05-13 10:09,172.2600,2026-05-13 10:34,180.9200,2026-05-13 11:02,184.3000,2026-05-13 11:27,180.3500,28,25,53,28,25,53,0.018682,0.069894,intraday,intraday,0,0
2026-05-13 11:58,178.9500,2026-05-13 14:20,188.0800,2026-05-13 14:29,188.4900,2026-05-13 14:56,184.7100,9,27,36,9,27,36,0.002180,0.053311,intraday,intraday,0,0
2026-05-14 09:31,178.2700,2026-05-14 09:41,187.5500,2026-05-14 09:50,189.4300,2026-05-14 09:58,185.4200,9,8,17,9,8,17,0.010024,0.062602,intraday,intraday,0,0
2026-05-15 10:04,161.1400,2026-05-15 10:14,169.4200,2026-05-15 10:19,172.2000,2026-05-15 10:28,168.5100,5,9,14,5,9,14,0.016409,0.068636,intraday,intraday,0,0
2026-05-15 11:07,165.0000,2026-05-15 13:59,173.2500,2026-05-15 14:12,174.4000,2026-05-15 14:27,170.7700,13,15,28,13,15,28,0.006638,0.056970,intraday,intraday,0,0
2026-05-15 15:56,164.1400,2026-05-18 09:30,174.6100,2026-05-18 09:30,174.6100,2026-05-18 09:32,169.8000,0,2,2,0,2,2,0.000000,0.063787,intraday,intraday,0,0
2026-05-18 10:50,148.4500,2026-05-18 11:02,155.9300,2026-05-18 11:03,156.4400,2026-05-18 11:08,153.0600,1,5,6,1,5,6,0.003271,0.053823,intraday,intraday,0,0
2026-05-18 14:50,142.6900,2026-05-18 15:01,150.4300,2026-05-18 15:02,151.0000,2026-05-18 15:04,147.9500,1,2,3,1,2,3,0.003789,0.058238,intraday,intraday,0,0
2026-05-18 15:28,144.6000,2026-05-18 15:52,152.3200,2026-05-18 15:55,152.7800,2026-05-19 09:30,140.0400,3,5,8,3,1055,1058,0.003020,0.056570,overnight,overnight,1,1
2026-05-19 09:30,140.0400,2026-05-19 09:31,147.4200,2026-05-19 09:32,149.9000,2026-05-19 09:32,146.2800,1,0,1,1,0,1,0.016823,0.070408,intraday,intraday,0,0
2026-05-19 09:32,146.2800,2026-05-19 09:37,155.7100,2026-05-19 09:37,155.7100,2026-05-19 09:38,152.1200,0,1,1,0,1,1,0.000000,0.064465,intraday,intraday,0,0
2026-05-19 10:22,135.0200,2026-05-19 10:57,142.5000,2026-05-19 11:04,143.7400,2026-05-19 11:07,140.6000,7,3,10,7,3,10,0.008702,0.064583,intraday,intraday,0,0
2026-05-19 11:09,140.3500,2026-05-19 11:38,147.4300,2026-05-19 13:23,160.6000,2026-05-19 13:46,156.9800,105,23,128,105,23,128,0.089331,0.144282,intraday,intraday,0,0
2026-05-19 15:55,150.2500,2026-05-20 09:30,163.1000,2026-05-20 09:34,165.0000,2026-05-20 09:36,161.0400,4,2,6,4,2,6,0.011649,0.098170,intraday,intraday,0,0
2026-05-20 09:36,161.0400,2026-05-20 10:16,169.2000,2026-05-20 11:16,172.6800,2026-05-20 12:15,168.6600,60,59,119,60,59,119,0.020567,0.072280,intraday,intraday,0,0
2026-05-20 12:25,166.2100,2026-05-21 09:34,174.6700,2026-05-21 10:04,178.3200,2026-05-21 10:13,174.6300,30,9,39,30,9,39,0.020897,0.072860,intraday,intraday,0,0
2026-05-21 11:10,168.2300,2026-05-21 13:17,176.9800,2026-05-21 13:55,179.9700,2026-05-21 14:15,176.1300,38,20,58,38,20,58,0.016895,0.069785,intraday,intraday,0,0
2026-05-21 14:55,172.6300,2026-05-22 09:30,185.7900,2026-05-22 09:40,189.0000,2026-05-22 09:42,185.0900,10,2,12,10,2,12,0.017278,0.094827,intraday,intraday,0,0
2026-05-22 09:43,185.0300,2026-05-22 13:02,194.5000,2026-05-22 13:30,195.2700,2026-05-22 15:02,191.1400,28,92,120,28,92,120,0.003959,0.055342,intraday,intraday,0,0
2026-05-22 15:29,189.1600,2026-05-26 09:30,213.0000,2026-05-26 10:46,226.9000,2026-05-26 11:01,222.1500,76,15,91,76,15,91,0.065258,0.199514,intraday,intraday,0,0
2026-05-26 11:56,213.0800,2026-05-26 14:23,223.8200,2026-05-27 09:30,242.6600,2026-05-27 09:30,232.5500,97,0,97,1147,0,1147,0.084175,0.138821,overnight,intraday,1,1
2026-05-27 09:47,211.0200,2026-05-27 09:50,221.8600,2026-05-27 09:53,226.5500,2026-05-27 09:54,220.5700,3,1,4,3,1,4,0.021139,0.073595,intraday,intraday,0,0
2026-05-27 10:28,204.0000,2026-05-27 10:52,214.3300,2026-05-27 10:52,214.3300,2026-05-27 10:56,207.6000,0,4,4,0,4,4,0.000000,0.050637,intraday,intraday,0,0
2026-05-27 11:21,205.1700,2026-05-27 12:21,215.6800,2026-05-27 12:47,217.0300,2026-05-27 12:56,212.5900,26,9,35,26,9,35,0.006259,0.057806,intraday,intraday,0,0
2026-05-27 13:12,208.5600,2026-05-27 15:51,219.1300,2026-05-28 09:30,221.7300,2026-05-28 09:33,217.0100,9,3,12,1059,3,1062,0.011865,0.063147,overnight,intraday,0,1
2026-05-28 10:01,207.5600,2026-05-28 10:13,218.6900,2026-05-28 10:15,219.1000,2026-05-28 10:22,214.2500,2,7,9,2,7,9,0.001875,0.055598,intraday,intraday,0,0
2026-05-28 10:24,212.6000,2026-05-28 11:03,224.0400,2026-05-28 13:00,231.8900,2026-05-28 13:33,227.0200,117,33,150,117,33,150,0.035038,0.090734,intraday,intraday,0,0
2026-05-28 15:23,224.1000,2026-05-29 09:47,236.4900,2026-05-29 09:53,239.0700,2026-05-29 10:08,234.2600,6,15,21,6,15,21,0.010910,0.066801,intraday,intraday,0,0
2026-06-01 09:30,214.0100,2026-06-01 09:35,225.2500,2026-06-01 09:39,226.0000,2026-06-01 09:44,221.3300,4,5,9,4,5,9,0.003330,0.056025,intraday,intraday,0,0
2026-06-01 10:02,210.1400,2026-06-01 10:24,221.2000,2026-06-01 11:44,229.9300,2026-06-01 11:59,225.2000,80,15,95,80,15,95,0.039467,0.094175,intraday,intraday,0,0
2026-06-01 15:50,224.8800,2026-06-02 09:30,244.9000,2026-06-02 09:30,244.9000,2026-06-02 09:31,238.9100,0,1,1,0,1,1,0.000000,0.089025,intraday,intraday,0,0
2026-06-02 09:31,238.9100,2026-06-02 09:50,251.5700,2026-06-02 10:01,254.4000,2026-06-02 10:23,248.9300,11,22,33,11,22,33,0.011249,0.064836,intraday,intraday,0,0
2026-06-02 10:27,246.3800,2026-06-02 11:14,258.9000,2026-06-02 12:01,261.9200,2026-06-02 12:27,256.6000,47,26,73,47,26,73,0.011665,0.063073,intraday,intraday,0,0
2026-06-02 13:41,253.9100,2026-06-02 15:55,267.0800,2026-06-03 09:30,284.5800,2026-06-03 09:30,277.0000,5,0,5,1055,0,1055,0.065523,0.120791,overnight,intraday,1,1
2026-06-03 09:50,257.2600,2026-06-03 10:02,272.2500,2026-06-03 10:30,283.0000,2026-06-03 10:57,276.3000,28,27,55,28,27,55,0.039486,0.100054,intraday,intraday,0,0
2026-06-04 09:31,237.1000,2026-06-04 09:34,248.9700,2026-06-04 09:35,249.7700,2026-06-04 09:36,243.5000,1,1,2,1,1,2,0.003213,0.053437,intraday,intraday,0,0
2026-06-04 10:06,228.5500,2026-06-04 10:15,240.5000,2026-06-04 10:38,248.8900,2026-06-04 10:44,242.5600,23,6,29,23,6,29,0.034886,0.088996,intraday,intraday,0,0
2026-06-04 10:45,242.5500,2026-06-04 11:06,255.7500,2026-06-04 11:16,260.7800,2026-06-04 11:45,254.2500,10,29,39,10,29,39,0.019668,0.075160,intraday,intraday,0,0
2026-06-04 11:49,250.1200,2026-06-04 12:42,262.6700,2026-06-04 14:12,274.5000,2026-06-04 14:33,268.0500,90,21,111,90,21,111,0.045037,0.097473,intraday,intraday,0,0
2026-06-05 10:00,212.6600,2026-06-05 10:09,223.4200,2026-06-05 10:19,229.9200,2026-06-05 10:22,223.1000,10,3,13,10,3,13,0.029093,0.081162,intraday,intraday,0,0
2026-06-05 12:48,196.3700,2026-06-05 13:40,206.5900,2026-06-05 13:40,206.5900,2026-06-05 13:42,201.5000,0,2,2,0,2,2,0.000000,0.052045,intraday,intraday,0,0
2026-06-05 14:49,183.1800,2026-06-05 14:56,193.2600,2026-06-05 14:59,194.9800,2026-06-05 15:00,190.7300,3,1,4,3,1,4,0.008900,0.064418,intraday,intraday,0,0
2026-06-05 15:18,183.1100,2026-06-05 15:28,192.3100,2026-06-05 15:30,194.1900,2026-06-05 15:31,189.7000,2,1,3,2,1,3,0.009776,0.060510,intraday,intraday,0,0
2026-06-05 15:59,181.8100,2026-06-08 09:30,211.3200,2026-06-08 09:30,211.3200,2026-06-08 09:31,206.0000,0,1,1,0,1,1,0.000000,0.162312,intraday,intraday,0,0
2026-06-08 10:05,201.6900,2026-06-08 10:35,213.0000,2026-06-08 11:20,222.1900,2026-06-08 11:26,217.5100,45,6,51,45,6,51,0.043146,0.101641,intraday,intraday,0,0
2026-06-08 15:25,208.9300,2026-06-09 09:30,227.7100,2026-06-09 09:31,228.4400,2026-06-09 09:32,222.2000,1,1,2,1,1,2,0.003206,0.093381,intraday,intraday,0,0
2026-06-09 09:34,220.0000,2026-06-09 09:47,231.0200,2026-06-09 09:47,231.0200,2026-06-09 09:54,225.6600,0,7,7,0,7,7,0.000000,0.050091,intraday,intraday,0,0
2026-06-09 12:20,163.0300,2026-06-09 12:25,172.0800,2026-06-09 12:25,172.0800,2026-06-09 12:26,168.0000,0,1,1,0,1,1,0.000000,0.055511,intraday,intraday,0,0
2026-06-09 12:40,157.5600,2026-06-09 12:45,166.4900,2026-06-09 12:45,166.4900,2026-06-09 12:46,160.9200,0,1,1,0,1,1,0.000000,0.056677,intraday,intraday,0,0
2026-06-09 12:55,158.2600,2026-06-09 12:59,167.9000,2026-06-09 13:02,172.2000,2026-06-09 13:02,167.3100,3,0,3,3,0,3,0.025610,0.088083,intraday,intraday,0,0
2026-06-09 13:02,167.3100,2026-06-09 13:04,176.3000,2026-06-09 13:22,184.2000,2026-06-09 13:23,179.3000,18,1,19,18,1,19,0.044810,0.100950,intraday,intraday,0,0
2026-06-09 13:24,178.1700,2026-06-09 13:41,188.7000,2026-06-09 13:43,189.5000,2026-06-09 13:46,182.5100,2,3,5,2,3,5,0.004240,0.063591,intraday,intraday,0,0
2026-06-09 13:48,177.8500,2026-06-09 14:14,186.9700,2026-06-09 14:37,195.1400,2026-06-09 14:41,191.1000,23,4,27,23,4,27,0.043697,0.097217,intraday,intraday,0,0
2026-06-09 14:44,189.1100,2026-06-09 15:04,199.3900,2026-06-09 15:05,199.7100,2026-06-09 15:08,195.0900,1,3,4,1,3,4,0.001605,0.056052,intraday,intraday,0,0
2026-06-09 15:19,183.9500,2026-06-09 15:30,193.2200,2026-06-09 15:33,194.6800,2026-06-09 15:40,187.1500,3,7,10,3,7,10,0.007556,0.058331,intraday,intraday,0,0
2026-06-09 15:40,187.1500,2026-06-09 15:56,197.0100,2026-06-09 15:59,201.9800,2026-06-10 09:30,190.5300,3,1,4,3,1051,1054,0.025227,0.079241,overnight,overnight,1,1
2026-06-10 09:35,189.9600,2026-06-10 09:38,202.8000,2026-06-10 09:38,202.8000,2026-06-10 09:39,197.0300,0,1,1,0,1,1,0.000000,0.067593,intraday,intraday,0,0
2026-06-10 09:41,191.5100,2026-06-10 09:44,201.3900,2026-06-10 09:47,206.4000,2026-06-10 09:47,202.0300,3,0,3,3,0,3,0.024877,0.077751,intraday,intraday,0,0
2026-06-10 10:01,195.3700,2026-06-10 10:09,206.9300,2026-06-10 10:09,206.9300,2026-06-10 10:11,202.7800,0,2,2,0,2,2,0.000000,0.059170,intraday,intraday,0,0
2026-06-10 10:16,200.2100,2026-06-10 10:34,212.9300,2026-06-10 10:35,212.9900,2026-06-10 10:37,207.1800,1,2,3,1,2,3,0.000282,0.063833,intraday,intraday,0,0
2026-06-10 11:18,181.2300,2026-06-10 11:24,190.4000,2026-06-10 11:25,191.8700,2026-06-10 11:25,188.0000,1,0,1,1,0,1,0.007721,0.058710,intraday,intraday,0,0
2026-06-10 11:51,179.0000,2026-06-10 11:57,189.3900,2026-06-10 12:00,191.0100,2026-06-10 12:01,187.0900,3,1,4,3,1,4,0.008554,0.067095,intraday,intraday,0,0
2026-06-10 13:20,180.6300,2026-06-10 14:00,189.6900,2026-06-10 14:04,190.1000,2026-06-10 14:18,185.0000,4,14,18,4,14,18,0.002161,0.052428,intraday,intraday,0,0
2026-06-10 15:23,177.3000,2026-06-11 09:30,197.0000,2026-06-11 09:36,200.9600,2026-06-11 09:38,195.2000,6,2,8,6,2,8,0.020102,0.133446,intraday,intraday,0,0
2026-06-11 09:42,193.8200,2026-06-11 09:47,203.6300,2026-06-11 09:50,204.9400,2026-06-11 09:50,200.4200,3,0,3,3,0,3,0.006433,0.057373,intraday,intraday,0,0
2026-06-11 11:01,192.8000,2026-06-11 11:37,202.9000,2026-06-11 11:40,203.3000,2026-06-11 11:44,199.0600,3,4,7,3,4,7,0.001971,0.054461,intraday,intraday,0,0
2026-06-11 13:18,193.4100,2026-06-11 13:29,206.1300,2026-06-11 13:30,210.0000,2026-06-11 13:31,205.8000,1,1,2,1,1,2,0.018775,0.085776,intraday,intraday,0,0
2026-06-11 14:06,205.7600,2026-06-11 14:50,216.4600,2026-06-11 15:01,217.4500,2026-06-11 15:06,212.5700,11,5,16,11,5,16,0.004574,0.056814,intraday,intraday,0,0
2026-06-11 15:06,212.5700,2026-06-11 15:30,223.9900,2026-06-11 15:35,225.6300,2026-06-11 15:39,221.0300,5,4,9,5,4,9,0.007322,0.061439,intraday,intraday,0,0
2026-06-12 09:33,214.7400,2026-06-12 09:36,226.1700,2026-06-12 09:40,227.6000,2026-06-12 09:40,221.5000,4,0,4,4,0,4,0.006323,0.059886,intraday,intraday,0,0
2026-06-12 09:45,218.3100,2026-06-12 10:02,229.8400,2026-06-12 10:20,235.5900,2026-06-12 10:23,229.0500,18,3,21,18,3,21,0.025017,0.079153,intraday,intraday,0,0
2026-06-12 10:48,223.5500,2026-06-12 10:55,235.3000,2026-06-12 11:35,241.5600,2026-06-12 11:42,235.0000,40,7,47,40,7,47,0.026604,0.080564,intraday,intraday,0,0
2026-06-12 11:59,227.6100,2026-06-12 12:13,239.0000,2026-06-12 13:48,242.4000,2026-06-12 14:05,237.5200,95,17,112,95,17,112,0.014226,0.064980,intraday,intraday,0,0
2026-06-12 15:35,233.1300,2026-06-15 09:30,268.0700,2026-06-15 09:31,270.5000,2026-06-15 09:33,264.6600,1,2,3,1,2,3,0.009065,0.160297,intraday,intraday,0,0
2026-06-15 10:48,261.6000,2026-06-15 14:44,274.6900,2026-06-15 14:48,274.8800,2026-06-16 09:30,264.5000,4,72,76,4,1122,1126,0.000692,0.050765,overnight,overnight,1,1
2026-06-16 11:50,234.3000,2026-06-16 12:01,247.3800,2026-06-16 12:12,250.6600,2026-06-16 12:17,244.8300,11,5,16,11,5,16,0.013259,0.069825,intraday,intraday,0,0
2026-06-16 15:59,226.0000,2026-06-17 09:30,247.8500,2026-06-17 09:30,247.8500,2026-06-17 09:33,242.3500,0,3,3,0,3,3,0.000000,0.096681,intraday,intraday,0,0
2026-06-17 10:00,236.5000,2026-06-17 10:23,248.5700,2026-06-17 10:24,249.1900,2026-06-17 10:40,244.0600,1,16,17,1,16,17,0.002494,0.053658,intraday,intraday,0,0
2026-06-17 14:06,234.3500,2026-06-17 14:10,246.8000,2026-06-17 14:19,248.0000,2026-06-17 14:24,242.7000,9,5,14,9,5,14,0.004862,0.058246,intraday,intraday,0,0
2026-06-17 14:27,241.5000,2026-06-17 14:40,254.1700,2026-06-17 14:44,259.7900,2026-06-17 14:55,253.2000,4,11,15,4,11,15,0.022111,0.075735,intraday,intraday,0,0
2026-06-17 15:59,233.3000,2026-06-18 09:30,267.9700,2026-06-18 09:33,272.0500,2026-06-18 09:36,265.3500,3,3,6,3,3,6,0.015226,0.166095,intraday,intraday,0,0
2026-06-18 09:37,265.0000,2026-06-18 10:58,278.5900,2026-06-18 11:14,280.5400,2026-06-18 11:36,274.2900,16,22,38,16,22,38,0.007000,0.058642,intraday,intraday,0,0
2026-06-18 11:38,272.1100,2026-06-18 15:45,285.8000,2026-06-18 15:47,286.1600,2026-06-18 15:50,280.0200,2,3,5,2,3,5,0.001260,0.051634,intraday,intraday,0,0
2026-06-18 15:59,279.1900,2026-06-22 09:30,299.9300,2026-06-22 09:31,300.0000,2026-06-22 09:31,293.8800,1,0,1,1,0,1,0.000233,0.074537,intraday,intraday,0,0
2026-06-22 12:03,286.2400,2026-06-22 15:59,301.5000,2026-06-22 15:59,301.5000,2026-06-23 09:30,234.0000,0,1,1,0,1051,1051,0.000000,0.053312,overnight,overnight,1,1
2026-06-23 09:31,231.0000,2026-06-23 09:34,243.1000,2026-06-23 09:34,243.1000,2026-06-23 09:35,236.5100,0,1,1,0,1,1,0.000000,0.052381,intraday,intraday,0,0
2026-06-23 09:36,233.0000,2026-06-23 09:52,246.7000,2026-06-23 09:54,248.2500,2026-06-23 09:56,240.5100,2,2,4,2,2,4,0.006283,0.065451,intraday,intraday,0,0
2026-06-23 09:56,240.5100,2026-06-23 10:02,252.9500,2026-06-23 10:02,252.9500,2026-06-23 10:05,247.3000,0,3,3,0,3,3,0.000000,0.051723,intraday,intraday,0,0
2026-06-23 11:49,230.1300,2026-06-23 12:11,242.4000,2026-06-23 12:14,243.5400,2026-06-23 12:19,237.4100,3,5,8,3,5,8,0.004703,0.058271,intraday,intraday,0,0
2026-06-23 14:54,223.0000,2026-06-23 15:33,234.2300,2026-06-23 15:34,234.9700,2026-06-23 15:42,229.1700,1,8,9,1,8,9,0.003159,0.053677,intraday,intraday,0,0
2026-06-24 09:43,220.2500,2026-06-24 09:51,231.6800,2026-06-24 09:51,231.6800,2026-06-24 09:55,225.8000,0,4,4,0,4,4,0.000000,0.051896,intraday,intraday,0,0
2026-06-24 10:20,220.3200,2026-06-24 10:35,232.3100,2026-06-24 11:01,235.5200,2026-06-24 11:08,230.3900,26,7,33,26,7,33,0.013818,0.068991,intraday,intraday,0,0
2026-06-24 15:13,211.1300,2026-06-24 15:37,221.8000,2026-06-24 15:39,222.2800,2026-06-24 15:42,217.7700,2,3,5,2,3,5,0.002164,0.052811,intraday,intraday,0,0
2026-06-24 15:42,217.7700,2026-06-24 15:59,230.0000,2026-06-25 09:30,268.5000,2026-06-25 09:38,261.1100,1,8,9,1051,8,1059,0.167391,0.232952,overnight,intraday,0,1
2026-06-25 09:59,225.7400,2026-06-25 10:06,237.0800,2026-06-25 10:10,244.8900,2026-06-25 10:10,239.2600,4,0,4,4,0,4,0.032942,0.084832,intraday,intraday,0,0
2026-06-25 10:16,234.1000,2026-06-25 10:40,245.8500,2026-06-25 10:41,245.9600,2026-06-25 10:43,240.9000,1,2,3,1,2,3,0.000447,0.050662,intraday,intraday,0,0
2026-06-25 11:15,238.9400,2026-06-25 12:06,253.1000,2026-06-25 12:18,259.8400,2026-06-25 12:25,254.3100,12,7,19,12,7,19,0.026630,0.087470,intraday,intraday,0,0
2026-06-26 09:41,214.4100,2026-06-26 09:58,226.0000,2026-06-26 10:00,229.6000,2026-06-26 10:00,224.0000,2,0,2,2,0,2,0.015929,0.070846,intraday,intraday,0,0
2026-06-26 11:15,213.1800,2026-06-26 11:38,224.0000,2026-06-26 11:43,225.5800,2026-06-26 11:47,221.0500,5,4,9,5,4,9,0.007054,0.058167,intraday,intraday,0,0
2026-06-29 10:17,192.3000,2026-06-29 10:22,202.0000,2026-06-29 10:22,202.0000,2026-06-29 10:23,197.2800,0,1,1,0,1,1,0.000000,0.050442,intraday,intraday,0,0
2026-06-29 10:24,197.0900,2026-06-29 10:29,206.9900,2026-06-29 10:33,211.9500,2026-06-29 10:36,207.6800,4,3,7,4,3,7,0.023963,0.075397,intraday,intraday,0,0
2026-06-29 10:48,203.9000,2026-06-29 10:55,214.2300,2026-06-29 11:16,221.3700,2026-06-29 11:24,216.5000,21,8,29,21,8,29,0.033329,0.085679,intraday,intraday,0,0
2026-06-29 11:24,216.5000,2026-06-29 12:00,227.6000,2026-06-29 14:46,238.6600,2026-06-29 15:03,233.6600,166,17,183,166,17,183,0.048594,0.102356,intraday,intraday,0,0
2026-06-29 15:54,231.8000,2026-06-30 09:30,243.5000,2026-06-30 09:37,252.6300,2026-06-30 09:39,247.2400,7,2,9,7,2,9,0.037495,0.089862,intraday,intraday,0,0
2026-06-30 09:39,247.2400,2026-06-30 10:04,259.7800,2026-06-30 10:33,263.8800,2026-06-30 10:55,258.0300,29,22,51,29,22,51,0.015783,0.067303,intraday,intraday,0,0
2026-06-30 10:58,257.3900,2026-06-30 14:50,270.7000,2026-06-30 15:54,272.0000,2026-07-01 09:30,236.5000,64,6,70,64,1056,1120,0.004802,0.056762,overnight,overnight,1,1
2026-07-01 09:38,230.0600,2026-07-01 09:47,242.9500,2026-07-01 09:51,246.4700,2026-07-01 09:54,239.0200,4,3,7,4,3,7,0.014489,0.071329,intraday,intraday,0,0
2026-07-01 14:56,215.3800,2026-07-01 15:11,226.2700,2026-07-01 15:11,226.2700,2026-07-01 15:18,221.5400,0,7,7,0,7,7,0.000000,0.050562,intraday,intraday,0,0
2026-07-02 09:38,210.6200,2026-07-02 09:50,221.7200,2026-07-02 10:03,226.1300,2026-07-02 10:06,220.4000,13,3,16,13,3,16,0.019890,0.073640,intraday,intraday,0,0
2026-07-02 11:20,186.2800,2026-07-02 11:35,197.1700,2026-07-02 11:36,197.2700,2026-07-02 11:42,192.6800,1,6,7,1,6,7,0.000507,0.058997,intraday,intraday,0,0
2026-07-02 13:50,170.8000,2026-07-02 14:33,179.4400,2026-07-02 14:33,179.4400,2026-07-02 14:36,175.3700,0,3,3,0,3,3,0.000000,0.050585,intraday,intraday,0,0
2026-07-02 15:26,168.8800,2026-07-02 15:50,179.4700,2026-07-06 09:35,202.0700,2026-07-06 09:36,197.4400,15,1,16,5385,1,5386,0.125926,0.196530,weekend,intraday,0,1
2026-07-06 09:36,197.4400,2026-07-06 09:55,207.7800,2026-07-06 10:18,210.8000,2026-07-06 10:28,206.2600,23,10,33,23,10,33,0.014535,0.067666,intraday,intraday,0,0
2026-07-07 10:44,150.0800,2026-07-07 11:13,158.0000,2026-07-07 11:13,158.0000,2026-07-07 11:16,153.7500,0,3,3,0,3,3,0.000000,0.052772,intraday,intraday,0,0
2026-07-07 11:20,152.5500,2026-07-07 11:53,160.2500,2026-07-07 12:29,168.7000,2026-07-07 12:35,164.6800,36,6,42,36,6,42,0.052730,0.105867,intraday,intraday,0,0
2026-07-07 15:26,155.6500,2026-07-07 15:55,163.6700,2026-07-07 15:59,165.9900,2026-07-08 09:30,158.8700,4,1,5,4,1051,1055,0.014175,0.066431,overnight,overnight,1,1
2026-07-08 09:30,158.8700,2026-07-08 09:31,167.6900,2026-07-08 09:36,172.0000,2026-07-08 09:36,168.2000,5,0,5,5,0,5,0.025702,0.082646,intraday,intraday,0,0
2026-07-08 09:38,165.5000,2026-07-08 09:46,174.7400,2026-07-08 09:47,175.4800,2026-07-08 09:49,169.8000,1,2,3,1,2,3,0.004235,0.060302,intraday,intraday,0,0
2026-07-08 11:26,160.1200,2026-07-08 12:17,168.3000,2026-07-08 13:36,176.7500,2026-07-08 13:45,172.3700,79,9,88,79,9,88,0.050208,0.103860,intraday,intraday,0,0
2026-07-08 13:56,171.6900,2026-07-09 09:30,200.8400,2026-07-09 09:31,203.0000,2026-07-09 09:32,197.6800,1,1,2,1,1,2,0.010755,0.182364,intraday,intraday,0,0
2026-07-09 10:21,190.6200,2026-07-09 10:46,201.0000,2026-07-09 10:49,201.5600,2026-07-09 10:52,197.2100,3,3,6,3,3,6,0.002786,0.057392,intraday,intraday,0,0
2026-07-10 09:41,176.8000,2026-07-10 09:46,186.4100,2026-07-10 09:53,189.9800,2026-07-10 09:55,185.2800,7,2,9,7,2,9,0.019151,0.074548,intraday,intraday,0,0
2026-07-10 10:33,180.9400,2026-07-10 11:27,190.7300,2026-07-10 11:28,191.0100,2026-07-10 11:39,187.0100,1,11,12,1,11,12,0.001468,0.055654,intraday,intraday,0,0
2026-07-10 11:43,184.5000,2026-07-10 13:25,193.7900,2026-07-10 13:44,195.9400,2026-07-10 14:18,191.6300,19,34,53,19,34,53,0.011094,0.062005,intraday,intraday,0,0
2026-07-13 09:45,165.6000,2026-07-13 10:24,174.8500,2026-07-13 10:30,177.6700,2026-07-13 10:37,174.0100,6,7,13,6,7,13,0.016128,0.072886,intraday,intraday,0,0
2026-07-13 15:28,161.5500,2026-07-14 09:30,188.4300,2026-07-14 09:30,188.4300,2026-07-14 09:31,182.6000,0,1,1,0,1,1,0.000000,0.166388,intraday,intraday,0,0
2026-07-14 10:16,170.2600,2026-07-14 11:04,179.5200,2026-07-14 11:30,183.4000,2026-07-14 11:52,178.9300,26,22,48,26,22,48,0.021613,0.077176,intraday,intraday,0,0
2026-07-14 15:30,175.1000,2026-07-15 09:30,184.0000,2026-07-15 09:30,184.0000,2026-07-15 09:31,178.9600,0,1,1,0,1,1,0.000000,0.050828,intraday,intraday,0,0
2026-07-15 12:41,150.0000,2026-07-15 13:03,157.5700,2026-07-15 14:10,165.5600,2026-07-15 14:16,162.0500,67,6,73,67,6,73,0.050708,0.103733,intraday,intraday,0,0
2026-07-16 09:49,144.5000,2026-07-16 10:06,153.0000,2026-07-16 10:10,155.8300,2026-07-16 10:12,152.2600,4,2,6,4,2,6,0.018497,0.078408,intraday,intraday,0,0
2026-07-17 09:44,116.4700,2026-07-17 09:50,122.8900,2026-07-17 10:03,132.8700,2026-07-17 10:04,128.7200,13,1,14,13,1,14,0.081211,0.140809,intraday,intraday,0,0
2026-07-17 10:04,128.7200,2026-07-17 10:10,137.2000,2026-07-17 10:10,137.2000,2026-07-17 10:12,133.9800,0,2,2,0,2,2,0.000000,0.065879,intraday,intraday,0,0
2026-07-17 11:07,127.5200,2026-07-17 11:38,134.3100,2026-07-17 11:40,134.7900,2026-07-17 11:42,131.8900,2,2,4,2,2,4,0.003574,0.057011,intraday,intraday,0,0
2026-07-17 11:42,131.8900,2026-07-17 11:56,139.2600,2026-07-17 12:00,140.5700,2026-07-17 12:03,137.6200,4,3,7,4,3,7,0.009407,0.065812,intraday,intraday,0,0
2026-07-17 15:17,132.4000,2026-07-20 09:30,144.9900,2026-07-20 09:45,148.7400,2026-07-20 09:51,145.0200,15,6,21,15,6,21,0.025864,0.123414,intraday,intraday,0,0
2026-07-20 10:58,138.6900,2026-07-20 12:05,145.7700,2026-07-20 12:12,146.3700,2026-07-20 12:33,143.4000,7,21,28,7,21,28,0.004116,0.055375,intraday,intraday,0,0
2026-07-20 15:55,135.6600,2026-07-21 09:30,157.1000,2026-07-21 09:31,157.1200,2026-07-21 09:33,153.3500,1,2,3,1,2,3,0.000127,0.158190,intraday,intraday,0,0
2026-07-21 10:10,148.8700,2026-07-21 11:07,156.6500,2026-07-21 13:06,160.6400,2026-07-21 15:10,157.3400,119,124,243,119,124,243,0.025471,0.079062,intraday,intraday,0,0
2026-07-22 09:30,147.0000,2026-07-22 09:33,154.4300,2026-07-22 09:39,155.2400,2026-07-22 09:39,151.6900,6,0,6,6,0,6,0.005245,0.056054,intraday,intraday,0,0
2026-07-22 09:39,151.6900,2026-07-22 09:55,159.5000,2026-07-22 09:59,160.3200,2026-07-22 10:03,156.7500,4,4,8,4,4,8,0.005141,0.056892,intraday,intraday,0,0
2026-07-22 10:07,156.1900,2026-07-22 11:10,164.6000,2026-07-22 11:27,165.7500,2026-07-22 11:40,162.3700,17,13,30,17,13,30,0.006987,0.061208,intraday,intraday,0,0
2026-07-23 09:30,152.0100,2026-07-23 09:37,160.2600,2026-07-23 09:44,162.4600,2026-07-23 09:49,158.3700,7,5,12,7,5,12,0.013728,0.068745,intraday,intraday,0,0
2026-07-23 11:31,150.6400,2026-07-23 12:27,158.3300,2026-07-23 12:39,160.9400,2026-07-23 12:45,157.1600,12,6,18,12,6,18,0.016485,0.068375,intraday,intraday,0,0
2026-07-24 10:46,136.2700,2026-07-24 10:59,143.1000,2026-07-24 11:01,143.2700,2026-07-24 11:04,140.3400,2,3,5,2,3,5,0.001188,0.051369,intraday,intraday,0,0
2026-07-24 11:10,139.0400,2026-07-24 11:55,146.0500,2026-07-24 12:10,148.8000,2026-07-24 12:16,145.3000,15,6,21,15,6,21,0.018829,0.070196,intraday,intraday,0,0
2026-07-24 15:16,132.5500,2026-07-27 09:30,141.1000,2026-07-27 09:32,142.1900,2026-07-27 09:32,138.2100,2,0,2,2,0,2,0.007725,0.072727,intraday,intraday,0,0
2026-07-27 10:43,115.4500,2026-07-27 10:47,121.3300,2026-07-27 11:00,125.3800,2026-07-27 11:01,122.8100,13,1,14,13,1,14,0.033380,0.086011,intraday,intraday,0,0
2026-07-27 11:38,116.1500,2026-07-27 12:04,121.9800,2026-07-27 12:11,122.6000,2026-07-27 12:16,119.7300,7,5,12,7,5,12,0.005083,0.055532,intraday,intraday,0,0
2026-07-27 13:26,118.6000,2026-07-27 14:56,124.5600,2026-07-27 15:30,130.2000,2026-07-27 15:37,127.1400,34,7,41,34,7,41,0.045279,0.097808,intraday,intraday,0,0
2026-07-28 09:46,104.0400,2026-07-28 09:50,109.2500,2026-07-28 09:50,109.2500,2026-07-28 09:51,105.8000,0,1,1,0,1,1,0.000000,0.050077,intraday,intraday,0,0
2026-07-28 10:21,101.5300,2026-07-28 10:41,106.8300,2026-07-28 10:44,107.3400,2026-07-28 10:45,105.1200,3,1,4,3,1,4,0.004774,0.057224,intraday,intraday,0,0
2026-07-28 10:45,105.1200,2026-07-28 10:53,110.4700,2026-07-28 10:53,110.4700,2026-07-28 10:55,107.9000,0,2,2,0,2,2,0.000000,0.050894,intraday,intraday,0,0
2026-07-28 11:07,105.6900,2026-07-28 11:25,111.3400,2026-07-28 11:26,111.5100,2026-07-28 11:29,108.9000,1,3,4,1,3,4,0.001527,0.055067,intraday,intraday,0,0
2026-07-28 11:29,108.9000,2026-07-28 11:47,114.4200,2026-07-28 11:49,114.7500,2026-07-28 11:52,112.2700,2,3,5,2,3,5,0.002884,0.053719,intraday,intraday,0,0
2026-07-28 14:28,108.3400,2026-07-28 15:22,113.9900,2026-07-28 15:31,114.9500,2026-07-28 15:35,112.4000,9,4,13,9,4,13,0.008422,0.061012,intraday,intraday,0,0
2026-07-29 09:31,106.0000,2026-07-29 09:34,111.6600,2026-07-29 09:35,112.6700,2026-07-29 09:36,109.5000,1,1,2,1,1,2,0.009045,0.062925,intraday,intraday,0,0
2026-07-29 10:44,95.5100,2026-07-29 11:02,100.6200,2026-07-29 11:06,100.9300,2026-07-29 11:10,98.6500,4,4,8,4,4,8,0.003081,0.056748,intraday,intraday,0,0
2026-07-29 12:15,92.4100,2026-07-29 13:04,97.2400,2026-07-29 13:15,99.5000,2026-07-29 13:25,97.4000,11,10,21,11,10,21,0.023241,0.076723,intraday,intraday,0,0
2026-07-29 13:30,96.7200,2026-07-29 14:00,102.4400,2026-07-29 14:01,102.7500,2026-07-29 14:01,100.5100,1,0,1,1,0,1,0.003026,0.062345,intraday,intraday,0,0
2026-07-29 14:32,98.1500,2026-07-29 14:40,103.7700,2026-07-29 15:02,109.2500,2026-07-29 15:04,106.3300,22,2,24,22,2,24,0.052809,0.113092,intraday,intraday,0,0
2026-07-29 15:59,91.5000,2026-07-30 09:30,108.6600,2026-07-30 09:30,108.6600,2026-07-30 09:33,105.6500,0,3,3,0,3,3,0.000000,0.187541,intraday,intraday,0,0
2026-07-30 09:37,105.1200,2026-07-30 09:47,110.7900,2026-07-30 10:02,114.7800,2026-07-30 10:07,111.9500,15,5,20,15,5,20,0.036014,0.091895,intraday,intraday,0,0
2026-07-30 10:09,110.8400,2026-07-30 10:28,117.1200,2026-07-30 10:33,118.0000,2026-07-30 10:43,115.6100,5,10,15,5,10,15,0.007514,0.064598,intraday,intraday,0,0
