anchor_ts,anchor_px,trigger_ts,trigger_px,peak_ts,peak_px,retreat_ts,retreat_px,legA_mkt_min,legB_mkt_min,total_mkt_min,legA_wall_min,legB_wall_min,total_wall_min,runup_past_trigger,upswing_anchor_to_peak,span,legB_span,retreat_on_first_bar_back,boundaries_crossed
2019-12-31 09:32,17.8700,2020-01-02 09:30,19.1200,2020-01-02 09:39,19.2900,2020-01-02 09:50,19.0700,9,11,20,9,11,20,0.008891,0.079463,intraday,intraday,0,0
2020-01-02 11:36,18.7500,2020-01-02 14:43,19.3200,2020-01-02 15:59,19.4700,2020-01-03 09:30,18.2700,76,1,77,76,1051,1127,0.007764,0.038400,overnight,overnight,1,1
2020-01-03 09:30,18.2700,2020-01-03 09:43,18.8500,2020-01-03 09:43,18.8500,2020-01-03 09:52,18.5900,0,9,9,0,9,9,0.000000,0.031746,intraday,intraday,0,0
2020-01-06 09:30,17.4300,2020-01-06 10:46,17.9800,2020-01-06 10:47,18.0000,2020-01-06 11:25,17.8100,1,38,39,1,38,39,0.001112,0.032702,intraday,intraday,0,0
2020-01-06 14:01,17.6200,2020-01-07 09:30,18.4300,2020-01-07 09:30,18.4300,2020-01-07 09:32,18.2400,0,2,2,0,2,2,0.000000,0.045970,intraday,intraday,0,0
2020-01-07 09:43,18.1200,2020-01-07 10:17,18.7100,2020-01-07 10:23,18.7800,2020-01-07 10:31,18.5900,6,8,14,6,8,14,0.003741,0.036424,intraday,intraday,0,0
2020-01-08 10:49,18.4900,2020-01-08 11:42,19.0600,2020-01-08 11:43,19.0800,2020-01-08 13:23,18.8800,1,100,101,1,100,101,0.001049,0.031909,intraday,intraday,0,0
2020-01-08 15:53,18.7300,2020-01-09 09:30,19.4700,2020-01-09 09:30,19.4700,2020-01-09 09:33,19.2600,0,3,3,0,3,3,0.000000,0.039509,intraday,intraday,0,0
2020-01-09 12:44,18.5500,2020-01-09 15:56,19.1100,2020-01-10 09:30,19.3800,2020-01-10 09:38,19.1300,4,8,12,1054,8,1062,0.014129,0.044744,overnight,intraday,0,1
2020-01-10 15:42,18.5800,2020-01-13 09:30,19.1700,2020-01-13 09:30,19.1700,2020-01-13 09:32,18.9400,0,2,2,0,2,2,0.000000,0.031755,intraday,intraday,0,0
2020-01-13 09:34,18.9200,2020-01-13 09:57,19.4900,2020-01-13 09:58,19.5000,2020-01-13 11:11,19.3000,1,73,74,1,73,74,0.000513,0.030655,intraday,intraday,0,0
2020-01-14 09:58,19.2200,2020-01-14 12:20,19.8000,2020-01-14 13:34,20.0200,2020-01-14 13:36,19.7300,74,2,76,74,2,76,0.011111,0.041623,intraday,intraday,0,0
2020-01-15 15:33,18.6700,2020-01-16 09:30,19.3800,2020-01-16 10:08,19.7600,2020-01-16 10:21,19.5300,38,13,51,38,13,51,0.019608,0.058382,intraday,intraday,0,0
2020-01-16 11:22,19.3700,2020-01-17 09:30,20.1100,2020-01-17 09:30,20.1100,2020-01-17 09:38,19.8700,0,8,8,0,8,8,0.000000,0.038203,intraday,intraday,0,0
2020-01-17 11:23,19.7500,2020-01-21 11:40,20.3800,2020-01-21 12:15,20.4000,2020-01-21 13:20,20.1700,35,65,100,35,65,100,0.000981,0.032911,intraday,intraday,0,0
2020-01-21 14:01,19.9800,2020-01-22 09:30,20.7000,2020-01-22 10:46,21.2000,2020-01-22 11:14,20.9700,76,28,104,76,28,104,0.024155,0.061061,intraday,intraday,0,0
2020-01-23 09:53,20.2500,2020-01-23 12:16,20.8800,2020-01-23 12:25,20.9300,2020-01-23 12:57,20.6900,9,32,41,9,32,41,0.002395,0.033580,intraday,intraday,0,0
2020-01-23 12:59,20.6500,2020-01-24 09:30,22.0600,2020-01-24 09:31,22.0700,2020-01-24 09:34,21.8000,1,3,4,1,3,4,0.000453,0.068765,intraday,intraday,0,0
2020-01-27 11:20,17.9400,2020-01-27 12:21,18.4900,2020-01-27 12:44,18.5400,2020-01-27 13:10,18.3500,23,26,49,23,26,49,0.002704,0.033445,intraday,intraday,0,0
2020-01-27 15:50,18.0200,2020-01-28 09:30,18.7900,2020-01-28 09:33,18.8900,2020-01-28 09:34,18.6800,3,1,4,3,1,4,0.005322,0.048280,intraday,intraday,0,0
2020-01-28 09:46,18.3300,2020-01-28 10:24,18.9300,2020-01-28 15:32,19.5000,2020-01-28 15:54,19.3000,308,22,330,308,22,330,0.030111,0.063830,intraday,intraday,0,0
2020-01-30 09:30,17.8100,2020-01-30 09:45,18.3700,2020-01-30 09:45,18.3700,2020-01-30 09:52,18.1600,0,7,7,0,7,7,0.000000,0.031443,intraday,intraday,0,0
2020-01-30 10:55,17.1400,2020-01-30 11:28,17.6700,2020-01-30 11:54,17.8500,2020-01-30 12:05,17.6200,26,11,37,26,11,37,0.010187,0.041424,intraday,intraday,0,0
2020-01-30 12:49,17.2300,2020-01-30 14:42,17.8700,2020-01-30 14:42,17.8700,2020-01-30 14:43,17.5200,0,1,1,0,1,1,0.000000,0.037145,intraday,intraday,0,0
2020-01-30 14:46,17.4800,2020-01-30 15:43,18.0100,2020-01-30 15:59,18.2200,2020-01-31 09:30,17.6700,16,1,17,16,1051,1067,0.011660,0.042334,overnight,overnight,1,1
2020-01-31 11:16,16.4700,2020-01-31 11:56,16.9800,2020-01-31 11:59,17.0400,2020-01-31 12:14,16.8300,3,15,18,3,15,18,0.003534,0.034608,intraday,intraday,0,0
2020-01-31 15:43,16.0300,2020-02-03 09:30,16.5600,2020-02-03 09:33,16.6500,2020-02-03 09:34,16.4600,3,1,4,3,1,4,0.005435,0.038677,intraday,intraday,0,0
2020-02-03 09:34,16.4600,2020-02-04 09:30,18.3300,2020-02-04 09:30,18.3300,2020-02-04 09:33,18.0900,0,3,3,0,3,3,0.000000,0.113609,intraday,intraday,0,0
2020-02-04 10:15,17.8900,2020-02-04 11:47,18.4300,2020-02-04 12:12,18.4700,2020-02-04 13:25,18.2800,25,73,98,25,73,98,0.002170,0.032420,intraday,intraday,0,0
2020-02-04 13:25,18.2800,2020-02-05 09:30,19.7100,2020-02-05 09:31,19.7200,2020-02-05 09:32,19.4800,1,1,2,1,1,2,0.000507,0.078775,intraday,intraday,0,0
2020-02-05 10:41,18.8300,2020-02-05 12:23,19.4000,2020-02-05 12:34,19.5300,2020-02-05 14:00,19.3300,11,86,97,11,86,97,0.006701,0.037175,intraday,intraday,0,0
2020-02-06 09:47,18.9500,2020-02-06 11:25,19.5300,2020-02-06 12:42,19.7200,2020-02-06 13:32,19.5100,77,50,127,77,50,127,0.009729,0.040633,intraday,intraday,0,0
2020-02-10 09:30,17.8300,2020-02-10 09:58,18.3900,2020-02-10 11:59,18.6700,2020-02-10 12:36,18.4700,121,37,158,121,37,158,0.015226,0.047112,intraday,intraday,0,0
2020-02-10 12:37,18.4600,2020-02-10 15:54,19.0300,2020-02-11 09:35,19.9200,2020-02-11 09:37,19.6900,11,2,13,1061,2,1063,0.046768,0.079090,overnight,intraday,0,1
2020-02-11 09:38,19.6600,2020-02-11 09:50,20.2500,2020-02-11 10:50,20.5400,2020-02-11 11:31,20.3300,60,41,101,60,41,101,0.014321,0.044761,intraday,intraday,0,0
2020-02-11 15:22,19.8900,2020-02-12 09:30,21.0500,2020-02-12 09:35,21.1500,2020-02-12 09:35,20.9200,5,0,5,5,0,5,0.004751,0.063348,intraday,intraday,0,0
2020-02-13 09:30,20.5100,2020-02-13 10:34,21.1500,2020-02-13 11:42,21.6300,2020-02-13 12:41,21.4000,68,59,127,68,59,127,0.022695,0.054608,intraday,intraday,0,0
2020-02-13 13:15,21.0000,2020-02-14 09:30,21.7700,2020-02-14 09:33,21.9100,2020-02-14 09:34,21.6900,3,1,4,3,1,4,0.006431,0.043333,intraday,intraday,0,0
2020-02-18 09:30,19.7300,2020-02-19 09:30,21.2300,2020-02-19 09:32,21.3800,2020-02-19 09:32,21.1600,2,0,2,2,0,2,0.007065,0.083629,intraday,intraday,0,0
2020-02-19 09:33,21.0000,2020-02-19 11:35,21.6300,2020-02-19 12:53,21.8100,2020-02-19 13:09,21.5700,78,16,94,78,16,94,0.008322,0.038571,intraday,intraday,0,0
2020-02-20 11:32,19.7700,2020-02-20 11:39,20.4900,2020-02-20 11:39,20.4900,2020-02-20 11:44,20.2700,0,5,5,0,5,5,0.000000,0.036419,intraday,intraday,0,0
2020-02-20 12:10,20.0600,2020-02-20 13:12,20.6700,2020-02-20 13:15,20.7300,2020-02-20 13:37,20.5000,3,22,25,3,22,25,0.002903,0.033400,intraday,intraday,0,0
2020-02-21 09:49,18.9700,2020-02-21 11:30,19.6000,2020-02-21 12:05,19.6700,2020-02-21 12:16,19.4500,35,11,46,35,11,46,0.003571,0.036900,intraday,intraday,0,0
2020-02-24 09:31,15.9300,2020-02-24 09:36,16.4300,2020-02-24 09:38,16.5000,2020-02-24 09:39,16.3000,2,1,3,2,1,3,0.004260,0.035782,intraday,intraday,0,0
2020-02-24 09:40,16.2000,2020-02-24 09:46,16.7300,2020-02-24 09:47,16.7700,2020-02-24 09:50,16.6000,1,3,4,1,3,4,0.002391,0.035185,intraday,intraday,0,0
2020-02-24 09:58,16.4700,2020-02-24 10:14,17.0100,2020-02-24 10:14,17.0100,2020-02-24 10:20,16.8000,0,6,6,0,6,6,0.000000,0.032787,intraday,intraday,0,0
2020-02-24 10:33,16.3300,2020-02-24 10:56,16.8200,2020-02-24 10:56,16.8200,2020-02-24 11:01,16.6200,0,5,5,0,5,5,0.000000,0.030006,intraday,intraday,0,0
2020-02-24 13:17,16.0500,2020-02-24 14:27,16.5400,2020-02-24 15:02,16.9600,2020-02-24 15:10,16.7200,35,8,43,35,8,43,0.025393,0.056698,intraday,intraday,0,0
2020-02-24 15:59,16.1700,2020-02-25 09:30,16.9200,2020-02-25 09:30,16.9200,2020-02-25 09:32,16.6600,0,2,2,0,2,2,0.000000,0.046382,intraday,intraday,0,0
2020-02-25 10:53,15.2300,2020-02-25 11:01,15.6900,2020-02-25 11:01,15.6900,2020-02-25 11:03,15.5300,0,2,2,0,2,2,0.000000,0.030204,intraday,intraday,0,0
2020-02-25 11:18,15.0800,2020-02-25 11:48,15.5600,2020-02-25 11:55,15.6500,2020-02-25 12:01,15.4900,7,6,13,7,6,13,0.005784,0.037798,intraday,intraday,0,0
2020-02-25 14:31,14.4500,2020-02-25 14:48,14.8900,2020-02-25 15:01,15.2400,2020-02-25 15:03,15.0500,13,2,15,13,2,15,0.023506,0.054671,intraday,intraday,0,0
2020-02-25 15:39,14.5500,2020-02-25 15:46,15.0000,2020-02-25 15:46,15.0000,2020-02-25 15:49,14.8100,0,3,3,0,3,3,0.000000,0.030928,intraday,intraday,0,0
2020-02-25 15:50,14.6800,2020-02-26 09:30,15.3000,2020-02-26 09:33,15.3800,2020-02-26 09:34,15.1000,3,1,4,3,1,4,0.005229,0.047684,intraday,intraday,0,0
2020-02-26 09:34,15.1000,2020-02-26 09:41,15.5700,2020-02-26 09:43,15.7300,2020-02-26 09:46,15.5500,2,3,5,2,3,5,0.010276,0.041722,intraday,intraday,0,0
2020-02-26 10:07,15.2200,2020-02-26 10:21,15.7000,2020-02-26 10:21,15.7000,2020-02-26 10:23,15.5300,0,2,2,0,2,2,0.000000,0.031537,intraday,intraday,0,0
2020-02-26 12:18,14.7300,2020-02-26 12:31,15.1800,2020-02-26 12:38,15.2200,2020-02-26 12:44,15.0200,7,6,13,7,6,13,0.002635,0.033265,intraday,intraday,0,0
2020-02-26 13:40,14.5300,2020-02-26 13:49,14.9700,2020-02-26 13:49,14.9700,2020-02-26 13:50,14.7900,0,1,1,0,1,1,0.000000,0.030282,intraday,intraday,0,0
2020-02-26 14:00,14.6100,2020-02-26 15:18,15.0700,2020-02-26 15:18,15.0700,2020-02-26 15:24,14.9000,0,6,6,0,6,6,0.000000,0.031485,intraday,intraday,0,0
2020-02-27 09:32,13.3300,2020-02-27 09:38,13.8200,2020-02-27 09:39,13.8700,2020-02-27 09:41,13.6900,1,2,3,1,2,3,0.003618,0.040510,intraday,intraday,0,0
2020-02-27 09:48,13.2100,2020-02-27 09:56,13.6400,2020-02-27 09:56,13.6400,2020-02-27 09:57,13.4700,0,1,1,0,1,1,0.000000,0.032551,intraday,intraday,0,0
2020-02-27 10:34,12.6600,2020-02-27 10:37,13.0600,2020-02-27 10:39,13.0900,2020-02-27 10:42,12.8800,2,3,5,2,3,5,0.002297,0.033965,intraday,intraday,0,0
2020-02-27 10:42,12.8800,2020-02-27 10:47,13.3300,2020-02-27 10:47,13.3300,2020-02-27 10:48,13.1900,0,1,1,0,1,1,0.000000,0.034938,intraday,intraday,0,0
2020-02-27 10:55,13.1500,2020-02-27 11:01,13.5600,2020-02-27 11:01,13.5600,2020-02-27 11:03,13.3700,0,2,2,0,2,2,0.000000,0.031179,intraday,intraday,0,0
2020-02-27 11:03,13.3700,2020-02-27 11:08,13.8000,2020-02-27 11:09,13.8200,2020-02-27 11:10,13.6500,1,1,2,1,1,2,0.001449,0.033657,intraday,intraday,0,0
2020-02-27 11:45,13.2700,2020-02-27 11:56,13.6700,2020-02-27 11:59,13.8300,2020-02-27 12:01,13.6700,3,2,5,3,2,5,0.011704,0.042200,intraday,intraday,0,0
2020-02-27 12:05,13.6500,2020-02-27 12:19,14.0700,2020-02-27 12:19,14.0700,2020-02-27 12:20,13.9200,0,1,1,0,1,1,0.000000,0.030769,intraday,intraday,0,0
2020-02-27 12:24,13.6800,2020-02-27 12:32,14.1000,2020-02-27 12:39,14.2600,2020-02-27 12:45,14.1100,7,6,13,7,6,13,0.011348,0.042398,intraday,intraday,0,0
2020-02-27 13:43,13.5300,2020-02-27 13:54,14.0200,2020-02-27 13:56,14.0300,2020-02-27 13:57,13.6700,2,1,3,2,1,3,0.000713,0.036955,intraday,intraday,0,0
2020-02-28 09:30,11.4500,2020-02-28 09:31,11.8000,2020-02-28 09:32,11.8700,2020-02-28 09:32,11.7100,1,0,1,1,0,1,0.005932,0.036681,intraday,intraday,0,0
2020-02-28 09:33,11.6400,2020-02-28 09:35,12.0700,2020-02-28 09:36,12.2200,2020-02-28 09:36,12.0400,1,0,1,1,0,1,0.012428,0.049828,intraday,intraday,0,0
2020-02-28 09:46,11.7300,2020-02-28 09:48,12.1300,2020-02-28 09:49,12.1800,2020-02-28 09:49,12.0000,1,0,1,1,0,1,0.004122,0.038363,intraday,intraday,0,0
2020-02-28 10:04,11.5700,2020-02-28 10:05,11.9300,2020-02-28 10:06,11.9700,2020-02-28 10:07,11.7800,1,1,2,1,1,2,0.003353,0.034572,intraday,intraday,0,0
2020-02-28 10:11,11.7400,2020-02-28 10:15,12.1200,2020-02-28 10:17,12.2800,2020-02-28 10:17,12.1100,2,0,2,2,0,2,0.013201,0.045997,intraday,intraday,0,0
2020-02-28 10:30,11.8300,2020-02-28 10:33,12.2400,2020-02-28 10:34,12.2600,2020-02-28 10:34,12.1300,1,0,1,1,0,1,0.001634,0.036348,intraday,intraday,0,0
2020-02-28 10:44,12.0100,2020-02-28 10:53,12.4800,2020-02-28 10:54,12.5800,2020-02-28 10:56,12.4500,1,2,3,1,2,3,0.008013,0.047460,intraday,intraday,0,0
2020-02-28 11:09,12.2700,2020-02-28 11:16,12.6700,2020-02-28 11:21,12.9100,2020-02-28 11:22,12.7300,5,1,6,5,1,6,0.018942,0.052160,intraday,intraday,0,0
2020-02-28 11:26,12.6700,2020-02-28 11:32,13.1300,2020-02-28 11:37,13.2700,2020-02-28 11:37,13.1300,5,0,5,5,0,5,0.010663,0.047356,intraday,intraday,0,0
2020-02-28 11:37,13.1300,2020-02-28 11:41,13.5400,2020-02-28 11:42,13.6900,2020-02-28 11:42,13.5300,1,0,1,1,0,1,0.011078,0.042650,intraday,intraday,0,0
2020-02-28 12:18,12.8300,2020-02-28 12:28,13.2200,2020-02-28 12:30,13.3800,2020-02-28 12:31,13.2100,2,1,3,2,1,3,0.012103,0.042868,intraday,intraday,0,0
2020-02-28 12:49,13.0000,2020-02-28 13:00,13.4000,2020-02-28 13:01,13.4900,2020-02-28 13:02,13.3100,1,1,2,1,1,2,0.006716,0.037692,intraday,intraday,0,0
2020-02-28 14:04,12.4300,2020-02-28 14:21,12.9300,2020-02-28 14:22,12.9800,2020-02-28 14:24,12.8000,1,2,3,1,2,3,0.003867,0.044248,intraday,intraday,0,0
2020-02-28 14:26,12.6600,2020-02-28 14:30,13.1200,2020-02-28 14:30,13.1200,2020-02-28 14:31,12.8800,0,1,1,0,1,1,0.000000,0.036335,intraday,intraday,0,0
2020-02-28 14:36,12.8200,2020-02-28 14:43,13.2500,2020-02-28 14:45,13.3500,2020-02-28 14:45,13.1700,2,0,2,2,0,2,0.007547,0.041342,intraday,intraday,0,0
2020-02-28 15:05,12.5700,2020-02-28 15:16,13.0300,2020-02-28 15:16,13.0300,2020-02-28 15:21,12.8800,0,5,5,0,5,5,0.000000,0.036595,intraday,intraday,0,0
2020-02-28 15:44,12.4800,2020-02-28 15:51,12.8800,2020-02-28 15:54,13.0700,2020-02-28 15:54,12.8300,3,0,3,3,0,3,0.014752,0.047276,intraday,intraday,0,0
2020-02-28 15:54,12.8300,2020-02-28 15:56,13.2300,2020-02-28 15:59,13.6600,2020-02-28 15:59,13.3800,3,0,3,3,0,3,0.032502,0.064692,intraday,intraday,0,0
2020-02-28 15:59,13.3800,2020-03-02 09:30,14.5000,2020-03-02 09:30,14.5000,2020-03-02 09:31,13.8700,0,1,1,0,1,1,0.000000,0.083707,intraday,intraday,0,0
2020-03-02 09:37,13.4800,2020-03-02 09:45,13.9500,2020-03-02 09:45,13.9500,2020-03-02 09:46,13.7700,0,1,1,0,1,1,0.000000,0.034866,intraday,intraday,0,0
2020-03-02 10:31,13.0200,2020-03-02 10:39,13.4400,2020-03-02 10:56,13.8700,2020-03-02 10:58,13.7300,17,2,19,17,2,19,0.031994,0.065284,intraday,intraday,0,0
2020-03-02 11:09,13.6000,2020-03-02 11:15,14.0300,2020-03-02 11:16,14.0400,2020-03-02 11:19,13.8800,1,3,4,1,3,4,0.000713,0.032353,intraday,intraday,0,0
2020-03-02 11:19,13.8800,2020-03-02 11:39,14.3000,2020-03-02 11:39,14.3000,2020-03-02 11:42,14.1500,0,3,3,0,3,3,0.000000,0.030259,intraday,intraday,0,0
2020-03-02 14:43,13.7500,2020-03-02 15:06,14.1800,2020-03-02 15:09,14.1900,2020-03-02 15:15,14.0400,3,6,9,3,6,9,0.000705,0.032000,intraday,intraday,0,0
2020-03-02 15:15,14.0400,2020-03-02 15:41,14.4700,2020-03-03 09:30,15.3300,2020-03-03 09:30,14.9300,19,0,19,1069,0,1069,0.059433,0.091880,overnight,intraday,1,1
2020-03-03 09:57,14.4500,2020-03-03 10:00,15.5700,2020-03-03 10:01,15.6700,2020-03-03 10:01,15.3500,1,0,1,1,0,1,0.006423,0.084429,intraday,intraday,0,0
2020-03-03 10:01,15.3500,2020-03-03 10:05,15.8200,2020-03-03 10:05,15.8200,2020-03-03 10:06,15.3300,0,1,1,0,1,1,0.000000,0.030619,intraday,intraday,0,0
2020-03-03 10:15,14.7900,2020-03-03 10:23,15.2700,2020-03-03 10:24,15.3700,2020-03-03 10:24,15.1300,1,0,1,1,0,1,0.006549,0.039216,intraday,intraday,0,0
2020-03-03 11:30,14.2000,2020-03-03 11:39,14.6300,2020-03-03 11:40,14.7200,2020-03-03 11:43,14.5500,1,3,4,1,3,4,0.006152,0.036620,intraday,intraday,0,0
2020-03-03 11:47,14.4100,2020-03-03 12:05,14.8900,2020-03-03 12:10,15.0000,2020-03-03 12:13,14.8000,5,3,8,5,3,8,0.007388,0.040944,intraday,intraday,0,0
2020-03-03 14:20,13.1200,2020-03-03 14:28,13.5700,2020-03-03 14:32,13.6500,2020-03-03 14:34,13.5100,4,2,6,4,2,6,0.005895,0.040396,intraday,intraday,0,0
2020-03-03 14:45,13.1400,2020-03-03 14:49,13.5500,2020-03-03 14:50,13.5600,2020-03-03 14:51,13.3800,1,1,2,1,1,2,0.000738,0.031963,intraday,intraday,0,0
2020-03-03 14:51,13.3800,2020-03-03 15:11,13.7900,2020-03-03 15:14,13.8700,2020-03-03 15:16,13.7100,3,2,5,3,2,5,0.005801,0.036622,intraday,intraday,0,0
2020-03-03 15:24,13.5200,2020-03-03 15:28,13.9700,2020-03-03 15:28,13.9700,2020-03-03 15:30,13.8300,0,2,2,0,2,2,0.000000,0.033284,intraday,intraday,0,0
2020-03-03 15:39,13.4200,2020-03-03 15:44,13.8400,2020-03-03 15:45,13.9300,2020-03-03 15:45,13.7300,1,0,1,1,0,1,0.006503,0.038003,intraday,intraday,0,0
2020-03-03 15:52,13.4000,2020-03-03 15:55,13.8700,2020-03-03 15:55,13.8700,2020-03-03 15:56,13.4400,0,1,1,0,1,1,0.000000,0.035075,intraday,intraday,0,0
2020-03-03 15:56,13.4400,2020-03-04 09:30,14.3700,2020-03-04 09:31,14.3900,2020-03-04 09:33,14.2300,1,2,3,1,2,3,0.001392,0.070685,intraday,intraday,0,0
2020-03-04 09:58,13.7400,2020-03-04 10:10,14.1600,2020-03-04 10:11,14.2700,2020-03-04 10:11,14.0800,1,0,1,1,0,1,0.007768,0.038574,intraday,intraday,0,0
2020-03-04 10:11,14.0800,2020-03-04 10:19,14.5600,2020-03-04 10:23,14.6500,2020-03-04 10:27,14.5000,4,4,8,4,4,8,0.006181,0.040483,intraday,intraday,0,0
2020-03-04 11:08,14.1100,2020-03-04 12:14,14.5600,2020-03-04 13:25,15.1100,2020-03-04 13:48,14.9500,71,23,94,71,23,94,0.037775,0.070872,intraday,intraday,0,0
2020-03-04 14:02,14.8000,2020-03-04 15:31,15.2700,2020-03-04 15:32,15.3000,2020-03-04 15:46,15.1300,1,14,15,1,14,15,0.001965,0.033784,intraday,intraday,0,0
2020-03-05 09:30,14.1900,2020-03-05 09:34,14.6300,2020-03-05 09:36,14.8200,2020-03-05 09:36,14.6500,2,0,2,2,0,2,0.012987,0.044397,intraday,intraday,0,0
2020-03-05 09:56,14.2700,2020-03-05 10:18,14.7100,2020-03-05 10:22,14.8800,2020-03-05 10:24,14.7300,4,2,6,4,2,6,0.011557,0.042747,intraday,intraday,0,0
2020-03-05 10:40,14.6100,2020-03-05 11:12,15.1200,2020-03-05 11:18,15.2400,2020-03-05 11:24,15.0700,6,6,12,6,6,12,0.007937,0.043121,intraday,intraday,0,0
2020-03-05 13:16,13.9900,2020-03-05 13:49,14.4400,2020-03-05 13:50,14.4700,2020-03-05 13:52,14.3100,1,2,3,1,2,3,0.002078,0.034310,intraday,intraday,0,0
2020-03-05 15:26,13.7300,2020-03-05 15:34,14.1900,2020-03-05 15:34,14.1900,2020-03-05 15:36,14.0200,0,2,2,0,2,2,0.000000,0.033503,intraday,intraday,0,0
2020-03-06 09:53,12.5900,2020-03-06 09:58,13.0000,2020-03-06 10:05,13.1000,2020-03-06 10:06,12.8900,7,1,8,7,1,8,0.007692,0.040508,intraday,intraday,0,0
2020-03-06 10:10,12.6900,2020-03-06 10:16,13.1300,2020-03-06 10:16,13.1300,2020-03-06 10:21,12.9500,0,5,5,0,5,5,0.000000,0.034673,intraday,intraday,0,0
2020-03-06 10:22,12.9300,2020-03-06 10:27,13.4000,2020-03-06 10:27,13.4000,2020-03-06 10:29,13.2600,0,2,2,0,2,2,0.000000,0.036350,intraday,intraday,0,0
2020-03-06 12:03,12.6700,2020-03-06 12:38,13.0800,2020-03-06 12:38,13.0800,2020-03-06 12:39,12.9300,0,1,1,0,1,1,0.000000,0.032360,intraday,intraday,0,0
2020-03-06 15:09,12.2000,2020-03-06 15:19,12.6000,2020-03-06 15:19,12.6000,2020-03-06 15:23,12.4700,0,4,4,0,4,4,0.000000,0.032787,intraday,intraday,0,0
2020-03-06 15:30,12.4100,2020-03-06 15:31,12.7900,2020-03-06 15:32,12.8200,2020-03-06 15:32,12.6900,1,0,1,1,0,1,0.002346,0.033038,intraday,intraday,0,0
2020-03-06 15:40,12.5500,2020-03-06 15:49,12.9400,2020-03-06 15:53,13.2400,2020-03-06 15:53,13.1000,4,0,4,4,0,4,0.023184,0.054980,intraday,intraday,0,0
2020-03-09 09:30,10.1300,2020-03-09 09:32,10.4800,2020-03-09 09:32,10.4800,2020-03-09 09:33,10.2700,0,1,1,0,1,1,0.000000,0.034551,intraday,intraday,0,0
2020-03-09 09:49,10.0200,2020-03-09 09:49,10.3300,2020-03-09 09:51,10.4500,2020-03-09 09:51,10.2300,2,0,2,2,0,2,0.011617,0.042914,intraday,intraday,0,0
2020-03-09 09:51,10.2300,2020-03-09 09:52,10.6000,2020-03-09 09:53,10.9600,2020-03-09 09:53,10.5800,1,0,1,1,0,1,0.033962,0.071359,intraday,intraday,0,0
2020-03-09 09:53,10.5800,2020-03-09 09:54,10.9400,2020-03-09 09:55,11.2700,2020-03-09 09:55,10.8400,1,0,1,1,0,1,0.030165,0.065217,intraday,intraday,0,0
2020-03-09 09:55,10.8400,2020-03-09 09:56,11.3300,2020-03-09 09:57,11.3700,2020-03-09 09:57,11.2500,1,0,1,1,0,1,0.003530,0.048893,intraday,intraday,0,0
2020-03-09 09:59,11.0000,2020-03-09 09:59,11.3500,2020-03-09 09:59,11.3500,2020-03-09 10:00,11.1100,0,1,1,0,1,1,0.000000,0.031818,intraday,intraday,0,0
2020-03-09 10:03,10.8700,2020-03-09 10:03,11.2000,2020-03-09 10:03,11.2000,2020-03-09 10:04,10.7300,0,1,1,0,1,1,0.000000,0.030359,intraday,intraday,0,0
2020-03-09 10:05,10.7000,2020-03-09 10:06,11.1400,2020-03-09 10:06,11.1400,2020-03-09 10:07,11.0000,0,1,1,0,1,1,0.000000,0.041121,intraday,intraday,0,0
2020-03-09 10:14,10.9000,2020-03-09 10:18,11.2300,2020-03-09 10:19,11.2400,2020-03-09 10:20,11.0700,1,1,2,1,1,2,0.000890,0.031193,intraday,intraday,0,0
2020-03-09 11:08,10.5800,2020-03-09 11:15,10.9200,2020-03-09 11:19,11.1100,2020-03-09 11:20,10.9700,4,1,5,4,1,5,0.017399,0.050095,intraday,intraday,0,0
2020-03-09 11:30,10.9100,2020-03-09 11:36,11.2500,2020-03-09 11:46,11.4700,2020-03-09 11:46,11.3500,10,0,10,10,0,10,0.019556,0.051329,intraday,intraday,0,0
2020-03-09 11:46,11.3500,2020-03-09 12:06,11.7000,2020-03-09 12:08,11.7900,2020-03-09 12:13,11.6000,2,5,7,2,5,7,0.007692,0.038767,intraday,intraday,0,0
2020-03-09 14:06,10.0300,2020-03-09 14:15,10.4000,2020-03-09 14:16,10.4500,2020-03-09 14:18,10.3300,1,2,3,1,2,3,0.004808,0.041874,intraday,intraday,0,0
2020-03-09 14:44,9.9300,2020-03-09 14:50,10.2600,2020-03-09 14:51,10.3400,2020-03-09 14:52,10.1900,1,1,2,1,1,2,0.007797,0.041289,intraday,intraday,0,0
2020-03-09 14:52,10.1900,2020-03-09 15:04,10.5600,2020-03-09 15:04,10.5600,2020-03-09 15:06,10.4300,0,2,2,0,2,2,0.000000,0.036310,intraday,intraday,0,0
2020-03-09 15:15,10.2300,2020-03-09 15:25,10.6000,2020-03-09 15:26,10.6500,2020-03-09 15:29,10.4700,1,3,4,1,3,4,0.004717,0.041056,intraday,intraday,0,0
2020-03-09 15:33,10.3300,2020-03-09 15:38,10.6700,2020-03-09 15:40,10.6800,2020-03-09 15:41,10.5600,2,1,3,2,1,3,0.000937,0.033882,intraday,intraday,0,0
2020-03-09 15:59,9.8700,2020-03-10 09:30,11.1300,2020-03-10 09:30,11.1300,2020-03-10 09:31,10.9000,0,1,1,0,1,1,0.000000,0.127660,intraday,intraday,0,0
2020-03-10 09:52,10.6100,2020-03-10 10:11,10.9600,2020-03-10 10:12,10.9900,2020-03-10 10:16,10.8800,1,4,5,1,4,5,0.002737,0.035815,intraday,intraday,0,0
2020-03-10 11:38,9.9300,2020-03-10 11:44,10.2700,2020-03-10 11:46,10.3700,2020-03-10 11:50,10.2200,2,4,6,2,4,6,0.009737,0.044310,intraday,intraday,0,0
2020-03-10 11:54,10.1000,2020-03-10 12:01,10.4300,2020-03-10 12:02,10.4900,2020-03-10 12:03,10.3700,1,1,2,1,1,2,0.005753,0.038614,intraday,intraday,0,0
2020-03-10 12:05,10.3600,2020-03-10 12:14,10.6900,2020-03-10 12:14,10.6900,2020-03-10 12:17,10.5500,0,3,3,0,3,3,0.000000,0.031853,intraday,intraday,0,0
2020-03-10 12:34,10.2700,2020-03-10 13:09,10.5900,2020-03-10 13:14,10.6100,2020-03-10 13:16,10.4700,5,2,7,5,2,7,0.001889,0.033106,intraday,intraday,0,0
2020-03-10 14:05,10.2700,2020-03-10 14:31,10.6200,2020-03-10 14:41,10.9000,2020-03-10 14:41,10.7300,10,0,10,10,0,10,0.026365,0.061344,intraday,intraday,0,0
2020-03-10 14:41,10.7300,2020-03-10 14:47,11.0600,2020-03-10 14:49,11.0900,2020-03-10 14:51,10.9300,2,2,4,2,2,4,0.002712,0.033551,intraday,intraday,0,0
2020-03-10 14:57,10.9100,2020-03-10 15:04,11.2500,2020-03-10 15:11,11.2800,2020-03-10 15:16,11.1500,7,5,12,7,5,12,0.002667,0.033914,intraday,intraday,0,0
2020-03-10 15:16,11.1500,2020-03-10 15:22,11.5200,2020-03-10 15:22,11.5200,2020-03-10 15:25,11.3300,0,3,3,0,3,3,0.000000,0.033184,intraday,intraday,0,0
2020-03-10 15:31,11.2200,2020-03-10 15:51,11.5600,2020-03-10 15:54,11.6900,2020-03-10 15:54,11.5500,3,0,3,3,0,3,0.011246,0.041889,intraday,intraday,0,0
2020-03-11 09:31,10.6000,2020-03-11 09:33,10.9900,2020-03-11 09:34,11.0800,2020-03-11 09:35,10.8700,1,1,2,1,1,2,0.008189,0.045283,intraday,intraday,0,0
2020-03-11 09:41,10.6200,2020-03-11 09:57,10.9500,2020-03-11 09:57,10.9500,2020-03-11 09:58,10.8300,0,1,1,0,1,1,0.000000,0.031073,intraday,intraday,0,0
2020-03-11 10:00,10.7600,2020-03-11 10:08,11.1300,2020-03-11 10:08,11.1300,2020-03-11 10:11,11.0100,0,3,3,0,3,3,0.000000,0.034387,intraday,intraday,0,0
2020-03-11 11:31,10.2700,2020-03-11 12:10,10.5900,2020-03-11 12:19,10.8100,2020-03-11 12:22,10.6400,9,3,12,9,3,12,0.020774,0.052580,intraday,intraday,0,0
2020-03-11 14:21,9.7000,2020-03-11 14:40,10.0200,2020-03-11 14:40,10.0200,2020-03-11 14:41,9.8800,0,1,1,0,1,1,0.000000,0.032990,intraday,intraday,0,0
2020-03-11 15:24,9.4200,2020-03-11 15:31,9.7300,2020-03-11 15:33,9.7800,2020-03-11 15:33,9.6800,2,0,2,2,0,2,0.005139,0.038217,intraday,intraday,0,0
2020-03-11 15:33,9.6800,2020-03-11 15:41,10.0000,2020-03-11 15:41,10.0000,2020-03-11 15:42,9.8800,0,1,1,0,1,1,0.000000,0.033058,intraday,intraday,0,0
2020-03-11 15:51,9.7400,2020-03-11 15:54,10.0700,2020-03-11 15:54,10.0700,2020-03-11 15:55,9.8000,0,1,1,0,1,1,0.000000,0.033881,intraday,intraday,0,0
2020-03-12 09:50,7.7300,2020-03-12 09:50,7.9700,2020-03-12 09:50,7.9700,2020-03-12 09:51,7.5700,0,1,1,0,1,1,0.000000,0.031048,intraday,intraday,0,0
2020-03-12 09:51,7.5700,2020-03-12 09:56,7.8300,2020-03-12 09:57,8.0000,2020-03-12 09:57,7.8000,1,0,1,1,0,1,0.021711,0.056803,intraday,intraday,0,0
2020-03-12 09:57,7.8000,2020-03-12 09:58,8.0800,2020-03-12 09:59,8.2000,2020-03-12 09:59,8.0500,1,0,1,1,0,1,0.014851,0.051282,intraday,intraday,0,0
2020-03-12 10:06,7.7700,2020-03-12 10:11,8.0700,2020-03-12 10:12,8.1000,2020-03-12 10:12,7.9700,1,0,1,1,0,1,0.003717,0.042471,intraday,intraday,0,0
2020-03-12 10:13,7.8300,2020-03-12 10:15,8.0700,2020-03-12 10:16,8.1100,2020-03-12 10:16,7.9500,1,0,1,1,0,1,0.004957,0.035760,intraday,intraday,0,0
2020-03-12 10:21,7.8100,2020-03-12 10:25,8.0800,2020-03-12 10:26,8.0900,2020-03-12 10:26,7.9800,1,0,1,1,0,1,0.001238,0.035851,intraday,intraday,0,0
2020-03-12 10:35,7.6700,2020-03-12 10:51,7.9500,2020-03-12 10:52,8.0000,2020-03-12 10:52,7.9200,1,0,1,1,0,1,0.006289,0.043025,intraday,intraday,0,0
2020-03-12 12:12,7.0000,2020-03-12 12:15,7.2100,2020-03-12 12:17,7.3000,2020-03-12 12:18,7.1900,2,1,3,2,1,3,0.012483,0.042857,intraday,intraday,0,0
2020-03-12 12:19,7.1300,2020-03-12 12:24,7.4500,2020-03-12 12:25,7.4900,2020-03-12 12:25,7.3900,1,0,1,1,0,1,0.005369,0.050491,intraday,intraday,0,0
2020-03-12 12:41,7.2400,2020-03-12 12:53,7.6100,2020-03-12 12:54,7.8500,2020-03-12 12:54,7.6700,1,0,1,1,0,1,0.031537,0.084254,intraday,intraday,0,0
2020-03-12 12:54,7.6700,2020-03-12 12:57,7.9900,2020-03-12 12:58,8.0600,2020-03-12 12:58,7.9200,1,0,1,1,0,1,0.008761,0.050847,intraday,intraday,0,0
2020-03-12 12:58,7.9200,2020-03-12 12:59,8.2000,2020-03-12 12:59,8.2000,2020-03-12 13:00,7.8300,0,1,1,0,1,1,0.000000,0.035354,intraday,intraday,0,0
2020-03-12 13:00,7.8300,2020-03-12 13:01,8.2800,2020-03-12 13:03,8.5700,2020-03-12 13:03,8.2600,2,0,2,2,0,2,0.035024,0.094508,intraday,intraday,0,0
2020-03-12 13:03,8.2600,2020-03-12 13:04,8.7000,2020-03-12 13:05,8.9200,2020-03-12 13:05,8.6300,1,0,1,1,0,1,0.025287,0.079903,intraday,intraday,0,0
2020-03-12 13:06,8.5300,2020-03-12 13:06,8.8900,2020-03-12 13:06,8.8900,2020-03-12 13:07,8.4000,0,1,1,0,1,1,0.000000,0.042204,intraday,intraday,0,0
2020-03-12 13:13,7.8700,2020-03-12 13:14,8.1300,2020-03-12 13:15,8.2300,2020-03-12 13:15,8.0200,1,0,1,1,0,1,0.012300,0.045743,intraday,intraday,0,0
2020-03-12 13:18,7.9400,2020-03-12 13:22,8.2300,2020-03-12 13:22,8.2300,2020-03-12 13:23,8.0000,0,1,1,0,1,1,0.000000,0.036524,intraday,intraday,0,0
2020-03-12 13:27,7.8700,2020-03-12 13:30,8.1300,2020-03-12 13:30,8.1300,2020-03-12 13:31,7.9200,0,1,1,0,1,1,0.000000,0.033037,intraday,intraday,0,0
2020-03-12 13:40,7.4000,2020-03-12 13:48,7.7000,2020-03-12 13:49,7.7100,2020-03-12 13:49,7.5700,1,0,1,1,0,1,0.001299,0.041892,intraday,intraday,0,0
2020-03-12 13:54,7.5100,2020-03-12 13:58,7.7600,2020-03-12 13:59,7.8400,2020-03-12 13:59,7.7500,1,0,1,1,0,1,0.010309,0.043941,intraday,intraday,0,0
2020-03-12 14:01,7.5600,2020-03-12 14:04,7.8600,2020-03-12 14:05,7.9000,2020-03-12 14:05,7.7600,1,0,1,1,0,1,0.005089,0.044974,intraday,intraday,0,0
2020-03-12 14:39,7.2100,2020-03-12 14:48,7.5300,2020-03-12 14:49,7.5700,2020-03-12 14:49,7.4800,1,0,1,1,0,1,0.005312,0.049931,intraday,intraday,0,0
2020-03-12 14:58,7.2800,2020-03-12 15:10,7.5300,2020-03-12 15:11,7.5900,2020-03-12 15:11,7.4700,1,0,1,1,0,1,0.007968,0.042582,intraday,intraday,0,0
2020-03-12 15:29,7.1400,2020-03-12 15:40,7.3600,2020-03-12 15:40,7.3600,2020-03-12 15:41,7.2700,0,1,1,0,1,1,0.000000,0.030812,intraday,intraday,0,0
2020-03-12 15:48,7.0000,2020-03-12 15:50,7.2500,2020-03-12 15:51,7.2600,2020-03-12 15:52,7.0900,1,1,2,1,1,2,0.001379,0.037143,intraday,intraday,0,0
2020-03-12 15:59,6.8000,2020-03-13 09:30,8.0800,2020-03-13 09:31,8.1900,2020-03-13 09:31,7.9700,1,0,1,1,0,1,0.013614,0.204412,intraday,intraday,0,0
2020-03-13 09:42,7.3400,2020-03-13 09:45,7.6300,2020-03-13 09:45,7.6300,2020-03-13 09:46,7.4100,0,1,1,0,1,1,0.000000,0.039510,intraday,intraday,0,0
2020-03-13 09:57,7.1800,2020-03-13 10:18,7.4900,2020-03-13 10:23,7.5900,2020-03-13 10:25,7.4900,5,2,7,5,2,7,0.013351,0.057103,intraday,intraday,0,0
2020-03-13 11:49,6.5300,2020-03-13 11:54,6.7900,2020-03-13 11:55,6.8900,2020-03-13 11:55,6.7800,1,0,1,1,0,1,0.014728,0.055130,intraday,intraday,0,0
2020-03-13 11:55,6.7800,2020-03-13 11:57,7.0000,2020-03-13 11:57,7.0000,2020-03-13 11:58,6.8900,0,1,1,0,1,1,0.000000,0.032448,intraday,intraday,0,0
2020-03-13 12:06,6.7100,2020-03-13 12:16,6.9300,2020-03-13 12:16,6.9300,2020-03-13 12:17,6.8400,0,1,1,0,1,1,0.000000,0.032787,intraday,intraday,0,0
2020-03-13 12:25,6.8300,2020-03-13 12:32,7.0600,2020-03-13 12:33,7.1200,2020-03-13 12:33,7.0300,1,0,1,1,0,1,0.008499,0.042460,intraday,intraday,0,0
2020-03-13 12:35,6.9900,2020-03-13 12:42,7.2000,2020-03-13 12:47,7.3000,2020-03-13 12:47,7.2200,5,0,5,5,0,5,0.013889,0.044349,intraday,intraday,0,0
2020-03-13 13:03,7.0800,2020-03-13 13:21,7.3300,2020-03-13 13:30,7.3800,2020-03-13 13:34,7.2800,9,4,13,9,4,13,0.006821,0.042373,intraday,intraday,0,0
2020-03-13 13:37,7.1700,2020-03-13 13:46,7.3900,2020-03-13 13:52,7.5000,2020-03-13 13:55,7.4000,6,3,9,6,3,9,0.014885,0.046025,intraday,intraday,0,0
2020-03-13 14:40,6.9900,2020-03-13 14:43,7.2000,2020-03-13 14:44,7.2900,2020-03-13 14:44,7.2000,1,0,1,1,0,1,0.012500,0.042918,intraday,intraday,0,0
2020-03-13 14:44,7.2000,2020-03-13 15:05,7.4500,2020-03-13 15:06,7.4700,2020-03-13 15:09,7.3400,1,3,4,1,3,4,0.002685,0.037500,intraday,intraday,0,0
2020-03-13 15:13,7.2800,2020-03-13 15:25,7.5100,2020-03-13 15:25,7.5100,2020-03-13 15:27,7.4300,0,2,2,0,2,2,0.000000,0.031593,intraday,intraday,0,0
2020-03-13 15:34,7.1200,2020-03-13 15:35,7.3500,2020-03-13 15:36,7.4600,2020-03-13 15:36,7.2900,1,0,1,1,0,1,0.014966,0.047753,intraday,intraday,0,0
2020-03-13 15:36,7.2900,2020-03-13 15:38,7.5500,2020-03-13 15:40,7.5900,2020-03-13 15:40,7.5000,2,0,2,2,0,2,0.005298,0.041152,intraday,intraday,0,0
2020-03-13 15:40,7.5000,2020-03-13 15:42,7.7300,2020-03-13 15:43,7.7900,2020-03-13 15:43,7.7100,1,0,1,1,0,1,0.007762,0.038667,intraday,intraday,0,0
2020-03-13 15:44,7.6700,2020-03-13 15:47,7.9700,2020-03-13 15:47,7.9700,2020-03-13 15:48,7.8500,0,1,1,0,1,1,0.000000,0.039113,intraday,intraday,0,0
2020-03-13 15:49,7.8400,2020-03-13 15:54,8.2000,2020-03-13 15:55,8.2900,2020-03-13 15:55,8.1600,1,0,1,1,0,1,0.010976,0.057398,intraday,intraday,0,0
2020-03-13 15:56,8.0700,2020-03-13 15:58,8.4500,2020-03-13 15:59,8.7300,2020-03-13 15:59,8.4400,1,0,1,1,0,1,0.033136,0.081784,intraday,intraday,0,0
2020-03-16 09:46,5.6700,2020-03-16 09:46,5.8500,2020-03-16 09:46,5.8500,2020-03-16 09:47,5.6700,0,1,1,0,1,1,0.000000,0.031746,intraday,intraday,0,0
2020-03-16 09:48,5.6000,2020-03-16 09:51,5.8000,2020-03-16 09:52,5.9600,2020-03-16 09:52,5.7900,1,0,1,1,0,1,0.027586,0.064286,intraday,intraday,0,0
2020-03-16 09:52,5.7900,2020-03-16 09:53,6.1700,2020-03-16 09:54,6.3800,2020-03-16 09:54,6.1400,1,0,1,1,0,1,0.034036,0.101900,intraday,intraday,0,0
2020-03-16 09:54,6.1400,2020-03-16 09:55,6.6000,2020-03-16 09:55,6.6000,2020-03-16 09:56,6.4000,0,1,1,0,1,1,0.000000,0.074919,intraday,intraday,0,0
2020-03-16 10:04,6.0000,2020-03-16 10:05,6.3000,2020-03-16 10:05,6.3000,2020-03-16 10:06,6.1700,0,1,1,0,1,1,0.000000,0.050000,intraday,intraday,0,0
2020-03-16 10:06,6.1700,2020-03-16 10:08,6.3600,2020-03-16 10:09,6.3800,2020-03-16 10:10,6.2400,1,1,2,1,1,2,0.003145,0.034036,intraday,intraday,0,0
2020-03-16 10:20,6.0300,2020-03-16 10:23,6.2300,2020-03-16 10:24,6.2400,2020-03-16 10:24,6.1300,1,0,1,1,0,1,0.001605,0.034826,intraday,intraday,0,0
2020-03-16 10:24,6.1300,2020-03-16 10:27,6.3700,2020-03-16 10:27,6.3700,2020-03-16 10:28,6.2000,0,1,1,0,1,1,0.000000,0.039152,intraday,intraday,0,0
2020-03-16 10:28,6.2000,2020-03-16 10:32,6.4700,2020-03-16 10:33,6.5000,2020-03-16 10:33,6.3600,1,0,1,1,0,1,0.004637,0.048387,intraday,intraday,0,0
2020-03-16 10:33,6.3600,2020-03-16 10:34,6.6000,2020-03-16 10:35,6.7600,2020-03-16 10:35,6.5900,1,0,1,1,0,1,0.024242,0.062893,intraday,intraday,0,0
2020-03-16 10:38,6.5500,2020-03-16 10:46,6.8000,2020-03-16 10:46,6.8000,2020-03-16 10:47,6.7200,0,1,1,0,1,1,0.000000,0.038168,intraday,intraday,0,0
2020-03-16 10:52,6.4500,2020-03-16 10:54,6.6700,2020-03-16 10:55,6.7700,2020-03-16 10:55,6.6400,1,0,1,1,0,1,0.014993,0.049612,intraday,intraday,0,0
2020-03-16 11:00,6.5300,2020-03-16 11:07,6.7900,2020-03-16 11:07,6.7900,2020-03-16 11:08,6.6600,0,1,1,0,1,1,0.000000,0.039816,intraday,intraday,0,0
2020-03-16 11:08,6.6600,2020-03-16 11:10,6.8700,2020-03-16 11:11,6.9000,2020-03-16 11:11,6.8300,1,0,1,1,0,1,0.004367,0.036036,intraday,intraday,0,0
2020-03-16 11:14,6.7700,2020-03-16 11:19,6.9800,2020-03-16 11:20,6.9900,2020-03-16 11:21,6.8700,1,1,2,1,1,2,0.001433,0.032496,intraday,intraday,0,0
2020-03-16 11:21,6.8700,2020-03-16 11:25,7.0800,2020-03-16 11:25,7.0800,2020-03-16 11:27,7.0000,0,2,2,0,2,2,0.000000,0.030568,intraday,intraday,0,0
2020-03-16 11:34,6.7500,2020-03-16 11:39,6.9600,2020-03-16 11:39,6.9600,2020-03-16 11:40,6.8500,0,1,1,0,1,1,0.000000,0.031111,intraday,intraday,0,0
2020-03-16 11:43,6.6700,2020-03-16 11:59,6.9000,2020-03-16 11:59,6.9000,2020-03-16 12:00,6.8100,0,1,1,0,1,1,0.000000,0.034483,intraday,intraday,0,0
2020-03-16 12:01,6.7900,2020-03-16 12:06,7.0000,2020-03-16 12:06,7.0000,2020-03-16 12:08,6.8700,0,2,2,0,2,2,0.000000,0.030928,intraday,intraday,0,0
2020-03-16 12:33,6.4900,2020-03-16 12:35,6.7100,2020-03-16 12:35,6.7100,2020-03-16 12:36,6.6100,0,1,1,0,1,1,0.000000,0.033898,intraday,intraday,0,0
2020-03-16 13:08,6.2300,2020-03-16 13:12,6.4600,2020-03-16 13:13,6.4900,2020-03-16 13:13,6.4200,1,0,1,1,0,1,0.004644,0.041734,intraday,intraday,0,0
2020-03-16 14:25,5.6700,2020-03-16 14:29,5.8600,2020-03-16 14:30,5.8700,2020-03-16 14:30,5.8000,1,0,1,1,0,1,0.001706,0.035273,intraday,intraday,0,0
2020-03-16 14:30,5.8000,2020-03-16 14:33,6.0000,2020-03-16 14:34,6.1300,2020-03-16 14:34,6.0000,1,0,1,1,0,1,0.021667,0.056897,intraday,intraday,0,0
2020-03-16 14:34,6.0000,2020-03-16 14:35,6.2200,2020-03-16 14:35,6.2200,2020-03-16 14:36,6.0300,0,1,1,0,1,1,0.000000,0.036667,intraday,intraday,0,0
2020-03-16 14:47,5.7000,2020-03-16 14:52,5.9200,2020-03-16 14:53,5.9300,2020-03-16 14:53,5.8000,1,0,1,1,0,1,0.001689,0.040351,intraday,intraday,0,0
2020-03-16 14:54,5.7600,2020-03-16 14:57,5.9800,2020-03-16 14:57,5.9800,2020-03-16 14:58,5.9100,0,1,1,0,1,1,0.000000,0.038194,intraday,intraday,0,0
2020-03-16 15:38,5.2800,2020-03-16 15:44,5.5900,2020-03-16 15:44,5.5900,2020-03-16 15:45,5.4700,0,1,1,0,1,1,0.000000,0.058712,intraday,intraday,0,0
2020-03-16 15:57,5.2700,2020-03-17 09:30,5.4700,2020-03-17 09:30,5.4700,2020-03-17 09:31,5.2200,0,1,1,0,1,1,0.000000,0.037951,intraday,intraday,0,0
2020-03-17 09:33,4.9700,2020-03-17 09:33,5.1900,2020-03-17 09:33,5.1900,2020-03-17 09:34,4.9400,0,1,1,0,1,1,0.000000,0.044266,intraday,intraday,0,0
2020-03-17 09:44,4.5500,2020-03-17 09:46,4.7500,2020-03-17 09:47,4.7600,2020-03-17 09:47,4.6500,1,0,1,1,0,1,0.002105,0.046154,intraday,intraday,0,0
2020-03-17 10:01,4.3800,2020-03-17 10:05,4.5300,2020-03-17 10:06,4.5700,2020-03-17 10:06,4.5000,1,0,1,1,0,1,0.008830,0.043379,intraday,intraday,0,0
2020-03-17 10:06,4.5000,2020-03-17 10:11,4.6700,2020-03-17 10:11,4.6700,2020-03-17 10:12,4.6000,0,1,1,0,1,1,0.000000,0.037778,intraday,intraday,0,0
2020-03-17 10:15,4.5300,2020-03-17 10:17,4.6800,2020-03-17 10:17,4.6800,2020-03-17 10:18,4.6100,0,1,1,0,1,1,0.000000,0.033113,intraday,intraday,0,0
2020-03-17 10:19,4.5600,2020-03-17 10:23,4.7000,2020-03-17 10:23,4.7000,2020-03-17 10:24,4.6200,0,1,1,0,1,1,0.000000,0.030702,intraday,intraday,0,0
2020-03-17 10:24,4.6200,2020-03-17 10:29,4.7600,2020-03-17 10:32,4.8100,2020-03-17 10:32,4.7400,3,0,3,3,0,3,0.010504,0.041126,intraday,intraday,0,0
2020-03-17 10:35,4.6900,2020-03-17 10:43,4.8400,2020-03-17 10:44,4.8900,2020-03-17 10:44,4.8400,1,0,1,1,0,1,0.010331,0.042644,intraday,intraday,0,0
2020-03-17 10:44,4.8400,2020-03-17 10:48,4.9900,2020-03-17 10:49,5.0100,2020-03-17 10:51,4.9300,1,2,3,1,2,3,0.004008,0.035124,intraday,intraday,0,0
2020-03-17 10:53,4.8700,2020-03-17 10:59,5.0300,2020-03-17 11:00,5.0700,2020-03-17 11:01,4.9900,1,1,2,1,1,2,0.007952,0.041068,intraday,intraday,0,0
2020-03-17 11:01,4.9900,2020-03-17 11:06,5.1800,2020-03-17 11:09,5.2700,2020-03-17 11:09,5.1700,3,0,3,3,0,3,0.017375,0.056112,intraday,intraday,0,0
2020-03-17 11:09,5.1700,2020-03-17 11:10,5.3300,2020-03-17 11:11,5.3400,2020-03-17 11:11,5.2700,1,0,1,1,0,1,0.001876,0.032882,intraday,intraday,0,0
2020-03-17 11:11,5.2700,2020-03-17 11:15,5.4700,2020-03-17 11:15,5.4700,2020-03-17 11:16,5.3500,0,1,1,0,1,1,0.000000,0.037951,intraday,intraday,0,0
2020-03-17 11:24,5.2700,2020-03-17 11:32,5.4300,2020-03-17 11:33,5.4500,2020-03-17 11:34,5.3700,1,1,2,1,1,2,0.003683,0.034156,intraday,intraday,0,0
2020-03-17 11:40,5.3000,2020-03-17 11:46,5.4600,2020-03-17 11:48,5.4800,2020-03-17 11:48,5.4100,2,0,2,2,0,2,0.003663,0.033962,intraday,intraday,0,0
2020-03-17 11:48,5.4100,2020-03-17 11:51,5.6200,2020-03-17 11:52,5.6500,2020-03-17 11:53,5.5700,1,1,2,1,1,2,0.005338,0.044362,intraday,intraday,0,0
2020-03-17 11:54,5.5600,2020-03-17 12:05,5.7500,2020-03-17 12:06,5.8300,2020-03-17 12:06,5.7400,1,0,1,1,0,1,0.013913,0.048561,intraday,intraday,0,0
2020-03-17 12:06,5.7400,2020-03-17 12:13,5.9300,2020-03-17 12:14,5.9400,2020-03-17 12:15,5.8200,1,1,2,1,1,2,0.001686,0.034843,intraday,intraday,0,0
2020-03-17 12:53,5.2400,2020-03-17 13:00,5.4300,2020-03-17 13:01,5.4700,2020-03-17 13:01,5.3900,1,0,1,1,0,1,0.007366,0.043893,intraday,intraday,0,0
2020-03-17 13:17,5.1800,2020-03-17 13:34,5.3500,2020-03-17 13:35,5.3600,2020-03-17 13:36,5.2700,1,1,2,1,1,2,0.001869,0.034749,intraday,intraday,0,0
2020-03-17 13:36,5.2700,2020-03-17 13:40,5.4300,2020-03-17 13:41,5.4500,2020-03-17 13:43,5.3900,1,2,3,1,2,3,0.003683,0.034156,intraday,intraday,0,0
2020-03-17 13:43,5.3900,2020-03-17 13:49,5.5600,2020-03-17 13:51,5.5900,2020-03-17 13:52,5.5100,2,1,3,2,1,3,0.005396,0.037106,intraday,intraday,0,0
2020-03-17 14:01,5.4500,2020-03-17 14:06,5.6300,2020-03-17 14:19,5.8400,2020-03-17 14:21,5.7400,13,2,15,13,2,15,0.037300,0.071560,intraday,intraday,0,0
2020-03-17 14:24,5.6700,2020-03-17 14:30,5.8800,2020-03-17 14:35,5.9000,2020-03-17 14:35,5.8400,5,0,5,5,0,5,0.003401,0.040564,intraday,intraday,0,0
2020-03-17 15:06,5.5100,2020-03-17 15:09,5.7300,2020-03-17 15:10,5.7500,2020-03-17 15:14,5.6800,1,4,5,1,4,5,0.003490,0.043557,intraday,intraday,0,0
2020-03-17 15:26,5.6200,2020-03-17 15:35,5.8300,2020-03-17 15:43,5.9800,2020-03-17 15:43,5.9200,8,0,8,8,0,8,0.025729,0.064057,intraday,intraday,0,0
2020-03-17 15:52,5.6300,2020-03-17 15:54,5.8200,2020-03-17 15:55,5.8600,2020-03-17 15:55,5.7400,1,0,1,1,0,1,0.006873,0.040853,intraday,intraday,0,0
2020-03-18 09:30,4.5500,2020-03-18 09:31,4.8200,2020-03-18 09:31,4.8200,2020-03-18 09:32,4.7300,0,1,1,0,1,1,0.000000,0.059341,intraday,intraday,0,0
2020-03-18 09:32,4.7300,2020-03-18 09:33,5.0800,2020-03-18 09:33,5.0800,2020-03-18 09:34,4.8300,0,1,1,0,1,1,0.000000,0.073996,intraday,intraday,0,0
2020-03-18 09:36,4.7400,2020-03-18 09:37,4.9000,2020-03-18 09:37,4.9000,2020-03-18 09:38,4.7500,0,1,1,0,1,1,0.000000,0.033755,intraday,intraday,0,0
2020-03-18 09:38,4.7500,2020-03-18 09:41,4.9000,2020-03-18 09:42,4.9400,2020-03-18 09:42,4.8600,1,0,1,1,0,1,0.008163,0.040000,intraday,intraday,0,0
2020-03-18 09:50,4.7600,2020-03-18 09:52,4.9300,2020-03-18 09:53,4.9900,2020-03-18 09:53,4.9200,1,0,1,1,0,1,0.012170,0.048319,intraday,intraday,0,0
2020-03-18 09:53,4.9200,2020-03-18 09:54,5.0700,2020-03-18 09:55,5.1500,2020-03-18 09:55,5.0100,1,0,1,1,0,1,0.015779,0.046748,intraday,intraday,0,0
2020-03-18 09:57,4.9200,2020-03-18 09:58,5.0700,2020-03-18 09:58,5.0700,2020-03-18 09:59,5.0000,0,1,1,0,1,1,0.000000,0.030488,intraday,intraday,0,0
2020-03-18 10:00,4.9400,2020-03-18 10:01,5.1300,2020-03-18 10:01,5.1300,2020-03-18 10:02,5.0700,0,1,1,0,1,1,0.000000,0.038462,intraday,intraday,0,0
2020-03-18 10:02,5.0700,2020-03-18 10:07,5.2600,2020-03-18 10:07,5.2600,2020-03-18 10:08,5.1400,0,1,1,0,1,1,0.000000,0.037475,intraday,intraday,0,0
2020-03-18 10:14,4.9500,2020-03-18 10:16,5.1200,2020-03-18 10:16,5.1200,2020-03-18 10:17,4.9800,0,1,1,0,1,1,0.000000,0.034343,intraday,intraday,0,0
2020-03-18 10:24,4.7500,2020-03-18 10:28,4.9100,2020-03-18 10:29,4.9700,2020-03-18 10:29,4.9000,1,0,1,1,0,1,0.012220,0.046316,intraday,intraday,0,0
2020-03-18 10:37,4.8200,2020-03-18 10:43,5.0000,2020-03-18 10:43,5.0000,2020-03-18 10:44,4.9200,0,1,1,0,1,1,0.000000,0.037344,intraday,intraday,0,0
2020-03-18 11:14,4.4100,2020-03-18 11:20,4.5900,2020-03-18 11:20,4.5900,2020-03-18 11:21,4.5200,0,1,1,0,1,1,0.000000,0.040816,intraday,intraday,0,0
2020-03-18 11:31,4.4000,2020-03-18 11:35,4.5900,2020-03-18 11:36,4.6100,2020-03-18 11:36,4.5500,1,0,1,1,0,1,0.004357,0.047727,intraday,intraday,0,0
2020-03-18 11:45,4.3700,2020-03-18 11:48,4.5200,2020-03-18 11:48,4.5200,2020-03-18 11:49,4.4700,0,1,1,0,1,1,0.000000,0.034325,intraday,intraday,0,0
2020-03-18 11:49,4.4700,2020-03-18 11:54,4.6300,2020-03-18 11:55,4.6900,2020-03-18 11:55,4.6300,1,0,1,1,0,1,0.012959,0.049217,intraday,intraday,0,0
2020-03-18 12:01,4.4700,2020-03-18 12:07,4.6800,2020-03-18 12:08,4.7200,2020-03-18 12:08,4.6700,1,0,1,1,0,1,0.008547,0.055928,intraday,intraday,0,0
2020-03-18 12:19,4.4000,2020-03-18 12:25,4.5500,2020-03-18 12:25,4.5500,2020-03-18 12:26,4.5000,0,1,1,0,1,1,0.000000,0.034091,intraday,intraday,0,0
2020-03-18 13:17,4.1300,2020-03-18 13:21,4.2900,2020-03-18 13:21,4.2900,2020-03-18 13:22,4.2300,0,1,1,0,1,1,0.000000,0.038741,intraday,intraday,0,0
2020-03-18 13:34,3.6900,2020-03-18 13:35,3.8700,2020-03-18 13:35,3.8700,2020-03-18 13:36,3.8100,0,1,1,0,1,1,0.000000,0.048780,intraday,intraday,0,0
2020-03-18 13:36,3.8100,2020-03-18 13:39,3.9300,2020-03-18 13:39,3.9300,2020-03-18 13:40,3.8200,0,1,1,0,1,1,0.000000,0.031496,intraday,intraday,0,0
2020-03-18 13:40,3.8200,2020-03-18 13:41,3.9700,2020-03-18 13:42,4.0600,2020-03-18 13:42,3.9400,1,0,1,1,0,1,0.022670,0.062827,intraday,intraday,0,0
2020-03-18 13:42,3.9400,2020-03-18 13:43,4.0800,2020-03-18 13:43,4.0800,2020-03-18 13:44,3.9700,0,1,1,0,1,1,0.000000,0.035533,intraday,intraday,0,0
2020-03-18 14:05,3.7300,2020-03-18 14:06,3.8700,2020-03-18 14:07,3.9000,2020-03-18 14:08,3.8200,1,1,2,1,1,2,0.007752,0.045576,intraday,intraday,0,0
2020-03-18 14:27,3.5700,2020-03-18 14:32,3.6800,2020-03-18 14:33,3.7300,2020-03-18 14:33,3.6700,1,0,1,1,0,1,0.013587,0.044818,intraday,intraday,0,0
2020-03-18 14:33,3.6700,2020-03-18 14:37,3.8000,2020-03-18 14:38,3.8400,2020-03-18 14:38,3.7700,1,0,1,1,0,1,0.010526,0.046322,intraday,intraday,0,0
2020-03-18 14:43,3.6700,2020-03-18 14:45,3.8300,2020-03-18 14:45,3.8300,2020-03-18 14:46,3.7600,0,1,1,0,1,1,0.000000,0.043597,intraday,intraday,0,0
2020-03-18 14:49,3.6900,2020-03-18 14:54,3.8700,2020-03-18 14:55,3.8800,2020-03-18 14:55,3.8300,1,0,1,1,0,1,0.002584,0.051491,intraday,intraday,0,0
2020-03-18 14:55,3.8300,2020-03-18 14:56,3.9600,2020-03-18 14:56,3.9600,2020-03-18 14:57,3.8700,0,1,1,0,1,1,0.000000,0.033943,intraday,intraday,0,0
2020-03-18 14:57,3.8700,2020-03-18 15:00,4.0100,2020-03-18 15:00,4.0100,2020-03-18 15:01,3.9000,0,1,1,0,1,1,0.000000,0.036176,intraday,intraday,0,0
2020-03-18 15:03,3.7600,2020-03-18 15:03,3.8800,2020-03-18 15:03,3.8800,2020-03-18 15:04,3.7600,0,1,1,0,1,1,0.000000,0.031915,intraday,intraday,0,0
2020-03-18 15:06,3.7400,2020-03-18 15:08,3.8700,2020-03-18 15:08,3.8700,2020-03-18 15:09,3.7800,0,1,1,0,1,1,0.000000,0.034759,intraday,intraday,0,0
2020-03-18 15:09,3.7800,2020-03-18 15:11,3.9300,2020-03-18 15:12,3.9400,2020-03-18 15:12,3.8900,1,0,1,1,0,1,0.002545,0.042328,intraday,intraday,0,0
2020-03-18 15:39,3.5700,2020-03-18 15:43,3.6900,2020-03-18 15:44,3.7100,2020-03-18 15:44,3.6500,1,0,1,1,0,1,0.005420,0.039216,intraday,intraday,0,0
2020-03-18 15:46,3.6300,2020-03-18 15:49,3.7700,2020-03-18 15:50,3.7800,2020-03-18 15:50,3.7300,1,0,1,1,0,1,0.002653,0.041322,intraday,intraday,0,0
2020-03-18 15:50,3.7300,2020-03-18 15:53,3.8600,2020-03-18 15:54,3.9300,2020-03-18 15:54,3.8400,1,0,1,1,0,1,0.018135,0.053619,intraday,intraday,0,0
2020-03-18 15:54,3.8400,2020-03-18 15:55,4.0400,2020-03-18 15:56,4.0700,2020-03-18 15:56,4.0200,1,0,1,1,0,1,0.007426,0.059896,intraday,intraday,0,0
2020-03-18 15:57,3.8800,2020-03-18 15:57,4.0500,2020-03-18 15:57,4.0500,2020-03-18 15:58,3.8000,0,1,1,0,1,1,0.000000,0.043814,intraday,intraday,0,0
2020-03-18 15:58,3.8000,2020-03-18 15:59,4.3300,2020-03-18 15:59,4.3300,2020-03-19 09:30,4.1700,0,1,1,0,1051,1051,0.000000,0.139474,overnight,overnight,1,1
2020-03-19 09:34,3.8800,2020-03-19 09:36,4.0000,2020-03-19 09:36,4.0000,2020-03-19 09:37,3.9500,0,1,1,0,1,1,0.000000,0.030928,intraday,intraday,0,0
2020-03-19 09:43,3.8500,2020-03-19 09:47,3.9800,2020-03-19 09:47,3.9800,2020-03-19 09:48,3.9100,0,1,1,0,1,1,0.000000,0.033766,intraday,intraday,0,0
2020-03-19 09:48,3.9100,2020-03-19 09:49,4.0300,2020-03-19 09:50,4.0900,2020-03-19 09:50,3.9900,1,0,1,1,0,1,0.014888,0.046036,intraday,intraday,0,0
2020-03-19 09:50,3.9900,2020-03-19 09:51,4.1800,2020-03-19 09:52,4.1900,2020-03-19 09:52,4.1300,1,0,1,1,0,1,0.002392,0.050125,intraday,intraday,0,0
2020-03-19 09:52,4.1300,2020-03-19 09:54,4.2700,2020-03-19 09:55,4.3100,2020-03-19 09:55,4.2300,1,0,1,1,0,1,0.009368,0.043584,intraday,intraday,0,0
2020-03-19 09:55,4.2300,2020-03-19 09:56,4.3800,2020-03-19 09:57,4.4600,2020-03-19 09:57,4.4000,1,0,1,1,0,1,0.018265,0.054374,intraday,intraday,0,0
2020-03-19 10:01,4.3000,2020-03-19 10:01,4.4300,2020-03-19 10:01,4.4300,2020-03-19 10:02,4.3200,0,1,1,0,1,1,0.000000,0.030233,intraday,intraday,0,0
2020-03-19 10:02,4.3200,2020-03-19 10:05,4.4700,2020-03-19 10:06,4.5000,2020-03-19 10:06,4.4400,1,0,1,1,0,1,0.006711,0.041667,intraday,intraday,0,0
2020-03-19 10:08,4.4000,2020-03-19 10:13,4.6300,2020-03-19 10:14,4.6800,2020-03-19 10:14,4.6100,1,0,1,1,0,1,0.010799,0.063636,intraday,intraday,0,0
2020-03-19 10:14,4.6100,2020-03-19 10:17,4.7600,2020-03-19 10:17,4.7600,2020-03-19 10:18,4.6700,0,1,1,0,1,1,0.000000,0.032538,intraday,intraday,0,0
2020-03-19 10:23,4.5400,2020-03-19 10:28,4.7300,2020-03-19 10:30,4.7600,2020-03-19 10:30,4.6800,2,0,2,2,0,2,0.006342,0.048458,intraday,intraday,0,0
2020-03-19 10:52,4.3600,2020-03-19 10:55,4.5000,2020-03-19 10:56,4.5500,2020-03-19 10:56,4.4900,1,0,1,1,0,1,0.011111,0.043578,intraday,intraday,0,0
2020-03-19 11:05,4.4300,2020-03-19 11:13,4.5800,2020-03-19 11:14,4.6300,2020-03-19 11:14,4.5800,1,0,1,1,0,1,0.010917,0.045147,intraday,intraday,0,0
2020-03-19 11:15,4.5400,2020-03-19 11:22,4.6800,2020-03-19 11:27,4.7800,2020-03-19 11:27,4.7200,5,0,5,5,0,5,0.021368,0.052863,intraday,intraday,0,0
2020-03-19 11:32,4.6900,2020-03-19 11:38,4.8600,2020-03-19 11:38,4.8600,2020-03-19 11:39,4.7600,0,1,1,0,1,1,0.000000,0.036247,intraday,intraday,0,0
2020-03-19 11:42,4.7000,2020-03-19 11:49,4.8600,2020-03-19 11:49,4.8600,2020-03-19 11:51,4.7900,0,2,2,0,2,2,0.000000,0.034043,intraday,intraday,0,0
2020-03-19 12:25,4.4800,2020-03-19 12:41,4.6500,2020-03-19 12:41,4.6500,2020-03-19 12:42,4.5900,0,1,1,0,1,1,0.000000,0.037946,intraday,intraday,0,0
2020-03-19 12:42,4.5900,2020-03-19 12:48,4.7400,2020-03-19 12:48,4.7400,2020-03-19 12:50,4.6800,0,2,2,0,2,2,0.000000,0.032680,intraday,intraday,0,0
2020-03-19 13:03,4.6000,2020-03-19 13:13,4.7600,2020-03-19 13:13,4.7600,2020-03-19 13:14,4.6700,0,1,1,0,1,1,0.000000,0.034783,intraday,intraday,0,0
2020-03-19 13:18,4.6200,2020-03-19 13:22,4.7600,2020-03-19 13:22,4.7600,2020-03-19 13:23,4.7100,0,1,1,0,1,1,0.000000,0.030303,intraday,intraday,0,0
2020-03-19 13:41,4.6200,2020-03-19 13:51,4.7600,2020-03-19 13:55,4.8300,2020-03-19 13:56,4.7400,4,1,5,4,1,5,0.014706,0.045455,intraday,intraday,0,0
2020-03-19 14:01,4.7100,2020-03-19 14:17,4.8600,2020-03-19 14:19,4.9200,2020-03-19 14:19,4.8700,2,0,2,2,0,2,0.012346,0.044586,intraday,intraday,0,0
2020-03-19 14:22,4.8200,2020-03-19 14:40,4.9900,2020-03-19 14:44,5.0700,2020-03-19 14:45,4.9800,4,1,5,4,1,5,0.016032,0.051867,intraday,intraday,0,0
2020-03-19 15:02,4.7400,2020-03-19 15:06,4.9000,2020-03-19 15:06,4.9000,2020-03-19 15:08,4.8100,0,2,2,0,2,2,0.000000,0.033755,intraday,intraday,0,0
2020-03-19 15:11,4.7400,2020-03-19 15:14,4.8900,2020-03-19 15:15,4.9400,2020-03-19 15:15,4.8600,1,0,1,1,0,1,0.010225,0.042194,intraday,intraday,0,0
2020-03-19 15:17,4.8400,2020-03-19 15:26,4.9900,2020-03-19 15:26,4.9900,2020-03-19 15:28,4.9400,0,2,2,0,2,2,0.000000,0.030992,intraday,intraday,0,0
2020-03-19 15:40,4.8500,2020-03-19 15:44,5.0000,2020-03-19 15:44,5.0000,2020-03-19 15:45,4.9200,0,1,1,0,1,1,0.000000,0.030928,intraday,intraday,0,0
2020-03-19 15:58,4.6700,2020-03-20 09:30,5.2200,2020-03-20 09:32,5.2700,2020-03-20 09:32,5.1700,2,0,2,2,0,2,0.009579,0.128480,intraday,intraday,0,0
2020-03-20 09:32,5.1700,2020-03-20 09:35,5.3500,2020-03-20 09:35,5.3500,2020-03-20 09:36,5.2800,0,1,1,0,1,1,0.000000,0.034816,intraday,intraday,0,0
2020-03-20 09:46,4.9600,2020-03-20 09:48,5.1100,2020-03-20 09:48,5.1100,2020-03-20 09:49,5.0000,0,1,1,0,1,1,0.000000,0.030242,intraday,intraday,0,0
2020-03-20 09:50,4.9800,2020-03-20 09:54,5.1300,2020-03-20 09:54,5.1300,2020-03-20 09:56,5.0600,0,2,2,0,2,2,0.000000,0.030120,intraday,intraday,0,0
2020-03-20 09:59,5.0000,2020-03-20 10:01,5.1600,2020-03-20 10:03,5.2100,2020-03-20 10:03,5.1500,2,0,2,2,0,2,0.009690,0.042000,intraday,intraday,0,0
2020-03-20 10:08,5.0700,2020-03-20 10:15,5.2500,2020-03-20 10:17,5.3300,2020-03-20 10:17,5.2500,2,0,2,2,0,2,0.015238,0.051282,intraday,intraday,0,0
2020-03-20 10:20,5.2000,2020-03-20 10:25,5.3600,2020-03-20 10:26,5.4000,2020-03-20 10:28,5.3000,1,2,3,1,2,3,0.007463,0.038462,intraday,intraday,0,0
2020-03-20 10:46,5.1900,2020-03-20 10:52,5.3700,2020-03-20 10:56,5.4300,2020-03-20 10:56,5.3700,4,0,4,4,0,4,0.011173,0.046243,intraday,intraday,0,0
2020-03-20 11:25,5.0200,2020-03-20 11:37,5.1800,2020-03-20 11:38,5.2200,2020-03-20 11:40,5.1200,1,2,3,1,2,3,0.007722,0.039841,intraday,intraday,0,0
2020-03-20 12:29,4.6300,2020-03-20 12:31,4.8000,2020-03-20 12:33,4.8700,2020-03-20 12:33,4.8000,2,0,2,2,0,2,0.014583,0.051836,intraday,intraday,0,0
2020-03-20 12:40,4.7900,2020-03-20 12:46,4.9800,2020-03-20 12:49,5.0300,2020-03-20 12:49,4.9700,3,0,3,3,0,3,0.010040,0.050104,intraday,intraday,0,0
2020-03-20 12:49,4.9700,2020-03-20 12:57,5.1300,2020-03-20 12:57,5.1300,2020-03-20 12:58,5.0300,0,1,1,0,1,1,0.000000,0.032193,intraday,intraday,0,0
2020-03-20 13:00,4.9900,2020-03-20 13:02,5.1500,2020-03-20 13:02,5.1500,2020-03-20 13:06,5.0300,0,4,4,0,4,4,0.000000,0.032064,intraday,intraday,0,0
2020-03-20 13:26,4.9600,2020-03-20 13:30,5.1200,2020-03-20 13:30,5.1200,2020-03-20 13:32,5.0600,0,2,2,0,2,2,0.000000,0.032258,intraday,intraday,0,0
2020-03-20 13:50,4.9200,2020-03-20 14:01,5.0700,2020-03-20 14:01,5.0700,2020-03-20 14:03,5.0100,0,2,2,0,2,2,0.000000,0.030488,intraday,intraday,0,0
2020-03-20 14:41,4.6500,2020-03-20 14:50,4.7900,2020-03-20 14:50,4.7900,2020-03-20 14:52,4.7000,0,2,2,0,2,2,0.000000,0.030108,intraday,intraday,0,0
2020-03-20 14:58,4.4800,2020-03-20 15:02,4.6200,2020-03-20 15:02,4.6200,2020-03-20 15:03,4.5000,0,1,1,0,1,1,0.000000,0.031250,intraday,intraday,0,0
2020-03-20 15:04,4.4900,2020-03-20 15:12,4.6300,2020-03-20 15:12,4.6300,2020-03-20 15:13,4.5800,0,1,1,0,1,1,0.000000,0.031180,intraday,intraday,0,0
2020-03-20 15:19,4.4400,2020-03-20 15:26,4.6300,2020-03-20 15:26,4.6300,2020-03-20 15:27,4.5600,0,1,1,0,1,1,0.000000,0.042793,intraday,intraday,0,0
2020-03-20 15:27,4.5600,2020-03-20 15:29,4.7200,2020-03-20 15:30,4.7800,2020-03-20 15:30,4.7100,1,0,1,1,0,1,0.012712,0.048246,intraday,intraday,0,0
2020-03-20 15:38,4.5300,2020-03-20 15:42,4.6700,2020-03-20 15:42,4.6700,2020-03-20 15:43,4.5900,0,1,1,0,1,1,0.000000,0.030905,intraday,intraday,0,0
2020-03-20 15:50,4.3300,2020-03-20 15:50,4.4800,2020-03-20 15:50,4.4800,2020-03-20 15:51,4.3300,0,1,1,0,1,1,0.000000,0.034642,intraday,intraday,0,0
2020-03-20 15:59,4.2500,2020-03-23 09:30,4.5400,2020-03-23 09:30,4.5400,2020-03-23 09:31,4.3300,0,1,1,0,1,1,0.000000,0.068235,intraday,intraday,0,0
2020-03-23 09:31,4.3300,2020-03-23 09:32,4.4700,2020-03-23 09:33,4.5600,2020-03-23 09:33,4.4200,1,0,1,1,0,1,0.020134,0.053118,intraday,intraday,0,0
2020-03-23 09:42,4.1500,2020-03-23 09:43,4.2800,2020-03-23 09:43,4.2800,2020-03-23 09:44,4.2200,0,1,1,0,1,1,0.000000,0.031325,intraday,intraday,0,0
2020-03-23 09:45,4.1700,2020-03-23 09:47,4.3500,2020-03-23 09:48,4.3900,2020-03-23 09:48,4.3100,1,0,1,1,0,1,0.009195,0.052758,intraday,intraday,0,0
2020-03-23 09:50,4.3000,2020-03-23 09:51,4.4700,2020-03-23 09:52,4.5400,2020-03-23 09:52,4.4600,1,0,1,1,0,1,0.015660,0.055814,intraday,intraday,0,0
2020-03-23 09:52,4.4600,2020-03-23 09:56,4.6100,2020-03-23 09:57,4.6700,2020-03-23 09:57,4.6100,1,0,1,1,0,1,0.013015,0.047085,intraday,intraday,0,0
2020-03-23 10:03,4.4500,2020-03-23 10:05,4.6300,2020-03-23 10:07,4.6500,2020-03-23 10:07,4.6000,2,0,2,2,0,2,0.004320,0.044944,intraday,intraday,0,0
2020-03-23 10:08,4.5900,2020-03-23 10:12,4.7600,2020-03-23 10:13,4.7700,2020-03-23 10:13,4.7100,1,0,1,1,0,1,0.002101,0.039216,intraday,intraday,0,0
2020-03-23 10:21,4.5500,2020-03-23 10:25,4.6900,2020-03-23 10:25,4.6900,2020-03-23 10:26,4.6100,0,1,1,0,1,1,0.000000,0.030769,intraday,intraday,0,0
2020-03-23 10:38,4.5000,2020-03-23 10:40,4.6500,2020-03-23 10:40,4.6500,2020-03-23 10:41,4.5400,0,1,1,0,1,1,0.000000,0.033333,intraday,intraday,0,0
2020-03-23 10:41,4.5400,2020-03-23 10:43,4.7000,2020-03-23 10:43,4.7000,2020-03-23 10:44,4.6200,0,1,1,0,1,1,0.000000,0.035242,intraday,intraday,0,0
2020-03-23 11:27,4.1500,2020-03-23 11:31,4.2900,2020-03-23 11:32,4.3200,2020-03-23 11:32,4.2600,1,0,1,1,0,1,0.006993,0.040964,intraday,intraday,0,0
2020-03-23 11:46,4.0900,2020-03-23 11:51,4.2200,2020-03-23 11:53,4.2800,2020-03-23 11:53,4.2300,2,0,2,2,0,2,0.014218,0.046455,intraday,intraday,0,0
2020-03-23 11:57,4.1600,2020-03-23 12:02,4.3200,2020-03-23 12:02,4.3200,2020-03-23 12:03,4.2700,0,1,1,0,1,1,0.000000,0.038462,intraday,intraday,0,0
2020-03-23 12:10,4.1300,2020-03-23 12:18,4.3600,2020-03-23 12:19,4.4000,2020-03-23 12:19,4.3400,1,0,1,1,0,1,0.009174,0.065375,intraday,intraday,0,0
2020-03-23 12:30,4.2600,2020-03-23 12:37,4.3900,2020-03-23 12:39,4.4300,2020-03-23 12:39,4.3800,2,0,2,2,0,2,0.009112,0.039906,intraday,intraday,0,0
2020-03-23 12:39,4.3800,2020-03-23 12:41,4.5200,2020-03-23 12:44,4.6000,2020-03-23 12:44,4.5500,3,0,3,3,0,3,0.017699,0.050228,intraday,intraday,0,0
2020-03-23 12:45,4.5300,2020-03-23 12:49,4.7000,2020-03-23 12:49,4.7000,2020-03-23 12:50,4.6100,0,1,1,0,1,1,0.000000,0.037528,intraday,intraday,0,0
2020-03-23 12:53,4.5800,2020-03-23 12:56,4.7300,2020-03-23 12:58,4.7700,2020-03-23 12:59,4.7200,2,1,3,2,1,3,0.008457,0.041485,intraday,intraday,0,0
2020-03-23 13:05,4.6400,2020-03-23 13:11,4.8000,2020-03-23 13:12,4.8600,2020-03-23 13:12,4.8000,1,0,1,1,0,1,0.012500,0.047414,intraday,intraday,0,0
2020-03-23 13:30,4.6400,2020-03-23 13:35,4.7900,2020-03-23 13:35,4.7900,2020-03-23 13:36,4.7300,0,1,1,0,1,1,0.000000,0.032328,intraday,intraday,0,0
2020-03-23 13:43,4.5900,2020-03-23 13:48,4.7900,2020-03-23 13:49,4.8300,2020-03-23 13:49,4.7800,1,0,1,1,0,1,0.008351,0.052288,intraday,intraday,0,0
2020-03-23 14:03,4.4500,2020-03-23 14:06,4.6400,2020-03-23 14:06,4.6400,2020-03-23 14:07,4.5700,0,1,1,0,1,1,0.000000,0.042697,intraday,intraday,0,0
2020-03-23 14:10,4.4700,2020-03-23 14:16,4.6300,2020-03-23 14:16,4.6300,2020-03-23 14:17,4.5800,0,1,1,0,1,1,0.000000,0.035794,intraday,intraday,0,0
2020-03-23 14:21,4.4700,2020-03-23 14:27,4.6100,2020-03-23 14:28,4.7000,2020-03-23 14:28,4.6000,1,0,1,1,0,1,0.019523,0.051454,intraday,intraday,0,0
2020-03-23 14:37,4.5700,2020-03-23 14:43,4.7300,2020-03-23 14:44,4.7500,2020-03-23 14:46,4.6900,1,2,3,1,2,3,0.004228,0.039387,intraday,intraday,0,0
2020-03-23 14:47,4.6700,2020-03-23 14:49,4.8400,2020-03-23 14:49,4.8400,2020-03-23 14:50,4.7400,0,1,1,0,1,1,0.000000,0.036403,intraday,intraday,0,0
2020-03-23 15:01,4.6100,2020-03-23 15:04,4.7600,2020-03-23 15:04,4.7600,2020-03-23 15:05,4.6900,0,1,1,0,1,1,0.000000,0.032538,intraday,intraday,0,0
2020-03-23 15:36,4.3700,2020-03-23 15:37,4.5200,2020-03-23 15:37,4.5200,2020-03-23 15:38,4.4700,0,1,1,0,1,1,0.000000,0.034325,intraday,intraday,0,0
2020-03-23 15:50,4.4200,2020-03-23 15:50,4.5900,2020-03-23 15:51,4.6500,2020-03-23 15:51,4.5600,1,0,1,1,0,1,0.013072,0.052036,intraday,intraday,0,0
2020-03-23 15:51,4.5600,2020-03-23 15:52,4.7000,2020-03-23 15:52,4.7000,2020-03-23 15:53,4.6400,0,1,1,0,1,1,0.000000,0.030702,intraday,intraday,0,0
2020-03-23 15:53,4.6400,2020-03-24 09:30,5.7200,2020-03-24 09:32,5.7800,2020-03-24 09:32,5.7100,2,0,2,2,0,2,0.010490,0.245690,intraday,intraday,0,0
2020-03-24 09:32,5.7100,2020-03-24 09:35,5.9300,2020-03-24 09:36,6.0000,2020-03-24 09:36,5.8900,1,0,1,1,0,1,0.011804,0.050788,intraday,intraday,0,0
2020-03-24 09:44,5.6200,2020-03-24 09:48,5.7900,2020-03-24 09:49,5.8000,2020-03-24 09:49,5.7400,1,0,1,1,0,1,0.001727,0.032028,intraday,intraday,0,0
2020-03-24 10:04,5.6900,2020-03-24 10:16,5.8700,2020-03-24 10:16,5.8700,2020-03-24 10:17,5.8100,0,1,1,0,1,1,0.000000,0.031634,intraday,intraday,0,0
2020-03-24 10:18,5.7800,2020-03-24 10:25,5.9600,2020-03-24 10:27,6.0100,2020-03-24 10:29,5.8900,2,2,4,2,2,4,0.008389,0.039792,intraday,intraday,0,0
2020-03-24 11:07,5.8400,2020-03-24 11:17,6.0200,2020-03-24 11:17,6.0200,2020-03-24 11:20,5.9500,0,3,3,0,3,3,0.000000,0.030822,intraday,intraday,0,0
2020-03-24 11:20,5.9500,2020-03-24 11:41,6.1500,2020-03-24 11:41,6.1500,2020-03-24 11:48,6.0700,0,7,7,0,7,7,0.000000,0.033613,intraday,intraday,0,0
2020-03-24 11:50,6.0200,2020-03-24 12:29,6.2200,2020-03-24 12:39,6.2600,2020-03-24 12:41,6.1800,10,2,12,10,2,12,0.006431,0.039867,intraday,intraday,0,0
2020-03-24 13:21,5.7500,2020-03-24 13:30,5.9500,2020-03-24 13:34,5.9700,2020-03-24 13:35,5.9100,4,1,5,4,1,5,0.003361,0.038261,intraday,intraday,0,0
2020-03-24 14:10,5.5700,2020-03-24 14:18,5.7500,2020-03-24 14:18,5.7500,2020-03-24 14:19,5.6700,0,1,1,0,1,1,0.000000,0.032316,intraday,intraday,0,0
2020-03-24 14:21,5.6600,2020-03-24 14:35,5.8300,2020-03-24 14:36,5.8700,2020-03-24 14:36,5.8000,1,0,1,1,0,1,0.006861,0.037102,intraday,intraday,0,0
2020-03-24 14:49,5.7100,2020-03-24 14:56,5.9000,2020-03-24 14:59,5.9500,2020-03-24 14:59,5.8900,3,0,3,3,0,3,0.008475,0.042032,intraday,intraday,0,0
2020-03-24 14:59,5.8900,2020-03-24 15:27,6.0800,2020-03-24 15:32,6.1300,2020-03-24 15:36,6.0300,5,4,9,5,4,9,0.008224,0.040747,intraday,intraday,0,0
2020-03-24 15:50,6.0100,2020-03-24 15:55,6.2300,2020-03-24 15:58,6.2700,2020-03-24 15:58,6.2000,3,0,3,3,0,3,0.006421,0.043261,intraday,intraday,0,0
2020-03-25 09:30,6.1200,2020-03-25 09:30,6.3900,2020-03-25 09:30,6.3900,2020-03-25 09:31,6.1200,0,1,1,0,1,1,0.000000,0.044118,intraday,intraday,0,0
2020-03-25 09:31,6.1200,2020-03-25 09:33,6.4300,2020-03-25 09:34,6.4900,2020-03-25 09:34,6.3700,1,0,1,1,0,1,0.009331,0.060458,intraday,intraday,0,0
2020-03-25 09:34,6.3700,2020-03-25 09:35,6.5900,2020-03-25 09:36,6.6500,2020-03-25 09:36,6.5400,1,0,1,1,0,1,0.009105,0.043956,intraday,intraday,0,0
2020-03-25 09:53,5.9100,2020-03-25 09:53,6.0900,2020-03-25 09:53,6.0900,2020-03-25 09:54,5.8900,0,1,1,0,1,1,0.000000,0.030457,intraday,intraday,0,0
2020-03-25 09:54,5.8900,2020-03-25 09:56,6.1300,2020-03-25 09:57,6.1500,2020-03-25 09:57,6.0800,1,0,1,1,0,1,0.003263,0.044143,intraday,intraday,0,0
2020-03-25 10:12,5.7100,2020-03-25 10:16,5.8900,2020-03-25 10:16,5.8900,2020-03-25 10:17,5.8000,0,1,1,0,1,1,0.000000,0.031524,intraday,intraday,0,0
2020-03-25 10:18,5.7600,2020-03-25 10:23,5.9400,2020-03-25 10:23,5.9400,2020-03-25 10:24,5.8100,0,1,1,0,1,1,0.000000,0.031250,intraday,intraday,0,0
2020-03-25 10:26,5.7400,2020-03-25 10:29,5.9200,2020-03-25 10:30,6.0300,2020-03-25 10:30,5.9300,1,0,1,1,0,1,0.018581,0.050523,intraday,intraday,0,0
2020-03-25 10:33,5.9200,2020-03-25 10:37,6.1200,2020-03-25 10:41,6.1700,2020-03-25 10:41,6.1000,4,0,4,4,0,4,0.008170,0.042230,intraday,intraday,0,0
2020-03-25 10:47,5.9700,2020-03-25 10:53,6.1700,2020-03-25 10:53,6.1700,2020-03-25 10:54,6.0400,0,1,1,0,1,1,0.000000,0.033501,intraday,intraday,0,0
2020-03-25 10:55,6.0300,2020-03-25 11:08,6.2600,2020-03-25 11:08,6.2600,2020-03-25 11:10,6.1800,0,2,2,0,2,2,0.000000,0.038143,intraday,intraday,0,0
2020-03-25 11:16,6.0700,2020-03-25 11:26,6.2600,2020-03-25 11:26,6.2600,2020-03-25 11:28,6.1700,0,2,2,0,2,2,0.000000,0.031301,intraday,intraday,0,0
2020-03-25 11:46,6.0700,2020-03-25 12:01,6.2800,2020-03-25 12:05,6.3700,2020-03-25 12:06,6.3000,4,1,5,4,1,5,0.014331,0.049423,intraday,intraday,0,0
2020-03-25 12:10,6.2700,2020-03-25 12:22,6.4700,2020-03-25 12:28,6.5900,2020-03-25 12:28,6.5100,6,0,6,6,0,6,0.018547,0.051037,intraday,intraday,0,0
2020-03-25 12:32,6.4200,2020-03-25 12:42,6.6300,2020-03-25 12:45,6.7100,2020-03-25 12:45,6.6400,3,0,3,3,0,3,0.012066,0.045171,intraday,intraday,0,0
2020-03-25 12:57,6.5700,2020-03-25 13:16,6.7800,2020-03-25 13:17,6.8500,2020-03-25 13:17,6.7700,1,0,1,1,0,1,0.010324,0.042618,intraday,intraday,0,0
2020-03-25 13:31,6.7400,2020-03-25 13:41,6.9700,2020-03-25 13:47,7.0100,2020-03-25 13:48,6.8900,6,1,7,6,1,7,0.005739,0.040059,intraday,intraday,0,0
2020-03-25 14:07,6.6000,2020-03-25 14:15,6.8000,2020-03-25 14:15,6.8000,2020-03-25 14:18,6.7200,0,3,3,0,3,3,0.000000,0.030303,intraday,intraday,0,0
2020-03-25 14:37,6.5800,2020-03-25 14:49,6.7800,2020-03-25 14:49,6.7800,2020-03-25 14:51,6.6900,0,2,2,0,2,2,0.000000,0.030395,intraday,intraday,0,0
2020-03-25 14:52,6.6400,2020-03-25 14:56,6.8400,2020-03-25 14:56,6.8400,2020-03-25 14:58,6.7600,0,2,2,0,2,2,0.000000,0.030120,intraday,intraday,0,0
2020-03-25 15:50,6.1100,2020-03-25 15:50,6.3900,2020-03-25 15:50,6.3900,2020-03-25 15:51,6.1100,0,1,1,0,1,1,0.000000,0.045827,intraday,intraday,0,0
2020-03-25 15:52,6.0400,2020-03-25 15:56,6.2300,2020-03-25 15:56,6.2300,2020-03-25 15:57,6.1300,0,1,1,0,1,1,0.000000,0.031457,intraday,intraday,0,0
2020-03-25 15:59,5.9700,2020-03-26 09:30,6.6000,2020-03-26 09:31,6.6200,2020-03-26 09:31,6.5400,1,0,1,1,0,1,0.003030,0.108878,intraday,intraday,0,0
2020-03-26 09:33,6.2700,2020-03-26 09:36,6.5100,2020-03-26 09:37,6.5200,2020-03-26 09:37,6.4500,1,0,1,1,0,1,0.001536,0.039872,intraday,intraday,0,0
2020-03-26 09:50,6.2900,2020-03-26 09:54,6.5300,2020-03-26 09:55,6.5800,2020-03-26 09:55,6.5100,1,0,1,1,0,1,0.007657,0.046105,intraday,intraday,0,0
2020-03-26 09:55,6.5100,2020-03-26 10:06,6.7100,2020-03-26 10:07,6.7600,2020-03-26 10:08,6.6400,1,1,2,1,1,2,0.007452,0.038402,intraday,intraday,0,0
2020-03-26 10:08,6.6400,2020-03-26 10:19,6.8500,2020-03-26 10:19,6.8500,2020-03-26 10:20,6.7700,0,1,1,0,1,1,0.000000,0.031627,intraday,intraday,0,0
2020-03-26 10:57,6.5400,2020-03-26 11:11,6.7400,2020-03-26 11:29,6.9200,2020-03-26 11:29,6.8400,18,0,18,18,0,18,0.026706,0.058104,intraday,intraday,0,0
2020-03-26 12:18,6.7200,2020-03-26 12:30,6.9300,2020-03-26 12:34,6.9800,2020-03-26 12:38,6.9000,4,4,8,4,4,8,0.007215,0.038690,intraday,intraday,0,0
2020-03-26 12:42,6.8800,2020-03-26 13:01,7.0900,2020-03-26 13:06,7.1100,2020-03-26 13:06,7.0300,5,0,5,5,0,5,0.002821,0.033430,intraday,intraday,0,0
2020-03-26 13:32,6.6500,2020-03-26 14:02,6.8700,2020-03-26 14:04,6.8900,2020-03-26 14:07,6.7900,2,3,5,2,3,5,0.002911,0.036090,intraday,intraday,0,0
2020-03-26 14:12,6.7000,2020-03-26 14:26,6.9200,2020-03-26 14:33,7.0100,2020-03-26 14:36,6.9200,7,3,10,7,3,10,0.013006,0.046269,intraday,intraday,0,0
2020-03-26 15:18,6.8800,2020-03-26 15:31,7.1100,2020-03-26 15:32,7.1300,2020-03-26 15:36,7.0300,1,4,5,1,4,5,0.002813,0.036337,intraday,intraday,0,0
2020-03-26 15:48,6.8700,2020-03-26 15:50,7.1700,2020-03-26 15:50,7.1700,2020-03-26 15:51,7.0800,0,1,1,0,1,1,0.000000,0.043668,intraday,intraday,0,0
2020-03-27 09:30,6.4000,2020-03-27 09:36,6.6300,2020-03-27 09:38,6.6500,2020-03-27 09:39,6.5400,2,1,3,2,1,3,0.003017,0.039062,intraday,intraday,0,0
2020-03-27 09:43,6.2400,2020-03-27 09:52,6.4600,2020-03-27 09:52,6.4600,2020-03-27 09:53,6.3800,0,1,1,0,1,1,0.000000,0.035256,intraday,intraday,0,0
2020-03-27 09:54,6.3400,2020-03-27 10:09,6.5500,2020-03-27 10:10,6.5800,2020-03-27 10:12,6.5000,1,2,3,1,2,3,0.004580,0.037855,intraday,intraday,0,0
2020-03-27 10:34,6.2900,2020-03-27 10:43,6.5000,2020-03-27 10:43,6.5000,2020-03-27 10:44,6.4200,0,1,1,0,1,1,0.000000,0.033386,intraday,intraday,0,0
2020-03-27 10:47,6.3400,2020-03-27 11:07,6.5500,2020-03-27 11:09,6.6200,2020-03-27 11:13,6.5500,2,4,6,2,4,6,0.010687,0.044164,intraday,intraday,0,0
2020-03-27 12:07,6.2700,2020-03-27 13:01,6.4900,2020-03-27 13:02,6.5200,2020-03-27 13:06,6.4400,1,4,5,1,4,5,0.004622,0.039872,intraday,intraday,0,0
2020-03-27 13:16,6.3700,2020-03-27 13:34,6.5700,2020-03-27 13:35,6.5800,2020-03-27 13:36,6.4900,1,1,2,1,1,2,0.001522,0.032967,intraday,intraday,0,0
2020-03-27 13:36,6.4900,2020-03-27 13:49,6.7000,2020-03-27 13:49,6.7000,2020-03-27 13:54,6.6100,0,5,5,0,5,5,0.000000,0.032357,intraday,intraday,0,0
2020-03-27 14:50,6.4100,2020-03-27 15:02,6.6100,2020-03-27 15:12,6.6600,2020-03-27 15:14,6.5800,10,2,12,10,2,12,0.007564,0.039002,intraday,intraday,0,0
2020-03-27 15:14,6.5800,2020-03-27 15:26,6.7800,2020-03-27 15:28,6.8200,2020-03-27 15:28,6.7400,2,0,2,2,0,2,0.005900,0.036474,intraday,intraday,0,0
2020-03-27 15:58,6.0500,2020-03-30 09:30,6.3800,2020-03-30 09:31,6.4400,2020-03-30 09:31,6.3500,1,0,1,1,0,1,0.009404,0.064463,intraday,intraday,0,0
2020-03-30 09:43,6.1600,2020-03-30 09:51,6.3500,2020-03-30 09:52,6.3900,2020-03-30 09:53,6.3100,1,1,2,1,1,2,0.006299,0.037338,intraday,intraday,0,0
2020-03-30 09:54,6.2600,2020-03-30 10:06,6.4600,2020-03-30 10:21,6.6600,2020-03-30 10:25,6.5800,15,4,19,15,4,19,0.030960,0.063898,intraday,intraday,0,0
2020-03-30 10:33,6.5600,2020-03-30 11:06,6.7700,2020-03-30 11:08,6.7800,2020-03-30 11:15,6.7100,2,7,9,2,7,9,0.001477,0.033537,intraday,intraday,0,0
2020-03-30 12:08,6.5500,2020-03-30 15:50,6.7700,2020-03-30 15:50,6.7700,2020-03-30 15:52,6.6400,0,2,2,0,2,2,0.000000,0.033588,intraday,intraday,0,0
2020-03-30 15:52,6.6400,2020-03-31 09:32,6.8700,2020-03-31 09:32,6.8700,2020-03-31 09:33,6.7800,0,1,1,0,1,1,0.000000,0.034639,intraday,intraday,0,0
2020-03-31 09:53,6.6500,2020-03-31 10:04,6.8500,2020-03-31 10:10,6.9500,2020-03-31 10:10,6.8700,6,0,6,6,0,6,0.014599,0.045113,intraday,intraday,0,0
2020-03-31 10:10,6.8700,2020-03-31 10:19,7.0800,2020-03-31 10:19,7.0800,2020-03-31 10:23,6.9900,0,4,4,0,4,4,0.000000,0.030568,intraday,intraday,0,0
2020-03-31 13:30,6.3900,2020-03-31 13:56,6.5900,2020-03-31 13:58,6.6300,2020-03-31 14:00,6.5500,2,2,4,2,2,4,0.006070,0.037559,intraday,intraday,0,0
2020-03-31 15:24,6.1600,2020-03-31 15:40,6.3500,2020-03-31 15:40,6.3500,2020-03-31 15:42,6.2500,0,2,2,0,2,2,0.000000,0.030844,intraday,intraday,0,0
2020-04-01 09:30,5.6200,2020-04-01 09:36,5.8500,2020-04-01 09:39,5.9000,2020-04-01 09:39,5.8300,3,0,3,3,0,3,0.008547,0.049822,intraday,intraday,0,0
2020-04-01 10:02,5.6500,2020-04-01 10:07,5.8200,2020-04-01 10:16,5.9800,2020-04-01 10:16,5.9200,9,0,9,9,0,9,0.027491,0.058407,intraday,intraday,0,0
2020-04-01 10:19,5.8700,2020-04-01 10:32,6.0700,2020-04-01 10:38,6.1100,2020-04-01 10:40,6.0400,6,2,8,6,2,8,0.006590,0.040886,intraday,intraday,0,0
2020-04-01 12:49,5.5000,2020-04-01 14:06,5.6700,2020-04-01 14:06,5.6700,2020-04-01 14:09,5.6000,0,3,3,0,3,3,0.000000,0.030909,intraday,intraday,0,0
2020-04-01 15:42,5.1100,2020-04-01 15:45,5.2700,2020-04-01 15:45,5.2700,2020-04-01 15:46,5.1900,0,1,1,0,1,1,0.000000,0.031311,intraday,intraday,0,0
2020-04-01 15:46,5.1900,2020-04-01 15:49,5.3700,2020-04-01 15:49,5.3700,2020-04-01 15:50,5.2000,0,1,1,0,1,1,0.000000,0.034682,intraday,intraday,0,0
2020-04-02 09:30,5.1800,2020-04-02 09:31,5.3400,2020-04-02 09:32,5.3900,2020-04-02 09:32,5.2900,1,0,1,1,0,1,0.009363,0.040541,intraday,intraday,0,0
2020-04-02 09:32,5.2900,2020-04-02 09:35,5.4600,2020-04-02 09:35,5.4600,2020-04-02 09:36,5.4000,0,1,1,0,1,1,0.000000,0.032136,intraday,intraday,0,0
2020-04-02 09:46,5.2000,2020-04-02 09:58,5.3800,2020-04-02 10:00,5.4000,2020-04-02 10:00,5.3400,2,0,2,2,0,2,0.003717,0.038462,intraday,intraday,0,0
2020-04-02 10:06,5.3300,2020-04-02 10:10,5.4900,2020-04-02 10:12,5.5000,2020-04-02 10:14,5.4400,2,2,4,2,2,4,0.001821,0.031895,intraday,intraday,0,0
2020-04-02 10:16,5.4000,2020-04-02 10:31,5.5800,2020-04-02 10:32,5.6100,2020-04-02 10:33,5.5500,1,1,2,1,1,2,0.005376,0.038889,intraday,intraday,0,0
2020-04-02 10:33,5.5500,2020-04-02 10:37,5.7300,2020-04-02 10:37,5.7300,2020-04-02 10:38,5.6300,0,1,1,0,1,1,0.000000,0.032432,intraday,intraday,0,0
2020-04-02 10:52,5.4900,2020-04-02 11:35,5.6600,2020-04-02 11:35,5.6600,2020-04-02 11:37,5.6000,0,2,2,0,2,2,0.000000,0.030965,intraday,intraday,0,0
2020-04-02 11:38,5.5800,2020-04-02 11:56,5.7500,2020-04-02 11:56,5.7500,2020-04-02 12:00,5.6800,0,4,4,0,4,4,0.000000,0.030466,intraday,intraday,0,0
2020-04-02 14:11,5.3400,2020-04-02 14:53,5.5800,2020-04-02 14:54,5.5900,2020-04-02 14:55,5.5300,1,1,2,1,1,2,0.001792,0.046816,intraday,intraday,0,0
2020-04-02 14:55,5.5300,2020-04-02 15:19,5.7100,2020-04-02 15:20,5.7200,2020-04-02 15:21,5.6600,1,1,2,1,1,2,0.001751,0.034358,intraday,intraday,0,0
2020-04-02 15:37,5.5600,2020-04-02 15:50,5.7400,2020-04-02 15:54,5.7700,2020-04-02 15:55,5.7100,4,1,5,4,1,5,0.005226,0.037770,intraday,intraday,0,0
2020-04-03 09:30,5.6500,2020-04-03 09:32,5.8200,2020-04-03 09:33,5.8400,2020-04-03 09:33,5.7500,1,0,1,1,0,1,0.003436,0.033628,intraday,intraday,0,0
2020-04-03 09:33,5.7500,2020-04-03 09:41,5.9600,2020-04-03 09:41,5.9600,2020-04-03 09:43,5.9000,0,2,2,0,2,2,0.000000,0.036522,intraday,intraday,0,0
2020-04-03 14:06,5.2100,2020-04-03 14:51,5.4100,2020-04-03 15:01,5.4600,2020-04-03 15:03,5.3900,10,2,12,10,2,12,0.009242,0.047985,intraday,intraday,0,0
2020-04-03 15:44,5.2400,2020-04-03 15:48,5.4300,2020-04-03 15:50,5.4900,2020-04-03 15:50,5.4200,2,0,2,2,0,2,0.011050,0.047710,intraday,intraday,0,0
2020-04-03 15:57,5.3900,2020-04-06 09:30,6.2100,2020-04-06 09:32,6.2500,2020-04-06 09:32,6.1800,2,0,2,2,0,2,0.006441,0.159555,intraday,intraday,0,0
2020-04-06 09:34,6.1500,2020-04-06 09:43,6.3800,2020-04-06 09:54,6.5800,2020-04-06 09:56,6.5100,11,2,13,11,2,13,0.031348,0.069919,intraday,intraday,0,0
2020-04-06 10:48,6.4500,2020-04-06 11:48,6.6500,2020-04-06 11:48,6.6500,2020-04-06 12:06,6.5800,0,18,18,0,18,18,0.000000,0.031008,intraday,intraday,0,0
2020-04-06 12:06,6.5800,2020-04-06 13:20,6.7800,2020-04-06 13:52,6.8700,2020-04-06 14:01,6.8000,32,9,41,32,9,41,0.013274,0.044073,intraday,intraday,0,0
2020-04-06 14:22,6.7100,2020-04-06 15:29,6.9200,2020-04-06 15:33,6.9600,2020-04-06 15:35,6.8900,4,2,6,4,2,6,0.005780,0.037258,intraday,intraday,0,0
2020-04-06 15:35,6.8900,2020-04-06 15:54,7.1700,2020-04-06 15:55,7.1800,2020-04-06 15:57,7.1000,1,2,3,1,2,3,0.001395,0.042090,intraday,intraday,0,0
2020-04-06 15:59,7.0600,2020-04-07 09:30,7.9800,2020-04-07 09:30,7.9800,2020-04-07 09:31,7.7300,0,1,1,0,1,1,0.000000,0.130312,intraday,intraday,0,0
2020-04-07 09:40,7.4100,2020-04-07 09:53,7.6800,2020-04-07 09:58,7.7700,2020-04-07 09:59,7.6700,5,1,6,5,1,6,0.011719,0.048583,intraday,intraday,0,0
2020-04-07 10:16,7.1400,2020-04-07 10:32,7.3600,2020-04-07 10:34,7.3900,2020-04-07 10:37,7.2800,2,3,5,2,3,5,0.004076,0.035014,intraday,intraday,0,0
2020-04-07 10:54,7.0000,2020-04-07 11:05,7.2400,2020-04-07 11:15,7.3900,2020-04-07 11:15,7.3100,10,0,10,10,0,10,0.020718,0.055714,intraday,intraday,0,0
2020-04-07 11:21,7.3000,2020-04-07 11:38,7.5200,2020-04-07 11:43,7.6100,2020-04-07 11:45,7.5100,5,2,7,5,2,7,0.011968,0.042466,intraday,intraday,0,0
2020-04-07 11:45,7.5100,2020-04-07 12:10,7.7400,2020-04-07 12:18,7.8500,2020-04-07 12:21,7.7700,8,3,11,8,3,11,0.014212,0.045273,intraday,intraday,0,0
2020-04-07 14:55,7.0600,2020-04-07 15:10,7.3200,2020-04-07 15:13,7.3600,2020-04-07 15:15,7.2700,3,2,5,3,2,5,0.005464,0.042493,intraday,intraday,0,0
2020-04-07 15:24,7.0800,2020-04-07 15:40,7.3000,2020-04-07 15:42,7.3400,2020-04-07 15:44,7.2600,2,2,4,2,2,4,0.005479,0.036723,intraday,intraday,0,0
2020-04-07 15:50,7.1200,2020-04-07 15:50,7.4300,2020-04-07 15:50,7.4300,2020-04-07 15:51,7.1500,0,1,1,0,1,1,0.000000,0.043539,intraday,intraday,0,0
2020-04-07 15:59,6.9800,2020-04-08 09:30,7.3900,2020-04-08 09:31,7.5000,2020-04-08 09:31,7.3600,1,0,1,1,0,1,0.014885,0.074499,intraday,intraday,0,0
2020-04-08 10:09,7.0600,2020-04-08 10:27,7.3000,2020-04-08 10:35,7.3900,2020-04-08 10:42,7.2900,8,7,15,8,7,15,0.012329,0.046742,intraday,intraday,0,0
2020-04-08 10:43,7.2800,2020-04-08 11:13,7.5000,2020-04-08 11:48,7.7000,2020-04-08 11:51,7.6100,35,3,38,35,3,38,0.026667,0.057692,intraday,intraday,0,0
2020-04-08 13:44,7.5100,2020-04-08 14:40,7.7400,2020-04-08 14:41,7.7600,2020-04-08 14:47,7.6800,1,6,7,1,6,7,0.002584,0.033289,intraday,intraday,0,0
2020-04-08 15:41,7.6000,2020-04-09 09:30,8.0600,2020-04-09 09:30,8.0600,2020-04-09 09:31,7.9500,0,1,1,0,1,1,0.000000,0.060526,intraday,intraday,0,0
2020-04-09 09:33,7.8800,2020-04-09 09:41,8.1500,2020-04-09 09:44,8.2300,2020-04-09 09:46,8.0400,3,2,5,3,2,5,0.009816,0.044416,intraday,intraday,0,0
2020-04-09 10:23,7.4900,2020-04-09 10:27,7.7200,2020-04-09 10:30,7.7300,2020-04-09 10:30,7.6500,3,0,3,3,0,3,0.001295,0.032043,intraday,intraday,0,0
2020-04-09 11:06,7.5100,2020-04-09 11:30,7.7600,2020-04-09 11:51,7.9200,2020-04-09 11:52,7.8400,21,1,22,21,1,22,0.020619,0.054594,intraday,intraday,0,0
2020-04-09 15:21,6.9900,2020-04-09 15:55,7.2000,2020-04-09 15:58,7.2400,2020-04-13 09:30,6.9800,3,2,5,3,5372,5375,0.005556,0.035765,weekend,weekend,1,1
2020-04-13 09:32,6.9600,2020-04-13 09:38,7.2500,2020-04-13 09:38,7.2500,2020-04-13 09:40,7.1700,0,2,2,0,2,2,0.000000,0.041667,intraday,intraday,0,0
2020-04-13 09:48,7.0200,2020-04-13 10:05,7.2600,2020-04-13 10:11,7.2700,2020-04-13 10:13,7.1900,6,2,8,6,2,8,0.001377,0.035613,intraday,intraday,0,0
2020-04-13 10:25,7.0600,2020-04-13 12:13,7.2800,2020-04-13 12:25,7.3400,2020-04-13 12:27,7.2600,12,2,14,12,2,14,0.008242,0.039660,intraday,intraday,0,0
2020-04-13 13:16,7.1200,2020-04-13 13:54,7.3400,2020-04-13 14:06,7.3600,2020-04-13 14:12,7.2700,12,6,18,12,6,18,0.002725,0.033708,intraday,intraday,0,0
2020-04-13 14:26,7.2300,2020-04-13 15:30,7.4500,2020-04-13 15:48,7.5200,2020-04-13 15:50,7.3800,18,2,20,18,2,20,0.009396,0.040111,intraday,intraday,0,0
2020-04-13 15:50,7.3800,2020-04-14 09:30,8.0400,2020-04-14 09:30,8.0400,2020-04-14 09:31,7.9400,0,1,1,0,1,1,0.000000,0.089431,intraday,intraday,0,0
2020-04-14 09:31,7.9400,2020-04-14 09:45,8.2100,2020-04-14 09:59,8.4300,2020-04-14 10:00,8.3100,14,1,15,14,1,15,0.026797,0.061713,intraday,intraday,0,0
2020-04-14 11:12,8.0100,2020-04-14 11:25,8.2600,2020-04-14 12:21,8.4100,2020-04-14 12:27,8.3100,56,6,62,56,6,62,0.018160,0.049938,intraday,intraday,0,0
2020-04-14 13:05,8.2300,2020-04-14 15:40,8.4800,2020-04-14 15:47,8.4900,2020-04-14 15:50,8.3900,7,3,10,7,3,10,0.001179,0.031592,intraday,intraday,0,0
2020-04-15 09:56,7.5100,2020-04-15 13:18,7.7500,2020-04-15 13:18,7.7500,2020-04-15 13:27,7.6700,0,9,9,0,9,9,0.000000,0.031957,intraday,intraday,0,0
2020-04-15 13:40,7.6300,2020-04-15 14:38,7.8600,2020-04-15 14:42,7.8800,2020-04-15 14:51,7.8000,4,9,13,4,9,13,0.002545,0.032765,intraday,intraday,0,0
2020-04-15 15:54,7.7300,2020-04-16 09:30,8.2300,2020-04-16 09:30,8.2300,2020-04-16 09:31,8.1400,0,1,1,0,1,1,0.000000,0.064683,intraday,intraday,0,0
2020-04-16 10:04,7.8300,2020-04-16 10:24,8.0800,2020-04-16 10:29,8.1600,2020-04-16 10:40,8.0700,5,11,16,5,11,16,0.009901,0.042146,intraday,intraday,0,0
2020-04-16 10:40,8.0700,2020-04-16 11:08,8.3200,2020-04-16 11:29,8.4200,2020-04-16 11:31,8.3300,21,2,23,21,2,23,0.012019,0.043371,intraday,intraday,0,0
2020-04-16 12:33,7.9100,2020-04-16 13:32,8.1700,2020-04-16 13:44,8.1900,2020-04-16 13:51,8.0700,12,7,19,12,7,19,0.002448,0.035398,intraday,intraday,0,0
2020-04-16 14:00,8.0200,2020-04-16 14:37,8.2800,2020-04-16 14:38,8.2900,2020-04-16 14:48,8.2000,1,10,11,1,10,11,0.001208,0.033666,intraday,intraday,0,0
2020-04-16 15:11,8.1400,2020-04-16 15:50,8.4000,2020-04-17 09:30,8.8900,2020-04-17 09:30,8.7700,10,0,10,1060,0,1060,0.058333,0.092138,overnight,intraday,1,1
2020-04-17 09:38,8.5500,2020-04-17 09:45,8.8200,2020-04-17 09:46,8.8500,2020-04-17 09:51,8.7400,1,5,6,1,5,6,0.003401,0.035088,intraday,intraday,0,0
2020-04-17 11:27,8.2700,2020-04-17 15:30,8.5200,2020-04-17 15:50,8.6900,2020-04-17 15:50,8.6000,20,0,20,20,0,20,0.019953,0.050786,intraday,intraday,0,0
2020-04-20 09:30,8.0900,2020-04-20 10:24,8.3700,2020-04-20 10:37,8.4500,2020-04-20 10:40,8.3500,13,3,16,13,3,16,0.009558,0.044499,intraday,intraday,0,0
2020-04-21 11:15,6.7700,2020-04-21 11:51,6.9900,2020-04-21 11:57,7.0100,2020-04-21 12:01,6.9300,6,4,10,6,4,10,0.002861,0.035451,intraday,intraday,0,0
2020-04-21 12:43,6.8900,2020-04-21 13:20,7.1300,2020-04-21 13:43,7.2100,2020-04-21 13:46,7.1300,23,3,26,23,3,26,0.011220,0.046444,intraday,intraday,0,0
2020-04-21 13:49,7.0900,2020-04-21 14:23,7.3200,2020-04-21 14:26,7.3300,2020-04-21 14:30,7.2500,3,4,7,3,4,7,0.001366,0.033850,intraday,intraday,0,0
2020-04-21 15:07,6.8500,2020-04-21 15:35,7.0800,2020-04-21 15:36,7.1000,2020-04-21 15:40,7.0100,1,4,5,1,4,5,0.002825,0.036496,intraday,intraday,0,0
2020-04-21 15:54,6.8400,2020-04-22 09:30,7.5800,2020-04-22 09:30,7.5800,2020-04-22 09:31,7.4700,0,1,1,0,1,1,0.000000,0.108187,intraday,intraday,0,0
2020-04-22 09:34,7.4100,2020-04-22 09:58,7.6400,2020-04-22 10:07,7.7000,2020-04-22 10:09,7.6200,9,2,11,9,2,11,0.007853,0.039136,intraday,intraday,0,0
2020-04-22 10:15,7.6100,2020-04-22 13:21,7.8400,2020-04-22 15:50,8.1800,2020-04-22 15:51,8.0900,149,1,150,149,1,150,0.043367,0.074901,intraday,intraday,0,0
2020-04-23 09:30,7.9900,2020-04-23 09:38,8.2300,2020-04-23 09:38,8.2300,2020-04-23 09:40,8.1400,0,2,2,0,2,2,0.000000,0.030038,intraday,intraday,0,0
2020-04-23 09:55,7.9200,2020-04-23 10:27,8.1700,2020-04-23 10:58,8.3200,2020-04-23 11:01,8.2300,31,3,34,31,3,34,0.018360,0.050505,intraday,intraday,0,0
2020-04-23 12:45,7.8900,2020-04-23 12:45,8.1300,2020-04-23 12:45,8.1300,2020-04-23 12:46,7.7500,0,1,1,0,1,1,0.000000,0.030418,intraday,intraday,0,0
2020-04-23 12:46,7.7500,2020-04-23 12:48,8.1000,2020-04-23 12:48,8.1000,2020-04-23 12:49,7.9900,0,1,1,0,1,1,0.000000,0.045161,intraday,intraday,0,0
2020-04-23 12:51,7.8700,2020-04-23 12:56,8.1300,2020-04-23 13:12,8.1900,2020-04-23 13:19,8.1000,16,7,23,16,7,23,0.007380,0.040661,intraday,intraday,0,0
2020-04-23 13:54,7.7800,2020-04-23 14:25,8.0200,2020-04-23 14:32,8.0300,2020-04-23 14:38,7.9400,7,6,13,7,6,13,0.001247,0.032134,intraday,intraday,0,0
2020-04-24 09:59,7.6300,2020-04-24 10:32,7.8700,2020-04-24 10:45,7.9600,2020-04-24 10:50,7.8800,13,5,18,13,5,18,0.011436,0.043250,intraday,intraday,0,0
2020-04-24 11:03,7.7700,2020-04-24 12:07,8.0100,2020-04-24 12:46,8.1500,2020-04-24 12:54,8.0600,39,8,47,39,8,47,0.017478,0.048906,intraday,intraday,0,0
2020-04-24 13:21,8.0200,2020-04-24 13:59,8.2700,2020-04-24 14:07,8.2900,2020-04-24 14:25,8.2000,8,18,26,8,18,26,0.002418,0.033666,intraday,intraday,0,0
2020-04-24 15:04,8.1700,2020-04-27 09:30,8.6700,2020-04-27 09:30,8.6700,2020-04-27 09:31,8.5800,0,1,1,0,1,1,0.000000,0.061200,intraday,intraday,0,0
2020-04-27 09:31,8.5800,2020-04-27 09:49,8.8400,2020-04-27 09:58,8.9200,2020-04-27 10:05,8.8200,9,7,16,9,7,16,0.009050,0.039627,intraday,intraday,0,0
2020-04-27 10:59,8.5600,2020-04-27 11:38,8.8300,2020-04-27 11:38,8.8300,2020-04-27 11:52,8.7400,0,14,14,0,14,14,0.000000,0.031542,intraday,intraday,0,0
2020-04-27 14:30,8.5400,2020-04-28 09:30,9.2600,2020-04-28 09:30,9.2600,2020-04-28 09:31,9.1300,0,1,1,0,1,1,0.000000,0.084309,intraday,intraday,0,0
2020-04-28 11:00,8.5900,2020-04-28 11:36,8.8500,2020-04-28 11:37,8.8600,2020-04-28 11:50,8.7600,1,13,14,1,13,14,0.001130,0.031432,intraday,intraday,0,0
2020-04-28 12:18,8.5900,2020-04-28 13:44,8.8900,2020-04-28 14:12,8.9900,2020-04-28 14:36,8.9000,28,24,52,28,24,52,0.011249,0.046566,intraday,intraday,0,0
2020-04-28 15:59,8.5000,2020-04-29 09:30,9.0600,2020-04-29 09:30,9.0600,2020-04-29 09:31,8.9400,0,1,1,0,1,1,0.000000,0.065882,intraday,intraday,0,0
2020-04-29 09:32,8.9300,2020-04-29 09:51,9.2000,2020-04-29 10:02,9.2500,2020-04-29 10:10,9.1400,11,8,19,11,8,19,0.005435,0.035834,intraday,intraday,0,0
2020-04-29 10:11,9.1300,2020-04-29 10:30,9.4100,2020-04-29 10:30,9.4100,2020-04-29 10:46,9.3100,0,16,16,0,16,16,0.000000,0.030668,intraday,intraday,0,0
2020-04-29 10:49,9.3000,2020-04-29 12:36,9.5800,2020-04-29 12:54,9.6500,2020-04-29 13:28,9.5400,18,34,52,18,34,52,0.007307,0.037634,intraday,intraday,0,0
2020-04-29 14:13,9.4600,2020-04-29 15:04,9.7500,2020-04-29 15:31,9.8500,2020-04-29 15:50,9.7500,27,19,46,27,19,46,0.010256,0.041226,intraday,intraday,0,0
2020-05-04 09:35,7.1300,2020-05-04 09:48,7.3600,2020-05-04 09:56,7.4300,2020-05-04 10:00,7.3500,8,4,12,8,4,12,0.009511,0.042076,intraday,intraday,0,0
2020-05-04 13:17,7.1700,2020-05-04 15:11,7.3900,2020-05-05 09:30,8.1000,2020-05-05 09:30,8.0100,49,0,49,1099,0,1099,0.096076,0.129707,overnight,intraday,1,1
2020-05-05 09:30,8.0100,2020-05-05 09:49,8.2600,2020-05-05 10:01,8.4300,2020-05-05 10:06,8.3400,12,5,17,12,5,17,0.020581,0.052434,intraday,intraday,0,0
2020-05-05 15:37,7.8500,2020-05-06 09:30,8.3100,2020-05-06 09:32,8.4300,2020-05-06 09:32,8.3300,2,0,2,2,0,2,0.014440,0.073885,intraday,intraday,0,0
2020-05-06 10:09,8.2400,2020-05-06 10:30,8.5000,2020-05-06 10:33,8.5500,2020-05-06 10:40,8.4500,3,7,10,3,7,10,0.005882,0.037621,intraday,intraday,0,0
2020-05-06 15:50,8.2100,2020-05-07 09:30,8.7800,2020-05-07 09:32,8.8200,2020-05-07 09:34,8.7300,2,2,4,2,2,4,0.004556,0.074300,intraday,intraday,0,0
2020-05-07 10:13,8.3900,2020-05-07 11:43,8.6600,2020-05-07 11:46,8.7200,2020-05-07 12:09,8.6300,3,23,26,3,23,26,0.006928,0.039333,intraday,intraday,0,0
2020-05-07 15:55,8.4900,2020-05-08 09:30,8.8100,2020-05-08 09:30,8.8100,2020-05-08 09:31,8.7200,0,1,1,0,1,1,0.000000,0.037691,intraday,intraday,0,0
2020-05-08 09:36,8.6900,2020-05-08 09:51,8.9700,2020-05-08 10:31,9.1800,2020-05-08 10:32,9.0800,40,1,41,40,1,41,0.023411,0.056387,intraday,intraday,0,0
2020-05-08 11:03,8.9800,2020-05-08 15:55,9.2500,2020-05-08 15:59,9.2800,2020-05-11 09:30,8.9600,4,1,5,4,3931,3935,0.003243,0.033408,weekend,weekend,1,1
2020-05-11 09:31,8.9400,2020-05-11 09:46,9.2200,2020-05-11 09:46,9.2200,2020-05-11 09:48,9.1200,0,2,2,0,2,2,0.000000,0.031320,intraday,intraday,0,0
2020-05-11 10:18,9.0400,2020-05-11 13:05,9.3200,2020-05-11 13:40,9.4800,2020-05-11 13:47,9.3800,35,7,42,35,7,42,0.017167,0.048673,intraday,intraday,0,0
2020-05-12 09:52,9.0300,2020-05-12 10:17,9.3100,2020-05-12 10:25,9.3700,2020-05-12 10:29,9.2700,8,4,12,8,4,12,0.006445,0.037652,intraday,intraday,0,0
2020-05-13 09:36,8.2300,2020-05-13 10:00,8.5000,2020-05-13 10:13,8.6700,2020-05-13 10:17,8.5800,13,4,17,13,4,17,0.020000,0.053463,intraday,intraday,0,0
2020-05-13 12:15,7.7200,2020-05-13 12:37,7.9600,2020-05-13 12:49,7.9900,2020-05-13 12:53,7.9100,12,4,16,12,4,16,0.003769,0.034974,intraday,intraday,0,0
2020-05-13 14:04,7.6600,2020-05-13 14:17,7.8900,2020-05-13 14:17,7.8900,2020-05-13 14:23,7.8000,0,6,6,0,6,6,0.000000,0.030026,intraday,intraday,0,0
2020-05-13 15:25,7.6300,2020-05-13 15:48,7.8700,2020-05-13 15:50,7.9700,2020-05-13 15:50,7.8700,2,0,2,2,0,2,0.012706,0.044561,intraday,intraday,0,0
2020-05-14 09:54,7.4000,2020-05-14 10:09,7.6300,2020-05-14 10:12,7.6700,2020-05-14 10:14,7.5800,3,2,5,3,2,5,0.005242,0.036486,intraday,intraday,0,0
2020-05-14 10:30,7.4400,2020-05-14 10:38,7.7000,2020-05-14 10:39,7.7100,2020-05-14 10:42,7.6300,1,3,4,1,3,4,0.001299,0.036290,intraday,intraday,0,0
2020-05-14 10:42,7.6300,2020-05-14 10:53,7.8600,2020-05-14 10:54,7.9000,2020-05-14 10:56,7.8200,1,2,3,1,2,3,0.005089,0.035387,intraday,intraday,0,0
2020-05-14 10:58,7.7900,2020-05-14 11:14,8.0300,2020-05-14 11:18,8.1100,2020-05-14 11:20,7.9900,4,2,6,4,2,6,0.009963,0.041078,intraday,intraday,0,0
2020-05-14 12:02,7.6600,2020-05-14 12:52,7.8900,2020-05-14 13:00,7.9900,2020-05-14 13:04,7.9100,8,4,12,8,4,12,0.012674,0.043081,intraday,intraday,0,0
2020-05-14 14:07,7.8100,2020-05-14 14:52,8.0600,2020-05-14 14:57,8.2200,2020-05-14 14:57,8.1200,5,0,5,5,0,5,0.019851,0.052497,intraday,intraday,0,0
2020-05-14 14:57,8.1200,2020-05-14 15:07,8.3700,2020-05-14 15:09,8.4200,2020-05-14 15:11,8.3200,2,2,4,2,2,4,0.005974,0.036946,intraday,intraday,0,0
2020-05-14 15:11,8.3200,2020-05-14 15:50,8.6200,2020-05-14 15:59,8.6700,2020-05-15 09:30,7.7700,9,1,10,9,1051,1060,0.005800,0.042067,overnight,overnight,1,1
2020-05-15 09:36,7.7000,2020-05-15 09:40,7.9600,2020-05-15 09:41,8.0000,2020-05-15 09:41,7.9100,1,0,1,1,0,1,0.005025,0.038961,intraday,intraday,0,0
2020-05-15 09:49,7.8200,2020-05-15 10:10,8.1000,2020-05-15 10:15,8.1900,2020-05-15 10:19,8.0900,5,4,9,5,4,9,0.011111,0.047315,intraday,intraday,0,0
2020-05-15 11:04,7.6400,2020-05-15 12:20,7.8800,2020-05-15 12:43,8.0100,2020-05-15 12:45,7.9100,23,2,25,23,2,25,0.016497,0.048429,intraday,intraday,0,0
2020-05-15 12:48,7.8700,2020-05-15 14:03,8.1100,2020-05-15 14:22,8.1400,2020-05-15 14:36,8.0100,19,14,33,19,14,33,0.003699,0.034307,intraday,intraday,0,0
2020-05-15 15:00,7.9300,2020-05-18 09:30,8.8000,2020-05-18 09:32,8.8700,2020-05-18 09:32,8.7600,2,0,2,2,0,2,0.007955,0.118537,intraday,intraday,0,0
2020-05-18 09:55,8.7300,2020-05-18 10:49,9.0000,2020-05-18 13:29,9.3000,2020-05-18 13:52,9.1800,160,23,183,160,23,183,0.033333,0.065292,intraday,intraday,0,0
2020-05-19 09:30,9.1100,2020-05-19 09:41,9.3900,2020-05-19 09:42,9.4100,2020-05-19 09:44,9.2900,1,2,3,1,2,3,0.002130,0.032931,intraday,intraday,0,0
2020-05-19 09:48,9.2100,2020-05-19 10:05,9.4900,2020-05-19 10:13,9.5500,2020-05-19 10:17,9.4500,8,4,12,8,4,12,0.006322,0.036916,intraday,intraday,0,0
2020-05-19 10:17,9.4500,2020-05-19 13:23,9.7500,2020-05-19 13:28,9.7600,2020-05-19 14:02,9.6600,5,34,39,5,34,39,0.001026,0.032804,intraday,intraday,0,0
2020-05-19 15:59,9.1200,2020-05-20 09:30,9.8600,2020-05-20 09:31,9.8700,2020-05-20 09:31,9.7700,1,0,1,1,0,1,0.001014,0.082237,intraday,intraday,0,0
2020-05-20 09:31,9.7700,2020-05-20 10:00,10.0700,2020-05-20 10:20,10.2100,2020-05-20 10:26,10.0800,20,6,26,20,6,26,0.013903,0.045036,intraday,intraday,0,0
2020-05-21 11:22,9.3500,2020-05-21 11:41,9.6400,2020-05-21 12:07,9.7600,2020-05-21 12:11,9.6500,26,4,30,26,4,30,0.012448,0.043850,intraday,intraday,0,0
2020-05-22 09:39,9.0300,2020-05-22 09:54,9.3100,2020-05-22 09:59,9.3400,2020-05-22 10:01,9.2300,5,2,7,5,2,7,0.003222,0.034330,intraday,intraday,0,0
2020-05-22 10:19,9.1400,2020-05-22 13:02,9.4400,2020-05-22 13:26,9.4700,2020-05-22 13:49,9.3600,24,23,47,24,23,47,0.003178,0.036105,intraday,intraday,0,0
2020-05-22 13:53,9.3300,2020-05-26 09:30,10.3100,2020-05-26 09:33,10.3300,2020-05-26 09:36,10.1500,3,3,6,3,3,6,0.001940,0.107181,intraday,intraday,0,0
2020-05-26 09:57,10.0000,2020-05-26 10:38,10.3000,2020-05-26 10:38,10.3000,2020-05-26 10:42,10.1600,0,4,4,0,4,4,0.000000,0.030000,intraday,intraday,0,0
2020-05-26 15:53,9.7500,2020-05-27 09:31,10.0500,2020-05-27 09:31,10.0500,2020-05-27 09:33,9.8600,0,2,2,0,2,2,0.000000,0.030769,intraday,intraday,0,0
2020-05-27 11:01,9.0500,2020-05-27 11:19,9.3300,2020-05-27 11:32,9.4000,2020-05-27 11:38,9.1900,13,6,19,13,6,19,0.007503,0.038674,intraday,intraday,0,0
2020-05-27 11:38,9.1900,2020-05-27 11:49,9.4700,2020-05-27 11:49,9.4700,2020-05-27 11:58,9.3700,0,9,9,0,9,9,0.000000,0.030468,intraday,intraday,0,0
2020-05-27 12:00,9.3500,2020-05-27 13:27,9.6600,2020-05-27 13:31,9.7800,2020-05-27 13:33,9.6700,4,2,6,4,2,6,0.012422,0.045989,intraday,intraday,0,0
2020-05-27 13:33,9.6700,2020-05-27 14:15,9.9700,2020-05-27 14:15,9.9700,2020-05-27 14:23,9.8700,0,8,8,0,8,8,0.000000,0.031024,intraday,intraday,0,0
2020-05-27 14:23,9.8700,2020-05-27 15:49,10.1700,2020-05-27 15:59,10.2300,2020-05-28 09:30,10.0400,10,1,11,10,1051,1061,0.005900,0.036474,overnight,overnight,1,1
2020-05-28 09:57,9.9700,2020-05-28 10:40,10.2700,2020-05-28 10:47,10.3200,2020-05-28 10:51,10.2100,7,4,11,7,4,11,0.004869,0.035105,intraday,intraday,0,0
2020-05-28 11:33,10.0900,2020-05-28 13:01,10.4000,2020-05-28 13:29,10.4200,2020-05-28 13:50,10.2800,28,21,49,28,21,49,0.001923,0.032706,intraday,intraday,0,0
2020-05-28 15:50,9.4000,2020-05-29 09:30,9.7200,2020-05-29 09:30,9.7200,2020-05-29 09:31,9.6100,0,1,1,0,1,1,0.000000,0.034043,intraday,intraday,0,0
2020-05-29 09:31,9.6100,2020-05-29 09:47,9.9500,2020-05-29 09:53,10.0600,2020-05-29 09:58,9.9300,6,5,11,6,5,11,0.011055,0.046826,intraday,intraday,0,0
2020-05-29 11:04,9.5700,2020-05-29 12:57,9.8600,2020-05-29 12:58,9.9400,2020-05-29 13:03,9.8400,1,5,6,1,5,6,0.008114,0.038662,intraday,intraday,0,0
2020-05-29 13:50,9.7600,2020-05-29 14:27,10.0600,2020-05-29 14:27,10.0600,2020-05-29 14:39,9.9500,0,12,12,0,12,12,0.000000,0.030738,intraday,intraday,0,0
2020-05-29 14:54,9.6300,2020-05-29 14:58,10.0400,2020-05-29 15:12,10.3000,2020-05-29 15:14,10.1800,14,2,16,14,2,16,0.025896,0.069574,intraday,intraday,0,0
2020-06-01 09:37,9.8700,2020-06-01 09:49,10.1700,2020-06-01 09:49,10.1700,2020-06-01 09:50,10.0500,0,1,1,0,1,1,0.000000,0.030395,intraday,intraday,0,0
2020-06-01 10:00,9.9500,2020-06-01 10:40,10.2500,2020-06-01 10:40,10.2500,2020-06-01 10:47,10.1400,0,7,7,0,7,7,0.000000,0.030151,intraday,intraday,0,0
2020-06-01 11:26,10.0100,2020-06-02 09:57,10.3200,2020-06-02 10:11,10.4900,2020-06-02 10:15,10.3800,14,4,18,14,4,18,0.016473,0.047952,intraday,intraday,0,0
2020-06-02 11:15,10.0800,2020-06-02 13:05,10.4100,2020-06-02 14:19,10.5600,2020-06-02 14:29,10.4500,74,10,84,74,10,84,0.014409,0.047619,intraday,intraday,0,0
2020-06-02 14:34,10.4100,2020-06-02 15:50,10.7300,2020-06-03 09:30,11.4200,2020-06-03 09:30,11.2200,10,0,10,1060,0,1060,0.064306,0.097022,overnight,intraday,1,1
2020-06-03 09:30,11.2200,2020-06-03 09:33,11.6600,2020-06-03 09:33,11.6600,2020-06-03 09:34,11.5400,0,1,1,0,1,1,0.000000,0.039216,intraday,intraday,0,0
2020-06-03 09:39,11.3700,2020-06-03 10:50,11.7200,2020-06-03 11:14,11.8300,2020-06-03 11:31,11.7000,24,17,41,24,17,41,0.009386,0.040457,intraday,intraday,0,0
2020-06-04 09:37,11.4800,2020-06-04 09:53,11.8300,2020-06-04 09:56,11.8900,2020-06-04 10:03,11.7500,3,7,10,3,7,10,0.005072,0.035714,intraday,intraday,0,0
2020-06-04 10:05,11.7200,2020-06-04 10:18,12.0800,2020-06-04 10:34,12.3100,2020-06-04 10:42,12.1800,16,8,24,16,8,24,0.019040,0.050341,intraday,intraday,0,0
2020-06-04 15:17,11.7600,2020-06-05 09:30,13.0500,2020-06-05 09:30,13.0500,2020-06-05 09:32,12.9000,0,2,2,0,2,2,0.000000,0.109694,intraday,intraday,0,0
2020-06-05 09:33,12.8300,2020-06-05 09:36,13.2700,2020-06-05 09:38,13.3300,2020-06-05 09:40,13.1800,2,2,4,2,2,4,0.004521,0.038971,intraday,intraday,0,0
2020-06-05 10:37,12.9700,2020-06-05 12:26,13.3600,2020-06-05 12:32,13.4700,2020-06-05 12:51,13.3300,6,19,25,6,19,25,0.008234,0.038551,intraday,intraday,0,0
2020-06-05 15:50,12.8700,2020-06-08 09:30,13.2600,2020-06-08 09:30,13.2600,2020-06-08 09:31,13.0000,0,1,1,0,1,1,0.000000,0.030303,intraday,intraday,0,0
2020-06-08 10:16,12.4600,2020-06-08 15:50,12.8600,2020-06-08 15:51,12.8700,2020-06-09 09:30,12.3300,1,9,10,1,1059,1060,0.000778,0.032905,overnight,overnight,1,1
2020-06-09 09:31,12.2800,2020-06-09 09:47,12.6600,2020-06-09 09:59,12.8200,2020-06-09 10:08,12.6400,12,9,21,12,9,21,0.012638,0.043974,intraday,intraday,0,0
2020-06-09 10:15,12.5200,2020-06-09 10:46,12.9200,2020-06-09 11:04,13.0100,2020-06-09 11:13,12.8600,18,9,27,18,9,27,0.006966,0.039137,intraday,intraday,0,0
2020-06-09 12:35,12.6900,2020-06-10 09:30,13.1500,2020-06-10 09:30,13.1500,2020-06-10 09:33,12.9900,0,3,3,0,3,3,0.000000,0.036249,intraday,intraday,0,0
2020-06-10 09:36,12.9000,2020-06-10 10:08,13.2900,2020-06-10 10:09,13.3200,2020-06-10 10:14,13.1800,1,5,6,1,5,6,0.002257,0.032558,intraday,intraday,0,0
2020-06-10 14:00,12.8600,2020-06-10 14:13,13.2700,2020-06-10 14:19,13.3800,2020-06-10 14:34,13.2200,6,15,21,6,15,21,0.008289,0.040435,intraday,intraday,0,0
2020-06-11 09:42,11.4700,2020-06-11 09:55,11.8600,2020-06-11 09:58,11.9200,2020-06-11 10:03,11.7800,3,5,8,3,5,8,0.005059,0.039233,intraday,intraday,0,0
2020-06-11 10:09,11.7100,2020-06-11 10:14,12.0900,2020-06-11 10:14,12.0900,2020-06-11 10:25,11.9300,0,11,11,0,11,11,0.000000,0.032451,intraday,intraday,0,0
2020-06-11 15:30,10.5100,2020-06-11 15:43,10.8400,2020-06-11 15:44,10.9000,2020-06-11 15:45,10.7800,1,1,2,1,1,2,0.005535,0.037108,intraday,intraday,0,0
2020-06-11 15:55,10.5000,2020-06-12 09:30,11.5300,2020-06-12 09:30,11.5300,2020-06-12 09:32,11.3600,0,2,2,0,2,2,0.000000,0.098095,intraday,intraday,0,0
2020-06-12 11:24,10.4900,2020-06-12 11:34,10.8600,2020-06-12 11:39,11.0200,2020-06-12 11:44,10.8700,5,5,10,5,5,10,0.014733,0.050524,intraday,intraday,0,0
2020-06-12 11:44,10.8700,2020-06-12 12:06,11.2000,2020-06-12 12:06,11.2000,2020-06-12 12:10,11.0700,0,4,4,0,4,4,0.000000,0.030359,intraday,intraday,0,0
2020-06-12 13:59,10.2600,2020-06-12 14:13,10.5900,2020-06-12 14:13,10.5900,2020-06-12 14:15,10.4300,0,2,2,0,2,2,0.000000,0.032164,intraday,intraday,0,0
2020-06-12 14:20,10.4000,2020-06-12 15:00,10.7600,2020-06-12 15:13,10.8800,2020-06-12 15:16,10.7600,13,3,16,13,3,16,0.011152,0.046154,intraday,intraday,0,0
2020-06-12 15:28,10.5200,2020-06-12 15:46,10.8400,2020-06-12 15:50,11.0300,2020-06-12 15:53,10.8900,4,3,7,4,3,7,0.017528,0.048479,intraday,intraday,0,0
2020-06-15 09:34,10.1200,2020-06-15 09:37,10.5000,2020-06-15 09:37,10.5000,2020-06-15 09:39,10.3900,0,2,2,0,2,2,0.000000,0.037549,intraday,intraday,0,0
2020-06-15 09:47,10.3300,2020-06-15 10:04,10.6900,2020-06-15 10:19,10.7800,2020-06-15 10:22,10.6600,15,3,18,15,3,18,0.008419,0.043562,intraday,intraday,0,0
2020-06-15 10:40,10.4400,2020-06-15 11:04,10.7600,2020-06-15 11:13,10.8300,2020-06-15 11:15,10.6700,9,2,11,9,2,11,0.006506,0.037356,intraday,intraday,0,0
2020-06-15 11:54,10.5700,2020-06-15 12:07,10.9100,2020-06-15 13:17,11.2300,2020-06-15 13:22,11.1100,70,5,75,70,5,75,0.029331,0.062441,intraday,intraday,0,0
2020-06-15 13:48,11.0000,2020-06-15 14:04,11.3300,2020-06-15 14:07,11.4100,2020-06-15 14:11,11.2500,3,4,7,3,4,7,0.007061,0.037273,intraday,intraday,0,0
2020-06-15 15:36,11.0800,2020-06-15 15:59,11.4300,2020-06-16 09:30,12.5100,2020-06-16 09:35,12.3100,1,5,6,1051,5,1056,0.094488,0.129061,overnight,intraday,0,1
2020-06-16 11:01,11.4300,2020-06-16 11:03,11.7800,2020-06-16 11:04,11.8200,2020-06-16 11:04,11.6900,1,0,1,1,0,1,0.003396,0.034121,intraday,intraday,0,0
2020-06-16 11:04,11.6900,2020-06-16 11:15,12.1200,2020-06-16 11:15,12.1200,2020-06-16 11:28,11.9900,0,13,13,0,13,13,0.000000,0.036784,intraday,intraday,0,0
2020-06-16 12:10,11.8400,2020-06-16 12:38,12.2000,2020-06-16 12:42,12.2300,2020-06-16 12:55,12.1000,4,13,17,4,13,17,0.002459,0.032939,intraday,intraday,0,0
2020-06-16 15:19,11.7500,2020-06-17 09:30,12.3200,2020-06-17 09:33,12.4500,2020-06-17 09:33,12.3200,3,0,3,3,0,3,0.010552,0.059574,intraday,intraday,0,0
2020-06-17 10:19,12.1300,2020-06-17 12:33,12.5000,2020-06-17 13:43,12.6600,2020-06-17 14:00,12.5300,70,17,87,70,17,87,0.012800,0.043693,intraday,intraday,0,0
2020-06-18 15:13,12.1000,2020-06-19 09:30,12.7700,2020-06-19 09:30,12.7700,2020-06-19 09:31,12.6300,0,1,1,0,1,1,0.000000,0.055372,intraday,intraday,0,0
2020-06-19 12:20,12.0500,2020-06-19 12:58,12.4200,2020-06-19 12:59,12.4500,2020-06-19 13:09,12.3200,1,10,11,1,10,11,0.002415,0.033195,intraday,intraday,0,0
2020-06-22 09:34,11.7100,2020-06-22 10:02,12.0700,2020-06-22 10:28,12.2000,2020-06-22 10:36,12.0600,26,8,34,26,8,34,0.010771,0.041845,intraday,intraday,0,0
2020-06-22 11:00,11.9100,2020-06-22 12:14,12.2800,2020-06-22 12:47,12.4000,2020-06-22 13:08,12.2700,33,21,54,33,21,54,0.009772,0.041142,intraday,intraday,0,0
2020-06-22 15:24,12.1800,2020-06-23 09:30,12.7100,2020-06-23 09:31,12.7200,2020-06-23 09:34,12.5500,1,3,4,1,3,4,0.000787,0.044335,intraday,intraday,0,0
2020-06-23 10:06,12.4600,2020-06-23 12:00,12.8400,2020-06-23 12:03,12.8800,2020-06-23 12:45,12.7500,3,42,45,3,42,45,0.003115,0.033708,intraday,intraday,0,0
2020-06-24 11:49,11.3700,2020-06-24 12:44,11.7200,2020-06-24 13:18,11.8300,2020-06-24 13:23,11.7000,34,5,39,34,5,39,0.009386,0.040457,intraday,intraday,0,0
2020-06-24 14:03,11.4500,2020-06-24 14:28,11.8000,2020-06-24 14:32,11.8200,2020-06-24 14:43,11.7000,4,11,15,4,11,15,0.001695,0.032314,intraday,intraday,0,0
2020-06-25 09:50,11.0900,2020-06-25 10:10,11.4400,2020-06-25 10:10,11.4400,2020-06-25 10:13,11.3100,0,3,3,0,3,3,0.000000,0.031560,intraday,intraday,0,0
2020-06-25 11:35,11.2700,2020-06-25 12:21,11.6200,2020-06-25 12:21,11.6200,2020-06-25 12:32,11.5000,0,11,11,0,11,11,0.000000,0.031056,intraday,intraday,0,0
2020-06-25 14:35,11.3400,2020-06-25 15:10,11.6900,2020-06-25 15:34,11.9200,2020-06-25 15:39,11.7700,24,5,29,24,5,29,0.019675,0.051146,intraday,intraday,0,0
2020-06-26 10:50,11.1800,2020-06-26 11:49,11.5500,2020-06-26 11:49,11.5500,2020-06-26 12:02,11.4200,0,13,13,0,13,13,0.000000,0.033095,intraday,intraday,0,0
2020-06-26 12:20,11.2500,2020-06-26 13:23,11.6000,2020-06-26 13:38,11.6200,2020-06-26 13:46,11.4700,15,8,23,15,8,23,0.001724,0.032889,intraday,intraday,0,0
2020-06-26 14:47,11.2400,2020-06-26 15:45,11.5800,2020-06-26 15:48,11.6000,2020-06-26 15:49,11.4600,3,1,4,3,1,4,0.001727,0.032028,intraday,intraday,0,0
2020-06-29 09:52,10.8300,2020-06-29 10:13,11.2200,2020-06-29 10:38,11.3500,2020-06-29 10:38,11.2300,25,0,25,25,0,25,0.011586,0.048015,intraday,intraday,0,0
2020-06-29 11:18,11.1900,2020-06-29 12:33,11.5400,2020-06-29 12:37,11.5700,2020-06-29 14:04,11.4500,4,87,91,4,87,91,0.002600,0.033959,intraday,intraday,0,0
2020-06-29 15:11,11.3300,2020-06-30 09:30,11.8400,2020-06-30 09:32,11.9100,2020-06-30 09:32,11.7900,2,0,2,2,0,2,0.005912,0.051192,intraday,intraday,0,0
2020-06-30 09:32,11.7900,2020-06-30 09:37,12.1600,2020-06-30 09:41,12.2900,2020-06-30 09:42,12.1300,4,1,5,4,1,5,0.010691,0.042409,intraday,intraday,0,0
2020-06-30 09:42,12.1300,2020-06-30 10:01,12.5100,2020-06-30 10:15,12.5400,2020-06-30 10:29,12.3900,14,14,28,14,14,28,0.002398,0.033800,intraday,intraday,0,0
2020-06-30 13:15,12.2300,2020-06-30 15:53,12.6100,2020-06-30 15:54,12.6500,2020-07-01 09:30,12.4800,1,6,7,1,1056,1057,0.003172,0.034342,overnight,overnight,1,1
2020-07-01 09:55,12.0500,2020-07-01 10:31,12.4400,2020-07-01 10:31,12.4400,2020-07-01 10:46,12.3000,0,15,15,0,15,15,0.000000,0.032365,intraday,intraday,0,0
2020-07-01 15:59,11.9900,2020-07-02 09:30,12.5500,2020-07-02 09:34,12.6500,2020-07-02 09:38,12.4900,4,4,8,4,4,8,0.007968,0.055046,intraday,intraday,0,0
2020-07-02 11:10,12.3300,2020-07-02 13:29,12.7000,2020-07-02 13:30,12.7100,2020-07-02 14:02,12.5600,1,32,33,1,32,33,0.000787,0.030819,intraday,intraday,0,0
2020-07-02 15:54,12.4100,2020-07-06 09:30,13.2200,2020-07-06 09:42,13.3800,2020-07-06 09:45,13.2400,12,3,15,12,3,15,0.012103,0.078163,intraday,intraday,0,0
2020-07-07 15:59,12.9000,2020-07-08 09:30,13.3300,2020-07-08 09:30,13.3300,2020-07-08 09:31,13.1800,0,1,1,0,1,1,0.000000,0.033333,intraday,intraday,0,0
2020-07-08 11:26,12.9500,2020-07-08 12:40,13.3400,2020-07-08 12:58,13.3500,2020-07-08 13:24,13.2100,18,26,44,18,26,44,0.000750,0.030888,intraday,intraday,0,0
2020-07-08 13:55,13.1000,2020-07-08 15:57,13.5000,2020-07-09 09:30,13.7000,2020-07-09 09:37,13.4800,3,7,10,1053,7,1060,0.014815,0.045802,overnight,intraday,0,1
2020-07-09 11:19,13.0700,2020-07-09 12:23,13.4700,2020-07-09 13:01,13.8400,2020-07-09 13:01,13.7000,38,0,38,38,0,38,0.027468,0.058914,intraday,intraday,0,0
2020-07-09 13:01,13.7000,2020-07-09 14:48,14.1300,2020-07-09 15:15,14.2900,2020-07-09 15:21,14.1000,27,6,33,27,6,33,0.011323,0.043066,intraday,intraday,0,0
2020-07-10 10:04,13.4800,2020-07-10 10:43,13.9300,2020-07-10 10:43,13.9300,2020-07-10 10:47,13.7800,0,4,4,0,4,4,0.000000,0.033383,intraday,intraday,0,0
2020-07-10 14:25,13.5600,2020-07-13 09:30,14.5800,2020-07-13 09:32,14.6300,2020-07-13 09:32,14.4800,2,0,2,2,0,2,0.003429,0.078909,intraday,intraday,0,0
2020-07-13 09:32,14.4800,2020-07-13 09:37,14.9200,2020-07-13 09:40,14.9600,2020-07-13 09:41,14.8000,3,1,4,3,1,4,0.002681,0.033149,intraday,intraday,0,0
2020-07-14 09:53,12.4000,2020-07-14 09:58,12.8400,2020-07-14 09:59,12.9000,2020-07-14 09:59,12.7400,1,0,1,1,0,1,0.004673,0.040323,intraday,intraday,0,0
2020-07-14 10:14,12.5200,2020-07-14 10:23,12.9000,2020-07-14 10:23,12.9000,2020-07-14 10:25,12.7700,0,2,2,0,2,2,0.000000,0.030351,intraday,intraday,0,0
2020-07-14 10:28,12.7400,2020-07-14 10:48,13.1800,2020-07-14 10:54,13.2400,2020-07-14 10:56,13.0700,6,2,8,6,2,8,0.004552,0.039246,intraday,intraday,0,0
2020-07-14 11:05,12.9700,2020-07-14 11:33,13.4000,2020-07-14 11:50,13.5500,2020-07-14 11:54,13.4000,17,4,21,17,4,21,0.011194,0.044719,intraday,intraday,0,0
2020-07-14 13:08,13.1400,2020-07-14 13:53,13.5700,2020-07-14 13:56,13.6200,2020-07-14 13:58,13.4500,3,2,5,3,2,5,0.003685,0.036530,intraday,intraday,0,0
2020-07-14 13:58,13.4500,2020-07-14 15:50,13.9200,2020-07-15 09:30,14.2100,2020-07-15 09:30,13.9800,10,0,10,1060,0,1060,0.020833,0.056506,overnight,intraday,1,1
2020-07-15 10:02,13.4900,2020-07-15 10:47,13.9000,2020-07-15 10:53,13.9600,2020-07-15 10:57,13.8100,6,4,10,6,4,10,0.004317,0.034841,intraday,intraday,0,0
2020-07-15 12:04,13.1300,2020-07-15 12:57,13.5400,2020-07-15 13:46,13.7500,2020-07-15 14:00,13.5900,49,14,63,49,14,63,0.015510,0.047220,intraday,intraday,0,0
2020-07-16 10:02,13.1300,2020-07-16 10:37,13.5300,2020-07-16 10:44,13.5400,2020-07-16 10:49,13.4000,7,5,12,7,5,12,0.000739,0.031226,intraday,intraday,0,0
2020-07-16 11:19,13.1300,2020-07-16 13:07,13.5400,2020-07-16 14:31,13.7000,2020-07-16 14:48,13.5300,84,17,101,84,17,101,0.011817,0.043412,intraday,intraday,0,0
2020-07-16 14:59,13.4700,2020-07-17 09:35,13.9200,2020-07-17 09:35,13.9200,2020-07-17 09:41,13.7700,0,6,6,0,6,6,0.000000,0.033408,intraday,intraday,0,0
2020-07-17 10:45,13.6000,2020-07-20 09:31,14.0100,2020-07-20 09:31,14.0100,2020-07-20 09:33,13.8500,0,2,2,0,2,2,0.000000,0.030147,intraday,intraday,0,0
2020-07-20 09:43,13.6300,2020-07-20 10:09,14.0400,2020-07-20 11:49,14.2800,2020-07-20 12:01,14.1200,100,12,112,100,12,112,0.017094,0.047689,intraday,intraday,0,0
2020-07-20 12:02,14.1000,2020-07-20 15:17,14.5600,2020-07-21 09:32,15.0400,2020-07-21 09:35,14.8800,45,3,48,1095,3,1098,0.032967,0.066667,overnight,intraday,0,1
2020-07-21 11:57,14.3200,2020-07-21 14:16,14.7500,2020-07-21 14:16,14.7500,2020-07-21 15:08,14.6000,0,52,52,0,52,52,0.000000,0.030028,intraday,intraday,0,0
2020-07-21 15:52,14.2500,2020-07-22 09:53,14.7000,2020-07-22 10:10,14.9000,2020-07-22 10:24,14.7400,17,14,31,17,14,31,0.013605,0.045614,intraday,intraday,0,0
2020-07-22 11:13,14.2200,2020-07-22 15:50,14.6500,2020-07-22 15:50,14.6500,2020-07-23 09:30,14.5000,0,10,10,0,1060,1060,0.000000,0.030239,overnight,overnight,1,1
2020-07-23 09:34,14.4400,2020-07-23 10:40,14.8800,2020-07-23 10:49,14.9400,2020-07-23 10:54,14.7900,9,5,14,9,5,14,0.004032,0.034626,intraday,intraday,0,0
2020-07-23 14:17,13.5100,2020-07-23 14:51,13.9300,2020-07-23 15:00,13.9500,2020-07-23 15:07,13.8000,9,7,16,9,7,16,0.001436,0.032568,intraday,intraday,0,0
2020-07-24 09:40,12.6300,2020-07-24 09:44,13.0700,2020-07-24 09:44,13.0700,2020-07-24 09:46,12.9000,0,2,2,0,2,2,0.000000,0.034838,intraday,intraday,0,0
2020-07-24 09:50,12.8300,2020-07-24 10:03,13.2600,2020-07-24 10:09,13.3800,2020-07-24 10:12,13.2300,6,3,9,6,3,9,0.009050,0.042868,intraday,intraday,0,0
2020-07-24 10:12,13.2300,2020-07-24 10:52,13.6300,2020-07-24 11:01,13.7500,2020-07-24 11:03,13.5900,9,2,11,9,2,11,0.008804,0.039305,intraday,intraday,0,0
2020-07-24 15:34,13.0800,2020-07-27 09:30,13.8300,2020-07-27 09:32,13.8800,2020-07-27 09:32,13.7200,2,0,2,2,0,2,0.003615,0.061162,intraday,intraday,0,0
2020-07-27 09:32,13.7200,2020-07-27 09:40,14.1600,2020-07-27 10:01,14.4000,2020-07-27 10:04,14.2500,21,3,24,21,3,24,0.016949,0.049563,intraday,intraday,0,0
2020-07-27 11:38,13.9500,2020-07-27 12:44,14.3700,2020-07-27 13:39,14.4700,2020-07-27 14:55,14.3200,55,76,131,55,76,131,0.006959,0.037276,intraday,intraday,0,0
2020-07-28 09:57,13.5500,2020-07-28 10:19,13.9600,2020-07-28 10:30,13.9900,2020-07-28 10:37,13.8400,11,7,18,11,7,18,0.002149,0.032472,intraday,intraday,0,0
2020-07-28 15:58,13.5800,2020-07-29 09:30,14.1000,2020-07-29 09:30,14.1000,2020-07-29 09:31,13.9500,0,1,1,0,1,1,0.000000,0.038292,intraday,intraday,0,0
2020-07-29 09:31,13.9500,2020-07-29 11:24,14.3800,2020-07-29 11:25,14.3900,2020-07-29 11:47,14.2400,1,22,23,1,22,23,0.000695,0.031541,intraday,intraday,0,0
2020-07-29 12:09,14.1100,2020-07-29 14:32,14.5400,2020-07-29 14:43,14.6500,2020-07-29 14:59,14.5000,11,16,27,11,16,27,0.007565,0.038271,intraday,intraday,0,0
2020-07-30 09:30,14.3000,2020-07-30 09:45,14.7400,2020-07-30 09:47,14.8900,2020-07-30 09:48,14.7200,2,1,3,2,1,3,0.010176,0.041259,intraday,intraday,0,0
2020-07-30 10:00,14.3500,2020-07-30 10:38,14.7900,2020-07-30 10:40,14.8200,2020-07-30 10:45,14.6600,2,5,7,2,5,7,0.002028,0.032753,intraday,intraday,0,0
2020-07-30 10:52,14.6200,2020-07-30 12:56,15.0600,2020-07-30 13:15,15.2100,2020-07-30 13:32,15.0400,19,17,36,19,17,36,0.009960,0.040356,intraday,intraday,0,0
2020-07-31 10:20,14.5700,2020-07-31 11:13,15.0100,2020-07-31 11:33,15.1200,2020-07-31 11:56,14.9600,20,23,43,20,23,43,0.007328,0.037749,intraday,intraday,0,0
2020-07-31 14:09,14.4500,2020-07-31 15:04,14.9200,2020-08-03 09:30,15.5500,2020-08-03 09:30,15.3900,56,0,56,3986,0,3986,0.042225,0.076125,weekend,intraday,1,1
2020-08-03 09:30,15.3900,2020-08-03 09:36,15.8600,2020-08-03 09:40,15.9200,2020-08-03 09:42,15.7600,4,2,6,4,2,6,0.003783,0.034438,intraday,intraday,0,0
2020-08-03 09:42,15.7600,2020-08-04 09:46,16.2700,2020-08-04 10:01,16.3300,2020-08-04 10:24,16.1600,15,23,38,15,23,38,0.003688,0.036168,intraday,intraday,0,0
2020-08-04 14:35,16.1500,2020-08-04 15:55,16.6700,2020-08-04 15:59,16.7100,2020-08-05 09:30,16.5300,4,1,5,4,1051,1055,0.002400,0.034675,overnight,overnight,1,1
2020-08-05 09:44,16.2700,2020-08-05 10:00,16.7600,2020-08-05 10:13,16.8500,2020-08-05 10:31,16.6200,13,18,31,13,18,31,0.005370,0.035648,intraday,intraday,0,0
2020-08-06 10:51,16.0900,2020-08-06 14:10,16.5800,2020-08-06 14:44,16.6700,2020-08-06 15:50,16.5000,34,66,100,34,66,100,0.005428,0.036047,intraday,intraday,0,0
2020-08-07 14:30,15.4400,2020-08-07 15:44,15.9200,2020-08-10 09:32,16.2200,2020-08-10 09:45,16.0300,18,13,31,3948,13,3961,0.018844,0.050518,weekend,intraday,0,1
2020-08-10 11:00,15.3300,2020-08-10 11:52,15.7900,2020-08-10 13:13,16.2300,2020-08-10 13:46,16.0600,81,33,114,81,33,114,0.027866,0.058708,intraday,intraday,0,0
2020-08-11 09:35,15.7600,2020-08-11 09:42,16.2700,2020-08-11 09:47,16.3900,2020-08-11 09:49,16.2100,5,2,7,5,2,7,0.007376,0.039975,intraday,intraday,0,0
2020-08-11 10:08,15.8900,2020-08-11 12:22,16.3700,2020-08-11 13:28,16.4700,2020-08-11 13:48,16.2900,66,20,86,66,20,86,0.006109,0.036501,intraday,intraday,0,0
2020-08-11 15:53,15.3800,2020-08-12 09:30,15.9400,2020-08-12 09:33,16.0500,2020-08-12 09:38,15.8500,3,5,8,3,5,8,0.006901,0.043563,intraday,intraday,0,0
2020-08-12 09:39,15.7700,2020-08-12 10:07,16.2600,2020-08-12 12:44,17.0300,2020-08-12 12:59,16.8400,157,15,172,157,15,172,0.047355,0.079899,intraday,intraday,0,0
2020-08-13 14:51,16.2700,2020-08-14 09:32,16.7700,2020-08-14 09:42,17.0700,2020-08-14 09:46,16.7800,10,4,14,10,4,14,0.017889,0.049170,intraday,intraday,0,0
2020-08-14 15:15,16.3100,2020-08-17 09:30,16.9000,2020-08-17 09:33,16.9500,2020-08-17 09:34,16.7800,3,1,4,3,1,4,0.002959,0.039240,intraday,intraday,0,0
2020-08-17 09:34,16.7800,2020-08-18 09:30,17.3300,2020-08-18 09:38,17.3700,2020-08-18 09:44,17.1700,8,6,14,8,6,14,0.002308,0.035161,intraday,intraday,0,0
2020-08-20 09:33,15.7200,2020-08-20 09:45,16.2000,2020-08-20 09:54,16.2800,2020-08-20 10:09,16.1100,9,15,24,9,15,24,0.004938,0.035623,intraday,intraday,0,0
2020-08-20 11:09,15.6900,2020-08-20 15:42,16.1700,2020-08-20 15:44,16.1900,2020-08-20 15:57,16.0200,2,13,15,2,13,15,0.001237,0.031867,intraday,intraday,0,0
2020-08-21 09:34,15.7700,2020-08-21 12:36,16.2500,2020-08-21 13:00,16.3000,2020-08-21 13:56,16.1300,24,56,80,24,56,80,0.003077,0.033608,intraday,intraday,0,0
2020-08-21 13:57,16.1200,2020-08-24 09:30,16.9900,2020-08-24 09:30,16.9900,2020-08-24 09:36,16.8100,0,6,6,0,6,6,0.000000,0.053970,intraday,intraday,0,0
2020-08-24 15:06,16.4700,2020-08-25 09:30,17.0100,2020-08-25 09:34,17.2700,2020-08-25 09:38,17.0400,4,4,8,4,4,8,0.015285,0.048573,intraday,intraday,0,0
2020-08-25 10:12,16.9100,2020-08-26 09:30,17.5100,2020-08-26 09:32,17.5300,2020-08-26 09:34,17.3300,2,2,4,2,2,4,0.001142,0.036665,intraday,intraday,0,0
2020-08-27 10:06,16.7700,2020-08-27 10:57,17.3100,2020-08-27 11:03,17.4200,2020-08-27 11:16,17.2300,6,13,19,6,13,19,0.006355,0.038760,intraday,intraday,0,0
2020-08-27 13:05,16.5900,2020-08-27 14:36,17.0900,2020-08-27 15:21,17.1800,2020-08-27 15:46,16.9700,45,25,70,45,25,70,0.005266,0.035564,intraday,intraday,0,0
2020-08-27 15:57,16.8600,2020-08-28 10:04,17.3700,2020-08-28 10:06,17.4100,2020-08-28 10:33,17.2000,2,27,29,2,27,29,0.002303,0.032622,intraday,intraday,0,0
2020-08-28 10:51,17.0900,2020-08-28 14:11,17.6100,2020-08-28 15:58,17.8700,2020-08-31 09:36,17.6000,107,8,115,107,3938,4045,0.014764,0.045641,weekend,weekend,0,1
2020-08-31 09:57,17.3900,2020-08-31 12:14,17.9200,2020-08-31 13:46,18.1900,2020-08-31 15:03,18.0000,92,77,169,92,77,169,0.015067,0.046003,intraday,intraday,0,0
2020-08-31 15:59,17.7700,2020-09-01 09:45,18.3700,2020-09-01 10:11,18.7200,2020-09-01 10:17,18.5200,26,6,32,26,6,32,0.019053,0.053461,intraday,intraday,0,0
2020-09-01 11:34,18.4400,2020-09-02 09:30,19.7600,2020-09-02 09:33,19.9600,2020-09-02 09:33,19.6800,3,0,3,3,0,3,0.010121,0.082430,intraday,intraday,0,0
2020-09-02 09:56,19.1200,2020-09-02 10:05,19.7200,2020-09-02 10:05,19.7200,2020-09-02 10:07,19.5200,0,2,2,0,2,2,0.000000,0.031381,intraday,intraday,0,0
2020-09-02 11:39,19.4800,2020-09-02 12:42,20.0800,2020-09-02 15:20,20.7600,2020-09-02 15:31,20.5100,158,11,169,158,11,169,0.033865,0.065708,intraday,intraday,0,0
2020-09-03 09:46,18.4800,2020-09-03 10:02,19.0400,2020-09-03 10:02,19.0400,2020-09-03 10:05,18.8300,0,3,3,0,3,3,0.000000,0.030303,intraday,intraday,0,0
2020-09-03 10:48,17.6000,2020-09-03 10:54,18.1700,2020-09-03 10:54,18.1700,2020-09-03 10:55,17.9800,0,1,1,0,1,1,0.000000,0.032386,intraday,intraday,0,0
2020-09-03 11:21,16.9700,2020-09-03 11:29,17.5300,2020-09-03 11:31,17.6100,2020-09-03 11:33,17.4300,2,2,4,2,2,4,0.004564,0.037714,intraday,intraday,0,0
2020-09-03 11:37,17.2700,2020-09-03 11:40,17.8100,2020-09-03 11:43,17.9100,2020-09-03 11:45,17.7300,3,2,5,3,2,5,0.005615,0.037058,intraday,intraday,0,0
2020-09-03 13:03,16.6800,2020-09-03 13:28,17.2200,2020-09-03 13:29,17.2800,2020-09-03 13:30,17.0800,1,1,2,1,1,2,0.003484,0.035971,intraday,intraday,0,0
2020-09-04 09:30,16.5400,2020-09-04 09:32,17.1100,2020-09-04 09:33,17.3100,2020-09-04 09:33,17.0800,1,0,1,1,0,1,0.011689,0.046554,intraday,intraday,0,0
2020-09-04 10:44,14.6700,2020-09-04 10:47,15.2000,2020-09-04 10:49,15.2900,2020-09-04 10:49,15.1000,2,0,2,2,0,2,0.005921,0.042263,intraday,intraday,0,0
2020-09-04 10:50,15.0000,2020-09-04 10:56,15.5000,2020-09-04 10:59,15.5200,2020-09-04 11:01,15.2700,3,2,5,3,2,5,0.001290,0.034667,intraday,intraday,0,0
2020-09-04 11:27,15.0400,2020-09-04 11:36,15.5300,2020-09-04 11:41,15.6300,2020-09-04 11:42,15.4300,5,1,6,5,1,6,0.006439,0.039229,intraday,intraday,0,0
2020-09-04 11:44,15.3900,2020-09-04 11:53,15.8800,2020-09-04 11:55,15.9000,2020-09-04 11:56,15.7200,2,1,3,2,1,3,0.001259,0.033138,intraday,intraday,0,0
2020-09-04 12:13,15.6700,2020-09-04 12:32,16.1500,2020-09-04 12:38,16.2900,2020-09-04 12:41,16.1200,6,3,9,6,3,9,0.008669,0.039566,intraday,intraday,0,0
2020-09-04 13:19,15.6000,2020-09-04 14:17,16.0700,2020-09-04 14:28,16.2500,2020-09-04 14:30,16.0700,11,2,13,11,2,13,0.011201,0.041667,intraday,intraday,0,0
2020-09-04 14:30,16.0700,2020-09-04 14:47,16.6500,2020-09-04 14:47,16.6500,2020-09-04 14:50,16.4600,0,3,3,0,3,3,0.000000,0.036092,intraday,intraday,0,0
2020-09-04 14:50,16.4600,2020-09-04 15:25,16.9700,2020-09-04 15:28,17.0200,2020-09-04 15:30,16.8200,3,2,5,3,2,5,0.002946,0.034022,intraday,intraday,0,0
2020-09-08 09:41,14.3000,2020-09-08 09:46,14.7600,2020-09-08 09:47,14.8700,2020-09-08 09:47,14.7200,1,0,1,1,0,1,0.007453,0.039860,intraday,intraday,0,0
2020-09-08 09:50,14.6300,2020-09-08 09:56,15.0700,2020-09-08 10:01,15.1400,2020-09-08 10:02,14.9400,5,1,6,5,1,6,0.004645,0.034860,intraday,intraday,0,0
2020-09-08 10:06,14.8500,2020-09-08 10:14,15.3300,2020-09-08 10:20,15.4200,2020-09-08 10:21,15.2400,6,1,7,6,1,7,0.005871,0.038384,intraday,intraday,0,0
2020-09-08 11:52,14.7900,2020-09-08 12:53,15.2500,2020-09-08 12:53,15.2500,2020-09-08 13:03,15.0800,0,10,10,0,10,10,0.000000,0.031102,intraday,intraday,0,0
2020-09-08 15:07,14.2200,2020-09-08 15:30,14.6800,2020-09-08 15:30,14.6800,2020-09-08 15:34,14.5100,0,4,4,0,4,4,0.000000,0.032349,intraday,intraday,0,0
2020-09-08 15:57,14.1300,2020-09-09 09:30,15.2500,2020-09-09 09:30,15.2500,2020-09-09 09:32,15.0400,0,2,2,0,2,2,0.000000,0.079264,intraday,intraday,0,0
2020-09-09 09:51,14.6700,2020-09-09 10:30,15.1200,2020-09-09 11:04,15.4100,2020-09-09 11:09,15.1500,34,5,39,34,5,39,0.019180,0.050443,intraday,intraday,0,0
2020-09-09 11:10,15.1000,2020-09-09 13:00,15.5800,2020-09-09 13:12,15.6900,2020-09-09 13:19,15.5100,12,7,19,12,7,19,0.007060,0.039073,intraday,intraday,0,0
2020-09-09 14:27,15.2500,2020-09-10 09:30,15.8900,2020-09-10 09:34,16.0800,2020-09-10 09:36,15.8000,4,2,6,4,2,6,0.011957,0.054426,intraday,intraday,0,0
2020-09-10 11:00,15.3200,2020-09-10 11:44,15.7800,2020-09-10 11:44,15.7800,2020-09-10 11:53,15.6100,0,9,9,0,9,9,0.000000,0.030026,intraday,intraday,0,0
2020-09-10 15:20,14.4300,2020-09-10 15:43,14.8700,2020-09-10 15:44,14.8800,2020-09-10 15:48,14.7300,1,4,5,1,4,5,0.000672,0.031185,intraday,intraday,0,0
2020-09-10 15:49,14.6000,2020-09-11 09:30,15.2300,2020-09-11 09:31,15.2700,2020-09-11 09:32,15.0800,1,1,2,1,1,2,0.002626,0.045890,intraday,intraday,0,0
2020-09-11 09:36,14.9300,2020-09-11 09:48,15.4100,2020-09-11 09:49,15.4800,2020-09-11 09:53,15.3000,1,4,5,1,4,5,0.004543,0.036839,intraday,intraday,0,0
2020-09-11 10:11,14.8600,2020-09-11 10:22,15.3200,2020-09-11 10:23,15.3300,2020-09-11 10:26,15.1600,1,3,4,1,3,4,0.000653,0.031629,intraday,intraday,0,0
2020-09-11 13:32,14.1900,2020-09-11 14:13,14.6400,2020-09-11 14:13,14.6400,2020-09-11 14:20,14.4500,0,7,7,0,7,7,0.000000,0.031712,intraday,intraday,0,0
2020-09-11 15:10,14.3500,2020-09-11 15:30,14.8000,2020-09-11 15:34,14.8100,2020-09-11 15:37,14.6400,4,3,7,4,3,7,0.000676,0.032056,intraday,intraday,0,0
2020-09-11 15:50,14.5600,2020-09-14 09:30,15.6500,2020-09-14 09:31,15.7000,2020-09-14 09:33,15.5300,1,2,3,1,2,3,0.003195,0.078297,intraday,intraday,0,0
2020-09-14 13:32,15.2100,2020-09-14 15:44,15.6700,2020-09-14 15:49,15.7400,2020-09-14 15:59,15.5700,5,10,15,5,10,15,0.004467,0.034845,intraday,intraday,0,0
2020-09-14 15:59,15.5700,2020-09-15 09:30,16.2000,2020-09-15 09:40,16.2700,2020-09-15 09:45,16.1000,10,5,15,10,5,15,0.004321,0.044958,intraday,intraday,0,0
2020-09-15 09:45,16.1000,2020-09-15 12:31,16.5900,2020-09-15 12:45,16.6900,2020-09-15 13:21,16.5200,14,36,50,14,36,50,0.006028,0.036646,intraday,intraday,0,0
2020-09-15 15:38,16.1800,2020-09-16 09:32,16.7600,2020-09-16 09:33,16.7800,2020-09-16 09:36,16.6000,1,3,4,1,3,4,0.001193,0.037083,intraday,intraday,0,0
2020-09-17 09:30,14.5500,2020-09-17 09:37,14.9900,2020-09-17 09:38,15.0000,2020-09-17 09:42,14.8400,1,4,5,1,4,5,0.000667,0.030928,intraday,intraday,0,0
2020-09-17 09:42,14.8400,2020-09-17 10:00,15.3000,2020-09-17 10:05,15.4100,2020-09-17 10:05,15.2400,5,0,5,5,0,5,0.007190,0.038410,intraday,intraday,0,0
2020-09-17 10:26,15.1400,2020-09-17 10:42,15.6200,2020-09-17 11:15,15.9700,2020-09-17 11:17,15.8000,33,2,35,33,2,35,0.022407,0.054822,intraday,intraday,0,0
2020-09-17 12:17,15.1400,2020-09-17 13:07,15.6300,2020-09-17 14:08,15.8300,2020-09-17 14:28,15.6000,61,20,81,61,20,81,0.012796,0.045575,intraday,intraday,0,0
2020-09-17 15:04,15.4300,2020-09-18 09:30,16.2000,2020-09-18 09:30,16.2000,2020-09-18 09:31,15.9500,0,1,1,0,1,1,0.000000,0.049903,intraday,intraday,0,0
2020-09-18 13:31,14.5200,2020-09-18 13:59,14.9600,2020-09-18 15:31,15.3600,2020-09-18 15:50,15.1500,92,19,111,92,19,111,0.026738,0.057851,intraday,intraday,0,0
2020-09-21 09:30,14.1900,2020-09-21 09:32,14.6500,2020-09-21 09:32,14.6500,2020-09-21 09:33,14.4600,0,1,1,0,1,1,0.000000,0.032417,intraday,intraday,0,0
2020-09-21 09:40,13.9000,2020-09-21 09:48,14.3800,2020-09-21 09:49,14.5100,2020-09-21 09:54,14.3200,1,5,6,1,5,6,0.009040,0.043885,intraday,intraday,0,0
2020-09-21 10:40,13.8900,2020-09-21 11:03,14.3200,2020-09-21 11:09,14.4100,2020-09-21 11:13,14.2600,6,4,10,6,4,10,0.006285,0.037437,intraday,intraday,0,0
2020-09-21 11:25,14.0800,2020-09-21 11:46,14.5100,2020-09-21 12:08,14.8400,2020-09-21 12:16,14.6900,22,8,30,22,8,30,0.022743,0.053977,intraday,intraday,0,0
2020-09-21 14:48,14.3900,2020-09-21 15:24,14.8500,2020-09-21 15:45,14.9100,2020-09-21 15:50,14.7600,21,5,26,21,5,26,0.004040,0.036136,intraday,intraday,0,0
2020-09-21 15:50,14.7600,2020-09-22 09:30,15.4000,2020-09-22 09:30,15.4000,2020-09-22 09:31,15.1300,0,1,1,0,1,1,0.000000,0.043360,intraday,intraday,0,0
2020-09-22 11:03,14.5500,2020-09-22 12:10,15.0000,2020-09-22 12:12,15.0600,2020-09-22 12:46,14.9000,2,34,36,2,34,36,0.004000,0.035052,intraday,intraday,0,0
2020-09-22 12:56,14.8500,2020-09-22 13:54,15.3000,2020-09-22 14:15,15.4300,2020-09-22 14:35,15.2600,21,20,41,21,20,41,0.008497,0.039057,intraday,intraday,0,0
2020-09-22 15:00,15.2500,2020-09-23 09:47,15.7100,2020-09-23 09:49,15.7900,2020-09-23 09:51,15.6000,2,2,4,2,2,4,0.005092,0.035410,intraday,intraday,0,0
2020-09-24 09:30,14.0700,2020-09-24 09:45,14.5100,2020-09-24 09:55,14.7500,2020-09-24 09:58,14.6000,10,3,13,10,3,13,0.016540,0.048330,intraday,intraday,0,0
2020-09-24 10:35,14.5000,2020-09-24 11:15,14.9400,2020-09-24 11:15,14.9400,2020-09-24 11:18,14.7800,0,3,3,0,3,3,0.000000,0.030345,intraday,intraday,0,0
2020-09-24 11:18,14.7800,2020-09-24 13:10,15.2400,2020-09-24 13:46,15.4100,2020-09-24 13:59,15.1900,36,13,49,36,13,49,0.011155,0.042625,intraday,intraday,0,0
2020-09-25 09:50,14.2200,2020-09-25 10:22,14.6700,2020-09-25 10:40,14.8800,2020-09-25 10:49,14.7300,18,9,27,18,9,27,0.014315,0.046414,intraday,intraday,0,0
2020-09-25 11:04,14.6400,2020-09-25 12:14,15.1100,2020-09-25 12:15,15.1300,2020-09-25 12:27,14.9700,1,12,13,1,12,13,0.001324,0.033470,intraday,intraday,0,0
2020-09-25 12:38,14.9300,2020-09-25 14:07,15.3900,2020-09-25 14:07,15.3900,2020-09-25 14:13,15.2200,0,6,6,0,6,6,0.000000,0.030810,intraday,intraday,0,0
2020-09-25 14:42,15.2100,2020-09-28 09:30,16.0700,2020-09-28 09:30,16.0700,2020-09-28 09:31,15.8700,0,1,1,0,1,1,0.000000,0.056542,intraday,intraday,0,0
2020-09-28 09:50,15.7600,2020-09-28 10:16,16.2400,2020-09-28 10:32,16.3600,2020-09-28 10:50,16.1800,16,18,34,16,18,34,0.007389,0.038071,intraday,intraday,0,0
2020-09-28 10:55,16.1200,2020-09-28 14:52,16.6100,2020-09-28 15:17,16.7200,2020-09-28 15:31,16.5400,25,14,39,25,14,39,0.006623,0.037221,intraday,intraday,0,0
2020-09-28 15:33,16.4900,2020-09-29 09:47,17.0300,2020-09-29 09:50,17.1500,2020-09-29 09:52,16.9500,3,2,5,3,2,5,0.007046,0.040024,intraday,intraday,0,0
2020-09-30 09:35,16.6000,2020-09-30 10:00,17.1700,2020-09-30 10:25,17.4000,2020-09-30 10:41,17.1900,25,16,41,25,16,41,0.013395,0.048193,intraday,intraday,0,0
2020-09-30 15:20,16.6200,2020-10-01 09:30,17.7800,2020-10-01 09:36,17.9600,2020-10-01 09:36,17.7700,6,0,6,6,0,6,0.010124,0.080626,intraday,intraday,0,0
2020-10-01 11:10,17.3400,2020-10-01 13:54,17.9000,2020-10-01 13:54,17.9000,2020-10-01 13:59,17.6700,0,5,5,0,5,5,0.000000,0.032295,intraday,intraday,0,0
2020-10-02 09:30,16.6100,2020-10-02 09:38,17.1200,2020-10-02 09:39,17.2000,2020-10-02 09:45,16.9900,1,6,7,1,6,7,0.004673,0.035521,intraday,intraday,0,0
2020-10-02 09:53,16.9300,2020-10-02 10:28,17.4500,2020-10-02 10:28,17.4500,2020-10-02 10:32,17.2500,0,4,4,0,4,4,0.000000,0.030715,intraday,intraday,0,0
2020-10-02 12:05,16.3900,2020-10-02 12:14,16.8900,2020-10-02 12:20,17.0100,2020-10-02 12:31,16.8100,6,11,17,6,11,17,0.007105,0.037828,intraday,intraday,0,0
2020-10-02 15:59,16.2800,2020-10-05 09:30,16.8900,2020-10-05 10:33,17.5600,2020-10-05 10:39,17.3800,63,6,69,63,6,69,0.039668,0.078624,intraday,intraday,0,0
2020-10-05 11:01,17.3100,2020-10-05 15:09,17.8300,2020-10-06 09:30,18.0600,2020-10-06 09:30,17.8600,51,0,51,1101,0,1101,0.012900,0.043328,overnight,intraday,1,1
2020-10-06 09:30,17.8600,2020-10-06 10:18,18.4000,2020-10-06 10:41,18.6100,2020-10-06 10:43,18.3800,23,2,25,23,2,25,0.011413,0.041993,intraday,intraday,0,0
2020-10-06 11:51,18.0900,2020-10-06 13:53,18.6400,2020-10-06 14:46,18.8900,2020-10-06 14:49,18.5500,53,3,56,53,3,56,0.013412,0.044223,intraday,intraday,0,0
2020-10-06 15:53,17.4000,2020-10-07 09:30,18.4600,2020-10-07 09:57,18.7500,2020-10-07 10:13,18.5400,27,16,43,27,16,43,0.015710,0.077586,intraday,intraday,0,0
2020-10-07 10:40,18.3500,2020-10-08 09:30,19.1700,2020-10-08 09:34,19.2400,2020-10-08 09:44,19.0300,4,10,14,4,10,14,0.003652,0.048501,intraday,intraday,0,0
2020-10-08 09:45,18.9500,2020-10-09 09:30,20.4700,2020-10-09 09:35,20.4900,2020-10-09 09:37,20.2600,5,2,7,5,2,7,0.000977,0.081266,intraday,intraday,0,0
2020-10-09 10:25,19.9200,2020-10-12 09:30,21.0900,2020-10-12 09:30,21.0900,2020-10-12 09:31,20.8000,0,1,1,0,1,1,0.000000,0.058735,intraday,intraday,0,0
2020-10-12 09:31,20.8000,2020-10-12 14:02,21.4300,2020-10-12 14:31,21.5500,2020-10-12 15:09,21.3200,29,38,67,29,38,67,0.005600,0.036058,intraday,intraday,0,0
2020-10-13 10:12,20.8300,2020-10-13 11:10,21.5000,2020-10-13 11:38,21.6800,2020-10-13 11:43,21.4500,28,5,33,28,5,33,0.008372,0.040807,intraday,intraday,0,0
2020-10-13 14:30,20.9200,2020-10-14 09:37,21.5500,2020-10-14 09:46,21.5900,2020-10-14 09:55,21.3200,9,9,18,9,9,18,0.001856,0.032027,intraday,intraday,0,0
2020-10-14 12:24,20.4900,2020-10-14 15:11,21.1100,2020-10-14 15:32,21.1500,2020-10-14 15:47,20.9300,21,15,36,21,15,36,0.001895,0.032211,intraday,intraday,0,0
2020-10-15 09:30,19.5800,2020-10-15 09:49,20.1900,2020-10-15 09:55,20.3100,2020-10-15 10:08,20.0800,6,13,19,6,13,19,0.005944,0.037283,intraday,intraday,0,0
2020-10-15 10:37,19.8100,2020-10-15 11:52,20.4200,2020-10-15 11:52,20.4200,2020-10-15 12:12,20.1800,0,20,20,0,20,20,0.000000,0.030793,intraday,intraday,0,0
2020-10-15 12:45,20.1100,2020-10-15 15:27,20.7400,2020-10-15 15:43,20.8300,2020-10-15 15:50,20.6100,16,7,23,16,7,23,0.004339,0.035803,intraday,intraday,0,0
2020-10-16 15:59,20.3600,2020-10-19 09:33,21.0100,2020-10-19 09:43,21.2600,2020-10-19 09:54,20.9600,10,11,21,10,11,21,0.011899,0.044204,intraday,intraday,0,0
2020-10-19 15:24,19.8500,2020-10-20 10:05,20.4600,2020-10-20 10:09,20.5100,2020-10-20 10:27,20.2800,4,18,22,4,18,22,0.002444,0.033249,intraday,intraday,0,0
2020-10-22 10:50,18.9100,2020-10-22 11:51,19.4800,2020-10-22 11:51,19.4800,2020-10-22 12:03,19.2700,0,12,12,0,12,12,0.000000,0.030143,intraday,intraday,0,0
2020-10-22 12:04,19.2300,2020-10-22 13:53,19.8300,2020-10-22 14:16,19.9200,2020-10-22 14:50,19.6900,23,34,57,23,34,57,0.004539,0.035881,intraday,intraday,0,0
2020-10-26 13:34,17.4000,2020-10-26 14:40,17.9300,2020-10-26 14:40,17.9300,2020-10-26 14:46,17.7500,0,6,6,0,6,6,0.000000,0.030460,intraday,intraday,0,0
2020-10-26 14:47,17.7300,2020-10-27 09:30,18.6700,2020-10-27 09:30,18.6700,2020-10-27 09:31,18.3600,0,1,1,0,1,1,0.000000,0.053017,intraday,intraday,0,0
2020-10-28 10:58,16.1000,2020-10-28 12:14,16.5900,2020-10-28 12:18,16.6000,2020-10-28 12:31,16.4300,4,13,17,4,13,17,0.000603,0.031056,intraday,intraday,0,0
2020-10-28 13:17,16.1700,2020-10-28 15:24,16.6600,2020-10-28 15:32,16.7000,2020-10-28 15:37,16.5100,8,5,13,8,5,13,0.002401,0.032777,intraday,intraday,0,0
2020-10-28 15:59,16.0900,2020-10-29 09:55,16.6000,2020-10-29 10:10,16.9600,2020-10-29 10:15,16.7800,15,5,20,15,5,20,0.021687,0.054071,intraday,intraday,0,0
2020-10-29 10:15,16.7800,2020-10-29 11:27,17.2900,2020-10-29 11:29,17.3000,2020-10-29 11:41,17.1100,2,12,14,2,12,14,0.000578,0.030989,intraday,intraday,0,0
2020-10-29 11:58,16.9100,2020-10-29 13:01,17.4300,2020-10-29 14:29,17.9000,2020-10-29 14:45,17.7200,88,16,104,88,16,104,0.026965,0.058545,intraday,intraday,0,0
2020-10-30 11:40,16.1100,2020-10-30 12:27,16.6500,2020-10-30 12:29,16.6700,2020-10-30 12:36,16.4800,2,7,9,2,7,9,0.001201,0.034761,intraday,intraday,0,0
2020-10-30 13:38,16.0100,2020-10-30 15:59,16.6100,2020-11-02 09:30,17.1500,2020-11-02 09:31,16.8900,1,1,2,3931,1,3932,0.032511,0.071205,weekend,intraday,0,1
2020-11-02 09:31,16.8900,2020-11-02 10:00,17.4000,2020-11-02 10:00,17.4000,2020-11-02 10:01,17.1900,0,1,1,0,1,1,0.000000,0.030195,intraday,intraday,0,0
2020-11-02 14:00,16.4200,2020-11-03 09:30,17.4100,2020-11-03 10:31,18.2600,2020-11-03 10:35,18.0500,61,4,65,61,4,65,0.048823,0.112058,intraday,intraday,0,0
2020-11-03 13:58,17.6200,2020-11-04 09:30,18.9700,2020-11-04 09:30,18.9700,2020-11-04 09:31,18.7400,0,1,1,0,1,1,0.000000,0.076617,intraday,intraday,0,0
2020-11-04 09:42,18.2800,2020-11-04 09:59,18.8300,2020-11-04 10:27,19.4300,2020-11-04 10:37,19.1900,28,10,38,28,10,38,0.031864,0.062910,intraday,intraday,0,0
2020-11-04 11:16,18.9500,2020-11-04 11:55,19.5800,2020-11-04 11:58,19.6100,2020-11-04 12:09,19.4000,3,11,14,3,11,14,0.001532,0.034828,intraday,intraday,0,0
2020-11-04 12:10,19.3400,2020-11-04 14:11,19.9300,2020-11-04 14:24,19.9400,2020-11-04 14:42,19.7400,13,18,31,13,18,31,0.000502,0.031024,intraday,intraday,0,0
2020-11-04 15:32,19.5400,2020-11-05 09:30,21.5700,2020-11-05 10:10,22.2400,2020-11-05 10:12,21.9800,40,2,42,40,2,42,0.031062,0.138178,intraday,intraday,0,0
2020-11-05 10:47,21.6700,2020-11-05 14:25,22.3300,2020-11-05 15:02,22.4900,2020-11-05 15:13,22.2600,37,11,48,37,11,48,0.007165,0.037840,intraday,intraday,0,0
2020-11-06 09:59,21.9300,2020-11-06 10:12,22.6500,2020-11-06 10:27,22.9300,2020-11-06 10:34,22.7000,15,7,22,15,7,22,0.012362,0.045600,intraday,intraday,0,0
2020-11-06 10:59,22.5700,2020-11-06 13:03,23.2500,2020-11-06 14:08,23.4300,2020-11-06 14:29,23.1900,65,21,86,65,21,86,0.007742,0.038104,intraday,intraday,0,0
2020-11-06 15:02,23.1200,2020-11-09 09:30,25.3300,2020-11-09 09:32,25.4500,2020-11-09 09:33,25.0000,2,1,3,2,1,3,0.004737,0.100779,intraday,intraday,0,0
2020-11-09 09:42,24.2700,2020-11-09 09:47,25.0100,2020-11-09 09:47,25.0100,2020-11-09 09:50,24.5600,0,3,3,0,3,3,0.000000,0.030490,intraday,intraday,0,0
2020-11-09 09:51,24.3400,2020-11-09 10:04,25.0800,2020-11-09 10:04,25.0800,2020-11-09 10:07,24.7600,0,3,3,0,3,3,0.000000,0.030403,intraday,intraday,0,0
2020-11-09 10:07,24.7600,2020-11-09 10:30,25.5700,2020-11-09 10:31,25.6000,2020-11-09 10:36,25.3000,1,5,6,1,5,6,0.001173,0.033926,intraday,intraday,0,0
2020-11-10 09:48,21.1300,2020-11-10 10:04,21.8300,2020-11-10 10:04,21.8300,2020-11-10 10:06,21.6000,0,2,2,0,2,2,0.000000,0.033128,intraday,intraday,0,0
2020-11-10 10:44,20.5200,2020-11-10 11:05,21.1900,2020-11-10 11:13,21.2300,2020-11-10 11:16,20.9900,8,3,11,8,3,11,0.001888,0.034600,intraday,intraday,0,0
2020-11-10 11:21,20.8500,2020-11-10 11:40,21.4800,2020-11-10 11:46,21.7600,2020-11-10 11:51,21.5300,6,5,11,6,5,11,0.013035,0.043645,intraday,intraday,0,0
2020-11-10 15:56,20.4100,2020-11-11 09:30,21.7900,2020-11-11 09:31,21.9600,2020-11-11 09:31,21.6700,1,0,1,1,0,1,0.007802,0.075943,intraday,intraday,0,0
2020-11-11 09:31,21.6700,2020-11-11 09:44,22.3500,2020-11-11 09:53,22.5500,2020-11-11 09:56,22.2700,9,3,12,9,3,12,0.008949,0.040609,intraday,intraday,0,0
2020-11-11 10:50,21.9800,2020-11-11 11:46,22.6400,2020-11-11 12:11,22.7800,2020-11-11 12:55,22.5500,25,44,69,25,44,69,0.006184,0.036397,intraday,intraday,0,0
2020-11-12 09:49,22.2900,2020-11-12 10:40,22.9800,2020-11-12 10:41,23.0900,2020-11-12 10:47,22.8400,1,6,7,1,6,7,0.004787,0.035891,intraday,intraday,0,0
2020-11-12 15:05,21.5800,2020-11-13 09:30,22.8700,2020-11-13 09:56,23.3100,2020-11-13 10:05,23.0000,26,9,35,26,9,35,0.019239,0.080167,intraday,intraday,0,0
2020-11-13 13:55,22.2800,2020-11-16 09:30,23.3300,2020-11-16 09:35,23.6600,2020-11-16 09:35,23.3000,5,0,5,5,0,5,0.014145,0.061939,intraday,intraday,0,0
2020-11-16 09:35,23.3000,2020-11-16 10:09,24.0000,2020-11-16 11:11,24.4500,2020-11-16 11:25,24.2000,62,14,76,62,14,76,0.018750,0.049356,intraday,intraday,0,0
2020-11-16 13:47,23.7100,2020-11-16 15:59,24.4400,2020-11-16 15:59,24.4400,2020-11-17 09:30,23.9800,0,1,1,0,1051,1051,0.000000,0.030789,overnight,overnight,1,1
2020-11-17 09:52,23.2800,2020-11-17 10:42,23.9800,2020-11-17 11:00,24.0400,2020-11-17 11:25,23.6300,18,25,43,18,25,43,0.002502,0.032646,intraday,intraday,0,0
2020-11-18 10:01,23.4400,2020-11-18 11:56,24.1600,2020-11-18 12:37,24.4500,2020-11-18 13:01,24.1700,41,24,65,41,24,65,0.012003,0.043089,intraday,intraday,0,0
2020-11-19 09:33,22.6800,2020-11-19 09:54,23.3700,2020-11-19 10:00,23.5300,2020-11-19 10:12,23.2700,6,12,18,6,12,18,0.006846,0.037478,intraday,intraday,0,0
2020-11-19 10:27,23.1100,2020-11-19 12:01,23.8200,2020-11-19 12:07,23.8700,2020-11-19 12:27,23.6000,6,20,26,6,20,26,0.002099,0.032886,intraday,intraday,0,0
2020-11-19 12:46,23.5100,2020-11-19 15:28,24.2200,2020-11-20 09:30,24.6500,2020-11-20 09:30,24.3700,32,0,32,1082,0,1082,0.017754,0.048490,overnight,intraday,1,1
2020-11-20 15:59,23.9100,2020-11-23 09:33,24.6500,2020-11-23 09:54,25.2900,2020-11-23 10:01,24.9800,21,7,28,21,7,28,0.025963,0.057716,intraday,intraday,0,0
2020-11-23 11:14,24.0800,2020-11-23 14:53,24.8900,2020-11-24 09:30,25.6000,2020-11-24 09:30,25.3200,67,0,67,1117,0,1117,0.028526,0.063123,overnight,intraday,1,1
2020-11-24 09:45,24.3100,2020-11-24 10:50,25.0700,2020-11-24 13:41,25.5400,2020-11-24 15:39,25.2600,171,118,289,171,118,289,0.018748,0.050596,intraday,intraday,0,0
2020-11-25 10:42,24.9100,2020-11-27 09:30,25.9700,2020-11-27 09:48,26.5200,2020-11-27 10:06,26.2300,18,18,36,18,18,36,0.021178,0.064633,intraday,intraday,0,0
2020-11-30 10:45,25.2700,2020-11-30 11:16,26.0300,2020-11-30 15:07,26.9300,2020-11-30 15:29,26.6600,231,22,253,231,22,253,0.034575,0.065691,intraday,intraday,0,0
2020-11-30 15:30,26.6500,2020-12-01 09:30,27.9400,2020-12-01 09:32,28.0300,2020-12-01 09:36,27.6900,2,4,6,2,4,6,0.003221,0.051782,intraday,intraday,0,0
2020-12-01 09:40,27.5300,2020-12-01 10:05,28.3600,2020-12-01 10:17,28.6500,2020-12-01 10:24,28.3000,12,7,19,12,7,19,0.010226,0.040683,intraday,intraday,0,0
2020-12-01 10:40,27.8300,2020-12-01 11:25,28.6700,2020-12-01 11:35,28.9300,2020-12-01 12:42,28.6200,10,67,77,10,67,77,0.009069,0.039526,intraday,intraday,0,0
2020-12-02 09:45,28.0700,2020-12-02 10:43,28.9200,2020-12-02 11:10,29.1000,2020-12-02 11:33,28.7800,27,23,50,27,23,50,0.006224,0.036694,intraday,intraday,0,0
2020-12-02 14:09,28.5000,2020-12-03 10:03,29.4200,2020-12-03 10:24,29.6900,2020-12-03 10:57,29.2700,21,33,54,21,33,54,0.009177,0.041754,intraday,intraday,0,0
2020-12-03 15:54,28.6300,2020-12-04 09:55,29.4900,2020-12-07 09:46,31.9300,2020-12-07 09:46,30.6900,381,0,381,4311,0,4311,0.082740,0.115264,weekend,intraday,0,1
2020-12-07 09:46,30.6900,2020-12-07 15:59,31.6700,2020-12-07 15:59,31.6700,2020-12-08 09:39,31.3500,0,10,10,0,1060,1060,0.000000,0.031932,overnight,overnight,0,1
2020-12-08 10:25,31.0400,2020-12-08 13:51,32.0100,2020-12-08 14:24,32.2700,2020-12-08 15:30,31.9200,33,66,99,33,66,99,0.008122,0.039626,intraday,intraday,0,0
2020-12-09 09:31,31.1000,2020-12-09 09:56,32.0800,2020-12-09 09:57,32.1600,2020-12-09 10:10,31.7800,1,13,14,1,13,14,0.002494,0.034084,intraday,intraday,0,0
2020-12-10 09:34,28.1300,2020-12-10 09:40,29.0300,2020-12-10 10:24,29.7300,2020-12-10 10:33,29.4300,44,9,53,44,9,53,0.024113,0.056879,intraday,intraday,0,0
2020-12-11 09:50,27.8200,2020-12-11 10:11,28.6900,2020-12-11 10:19,28.8600,2020-12-11 10:24,28.5300,8,5,13,8,5,13,0.005925,0.037383,intraday,intraday,0,0
2020-12-11 12:47,27.2700,2020-12-11 13:54,28.1100,2020-12-11 13:55,28.1500,2020-12-11 14:28,27.8600,1,33,34,1,33,34,0.001423,0.032270,intraday,intraday,0,0
2020-12-11 14:28,27.8600,2020-12-14 09:30,28.9900,2020-12-14 09:39,29.5700,2020-12-14 09:45,29.2000,9,6,15,9,6,15,0.020007,0.061378,intraday,intraday,0,0
2020-12-14 13:11,28.8600,2020-12-15 09:30,30.5200,2020-12-15 09:35,30.6900,2020-12-15 09:38,30.3200,5,3,8,5,3,8,0.005570,0.063410,intraday,intraday,0,0
2020-12-15 11:55,29.7500,2020-12-16 09:30,30.7200,2020-12-16 09:30,30.7200,2020-12-16 09:32,30.3900,0,2,2,0,2,2,0.000000,0.032605,intraday,intraday,0,0
2020-12-16 10:21,29.7000,2020-12-16 15:32,30.6000,2020-12-17 09:30,30.9900,2020-12-17 09:34,30.6500,28,4,32,1078,4,1082,0.012745,0.043434,overnight,intraday,0,1
2020-12-21 10:20,28.1700,2020-12-21 11:38,29.0400,2020-12-21 13:53,29.6900,2020-12-21 15:09,29.3900,135,76,211,135,76,211,0.022383,0.053958,intraday,intraday,0,0
2020-12-22 11:44,28.7500,2020-12-23 09:30,29.8000,2020-12-23 09:30,29.8000,2020-12-23 09:39,29.4900,0,9,9,0,9,9,0.000000,0.036522,intraday,intraday,0,0
2020-12-23 15:59,28.7800,2020-12-24 12:59,29.6600,2020-12-28 09:31,30.7300,2020-12-28 09:33,30.3700,2,2,4,5552,2,5554,0.036076,0.067755,weekend,intraday,0,1
2020-12-29 12:22,28.2800,2020-12-29 12:35,29.2300,2020-12-29 12:35,29.2300,2020-12-29 12:43,28.9300,0,8,8,0,8,8,0.000000,0.033593,intraday,intraday,0,0
2020-12-29 14:26,28.8400,2020-12-30 09:30,29.9200,2020-12-30 10:12,30.6000,2020-12-30 10:15,30.2700,42,3,45,42,3,45,0.022727,0.061026,intraday,intraday,0,0
2020-12-31 09:38,30.1800,2020-12-31 10:44,31.1000,2020-12-31 10:56,31.1800,2020-12-31 11:39,30.8100,12,43,55,12,43,55,0.002572,0.033135,intraday,intraday,0,0
2020-12-31 11:58,30.6200,2021-01-04 09:30,31.9100,2021-01-04 09:50,33.4700,2021-01-04 09:52,33.1300,20,2,22,20,2,22,0.048887,0.093076,intraday,intraday,0,0
2021-01-04 12:15,29.9300,2021-01-04 13:14,30.8300,2021-01-04 13:53,31.1200,2021-01-04 14:08,30.7100,39,15,54,39,15,54,0.009406,0.039759,intraday,intraday,0,0
2021-01-04 14:52,30.1500,2021-01-05 09:33,31.1000,2021-01-05 09:36,31.5600,2021-01-05 09:36,31.1900,3,0,3,3,0,3,0.014791,0.046766,intraday,intraday,0,0
2021-01-05 09:36,31.1900,2021-01-05 10:04,32.2400,2021-01-05 10:16,32.3100,2021-01-05 10:19,31.9200,12,3,15,12,3,15,0.002171,0.035909,intraday,intraday,0,0
2021-01-05 12:43,31.4100,2021-01-05 15:53,32.3600,2021-01-05 15:59,32.5100,2021-01-06 09:30,31.4000,6,1,7,6,1051,1057,0.004635,0.035021,overnight,overnight,1,1
2021-01-06 09:35,31.2800,2021-01-06 09:38,32.3300,2021-01-06 09:47,32.4700,2021-01-06 09:57,31.9700,9,10,19,9,10,19,0.004330,0.038043,intraday,intraday,0,0
2021-01-06 10:05,31.6400,2021-01-06 10:28,32.5900,2021-01-06 11:20,33.1100,2021-01-06 11:38,32.6900,52,18,70,52,18,70,0.015956,0.046460,intraday,intraday,0,0
2021-01-06 11:38,32.6900,2021-01-06 13:44,33.7200,2021-01-06 13:48,34.1600,2021-01-06 13:49,33.7800,4,1,5,4,1,5,0.013049,0.044968,intraday,intraday,0,0
2021-01-06 15:53,32.0600,2021-01-07 09:30,33.8900,2021-01-07 09:37,34.4400,2021-01-07 09:41,33.9500,7,4,11,7,4,11,0.016229,0.074236,intraday,intraday,0,0
2021-01-07 09:44,33.9300,2021-01-07 10:20,35.0000,2021-01-07 11:09,35.5300,2021-01-07 11:53,35.1400,49,44,93,49,44,93,0.015143,0.047156,intraday,intraday,0,0
2021-01-07 12:14,34.9000,2021-01-07 15:50,36.0300,2021-01-08 09:31,37.9400,2021-01-08 09:32,37.2700,11,1,12,1061,1,1062,0.053011,0.087106,overnight,intraday,0,1
2021-01-08 13:44,34.6300,2021-01-08 14:58,35.8600,2021-01-08 14:58,35.8600,2021-01-08 15:24,35.3800,0,26,26,0,26,26,0.000000,0.035518,intraday,intraday,0,0
2021-01-11 09:30,34.9300,2021-01-11 09:39,36.0000,2021-01-11 09:47,36.4900,2021-01-11 09:48,36.0500,8,1,9,8,1,9,0.013611,0.044661,intraday,intraday,0,0
2021-01-11 09:50,36.0100,2021-01-11 10:29,37.1600,2021-01-11 10:43,37.4900,2021-01-11 10:46,37.1100,14,3,17,14,3,17,0.008881,0.041100,intraday,intraday,0,0
2021-01-11 11:12,36.6500,2021-01-11 13:04,37.7500,2021-01-11 13:11,37.8700,2021-01-11 13:26,37.4700,7,15,22,7,15,22,0.003179,0.033288,intraday,intraday,0,0
2021-01-12 09:52,36.7100,2021-01-12 10:18,37.8300,2021-01-12 11:23,38.7600,2021-01-12 11:31,38.3100,65,8,73,65,8,73,0.024584,0.055843,intraday,intraday,0,0
2021-01-12 12:16,37.2500,2021-01-13 09:30,38.9300,2021-01-13 09:30,38.9300,2021-01-13 09:32,38.4100,0,2,2,0,2,2,0.000000,0.045101,intraday,intraday,0,0
2021-01-13 10:04,37.4000,2021-01-14 09:30,39.5300,2021-01-14 09:40,40.0300,2021-01-14 09:41,39.5900,10,1,11,10,1,11,0.012649,0.070321,intraday,intraday,0,0
2021-01-14 09:41,39.5900,2021-01-14 10:34,40.7900,2021-01-14 11:33,41.6100,2021-01-14 11:38,41.1200,59,5,64,59,5,64,0.020103,0.051023,intraday,intraday,0,0
2021-01-15 10:25,37.1100,2021-01-15 10:41,38.2300,2021-01-15 10:41,38.2300,2021-01-15 10:48,37.8300,0,7,7,0,7,7,0.000000,0.030181,intraday,intraday,0,0
2021-01-15 11:06,37.3300,2021-01-15 11:30,38.5500,2021-01-15 11:31,38.5800,2021-01-15 11:50,38.1600,1,19,20,1,19,20,0.000778,0.033485,intraday,intraday,0,0
2021-01-15 15:57,37.7400,2021-01-19 09:30,39.5900,2021-01-19 09:35,39.9100,2021-01-19 09:37,39.4100,5,2,7,5,2,7,0.008083,0.057499,intraday,intraday,0,0
2021-01-19 09:37,39.4100,2021-01-19 12:47,40.6000,2021-01-20 09:30,43.1600,2021-01-20 09:30,42.4900,193,0,193,1243,0,1243,0.063054,0.095154,overnight,intraday,1,1
2021-01-20 14:14,40.9500,2021-01-21 09:30,42.4400,2021-01-21 09:30,42.4400,2021-01-21 09:31,41.9300,0,1,1,0,1,1,0.000000,0.036386,intraday,intraday,0,0
2021-01-21 12:50,41.1000,2021-01-21 14:24,42.3400,2021-01-21 15:48,43.5200,2021-01-21 15:52,42.9100,84,4,88,84,4,88,0.027870,0.058881,intraday,intraday,0,0
2021-01-22 13:10,40.7700,2021-01-25 09:30,42.0100,2021-01-25 09:45,42.1400,2021-01-25 09:54,41.6900,15,9,24,15,9,24,0.003095,0.033603,intraday,intraday,0,0
2021-01-25 11:09,38.6300,2021-01-25 11:18,39.8100,2021-01-25 11:23,40.2600,2021-01-25 11:27,39.8300,5,4,9,5,4,9,0.011304,0.042195,intraday,intraday,0,0
2021-01-25 12:18,39.3000,2021-01-25 13:10,40.5900,2021-01-25 14:05,40.9100,2021-01-25 14:17,40.4800,55,12,67,55,12,67,0.007884,0.040967,intraday,intraday,0,0
2021-01-27 09:30,35.0900,2021-01-27 09:30,37.0500,2021-01-27 09:30,37.0500,2021-01-27 09:31,35.0200,0,1,1,0,1,1,0.000000,0.055856,intraday,intraday,0,0
2021-01-27 09:50,34.1900,2021-01-27 09:57,35.2500,2021-01-27 10:02,35.8100,2021-01-27 10:06,35.3700,5,4,9,5,4,9,0.015887,0.047382,intraday,intraday,0,0
2021-01-27 10:15,35.3300,2021-01-27 10:30,36.4200,2021-01-27 10:31,36.4600,2021-01-27 10:32,35.7000,1,1,2,1,1,2,0.001098,0.031984,intraday,intraday,0,0
2021-01-27 12:04,34.2800,2021-01-27 12:40,35.3300,2021-01-27 13:02,35.8700,2021-01-27 13:08,35.4800,22,6,28,22,6,28,0.015284,0.046383,intraday,intraday,0,0
2021-01-27 15:38,32.5400,2021-01-28 09:30,35.2000,2021-01-28 09:31,35.2300,2021-01-28 09:32,34.8100,1,1,2,1,1,2,0.000852,0.082667,intraday,intraday,0,0
2021-01-28 09:40,34.1700,2021-01-28 11:01,35.2000,2021-01-28 11:11,35.7900,2021-01-28 11:14,35.4200,10,3,13,10,3,13,0.016761,0.047410,intraday,intraday,0,0
2021-01-28 11:46,35.0000,2021-01-28 12:46,36.0900,2021-01-28 12:54,36.2600,2021-01-28 13:06,35.8900,8,12,20,8,12,20,0.004710,0.036000,intraday,intraday,0,0
2021-01-29 09:44,34.1000,2021-01-29 09:58,35.1300,2021-01-29 09:58,35.1300,2021-01-29 10:06,34.5300,0,8,8,0,8,8,0.000000,0.030205,intraday,intraday,0,0
2021-01-29 10:06,34.5300,2021-01-29 10:21,35.6000,2021-01-29 10:27,35.8200,2021-01-29 10:33,35.4500,6,6,12,6,6,12,0.006180,0.037359,intraday,intraday,0,0
2021-01-29 12:49,32.9000,2021-01-29 14:09,33.8900,2021-01-29 14:09,33.8900,2021-01-29 14:25,33.5300,0,16,16,0,16,16,0.000000,0.030091,intraday,intraday,0,0
2021-01-29 14:41,32.9700,2021-01-29 15:11,33.9600,2021-01-29 15:33,34.4200,2021-01-29 15:37,33.9800,22,4,26,22,4,26,0.013545,0.043979,intraday,intraday,0,0
2021-01-29 15:59,33.3400,2021-02-01 09:30,35.5600,2021-02-01 09:30,35.5600,2021-02-01 09:31,35.0700,0,1,1,0,1,1,0.000000,0.066587,intraday,intraday,0,0
2021-02-01 10:09,34.6400,2021-02-01 11:19,35.6900,2021-02-02 09:30,39.1600,2021-02-02 09:35,38.4300,281,5,286,1331,5,1336,0.097226,0.130485,overnight,intraday,0,1
2021-02-02 10:46,37.4700,2021-02-02 14:38,38.6700,2021-02-03 09:30,39.5200,2021-02-03 09:31,39.0000,82,1,83,1132,1,1133,0.021981,0.054710,overnight,intraday,0,1
2021-02-04 09:42,35.5300,2021-02-04 10:51,36.6700,2021-02-04 10:56,36.7900,2021-02-04 11:07,36.4200,5,11,16,5,11,16,0.003272,0.035463,intraday,intraday,0,0
2021-02-04 11:13,36.3000,2021-02-04 15:59,37.6100,2021-02-05 09:30,38.3300,2021-02-05 09:34,37.5700,1,4,5,1051,4,1055,0.019144,0.055923,overnight,intraday,0,1
2021-02-05 11:58,36.5900,2021-02-08 09:31,37.7600,2021-02-08 09:54,38.9900,2021-02-08 10:00,38.5300,23,6,29,23,6,29,0.032574,0.065592,intraday,intraday,0,0
2021-02-08 10:25,38.2700,2021-02-08 12:34,39.4200,2021-02-08 15:59,40.1200,2021-02-09 09:30,39.5500,205,1,206,205,1051,1256,0.017757,0.048341,overnight,overnight,1,1
2021-02-09 09:41,39.0400,2021-02-09 10:04,40.2300,2021-02-09 10:19,40.5400,2021-02-09 10:30,40.1200,15,11,26,15,11,26,0.007706,0.038422,intraday,intraday,0,0
2021-02-09 11:18,39.3300,2021-02-10 09:30,40.9000,2021-02-10 09:30,40.9000,2021-02-10 09:32,40.3100,0,2,2,0,2,2,0.000000,0.039919,intraday,intraday,0,0
2021-02-10 09:35,40.0100,2021-02-10 10:01,41.2300,2021-02-10 10:02,41.3100,2021-02-10 10:12,40.8900,1,10,11,1,10,11,0.001940,0.032492,intraday,intraday,0,0
2021-02-10 10:44,38.3800,2021-02-10 11:00,39.5600,2021-02-10 11:01,39.5800,2021-02-10 11:05,39.0600,1,4,5,1,4,5,0.000506,0.031266,intraday,intraday,0,0
2021-02-10 11:05,39.0600,2021-02-10 14:29,40.2400,2021-02-10 15:13,40.5900,2021-02-10 15:26,40.1500,44,13,57,44,13,57,0.008698,0.039171,intraday,intraday,0,0
2021-02-10 15:45,39.5600,2021-02-11 09:30,41.4200,2021-02-11 09:33,41.8700,2021-02-11 09:33,41.4400,3,0,3,3,0,3,0.010864,0.058392,intraday,intraday,0,0
2021-02-11 09:55,41.2300,2021-02-11 10:47,42.4800,2021-02-11 10:57,42.7000,2021-02-11 10:59,42.2400,10,2,12,10,2,12,0.005179,0.035654,intraday,intraday,0,0
2021-02-11 12:30,41.8700,2021-02-11 13:14,43.2300,2021-02-11 13:43,43.8000,2021-02-11 14:05,43.3200,29,22,51,29,22,51,0.013185,0.046095,intraday,intraday,0,0
2021-02-12 09:33,43.0000,2021-02-12 09:47,44.3900,2021-02-12 10:27,45.5300,2021-02-12 10:30,44.9700,40,3,43,40,3,43,0.025681,0.058837,intraday,intraday,0,0
2021-02-12 14:38,44.6300,2021-02-16 09:30,47.3400,2021-02-16 09:30,47.3400,2021-02-16 09:33,46.8000,0,3,3,0,3,3,0.000000,0.060721,intraday,intraday,0,0
2021-02-16 09:37,46.3500,2021-02-16 10:32,47.8500,2021-02-16 10:32,47.8500,2021-02-16 10:49,47.2100,0,17,17,0,17,17,0.000000,0.032362,intraday,intraday,0,0
2021-02-17 09:37,43.6700,2021-02-17 09:46,45.0000,2021-02-17 09:52,45.7400,2021-02-17 09:58,45.1800,6,6,12,6,6,12,0.016444,0.047401,intraday,intraday,0,0
2021-02-17 11:46,42.1400,2021-02-17 12:30,43.4600,2021-02-17 14:09,44.2700,2021-02-17 14:20,43.7800,99,11,110,99,11,110,0.018638,0.050546,intraday,intraday,0,0
2021-02-18 10:32,41.0200,2021-02-18 11:16,42.2900,2021-02-18 11:16,42.2900,2021-02-18 11:24,41.8600,0,8,8,0,8,8,0.000000,0.030961,intraday,intraday,0,0
2021-02-18 12:06,41.3300,2021-02-18 13:27,42.6500,2021-02-18 14:02,43.1300,2021-02-18 14:17,42.5800,35,15,50,35,15,50,0.011254,0.043552,intraday,intraday,0,0
2021-02-18 14:25,42.3000,2021-02-19 09:30,44.9000,2021-02-19 09:44,45.3700,2021-02-19 09:49,44.8700,14,5,19,14,5,19,0.010468,0.072577,intraday,intraday,0,0
2021-02-19 09:50,44.8200,2021-02-19 11:01,46.1800,2021-02-19 11:31,46.5200,2021-02-19 11:50,45.9300,30,19,49,30,19,49,0.007362,0.037929,intraday,intraday,0,0
2021-02-19 13:10,44.2200,2021-02-19 14:11,45.5700,2021-02-19 14:17,45.6000,2021-02-19 14:28,45.1400,6,11,17,6,11,17,0.000658,0.031208,intraday,intraday,0,0
2021-02-22 09:42,43.5300,2021-02-22 10:01,44.8500,2021-02-22 10:04,44.9400,2021-02-22 10:08,44.3400,3,4,7,3,4,7,0.002007,0.032391,intraday,intraday,0,0
2021-02-23 09:50,35.0700,2021-02-23 09:52,36.3300,2021-02-23 10:04,37.3300,2021-02-23 10:05,36.7800,12,1,13,12,1,13,0.027525,0.064443,intraday,intraday,0,0
2021-02-23 10:06,36.5300,2021-02-23 10:12,37.6300,2021-02-23 10:13,37.7300,2021-02-23 10:13,37.3300,1,0,1,1,0,1,0.002657,0.032850,intraday,intraday,0,0
2021-02-23 10:18,36.9200,2021-02-23 10:24,38.2000,2021-02-23 10:28,38.2700,2021-02-23 10:30,37.7400,4,2,6,4,2,6,0.001832,0.036566,intraday,intraday,0,0
2021-02-23 10:35,37.6400,2021-02-23 10:45,39.0800,2021-02-23 10:48,39.3600,2021-02-23 10:51,38.9400,3,3,6,3,3,6,0.007165,0.045696,intraday,intraday,0,0
2021-02-23 12:15,36.9200,2021-02-23 12:32,38.0400,2021-02-23 12:32,38.0400,2021-02-23 12:35,37.3200,0,3,3,0,3,3,0.000000,0.030336,intraday,intraday,0,0
2021-02-23 13:00,36.6700,2021-02-23 13:16,37.7900,2021-02-23 13:35,38.3700,2021-02-23 13:41,37.9600,19,6,25,19,6,25,0.015348,0.046359,intraday,intraday,0,0
2021-02-23 13:44,37.8300,2021-02-23 14:52,38.9900,2021-02-23 15:27,40.7400,2021-02-23 15:33,40.3000,35,6,41,35,6,41,0.044883,0.076923,intraday,intraday,0,0
2021-02-24 09:37,38.3300,2021-02-24 09:47,39.7300,2021-02-24 09:49,39.8900,2021-02-24 09:51,39.2000,2,2,4,2,2,4,0.004027,0.040699,intraday,intraday,0,0
2021-02-24 10:14,38.0700,2021-02-24 10:33,39.2400,2021-02-24 10:35,39.3300,2021-02-24 10:40,38.9300,2,5,7,2,5,7,0.002294,0.033097,intraday,intraday,0,0
2021-02-24 10:52,38.6700,2021-02-24 11:15,39.8700,2021-02-24 12:38,42.2600,2021-02-24 12:47,41.7800,83,9,92,83,9,92,0.059945,0.092837,intraday,intraday,0,0
2021-02-24 13:04,41.4200,2021-02-24 13:43,42.7000,2021-02-24 14:00,42.9300,2021-02-24 14:06,42.4800,17,6,23,17,6,23,0.005386,0.036456,intraday,intraday,0,0
2021-02-24 14:14,42.3500,2021-02-24 15:51,43.6500,2021-02-24 15:59,43.8300,2021-02-25 09:30,41.9000,8,1,9,8,1051,1059,0.004124,0.034947,overnight,overnight,1,1
2021-02-25 10:50,39.8100,2021-02-25 11:18,41.1400,2021-02-25 11:21,41.2000,2021-02-25 11:23,40.6200,3,2,5,3,2,5,0.001458,0.034916,intraday,intraday,0,0
2021-02-25 13:02,36.6700,2021-02-25 13:14,37.8500,2021-02-25 13:20,38.3500,2021-02-25 13:22,37.8700,6,2,8,6,2,8,0.013210,0.045814,intraday,intraday,0,0
2021-02-25 13:54,37.2800,2021-02-25 14:06,38.5000,2021-02-25 14:24,38.9600,2021-02-25 14:31,38.5700,18,7,25,18,7,25,0.011948,0.045064,intraday,intraday,0,0
2021-02-25 15:38,35.7000,2021-02-25 15:47,36.9800,2021-02-25 15:48,37.1300,2021-02-25 15:51,36.7100,1,3,4,1,3,4,0.004056,0.040056,intraday,intraday,0,0
2021-02-25 15:59,36.1300,2021-02-26 09:30,37.9900,2021-02-26 09:30,37.9900,2021-02-26 09:31,37.2800,0,1,1,0,1,1,0.000000,0.051481,intraday,intraday,0,0
2021-02-26 09:31,37.2800,2021-02-26 09:40,38.4600,2021-02-26 09:42,38.4700,2021-02-26 09:42,37.8400,2,0,2,2,0,2,0.000260,0.031921,intraday,intraday,0,0
2021-02-26 10:29,35.8000,2021-02-26 10:39,36.9800,2021-02-26 10:49,37.8800,2021-02-26 10:51,37.4700,10,2,12,10,2,12,0.024337,0.058101,intraday,intraday,0,0
2021-02-26 10:51,37.4700,2021-02-26 11:33,38.6400,2021-02-26 11:42,38.9200,2021-02-26 11:45,38.3500,9,3,12,9,3,12,0.007246,0.038698,intraday,intraday,0,0
2021-02-26 11:54,38.3300,2021-02-26 12:14,39.4900,2021-02-26 12:17,39.5200,2021-02-26 12:27,39.0900,3,10,13,3,10,13,0.000760,0.031046,intraday,intraday,0,0
2021-02-26 14:20,38.1900,2021-02-26 15:09,39.5000,2021-02-26 15:10,39.5100,2021-02-26 15:14,39.1100,1,4,5,1,4,5,0.000253,0.034564,intraday,intraday,0,0
2021-02-26 15:31,38.5400,2021-02-26 15:49,39.7000,2021-02-26 15:49,39.7000,2021-02-26 15:51,39.3000,0,2,2,0,2,2,0.000000,0.030099,intraday,intraday,0,0
2021-02-26 15:59,38.6500,2021-03-01 09:30,41.0000,2021-03-01 09:30,41.0000,2021-03-01 09:31,40.5700,0,1,1,0,1,1,0.000000,0.060802,intraday,intraday,0,0
2021-03-01 09:41,39.5500,2021-03-01 10:24,40.7600,2021-03-01 10:24,40.7600,2021-03-01 10:31,40.3400,0,7,7,0,7,7,0.000000,0.030594,intraday,intraday,0,0
2021-03-01 10:32,40.2800,2021-03-01 11:37,41.5400,2021-03-01 11:44,41.9000,2021-03-01 12:03,41.4000,7,19,26,7,19,26,0.008666,0.040218,intraday,intraday,0,0
2021-03-01 12:17,41.2400,2021-03-01 15:59,42.5400,2021-03-02 09:30,42.9900,2021-03-02 09:30,42.0800,1,0,1,1051,0,1051,0.010578,0.042435,overnight,intraday,1,1
2021-03-02 11:42,39.2800,2021-03-02 13:38,40.5100,2021-03-02 13:39,40.5600,2021-03-02 14:05,40.1500,1,26,27,1,26,27,0.001234,0.032587,intraday,intraday,0,0
2021-03-03 10:30,36.7000,2021-03-03 11:05,37.8900,2021-03-03 11:30,38.6000,2021-03-03 11:38,38.2000,25,8,33,25,8,33,0.018738,0.051771,intraday,intraday,0,0
2021-03-03 14:34,34.8200,2021-03-03 14:52,35.8700,2021-03-03 15:03,36.2100,2021-03-03 15:08,35.7700,11,5,16,11,5,16,0.009479,0.039920,intraday,intraday,0,0
2021-03-04 09:30,33.8900,2021-03-04 09:32,34.9700,2021-03-04 09:36,35.1900,2021-03-04 09:37,34.8100,4,1,5,4,1,5,0.006291,0.038359,intraday,intraday,0,0
2021-03-04 10:20,31.3600,2021-03-04 10:23,32.3500,2021-03-04 10:24,32.3800,2021-03-04 10:25,31.8400,1,1,2,1,1,2,0.000927,0.032526,intraday,intraday,0,0
2021-03-04 10:26,31.8100,2021-03-04 10:36,32.8500,2021-03-04 10:41,33.1800,2021-03-04 10:41,32.7200,5,0,5,5,0,5,0.010046,0.043068,intraday,intraday,0,0
2021-03-04 10:41,32.7200,2021-03-04 10:47,33.7100,2021-03-04 10:47,33.7100,2021-03-04 10:48,33.3700,0,1,1,0,1,1,0.000000,0.030257,intraday,intraday,0,0
2021-03-04 10:55,32.5800,2021-03-04 11:02,33.5800,2021-03-04 11:03,33.5900,2021-03-04 11:07,33.0000,1,4,5,1,4,5,0.000298,0.031001,intraday,intraday,0,0
2021-03-04 11:28,32.3700,2021-03-04 11:41,33.4400,2021-03-04 11:46,33.6200,2021-03-04 11:55,33.2300,5,9,14,5,9,14,0.005383,0.038616,intraday,intraday,0,0
2021-03-04 13:53,28.4400,2021-03-04 14:07,29.3100,2021-03-04 14:10,29.5900,2021-03-04 14:11,29.1700,3,1,4,3,1,4,0.009553,0.040436,intraday,intraday,0,0
2021-03-04 14:16,28.7800,2021-03-04 14:23,29.6600,2021-03-04 14:25,30.1000,2021-03-04 14:25,29.7800,2,0,2,2,0,2,0.014835,0.045865,intraday,intraday,0,0
2021-03-04 14:37,29.6600,2021-03-04 14:44,30.5700,2021-03-04 14:44,30.5700,2021-03-04 14:46,30.2500,0,2,2,0,2,2,0.000000,0.030681,intraday,intraday,0,0
2021-03-04 15:24,29.5300,2021-03-04 15:32,30.5000,2021-03-04 15:35,30.5100,2021-03-04 15:37,30.0800,3,2,5,3,2,5,0.000328,0.033187,intraday,intraday,0,0
2021-03-04 15:57,29.6200,2021-03-05 09:30,32.3100,2021-03-05 09:30,32.3100,2021-03-05 09:31,31.6000,0,1,1,0,1,1,0.000000,0.090817,intraday,intraday,0,0
2021-03-05 09:57,29.3600,2021-03-05 10:06,30.4000,2021-03-05 10:07,30.4200,2021-03-05 10:09,30.0300,1,2,3,1,2,3,0.000658,0.036104,intraday,intraday,0,0
2021-03-05 10:34,28.6700,2021-03-05 10:52,29.7600,2021-03-05 10:52,29.7600,2021-03-05 10:55,29.2900,0,3,3,0,3,3,0.000000,0.038019,intraday,intraday,0,0
2021-03-05 11:28,27.7300,2021-03-05 11:31,28.5900,2021-03-05 11:31,28.5900,2021-03-05 11:32,28.2500,0,1,1,0,1,1,0.000000,0.031013,intraday,intraday,0,0
2021-03-05 11:33,28.1400,2021-03-05 11:41,29.0300,2021-03-05 11:41,29.0300,2021-03-05 11:42,28.5100,0,1,1,0,1,1,0.000000,0.031628,intraday,intraday,0,0
2021-03-05 11:42,28.5100,2021-03-05 11:56,29.4100,2021-03-05 12:03,29.6300,2021-03-05 12:08,29.2800,7,5,12,7,5,12,0.007480,0.039284,intraday,intraday,0,0
2021-03-05 12:10,29.0600,2021-03-05 12:19,30.0500,2021-03-05 12:28,30.6600,2021-03-05 12:28,30.3400,9,0,9,9,0,9,0.020300,0.055058,intraday,intraday,0,0
2021-03-05 12:28,30.3400,2021-03-05 12:56,31.2600,2021-03-05 12:56,31.2600,2021-03-05 12:58,30.9300,0,2,2,0,2,2,0.000000,0.030323,intraday,intraday,0,0
2021-03-05 13:03,30.5300,2021-03-05 13:15,31.5100,2021-03-05 13:16,31.7800,2021-03-05 13:16,31.4500,1,0,1,1,0,1,0.008569,0.040943,intraday,intraday,0,0
2021-03-05 13:16,31.4500,2021-03-05 13:37,32.4000,2021-03-05 13:40,32.5900,2021-03-05 13:43,32.1000,3,3,6,3,3,6,0.005864,0.036248,intraday,intraday,0,0
2021-03-05 14:19,31.4500,2021-03-05 14:30,32.4700,2021-03-05 14:35,32.8600,2021-03-05 14:39,32.4500,5,4,9,5,4,9,0.012011,0.044833,intraday,intraday,0,0
2021-03-08 09:36,31.0000,2021-03-08 09:40,32.1300,2021-03-08 09:41,32.4800,2021-03-08 09:41,32.0700,1,0,1,1,0,1,0.010893,0.047742,intraday,intraday,0,0
2021-03-08 09:52,31.2600,2021-03-08 09:55,32.2200,2021-03-08 09:55,32.2200,2021-03-08 09:56,31.5400,0,1,1,0,1,1,0.000000,0.030710,intraday,intraday,0,0
2021-03-08 10:04,31.0800,2021-03-08 10:07,32.1000,2021-03-08 10:10,32.2500,2021-03-08 10:10,31.8900,3,0,3,3,0,3,0.004673,0.037645,intraday,intraday,0,0
2021-03-08 10:24,31.4300,2021-03-08 10:30,32.4000,2021-03-08 10:35,32.4100,2021-03-08 10:38,31.9600,5,3,8,5,3,8,0.000309,0.031180,intraday,intraday,0,0
2021-03-08 12:13,29.6000,2021-03-08 12:24,30.6000,2021-03-08 12:35,30.7200,2021-03-08 12:39,30.3600,11,4,15,11,4,15,0.003922,0.037838,intraday,intraday,0,0
2021-03-08 15:23,27.6200,2021-03-08 15:45,28.4500,2021-03-08 15:45,28.4500,2021-03-08 15:46,28.1600,0,1,1,0,1,1,0.000000,0.030051,intraday,intraday,0,0
2021-03-08 15:59,27.5000,2021-03-09 09:30,30.4600,2021-03-09 09:31,30.6200,2021-03-09 09:31,30.1000,1,0,1,1,0,1,0.005253,0.113455,intraday,intraday,0,0
2021-03-09 09:33,30.0000,2021-03-09 09:49,30.9800,2021-03-09 10:06,31.8000,2021-03-09 10:07,31.4500,17,1,18,17,1,18,0.026469,0.060000,intraday,intraday,0,0
2021-03-09 10:34,31.0100,2021-03-09 12:16,31.9700,2021-03-09 12:17,31.9800,2021-03-09 12:20,31.6500,1,3,4,1,3,4,0.000313,0.031280,intraday,intraday,0,0
2021-03-09 12:20,31.6500,2021-03-09 13:55,32.6500,2021-03-09 14:06,32.7400,2021-03-09 14:18,32.4100,11,12,23,11,12,23,0.002757,0.034439,intraday,intraday,0,0
2021-03-09 15:52,32.1500,2021-03-10 09:30,34.1900,2021-03-10 09:30,34.1900,2021-03-10 09:31,33.3200,0,1,1,0,1,1,0.000000,0.063453,intraday,intraday,0,0
2021-03-10 09:42,32.7000,2021-03-10 09:45,33.8300,2021-03-10 09:48,33.8400,2021-03-10 09:48,33.4300,3,0,3,3,0,3,0.000296,0.034862,intraday,intraday,0,0
2021-03-10 10:53,31.2700,2021-03-10 11:02,32.3100,2021-03-10 11:04,32.4400,2021-03-10 11:07,32.0600,2,3,5,2,3,5,0.004024,0.037416,intraday,intraday,0,0
2021-03-10 11:44,31.4800,2021-03-10 11:55,32.4700,2021-03-10 11:55,32.4700,2021-03-10 12:01,32.0100,0,6,6,0,6,6,0.000000,0.031449,intraday,intraday,0,0
2021-03-10 15:59,30.6200,2021-03-11 09:30,33.6900,2021-03-11 09:31,33.7900,2021-03-11 09:32,33.3700,1,1,2,1,1,2,0.002968,0.103527,intraday,intraday,0,0
2021-03-11 09:47,32.8500,2021-03-11 10:01,33.8700,2021-03-11 10:02,33.9700,2021-03-11 10:13,33.6300,1,11,12,1,11,12,0.002952,0.034094,intraday,intraday,0,0
2021-03-11 10:20,32.9900,2021-03-11 10:55,34.0000,2021-03-11 11:43,34.7400,2021-03-11 12:01,34.3800,48,18,66,48,18,66,0.021765,0.053046,intraday,intraday,0,0
2021-03-12 09:37,31.8500,2021-03-12 09:42,32.8700,2021-03-12 09:45,33.0700,2021-03-12 09:47,32.4700,3,2,5,3,2,5,0.006085,0.038305,intraday,intraday,0,0
2021-03-12 09:47,32.4700,2021-03-12 10:00,33.4500,2021-03-12 10:00,33.4500,2021-03-12 10:01,33.0100,0,1,1,0,1,1,0.000000,0.030182,intraday,intraday,0,0
2021-03-12 11:01,31.8900,2021-03-12 12:20,32.8800,2021-03-12 12:35,33.1600,2021-03-12 12:43,32.6800,15,8,23,15,8,23,0.008516,0.039824,intraday,intraday,0,0
2021-03-12 12:53,32.5500,2021-03-12 15:57,33.5300,2021-03-15 09:30,33.9900,2021-03-15 09:33,33.5300,3,3,6,3933,3,3936,0.013719,0.044240,weekend,intraday,0,1
2021-03-15 09:43,33.1800,2021-03-15 09:56,34.1900,2021-03-15 09:56,34.1900,2021-03-15 09:57,33.7500,0,1,1,0,1,1,0.000000,0.030440,intraday,intraday,0,0
2021-03-15 09:59,33.7100,2021-03-15 11:09,34.7300,2021-03-15 11:12,34.8200,2021-03-15 11:16,34.4500,3,4,7,3,4,7,0.002591,0.032928,intraday,intraday,0,0
2021-03-15 11:38,33.5500,2021-03-15 14:12,34.5800,2021-03-15 14:36,35.2000,2021-03-15 15:20,34.8000,24,44,68,24,44,68,0.017929,0.049180,intraday,intraday,0,0
2021-03-15 15:28,34.7400,2021-03-16 09:30,36.8300,2021-03-16 09:30,36.8300,2021-03-16 09:31,36.3000,0,1,1,0,1,1,0.000000,0.060161,intraday,intraday,0,0
2021-03-16 09:31,36.3000,2021-03-16 09:48,37.4600,2021-03-16 09:48,37.4600,2021-03-16 09:51,37.0400,0,3,3,0,3,3,0.000000,0.031956,intraday,intraday,0,0
2021-03-16 09:53,36.8400,2021-03-16 10:10,37.9900,2021-03-16 10:16,38.2900,2021-03-16 10:19,37.8800,6,3,9,6,3,9,0.007897,0.039359,intraday,intraday,0,0
2021-03-16 12:28,37.0400,2021-03-16 13:04,38.2800,2021-03-16 13:13,38.3500,2021-03-16 13:29,37.9400,9,16,25,9,16,25,0.001829,0.035367,intraday,intraday,0,0
2021-03-16 14:43,36.2300,2021-03-16 15:25,37.3200,2021-03-16 15:35,37.5300,2021-03-16 15:48,37.0900,10,13,23,10,13,23,0.005627,0.035882,intraday,intraday,0,0
2021-03-17 09:39,34.5100,2021-03-17 09:44,35.7600,2021-03-17 09:44,35.7600,2021-03-17 09:46,35.4000,0,2,2,0,2,2,0.000000,0.036221,intraday,intraday,0,0
2021-03-17 09:46,35.4000,2021-03-17 10:02,36.5700,2021-03-17 10:04,36.6500,2021-03-17 10:05,36.1300,2,1,3,2,1,3,0.002188,0.035311,intraday,intraday,0,0
2021-03-17 11:42,35.3200,2021-03-17 12:12,36.4700,2021-03-17 12:28,36.7400,2021-03-17 12:31,36.3600,16,3,19,16,3,19,0.007403,0.040204,intraday,intraday,0,0
2021-03-17 13:01,35.6800,2021-03-17 14:01,37.0700,2021-03-17 14:01,37.0700,2021-03-17 14:02,36.3200,0,1,1,0,1,1,0.000000,0.038957,intraday,intraday,0,0
2021-03-17 14:02,36.3200,2021-03-17 14:10,37.5000,2021-03-17 14:11,37.8200,2021-03-17 14:11,37.4100,1,0,1,1,0,1,0.008533,0.041300,intraday,intraday,0,0
2021-03-17 14:31,36.8300,2021-03-17 14:41,38.1700,2021-03-17 14:44,38.6000,2021-03-17 14:50,38.1400,3,6,9,3,6,9,0.011265,0.048059,intraday,intraday,0,0
2021-03-18 09:46,35.5800,2021-03-18 12:09,36.7000,2021-03-18 12:12,36.8600,2021-03-18 12:19,36.4800,3,7,10,3,7,10,0.004360,0.035975,intraday,intraday,0,0
2021-03-19 09:42,32.5100,2021-03-19 09:51,33.7300,2021-03-19 09:53,34.1700,2021-03-19 09:54,33.7400,2,1,3,2,1,3,0.013045,0.051061,intraday,intraday,0,0
2021-03-19 10:08,32.3800,2021-03-19 10:18,33.4200,2021-03-19 10:22,33.8200,2021-03-19 10:31,33.4600,4,9,13,4,9,13,0.011969,0.044472,intraday,intraday,0,0
2021-03-19 10:34,32.8900,2021-03-19 10:40,33.9800,2021-03-19 10:46,34.2100,2021-03-19 10:49,33.7800,6,3,9,6,3,9,0.006769,0.040134,intraday,intraday,0,0
2021-03-19 11:25,33.5400,2021-03-19 11:48,34.6200,2021-03-19 12:07,35.0200,2021-03-19 12:28,34.6600,19,21,40,19,21,40,0.011554,0.044126,intraday,intraday,0,0
2021-03-19 15:28,33.9800,2021-03-22 09:30,36.3800,2021-03-22 09:32,36.7500,2021-03-22 09:35,36.2200,2,3,5,2,3,5,0.010170,0.081519,intraday,intraday,0,0
2021-03-22 10:13,35.6200,2021-03-22 11:10,36.6900,2021-03-22 12:45,38.1000,2021-03-22 13:13,37.6900,95,28,123,95,28,123,0.038430,0.069624,intraday,intraday,0,0
2021-03-23 15:40,33.5100,2021-03-24 09:30,36.1300,2021-03-24 09:30,36.1300,2021-03-24 09:31,35.5900,0,1,1,0,1,1,0.000000,0.078186,intraday,intraday,0,0
2021-03-24 10:17,34.0000,2021-03-24 10:46,35.1500,2021-03-24 11:02,35.6700,2021-03-24 11:11,35.2800,16,9,25,16,9,25,0.014794,0.049118,intraday,intraday,0,0
2021-03-24 13:15,33.9900,2021-03-24 14:21,35.0800,2021-03-24 14:22,35.1000,2021-03-24 14:26,34.5700,1,4,5,1,4,5,0.000570,0.032657,intraday,intraday,0,0
2021-03-25 09:30,30.4800,2021-03-25 09:32,31.7300,2021-03-25 09:32,31.7300,2021-03-25 09:33,31.2700,0,1,1,0,1,1,0.000000,0.041010,intraday,intraday,0,0
2021-03-25 09:35,31.2400,2021-03-25 09:46,32.1900,2021-03-25 09:47,32.2400,2021-03-25 09:48,31.7300,1,1,2,1,1,2,0.001553,0.032010,intraday,intraday,0,0
2021-03-25 09:51,31.2600,2021-03-25 10:02,32.3200,2021-03-25 10:08,32.5500,2021-03-25 10:12,31.9800,6,4,10,6,4,10,0.007116,0.041267,intraday,intraday,0,0
2021-03-25 11:10,30.1000,2021-03-25 11:30,31.2300,2021-03-25 11:35,31.5500,2021-03-25 11:42,31.2200,5,7,12,5,7,12,0.010247,0.048173,intraday,intraday,0,0
2021-03-25 11:48,30.7400,2021-03-25 12:01,31.8300,2021-03-25 12:07,32.0000,2021-03-25 12:12,31.6600,6,5,11,6,5,11,0.005341,0.040989,intraday,intraday,0,0
2021-03-25 12:13,31.5400,2021-03-25 12:27,32.5300,2021-03-25 12:27,32.5300,2021-03-25 12:36,32.1700,0,9,9,0,9,9,0.000000,0.031389,intraday,intraday,0,0
2021-03-25 14:29,31.1900,2021-03-25 14:46,32.1400,2021-03-25 15:06,32.8400,2021-03-25 15:09,32.4100,20,3,23,20,3,23,0.021780,0.052902,intraday,intraday,0,0
2021-03-25 15:09,32.4100,2021-03-26 09:37,33.4400,2021-03-26 09:41,33.6300,2021-03-26 09:43,33.2900,4,2,6,4,2,6,0.005682,0.037643,intraday,intraday,0,0
2021-03-26 09:43,33.2900,2021-03-26 10:02,34.3400,2021-03-26 10:45,35.4300,2021-03-26 10:49,34.9300,43,4,47,43,4,47,0.031741,0.064284,intraday,intraday,0,0
2021-03-26 11:12,34.2600,2021-03-26 11:44,35.3000,2021-03-26 12:00,35.4600,2021-03-26 12:02,35.0100,16,2,18,16,2,18,0.004533,0.035026,intraday,intraday,0,0
2021-03-26 12:02,35.0100,2021-03-26 12:49,36.0800,2021-03-26 12:50,36.1000,2021-03-26 12:55,35.7100,1,5,6,1,5,6,0.000554,0.031134,intraday,intraday,0,0
2021-03-26 14:19,34.3600,2021-03-26 14:53,35.5800,2021-03-26 15:59,37.7400,2021-03-29 09:30,36.2900,66,1,67,66,3931,3997,0.060708,0.098370,weekend,weekend,1,1
2021-03-29 09:33,35.8200,2021-03-29 09:37,36.9000,2021-03-29 09:39,36.9100,2021-03-29 09:41,36.3400,2,2,4,2,2,4,0.000271,0.030430,intraday,intraday,0,0
2021-03-29 11:19,34.7100,2021-03-29 11:54,35.8800,2021-03-29 11:55,35.9100,2021-03-29 11:59,35.5300,1,4,5,1,4,5,0.000836,0.034572,intraday,intraday,0,0
2021-03-29 12:12,35.1700,2021-03-29 12:42,36.3100,2021-03-29 13:13,36.8000,2021-03-29 13:19,36.4200,31,6,37,31,6,37,0.013495,0.046346,intraday,intraday,0,0
2021-03-29 14:59,34.5000,2021-03-29 15:13,35.5500,2021-03-29 15:43,35.9300,2021-03-29 15:44,35.5000,30,1,31,30,1,31,0.010689,0.041449,intraday,intraday,0,0
2021-03-30 10:23,34.2800,2021-03-30 10:43,35.3200,2021-03-30 10:44,35.4100,2021-03-30 10:53,35.0400,1,9,10,1,9,10,0.002548,0.032964,intraday,intraday,0,0
2021-03-30 13:07,34.5100,2021-03-30 15:08,35.5800,2021-03-30 15:33,35.7800,2021-03-30 15:50,35.1700,25,17,42,25,17,42,0.005621,0.036801,intraday,intraday,0,0
2021-03-30 15:56,34.8800,2021-03-31 09:30,36.5900,2021-03-31 09:31,36.9600,2021-03-31 09:31,36.4000,1,0,1,1,0,1,0.010112,0.059633,intraday,intraday,0,0
2021-03-31 09:31,36.4000,2021-03-31 09:51,37.5500,2021-03-31 10:04,38.1100,2021-03-31 10:05,37.6800,13,1,14,13,1,14,0.014913,0.046978,intraday,intraday,0,0
2021-03-31 11:44,37.2500,2021-03-31 13:15,38.4100,2021-03-31 13:35,38.7600,2021-03-31 14:05,38.3300,20,30,50,20,30,50,0.009112,0.040537,intraday,intraday,0,0
2021-03-31 15:55,38.0200,2021-04-01 09:30,40.5500,2021-04-01 09:55,41.4700,2021-04-01 10:03,41.0300,25,8,33,25,8,33,0.022688,0.090742,intraday,intraday,0,0
2021-04-01 11:46,40.6800,2021-04-01 14:32,41.9200,2021-04-05 09:30,44.6700,2021-04-05 09:30,44.0000,88,0,88,5458,0,5458,0.065601,0.098083,weekend,intraday,1,1
2021-04-05 09:44,42.9000,2021-04-05 10:20,44.4000,2021-04-05 10:26,44.7700,2021-04-05 10:35,44.2300,6,9,15,6,9,15,0.008333,0.043590,intraday,intraday,0,0
2021-04-05 11:03,43.3800,2021-04-05 12:45,44.6900,2021-04-05 13:19,45.2200,2021-04-05 13:30,44.7600,34,11,45,34,11,45,0.011859,0.042416,intraday,intraday,0,0
2021-04-06 13:30,42.0700,2021-04-06 14:04,43.3600,2021-04-06 14:48,43.7000,2021-04-06 15:09,43.2100,44,21,65,44,21,65,0.007841,0.038745,intraday,intraday,0,0
2021-04-07 09:34,42.5600,2021-04-07 09:52,43.8600,2021-04-07 09:53,43.9000,2021-04-07 09:56,43.4500,1,3,4,1,3,4,0.000912,0.031485,intraday,intraday,0,0
2021-04-07 11:40,42.3400,2021-04-07 14:07,43.6500,2021-04-07 14:15,44.0000,2021-04-07 15:14,43.5500,8,59,67,8,59,67,0.008018,0.039206,intraday,intraday,0,0
2021-04-07 15:36,43.0200,2021-04-08 09:30,44.8900,2021-04-08 09:32,45.0000,2021-04-08 09:45,44.5300,2,13,15,2,13,15,0.002450,0.046025,intraday,intraday,0,0
2021-04-09 09:40,43.1300,2021-04-09 12:08,44.4500,2021-04-09 12:08,44.4500,2021-04-09 12:48,43.9900,0,40,40,0,40,40,0.000000,0.030605,intraday,intraday,0,0
2021-04-12 10:43,41.8000,2021-04-12 13:10,43.0600,2021-04-12 13:14,43.0900,2021-04-12 13:34,42.5500,4,20,24,4,20,24,0.000697,0.030861,intraday,intraday,0,0
2021-04-12 14:00,42.1800,2021-04-13 09:30,44.0000,2021-04-13 09:30,44.0000,2021-04-13 09:32,43.4600,0,2,2,0,2,2,0.000000,0.043148,intraday,intraday,0,0
2021-04-13 12:27,41.5700,2021-04-13 15:56,42.8200,2021-04-13 15:56,42.8200,2021-04-14 09:30,42.1000,0,4,4,0,1054,1054,0.000000,0.030070,overnight,overnight,1,1
2021-04-14 09:30,42.1000,2021-04-14 09:59,43.4300,2021-04-14 10:00,43.4700,2021-04-14 10:02,43.0100,1,2,3,1,2,3,0.000921,0.032542,intraday,intraday,0,0
2021-04-14 14:09,40.6300,2021-04-15 09:30,42.8100,2021-04-15 09:35,43.0000,2021-04-15 09:37,42.5400,5,2,7,5,2,7,0.004438,0.058331,intraday,intraday,0,0
2021-04-15 10:07,41.6200,2021-04-15 11:03,42.8700,2021-04-15 11:08,43.0200,2021-04-15 11:15,42.5400,5,7,12,5,7,12,0.003499,0.033638,intraday,intraday,0,0
2021-04-15 11:34,42.3400,2021-04-15 14:33,43.6600,2021-04-15 14:33,43.6600,2021-04-15 15:13,43.1600,0,40,40,0,40,40,0.000000,0.031176,intraday,intraday,0,0
2021-04-19 12:46,38.2500,2021-04-19 15:56,39.4400,2021-04-19 15:58,39.5000,2021-04-20 09:30,38.9200,2,2,4,2,1052,1054,0.001521,0.032680,overnight,overnight,1,1
2021-04-20 14:39,37.0300,2021-04-21 09:42,38.2900,2021-04-21 09:50,39.1100,2021-04-21 09:53,38.7100,8,3,11,8,3,11,0.021416,0.056171,intraday,intraday,0,0
2021-04-21 09:55,38.4700,2021-04-21 12:39,39.6400,2021-04-21 15:59,40.7700,2021-04-22 09:30,40.3000,200,1,201,200,1051,1251,0.028507,0.059787,overnight,overnight,1,1
2021-04-22 09:55,38.8100,2021-04-22 11:35,39.9800,2021-04-22 11:35,39.9800,2021-04-22 11:59,39.5700,0,24,24,0,24,24,0.000000,0.030147,intraday,intraday,0,0
2021-04-22 14:02,37.2700,2021-04-22 14:44,38.4100,2021-04-22 14:44,38.4100,2021-04-22 14:51,37.9400,0,7,7,0,7,7,0.000000,0.030588,intraday,intraday,0,0
2021-04-22 15:29,37.7300,2021-04-23 09:31,38.9500,2021-04-23 09:38,39.3900,2021-04-23 09:40,38.9800,7,2,9,7,2,9,0.011297,0.043997,intraday,intraday,0,0
2021-04-23 09:47,38.8500,2021-04-23 11:49,40.0600,2021-04-23 13:46,40.4100,2021-04-23 14:19,39.9900,117,33,150,117,33,150,0.008737,0.040154,intraday,intraday,0,0
2021-04-23 14:19,39.9900,2021-04-26 09:46,41.2400,2021-04-26 09:49,41.3400,2021-04-26 09:51,40.8400,3,2,5,3,2,5,0.002425,0.033758,intraday,intraday,0,0
2021-04-26 09:52,40.7400,2021-04-26 11:06,41.9900,2021-04-26 11:17,42.2000,2021-04-26 12:08,41.7700,11,51,62,11,51,62,0.005001,0.035837,intraday,intraday,0,0
2021-04-28 11:17,39.3100,2021-04-29 09:30,41.2200,2021-04-29 09:30,41.2200,2021-04-29 09:31,40.5400,0,1,1,0,1,1,0.000000,0.048588,intraday,intraday,0,0
2021-04-29 12:07,38.4800,2021-04-29 13:44,39.6900,2021-04-29 15:01,40.2700,2021-04-29 15:23,39.8400,77,22,99,77,22,99,0.014613,0.046518,intraday,intraday,0,0
2021-04-30 09:45,37.9000,2021-04-30 10:30,39.0400,2021-04-30 10:31,39.1700,2021-04-30 10:38,38.7000,1,7,8,1,7,8,0.003330,0.033509,intraday,intraday,0,0
2021-04-30 15:47,36.5600,2021-05-03 09:30,37.7900,2021-05-03 09:30,37.7900,2021-05-03 09:32,37.3700,0,2,2,0,2,2,0.000000,0.033643,intraday,intraday,0,0
2021-05-04 11:17,32.0000,2021-05-04 13:04,32.9700,2021-05-04 13:35,33.3600,2021-05-04 13:46,32.9700,31,11,42,31,11,42,0.011829,0.042500,intraday,intraday,0,0
2021-05-04 13:46,32.9700,2021-05-05 09:30,35.3500,2021-05-05 09:31,35.4300,2021-05-05 09:32,35.0700,1,1,2,1,1,2,0.002263,0.074613,intraday,intraday,0,0
2021-05-05 10:04,33.7400,2021-05-05 10:35,34.8500,2021-05-05 11:04,35.5600,2021-05-05 11:25,35.1500,29,21,50,29,21,50,0.020373,0.053942,intraday,intraday,0,0
2021-05-06 09:35,33.4500,2021-05-06 09:39,34.4700,2021-05-06 09:40,34.4800,2021-05-06 09:41,34.0500,1,1,2,1,1,2,0.000290,0.030792,intraday,intraday,0,0
2021-05-06 10:21,33.1600,2021-05-06 10:41,34.3000,2021-05-06 10:41,34.3000,2021-05-06 10:49,33.8400,0,8,8,0,8,8,0.000000,0.034379,intraday,intraday,0,0
2021-05-06 11:13,33.5700,2021-05-06 11:33,34.6100,2021-05-06 11:56,35.1700,2021-05-06 12:02,34.8100,23,6,29,23,6,29,0.016180,0.047662,intraday,intraday,0,0
2021-05-06 14:34,33.7200,2021-05-06 15:48,34.7500,2021-05-07 09:30,36.6400,2021-05-07 09:31,36.1200,12,1,13,1062,1,1063,0.054388,0.086595,overnight,intraday,0,1
2021-05-07 09:33,36.0200,2021-05-07 09:49,37.1400,2021-05-07 09:49,37.1400,2021-05-07 09:51,36.7100,0,2,2,0,2,2,0.000000,0.031094,intraday,intraday,0,0
2021-05-07 10:01,36.2900,2021-05-07 10:20,37.4200,2021-05-07 10:37,37.5500,2021-05-07 10:48,37.1300,17,11,28,17,11,28,0.003474,0.034720,intraday,intraday,0,0
2021-05-07 14:01,35.9100,2021-05-07 15:22,36.9900,2021-05-07 15:32,37.0400,2021-05-10 09:30,35.2500,10,28,38,10,3958,3968,0.001352,0.031468,weekend,weekend,1,1
2021-05-11 09:30,28.6900,2021-05-11 09:33,29.7800,2021-05-11 09:35,29.9100,2021-05-11 09:35,29.6100,2,0,2,2,0,2,0.004365,0.042524,intraday,intraday,0,0
2021-05-11 09:35,29.6100,2021-05-11 09:43,30.6700,2021-05-11 09:43,30.6700,2021-05-11 09:44,30.3200,0,1,1,0,1,1,0.000000,0.035799,intraday,intraday,0,0
2021-05-11 09:48,30.1100,2021-05-11 09:54,31.0700,2021-05-11 09:55,31.1200,2021-05-11 09:55,30.8000,1,0,1,1,0,1,0.001609,0.033544,intraday,intraday,0,0
2021-05-11 10:38,29.3000,2021-05-11 10:53,30.2000,2021-05-11 10:57,30.3200,2021-05-11 10:59,30.0000,4,2,6,4,2,6,0.003974,0.034812,intraday,intraday,0,0
2021-05-11 11:04,29.7300,2021-05-11 11:16,30.6400,2021-05-11 11:36,31.2200,2021-05-11 11:44,30.7900,20,8,28,20,8,28,0.018930,0.050118,intraday,intraday,0,0
2021-05-11 11:44,30.7900,2021-05-11 13:21,31.7300,2021-05-11 13:46,32.2500,2021-05-11 13:53,31.8600,25,7,32,25,7,32,0.016388,0.047418,intraday,intraday,0,0
2021-05-12 09:30,29.6100,2021-05-12 09:37,30.5600,2021-05-12 09:37,30.5600,2021-05-12 09:39,30.0300,0,2,2,0,2,2,0.000000,0.032084,intraday,intraday,0,0
2021-05-12 12:17,28.2200,2021-05-12 13:04,29.1700,2021-05-12 13:05,29.2000,2021-05-12 13:15,28.8700,1,10,11,1,10,11,0.001028,0.034727,intraday,intraday,0,0
2021-05-12 15:55,27.8100,2021-05-13 09:30,29.9200,2021-05-13 09:31,29.9800,2021-05-13 09:33,29.4600,1,2,3,1,2,3,0.002005,0.078029,intraday,intraday,0,0
2021-05-13 09:40,29.4400,2021-05-13 09:55,30.3600,2021-05-13 10:01,30.5000,2021-05-13 10:07,30.1700,6,6,12,6,6,12,0.004611,0.036005,intraday,intraday,0,0
2021-05-13 11:45,28.6700,2021-05-13 12:35,29.5400,2021-05-13 12:35,29.5400,2021-05-13 12:40,29.2000,0,5,5,0,5,5,0.000000,0.030345,intraday,intraday,0,0
2021-05-13 13:38,28.3000,2021-05-13 14:06,29.2700,2021-05-13 14:08,29.5300,2021-05-13 14:26,29.2100,2,18,20,2,18,20,0.008883,0.043463,intraday,intraday,0,0
2021-05-13 15:58,29.1100,2021-05-14 09:30,30.5600,2021-05-14 09:30,30.5600,2021-05-14 09:32,30.1700,0,2,2,0,2,2,0.000000,0.049811,intraday,intraday,0,0
2021-05-14 09:42,29.5800,2021-05-14 10:02,30.4700,2021-05-14 10:50,31.3600,2021-05-14 11:01,31.0000,48,11,59,48,11,59,0.029209,0.060176,intraday,intraday,0,0
2021-05-14 11:04,30.8900,2021-05-14 12:17,31.8200,2021-05-14 14:55,32.6800,2021-05-14 15:03,32.3500,158,8,166,158,8,166,0.027027,0.057948,intraday,intraday,0,0
2021-05-17 09:32,30.1100,2021-05-17 09:40,31.1000,2021-05-17 09:40,31.1000,2021-05-17 09:41,30.5100,0,1,1,0,1,1,0.000000,0.032879,intraday,intraday,0,0
2021-05-17 10:02,29.4300,2021-05-17 10:18,30.4000,2021-05-17 10:22,30.6000,2021-05-17 10:29,30.1300,4,7,11,4,7,11,0.006579,0.039755,intraday,intraday,0,0
2021-05-17 10:33,29.9000,2021-05-17 10:38,30.8300,2021-05-17 10:41,30.9500,2021-05-17 10:47,30.6300,3,6,9,3,6,9,0.003892,0.035117,intraday,intraday,0,0
2021-05-17 13:41,29.6300,2021-05-17 14:53,30.5300,2021-05-17 15:11,30.9000,2021-05-17 15:24,30.5900,18,13,31,18,13,31,0.012119,0.042862,intraday,intraday,0,0
2021-05-17 15:27,30.4600,2021-05-18 09:30,31.9700,2021-05-18 09:30,31.9700,2021-05-18 09:31,31.6400,0,1,1,0,1,1,0.000000,0.049573,intraday,intraday,0,0
2021-05-18 09:51,31.0500,2021-05-18 10:30,32.0400,2021-05-18 10:32,32.0800,2021-05-18 10:43,31.6900,2,11,13,2,11,13,0.001248,0.033172,intraday,intraday,0,0
2021-05-19 09:30,28.2200,2021-05-19 09:32,29.1000,2021-05-19 09:32,29.1000,2021-05-19 09:33,28.7800,0,1,1,0,1,1,0.000000,0.031184,intraday,intraday,0,0
2021-05-19 09:41,28.3000,2021-05-19 09:49,29.1500,2021-05-19 09:51,29.2900,2021-05-19 09:53,28.9400,2,2,4,2,2,4,0.004803,0.034982,intraday,intraday,0,0
2021-05-19 10:03,28.7600,2021-05-19 10:25,29.7200,2021-05-19 10:29,29.9000,2021-05-19 10:33,29.5100,4,4,8,4,4,8,0.006057,0.039638,intraday,intraday,0,0
2021-05-19 10:40,29.4500,2021-05-19 10:54,30.3500,2021-05-19 10:59,30.5100,2021-05-19 11:03,30.1500,5,4,9,5,4,9,0.005272,0.035993,intraday,intraday,0,0
2021-05-19 11:05,30.0900,2021-05-19 11:21,31.0100,2021-05-19 11:22,31.0900,2021-05-19 11:30,30.7600,1,8,9,1,8,9,0.002580,0.033234,intraday,intraday,0,0
2021-05-19 11:53,30.4800,2021-05-19 12:23,31.4400,2021-05-19 12:24,31.5700,2021-05-19 12:51,31.2500,1,27,28,1,27,28,0.004135,0.035761,intraday,intraday,0,0
2021-05-19 14:05,30.9300,2021-05-19 14:22,31.9600,2021-05-19 14:30,32.1700,2021-05-19 14:33,31.8300,8,3,11,8,3,11,0.006571,0.040091,intraday,intraday,0,0
2021-05-19 15:02,31.1700,2021-05-20 09:30,33.0900,2021-05-20 09:41,33.6900,2021-05-20 09:41,33.2700,11,0,11,11,0,11,0.018132,0.080847,intraday,intraday,0,0
2021-05-20 09:41,33.2700,2021-05-20 11:19,34.2800,2021-05-20 11:51,34.5000,2021-05-20 12:02,34.1500,32,11,43,32,11,43,0.006418,0.036970,intraday,intraday,0,0
2021-05-20 12:38,33.9300,2021-05-20 15:20,34.9500,2021-05-20 15:30,34.9800,2021-05-20 15:42,34.6300,10,12,22,10,12,22,0.000858,0.030946,intraday,intraday,0,0
2021-05-21 11:55,33.8100,2021-05-24 09:30,35.3300,2021-05-24 09:30,35.3300,2021-05-24 09:31,34.9100,0,1,1,0,1,1,0.000000,0.044957,intraday,intraday,0,0
2021-05-24 09:31,34.9100,2021-05-24 09:38,35.9800,2021-05-24 10:39,36.4900,2021-05-24 10:49,36.1100,61,10,71,61,10,71,0.014175,0.045259,intraday,intraday,0,0
2021-05-24 10:59,35.9500,2021-05-24 14:38,37.0600,2021-05-24 14:47,37.1400,2021-05-24 15:24,36.7500,9,37,46,9,37,46,0.002159,0.033102,intraday,intraday,0,0
2021-05-24 15:59,36.4600,2021-05-25 09:40,37.5800,2021-05-25 09:42,37.7500,2021-05-25 09:51,37.0600,2,9,11,2,9,11,0.004524,0.035381,intraday,intraday,0,0
2021-05-25 10:02,36.5800,2021-05-25 10:56,37.6900,2021-05-25 10:57,37.7400,2021-05-25 11:04,37.2300,1,7,8,1,7,8,0.001327,0.031711,intraday,intraday,0,0
2021-05-25 11:33,36.2400,2021-05-26 09:30,37.3300,2021-05-26 09:35,37.6800,2021-05-26 09:42,37.2400,5,7,12,5,7,12,0.009376,0.039735,intraday,intraday,0,0
2021-05-26 11:33,36.1800,2021-05-27 09:37,37.2800,2021-05-27 09:40,37.4900,2021-05-27 09:44,37.0600,3,4,7,3,4,7,0.005633,0.036208,intraday,intraday,0,0
2021-05-27 09:48,36.8500,2021-05-27 10:33,37.9900,2021-05-27 10:38,38.2600,2021-05-27 10:50,37.6300,5,12,17,5,12,17,0.007107,0.038263,intraday,intraday,0,0
2021-05-27 15:50,37.4100,2021-05-28 09:54,38.5600,2021-05-28 09:59,38.8400,2021-05-28 10:26,38.3700,5,27,32,5,27,32,0.007261,0.038225,intraday,intraday,0,0
2021-05-28 10:27,38.3500,2021-06-01 09:30,39.7400,2021-06-01 09:42,40.5400,2021-06-01 09:47,40.1200,12,5,17,12,5,17,0.020131,0.057106,intraday,intraday,0,0
2021-06-01 10:56,37.7400,2021-06-02 09:45,39.0100,2021-06-02 09:53,39.3800,2021-06-02 09:56,38.9400,8,3,11,8,3,11,0.009485,0.043455,intraday,intraday,0,0
2021-06-03 09:54,36.5100,2021-06-03 10:22,37.6400,2021-06-03 10:33,37.6900,2021-06-03 10:39,37.2600,11,6,17,11,6,17,0.001328,0.032320,intraday,intraday,0,0
2021-06-03 10:42,37.1100,2021-06-03 11:05,38.2700,2021-06-03 11:06,38.2800,2021-06-03 11:16,37.8900,1,10,11,1,10,11,0.000261,0.031528,intraday,intraday,0,0
2021-06-03 15:59,37.0200,2021-06-04 09:30,38.3900,2021-06-04 09:36,38.8900,2021-06-04 09:36,38.5000,6,0,6,6,0,6,0.013024,0.050513,intraday,intraday,0,0
2021-06-04 09:36,38.5000,2021-06-04 10:02,39.7500,2021-06-04 10:03,39.7900,2021-06-04 10:09,39.3900,1,6,7,1,6,7,0.001006,0.033506,intraday,intraday,0,0
2021-06-07 11:46,38.1500,2021-06-08 09:30,39.9700,2021-06-08 09:30,39.9700,2021-06-08 09:34,39.4500,0,4,4,0,4,4,0.000000,0.047706,intraday,intraday,0,0
2021-06-08 11:21,37.3000,2021-06-08 12:58,38.4200,2021-06-08 13:00,38.4500,2021-06-08 13:59,38.0600,2,59,61,2,59,61,0.000781,0.030831,intraday,intraday,0,0
2021-06-09 15:43,37.6200,2021-06-10 09:40,38.8000,2021-06-10 10:02,39.3700,2021-06-10 10:09,38.9300,22,7,29,22,7,29,0.014691,0.046518,intraday,intraday,0,0
2021-06-10 10:55,37.5200,2021-06-10 12:49,38.6500,2021-06-10 14:57,39.2200,2021-06-10 15:47,38.7900,128,50,178,128,50,178,0.014748,0.045309,intraday,intraday,0,0
2021-06-11 09:45,38.5700,2021-06-14 09:30,39.8400,2021-06-14 09:30,39.8400,2021-06-14 09:31,39.3700,0,1,1,0,1,1,0.000000,0.032927,intraday,intraday,0,0
2021-06-14 09:38,39.0500,2021-06-14 12:01,40.2600,2021-06-14 12:15,41.1700,2021-06-14 12:30,40.7300,14,15,29,14,15,29,0.022603,0.054289,intraday,intraday,0,0
2021-06-14 15:12,40.3200,2021-06-15 09:53,41.5500,2021-06-15 09:55,41.6000,2021-06-15 10:02,41.1300,2,7,9,2,7,9,0.001203,0.031746,intraday,intraday,0,0
2021-06-16 14:45,38.0700,2021-06-16 15:17,39.2800,2021-06-16 15:41,39.7600,2021-06-16 15:49,39.3100,24,8,32,24,8,32,0.012220,0.044392,intraday,intraday,0,0
2021-06-17 09:30,38.6500,2021-06-17 09:41,39.8500,2021-06-17 10:03,40.1500,2021-06-17 10:07,39.7400,22,4,26,22,4,26,0.007528,0.038810,intraday,intraday,0,0
2021-06-17 10:09,39.7300,2021-06-17 10:35,40.9400,2021-06-17 10:39,41.1500,2021-06-17 10:46,40.6700,4,7,11,4,7,11,0.005129,0.035741,intraday,intraday,0,0
2021-06-17 12:30,39.0100,2021-06-17 13:27,40.2300,2021-06-17 15:14,40.6900,2021-06-17 15:59,40.2500,107,45,152,107,45,152,0.011434,0.043066,intraday,intraday,0,0
2021-06-18 15:06,36.7500,2021-06-18 15:39,37.8600,2021-06-18 15:45,37.9800,2021-06-18 15:49,37.6000,6,4,10,6,4,10,0.003170,0.033469,intraday,intraday,0,0
2021-06-21 09:38,36.5900,2021-06-21 09:54,37.8100,2021-06-21 09:59,38.1700,2021-06-21 10:03,37.7400,5,4,9,5,4,9,0.009521,0.043181,intraday,intraday,0,0
2021-06-21 10:24,37.0100,2021-06-21 15:59,38.1700,2021-06-21 15:59,38.1700,2021-06-22 09:30,37.7200,0,1,1,0,1051,1051,0.000000,0.031343,overnight,overnight,1,1
2021-06-22 09:51,37.4000,2021-06-22 11:03,38.5500,2021-06-22 11:29,38.8300,2021-06-22 12:42,38.4300,26,73,99,26,73,99,0.007263,0.038235,intraday,intraday,0,0
2021-06-22 14:37,37.7600,2021-06-23 09:30,38.9500,2021-06-23 09:34,39.2900,2021-06-23 09:37,38.8900,4,3,7,4,3,7,0.008729,0.040519,intraday,intraday,0,0
2021-06-23 09:53,38.8300,2021-06-24 09:30,40.1500,2021-06-24 12:16,41.1900,2021-06-24 12:52,40.7400,166,36,202,166,36,202,0.025903,0.060778,intraday,intraday,0,0
2021-06-24 13:51,40.4000,2021-06-25 09:39,41.6900,2021-06-25 09:39,41.6900,2021-06-25 09:56,41.1100,0,17,17,0,17,17,0.000000,0.031931,intraday,intraday,0,0
2021-06-25 15:54,40.2900,2021-06-28 09:30,42.0800,2021-06-28 12:26,44.0800,2021-06-28 12:54,43.6000,176,28,204,176,28,204,0.047529,0.094068,intraday,intraday,0,0
2021-06-29 10:16,42.8800,2021-06-29 11:04,44.2200,2021-06-29 11:05,44.2800,2021-06-29 11:19,43.8100,1,14,15,1,14,15,0.001357,0.032649,intraday,intraday,0,0
2021-07-01 11:24,42.1300,2021-07-02 09:30,43.7000,2021-07-02 09:30,43.7000,2021-07-02 09:33,43.2500,0,3,3,0,3,3,0.000000,0.037266,intraday,intraday,0,0
2021-07-02 12:12,42.2500,2021-07-06 09:30,43.7700,2021-07-06 09:38,44.1400,2021-07-06 09:43,43.4700,8,5,13,8,5,13,0.008453,0.044734,intraday,intraday,0,0
2021-07-06 12:20,41.3600,2021-07-06 13:53,42.6200,2021-07-07 09:30,43.9100,2021-07-07 09:32,43.4600,127,2,129,1177,2,1179,0.030267,0.061654,overnight,intraday,0,1
2021-07-08 09:49,37.7600,2021-07-08 09:59,39.0300,2021-07-08 09:59,39.0300,2021-07-08 10:02,38.4400,0,3,3,0,3,3,0.000000,0.033633,intraday,intraday,0,0
2021-07-08 10:02,38.4400,2021-07-08 10:30,39.6900,2021-07-08 10:30,39.6900,2021-07-08 10:37,39.2600,0,7,7,0,7,7,0.000000,0.032518,intraday,intraday,0,0
2021-07-08 11:01,39.1600,2021-07-08 12:32,40.3800,2021-07-08 12:32,40.3800,2021-07-08 13:00,39.9700,0,28,28,0,28,28,0.000000,0.031154,intraday,intraday,0,0
2021-07-08 15:50,39.0700,2021-07-09 09:53,40.2700,2021-07-12 09:37,42.6900,2021-07-12 09:40,42.1200,374,3,377,4304,3,4307,0.060094,0.092654,weekend,intraday,0,1
2021-07-12 10:22,41.8100,2021-07-12 11:49,43.1200,2021-07-12 11:50,43.1400,2021-07-12 12:08,42.7000,1,18,19,1,18,19,0.000464,0.031811,intraday,intraday,0,0
2021-07-13 09:39,42.1000,2021-07-14 09:30,43.9400,2021-07-14 09:35,44.7900,2021-07-14 09:37,44.1200,5,2,7,5,2,7,0.019345,0.063895,intraday,intraday,0,0
2021-07-15 09:43,39.6700,2021-07-15 09:56,41.1800,2021-07-15 10:06,41.3500,2021-07-15 10:17,40.7300,10,11,21,10,11,21,0.004128,0.042349,intraday,intraday,0,0
2021-07-15 13:59,38.5500,2021-07-16 09:30,40.1200,2021-07-16 09:32,40.4500,2021-07-16 09:34,39.9200,2,2,4,2,2,4,0.008225,0.049287,intraday,intraday,0,0
2021-07-19 10:02,34.7100,2021-07-19 10:15,35.8300,2021-07-19 10:20,36.1900,2021-07-19 10:20,35.8200,5,0,5,5,0,5,0.010047,0.042639,intraday,intraday,0,0
2021-07-19 10:37,35.7300,2021-07-19 11:03,36.8100,2021-07-19 11:12,36.9300,2021-07-19 11:22,36.5300,9,10,19,9,10,19,0.003260,0.033585,intraday,intraday,0,0
2021-07-19 12:43,35.7600,2021-07-20 09:30,37.2500,2021-07-20 09:30,37.2500,2021-07-20 09:31,36.4300,0,1,1,0,1,1,0.000000,0.041667,intraday,intraday,0,0
2021-07-20 09:40,35.8500,2021-07-20 10:15,36.9700,2021-07-20 10:26,37.4500,2021-07-20 10:36,37.0100,11,10,21,11,10,21,0.012984,0.044630,intraday,intraday,0,0
2021-07-20 10:36,37.0100,2021-07-20 11:44,38.2100,2021-07-20 12:52,38.6400,2021-07-20 13:08,38.2400,68,16,84,68,16,84,0.011254,0.044042,intraday,intraday,0,0
2021-07-20 13:47,38.0000,2021-07-21 09:33,39.2200,2021-07-21 10:03,40.9400,2021-07-21 10:09,40.5200,30,6,36,30,6,36,0.043855,0.077368,intraday,intraday,0,0
2021-07-21 10:53,39.8400,2021-07-21 12:25,41.0700,2021-07-21 12:26,41.0900,2021-07-21 12:56,40.6600,1,30,31,1,30,31,0.000487,0.031376,intraday,intraday,0,0
2021-07-21 12:58,40.5900,2021-07-21 15:59,41.8400,2021-07-21 15:59,41.8400,2021-07-22 09:30,40.7200,0,1,1,0,1051,1051,0.000000,0.030796,overnight,overnight,1,1
2021-07-22 11:16,39.9000,2021-07-23 09:30,41.4100,2021-07-23 09:30,41.4100,2021-07-23 09:31,40.6400,0,1,1,0,1,1,0.000000,0.037845,intraday,intraday,0,0
2021-07-23 10:13,39.9500,2021-07-23 11:24,41.1700,2021-07-23 11:32,41.6100,2021-07-23 12:00,41.1600,8,28,36,8,28,36,0.010687,0.041552,intraday,intraday,0,0
2021-07-27 13:22,36.7100,2021-07-27 14:15,37.8800,2021-07-27 15:09,38.9300,2021-07-27 15:40,38.3900,54,31,85,54,31,85,0.027719,0.060474,intraday,intraday,0,0
2021-07-27 15:40,38.3900,2021-07-28 09:30,39.8800,2021-07-28 09:31,39.9900,2021-07-28 09:32,39.5800,1,1,2,1,1,2,0.002758,0.041678,intraday,intraday,0,0
2021-07-28 09:45,39.0200,2021-07-28 10:55,40.2300,2021-07-28 11:19,40.8700,2021-07-28 11:31,40.4200,24,12,36,24,12,36,0.015909,0.047412,intraday,intraday,0,0
2021-07-28 14:00,40.2800,2021-07-28 14:50,41.5000,2021-07-29 09:30,41.6700,2021-07-29 09:30,41.2300,70,0,70,1120,0,1120,0.004096,0.034508,overnight,intraday,1,1
2021-07-29 09:30,41.2300,2021-07-29 09:35,42.4900,2021-07-29 09:42,42.9200,2021-07-29 09:53,42.4500,7,11,18,7,11,18,0.010120,0.040990,intraday,intraday,0,0
2021-07-29 10:08,42.1200,2021-07-29 12:18,43.3900,2021-07-29 12:21,43.4900,2021-07-29 12:47,43.0500,3,26,29,3,26,29,0.002305,0.032526,intraday,intraday,0,0
2021-07-30 09:30,42.0200,2021-07-30 09:35,43.2900,2021-07-30 09:47,44.1200,2021-07-30 09:54,43.6400,12,7,19,12,7,19,0.019173,0.049976,intraday,intraday,0,0
2021-07-30 11:38,42.6900,2021-07-30 14:00,43.9800,2021-07-30 14:26,44.3000,2021-07-30 14:40,43.8000,26,14,40,26,14,40,0.007276,0.037714,intraday,intraday,0,0
2021-07-30 14:40,43.8000,2021-08-02 09:30,46.0000,2021-08-02 09:32,46.5000,2021-08-02 09:33,46.0200,2,1,3,2,1,3,0.010870,0.061644,intraday,intraday,0,0
2021-08-02 09:51,45.4500,2021-08-02 11:17,46.8300,2021-08-02 11:19,46.8900,2021-08-02 11:33,46.4200,2,14,16,2,14,16,0.001281,0.031683,intraday,intraday,0,0
2021-08-03 10:10,43.6100,2021-08-03 10:23,44.9500,2021-08-03 10:30,45.2300,2021-08-03 10:32,44.7700,7,2,9,7,2,9,0.006229,0.037147,intraday,intraday,0,0
2021-08-03 11:25,43.8300,2021-08-03 11:43,45.1500,2021-08-03 11:57,45.7200,2021-08-03 12:19,45.2600,14,22,36,14,22,36,0.012625,0.043121,intraday,intraday,0,0
2021-08-03 12:25,45.2400,2021-08-04 09:30,46.8500,2021-08-04 09:31,47.1800,2021-08-04 09:32,46.6600,1,1,2,1,1,2,0.007044,0.042882,intraday,intraday,0,0
2021-08-04 09:53,46.2100,2021-08-04 10:52,47.6800,2021-08-04 11:08,48.1300,2021-08-04 11:17,47.6300,16,9,25,16,9,25,0.009438,0.041549,intraday,intraday,0,0
2021-08-09 09:41,45.5400,2021-08-09 12:00,46.9300,2021-08-09 12:02,47.0000,2021-08-09 12:42,46.5300,2,40,42,2,40,42,0.001492,0.032060,intraday,intraday,0,0
2021-08-10 10:41,43.5000,2021-08-10 12:18,44.8900,2021-08-10 12:23,45.0100,2021-08-10 12:42,44.5100,5,19,24,5,19,24,0.002673,0.034713,intraday,intraday,0,0
2021-08-11 11:17,42.4200,2021-08-11 13:02,43.7100,2021-08-11 13:31,43.9700,2021-08-11 13:44,43.5200,29,13,42,29,13,42,0.005948,0.036539,intraday,intraday,0,0
2021-08-12 10:03,41.5600,2021-08-12 10:50,42.9000,2021-08-12 10:50,42.9000,2021-08-12 11:02,42.4400,0,12,12,0,12,12,0.000000,0.032243,intraday,intraday,0,0
2021-08-12 13:03,42.2700,2021-08-13 10:20,43.5800,2021-08-13 10:23,43.6000,2021-08-13 10:42,43.1600,3,19,22,3,19,22,0.000459,0.031464,intraday,intraday,0,0
2021-08-17 10:10,39.9700,2021-08-17 10:36,41.1900,2021-08-17 10:44,41.6400,2021-08-17 10:54,41.2200,8,10,18,8,10,18,0.010925,0.041781,intraday,intraday,0,0
2021-08-17 13:00,39.3400,2021-08-18 09:54,40.6300,2021-08-18 09:56,40.9600,2021-08-18 10:03,40.5000,2,7,9,2,7,9,0.008122,0.041179,intraday,intraday,0,0
2021-08-19 09:45,37.1400,2021-08-19 10:18,38.6100,2021-08-19 10:18,38.6100,2021-08-19 10:34,38.2100,0,16,16,0,16,16,0.000000,0.039580,intraday,intraday,0,0
2021-08-19 10:40,38.1600,2021-08-19 11:04,39.3600,2021-08-19 11:19,39.7200,2021-08-19 11:26,39.3200,15,7,22,15,7,22,0.009146,0.040881,intraday,intraday,0,0
2021-08-19 14:32,38.8700,2021-08-20 09:30,40.2500,2021-08-20 09:35,40.3700,2021-08-20 09:36,39.7900,5,1,6,5,1,6,0.002981,0.038590,intraday,intraday,0,0
2021-08-20 12:12,39.0100,2021-08-20 15:37,40.1900,2021-08-23 09:30,42.1600,2021-08-23 09:30,41.4000,23,0,23,3953,0,3953,0.049017,0.080749,weekend,intraday,1,1
2021-08-23 09:30,41.4000,2021-08-23 09:32,42.6500,2021-08-23 09:37,42.8900,2021-08-23 09:47,42.4200,5,10,15,5,10,15,0.005627,0.035990,intraday,intraday,0,0
2021-08-23 10:29,41.8000,2021-08-23 11:45,43.1200,2021-08-24 09:31,44.1400,2021-08-24 09:32,43.6000,256,1,257,1306,1,1307,0.023655,0.055981,overnight,intraday,0,1
2021-08-24 10:07,43.3800,2021-08-25 09:30,44.7300,2021-08-25 09:31,44.9400,2021-08-25 09:31,44.4400,1,0,1,1,0,1,0.004695,0.035961,intraday,intraday,0,0
2021-08-26 09:38,43.8900,2021-08-26 10:04,45.2800,2021-08-26 10:05,45.3300,2021-08-26 10:15,44.8200,1,10,11,1,10,11,0.001104,0.032809,intraday,intraday,0,0
2021-08-26 11:06,43.7000,2021-08-26 12:36,45.0300,2021-08-26 13:58,45.0900,2021-08-26 14:50,44.6300,82,52,134,82,52,134,0.001332,0.031808,intraday,intraday,0,0
2021-08-26 15:08,44.2400,2021-08-27 09:32,45.6000,2021-08-27 09:32,45.6000,2021-08-27 09:39,45.1300,0,7,7,0,7,7,0.000000,0.030741,intraday,intraday,0,0
2021-08-27 09:40,45.0800,2021-08-27 10:14,46.4600,2021-08-27 10:24,46.6000,2021-08-27 10:27,46.0200,10,3,13,10,3,13,0.003013,0.033718,intraday,intraday,0,0
2021-08-27 10:27,46.0200,2021-08-27 14:56,47.4200,2021-08-30 09:30,48.5500,2021-08-30 09:30,47.7800,64,0,64,3994,0,3994,0.023830,0.054976,weekend,intraday,1,1
2021-08-31 10:16,45.3700,2021-08-31 11:43,46.7700,2021-08-31 14:41,47.3000,2021-08-31 15:22,46.8000,178,41,219,178,41,219,0.011332,0.042539,intraday,intraday,0,0
2021-09-02 10:10,45.7000,2021-09-03 09:36,47.1000,2021-09-03 10:00,47.8500,2021-09-03 10:06,47.3500,24,6,30,24,6,30,0.015924,0.047046,intraday,intraday,0,0
2021-09-08 11:51,43.7600,2021-09-09 09:30,45.3200,2021-09-09 09:41,45.8800,2021-09-09 09:52,45.4100,11,11,22,11,11,22,0.012357,0.048446,intraday,intraday,0,0
2021-09-09 09:57,45.1200,2021-09-10 09:30,47.3400,2021-09-10 09:49,48.6300,2021-09-10 10:04,48.0700,19,15,34,19,15,34,0.027250,0.077793,intraday,intraday,0,0
2021-09-10 11:08,46.6800,2021-09-10 12:55,48.1900,2021-09-10 13:15,48.5500,2021-09-10 14:29,47.9400,20,74,94,20,74,94,0.007470,0.040060,intraday,intraday,0,0
2021-09-10 15:56,46.5100,2021-09-13 09:30,48.0000,2021-09-13 09:30,48.0000,2021-09-13 09:31,47.3000,0,1,1,0,1,1,0.000000,0.032036,intraday,intraday,0,0
2021-09-13 11:15,45.9200,2021-09-13 12:20,47.3000,2021-09-13 13:13,47.7600,2021-09-13 13:26,47.2700,53,13,66,53,13,66,0.009725,0.040070,intraday,intraday,0,0
2021-09-13 15:05,46.4100,2021-09-13 15:59,47.8700,2021-09-14 09:31,48.8000,2021-09-14 09:32,48.1200,2,1,3,1052,1,1053,0.019428,0.051498,overnight,intraday,0,1
2021-09-14 10:02,47.1400,2021-09-14 11:37,48.6600,2021-09-14 12:02,48.9700,2021-09-14 12:28,48.4800,25,26,51,25,26,51,0.006371,0.038821,intraday,intraday,0,0
2021-09-15 09:43,46.7600,2021-09-15 13:53,48.2200,2021-09-15 15:59,48.6900,2021-09-16 09:30,47.1600,126,1,127,126,1051,1177,0.009747,0.041275,overnight,overnight,1,1
2021-09-16 09:32,47.0200,2021-09-16 13:52,48.4500,2021-09-16 15:15,49.5300,2021-09-16 15:29,48.9800,83,14,97,83,14,97,0.022291,0.053382,intraday,intraday,0,0
2021-09-20 09:31,42.7900,2021-09-20 09:45,44.1900,2021-09-20 09:45,44.1900,2021-09-20 09:51,43.6600,0,6,6,0,6,6,0.000000,0.032718,intraday,intraday,0,0
2021-09-20 14:38,41.1600,2021-09-20 15:42,42.5100,2021-09-21 09:30,44.3800,2021-09-21 09:30,43.8000,18,0,18,1068,0,1068,0.043990,0.078231,overnight,intraday,1,1
2021-09-21 10:54,42.3500,2021-09-21 11:17,43.6300,2021-09-21 12:37,44.3600,2021-09-21 12:52,43.6900,80,15,95,80,15,95,0.016732,0.047462,intraday,intraday,0,0
2021-09-21 15:59,43.5800,2021-09-22 09:54,44.9500,2021-09-22 12:36,46.1300,2021-09-22 13:04,45.6600,162,28,190,162,28,190,0.026251,0.058513,intraday,intraday,0,0
2021-09-22 14:00,45.1500,2021-09-22 14:15,46.5200,2021-09-22 14:15,46.5200,2021-09-22 14:36,46.0500,0,21,21,0,21,21,0.000000,0.030343,intraday,intraday,0,0
2021-09-22 14:50,45.2000,2021-09-22 15:38,46.5700,2021-09-22 15:38,46.5700,2021-09-22 15:50,45.9400,0,12,12,0,12,12,0.000000,0.030310,intraday,intraday,0,0
2021-09-22 15:50,45.9400,2021-09-23 09:39,47.4300,2021-09-23 10:06,48.3600,2021-09-23 10:19,47.8700,27,13,40,27,13,40,0.019608,0.052677,intraday,intraday,0,0
2021-09-24 09:33,46.7800,2021-09-24 13:13,48.2100,2021-09-24 13:14,48.2300,2021-09-24 13:56,47.7300,1,42,43,1,42,43,0.000415,0.030996,intraday,intraday,0,0
2021-09-27 09:42,45.5600,2021-09-27 10:06,46.9500,2021-09-27 11:04,48.1900,2021-09-27 11:09,47.7000,58,5,63,58,5,63,0.026411,0.057726,intraday,intraday,0,0
2021-09-28 13:05,42.2000,2021-09-28 15:08,43.5500,2021-09-28 15:08,43.5500,2021-09-28 15:22,43.0700,0,14,14,0,14,14,0.000000,0.031991,intraday,intraday,0,0
2021-09-29 09:44,41.0000,2021-09-29 09:52,42.4000,2021-09-29 09:56,42.6800,2021-09-29 09:58,42.2000,4,2,6,4,2,6,0.006604,0.040976,intraday,intraday,0,0
2021-09-29 12:27,39.7800,2021-09-29 14:14,41.0400,2021-09-29 14:45,41.3300,2021-09-29 14:47,40.9000,31,2,33,31,2,33,0.007066,0.038964,intraday,intraday,0,0
2021-09-29 15:57,39.9200,2021-09-30 09:30,41.5400,2021-09-30 09:32,41.5800,2021-09-30 09:38,41.1500,2,6,8,2,6,8,0.000963,0.041583,intraday,intraday,0,0
2021-10-01 10:30,38.0600,2021-10-01 11:18,39.2200,2021-10-01 11:45,39.5600,2021-10-01 12:12,39.1600,27,27,54,27,27,54,0.008669,0.039411,intraday,intraday,0,0
2021-10-01 12:18,38.9200,2021-10-01 14:41,40.1000,2021-10-01 15:15,40.4300,2021-10-01 15:30,39.9900,34,15,49,34,15,49,0.008229,0.038798,intraday,intraday,0,0
2021-10-04 15:51,36.5700,2021-10-05 09:30,37.8800,2021-10-05 09:31,37.9000,2021-10-05 09:31,37.3700,1,0,1,1,0,1,0.000528,0.036369,intraday,intraday,0,0
2021-10-05 09:58,37.2500,2021-10-05 10:31,38.3800,2021-10-05 11:14,39.1900,2021-10-05 11:28,38.7900,43,14,57,43,14,57,0.021105,0.052081,intraday,intraday,0,0
2021-10-06 09:30,37.0700,2021-10-06 09:35,38.1900,2021-10-06 09:44,38.4600,2021-10-06 09:48,38.0600,9,4,13,9,4,13,0.007070,0.037497,intraday,intraday,0,0
2021-10-06 10:03,36.9200,2021-10-06 10:22,38.2000,2021-10-06 10:31,38.4900,2021-10-06 10:37,38.1000,9,6,15,9,6,15,0.007592,0.042524,intraday,intraday,0,0
2021-10-06 11:29,37.2200,2021-10-06 12:00,38.3400,2021-10-06 12:01,38.3800,2021-10-06 12:05,37.9100,1,4,5,1,4,5,0.001043,0.031166,intraday,intraday,0,0
2021-10-06 13:07,37.5200,2021-10-06 13:39,38.6900,2021-10-06 14:46,39.0600,2021-10-06 14:59,38.6000,67,13,80,67,13,80,0.009563,0.041045,intraday,intraday,0,0
2021-10-06 15:38,38.2700,2021-10-07 09:30,40.6900,2021-10-07 09:36,41.4100,2021-10-07 09:39,40.9100,6,3,9,6,3,9,0.017695,0.082049,intraday,intraday,0,0
2021-10-07 09:52,40.7000,2021-10-07 11:43,41.9300,2021-10-07 12:01,42.0300,2021-10-07 12:16,41.6000,18,15,33,18,15,33,0.002385,0.032678,intraday,intraday,0,0
2021-10-11 09:32,38.5800,2021-10-11 09:40,39.8200,2021-10-11 10:20,40.3900,2021-10-11 10:40,39.9800,40,20,60,40,20,60,0.014314,0.046916,intraday,intraday,0,0
2021-10-12 13:25,36.5000,2021-10-13 09:30,37.9500,2021-10-13 09:31,38.1300,2021-10-13 09:31,37.7100,1,0,1,1,0,1,0.004743,0.044658,intraday,intraday,0,0
2021-10-13 10:14,37.2400,2021-10-14 09:30,39.7700,2021-10-14 09:32,39.8900,2021-10-14 09:34,39.3800,2,2,4,2,2,4,0.003017,0.071160,intraday,intraday,0,0
2021-10-14 09:37,39.3400,2021-10-14 11:40,40.5300,2021-10-14 13:02,41.0400,2021-10-14 13:09,40.6200,82,7,89,82,7,89,0.012583,0.043213,intraday,intraday,0,0
2021-10-14 13:28,40.5600,2021-10-15 09:30,42.0700,2021-10-15 09:30,42.0700,2021-10-15 09:31,41.3000,0,1,1,0,1,1,0.000000,0.037229,intraday,intraday,0,0
2021-10-18 09:35,40.4400,2021-10-18 09:47,41.6900,2021-10-18 09:50,41.9700,2021-10-18 10:06,41.5500,3,16,19,3,16,19,0.006716,0.037834,intraday,intraday,0,0
2021-10-18 10:10,41.4900,2021-10-18 14:53,42.7400,2021-10-19 09:30,43.2000,2021-10-19 09:31,42.7100,67,1,68,1117,1,1118,0.010763,0.041215,overnight,intraday,0,1
2021-10-19 09:34,42.6300,2021-10-19 11:34,43.9100,2021-10-19 13:00,44.4800,2021-10-19 14:32,44.0200,86,92,178,86,92,178,0.012981,0.043397,intraday,intraday,0,0
2021-10-21 09:30,43.3000,2021-10-21 10:37,44.6200,2021-10-21 11:04,44.6300,2021-10-21 11:34,44.1100,27,30,57,27,30,57,0.000224,0.030716,intraday,intraday,0,0
2021-10-21 11:34,44.1100,2021-10-21 15:53,45.4400,2021-10-21 15:59,45.7200,2021-10-22 09:30,44.7000,6,1,7,6,1051,1057,0.006162,0.036500,overnight,overnight,1,1
2021-10-22 09:30,44.7000,2021-10-22 09:41,46.1500,2021-10-22 09:42,46.1600,2021-10-22 09:47,45.6100,1,5,6,1,5,6,0.000217,0.032662,intraday,intraday,0,0
2021-10-22 11:49,43.7700,2021-10-25 09:33,45.2300,2021-10-25 09:35,45.4300,2021-10-25 09:37,44.8000,2,2,4,2,2,4,0.004422,0.037926,intraday,intraday,0,0
2021-10-25 09:43,44.1600,2021-10-25 12:44,45.5000,2021-10-25 13:27,45.6700,2021-10-25 15:23,45.2000,43,116,159,43,116,159,0.003736,0.034194,intraday,intraday,0,0
2021-10-25 15:56,44.6600,2021-10-26 09:30,46.0900,2021-10-26 09:34,46.4400,2021-10-26 09:35,45.9300,4,1,5,4,1,5,0.007594,0.039857,intraday,intraday,0,0
2021-10-27 09:30,43.5600,2021-10-27 09:41,44.9400,2021-10-27 09:46,45.4700,2021-10-27 09:54,44.9900,5,8,13,5,8,13,0.011794,0.043848,intraday,intraday,0,0
2021-10-27 10:46,44.0200,2021-10-27 12:01,45.4400,2021-10-27 12:01,45.4400,2021-10-27 12:17,44.9200,0,16,16,0,16,16,0.000000,0.032258,intraday,intraday,0,0
2021-10-27 15:59,43.9600,2021-10-28 09:30,46.5500,2021-10-28 09:32,46.9600,2021-10-28 09:33,46.2700,2,1,3,2,1,3,0.008808,0.068244,intraday,intraday,0,0
2021-10-28 09:38,45.5700,2021-10-28 09:45,46.9800,2021-10-28 09:46,46.9900,2021-10-28 09:52,46.4800,1,6,7,1,6,7,0.000213,0.031161,intraday,intraday,0,0
2021-10-29 09:30,45.6200,2021-10-29 09:38,47.0900,2021-10-29 09:39,47.1400,2021-10-29 09:46,46.5500,1,7,8,1,7,8,0.001062,0.033319,intraday,intraday,0,0
2021-10-29 09:46,46.5500,2021-11-01 09:30,47.9900,2021-11-01 09:33,48.0300,2021-11-01 09:36,47.5100,3,3,6,3,3,6,0.000834,0.031794,intraday,intraday,0,0
2021-11-01 09:38,47.4500,2021-11-01 10:31,48.9100,2021-11-01 10:31,48.9100,2021-11-01 10:40,48.4200,0,9,9,0,9,9,0.000000,0.030769,intraday,intraday,0,0
2021-11-01 10:42,48.3400,2021-11-01 15:56,49.8500,2021-11-02 09:30,50.4800,2021-11-02 09:30,49.8100,4,0,4,1054,0,1054,0.012638,0.044270,overnight,intraday,1,1
2021-11-02 09:30,49.8100,2021-11-02 09:50,51.3300,2021-11-02 09:55,51.7400,2021-11-02 09:56,51.2200,5,1,6,5,1,6,0.007988,0.038747,intraday,intraday,0,0
2021-11-02 10:14,50.3500,2021-11-03 09:30,52.1500,2021-11-03 09:30,52.1500,2021-11-03 09:32,51.5200,0,2,2,0,2,2,0.000000,0.035750,intraday,intraday,0,0
2021-11-03 09:36,51.4200,2021-11-03 14:01,53.0000,2021-11-03 14:05,53.3000,2021-11-03 14:11,52.7100,4,6,10,4,6,10,0.005660,0.036562,intraday,intraday,0,0
2021-11-03 14:11,52.7100,2021-11-04 09:30,55.5300,2021-11-04 09:30,55.5300,2021-11-04 09:32,54.8500,0,2,2,0,2,2,0.000000,0.053500,intraday,intraday,0,0
2021-11-04 09:36,54.5700,2021-11-04 10:03,56.2200,2021-11-04 11:12,57.2700,2021-11-04 11:22,56.6600,69,10,79,69,10,79,0.018677,0.049478,intraday,intraday,0,0
2021-11-04 11:28,55.9900,2021-11-04 12:10,57.7300,2021-11-04 12:13,57.9500,2021-11-04 12:22,57.3700,3,9,12,3,9,12,0.003811,0.035006,intraday,intraday,0,0
2021-11-04 12:32,57.1800,2021-11-04 14:23,58.9800,2021-11-04 14:51,59.8300,2021-11-04 14:57,59.2100,28,6,34,28,6,34,0.014412,0.046345,intraday,intraday,0,0
2021-11-04 15:42,58.0400,2021-11-05 09:30,60.6700,2021-11-05 09:39,62.2500,2021-11-05 09:40,61.1700,9,1,10,9,1,10,0.026043,0.072536,intraday,intraday,0,0
2021-11-05 09:56,59.6700,2021-11-05 10:17,61.5000,2021-11-05 10:17,61.5000,2021-11-05 10:33,60.8800,0,16,16,0,16,16,0.000000,0.030669,intraday,intraday,0,0
2021-11-05 13:29,59.2100,2021-11-05 14:06,60.9900,2021-11-05 14:06,60.9900,2021-11-05 14:23,60.3800,0,17,17,0,17,17,0.000000,0.030062,intraday,intraday,0,0
2021-11-05 14:24,60.2100,2021-11-08 09:30,62.5800,2021-11-08 09:38,63.3200,2021-11-08 09:43,62.6400,8,5,13,8,5,13,0.011825,0.051653,intraday,intraday,0,0
2021-11-08 10:01,61.4900,2021-11-08 11:28,63.4000,2021-11-08 11:37,64.3700,2021-11-08 11:49,63.6200,9,12,21,9,12,21,0.015300,0.046837,intraday,intraday,0,0
2021-11-08 15:50,63.0200,2021-11-09 09:30,65.4600,2021-11-09 09:30,65.4600,2021-11-09 09:31,64.4700,0,1,1,0,1,1,0.000000,0.038718,intraday,intraday,0,0
2021-11-09 10:10,61.8000,2021-11-09 10:41,64.0000,2021-11-09 10:41,64.0000,2021-11-09 10:46,63.3300,0,5,5,0,5,5,0.000000,0.035599,intraday,intraday,0,0
2021-11-09 13:48,61.4100,2021-11-09 15:25,63.2800,2021-11-09 15:57,63.4900,2021-11-10 09:30,59.3000,32,3,35,32,1053,1085,0.003319,0.033871,overnight,overnight,1,1
2021-11-10 09:30,59.3000,2021-11-10 09:35,61.5700,2021-11-10 09:35,61.5700,2021-11-10 09:37,60.7200,0,2,2,0,2,2,0.000000,0.038280,intraday,intraday,0,0
2021-11-10 09:39,60.6500,2021-11-10 10:17,62.5000,2021-11-10 10:17,62.5000,2021-11-10 10:22,61.7000,0,5,5,0,5,5,0.000000,0.030503,intraday,intraday,0,0
2021-11-10 14:43,57.0600,2021-11-11 09:30,60.8000,2021-11-11 09:31,60.8800,2021-11-11 09:33,60.0700,1,2,3,1,2,3,0.001316,0.066947,intraday,intraday,0,0
2021-11-11 09:39,59.3700,2021-11-11 10:43,61.1600,2021-11-11 11:37,61.3800,2021-11-11 11:47,60.7500,54,10,64,54,10,64,0.003597,0.033855,intraday,intraday,0,0
2021-11-11 12:08,60.5400,2021-11-12 09:30,62.5100,2021-11-12 09:30,62.5100,2021-11-12 09:31,61.4300,0,1,1,0,1,1,0.000000,0.032540,intraday,intraday,0,0
2021-11-12 10:12,61.1700,2021-11-12 11:01,63.1100,2021-11-12 11:55,64.2500,2021-11-12 12:13,63.5600,54,18,72,54,18,72,0.018064,0.050351,intraday,intraday,0,0
2021-11-15 12:22,61.2600,2021-11-15 14:50,63.1400,2021-11-15 15:30,63.3200,2021-11-16 09:30,62.0100,40,30,70,40,1080,1120,0.002851,0.033627,overnight,overnight,1,1
2021-11-16 09:30,62.0100,2021-11-16 09:41,63.9700,2021-11-16 09:41,63.9700,2021-11-16 09:46,63.2800,0,5,5,0,5,5,0.000000,0.031608,intraday,intraday,0,0
2021-11-16 09:51,62.7900,2021-11-16 11:37,64.7000,2021-11-16 11:53,65.1800,2021-11-16 12:09,64.5100,16,16,32,16,16,32,0.007419,0.038063,intraday,intraday,0,0
2021-11-16 12:30,64.4700,2021-11-16 15:36,66.4300,2021-11-16 15:36,66.4300,2021-11-17 09:30,65.3100,0,24,24,0,1074,1074,0.000000,0.030402,overnight,overnight,1,1
2021-11-17 12:57,63.6900,2021-11-18 09:30,68.3000,2021-11-18 09:31,68.4000,2021-11-18 09:31,67.6300,1,0,1,1,0,1,0.001464,0.073952,intraday,intraday,0,0
2021-11-18 10:44,66.0300,2021-11-18 11:43,68.0200,2021-11-18 11:48,68.0300,2021-11-18 12:36,67.3400,5,48,53,5,48,53,0.000147,0.030289,intraday,intraday,0,0
2021-11-18 14:31,66.2400,2021-11-19 09:48,68.5200,2021-11-19 09:57,69.4000,2021-11-19 10:04,68.4300,9,7,16,9,7,16,0.012843,0.047705,intraday,intraday,0,0
2021-11-19 10:29,67.9300,2021-11-22 09:31,70.1900,2021-11-22 09:31,70.1900,2021-11-22 09:33,69.3700,0,2,2,0,2,2,0.000000,0.033270,intraday,intraday,0,0
2021-11-22 09:36,69.2700,2021-11-22 09:49,71.5100,2021-11-22 10:48,72.4900,2021-11-22 10:58,71.7100,59,10,69,59,10,69,0.013704,0.046485,intraday,intraday,0,0
2021-11-22 12:03,66.4500,2021-11-22 15:03,68.6500,2021-11-22 15:03,68.6500,2021-11-22 15:27,67.9200,0,24,24,0,24,24,0.000000,0.033108,intraday,intraday,0,0
2021-11-23 09:32,64.0100,2021-11-23 09:46,65.9800,2021-11-23 09:52,66.6100,2021-11-23 09:59,65.8300,6,7,13,6,7,13,0.009548,0.040619,intraday,intraday,0,0
2021-11-23 11:02,61.3500,2021-11-23 11:15,63.2300,2021-11-23 11:31,63.7600,2021-11-23 11:34,62.9700,16,3,19,16,3,19,0.008382,0.039283,intraday,intraday,0,0
2021-11-23 13:35,61.7800,2021-11-23 14:49,63.6400,2021-11-23 14:54,63.8600,2021-11-23 14:57,63.2200,5,3,8,5,3,8,0.003457,0.033668,intraday,intraday,0,0
2021-11-24 09:46,61.2100,2021-11-24 10:00,63.1400,2021-11-24 10:05,63.7800,2021-11-24 10:12,63.1000,5,7,12,5,7,12,0.010136,0.041987,intraday,intraday,0,0
2021-11-24 10:13,62.8700,2021-11-24 11:19,64.8700,2021-11-24 11:30,65.4800,2021-11-24 11:39,64.8200,11,9,20,11,9,20,0.009403,0.041514,intraday,intraday,0,0
2021-11-24 14:12,64.4500,2021-11-24 15:38,66.4200,2021-11-24 15:59,66.9000,2021-11-26 09:30,63.0200,21,1,22,21,2491,2512,0.007227,0.038014,holiday,holiday,1,1
2021-11-26 09:30,63.0200,2021-11-26 09:35,64.9300,2021-11-26 09:36,64.9800,2021-11-26 09:37,64.0900,1,1,2,1,1,2,0.000770,0.031101,intraday,intraday,0,0
2021-11-26 09:50,62.5700,2021-11-26 09:57,64.5200,2021-11-26 09:57,64.5200,2021-11-26 09:58,63.8000,0,1,1,0,1,1,0.000000,0.031165,intraday,intraday,0,0
2021-11-26 11:23,59.8500,2021-11-26 12:30,61.7300,2021-11-26 12:37,62.2500,2021-11-26 12:48,61.6100,7,11,18,7,11,18,0.008424,0.040100,intraday,intraday,0,0
2021-11-26 12:55,60.5000,2021-11-29 09:30,64.6400,2021-11-29 09:33,65.0900,2021-11-29 09:35,64.0000,3,2,5,3,2,5,0.006962,0.075868,intraday,intraday,0,0
2021-11-29 10:38,63.2200,2021-11-29 11:06,65.1500,2021-11-29 15:54,68.6800,2021-11-30 09:30,67.0100,288,6,294,288,1056,1344,0.054183,0.086365,overnight,overnight,1,1
2021-11-30 09:31,66.8800,2021-11-30 09:56,69.0600,2021-11-30 10:01,69.3400,2021-11-30 10:05,68.6200,5,4,9,5,4,9,0.004054,0.036782,intraday,intraday,0,0
2021-11-30 11:01,63.6200,2021-11-30 11:16,65.6200,2021-11-30 11:16,65.6200,2021-11-30 11:19,64.7500,0,3,3,0,3,3,0.000000,0.031437,intraday,intraday,0,0
2021-11-30 12:11,62.8900,2021-11-30 13:36,64.8500,2021-11-30 14:25,65.8300,2021-11-30 14:42,65.0600,49,17,66,49,17,66,0.015112,0.046748,intraday,intraday,0,0
2021-11-30 15:54,64.0500,2021-12-01 09:30,68.0000,2021-12-01 09:30,68.0000,2021-12-01 09:31,66.4300,0,1,1,0,1,1,0.000000,0.061671,intraday,intraday,0,0
2021-12-01 09:32,66.2700,2021-12-01 09:52,68.2700,2021-12-01 10:12,70.6000,2021-12-01 10:20,69.7300,20,8,28,20,8,28,0.034129,0.065339,intraday,intraday,0,0
2021-12-01 10:40,68.3000,2021-12-01 10:52,70.4000,2021-12-01 10:52,70.4000,2021-12-01 10:56,69.6800,0,4,4,0,4,4,0.000000,0.030747,intraday,intraday,0,0
2021-12-02 09:30,60.5200,2021-12-02 09:32,62.4900,2021-12-02 09:33,62.5000,2021-12-02 09:34,61.5000,1,1,2,1,1,2,0.000160,0.032716,intraday,intraday,0,0
2021-12-02 09:34,61.5000,2021-12-02 09:48,63.5900,2021-12-02 09:49,63.6300,2021-12-02 09:49,62.8000,1,0,1,1,0,1,0.000629,0.034634,intraday,intraday,0,0
2021-12-02 09:49,62.8000,2021-12-02 10:03,64.7400,2021-12-02 10:03,64.7400,2021-12-02 10:05,64.0500,0,2,2,0,2,2,0.000000,0.030892,intraday,intraday,0,0
2021-12-02 10:45,59.6800,2021-12-02 11:06,61.6700,2021-12-02 11:10,62.6600,2021-12-02 11:10,62.0200,4,0,4,4,0,4,0.016053,0.049933,intraday,intraday,0,0
2021-12-02 11:47,61.2000,2021-12-02 12:09,63.2300,2021-12-02 12:30,64.1600,2021-12-02 12:31,63.5000,21,1,22,21,1,22,0.014708,0.048366,intraday,intraday,0,0
2021-12-02 13:30,61.9100,2021-12-02 14:35,63.9000,2021-12-02 14:35,63.9000,2021-12-02 14:48,63.1100,0,13,13,0,13,13,0.000000,0.032143,intraday,intraday,0,0
2021-12-02 15:55,62.5900,2021-12-03 09:30,66.5000,2021-12-03 09:31,67.2500,2021-12-03 09:31,66.3300,1,0,1,1,0,1,0.011278,0.074453,intraday,intraday,0,0
2021-12-03 11:09,61.3700,2021-12-03 11:34,63.2600,2021-12-03 11:35,63.2900,2021-12-03 11:40,62.5800,1,5,6,1,5,6,0.000474,0.031286,intraday,intraday,0,0
2021-12-03 12:08,60.7500,2021-12-03 12:42,62.6000,2021-12-03 12:43,62.6700,2021-12-03 12:47,62.0100,1,4,5,1,4,5,0.001118,0.031605,intraday,intraday,0,0
2021-12-03 14:20,60.7000,2021-12-03 15:56,62.5300,2021-12-03 15:59,63.0000,2021-12-06 09:30,61.6900,3,1,4,3,3931,3934,0.007516,0.037891,weekend,weekend,1,1
2021-12-06 09:38,58.0000,2021-12-06 09:47,59.7500,2021-12-06 09:47,59.7500,2021-12-06 09:48,58.9500,0,1,1,0,1,1,0.000000,0.030172,intraday,intraday,0,0
2021-12-06 10:07,56.7800,2021-12-06 10:11,58.5500,2021-12-06 10:19,60.4200,2021-12-06 10:21,59.7700,8,2,10,8,2,10,0.031939,0.064107,intraday,intraday,0,0
2021-12-06 10:52,58.4000,2021-12-06 11:36,60.2000,2021-12-06 11:45,60.7100,2021-12-06 11:49,60.0000,9,4,13,9,4,13,0.008472,0.039555,intraday,intraday,0,0
2021-12-06 12:07,59.5500,2021-12-06 13:04,61.3500,2021-12-06 14:23,63.1800,2021-12-06 14:42,62.3600,79,19,98,79,19,98,0.029829,0.060957,intraday,intraday,0,0
2021-12-06 14:44,62.0000,2021-12-07 09:30,67.6500,2021-12-07 09:31,68.1600,2021-12-07 09:31,67.4000,1,0,1,1,0,1,0.007539,0.099355,intraday,intraday,0,0
2021-12-07 09:32,67.3900,2021-12-07 10:01,69.5900,2021-12-07 10:03,69.8400,2021-12-07 10:05,68.9800,2,2,4,2,2,4,0.003592,0.036356,intraday,intraday,0,0
2021-12-07 10:05,68.9800,2021-12-07 10:44,71.1000,2021-12-07 11:19,71.5700,2021-12-07 11:27,70.8100,35,8,43,35,8,43,0.006610,0.037547,intraday,intraday,0,0
2021-12-08 09:32,68.4900,2021-12-08 09:35,70.5700,2021-12-08 09:36,70.6200,2021-12-08 09:38,69.1800,1,2,3,1,2,3,0.000709,0.031099,intraday,intraday,0,0
2021-12-08 09:39,69.0700,2021-12-08 11:51,71.2000,2021-12-08 11:51,71.2000,2021-12-08 12:02,70.4800,0,11,11,0,11,11,0.000000,0.030838,intraday,intraday,0,0
2021-12-09 09:30,69.0000,2021-12-09 09:37,71.1500,2021-12-09 09:41,71.5900,2021-12-09 09:44,70.8300,4,3,7,4,3,7,0.006184,0.037536,intraday,intraday,0,0
2021-12-09 15:59,65.6600,2021-12-10 09:30,69.6900,2021-12-10 09:31,69.8000,2021-12-10 09:31,68.6800,1,0,1,1,0,1,0.001578,0.063052,intraday,intraday,0,0
2021-12-10 09:55,66.8000,2021-12-10 10:20,68.8300,2021-12-10 10:22,68.8900,2021-12-10 10:24,68.0400,2,2,4,2,2,4,0.000872,0.031287,intraday,intraday,0,0
2021-12-10 11:36,65.1700,2021-12-10 12:12,67.2200,2021-12-10 12:25,67.3500,2021-12-10 12:32,66.5400,13,7,20,13,7,20,0.001934,0.033451,intraday,intraday,0,0
2021-12-10 15:05,66.1200,2021-12-13 09:30,68.6000,2021-12-13 09:30,68.6000,2021-12-13 09:31,67.9100,0,1,1,0,1,1,0.000000,0.037508,intraday,intraday,0,0
2021-12-13 11:57,62.7600,2021-12-13 12:36,64.6500,2021-12-13 12:39,64.7400,2021-12-13 12:51,64.0700,3,12,15,3,12,15,0.001392,0.031549,intraday,intraday,0,0
2021-12-14 09:35,59.2700,2021-12-14 09:38,61.2300,2021-12-14 09:39,61.2900,2021-12-14 09:39,60.5600,1,0,1,1,0,1,0.000980,0.034081,intraday,intraday,0,0
2021-12-14 10:16,60.3700,2021-12-14 10:25,62.2100,2021-12-14 10:28,62.3700,2021-12-14 10:33,61.6300,3,5,8,3,5,8,0.002572,0.033129,intraday,intraday,0,0
2021-12-14 12:48,58.9400,2021-12-14 14:10,60.8000,2021-12-14 14:45,61.0600,2021-12-14 14:51,60.3900,35,6,41,35,6,41,0.004276,0.035969,intraday,intraday,0,0
2021-12-15 10:00,59.5100,2021-12-15 10:34,61.3500,2021-12-15 10:43,62.1700,2021-12-15 10:47,61.4700,9,4,13,9,4,13,0.013366,0.044698,intraday,intraday,0,0
2021-12-15 12:23,59.2400,2021-12-15 14:03,61.6600,2021-12-15 14:03,61.6600,2021-12-15 14:04,61.0000,0,1,1,0,1,1,0.000000,0.040851,intraday,intraday,0,0
2021-12-15 14:04,61.0000,2021-12-15 14:14,62.9300,2021-12-15 14:18,63.1500,2021-12-15 14:21,62.5100,4,3,7,4,3,7,0.003496,0.035246,intraday,intraday,0,0
2021-12-15 14:28,61.1100,2021-12-15 14:55,63.0200,2021-12-15 14:55,63.0200,2021-12-15 14:56,62.3500,0,1,1,0,1,1,0.000000,0.031255,intraday,intraday,0,0
2021-12-15 14:59,62.2900,2021-12-15 15:10,64.2100,2021-12-15 15:23,66.5500,2021-12-15 15:24,65.8400,13,1,14,13,1,14,0.036443,0.068390,intraday,intraday,0,0
2021-12-15 15:26,65.6100,2021-12-15 15:56,67.7400,2021-12-16 09:30,69.5000,2021-12-16 09:30,68.7100,4,0,4,1054,0,1054,0.025982,0.059290,overnight,intraday,1,1
2021-12-16 09:43,65.5000,2021-12-16 09:49,67.7000,2021-12-16 09:50,67.7300,2021-12-16 09:50,66.8600,1,0,1,1,0,1,0.000443,0.034046,intraday,intraday,0,0
2021-12-16 14:49,58.0200,2021-12-16 15:26,59.7900,2021-12-16 15:40,60.4400,2021-12-16 15:42,59.8000,14,2,16,14,2,16,0.010871,0.041710,intraday,intraday,0,0
2021-12-17 09:38,56.8600,2021-12-17 09:46,58.5700,2021-12-17 09:49,59.3600,2021-12-17 09:49,58.5800,3,0,3,3,0,3,0.013488,0.043968,intraday,intraday,0,0
2021-12-17 10:24,57.8100,2021-12-17 10:33,59.8500,2021-12-17 10:57,61.1700,2021-12-17 11:03,60.5100,24,6,30,24,6,30,0.022055,0.058121,intraday,intraday,0,0
2021-12-20 09:30,56.0500,2021-12-20 09:55,57.8200,2021-12-20 10:00,58.2200,2021-12-20 10:03,57.3700,5,3,8,5,3,8,0.006918,0.038715,intraday,intraday,0,0
2021-12-20 13:02,55.4700,2021-12-20 15:06,57.1600,2021-12-20 15:22,57.8200,2021-12-20 15:32,57.1300,16,10,26,16,10,26,0.011547,0.042365,intraday,intraday,0,0
2021-12-20 15:34,57.0100,2021-12-21 09:30,61.6400,2021-12-21 09:31,61.7200,2021-12-21 09:32,60.9800,1,1,2,1,1,2,0.001298,0.082617,intraday,intraday,0,0
2021-12-21 10:34,58.7700,2021-12-21 11:13,60.5400,2021-12-21 11:14,60.6900,2021-12-21 11:23,60.0800,1,9,10,1,9,10,0.002478,0.032670,intraday,intraday,0,0
2021-12-21 11:24,60.0600,2021-12-21 13:18,61.9200,2021-12-21 15:03,63.2400,2021-12-21 15:47,62.5700,105,44,149,105,44,149,0.021318,0.052947,intraday,intraday,0,0
2021-12-22 10:06,61.6100,2021-12-22 10:42,63.4700,2021-12-22 12:05,65.1400,2021-12-22 12:10,64.4500,83,5,88,83,5,88,0.026312,0.057296,intraday,intraday,0,0
2021-12-22 14:28,63.3700,2021-12-22 15:55,65.2800,2021-12-23 09:39,67.2600,2021-12-23 09:40,66.5400,14,1,15,1064,1,1065,0.030331,0.061386,overnight,intraday,0,1
2021-12-23 09:41,66.3500,2021-12-23 10:26,68.3500,2021-12-23 10:26,68.3500,2021-12-23 10:31,67.5800,0,5,5,0,5,5,0.000000,0.030143,intraday,intraday,0,0
2021-12-23 10:32,67.3300,2021-12-27 09:37,69.6400,2021-12-27 09:44,70.3400,2021-12-27 09:46,69.6100,7,2,9,7,2,9,0.010052,0.044705,intraday,intraday,0,0
2021-12-27 09:53,69.2600,2021-12-27 10:29,71.3500,2021-12-27 14:35,73.0000,2021-12-27 15:03,72.1600,246,28,274,246,28,274,0.023125,0.053999,intraday,intraday,0,0
2021-12-28 12:34,69.5700,2021-12-28 15:45,71.7100,2021-12-28 15:45,71.7100,2021-12-28 15:50,70.8000,0,5,5,0,5,5,0.000000,0.030760,intraday,intraday,0,0
2021-12-30 15:59,67.8900,2021-12-31 09:35,69.9300,2021-12-31 09:40,70.1000,2021-12-31 09:44,69.2500,5,4,9,5,4,9,0.002431,0.032553,intraday,intraday,0,0
2021-12-31 15:59,67.8300,2022-01-03 09:30,69.9500,2022-01-03 09:31,70.6000,2022-01-03 09:31,69.8200,1,0,1,1,0,1,0.009292,0.040837,intraday,intraday,0,0
2022-01-03 09:31,69.8200,2022-01-03 09:37,71.9400,2022-01-03 09:38,71.9600,2022-01-03 09:39,71.2000,1,1,2,1,1,2,0.000278,0.030650,intraday,intraday,0,0
2022-01-03 09:52,68.3800,2022-01-03 10:01,70.5100,2022-01-03 10:10,71.1500,2022-01-03 10:11,70.3300,9,1,10,9,1,10,0.009077,0.040509,intraday,intraday,0,0
2022-01-03 10:11,70.3300,2022-01-04 09:30,73.0900,2022-01-04 09:31,73.3200,2022-01-04 09:31,72.4600,1,0,1,1,0,1,0.003147,0.042514,intraday,intraday,0,0
2022-01-04 11:03,66.0400,2022-01-04 11:44,68.2100,2022-01-04 11:49,68.2800,2022-01-04 12:03,67.5200,5,14,19,5,14,19,0.001026,0.033919,intraday,intraday,0,0
2022-01-04 12:07,67.0900,2022-01-04 13:26,69.3100,2022-01-04 13:26,69.3100,2022-01-04 13:30,68.4000,0,4,4,0,4,4,0.000000,0.033090,intraday,intraday,0,0
2022-01-04 13:57,68.3300,2022-01-04 15:11,70.3800,2022-01-04 15:54,71.4700,2022-01-05 09:30,69.5000,43,6,49,43,1056,1099,0.015487,0.045953,overnight,overnight,1,1
2022-01-05 09:36,68.5000,2022-01-05 09:52,70.5800,2022-01-05 10:01,71.3400,2022-01-05 10:04,70.5200,9,3,12,9,3,12,0.010768,0.041460,intraday,intraday,0,0
2022-01-05 13:11,67.8700,2022-01-05 14:02,69.9200,2022-01-05 14:02,69.9200,2022-01-05 14:03,68.4500,0,1,1,0,1,1,0.000000,0.030205,intraday,intraday,0,0
2022-01-06 09:30,63.5500,2022-01-06 09:35,65.5300,2022-01-06 09:36,66.0400,2022-01-06 09:36,65.3500,1,0,1,1,0,1,0.007783,0.039182,intraday,intraday,0,0
2022-01-06 10:12,61.8500,2022-01-06 10:17,63.7700,2022-01-06 10:17,63.7700,2022-01-06 10:18,62.9800,0,1,1,0,1,1,0.000000,0.031043,intraday,intraday,0,0
2022-01-06 10:22,62.0800,2022-01-06 10:30,64.3300,2022-01-06 10:33,64.7900,2022-01-06 10:35,64.0100,3,2,5,3,2,5,0.007151,0.043653,intraday,intraday,0,0
2022-01-06 10:42,63.6400,2022-01-06 11:09,65.5500,2022-01-06 11:16,65.9900,2022-01-06 11:19,65.3000,7,3,10,7,3,10,0.006712,0.036926,intraday,intraday,0,0
2022-01-06 11:33,64.0100,2022-01-06 12:42,65.9900,2022-01-06 12:45,66.1500,2022-01-06 12:59,65.4500,3,14,17,3,14,17,0.002425,0.033432,intraday,intraday,0,0
2022-01-07 09:38,64.1000,2022-01-07 09:45,66.0300,2022-01-07 09:45,66.0300,2022-01-07 09:47,64.9800,0,2,2,0,2,2,0.000000,0.030109,intraday,intraday,0,0
2022-01-07 10:52,59.1400,2022-01-07 11:07,60.9400,2022-01-07 11:08,61.0400,2022-01-07 11:10,60.2500,1,2,3,1,2,3,0.001641,0.032127,intraday,intraday,0,0
2022-01-07 11:19,59.7100,2022-01-07 11:54,61.7200,2022-01-07 11:54,61.7200,2022-01-07 11:59,61.0700,0,5,5,0,5,5,0.000000,0.033663,intraday,intraday,0,0
2022-01-10 11:04,54.3100,2022-01-10 11:18,55.9900,2022-01-10 11:29,56.1900,2022-01-10 11:33,55.5500,11,4,15,11,4,15,0.003572,0.034616,intraday,intraday,0,0
2022-01-10 12:40,53.8200,2022-01-10 13:21,55.4400,2022-01-10 13:54,57.0400,2022-01-10 13:57,56.4600,33,3,36,33,3,36,0.028860,0.059829,intraday,intraday,0,0
2022-01-10 13:57,56.4600,2022-01-10 14:35,58.2100,2022-01-10 14:36,58.3600,2022-01-10 14:44,57.7000,1,8,9,1,8,9,0.002577,0.033652,intraday,intraday,0,0
2022-01-10 15:08,56.8100,2022-01-10 15:41,58.5900,2022-01-10 15:59,60.1900,2022-01-11 09:30,58.6800,18,1,19,18,1051,1069,0.027308,0.059497,overnight,overnight,1,1
2022-01-11 09:31,57.8800,2022-01-11 09:38,59.6600,2022-01-11 09:38,59.6600,2022-01-11 09:39,59.0000,0,1,1,0,1,1,0.000000,0.030753,intraday,intraday,0,0
2022-01-11 09:43,58.0500,2022-01-11 09:52,59.9100,2022-01-11 09:52,59.9100,2022-01-11 09:54,59.1000,0,2,2,0,2,2,0.000000,0.032041,intraday,intraday,0,0
2022-01-11 10:00,58.7000,2022-01-11 10:05,60.5800,2022-01-11 10:06,60.6100,2022-01-11 10:09,59.8100,1,3,4,1,3,4,0.000495,0.032538,intraday,intraday,0,0
2022-01-11 10:43,58.7500,2022-01-11 11:11,60.5900,2022-01-11 12:00,63.1300,2022-01-11 12:17,62.4300,49,17,66,49,17,66,0.041921,0.074553,intraday,intraday,0,0
2022-01-11 13:05,61.5700,2022-01-11 15:15,63.4400,2022-01-11 15:15,63.4400,2022-01-11 15:39,62.6700,0,24,24,0,24,24,0.000000,0.030372,intraday,intraday,0,0
2022-01-11 15:53,62.1900,2022-01-12 09:30,65.3700,2022-01-12 09:31,65.8700,2022-01-12 09:31,65.2100,1,0,1,1,0,1,0.007649,0.059174,intraday,intraday,0,0
2022-01-12 09:47,64.3000,2022-01-12 10:12,66.2500,2022-01-12 10:14,66.3600,2022-01-12 10:22,65.6800,2,8,10,2,8,10,0.001660,0.032037,intraday,intraday,0,0
2022-01-12 11:06,62.6400,2022-01-12 12:35,64.6900,2022-01-12 12:56,65.0700,2022-01-12 13:12,64.3200,21,16,37,21,16,37,0.005874,0.038793,intraday,intraday,0,0
2022-01-12 15:06,63.8200,2022-01-13 09:30,68.2000,2022-01-13 09:33,68.7300,2022-01-13 09:35,67.7300,3,2,5,3,2,5,0.007771,0.076935,intraday,intraday,0,0
2022-01-13 10:54,64.2000,2022-01-13 11:37,66.1600,2022-01-13 11:39,66.3700,2022-01-13 11:49,65.6800,2,10,12,2,10,12,0.003174,0.033801,intraday,intraday,0,0
2022-01-14 09:30,58.5600,2022-01-14 09:35,60.4000,2022-01-14 09:37,60.8800,2022-01-14 09:37,60.2600,2,0,2,2,0,2,0.007947,0.039617,intraday,intraday,0,0
2022-01-14 09:37,60.2600,2022-01-14 09:54,62.1700,2022-01-14 09:55,62.8000,2022-01-14 09:55,62.0900,1,0,1,1,0,1,0.010134,0.042151,intraday,intraday,0,0
2022-01-14 10:04,61.3200,2022-01-14 10:19,63.3400,2022-01-14 10:19,63.3400,2022-01-14 10:22,62.4800,0,3,3,0,3,3,0.000000,0.032942,intraday,intraday,0,0
2022-01-14 10:46,60.8600,2022-01-14 11:34,62.7300,2022-01-14 11:46,63.5800,2022-01-14 12:03,62.9000,12,17,29,12,17,29,0.013550,0.044693,intraday,intraday,0,0
2022-01-14 13:35,61.1000,2022-01-14 14:02,63.0800,2022-01-14 14:02,63.0800,2022-01-14 14:10,62.3800,0,8,8,0,8,8,0.000000,0.032406,intraday,intraday,0,0
2022-01-14 14:12,62.2200,2022-01-14 15:54,64.1600,2022-01-14 15:59,64.5400,2022-01-18 09:30,60.5000,5,1,6,5,5371,5376,0.005923,0.037287,weekend,weekend,1,1
2022-01-18 09:57,58.6300,2022-01-18 10:08,60.4000,2022-01-18 10:12,60.7900,2022-01-18 10:13,60.1800,4,1,5,4,1,5,0.006457,0.036841,intraday,intraday,0,0
2022-01-18 11:31,58.0000,2022-01-18 11:50,59.9400,2022-01-18 11:51,59.9900,2022-01-18 11:55,59.3600,1,4,5,1,4,5,0.000834,0.034310,intraday,intraday,0,0
2022-01-18 15:55,55.5000,2022-01-19 09:30,57.7000,2022-01-19 09:30,57.7000,2022-01-19 09:31,57.0000,0,1,1,0,1,1,0.000000,0.039640,intraday,intraday,0,0
2022-01-19 11:44,51.5000,2022-01-19 12:07,53.1900,2022-01-19 12:33,54.3600,2022-01-19 12:41,53.7200,26,8,34,26,8,34,0.021997,0.055534,intraday,intraday,0,0
2022-01-19 15:59,50.7300,2022-01-20 09:30,52.3300,2022-01-20 09:30,52.3300,2022-01-20 09:32,51.7300,0,2,2,0,2,2,0.000000,0.031540,intraday,intraday,0,0
2022-01-20 09:41,50.1700,2022-01-20 09:59,51.6900,2022-01-20 10:07,51.8700,2022-01-20 10:07,51.3300,8,0,8,8,0,8,0.003482,0.033885,intraday,intraday,0,0
2022-01-20 10:19,50.4600,2022-01-20 10:31,52.1300,2022-01-20 11:02,53.2000,2022-01-20 11:10,52.5600,31,8,39,31,8,39,0.020526,0.054300,intraday,intraday,0,0
2022-01-21 09:30,44.7600,2022-01-21 09:33,46.2800,2022-01-21 09:34,46.5100,2022-01-21 09:34,46.0400,1,0,1,1,0,1,0.004970,0.039097,intraday,intraday,0,0
2022-01-21 09:45,44.6400,2022-01-21 09:47,46.0300,2022-01-21 09:47,46.0300,2022-01-21 09:49,45.2700,0,2,2,0,2,2,0.000000,0.031138,intraday,intraday,0,0
2022-01-21 10:22,43.6800,2022-01-21 10:26,45.0200,2022-01-21 10:27,45.4400,2022-01-21 10:27,44.9500,1,0,1,1,0,1,0.009329,0.040293,intraday,intraday,0,0
2022-01-21 10:30,44.7500,2022-01-21 10:33,46.3100,2022-01-21 10:34,46.6400,2022-01-21 10:34,46.1500,1,0,1,1,0,1,0.007126,0.042235,intraday,intraday,0,0
2022-01-21 10:34,46.1500,2022-01-21 10:50,48.0200,2022-01-21 10:52,48.1500,2022-01-21 10:53,47.5700,2,1,3,2,1,3,0.002707,0.043337,intraday,intraday,0,0
2022-01-21 10:59,47.2300,2022-01-21 11:07,48.7600,2022-01-21 11:07,48.7600,2022-01-21 11:08,48.2700,0,1,1,0,1,1,0.000000,0.032395,intraday,intraday,0,0
2022-01-21 15:29,43.7800,2022-01-21 15:40,45.2500,2022-01-21 15:40,45.2500,2022-01-21 15:44,44.5600,0,4,4,0,4,4,0.000000,0.033577,intraday,intraday,0,0
2022-01-24 09:30,40.4600,2022-01-24 09:32,41.7700,2022-01-24 09:32,41.7700,2022-01-24 09:33,41.1300,0,1,1,0,1,1,0.000000,0.032378,intraday,intraday,0,0
2022-01-24 09:38,40.6400,2022-01-24 09:39,41.9800,2022-01-24 09:39,41.9800,2022-01-24 09:40,41.3700,0,1,1,0,1,1,0.000000,0.032972,intraday,intraday,0,0
2022-01-24 09:51,39.6600,2022-01-24 09:55,41.1000,2022-01-24 09:56,41.4800,2022-01-24 09:56,40.8600,1,0,1,1,0,1,0.009246,0.045890,intraday,intraday,0,0
2022-01-24 10:11,38.6800,2022-01-24 10:14,39.9600,2022-01-24 10:14,39.9600,2022-01-24 10:15,39.2600,0,1,1,0,1,1,0.000000,0.033092,intraday,intraday,0,0
2022-01-24 10:19,38.8500,2022-01-24 10:23,40.1300,2022-01-24 10:24,40.5500,2022-01-24 10:24,40.0400,1,0,1,1,0,1,0.010466,0.043758,intraday,intraday,0,0
2022-01-24 10:24,40.0400,2022-01-24 10:32,41.2500,2022-01-24 10:33,41.4300,2022-01-24 10:34,41.0100,1,1,2,1,1,2,0.004364,0.034715,intraday,intraday,0,0
2022-01-24 10:51,39.6200,2022-01-24 10:53,40.8100,2022-01-24 10:54,41.2200,2022-01-24 10:54,40.8000,1,0,1,1,0,1,0.010047,0.040384,intraday,intraday,0,0
2022-01-24 11:49,38.0000,2022-01-24 11:55,39.1800,2022-01-24 11:55,39.1800,2022-01-24 11:56,38.6700,0,1,1,0,1,1,0.000000,0.031053,intraday,intraday,0,0
2022-01-24 12:17,36.6100,2022-01-24 12:33,37.8100,2022-01-24 12:33,37.8100,2022-01-24 12:35,37.2500,0,2,2,0,2,2,0.000000,0.032778,intraday,intraday,0,0
2022-01-24 12:41,36.9600,2022-01-24 12:45,38.0700,2022-01-24 12:48,38.4800,2022-01-24 12:48,37.9400,3,0,3,3,0,3,0.010770,0.041126,intraday,intraday,0,0
2022-01-24 12:48,37.9400,2022-01-24 12:52,39.1100,2022-01-24 12:56,39.5200,2022-01-24 12:58,39.0100,4,2,6,4,2,6,0.010483,0.041645,intraday,intraday,0,0
2022-01-24 13:02,38.7700,2022-01-24 13:07,40.2300,2022-01-24 13:08,40.3900,2022-01-24 13:09,39.9700,1,1,2,1,1,2,0.003977,0.041785,intraday,intraday,0,0
2022-01-24 13:30,39.5100,2022-01-24 13:46,40.7100,2022-01-24 13:49,41.1400,2022-01-24 13:49,40.6500,3,0,3,3,0,3,0.010563,0.041255,intraday,intraday,0,0
2022-01-24 13:49,40.6500,2022-01-24 14:00,41.9800,2022-01-24 14:02,42.4500,2022-01-24 14:04,41.8700,2,2,4,2,2,4,0.011196,0.044280,intraday,intraday,0,0
2022-01-24 14:38,40.2300,2022-01-24 14:49,41.6000,2022-01-24 14:50,41.8100,2022-01-24 14:51,41.2600,1,1,2,1,1,2,0.005048,0.039274,intraday,intraday,0,0
2022-01-24 14:51,41.2600,2022-01-24 15:00,42.5700,2022-01-24 15:02,42.7500,2022-01-24 15:02,42.2800,2,0,2,2,0,2,0.004228,0.036112,intraday,intraday,0,0
2022-01-24 15:05,41.9000,2022-01-24 15:12,43.1900,2022-01-24 15:15,43.8700,2022-01-24 15:15,43.3300,3,0,3,3,0,3,0.015744,0.047017,intraday,intraday,0,0
2022-01-24 15:19,42.6800,2022-01-24 15:26,44.0300,2022-01-24 15:26,44.0300,2022-01-24 15:27,43.1300,0,1,1,0,1,1,0.000000,0.031631,intraday,intraday,0,0
2022-01-24 15:30,43.0200,2022-01-24 15:33,44.5000,2022-01-24 15:35,44.6300,2022-01-24 15:36,43.9500,2,1,3,2,1,3,0.002921,0.037424,intraday,intraday,0,0
2022-01-24 15:44,43.2200,2022-01-24 15:50,44.6800,2022-01-24 15:53,45.1900,2022-01-24 15:55,44.5800,3,2,5,3,2,5,0.011415,0.045581,intraday,intraday,0,0
2022-01-25 09:32,40.7900,2022-01-25 09:36,42.0700,2022-01-25 09:37,42.4300,2022-01-25 09:37,41.9600,1,0,1,1,0,1,0.008557,0.040206,intraday,intraday,0,0
2022-01-25 09:54,39.5000,2022-01-25 10:16,40.7400,2022-01-25 10:18,40.9100,2022-01-25 10:20,40.0500,2,2,4,2,2,4,0.004173,0.035696,intraday,intraday,0,0
2022-01-25 10:21,40.0100,2022-01-25 10:27,41.3500,2022-01-25 10:29,41.9300,2022-01-25 10:30,41.4600,2,1,3,2,1,3,0.014027,0.047988,intraday,intraday,0,0
2022-01-25 10:40,40.6900,2022-01-25 10:48,41.9800,2022-01-25 10:48,41.9800,2022-01-25 10:50,41.5300,0,2,2,0,2,2,0.000000,0.031703,intraday,intraday,0,0
2022-01-25 11:00,40.4300,2022-01-25 11:20,41.7500,2022-01-25 11:20,41.7500,2022-01-25 11:21,41.2300,0,1,1,0,1,1,0.000000,0.032649,intraday,intraday,0,0
2022-01-25 11:39,39.7700,2022-01-25 11:52,41.0000,2022-01-25 11:54,41.1000,2022-01-25 11:56,40.4900,2,2,4,2,2,4,0.002439,0.033442,intraday,intraday,0,0
2022-01-25 12:56,39.3800,2022-01-25 13:13,40.6300,2022-01-25 13:17,40.8000,2022-01-25 13:23,40.3800,4,6,10,4,6,10,0.004184,0.036059,intraday,intraday,0,0
2022-01-25 13:25,40.3200,2022-01-25 13:45,41.6100,2022-01-25 13:45,41.6100,2022-01-25 13:46,41.1100,0,1,1,0,1,1,0.000000,0.031994,intraday,intraday,0,0
2022-01-25 13:46,41.1100,2022-01-25 14:14,42.3600,2022-01-25 14:22,42.8000,2022-01-25 14:25,42.3000,8,3,11,8,3,11,0.010387,0.041109,intraday,intraday,0,0
2022-01-25 14:34,41.8600,2022-01-25 14:56,43.2100,2022-01-25 14:57,43.3500,2022-01-25 15:01,42.7400,1,4,5,1,4,5,0.003240,0.035595,intraday,intraday,0,0
2022-01-25 15:53,40.0000,2022-01-26 09:30,44.2500,2022-01-26 09:30,44.2500,2022-01-26 09:31,43.7100,0,1,1,0,1,1,0.000000,0.106250,intraday,intraday,0,0
2022-01-26 09:44,42.9000,2022-01-26 09:53,44.3000,2022-01-26 09:56,44.9000,2022-01-26 09:56,44.3000,3,0,3,3,0,3,0.013544,0.046620,intraday,intraday,0,0
2022-01-26 10:44,43.0100,2022-01-26 11:16,44.4200,2022-01-26 11:23,44.6400,2022-01-26 11:34,44.1300,7,11,18,7,11,18,0.004953,0.037898,intraday,intraday,0,0
2022-01-26 11:34,44.1300,2022-01-26 12:37,45.4800,2022-01-26 12:44,45.9500,2022-01-26 13:01,45.2300,7,17,24,7,17,24,0.010334,0.041242,intraday,intraday,0,0
2022-01-26 13:03,44.9000,2022-01-26 14:00,46.3500,2022-01-26 14:00,46.3500,2022-01-26 14:01,45.7000,0,1,1,0,1,1,0.000000,0.032294,intraday,intraday,0,0
2022-01-26 14:01,45.7000,2022-01-26 14:07,47.1000,2022-01-26 14:07,47.1000,2022-01-26 14:09,46.4800,0,2,2,0,2,2,0.000000,0.030635,intraday,intraday,0,0
2022-01-26 14:23,44.3100,2022-01-26 14:27,45.9100,2022-01-26 14:27,45.9100,2022-01-26 14:30,45.4400,0,3,3,0,3,3,0.000000,0.036109,intraday,intraday,0,0
2022-01-26 14:36,44.1000,2022-01-26 14:38,45.5500,2022-01-26 14:39,45.9500,2022-01-26 14:39,45.1900,1,0,1,1,0,1,0.008782,0.041950,intraday,intraday,0,0
2022-01-26 15:09,40.3600,2022-01-26 15:12,41.6600,2022-01-26 15:12,41.6600,2022-01-26 15:13,41.2200,0,1,1,0,1,1,0.000000,0.032210,intraday,intraday,0,0
2022-01-26 15:24,40.1000,2022-01-26 15:27,41.7900,2022-01-26 15:28,42.3800,2022-01-26 15:28,41.7200,1,0,1,1,0,1,0.014118,0.056858,intraday,intraday,0,0
2022-01-26 15:36,40.9800,2022-01-26 15:41,42.4600,2022-01-26 15:41,42.4600,2022-01-26 15:42,41.8100,0,1,1,0,1,1,0.000000,0.036115,intraday,intraday,0,0
2022-01-26 15:53,40.8300,2022-01-26 15:55,42.0900,2022-01-26 15:55,42.0900,2022-01-26 15:56,41.3500,0,1,1,0,1,1,0.000000,0.030860,intraday,intraday,0,0
2022-01-26 15:56,41.3500,2022-01-27 09:30,43.4500,2022-01-27 09:30,43.4500,2022-01-27 09:31,42.1300,0,1,1,0,1,1,0.000000,0.050786,intraday,intraday,0,0
2022-01-27 09:38,41.1000,2022-01-27 09:41,42.3500,2022-01-27 09:44,42.6000,2022-01-27 09:45,41.8800,3,1,4,3,1,4,0.005903,0.036496,intraday,intraday,0,0
2022-01-27 10:39,38.5000,2022-01-27 10:58,39.6800,2022-01-27 11:00,39.9300,2022-01-27 11:00,39.5100,2,0,2,2,0,2,0.006300,0.037143,intraday,intraday,0,0
2022-01-27 11:29,38.5400,2022-01-27 11:41,39.7300,2022-01-27 11:41,39.7300,2022-01-27 11:42,39.3000,0,1,1,0,1,1,0.000000,0.030877,intraday,intraday,0,0
2022-01-27 12:46,37.0000,2022-01-27 13:01,38.1200,2022-01-27 13:01,38.1200,2022-01-27 13:02,37.5000,0,1,1,0,1,1,0.000000,0.030270,intraday,intraday,0,0
2022-01-27 13:29,36.0000,2022-01-27 13:57,37.1100,2022-01-27 14:00,37.3700,2022-01-27 14:00,36.9800,3,0,3,3,0,3,0.007006,0.038056,intraday,intraday,0,0
2022-01-27 14:33,36.0100,2022-01-27 14:40,37.1100,2022-01-27 14:45,37.4300,2022-01-27 14:45,37.0500,5,0,5,5,0,5,0.008623,0.039433,intraday,intraday,0,0
2022-01-27 15:23,36.1000,2022-01-27 15:45,37.2900,2022-01-27 15:46,37.5200,2022-01-27 15:47,36.9600,1,1,2,1,1,2,0.006168,0.039335,intraday,intraday,0,0
2022-01-28 10:03,33.0900,2022-01-28 10:12,34.1200,2022-01-28 10:12,34.1200,2022-01-28 10:13,33.6700,0,1,1,0,1,1,0.000000,0.031127,intraday,intraday,0,0
2022-01-28 10:14,33.6200,2022-01-28 10:18,34.6300,2022-01-28 10:19,34.9900,2022-01-28 10:19,34.6000,1,0,1,1,0,1,0.010396,0.040750,intraday,intraday,0,0
2022-01-28 10:35,33.8300,2022-01-28 10:47,35.2000,2022-01-28 10:49,35.6200,2022-01-28 10:49,35.1200,2,0,2,2,0,2,0.011932,0.052912,intraday,intraday,0,0
2022-01-28 10:49,35.1200,2022-01-28 11:10,36.2000,2022-01-28 11:17,37.1200,2022-01-28 11:19,36.7000,7,2,9,7,2,9,0.025414,0.056948,intraday,intraday,0,0
2022-01-28 11:31,35.8600,2022-01-28 11:57,36.9500,2022-01-28 11:58,37.1800,2022-01-28 12:02,36.7300,1,4,5,1,4,5,0.006225,0.036810,intraday,intraday,0,0
2022-01-28 14:30,34.3100,2022-01-28 14:42,35.5000,2022-01-28 14:42,35.5000,2022-01-28 14:46,35.0500,0,4,4,0,4,4,0.000000,0.034684,intraday,intraday,0,0
2022-01-28 14:46,35.0500,2022-01-28 15:15,36.1900,2022-01-28 15:20,36.4300,2022-01-28 15:20,36.0600,5,0,5,5,0,5,0.006632,0.039372,intraday,intraday,0,0
2022-01-28 15:31,36.0300,2022-01-28 15:44,37.2000,2022-01-28 15:50,37.9000,2022-01-28 15:50,37.4900,6,0,6,6,0,6,0.018817,0.051901,intraday,intraday,0,0
2022-01-28 15:50,37.4900,2022-01-31 09:30,39.4900,2022-01-31 09:30,39.4900,2022-01-31 09:31,38.5500,0,1,1,0,1,1,0.000000,0.053348,intraday,intraday,0,0
2022-01-31 09:32,38.3000,2022-01-31 09:34,39.6900,2022-01-31 09:35,39.9500,2022-01-31 09:35,39.5200,1,0,1,1,0,1,0.006551,0.043081,intraday,intraday,0,0
2022-01-31 09:35,39.5200,2022-01-31 09:54,40.8700,2022-01-31 10:09,42.0300,2022-01-31 10:10,41.4600,15,1,16,15,1,16,0.028383,0.063512,intraday,intraday,0,0
2022-01-31 10:29,41.3100,2022-01-31 11:01,42.6000,2022-01-31 11:02,42.6700,2022-01-31 11:06,42.2200,1,4,5,1,4,5,0.001643,0.032922,intraday,intraday,0,0
2022-01-31 11:11,41.5400,2022-01-31 11:59,42.8100,2022-01-31 12:06,42.9100,2022-01-31 12:15,42.4400,7,9,16,7,9,16,0.002336,0.032980,intraday,intraday,0,0
2022-01-31 13:35,42.1200,2022-01-31 14:44,43.5200,2022-01-31 15:04,43.7000,2022-01-31 15:08,43.2400,20,4,24,20,4,24,0.004136,0.037512,intraday,intraday,0,0
2022-01-31 15:19,42.3500,2022-01-31 15:33,43.6700,2022-01-31 15:36,43.7800,2022-01-31 15:38,43.3000,3,2,5,3,2,5,0.002519,0.033766,intraday,intraday,0,0
2022-01-31 15:39,43.2900,2022-01-31 15:54,44.6700,2022-02-01 09:30,45.9800,2022-02-01 09:30,45.1500,6,0,6,1056,0,1056,0.029326,0.062139,overnight,intraday,1,1
2022-02-01 09:43,42.5400,2022-02-01 09:50,43.9900,2022-02-01 09:50,43.9900,2022-02-01 09:51,43.3000,0,1,1,0,1,1,0.000000,0.034086,intraday,intraday,0,0
2022-02-01 10:07,42.2900,2022-02-01 10:20,43.7500,2022-02-01 10:25,44.1300,2022-02-01 10:26,43.6300,5,1,6,5,1,6,0.008686,0.043509,intraday,intraday,0,0
2022-02-01 10:46,42.9500,2022-02-01 11:00,44.3300,2022-02-01 11:14,45.1400,2022-02-01 11:19,44.6400,14,5,19,14,5,19,0.018272,0.050990,intraday,intraday,0,0
2022-02-01 14:21,43.6000,2022-02-01 15:28,44.9600,2022-02-01 15:36,45.3800,2022-02-01 15:38,44.8400,8,2,10,8,2,10,0.009342,0.040826,intraday,intraday,0,0
2022-02-01 15:39,44.8200,2022-02-02 09:30,48.8700,2022-02-02 09:30,48.8700,2022-02-02 09:31,47.8800,0,1,1,0,1,1,0.000000,0.090361,intraday,intraday,0,0
2022-02-02 09:33,47.6300,2022-02-02 09:38,49.3700,2022-02-02 09:38,49.3700,2022-02-02 09:39,48.7200,0,1,1,0,1,1,0.000000,0.036532,intraday,intraday,0,0
2022-02-02 09:49,47.1000,2022-02-02 09:55,48.7100,2022-02-02 09:55,48.7100,2022-02-02 09:56,47.9100,0,1,1,0,1,1,0.000000,0.034183,intraday,intraday,0,0
2022-02-02 09:57,47.7900,2022-02-02 10:08,49.2900,2022-02-02 10:09,49.4700,2022-02-02 10:10,48.7600,1,1,2,1,1,2,0.003652,0.035154,intraday,intraday,0,0
2022-02-02 10:35,47.1500,2022-02-02 10:45,48.5700,2022-02-02 10:46,48.5800,2022-02-02 10:47,47.9800,1,1,2,1,1,2,0.000206,0.030329,intraday,intraday,0,0
2022-02-02 11:38,46.4600,2022-02-02 12:08,47.9800,2022-02-02 12:16,48.3200,2022-02-02 12:18,47.7500,8,2,10,8,2,10,0.007086,0.040034,intraday,intraday,0,0
2022-02-02 12:30,47.3200,2022-02-02 13:16,48.7600,2022-02-02 13:17,48.8200,2022-02-02 13:24,48.2200,1,7,8,1,7,8,0.001231,0.031699,intraday,intraday,0,0
2022-02-02 14:25,47.6200,2022-02-02 14:47,49.1400,2022-02-02 14:48,49.2100,2022-02-02 15:00,48.6300,1,12,13,1,12,13,0.001425,0.033389,intraday,intraday,0,0
2022-02-03 09:30,44.8600,2022-02-03 09:32,46.2800,2022-02-03 09:33,46.3000,2022-02-03 09:33,45.8000,1,0,1,1,0,1,0.000432,0.032100,intraday,intraday,0,0
2022-02-03 09:34,45.4900,2022-02-03 09:35,46.9000,2022-02-03 09:37,47.0200,2022-02-03 09:37,46.5200,2,0,2,2,0,2,0.002559,0.033634,intraday,intraday,0,0
2022-02-03 10:01,45.7100,2022-02-03 10:18,47.1200,2022-02-03 10:20,47.5800,2022-02-03 10:20,46.9700,2,0,2,2,0,2,0.009762,0.040910,intraday,intraday,0,0
2022-02-03 12:20,43.4800,2022-02-03 12:40,44.8200,2022-02-03 12:40,44.8200,2022-02-03 12:44,44.2200,0,4,4,0,4,4,0.000000,0.030819,intraday,intraday,0,0
2022-02-03 13:10,44.0800,2022-02-03 13:34,45.4500,2022-02-03 13:34,45.4500,2022-02-03 13:36,44.9300,0,2,2,0,2,2,0.000000,0.031080,intraday,intraday,0,0
2022-02-04 09:35,41.0000,2022-02-04 09:41,42.3900,2022-02-04 09:43,42.5900,2022-02-04 09:44,42.0500,2,1,3,2,1,3,0.004718,0.038780,intraday,intraday,0,0
2022-02-04 09:52,41.5200,2022-02-04 10:01,42.8700,2022-02-04 10:01,42.8700,2022-02-04 10:02,42.3000,0,1,1,0,1,1,0.000000,0.032514,intraday,intraday,0,0
2022-02-04 10:10,41.8300,2022-02-04 10:16,43.2700,2022-02-04 10:21,43.3900,2022-02-04 10:24,42.8000,5,3,8,5,3,8,0.002773,0.037294,intraday,intraday,0,0
2022-02-04 11:15,40.3700,2022-02-04 11:32,41.6200,2022-02-04 11:46,42.2800,2022-02-04 11:50,41.8300,14,4,18,14,4,18,0.015858,0.047312,intraday,intraday,0,0
2022-02-04 12:33,41.5200,2022-02-04 13:04,42.8000,2022-02-04 14:10,43.4800,2022-02-04 14:13,43.0200,66,3,69,66,3,69,0.015888,0.047206,intraday,intraday,0,0
2022-02-04 14:20,42.7300,2022-02-04 15:06,44.0300,2022-02-04 15:13,44.5300,2022-02-04 15:19,44.0600,7,6,13,7,6,13,0.011356,0.042125,intraday,intraday,0,0
2022-02-04 15:53,43.1700,2022-02-07 09:40,44.5300,2022-02-07 09:42,45.0100,2022-02-07 09:44,44.5200,2,2,4,2,2,4,0.010779,0.042622,intraday,intraday,0,0
2022-02-07 11:44,43.0300,2022-02-07 13:08,44.3400,2022-02-07 13:13,44.7100,2022-02-07 13:24,44.2300,5,11,16,5,11,16,0.008345,0.039043,intraday,intraday,0,0
2022-02-08 09:30,42.7000,2022-02-08 09:37,44.0700,2022-02-08 09:39,44.1500,2022-02-08 09:41,43.5500,2,2,4,2,2,4,0.001815,0.033958,intraday,intraday,0,0
2022-02-08 10:35,42.5400,2022-02-08 10:46,44.0300,2022-02-08 11:00,44.6700,2022-02-08 11:00,44.2000,14,0,14,14,0,14,0.014536,0.050071,intraday,intraday,0,0
2022-02-08 11:00,44.2000,2022-02-08 11:37,45.6300,2022-02-08 12:01,45.8300,2022-02-08 12:08,45.2900,24,7,31,24,7,31,0.004383,0.036878,intraday,intraday,0,0
2022-02-08 14:39,44.8300,2022-02-08 15:15,46.2000,2022-02-09 09:30,48.7500,2022-02-09 09:30,48.1000,45,0,45,1095,0,1095,0.055195,0.087441,overnight,intraday,1,1
2022-02-09 09:58,46.7100,2022-02-09 10:32,48.1600,2022-02-09 11:27,49.3000,2022-02-09 11:43,48.7800,55,16,71,55,16,71,0.023671,0.055449,intraday,intraday,0,0
2022-02-09 12:01,48.6500,2022-02-09 13:21,50.1700,2022-02-09 14:52,50.8500,2022-02-09 15:00,50.2300,91,8,99,91,8,99,0.013554,0.045221,intraday,intraday,0,0
2022-02-10 09:30,47.3100,2022-02-10 09:35,49.0500,2022-02-10 09:37,49.3500,2022-02-10 09:38,48.7500,2,1,3,2,1,3,0.006116,0.043120,intraday,intraday,0,0
2022-02-10 09:39,48.7000,2022-02-10 09:55,50.2400,2022-02-10 09:56,50.3700,2022-02-10 10:00,49.7800,1,4,5,1,4,5,0.002588,0.034292,intraday,intraday,0,0
2022-02-10 10:00,49.7800,2022-02-10 10:09,51.3900,2022-02-10 10:10,51.4700,2022-02-10 10:14,50.8200,1,4,5,1,4,5,0.001557,0.033949,intraday,intraday,0,0
2022-02-10 10:22,50.3200,2022-02-10 10:39,51.9600,2022-02-10 10:42,52.2100,2022-02-10 10:44,51.6300,3,2,5,3,2,5,0.004811,0.037560,intraday,intraday,0,0
2022-02-10 11:33,49.7000,2022-02-10 11:56,51.3400,2022-02-10 11:56,51.3400,2022-02-10 12:04,50.6800,0,8,8,0,8,8,0.000000,0.032998,intraday,intraday,0,0
2022-02-10 12:52,48.9400,2022-02-10 13:04,50.5300,2022-02-10 13:07,50.5500,2022-02-10 13:09,49.9900,3,2,5,3,2,5,0.000396,0.032897,intraday,intraday,0,0
2022-02-10 15:50,45.5700,2022-02-11 09:30,47.1700,2022-02-11 09:32,47.6500,2022-02-11 09:33,47.0500,2,1,3,2,1,3,0.010176,0.045644,intraday,intraday,0,0
2022-02-11 09:42,45.6500,2022-02-11 09:46,47.1700,2022-02-11 09:48,47.2000,2022-02-11 09:51,46.6200,2,3,5,2,3,5,0.000636,0.033954,intraday,intraday,0,0
2022-02-11 10:00,45.3600,2022-02-11 10:07,46.7500,2022-02-11 10:07,46.7500,2022-02-11 10:08,46.2000,0,1,1,0,1,1,0.000000,0.030644,intraday,intraday,0,0
2022-02-11 10:18,45.1800,2022-02-11 10:31,46.5600,2022-02-11 10:31,46.5600,2022-02-11 10:33,45.9400,0,2,2,0,2,2,0.000000,0.030544,intraday,intraday,0,0
2022-02-11 14:53,38.8700,2022-02-11 15:03,40.3700,2022-02-11 15:04,40.4900,2022-02-11 15:06,39.7700,1,2,3,1,2,3,0.002973,0.041677,intraday,intraday,0,0
2022-02-11 15:42,38.4200,2022-02-11 15:50,39.6800,2022-02-11 15:55,40.1700,2022-02-11 15:55,39.5200,5,0,5,5,0,5,0.012349,0.045549,intraday,intraday,0,0
2022-02-14 09:33,39.1200,2022-02-14 09:37,40.3700,2022-02-14 09:40,40.7500,2022-02-14 09:40,40.1700,3,0,3,3,0,3,0.009413,0.041667,intraday,intraday,0,0
2022-02-14 09:40,40.1700,2022-02-14 09:50,41.4700,2022-02-14 09:52,41.8500,2022-02-14 09:55,41.2600,2,3,5,2,3,5,0.009163,0.041822,intraday,intraday,0,0
2022-02-14 10:38,39.5600,2022-02-14 10:48,40.7500,2022-02-14 10:50,40.8000,2022-02-14 10:51,40.3600,2,1,3,2,1,3,0.001227,0.031345,intraday,intraday,0,0
2022-02-14 11:00,39.9800,2022-02-14 11:28,41.2500,2022-02-14 11:28,41.2500,2022-02-14 11:34,40.7500,0,6,6,0,6,6,0.000000,0.031766,intraday,intraday,0,0
2022-02-14 14:07,37.8600,2022-02-14 14:29,39.4300,2022-02-14 14:29,39.4300,2022-02-14 14:30,38.8100,0,1,1,0,1,1,0.000000,0.041469,intraday,intraday,0,0
2022-02-14 15:06,38.6400,2022-02-14 15:33,39.9100,2022-02-14 15:34,39.9200,2022-02-14 15:43,39.4200,1,9,10,1,9,10,0.000251,0.033126,intraday,intraday,0,0
2022-02-14 15:54,39.0500,2022-02-15 09:30,42.3200,2022-02-15 09:31,42.3400,2022-02-15 09:31,41.8400,1,0,1,1,0,1,0.000473,0.084251,intraday,intraday,0,0
2022-02-15 09:32,41.6700,2022-02-15 10:01,43.0500,2022-02-15 10:03,43.2700,2022-02-15 10:05,42.8200,2,2,4,2,2,4,0.005110,0.038397,intraday,intraday,0,0
2022-02-15 10:20,42.5300,2022-02-15 10:43,43.8900,2022-02-15 12:01,45.0200,2022-02-15 12:15,44.4100,78,14,92,78,14,92,0.025746,0.058547,intraday,intraday,0,0
2022-02-15 12:49,43.6000,2022-02-15 13:22,44.9100,2022-02-15 14:01,45.3200,2022-02-15 14:06,44.7700,39,5,44,39,5,44,0.009129,0.039450,intraday,intraday,0,0
2022-02-15 14:07,44.7200,2022-02-15 15:12,46.0900,2022-02-15 15:21,46.2900,2022-02-15 15:31,45.8200,9,10,19,9,10,19,0.004339,0.035107,intraday,intraday,0,0
2022-02-16 09:54,43.0900,2022-02-16 10:29,44.4100,2022-02-16 10:45,45.0100,2022-02-16 10:47,44.5500,16,2,18,16,2,18,0.013510,0.044558,intraday,intraday,0,0
2022-02-16 13:04,43.0400,2022-02-16 14:00,44.4400,2022-02-16 14:00,44.4400,2022-02-16 14:01,43.7200,0,1,1,0,1,1,0.000000,0.032528,intraday,intraday,0,0
2022-02-16 14:02,43.2800,2022-02-16 14:20,44.5900,2022-02-16 14:32,46.2100,2022-02-16 14:36,45.6700,12,4,16,12,4,16,0.036331,0.067699,intraday,intraday,0,0
2022-02-17 10:30,41.5800,2022-02-17 11:13,42.8500,2022-02-17 11:27,43.4600,2022-02-17 11:33,42.9900,14,6,20,14,6,20,0.014236,0.045214,intraday,intraday,0,0
2022-02-18 09:45,39.5000,2022-02-18 09:53,40.9000,2022-02-18 09:55,41.0100,2022-02-18 09:58,40.5400,2,3,5,2,3,5,0.002689,0.038228,intraday,intraday,0,0
2022-02-18 11:05,37.9800,2022-02-18 11:26,39.1200,2022-02-18 11:26,39.1200,2022-02-18 11:29,38.6700,0,3,3,0,3,3,0.000000,0.030016,intraday,intraday,0,0
2022-02-18 11:59,38.2300,2022-02-18 12:18,39.4300,2022-02-18 12:18,39.4300,2022-02-18 12:23,39.0000,0,5,5,0,5,5,0.000000,0.031389,intraday,intraday,0,0
2022-02-18 13:18,37.7700,2022-02-18 13:46,38.9700,2022-02-18 14:33,40.8200,2022-02-18 14:39,40.3300,47,6,53,47,6,53,0.047472,0.080752,intraday,intraday,0,0
2022-02-18 14:50,40.0300,2022-02-18 15:02,41.3200,2022-02-18 15:02,41.3200,2022-02-18 15:04,40.8800,0,2,2,0,2,2,0.000000,0.032226,intraday,intraday,0,0
2022-02-22 09:30,38.0600,2022-02-22 09:37,39.3200,2022-02-22 09:40,39.5900,2022-02-22 09:40,38.9600,3,0,3,3,0,3,0.006867,0.040200,intraday,intraday,0,0
2022-02-22 09:40,38.9600,2022-02-22 09:45,40.1400,2022-02-22 09:53,41.4400,2022-02-22 09:53,40.6600,8,0,8,8,0,8,0.032387,0.063655,intraday,intraday,0,0
2022-02-22 10:06,40.0200,2022-02-22 10:22,41.4000,2022-02-22 10:22,41.4000,2022-02-22 10:23,40.9300,0,1,1,0,1,1,0.000000,0.034483,intraday,intraday,0,0
2022-02-22 14:11,36.8300,2022-02-22 14:29,37.9500,2022-02-22 14:31,38.3400,2022-02-22 14:31,37.7900,2,0,2,2,0,2,0.010277,0.040999,intraday,intraday,0,0
2022-02-22 14:46,37.5800,2022-02-22 14:49,38.7200,2022-02-22 14:57,39.9700,2022-02-22 14:59,39.5500,8,2,10,8,2,10,0.032283,0.063598,intraday,intraday,0,0
2022-02-22 15:54,38.1500,2022-02-23 09:30,40.6600,2022-02-23 09:30,40.6600,2022-02-23 09:31,40.2200,0,1,1,0,1,1,0.000000,0.065793,intraday,intraday,0,0
2022-02-23 09:32,40.0900,2022-02-23 09:40,41.3000,2022-02-23 09:40,41.3000,2022-02-23 09:41,40.3700,0,1,1,0,1,1,0.000000,0.030182,intraday,intraday,0,0
2022-02-23 11:18,37.8200,2022-02-23 11:53,39.0400,2022-02-23 11:56,39.3000,2022-02-23 12:02,38.8500,3,6,9,3,6,9,0.006660,0.039133,intraday,intraday,0,0
2022-02-24 09:30,31.5500,2022-02-24 09:32,32.5600,2022-02-24 09:33,32.8500,2022-02-24 09:33,32.4000,1,0,1,1,0,1,0.008907,0.041204,intraday,intraday,0,0
2022-02-24 09:35,32.0100,2022-02-24 09:36,33.1300,2022-02-24 09:37,33.4300,2022-02-24 09:37,32.9100,1,0,1,1,0,1,0.009055,0.044361,intraday,intraday,0,0
2022-02-24 09:37,32.9100,2022-02-24 09:39,34.0800,2022-02-24 09:39,34.0800,2022-02-24 09:40,33.3300,0,1,1,0,1,1,0.000000,0.035552,intraday,intraday,0,0
2022-02-24 09:44,32.3700,2022-02-24 09:49,33.8000,2022-02-24 09:50,33.9800,2022-02-24 09:51,33.5100,1,1,2,1,1,2,0.005325,0.049737,intraday,intraday,0,0
2022-02-24 10:06,32.5000,2022-02-24 10:11,33.6700,2022-02-24 10:13,33.9800,2022-02-24 10:13,33.5400,2,0,2,2,0,2,0.009207,0.045538,intraday,intraday,0,0
2022-02-24 10:13,33.5400,2022-02-24 10:18,34.7400,2022-02-24 10:20,35.1500,2022-02-24 10:20,34.6100,2,0,2,2,0,2,0.011802,0.048002,intraday,intraday,0,0
2022-02-24 10:40,33.1000,2022-02-24 10:46,34.3600,2022-02-24 10:48,34.5300,2022-02-24 10:48,34.1400,2,0,2,2,0,2,0.004948,0.043202,intraday,intraday,0,0
2022-02-24 10:52,34.0000,2022-02-24 10:57,35.0500,2022-02-24 10:57,35.0500,2022-02-24 10:58,34.5800,0,1,1,0,1,1,0.000000,0.030882,intraday,intraday,0,0
2022-02-24 11:05,34.1300,2022-02-24 11:12,35.2700,2022-02-24 11:13,35.5300,2022-02-24 11:16,35.1000,1,3,4,1,3,4,0.007372,0.041020,intraday,intraday,0,0
2022-02-24 11:46,34.3000,2022-02-24 11:56,35.4600,2022-02-24 12:00,35.7000,2022-02-24 12:05,35.3400,4,5,9,4,5,9,0.006768,0.040816,intraday,intraday,0,0
2022-02-24 12:24,34.1600,2022-02-24 12:37,35.3200,2022-02-24 12:40,35.5800,2022-02-24 12:44,35.2000,3,4,7,3,4,7,0.007361,0.041569,intraday,intraday,0,0
2022-02-24 13:01,34.4800,2022-02-24 13:36,35.6600,2022-02-24 13:40,36.0900,2022-02-24 13:42,35.7200,4,2,6,4,2,6,0.012058,0.046694,intraday,intraday,0,0
2022-02-24 13:45,35.4500,2022-02-24 13:49,36.7200,2022-02-24 13:50,36.8800,2022-02-24 13:52,36.3500,1,2,3,1,2,3,0.004357,0.040339,intraday,intraday,0,0
2022-02-24 14:01,35.5000,2022-02-24 14:15,36.5800,2022-02-24 14:25,36.9700,2022-02-24 14:26,36.5700,10,1,11,10,1,11,0.010662,0.041408,intraday,intraday,0,0
2022-02-24 14:26,36.5700,2022-02-24 14:35,37.6700,2022-02-24 14:40,38.2700,2022-02-24 14:40,37.8700,5,0,5,5,0,5,0.015928,0.046486,intraday,intraday,0,0
2022-02-24 14:47,37.6500,2022-02-24 15:19,38.8300,2022-02-24 15:28,39.1200,2022-02-24 15:29,38.5700,9,1,10,9,1,10,0.007468,0.039044,intraday,intraday,0,0
2022-02-24 15:29,38.5700,2022-02-24 15:34,39.7300,2022-02-24 15:38,39.8700,2022-02-24 15:43,39.4000,4,5,9,4,5,9,0.003524,0.033705,intraday,intraday,0,0
2022-02-25 09:32,39.0000,2022-02-25 09:34,40.3000,2022-02-25 09:35,40.4000,2022-02-25 09:35,39.8800,1,0,1,1,0,1,0.002481,0.035897,intraday,intraday,0,0
2022-02-25 09:44,38.6700,2022-02-25 09:49,39.8600,2022-02-25 09:50,39.9800,2022-02-25 09:52,39.2300,1,2,3,1,2,3,0.003011,0.033876,intraday,intraday,0,0
2022-02-25 10:05,38.1600,2022-02-25 10:10,39.3500,2022-02-25 10:10,39.3500,2022-02-25 10:12,38.8700,0,2,2,0,2,2,0.000000,0.031184,intraday,intraday,0,0
2022-02-25 10:16,38.6000,2022-02-25 10:25,39.8800,2022-02-25 10:26,39.9200,2022-02-25 10:27,39.4600,1,1,2,1,1,2,0.001003,0.034197,intraday,intraday,0,0
2022-02-25 10:38,39.2600,2022-02-25 10:45,40.4400,2022-02-25 10:58,41.1300,2022-02-25 10:59,40.6500,13,1,14,13,1,14,0.017062,0.047631,intraday,intraday,0,0
2022-02-25 11:00,40.3600,2022-02-25 12:02,41.5800,2022-02-25 12:02,41.5800,2022-02-25 12:10,41.1300,0,8,8,0,8,8,0.000000,0.030228,intraday,intraday,0,0
2022-02-25 14:11,40.1100,2022-02-25 15:24,41.3900,2022-02-25 15:24,41.3900,2022-02-25 15:28,40.9700,0,4,4,0,4,4,0.000000,0.031912,intraday,intraday,0,0
2022-02-28 09:43,39.6600,2022-02-28 09:57,40.9300,2022-02-28 10:00,41.4000,2022-02-28 10:01,40.8000,3,1,4,3,1,4,0.011483,0.043873,intraday,intraday,0,0
2022-02-28 10:19,39.9600,2022-02-28 10:38,41.3000,2022-02-28 10:43,41.8200,2022-02-28 10:46,41.3900,5,3,8,5,3,8,0.012591,0.046547,intraday,intraday,0,0
2022-02-28 12:53,39.2800,2022-02-28 13:09,40.5000,2022-02-28 13:12,40.6400,2022-02-28 13:15,40.1000,3,3,6,3,3,6,0.003457,0.034623,intraday,intraday,0,0
2022-02-28 14:40,38.5600,2022-02-28 15:21,39.8000,2022-02-28 15:28,39.9600,2022-02-28 15:30,39.5000,7,2,9,7,2,9,0.004020,0.036307,intraday,intraday,0,0
2022-02-28 15:39,39.0000,2022-02-28 15:46,40.2100,2022-02-28 15:54,40.6100,2022-02-28 15:54,40.0500,8,0,8,8,0,8,0.009948,0.041282,intraday,intraday,0,0
2022-03-01 09:33,40.0200,2022-03-01 09:38,41.3000,2022-03-01 09:38,41.3000,2022-03-01 09:39,40.8600,0,1,1,0,1,1,0.000000,0.031984,intraday,intraday,0,0
2022-03-01 10:12,39.1900,2022-03-01 10:22,40.3800,2022-03-01 10:25,40.4200,2022-03-01 10:28,39.9100,3,3,6,3,3,6,0.000991,0.031386,intraday,intraday,0,0
2022-03-01 14:17,36.0100,2022-03-01 15:05,37.2200,2022-03-01 15:07,37.3200,2022-03-01 15:11,36.8200,2,4,6,2,4,6,0.002687,0.036379,intraday,intraday,0,0
2022-03-01 15:50,35.3500,2022-03-01 15:59,36.6100,2022-03-02 09:30,37.8400,2022-03-02 09:30,37.4000,1,0,1,1051,0,1051,0.033597,0.070438,overnight,intraday,1,1
2022-03-02 09:35,37.3600,2022-03-02 09:43,38.5400,2022-03-02 09:50,38.9400,2022-03-02 09:52,38.5100,7,2,9,7,2,9,0.010379,0.042291,intraday,intraday,0,0
2022-03-02 10:15,37.2300,2022-03-02 10:29,38.8000,2022-03-02 10:30,38.9200,2022-03-02 10:30,38.4100,1,0,1,1,0,1,0.003093,0.045393,intraday,intraday,0,0
2022-03-02 10:55,37.6400,2022-03-02 11:04,38.9500,2022-03-02 11:05,39.0700,2022-03-02 11:05,38.6200,1,0,1,1,0,1,0.003081,0.037991,intraday,intraday,0,0
2022-03-02 11:05,38.6200,2022-03-02 11:31,39.8700,2022-03-02 11:32,39.9500,2022-03-02 11:35,39.4100,1,3,4,1,3,4,0.002007,0.034438,intraday,intraday,0,0
2022-03-02 11:44,39.3200,2022-03-02 13:09,40.5200,2022-03-02 13:22,40.6400,2022-03-02 13:48,40.1400,13,26,39,13,26,39,0.002962,0.033571,intraday,intraday,0,0
2022-03-03 11:00,37.0200,2022-03-03 11:27,38.2000,2022-03-03 11:27,38.2000,2022-03-03 11:38,37.7800,0,11,11,0,11,11,0.000000,0.031875,intraday,intraday,0,0
2022-03-03 12:31,37.5500,2022-03-03 12:33,38.8200,2022-03-03 12:37,39.3400,2022-03-03 12:38,38.8900,4,1,5,4,1,5,0.013395,0.047670,intraday,intraday,0,0
2022-03-04 09:31,36.2600,2022-03-04 09:36,37.3800,2022-03-04 09:38,37.4200,2022-03-04 09:39,36.9500,2,1,3,2,1,3,0.001070,0.031991,intraday,intraday,0,0
2022-03-04 09:50,35.5800,2022-03-04 09:59,36.6800,2022-03-04 10:01,36.8700,2022-03-04 10:02,36.4600,2,1,3,2,1,3,0.005180,0.036256,intraday,intraday,0,0
2022-03-04 11:13,34.3000,2022-03-04 11:41,35.3800,2022-03-04 11:50,35.5500,2022-03-04 11:51,35.1600,9,1,10,9,1,10,0.004805,0.036443,intraday,intraday,0,0
2022-03-04 12:07,34.5000,2022-03-04 12:16,35.5900,2022-03-04 12:18,35.7600,2022-03-04 12:20,35.3400,2,2,4,2,2,4,0.004777,0.036522,intraday,intraday,0,0
2022-03-04 12:44,34.7800,2022-03-04 13:07,35.8300,2022-03-04 13:07,35.8300,2022-03-04 13:11,35.4500,0,4,4,0,4,4,0.000000,0.030190,intraday,intraday,0,0
2022-03-04 15:01,33.3600,2022-03-04 15:54,34.4900,2022-03-07 09:30,35.4900,2022-03-07 09:30,34.8200,6,0,6,3936,0,3936,0.028994,0.063849,weekend,intraday,1,1
2022-03-08 09:35,28.8300,2022-03-08 09:35,30.0200,2022-03-08 09:35,30.0200,2022-03-08 09:36,29.0400,0,1,1,0,1,1,0.000000,0.041276,intraday,intraday,0,0
2022-03-08 09:40,28.7000,2022-03-08 09:43,30.0700,2022-03-08 09:43,30.0700,2022-03-08 09:44,29.5300,0,1,1,0,1,1,0.000000,0.047735,intraday,intraday,0,0
2022-03-08 10:08,28.5000,2022-03-08 10:19,29.6400,2022-03-08 10:20,29.7800,2022-03-08 10:21,29.4300,1,1,2,1,1,2,0.004723,0.044912,intraday,intraday,0,0
2022-03-08 10:39,28.4800,2022-03-08 10:47,29.3800,2022-03-08 10:49,29.6500,2022-03-08 10:52,29.3300,2,3,5,2,3,5,0.009190,0.041081,intraday,intraday,0,0
2022-03-08 10:53,29.1800,2022-03-08 10:54,30.2100,2022-03-08 10:55,30.2900,2022-03-08 10:56,29.9100,1,1,2,1,1,2,0.002648,0.038040,intraday,intraday,0,0
2022-03-08 11:32,28.9600,2022-03-08 11:47,29.9000,2022-03-08 11:55,30.3500,2022-03-08 11:58,29.9400,8,3,11,8,3,11,0.015050,0.047997,intraday,intraday,0,0
2022-03-08 11:59,29.8000,2022-03-08 12:06,30.8500,2022-03-08 12:11,31.1900,2022-03-08 12:11,30.8000,5,0,5,5,0,5,0.011021,0.046644,intraday,intraday,0,0
2022-03-08 12:11,30.8000,2022-03-08 12:14,31.7900,2022-03-08 12:16,32.0600,2022-03-08 12:16,31.5900,2,0,2,2,0,2,0.008493,0.040909,intraday,intraday,0,0
2022-03-08 12:16,31.5900,2022-03-08 12:18,32.5600,2022-03-08 12:19,32.6900,2022-03-08 12:19,32.3300,1,0,1,1,0,1,0.003993,0.034821,intraday,intraday,0,0
2022-03-08 12:27,31.5400,2022-03-08 12:29,32.5400,2022-03-08 12:29,32.5400,2022-03-08 12:30,32.2100,0,1,1,0,1,1,0.000000,0.031706,intraday,intraday,0,0
2022-03-08 12:31,31.9700,2022-03-08 12:38,32.9900,2022-03-08 12:39,33.2000,2022-03-08 12:41,32.7400,1,2,3,1,2,3,0.006366,0.038474,intraday,intraday,0,0
2022-03-08 12:51,32.6200,2022-03-08 13:01,33.6300,2022-03-08 13:12,34.3200,2022-03-08 13:14,33.9200,11,2,13,11,2,13,0.020517,0.052115,intraday,intraday,0,0
2022-03-08 14:02,31.1800,2022-03-08 14:26,32.1600,2022-03-08 14:27,32.4700,2022-03-08 14:27,32.1400,1,0,1,1,0,1,0.009639,0.041373,intraday,intraday,0,0
2022-03-08 14:34,31.8600,2022-03-08 14:48,32.9100,2022-03-08 14:49,32.9500,2022-03-08 14:51,32.6100,1,2,3,1,2,3,0.001215,0.034212,intraday,intraday,0,0
2022-03-08 14:57,32.2000,2022-03-08 15:04,33.2300,2022-03-08 15:07,33.3300,2022-03-08 15:10,32.9100,3,3,6,3,3,6,0.003009,0.035093,intraday,intraday,0,0
2022-03-08 15:59,31.0800,2022-03-09 09:30,34.4000,2022-03-09 09:30,34.4000,2022-03-09 09:31,33.6600,0,1,1,0,1,1,0.000000,0.106821,intraday,intraday,0,0
2022-03-09 09:53,33.0700,2022-03-09 10:02,34.3000,2022-03-09 10:03,34.3500,2022-03-09 10:05,33.9600,1,2,3,1,2,3,0.001458,0.038706,intraday,intraday,0,0
2022-03-09 10:16,33.5900,2022-03-09 10:36,34.6500,2022-03-09 10:36,34.6500,2022-03-09 10:37,34.3000,0,1,1,0,1,1,0.000000,0.031557,intraday,intraday,0,0
2022-03-09 11:15,33.6000,2022-03-09 12:15,34.6500,2022-03-09 12:15,34.6500,2022-03-09 12:20,34.2400,0,5,5,0,5,5,0.000000,0.031250,intraday,intraday,0,0
2022-03-09 12:21,34.2000,2022-03-09 12:36,35.2900,2022-03-09 12:38,35.3400,2022-03-09 12:43,34.9500,2,5,7,2,5,7,0.001417,0.033333,intraday,intraday,0,0
2022-03-09 13:49,34.5700,2022-03-09 15:10,35.6300,2022-03-09 15:21,35.6600,2022-03-09 15:39,35.1900,11,18,29,11,18,29,0.000842,0.031530,intraday,intraday,0,0
2022-03-10 09:52,31.6700,2022-03-10 09:57,32.6700,2022-03-10 09:58,32.8900,2022-03-10 10:00,32.3100,1,2,3,1,2,3,0.006734,0.038522,intraday,intraday,0,0
2022-03-10 10:08,31.8600,2022-03-10 10:17,32.9200,2022-03-10 10:19,33.1200,2022-03-10 10:21,32.6200,2,2,4,2,2,4,0.006075,0.039548,intraday,intraday,0,0
2022-03-10 11:07,30.8000,2022-03-10 12:15,31.7300,2022-03-10 12:24,32.0900,2022-03-10 12:30,31.7400,9,6,15,9,6,15,0.011346,0.041883,intraday,intraday,0,0
2022-03-10 13:05,31.0000,2022-03-10 14:03,32.2000,2022-03-10 14:05,32.6400,2022-03-10 14:06,32.2800,2,1,3,2,1,3,0.013665,0.052903,intraday,intraday,0,0
2022-03-10 14:13,32.0500,2022-03-10 15:53,33.0500,2022-03-10 15:54,33.0800,2022-03-10 15:59,32.7000,1,5,6,1,5,6,0.000908,0.032137,intraday,intraday,0,0
2022-03-10 15:59,32.7000,2022-03-11 09:30,34.3400,2022-03-11 09:31,34.4200,2022-03-11 09:32,33.7800,1,1,2,1,1,2,0.002330,0.052599,intraday,intraday,0,0
2022-03-11 11:42,31.2900,2022-03-11 12:19,32.3200,2022-03-11 12:19,32.3200,2022-03-11 12:23,31.9500,0,4,4,0,4,4,0.000000,0.032918,intraday,intraday,0,0
2022-03-14 09:39,29.1700,2022-03-14 09:48,30.0500,2022-03-14 09:48,30.0500,2022-03-14 09:49,29.7200,0,1,1,0,1,1,0.000000,0.030168,intraday,intraday,0,0
2022-03-14 10:00,29.1500,2022-03-14 10:08,30.1800,2022-03-14 10:16,30.6300,2022-03-14 10:17,30.3000,8,1,9,8,1,9,0.014911,0.050772,intraday,intraday,0,0
2022-03-14 10:33,29.5400,2022-03-14 10:55,30.5500,2022-03-14 10:56,30.5700,2022-03-14 10:57,30.1600,1,1,2,1,1,2,0.000655,0.034868,intraday,intraday,0,0
2022-03-14 14:24,27.3000,2022-03-14 15:01,28.1700,2022-03-14 15:02,28.3500,2022-03-14 15:05,28.0600,1,3,4,1,3,4,0.006390,0.038462,intraday,intraday,0,0
2022-03-14 15:34,27.6000,2022-03-15 09:30,28.6600,2022-03-15 09:30,28.6600,2022-03-15 09:31,28.3000,0,1,1,0,1,1,0.000000,0.038406,intraday,intraday,0,0
2022-03-15 09:42,28.0000,2022-03-15 09:55,28.9000,2022-03-15 09:56,29.1900,2022-03-15 09:56,28.8500,1,0,1,1,0,1,0.010035,0.042500,intraday,intraday,0,0
2022-03-15 09:56,28.8500,2022-03-15 10:23,29.7400,2022-03-15 10:45,30.6300,2022-03-15 10:52,30.2800,22,7,29,22,7,29,0.029926,0.061698,intraday,intraday,0,0
2022-03-15 10:58,30.0400,2022-03-15 11:33,30.9600,2022-03-15 11:36,31.1000,2022-03-15 11:45,30.7300,3,9,12,3,9,12,0.004522,0.035286,intraday,intraday,0,0
2022-03-15 14:19,30.0000,2022-03-15 15:06,30.9000,2022-03-15 15:33,31.6500,2022-03-15 15:45,31.2800,27,12,39,27,12,39,0.024272,0.055000,intraday,intraday,0,0
2022-03-15 15:47,31.2600,2022-03-16 09:30,33.6600,2022-03-16 09:31,33.6900,2022-03-16 09:32,33.1600,1,1,2,1,1,2,0.000891,0.077735,intraday,intraday,0,0
2022-03-16 09:33,33.1500,2022-03-16 09:42,34.1600,2022-03-16 09:48,34.7200,2022-03-16 09:50,34.2600,6,2,8,6,2,8,0.016393,0.047360,intraday,intraday,0,0
2022-03-16 10:04,34.2400,2022-03-16 10:16,35.3800,2022-03-16 10:19,35.6800,2022-03-16 10:22,35.2800,3,3,6,3,3,6,0.008479,0.042056,intraday,intraday,0,0
2022-03-16 13:19,33.5600,2022-03-16 13:58,34.5900,2022-03-16 13:58,34.5900,2022-03-16 14:00,33.9400,0,2,2,0,2,2,0.000000,0.030691,intraday,intraday,0,0
2022-03-16 14:35,32.0600,2022-03-16 14:38,33.0900,2022-03-16 14:39,33.3000,2022-03-16 14:39,32.9200,1,0,1,1,0,1,0.006346,0.038677,intraday,intraday,0,0
2022-03-16 14:39,32.9200,2022-03-16 14:42,34.1000,2022-03-16 14:44,34.3100,2022-03-16 14:45,33.9100,2,1,3,2,1,3,0.006158,0.042224,intraday,intraday,0,0
2022-03-16 14:50,33.9000,2022-03-16 14:55,35.1700,2022-03-16 14:56,35.1800,2022-03-16 14:59,34.7200,1,3,4,1,3,4,0.000284,0.037758,intraday,intraday,0,0
2022-03-16 15:02,34.4100,2022-03-16 15:20,35.4500,2022-03-16 15:26,35.6800,2022-03-16 15:31,35.2500,6,5,11,6,5,11,0.006488,0.036908,intraday,intraday,0,0
2022-03-16 15:33,35.1400,2022-03-16 15:59,36.4000,2022-03-16 15:59,36.4000,2022-03-17 09:30,34.7100,0,1,1,0,1051,1051,0.000000,0.035857,overnight,overnight,1,1
2022-03-17 09:32,34.3200,2022-03-17 09:39,35.4300,2022-03-17 09:41,35.7500,2022-03-17 09:42,35.3400,2,1,3,2,1,3,0.009032,0.041667,intraday,intraday,0,0
2022-03-17 09:50,35.2300,2022-03-17 09:57,36.3100,2022-03-17 10:00,36.4900,2022-03-17 10:01,36.0600,3,1,4,3,1,4,0.004957,0.035765,intraday,intraday,0,0
2022-03-17 11:01,34.8400,2022-03-17 11:24,35.9100,2022-03-17 11:25,35.9300,2022-03-17 11:28,35.5500,1,3,4,1,3,4,0.000557,0.031286,intraday,intraday,0,0
2022-03-17 11:50,35.2900,2022-03-17 13:26,36.4100,2022-03-17 13:52,36.9400,2022-03-17 14:00,36.5200,26,8,34,26,8,34,0.014556,0.046755,intraday,intraday,0,0
2022-03-18 09:34,35.6000,2022-03-18 09:50,36.7300,2022-03-18 09:51,36.7600,2022-03-18 09:52,36.3900,1,1,2,1,1,2,0.000817,0.032584,intraday,intraday,0,0
2022-03-18 09:53,36.3300,2022-03-18 10:01,37.5300,2022-03-18 10:12,38.3600,2022-03-18 10:16,37.9500,11,4,15,11,4,15,0.022116,0.055877,intraday,intraday,0,0
2022-03-18 10:40,37.0300,2022-03-18 10:57,38.2200,2022-03-18 11:13,38.6000,2022-03-18 11:16,38.0900,16,3,19,16,3,19,0.009942,0.042398,intraday,intraday,0,0
2022-03-18 12:02,37.9600,2022-03-18 15:08,39.1100,2022-03-18 15:35,39.6800,2022-03-18 15:36,39.2700,27,1,28,27,1,28,0.014574,0.045311,intraday,intraday,0,0
2022-03-21 09:30,38.5100,2022-03-21 09:41,39.9700,2022-03-21 09:41,39.9700,2022-03-21 09:44,39.3400,0,3,3,0,3,3,0.000000,0.037912,intraday,intraday,0,0
2022-03-21 10:35,36.8800,2022-03-21 10:51,38.0300,2022-03-21 11:02,38.5700,2022-03-21 11:05,38.1500,11,3,14,11,3,14,0.014199,0.045824,intraday,intraday,0,0
2022-03-21 11:07,37.9800,2022-03-21 11:22,39.1300,2022-03-21 11:29,39.4300,2022-03-21 11:32,39.0000,7,3,10,7,3,10,0.007667,0.038178,intraday,intraday,0,0
2022-03-21 13:22,37.0200,2022-03-21 14:27,38.2100,2022-03-21 14:29,38.2600,2022-03-21 14:32,37.8600,2,3,5,2,3,5,0.001309,0.033495,intraday,intraday,0,0
2022-03-21 15:04,37.3500,2022-03-21 15:55,38.6800,2022-03-22 09:31,39.3400,2022-03-22 09:32,38.9200,6,1,7,1056,1,1057,0.017063,0.053280,overnight,intraday,0,1
2022-03-22 09:51,38.6300,2022-03-22 10:01,39.8700,2022-03-22 10:06,40.2100,2022-03-22 10:07,39.7300,5,1,6,5,1,6,0.008528,0.040901,intraday,intraday,0,0
2022-03-22 10:08,39.7100,2022-03-22 11:08,40.9100,2022-03-22 11:19,41.0100,2022-03-22 11:34,40.5700,11,15,26,11,15,26,0.002444,0.032737,intraday,intraday,0,0
2022-03-23 10:03,36.9500,2022-03-23 10:15,38.1800,2022-03-23 10:18,38.4300,2022-03-23 10:22,37.9400,3,4,7,3,4,7,0.006548,0.040054,intraday,intraday,0,0
2022-03-23 10:22,37.9400,2022-03-23 11:02,39.1000,2022-03-23 11:05,39.1500,2022-03-23 11:09,38.7500,3,4,7,3,4,7,0.001279,0.031892,intraday,intraday,0,0
2022-03-23 11:09,38.7500,2022-03-23 12:02,39.9500,2022-03-23 12:03,39.9900,2022-03-23 12:06,39.3500,1,3,4,1,3,4,0.001001,0.032000,intraday,intraday,0,0
2022-03-23 15:59,36.5900,2022-03-24 09:30,37.9700,2022-03-24 09:30,37.9700,2022-03-24 09:31,37.5500,0,1,1,0,1,1,0.000000,0.037715,intraday,intraday,0,0
2022-03-24 09:38,37.3000,2022-03-24 09:44,38.5000,2022-03-24 09:45,38.6000,2022-03-24 09:46,37.9100,1,1,2,1,1,2,0.002597,0.034853,intraday,intraday,0,0
2022-03-24 09:50,37.7000,2022-03-24 10:45,38.9100,2022-03-24 11:01,39.4300,2022-03-24 11:01,38.9700,16,0,16,16,0,16,0.013364,0.045889,intraday,intraday,0,0
2022-03-24 11:01,38.9700,2022-03-24 11:26,40.2600,2022-03-24 11:43,41.1000,2022-03-24 11:50,40.6400,17,7,24,17,7,24,0.020864,0.054657,intraday,intraday,0,0
2022-03-24 12:04,40.2400,2022-03-24 13:43,41.4500,2022-03-24 14:04,41.6000,2022-03-24 14:10,41.0600,21,6,27,21,6,27,0.003619,0.033797,intraday,intraday,0,0
2022-03-24 14:46,41.0000,2022-03-24 15:59,42.2500,2022-03-24 15:59,42.2500,2022-03-25 09:30,41.5600,0,1,1,0,1051,1051,0.000000,0.030488,overnight,overnight,1,1
2022-03-25 09:35,41.0400,2022-03-25 10:37,42.3000,2022-03-25 10:37,42.3000,2022-03-25 10:40,41.7800,0,3,3,0,3,3,0.000000,0.030702,intraday,intraday,0,0
2022-03-25 11:28,39.7500,2022-03-25 12:18,40.9600,2022-03-25 12:19,41.0600,2022-03-25 12:26,40.6100,1,7,8,1,7,8,0.002441,0.032956,intraday,intraday,0,0
2022-03-25 12:55,40.4400,2022-03-25 14:01,41.6800,2022-03-25 14:31,42.0100,2022-03-25 15:01,41.4500,30,30,60,30,30,60,0.007917,0.038823,intraday,intraday,0,0
2022-03-25 15:33,40.5900,2022-03-25 15:53,41.8100,2022-03-25 15:59,42.0100,2022-03-28 09:30,41.0000,6,1,7,6,3931,3937,0.004784,0.034984,weekend,weekend,1,1
2022-03-28 12:30,39.3200,2022-03-28 13:24,40.5900,2022-03-28 14:10,41.0900,2022-03-28 14:22,40.6200,46,12,58,46,12,58,0.012318,0.045015,intraday,intraday,0,0
2022-03-28 14:22,40.6200,2022-03-28 15:09,41.9200,2022-03-28 15:34,42.5300,2022-03-28 15:52,42.0800,25,18,43,25,18,43,0.014552,0.047021,intraday,intraday,0,0
2022-03-28 15:52,42.0800,2022-03-29 09:30,45.0900,2022-03-29 09:37,45.9300,2022-03-29 09:38,45.3800,7,1,8,7,1,8,0.018629,0.091492,intraday,intraday,0,0
2022-03-29 10:14,43.1100,2022-03-29 10:51,44.4800,2022-03-29 10:57,44.4900,2022-03-29 11:05,44.0300,6,8,14,6,8,14,0.000225,0.032011,intraday,intraday,0,0
2022-03-29 12:35,43.3700,2022-03-29 14:00,44.7000,2022-03-29 15:24,46.0000,2022-03-29 15:43,45.5200,84,19,103,84,19,103,0.029083,0.060641,intraday,intraday,0,0
2022-03-31 10:04,39.8100,2022-03-31 10:19,41.0300,2022-03-31 10:19,41.0300,2022-03-31 10:25,40.4300,0,6,6,0,6,6,0.000000,0.030646,intraday,intraday,0,0
2022-03-31 10:25,40.4300,2022-03-31 10:47,41.7000,2022-03-31 10:50,41.8400,2022-03-31 11:00,41.3500,3,10,13,3,10,13,0.003357,0.034875,intraday,intraday,0,0
2022-04-01 13:16,34.6200,2022-04-01 14:21,35.6600,2022-04-01 14:32,35.9500,2022-04-01 14:48,35.5300,11,16,27,11,16,27,0.008132,0.038417,intraday,intraday,0,0
2022-04-01 15:33,34.9900,2022-04-01 15:55,36.0700,2022-04-04 09:30,36.8000,2022-04-04 09:31,36.3200,5,1,6,3935,1,3936,0.020238,0.051729,weekend,intraday,0,1
2022-04-04 09:34,36.1700,2022-04-04 09:46,37.3200,2022-04-04 09:56,37.9200,2022-04-04 10:05,37.5000,10,9,19,10,9,19,0.016077,0.048383,intraday,intraday,0,0
2022-04-04 10:47,36.8800,2022-04-04 11:32,38.0300,2022-04-04 11:56,38.2200,2022-04-04 12:05,37.7900,24,9,33,24,9,33,0.004996,0.036334,intraday,intraday,0,0
2022-04-04 14:10,36.7300,2022-04-04 15:20,37.8800,2022-04-04 15:41,38.1000,2022-04-04 15:49,37.6500,21,8,29,21,8,29,0.005808,0.037299,intraday,intraday,0,0
2022-04-06 10:13,29.5900,2022-04-06 10:24,30.5000,2022-04-06 10:24,30.5000,2022-04-06 10:26,30.0700,0,2,2,0,2,2,0.000000,0.030754,intraday,intraday,0,0
2022-04-06 12:46,29.5600,2022-04-06 13:33,30.4900,2022-04-06 13:49,31.3100,2022-04-06 13:55,30.9400,16,6,22,16,6,22,0.026894,0.059202,intraday,intraday,0,0
2022-04-06 14:00,30.5400,2022-04-06 14:02,31.8200,2022-04-06 14:02,31.8200,2022-04-06 14:03,31.3700,0,1,1,0,1,1,0.000000,0.041912,intraday,intraday,0,0
2022-04-06 14:17,29.7000,2022-04-06 14:32,31.0100,2022-04-06 14:35,31.2900,2022-04-06 14:36,30.7700,3,1,4,3,1,4,0.009029,0.053535,intraday,intraday,0,0
2022-04-06 14:43,30.3200,2022-04-06 14:55,31.2600,2022-04-06 15:04,32.1000,2022-04-06 15:05,31.6600,9,1,10,9,1,10,0.026871,0.058707,intraday,intraday,0,0
2022-04-07 09:30,30.1800,2022-04-07 09:37,31.2200,2022-04-07 09:38,31.4200,2022-04-07 09:40,30.9100,1,2,3,1,2,3,0.006406,0.041087,intraday,intraday,0,0
2022-04-07 09:49,30.0400,2022-04-07 09:57,30.9800,2022-04-07 09:58,31.1800,2022-04-07 10:00,30.6700,1,2,3,1,2,3,0.006456,0.037949,intraday,intraday,0,0
2022-04-07 12:50,28.6600,2022-04-07 13:12,29.5900,2022-04-07 13:20,29.9800,2022-04-07 13:20,29.6500,8,0,8,8,0,8,0.013180,0.046057,intraday,intraday,0,0
2022-04-07 13:51,29.5300,2022-04-07 14:02,30.4400,2022-04-07 14:02,30.4400,2022-04-07 14:06,30.1100,0,4,4,0,4,4,0.000000,0.030816,intraday,intraday,0,0
2022-04-07 14:19,29.9000,2022-04-07 14:59,30.8700,2022-04-07 15:15,31.2900,2022-04-07 15:21,30.9200,16,6,22,16,6,22,0.013605,0.046488,intraday,intraday,0,0
2022-04-08 10:14,28.3000,2022-04-08 10:27,29.2000,2022-04-08 10:28,29.2500,2022-04-08 10:33,28.9100,1,5,6,1,5,6,0.001712,0.033569,intraday,intraday,0,0
2022-04-08 10:49,28.6600,2022-04-08 10:52,29.5500,2022-04-08 11:02,29.7800,2022-04-08 11:06,29.3300,10,4,14,10,4,14,0.007783,0.039079,intraday,intraday,0,0
2022-04-11 09:33,26.3400,2022-04-11 09:44,27.2100,2022-04-11 09:46,27.4600,2022-04-11 09:46,27.1300,2,0,2,2,0,2,0.009188,0.042521,intraday,intraday,0,0
2022-04-11 15:55,26.3500,2022-04-12 09:30,28.3900,2022-04-12 09:30,28.3900,2022-04-12 09:31,27.7500,0,1,1,0,1,1,0.000000,0.077419,intraday,intraday,0,0
2022-04-12 09:38,27.4600,2022-04-12 09:47,28.5400,2022-04-12 09:54,28.8400,2022-04-12 09:55,28.5200,7,1,8,7,1,8,0.010512,0.050255,intraday,intraday,0,0
2022-04-12 11:09,26.8100,2022-04-12 11:27,27.6300,2022-04-12 11:30,27.8500,2022-04-12 11:36,27.5400,3,6,9,3,6,9,0.007962,0.038791,intraday,intraday,0,0
2022-04-12 15:13,25.8600,2022-04-13 09:30,26.8900,2022-04-13 09:30,26.8900,2022-04-13 09:31,26.3100,0,1,1,0,1,1,0.000000,0.039830,intraday,intraday,0,0
2022-04-13 09:31,26.3100,2022-04-13 09:36,27.1100,2022-04-13 09:39,27.2800,2022-04-13 09:41,27.0000,3,2,5,3,2,5,0.006271,0.036868,intraday,intraday,0,0
2022-04-13 09:41,27.0000,2022-04-13 09:46,27.8900,2022-04-13 09:47,27.9000,2022-04-13 09:48,27.6000,1,1,2,1,1,2,0.000359,0.033333,intraday,intraday,0,0
2022-04-13 10:00,26.9700,2022-04-13 10:16,27.8000,2022-04-13 10:30,28.0900,2022-04-13 10:30,27.7500,14,0,14,14,0,14,0.010432,0.041528,intraday,intraday,0,0
2022-04-13 10:40,27.5700,2022-04-13 11:18,28.4000,2022-04-13 11:26,28.5400,2022-04-13 11:34,28.2300,8,8,16,8,8,16,0.004930,0.035183,intraday,intraday,0,0
2022-04-13 13:57,27.3300,2022-04-13 15:21,28.1500,2022-04-13 15:38,28.4100,2022-04-13 15:50,27.9900,17,12,29,17,12,29,0.009236,0.039517,intraday,intraday,0,0
2022-04-18 09:30,25.1600,2022-04-18 09:33,26.0500,2022-04-18 09:36,26.2500,2022-04-18 09:36,25.9800,3,0,3,3,0,3,0.007678,0.043323,intraday,intraday,0,0
2022-04-18 09:53,25.4700,2022-04-18 10:01,26.4000,2022-04-18 10:07,26.6600,2022-04-18 10:09,26.3500,6,2,8,6,2,8,0.009848,0.046722,intraday,intraday,0,0
2022-04-18 10:10,26.3100,2022-04-18 10:25,27.1300,2022-04-18 10:26,27.2700,2022-04-18 10:36,26.9300,1,10,11,1,10,11,0.005160,0.036488,intraday,intraday,0,0
2022-04-18 12:21,26.0300,2022-04-18 13:11,26.8500,2022-04-18 13:32,27.1800,2022-04-18 13:32,26.8900,21,0,21,21,0,21,0.012291,0.044180,intraday,intraday,0,0
2022-04-19 09:40,26.2200,2022-04-19 09:43,27.0300,2022-04-19 09:44,27.0600,2022-04-19 09:45,26.7400,1,1,2,1,1,2,0.001110,0.032037,intraday,intraday,0,0
2022-04-19 09:46,26.6600,2022-04-19 10:00,27.4600,2022-04-19 10:58,28.4700,2022-04-19 11:00,28.1700,58,2,60,58,2,60,0.036781,0.067892,intraday,intraday,0,0
2022-04-19 14:20,27.9400,2022-04-19 15:22,28.7800,2022-04-19 15:38,28.8700,2022-04-19 15:45,28.5700,16,7,23,16,7,23,0.003127,0.033286,intraday,intraday,0,0
2022-04-19 15:47,28.4900,2022-04-20 09:30,30.6200,2022-04-20 09:32,30.8300,2022-04-20 09:32,30.5000,2,0,2,2,0,2,0.006858,0.082134,intraday,intraday,0,0
2022-04-20 12:24,28.2500,2022-04-20 13:13,29.1900,2022-04-20 13:15,29.2600,2022-04-20 13:19,28.9200,2,4,6,2,4,6,0.002398,0.035752,intraday,intraday,0,0
2022-04-20 14:55,28.2300,2022-04-21 09:30,29.8200,2022-04-21 09:37,30.5700,2022-04-21 09:37,30.2300,7,0,7,7,0,7,0.025151,0.082891,intraday,intraday,0,0
2022-04-21 10:20,28.8800,2022-04-21 10:35,29.7800,2022-04-21 10:35,29.7800,2022-04-21 10:36,29.4400,0,1,1,0,1,1,0.000000,0.031163,intraday,intraday,0,0
2022-04-21 13:17,26.9000,2022-04-21 13:31,27.7300,2022-04-21 13:31,27.7300,2022-04-21 13:33,27.4400,0,2,2,0,2,2,0.000000,0.030855,intraday,intraday,0,0
2022-04-22 09:44,25.3700,2022-04-22 09:50,26.1500,2022-04-22 09:51,26.2100,2022-04-22 09:51,25.8500,1,0,1,1,0,1,0.002294,0.033110,intraday,intraday,0,0
2022-04-22 10:29,25.4200,2022-04-22 11:20,26.2800,2022-04-22 11:20,26.2800,2022-04-22 11:22,25.9900,0,2,2,0,2,2,0.000000,0.033832,intraday,intraday,0,0
2022-04-22 15:10,24.5300,2022-04-22 15:35,25.2700,2022-04-22 15:35,25.2700,2022-04-22 15:38,24.9800,0,3,3,0,3,3,0.000000,0.030167,intraday,intraday,0,0
2022-04-25 09:30,23.7100,2022-04-25 09:35,24.8700,2022-04-25 09:35,24.8700,2022-04-25 09:36,24.4900,0,1,1,0,1,1,0.000000,0.048925,intraday,intraday,0,0
2022-04-25 09:47,23.6700,2022-04-25 09:50,24.5300,2022-04-25 09:51,24.5900,2022-04-25 09:51,24.1300,1,0,1,1,0,1,0.002446,0.038868,intraday,intraday,0,0
2022-04-25 10:02,23.7600,2022-04-25 10:24,24.7200,2022-04-25 10:37,25.4800,2022-04-25 10:38,25.1600,13,1,14,13,1,14,0.030744,0.072391,intraday,intraday,0,0
2022-04-25 12:01,24.0400,2022-04-25 12:15,24.7800,2022-04-25 12:16,24.8400,2022-04-25 12:17,24.5700,1,1,2,1,1,2,0.002421,0.033278,intraday,intraday,0,0
2022-04-25 14:05,24.2600,2022-04-25 14:28,24.9900,2022-04-25 14:34,25.0900,2022-04-25 14:44,24.8200,6,10,16,6,10,16,0.004002,0.034213,intraday,intraday,0,0
2022-04-25 15:07,24.3600,2022-04-25 15:23,25.1300,2022-04-25 15:25,25.1500,2022-04-25 15:27,24.8300,2,2,4,2,2,4,0.000796,0.032430,intraday,intraday,0,0
2022-04-25 15:27,24.8300,2022-04-25 15:54,25.5900,2022-04-25 15:59,25.7600,2022-04-26 09:30,24.5200,5,1,6,5,1051,1056,0.006643,0.037455,overnight,overnight,1,1
2022-04-26 11:20,22.6100,2022-04-26 12:23,23.3000,2022-04-26 12:29,23.6200,2022-04-26 12:30,23.3800,6,1,7,6,1,7,0.013734,0.044670,intraday,intraday,0,0
2022-04-26 13:23,22.9000,2022-04-26 14:21,23.5900,2022-04-26 14:35,23.6300,2022-04-26 14:41,23.2500,14,6,20,14,6,20,0.001696,0.031878,intraday,intraday,0,0
2022-04-27 09:30,21.5000,2022-04-27 09:32,22.4200,2022-04-27 09:34,22.6400,2022-04-27 09:34,22.4100,2,0,2,2,0,2,0.009813,0.053023,intraday,intraday,0,0
2022-04-27 09:34,22.4100,2022-04-27 09:42,23.2200,2022-04-27 09:45,23.4900,2022-04-27 09:46,23.2000,3,1,4,3,1,4,0.011628,0.048193,intraday,intraday,0,0
2022-04-27 10:32,21.4800,2022-04-27 10:46,22.2900,2022-04-27 10:48,22.3800,2022-04-27 10:49,22.1400,2,1,3,2,1,3,0.004038,0.041899,intraday,intraday,0,0
2022-04-27 11:20,21.7600,2022-04-27 11:32,22.4300,2022-04-27 11:36,22.5700,2022-04-27 11:40,22.2500,4,4,8,4,4,8,0.006242,0.037224,intraday,intraday,0,0
2022-04-27 12:01,21.9100,2022-04-27 12:22,22.7300,2022-04-27 12:30,22.9000,2022-04-27 12:36,22.6400,8,6,14,8,6,14,0.007479,0.045185,intraday,intraday,0,0
2022-04-27 13:27,22.2200,2022-04-27 14:14,22.9200,2022-04-27 14:14,22.9200,2022-04-27 14:18,22.5900,0,4,4,0,4,4,0.000000,0.031503,intraday,intraday,0,0
2022-04-27 15:52,21.7600,2022-04-28 09:30,23.7500,2022-04-28 09:31,23.9300,2022-04-28 09:32,23.5800,1,1,2,1,1,2,0.007579,0.099724,intraday,intraday,0,0
2022-04-28 10:35,22.4000,2022-04-28 11:02,23.0900,2022-04-28 11:19,23.7700,2022-04-28 11:29,23.5000,17,10,27,17,10,27,0.029450,0.061161,intraday,intraday,0,0
2022-04-28 11:50,23.0700,2022-04-28 12:25,23.8300,2022-04-28 13:15,24.9900,2022-04-28 13:16,24.7400,50,1,51,50,1,51,0.048678,0.083225,intraday,intraday,0,0
2022-04-28 13:18,24.6700,2022-04-28 14:30,25.4400,2022-04-28 14:51,25.9400,2022-04-28 14:54,25.6200,21,3,24,21,3,24,0.019654,0.051480,intraday,intraday,0,0
2022-04-29 09:31,24.0800,2022-04-29 09:34,24.8800,2022-04-29 09:35,25.0300,2022-04-29 09:35,24.6800,1,0,1,1,0,1,0.006029,0.039452,intraday,intraday,0,0
2022-04-29 09:44,24.5500,2022-04-29 09:55,25.5400,2022-04-29 09:59,25.9500,2022-04-29 10:01,25.5500,4,2,6,4,2,6,0.016053,0.057026,intraday,intraday,0,0
2022-04-29 15:59,22.1000,2022-05-02 09:31,22.7900,2022-05-02 09:31,22.7900,2022-05-02 09:32,22.3000,0,1,1,0,1,1,0.000000,0.031222,intraday,intraday,0,0
2022-05-02 09:38,22.0500,2022-05-02 09:41,22.9000,2022-05-02 09:42,23.3000,2022-05-02 09:42,22.8900,1,0,1,1,0,1,0.017467,0.056689,intraday,intraday,0,0
2022-05-02 09:42,22.8900,2022-05-02 09:48,23.6100,2022-05-02 09:48,23.6100,2022-05-02 09:49,23.0900,0,1,1,0,1,1,0.000000,0.031455,intraday,intraday,0,0
2022-05-02 10:15,22.3500,2022-05-02 10:24,23.1100,2022-05-02 10:31,23.6900,2022-05-02 10:35,23.3500,7,4,11,7,4,11,0.025097,0.059955,intraday,intraday,0,0
2022-05-02 11:18,22.6200,2022-05-02 12:00,23.3100,2022-05-02 12:00,23.3100,2022-05-02 12:03,22.8600,0,3,3,0,3,3,0.000000,0.030504,intraday,intraday,0,0
2022-05-02 12:04,22.7800,2022-05-02 12:21,23.5000,2022-05-02 12:21,23.5000,2022-05-02 12:25,23.2600,0,4,4,0,4,4,0.000000,0.031607,intraday,intraday,0,0
2022-05-02 14:20,21.8100,2022-05-02 14:49,22.5100,2022-05-02 14:53,22.8200,2022-05-02 14:53,22.5800,4,0,4,4,0,4,0.013772,0.046309,intraday,intraday,0,0
2022-05-02 14:59,22.4200,2022-05-02 15:10,23.1400,2022-05-02 15:28,23.7100,2022-05-02 15:29,23.4400,18,1,19,18,1,19,0.024633,0.057538,intraday,intraday,0,0
2022-05-02 15:29,23.4400,2022-05-02 15:50,24.2000,2022-05-02 15:55,24.5500,2022-05-03 09:30,24.0000,5,5,10,5,1055,1060,0.014463,0.047355,overnight,overnight,1,1
2022-05-03 09:37,23.7500,2022-05-03 09:56,24.4900,2022-05-03 10:04,25.2300,2022-05-03 10:07,24.8700,8,3,11,8,3,11,0.030216,0.062316,intraday,intraday,0,0
2022-05-03 10:47,24.1700,2022-05-03 11:08,24.9800,2022-05-03 11:09,24.9900,2022-05-03 11:11,24.6600,1,2,3,1,2,3,0.000400,0.033926,intraday,intraday,0,0
2022-05-03 12:09,24.5100,2022-05-03 13:01,25.3100,2022-05-03 13:01,25.3100,2022-05-03 13:03,25.0200,0,2,2,0,2,2,0.000000,0.032640,intraday,intraday,0,0
2022-05-03 14:42,24.4300,2022-05-03 14:56,25.2400,2022-05-03 15:12,25.5300,2022-05-03 15:18,25.2600,16,6,22,16,6,22,0.011490,0.045027,intraday,intraday,0,0
2022-05-03 15:50,24.7100,2022-05-04 09:30,25.7900,2022-05-04 09:30,25.7900,2022-05-04 09:31,25.2900,0,1,1,0,1,1,0.000000,0.043707,intraday,intraday,0,0
2022-05-04 11:46,23.3000,2022-05-04 12:19,24.1800,2022-05-04 12:22,24.5700,2022-05-04 12:22,24.3200,3,0,3,3,0,3,0.016129,0.054506,intraday,intraday,0,0
2022-05-04 12:22,24.3200,2022-05-04 13:58,25.0600,2022-05-04 14:00,25.2000,2022-05-04 14:00,24.5000,2,0,2,2,0,2,0.005587,0.036184,intraday,intraday,0,0
2022-05-04 14:00,24.5000,2022-05-04 14:01,25.3900,2022-05-04 14:01,25.3900,2022-05-04 14:02,24.9400,0,1,1,0,1,1,0.000000,0.036327,intraday,intraday,0,0
2022-05-04 14:22,24.1100,2022-05-04 14:27,25.1100,2022-05-04 14:28,25.1400,2022-05-04 14:28,24.8800,1,0,1,1,0,1,0.001195,0.042721,intraday,intraday,0,0
2022-05-04 14:30,24.3100,2022-05-04 14:30,25.0900,2022-05-04 14:30,25.0900,2022-05-04 14:31,24.3200,0,1,1,0,1,1,0.000000,0.032086,intraday,intraday,0,0
2022-05-04 14:35,23.7200,2022-05-04 14:36,24.4500,2022-05-04 14:36,24.4500,2022-05-04 14:37,23.9900,0,1,1,0,1,1,0.000000,0.030776,intraday,intraday,0,0
2022-05-04 14:37,23.9900,2022-05-04 14:41,24.8200,2022-05-04 14:41,24.8200,2022-05-04 14:42,24.3200,0,1,1,0,1,1,0.000000,0.034598,intraday,intraday,0,0
2022-05-04 14:42,24.3200,2022-05-04 14:43,25.1000,2022-05-04 14:44,25.2700,2022-05-04 14:44,24.9700,1,0,1,1,0,1,0.006773,0.039062,intraday,intraday,0,0
2022-05-04 14:44,24.9700,2022-05-04 14:47,26.0000,2022-05-04 14:48,26.0700,2022-05-04 14:50,25.6600,1,2,3,1,2,3,0.002692,0.044053,intraday,intraday,0,0
2022-05-04 14:50,25.6600,2022-05-04 14:56,26.5000,2022-05-04 15:03,26.6700,2022-05-04 15:03,26.3300,7,0,7,7,0,7,0.006415,0.039361,intraday,intraday,0,0
2022-05-04 15:03,26.3300,2022-05-04 15:12,27.2600,2022-05-04 15:17,27.6500,2022-05-04 15:18,27.3300,5,1,6,5,1,6,0.014307,0.050133,intraday,intraday,0,0
2022-05-04 15:19,27.1800,2022-05-04 15:36,28.0000,2022-05-04 15:42,28.0200,2022-05-04 15:47,27.7000,6,5,11,6,5,11,0.000714,0.030905,intraday,intraday,0,0
2022-05-05 10:42,24.2500,2022-05-05 10:45,25.0400,2022-05-05 10:45,25.0400,2022-05-05 10:47,24.7400,0,2,2,0,2,2,0.000000,0.032577,intraday,intraday,0,0
2022-05-05 11:25,24.0100,2022-05-05 11:39,24.7700,2022-05-05 11:39,24.7700,2022-05-05 11:41,24.5000,0,2,2,0,2,2,0.000000,0.031653,intraday,intraday,0,0
2022-05-05 12:02,23.5300,2022-05-05 12:13,24.3000,2022-05-05 12:13,24.3000,2022-05-05 12:15,23.9600,0,2,2,0,2,2,0.000000,0.032724,intraday,intraday,0,0
2022-05-05 12:48,23.7500,2022-05-05 13:00,24.5300,2022-05-05 13:06,24.8900,2022-05-05 13:06,24.6300,6,0,6,6,0,6,0.014676,0.048000,intraday,intraday,0,0
2022-05-05 15:31,22.7500,2022-05-05 15:40,23.5100,2022-05-05 15:40,23.5100,2022-05-05 15:41,23.2000,0,1,1,0,1,1,0.000000,0.033407,intraday,intraday,0,0
2022-05-05 15:49,22.9800,2022-05-05 15:50,23.8100,2022-05-05 15:51,23.9200,2022-05-05 15:51,23.6000,1,0,1,1,0,1,0.004620,0.040905,intraday,intraday,0,0
2022-05-06 09:52,21.9400,2022-05-06 10:00,22.6100,2022-05-06 10:01,22.8200,2022-05-06 10:01,22.5000,1,0,1,1,0,1,0.009288,0.040109,intraday,intraday,0,0
2022-05-06 10:02,22.4200,2022-05-06 10:05,23.1500,2022-05-06 10:07,23.6000,2022-05-06 10:07,23.2800,2,0,2,2,0,2,0.019438,0.052632,intraday,intraday,0,0
2022-05-06 10:11,23.0400,2022-05-06 10:14,23.7800,2022-05-06 10:14,23.7800,2022-05-06 10:15,23.5100,0,1,1,0,1,1,0.000000,0.032118,intraday,intraday,0,0
2022-05-06 10:15,23.5100,2022-05-06 10:18,24.3000,2022-05-06 10:19,24.3600,2022-05-06 10:19,23.9700,1,0,1,1,0,1,0.002469,0.036155,intraday,intraday,0,0
2022-05-06 10:38,22.9400,2022-05-06 10:45,23.8900,2022-05-06 10:46,24.2200,2022-05-06 10:46,23.8200,1,0,1,1,0,1,0.013813,0.055798,intraday,intraday,0,0
2022-05-06 11:10,23.7400,2022-05-06 11:17,24.4800,2022-05-06 11:22,24.8500,2022-05-06 11:22,24.5900,5,0,5,5,0,5,0.015114,0.046757,intraday,intraday,0,0
2022-05-06 11:59,23.2800,2022-05-06 12:06,24.1000,2022-05-06 12:07,24.2500,2022-05-06 12:09,23.8000,1,2,3,1,2,3,0.006224,0.041667,intraday,intraday,0,0
2022-05-06 12:19,23.2600,2022-05-06 12:23,23.9700,2022-05-06 12:23,23.9700,2022-05-06 12:24,23.7200,0,1,1,0,1,1,0.000000,0.030525,intraday,intraday,0,0
2022-05-06 12:37,23.6300,2022-05-06 12:55,24.3800,2022-05-06 13:04,24.7500,2022-05-06 13:05,24.4200,9,1,10,9,1,10,0.015176,0.047397,intraday,intraday,0,0
2022-05-06 15:26,22.5200,2022-05-06 15:38,23.3200,2022-05-06 15:39,23.3900,2022-05-06 15:43,23.0800,1,4,5,1,4,5,0.003002,0.038632,intraday,intraday,0,0
2022-05-09 09:33,21.5500,2022-05-09 09:38,22.3600,2022-05-09 09:39,22.5400,2022-05-09 09:39,22.0700,1,0,1,1,0,1,0.008050,0.045940,intraday,intraday,0,0
2022-05-09 09:40,21.8000,2022-05-09 09:41,22.4700,2022-05-09 09:41,22.4700,2022-05-09 09:42,22.1500,0,1,1,0,1,1,0.000000,0.030734,intraday,intraday,0,0
2022-05-09 09:46,21.8700,2022-05-09 09:53,22.6000,2022-05-09 09:53,22.6000,2022-05-09 09:54,22.3700,0,1,1,0,1,1,0.000000,0.033379,intraday,intraday,0,0
2022-05-09 11:32,20.0100,2022-05-09 12:07,20.6800,2022-05-09 12:10,20.7500,2022-05-09 12:10,20.5100,3,0,3,3,0,3,0.003385,0.036982,intraday,intraday,0,0
2022-05-09 14:50,19.6200,2022-05-09 14:57,20.2200,2022-05-09 15:00,20.2500,2022-05-09 15:00,20.0300,3,0,3,3,0,3,0.001484,0.032110,intraday,intraday,0,0
2022-05-09 15:52,19.3200,2022-05-10 09:30,21.6200,2022-05-10 09:31,21.6900,2022-05-10 09:32,21.2600,1,1,2,1,1,2,0.003238,0.122671,intraday,intraday,0,0
2022-05-10 09:49,20.3800,2022-05-10 09:55,21.1300,2022-05-10 09:56,21.1700,2022-05-10 09:56,20.8900,1,0,1,1,0,1,0.001893,0.038763,intraday,intraday,0,0
2022-05-10 09:56,20.8900,2022-05-10 10:01,21.5500,2022-05-10 10:02,21.6400,2022-05-10 10:02,21.3700,1,0,1,1,0,1,0.004176,0.035902,intraday,intraday,0,0
2022-05-10 11:29,19.7200,2022-05-10 11:39,20.4900,2022-05-10 11:40,20.5000,2022-05-10 11:41,20.2500,1,1,2,1,1,2,0.000488,0.039554,intraday,intraday,0,0
2022-05-10 11:51,19.8500,2022-05-10 12:03,20.4700,2022-05-10 12:04,20.5700,2022-05-10 12:04,20.3300,1,0,1,1,0,1,0.004885,0.036272,intraday,intraday,0,0
2022-05-10 12:33,19.9500,2022-05-10 13:07,20.5700,2022-05-10 13:07,20.5700,2022-05-10 13:11,20.3100,0,4,4,0,4,4,0.000000,0.031078,intraday,intraday,0,0
2022-05-10 13:24,20.2700,2022-05-10 13:30,20.9900,2022-05-10 13:50,21.7800,2022-05-10 13:51,21.5500,20,1,21,20,1,21,0.037637,0.074494,intraday,intraday,0,0
2022-05-10 14:27,21.2300,2022-05-10 14:42,21.9000,2022-05-10 14:44,22.0000,2022-05-10 14:46,21.7400,2,2,4,2,2,4,0.004566,0.036269,intraday,intraday,0,0
2022-05-11 09:37,19.8500,2022-05-11 09:41,20.5600,2022-05-11 09:42,20.6800,2022-05-11 09:42,20.3900,1,0,1,1,0,1,0.005837,0.041814,intraday,intraday,0,0
2022-05-11 09:42,20.3900,2022-05-11 09:44,21.1100,2022-05-11 09:45,21.2000,2022-05-11 09:46,20.8400,1,1,2,1,1,2,0.004263,0.039725,intraday,intraday,0,0
2022-05-11 09:46,20.8400,2022-05-11 09:48,21.5700,2022-05-11 09:49,21.8200,2022-05-11 09:49,21.5200,1,0,1,1,0,1,0.011590,0.047025,intraday,intraday,0,0
2022-05-11 09:56,21.0200,2022-05-11 10:04,21.7000,2022-05-11 10:04,21.7000,2022-05-11 10:05,21.2500,0,1,1,0,1,1,0.000000,0.032350,intraday,intraday,0,0
2022-05-11 10:13,20.8000,2022-05-11 10:18,21.4700,2022-05-11 10:20,21.5100,2022-05-11 10:20,21.2500,2,0,2,2,0,2,0.001863,0.034135,intraday,intraday,0,0
2022-05-11 10:35,21.2100,2022-05-11 10:38,21.8600,2022-05-11 10:38,21.8600,2022-05-11 10:40,21.6400,0,2,2,0,2,2,0.000000,0.030646,intraday,intraday,0,0
2022-05-11 11:20,20.3300,2022-05-11 11:28,20.9400,2022-05-11 11:36,21.2400,2022-05-11 11:36,20.9900,8,0,8,8,0,8,0.014327,0.044761,intraday,intraday,0,0
2022-05-11 13:58,19.6200,2022-05-11 14:25,20.2500,2022-05-11 14:26,20.2600,2022-05-11 14:27,19.9200,1,1,2,1,1,2,0.000494,0.032620,intraday,intraday,0,0
2022-05-12 09:40,18.0000,2022-05-12 09:43,18.6700,2022-05-12 09:44,18.6800,2022-05-12 09:44,18.4000,1,0,1,1,0,1,0.000536,0.037778,intraday,intraday,0,0
2022-05-12 09:44,18.4000,2022-05-12 09:48,18.9700,2022-05-12 09:48,18.9700,2022-05-12 09:49,18.5500,0,1,1,0,1,1,0.000000,0.030978,intraday,intraday,0,0
2022-05-12 10:00,18.2000,2022-05-12 10:05,18.7800,2022-05-12 10:07,18.9100,2022-05-12 10:07,18.6900,2,0,2,2,0,2,0.006922,0.039011,intraday,intraday,0,0
2022-05-12 10:07,18.6900,2022-05-12 10:21,19.3800,2022-05-12 10:24,19.6300,2022-05-12 10:25,19.4100,3,1,4,3,1,4,0.012900,0.050294,intraday,intraday,0,0
2022-05-12 10:37,18.8300,2022-05-12 10:51,19.4400,2022-05-12 10:57,19.7200,2022-05-12 10:58,19.5000,6,1,7,6,1,7,0.014403,0.047265,intraday,intraday,0,0
2022-05-12 12:18,18.3700,2022-05-12 12:25,18.9900,2022-05-12 12:31,19.2700,2022-05-12 12:31,19.0700,6,0,6,6,0,6,0.014745,0.048993,intraday,intraday,0,0
2022-05-12 12:40,19.0100,2022-05-12 12:46,19.6000,2022-05-12 12:47,19.6200,2022-05-12 12:48,19.4100,1,1,2,1,1,2,0.001020,0.032088,intraday,intraday,0,0
2022-05-12 14:44,17.9600,2022-05-12 15:18,18.5200,2022-05-12 15:20,18.6500,2022-05-12 15:20,18.4600,2,0,2,2,0,2,0.007019,0.038419,intraday,intraday,0,0
2022-05-12 15:20,18.4600,2022-05-12 15:50,19.0500,2022-05-12 15:52,19.1700,2022-05-12 15:53,18.9300,2,1,3,2,1,3,0.006299,0.038462,intraday,intraday,0,0
2022-05-12 15:54,18.8800,2022-05-12 15:59,19.4700,2022-05-13 09:30,20.6900,2022-05-13 09:30,20.4600,1,0,1,1051,0,1051,0.062661,0.095869,overnight,intraday,1,1
2022-05-13 09:35,20.1800,2022-05-13 09:40,20.8400,2022-05-13 09:41,20.9000,2022-05-13 09:41,20.6800,1,0,1,1,0,1,0.002879,0.035679,intraday,intraday,0,0
2022-05-13 09:41,20.6800,2022-05-13 09:52,21.3400,2022-05-13 09:55,21.5600,2022-05-13 09:58,21.2800,3,3,6,3,3,6,0.010309,0.042553,intraday,intraday,0,0
2022-05-13 09:59,21.2400,2022-05-13 10:27,21.9200,2022-05-13 10:39,22.1300,2022-05-13 10:43,21.8900,12,4,16,12,4,16,0.009580,0.041902,intraday,intraday,0,0
2022-05-13 10:45,21.6700,2022-05-13 11:58,22.3300,2022-05-13 12:32,22.7200,2022-05-13 12:50,22.3100,34,18,52,34,18,52,0.017465,0.048454,intraday,intraday,0,0
2022-05-13 14:05,21.6400,2022-05-13 14:52,22.3900,2022-05-13 15:31,22.9100,2022-05-13 15:33,22.6100,39,2,41,39,2,41,0.023225,0.058688,intraday,intraday,0,0
2022-05-16 09:36,21.2000,2022-05-16 09:40,21.8900,2022-05-16 09:40,21.8900,2022-05-16 09:41,21.5300,0,1,1,0,1,1,0.000000,0.032547,intraday,intraday,0,0
2022-05-16 09:46,21.2000,2022-05-16 10:05,21.8400,2022-05-16 10:16,22.4100,2022-05-16 10:18,22.1500,11,2,13,11,2,13,0.026099,0.057075,intraday,intraday,0,0
2022-05-16 11:36,21.2300,2022-05-16 11:48,21.8900,2022-05-16 12:04,22.2500,2022-05-16 12:05,22.0200,16,1,17,16,1,17,0.016446,0.048045,intraday,intraday,0,0
2022-05-16 13:00,21.3900,2022-05-16 13:24,22.0400,2022-05-16 13:41,22.2800,2022-05-16 13:42,21.9700,17,1,18,17,1,18,0.010889,0.041608,intraday,intraday,0,0
2022-05-16 15:57,21.2100,2022-05-17 09:30,23.3600,2022-05-17 09:32,23.5600,2022-05-17 09:32,23.2900,2,0,2,2,0,2,0.008562,0.110797,intraday,intraday,0,0
2022-05-17 09:32,23.2900,2022-05-17 09:42,23.9900,2022-05-17 09:44,24.0900,2022-05-17 09:45,23.7800,2,1,3,2,1,3,0.004168,0.034350,intraday,intraday,0,0
2022-05-17 10:46,22.8400,2022-05-17 11:18,23.6300,2022-05-17 11:41,24.1500,2022-05-17 12:06,23.7700,23,25,48,23,25,48,0.022006,0.057356,intraday,intraday,0,0
2022-05-17 14:22,23.3200,2022-05-17 14:40,24.1300,2022-05-17 14:49,24.4600,2022-05-17 14:56,24.2100,9,7,16,9,7,16,0.013676,0.048885,intraday,intraday,0,0
2022-05-18 09:30,23.1300,2022-05-18 09:47,23.8300,2022-05-18 09:51,23.9100,2022-05-18 09:51,23.6300,4,0,4,4,0,4,0.003357,0.033722,intraday,intraday,0,0
2022-05-18 09:51,23.6300,2022-05-18 10:22,24.3500,2022-05-18 10:22,24.3500,2022-05-18 10:24,24.0200,0,2,2,0,2,2,0.000000,0.030470,intraday,intraday,0,0
2022-05-19 09:30,20.5200,2022-05-19 09:36,21.2900,2022-05-19 09:37,21.4800,2022-05-19 09:37,21.2400,1,0,1,1,0,1,0.008924,0.046784,intraday,intraday,0,0
2022-05-19 09:51,19.9000,2022-05-19 09:55,20.5700,2022-05-19 09:57,20.8700,2022-05-19 09:58,20.5000,2,1,3,2,1,3,0.014584,0.048744,intraday,intraday,0,0
2022-05-19 09:59,20.4100,2022-05-19 10:03,21.1000,2022-05-19 10:05,21.1400,2022-05-19 10:05,20.8700,2,0,2,2,0,2,0.001896,0.035767,intraday,intraday,0,0
2022-05-19 10:30,20.5800,2022-05-19 10:33,21.2000,2022-05-19 10:35,21.3000,2022-05-19 10:37,21.0700,2,2,4,2,2,4,0.004717,0.034985,intraday,intraday,0,0
2022-05-19 10:41,20.7500,2022-05-19 11:10,21.4500,2022-05-19 11:12,21.5500,2022-05-19 11:14,21.3000,2,2,4,2,2,4,0.004662,0.038554,intraday,intraday,0,0
2022-05-19 11:27,21.1100,2022-05-19 11:38,21.7500,2022-05-19 11:43,22.0400,2022-05-19 11:53,21.7200,5,10,15,5,10,15,0.013333,0.044055,intraday,intraday,0,0
2022-05-19 13:17,20.5600,2022-05-19 13:33,21.1900,2022-05-19 13:33,21.1900,2022-05-19 13:35,20.9200,0,2,2,0,2,2,0.000000,0.030642,intraday,intraday,0,0
2022-05-19 13:49,20.6700,2022-05-19 13:55,21.3200,2022-05-19 13:57,21.5400,2022-05-19 14:00,21.3000,2,3,5,2,3,5,0.010319,0.042090,intraday,intraday,0,0
2022-05-19 14:06,21.0100,2022-05-19 14:50,21.7200,2022-05-19 14:50,21.7200,2022-05-19 14:51,21.4900,0,1,1,0,1,1,0.000000,0.033793,intraday,intraday,0,0
2022-05-19 15:56,20.4400,2022-05-20 09:30,21.6500,2022-05-20 09:30,21.6500,2022-05-20 09:31,21.2100,0,1,1,0,1,1,0.000000,0.059198,intraday,intraday,0,0
2022-05-20 13:30,17.6600,2022-05-20 13:34,18.2900,2022-05-20 13:38,18.4200,2022-05-20 13:39,18.2300,4,1,5,4,1,5,0.007108,0.043035,intraday,intraday,0,0
2022-05-20 14:32,17.9100,2022-05-20 14:52,18.4500,2022-05-20 14:54,18.6500,2022-05-20 14:55,18.4100,2,1,3,2,1,3,0.010840,0.041318,intraday,intraday,0,0
2022-05-20 15:08,18.1700,2022-05-20 15:22,18.7400,2022-05-20 15:35,19.5300,2022-05-20 15:35,19.3300,13,0,13,13,0,13,0.042156,0.074849,intraday,intraday,0,0
2022-05-20 15:35,19.3300,2022-05-20 15:42,19.9500,2022-05-20 15:42,19.9500,2022-05-20 15:44,19.7000,0,2,2,0,2,2,0.000000,0.032074,intraday,intraday,0,0
2022-05-20 15:46,19.4100,2022-05-20 15:51,20.0200,2022-05-20 15:51,20.0200,2022-05-20 15:52,19.7700,0,1,1,0,1,1,0.000000,0.031427,intraday,intraday,0,0
2022-05-20 15:53,19.7400,2022-05-20 15:57,20.3400,2022-05-20 15:59,20.3800,2022-05-23 09:30,19.7400,2,1,3,2,3931,3933,0.001967,0.032421,weekend,weekend,1,1
2022-05-23 09:30,19.7400,2022-05-23 09:36,20.3700,2022-05-23 09:36,20.3700,2022-05-23 09:37,19.9300,0,1,1,0,1,1,0.000000,0.031915,intraday,intraday,0,0
2022-05-23 09:40,19.7000,2022-05-23 09:41,20.4500,2022-05-23 09:45,20.6300,2022-05-23 09:45,20.3600,4,0,4,4,0,4,0.008802,0.047208,intraday,intraday,0,0
2022-05-23 10:03,19.4700,2022-05-23 10:17,20.0600,2022-05-23 10:18,20.0700,2022-05-23 10:20,19.7700,1,2,3,1,2,3,0.000499,0.030817,intraday,intraday,0,0
2022-05-23 10:27,19.4500,2022-05-23 10:32,20.1400,2022-05-23 10:33,20.2000,2022-05-23 10:37,19.9100,1,4,5,1,4,5,0.002979,0.038560,intraday,intraday,0,0
2022-05-23 10:53,19.4600,2022-05-23 11:03,20.1300,2022-05-23 11:06,20.2500,2022-05-23 11:06,20.0400,3,0,3,3,0,3,0.005961,0.040596,intraday,intraday,0,0
2022-05-23 11:09,19.9100,2022-05-23 11:31,20.6000,2022-05-23 11:40,20.7700,2022-05-23 11:44,20.5400,9,4,13,9,4,13,0.008252,0.043194,intraday,intraday,0,0
2022-05-23 13:22,19.8100,2022-05-23 13:49,20.4100,2022-05-23 13:49,20.4100,2022-05-23 14:02,20.1900,0,13,13,0,13,13,0.000000,0.030288,intraday,intraday,0,0
2022-05-23 15:47,19.9900,2022-05-23 15:58,20.6000,2022-05-23 15:59,20.6400,2022-05-24 09:30,19.5300,1,1,2,1,1051,1052,0.001942,0.032516,overnight,overnight,1,1
2022-05-24 10:17,18.4400,2022-05-24 10:27,19.0200,2022-05-24 10:32,19.3000,2022-05-24 10:33,19.0400,5,1,6,5,1,6,0.014721,0.046638,intraday,intraday,0,0
2022-05-24 11:20,18.5400,2022-05-24 11:48,19.1900,2022-05-24 11:48,19.1900,2022-05-24 12:01,18.9400,0,13,13,0,13,13,0.000000,0.035059,intraday,intraday,0,0
2022-05-24 12:01,18.9400,2022-05-24 12:15,19.7000,2022-05-24 12:16,19.7400,2022-05-24 12:17,19.5000,1,1,2,1,1,2,0.002030,0.042239,intraday,intraday,0,0
2022-05-24 13:05,18.7300,2022-05-24 13:41,19.3700,2022-05-24 13:41,19.3700,2022-05-24 13:43,19.1700,0,2,2,0,2,2,0.000000,0.034170,intraday,intraday,0,0
2022-05-24 14:55,18.6500,2022-05-24 15:36,19.2800,2022-05-24 15:39,19.5300,2022-05-24 15:40,19.3200,3,1,4,3,1,4,0.012967,0.047185,intraday,intraday,0,0
2022-05-25 09:30,18.7200,2022-05-25 09:33,19.4600,2022-05-25 09:33,19.4600,2022-05-25 09:34,19.2600,0,1,1,0,1,1,0.000000,0.039530,intraday,intraday,0,0
2022-05-25 09:43,19.1500,2022-05-25 09:45,19.8400,2022-05-25 09:45,19.8400,2022-05-25 09:46,19.4700,0,1,1,0,1,1,0.000000,0.036031,intraday,intraday,0,0
2022-05-25 09:49,19.0400,2022-05-25 10:24,19.6200,2022-05-25 10:30,19.8100,2022-05-25 10:33,19.5900,6,3,9,6,3,9,0.009684,0.040441,intraday,intraday,0,0
2022-05-25 12:36,19.1200,2022-05-25 14:00,19.7300,2022-05-25 14:00,19.7300,2022-05-25 14:01,19.4500,0,1,1,0,1,1,0.000000,0.031904,intraday,intraday,0,0
2022-05-25 14:07,19.1500,2022-05-25 14:10,19.7500,2022-05-25 14:10,19.7500,2022-05-25 14:11,19.5500,0,1,1,0,1,1,0.000000,0.031332,intraday,intraday,0,0
2022-05-25 14:12,19.4300,2022-05-25 14:27,20.0900,2022-05-25 14:35,20.3000,2022-05-25 14:39,20.0700,8,4,12,8,4,12,0.010453,0.044776,intraday,intraday,0,0
2022-05-25 14:49,20.0400,2022-05-25 15:08,20.6500,2022-05-25 15:13,20.7200,2022-05-25 15:18,20.5000,5,5,10,5,5,10,0.003390,0.033932,intraday,intraday,0,0
2022-05-26 09:30,19.4800,2022-05-26 09:32,20.1800,2022-05-26 09:33,20.2600,2022-05-26 09:33,20.0000,1,0,1,1,0,1,0.003964,0.040041,intraday,intraday,0,0
2022-05-26 09:33,20.0000,2022-05-26 09:35,20.6300,2022-05-26 09:35,20.6300,2022-05-26 09:37,20.4000,0,2,2,0,2,2,0.000000,0.031500,intraday,intraday,0,0
2022-05-26 09:37,20.4000,2022-05-26 09:48,21.0400,2022-05-26 10:01,21.4500,2022-05-26 10:04,21.1700,13,3,16,13,3,16,0.019487,0.051471,intraday,intraday,0,0
2022-05-26 10:04,21.1700,2022-05-26 10:13,21.8600,2022-05-26 10:22,21.9400,2022-05-26 10:30,21.6800,9,8,17,9,8,17,0.003660,0.036372,intraday,intraday,0,0
2022-05-26 10:45,21.3600,2022-05-26 11:02,22.0800,2022-05-26 11:21,22.2700,2022-05-26 11:27,22.0400,19,6,25,19,6,25,0.008605,0.042603,intraday,intraday,0,0
2022-05-26 11:35,21.8400,2022-05-26 12:19,22.5000,2022-05-26 13:10,22.8300,2022-05-26 13:12,22.6000,51,2,53,51,2,53,0.014667,0.045330,intraday,intraday,0,0
2022-05-26 15:22,22.3100,2022-05-27 09:30,23.9500,2022-05-27 09:31,24.2600,2022-05-27 09:31,23.9400,1,0,1,1,0,1,0.012944,0.087405,intraday,intraday,0,0
2022-05-27 09:35,23.8400,2022-05-27 10:32,24.5800,2022-05-27 10:38,24.6100,2022-05-27 10:45,24.3600,6,7,13,6,7,13,0.001221,0.032299,intraday,intraday,0,0
2022-05-27 11:03,24.1200,2022-05-27 12:03,24.8500,2022-05-27 12:03,24.8500,2022-05-27 12:19,24.5800,0,16,16,0,16,16,0.000000,0.030265,intraday,intraday,0,0
2022-05-27 13:35,24.5700,2022-05-27 15:12,25.3100,2022-05-27 15:26,25.4400,2022-05-27 15:35,25.1700,14,9,23,14,9,23,0.005136,0.035409,intraday,intraday,0,0
2022-05-31 10:11,23.7500,2022-05-31 10:21,24.5500,2022-05-31 10:32,24.9500,2022-05-31 10:34,24.6200,11,2,13,11,2,13,0.016293,0.050526,intraday,intraday,0,0
2022-05-31 11:31,24.3000,2022-05-31 11:50,25.1000,2022-05-31 12:03,25.6000,2022-05-31 12:09,25.3400,13,6,19,13,6,19,0.019920,0.053498,intraday,intraday,0,0
2022-05-31 14:56,24.3500,2022-05-31 15:16,25.1000,2022-05-31 15:34,25.3800,2022-05-31 15:42,25.1000,18,8,26,18,8,26,0.011155,0.042300,intraday,intraday,0,0
2022-05-31 15:59,24.8100,2022-06-01 09:31,25.6200,2022-06-01 09:32,25.6700,2022-06-01 09:32,25.4000,1,0,1,1,0,1,0.001952,0.034663,intraday,intraday,0,0
2022-06-01 12:13,22.7100,2022-06-01 13:09,23.4100,2022-06-01 13:21,23.5900,2022-06-01 13:24,23.3400,12,3,15,12,3,15,0.007689,0.038749,intraday,intraday,0,0
2022-06-01 13:31,23.2800,2022-06-01 14:23,23.9900,2022-06-01 14:45,24.3800,2022-06-01 14:51,24.0900,22,6,28,22,6,28,0.016257,0.047251,intraday,intraday,0,0
2022-06-02 09:31,23.3000,2022-06-02 09:33,24.0400,2022-06-02 09:33,24.0400,2022-06-02 09:35,23.6400,0,2,2,0,2,2,0.000000,0.031760,intraday,intraday,0,0
2022-06-02 09:36,23.6300,2022-06-02 09:45,24.4000,2022-06-02 09:49,24.6200,2022-06-02 09:49,24.3100,4,0,4,4,0,4,0.009016,0.041896,intraday,intraday,0,0
2022-06-02 09:57,23.8800,2022-06-02 10:01,24.6500,2022-06-02 10:01,24.6500,2022-06-02 10:04,24.4000,0,3,3,0,3,3,0.000000,0.032245,intraday,intraday,0,0
2022-06-02 10:27,24.0300,2022-06-02 11:01,24.7800,2022-06-02 11:16,25.2600,2022-06-02 11:31,24.9500,15,15,30,15,15,30,0.019370,0.051186,intraday,intraday,0,0
2022-06-02 11:36,24.9300,2022-06-02 13:25,25.6800,2022-06-02 14:41,26.0700,2022-06-02 14:57,25.7500,76,16,92,76,16,92,0.015187,0.045728,intraday,intraday,0,0
2022-06-03 09:45,24.0000,2022-06-03 09:56,24.7800,2022-06-03 09:57,24.8200,2022-06-03 09:58,24.5000,1,1,2,1,1,2,0.001614,0.034167,intraday,intraday,0,0
2022-06-03 11:14,23.5000,2022-06-03 12:24,24.2400,2022-06-03 12:24,24.2400,2022-06-03 12:27,23.9900,0,3,3,0,3,3,0.000000,0.031489,intraday,intraday,0,0
2022-06-03 15:15,23.7300,2022-06-06 09:30,25.5600,2022-06-06 09:31,25.5800,2022-06-06 09:32,25.2400,1,1,2,1,1,2,0.000782,0.077960,intraday,intraday,0,0
2022-06-06 09:50,24.5100,2022-06-06 10:01,25.2800,2022-06-06 10:06,25.4800,2022-06-06 10:11,25.2000,5,5,10,5,5,10,0.007911,0.039576,intraday,intraday,0,0
2022-06-06 12:30,23.4800,2022-06-06 13:42,24.2000,2022-06-06 14:02,24.5100,2022-06-06 14:15,24.2500,20,13,33,20,13,33,0.012810,0.043867,intraday,intraday,0,0
2022-06-07 09:32,22.5400,2022-06-07 09:37,23.2800,2022-06-07 09:37,23.2800,2022-06-07 09:39,22.9700,0,2,2,0,2,2,0.000000,0.032831,intraday,intraday,0,0
2022-06-07 09:39,22.9700,2022-06-07 10:28,23.7600,2022-06-07 10:46,24.4400,2022-06-07 10:57,24.1800,18,11,29,18,11,29,0.028620,0.063997,intraday,intraday,0,0
2022-06-07 11:49,23.3700,2022-06-07 13:04,24.1500,2022-06-07 14:15,24.5400,2022-06-07 14:43,24.2000,71,28,99,71,28,99,0.016149,0.050064,intraday,intraday,0,0
2022-06-08 09:32,23.4500,2022-06-08 09:48,24.2200,2022-06-08 09:49,24.4600,2022-06-08 09:49,24.2100,1,0,1,1,0,1,0.009909,0.043070,intraday,intraday,0,0
2022-06-09 09:30,22.2500,2022-06-09 09:34,22.9800,2022-06-09 09:34,22.9800,2022-06-09 09:36,22.6300,0,2,2,0,2,2,0.000000,0.032809,intraday,intraday,0,0
2022-06-09 09:42,22.4300,2022-06-09 09:47,23.1600,2022-06-09 09:52,23.2700,2022-06-09 09:53,23.0300,5,1,6,5,1,6,0.004750,0.037450,intraday,intraday,0,0
2022-06-09 10:11,22.5800,2022-06-09 10:26,23.3600,2022-06-09 10:32,23.5500,2022-06-09 10:33,23.2700,6,1,7,6,1,7,0.008134,0.042958,intraday,intraday,0,0
2022-06-10 09:34,19.7600,2022-06-10 09:45,20.5100,2022-06-10 09:45,20.5100,2022-06-10 09:46,20.2000,0,1,1,0,1,1,0.000000,0.037955,intraday,intraday,0,0
2022-06-10 11:26,18.6600,2022-06-10 12:06,19.2300,2022-06-10 12:07,19.2700,2022-06-10 12:10,19.0700,1,3,4,1,3,4,0.002080,0.032690,intraday,intraday,0,0
2022-06-10 12:19,18.8800,2022-06-10 13:46,19.5100,2022-06-10 13:51,19.6500,2022-06-10 13:53,19.3700,5,2,7,5,2,7,0.007176,0.040784,intraday,intraday,0,0
2022-06-13 09:30,16.8500,2022-06-13 09:33,17.4100,2022-06-13 09:33,17.4100,2022-06-13 09:35,17.0500,0,2,2,0,2,2,0.000000,0.033234,intraday,intraday,0,0
2022-06-13 11:10,15.5200,2022-06-13 11:39,16.0200,2022-06-13 11:40,16.1000,2022-06-13 11:41,15.9000,1,1,2,1,1,2,0.004994,0.037371,intraday,intraday,0,0
2022-06-13 12:04,15.7300,2022-06-13 12:31,16.2800,2022-06-13 12:39,16.7100,2022-06-13 12:41,16.5300,8,2,10,8,2,10,0.026413,0.062301,intraday,intraday,0,0
2022-06-13 13:33,15.9500,2022-06-13 13:48,16.4300,2022-06-13 13:50,16.4600,2022-06-13 13:54,16.2900,2,4,6,2,4,6,0.001826,0.031975,intraday,intraday,0,0
2022-06-13 15:16,15.6700,2022-06-13 15:17,16.1600,2022-06-13 15:17,16.1600,2022-06-13 15:18,15.7600,0,1,1,0,1,1,0.000000,0.031270,intraday,intraday,0,0
2022-06-13 15:51,15.3400,2022-06-14 09:30,16.1800,2022-06-14 09:30,16.1800,2022-06-14 09:31,15.9400,0,1,1,0,1,1,0.000000,0.054759,intraday,intraday,0,0
2022-06-14 09:45,15.4600,2022-06-14 09:55,15.9600,2022-06-14 09:55,15.9600,2022-06-14 09:57,15.7900,0,2,2,0,2,2,0.000000,0.032342,intraday,intraday,0,0
2022-06-14 10:30,15.5100,2022-06-14 10:49,15.9800,2022-06-14 10:52,16.0500,2022-06-14 10:55,15.8600,3,3,6,3,3,6,0.004380,0.034816,intraday,intraday,0,0
2022-06-14 11:21,15.5300,2022-06-14 13:17,16.0000,2022-06-14 13:23,16.1700,2022-06-14 13:25,16.0000,6,2,8,6,2,8,0.010625,0.041211,intraday,intraday,0,0
2022-06-14 15:18,15.2100,2022-06-14 15:30,15.6700,2022-06-14 15:42,15.9400,2022-06-14 15:43,15.7800,12,1,13,12,1,13,0.017230,0.047995,intraday,intraday,0,0
2022-06-14 15:54,15.6600,2022-06-15 09:30,16.5200,2022-06-15 09:30,16.5200,2022-06-15 09:31,16.1000,0,1,1,0,1,1,0.000000,0.054917,intraday,intraday,0,0
2022-06-15 09:31,16.1000,2022-06-15 10:04,16.5900,2022-06-15 10:08,16.7000,2022-06-15 10:11,16.5300,4,3,7,4,3,7,0.006631,0.037267,intraday,intraday,0,0
2022-06-15 11:22,16.0600,2022-06-15 13:59,16.5700,2022-06-15 14:00,16.7800,2022-06-15 14:00,16.2700,1,0,1,1,0,1,0.012674,0.044832,intraday,intraday,0,0
2022-06-15 14:01,16.0700,2022-06-15 14:01,16.6000,2022-06-15 14:01,16.6000,2022-06-15 14:02,16.2100,0,1,1,0,1,1,0.000000,0.032981,intraday,intraday,0,0
2022-06-15 14:07,15.6200,2022-06-15 14:16,16.2000,2022-06-15 14:18,16.3000,2022-06-15 14:19,16.1300,2,1,3,2,1,3,0.006173,0.043534,intraday,intraday,0,0
2022-06-15 14:33,15.4700,2022-06-15 14:37,15.9700,2022-06-15 14:38,16.5700,2022-06-15 14:38,15.9200,1,0,1,1,0,1,0.037570,0.071105,intraday,intraday,0,0
2022-06-15 14:38,15.9200,2022-06-15 14:39,16.5900,2022-06-15 14:40,16.6800,2022-06-15 14:40,16.2600,1,0,1,1,0,1,0.005425,0.047739,intraday,intraday,0,0
2022-06-15 14:40,16.2600,2022-06-15 14:41,16.9800,2022-06-15 14:42,17.1700,2022-06-15 14:42,16.8700,1,0,1,1,0,1,0.011190,0.055966,intraday,intraday,0,0
2022-06-15 14:42,16.8700,2022-06-15 14:45,17.3900,2022-06-15 14:46,17.4000,2022-06-15 14:46,17.0700,1,0,1,1,0,1,0.000575,0.031417,intraday,intraday,0,0
2022-06-15 14:58,16.3400,2022-06-15 15:07,16.8700,2022-06-15 15:08,16.8800,2022-06-15 15:08,16.6900,1,0,1,1,0,1,0.000593,0.033048,intraday,intraday,0,0
2022-06-15 15:13,16.4500,2022-06-15 15:21,16.9800,2022-06-15 15:33,17.4300,2022-06-15 15:35,17.2300,12,2,14,12,2,14,0.026502,0.059574,intraday,intraday,0,0
2022-06-16 10:51,13.5200,2022-06-16 11:11,13.9400,2022-06-16 11:15,14.0200,2022-06-16 11:17,13.8300,4,2,6,4,2,6,0.005739,0.036982,intraday,intraday,0,0
2022-06-16 12:36,13.3600,2022-06-16 13:29,13.7900,2022-06-16 13:29,13.7900,2022-06-16 13:30,13.6200,0,1,1,0,1,1,0.000000,0.032186,intraday,intraday,0,0
2022-06-16 14:55,12.9900,2022-06-16 15:01,13.4000,2022-06-16 15:04,13.5000,2022-06-16 15:05,13.3300,3,1,4,3,1,4,0.007463,0.039261,intraday,intraday,0,0
2022-06-16 15:16,13.2100,2022-06-17 09:30,13.7700,2022-06-17 09:31,13.9200,2022-06-17 09:31,13.7200,1,0,1,1,0,1,0.010893,0.053747,intraday,intraday,0,0
2022-06-17 09:39,13.5000,2022-06-17 09:41,13.9200,2022-06-17 09:42,13.9300,2022-06-17 09:42,13.7700,1,0,1,1,0,1,0.000718,0.031852,intraday,intraday,0,0
2022-06-17 10:36,12.7800,2022-06-17 10:56,13.2000,2022-06-17 10:59,13.2200,2022-06-17 11:00,13.0600,3,1,4,3,1,4,0.001515,0.034429,intraday,intraday,0,0
2022-06-17 11:01,13.0300,2022-06-17 11:07,13.5500,2022-06-17 11:09,13.5900,2022-06-17 11:12,13.4400,2,3,5,2,3,5,0.002952,0.042978,intraday,intraday,0,0
2022-06-17 12:03,13.2200,2022-06-17 12:45,13.6200,2022-06-17 12:49,13.7200,2022-06-17 12:53,13.5400,4,4,8,4,4,8,0.007342,0.037821,intraday,intraday,0,0
2022-06-17 12:56,13.5300,2022-06-17 13:11,13.9500,2022-06-17 13:15,14.0100,2022-06-17 13:22,13.8400,4,7,11,4,7,11,0.004301,0.035477,intraday,intraday,0,0
2022-06-17 15:13,13.4100,2022-06-17 15:27,13.8200,2022-06-17 15:27,13.8200,2022-06-17 15:32,13.6800,0,5,5,0,5,5,0.000000,0.030574,intraday,intraday,0,0
2022-06-17 15:52,13.5800,2022-06-21 09:30,14.7500,2022-06-21 09:31,14.7600,2022-06-21 09:31,14.5800,1,0,1,1,0,1,0.000678,0.086892,intraday,intraday,0,0
2022-06-21 09:32,14.4900,2022-06-21 09:42,14.9400,2022-06-21 09:42,14.9400,2022-06-21 09:45,14.6100,0,3,3,0,3,3,0.000000,0.031056,intraday,intraday,0,0
2022-06-21 09:46,14.6000,2022-06-21 09:56,15.0500,2022-06-21 10:05,15.4300,2022-06-21 10:08,15.2300,9,3,12,9,3,12,0.025249,0.056849,intraday,intraday,0,0
2022-06-22 09:30,13.9400,2022-06-22 09:33,14.4000,2022-06-22 09:33,14.4000,2022-06-22 09:34,14.1000,0,1,1,0,1,1,0.000000,0.032999,intraday,intraday,0,0
2022-06-22 09:51,14.0500,2022-06-22 09:55,14.4900,2022-06-22 09:57,14.5100,2022-06-22 09:59,14.3200,2,2,4,2,2,4,0.001380,0.032740,intraday,intraday,0,0
2022-06-22 10:03,14.1600,2022-06-22 10:17,14.6400,2022-06-22 10:37,14.9700,2022-06-22 10:41,14.8200,20,4,24,20,4,24,0.022541,0.057203,intraday,intraday,0,0
2022-06-22 12:08,14.0300,2022-06-22 12:59,14.4600,2022-06-22 13:22,14.6000,2022-06-22 13:35,14.4300,23,13,36,23,13,36,0.009682,0.040627,intraday,intraday,0,0
2022-06-23 09:52,13.7500,2022-06-23 09:59,14.1900,2022-06-23 10:06,14.2800,2022-06-23 10:07,14.1100,7,1,8,7,1,8,0.006342,0.038545,intraday,intraday,0,0
2022-06-23 10:12,13.8300,2022-06-23 10:40,14.3100,2022-06-23 10:42,14.3200,2022-06-23 10:51,14.1500,2,9,11,2,9,11,0.000699,0.035430,intraday,intraday,0,0
2022-06-23 13:03,13.3400,2022-06-23 14:34,13.7500,2022-06-23 15:51,14.0900,2022-06-23 15:54,13.9100,77,3,80,77,3,80,0.024727,0.056222,intraday,intraday,0,0
2022-06-23 15:54,13.9100,2022-06-24 09:30,14.7200,2022-06-24 09:31,14.7500,2022-06-24 09:31,14.5700,1,0,1,1,0,1,0.002038,0.060388,intraday,intraday,0,0
2022-06-24 09:31,14.5700,2022-06-24 09:49,15.0800,2022-06-24 09:53,15.2600,2022-06-24 09:58,15.0900,4,5,9,4,5,9,0.011936,0.047358,intraday,intraday,0,0
2022-06-24 09:58,15.0900,2022-06-24 10:02,15.6700,2022-06-24 10:03,15.7200,2022-06-24 10:04,15.5200,1,1,2,1,1,2,0.003191,0.041750,intraday,intraday,0,0
2022-06-24 11:22,15.2600,2022-06-24 15:54,15.7200,2022-06-27 09:30,16.4300,2022-06-27 09:30,16.2300,6,0,6,3936,0,3936,0.045165,0.076671,weekend,intraday,1,1
2022-06-27 09:48,15.3700,2022-06-27 10:03,15.8700,2022-06-27 10:04,15.9500,2022-06-27 10:07,15.7200,1,3,4,1,3,4,0.005041,0.037736,intraday,intraday,0,0
2022-06-27 10:18,15.4900,2022-06-27 10:35,15.9700,2022-06-27 10:57,16.3500,2022-06-27 11:01,16.1200,22,4,26,22,4,26,0.023795,0.055520,intraday,intraday,0,0
2022-06-27 15:53,15.6100,2022-06-28 09:31,16.1900,2022-06-28 09:32,16.3700,2022-06-28 09:32,16.1300,1,0,1,1,0,1,0.011118,0.048687,intraday,intraday,0,0
2022-06-28 12:04,14.6300,2022-06-28 12:22,15.1100,2022-06-28 12:29,15.2000,2022-06-28 12:34,15.0100,7,5,12,7,5,12,0.005956,0.038961,intraday,intraday,0,0
2022-06-29 09:41,13.2600,2022-06-29 09:50,13.6700,2022-06-29 09:51,13.8100,2022-06-29 09:51,13.6500,1,0,1,1,0,1,0.010241,0.041478,intraday,intraday,0,0
2022-06-29 10:19,13.1400,2022-06-29 10:25,13.5700,2022-06-29 10:25,13.5700,2022-06-29 10:32,13.4000,0,7,7,0,7,7,0.000000,0.032725,intraday,intraday,0,0
2022-06-29 10:38,13.3300,2022-06-29 10:44,13.7300,2022-06-29 10:45,13.7800,2022-06-29 10:46,13.6400,1,1,2,1,1,2,0.003642,0.033758,intraday,intraday,0,0
2022-06-29 12:34,13.0300,2022-06-29 13:10,13.4400,2022-06-29 13:10,13.4400,2022-06-29 13:13,13.2800,0,3,3,0,3,3,0.000000,0.031466,intraday,intraday,0,0
2022-06-29 13:21,13.2000,2022-06-29 14:06,13.6100,2022-06-29 14:06,13.6100,2022-06-29 14:20,13.4700,0,14,14,0,14,14,0.000000,0.031061,intraday,intraday,0,0
2022-06-30 10:06,12.3800,2022-06-30 10:33,12.7700,2022-06-30 10:34,12.8000,2022-06-30 10:38,12.6600,1,4,5,1,4,5,0.002349,0.033926,intraday,intraday,0,0
2022-06-30 10:43,12.5500,2022-06-30 10:58,12.9400,2022-06-30 11:10,13.1200,2022-06-30 11:11,12.9800,12,1,13,12,1,13,0.013910,0.045418,intraday,intraday,0,0
2022-06-30 11:12,12.9700,2022-06-30 11:23,13.3900,2022-06-30 11:29,13.5200,2022-06-30 11:34,13.3500,6,5,11,6,5,11,0.009709,0.042406,intraday,intraday,0,0
2022-06-30 12:06,13.2400,2022-06-30 12:25,13.6800,2022-06-30 12:33,13.8300,2022-06-30 12:37,13.6300,8,4,12,8,4,12,0.010965,0.044562,intraday,intraday,0,0
2022-06-30 13:15,13.3000,2022-06-30 13:53,13.7200,2022-06-30 13:53,13.7200,2022-06-30 13:55,13.5800,0,2,2,0,2,2,0.000000,0.031579,intraday,intraday,0,0
2022-06-30 15:17,12.8600,2022-06-30 15:32,13.2600,2022-06-30 15:38,13.3100,2022-06-30 15:39,13.1600,6,1,7,6,1,7,0.003771,0.034992,intraday,intraday,0,0
2022-07-01 09:36,11.8000,2022-07-01 09:41,12.2400,2022-07-01 09:42,12.2500,2022-07-01 09:42,12.1000,1,0,1,1,0,1,0.000817,0.038136,intraday,intraday,0,0
2022-07-01 09:45,11.9200,2022-07-01 09:53,12.3200,2022-07-01 09:57,12.3400,2022-07-01 09:57,12.2000,4,0,4,4,0,4,0.001623,0.035235,intraday,intraday,0,0
2022-07-01 10:41,11.2500,2022-07-01 10:57,11.6200,2022-07-01 10:57,11.6200,2022-07-01 10:58,11.4800,0,1,1,0,1,1,0.000000,0.032889,intraday,intraday,0,0
2022-07-01 13:00,11.1300,2022-07-01 14:20,11.4700,2022-07-01 14:46,11.7100,2022-07-01 14:54,11.5700,26,8,34,26,8,34,0.020924,0.052111,intraday,intraday,0,0
2022-07-05 09:30,10.5300,2022-07-05 09:42,10.8500,2022-07-05 09:42,10.8500,2022-07-05 09:43,10.7400,0,1,1,0,1,1,0.000000,0.030389,intraday,intraday,0,0
2022-07-05 10:08,10.5600,2022-07-05 10:15,10.8900,2022-07-05 10:15,10.8900,2022-07-05 10:17,10.7600,0,2,2,0,2,2,0.000000,0.031250,intraday,intraday,0,0
2022-07-05 10:27,10.7500,2022-07-05 10:33,11.0800,2022-07-05 10:36,11.2400,2022-07-05 10:36,11.1200,3,0,3,3,0,3,0.014440,0.045581,intraday,intraday,0,0
2022-07-05 10:36,11.1200,2022-07-05 10:42,11.4600,2022-07-05 10:42,11.4600,2022-07-05 10:43,11.3400,0,1,1,0,1,1,0.000000,0.030576,intraday,intraday,0,0
2022-07-05 11:23,10.7600,2022-07-05 11:47,11.0900,2022-07-05 11:57,11.1000,2022-07-05 12:02,10.9800,10,5,15,10,5,15,0.000902,0.031599,intraday,intraday,0,0
2022-07-05 12:05,10.9400,2022-07-05 12:23,11.2700,2022-07-05 12:30,11.3300,2022-07-05 12:39,11.1800,7,9,16,7,9,16,0.005324,0.035649,intraday,intraday,0,0
2022-07-05 12:59,11.0200,2022-07-05 13:19,11.3800,2022-07-05 13:23,11.4600,2022-07-05 13:27,11.3300,4,4,8,4,4,8,0.007030,0.039927,intraday,intraday,0,0
2022-07-05 14:16,11.2700,2022-07-05 14:35,11.6300,2022-07-05 14:39,11.7500,2022-07-05 14:48,11.6300,4,9,13,4,9,13,0.010318,0.042591,intraday,intraday,0,0
2022-07-05 15:03,11.5700,2022-07-06 09:30,11.9900,2022-07-06 09:31,12.0000,2022-07-06 09:31,11.7700,1,0,1,1,0,1,0.000834,0.037165,intraday,intraday,0,0
2022-07-06 10:22,11.5200,2022-07-06 10:42,11.8800,2022-07-06 10:45,11.9600,2022-07-06 10:49,11.8400,3,4,7,3,4,7,0.006734,0.038194,intraday,intraday,0,0
2022-07-06 11:33,11.7200,2022-07-06 13:07,12.0800,2022-07-06 14:00,12.1500,2022-07-06 14:00,11.9600,53,0,53,53,0,53,0.005795,0.036689,intraday,intraday,0,0
2022-07-06 14:27,11.8400,2022-07-06 14:33,12.2200,2022-07-06 14:33,12.2200,2022-07-06 14:37,12.0700,0,4,4,0,4,4,0.000000,0.032095,intraday,intraday,0,0
2022-07-06 14:37,12.0700,2022-07-06 15:21,12.4400,2022-07-06 15:24,12.5000,2022-07-06 15:38,12.3400,3,14,17,3,14,17,0.004823,0.035626,intraday,intraday,0,0
2022-07-06 15:53,11.9900,2022-07-07 09:30,13.1600,2022-07-07 09:31,13.1700,2022-07-07 09:31,12.9600,1,0,1,1,0,1,0.000760,0.098415,intraday,intraday,0,0
2022-07-07 09:31,12.9600,2022-07-07 09:37,13.3500,2022-07-07 09:37,13.3500,2022-07-07 09:40,13.2000,0,3,3,0,3,3,0.000000,0.030093,intraday,intraday,0,0
2022-07-07 10:01,13.1600,2022-07-07 12:07,13.5600,2022-07-07 14:13,13.8900,2022-07-07 14:36,13.7400,126,23,149,126,23,149,0.024336,0.055471,intraday,intraday,0,0
2022-07-08 09:31,12.9600,2022-07-08 09:39,13.3700,2022-07-08 09:41,13.5000,2022-07-08 09:41,13.3400,2,0,2,2,0,2,0.009723,0.041667,intraday,intraday,0,0
2022-07-08 09:50,13.0200,2022-07-08 10:26,13.4600,2022-07-08 11:26,14.1700,2022-07-08 11:41,14.0100,60,15,75,60,15,75,0.052749,0.088326,intraday,intraday,0,0
2022-07-08 13:04,13.2700,2022-07-08 13:40,13.7000,2022-07-08 13:50,13.7800,2022-07-08 13:58,13.6400,10,8,18,10,8,18,0.005839,0.038433,intraday,intraday,0,0
2022-07-11 09:51,12.6500,2022-07-11 10:11,13.0900,2022-07-11 10:11,13.0900,2022-07-11 10:12,12.9500,0,1,1,0,1,1,0.000000,0.034783,intraday,intraday,0,0
2022-07-11 10:23,12.8200,2022-07-11 13:03,13.2600,2022-07-11 13:41,13.4500,2022-07-11 14:01,13.3000,38,20,58,38,20,58,0.014329,0.049142,intraday,intraday,0,0
2022-07-11 15:54,12.7900,2022-07-12 09:30,13.4100,2022-07-12 09:31,13.4500,2022-07-12 09:31,13.2500,1,0,1,1,0,1,0.002983,0.051603,intraday,intraday,0,0
2022-07-12 10:08,12.7400,2022-07-12 10:30,13.1300,2022-07-12 10:33,13.2000,2022-07-12 10:40,13.0600,3,7,10,3,7,10,0.005331,0.036107,intraday,intraday,0,0
2022-07-12 10:42,12.9800,2022-07-12 11:11,13.3700,2022-07-12 11:12,13.4200,2022-07-12 11:16,13.2700,1,4,5,1,4,5,0.003740,0.033898,intraday,intraday,0,0
2022-07-13 09:33,12.1200,2022-07-13 09:39,12.5900,2022-07-13 09:40,12.6100,2022-07-13 09:41,12.4300,1,1,2,1,1,2,0.001589,0.040429,intraday,intraday,0,0
2022-07-13 09:42,12.4200,2022-07-13 09:48,12.8700,2022-07-13 09:51,12.9100,2022-07-13 09:51,12.7700,3,0,3,3,0,3,0.003108,0.039452,intraday,intraday,0,0
2022-07-13 10:20,12.5600,2022-07-13 10:29,12.9400,2022-07-13 10:31,13.0100,2022-07-13 10:31,12.8400,2,0,2,2,0,2,0.005410,0.035828,intraday,intraday,0,0
2022-07-13 10:31,12.8400,2022-07-13 10:42,13.2800,2022-07-13 10:51,13.5600,2022-07-13 10:52,13.4000,9,1,10,9,1,10,0.021084,0.056075,intraday,intraday,0,0
2022-07-13 11:45,12.9800,2022-07-13 12:33,13.3800,2022-07-13 13:02,13.5400,2022-07-13 13:02,13.3900,29,0,29,29,0,29,0.011958,0.043143,intraday,intraday,0,0
2022-07-14 09:36,12.6600,2022-07-14 09:46,13.0500,2022-07-14 09:46,13.0500,2022-07-14 09:47,12.8500,0,1,1,0,1,1,0.000000,0.030806,intraday,intraday,0,0
2022-07-14 10:19,12.5400,2022-07-14 10:33,12.9400,2022-07-14 10:33,12.9400,2022-07-14 10:34,12.8100,0,1,1,0,1,1,0.000000,0.031898,intraday,intraday,0,0
2022-07-14 10:46,12.6400,2022-07-14 11:22,13.0400,2022-07-14 11:22,13.0400,2022-07-14 11:31,12.8900,0,9,9,0,9,9,0.000000,0.031646,intraday,intraday,0,0
2022-07-14 11:35,12.8400,2022-07-14 11:51,13.2300,2022-07-14 12:00,13.3100,2022-07-14 12:06,13.1700,9,6,15,9,6,15,0.006047,0.036604,intraday,intraday,0,0
2022-07-14 12:50,13.0400,2022-07-14 13:27,13.4400,2022-07-14 14:40,14.2600,2022-07-14 14:43,14.0900,73,3,76,73,3,76,0.061012,0.093558,intraday,intraday,0,0
2022-07-14 15:48,13.9300,2022-07-15 09:30,14.8100,2022-07-15 09:30,14.8100,2022-07-15 09:31,14.5600,0,1,1,0,1,1,0.000000,0.063173,intraday,intraday,0,0
2022-07-15 09:55,14.0400,2022-07-15 10:00,14.5900,2022-07-15 10:00,14.5900,2022-07-15 10:02,14.3300,0,2,2,0,2,2,0.000000,0.039174,intraday,intraday,0,0
2022-07-15 10:21,14.2500,2022-07-15 11:03,14.6800,2022-07-15 11:28,14.8000,2022-07-15 11:30,14.6400,25,2,27,25,2,27,0.008174,0.038596,intraday,intraday,0,0
2022-07-15 12:12,14.4900,2022-07-15 14:39,14.9400,2022-07-15 15:20,15.0800,2022-07-15 15:39,14.9200,41,19,60,41,19,60,0.009371,0.040718,intraday,intraday,0,0
2022-07-15 15:50,14.8800,2022-07-18 09:30,15.8300,2022-07-18 09:30,15.8300,2022-07-18 09:31,15.5900,0,1,1,0,1,1,0.000000,0.063844,intraday,intraday,0,0
2022-07-18 10:11,15.2200,2022-07-18 10:30,15.7200,2022-07-18 10:33,15.7900,2022-07-18 10:46,15.6200,3,13,16,3,13,16,0.004453,0.037451,intraday,intraday,0,0
2022-07-18 10:52,15.5900,2022-07-18 11:54,16.0600,2022-07-18 11:59,16.1800,2022-07-18 12:21,16.0100,5,22,27,5,22,27,0.007472,0.037845,intraday,intraday,0,0
2022-07-18 15:50,14.6300,2022-07-19 09:30,15.6700,2022-07-19 09:30,15.6700,2022-07-19 09:31,15.5000,0,1,1,0,1,1,0.000000,0.071087,intraday,intraday,0,0
2022-07-19 09:31,15.5000,2022-07-19 09:53,15.9700,2022-07-19 09:59,16.0300,2022-07-19 10:05,15.8600,6,6,12,6,6,12,0.003757,0.034194,intraday,intraday,0,0
2022-07-19 10:06,15.8200,2022-07-19 10:54,16.3000,2022-07-19 11:15,16.5200,2022-07-19 11:22,16.3500,21,7,28,21,7,28,0.013497,0.044248,intraday,intraday,0,0
2022-07-19 11:22,16.3500,2022-07-19 13:35,16.8500,2022-07-19 14:09,17.1700,2022-07-19 14:25,16.9500,34,16,50,34,16,50,0.018991,0.050153,intraday,intraday,0,0
2022-07-20 09:32,16.5000,2022-07-20 09:42,17.0300,2022-07-20 09:45,17.0700,2022-07-20 09:47,16.8800,3,2,5,3,2,5,0.002349,0.034545,intraday,intraday,0,0
2022-07-20 09:58,16.8500,2022-07-20 10:11,17.3800,2022-07-20 10:14,17.4800,2022-07-20 10:19,17.2800,3,5,8,3,5,8,0.005754,0.037389,intraday,intraday,0,0
2022-07-20 10:20,17.2700,2022-07-20 10:29,17.7900,2022-07-20 10:37,18.0900,2022-07-20 10:42,17.9000,8,5,13,8,5,13,0.016863,0.047481,intraday,intraday,0,0
2022-07-20 13:11,17.4200,2022-07-20 14:23,17.9700,2022-07-20 14:39,18.0800,2022-07-20 14:56,17.8900,16,17,33,16,17,33,0.006121,0.037887,intraday,intraday,0,0
2022-07-20 14:56,17.8900,2022-07-20 15:30,18.4400,2022-07-20 15:30,18.4400,2022-07-20 15:45,18.2500,0,15,15,0,15,15,0.000000,0.030743,intraday,intraday,0,0
2022-07-20 15:59,18.1700,2022-07-21 09:32,18.7300,2022-07-21 09:32,18.7300,2022-07-21 09:33,18.4700,0,1,1,0,1,1,0.000000,0.030820,intraday,intraday,0,0
2022-07-21 10:32,17.6800,2022-07-21 10:54,18.2500,2022-07-21 11:05,18.4400,2022-07-21 11:13,18.2500,11,8,19,11,8,19,0.010411,0.042986,intraday,intraday,0,0
2022-07-21 11:23,18.1300,2022-07-21 12:01,18.6900,2022-07-21 12:31,18.9700,2022-07-21 12:44,18.7700,30,13,43,30,13,43,0.014981,0.046332,intraday,intraday,0,0
2022-07-21 13:35,18.4400,2022-07-21 15:50,19.0100,2022-07-21 15:56,19.1200,2022-07-22 09:30,18.7500,6,4,10,6,1054,1060,0.005786,0.036876,overnight,overnight,1,1
2022-07-22 09:36,18.2700,2022-07-22 09:50,18.8700,2022-07-22 09:51,18.9100,2022-07-22 09:52,18.5400,1,1,2,1,1,2,0.002120,0.035030,intraday,intraday,0,0
2022-07-22 10:07,17.8200,2022-07-22 10:53,18.4900,2022-07-22 10:55,18.5600,2022-07-22 11:02,18.3600,2,7,9,2,7,9,0.003786,0.041526,intraday,intraday,0,0
2022-07-25 09:35,16.7900,2022-07-25 09:42,17.3000,2022-07-25 09:43,17.3100,2022-07-25 09:45,17.0800,1,2,3,1,2,3,0.000578,0.030971,intraday,intraday,0,0
2022-07-25 10:27,16.4300,2022-07-25 10:44,16.9300,2022-07-25 10:46,16.9800,2022-07-25 10:48,16.8100,2,2,4,2,2,4,0.002953,0.033475,intraday,intraday,0,0
2022-07-25 11:17,16.5600,2022-07-25 11:45,17.0800,2022-07-25 11:46,17.1500,2022-07-25 12:11,16.9700,1,25,26,1,25,26,0.004098,0.035628,intraday,intraday,0,0
2022-07-25 15:06,16.7300,2022-07-25 15:56,17.2500,2022-07-25 15:59,17.3000,2022-07-26 09:30,16.8400,3,1,4,3,1051,1054,0.002899,0.034071,overnight,overnight,1,1
2022-07-26 09:34,16.6900,2022-07-26 09:51,17.2300,2022-07-26 09:54,17.2400,2022-07-26 09:57,17.0200,3,3,6,3,3,6,0.000580,0.032954,intraday,intraday,0,0
2022-07-26 15:08,16.2500,2022-07-27 09:30,17.4600,2022-07-27 09:30,17.4600,2022-07-27 09:31,17.2500,0,1,1,0,1,1,0.000000,0.074462,intraday,intraday,0,0
2022-07-27 09:34,17.1700,2022-07-27 09:46,17.7000,2022-07-27 09:55,17.8800,2022-07-27 10:02,17.6700,9,7,16,9,7,16,0.010169,0.041351,intraday,intraday,0,0
2022-07-27 13:07,17.6300,2022-07-27 14:36,18.1800,2022-07-27 14:45,18.5800,2022-07-27 14:51,18.3900,9,6,15,9,6,15,0.022002,0.053885,intraday,intraday,0,0
2022-07-27 14:51,18.3900,2022-07-27 15:28,18.9600,2022-07-27 15:34,19.1200,2022-07-27 15:49,18.8700,6,15,21,6,15,21,0.008439,0.039695,intraday,intraday,0,0
2022-07-28 10:32,17.5700,2022-07-28 10:47,18.1300,2022-07-28 11:57,19.0400,2022-07-28 12:15,18.8300,70,18,88,70,18,88,0.050193,0.083665,intraday,intraday,0,0
2022-07-28 13:01,18.6500,2022-07-28 13:47,19.2100,2022-07-28 13:58,19.2600,2022-07-28 14:05,19.0600,11,7,18,11,7,18,0.002603,0.032708,intraday,intraday,0,0
2022-07-28 14:13,18.9500,2022-07-28 15:21,19.5200,2022-07-28 15:21,19.5200,2022-07-28 15:37,19.3100,0,16,16,0,16,16,0.000000,0.030079,intraday,intraday,0,0
2022-07-29 09:30,18.3200,2022-07-29 09:40,18.9000,2022-07-29 09:46,19.2600,2022-07-29 09:49,19.0100,6,3,9,6,3,9,0.019048,0.051310,intraday,intraday,0,0
2022-07-29 11:27,18.7800,2022-07-29 12:17,19.3800,2022-07-29 12:17,19.3800,2022-07-29 12:36,19.1800,0,19,19,0,19,19,0.000000,0.031949,intraday,intraday,0,0
2022-07-29 12:36,19.1800,2022-07-29 13:38,19.7600,2022-07-29 15:48,19.9900,2022-08-01 09:30,19.1800,130,12,142,130,3942,4072,0.011640,0.042231,weekend,weekend,1,1
2022-08-01 09:33,19.0300,2022-08-01 09:42,19.7800,2022-08-01 09:42,19.7800,2022-08-01 09:44,19.5800,0,2,2,0,2,2,0.000000,0.039411,intraday,intraday,0,0
2022-08-01 09:48,19.4400,2022-08-01 10:04,20.0400,2022-08-01 10:06,20.3200,2022-08-01 10:09,20.1000,2,3,5,2,3,5,0.013972,0.045267,intraday,intraday,0,0
2022-08-01 10:28,19.8600,2022-08-01 10:52,20.5200,2022-08-01 11:00,20.6100,2022-08-01 11:06,20.3300,8,6,14,8,6,14,0.004386,0.037764,intraday,intraday,0,0
2022-08-01 13:46,19.5400,2022-08-01 14:56,20.1300,2022-08-01 15:16,20.2100,2022-08-01 15:20,20.0000,20,4,24,20,4,24,0.003974,0.034289,intraday,intraday,0,0
2022-08-02 09:30,19.3100,2022-08-02 09:46,19.9300,2022-08-02 09:47,19.9400,2022-08-02 09:49,19.6500,1,2,3,1,2,3,0.000502,0.032626,intraday,intraday,0,0
2022-08-02 10:10,19.1100,2022-08-02 10:44,19.7400,2022-08-02 10:55,20.1100,2022-08-02 10:58,19.9000,11,3,14,11,3,14,0.018744,0.052329,intraday,intraday,0,0
2022-08-02 11:20,19.7200,2022-08-02 12:02,20.3300,2022-08-02 12:42,20.8700,2022-08-02 13:02,20.6200,40,20,60,40,20,60,0.026562,0.058316,intraday,intraday,0,0
2022-08-02 13:39,19.8600,2022-08-03 10:04,20.4600,2022-08-03 10:17,20.5800,2022-08-03 10:17,20.3700,13,0,13,13,0,13,0.005865,0.036254,intraday,intraday,0,0
2022-08-03 10:36,20.0900,2022-08-03 11:25,20.7100,2022-08-03 11:57,20.9600,2022-08-03 12:11,20.7200,32,14,46,32,14,46,0.012071,0.043305,intraday,intraday,0,0
2022-08-03 12:11,20.7200,2022-08-03 13:14,21.3500,2022-08-03 14:38,21.7200,2022-08-03 15:17,21.4800,84,39,123,84,39,123,0.017330,0.048263,intraday,intraday,0,0
2022-08-04 09:31,21.2200,2022-08-04 09:44,21.9200,2022-08-04 09:46,21.9900,2022-08-04 09:53,21.6000,2,7,9,2,7,9,0.003193,0.036287,intraday,intraday,0,0
2022-08-04 10:39,21.2900,2022-08-04 11:52,21.9300,2022-08-04 12:00,22.0300,2022-08-04 12:33,21.7900,8,33,41,8,33,41,0.004560,0.034758,intraday,intraday,0,0
2022-08-04 12:49,21.5500,2022-08-04 15:11,22.2000,2022-08-04 15:16,22.2700,2022-08-04 15:28,22.0300,5,12,17,5,12,17,0.003153,0.033411,intraday,intraday,0,0
2022-08-05 09:30,20.8500,2022-08-05 09:38,21.4800,2022-08-05 09:40,21.5900,2022-08-05 09:41,21.2500,2,1,3,2,1,3,0.005121,0.035492,intraday,intraday,0,0
2022-08-05 09:46,21.1500,2022-08-05 10:11,21.8000,2022-08-05 10:24,22.1200,2022-08-05 10:28,21.8700,13,4,17,13,4,17,0.014679,0.045863,intraday,intraday,0,0
2022-08-05 11:30,20.5700,2022-08-05 12:20,21.1900,2022-08-05 12:20,21.1900,2022-08-05 12:32,20.9500,0,12,12,0,12,12,0.000000,0.030141,intraday,intraday,0,0
2022-08-05 12:36,20.8500,2022-08-05 13:05,21.4900,2022-08-05 13:15,21.6200,2022-08-05 13:23,21.4000,10,8,18,10,8,18,0.006049,0.036930,intraday,intraday,0,0
2022-08-08 09:30,20.4600,2022-08-08 09:33,21.2800,2022-08-08 09:35,21.3300,2022-08-08 09:38,21.0800,2,3,5,2,3,5,0.002350,0.042522,intraday,intraday,0,0
2022-08-08 12:20,19.5700,2022-08-08 12:50,20.1600,2022-08-08 13:18,20.4300,2022-08-08 13:22,20.1900,28,4,32,28,4,32,0.013393,0.043945,intraday,intraday,0,0
2022-08-08 14:54,19.7900,2022-08-08 15:39,20.3900,2022-08-08 15:55,20.5700,2022-08-09 09:30,18.9100,16,5,21,16,1055,1071,0.008828,0.039414,overnight,overnight,1,1
2022-08-09 12:29,16.9100,2022-08-09 13:56,17.4200,2022-08-09 14:01,17.5000,2022-08-09 14:07,17.3000,5,6,11,5,6,11,0.004592,0.034891,intraday,intraday,0,0
2022-08-09 14:21,17.1500,2022-08-09 14:50,17.6900,2022-08-09 15:26,17.9200,2022-08-09 15:35,17.7300,36,9,45,36,9,45,0.013002,0.044898,intraday,intraday,0,0
2022-08-09 15:57,17.6300,2022-08-10 09:30,19.2100,2022-08-10 09:30,19.2100,2022-08-10 09:31,18.6900,0,1,1,0,1,1,0.000000,0.089620,intraday,intraday,0,0
2022-08-10 09:42,18.3900,2022-08-10 10:07,18.9500,2022-08-10 10:07,18.9500,2022-08-10 10:14,18.7300,0,7,7,0,7,7,0.000000,0.030451,intraday,intraday,0,0
2022-08-10 10:20,18.4200,2022-08-10 10:46,18.9800,2022-08-10 12:00,19.9000,2022-08-10 12:15,19.6900,74,15,89,74,15,89,0.048472,0.080347,intraday,intraday,0,0
2022-08-10 13:01,19.3300,2022-08-10 15:29,19.9100,2022-08-11 09:30,20.5100,2022-08-11 09:31,20.2600,31,1,32,1081,1,1082,0.030136,0.061045,overnight,intraday,0,1
2022-08-11 09:33,20.1500,2022-08-11 09:41,20.7900,2022-08-11 09:48,21.0300,2022-08-11 09:55,20.8000,7,7,14,7,7,14,0.011544,0.043672,intraday,intraday,0,0
2022-08-11 09:58,20.7700,2022-08-11 10:16,21.4300,2022-08-11 10:19,21.6000,2022-08-11 10:21,21.3800,3,2,5,3,2,5,0.007933,0.039961,intraday,intraday,0,0
2022-08-11 15:13,19.6800,2022-08-12 09:30,20.2900,2022-08-12 09:30,20.2900,2022-08-12 09:31,20.0700,0,1,1,0,1,1,0.000000,0.030996,intraday,intraday,0,0
2022-08-12 09:33,19.9800,2022-08-12 09:40,20.6900,2022-08-12 09:47,20.9200,2022-08-12 09:48,20.6700,7,1,8,7,1,8,0.011116,0.047047,intraday,intraday,0,0
2022-08-12 10:00,20.5400,2022-08-12 10:19,21.1800,2022-08-12 10:20,21.1900,2022-08-12 10:23,20.9700,1,3,4,1,3,4,0.000472,0.031646,intraday,intraday,0,0
2022-08-12 10:49,20.6000,2022-08-12 11:23,21.2300,2022-08-12 11:23,21.2300,2022-08-12 12:00,21.0000,0,37,37,0,37,37,0.000000,0.030583,intraday,intraday,0,0
2022-08-12 12:00,21.0000,2022-08-12 14:43,21.6600,2022-08-12 14:50,21.7200,2022-08-12 15:00,21.4800,7,10,17,7,10,17,0.002770,0.034286,intraday,intraday,0,0
2022-08-15 09:30,21.2100,2022-08-15 09:35,21.8500,2022-08-15 09:35,21.8500,2022-08-15 09:37,21.6200,0,2,2,0,2,2,0.000000,0.030174,intraday,intraday,0,0
2022-08-15 11:13,20.8000,2022-08-15 11:43,21.4600,2022-08-15 11:54,21.6100,2022-08-15 12:21,21.3700,11,27,38,11,27,38,0.006990,0.038942,intraday,intraday,0,0
2022-08-15 14:21,21.3300,2022-08-15 15:50,21.9700,2022-08-15 15:50,21.9700,2022-08-15 15:55,21.7400,0,5,5,0,5,5,0.000000,0.030005,intraday,intraday,0,0
2022-08-16 10:34,20.3900,2022-08-16 10:51,21.0400,2022-08-16 10:52,21.0500,2022-08-16 10:54,20.7900,1,2,3,1,2,3,0.000475,0.032369,intraday,intraday,0,0
2022-08-16 10:58,20.6700,2022-08-16 11:33,21.3000,2022-08-16 12:15,21.4600,2022-08-16 12:30,21.2400,42,15,57,42,15,57,0.007512,0.038220,intraday,intraday,0,0
2022-08-17 11:15,18.7100,2022-08-17 13:30,19.2800,2022-08-17 14:00,19.4100,2022-08-17 14:00,19.1600,30,0,30,30,0,30,0.006743,0.037413,intraday,intraday,0,0
2022-08-17 14:00,19.1600,2022-08-17 14:15,19.7900,2022-08-17 14:15,19.7900,2022-08-17 14:17,19.5800,0,2,2,0,2,2,0.000000,0.032881,intraday,intraday,0,0
2022-08-17 15:20,19.4300,2022-08-18 09:38,20.0700,2022-08-18 09:44,20.4300,2022-08-18 09:48,20.0800,6,4,10,6,4,10,0.017937,0.051467,intraday,intraday,0,0
2022-08-18 10:01,19.9400,2022-08-18 10:21,20.5400,2022-08-18 10:21,20.5400,2022-08-18 10:27,20.3300,0,6,6,0,6,6,0.000000,0.030090,intraday,intraday,0,0
2022-08-18 10:33,20.2500,2022-08-18 10:48,20.9100,2022-08-18 11:02,21.0600,2022-08-18 11:03,20.7900,14,1,15,14,1,15,0.007174,0.040000,intraday,intraday,0,0
2022-08-22 09:36,17.5500,2022-08-22 09:44,18.1000,2022-08-22 09:44,18.1000,2022-08-22 09:47,17.9000,0,3,3,0,3,3,0.000000,0.031339,intraday,intraday,0,0
2022-08-22 15:45,16.7700,2022-08-23 09:32,17.3800,2022-08-23 09:34,17.4200,2022-08-23 09:39,17.2400,2,5,7,2,5,7,0.002301,0.038760,intraday,intraday,0,0
2022-08-23 09:44,17.0500,2022-08-23 09:48,17.5900,2022-08-23 09:50,17.7500,2022-08-23 09:50,17.5500,2,0,2,2,0,2,0.009096,0.041056,intraday,intraday,0,0
2022-08-23 10:02,17.5300,2022-08-23 10:16,18.0600,2022-08-23 10:16,18.0600,2022-08-23 10:18,17.8600,0,2,2,0,2,2,0.000000,0.030234,intraday,intraday,0,0
2022-08-24 10:06,16.7700,2022-08-24 10:19,17.3000,2022-08-24 10:35,17.3700,2022-08-24 10:38,17.1600,16,3,19,16,3,19,0.004046,0.035778,intraday,intraday,0,0
2022-08-24 10:47,17.0500,2022-08-24 11:18,17.5900,2022-08-24 11:18,17.5900,2022-08-24 11:22,17.4100,0,4,4,0,4,4,0.000000,0.031672,intraday,intraday,0,0
2022-08-24 13:31,17.0300,2022-08-25 09:30,17.7300,2022-08-25 09:31,17.8000,2022-08-25 09:31,17.5600,1,0,1,1,0,1,0.003948,0.045214,intraday,intraday,0,0
2022-08-25 09:31,17.5600,2022-08-25 09:36,18.1300,2022-08-25 09:38,18.2200,2022-08-25 09:41,17.9800,2,3,5,2,3,5,0.004964,0.037585,intraday,intraday,0,0
2022-08-25 09:50,17.9700,2022-08-25 10:14,18.5300,2022-08-25 10:48,19.0700,2022-08-25 10:52,18.8700,34,4,38,34,4,38,0.029142,0.061213,intraday,intraday,0,0
2022-08-25 11:24,18.4900,2022-08-25 13:48,19.0600,2022-08-25 13:48,19.0600,2022-08-25 14:08,18.8500,0,20,20,0,20,20,0.000000,0.030827,intraday,intraday,0,0
2022-08-25 14:51,18.7300,2022-08-25 15:57,19.3300,2022-08-25 15:59,19.3800,2022-08-26 09:30,19.0100,2,1,3,2,1051,1053,0.002587,0.034704,overnight,overnight,1,1
2022-08-26 10:05,18.1700,2022-08-26 10:09,19.2200,2022-08-26 10:10,19.3300,2022-08-26 10:10,18.9800,1,0,1,1,0,1,0.005723,0.063841,intraday,intraday,0,0
2022-08-29 09:30,15.4300,2022-08-29 09:34,15.9300,2022-08-29 09:35,15.9400,2022-08-29 09:35,15.7800,1,0,1,1,0,1,0.000628,0.033052,intraday,intraday,0,0
2022-08-29 11:12,14.9500,2022-08-29 12:15,15.4100,2022-08-29 12:16,15.4300,2022-08-29 12:24,15.2600,1,8,9,1,8,9,0.001298,0.032107,intraday,intraday,0,0
2022-08-29 12:36,15.1000,2022-08-29 13:06,15.5800,2022-08-29 13:09,15.6100,2022-08-29 13:11,15.4300,3,2,5,3,2,5,0.001926,0.033775,intraday,intraday,0,0
2022-08-29 15:59,15.0000,2022-08-30 09:30,15.5700,2022-08-30 09:30,15.5700,2022-08-30 09:31,15.2400,0,1,1,0,1,1,0.000000,0.038000,intraday,intraday,0,0
2022-08-30 10:50,13.9600,2022-08-30 10:59,14.3800,2022-08-30 11:00,14.4600,2022-08-30 11:01,14.2700,1,1,2,1,1,2,0.005563,0.035817,intraday,intraday,0,0
2022-08-30 11:12,14.0700,2022-08-30 12:15,14.5800,2022-08-30 12:15,14.5800,2022-08-30 12:18,14.4200,0,3,3,0,3,3,0.000000,0.036247,intraday,intraday,0,0
2022-08-30 13:44,13.9600,2022-08-30 15:02,14.4100,2022-08-30 15:12,14.5600,2022-08-30 15:17,14.3900,10,5,15,10,5,15,0.010409,0.042980,intraday,intraday,0,0
2022-08-30 15:54,14.2500,2022-08-31 09:30,14.7200,2022-08-31 09:30,14.7200,2022-08-31 09:31,14.3700,0,1,1,0,1,1,0.000000,0.032982,intraday,intraday,0,0
2022-08-31 09:39,14.1600,2022-08-31 09:47,14.6300,2022-08-31 09:50,14.7000,2022-08-31 09:52,14.5300,3,2,5,3,2,5,0.004785,0.038136,intraday,intraday,0,0
2022-08-31 11:07,13.6700,2022-08-31 11:56,14.0900,2022-08-31 11:59,14.1100,2022-08-31 12:06,13.9500,3,7,10,3,7,10,0.001419,0.032187,intraday,intraday,0,0
2022-08-31 13:41,13.6600,2022-08-31 15:11,14.1100,2022-08-31 15:16,14.3000,2022-08-31 15:20,14.1400,5,4,9,5,4,9,0.013466,0.046852,intraday,intraday,0,0
2022-09-01 10:17,12.1900,2022-09-01 10:28,12.5800,2022-09-01 10:28,12.5800,2022-09-01 10:33,12.4500,0,5,5,0,5,5,0.000000,0.031993,intraday,intraday,0,0
2022-09-01 12:42,11.9700,2022-09-01 13:10,12.3300,2022-09-01 13:31,12.5900,2022-09-01 13:36,12.4500,21,5,26,21,5,26,0.021087,0.051796,intraday,intraday,0,0
2022-09-01 13:55,12.2800,2022-09-01 14:21,12.6500,2022-09-01 14:35,12.9900,2022-09-01 14:39,12.8300,14,4,18,14,4,18,0.026877,0.057818,intraday,intraday,0,0
2022-09-01 14:39,12.8300,2022-09-01 15:13,13.2400,2022-09-01 15:13,13.2400,2022-09-01 15:16,13.1000,0,3,3,0,3,3,0.000000,0.031956,intraday,intraday,0,0
2022-09-01 15:42,12.8300,2022-09-01 15:58,13.2200,2022-09-02 09:30,13.9400,2022-09-02 09:30,13.7700,2,0,2,1052,0,1052,0.054463,0.086516,overnight,intraday,1,1
2022-09-02 09:41,13.2000,2022-09-02 10:11,13.6100,2022-09-02 10:12,13.7300,2022-09-02 10:12,13.5800,1,0,1,1,0,1,0.008817,0.040152,intraday,intraday,0,0
2022-09-02 10:14,13.5700,2022-09-02 10:32,13.9800,2022-09-02 10:39,14.1400,2022-09-02 10:44,13.9900,7,5,12,7,5,12,0.011445,0.042004,intraday,intraday,0,0
2022-09-02 13:51,12.6400,2022-09-02 14:40,13.0300,2022-09-02 14:40,13.0300,2022-09-02 14:55,12.8700,0,15,15,0,15,15,0.000000,0.030854,intraday,intraday,0,0
2022-09-02 15:38,12.6200,2022-09-06 09:31,13.0000,2022-09-06 09:31,13.0000,2022-09-06 09:32,12.6900,0,1,1,0,1,1,0.000000,0.030111,intraday,intraday,0,0
2022-09-06 10:12,12.0700,2022-09-06 10:39,12.4600,2022-09-06 10:40,12.6600,2022-09-06 10:40,12.4300,1,0,1,1,0,1,0.016051,0.048882,intraday,intraday,0,0
2022-09-06 10:40,12.4300,2022-09-06 10:58,12.8100,2022-09-06 10:58,12.8100,2022-09-06 11:00,12.6800,0,2,2,0,2,2,0.000000,0.030571,intraday,intraday,0,0
2022-09-06 11:27,12.6100,2022-09-06 11:42,13.0300,2022-09-06 11:42,13.0300,2022-09-06 11:44,12.8700,0,2,2,0,2,2,0.000000,0.033307,intraday,intraday,0,0
2022-09-06 13:51,12.2600,2022-09-07 09:32,12.6500,2022-09-07 09:32,12.6500,2022-09-07 09:33,12.5100,0,1,1,0,1,1,0.000000,0.031811,intraday,intraday,0,0
2022-09-07 10:15,12.2300,2022-09-07 10:31,12.6000,2022-09-07 10:31,12.6000,2022-09-07 10:34,12.4700,0,3,3,0,3,3,0.000000,0.030253,intraday,intraday,0,0
2022-09-07 10:49,12.4400,2022-09-07 11:52,12.8400,2022-09-07 11:55,12.8800,2022-09-07 12:06,12.7200,3,11,14,3,11,14,0.003115,0.035370,intraday,intraday,0,0
2022-09-07 12:32,12.5200,2022-09-07 13:43,12.9200,2022-09-07 14:04,13.0400,2022-09-07 14:17,12.8900,21,13,34,21,13,34,0.009288,0.041534,intraday,intraday,0,0
2022-09-07 14:20,12.8700,2022-09-07 15:09,13.2700,2022-09-07 15:29,13.3200,2022-09-07 15:33,13.1800,20,4,24,20,4,24,0.003768,0.034965,intraday,intraday,0,0
2022-09-08 09:35,12.3700,2022-09-08 09:42,12.7500,2022-09-08 09:44,12.8200,2022-09-08 09:44,12.6800,2,0,2,2,0,2,0.005490,0.036378,intraday,intraday,0,0
2022-09-08 09:44,12.6800,2022-09-08 10:17,13.1100,2022-09-08 10:20,13.2400,2022-09-08 10:23,13.0500,3,3,6,3,3,6,0.009916,0.044164,intraday,intraday,0,0
2022-09-08 10:25,12.9800,2022-09-08 10:55,13.4200,2022-09-08 11:26,13.8000,2022-09-08 11:30,13.6600,31,4,35,31,4,35,0.028316,0.063174,intraday,intraday,0,0
2022-09-08 12:22,12.9600,2022-09-08 13:11,13.3700,2022-09-08 13:38,13.5800,2022-09-08 13:52,13.4400,27,14,41,27,14,41,0.015707,0.047840,intraday,intraday,0,0
2022-09-08 15:04,13.2700,2022-09-08 15:59,13.6900,2022-09-09 09:30,14.3400,2022-09-09 09:30,14.1900,1,0,1,1051,0,1051,0.047480,0.080633,overnight,intraday,1,1
2022-09-09 09:30,14.1900,2022-09-09 10:01,14.6600,2022-09-09 10:16,14.7900,2022-09-09 10:17,14.5900,15,1,16,15,1,16,0.008868,0.042283,intraday,intraday,0,0
2022-09-09 10:25,14.4300,2022-09-12 09:30,14.8800,2022-09-12 09:32,14.9800,2022-09-12 09:32,14.8300,2,0,2,2,0,2,0.006720,0.038115,intraday,intraday,0,0
2022-09-12 09:35,14.5000,2022-09-12 09:56,14.9500,2022-09-12 10:00,14.9800,2022-09-12 10:12,14.7800,4,12,16,4,12,16,0.002007,0.033103,intraday,intraday,0,0
2022-09-12 12:10,14.3000,2022-09-12 15:43,14.7600,2022-09-12 15:59,14.8000,2022-09-13 09:30,12.9500,16,1,17,16,1051,1067,0.002710,0.034965,overnight,overnight,1,1
2022-09-13 09:30,12.9500,2022-09-13 09:31,13.4600,2022-09-13 09:32,13.4900,2022-09-13 09:32,13.3400,1,0,1,1,0,1,0.002229,0.041699,intraday,intraday,0,0
2022-09-13 15:45,11.9500,2022-09-14 09:30,12.4000,2022-09-14 09:30,12.4000,2022-09-14 09:31,12.1200,0,1,1,0,1,1,0.000000,0.037657,intraday,intraday,0,0
2022-09-14 09:37,11.9400,2022-09-14 09:45,12.3200,2022-09-14 09:46,12.3800,2022-09-14 09:48,12.1800,1,2,3,1,2,3,0.004870,0.036851,intraday,intraday,0,0
2022-09-14 10:30,11.9500,2022-09-14 10:43,12.3800,2022-09-14 10:54,12.5500,2022-09-14 11:00,12.4200,11,6,17,11,6,17,0.013732,0.050209,intraday,intraday,0,0
2022-09-14 11:03,12.3500,2022-09-14 13:02,12.7400,2022-09-14 13:02,12.7400,2022-09-14 13:06,12.6100,0,4,4,0,4,4,0.000000,0.031579,intraday,intraday,0,0
2022-09-14 15:31,12.0200,2022-09-14 15:54,12.4300,2022-09-14 15:59,12.5000,2022-09-15 09:30,12.1400,5,1,6,5,1051,1056,0.005632,0.039933,overnight,overnight,1,1
2022-09-15 09:38,12.1300,2022-09-15 09:49,12.5600,2022-09-15 09:54,12.6300,2022-09-15 09:57,12.4900,5,3,8,5,3,8,0.005573,0.041220,intraday,intraday,0,0
2022-09-15 11:15,11.5900,2022-09-15 11:28,11.9400,2022-09-15 11:38,12.0700,2022-09-15 11:50,11.9200,10,12,22,10,12,22,0.010888,0.041415,intraday,intraday,0,0
2022-09-15 11:58,11.7800,2022-09-15 13:00,12.2100,2022-09-15 13:27,12.4500,2022-09-15 13:31,12.3100,27,4,31,27,4,31,0.019656,0.056876,intraday,intraday,0,0
2022-09-16 09:32,11.1800,2022-09-16 09:39,11.5900,2022-09-16 09:39,11.5900,2022-09-16 09:40,11.4200,0,1,1,0,1,1,0.000000,0.036673,intraday,intraday,0,0
2022-09-16 09:52,11.3000,2022-09-16 10:05,11.6400,2022-09-16 10:06,11.6800,2022-09-16 10:09,11.5100,1,3,4,1,3,4,0.003436,0.033628,intraday,intraday,0,0
2022-09-16 10:09,11.5100,2022-09-16 10:30,11.8800,2022-09-16 10:36,12.0500,2022-09-16 10:37,11.9200,6,1,7,6,1,7,0.014310,0.046916,intraday,intraday,0,0
2022-09-16 12:28,11.3100,2022-09-16 13:02,11.6500,2022-09-16 13:02,11.6500,2022-09-16 13:03,11.5300,0,1,1,0,1,1,0.000000,0.030062,intraday,intraday,0,0
2022-09-16 13:16,11.4700,2022-09-16 14:27,11.8300,2022-09-16 14:27,11.8300,2022-09-16 14:32,11.7100,0,5,5,0,5,5,0.000000,0.031386,intraday,intraday,0,0
2022-09-16 14:32,11.7100,2022-09-16 15:07,12.0700,2022-09-16 15:07,12.0700,2022-09-16 15:11,11.9400,0,4,4,0,4,4,0.000000,0.030743,intraday,intraday,0,0
2022-09-19 09:30,11.5700,2022-09-19 09:32,11.9800,2022-09-19 09:34,12.1200,2022-09-19 09:35,11.9500,2,1,3,2,1,3,0.011686,0.047537,intraday,intraday,0,0
2022-09-19 09:38,11.9000,2022-09-19 10:35,12.2700,2022-09-19 10:43,12.4400,2022-09-19 10:54,12.3100,8,11,19,8,11,19,0.013855,0.045378,intraday,intraday,0,0
2022-09-19 12:06,11.7900,2022-09-19 12:55,12.1500,2022-09-19 12:56,12.1600,2022-09-19 13:11,12.0300,1,15,16,1,15,16,0.000823,0.031383,intraday,intraday,0,0
2022-09-20 13:59,11.4200,2022-09-20 14:46,11.7800,2022-09-20 14:46,11.7800,2022-09-20 14:53,11.6600,0,7,7,0,7,7,0.000000,0.031524,intraday,intraday,0,0
2022-09-20 14:54,11.6500,2022-09-21 09:47,12.0500,2022-09-21 09:52,12.1600,2022-09-21 09:56,12.0300,5,4,9,5,4,9,0.009129,0.043777,intraday,intraday,0,0
2022-09-21 09:56,12.0300,2022-09-21 13:59,12.4200,2022-09-21 13:59,12.4200,2022-09-21 14:00,11.8600,0,1,1,0,1,1,0.000000,0.032419,intraday,intraday,0,0
2022-09-21 14:05,11.4500,2022-09-21 14:08,11.9300,2022-09-21 14:08,11.9300,2022-09-21 14:09,11.7700,0,1,1,0,1,1,0.000000,0.041921,intraday,intraday,0,0
2022-09-21 14:17,11.5800,2022-09-21 14:25,11.9300,2022-09-21 14:26,11.9900,2022-09-21 14:27,11.8600,1,1,2,1,1,2,0.005029,0.035406,intraday,intraday,0,0
2022-09-21 14:30,11.6900,2022-09-21 14:33,12.1100,2022-09-21 14:34,12.2900,2022-09-21 14:34,12.0600,1,0,1,1,0,1,0.014864,0.051326,intraday,intraday,0,0
2022-09-21 14:34,12.0600,2022-09-21 14:43,12.6400,2022-09-21 14:45,12.9000,2022-09-21 14:45,12.7100,2,0,2,2,0,2,0.020570,0.069652,intraday,intraday,0,0
2022-09-21 14:50,12.3800,2022-09-21 14:54,12.7700,2022-09-21 14:54,12.7700,2022-09-21 14:56,12.5300,0,2,2,0,2,2,0.000000,0.031502,intraday,intraday,0,0
2022-09-21 15:12,12.0800,2022-09-21 15:14,12.4700,2022-09-21 15:15,12.5600,2022-09-21 15:15,12.4200,1,0,1,1,0,1,0.007217,0.039735,intraday,intraday,0,0
2022-09-22 14:23,10.2500,2022-09-22 15:09,10.5600,2022-09-22 15:14,10.6700,2022-09-22 15:20,10.5600,5,6,11,5,6,11,0.010417,0.040976,intraday,intraday,0,0
2022-09-22 15:27,10.5000,2022-09-22 15:47,10.8200,2022-09-22 15:47,10.8200,2022-09-22 15:50,10.6100,0,3,3,0,3,3,0.000000,0.030476,intraday,intraday,0,0
2022-09-23 10:00,9.5500,2022-09-23 10:45,9.8600,2022-09-23 10:47,9.8900,2022-09-23 10:51,9.7800,2,4,6,2,4,6,0.003043,0.035602,intraday,intraday,0,0
2022-09-23 14:58,9.4500,2022-09-23 15:08,9.7800,2022-09-23 15:08,9.7800,2022-09-23 15:12,9.6800,0,4,4,0,4,4,0.000000,0.034921,intraday,intraday,0,0
2022-09-23 15:13,9.6300,2022-09-23 15:42,9.9600,2022-09-23 15:44,10.0200,2022-09-23 15:49,9.8700,2,5,7,2,5,7,0.006024,0.040498,intraday,intraday,0,0
2022-09-23 15:50,9.7600,2022-09-26 09:33,10.1300,2022-09-26 09:33,10.1300,2022-09-26 09:35,10.0200,0,2,2,0,2,2,0.000000,0.037910,intraday,intraday,0,0
2022-09-26 09:45,9.9800,2022-09-26 10:00,10.3200,2022-09-26 10:00,10.3200,2022-09-26 10:01,10.2100,0,1,1,0,1,1,0.000000,0.034068,intraday,intraday,0,0
2022-09-26 12:33,9.5100,2022-09-26 12:58,9.8000,2022-09-26 12:58,9.8000,2022-09-26 13:02,9.7000,0,4,4,0,4,4,0.000000,0.030494,intraday,intraday,0,0
2022-09-26 13:59,9.5000,2022-09-26 14:49,9.7900,2022-09-26 15:03,9.9000,2022-09-26 15:06,9.8000,14,3,17,14,3,17,0.011236,0.042105,intraday,intraday,0,0
2022-09-26 15:59,9.5200,2022-09-27 09:30,10.1500,2022-09-27 09:35,10.2700,2022-09-27 09:36,10.1500,5,1,6,5,1,6,0.011823,0.078782,intraday,intraday,0,0
2022-09-27 10:03,9.7600,2022-09-27 10:38,10.0600,2022-09-27 10:38,10.0600,2022-09-27 10:39,9.9300,0,1,1,0,1,1,0.000000,0.030738,intraday,intraday,0,0
2022-09-27 12:19,9.3900,2022-09-27 14:03,9.6900,2022-09-27 14:03,9.6900,2022-09-27 14:13,9.5800,0,10,10,0,10,10,0.000000,0.031949,intraday,intraday,0,0
2022-09-27 14:23,9.5500,2022-09-27 14:41,9.8400,2022-09-27 14:49,9.9000,2022-09-27 14:49,9.7900,8,0,8,8,0,8,0.006098,0.036649,intraday,intraday,0,0
2022-09-28 09:34,9.4400,2022-09-28 09:40,9.7300,2022-09-28 09:41,9.8100,2022-09-28 09:41,9.7000,1,0,1,1,0,1,0.008222,0.039195,intraday,intraday,0,0
2022-09-28 10:09,9.6300,2022-09-28 10:24,9.9200,2022-09-28 10:38,10.0300,2022-09-28 10:39,9.9200,14,1,15,14,1,15,0.011089,0.041537,intraday,intraday,0,0
2022-09-28 11:00,9.8600,2022-09-28 11:56,10.1600,2022-09-28 12:19,10.2500,2022-09-28 12:23,10.1400,23,4,27,23,4,27,0.008858,0.039554,intraday,intraday,0,0
2022-09-28 13:52,9.9200,2022-09-28 15:11,10.2200,2022-09-28 15:54,10.3500,2022-09-28 15:58,10.2300,43,4,47,43,4,47,0.012720,0.043347,intraday,intraday,0,0
2022-09-29 10:35,9.0000,2022-09-29 11:52,9.2800,2022-09-29 11:54,9.3000,2022-09-29 12:11,9.2000,2,17,19,2,17,19,0.002155,0.033333,intraday,intraday,0,0
2022-09-29 14:20,8.8000,2022-09-29 15:16,9.1100,2022-09-29 15:16,9.1100,2022-09-29 15:26,9.0100,0,10,10,0,10,10,0.000000,0.035227,intraday,intraday,0,0
2022-09-29 15:26,9.0100,2022-09-29 15:50,9.3000,2022-09-29 15:50,9.3000,2022-09-29 15:54,9.2000,0,4,4,0,4,4,0.000000,0.032186,intraday,intraday,0,0
2022-09-30 09:30,8.8900,2022-09-30 09:33,9.2200,2022-09-30 09:34,9.2700,2022-09-30 09:35,9.1200,1,1,2,1,1,2,0.005423,0.042745,intraday,intraday,0,0
2022-09-30 09:38,8.9500,2022-09-30 09:53,9.2300,2022-09-30 09:57,9.2500,2022-09-30 09:58,9.1400,4,1,5,4,1,5,0.002167,0.033520,intraday,intraday,0,0
2022-09-30 10:02,9.0600,2022-09-30 10:32,9.3600,2022-09-30 10:37,9.4500,2022-09-30 10:40,9.3500,5,3,8,5,3,8,0.009615,0.043046,intraday,intraday,0,0
2022-09-30 10:47,9.2800,2022-09-30 11:08,9.5600,2022-09-30 11:12,9.6100,2022-09-30 11:18,9.5100,4,6,10,4,6,10,0.005230,0.035560,intraday,intraday,0,0
2022-09-30 15:59,8.7400,2022-10-03 09:30,9.2400,2022-10-03 09:30,9.2400,2022-10-03 09:31,9.1100,0,1,1,0,1,1,0.000000,0.057208,intraday,intraday,0,0
2022-10-03 09:40,8.8800,2022-10-03 09:43,9.1500,2022-10-03 09:45,9.2300,2022-10-03 09:45,9.0900,2,0,2,2,0,2,0.008743,0.039414,intraday,intraday,0,0
2022-10-03 09:45,9.0900,2022-10-03 10:00,9.3900,2022-10-03 10:02,9.4900,2022-10-03 10:02,9.3900,2,0,2,2,0,2,0.010650,0.044004,intraday,intraday,0,0
2022-10-03 10:02,9.3900,2022-10-03 10:24,9.7000,2022-10-03 10:31,9.8000,2022-10-03 10:35,9.7000,7,4,11,7,4,11,0.010309,0.043663,intraday,intraday,0,0
2022-10-03 12:52,9.5200,2022-10-03 13:34,9.8200,2022-10-03 15:07,10.0000,2022-10-03 15:16,9.9000,93,9,102,93,9,102,0.018330,0.050420,intraday,intraday,0,0
2022-10-03 15:56,9.6800,2022-10-04 09:30,10.7600,2022-10-04 09:30,10.7600,2022-10-04 09:31,10.6000,0,1,1,0,1,1,0.000000,0.111570,intraday,intraday,0,0
2022-10-04 09:34,10.5400,2022-10-04 09:59,10.8600,2022-10-04 10:00,10.9600,2022-10-04 10:00,10.8500,1,0,1,1,0,1,0.009208,0.039848,intraday,intraday,0,0
2022-10-04 13:20,10.7200,2022-10-04 14:51,11.0500,2022-10-04 14:51,11.0500,2022-10-04 15:10,10.9200,0,19,19,0,19,19,0.000000,0.030784,intraday,intraday,0,0
2022-10-05 10:33,10.2100,2022-10-05 11:12,10.5200,2022-10-05 11:46,10.8400,2022-10-05 11:49,10.7300,34,3,37,34,3,37,0.030418,0.061704,intraday,intraday,0,0
2022-10-05 12:03,10.7000,2022-10-05 12:12,11.0300,2022-10-05 12:18,11.0700,2022-10-05 12:38,10.9500,6,20,26,6,20,26,0.003626,0.034579,intraday,intraday,0,0
2022-10-05 12:38,10.9500,2022-10-05 13:14,11.2900,2022-10-05 13:23,11.4300,2022-10-05 13:27,11.3100,9,4,13,9,4,13,0.012400,0.043836,intraday,intraday,0,0
2022-10-05 14:00,11.2000,2022-10-05 15:02,11.5500,2022-10-05 15:19,11.6600,2022-10-05 15:27,11.5100,17,8,25,17,8,25,0.009524,0.041071,intraday,intraday,0,0
2022-10-06 09:30,11.2700,2022-10-06 09:33,11.6400,2022-10-06 09:33,11.6400,2022-10-06 09:35,11.5000,0,2,2,0,2,2,0.000000,0.032831,intraday,intraday,0,0
2022-10-06 09:35,11.5000,2022-10-06 09:41,11.8500,2022-10-06 09:43,11.9200,2022-10-06 09:47,11.7700,2,4,6,2,4,6,0.005907,0.036522,intraday,intraday,0,0
2022-10-06 10:29,11.0500,2022-10-06 10:49,11.4000,2022-10-06 11:00,11.5300,2022-10-06 11:02,11.4100,11,2,13,11,2,13,0.011404,0.043439,intraday,intraday,0,0
2022-10-06 11:16,11.2900,2022-10-06 11:53,11.6400,2022-10-06 11:53,11.6400,2022-10-06 11:55,11.5100,0,2,2,0,2,2,0.000000,0.031001,intraday,intraday,0,0
2022-10-07 09:32,9.9500,2022-10-07 09:33,10.2700,2022-10-07 09:34,10.2800,2022-10-07 09:34,10.1500,1,0,1,1,0,1,0.000974,0.033166,intraday,intraday,0,0
2022-10-07 10:03,9.7000,2022-10-07 10:19,10.0100,2022-10-07 10:20,10.0200,2022-10-07 10:21,9.9000,1,1,2,1,1,2,0.000999,0.032990,intraday,intraday,0,0
2022-10-10 10:54,7.8600,2022-10-10 11:21,8.1300,2022-10-10 11:22,8.1600,2022-10-10 11:26,8.0500,1,4,5,1,4,5,0.003690,0.038168,intraday,intraday,0,0
2022-10-10 11:42,7.9700,2022-10-10 11:50,8.2800,2022-10-10 11:50,8.2800,2022-10-10 11:59,8.1800,0,9,9,0,9,9,0.000000,0.038896,intraday,intraday,0,0
2022-10-10 13:08,7.9000,2022-10-10 13:33,8.1600,2022-10-10 13:45,8.1900,2022-10-10 13:45,8.1000,12,0,12,12,0,12,0.003676,0.036709,intraday,intraday,0,0
2022-10-10 13:45,8.1000,2022-10-10 13:49,8.4000,2022-10-10 13:52,8.4800,2022-10-10 13:52,8.3900,3,0,3,3,0,3,0.009524,0.046914,intraday,intraday,0,0
2022-10-10 14:23,8.1000,2022-10-10 15:16,8.3800,2022-10-10 15:20,8.4300,2022-10-10 15:25,8.3400,4,5,9,4,5,9,0.005967,0.040741,intraday,intraday,0,0
2022-10-11 10:31,7.3400,2022-10-11 10:39,7.5700,2022-10-11 10:40,7.6700,2022-10-11 10:40,7.5500,1,0,1,1,0,1,0.013210,0.044959,intraday,intraday,0,0
2022-10-11 11:00,7.3700,2022-10-11 11:04,7.6000,2022-10-11 11:04,7.6000,2022-10-11 11:05,7.5200,0,1,1,0,1,1,0.000000,0.031208,intraday,intraday,0,0
2022-10-11 11:11,7.4100,2022-10-11 11:35,7.6500,2022-10-11 11:37,7.7200,2022-10-11 11:38,7.6300,2,1,3,2,1,3,0.009150,0.041835,intraday,intraday,0,0
2022-10-11 11:42,7.5900,2022-10-11 11:47,7.8300,2022-10-11 11:49,7.8800,2022-10-11 11:53,7.8000,2,4,6,2,4,6,0.006386,0.038208,intraday,intraday,0,0
2022-10-11 12:09,7.5000,2022-10-11 12:20,7.7500,2022-10-11 12:21,7.7700,2022-10-11 12:27,7.6800,1,6,7,1,6,7,0.002581,0.036000,intraday,intraday,0,0
2022-10-11 12:27,7.6800,2022-10-11 12:44,7.9300,2022-10-11 12:46,8.0200,2022-10-11 12:50,7.8900,2,4,6,2,4,6,0.011349,0.044271,intraday,intraday,0,0
2022-10-11 15:15,7.2000,2022-10-11 15:36,7.4200,2022-10-11 15:49,7.4600,2022-10-11 15:50,7.3400,13,1,14,13,1,14,0.005391,0.036111,intraday,intraday,0,0
2022-10-12 09:32,7.3000,2022-10-12 09:35,7.5300,2022-10-12 09:36,7.5600,2022-10-12 09:36,7.4700,1,0,1,1,0,1,0.003984,0.035616,intraday,intraday,0,0
2022-10-12 10:22,7.2300,2022-10-12 11:03,7.4700,2022-10-12 11:11,7.4800,2022-10-12 11:14,7.4000,8,3,11,8,3,11,0.001339,0.034578,intraday,intraday,0,0
2022-10-13 09:33,6.2100,2022-10-13 09:41,6.4400,2022-10-13 09:42,6.5300,2022-10-13 09:42,6.4200,1,0,1,1,0,1,0.013975,0.051530,intraday,intraday,0,0
2022-10-13 09:44,6.3800,2022-10-13 09:50,6.6300,2022-10-13 09:50,6.6300,2022-10-13 09:51,6.5500,0,1,1,0,1,1,0.000000,0.039185,intraday,intraday,0,0
2022-10-13 09:51,6.5500,2022-10-13 10:04,6.7700,2022-10-13 10:06,6.8500,2022-10-13 10:06,6.7600,2,0,2,2,0,2,0.011817,0.045802,intraday,intraday,0,0
2022-10-13 10:08,6.7500,2022-10-13 10:13,7.0100,2022-10-13 10:14,7.0700,2022-10-13 10:14,6.9700,1,0,1,1,0,1,0.008559,0.047407,intraday,intraday,0,0
2022-10-13 10:30,6.7700,2022-10-13 10:40,6.9800,2022-10-13 10:41,7.0400,2022-10-13 10:41,6.9600,1,0,1,1,0,1,0.008596,0.039882,intraday,intraday,0,0
2022-10-13 10:43,6.9300,2022-10-13 10:54,7.1700,2022-10-13 10:55,7.2300,2022-10-13 10:55,7.1300,1,0,1,1,0,1,0.008368,0.043290,intraday,intraday,0,0
2022-10-13 11:03,7.1200,2022-10-13 11:06,7.3700,2022-10-13 11:09,7.5400,2022-10-13 11:09,7.4300,3,0,3,3,0,3,0.023066,0.058989,intraday,intraday,0,0
2022-10-13 11:09,7.4300,2022-10-13 11:13,7.6600,2022-10-13 11:14,7.6700,2022-10-13 11:14,7.5900,1,0,1,1,0,1,0.001305,0.032301,intraday,intraday,0,0
2022-10-13 11:14,7.5900,2022-10-13 11:17,7.9400,2022-10-13 11:17,7.9400,2022-10-13 11:18,7.8000,0,1,1,0,1,1,0.000000,0.046113,intraday,intraday,0,0
2022-10-13 11:18,7.8000,2022-10-13 11:20,8.1600,2022-10-13 11:21,8.2300,2022-10-13 11:21,7.9900,1,0,1,1,0,1,0.008578,0.055128,intraday,intraday,0,0
2022-10-13 11:25,7.7500,2022-10-13 11:36,8.0000,2022-10-13 11:37,8.0500,2022-10-13 11:37,7.9500,1,0,1,1,0,1,0.006250,0.038710,intraday,intraday,0,0
2022-10-13 11:37,7.9500,2022-10-13 11:38,8.2100,2022-10-13 11:39,8.3200,2022-10-13 11:39,8.1500,1,0,1,1,0,1,0.013398,0.046541,intraday,intraday,0,0
2022-10-13 12:25,7.5700,2022-10-13 12:53,7.8000,2022-10-13 12:53,7.8000,2022-10-13 12:54,7.7100,0,1,1,0,1,1,0.000000,0.030383,intraday,intraday,0,0
2022-10-13 12:57,7.6900,2022-10-13 13:20,7.9500,2022-10-13 13:24,8.0200,2022-10-13 13:25,7.9300,4,1,5,4,1,5,0.008805,0.042913,intraday,intraday,0,0
2022-10-13 14:28,7.8100,2022-10-13 14:58,8.0500,2022-10-13 14:58,8.0500,2022-10-13 15:00,7.9400,0,2,2,0,2,2,0.000000,0.030730,intraday,intraday,0,0
2022-10-13 15:37,7.9000,2022-10-14 09:30,8.2700,2022-10-14 09:30,8.2700,2022-10-14 09:31,8.0300,0,1,1,0,1,1,0.000000,0.046835,intraday,intraday,0,0
2022-10-14 09:34,7.8300,2022-10-14 09:38,8.1300,2022-10-14 09:39,8.1500,2022-10-14 09:39,8.0400,1,0,1,1,0,1,0.002460,0.040868,intraday,intraday,0,0
2022-10-14 10:00,7.3000,2022-10-14 10:00,7.5800,2022-10-14 10:00,7.5800,2022-10-14 10:01,7.2600,0,1,1,0,1,1,0.000000,0.038356,intraday,intraday,0,0
2022-10-14 10:01,7.2600,2022-10-14 10:04,7.4800,2022-10-14 10:05,7.5600,2022-10-14 10:05,7.4400,1,0,1,1,0,1,0.010695,0.041322,intraday,intraday,0,0
2022-10-14 10:22,7.1300,2022-10-14 10:28,7.3600,2022-10-14 10:29,7.3700,2022-10-14 10:29,7.2900,1,0,1,1,0,1,0.001359,0.033661,intraday,intraday,0,0
2022-10-14 10:45,7.2000,2022-10-14 11:00,7.5000,2022-10-14 11:01,7.5400,2022-10-14 11:02,7.4400,1,1,2,1,1,2,0.005333,0.047222,intraday,intraday,0,0
2022-10-14 15:59,6.8700,2022-10-17 09:30,7.6700,2022-10-17 09:30,7.6700,2022-10-17 09:32,7.5600,0,2,2,0,2,2,0.000000,0.116448,intraday,intraday,0,0
2022-10-17 10:57,7.2000,2022-10-17 11:29,7.4200,2022-10-17 11:42,7.4600,2022-10-17 11:45,7.3800,13,3,16,13,3,16,0.005391,0.036111,intraday,intraday,0,0
2022-10-17 15:07,7.2600,2022-10-18 09:30,8.1700,2022-10-18 09:31,8.1800,2022-10-18 09:31,8.0600,1,0,1,1,0,1,0.001224,0.126722,intraday,intraday,0,0
2022-10-18 11:41,7.0400,2022-10-18 11:50,7.2600,2022-10-18 11:54,7.3100,2022-10-18 11:55,7.2300,4,1,5,4,1,5,0.006887,0.038352,intraday,intraday,0,0
2022-10-18 12:07,7.2200,2022-10-18 12:11,7.4400,2022-10-18 12:19,7.4800,2022-10-18 12:22,7.4000,8,3,11,8,3,11,0.005376,0.036011,intraday,intraday,0,0
2022-10-18 12:27,7.3200,2022-10-18 12:42,7.5600,2022-10-18 12:42,7.5600,2022-10-18 12:44,7.4700,0,2,2,0,2,2,0.000000,0.032787,intraday,intraday,0,0
2022-10-18 13:04,7.3000,2022-10-18 13:51,7.5300,2022-10-18 13:55,7.5500,2022-10-18 14:04,7.4600,4,9,13,4,9,13,0.002656,0.034247,intraday,intraday,0,0
2022-10-18 14:48,7.1200,2022-10-18 15:31,7.4000,2022-10-18 15:33,7.4400,2022-10-18 15:36,7.3500,2,3,5,2,3,5,0.005405,0.044944,intraday,intraday,0,0
2022-10-19 09:31,7.2500,2022-10-19 09:35,7.5000,2022-10-19 09:36,7.5200,2022-10-19 09:37,7.4400,1,1,2,1,1,2,0.002667,0.037241,intraday,intraday,0,0
2022-10-19 09:49,7.2000,2022-10-19 10:05,7.4500,2022-10-19 10:10,7.5200,2022-10-19 10:11,7.4300,5,1,6,5,1,6,0.009396,0.044444,intraday,intraday,0,0
2022-10-19 10:11,7.4300,2022-10-19 10:21,7.7000,2022-10-19 10:23,7.7400,2022-10-19 10:23,7.6600,2,0,2,2,0,2,0.005195,0.041723,intraday,intraday,0,0
2022-10-19 10:58,7.4500,2022-10-19 11:45,7.6800,2022-10-19 11:55,7.7600,2022-10-19 12:00,7.6400,10,5,15,10,5,15,0.010417,0.041611,intraday,intraday,0,0
2022-10-19 13:05,7.3200,2022-10-19 14:08,7.5500,2022-10-19 14:18,7.6000,2022-10-19 14:22,7.5100,10,4,14,10,4,14,0.006623,0.038251,intraday,intraday,0,0
2022-10-19 15:07,7.4100,2022-10-20 09:30,7.7600,2022-10-20 09:31,7.8600,2022-10-20 09:31,7.7300,1,0,1,1,0,1,0.012887,0.060729,intraday,intraday,0,0
2022-10-20 09:36,7.5900,2022-10-20 09:41,7.8200,2022-10-20 09:42,7.8400,2022-10-20 09:42,7.7600,1,0,1,1,0,1,0.002558,0.032938,intraday,intraday,0,0
2022-10-20 09:42,7.7600,2022-10-20 09:47,8.0400,2022-10-20 10:09,8.2800,2022-10-20 10:11,8.1900,22,2,24,22,2,24,0.029851,0.067010,intraday,intraday,0,0
2022-10-20 10:14,8.1200,2022-10-20 10:57,8.3800,2022-10-20 11:14,8.4200,2022-10-20 11:17,8.3300,17,3,20,17,3,20,0.004773,0.036946,intraday,intraday,0,0
2022-10-20 14:26,7.6000,2022-10-20 15:07,7.8400,2022-10-20 15:07,7.8400,2022-10-20 15:18,7.7600,0,11,11,0,11,11,0.000000,0.031579,intraday,intraday,0,0
2022-10-21 09:31,7.5500,2022-10-21 09:32,7.7900,2022-10-21 09:32,7.7900,2022-10-21 09:33,7.6700,0,1,1,0,1,1,0.000000,0.031788,intraday,intraday,0,0
2022-10-21 09:35,7.5600,2022-10-21 09:45,7.9200,2022-10-21 09:45,7.9200,2022-10-21 09:48,7.8200,0,3,3,0,3,3,0.000000,0.047619,intraday,intraday,0,0
2022-10-21 09:51,7.8000,2022-10-21 09:54,8.0400,2022-10-21 09:54,8.0400,2022-10-21 09:55,7.9400,0,1,1,0,1,1,0.000000,0.030769,intraday,intraday,0,0
2022-10-21 09:55,7.9400,2022-10-21 10:06,8.2000,2022-10-21 10:07,8.2800,2022-10-21 10:07,8.1800,1,0,1,1,0,1,0.009756,0.042821,intraday,intraday,0,0
2022-10-21 10:38,7.8200,2022-10-21 10:47,8.0600,2022-10-21 10:47,8.0600,2022-10-21 10:49,7.9600,0,2,2,0,2,2,0.000000,0.030691,intraday,intraday,0,0
2022-10-21 11:02,7.8200,2022-10-21 11:26,8.0600,2022-10-21 11:33,8.1700,2022-10-21 11:36,8.0700,7,3,10,7,3,10,0.013648,0.044757,intraday,intraday,0,0
2022-10-21 11:37,8.0400,2022-10-21 12:00,8.3100,2022-10-21 12:02,8.3500,2022-10-21 12:06,8.2500,2,4,6,2,4,6,0.004813,0.038557,intraday,intraday,0,0
2022-10-21 12:31,8.1500,2022-10-21 13:58,8.4000,2022-10-21 14:07,8.4700,2022-10-21 14:15,8.3800,9,8,17,9,8,17,0.008333,0.039264,intraday,intraday,0,0
2022-10-21 14:17,8.3500,2022-10-21 15:25,8.6100,2022-10-24 09:30,8.6800,2022-10-24 09:30,8.5300,35,0,35,3965,0,3965,0.008130,0.039521,weekend,intraday,1,1
2022-10-24 09:33,8.4400,2022-10-24 09:37,8.7700,2022-10-24 09:38,8.8000,2022-10-24 09:39,8.6400,1,1,2,1,1,2,0.003421,0.042654,intraday,intraday,0,0
2022-10-24 09:43,8.4800,2022-10-24 09:45,8.7700,2022-10-24 09:46,8.7800,2022-10-24 09:46,8.6800,1,0,1,1,0,1,0.001140,0.035377,intraday,intraday,0,0
2022-10-24 10:21,8.0800,2022-10-24 10:35,8.3600,2022-10-24 10:39,8.4000,2022-10-24 10:39,8.2900,4,0,4,4,0,4,0.004785,0.039604,intraday,intraday,0,0
2022-10-24 10:49,8.1600,2022-10-24 10:55,8.4100,2022-10-24 10:59,8.4700,2022-10-24 10:59,8.3700,4,0,4,4,0,4,0.007134,0.037990,intraday,intraday,0,0
2022-10-24 11:17,8.3600,2022-10-24 11:53,8.6200,2022-10-24 12:19,8.7100,2022-10-24 12:20,8.6200,26,1,27,26,1,27,0.010441,0.041866,intraday,intraday,0,0
2022-10-24 13:32,8.4600,2022-10-24 14:43,8.7300,2022-10-24 15:19,8.8100,2022-10-24 15:32,8.7200,36,13,49,36,13,49,0.009164,0.041371,intraday,intraday,0,0
2022-10-24 15:54,8.6400,2022-10-25 09:32,8.9200,2022-10-25 09:35,8.9700,2022-10-25 09:35,8.8800,3,0,3,3,0,3,0.005605,0.038194,intraday,intraday,0,0
2022-10-25 09:36,8.8500,2022-10-25 09:42,9.1500,2022-10-25 09:45,9.2200,2022-10-25 09:45,9.1200,3,0,3,3,0,3,0.007650,0.041808,intraday,intraday,0,0
2022-10-25 09:45,9.1200,2022-10-25 11:26,9.4100,2022-10-25 11:44,9.4700,2022-10-25 11:57,9.3600,18,13,31,18,13,31,0.006376,0.038377,intraday,intraday,0,0
2022-10-26 09:30,8.5500,2022-10-26 09:32,8.8500,2022-10-26 09:32,8.8500,2022-10-26 09:33,8.7100,0,1,1,0,1,1,0.000000,0.035088,intraday,intraday,0,0
2022-10-26 09:35,8.5900,2022-10-26 09:41,8.9000,2022-10-26 09:41,8.9000,2022-10-26 09:43,8.8000,0,2,2,0,2,2,0.000000,0.036088,intraday,intraday,0,0
2022-10-26 09:45,8.7300,2022-10-26 09:51,9.0000,2022-10-26 09:55,9.0800,2022-10-26 09:55,8.9700,4,0,4,4,0,4,0.008889,0.040092,intraday,intraday,0,0
2022-10-26 09:58,8.9400,2022-10-26 10:01,9.2300,2022-10-26 10:01,9.2300,2022-10-26 10:02,9.0900,0,1,1,0,1,1,0.000000,0.032438,intraday,intraday,0,0
2022-10-26 10:24,9.0500,2022-10-26 10:38,9.3300,2022-10-26 10:48,9.5500,2022-10-26 10:53,9.4500,10,5,15,10,5,15,0.023580,0.055249,intraday,intraday,0,0
2022-10-26 10:58,9.3600,2022-10-26 11:38,9.6500,2022-10-26 11:39,9.6700,2022-10-26 11:45,9.5700,1,6,7,1,6,7,0.002073,0.033120,intraday,intraday,0,0
2022-10-26 13:32,8.8700,2022-10-26 14:03,9.1400,2022-10-26 14:06,9.1700,2022-10-26 14:16,9.0600,3,10,13,3,10,13,0.003282,0.033822,intraday,intraday,0,0
2022-10-26 15:11,8.9200,2022-10-27 09:30,9.4000,2022-10-27 09:30,9.4000,2022-10-27 09:31,9.2500,0,1,1,0,1,1,0.000000,0.053812,intraday,intraday,0,0
2022-10-27 09:51,8.6100,2022-10-27 10:04,8.8800,2022-10-27 10:05,9.0000,2022-10-27 10:05,8.8500,1,0,1,1,0,1,0.013514,0.045296,intraday,intraday,0,0
2022-10-27 10:05,8.8500,2022-10-27 10:14,9.1200,2022-10-27 10:21,9.2300,2022-10-27 10:23,9.1300,7,2,9,7,2,9,0.012061,0.042938,intraday,intraday,0,0
2022-10-27 15:57,8.4800,2022-10-28 09:33,8.8400,2022-10-28 09:33,8.8400,2022-10-28 09:34,8.7300,0,1,1,0,1,1,0.000000,0.042453,intraday,intraday,0,0
2022-10-28 09:34,8.7300,2022-10-28 09:41,9.0200,2022-10-28 09:42,9.0400,2022-10-28 09:42,8.9400,1,0,1,1,0,1,0.002217,0.035510,intraday,intraday,0,0
2022-10-28 10:12,8.6100,2022-10-28 10:26,8.9100,2022-10-28 10:31,9.0400,2022-10-28 10:34,8.9100,5,3,8,5,3,8,0.014590,0.049942,intraday,intraday,0,0
2022-10-28 10:35,8.8800,2022-10-28 10:54,9.1900,2022-10-28 11:00,9.2300,2022-10-28 11:01,9.1300,6,1,7,6,1,7,0.004353,0.039414,intraday,intraday,0,0
2022-10-28 11:01,9.1300,2022-10-28 11:42,9.4400,2022-10-28 11:42,9.4400,2022-10-28 11:50,9.3400,0,8,8,0,8,8,0.000000,0.033954,intraday,intraday,0,0
2022-10-28 12:06,9.2600,2022-10-28 15:52,9.5400,2022-10-28 15:55,9.5600,2022-10-31 09:30,9.1800,3,5,8,3,3935,3938,0.002096,0.032397,weekend,weekend,1,1
2022-10-31 09:50,8.7800,2022-10-31 10:02,9.0500,2022-10-31 10:02,9.0500,2022-10-31 10:04,8.9500,0,2,2,0,2,2,0.000000,0.030752,intraday,intraday,0,0
2022-10-31 10:36,8.7500,2022-10-31 11:28,9.0200,2022-10-31 11:51,9.1200,2022-10-31 11:58,8.9200,23,7,30,23,7,30,0.011086,0.042286,intraday,intraday,0,0
2022-10-31 12:43,8.8200,2022-10-31 13:16,9.0900,2022-10-31 13:34,9.1600,2022-10-31 13:41,9.0600,18,7,25,18,7,25,0.007701,0.038549,intraday,intraday,0,0
2022-10-31 15:55,8.8600,2022-11-01 09:30,9.5100,2022-11-01 09:30,9.5100,2022-11-01 09:31,9.3700,0,1,1,0,1,1,0.000000,0.073363,intraday,intraday,0,0
2022-11-01 10:10,8.9400,2022-11-01 10:30,9.2100,2022-11-01 10:30,9.2100,2022-11-01 10:33,9.1100,0,3,3,0,3,3,0.000000,0.030201,intraday,intraday,0,0
2022-11-01 10:44,9.0100,2022-11-01 12:06,9.3400,2022-11-01 12:06,9.3400,2022-11-01 12:09,9.2400,0,3,3,0,3,3,0.000000,0.036626,intraday,intraday,0,0
2022-11-01 13:38,9.0900,2022-11-02 09:40,9.4100,2022-11-02 09:42,9.4400,2022-11-02 09:45,9.3400,2,3,5,2,3,5,0.003188,0.038504,intraday,intraday,0,0
2022-11-02 12:37,9.0200,2022-11-02 14:00,9.4500,2022-11-02 14:01,9.6000,2022-11-02 14:01,9.4200,1,0,1,1,0,1,0.015873,0.064302,intraday,intraday,0,0
2022-11-02 14:17,9.4100,2022-11-02 14:29,9.7300,2022-11-02 14:30,9.7700,2022-11-02 14:30,9.6600,1,0,1,1,0,1,0.004111,0.038257,intraday,intraday,0,0
2022-11-02 14:36,9.2500,2022-11-02 14:36,9.7500,2022-11-02 14:36,9.7500,2022-11-02 14:37,9.1100,0,1,1,0,1,1,0.000000,0.054054,intraday,intraday,0,0
2022-11-02 14:38,9.0700,2022-11-02 14:40,9.3900,2022-11-02 14:41,9.4400,2022-11-02 14:41,9.1700,1,0,1,1,0,1,0.005325,0.040794,intraday,intraday,0,0
2022-11-02 14:41,9.1700,2022-11-02 14:42,9.5900,2022-11-02 14:42,9.5900,2022-11-02 14:43,9.3700,0,1,1,0,1,1,0.000000,0.045802,intraday,intraday,0,0
2022-11-02 14:53,8.8000,2022-11-02 15:05,9.0700,2022-11-02 15:05,9.0700,2022-11-02 15:06,8.9500,0,1,1,0,1,1,0.000000,0.030682,intraday,intraday,0,0
2022-11-03 10:00,7.5300,2022-11-03 10:14,7.8400,2022-11-03 10:15,7.9000,2022-11-03 10:15,7.8200,1,0,1,1,0,1,0.007653,0.049137,intraday,intraday,0,0
2022-11-03 10:21,7.7100,2022-11-03 10:28,8.0200,2022-11-03 10:30,8.0500,2022-11-03 10:31,7.8900,2,1,3,2,1,3,0.003741,0.044099,intraday,intraday,0,0
2022-11-03 10:36,7.8200,2022-11-03 10:43,8.0600,2022-11-03 10:45,8.1700,2022-11-03 10:45,8.0700,2,0,2,2,0,2,0.013648,0.044757,intraday,intraday,0,0
2022-11-03 11:32,7.8800,2022-11-03 11:46,8.1300,2022-11-03 11:46,8.1300,2022-11-03 11:50,8.0300,0,4,4,0,4,4,0.000000,0.031726,intraday,intraday,0,0
2022-11-03 11:56,7.9700,2022-11-03 12:51,8.2200,2022-11-03 12:53,8.2500,2022-11-03 13:03,8.1400,2,10,12,2,10,12,0.003650,0.035132,intraday,intraday,0,0
2022-11-03 15:57,7.8700,2022-11-04 09:30,8.9000,2022-11-04 09:30,8.9000,2022-11-04 09:31,8.7000,0,1,1,0,1,1,0.000000,0.130877,intraday,intraday,0,0
2022-11-04 09:44,8.4300,2022-11-04 09:56,8.7300,2022-11-04 10:00,8.8200,2022-11-04 10:01,8.7200,4,1,5,4,1,5,0.010309,0.046263,intraday,intraday,0,0
2022-11-04 10:07,8.6600,2022-11-04 10:12,8.9200,2022-11-04 10:17,9.0000,2022-11-04 10:18,8.8700,5,1,6,5,1,6,0.008969,0.039261,intraday,intraday,0,0
2022-11-04 12:05,8.4700,2022-11-04 12:17,8.7600,2022-11-04 12:18,8.8100,2022-11-04 12:21,8.6900,1,3,4,1,3,4,0.005708,0.040142,intraday,intraday,0,0
2022-11-04 14:06,8.4200,2022-11-04 14:38,8.6800,2022-11-04 15:15,8.9900,2022-11-04 15:20,8.9000,37,5,42,37,5,42,0.035714,0.067696,intraday,intraday,0,0
2022-11-04 15:50,8.8800,2022-11-07 09:30,9.2900,2022-11-07 09:31,9.3100,2022-11-07 09:31,9.1200,1,0,1,1,0,1,0.002153,0.048423,intraday,intraday,0,0
2022-11-07 09:52,8.8800,2022-11-07 10:05,9.1500,2022-11-07 10:05,9.1500,2022-11-07 10:07,9.0500,0,2,2,0,2,2,0.000000,0.030405,intraday,intraday,0,0
2022-11-07 10:39,8.9600,2022-11-07 11:06,9.2300,2022-11-07 11:06,9.2300,2022-11-07 11:08,9.1200,0,2,2,0,2,2,0.000000,0.030134,intraday,intraday,0,0
2022-11-07 12:00,9.0800,2022-11-07 14:11,9.3700,2022-11-07 15:24,9.6900,2022-11-07 15:53,9.5900,73,29,102,73,29,102,0.034152,0.067181,intraday,intraday,0,0
2022-11-07 15:56,9.5600,2022-11-08 09:30,10.1900,2022-11-08 09:30,10.1900,2022-11-08 09:31,10.0500,0,1,1,0,1,1,0.000000,0.065900,intraday,intraday,0,0
2022-11-08 09:43,9.8700,2022-11-08 09:53,10.2100,2022-11-08 09:53,10.2100,2022-11-08 10:00,10.0600,0,7,7,0,7,7,0.000000,0.034448,intraday,intraday,0,0
2022-11-08 10:04,10.0000,2022-11-08 10:34,10.3200,2022-11-08 11:40,10.5600,2022-11-08 11:45,10.4400,66,5,71,66,5,71,0.023256,0.056000,intraday,intraday,0,0
2022-11-08 14:32,9.6100,2022-11-08 14:42,9.9200,2022-11-08 15:38,10.3400,2022-11-08 15:42,10.2200,56,4,60,56,4,60,0.042339,0.075963,intraday,intraday,0,0
2022-11-09 09:38,9.3600,2022-11-09 09:41,9.6500,2022-11-09 09:41,9.6500,2022-11-09 09:42,9.5500,0,1,1,0,1,1,0.000000,0.030983,intraday,intraday,0,0
2022-11-09 10:34,9.4400,2022-11-09 11:16,9.7400,2022-11-09 11:16,9.7400,2022-11-09 11:23,9.6300,0,7,7,0,7,7,0.000000,0.031780,intraday,intraday,0,0
2022-11-09 15:48,9.1800,2022-11-10 09:30,10.9200,2022-11-10 09:30,10.9200,2022-11-10 09:31,10.6700,0,1,1,0,1,1,0.000000,0.189542,intraday,intraday,0,0
2022-11-10 09:42,10.5600,2022-11-10 09:56,10.8800,2022-11-10 10:02,11.0600,2022-11-10 10:04,10.9200,6,2,8,6,2,8,0.016544,0.047348,intraday,intraday,0,0
2022-11-10 10:05,10.9000,2022-11-10 11:14,11.2600,2022-11-10 11:55,11.6300,2022-11-10 12:12,11.4900,41,17,58,41,17,58,0.032860,0.066972,intraday,intraday,0,0
2022-11-10 12:38,11.3400,2022-11-10 13:56,11.7000,2022-11-11 09:30,12.2900,2022-11-11 09:30,12.1000,124,0,124,1174,0,1174,0.050427,0.083774,overnight,intraday,1,1
2022-11-11 09:37,11.8300,2022-11-11 09:41,12.3000,2022-11-11 09:45,12.4100,2022-11-11 09:45,12.2700,4,0,4,4,0,4,0.008943,0.049028,intraday,intraday,0,0
2022-11-11 10:00,12.1700,2022-11-11 10:05,12.5700,2022-11-11 10:06,12.6300,2022-11-11 10:07,12.4200,1,1,2,1,1,2,0.004773,0.037798,intraday,intraday,0,0
2022-11-11 10:08,12.4000,2022-11-11 10:16,12.7900,2022-11-11 10:17,12.8300,2022-11-11 10:25,12.6500,1,8,9,1,8,9,0.003127,0.034677,intraday,intraday,0,0
2022-11-11 11:30,12.4400,2022-11-11 11:50,12.8500,2022-11-11 11:58,12.8600,2022-11-11 12:02,12.7300,8,4,12,8,4,12,0.000778,0.033762,intraday,intraday,0,0
2022-11-11 12:07,12.7200,2022-11-11 13:30,13.1100,2022-11-11 14:05,13.3200,2022-11-11 14:17,13.1600,35,12,47,35,12,47,0.016018,0.047170,intraday,intraday,0,0
2022-11-14 09:48,12.7500,2022-11-14 10:06,13.1400,2022-11-14 10:10,13.3400,2022-11-14 10:11,13.1900,4,1,5,4,1,5,0.015221,0.046275,intraday,intraday,0,0
2022-11-14 11:19,13.0100,2022-11-14 13:20,13.4300,2022-11-14 14:02,13.5100,2022-11-14 14:16,13.3600,42,14,56,42,14,56,0.005957,0.038432,intraday,intraday,0,0
2022-11-14 15:57,12.7200,2022-11-15 09:30,14.4300,2022-11-15 09:31,14.4400,2022-11-15 09:33,14.1700,1,2,3,1,2,3,0.000693,0.135220,intraday,intraday,0,0
2022-11-15 09:49,13.9200,2022-11-15 10:01,14.3500,2022-11-15 10:04,14.3800,2022-11-15 10:07,14.2000,3,3,6,3,3,6,0.002091,0.033046,intraday,intraday,0,0
2022-11-15 11:02,13.8100,2022-11-15 11:33,14.2300,2022-11-15 11:33,14.2300,2022-11-15 11:44,14.0800,0,11,11,0,11,11,0.000000,0.030413,intraday,intraday,0,0
2022-11-15 13:40,13.3100,2022-11-15 13:46,13.7200,2022-11-15 13:46,13.7200,2022-11-15 13:48,13.5300,0,2,2,0,2,2,0.000000,0.030804,intraday,intraday,0,0
2022-11-15 14:04,13.3700,2022-11-15 14:11,13.8500,2022-11-15 14:11,13.8500,2022-11-15 14:12,13.7000,0,1,1,0,1,1,0.000000,0.035901,intraday,intraday,0,0
2022-11-16 10:58,12.2000,2022-11-16 11:32,12.5800,2022-11-16 11:33,12.6000,2022-11-16 11:36,12.4700,1,3,4,1,3,4,0.001590,0.032787,intraday,intraday,0,0
2022-11-16 15:34,11.8700,2022-11-16 15:50,12.2700,2022-11-16 15:54,12.2800,2022-11-16 15:55,12.1500,4,1,5,4,1,5,0.000815,0.034541,intraday,intraday,0,0
2022-11-17 09:30,11.3100,2022-11-17 09:31,11.6800,2022-11-17 09:31,11.6800,2022-11-17 09:33,11.5300,0,2,2,0,2,2,0.000000,0.032714,intraday,intraday,0,0
2022-11-17 09:34,11.4800,2022-11-17 09:42,11.8400,2022-11-17 09:42,11.8400,2022-11-17 09:43,11.7200,0,1,1,0,1,1,0.000000,0.031359,intraday,intraday,0,0
2022-11-17 09:43,11.7200,2022-11-17 09:47,12.1200,2022-11-17 09:50,12.1800,2022-11-17 09:52,11.9500,3,2,5,3,2,5,0.004950,0.039249,intraday,intraday,0,0
2022-11-17 10:03,11.7300,2022-11-17 10:15,12.0900,2022-11-17 10:16,12.1800,2022-11-17 10:16,12.0400,1,0,1,1,0,1,0.007444,0.038363,intraday,intraday,0,0
2022-11-17 11:11,11.9100,2022-11-17 11:56,12.2700,2022-11-17 12:00,12.4100,2022-11-17 12:06,12.2700,4,6,10,4,6,10,0.011410,0.041982,intraday,intraday,0,0
2022-11-17 12:34,12.1200,2022-11-17 13:10,12.4900,2022-11-17 13:21,12.5800,2022-11-17 13:29,12.4500,11,8,19,11,8,19,0.007206,0.037954,intraday,intraday,0,0
2022-11-17 15:26,12.1200,2022-11-18 09:30,13.0300,2022-11-18 09:30,13.0300,2022-11-18 09:31,12.5500,0,1,1,0,1,1,0.000000,0.075083,intraday,intraday,0,0
2022-11-18 12:25,12.0700,2022-11-18 13:29,12.4500,2022-11-18 13:30,12.4800,2022-11-18 13:39,12.3300,1,9,10,1,9,10,0.002410,0.033969,intraday,intraday,0,0
2022-11-18 13:44,12.2700,2022-11-18 15:49,12.6400,2022-11-18 15:50,12.6600,2022-11-18 15:53,12.5200,1,3,4,1,3,4,0.001582,0.031785,intraday,intraday,0,0
2022-11-21 10:47,11.7400,2022-11-22 09:30,12.2200,2022-11-22 09:30,12.2200,2022-11-22 09:31,12.0700,0,1,1,0,1,1,0.000000,0.040886,intraday,intraday,0,0
2022-11-22 09:41,11.8500,2022-11-22 10:29,12.2100,2022-11-22 10:31,12.2400,2022-11-22 10:32,12.1100,2,1,3,2,1,3,0.002457,0.032911,intraday,intraday,0,0
2022-11-22 10:33,12.0900,2022-11-22 10:49,12.4600,2022-11-22 10:50,12.4800,2022-11-22 11:16,12.3300,1,26,27,1,26,27,0.001605,0.032258,intraday,intraday,0,0
2022-11-22 11:36,12.3100,2022-11-22 15:29,12.6800,2022-11-23 09:41,13.4400,2022-11-23 09:43,13.2700,42,2,44,1092,2,1094,0.059937,0.091795,overnight,intraday,0,1
2022-11-23 09:43,13.2700,2022-11-23 10:06,13.6700,2022-11-23 10:14,13.7500,2022-11-23 10:23,13.6000,8,9,17,8,9,17,0.005852,0.036172,intraday,intraday,0,0
2022-11-23 12:58,12.9800,2022-11-23 14:02,13.4000,2022-11-23 14:04,13.5200,2022-11-23 14:06,13.3300,2,2,4,2,2,4,0.008955,0.041602,intraday,intraday,0,0
2022-11-28 09:30,12.2200,2022-11-28 09:44,12.6100,2022-11-28 09:45,12.7600,2022-11-28 09:45,12.6000,1,0,1,1,0,1,0.011895,0.044190,intraday,intraday,0,0
2022-11-28 15:33,11.6000,2022-11-29 09:30,11.9700,2022-11-29 09:30,11.9700,2022-11-29 09:31,11.8200,0,1,1,0,1,1,0.000000,0.031897,intraday,intraday,0,0
2022-11-29 09:45,11.8000,2022-11-29 10:40,12.1800,2022-11-29 10:40,12.1800,2022-11-29 10:52,12.0400,0,12,12,0,12,12,0.000000,0.032203,intraday,intraday,0,0
2022-11-29 11:20,11.5000,2022-11-29 12:37,11.8500,2022-11-29 12:38,11.9000,2022-11-29 13:01,11.7800,1,23,24,1,23,24,0.004219,0.034783,intraday,intraday,0,0
2022-11-29 13:30,11.6300,2022-11-30 09:33,12.0200,2022-11-30 09:34,12.0900,2022-11-30 09:38,11.9200,1,4,5,1,4,5,0.005824,0.039553,intraday,intraday,0,0
2022-11-30 10:00,11.5200,2022-11-30 11:35,11.8700,2022-11-30 11:42,11.9400,2022-11-30 11:58,11.8200,7,16,23,7,16,23,0.005897,0.036458,intraday,intraday,0,0
2022-11-30 12:20,11.6000,2022-11-30 13:30,12.1300,2022-11-30 13:32,12.1800,2022-11-30 13:32,11.9700,2,0,2,2,0,2,0.004122,0.050000,intraday,intraday,0,0
2022-11-30 13:33,11.9200,2022-11-30 13:38,12.3700,2022-11-30 13:40,12.4600,2022-11-30 13:42,12.2600,2,2,4,2,2,4,0.007276,0.045302,intraday,intraday,0,0
2022-11-30 13:46,12.1100,2022-11-30 13:57,12.5400,2022-11-30 14:00,12.7300,2022-11-30 14:00,12.5800,3,0,3,3,0,3,0.015152,0.051197,intraday,intraday,0,0
2022-11-30 14:00,12.5800,2022-11-30 14:13,12.9800,2022-11-30 14:19,13.3000,2022-11-30 14:19,13.1500,6,0,6,6,0,6,0.024653,0.057234,intraday,intraday,0,0
2022-11-30 14:44,13.0700,2022-11-30 15:24,13.4800,2022-11-30 15:34,13.6400,2022-11-30 15:38,13.4900,10,4,14,10,4,14,0.011869,0.043611,intraday,intraday,0,0
2022-11-30 15:40,13.4700,2022-12-01 09:30,14.1100,2022-12-01 09:30,14.1100,2022-12-01 09:31,13.9400,0,1,1,0,1,1,0.000000,0.047513,intraday,intraday,0,0
2022-12-01 10:18,12.9400,2022-12-01 10:50,13.3500,2022-12-01 11:01,13.5600,2022-12-01 11:06,13.4000,11,5,16,11,5,16,0.015730,0.047913,intraday,intraday,0,0
2022-12-01 12:04,13.1400,2022-12-01 13:40,13.5500,2022-12-01 13:46,13.6200,2022-12-01 13:54,13.4700,6,8,14,6,8,14,0.005166,0.036530,intraday,intraday,0,0
2022-12-02 09:30,12.3900,2022-12-02 09:32,12.7700,2022-12-02 09:33,12.8200,2022-12-02 09:33,12.6700,1,0,1,1,0,1,0.003915,0.034705,intraday,intraday,0,0
2022-12-02 09:54,12.3000,2022-12-02 10:13,12.6900,2022-12-02 10:14,12.7000,2022-12-02 10:20,12.5500,1,6,7,1,6,7,0.000788,0.032520,intraday,intraday,0,0
2022-12-02 13:11,12.3400,2022-12-02 14:49,12.7300,2022-12-02 15:18,13.1300,2022-12-02 15:24,12.9900,29,6,35,29,6,35,0.031422,0.064019,intraday,intraday,0,0
2022-12-05 10:02,12.5600,2022-12-05 10:50,12.9500,2022-12-05 11:12,13.1600,2022-12-05 11:16,12.9800,22,4,26,22,4,26,0.016216,0.047771,intraday,intraday,0,0
2022-12-05 14:48,12.2000,2022-12-05 15:57,12.5800,2022-12-05 15:59,12.6000,2022-12-06 09:30,12.4600,2,1,3,2,1051,1053,0.001590,0.032787,overnight,overnight,1,1
2022-12-06 15:28,11.3800,2022-12-06 15:47,11.7300,2022-12-06 15:50,11.7900,2022-12-06 15:54,11.6600,3,4,7,3,4,7,0.005115,0.036028,intraday,intraday,0,0
2022-12-07 09:30,11.3300,2022-12-07 09:34,11.7300,2022-12-07 09:37,11.9000,2022-12-07 09:38,11.7700,3,1,4,3,1,4,0.014493,0.050309,intraday,intraday,0,0
2022-12-07 09:52,11.3300,2022-12-07 10:05,11.6700,2022-12-07 10:08,11.7000,2022-12-07 10:10,11.4600,3,2,5,3,2,5,0.002571,0.032657,intraday,intraday,0,0
2022-12-07 10:11,11.4200,2022-12-07 10:51,11.7800,2022-12-07 11:05,11.9300,2022-12-07 11:07,11.8100,14,2,16,14,2,16,0.012733,0.044658,intraday,intraday,0,0
2022-12-07 11:30,11.5100,2022-12-08 09:30,11.9600,2022-12-08 09:30,11.9600,2022-12-08 09:31,11.8100,0,1,1,0,1,1,0.000000,0.039096,intraday,intraday,0,0
2022-12-08 09:45,11.6500,2022-12-08 09:57,12.0200,2022-12-08 10:15,12.3400,2022-12-08 10:18,12.2100,18,3,21,18,3,21,0.026622,0.059227,intraday,intraday,0,0
2022-12-08 10:18,12.2100,2022-12-08 10:34,12.6000,2022-12-08 10:37,12.6300,2022-12-08 10:42,12.5000,3,5,8,3,5,8,0.002381,0.034398,intraday,intraday,0,0
2022-12-08 11:22,12.3100,2022-12-08 13:40,12.7000,2022-12-08 13:41,12.7100,2022-12-08 14:00,12.5700,1,19,20,1,19,20,0.000787,0.032494,intraday,intraday,0,0
2022-12-09 09:32,12.1800,2022-12-09 09:34,12.5500,2022-12-09 09:35,12.5800,2022-12-09 09:35,12.4500,1,0,1,1,0,1,0.002390,0.032841,intraday,intraday,0,0
2022-12-09 09:35,12.4500,2022-12-09 10:06,12.8300,2022-12-09 10:06,12.8300,2022-12-09 10:08,12.6700,0,2,2,0,2,2,0.000000,0.030522,intraday,intraday,0,0
2022-12-09 10:27,12.6000,2022-12-09 11:03,12.9800,2022-12-09 11:03,12.9800,2022-12-09 11:09,12.8300,0,6,6,0,6,6,0.000000,0.030159,intraday,intraday,0,0
2022-12-12 09:39,11.9400,2022-12-12 10:12,12.3000,2022-12-12 10:13,12.3100,2022-12-12 10:14,12.1700,1,1,2,1,1,2,0.000813,0.030988,intraday,intraday,0,0
2022-12-12 10:17,12.1500,2022-12-12 13:00,12.5600,2022-12-12 13:01,12.5900,2022-12-12 13:01,12.4600,1,0,1,1,0,1,0.002389,0.036214,intraday,intraday,0,0
2022-12-12 13:15,12.3700,2022-12-12 15:02,12.7600,2022-12-12 15:10,12.9400,2022-12-12 15:14,12.8100,8,4,12,8,4,12,0.014107,0.046079,intraday,intraday,0,0
2022-12-12 15:50,12.7700,2022-12-13 09:30,14.8600,2022-12-13 09:30,14.8600,2022-12-13 09:31,14.5400,0,1,1,0,1,1,0.000000,0.163665,intraday,intraday,0,0
2022-12-13 09:37,14.1700,2022-12-13 09:42,14.6200,2022-12-13 09:47,14.9100,2022-12-13 09:49,14.7200,5,2,7,5,2,7,0.019836,0.052223,intraday,intraday,0,0
2022-12-13 12:33,13.1400,2022-12-13 13:22,13.5400,2022-12-13 13:31,13.6900,2022-12-13 13:36,13.5300,9,5,14,9,5,14,0.011078,0.041857,intraday,intraday,0,0
2022-12-13 13:54,13.2800,2022-12-13 14:42,13.7100,2022-12-13 14:43,13.7700,2022-12-13 14:51,13.6000,1,8,9,1,8,9,0.004376,0.036898,intraday,intraday,0,0
2022-12-13 15:07,13.2500,2022-12-13 15:31,13.6800,2022-12-13 15:32,13.7400,2022-12-13 15:36,13.5700,1,4,5,1,4,5,0.004386,0.036981,intraday,intraday,0,0
2022-12-14 09:31,13.4500,2022-12-14 10:00,13.8900,2022-12-14 10:13,14.0300,2022-12-14 10:21,13.8700,13,8,21,13,8,21,0.010079,0.043123,intraday,intraday,0,0
2022-12-14 14:00,13.3200,2022-12-14 14:00,13.8500,2022-12-14 14:00,13.8500,2022-12-14 14:01,13.2300,0,1,1,0,1,1,0.000000,0.039790,intraday,intraday,0,0
2022-12-14 14:02,12.9400,2022-12-14 14:04,13.3300,2022-12-14 14:04,13.3300,2022-12-14 14:05,13.1100,0,1,1,0,1,1,0.000000,0.030139,intraday,intraday,0,0
2022-12-14 14:08,12.8200,2022-12-14 14:12,13.2100,2022-12-14 14:13,13.3200,2022-12-14 14:13,13.1100,1,0,1,1,0,1,0.008327,0.039002,intraday,intraday,0,0
2022-12-14 14:34,12.5600,2022-12-14 14:34,13.0300,2022-12-14 14:34,13.0300,2022-12-14 14:35,12.5400,0,1,1,0,1,1,0.000000,0.037420,intraday,intraday,0,0
2022-12-14 14:35,12.5400,2022-12-14 14:41,12.9700,2022-12-14 14:41,12.9700,2022-12-14 14:42,12.6900,0,1,1,0,1,1,0.000000,0.034290,intraday,intraday,0,0
2022-12-14 14:42,12.6900,2022-12-14 14:44,13.1900,2022-12-14 14:44,13.1900,2022-12-14 14:45,12.8500,0,1,1,0,1,1,0.000000,0.039401,intraday,intraday,0,0
2022-12-14 14:48,12.6800,2022-12-14 15:03,13.1900,2022-12-14 15:03,13.1900,2022-12-14 15:04,13.0300,0,1,1,0,1,1,0.000000,0.040221,intraday,intraday,0,0
2022-12-14 15:05,13.0000,2022-12-14 15:11,13.3900,2022-12-14 15:12,13.5500,2022-12-14 15:12,13.3200,1,0,1,1,0,1,0.011949,0.042308,intraday,intraday,0,0
2022-12-14 15:34,12.7200,2022-12-14 15:50,13.1300,2022-12-14 15:54,13.1700,2022-12-14 15:55,13.0000,4,1,5,4,1,5,0.003046,0.035377,intraday,intraday,0,0
2022-12-15 10:04,11.5000,2022-12-15 11:02,11.8600,2022-12-15 11:03,11.8900,2022-12-15 11:05,11.7600,1,2,3,1,2,3,0.002530,0.033913,intraday,intraday,0,0
2022-12-15 13:52,11.3200,2022-12-15 14:54,11.6600,2022-12-15 15:03,11.7700,2022-12-15 15:13,11.6100,9,10,19,9,10,19,0.009434,0.039753,intraday,intraday,0,0
2022-12-16 09:40,11.0400,2022-12-16 09:49,11.4700,2022-12-16 09:50,11.4800,2022-12-16 09:50,11.3600,1,0,1,1,0,1,0.000872,0.039855,intraday,intraday,0,0
2022-12-16 10:37,10.7700,2022-12-16 11:07,11.1200,2022-12-16 11:07,11.1200,2022-12-16 11:10,11.0000,0,3,3,0,3,3,0.000000,0.032498,intraday,intraday,0,0
2022-12-16 13:25,10.7800,2022-12-16 15:15,11.1700,2022-12-16 15:30,11.2100,2022-12-16 15:50,11.0000,15,20,35,15,20,35,0.003581,0.039889,intraday,intraday,0,0
2022-12-19 15:40,10.3400,2022-12-19 15:57,10.6700,2022-12-19 15:59,10.6900,2022-12-20 09:30,10.1800,2,1,3,2,1051,1053,0.001874,0.033849,overnight,overnight,1,1
2022-12-20 09:32,10.1600,2022-12-20 09:39,10.4900,2022-12-20 09:40,10.5000,2022-12-20 09:40,10.3600,1,0,1,1,0,1,0.000953,0.033465,intraday,intraday,0,0
2022-12-20 09:50,10.2600,2022-12-20 09:57,10.5900,2022-12-20 10:03,10.6900,2022-12-20 10:04,10.5700,6,1,7,6,1,7,0.009443,0.041910,intraday,intraday,0,0
2022-12-20 11:28,10.3500,2022-12-20 13:38,10.6700,2022-12-20 13:40,10.6800,2022-12-20 13:44,10.5700,2,4,6,2,4,6,0.000937,0.031884,intraday,intraday,0,0
2022-12-20 15:59,10.4100,2022-12-21 09:33,10.7700,2022-12-21 09:48,11.0200,2022-12-21 09:52,10.9000,15,4,19,15,4,19,0.023213,0.058598,intraday,intraday,0,0
2022-12-21 10:00,10.7900,2022-12-21 10:33,11.1500,2022-12-21 10:43,11.2000,2022-12-21 10:51,11.0800,10,8,18,10,8,18,0.004484,0.037998,intraday,intraday,0,0
2022-12-22 12:38,9.1100,2022-12-22 14:12,9.4300,2022-12-22 14:12,9.4300,2022-12-22 14:20,9.3100,0,8,8,0,8,8,0.000000,0.035126,intraday,intraday,0,0
2022-12-22 14:21,9.2900,2022-12-22 14:58,9.5900,2022-12-22 15:23,9.8900,2022-12-22 15:31,9.7400,25,8,33,25,8,33,0.031283,0.064586,intraday,intraday,0,0
2022-12-23 09:36,9.2300,2022-12-23 10:00,9.5500,2022-12-23 10:00,9.5500,2022-12-23 10:01,9.3800,0,1,1,0,1,1,0.000000,0.034670,intraday,intraday,0,0
2022-12-23 10:06,9.2700,2022-12-23 10:16,9.5500,2022-12-23 10:17,9.6500,2022-12-23 10:17,9.5200,1,0,1,1,0,1,0.010471,0.040992,intraday,intraday,0,0
2022-12-23 10:17,9.5200,2022-12-23 10:39,9.8100,2022-12-23 10:39,9.8100,2022-12-23 10:43,9.7000,0,4,4,0,4,4,0.000000,0.030462,intraday,intraday,0,0
2022-12-23 11:02,9.4300,2022-12-23 15:01,9.7400,2022-12-23 15:02,9.7500,2022-12-23 15:05,9.6500,1,3,4,1,3,4,0.001027,0.033934,intraday,intraday,0,0
2022-12-27 09:45,9.1300,2022-12-27 10:19,9.4200,2022-12-27 10:21,9.5000,2022-12-27 10:21,9.3900,2,0,2,2,0,2,0.008493,0.040526,intraday,intraday,0,0
2022-12-28 09:31,8.9600,2022-12-28 09:32,9.2300,2022-12-28 09:36,9.3900,2022-12-28 09:37,9.2900,4,1,5,4,1,5,0.017335,0.047991,intraday,intraday,0,0
2022-12-28 12:06,8.7800,2022-12-28 12:59,9.0500,2022-12-28 13:04,9.1000,2022-12-28 13:19,8.9900,5,15,20,5,15,20,0.005525,0.036446,intraday,intraday,0,0
2022-12-28 15:15,8.7400,2022-12-29 09:30,9.3100,2022-12-29 09:30,9.3100,2022-12-29 09:32,9.1800,0,2,2,0,2,2,0.000000,0.065217,intraday,intraday,0,0
2022-12-29 09:32,9.1800,2022-12-29 09:40,9.4600,2022-12-29 09:50,9.6300,2022-12-29 09:51,9.5300,10,1,11,10,1,11,0.017970,0.049020,intraday,intraday,0,0
2022-12-29 09:51,9.5300,2022-12-29 10:38,9.8300,2022-12-29 10:38,9.8300,2022-12-29 10:47,9.7300,0,9,9,0,9,9,0.000000,0.031480,intraday,intraday,0,0
2022-12-30 09:32,9.1100,2022-12-30 09:34,9.3900,2022-12-30 09:34,9.3900,2022-12-30 09:35,9.2700,0,1,1,0,1,1,0.000000,0.030735,intraday,intraday,0,0
2022-12-30 09:48,9.0600,2022-12-30 10:18,9.4000,2022-12-30 10:20,9.4100,2022-12-30 10:30,9.3000,2,10,12,2,10,12,0.001064,0.038631,intraday,intraday,0,0
2022-12-30 13:26,9.2400,2022-12-30 15:46,9.5400,2023-01-03 09:30,10.2100,2023-01-03 09:30,10.0500,14,0,14,5384,0,5384,0.070231,0.104978,weekend,intraday,1,1
2023-01-03 10:33,9.3100,2023-01-03 10:58,9.6200,2023-01-03 11:00,9.6500,2023-01-03 11:04,9.5300,2,4,6,2,4,6,0.003119,0.036520,intraday,intraday,0,0
2023-01-03 14:33,9.1900,2023-01-03 14:46,9.4700,2023-01-03 14:46,9.4700,2023-01-03 14:52,9.3700,0,6,6,0,6,6,0.000000,0.030468,intraday,intraday,0,0
2023-01-03 15:57,9.3300,2023-01-04 09:30,9.9400,2023-01-04 09:31,9.9900,2023-01-04 09:31,9.8800,1,0,1,1,0,1,0.005030,0.070740,intraday,intraday,0,0
2023-01-04 09:31,9.8800,2023-01-04 09:36,10.2000,2023-01-04 09:36,10.2000,2023-01-04 09:39,10.0800,0,3,3,0,3,3,0.000000,0.032389,intraday,intraday,0,0
2023-01-04 10:33,9.5800,2023-01-04 11:00,9.8700,2023-01-04 11:39,10.1900,2023-01-04 12:06,10.0600,39,27,66,39,27,66,0.032421,0.063674,intraday,intraday,0,0
2023-01-04 14:30,9.8000,2023-01-04 14:59,10.1100,2023-01-04 15:01,10.1900,2023-01-04 15:06,10.0800,2,5,7,2,5,7,0.007913,0.039796,intraday,intraday,0,0
2023-01-05 09:46,9.6000,2023-01-05 10:08,9.9300,2023-01-05 10:08,9.9300,2023-01-05 10:09,9.7800,0,1,1,0,1,1,0.000000,0.034375,intraday,intraday,0,0
2023-01-05 15:54,9.5300,2023-01-06 09:30,9.9900,2023-01-06 09:35,10.1200,2023-01-06 09:36,9.9300,5,1,6,5,1,6,0.013013,0.061910,intraday,intraday,0,0
2023-01-06 09:46,9.5600,2023-01-06 10:00,9.8600,2023-01-06 10:00,9.8600,2023-01-06 10:01,9.7500,0,1,1,0,1,1,0.000000,0.031381,intraday,intraday,0,0
2023-01-06 10:04,9.7200,2023-01-06 10:35,10.0200,2023-01-06 10:43,10.1800,2023-01-06 10:44,10.0700,8,1,9,8,1,9,0.015968,0.047325,intraday,intraday,0,0
2023-01-06 10:44,10.0700,2023-01-06 11:39,10.3800,2023-01-06 12:15,10.5200,2023-01-06 12:24,10.4100,36,9,45,36,9,45,0.013487,0.044687,intraday,intraday,0,0
2023-01-06 12:57,10.3900,2023-01-06 14:11,10.7200,2023-01-06 15:10,11.0700,2023-01-06 15:21,10.9400,59,11,70,59,11,70,0.032649,0.065448,intraday,intraday,0,0
2023-01-06 15:54,10.8300,2023-01-09 09:30,11.5500,2023-01-09 09:30,11.5500,2023-01-09 09:31,11.4000,0,1,1,0,1,1,0.000000,0.066482,intraday,intraday,0,0
2023-01-09 09:36,11.2800,2023-01-09 09:45,11.6400,2023-01-09 09:53,11.9400,2023-01-09 09:57,11.8000,8,4,12,8,4,12,0.025773,0.058511,intraday,intraday,0,0
2023-01-09 10:18,11.7700,2023-01-09 10:45,12.1300,2023-01-09 10:47,12.1700,2023-01-09 10:58,12.0100,2,11,13,2,11,13,0.003298,0.033985,intraday,intraday,0,0
2023-01-10 09:30,11.3400,2023-01-10 09:33,11.6900,2023-01-10 09:34,11.8300,2023-01-10 09:34,11.6500,1,0,1,1,0,1,0.011976,0.043210,intraday,intraday,0,0
2023-01-10 09:47,11.2800,2023-01-10 10:13,11.6300,2023-01-10 10:16,11.7200,2023-01-10 10:16,11.5900,3,0,3,3,0,3,0.007739,0.039007,intraday,intraday,0,0
2023-01-10 10:46,11.1900,2023-01-10 10:56,11.5400,2023-01-10 10:57,11.5600,2023-01-10 11:17,11.4300,1,20,21,1,20,21,0.001733,0.033065,intraday,intraday,0,0
2023-01-10 11:34,11.3900,2023-01-10 14:00,11.7400,2023-01-10 14:32,11.9700,2023-01-10 14:45,11.8200,32,13,45,32,13,45,0.019591,0.050922,intraday,intraday,0,0
2023-01-11 09:33,11.6500,2023-01-11 09:51,12.0200,2023-01-11 09:52,12.0300,2023-01-11 09:53,11.8700,1,1,2,1,1,2,0.000832,0.032618,intraday,intraday,0,0
2023-01-11 10:58,11.7200,2023-01-11 12:17,12.0900,2023-01-11 12:30,12.1500,2023-01-11 12:43,12.0200,13,13,26,13,13,26,0.004963,0.036689,intraday,intraday,0,0
2023-01-11 12:58,11.9800,2023-01-11 15:55,12.3600,2023-01-12 09:30,12.7500,2023-01-12 09:30,12.5700,5,0,5,1055,0,1055,0.031553,0.064274,overnight,intraday,1,1
2023-01-12 09:50,11.8200,2023-01-12 10:01,12.1900,2023-01-12 10:06,12.2700,2023-01-12 10:07,12.1100,5,1,6,5,1,6,0.006563,0.038071,intraday,intraday,0,0
2023-01-12 10:08,12.0300,2023-01-12 10:12,12.5000,2023-01-12 10:19,12.5900,2023-01-12 10:19,12.4500,7,0,7,7,0,7,0.007200,0.046550,intraday,intraday,0,0
2023-01-12 11:01,12.1900,2023-01-12 11:57,12.5800,2023-01-12 12:57,13.0700,2023-01-12 13:10,12.9300,60,13,73,60,13,73,0.038951,0.072190,intraday,intraday,0,0
2023-01-12 13:31,12.6300,2023-01-12 13:54,13.0500,2023-01-12 14:02,13.0800,2023-01-12 14:09,12.9200,8,7,15,8,7,15,0.002299,0.035629,intraday,intraday,0,0
2023-01-13 09:42,12.2700,2023-01-13 10:00,12.6500,2023-01-13 10:06,12.7500,2023-01-13 10:07,12.6100,6,1,7,6,1,7,0.007905,0.039120,intraday,intraday,0,0
2023-01-13 11:47,12.4800,2023-01-13 13:42,12.8700,2023-01-13 13:43,12.8900,2023-01-13 14:09,12.7600,1,26,27,1,26,27,0.001554,0.032853,intraday,intraday,0,0
2023-01-13 14:10,12.7500,2023-01-17 09:41,13.1900,2023-01-17 09:43,13.2200,2023-01-17 09:49,13.0400,2,6,8,2,6,8,0.002274,0.036863,intraday,intraday,0,0
2023-01-17 09:50,13.0300,2023-01-17 10:04,13.4300,2023-01-17 10:04,13.4300,2023-01-17 10:07,13.2600,0,3,3,0,3,3,0.000000,0.030698,intraday,intraday,0,0
2023-01-17 11:12,12.6700,2023-01-17 11:58,13.0600,2023-01-17 12:02,13.0700,2023-01-17 12:15,12.9300,4,13,17,4,13,17,0.000766,0.031571,intraday,intraday,0,0
2023-01-17 12:26,12.8700,2023-01-18 09:30,13.5300,2023-01-18 09:31,13.6000,2023-01-18 09:32,13.4500,1,1,2,1,1,2,0.005174,0.056721,intraday,intraday,0,0
2023-01-19 09:49,11.9900,2023-01-19 09:58,12.3500,2023-01-19 09:58,12.3500,2023-01-19 09:59,12.1900,0,1,1,0,1,1,0.000000,0.030025,intraday,intraday,0,0
2023-01-19 11:47,11.6200,2023-01-19 12:17,11.9700,2023-01-19 12:17,11.9700,2023-01-19 12:20,11.8500,0,3,3,0,3,3,0.000000,0.030120,intraday,intraday,0,0
2023-01-19 12:26,11.7400,2023-01-19 14:23,12.1300,2023-01-19 14:36,12.2900,2023-01-19 15:06,12.1500,13,30,43,13,30,43,0.013190,0.046848,intraday,intraday,0,0
2023-01-19 15:59,11.7300,2023-01-20 09:30,12.1500,2023-01-20 09:30,12.1500,2023-01-20 09:31,11.9200,0,1,1,0,1,1,0.000000,0.035806,intraday,intraday,0,0
2023-01-20 10:26,11.7500,2023-01-20 11:29,12.1700,2023-01-20 12:41,12.2900,2023-01-20 13:05,12.1600,72,24,96,72,24,96,0.009860,0.045957,intraday,intraday,0,0
2023-01-20 13:11,12.1200,2023-01-20 14:00,12.5000,2023-01-23 09:30,13.2700,2023-01-23 09:30,13.1300,120,0,120,4050,0,4050,0.061600,0.094884,weekend,intraday,1,1
2023-01-23 09:30,13.1300,2023-01-23 09:40,13.5600,2023-01-23 10:01,13.9900,2023-01-23 10:09,13.8500,21,8,29,21,8,29,0.031711,0.065499,intraday,intraday,0,0
2023-01-23 10:10,13.8300,2023-01-23 11:04,14.2500,2023-01-23 11:20,14.4600,2023-01-23 11:27,14.3100,16,7,23,16,7,23,0.014737,0.045553,intraday,intraday,0,0
2023-01-23 11:29,14.2200,2023-01-23 12:54,14.6500,2023-01-23 13:46,14.9100,2023-01-23 13:58,14.7500,52,12,64,52,12,64,0.017747,0.048523,intraday,intraday,0,0
2023-01-23 14:54,14.3000,2023-01-23 15:52,14.7400,2023-01-23 15:55,14.8200,2023-01-24 09:30,14.2200,3,5,8,3,1055,1058,0.005427,0.036364,overnight,overnight,1,1
2023-01-24 09:35,14.1600,2023-01-24 09:47,14.6600,2023-01-24 09:49,14.7700,2023-01-24 09:50,14.5800,2,1,3,2,1,3,0.007503,0.043079,intraday,intraday,0,0
2023-01-24 10:06,14.1800,2023-01-24 10:15,14.6200,2023-01-24 10:15,14.6200,2023-01-24 10:16,14.4500,0,1,1,0,1,1,0.000000,0.031030,intraday,intraday,0,0
2023-01-25 10:24,13.3300,2023-01-25 11:12,13.7700,2023-01-25 11:19,13.9400,2023-01-25 11:19,13.7600,7,0,7,7,0,7,0.012346,0.045761,intraday,intraday,0,0
2023-01-25 11:19,13.7600,2023-01-25 13:29,14.2100,2023-01-25 14:16,14.4500,2023-01-25 14:26,14.2800,47,10,57,47,10,57,0.016890,0.050145,intraday,intraday,0,0
2023-01-25 14:35,14.2400,2023-01-26 09:30,15.1400,2023-01-26 09:31,15.2300,2023-01-26 09:33,15.0400,1,2,3,1,2,3,0.005945,0.069522,intraday,intraday,0,0
2023-01-26 09:57,14.3400,2023-01-26 10:17,14.7800,2023-01-26 10:24,14.8600,2023-01-26 10:28,14.6900,7,4,11,7,4,11,0.005413,0.036262,intraday,intraday,0,0
2023-01-26 10:58,14.3000,2023-01-26 12:02,14.7300,2023-01-26 12:12,14.8600,2023-01-26 12:15,14.7100,10,3,13,10,3,13,0.008826,0.039161,intraday,intraday,0,0
2023-01-26 12:19,14.6800,2023-01-26 15:19,15.1300,2023-01-26 15:28,15.2100,2023-01-26 15:40,15.0500,9,12,21,9,12,21,0.005288,0.036104,intraday,intraday,0,0
2023-01-27 09:30,14.3500,2023-01-27 09:47,14.7900,2023-01-27 09:51,14.9600,2023-01-27 09:52,14.8000,4,1,5,4,1,5,0.011494,0.042509,intraday,intraday,0,0
2023-01-27 11:09,14.5800,2023-01-27 12:16,15.0200,2023-01-27 13:00,15.1600,2023-01-27 13:16,14.9900,44,16,60,44,16,60,0.009321,0.039781,intraday,intraday,0,0
2023-01-30 09:36,14.1700,2023-01-30 09:48,14.6000,2023-01-30 09:48,14.6000,2023-01-30 09:49,14.4500,0,1,1,0,1,1,0.000000,0.030346,intraday,intraday,0,0
2023-01-30 10:46,13.9000,2023-01-30 11:30,14.3400,2023-01-30 11:30,14.3400,2023-01-30 11:48,14.1800,0,18,18,0,18,18,0.000000,0.031655,intraday,intraday,0,0
2023-01-31 09:30,13.6600,2023-01-31 09:42,14.0900,2023-01-31 09:42,14.0900,2023-01-31 09:44,13.9100,0,2,2,0,2,2,0.000000,0.031479,intraday,intraday,0,0
2023-01-31 10:00,13.6400,2023-01-31 10:22,14.1000,2023-01-31 10:30,14.2300,2023-01-31 10:42,14.0800,8,12,20,8,12,20,0.009220,0.043255,intraday,intraday,0,0
2023-01-31 10:43,14.0500,2023-01-31 15:58,14.5100,2023-02-01 09:30,14.8400,2023-02-01 09:30,14.6800,2,0,2,1052,0,1052,0.022743,0.056228,overnight,intraday,1,1
2023-02-01 09:30,14.6800,2023-02-01 09:45,15.2300,2023-02-01 10:01,15.4700,2023-02-01 10:03,15.2400,16,2,18,16,2,18,0.015758,0.053815,intraday,intraday,0,0
2023-02-01 11:00,15.1000,2023-02-01 13:31,15.5900,2023-02-01 13:31,15.5900,2023-02-01 13:47,15.4200,0,16,16,0,16,16,0.000000,0.032450,intraday,intraday,0,0
2023-02-01 14:00,15.1500,2023-02-01 14:07,15.6800,2023-02-01 14:12,15.7700,2023-02-01 14:16,15.6100,5,4,9,5,4,9,0.005740,0.040924,intraday,intraday,0,0
2023-02-01 14:34,15.1500,2023-02-01 14:37,15.7100,2023-02-01 14:38,15.8200,2023-02-01 14:38,15.6400,1,0,1,1,0,1,0.007002,0.044224,intraday,intraday,0,0
2023-02-01 14:38,15.6400,2023-02-01 14:43,16.2400,2023-02-01 14:46,16.4100,2023-02-01 14:46,16.1600,3,0,3,3,0,3,0.010468,0.049233,intraday,intraday,0,0
2023-02-01 14:46,16.1600,2023-02-01 15:03,16.7000,2023-02-01 15:09,16.9900,2023-02-01 15:12,16.7700,6,3,9,6,3,9,0.017365,0.051361,intraday,intraday,0,0
2023-02-01 15:17,16.6500,2023-02-01 15:35,17.1800,2023-02-01 15:37,17.2800,2023-02-01 15:43,17.0700,2,6,8,2,6,8,0.005821,0.037838,intraday,intraday,0,0
2023-02-01 15:54,16.6400,2023-02-02 09:30,17.4000,2023-02-02 09:31,17.4200,2023-02-02 09:32,17.1800,1,1,2,1,1,2,0.001149,0.046875,intraday,intraday,0,0
2023-02-02 10:00,17.0100,2023-02-02 10:30,17.5500,2023-02-02 10:41,17.7300,2023-02-02 10:47,17.5200,11,6,17,11,6,17,0.010256,0.042328,intraday,intraday,0,0
2023-02-02 11:00,17.2300,2023-02-02 12:26,17.7700,2023-02-02 14:01,18.4000,2023-02-02 14:09,18.1600,95,8,103,95,8,103,0.035453,0.067905,intraday,intraday,0,0
2023-02-02 15:03,17.2300,2023-02-02 15:52,17.7900,2023-02-02 15:59,17.9800,2023-02-03 09:30,16.6400,7,1,8,7,1051,1058,0.010680,0.043529,overnight,overnight,1,1
2023-02-03 09:31,16.5900,2023-02-03 09:33,17.1300,2023-02-03 09:33,17.1300,2023-02-03 09:35,16.9200,0,2,2,0,2,2,0.000000,0.032550,intraday,intraday,0,0
2023-02-03 09:37,16.8900,2023-02-03 09:47,17.4300,2023-02-03 09:50,17.5500,2023-02-03 09:50,17.3400,3,0,3,3,0,3,0.006885,0.039076,intraday,intraday,0,0
2023-02-03 10:02,17.1500,2023-02-03 10:17,17.7500,2023-02-03 10:18,17.7800,2023-02-03 10:19,17.5900,1,1,2,1,1,2,0.001690,0.036735,intraday,intraday,0,0
2023-02-03 10:31,17.5400,2023-02-03 10:45,18.0700,2023-02-03 10:47,18.1300,2023-02-03 10:50,17.9300,2,3,5,2,3,5,0.003320,0.033637,intraday,intraday,0,0
2023-02-06 09:30,16.0300,2023-02-06 09:59,16.5200,2023-02-06 10:04,16.7500,2023-02-06 10:05,16.5500,5,1,6,5,1,6,0.013923,0.044916,intraday,intraday,0,0
2023-02-06 10:31,16.1000,2023-02-06 10:51,16.6400,2023-02-06 10:56,16.6700,2023-02-06 11:00,16.5000,5,4,9,5,4,9,0.001803,0.035404,intraday,intraday,0,0
2023-02-06 15:30,15.8500,2023-02-07 09:30,16.3600,2023-02-07 09:32,16.4700,2023-02-07 09:33,16.2700,2,1,3,2,1,3,0.006724,0.039117,intraday,intraday,0,0
2023-02-07 10:28,16.1300,2023-02-07 12:04,16.6500,2023-02-07 12:12,16.7000,2023-02-07 12:20,16.5300,8,8,16,8,8,16,0.003003,0.035338,intraday,intraday,0,0
2023-02-07 12:23,16.4600,2023-02-07 12:45,17.0400,2023-02-07 12:57,17.7200,2023-02-07 12:58,17.5400,12,1,13,12,1,13,0.039906,0.076549,intraday,intraday,0,0
2023-02-07 13:35,16.1600,2023-02-07 14:01,16.6800,2023-02-07 14:07,17.0100,2023-02-07 14:07,16.7900,6,0,6,6,0,6,0.019784,0.052599,intraday,intraday,0,0
2023-02-07 14:07,16.7900,2023-02-07 14:33,17.3200,2023-02-07 15:00,17.4700,2023-02-07 15:04,17.2700,27,4,31,27,4,31,0.008661,0.040500,intraday,intraday,0,0
2023-02-07 15:09,17.1400,2023-02-07 15:46,17.6600,2023-02-07 15:55,17.8500,2023-02-07 15:56,17.6200,9,1,10,9,1,10,0.010759,0.041424,intraday,intraday,0,0
2023-02-08 15:19,16.3500,2023-02-09 09:30,17.4700,2023-02-09 09:33,17.5600,2023-02-09 09:36,17.3500,3,3,6,3,3,6,0.005152,0.074006,intraday,intraday,0,0
2023-02-09 09:37,17.3300,2023-02-09 10:16,17.8800,2023-02-09 10:21,17.9000,2023-02-09 10:24,17.6600,5,3,8,5,3,8,0.001119,0.032891,intraday,intraday,0,0
2023-02-09 15:35,16.2100,2023-02-09 15:51,16.7200,2023-02-09 15:54,16.7700,2023-02-09 15:55,16.5900,3,1,4,3,1,4,0.002990,0.034547,intraday,intraday,0,0
2023-02-10 10:03,15.4000,2023-02-10 10:10,15.8700,2023-02-10 10:14,15.9300,2023-02-10 10:16,15.7600,4,2,6,4,2,6,0.003781,0.034416,intraday,intraday,0,0
2023-02-10 12:19,15.2500,2023-02-10 13:15,15.7200,2023-02-10 13:20,15.8600,2023-02-10 13:30,15.6600,5,10,15,5,10,15,0.008906,0.040000,intraday,intraday,0,0
2023-02-10 14:30,15.3800,2023-02-10 15:55,15.8500,2023-02-13 09:30,16.0300,2023-02-13 09:32,15.7100,5,2,7,3935,2,3937,0.011356,0.042263,weekend,intraday,0,1
2023-02-13 09:35,15.5700,2023-02-13 09:46,16.0800,2023-02-13 09:51,16.0900,2023-02-13 09:53,15.9000,5,2,7,5,2,7,0.000622,0.033398,intraday,intraday,0,0
2023-02-13 10:13,15.8100,2023-02-13 10:56,16.2900,2023-02-13 11:16,16.4300,2023-02-13 11:32,16.2400,20,16,36,20,16,36,0.008594,0.039216,intraday,intraday,0,0
2023-02-14 09:31,15.6700,2023-02-14 09:37,16.2200,2023-02-14 09:39,16.2900,2023-02-14 09:39,16.0800,2,0,2,2,0,2,0.004316,0.039566,intraday,intraday,0,0
2023-02-14 09:39,16.0800,2023-02-14 09:45,16.6300,2023-02-14 09:51,16.7800,2023-02-14 09:53,16.6100,6,2,8,6,2,8,0.009020,0.043532,intraday,intraday,0,0
2023-02-14 09:54,16.5900,2023-02-14 10:00,17.0900,2023-02-14 10:12,17.4200,2023-02-14 10:13,17.2300,12,1,13,12,1,13,0.019310,0.050030,intraday,intraday,0,0
2023-02-14 10:46,16.2700,2023-02-14 11:01,16.8300,2023-02-14 11:07,16.8700,2023-02-14 11:09,16.6200,6,2,8,6,2,8,0.002377,0.036878,intraday,intraday,0,0
2023-02-14 11:53,16.3200,2023-02-14 12:34,16.8300,2023-02-14 12:43,16.8600,2023-02-14 12:50,16.6800,9,7,16,9,7,16,0.001783,0.033088,intraday,intraday,0,0
2023-02-14 12:53,16.6600,2023-02-14 13:07,17.1700,2023-02-14 13:18,17.2400,2023-02-14 13:23,17.0600,11,5,16,11,5,16,0.004077,0.034814,intraday,intraday,0,0
2023-02-14 14:07,16.8800,2023-02-14 14:50,17.4000,2023-02-14 14:50,17.4000,2023-02-14 15:10,17.1900,0,20,20,0,20,20,0.000000,0.030806,intraday,intraday,0,0
2023-02-15 10:08,16.4300,2023-02-15 11:29,16.9500,2023-02-15 11:55,17.1900,2023-02-15 12:04,17.0000,26,9,35,26,9,35,0.014159,0.046257,intraday,intraday,0,0
2023-02-15 12:37,16.8300,2023-02-15 14:08,17.3500,2023-02-15 14:47,17.5200,2023-02-15 14:58,17.3200,39,11,50,39,11,50,0.009798,0.040998,intraday,intraday,0,0
2023-02-16 09:37,16.4000,2023-02-16 09:48,16.9000,2023-02-16 09:48,16.9000,2023-02-16 09:50,16.7200,0,2,2,0,2,2,0.000000,0.030488,intraday,intraday,0,0
2023-02-16 10:02,16.5900,2023-02-16 10:38,17.1000,2023-02-16 10:50,17.1100,2023-02-16 10:55,16.8900,12,5,17,12,5,17,0.000585,0.031344,intraday,intraday,0,0
2023-02-17 09:54,15.4300,2023-02-17 10:37,15.9300,2023-02-17 10:37,15.9300,2023-02-17 10:38,15.6800,0,1,1,0,1,1,0.000000,0.032404,intraday,intraday,0,0
2023-02-17 12:52,15.0400,2023-02-17 14:34,15.5000,2023-02-17 15:00,15.6500,2023-02-17 15:08,15.4800,26,8,34,26,8,34,0.009677,0.040559,intraday,intraday,0,0
2023-02-21 09:30,14.7700,2023-02-21 09:40,15.2300,2023-02-21 09:41,15.3100,2023-02-21 09:45,15.1000,1,4,5,1,4,5,0.005253,0.036561,intraday,intraday,0,0
2023-02-21 15:41,13.8900,2023-02-22 09:39,14.3200,2023-02-22 09:45,14.4100,2023-02-22 09:50,14.1900,6,5,11,6,5,11,0.006285,0.037437,intraday,intraday,0,0
2023-02-22 10:33,13.6000,2023-02-22 12:25,14.0200,2023-02-22 13:39,14.1500,2023-02-22 13:54,14.0000,74,15,89,74,15,89,0.009272,0.040441,intraday,intraday,0,0
2023-02-22 15:50,13.5400,2023-02-23 09:30,15.3300,2023-02-23 09:30,15.3300,2023-02-23 09:31,15.1500,0,1,1,0,1,1,0.000000,0.132201,intraday,intraday,0,0
2023-02-23 11:43,14.2800,2023-02-23 13:41,14.7400,2023-02-23 14:34,15.1900,2023-02-23 14:57,15.0300,53,23,76,53,23,76,0.030529,0.063725,intraday,intraday,0,0
2023-02-24 11:01,13.9600,2023-02-24 11:50,14.4500,2023-02-24 11:50,14.4500,2023-02-24 11:54,14.3000,0,4,4,0,4,4,0.000000,0.035100,intraday,intraday,0,0
2023-02-24 12:47,14.0100,2023-02-24 14:57,14.4400,2023-02-24 15:01,14.5100,2023-02-24 15:04,14.3300,4,3,7,4,3,7,0.004848,0.035689,intraday,intraday,0,0
2023-02-24 15:37,14.1200,2023-02-27 09:30,15.0100,2023-02-27 09:30,15.0100,2023-02-27 09:31,14.8500,0,1,1,0,1,1,0.000000,0.063031,intraday,intraday,0,0
2023-02-27 10:43,14.5200,2023-02-27 14:02,14.9600,2023-02-27 14:12,14.9900,2023-02-27 14:22,14.8300,10,10,20,10,10,20,0.002005,0.032369,intraday,intraday,0,0
2023-02-28 09:34,14.3100,2023-02-28 09:46,14.7700,2023-02-28 09:47,14.7900,2023-02-28 09:48,14.5900,1,1,2,1,1,2,0.001354,0.033543,intraday,intraday,0,0
2023-02-28 10:52,14.4900,2023-02-28 12:21,14.9400,2023-02-28 14:16,15.2700,2023-02-28 14:29,15.1000,115,13,128,115,13,128,0.022088,0.053830,intraday,intraday,0,0
2023-02-28 15:59,14.6500,2023-03-01 09:45,15.1800,2023-03-01 09:57,15.2200,2023-03-01 10:00,15.0500,12,3,15,12,3,15,0.002635,0.038908,intraday,intraday,0,0
2023-03-01 10:16,14.5700,2023-03-01 10:41,15.0200,2023-03-01 10:41,15.0200,2023-03-01 10:54,14.8500,0,13,13,0,13,13,0.000000,0.030885,intraday,intraday,0,0
2023-03-01 11:11,14.4800,2023-03-01 12:10,14.9700,2023-03-01 12:27,15.0400,2023-03-01 12:35,14.8800,17,8,25,17,8,25,0.004676,0.038674,intraday,intraday,0,0
2023-03-02 09:39,13.6600,2023-03-02 10:01,14.1000,2023-03-02 10:03,14.1500,2023-03-02 10:06,14.0000,2,3,5,2,3,5,0.003546,0.035871,intraday,intraday,0,0
2023-03-02 10:21,13.7900,2023-03-02 10:53,14.2100,2023-03-02 11:00,14.2200,2023-03-02 11:13,14.0700,7,13,20,7,13,20,0.000704,0.031182,intraday,intraday,0,0
2023-03-02 11:39,13.9500,2023-03-02 13:52,14.3700,2023-03-02 14:04,14.7000,2023-03-02 14:16,14.5500,12,12,24,12,12,24,0.022965,0.053763,intraday,intraday,0,0
2023-03-02 14:17,14.5300,2023-03-02 15:16,14.9900,2023-03-02 15:39,15.2400,2023-03-02 15:50,15.0600,23,11,34,23,11,34,0.016678,0.048864,intraday,intraday,0,0
2023-03-03 10:10,14.6500,2023-03-03 12:13,15.0900,2023-03-03 15:08,15.7700,2023-03-03 15:50,15.6000,175,42,217,175,42,217,0.045063,0.076451,intraday,intraday,0,0
2023-03-03 15:50,15.6000,2023-03-06 10:20,16.0700,2023-03-06 10:45,16.2500,2023-03-06 11:23,16.0400,25,38,63,25,38,63,0.011201,0.041667,intraday,intraday,0,0
2023-03-07 10:11,14.5400,2023-03-07 10:33,15.1300,2023-03-07 10:36,15.1900,2023-03-07 10:39,15.0000,3,3,6,3,3,6,0.003966,0.044704,intraday,intraday,0,0
2023-03-07 11:21,14.7300,2023-03-07 12:20,15.2800,2023-03-07 12:20,15.2800,2023-03-07 12:22,15.1100,0,2,2,0,2,2,0.000000,0.037339,intraday,intraday,0,0
2023-03-07 14:55,14.4900,2023-03-08 09:30,15.0200,2023-03-08 09:31,15.0800,2023-03-08 09:32,14.9200,1,1,2,1,1,2,0.003995,0.040718,intraday,intraday,0,0
2023-03-08 09:35,14.9000,2023-03-08 10:11,15.3800,2023-03-08 10:11,15.3800,2023-03-08 10:16,15.2200,0,5,5,0,5,5,0.000000,0.032215,intraday,intraday,0,0
2023-03-08 10:21,15.1200,2023-03-08 10:38,15.5900,2023-03-08 10:42,15.6300,2023-03-08 10:49,15.4000,4,7,11,4,7,11,0.002566,0.033730,intraday,intraday,0,0
2023-03-08 13:17,15.3400,2023-03-08 15:44,15.8200,2023-03-08 15:46,15.9000,2023-03-09 09:30,15.7400,2,14,16,2,1064,1066,0.005057,0.036506,overnight,overnight,1,1
2023-03-09 09:30,15.7400,2023-03-09 09:51,16.2300,2023-03-09 10:10,16.5400,2023-03-09 10:11,16.3200,19,1,20,19,1,20,0.019100,0.050826,intraday,intraday,0,0
2023-03-10 09:51,14.0600,2023-03-10 10:00,14.6000,2023-03-10 10:01,14.7100,2023-03-10 10:02,14.5100,1,1,2,1,1,2,0.007534,0.046230,intraday,intraday,0,0
2023-03-10 10:24,14.2100,2023-03-10 10:56,14.6700,2023-03-10 11:10,14.9000,2023-03-10 11:12,14.7200,14,2,16,14,2,16,0.015678,0.048557,intraday,intraday,0,0
2023-03-10 11:17,14.6300,2023-03-10 11:30,15.0800,2023-03-10 11:34,15.2500,2023-03-10 11:37,15.0900,4,3,7,4,3,7,0.011273,0.042379,intraday,intraday,0,0
2023-03-10 13:52,13.8100,2023-03-10 14:10,14.2400,2023-03-10 14:10,14.2400,2023-03-10 14:11,14.0800,0,1,1,0,1,1,0.000000,0.031137,intraday,intraday,0,0
2023-03-13 09:44,13.1500,2023-03-13 09:47,13.5800,2023-03-13 09:48,13.6900,2023-03-13 09:48,13.4900,1,0,1,1,0,1,0.008100,0.041065,intraday,intraday,0,0
2023-03-13 10:07,13.4200,2023-03-13 10:08,13.8400,2023-03-13 10:10,13.8600,2023-03-13 10:12,13.6300,2,2,4,2,2,4,0.001445,0.032787,intraday,intraday,0,0
2023-03-13 10:29,13.4400,2023-03-13 10:34,13.8500,2023-03-13 10:34,13.8500,2023-03-13 10:36,13.6700,0,2,2,0,2,2,0.000000,0.030506,intraday,intraday,0,0
2023-03-13 10:52,13.4900,2023-03-13 10:56,13.9000,2023-03-13 11:00,13.9400,2023-03-13 11:00,13.8000,4,0,4,4,0,4,0.002878,0.033358,intraday,intraday,0,0
2023-03-13 11:00,13.8000,2023-03-13 11:12,14.2200,2023-03-13 11:12,14.2200,2023-03-13 11:13,14.0100,0,1,1,0,1,1,0.000000,0.030435,intraday,intraday,0,0
2023-03-13 11:13,14.0100,2023-03-13 11:49,14.4600,2023-03-13 11:49,14.4600,2023-03-13 11:50,14.3100,0,1,1,0,1,1,0.000000,0.032120,intraday,intraday,0,0
2023-03-13 13:01,13.7900,2023-03-13 13:38,14.2200,2023-03-13 13:39,14.2300,2023-03-13 13:43,14.0700,1,4,5,1,4,5,0.000703,0.031907,intraday,intraday,0,0
2023-03-13 13:53,14.0300,2023-03-13 14:34,14.5000,2023-03-13 14:34,14.5000,2023-03-13 14:36,14.3100,0,2,2,0,2,2,0.000000,0.033500,intraday,intraday,0,0
2023-03-13 15:59,14.0200,2023-03-14 09:30,14.9700,2023-03-14 09:30,14.9700,2023-03-14 09:31,14.7900,0,1,1,0,1,1,0.000000,0.067760,intraday,intraday,0,0
2023-03-14 09:36,14.7000,2023-03-14 09:48,15.1500,2023-03-14 09:48,15.1500,2023-03-14 09:50,14.9400,0,2,2,0,2,2,0.000000,0.030612,intraday,intraday,0,0
2023-03-14 09:51,14.8800,2023-03-14 10:33,15.3400,2023-03-14 10:37,15.4100,2023-03-14 10:45,15.2500,4,8,12,4,8,12,0.004563,0.035618,intraday,intraday,0,0
2023-03-14 15:17,14.5400,2023-03-14 15:51,14.9900,2023-03-14 15:59,15.2900,2023-03-15 09:30,14.5600,8,1,9,8,1051,1059,0.020013,0.051582,overnight,overnight,1,1
2023-03-15 10:52,13.9200,2023-03-15 11:47,14.3600,2023-03-15 11:47,14.3600,2023-03-15 11:51,14.2100,0,4,4,0,4,4,0.000000,0.031609,intraday,intraday,0,0
2023-03-15 12:26,13.7500,2023-03-15 14:21,14.2400,2023-03-15 14:27,14.5800,2023-03-15 14:27,14.3500,6,0,6,6,0,6,0.023876,0.060364,intraday,intraday,0,0
2023-03-15 14:27,14.3500,2023-03-15 15:28,14.8000,2023-03-15 15:30,14.8200,2023-03-15 15:35,14.6300,2,5,7,2,5,7,0.001351,0.032753,intraday,intraday,0,0
2023-03-16 09:33,14.3000,2023-03-16 09:44,14.7300,2023-03-16 09:45,14.7400,2023-03-16 09:47,14.5500,1,2,3,1,2,3,0.000679,0.030769,intraday,intraday,0,0
2023-03-16 09:48,14.5400,2023-03-16 09:57,14.9900,2023-03-16 10:01,15.1300,2023-03-16 10:03,14.9500,4,2,6,4,2,6,0.009340,0.040578,intraday,intraday,0,0
2023-03-16 10:20,14.7800,2023-03-16 10:47,15.2800,2023-03-16 11:57,15.9800,2023-03-16 12:03,15.7900,70,6,76,70,6,76,0.045812,0.081191,intraday,intraday,0,0
2023-03-16 12:12,15.6000,2023-03-16 13:04,16.1200,2023-03-16 13:04,16.1200,2023-03-16 13:15,15.8900,0,11,11,0,11,11,0.000000,0.033333,intraday,intraday,0,0
2023-03-16 13:50,15.8200,2023-03-16 15:07,16.3000,2023-03-16 15:28,16.5200,2023-03-16 15:35,16.3400,21,7,28,21,7,28,0.013497,0.044248,intraday,intraday,0,0
2023-03-16 15:37,16.3000,2023-03-17 09:40,16.8100,2023-03-17 09:40,16.8100,2023-03-17 09:42,16.5600,0,2,2,0,2,2,0.000000,0.031288,intraday,intraday,0,0
2023-03-17 09:49,16.2300,2023-03-17 10:01,16.7400,2023-03-17 10:04,16.9000,2023-03-17 10:07,16.7000,3,3,6,3,3,6,0.009558,0.041282,intraday,intraday,0,0
2023-03-17 11:26,15.8500,2023-03-17 12:31,16.3700,2023-03-17 12:32,16.3900,2023-03-17 12:35,16.2100,1,3,4,1,3,4,0.001222,0.034069,intraday,intraday,0,0
2023-03-17 14:51,15.8300,2023-03-20 09:33,16.3300,2023-03-20 09:33,16.3300,2023-03-20 09:34,16.0600,0,1,1,0,1,1,0.000000,0.031586,intraday,intraday,0,0
2023-03-20 09:48,15.7800,2023-03-20 11:02,16.2600,2023-03-20 11:30,16.4700,2023-03-20 11:46,16.2900,28,16,44,28,16,44,0.012915,0.043726,intraday,intraday,0,0
2023-03-20 12:13,15.9500,2023-03-20 13:06,16.4300,2023-03-20 13:59,16.5900,2023-03-20 14:15,16.4100,53,16,69,53,16,69,0.009738,0.040125,intraday,intraday,0,0
2023-03-20 14:15,16.4100,2023-03-21 09:30,17.1300,2023-03-21 09:38,17.2900,2023-03-21 09:50,17.1100,8,12,20,8,12,20,0.009340,0.053626,intraday,intraday,0,0
2023-03-21 11:49,15.9400,2023-03-21 13:19,16.4200,2023-03-21 13:31,16.5600,2023-03-21 13:59,16.3900,12,28,40,12,28,40,0.008526,0.038896,intraday,intraday,0,0
2023-03-21 14:02,16.3500,2023-03-21 15:40,16.9000,2023-03-21 15:40,16.9000,2023-03-21 15:55,16.7000,0,15,15,0,15,15,0.000000,0.033639,intraday,intraday,0,0
2023-03-21 15:59,16.6200,2023-03-22 09:50,17.1400,2023-03-22 10:08,17.3300,2023-03-22 10:13,17.1200,18,5,23,18,5,23,0.011085,0.042720,intraday,intraday,0,0
2023-03-22 12:23,16.9000,2023-03-22 14:00,17.5200,2023-03-22 14:00,17.5200,2023-03-22 14:01,17.3000,0,1,1,0,1,1,0.000000,0.036686,intraday,intraday,0,0
2023-03-22 14:02,17.2000,2023-03-22 14:06,17.7200,2023-03-22 14:06,17.7200,2023-03-22 14:08,17.4800,0,2,2,0,2,2,0.000000,0.030233,intraday,intraday,0,0
2023-03-22 14:36,17.0100,2023-03-22 14:40,17.5700,2023-03-22 14:52,18.0200,2023-03-22 14:53,17.7500,12,1,13,12,1,13,0.025612,0.059377,intraday,intraday,0,0
2023-03-22 15:09,16.7700,2023-03-22 15:17,17.3700,2023-03-22 15:20,17.4100,2023-03-22 15:20,17.2000,3,0,3,3,0,3,0.002303,0.038163,intraday,intraday,0,0
2023-03-22 15:59,16.2000,2023-03-23 09:30,17.1400,2023-03-23 09:38,17.3900,2023-03-23 09:40,17.2000,8,2,10,8,2,10,0.014586,0.073457,intraday,intraday,0,0
2023-03-23 09:40,17.2000,2023-03-23 10:17,17.7300,2023-03-23 10:17,17.7300,2023-03-23 10:22,17.5500,0,5,5,0,5,5,0.000000,0.030814,intraday,intraday,0,0
2023-03-23 10:22,17.5500,2023-03-23 11:06,18.1300,2023-03-23 11:08,18.1700,2023-03-23 11:29,17.9500,2,21,23,2,21,23,0.002206,0.035328,intraday,intraday,0,0
2023-03-23 14:56,16.6200,2023-03-23 15:00,17.2600,2023-03-23 15:01,17.3000,2023-03-23 15:01,17.1000,1,0,1,1,0,1,0.002317,0.040915,intraday,intraday,0,0
2023-03-23 15:21,16.7700,2023-03-23 15:36,17.2900,2023-03-23 15:50,17.7200,2023-03-23 15:50,17.4500,14,0,14,14,0,14,0.024870,0.056649,intraday,intraday,0,0
2023-03-24 09:47,16.5500,2023-03-24 10:00,17.0800,2023-03-24 10:00,17.0800,2023-03-24 10:08,16.7800,0,8,8,0,8,8,0.000000,0.032024,intraday,intraday,0,0
2023-03-24 11:33,16.0400,2023-03-24 12:01,16.5900,2023-03-24 12:02,16.6100,2023-03-24 12:04,16.3900,1,2,3,1,2,3,0.001206,0.035536,intraday,intraday,0,0
2023-03-24 12:19,16.1100,2023-03-24 15:22,16.6100,2023-03-24 15:22,16.6100,2023-03-24 15:35,16.4300,0,13,13,0,13,13,0.000000,0.031037,intraday,intraday,0,0
2023-03-24 15:55,16.3300,2023-03-27 09:50,16.8400,2023-03-27 09:51,16.9200,2023-03-27 09:54,16.6800,1,3,4,1,3,4,0.004751,0.036130,intraday,intraday,0,0
2023-03-27 11:56,15.8100,2023-03-27 13:41,16.2900,2023-03-27 13:41,16.2900,2023-03-27 14:00,16.1200,0,19,19,0,19,19,0.000000,0.030361,intraday,intraday,0,0
2023-03-28 10:34,14.9000,2023-03-28 12:44,15.3500,2023-03-28 12:48,15.3900,2023-03-28 13:05,15.2000,4,17,21,4,17,21,0.002606,0.032886,intraday,intraday,0,0
2023-03-28 13:47,15.0500,2023-03-28 15:53,15.5200,2023-03-29 09:32,16.5600,2023-03-29 09:39,16.3900,9,7,16,1059,7,1066,0.067010,0.100332,overnight,intraday,0,1
2023-03-29 10:49,16.3000,2023-03-29 12:20,16.8000,2023-03-29 12:25,16.8800,2023-03-29 12:47,16.6800,5,22,27,5,22,27,0.004762,0.035583,intraday,intraday,0,0
2023-03-29 12:59,16.6500,2023-03-29 15:01,17.1500,2023-03-29 15:33,17.4700,2023-03-29 15:50,17.2600,32,17,49,32,17,49,0.018659,0.049249,intraday,intraday,0,0
2023-03-29 15:56,17.0300,2023-03-30 09:30,17.8000,2023-03-30 09:36,17.9000,2023-03-30 09:37,17.7100,6,1,7,6,1,7,0.005618,0.051086,intraday,intraday,0,0
2023-03-30 09:37,17.7100,2023-03-30 11:09,18.2500,2023-03-30 11:12,18.2900,2023-03-30 11:25,18.1000,3,13,16,3,13,16,0.002192,0.032750,intraday,intraday,0,0
2023-03-31 09:32,17.4300,2023-03-31 09:48,18.0100,2023-03-31 09:49,18.0900,2023-03-31 09:51,17.8900,1,2,3,1,2,3,0.004442,0.037866,intraday,intraday,0,0
2023-03-31 10:10,17.7000,2023-03-31 12:25,18.2500,2023-03-31 12:28,18.3400,2023-03-31 13:02,18.1400,3,34,37,3,34,37,0.004932,0.036158,intraday,intraday,0,0
2023-04-03 13:03,17.1300,2023-04-03 15:12,17.6500,2023-04-04 09:30,17.9100,2023-04-04 09:32,17.7100,48,2,50,1098,2,1100,0.014731,0.045534,overnight,intraday,0,1
2023-04-04 09:45,17.2000,2023-04-04 10:12,17.7300,2023-04-04 10:13,17.7600,2023-04-04 10:17,17.5500,1,4,5,1,4,5,0.001692,0.032558,intraday,intraday,0,0
2023-04-05 13:02,15.3800,2023-04-05 14:37,15.8600,2023-04-05 14:48,15.8900,2023-04-05 15:06,15.7100,11,18,29,11,18,29,0.001892,0.033160,intraday,intraday,0,0
2023-04-06 09:33,15.0900,2023-04-06 10:01,15.5700,2023-04-06 10:15,15.8800,2023-04-06 10:17,15.7200,14,2,16,14,2,16,0.019910,0.052353,intraday,intraday,0,0
2023-04-06 10:43,15.4300,2023-04-06 11:45,15.9000,2023-04-06 12:02,16.0000,2023-04-06 12:21,15.8400,17,19,36,17,19,36,0.006289,0.036941,intraday,intraday,0,0
2023-04-10 09:32,15.1400,2023-04-10 09:42,15.6900,2023-04-10 09:42,15.6900,2023-04-10 09:44,15.5300,0,2,2,0,2,2,0.000000,0.036328,intraday,intraday,0,0
2023-04-10 09:52,15.4400,2023-04-10 10:37,15.9100,2023-04-10 10:39,15.9400,2023-04-10 10:58,15.7700,2,19,21,2,19,21,0.001886,0.032383,intraday,intraday,0,0
2023-04-10 10:59,15.7600,2023-04-10 12:39,16.2400,2023-04-11 09:30,16.7900,2023-04-11 09:31,16.6100,201,1,202,1251,1,1252,0.033867,0.065355,overnight,intraday,0,1
2023-04-11 15:55,16.1100,2023-04-12 09:30,16.6700,2023-04-12 09:31,16.6900,2023-04-12 09:31,16.5000,1,0,1,1,0,1,0.001200,0.036002,intraday,intraday,0,0
2023-04-12 09:48,15.6300,2023-04-12 10:28,16.1100,2023-04-12 10:30,16.1400,2023-04-12 10:33,15.9000,2,3,5,2,3,5,0.001862,0.032630,intraday,intraday,0,0
2023-04-12 11:12,15.5000,2023-04-12 12:08,15.9700,2023-04-12 12:27,16.0600,2023-04-12 13:02,15.8800,19,35,54,19,35,54,0.005636,0.036129,intraday,intraday,0,0
2023-04-13 09:51,15.0400,2023-04-13 10:15,15.5200,2023-04-13 10:15,15.5200,2023-04-13 10:32,15.3300,0,17,17,0,17,17,0.000000,0.031915,intraday,intraday,0,0
2023-04-13 10:32,15.3300,2023-04-13 12:06,15.8000,2023-04-13 12:07,15.8100,2023-04-13 12:47,15.6400,1,40,41,1,40,41,0.000633,0.031311,intraday,intraday,0,0
2023-04-14 09:31,15.5300,2023-04-14 09:45,16.0000,2023-04-14 09:58,16.1900,2023-04-14 10:00,15.9800,13,2,15,13,2,15,0.011875,0.042498,intraday,intraday,0,0
2023-04-14 13:31,15.0800,2023-04-14 14:23,15.5400,2023-04-14 14:30,15.6000,2023-04-14 15:12,15.4300,7,42,49,7,42,49,0.003861,0.034483,intraday,intraday,0,0
2023-04-17 12:24,14.9500,2023-04-17 15:00,15.4000,2023-04-17 15:29,15.6200,2023-04-17 15:36,15.4600,29,7,36,29,7,36,0.014286,0.044816,intraday,intraday,0,0
2023-04-17 15:37,15.4400,2023-04-18 09:30,16.0800,2023-04-18 09:31,16.1600,2023-04-18 09:31,15.9800,1,0,1,1,0,1,0.004975,0.046632,intraday,intraday,0,0
2023-04-20 09:30,14.7400,2023-04-20 09:44,15.2000,2023-04-20 10:13,15.6200,2023-04-20 10:19,15.4600,29,6,35,29,6,35,0.027632,0.059701,intraday,intraday,0,0
2023-04-20 11:11,15.1900,2023-04-20 12:33,15.6700,2023-04-20 13:14,15.9000,2023-04-20 13:50,15.7400,41,36,77,41,36,77,0.014678,0.046741,intraday,intraday,0,0
2023-04-21 09:59,14.4800,2023-04-21 13:52,14.9200,2023-04-21 14:04,15.0200,2023-04-21 14:36,14.8600,12,32,44,12,32,44,0.006702,0.037293,intraday,intraday,0,0
2023-04-25 15:59,13.1700,2023-04-26 09:30,13.6800,2023-04-26 09:30,13.6800,2023-04-26 09:32,13.5100,0,2,2,0,2,2,0.000000,0.038724,intraday,intraday,0,0
2023-04-26 09:46,13.2100,2023-04-26 10:54,13.6100,2023-04-26 11:16,13.7900,2023-04-26 11:25,13.6500,22,9,31,22,9,31,0.013226,0.043906,intraday,intraday,0,0
2023-04-27 10:06,12.5200,2023-04-27 10:29,12.9000,2023-04-27 10:48,13.0700,2023-04-27 10:56,12.9100,19,8,27,19,8,27,0.013178,0.043930,intraday,intraday,0,0
2023-04-27 11:04,12.8800,2023-04-27 13:00,13.2900,2023-04-28 09:30,13.8800,2023-04-28 09:30,13.7200,180,0,180,1230,0,1230,0.044394,0.077640,overnight,intraday,1,1
2023-04-28 10:02,13.5400,2023-04-28 10:12,13.9500,2023-04-28 10:17,13.9900,2023-04-28 10:35,13.8200,5,18,23,5,18,23,0.002867,0.033235,intraday,intraday,0,0
2023-04-28 11:03,13.5800,2023-04-28 13:06,13.9900,2023-05-01 09:42,14.7700,2023-05-01 09:43,14.6100,186,1,187,4116,1,4117,0.055754,0.087629,weekend,intraday,0,1
2023-05-01 10:22,14.3200,2023-05-01 13:41,14.7600,2023-05-01 13:41,14.7600,2023-05-01 14:33,14.6000,0,52,52,0,52,52,0.000000,0.030726,intraday,intraday,0,0
2023-05-02 11:07,13.9100,2023-05-02 11:45,14.3300,2023-05-02 11:45,14.3300,2023-05-02 11:51,14.1500,0,6,6,0,6,6,0.000000,0.030194,intraday,intraday,0,0
2023-05-02 12:02,14.0700,2023-05-02 15:14,14.5000,2023-05-02 15:14,14.5000,2023-05-02 15:34,14.3300,0,20,20,0,20,20,0.000000,0.030561,intraday,intraday,0,0
2023-05-03 11:33,13.8200,2023-05-03 13:33,14.2500,2023-05-03 14:00,14.4200,2023-05-03 14:00,14.1600,27,0,27,27,0,27,0.011930,0.043415,intraday,intraday,0,0
2023-05-03 14:05,14.1100,2023-05-03 14:26,14.5700,2023-05-03 14:27,14.5800,2023-05-03 14:29,14.4200,1,2,3,1,2,3,0.000686,0.033310,intraday,intraday,0,0
2023-05-03 14:37,14.0800,2023-05-03 14:40,14.6200,2023-05-03 14:40,14.6200,2023-05-03 14:41,14.4700,0,1,1,0,1,1,0.000000,0.038352,intraday,intraday,0,0
2023-05-04 10:45,13.2200,2023-05-04 13:18,13.6700,2023-05-04 13:22,13.7300,2023-05-04 13:26,13.5800,4,4,8,4,4,8,0.004389,0.038578,intraday,intraday,0,0
2023-05-04 13:26,13.5800,2023-05-04 13:34,13.9900,2023-05-04 13:35,14.0000,2023-05-04 13:37,13.8200,1,2,3,1,2,3,0.000715,0.030928,intraday,intraday,0,0
2023-05-05 09:38,13.4300,2023-05-05 09:50,13.8600,2023-05-05 10:14,14.0600,2023-05-05 10:22,13.8600,24,8,32,24,8,32,0.014430,0.046910,intraday,intraday,0,0
2023-05-05 10:27,13.7900,2023-05-05 11:46,14.2100,2023-05-05 11:47,14.2200,2023-05-05 12:06,14.0700,1,19,20,1,19,20,0.000704,0.031182,intraday,intraday,0,0
2023-05-05 12:08,14.0600,2023-05-05 14:09,14.4900,2023-05-05 14:58,14.6800,2023-05-05 15:19,14.5300,49,21,70,49,21,70,0.013112,0.044097,intraday,intraday,0,0
2023-05-08 09:58,14.0700,2023-05-08 11:11,14.5000,2023-05-08 11:12,14.5200,2023-05-08 11:31,14.3700,1,19,20,1,19,20,0.001379,0.031983,intraday,intraday,0,0
2023-05-09 13:31,13.7400,2023-05-10 09:30,14.4500,2023-05-10 09:33,14.5300,2023-05-10 09:38,14.3700,3,5,8,3,5,8,0.005536,0.057496,intraday,intraday,0,0
2023-05-10 09:43,14.1800,2023-05-10 10:28,14.6400,2023-05-10 10:28,14.6400,2023-05-10 10:37,14.4800,0,9,9,0,9,9,0.000000,0.032440,intraday,intraday,0,0
2023-05-10 13:40,13.9100,2023-05-10 15:19,14.3300,2023-05-10 15:34,14.4700,2023-05-10 15:50,14.3100,15,16,31,15,16,31,0.009770,0.040259,intraday,intraday,0,0
2023-05-11 10:45,13.6400,2023-05-11 14:50,14.0500,2023-05-11 15:13,14.1200,2023-05-11 15:37,13.9700,23,24,47,23,24,47,0.004982,0.035191,intraday,intraday,0,0
2023-05-11 15:41,13.9400,2023-05-12 09:35,14.3700,2023-05-12 09:35,14.3700,2023-05-12 09:38,14.2000,0,3,3,0,3,3,0.000000,0.030846,intraday,intraday,0,0
2023-05-12 14:41,13.5900,2023-05-12 15:54,14.0100,2023-05-15 09:30,14.1300,2023-05-15 09:39,13.9700,6,9,15,3936,9,3945,0.008565,0.039735,weekend,intraday,0,1
2023-05-15 09:39,13.9700,2023-05-15 11:13,14.3900,2023-05-15 12:18,14.7500,2023-05-15 12:26,14.6000,65,8,73,65,8,73,0.025017,0.055834,intraday,intraday,0,0
2023-05-15 12:26,14.6000,2023-05-15 15:32,15.0400,2023-05-15 15:55,15.1400,2023-05-16 09:30,14.9700,23,5,28,23,1055,1078,0.006649,0.036986,overnight,overnight,1,1
2023-05-16 09:30,14.9700,2023-05-16 09:44,15.4600,2023-05-16 09:45,15.5400,2023-05-16 09:48,15.3600,1,3,4,1,3,4,0.005175,0.038076,intraday,intraday,0,0
2023-05-16 10:11,15.0700,2023-05-16 11:52,15.5600,2023-05-16 11:53,15.5700,2023-05-16 13:11,15.4000,1,78,79,1,78,79,0.000643,0.033179,intraday,intraday,0,0
2023-05-16 15:59,15.0200,2023-05-17 09:30,15.5200,2023-05-17 09:32,15.6100,2023-05-17 09:34,15.4200,2,2,4,2,2,4,0.005799,0.039281,intraday,intraday,0,0
2023-05-17 10:00,15.1300,2023-05-17 10:26,15.6400,2023-05-17 11:18,15.8700,2023-05-17 11:22,15.6800,52,4,56,52,4,56,0.014706,0.048909,intraday,intraday,0,0
2023-05-17 11:22,15.6800,2023-05-17 13:00,16.1600,2023-05-17 13:58,16.3400,2023-05-17 14:32,16.1700,58,34,92,58,34,92,0.011139,0.042092,intraday,intraday,0,0
2023-05-17 15:00,16.0600,2023-05-18 09:34,16.5500,2023-05-18 09:41,16.8800,2023-05-18 09:43,16.6700,7,2,9,7,2,9,0.019940,0.051059,intraday,intraday,0,0
2023-05-18 09:43,16.6700,2023-05-18 10:29,17.1800,2023-05-18 11:49,17.7100,2023-05-18 11:58,17.5100,80,9,89,80,9,89,0.030850,0.062388,intraday,intraday,0,0
2023-05-18 12:29,17.1600,2023-05-18 15:28,17.6800,2023-05-18 15:51,17.8000,2023-05-19 09:30,17.5000,23,9,32,23,1059,1082,0.006787,0.037296,overnight,overnight,1,1
2023-05-22 09:31,16.8800,2023-05-22 09:52,17.4100,2023-05-22 09:56,17.5400,2023-05-22 10:03,17.3600,4,7,11,4,7,11,0.007467,0.039100,intraday,intraday,0,0
2023-05-22 10:09,17.1500,2023-05-22 14:51,17.6800,2023-05-22 14:52,17.7200,2023-05-22 15:25,17.5400,1,33,34,1,33,34,0.002262,0.033236,intraday,intraday,0,0
2023-05-24 09:31,15.7400,2023-05-24 09:42,16.2300,2023-05-24 09:42,16.2300,2023-05-24 09:45,15.9700,0,3,3,0,3,3,0.000000,0.031131,intraday,intraday,0,0
2023-05-24 11:04,15.4900,2023-05-24 15:21,15.9600,2023-05-24 15:32,16.1600,2023-05-24 15:37,15.9800,11,5,16,11,5,16,0.012531,0.043254,intraday,intraday,0,0
2023-05-24 15:45,15.9300,2023-05-25 09:30,18.3500,2023-05-25 09:30,18.3500,2023-05-25 09:31,18.1200,0,1,1,0,1,1,0.000000,0.151915,intraday,intraday,0,0
2023-05-25 09:39,17.6300,2023-05-25 10:04,18.2000,2023-05-25 10:04,18.2000,2023-05-25 10:07,17.9700,0,3,3,0,3,3,0.000000,0.032331,intraday,intraday,0,0
2023-05-25 10:13,17.9000,2023-05-25 11:06,18.4600,2023-05-25 11:27,18.7400,2023-05-25 11:28,18.5300,21,1,22,21,1,22,0.015168,0.046927,intraday,intraday,0,0
2023-05-25 11:32,18.4500,2023-05-25 12:42,19.0200,2023-05-25 14:01,19.2400,2023-05-25 14:08,19.0300,79,7,86,79,7,86,0.011567,0.042818,intraday,intraday,0,0
2023-05-25 14:47,18.8700,2023-05-26 09:30,20.3400,2023-05-26 09:30,20.3400,2023-05-26 09:35,20.1100,0,5,5,0,5,5,0.000000,0.077901,intraday,intraday,0,0
2023-05-26 09:35,20.1100,2023-05-26 09:50,20.7500,2023-05-26 09:54,20.9400,2023-05-26 09:57,20.7200,4,3,7,4,3,7,0.009157,0.041273,intraday,intraday,0,0
2023-05-26 09:59,20.6000,2023-05-26 10:17,21.2900,2023-05-26 10:50,22.1300,2023-05-26 11:04,21.8600,33,14,47,33,14,47,0.039455,0.074272,intraday,intraday,0,0
2023-05-26 11:11,21.5600,2023-05-26 12:30,22.2100,2023-05-26 13:12,22.5700,2023-05-26 13:45,22.3300,42,33,75,42,33,75,0.016209,0.046846,intraday,intraday,0,0
2023-05-26 13:45,22.3300,2023-05-26 15:05,23.0000,2023-05-26 15:14,23.2600,2023-05-26 15:26,22.9800,9,12,21,9,12,21,0.011304,0.041648,intraday,intraday,0,0
2023-05-26 15:39,22.8300,2023-05-30 09:30,24.8000,2023-05-30 09:30,24.8000,2023-05-30 09:31,24.2800,0,1,1,0,1,1,0.000000,0.086290,intraday,intraday,0,0
2023-05-30 10:31,23.0100,2023-05-30 10:55,23.7300,2023-05-30 11:05,24.0000,2023-05-30 11:15,23.6700,10,10,20,10,10,20,0.011378,0.043025,intraday,intraday,0,0
2023-05-31 09:30,21.5900,2023-05-31 09:34,22.3000,2023-05-31 09:38,22.5300,2023-05-31 09:38,22.2900,4,0,4,4,0,4,0.010314,0.043539,intraday,intraday,0,0
2023-05-31 11:36,21.1100,2023-05-31 13:30,21.8000,2023-05-31 13:40,22.0500,2023-05-31 13:45,21.8100,10,5,15,10,5,15,0.011468,0.044529,intraday,intraday,0,0
2023-05-31 15:57,21.0900,2023-06-01 09:41,21.8200,2023-06-01 09:41,21.8200,2023-06-01 09:42,21.5500,0,1,1,0,1,1,0.000000,0.034614,intraday,intraday,0,0
2023-06-01 10:26,20.8300,2023-06-01 10:46,21.5700,2023-06-01 10:46,21.5700,2023-06-01 10:52,21.3300,0,6,6,0,6,6,0.000000,0.035526,intraday,intraday,0,0
2023-06-01 10:52,21.3300,2023-06-01 11:33,21.9800,2023-06-01 12:21,22.4300,2023-06-01 12:29,22.1900,48,8,56,48,8,56,0.020473,0.051571,intraday,intraday,0,0
2023-06-01 12:46,22.0500,2023-06-01 15:15,22.7500,2023-06-01 15:15,22.7500,2023-06-01 15:25,22.5100,0,10,10,0,10,10,0.000000,0.031746,intraday,intraday,0,0
2023-06-01 15:42,22.0700,2023-06-02 09:30,22.8900,2023-06-02 09:30,22.8900,2023-06-02 09:33,22.6300,0,3,3,0,3,3,0.000000,0.037155,intraday,intraday,0,0
2023-06-02 10:09,21.5300,2023-06-02 10:47,22.2400,2023-06-02 11:02,22.2900,2023-06-02 11:14,22.0300,15,12,27,15,12,27,0.002248,0.035300,intraday,intraday,0,0
2023-06-06 09:33,20.4300,2023-06-06 09:40,21.1200,2023-06-06 09:42,21.2100,2023-06-06 09:43,20.9200,2,1,3,2,1,3,0.004261,0.038179,intraday,intraday,0,0
2023-06-06 09:43,20.9200,2023-06-06 10:53,21.5700,2023-06-06 11:17,21.9900,2023-06-06 11:25,21.6200,24,8,32,24,8,32,0.019471,0.051147,intraday,intraday,0,0
2023-06-06 12:57,21.2000,2023-06-07 09:30,22.3400,2023-06-07 09:33,22.5200,2023-06-07 09:33,22.1400,3,0,3,3,0,3,0.008057,0.062264,intraday,intraday,0,0
2023-06-07 09:40,22.0900,2023-06-07 10:00,22.7600,2023-06-07 10:11,23.1000,2023-06-07 10:15,22.7700,11,4,15,11,4,15,0.014938,0.045722,intraday,intraday,0,0
2023-06-07 10:52,22.0500,2023-06-07 11:33,22.7200,2023-06-07 11:48,22.8100,2023-06-07 11:52,22.5300,15,4,19,15,4,19,0.003961,0.034467,intraday,intraday,0,0
2023-06-08 09:54,21.4600,2023-06-08 11:26,22.1100,2023-06-08 12:30,22.4700,2023-06-08 12:40,22.2300,64,10,74,64,10,74,0.016282,0.047064,intraday,intraday,0,0
2023-06-08 13:47,21.7800,2023-06-08 15:12,22.4500,2023-06-08 15:12,22.4500,2023-06-08 15:33,22.2200,0,21,21,0,21,21,0.000000,0.030762,intraday,intraday,0,0
2023-06-08 15:55,22.2100,2023-06-09 09:30,23.2100,2023-06-09 09:33,23.3800,2023-06-09 09:34,23.1000,3,1,4,3,1,4,0.007324,0.052679,intraday,intraday,0,0
2023-06-09 12:40,22.0800,2023-06-12 09:30,23.2500,2023-06-12 09:34,23.4800,2023-06-12 09:36,23.2000,4,2,6,4,2,6,0.009892,0.063406,intraday,intraday,0,0
2023-06-12 09:37,23.1700,2023-06-12 10:44,23.8900,2023-06-12 10:46,23.9200,2023-06-12 10:59,23.6500,2,13,15,2,13,15,0.001256,0.032369,intraday,intraday,0,0
2023-06-12 11:01,23.6100,2023-06-12 14:11,24.3200,2023-06-13 09:30,25.8000,2023-06-13 09:31,25.4200,109,1,110,1159,1,1160,0.060855,0.092757,overnight,intraday,0,1
2023-06-13 10:13,24.7200,2023-06-13 10:45,25.4700,2023-06-13 11:23,26.0800,2023-06-13 11:30,25.8000,38,7,45,38,7,45,0.023950,0.055016,intraday,intraday,0,0
2023-06-13 14:29,24.9200,2023-06-13 15:17,25.6700,2023-06-13 15:23,25.7300,2023-06-13 15:31,25.4700,6,8,14,6,8,14,0.002337,0.032504,intraday,intraday,0,0
2023-06-14 09:31,25.0400,2023-06-14 10:17,25.8000,2023-06-14 10:19,25.8300,2023-06-14 10:28,25.5600,2,9,11,2,9,11,0.001163,0.031550,intraday,intraday,0,0
2023-06-14 14:08,24.8400,2023-06-14 14:36,25.6800,2023-06-14 14:51,26.2600,2023-06-14 14:52,25.9700,15,1,16,15,1,16,0.022586,0.057166,intraday,intraday,0,0
2023-06-14 15:18,25.8700,2023-06-14 15:59,26.7100,2023-06-14 15:59,26.7100,2023-06-15 09:30,25.7300,0,1,1,0,1051,1051,0.000000,0.032470,overnight,overnight,1,1
2023-06-15 09:58,25.4200,2023-06-15 11:41,26.1900,2023-06-15 11:45,26.2500,2023-06-15 11:48,25.9500,4,3,7,4,3,7,0.002291,0.032651,intraday,intraday,0,0
2023-06-15 13:15,25.6800,2023-06-15 14:57,26.4900,2023-06-15 14:59,26.5800,2023-06-15 15:04,26.3000,2,5,7,2,5,7,0.003398,0.035047,intraday,intraday,0,0
2023-06-15 15:59,25.8800,2023-06-16 09:30,26.7900,2023-06-16 09:30,26.7900,2023-06-16 09:31,26.4000,0,1,1,0,1,1,0.000000,0.035162,intraday,intraday,0,0
2023-06-20 10:28,23.9700,2023-06-20 13:21,24.6900,2023-06-20 13:22,24.7000,2023-06-20 13:54,24.4000,1,32,33,1,32,33,0.000405,0.030455,intraday,intraday,0,0
2023-06-21 11:12,22.7000,2023-06-21 14:14,23.4000,2023-06-21 14:32,23.5600,2023-06-21 15:04,23.2700,18,32,50,18,32,50,0.006838,0.037885,intraday,intraday,0,0
2023-06-22 09:30,22.2200,2023-06-22 09:56,22.9100,2023-06-22 10:20,23.2900,2023-06-22 10:24,23.0500,24,4,28,24,4,28,0.016587,0.048155,intraday,intraday,0,0
2023-06-22 10:55,22.6500,2023-06-22 11:43,23.3300,2023-06-22 11:46,23.3800,2023-06-22 12:01,23.0700,3,15,18,3,15,18,0.002143,0.032230,intraday,intraday,0,0
2023-06-23 09:46,21.6000,2023-06-23 10:10,22.2600,2023-06-23 10:12,22.2800,2023-06-23 10:21,22.0400,2,9,11,2,9,11,0.000898,0.031481,intraday,intraday,0,0
2023-06-23 11:28,21.5200,2023-06-23 13:18,22.1800,2023-06-23 13:30,22.2400,2023-06-23 14:12,22.0000,12,42,54,12,42,54,0.002705,0.033457,intraday,intraday,0,0
2023-06-23 15:02,21.6800,2023-06-26 09:30,22.3500,2023-06-26 10:01,23.3200,2023-06-26 10:32,23.0100,31,31,62,31,31,62,0.043400,0.075646,intraday,intraday,0,0
2023-06-27 09:40,22.0100,2023-06-27 11:21,22.6900,2023-06-27 15:29,24.4900,2023-06-28 09:30,23.1300,248,31,279,248,1081,1329,0.079330,0.112676,overnight,overnight,1,1
2023-06-28 09:35,23.1100,2023-06-28 10:29,23.8500,2023-06-28 10:57,24.3600,2023-06-28 11:03,24.0800,28,6,34,28,6,34,0.021384,0.054089,intraday,intraday,0,0
2023-06-28 12:55,23.3800,2023-06-29 09:30,24.1200,2023-06-29 09:30,24.1200,2023-06-29 09:31,23.7500,0,1,1,0,1,1,0.000000,0.031651,intraday,intraday,0,0
2023-06-29 10:10,23.1700,2023-06-29 11:24,23.8900,2023-06-29 12:03,23.9900,2023-06-29 12:13,23.7200,39,10,49,39,10,49,0.004186,0.035391,intraday,intraday,0,0
2023-06-29 14:03,23.3100,2023-06-30 09:30,24.6200,2023-06-30 09:30,24.6200,2023-06-30 09:31,24.3700,0,1,1,0,1,1,0.000000,0.056199,intraday,intraday,0,0
2023-06-30 09:35,24.2900,2023-06-30 12:50,25.0200,2023-06-30 14:30,25.1700,2023-06-30 15:50,24.9100,100,80,180,100,80,180,0.005995,0.036229,intraday,intraday,0,0
2023-06-30 15:59,24.8600,2023-07-03 09:33,25.7000,2023-07-03 09:35,25.7500,2023-07-03 09:37,25.4200,2,2,4,2,2,4,0.001946,0.035800,intraday,intraday,0,0
2023-07-03 10:59,24.6800,2023-07-03 12:58,25.4300,2023-07-03 12:59,25.5000,2023-07-05 09:30,24.9300,1,1,2,1,2671,2672,0.002753,0.033225,holiday,holiday,1,1
2023-07-06 11:25,22.0400,2023-07-06 14:44,22.7300,2023-07-07 09:30,23.1200,2023-07-07 09:34,22.8800,76,4,80,1126,4,1130,0.017158,0.049002,overnight,intraday,0,1
2023-07-07 09:36,22.8300,2023-07-07 10:07,23.5200,2023-07-07 10:14,23.6200,2023-07-07 10:15,23.3800,7,1,8,7,1,8,0.004252,0.034604,intraday,intraday,0,0
2023-07-07 10:34,23.0700,2023-07-07 12:09,23.7700,2023-07-07 12:46,24.0300,2023-07-07 13:57,23.7600,37,71,108,37,71,108,0.010938,0.041612,intraday,intraday,0,0
2023-07-07 15:56,22.9000,2023-07-10 09:37,23.6800,2023-07-10 09:42,23.8500,2023-07-10 09:43,23.5800,5,1,6,5,1,6,0.007179,0.041485,intraday,intraday,0,0
2023-07-10 09:56,23.2500,2023-07-10 11:25,23.9500,2023-07-10 11:33,24.0800,2023-07-10 11:46,23.8200,8,13,21,8,13,21,0.005428,0.035699,intraday,intraday,0,0
2023-07-10 12:15,23.5800,2023-07-10 14:24,24.2900,2023-07-10 15:20,24.4400,2023-07-10 15:44,24.1700,56,24,80,56,24,80,0.006175,0.036472,intraday,intraday,0,0
2023-07-11 11:51,23.2800,2023-07-11 14:56,24.0100,2023-07-12 09:30,25.4500,2023-07-12 09:32,25.1800,64,2,66,1114,2,1116,0.059975,0.093213,overnight,intraday,0,1
2023-07-12 11:41,25.0000,2023-07-12 14:13,25.7500,2023-07-12 15:16,25.8500,2023-07-12 15:25,25.5600,63,9,72,63,9,72,0.003883,0.034000,intraday,intraday,0,0
2023-07-12 15:25,25.5600,2023-07-13 09:30,26.5200,2023-07-13 09:30,26.5200,2023-07-13 09:36,26.2100,0,6,6,0,6,6,0.000000,0.037559,intraday,intraday,0,0
2023-07-13 09:36,26.2100,2023-07-13 13:29,27.0000,2023-07-14 09:41,27.7300,2023-07-14 09:42,27.4200,162,1,163,1212,1,1213,0.027037,0.057993,overnight,intraday,0,1
2023-07-17 09:45,25.7700,2023-07-17 10:09,26.5500,2023-07-17 11:53,27.8200,2023-07-17 12:26,27.5000,104,33,137,104,33,137,0.047834,0.079550,intraday,intraday,0,0
2023-07-17 12:38,27.4400,2023-07-17 15:15,28.2700,2023-07-17 15:20,28.5300,2023-07-17 15:32,28.2300,5,12,17,5,12,17,0.009197,0.039723,intraday,intraday,0,0
2023-07-18 11:42,27.0900,2023-07-18 14:06,27.9300,2023-07-18 15:50,28.5500,2023-07-18 15:59,28.2200,104,9,113,104,9,113,0.022198,0.053894,intraday,intraday,0,0
2023-07-20 10:39,24.9300,2023-07-20 11:38,25.6900,2023-07-20 11:38,25.6900,2023-07-20 11:46,25.4100,0,8,8,0,8,8,0.000000,0.030485,intraday,intraday,0,0
2023-07-20 15:21,23.8700,2023-07-21 09:30,25.0300,2023-07-21 09:33,25.3200,2023-07-21 09:33,25.0500,3,0,3,3,0,3,0.011586,0.060746,intraday,intraday,0,0
2023-07-21 10:03,24.5000,2023-07-21 12:19,25.2600,2023-07-21 12:22,25.3300,2023-07-21 12:37,25.0600,3,15,18,3,15,18,0.002771,0.033878,intraday,intraday,0,0
2023-07-24 09:54,24.5100,2023-07-25 09:30,25.5100,2023-07-25 09:41,25.9000,2023-07-25 09:44,25.6200,11,3,14,11,3,14,0.015288,0.056712,intraday,intraday,0,0
2023-07-25 09:44,25.6200,2023-07-25 11:37,26.3900,2023-07-25 11:43,26.5000,2023-07-25 12:00,26.2200,6,17,23,6,17,23,0.004168,0.034348,intraday,intraday,0,0
2023-07-26 11:01,24.2100,2023-07-26 14:00,25.0000,2023-07-26 14:10,25.1200,2023-07-26 14:25,24.8400,10,15,25,10,15,25,0.004800,0.037588,intraday,intraday,0,0
2023-07-26 14:26,24.7400,2023-07-26 14:39,25.5800,2023-07-26 14:43,25.7300,2023-07-26 14:48,25.3700,4,5,9,4,5,9,0.005864,0.040016,intraday,intraday,0,0
2023-07-26 15:19,24.6200,2023-07-27 09:30,27.0300,2023-07-27 09:55,27.6500,2023-07-27 09:56,27.3500,25,1,26,25,1,26,0.022937,0.123071,intraday,intraday,0,0
2023-07-27 10:30,26.7100,2023-07-27 11:24,27.5300,2023-07-27 11:34,27.6800,2023-07-27 11:45,27.4000,10,11,21,10,11,21,0.005449,0.036316,intraday,intraday,0,0
2023-07-27 15:00,26.0000,2023-07-28 09:30,27.9900,2023-07-28 09:30,27.9900,2023-07-28 09:31,27.5300,0,1,1,0,1,1,0.000000,0.076538,intraday,intraday,0,0
2023-07-28 09:39,27.1500,2023-07-28 10:11,28.0200,2023-07-28 10:12,28.0400,2023-07-28 10:24,27.7500,1,12,13,1,12,13,0.000714,0.032781,intraday,intraday,0,0
2023-07-28 10:28,27.6000,2023-07-28 12:23,28.4400,2023-07-28 12:23,28.4400,2023-07-28 12:57,28.1300,0,34,34,0,34,34,0.000000,0.030435,intraday,intraday,0,0
2023-07-28 13:44,27.5000,2023-07-28 15:54,28.3600,2023-07-31 09:32,28.7000,2023-07-31 09:36,28.4100,8,4,12,3938,4,3942,0.011989,0.043636,weekend,intraday,0,1
2023-08-01 09:31,27.4300,2023-08-01 10:37,28.3000,2023-08-01 10:54,28.4600,2023-08-01 11:12,28.1700,17,18,35,17,18,35,0.005654,0.037550,intraday,intraday,0,0
2023-08-02 12:13,24.7900,2023-08-02 13:02,25.5500,2023-08-02 13:35,25.6700,2023-08-02 13:43,25.4000,33,8,41,33,8,41,0.004697,0.035498,intraday,intraday,0,0
2023-08-03 09:33,24.1000,2023-08-03 09:39,24.8800,2023-08-03 09:39,24.8800,2023-08-03 09:42,24.6200,0,3,3,0,3,3,0.000000,0.032365,intraday,intraday,0,0
2023-08-03 10:30,24.0700,2023-08-03 11:19,24.8100,2023-08-03 12:50,25.6000,2023-08-03 13:08,25.3200,91,18,109,91,18,109,0.031842,0.063565,intraday,intraday,0,0
2023-08-04 10:04,24.0800,2023-08-04 10:25,24.8200,2023-08-04 12:44,25.9500,2023-08-04 13:05,25.6600,139,21,160,139,21,160,0.045528,0.077658,intraday,intraday,0,0
2023-08-04 14:55,24.5000,2023-08-07 09:30,25.7300,2023-08-07 09:31,25.7800,2023-08-07 09:32,25.4300,1,1,2,1,1,2,0.001943,0.052245,intraday,intraday,0,0
2023-08-08 11:49,23.4200,2023-08-08 13:54,24.1300,2023-08-08 15:45,24.5500,2023-08-09 09:31,24.3000,111,16,127,111,1066,1177,0.017406,0.048249,overnight,overnight,0,1
2023-08-09 11:22,22.9500,2023-08-09 13:15,23.6700,2023-08-09 14:32,23.8900,2023-08-09 15:07,23.5500,77,35,112,77,35,112,0.009294,0.040959,intraday,intraday,0,0
2023-08-09 15:56,23.0300,2023-08-10 09:32,23.7500,2023-08-10 09:39,23.9500,2023-08-10 09:43,23.6400,7,4,11,7,4,11,0.008421,0.039948,intraday,intraday,0,0
2023-08-10 09:43,23.6400,2023-08-10 10:00,24.3700,2023-08-10 10:18,24.4100,2023-08-10 10:21,24.1500,18,3,21,18,3,21,0.001641,0.032572,intraday,intraday,0,0
2023-08-10 13:58,22.3100,2023-08-10 14:51,22.9800,2023-08-10 14:59,23.0400,2023-08-10 15:02,22.7900,8,3,11,8,3,11,0.002611,0.032721,intraday,intraday,0,0
2023-08-14 09:31,20.6600,2023-08-14 09:40,21.2800,2023-08-14 09:45,21.4100,2023-08-14 09:47,21.1400,5,2,7,5,2,7,0.006109,0.036302,intraday,intraday,0,0
2023-08-14 09:48,21.1300,2023-08-14 10:14,21.7700,2023-08-14 10:25,21.8500,2023-08-14 10:29,21.6300,11,4,15,11,4,15,0.003675,0.034075,intraday,intraday,0,0
2023-08-14 10:29,21.6300,2023-08-14 10:52,22.3000,2023-08-14 11:50,22.5000,2023-08-14 12:01,22.2600,58,11,69,58,11,69,0.008969,0.040222,intraday,intraday,0,0
2023-08-14 12:23,22.2200,2023-08-14 15:40,22.8900,2023-08-14 15:59,22.9600,2023-08-15 09:30,22.4100,19,1,20,19,1051,1070,0.003058,0.033303,overnight,overnight,1,1
2023-08-17 11:32,19.9200,2023-08-17 12:57,20.5400,2023-08-17 12:57,20.5400,2023-08-17 13:21,20.3300,0,24,24,0,24,24,0.000000,0.031124,intraday,intraday,0,0
2023-08-18 09:31,19.1100,2023-08-18 09:48,19.7000,2023-08-18 09:50,19.8300,2023-08-18 09:51,19.6200,2,1,3,2,1,3,0.006599,0.037677,intraday,intraday,0,0
2023-08-18 10:01,19.2400,2023-08-18 10:38,19.8300,2023-08-18 10:38,19.8300,2023-08-18 10:42,19.6300,0,4,4,0,4,4,0.000000,0.030665,intraday,intraday,0,0
2023-08-18 11:41,19.4600,2023-08-18 14:06,20.0600,2023-08-18 14:41,20.4300,2023-08-18 15:00,20.1800,35,19,54,35,19,54,0.018445,0.049846,intraday,intraday,0,0
2023-08-18 15:13,20.0700,2023-08-21 09:34,20.7100,2023-08-21 10:10,21.1600,2023-08-21 10:15,20.8900,36,5,41,36,5,41,0.021729,0.054310,intraday,intraday,0,0
2023-08-21 11:16,20.5100,2023-08-21 12:59,21.1400,2023-08-22 09:33,22.8200,2023-08-22 09:35,22.5800,184,2,186,1234,2,1236,0.079470,0.112628,overnight,intraday,0,1
2023-08-23 09:30,20.9000,2023-08-23 09:47,21.6100,2023-08-23 09:52,21.7200,2023-08-23 09:54,21.5000,5,2,7,5,2,7,0.005090,0.039234,intraday,intraday,0,0
2023-08-23 09:54,21.5000,2023-08-23 10:13,22.1800,2023-08-23 11:14,22.5800,2023-08-23 11:44,22.3300,61,30,91,61,30,91,0.018034,0.050233,intraday,intraday,0,0
2023-08-23 13:02,22.3000,2023-08-24 09:30,23.9200,2023-08-24 09:30,23.9200,2023-08-24 09:31,23.3300,0,1,1,0,1,1,0.000000,0.072646,intraday,intraday,0,0
2023-08-24 11:52,20.7800,2023-08-24 12:40,21.4100,2023-08-24 12:47,21.5200,2023-08-24 12:55,21.2500,7,8,15,7,8,15,0.005138,0.035611,intraday,intraday,0,0
2023-08-24 15:48,20.2400,2023-08-25 10:03,20.8500,2023-08-25 10:03,20.8500,2023-08-25 10:04,20.6100,0,1,1,0,1,1,0.000000,0.030138,intraday,intraday,0,0
2023-08-25 10:09,20.1600,2023-08-25 10:13,20.9000,2023-08-25 10:17,21.1700,2023-08-25 10:18,20.7100,4,1,5,4,1,5,0.012919,0.050099,intraday,intraday,0,0
2023-08-25 10:59,19.4000,2023-08-25 11:29,20.0500,2023-08-25 11:29,20.0500,2023-08-25 11:30,19.8300,0,1,1,0,1,1,0.000000,0.033505,intraday,intraday,0,0
2023-08-25 11:57,19.6100,2023-08-25 12:37,20.2100,2023-08-25 12:40,20.3000,2023-08-25 12:51,20.0600,3,11,14,3,11,14,0.004453,0.035186,intraday,intraday,0,0
2023-08-25 13:36,19.9300,2023-08-25 14:20,20.5600,2023-08-25 14:38,20.8100,2023-08-25 14:39,20.6000,18,1,19,18,1,19,0.012160,0.044155,intraday,intraday,0,0
2023-08-25 14:45,20.5200,2023-08-28 09:30,21.3000,2023-08-28 09:35,21.5900,2023-08-28 09:38,21.3000,5,3,8,5,3,8,0.013615,0.052144,intraday,intraday,0,0
2023-08-28 11:51,20.7600,2023-08-28 13:01,21.3900,2023-08-28 13:06,21.4800,2023-08-28 13:36,21.2100,5,30,35,5,30,35,0.004208,0.034682,intraday,intraday,0,0
2023-08-28 13:58,20.8700,2023-08-29 09:43,21.5300,2023-08-29 09:50,21.7800,2023-08-29 09:56,21.5500,7,6,13,7,6,13,0.011612,0.043603,intraday,intraday,0,0
2023-08-29 09:57,21.5400,2023-08-29 10:16,22.1900,2023-08-29 10:51,22.6900,2023-08-29 10:56,22.4500,35,5,40,35,5,40,0.022533,0.053389,intraday,intraday,0,0
2023-08-29 10:58,22.4400,2023-08-29 12:58,23.1300,2023-08-29 15:19,23.3100,2023-08-29 15:49,23.0700,141,30,171,141,30,171,0.007782,0.038770,intraday,intraday,0,0
2023-08-30 09:36,22.3700,2023-08-30 09:57,23.0700,2023-08-30 10:15,23.3000,2023-08-30 10:18,23.0500,18,3,21,18,3,21,0.009970,0.041574,intraday,intraday,0,0
2023-08-30 10:27,22.5000,2023-08-30 10:54,23.1900,2023-08-30 10:56,23.2500,2023-08-30 11:03,23.0000,2,7,9,2,7,9,0.002587,0.033333,intraday,intraday,0,0
2023-08-30 11:03,23.0000,2023-08-30 12:34,23.7000,2023-08-30 12:34,23.7000,2023-08-30 13:52,23.4200,0,78,78,0,78,78,0.000000,0.030435,intraday,intraday,0,0
2023-08-31 09:30,23.1400,2023-08-31 09:57,23.8500,2023-08-31 10:00,23.9500,2023-08-31 10:11,23.6900,3,11,14,3,11,14,0.004193,0.035004,intraday,intraday,0,0
2023-08-31 12:49,23.4500,2023-09-01 09:30,24.3600,2023-09-01 09:34,24.5100,2023-09-01 09:35,24.2300,4,1,5,4,1,5,0.006158,0.045203,intraday,intraday,0,0
2023-09-05 10:04,23.3800,2023-09-05 10:52,24.1300,2023-09-05 11:09,24.3800,2023-09-05 11:27,24.1200,17,18,35,17,18,35,0.010361,0.042772,intraday,intraday,0,0
2023-09-06 12:55,22.6600,2023-09-06 14:29,23.3600,2023-09-06 14:45,23.5000,2023-09-06 15:05,23.2500,16,20,36,16,20,36,0.005993,0.037070,intraday,intraday,0,0
2023-09-07 10:04,21.0000,2023-09-07 10:22,21.6300,2023-09-07 10:22,21.6300,2023-09-07 10:32,21.3400,0,10,10,0,10,10,0.000000,0.030000,intraday,intraday,0,0
2023-09-07 12:00,21.2000,2023-09-07 13:55,21.8500,2023-09-07 13:55,21.8500,2023-09-07 14:30,21.6200,0,35,35,0,35,35,0.000000,0.030660,intraday,intraday,0,0
2023-09-08 15:41,21.2200,2023-09-11 09:30,22.3100,2023-09-11 09:30,22.3100,2023-09-11 09:31,22.0700,0,1,1,0,1,1,0.000000,0.051367,intraday,intraday,0,0
2023-09-11 11:47,20.5900,2023-09-11 13:30,21.2400,2023-09-11 15:31,21.5500,2023-09-12 09:30,20.8600,121,29,150,121,1079,1200,0.014595,0.046625,overnight,overnight,1,1
2023-09-12 09:32,20.8500,2023-09-12 09:36,21.4800,2023-09-12 09:42,21.7200,2023-09-12 09:44,21.4900,6,2,8,6,2,8,0.011173,0.041727,intraday,intraday,0,0
2023-09-13 09:30,20.7900,2023-09-13 10:26,21.4200,2023-09-13 10:42,21.6400,2023-09-13 10:46,21.3700,16,4,20,16,4,20,0.010271,0.040885,intraday,intraday,0,0
2023-09-13 15:15,20.9900,2023-09-14 09:30,21.8900,2023-09-14 09:30,21.8900,2023-09-14 09:31,21.5500,0,1,1,0,1,1,0.000000,0.042878,intraday,intraday,0,0
2023-09-14 09:56,21.0400,2023-09-14 10:44,21.7200,2023-09-14 11:04,21.9300,2023-09-14 11:16,21.7100,20,12,32,20,12,32,0.009669,0.042300,intraday,intraday,0,0
2023-09-18 09:30,19.2000,2023-09-18 09:37,19.8000,2023-09-18 09:37,19.8000,2023-09-18 09:40,19.5800,0,3,3,0,3,3,0.000000,0.031250,intraday,intraday,0,0
2023-09-18 09:42,19.4200,2023-09-18 09:52,20.0200,2023-09-18 09:52,20.0200,2023-09-18 09:55,19.7900,0,3,3,0,3,3,0.000000,0.030896,intraday,intraday,0,0
2023-09-18 10:52,19.5500,2023-09-18 12:27,20.1500,2023-09-18 12:30,20.1800,2023-09-18 13:09,19.9700,3,39,42,3,39,42,0.001489,0.032225,intraday,intraday,0,0
2023-09-19 10:39,19.0800,2023-09-19 13:47,19.7000,2023-09-19 13:47,19.7000,2023-09-19 14:09,19.5000,0,22,22,0,22,22,0.000000,0.032495,intraday,intraday,0,0
2023-09-19 15:15,19.2700,2023-09-20 09:40,19.8700,2023-09-20 09:46,19.9200,2023-09-20 09:50,19.7200,6,4,10,6,4,10,0.002516,0.033731,intraday,intraday,0,0
2023-09-21 15:59,17.3900,2023-09-22 09:30,17.9300,2023-09-22 09:34,17.9800,2023-09-22 09:37,17.7400,4,3,7,4,3,7,0.002789,0.033928,intraday,intraday,0,0
2023-09-22 09:42,17.6200,2023-09-22 10:32,18.1500,2023-09-22 10:37,18.3300,2023-09-22 10:53,18.1400,5,16,21,5,16,21,0.009917,0.040295,intraday,intraday,0,0
2023-09-25 09:32,17.3300,2023-09-25 09:40,17.9400,2023-09-25 09:47,18.1700,2023-09-25 09:53,17.9400,7,6,13,7,6,13,0.012821,0.048471,intraday,intraday,0,0
2023-09-25 10:27,17.7000,2023-09-25 11:18,18.2400,2023-09-25 11:46,18.2500,2023-09-25 11:57,18.0600,28,11,39,28,11,39,0.000548,0.031073,intraday,intraday,0,0
2023-09-26 15:35,16.9900,2023-09-27 09:30,17.7500,2023-09-27 09:31,17.7900,2023-09-27 09:33,17.6100,1,2,3,1,2,3,0.002254,0.047087,intraday,intraday,0,0
2023-09-27 13:43,16.8900,2023-09-27 14:30,17.4600,2023-09-27 15:13,18.0800,2023-09-27 15:14,17.8900,43,1,44,43,1,44,0.035510,0.070456,intraday,intraday,0,0
2023-09-28 09:33,17.3400,2023-09-28 09:53,17.9600,2023-09-28 10:03,18.2000,2023-09-28 10:16,17.9800,10,13,23,10,13,23,0.013363,0.049596,intraday,intraday,0,0
2023-09-28 10:31,17.8500,2023-09-28 10:48,18.3900,2023-09-28 12:00,19.1800,2023-09-28 12:03,18.9700,72,3,75,72,3,75,0.042958,0.074510,intraday,intraday,0,0
2023-09-28 14:37,18.4100,2023-09-28 15:17,18.9700,2023-09-28 15:25,19.0400,2023-09-28 15:35,18.8300,8,10,18,8,10,18,0.003690,0.034221,intraday,intraday,0,0
2023-09-28 15:59,18.6100,2023-09-29 09:30,19.5500,2023-09-29 09:30,19.5500,2023-09-29 09:32,19.3000,0,2,2,0,2,2,0.000000,0.050510,intraday,intraday,0,0
2023-09-29 14:01,18.6600,2023-10-02 09:33,19.3700,2023-10-02 09:40,19.5000,2023-10-02 09:43,19.3000,7,3,10,7,3,10,0.006711,0.045016,intraday,intraday,0,0
2023-10-02 10:42,18.9000,2023-10-02 11:21,19.4700,2023-10-02 11:30,19.5300,2023-10-02 11:36,19.2800,9,6,15,9,6,15,0.003082,0.033333,intraday,intraday,0,0
2023-10-02 14:40,18.4300,2023-10-02 15:54,19.0000,2023-10-02 15:59,19.1200,2023-10-03 09:30,18.5800,5,1,6,5,1051,1056,0.006316,0.037439,overnight,overnight,1,1
2023-10-03 09:30,18.5800,2023-10-03 09:49,19.2200,2023-10-03 09:55,19.3900,2023-10-03 09:57,19.1700,6,2,8,6,2,8,0.008845,0.043595,intraday,intraday,0,0
2023-10-03 15:34,17.5300,2023-10-04 09:30,18.2600,2023-10-04 09:30,18.2600,2023-10-04 09:32,18.0600,0,2,2,0,2,2,0.000000,0.041643,intraday,intraday,0,0
2023-10-04 10:29,17.7700,2023-10-04 10:41,18.3300,2023-10-04 10:41,18.3300,2023-10-04 10:46,18.1200,0,5,5,0,5,5,0.000000,0.031514,intraday,intraday,0,0
2023-10-04 11:02,17.9100,2023-10-04 11:37,18.4700,2023-10-04 11:59,18.6300,2023-10-04 12:03,18.4200,22,4,26,22,4,26,0.008663,0.040201,intraday,intraday,0,0
2023-10-04 14:01,18.0700,2023-10-04 15:17,18.6600,2023-10-04 15:37,18.8100,2023-10-04 15:50,18.5500,20,13,33,20,13,33,0.008039,0.040952,intraday,intraday,0,0
2023-10-05 10:40,17.8200,2023-10-05 12:30,18.3700,2023-10-05 12:30,18.3700,2023-10-05 12:48,18.1600,0,18,18,0,18,18,0.000000,0.030864,intraday,intraday,0,0
2023-10-06 09:40,17.6600,2023-10-06 10:23,18.2700,2023-10-06 10:34,18.6900,2023-10-06 10:43,18.4900,11,9,20,11,9,20,0.022989,0.058324,intraday,intraday,0,0
2023-10-06 10:43,18.4900,2023-10-06 11:32,19.0500,2023-10-06 12:01,19.5300,2023-10-06 12:20,19.3100,29,19,48,29,19,48,0.025197,0.056247,intraday,intraday,0,0
2023-10-09 10:04,18.4500,2023-10-09 13:28,19.0600,2023-10-09 14:08,19.4900,2023-10-09 14:36,19.2900,40,28,68,40,28,68,0.022560,0.056369,intraday,intraday,0,0
2023-10-09 15:51,19.2700,2023-10-10 10:00,19.8500,2023-10-10 11:08,20.3800,2023-10-10 11:10,20.1500,68,2,70,68,2,70,0.026700,0.057602,intraday,intraday,0,0
2023-10-10 13:15,19.9000,2023-10-11 09:31,20.6200,2023-10-11 09:33,20.6800,2023-10-11 09:38,20.4600,2,5,7,2,5,7,0.002910,0.039196,intraday,intraday,0,0
2023-10-11 13:40,19.8200,2023-10-11 15:43,20.4200,2023-10-12 09:37,20.9100,2023-10-12 09:47,20.6700,24,10,34,1074,10,1084,0.023996,0.054995,overnight,intraday,0,1
2023-10-12 09:47,20.6700,2023-10-12 10:06,21.3100,2023-10-12 10:12,21.5200,2023-10-12 10:16,21.1500,6,4,10,6,4,10,0.009855,0.041122,intraday,intraday,0,0
2023-10-12 14:13,20.0900,2023-10-12 14:49,20.7300,2023-10-12 14:49,20.7300,2023-10-12 14:58,20.5100,0,9,9,0,9,9,0.000000,0.031857,intraday,intraday,0,0
2023-10-13 13:39,18.8500,2023-10-16 09:33,19.5300,2023-10-16 09:41,19.7700,2023-10-16 09:42,19.5000,8,1,9,8,1,9,0.012289,0.048806,intraday,intraday,0,0
2023-10-16 09:49,19.2000,2023-10-16 10:12,19.8400,2023-10-16 10:12,19.8400,2023-10-16 10:14,19.6300,0,2,2,0,2,2,0.000000,0.033333,intraday,intraday,0,0
2023-10-17 09:53,17.9000,2023-10-17 10:07,18.4700,2023-10-17 10:37,19.2300,2023-10-17 10:41,19.0200,30,4,34,30,4,34,0.041148,0.074302,intraday,intraday,0,0
2023-10-17 11:07,18.9700,2023-10-17 11:35,19.6000,2023-10-17 12:29,19.7700,2023-10-17 12:40,19.5700,54,11,65,54,11,65,0.008673,0.042172,intraday,intraday,0,0
2023-10-18 09:32,18.1500,2023-10-18 09:35,18.7000,2023-10-18 09:35,18.7000,2023-10-18 09:36,18.3500,0,1,1,0,1,1,0.000000,0.030303,intraday,intraday,0,0
2023-10-18 09:51,17.9800,2023-10-18 10:19,18.5600,2023-10-18 10:20,18.7500,2023-10-18 10:20,18.5200,1,0,1,1,0,1,0.010237,0.042825,intraday,intraday,0,0
2023-10-18 15:15,18.0000,2023-10-19 09:30,18.9300,2023-10-19 09:30,18.9300,2023-10-19 09:31,18.6400,0,1,1,0,1,1,0.000000,0.051667,intraday,intraday,0,0
2023-10-19 09:48,17.8100,2023-10-19 10:10,18.5000,2023-10-19 10:13,18.7200,2023-10-19 10:14,18.5300,3,1,4,3,1,4,0.011892,0.051095,intraday,intraday,0,0
2023-10-19 11:20,17.8900,2023-10-19 12:02,18.4700,2023-10-19 12:03,18.4900,2023-10-19 12:04,18.2400,1,1,2,1,1,2,0.001083,0.033538,intraday,intraday,0,0
2023-10-19 12:38,17.6100,2023-10-19 12:49,18.1700,2023-10-19 12:50,18.2100,2023-10-19 12:51,18.0200,1,1,2,1,1,2,0.002201,0.034072,intraday,intraday,0,0
2023-10-19 15:43,17.2300,2023-10-20 09:42,17.7700,2023-10-20 09:42,17.7700,2023-10-20 09:44,17.5500,0,2,2,0,2,2,0.000000,0.031341,intraday,intraday,0,0
2023-10-20 11:22,16.6900,2023-10-20 13:18,17.2100,2023-10-20 13:22,17.3100,2023-10-20 13:26,17.1300,4,4,8,4,4,8,0.005811,0.037148,intraday,intraday,0,0
2023-10-23 09:43,15.8300,2023-10-23 09:49,16.3500,2023-10-23 09:52,16.4000,2023-10-23 09:54,16.1700,3,2,5,3,2,5,0.003058,0.036008,intraday,intraday,0,0
2023-10-23 09:54,16.1700,2023-10-23 10:42,16.6600,2023-10-23 10:43,16.7000,2023-10-23 10:47,16.5000,1,4,5,1,4,5,0.002401,0.032777,intraday,intraday,0,0
2023-10-23 10:47,16.5000,2023-10-23 12:18,17.0000,2023-10-23 12:18,17.0000,2023-10-23 12:20,16.8300,0,2,2,0,2,2,0.000000,0.030303,intraday,intraday,0,0
2023-10-23 15:58,16.3500,2023-10-24 09:40,16.8600,2023-10-24 09:42,16.8800,2023-10-24 09:43,16.7100,2,1,3,2,1,3,0.001186,0.032416,intraday,intraday,0,0
2023-10-24 09:51,16.4800,2023-10-24 10:37,17.0000,2023-10-24 10:48,17.0900,2023-10-24 10:53,16.8900,11,5,16,11,5,16,0.005294,0.037015,intraday,intraday,0,0
2023-10-24 12:43,16.4200,2023-10-24 14:32,16.9300,2023-10-24 15:16,17.1300,2023-10-25 09:30,16.3300,44,44,88,44,1094,1138,0.011813,0.043240,overnight,overnight,1,1
2023-10-25 15:09,14.7100,2023-10-26 09:30,15.2200,2023-10-26 09:31,15.4400,2023-10-26 09:31,15.1500,1,0,1,1,0,1,0.014455,0.049626,intraday,intraday,0,0
2023-10-26 09:31,15.1500,2023-10-26 09:33,15.6800,2023-10-26 09:33,15.6800,2023-10-26 09:35,15.5000,0,2,2,0,2,2,0.000000,0.034983,intraday,intraday,0,0
2023-10-26 12:52,14.4800,2023-10-26 13:46,14.9300,2023-10-26 14:13,14.9800,2023-10-26 14:25,14.8300,27,12,39,27,12,39,0.003349,0.034530,intraday,intraday,0,0
2023-10-26 14:25,14.8300,2023-10-26 14:57,15.2800,2023-10-26 15:02,15.3600,2023-10-26 15:09,15.1800,5,7,12,5,7,12,0.005236,0.035738,intraday,intraday,0,0
2023-10-26 15:48,14.6400,2023-10-27 09:30,15.3900,2023-10-27 09:30,15.3900,2023-10-27 09:31,15.1700,0,1,1,0,1,1,0.000000,0.051230,intraday,intraday,0,0
2023-10-27 10:44,14.9900,2023-10-27 11:17,15.4500,2023-10-27 11:22,15.5700,2023-10-27 11:30,15.4000,5,8,13,5,8,13,0.007767,0.038692,intraday,intraday,0,0
2023-10-30 09:32,14.5000,2023-10-30 09:38,14.9700,2023-10-30 09:38,14.9700,2023-10-30 09:40,14.8200,0,2,2,0,2,2,0.000000,0.032414,intraday,intraday,0,0
2023-10-30 10:45,14.1100,2023-10-30 11:03,14.5600,2023-10-30 11:03,14.5600,2023-10-30 11:11,14.4000,0,8,8,0,8,8,0.000000,0.031892,intraday,intraday,0,0
2023-10-30 12:46,14.0200,2023-10-30 13:46,14.4500,2023-10-30 13:53,14.5900,2023-10-30 14:15,14.4300,7,22,29,7,22,29,0.009689,0.040656,intraday,intraday,0,0
2023-10-30 14:16,14.4000,2023-10-30 15:24,14.8600,2023-10-30 15:24,14.8600,2023-10-30 15:35,14.7000,0,11,11,0,11,11,0.000000,0.031944,intraday,intraday,0,0
2023-10-31 09:48,14.0100,2023-10-31 10:22,14.4500,2023-10-31 10:31,14.5100,2023-10-31 10:35,14.3100,9,4,13,9,4,13,0.004152,0.035689,intraday,intraday,0,0
2023-10-31 10:40,14.1800,2023-10-31 10:52,14.6400,2023-10-31 11:00,14.8500,2023-10-31 11:07,14.6900,8,7,15,8,7,15,0.014344,0.047250,intraday,intraday,0,0
2023-10-31 12:20,14.4800,2023-10-31 13:43,14.9200,2023-10-31 14:00,14.9500,2023-10-31 14:24,14.7900,17,24,41,17,24,41,0.002011,0.032459,intraday,intraday,0,0
2023-10-31 14:30,14.7500,2023-11-01 09:52,15.2400,2023-11-01 09:52,15.2400,2023-11-01 09:56,15.0800,0,4,4,0,4,4,0.000000,0.033220,intraday,intraday,0,0
2023-11-01 10:06,14.9600,2023-11-01 10:30,15.4100,2023-11-01 10:45,15.4800,2023-11-01 10:50,15.3200,15,5,20,15,5,20,0.004543,0.034759,intraday,intraday,0,0
2023-11-01 14:42,15.0600,2023-11-01 14:58,15.5300,2023-11-02 09:30,16.9700,2023-11-02 09:31,16.7100,62,1,63,1112,1,1113,0.092724,0.126826,overnight,intraday,0,1
2023-11-02 10:17,16.3800,2023-11-02 10:30,16.8900,2023-11-02 11:04,17.0900,2023-11-02 11:08,16.8800,34,4,38,34,4,38,0.011841,0.043346,intraday,intraday,0,0
2023-11-02 12:18,16.8000,2023-11-02 15:06,17.3100,2023-11-02 15:10,17.4100,2023-11-02 15:29,17.2300,4,19,23,4,19,23,0.005777,0.036310,intraday,intraday,0,0
2023-11-02 15:59,17.0700,2023-11-03 09:30,17.6700,2023-11-03 10:02,18.3100,2023-11-03 10:05,18.0800,32,3,35,32,3,35,0.036220,0.072642,intraday,intraday,0,0
2023-11-03 10:27,17.7400,2023-11-03 12:23,18.2900,2023-11-03 15:06,18.7600,2023-11-03 15:28,18.5400,163,22,185,163,22,185,0.025697,0.057497,intraday,intraday,0,0
2023-11-06 13:22,17.7300,2023-11-06 15:59,18.3100,2023-11-06 15:59,18.3100,2023-11-07 09:39,18.0700,0,10,10,0,1060,1060,0.000000,0.032713,overnight,overnight,0,1
2023-11-07 09:40,18.0600,2023-11-07 10:32,18.6700,2023-11-07 10:53,18.8800,2023-11-07 11:02,18.6900,21,9,30,21,9,30,0.011248,0.045404,intraday,intraday,0,0
2023-11-07 12:30,18.3300,2023-11-08 09:39,18.9000,2023-11-08 09:53,18.9600,2023-11-08 09:57,18.7600,14,4,18,14,4,18,0.003175,0.034370,intraday,intraday,0,0
2023-11-08 12:08,18.2800,2023-11-09 09:30,19.1300,2023-11-09 09:30,19.1300,2023-11-09 09:31,18.9100,0,1,1,0,1,1,0.000000,0.046499,intraday,intraday,0,0
2023-11-09 09:31,18.9100,2023-11-09 10:00,19.4900,2023-11-09 10:00,19.4900,2023-11-09 10:06,19.2700,0,6,6,0,6,6,0.000000,0.030672,intraday,intraday,0,0
2023-11-09 10:41,19.1200,2023-11-09 11:58,19.7000,2023-11-09 11:58,19.7000,2023-11-09 12:12,19.4700,0,14,14,0,14,14,0.000000,0.030335,intraday,intraday,0,0
2023-11-09 15:53,18.2800,2023-11-10 09:30,19.1100,2023-11-10 09:30,19.1100,2023-11-10 09:31,18.8300,0,1,1,0,1,1,0.000000,0.045405,intraday,intraday,0,0
2023-11-10 09:31,18.8300,2023-11-10 09:44,19.4000,2023-11-10 09:53,19.4700,2023-11-10 10:00,19.2100,9,7,16,9,7,16,0.003608,0.033988,intraday,intraday,0,0
2023-11-10 10:06,19.1200,2023-11-10 11:09,19.7200,2023-11-10 12:44,20.5200,2023-11-10 13:10,20.3000,95,26,121,95,26,121,0.040568,0.073222,intraday,intraday,0,0
2023-11-13 09:57,19.5800,2023-11-13 14:42,20.1700,2023-11-13 14:46,20.2000,2023-11-13 15:55,19.9900,4,69,73,4,69,73,0.001487,0.031665,intraday,intraday,0,0
2023-11-13 15:56,19.9800,2023-11-14 09:30,21.7600,2023-11-14 09:30,21.7600,2023-11-14 09:32,21.4600,0,2,2,0,2,2,0.000000,0.089089,intraday,intraday,0,0
2023-11-14 09:34,21.3800,2023-11-14 10:31,22.0400,2023-11-14 10:47,22.3300,2023-11-14 10:57,22.1000,16,10,26,16,10,26,0.013158,0.044434,intraday,intraday,0,0
2023-11-14 11:51,21.8400,2023-11-15 09:30,22.6700,2023-11-15 09:30,22.6700,2023-11-15 09:32,22.3900,0,2,2,0,2,2,0.000000,0.038004,intraday,intraday,0,0
2023-11-15 09:57,22.1700,2023-11-15 10:22,22.8600,2023-11-15 11:03,23.1800,2023-11-15 11:06,22.9400,41,3,44,41,3,44,0.013998,0.045557,intraday,intraday,0,0
2023-11-16 11:35,22.1400,2023-11-16 12:40,22.8400,2023-11-16 12:41,22.8600,2023-11-16 13:08,22.6200,1,27,28,1,27,28,0.000876,0.032520,intraday,intraday,0,0
2023-11-17 09:30,22.3700,2023-11-17 13:00,23.0500,2023-11-17 14:07,23.2900,2023-11-17 15:32,23.0400,67,85,152,67,85,152,0.010412,0.041127,intraday,intraday,0,0
2023-11-17 15:45,22.9800,2023-11-20 10:13,23.6900,2023-11-20 10:13,23.6900,2023-11-20 10:23,23.3700,0,10,10,0,10,10,0.000000,0.030896,intraday,intraday,0,0
2023-11-20 10:36,23.3300,2023-11-20 13:26,24.0300,2023-11-20 15:14,24.4200,2023-11-20 15:56,24.1500,108,42,150,108,42,150,0.016230,0.046721,intraday,intraday,0,0
2023-11-21 13:23,22.4500,2023-11-22 09:30,23.4700,2023-11-22 09:31,23.6900,2023-11-22 09:31,23.4500,1,0,1,1,0,1,0.009374,0.055234,intraday,intraday,0,0
2023-11-27 09:35,22.6000,2023-11-27 11:53,23.2800,2023-11-27 13:14,23.5400,2023-11-27 13:43,23.3000,81,29,110,81,29,110,0.011168,0.041593,intraday,intraday,0,0
2023-11-28 09:54,22.1800,2023-11-28 11:35,22.8500,2023-11-28 11:40,22.8900,2023-11-28 12:06,22.6500,5,26,31,5,26,31,0.001751,0.032011,intraday,intraday,0,0
2023-11-28 13:15,21.9700,2023-11-29 09:30,23.5900,2023-11-29 10:01,24.3000,2023-11-29 10:05,23.9200,31,4,35,31,4,35,0.030097,0.106054,intraday,intraday,0,0
2023-12-01 09:35,21.8400,2023-12-01 09:44,22.5000,2023-12-01 09:45,22.5900,2023-12-01 09:46,22.3600,1,1,2,1,1,2,0.004000,0.034341,intraday,intraday,0,0
2023-12-01 10:25,22.0200,2023-12-01 11:10,22.7000,2023-12-01 11:44,23.0600,2023-12-01 11:50,22.8200,34,6,40,34,6,40,0.015859,0.047230,intraday,intraday,0,0
2023-12-04 10:53,21.2900,2023-12-04 11:46,21.9300,2023-12-04 12:57,22.2400,2023-12-04 13:22,22.0100,71,25,96,71,25,96,0.014136,0.044622,intraday,intraday,0,0
2023-12-05 09:45,21.3400,2023-12-05 10:02,22.0600,2023-12-05 10:04,22.0900,2023-12-05 10:09,21.8600,2,5,7,2,5,7,0.001360,0.035145,intraday,intraday,0,0
2023-12-05 11:54,21.3500,2023-12-05 15:17,22.0000,2023-12-06 09:30,22.8900,2023-12-06 09:35,22.6200,43,5,48,1093,5,1098,0.040455,0.072131,overnight,intraday,0,1
2023-12-06 15:56,21.4000,2023-12-07 09:30,22.0800,2023-12-07 09:30,22.0800,2023-12-07 09:31,21.8100,0,1,1,0,1,1,0.000000,0.031776,intraday,intraday,0,0
2023-12-07 09:31,21.8100,2023-12-07 10:21,22.5000,2023-12-07 10:52,22.7100,2023-12-07 11:12,22.4500,31,20,51,31,20,51,0.009333,0.041265,intraday,intraday,0,0
2023-12-07 11:19,22.2500,2023-12-07 12:56,22.9300,2023-12-07 14:22,23.4000,2023-12-07 14:34,23.1400,86,12,98,86,12,98,0.020497,0.051685,intraday,intraday,0,0
2023-12-08 09:30,22.9500,2023-12-08 10:06,23.6600,2023-12-08 10:30,24.0400,2023-12-08 10:33,23.7700,24,3,27,24,3,27,0.016061,0.047495,intraday,intraday,0,0
2023-12-08 12:15,23.0700,2023-12-08 13:52,23.7800,2023-12-08 14:59,23.8800,2023-12-08 15:05,23.6300,67,6,73,67,6,73,0.004205,0.035111,intraday,intraday,0,0
2023-12-08 15:05,23.6300,2023-12-11 09:30,24.5200,2023-12-11 09:34,24.7000,2023-12-11 09:36,24.4400,4,2,6,4,2,6,0.007341,0.045281,intraday,intraday,0,0
2023-12-11 09:36,24.4400,2023-12-11 09:46,25.1900,2023-12-11 10:14,25.5700,2023-12-11 10:28,25.2500,28,14,42,28,14,42,0.015085,0.046236,intraday,intraday,0,0
2023-12-11 10:30,25.1200,2023-12-11 12:28,25.8800,2023-12-11 14:02,26.3800,2023-12-11 14:36,26.0800,94,34,128,94,34,128,0.019320,0.050159,intraday,intraday,0,0
2023-12-12 09:30,25.6000,2023-12-12 09:55,26.3900,2023-12-12 10:00,26.4400,2023-12-12 10:11,26.1700,5,11,16,5,11,16,0.001895,0.032812,intraday,intraday,0,0
2023-12-12 12:12,26.1100,2023-12-13 09:31,26.9200,2023-12-13 09:41,27.1400,2023-12-13 09:46,26.8300,10,5,15,10,5,15,0.008172,0.039448,intraday,intraday,0,0
2023-12-13 13:21,26.4200,2023-12-13 14:05,27.3200,2023-12-13 14:10,27.4900,2023-12-13 14:12,27.1900,5,2,7,5,2,7,0.006223,0.040500,intraday,intraday,0,0
2023-12-13 14:12,27.1900,2023-12-13 14:42,28.0600,2023-12-13 15:05,28.4000,2023-12-13 15:10,27.9100,23,5,28,23,5,28,0.012117,0.044502,intraday,intraday,0,0
2023-12-13 15:26,27.2000,2023-12-14 09:30,28.9900,2023-12-14 09:31,29.3200,2023-12-14 09:31,28.9600,1,0,1,1,0,1,0.011383,0.077941,intraday,intraday,0,0
2023-12-14 09:31,28.9600,2023-12-14 09:41,29.8300,2023-12-14 09:48,30.1500,2023-12-14 09:50,29.7600,7,2,9,7,2,9,0.010727,0.041091,intraday,intraday,0,0
2023-12-14 13:53,29.2100,2023-12-14 14:36,30.1000,2023-12-15 09:30,30.8900,2023-12-15 09:30,30.3500,84,0,84,1134,0,1134,0.026246,0.057515,overnight,intraday,1,1
2023-12-15 09:30,30.3500,2023-12-15 10:06,31.2900,2023-12-15 10:08,31.3700,2023-12-15 10:11,30.9500,2,3,5,2,3,5,0.002557,0.033608,intraday,intraday,0,0
2023-12-18 11:05,29.4600,2023-12-18 14:00,30.3800,2023-12-19 09:30,30.6100,2023-12-19 09:30,30.2900,120,0,120,1170,0,1170,0.007571,0.039036,overnight,intraday,1,1
2023-12-20 15:59,28.0500,2023-12-21 09:30,30.0200,2023-12-21 09:31,30.1100,2023-12-21 09:32,29.7300,1,1,2,1,1,2,0.002998,0.073440,intraday,intraday,0,0
2023-12-21 10:09,29.3500,2023-12-21 15:27,30.2500,2023-12-22 09:45,31.0800,2023-12-22 10:06,30.7600,48,21,69,1098,21,1119,0.027438,0.058944,overnight,intraday,0,1
2023-12-22 14:31,29.8800,2023-12-26 09:30,31.2600,2023-12-26 09:41,31.9100,2023-12-26 10:49,31.5700,11,68,79,11,68,79,0.020793,0.067938,intraday,intraday,0,0
2023-12-26 10:51,31.4600,2023-12-26 15:08,32.4100,2023-12-26 15:26,32.5300,2023-12-26 15:54,32.1700,18,28,46,18,28,46,0.003703,0.034011,intraday,intraday,0,0
2024-01-03 09:30,26.1800,2024-01-03 09:42,27.0300,2024-01-03 09:44,27.0500,2024-01-03 09:46,26.7100,2,2,4,2,2,4,0.000740,0.033231,intraday,intraday,0,0
2024-01-04 09:30,24.8000,2024-01-04 09:32,25.6100,2024-01-04 09:35,25.6200,2024-01-04 09:35,25.3500,3,0,3,3,0,3,0.000390,0.033065,intraday,intraday,0,0
2024-01-04 10:00,24.9300,2024-01-04 10:14,25.7300,2024-01-04 10:18,25.9900,2024-01-04 10:23,25.7100,4,5,9,4,5,9,0.010105,0.042519,intraday,intraday,0,0
2024-01-05 09:40,25.4000,2024-01-05 10:02,26.2400,2024-01-05 10:06,26.4700,2024-01-05 10:16,26.1800,4,10,14,4,10,14,0.008765,0.042126,intraday,intraday,0,0
2024-01-05 15:28,25.5400,2024-01-08 09:30,26.6000,2024-01-08 09:47,27.3700,2024-01-08 09:48,27.0900,17,1,18,17,1,18,0.028947,0.071652,intraday,intraday,0,0
2024-01-08 09:49,27.0800,2024-01-08 10:19,27.9100,2024-01-08 10:50,28.1100,2024-01-08 11:44,27.8200,31,54,85,31,54,85,0.007166,0.038035,intraday,intraday,0,0
2024-01-08 11:45,27.8100,2024-01-08 14:15,28.6700,2024-01-08 14:15,28.6700,2024-01-08 15:00,28.3300,0,45,45,0,45,45,0.000000,0.030924,intraday,intraday,0,0
2024-01-09 09:37,27.3500,2024-01-09 11:24,28.1800,2024-01-09 13:05,29.1400,2024-01-09 13:25,28.8000,101,20,121,101,20,121,0.034067,0.065448,intraday,intraday,0,0
2024-01-10 10:05,27.0900,2024-01-10 10:29,27.9500,2024-01-10 10:44,28.2800,2024-01-10 11:07,27.9800,15,23,38,15,23,38,0.011807,0.043928,intraday,intraday,0,0
2024-01-10 11:15,27.6900,2024-01-11 09:30,28.6000,2024-01-11 09:40,29.0400,2024-01-11 09:42,28.6900,10,2,12,10,2,12,0.015385,0.048754,intraday,intraday,0,0
2024-01-11 11:46,26.7800,2024-01-11 12:49,27.5900,2024-01-11 14:57,28.5800,2024-01-11 15:08,28.2500,128,11,139,128,11,139,0.035883,0.067214,intraday,intraday,0,0
2024-01-12 10:55,27.6100,2024-01-16 10:10,28.4600,2024-01-16 10:54,29.8300,2024-01-16 11:00,29.3100,44,6,50,44,6,50,0.048138,0.080406,intraday,intraday,0,0
2024-01-17 10:00,26.9600,2024-01-17 11:22,27.8700,2024-01-17 11:46,27.9500,2024-01-17 11:51,27.6100,24,5,29,24,5,29,0.002870,0.036721,intraday,intraday,0,0
2024-01-17 13:49,27.1600,2024-01-17 14:33,27.9800,2024-01-17 14:45,28.2700,2024-01-17 15:01,27.9700,12,16,28,12,16,28,0.010365,0.040869,intraday,intraday,0,0
2024-01-17 15:12,27.8300,2024-01-18 09:30,31.0600,2024-01-18 09:30,31.0600,2024-01-18 09:32,30.6200,0,2,2,0,2,2,0.000000,0.116062,intraday,intraday,0,0
2024-01-18 13:22,29.8100,2024-01-18 14:14,30.7100,2024-01-19 09:30,32.4600,2024-01-19 09:31,32.1200,106,1,107,1156,1,1157,0.056985,0.088896,overnight,intraday,0,1
2024-01-19 09:32,31.9000,2024-01-19 10:43,32.8900,2024-01-19 10:43,32.8900,2024-01-19 10:50,32.5400,0,7,7,0,7,7,0.000000,0.031034,intraday,intraday,0,0
2024-01-19 11:01,32.4700,2024-01-19 12:27,33.4900,2024-01-19 14:15,34.8300,2024-01-19 14:35,34.4500,108,20,128,108,20,128,0.040012,0.072682,intraday,intraday,0,0
2024-01-19 14:36,34.3900,2024-01-22 09:30,35.9200,2024-01-22 09:35,36.5700,2024-01-22 09:36,35.9700,5,1,6,5,1,6,0.018096,0.063391,intraday,intraday,0,0
2024-01-22 10:48,34.2200,2024-01-22 11:47,35.2500,2024-01-22 12:00,35.5700,2024-01-22 12:05,35.2000,13,5,18,13,5,18,0.009078,0.039451,intraday,intraday,0,0
2024-01-23 09:35,34.2200,2024-01-23 09:54,35.2800,2024-01-23 10:00,35.4100,2024-01-23 10:20,35.0000,6,20,26,6,20,26,0.003685,0.034775,intraday,intraday,0,0
2024-01-23 10:23,34.8200,2024-01-23 15:07,35.8700,2024-01-24 09:30,37.4200,2024-01-24 09:30,37.0400,53,0,53,1103,0,1103,0.043212,0.074670,overnight,intraday,1,1
2024-01-24 09:40,36.2600,2024-01-24 10:10,37.4000,2024-01-24 10:43,38.5700,2024-01-24 10:51,38.1600,33,8,41,33,8,41,0.031283,0.063707,intraday,intraday,0,0
2024-01-24 15:30,37.0300,2024-01-25 09:30,39.5300,2024-01-25 09:30,39.5300,2024-01-25 09:31,38.8600,0,1,1,0,1,1,0.000000,0.067513,intraday,intraday,0,0
2024-01-25 09:57,37.8500,2024-01-25 10:22,38.9900,2024-01-25 10:30,39.1200,2024-01-25 10:33,38.7100,8,3,11,8,3,11,0.003334,0.033554,intraday,intraday,0,0
2024-01-26 09:53,34.0900,2024-01-26 10:30,35.1200,2024-01-26 10:56,35.5500,2024-01-26 11:03,35.1800,26,7,33,26,7,33,0.012244,0.042828,intraday,intraday,0,0
2024-01-29 10:05,33.5100,2024-01-29 15:01,34.5900,2024-01-29 15:31,35.1300,2024-01-29 15:45,34.7500,30,14,44,30,14,44,0.015611,0.048344,intraday,intraday,0,0
2024-01-31 10:39,31.1400,2024-01-31 11:46,32.1500,2024-01-31 12:08,32.3100,2024-01-31 12:37,31.9800,22,29,51,22,29,51,0.004977,0.037572,intraday,intraday,0,0
2024-01-31 14:02,31.9600,2024-01-31 14:39,33.1900,2024-01-31 14:41,33.5700,2024-01-31 14:41,33.2200,2,0,2,2,0,2,0.011449,0.050375,intraday,intraday,0,0
2024-01-31 15:07,31.6200,2024-01-31 15:23,32.5900,2024-01-31 15:24,32.6400,2024-01-31 15:25,32.2600,1,1,2,1,1,2,0.001534,0.032258,intraday,intraday,0,0
2024-02-01 11:00,31.2000,2024-02-01 12:07,32.1500,2024-02-01 12:10,32.2700,2024-02-01 12:23,31.9400,3,13,16,3,13,16,0.003733,0.034295,intraday,intraday,0,0
2024-02-01 13:06,31.6100,2024-02-01 15:04,32.6000,2024-02-01 15:35,32.7200,2024-02-01 15:51,32.3700,31,16,47,31,16,47,0.003681,0.035115,intraday,intraday,0,0
2024-02-02 09:30,32.1700,2024-02-02 09:46,33.2000,2024-02-02 09:48,33.3600,2024-02-02 09:55,32.9900,2,7,9,2,7,9,0.004819,0.036991,intraday,intraday,0,0
2024-02-02 10:32,32.5200,2024-02-02 12:19,33.5000,2024-02-02 12:32,33.8700,2024-02-02 12:43,33.4700,13,11,24,13,11,24,0.011045,0.041513,intraday,intraday,0,0
2024-02-02 12:46,33.0700,2024-02-05 09:30,34.7900,2024-02-05 09:35,35.2200,2024-02-05 09:38,34.6900,5,3,8,5,3,8,0.012360,0.065014,intraday,intraday,0,0
2024-02-05 10:42,33.4200,2024-02-05 11:35,34.4300,2024-02-05 14:46,35.6000,2024-02-05 15:01,35.2300,191,15,206,191,15,206,0.033982,0.065230,intraday,intraday,0,0
2024-02-06 12:21,32.6600,2024-02-06 14:43,33.6400,2024-02-06 15:07,34.0000,2024-02-06 15:32,33.5600,24,25,49,24,25,49,0.010702,0.041029,intraday,intraday,0,0
2024-02-06 15:38,33.2800,2024-02-07 09:30,34.5700,2024-02-07 09:30,34.5700,2024-02-07 09:32,34.0300,0,2,2,0,2,2,0.000000,0.038762,intraday,intraday,0,0
2024-02-07 09:41,33.4600,2024-02-07 10:13,34.7000,2024-02-07 10:53,35.4200,2024-02-07 10:56,35.0200,40,3,43,40,3,43,0.020749,0.058577,intraday,intraday,0,0
2024-02-07 12:41,34.4000,2024-02-07 15:04,35.4400,2024-02-08 09:32,36.1300,2024-02-08 09:32,35.6900,58,0,58,1108,0,1108,0.019470,0.050291,overnight,intraday,0,1
2024-02-08 09:32,35.6900,2024-02-08 09:59,36.7700,2024-02-08 10:05,36.9800,2024-02-08 10:09,36.5700,6,4,10,6,4,10,0.005711,0.036145,intraday,intraday,0,0
2024-02-08 10:12,36.4800,2024-02-08 10:50,37.5800,2024-02-08 11:21,37.7500,2024-02-08 11:26,37.2900,31,5,36,31,5,36,0.004524,0.034814,intraday,intraday,0,0
2024-02-08 14:38,37.0500,2024-02-09 09:56,38.1800,2024-02-09 11:03,39.1200,2024-02-09 11:14,38.6900,67,11,78,67,11,78,0.024620,0.055870,intraday,intraday,0,0
2024-02-09 11:35,38.2400,2024-02-09 14:27,39.3900,2024-02-09 14:46,39.5400,2024-02-09 15:01,39.0700,19,15,34,19,15,34,0.003808,0.033996,intraday,intraday,0,0
2024-02-09 15:08,38.9800,2024-02-12 09:58,40.1600,2024-02-12 11:38,41.3300,2024-02-12 11:43,40.8700,100,5,105,100,5,105,0.029133,0.060287,intraday,intraday,0,0
2024-02-13 09:30,35.1600,2024-02-13 09:35,36.2500,2024-02-13 09:39,36.7200,2024-02-13 09:39,36.3500,4,0,4,4,0,4,0.012966,0.044369,intraday,intraday,0,0
2024-02-13 10:17,35.8400,2024-02-13 10:25,36.9900,2024-02-13 10:44,37.9700,2024-02-13 10:56,37.5500,19,12,31,19,12,31,0.026494,0.059431,intraday,intraday,0,0
2024-02-13 15:24,35.5100,2024-02-13 15:46,36.5900,2024-02-14 09:33,38.7900,2024-02-14 09:33,38.3100,17,0,17,1067,0,1067,0.060126,0.092368,overnight,intraday,0,1
2024-02-14 09:40,38.0200,2024-02-14 10:07,39.1900,2024-02-14 10:08,39.2500,2024-02-14 10:16,38.8500,1,8,9,1,8,9,0.001531,0.032351,intraday,intraday,0,0
2024-02-14 11:17,37.6100,2024-02-14 13:35,38.7600,2024-02-14 13:51,38.9200,2024-02-14 13:56,38.5300,16,5,21,16,5,21,0.004128,0.034831,intraday,intraday,0,0
2024-02-14 14:08,38.2200,2024-02-15 09:30,40.1300,2024-02-15 09:30,40.1300,2024-02-15 09:32,39.7100,0,2,2,0,2,2,0.000000,0.049974,intraday,intraday,0,0
2024-02-15 11:10,38.5000,2024-02-15 13:19,39.7000,2024-02-15 14:24,39.9600,2024-02-15 14:57,39.5600,65,33,98,65,33,98,0.006549,0.037922,intraday,intraday,0,0
2024-02-15 15:49,38.9100,2024-02-16 09:33,40.2900,2024-02-16 09:37,40.7800,2024-02-16 09:39,40.1400,4,2,6,4,2,6,0.012162,0.048060,intraday,intraday,0,0
2024-02-16 10:01,37.9600,2024-02-16 10:40,39.1700,2024-02-16 10:48,39.2700,2024-02-16 10:49,38.8700,8,1,9,8,1,9,0.002553,0.034510,intraday,intraday,0,0
2024-02-16 10:49,38.8700,2024-02-16 11:57,40.1100,2024-02-16 11:58,40.1300,2024-02-16 12:10,39.6800,1,12,13,1,12,13,0.000499,0.032416,intraday,intraday,0,0
2024-02-20 10:30,34.8500,2024-02-20 11:00,36.0000,2024-02-20 11:01,36.1000,2024-02-20 11:06,35.6700,1,5,6,1,5,6,0.002778,0.035868,intraday,intraday,0,0
2024-02-20 12:17,34.6600,2024-02-20 14:00,35.7500,2024-02-20 14:19,35.8700,2024-02-20 14:25,35.4700,19,6,25,19,6,25,0.003357,0.034911,intraday,intraday,0,0
2024-02-21 15:11,34.5800,2024-02-21 15:36,35.6700,2024-02-22 09:30,40.7300,2024-02-22 09:30,40.3000,24,0,24,1074,0,1074,0.141856,0.177848,overnight,intraday,1,1
2024-02-22 09:32,39.8700,2024-02-22 10:13,41.1100,2024-02-22 10:17,41.2900,2024-02-22 10:23,40.8100,4,6,10,4,6,10,0.004378,0.035616,intraday,intraday,0,0
2024-02-22 10:49,40.4300,2024-02-22 13:46,41.6500,2024-02-22 14:23,42.0000,2024-02-22 14:56,41.5600,37,33,70,37,33,70,0.008403,0.038833,intraday,intraday,0,0
2024-02-23 11:05,39.4100,2024-02-23 11:55,40.6200,2024-02-23 12:12,41.0300,2024-02-23 12:16,40.5600,17,4,21,17,4,21,0.010094,0.041106,intraday,intraday,0,0
2024-02-23 15:31,39.8300,2024-02-26 09:30,41.5600,2024-02-26 09:31,41.6700,2024-02-26 09:32,41.1700,1,1,2,1,1,2,0.002647,0.046196,intraday,intraday,0,0
2024-02-26 09:47,40.4000,2024-02-26 11:51,41.6300,2024-02-26 11:55,41.7400,2024-02-26 12:01,41.3200,4,6,10,4,6,10,0.002642,0.033168,intraday,intraday,0,0
2024-02-27 09:42,40.7800,2024-02-27 10:19,42.0600,2024-02-27 10:20,42.0800,2024-02-27 11:29,41.6500,1,69,70,1,69,70,0.000476,0.031878,intraday,intraday,0,0
2024-02-28 09:32,39.1500,2024-02-28 11:33,40.3800,2024-02-28 11:36,40.5000,2024-02-28 12:01,40.0800,3,25,28,3,25,28,0.002972,0.034483,intraday,intraday,0,0
2024-02-28 13:11,39.5100,2024-02-29 09:30,41.5500,2024-02-29 10:06,41.8500,2024-02-29 10:08,41.4200,36,2,38,36,2,38,0.007220,0.059226,intraday,intraday,0,0
2024-02-29 11:41,40.7700,2024-02-29 12:14,42.0000,2024-02-29 14:18,42.7900,2024-02-29 14:28,42.3200,124,10,134,124,10,134,0.018810,0.049546,intraday,intraday,0,0
2024-02-29 14:45,42.2600,2024-03-01 09:30,44.4400,2024-03-01 09:31,44.8600,2024-03-01 09:31,44.3600,1,0,1,1,0,1,0.009451,0.061524,intraday,intraday,0,0
2024-03-01 09:31,44.3600,2024-03-01 10:08,45.7500,2024-03-01 10:26,46.2600,2024-03-01 10:31,45.6900,18,5,23,18,5,23,0.011148,0.042831,intraday,intraday,0,0
2024-03-01 10:34,45.5500,2024-03-01 11:10,46.9600,2024-03-01 14:04,48.9500,2024-03-01 14:36,48.4400,174,32,206,174,32,206,0.042376,0.074643,intraday,intraday,0,0
2024-03-01 15:25,47.8100,2024-03-04 09:30,50.0900,2024-03-04 09:30,50.0900,2024-03-04 09:31,49.4600,0,1,1,0,1,1,0.000000,0.047689,intraday,intraday,0,0
2024-03-04 09:33,49.0000,2024-03-04 09:40,50.4800,2024-03-04 09:41,50.6400,2024-03-04 09:45,50.0200,1,4,5,1,4,5,0.003170,0.033469,intraday,intraday,0,0
2024-03-04 10:00,49.0400,2024-03-04 10:37,50.7100,2024-03-04 10:50,50.8600,2024-03-04 10:56,50.3300,13,6,19,13,6,19,0.002958,0.037113,intraday,intraday,0,0
2024-03-04 11:34,49.8300,2024-03-04 14:39,51.3600,2024-03-04 14:50,51.4100,2024-03-04 15:29,50.7700,11,39,50,11,39,50,0.000974,0.031708,intraday,intraday,0,0
2024-03-05 09:34,47.2200,2024-03-05 09:40,48.7500,2024-03-05 09:40,48.7500,2024-03-05 09:42,48.2100,0,2,2,0,2,2,0.000000,0.032402,intraday,intraday,0,0
2024-03-05 15:15,45.2600,2024-03-05 15:54,46.7200,2024-03-06 09:35,50.2100,2024-03-06 09:37,49.5800,11,2,13,1061,2,1063,0.074700,0.109368,overnight,intraday,0,1
2024-03-06 10:07,48.7200,2024-03-06 10:48,50.2500,2024-03-06 11:12,50.9800,2024-03-06 11:22,50.4500,24,10,34,24,10,34,0.014527,0.046388,intraday,intraday,0,0
2024-03-06 11:34,50.0900,2024-03-06 12:12,51.6200,2024-03-06 12:32,51.7600,2024-03-06 12:45,51.1700,20,13,33,20,13,33,0.002712,0.033340,intraday,intraday,0,0
2024-03-06 15:36,49.2200,2024-03-07 09:30,52.4900,2024-03-07 09:37,53.6200,2024-03-07 09:40,53.0200,7,3,10,7,3,10,0.021528,0.089395,intraday,intraday,0,0
2024-03-07 09:46,52.4000,2024-03-07 10:15,54.1700,2024-03-07 10:46,54.6700,2024-03-07 10:51,54.0300,31,5,36,31,5,36,0.009230,0.043321,intraday,intraday,0,0
2024-03-07 10:54,53.9600,2024-03-07 12:06,55.6000,2024-03-07 12:20,56.0600,2024-03-07 12:31,55.4700,14,11,25,14,11,25,0.008273,0.038918,intraday,intraday,0,0
2024-03-07 15:23,54.7500,2024-03-08 09:34,56.5500,2024-03-08 09:35,56.5900,2024-03-08 09:36,55.6400,1,1,2,1,1,2,0.000707,0.033607,intraday,intraday,0,0
2024-03-08 09:45,55.2600,2024-03-08 10:30,56.9900,2024-03-08 10:30,56.9900,2024-03-08 10:35,56.3800,0,5,5,0,5,5,0.000000,0.031307,intraday,intraday,0,0
2024-03-08 11:32,50.2300,2024-03-08 11:34,51.8300,2024-03-08 11:37,52.4100,2024-03-08 11:38,51.8200,3,1,4,3,1,4,0.011190,0.043400,intraday,intraday,0,0
2024-03-08 13:44,48.8000,2024-03-08 14:10,50.2900,2024-03-08 14:10,50.2900,2024-03-08 14:14,49.7100,0,4,4,0,4,4,0.000000,0.030533,intraday,intraday,0,0
2024-03-08 14:14,49.7100,2024-03-08 14:43,51.3000,2024-03-08 14:44,51.3300,2024-03-08 14:46,50.8000,1,2,3,1,2,3,0.000585,0.032589,intraday,intraday,0,0
2024-03-11 09:32,45.3000,2024-03-11 09:37,46.9100,2024-03-11 09:39,47.1800,2024-03-11 09:39,46.6600,2,0,2,2,0,2,0.005756,0.041501,intraday,intraday,0,0
2024-03-11 10:02,45.1000,2024-03-11 10:26,46.4700,2024-03-11 10:33,47.4700,2024-03-11 10:37,46.7500,7,4,11,7,4,11,0.021519,0.052550,intraday,intraday,0,0
2024-03-11 11:32,45.9400,2024-03-12 09:30,48.7200,2024-03-12 09:31,48.7600,2024-03-12 09:31,48.0400,1,0,1,1,0,1,0.000821,0.061384,intraday,intraday,0,0
2024-03-12 09:46,46.0000,2024-03-12 09:57,47.4400,2024-03-12 10:00,47.7400,2024-03-12 10:03,47.2000,3,3,6,3,3,6,0.006324,0.037826,intraday,intraday,0,0
2024-03-12 10:22,46.8600,2024-03-12 10:38,48.2800,2024-03-12 10:52,49.0600,2024-03-12 10:59,48.4800,14,7,21,14,7,21,0.016156,0.046948,intraday,intraday,0,0
2024-03-12 13:08,47.3300,2024-03-12 15:09,48.7800,2024-03-12 15:59,49.6900,2024-03-13 09:30,47.5000,50,1,51,50,1051,1101,0.018655,0.049863,overnight,overnight,1,1
2024-03-13 11:43,45.0900,2024-03-13 13:10,46.5100,2024-03-13 13:10,46.5100,2024-03-13 13:16,45.9800,0,6,6,0,6,6,0.000000,0.031493,intraday,intraday,0,0
2024-03-14 10:01,43.7100,2024-03-14 10:30,45.0300,2024-03-14 10:31,45.0600,2024-03-14 10:39,44.5300,1,8,9,1,8,9,0.000666,0.030885,intraday,intraday,0,0
2024-03-14 15:37,42.1800,2024-03-14 15:52,43.4700,2024-03-14 15:54,43.6400,2024-03-15 09:30,41.6600,2,6,8,2,1056,1058,0.003911,0.034614,overnight,overnight,1,1
2024-03-15 09:32,41.6200,2024-03-15 09:53,42.9700,2024-03-15 09:55,43.1300,2024-03-15 09:56,42.6900,2,1,3,2,1,3,0.003724,0.036281,intraday,intraday,0,0
2024-03-15 10:06,41.8000,2024-03-15 10:25,43.1500,2024-03-15 10:38,44.1400,2024-03-15 10:40,43.6400,13,2,15,13,2,15,0.022943,0.055981,intraday,intraday,0,0
2024-03-15 15:56,42.5800,2024-03-18 09:30,45.1600,2024-03-18 09:32,45.2600,2024-03-18 09:34,44.5800,2,2,4,2,2,4,0.002214,0.062940,intraday,intraday,0,0
2024-03-19 10:30,38.9400,2024-03-19 12:04,40.1300,2024-03-19 12:52,41.9500,2024-03-19 12:57,41.4900,48,5,53,48,5,53,0.045353,0.077298,intraday,intraday,0,0
2024-03-20 13:47,40.6200,2024-03-20 14:01,41.9100,2024-03-20 14:02,42.0800,2024-03-20 14:02,41.6400,1,0,1,1,0,1,0.004056,0.035943,intraday,intraday,0,0
2024-03-20 14:35,40.9500,2024-03-20 14:45,42.2200,2024-03-20 14:48,42.4700,2024-03-20 14:51,42.0100,3,3,6,3,3,6,0.005921,0.037118,intraday,intraday,0,0
2024-03-20 14:51,42.0100,2024-03-20 15:20,43.3000,2024-03-20 15:34,43.8000,2024-03-20 15:37,43.3200,14,3,17,14,3,17,0.011547,0.042609,intraday,intraday,0,0
2024-03-20 15:50,42.8900,2024-03-21 09:30,47.7800,2024-03-21 09:30,47.7800,2024-03-21 09:31,47.2900,0,1,1,0,1,1,0.000000,0.114013,intraday,intraday,0,0
2024-03-21 09:54,46.6200,2024-03-21 10:54,48.0500,2024-03-21 10:55,48.0800,2024-03-21 11:05,47.5500,1,10,11,1,10,11,0.000624,0.031317,intraday,intraday,0,0
2024-03-22 10:51,45.2500,2024-03-22 11:34,46.6300,2024-03-22 11:34,46.6300,2024-03-22 11:40,46.1400,0,6,6,0,6,6,0.000000,0.030497,intraday,intraday,0,0
2024-03-22 12:17,46.0000,2024-03-22 13:17,47.4600,2024-03-22 13:51,47.5000,2024-03-22 14:09,47.0100,34,18,52,34,18,52,0.000843,0.032609,intraday,intraday,0,0
2024-03-25 09:30,44.1400,2024-03-25 09:51,45.5800,2024-03-25 09:52,45.6500,2024-03-25 10:01,45.1800,1,9,10,1,9,10,0.001536,0.034209,intraday,intraday,0,0
2024-03-25 10:02,45.1700,2024-03-25 10:58,46.5500,2024-03-25 11:20,47.0800,2024-03-25 11:31,46.6000,22,11,33,22,11,33,0.011386,0.042285,intraday,intraday,0,0
2024-03-25 15:59,45.8400,2024-03-26 09:34,47.3600,2024-03-26 09:35,47.3700,2024-03-26 09:38,46.8200,1,3,4,1,3,4,0.000211,0.033377,intraday,intraday,0,0
2024-03-26 15:59,44.8800,2024-03-27 09:30,46.4200,2024-03-27 09:30,46.4200,2024-03-27 09:31,45.8800,0,1,1,0,1,1,0.000000,0.034314,intraday,intraday,0,0
2024-03-27 10:03,43.9100,2024-03-27 10:34,45.3000,2024-03-27 10:41,45.5200,2024-03-27 10:49,44.9600,7,8,15,7,8,15,0.004857,0.036666,intraday,intraday,0,0
2024-03-27 11:32,44.8800,2024-03-27 15:41,46.2600,2024-03-27 15:59,46.5400,2024-03-28 09:31,46.0100,18,2,20,18,1052,1070,0.006053,0.036988,overnight,overnight,0,1
2024-03-28 09:31,46.0100,2024-04-01 09:31,47.6200,2024-04-01 09:57,49.9900,2024-04-01 10:00,49.4000,26,3,29,26,3,29,0.049769,0.086503,intraday,intraday,0,0
2024-04-02 10:19,44.3700,2024-04-02 15:36,45.7600,2024-04-02 15:54,46.1600,2024-04-03 09:30,44.2100,18,6,24,18,1056,1074,0.008741,0.040343,overnight,overnight,1,1
2024-04-03 09:30,44.2100,2024-04-03 10:01,45.7200,2024-04-03 10:06,46.2500,2024-04-03 10:09,45.6100,5,3,8,5,3,8,0.011592,0.046143,intraday,intraday,0,0
2024-04-03 10:10,45.6000,2024-04-03 10:28,47.0000,2024-04-03 10:32,47.1800,2024-04-03 10:49,46.6800,4,17,21,4,17,21,0.003830,0.034649,intraday,intraday,0,0
2024-04-03 15:15,45.4200,2024-04-04 09:30,48.3900,2024-04-04 09:32,48.4900,2024-04-04 09:34,47.9400,2,2,4,2,2,4,0.002067,0.067591,intraday,intraday,0,0
2024-04-04 15:30,41.9800,2024-04-05 09:31,43.3000,2024-04-05 09:32,43.5800,2024-04-05 09:32,43.1100,1,0,1,1,0,1,0.006467,0.038113,intraday,intraday,0,0
2024-04-05 09:40,41.9400,2024-04-05 09:48,43.2800,2024-04-05 09:55,43.3600,2024-04-05 10:00,42.9100,7,5,12,7,5,12,0.001848,0.033858,intraday,intraday,0,0
2024-04-05 10:29,42.6200,2024-04-05 10:58,43.9100,2024-04-05 11:01,43.9900,2024-04-05 11:05,43.4700,3,4,7,3,4,7,0.001822,0.032145,intraday,intraday,0,0
2024-04-05 11:16,43.0300,2024-04-05 12:58,44.3300,2024-04-05 12:59,44.5300,2024-04-05 13:08,44.0200,1,9,10,1,9,10,0.004512,0.034859,intraday,intraday,0,0
2024-04-05 14:57,43.1200,2024-04-08 09:30,44.6700,2024-04-08 09:31,44.7000,2024-04-08 09:34,44.2000,1,3,4,1,3,4,0.000672,0.036642,intraday,intraday,0,0
2024-04-08 09:40,43.5000,2024-04-08 10:30,44.8600,2024-04-08 10:33,45.1900,2024-04-08 10:42,44.7200,3,9,12,3,9,12,0.007356,0.038851,intraday,intraday,0,0
2024-04-08 12:23,43.5100,2024-04-09 09:30,45.5500,2024-04-09 09:31,45.7000,2024-04-09 09:33,45.2000,1,2,3,1,2,3,0.003293,0.050333,intraday,intraday,0,0
2024-04-09 10:54,43.1700,2024-04-09 11:47,44.4800,2024-04-09 12:43,44.8200,2024-04-09 12:54,44.3400,56,11,67,56,11,67,0.007644,0.038221,intraday,intraday,0,0
2024-04-09 15:10,44.0400,2024-04-09 15:31,45.3900,2024-04-09 15:31,45.3900,2024-04-09 15:39,44.8000,0,8,8,0,8,8,0.000000,0.030654,intraday,intraday,0,0
2024-04-10 09:31,42.8400,2024-04-10 09:35,44.2200,2024-04-10 09:40,44.6600,2024-04-10 09:41,44.1400,5,1,6,5,1,6,0.009950,0.042484,intraday,intraday,0,0
2024-04-10 15:05,42.1900,2024-04-11 09:30,43.7800,2024-04-11 09:30,43.7800,2024-04-11 09:31,43.2600,0,1,1,0,1,1,0.000000,0.037687,intraday,intraday,0,0
2024-04-11 10:16,42.6600,2024-04-11 11:58,43.9700,2024-04-11 12:00,44.1100,2024-04-11 12:13,43.6600,2,13,15,2,13,15,0.003184,0.033990,intraday,intraday,0,0
2024-04-11 12:30,43.6200,2024-04-11 13:20,44.9500,2024-04-11 13:28,45.0000,2024-04-11 13:38,44.5500,8,10,18,8,10,18,0.001112,0.031637,intraday,intraday,0,0
2024-04-11 13:41,44.4500,2024-04-11 15:24,45.7900,2024-04-11 15:40,46.0500,2024-04-12 09:30,43.1000,16,20,36,16,1070,1086,0.005678,0.035996,overnight,overnight,1,1
2024-04-12 15:14,41.0300,2024-04-15 09:30,43.0400,2024-04-15 09:30,43.0400,2024-04-15 09:34,42.5500,0,4,4,0,4,4,0.000000,0.048989,intraday,intraday,0,0
2024-04-15 15:19,39.1000,2024-04-16 10:15,40.3700,2024-04-16 10:15,40.3700,2024-04-16 10:21,39.9100,0,6,6,0,6,6,0.000000,0.032481,intraday,intraday,0,0
2024-04-16 10:37,39.5700,2024-04-16 11:29,40.7600,2024-04-16 11:55,40.8700,2024-04-16 11:59,40.4100,26,4,30,26,4,30,0.002699,0.032853,intraday,intraday,0,0
2024-04-16 13:32,39.8300,2024-04-16 14:08,41.0700,2024-04-16 14:09,41.1700,2024-04-16 14:14,40.6000,1,5,6,1,5,6,0.002435,0.033643,intraday,intraday,0,0
2024-04-17 12:46,36.7200,2024-04-17 13:30,37.8500,2024-04-17 13:37,38.0700,2024-04-17 13:44,37.6800,7,7,14,7,7,14,0.005812,0.036765,intraday,intraday,0,0
2024-04-17 14:37,37.1700,2024-04-17 14:46,38.2900,2024-04-17 14:46,38.2900,2024-04-17 14:49,37.8400,0,3,3,0,3,3,0.000000,0.030132,intraday,intraday,0,0
2024-04-18 09:39,34.5300,2024-04-18 09:47,35.6900,2024-04-18 09:50,35.8000,2024-04-18 09:51,35.3900,3,1,4,3,1,4,0.003082,0.036780,intraday,intraday,0,0
2024-04-18 10:03,34.9700,2024-04-18 10:35,36.1500,2024-04-18 10:56,36.5000,2024-04-18 10:58,36.0700,21,2,23,21,2,23,0.009682,0.043752,intraday,intraday,0,0
2024-04-19 09:30,33.5100,2024-04-19 09:44,34.5300,2024-04-19 09:46,34.5800,2024-04-19 09:47,34.1800,2,1,3,2,1,3,0.001448,0.031931,intraday,intraday,0,0
2024-04-19 15:06,30.2000,2024-04-22 09:30,31.6300,2024-04-22 09:31,31.6400,2024-04-22 09:32,31.2900,1,1,2,1,1,2,0.000316,0.047682,intraday,intraday,0,0
2024-04-22 09:35,31.0100,2024-04-22 09:49,31.9700,2024-04-22 09:53,32.1000,2024-04-22 09:56,31.7700,4,3,7,4,3,7,0.004066,0.035150,intraday,intraday,0,0
2024-04-22 11:15,30.5000,2024-04-22 12:00,31.4300,2024-04-22 12:22,31.7300,2024-04-22 12:30,31.3500,22,8,30,22,8,30,0.009545,0.040328,intraday,intraday,0,0
2024-04-22 12:33,31.2600,2024-04-22 13:48,32.2400,2024-04-22 13:55,32.6500,2024-04-22 14:01,32.3200,7,6,13,7,6,13,0.012717,0.044466,intraday,intraday,0,0
2024-04-22 15:55,31.8100,2024-04-23 09:30,32.9000,2024-04-23 09:31,33.0700,2024-04-23 09:31,32.6100,1,0,1,1,0,1,0.005167,0.039610,intraday,intraday,0,0
2024-04-23 09:34,32.5900,2024-04-23 09:55,33.6100,2024-04-23 09:56,33.6700,2024-04-23 10:01,33.3300,1,5,6,1,5,6,0.001785,0.033139,intraday,intraday,0,0
2024-04-23 10:04,33.1900,2024-04-23 10:28,34.2800,2024-04-23 10:33,34.4800,2024-04-23 10:40,34.1100,5,7,12,5,7,12,0.005834,0.038867,intraday,intraday,0,0
2024-04-23 11:02,33.7000,2024-04-24 09:30,37.2000,2024-04-24 09:32,37.2800,2024-04-24 09:32,36.6800,2,0,2,2,0,2,0.002151,0.106231,intraday,intraday,0,0
2024-04-24 12:34,34.6000,2024-04-24 13:38,35.7200,2024-04-24 13:47,35.9300,2024-04-24 13:57,35.5600,9,10,19,9,10,19,0.005879,0.038439,intraday,intraday,0,0
2024-04-25 09:31,34.6400,2024-04-25 09:42,35.7500,2024-04-25 09:45,36.2900,2024-04-25 09:47,35.8100,3,2,5,3,2,5,0.015105,0.047633,intraday,intraday,0,0
2024-04-25 09:48,35.5300,2024-04-25 10:10,36.6300,2024-04-25 10:24,37.2800,2024-04-25 10:30,36.8800,14,6,20,14,6,20,0.017745,0.049254,intraday,intraday,0,0
2024-04-25 11:33,35.8900,2024-04-25 12:55,37.0200,2024-04-25 14:22,37.8700,2024-04-25 14:25,37.4600,87,3,90,87,3,90,0.022961,0.055169,intraday,intraday,0,0
2024-04-26 09:32,37.0000,2024-04-26 09:49,38.1400,2024-04-26 10:20,39.5900,2024-04-26 10:28,39.1500,31,8,39,31,8,39,0.038018,0.070000,intraday,intraday,0,0
2024-04-26 10:30,38.8900,2024-04-26 13:19,40.0900,2024-04-26 13:27,40.2900,2024-04-26 13:40,39.8800,8,13,21,8,13,21,0.004989,0.035999,intraday,intraday,0,0
2024-04-29 09:45,38.7100,2024-04-29 10:22,39.9400,2024-04-29 10:33,40.2300,2024-04-29 10:37,39.7800,11,4,15,11,4,15,0.007261,0.039266,intraday,intraday,0,0
2024-04-29 11:06,39.5700,2024-04-29 13:37,40.7900,2024-04-29 13:38,40.8300,2024-04-29 14:00,40.4100,1,22,23,1,22,23,0.000981,0.031842,intraday,intraday,0,0
2024-04-29 15:07,39.7800,2024-04-30 09:42,41.0000,2024-04-30 10:06,41.4900,2024-04-30 10:10,41.0000,24,4,28,24,4,28,0.011951,0.042986,intraday,intraday,0,0
2024-05-01 12:01,33.6500,2024-05-01 13:37,34.7600,2024-05-01 13:37,34.7600,2024-05-01 13:41,34.3700,0,4,4,0,4,4,0.000000,0.032987,intraday,intraday,0,0
2024-05-01 13:41,34.3700,2024-05-01 14:26,35.4100,2024-05-01 14:29,35.7700,2024-05-01 14:31,34.8700,3,2,5,3,2,5,0.010167,0.040733,intraday,intraday,0,0
2024-05-01 14:32,34.6300,2024-05-01 14:38,35.8000,2024-05-01 14:39,36.1400,2024-05-01 14:39,35.5900,1,0,1,1,0,1,0.009497,0.043604,intraday,intraday,0,0
2024-05-01 14:39,35.5900,2024-05-01 14:41,36.7900,2024-05-01 14:42,36.8600,2024-05-01 14:42,36.4900,1,0,1,1,0,1,0.001903,0.035684,intraday,intraday,0,0
2024-05-01 14:47,36.3500,2024-05-01 14:59,37.5400,2024-05-01 15:00,37.9600,2024-05-01 15:00,37.5500,1,0,1,1,0,1,0.011188,0.044292,intraday,intraday,0,0
2024-05-01 15:59,34.1900,2024-05-02 09:30,36.2100,2024-05-02 09:30,36.2100,2024-05-02 09:31,35.7800,0,1,1,0,1,1,0.000000,0.059082,intraday,intraday,0,0
2024-05-02 10:09,34.1200,2024-05-02 10:24,35.1700,2024-05-02 10:32,35.3900,2024-05-02 10:36,35.0200,8,4,12,8,4,12,0.006255,0.037222,intraday,intraday,0,0
2024-05-02 10:46,34.7100,2024-05-02 11:07,35.7900,2024-05-02 11:17,35.9600,2024-05-02 11:27,35.5600,10,10,20,10,10,20,0.004750,0.036013,intraday,intraday,0,0
2024-05-02 12:37,35.2000,2024-05-02 14:25,36.2700,2024-05-02 15:10,36.9100,2024-05-02 15:35,36.4500,45,25,70,45,25,70,0.017645,0.048580,intraday,intraday,0,0
2024-05-02 15:51,36.0800,2024-05-03 09:30,38.8500,2024-05-03 09:30,38.8500,2024-05-03 09:31,38.3700,0,1,1,0,1,1,0.000000,0.076774,intraday,intraday,0,0
2024-05-03 09:33,38.1000,2024-05-03 09:46,39.2800,2024-05-03 10:00,39.5800,2024-05-03 10:00,39.0000,14,0,14,14,0,14,0.007637,0.038845,intraday,intraday,0,0
2024-05-03 11:10,38.2500,2024-05-06 09:30,40.0000,2024-05-06 09:31,40.0400,2024-05-06 09:32,39.4800,1,1,2,1,1,2,0.001000,0.046797,intraday,intraday,0,0
2024-05-06 09:32,39.4800,2024-05-06 09:48,40.7000,2024-05-06 10:00,40.9800,2024-05-06 10:11,40.5700,12,11,23,12,11,23,0.006880,0.037994,intraday,intraday,0,0
2024-05-06 11:21,40.2700,2024-05-07 09:30,41.5700,2024-05-07 09:31,41.7800,2024-05-07 09:35,41.2700,1,4,5,1,4,5,0.005052,0.037497,intraday,intraday,0,0
2024-05-08 09:30,38.9600,2024-05-08 09:49,40.1400,2024-05-08 10:00,40.3400,2024-05-08 10:07,39.8800,11,7,18,11,7,18,0.004983,0.035421,intraday,intraday,0,0
2024-05-08 12:11,39.1500,2024-05-08 15:44,40.3500,2024-05-09 09:30,40.6200,2024-05-09 09:33,40.1200,16,3,19,1066,3,1069,0.006691,0.037548,overnight,intraday,0,1
2024-05-09 09:49,39.3100,2024-05-09 11:08,40.5000,2024-05-09 11:08,40.5000,2024-05-09 11:41,40.0800,0,33,33,0,33,33,0.000000,0.030272,intraday,intraday,0,0
2024-05-09 11:58,39.6500,2024-05-10 09:30,41.2600,2024-05-10 09:49,42.2400,2024-05-10 10:00,41.7700,19,11,30,19,11,30,0.023752,0.065322,intraday,intraday,0,0
2024-05-10 10:55,40.5100,2024-05-13 09:31,41.7800,2024-05-13 09:37,41.9900,2024-05-13 09:41,41.5200,6,4,10,6,4,10,0.005026,0.036534,intraday,intraday,0,0
2024-05-14 09:30,41.0500,2024-05-14 10:23,42.3400,2024-05-14 10:31,42.7500,2024-05-14 10:36,42.1600,8,5,13,8,5,13,0.009684,0.041413,intraday,intraday,0,0
2024-05-14 10:40,41.8700,2024-05-14 15:02,43.1300,2024-05-15 09:33,44.8000,2024-05-15 09:37,44.1600,61,4,65,1111,4,1115,0.038720,0.069979,overnight,intraday,0,1
2024-05-15 09:51,43.9900,2024-05-15 10:38,45.3300,2024-05-16 09:30,47.0900,2024-05-16 09:36,46.5400,322,6,328,1372,6,1378,0.038826,0.070471,overnight,intraday,0,1
2024-05-16 09:36,46.5400,2024-05-16 11:51,47.9500,2024-05-16 11:58,48.0400,2024-05-16 12:04,47.5500,7,6,13,7,6,13,0.001877,0.032230,intraday,intraday,0,0
2024-05-17 14:23,44.3300,2024-05-17 15:21,45.7000,2024-05-17 15:22,45.7400,2024-05-17 15:57,45.2600,1,35,36,1,35,36,0.000875,0.031807,intraday,intraday,0,0
2024-05-17 15:57,45.2600,2024-05-20 09:33,46.9600,2024-05-20 09:45,47.6000,2024-05-20 09:47,47.1100,12,2,14,12,2,14,0.013629,0.051701,intraday,intraday,0,0
2024-05-20 09:47,47.1100,2024-05-20 12:18,48.5500,2024-05-20 13:00,49.3000,2024-05-20 13:21,48.7600,42,21,63,42,21,63,0.015448,0.046487,intraday,intraday,0,0
2024-05-21 09:59,46.4100,2024-05-21 10:53,47.8200,2024-05-21 11:25,48.0300,2024-05-21 11:47,47.5300,32,22,54,32,22,54,0.004391,0.034906,intraday,intraday,0,0
2024-05-21 11:52,47.4200,2024-05-22 09:30,49.3000,2024-05-22 09:33,49.5600,2024-05-22 09:38,48.8400,3,5,8,3,5,8,0.005274,0.045129,intraday,intraday,0,0
2024-05-22 14:30,48.1000,2024-05-22 15:59,49.6100,2024-05-23 09:30,53.2000,2024-05-23 09:31,52.3300,1,1,2,1051,1,1052,0.072364,0.106029,overnight,intraday,0,1
2024-05-23 10:58,49.0400,2024-05-23 11:15,50.5400,2024-05-23 12:01,51.2600,2024-05-23 12:10,50.7000,46,9,55,46,9,55,0.014246,0.045269,intraday,intraday,0,0
2024-05-23 15:15,47.5500,2024-05-23 15:50,49.0300,2024-05-24 09:30,50.0500,2024-05-24 09:31,49.3500,10,1,11,1060,1,1061,0.020804,0.052576,overnight,intraday,0,1
2024-05-24 09:31,49.3500,2024-05-24 10:00,50.9300,2024-05-24 11:20,52.0800,2024-05-24 11:51,51.4600,80,31,111,80,31,111,0.022580,0.055319,intraday,intraday,0,0
2024-05-24 15:02,50.8900,2024-05-28 09:30,53.4700,2024-05-28 09:32,53.5600,2024-05-28 09:33,52.9800,2,1,3,2,1,3,0.001683,0.052466,intraday,intraday,0,0
2024-05-28 09:47,51.7500,2024-05-28 10:31,53.3100,2024-05-28 10:58,54.3500,2024-05-28 11:02,53.7700,27,4,31,27,4,31,0.019509,0.050242,intraday,intraday,0,0
2024-05-28 14:50,52.6400,2024-05-28 15:59,54.2300,2024-05-28 15:59,54.2300,2024-05-29 09:30,51.1100,0,1,1,0,1051,1051,0.000000,0.030205,overnight,overnight,1,1
2024-05-30 11:05,49.4300,2024-05-30 13:01,50.9500,2024-05-30 13:42,51.1800,2024-05-30 13:58,50.6300,41,16,57,41,16,57,0.004514,0.035404,intraday,intraday,0,0
2024-05-30 15:49,48.9800,2024-05-31 09:40,50.4700,2024-05-31 09:43,50.7200,2024-05-31 09:45,49.9800,3,2,5,3,2,5,0.004953,0.035525,intraday,intraday,0,0
2024-05-31 12:23,44.3800,2024-05-31 13:19,45.7200,2024-05-31 13:31,46.2500,2024-05-31 13:42,45.7400,12,11,23,12,11,23,0.011592,0.042136,intraday,intraday,0,0
2024-05-31 14:10,45.2700,2024-05-31 15:14,46.7000,2024-06-03 09:30,50.9300,2024-06-03 09:32,50.3600,46,2,48,3976,2,3978,0.090578,0.125028,weekend,intraday,0,1
2024-06-03 10:55,46.9400,2024-06-03 11:36,48.3700,2024-06-03 11:37,48.3800,2024-06-03 11:46,47.7700,1,9,10,1,9,10,0.000207,0.030677,intraday,intraday,0,0
2024-06-03 13:11,46.1200,2024-06-03 13:43,47.5700,2024-06-03 14:08,47.7600,2024-06-03 14:14,47.2300,25,6,31,25,6,31,0.003994,0.035559,intraday,intraday,0,0
2024-06-03 14:14,47.2300,2024-06-03 15:59,48.6900,2024-06-03 15:59,48.6900,2024-06-04 09:30,48.1500,0,1,1,0,1051,1051,0.000000,0.030913,overnight,overnight,1,1
2024-06-04 12:18,46.4300,2024-06-04 14:28,47.8500,2024-06-04 14:48,48.1900,2024-06-04 14:58,47.6300,20,10,30,20,10,30,0.007106,0.037907,intraday,intraday,0,0
2024-06-04 15:38,46.7300,2024-06-05 09:30,50.0900,2024-06-05 09:30,50.0900,2024-06-05 09:31,49.5600,0,1,1,0,1,1,0.000000,0.071902,intraday,intraday,0,0
2024-06-05 09:31,49.5600,2024-06-05 10:21,51.0900,2024-06-05 10:34,52.0900,2024-06-05 10:46,51.4700,13,12,25,13,12,25,0.019573,0.051049,intraday,intraday,0,0
2024-06-05 10:51,51.3300,2024-06-05 13:04,52.8700,2024-06-05 13:17,52.9800,2024-06-05 13:20,52.4200,13,3,16,13,3,16,0.002081,0.032145,intraday,intraday,0,0
2024-06-06 09:59,51.2300,2024-06-06 10:33,52.8400,2024-06-06 10:46,53.1200,2024-06-06 10:51,52.5000,13,5,18,13,5,18,0.005299,0.036892,intraday,intraday,0,0
2024-06-07 09:34,51.3500,2024-06-07 09:51,52.9000,2024-06-07 09:51,52.9000,2024-06-07 09:57,52.1700,0,6,6,0,6,6,0.000000,0.030185,intraday,intraday,0,0
2024-06-10 09:30,50.4200,2024-06-10 09:40,51.9500,2024-06-10 09:43,52.1600,2024-06-10 09:46,51.5000,3,3,6,3,3,6,0.004042,0.034510,intraday,intraday,0,0
2024-06-10 09:53,51.0800,2024-06-10 10:20,52.6400,2024-06-10 12:56,54.5800,2024-06-10 13:02,53.9600,156,6,162,156,6,162,0.036854,0.068520,intraday,intraday,0,0
2024-06-11 09:54,51.7000,2024-06-11 10:44,53.2800,2024-06-11 10:53,53.7900,2024-06-11 11:04,53.2400,9,11,20,9,11,20,0.009572,0.040426,intraday,intraday,0,0
2024-06-11 11:53,51.9200,2024-06-11 12:46,53.4800,2024-06-11 14:33,54.4800,2024-06-11 15:20,53.8500,107,47,154,107,47,154,0.018699,0.049307,intraday,intraday,0,0
2024-06-11 15:30,53.7800,2024-06-12 09:30,57.2500,2024-06-12 09:31,57.5400,2024-06-12 09:31,56.8800,1,0,1,1,0,1,0.005066,0.069914,intraday,intraday,0,0
2024-06-12 09:31,56.8800,2024-06-12 09:43,58.6600,2024-06-12 09:51,59.1400,2024-06-12 09:54,58.4500,8,3,11,8,3,11,0.008183,0.039733,intraday,intraday,0,0
2024-06-12 15:42,57.2300,2024-06-12 15:55,59.0700,2024-06-13 09:30,60.7800,2024-06-13 09:30,60.0000,5,0,5,1055,0,1055,0.028949,0.062030,overnight,intraday,1,1
2024-06-13 10:24,58.3000,2024-06-13 11:24,60.1100,2024-06-13 11:45,60.5800,2024-06-13 12:03,59.8400,21,18,39,21,18,39,0.007819,0.039108,intraday,intraday,0,0
2024-06-13 12:48,59.2300,2024-06-13 15:56,61.0300,2024-06-13 15:59,61.2000,2024-06-14 09:30,58.8800,3,1,4,3,1051,1054,0.002786,0.033260,overnight,overnight,1,1
2024-06-14 11:49,58.3500,2024-06-14 13:14,60.1200,2024-06-14 13:55,60.5500,2024-06-14 15:43,59.9400,41,108,149,41,108,149,0.007152,0.037704,intraday,intraday,0,0
2024-06-17 10:29,58.9500,2024-06-17 12:18,60.7900,2024-06-18 09:31,63.9800,2024-06-18 09:31,63.2100,223,0,223,1273,0,1273,0.052476,0.085327,overnight,intraday,0,1
2024-06-18 09:31,63.2100,2024-06-18 10:14,65.1300,2024-06-18 10:15,65.1600,2024-06-18 10:18,64.4700,1,3,4,1,3,4,0.000461,0.030850,intraday,intraday,0,0
2024-06-18 10:20,64.2500,2024-06-18 13:49,66.1800,2024-06-18 13:50,66.1900,2024-06-18 14:02,65.4300,1,12,13,1,12,13,0.000151,0.030195,intraday,intraday,0,0
2024-06-20 09:36,63.6200,2024-06-20 10:00,65.5400,2024-06-20 10:00,65.5400,2024-06-20 10:01,64.8700,0,1,1,0,1,1,0.000000,0.030179,intraday,intraday,0,0
2024-06-20 10:19,62.4000,2024-06-20 10:37,64.2900,2024-06-20 10:38,64.3700,2024-06-20 10:46,63.6200,1,8,9,1,8,9,0.001244,0.031571,intraday,intraday,0,0
2024-06-20 13:39,58.7900,2024-06-20 14:00,60.6400,2024-06-20 14:08,61.2500,2024-06-20 14:13,60.6300,8,5,13,8,5,13,0.010059,0.041844,intraday,intraday,0,0
2024-06-20 15:24,59.0300,2024-06-20 15:44,60.8800,2024-06-20 15:49,61.2800,2024-06-20 15:55,60.4300,5,6,11,5,6,11,0.006570,0.038116,intraday,intraday,0,0
2024-06-21 09:52,56.0300,2024-06-21 10:03,57.7400,2024-06-21 10:16,58.2700,2024-06-21 10:23,57.6200,13,7,20,13,7,20,0.009179,0.039979,intraday,intraday,0,0
2024-06-21 10:33,57.3600,2024-06-21 11:02,59.1400,2024-06-21 11:20,59.5300,2024-06-21 11:26,58.9100,18,6,24,18,6,24,0.006595,0.037831,intraday,intraday,0,0
2024-06-24 09:50,54.8900,2024-06-24 10:01,56.9000,2024-06-24 10:02,56.9300,2024-06-24 10:05,56.3300,1,3,4,1,3,4,0.000527,0.037165,intraday,intraday,0,0
2024-06-25 09:38,52.3500,2024-06-25 10:00,54.1000,2024-06-25 10:01,54.2000,2024-06-25 10:02,53.6500,1,1,2,1,1,2,0.001848,0.035339,intraday,intraday,0,0
2024-06-25 10:53,53.2700,2024-06-25 11:18,54.8700,2024-06-25 12:02,55.2500,2024-06-25 12:14,54.6500,44,12,56,44,12,56,0.006925,0.037169,intraday,intraday,0,0
2024-06-25 13:06,53.6800,2024-06-25 14:29,55.3000,2024-06-25 14:29,55.3000,2024-06-25 15:10,54.7400,0,41,41,0,41,41,0.000000,0.030179,intraday,intraday,0,0
2024-06-26 15:14,52.8500,2024-06-26 15:53,54.4500,2024-06-26 15:55,54.9100,2024-06-27 09:30,54.0000,2,5,7,2,1055,1057,0.008448,0.038978,overnight,overnight,1,1
2024-06-27 11:31,52.8200,2024-06-27 14:51,54.5000,2024-06-27 15:16,54.5300,2024-06-27 15:35,53.9700,25,19,44,25,19,44,0.000550,0.032374,intraday,intraday,0,0
2024-06-27 15:54,53.2600,2024-06-28 09:30,54.9800,2024-06-28 09:39,55.9900,2024-06-28 09:42,55.4300,9,3,12,9,3,12,0.018370,0.051258,intraday,intraday,0,0
2024-06-28 09:42,55.4300,2024-06-28 10:00,57.4300,2024-06-28 10:15,58.5900,2024-06-28 10:17,57.7700,15,2,17,15,2,17,0.020199,0.057009,intraday,intraday,0,0
2024-06-28 15:34,54.0800,2024-06-28 15:51,55.7100,2024-06-28 15:52,55.7500,2024-07-01 09:30,55.0800,1,8,9,1,3938,3939,0.000718,0.030880,weekend,weekend,1,1
2024-07-01 09:50,52.3900,2024-07-01 10:08,54.0300,2024-07-01 10:08,54.0300,2024-07-01 10:10,53.1000,0,2,2,0,2,2,0.000000,0.031304,intraday,intraday,0,0
2024-07-01 10:15,52.2500,2024-07-01 10:36,54.0300,2024-07-01 10:36,54.0300,2024-07-01 10:38,53.3900,0,2,2,0,2,2,0.000000,0.034067,intraday,intraday,0,0
2024-07-01 10:54,52.8800,2024-07-01 11:53,54.5300,2024-07-01 12:17,55.1500,2024-07-01 12:35,54.5500,24,18,42,24,18,42,0.011370,0.042927,intraday,intraday,0,0
2024-07-01 13:23,54.1000,2024-07-02 09:33,55.9000,2024-07-02 09:46,56.9800,2024-07-02 09:49,56.2600,13,3,16,13,3,16,0.019320,0.053235,intraday,intraday,0,0
2024-07-02 10:24,54.6500,2024-07-02 11:39,56.3100,2024-07-02 11:40,56.3400,2024-07-02 11:57,55.6700,1,17,18,1,17,18,0.000533,0.030924,intraday,intraday,0,0
2024-07-02 12:01,55.3800,2024-07-02 14:12,57.1000,2024-07-02 14:57,57.5900,2024-07-02 15:50,57.0100,45,53,98,45,53,98,0.008581,0.039906,intraday,intraday,0,0
2024-07-02 15:50,57.0100,2024-07-03 09:33,58.8000,2024-07-03 09:34,58.9600,2024-07-03 09:35,58.2500,1,1,2,1,1,2,0.002721,0.034205,intraday,intraday,0,0
2024-07-03 09:41,57.1800,2024-07-03 10:23,58.9400,2024-07-03 10:23,58.9400,2024-07-03 10:26,58.2700,0,3,3,0,3,3,0.000000,0.030780,intraday,intraday,0,0
2024-07-03 10:26,58.2700,2024-07-03 11:18,60.0700,2024-07-03 11:22,60.2600,2024-07-03 11:40,59.6500,4,18,22,4,18,22,0.003163,0.034151,intraday,intraday,0,0
2024-07-03 11:41,59.5700,2024-07-03 12:27,61.4000,2024-07-03 12:30,61.5200,2024-07-03 12:33,60.8600,3,3,6,3,3,6,0.001954,0.032735,intraday,intraday,0,0
2024-07-03 12:48,59.4600,2024-07-05 09:30,61.9900,2024-07-05 09:32,62.3800,2024-07-05 09:33,61.5300,2,1,3,2,1,3,0.006291,0.049109,intraday,intraday,0,0
2024-07-05 09:46,59.7900,2024-07-05 12:12,61.6400,2024-07-05 12:21,62.0000,2024-07-05 12:38,61.3100,9,17,26,9,17,26,0.005840,0.036963,intraday,intraday,0,0
2024-07-05 15:59,60.7200,2024-07-08 09:30,62.6400,2024-07-08 09:33,63.4400,2024-07-08 09:35,62.7800,3,2,5,3,2,5,0.012771,0.044796,intraday,intraday,0,0
2024-07-08 09:36,62.6400,2024-07-09 09:30,65.3000,2024-07-09 09:34,66.1500,2024-07-09 09:36,65.4300,4,2,6,4,2,6,0.013017,0.056034,intraday,intraday,0,0
2024-07-09 13:24,62.4200,2024-07-09 15:50,64.3800,2024-07-10 09:30,66.0500,2024-07-10 09:31,65.2900,10,1,11,1060,1,1061,0.025940,0.058154,overnight,intraday,0,1
2024-07-10 09:33,65.0100,2024-07-10 10:07,66.9700,2024-07-10 10:09,67.4400,2024-07-10 10:16,66.7100,2,7,9,2,7,9,0.007018,0.037379,intraday,intraday,0,0
2024-07-10 11:01,66.0200,2024-07-10 13:40,68.0300,2024-07-10 14:51,68.6200,2024-07-10 15:05,67.8400,71,14,85,71,14,85,0.008673,0.039382,intraday,intraday,0,0
2024-07-10 15:05,67.8400,2024-07-11 09:30,70.0800,2024-07-11 09:30,70.0800,2024-07-11 09:31,69.2500,0,1,1,0,1,1,0.000000,0.033019,intraday,intraday,0,0
2024-07-11 12:01,61.9000,2024-07-11 12:36,63.7600,2024-07-11 12:36,63.7600,2024-07-11 12:45,63.0400,0,9,9,0,9,9,0.000000,0.030048,intraday,intraday,0,0
2024-07-11 14:04,61.2200,2024-07-11 15:01,63.1000,2024-07-11 15:11,63.4300,2024-07-11 15:27,62.6700,10,16,26,10,16,26,0.005230,0.036099,intraday,intraday,0,0
2024-07-12 09:35,61.6500,2024-07-12 09:49,63.8000,2024-07-12 09:52,64.2500,2024-07-12 09:55,63.5500,3,3,6,3,3,6,0.007053,0.042174,intraday,intraday,0,0
2024-07-12 09:55,63.5500,2024-07-12 10:39,65.4700,2024-07-12 11:13,66.4300,2024-07-12 11:21,65.6500,34,8,42,34,8,42,0.014663,0.045319,intraday,intraday,0,0
2024-07-12 12:11,64.6200,2024-07-12 13:35,66.6500,2024-07-12 13:56,67.3000,2024-07-12 14:00,66.6000,21,4,25,21,4,25,0.009752,0.041473,intraday,intraday,0,0
2024-07-12 15:50,63.4500,2024-07-15 09:30,65.6700,2024-07-15 09:31,65.7300,2024-07-15 09:31,65.0200,1,0,1,1,0,1,0.000914,0.035934,intraday,intraday,0,0
2024-07-15 09:47,63.7300,2024-07-15 10:48,65.7500,2024-07-15 11:24,66.7600,2024-07-15 11:29,65.8900,36,5,41,36,5,41,0.015361,0.047544,intraday,intraday,0,0
2024-07-15 15:52,63.0500,2024-07-16 09:30,65.1400,2024-07-16 09:30,65.1400,2024-07-16 09:31,64.1100,0,1,1,0,1,1,0.000000,0.033148,intraday,intraday,0,0
2024-07-16 10:10,62.2300,2024-07-16 10:41,64.1000,2024-07-16 10:43,64.2300,2024-07-16 10:55,63.5300,2,12,14,2,12,14,0.002028,0.032139,intraday,intraday,0,0
2024-07-16 10:59,63.5100,2024-07-16 15:55,65.5900,2024-07-16 15:55,65.5900,2024-07-17 09:30,58.0000,0,5,5,0,1055,1055,0.000000,0.032751,overnight,overnight,1,1
2024-07-17 09:33,57.5000,2024-07-17 09:39,59.3000,2024-07-17 09:39,59.3000,2024-07-17 09:40,58.3700,0,1,1,0,1,1,0.000000,0.031304,intraday,intraday,0,0
2024-07-17 10:12,56.0500,2024-07-17 10:35,57.7900,2024-07-17 10:35,57.7900,2024-07-17 10:39,57.1400,0,4,4,0,4,4,0.000000,0.031044,intraday,intraday,0,0
2024-07-17 15:18,52.1100,2024-07-17 15:31,53.7400,2024-07-17 15:31,53.7400,2024-07-17 15:35,53.0000,0,4,4,0,4,4,0.000000,0.031280,intraday,intraday,0,0
2024-07-17 15:59,51.2200,2024-07-18 09:30,54.1600,2024-07-18 09:31,54.1700,2024-07-18 09:32,53.3700,1,1,2,1,1,2,0.000185,0.057595,intraday,intraday,0,0
2024-07-18 09:45,51.7300,2024-07-18 09:59,53.3400,2024-07-18 10:12,54.0300,2024-07-18 10:14,53.3400,13,2,15,13,2,15,0.012936,0.044462,intraday,intraday,0,0
2024-07-18 10:48,50.1700,2024-07-18 10:51,51.7900,2024-07-18 10:56,52.2900,2024-07-18 10:59,51.6600,5,3,8,5,3,8,0.009654,0.042256,intraday,intraday,0,0
2024-07-18 11:33,49.1200,2024-07-18 12:22,50.6400,2024-07-18 12:22,50.6400,2024-07-18 12:24,50.0000,0,2,2,0,2,2,0.000000,0.030945,intraday,intraday,0,0
2024-07-18 12:24,50.0000,2024-07-18 12:59,51.5200,2024-07-18 13:01,51.6300,2024-07-18 13:05,50.9100,2,4,6,2,4,6,0.002135,0.032600,intraday,intraday,0,0
2024-07-18 15:14,49.3400,2024-07-18 15:39,51.2000,2024-07-18 15:49,52.6900,2024-07-18 15:50,52.1100,10,1,11,10,1,11,0.029102,0.067896,intraday,intraday,0,0
2024-07-19 13:24,46.8500,2024-07-19 15:04,48.4300,2024-07-19 15:08,48.4900,2024-07-19 15:16,47.9500,4,8,12,4,8,12,0.001239,0.035005,intraday,intraday,0,0
2024-07-19 15:56,46.7500,2024-07-22 09:30,50.1700,2024-07-22 09:30,50.1700,2024-07-22 09:31,49.2600,0,1,1,0,1,1,0.000000,0.073155,intraday,intraday,0,0
2024-07-22 09:34,48.8100,2024-07-22 09:38,50.2900,2024-07-22 09:38,50.2900,2024-07-22 09:39,49.7300,0,1,1,0,1,1,0.000000,0.030322,intraday,intraday,0,0
2024-07-22 09:39,49.7300,2024-07-22 09:47,51.4100,2024-07-22 09:47,51.4100,2024-07-22 09:51,50.7400,0,4,4,0,4,4,0.000000,0.033782,intraday,intraday,0,0
2024-07-22 10:09,49.4400,2024-07-22 10:39,51.0500,2024-07-22 10:40,51.1700,2024-07-22 10:50,50.5000,1,10,11,1,10,11,0.002351,0.034992,intraday,intraday,0,0
2024-07-22 11:33,49.1000,2024-07-22 12:10,50.6300,2024-07-22 14:39,52.2800,2024-07-22 15:00,51.5900,149,21,170,149,21,170,0.032589,0.064766,intraday,intraday,0,0
2024-07-23 09:31,50.3200,2024-07-23 09:40,51.9400,2024-07-23 09:45,52.0800,2024-07-23 09:46,51.2600,5,1,6,5,1,6,0.002695,0.034976,intraday,intraday,0,0
2024-07-24 15:30,42.9600,2024-07-24 15:40,44.2600,2024-07-24 15:40,44.2600,2024-07-24 15:45,43.8100,0,5,5,0,5,5,0.000000,0.030261,intraday,intraday,0,0
2024-07-25 09:36,39.5000,2024-07-25 09:41,41.0000,2024-07-25 09:42,41.2400,2024-07-25 09:43,40.5000,1,1,2,1,1,2,0.005854,0.044051,intraday,intraday,0,0
2024-07-25 10:13,37.3900,2024-07-25 10:15,38.5200,2024-07-25 10:16,39.0700,2024-07-25 10:16,38.4100,1,0,1,1,0,1,0.014278,0.044932,intraday,intraday,0,0
2024-07-25 10:16,38.4100,2024-07-25 10:24,39.6200,2024-07-25 10:25,39.8400,2024-07-25 10:26,39.4000,1,1,2,1,1,2,0.005553,0.037230,intraday,intraday,0,0
2024-07-25 10:26,39.4000,2024-07-25 10:37,40.6300,2024-07-25 10:37,40.6300,2024-07-25 10:40,40.1000,0,3,3,0,3,3,0.000000,0.031218,intraday,intraday,0,0
2024-07-25 10:40,40.1000,2024-07-25 10:50,41.4800,2024-07-25 10:54,42.0700,2024-07-25 10:55,41.3700,4,1,5,4,1,5,0.014224,0.049127,intraday,intraday,0,0
2024-07-25 11:07,40.6000,2024-07-25 11:15,41.8900,2024-07-25 11:17,42.0300,2024-07-25 11:19,41.4400,2,2,4,2,2,4,0.003342,0.035222,intraday,intraday,0,0
2024-07-25 11:43,40.6000,2024-07-25 11:59,41.8300,2024-07-25 12:04,42.1900,2024-07-25 12:06,41.6500,5,2,7,5,2,7,0.008606,0.039163,intraday,intraday,0,0
2024-07-25 12:09,41.2600,2024-07-25 12:22,42.6800,2024-07-25 12:30,43.1000,2024-07-25 12:31,42.6300,8,1,9,8,1,9,0.009841,0.044595,intraday,intraday,0,0
2024-07-25 15:55,39.4200,2024-07-26 09:30,42.2400,2024-07-26 09:30,42.2400,2024-07-26 09:31,41.5300,0,1,1,0,1,1,0.000000,0.071537,intraday,intraday,0,0
2024-07-26 09:50,40.9500,2024-07-26 10:00,42.2100,2024-07-26 10:02,42.2700,2024-07-26 10:03,41.7900,2,1,3,2,1,3,0.001421,0.032234,intraday,intraday,0,0
2024-07-26 10:08,40.8500,2024-07-26 10:27,42.0800,2024-07-26 10:28,42.0900,2024-07-26 10:29,41.4900,1,1,2,1,1,2,0.000238,0.030355,intraday,intraday,0,0
2024-07-26 10:47,40.7100,2024-07-26 12:03,41.9500,2024-07-26 13:28,43.0000,2024-07-26 13:34,42.4000,85,6,91,85,6,91,0.025030,0.056252,intraday,intraday,0,0
2024-07-26 15:18,40.8400,2024-07-29 09:30,43.7100,2024-07-29 09:30,43.7100,2024-07-29 09:31,43.2400,0,1,1,0,1,1,0.000000,0.070274,intraday,intraday,0,0
2024-07-29 09:32,43.0700,2024-07-29 09:39,44.5800,2024-07-29 09:39,44.5800,2024-07-29 09:41,44.1000,0,2,2,0,2,2,0.000000,0.035059,intraday,intraday,0,0
2024-07-29 11:34,41.2600,2024-07-29 11:49,42.5000,2024-07-29 12:20,43.3100,2024-07-29 12:25,42.7500,31,5,36,31,5,36,0.019059,0.049685,intraday,intraday,0,0
2024-07-30 13:03,36.7800,2024-07-30 13:20,38.0000,2024-07-30 13:22,38.1800,2024-07-30 13:27,37.7800,2,5,7,2,5,7,0.004737,0.038064,intraday,intraday,0,0
2024-07-30 13:27,37.7800,2024-07-30 14:40,38.9200,2024-07-30 14:41,38.9700,2024-07-30 14:46,38.5500,1,5,6,1,5,6,0.001285,0.031498,intraday,intraday,0,0
2024-07-30 15:43,36.8600,2024-07-31 09:30,42.6200,2024-07-31 09:30,42.6200,2024-07-31 09:31,41.4200,0,1,1,0,1,1,0.000000,0.156267,intraday,intraday,0,0
2024-07-31 09:31,41.4200,2024-07-31 09:40,42.8200,2024-07-31 09:41,42.9700,2024-07-31 09:43,42.3700,1,2,3,1,2,3,0.003503,0.037422,intraday,intraday,0,0
2024-07-31 09:44,41.9000,2024-07-31 12:17,43.1800,2024-07-31 12:18,43.2500,2024-07-31 12:31,42.7700,1,13,14,1,13,14,0.001621,0.032220,intraday,intraday,0,0
2024-07-31 13:42,41.8000,2024-07-31 14:11,43.0900,2024-07-31 14:33,43.9700,2024-07-31 14:35,43.4600,22,2,24,22,2,24,0.020422,0.051914,intraday,intraday,0,0
2024-07-31 14:36,43.3500,2024-07-31 14:54,44.6900,2024-07-31 14:54,44.6900,2024-07-31 14:55,44.1700,0,1,1,0,1,1,0.000000,0.030911,intraday,intraday,0,0
2024-07-31 15:28,43.2200,2024-07-31 15:43,44.5500,2024-07-31 15:51,44.7600,2024-07-31 15:51,44.2900,8,0,8,8,0,8,0.004714,0.035632,intraday,intraday,0,0
2024-08-01 09:30,41.8400,2024-08-01 09:34,43.1100,2024-08-01 09:34,43.1100,2024-08-01 09:36,42.2700,0,2,2,0,2,2,0.000000,0.030354,intraday,intraday,0,0
2024-08-01 13:51,34.2200,2024-08-01 13:57,35.3000,2024-08-01 13:59,35.7000,2024-08-01 13:59,35.3100,2,0,2,2,0,2,0.011331,0.043250,intraday,intraday,0,0
2024-08-01 14:59,33.4200,2024-08-01 15:11,34.4500,2024-08-01 15:12,34.6600,2024-08-01 15:14,34.2900,1,2,3,1,2,3,0.006096,0.037104,intraday,intraday,0,0
2024-08-01 15:17,34.0300,2024-08-01 15:31,35.1600,2024-08-01 15:31,35.1600,2024-08-01 15:34,34.7500,0,3,3,0,3,3,0.000000,0.033206,intraday,intraday,0,0
2024-08-02 09:34,28.9000,2024-08-02 09:36,30.1700,2024-08-02 09:38,30.5400,2024-08-02 09:38,29.9100,2,0,2,2,0,2,0.012264,0.056747,intraday,intraday,0,0
2024-08-02 09:38,29.9100,2024-08-02 09:39,31.1300,2024-08-02 09:40,31.5900,2024-08-02 09:40,30.9900,1,0,1,1,0,1,0.014777,0.056169,intraday,intraday,0,0
2024-08-02 10:14,28.1400,2024-08-02 10:16,28.9900,2024-08-02 10:17,29.1300,2024-08-02 10:19,28.7300,1,2,3,1,2,3,0.004829,0.035181,intraday,intraday,0,0
2024-08-02 10:19,28.7300,2024-08-02 10:26,29.6000,2024-08-02 10:27,29.9700,2024-08-02 10:27,29.5200,1,0,1,1,0,1,0.012500,0.043160,intraday,intraday,0,0
2024-08-02 10:39,28.6200,2024-08-02 10:46,29.6000,2024-08-02 10:47,29.8500,2024-08-02 10:47,29.4900,1,0,1,1,0,1,0.008446,0.042977,intraday,intraday,0,0
2024-08-02 11:00,28.7500,2024-08-02 11:11,29.8400,2024-08-02 11:11,29.8400,2024-08-02 11:12,29.5000,0,1,1,0,1,1,0.000000,0.037913,intraday,intraday,0,0
2024-08-02 11:21,29.2200,2024-08-02 11:32,30.1700,2024-08-02 11:36,30.7400,2024-08-02 11:36,30.3700,4,0,4,4,0,4,0.018893,0.052019,intraday,intraday,0,0
2024-08-02 11:36,30.3700,2024-08-02 11:46,31.3000,2024-08-02 11:46,31.3000,2024-08-02 11:47,30.8200,0,1,1,0,1,1,0.000000,0.030622,intraday,intraday,0,0
2024-08-02 13:41,28.4100,2024-08-02 14:27,29.3100,2024-08-02 14:32,29.6900,2024-08-02 14:33,29.2600,5,1,6,5,1,6,0.012965,0.045055,intraday,intraday,0,0
2024-08-02 15:51,28.5200,2024-08-02 15:56,29.4400,2024-08-02 15:56,29.4400,2024-08-02 15:58,29.1300,0,2,2,0,2,2,0.000000,0.032258,intraday,intraday,0,0
2024-08-05 09:30,23.5000,2024-08-05 09:32,24.6100,2024-08-05 09:32,24.6100,2024-08-05 09:33,24.0000,0,1,1,0,1,1,0.000000,0.047234,intraday,intraday,0,0
2024-08-05 09:33,24.0000,2024-08-05 09:34,24.7800,2024-08-05 09:35,25.0900,2024-08-05 09:35,24.4700,1,0,1,1,0,1,0.012510,0.045417,intraday,intraday,0,0
2024-08-05 09:35,24.4700,2024-08-05 09:36,25.4600,2024-08-05 09:37,25.6600,2024-08-05 09:37,25.3100,1,0,1,1,0,1,0.007855,0.048631,intraday,intraday,0,0
2024-08-05 09:37,25.3100,2024-08-05 09:39,26.4900,2024-08-05 09:39,26.4900,2024-08-05 09:40,25.0900,0,1,1,0,1,1,0.000000,0.046622,intraday,intraday,0,0
2024-08-05 09:41,24.8800,2024-08-05 09:41,25.6400,2024-08-05 09:41,25.6400,2024-08-05 09:42,24.8300,0,1,1,0,1,1,0.000000,0.030547,intraday,intraday,0,0
2024-08-05 09:42,24.8300,2024-08-05 09:45,26.1900,2024-08-05 09:46,26.3700,2024-08-05 09:46,25.8300,1,0,1,1,0,1,0.006873,0.062022,intraday,intraday,0,0
2024-08-05 09:46,25.8300,2024-08-05 09:47,26.8000,2024-08-05 09:49,26.8700,2024-08-05 09:49,26.5900,2,0,2,2,0,2,0.002612,0.040263,intraday,intraday,0,0
2024-08-05 09:53,26.0900,2024-08-05 09:59,26.9800,2024-08-05 10:00,28.0500,2024-08-05 10:00,26.6900,1,0,1,1,0,1,0.039659,0.075125,intraday,intraday,0,0
2024-08-05 10:00,26.6900,2024-08-05 10:01,28.6600,2024-08-05 10:02,28.6700,2024-08-05 10:02,28.0800,1,0,1,1,0,1,0.000349,0.074185,intraday,intraday,0,0
2024-08-05 10:12,26.0800,2024-08-05 10:14,27.1000,2024-08-05 10:14,27.1000,2024-08-05 10:15,26.7900,0,1,1,0,1,1,0.000000,0.039110,intraday,intraday,0,0
2024-08-05 10:15,26.7900,2024-08-05 10:18,27.6400,2024-08-05 10:19,27.6900,2024-08-05 10:19,27.2000,1,0,1,1,0,1,0.001809,0.033595,intraday,intraday,0,0
2024-08-05 10:23,26.7600,2024-08-05 10:26,27.5900,2024-08-05 10:26,27.5900,2024-08-05 10:27,26.8300,0,1,1,0,1,1,0.000000,0.031016,intraday,intraday,0,0
2024-08-05 10:31,26.5000,2024-08-05 10:34,27.5500,2024-08-05 10:35,27.6700,2024-08-05 10:36,27.2000,1,1,2,1,1,2,0.004356,0.044151,intraday,intraday,0,0
2024-08-05 10:51,26.7800,2024-08-05 10:53,27.7200,2024-08-05 10:54,28.0900,2024-08-05 10:54,27.6600,1,0,1,1,0,1,0.013348,0.048917,intraday,intraday,0,0
2024-08-05 11:01,26.7300,2024-08-05 11:08,27.9900,2024-08-05 11:08,27.9900,2024-08-05 11:09,27.6100,0,1,1,0,1,1,0.000000,0.047138,intraday,intraday,0,0
2024-08-05 11:10,27.5000,2024-08-05 11:11,28.3600,2024-08-05 11:11,28.3600,2024-08-05 11:12,27.9600,0,1,1,0,1,1,0.000000,0.031273,intraday,intraday,0,0
2024-08-05 11:13,27.7900,2024-08-05 11:24,28.6500,2024-08-05 11:24,28.6500,2024-08-05 11:25,28.3400,0,1,1,0,1,1,0.000000,0.030946,intraday,intraday,0,0
2024-08-05 11:28,27.8000,2024-08-05 11:37,28.8900,2024-08-05 11:38,28.9300,2024-08-05 11:40,28.5500,1,2,3,1,2,3,0.001385,0.040647,intraday,intraday,0,0
2024-08-05 11:51,28.0300,2024-08-05 12:13,28.9000,2024-08-05 12:20,29.0700,2024-08-05 12:20,28.6900,7,0,7,7,0,7,0.005882,0.037103,intraday,intraday,0,0
2024-08-05 12:20,28.6900,2024-08-05 12:25,29.5800,2024-08-05 12:28,30.1500,2024-08-05 12:29,29.8000,3,1,4,3,1,4,0.019270,0.050889,intraday,intraday,0,0
2024-08-05 12:56,27.8200,2024-08-05 13:21,28.7100,2024-08-05 13:22,28.8100,2024-08-05 13:24,28.4500,1,2,3,1,2,3,0.003483,0.035586,intraday,intraday,0,0
2024-08-05 14:46,27.0000,2024-08-05 15:30,27.8700,2024-08-05 15:30,27.8700,2024-08-05 15:31,27.4300,0,1,1,0,1,1,0.000000,0.032222,intraday,intraday,0,0
2024-08-05 15:50,27.1200,2024-08-06 09:30,28.7800,2024-08-06 09:31,28.8100,2024-08-06 09:31,28.4000,1,0,1,1,0,1,0.001042,0.062316,intraday,intraday,0,0
2024-08-06 09:43,27.1700,2024-08-06 09:47,28.2200,2024-08-06 09:48,28.3600,2024-08-06 09:48,28.0000,1,0,1,1,0,1,0.004961,0.043798,intraday,intraday,0,0
2024-08-06 09:51,27.7900,2024-08-06 09:55,28.6400,2024-08-06 09:56,28.8400,2024-08-06 09:56,28.4900,1,0,1,1,0,1,0.006983,0.037783,intraday,intraday,0,0
2024-08-06 10:01,28.4800,2024-08-06 10:09,29.3500,2024-08-06 10:09,29.3500,2024-08-06 10:11,28.9500,0,2,2,0,2,2,0.000000,0.030548,intraday,intraday,0,0
2024-08-06 10:30,28.3300,2024-08-06 10:40,29.1900,2024-08-06 10:49,29.8800,2024-08-06 10:51,29.5300,9,2,11,9,2,11,0.023638,0.054712,intraday,intraday,0,0
2024-08-06 11:30,28.6600,2024-08-06 12:01,29.5500,2024-08-06 12:01,29.5500,2024-08-06 12:05,29.2400,0,4,4,0,4,4,0.000000,0.031054,intraday,intraday,0,0
2024-08-06 12:05,29.2400,2024-08-06 12:52,30.1600,2024-08-06 13:04,30.6900,2024-08-06 13:10,30.3800,12,6,18,12,6,18,0.017573,0.049590,intraday,intraday,0,0
2024-08-06 15:57,28.5400,2024-08-07 09:30,31.6800,2024-08-07 09:31,31.9300,2024-08-07 09:31,31.5900,1,0,1,1,0,1,0.007891,0.118781,intraday,intraday,0,0
2024-08-07 10:28,29.6400,2024-08-07 10:47,30.6600,2024-08-07 10:52,30.7400,2024-08-07 10:54,30.4200,5,2,7,5,2,7,0.002609,0.037112,intraday,intraday,0,0
2024-08-07 14:19,26.3100,2024-08-07 15:02,27.2300,2024-08-07 15:06,27.7300,2024-08-07 15:07,27.3500,4,1,5,4,1,5,0.018362,0.053972,intraday,intraday,0,0
2024-08-07 15:56,25.9400,2024-08-08 09:30,28.7300,2024-08-08 09:31,28.8200,2024-08-08 09:31,28.3600,1,0,1,1,0,1,0.003133,0.111025,intraday,intraday,0,0
2024-08-08 09:51,26.8700,2024-08-08 09:54,27.8500,2024-08-08 09:59,28.0900,2024-08-08 09:59,27.7400,5,0,5,5,0,5,0.008618,0.045404,intraday,intraday,0,0
2024-08-08 09:59,27.7400,2024-08-08 10:04,28.5900,2024-08-08 10:05,28.6300,2024-08-08 10:06,28.3000,1,1,2,1,1,2,0.001399,0.032084,intraday,intraday,0,0
2024-08-08 10:07,28.2300,2024-08-08 10:16,29.2300,2024-08-08 10:17,29.2500,2024-08-08 10:18,28.9300,1,1,2,1,1,2,0.000684,0.036132,intraday,intraday,0,0
2024-08-08 10:21,28.8400,2024-08-08 10:37,29.7200,2024-08-08 10:41,29.8900,2024-08-08 10:42,29.5100,4,1,5,4,1,5,0.005720,0.036408,intraday,intraday,0,0
2024-08-08 10:45,29.3500,2024-08-08 11:31,30.3100,2024-08-08 11:36,30.4000,2024-08-08 11:40,30.0200,5,4,9,5,4,9,0.002969,0.035775,intraday,intraday,0,0
2024-08-08 12:42,29.8600,2024-08-08 13:27,30.7600,2024-08-08 13:51,31.3900,2024-08-08 13:55,31.0600,24,4,28,24,4,28,0.020481,0.051239,intraday,intraday,0,0
2024-08-08 15:36,30.4500,2024-08-08 15:49,31.3700,2024-08-08 15:53,31.5100,2024-08-08 15:54,31.0100,4,1,5,4,1,5,0.004463,0.034811,intraday,intraday,0,0
2024-08-09 10:00,29.5800,2024-08-09 10:06,30.5400,2024-08-09 10:06,30.5400,2024-08-09 10:07,30.1500,0,1,1,0,1,1,0.000000,0.032454,intraday,intraday,0,0
2024-08-09 10:09,30.0600,2024-08-09 10:13,31.0800,2024-08-09 10:13,31.0800,2024-08-09 10:15,30.7400,0,2,2,0,2,2,0.000000,0.033932,intraday,intraday,0,0
2024-08-09 10:35,29.8100,2024-08-09 10:51,30.7500,2024-08-09 10:56,30.9600,2024-08-09 10:59,30.5600,5,3,8,5,3,8,0.006829,0.038578,intraday,intraday,0,0
2024-08-09 12:17,29.9200,2024-08-09 13:10,30.8200,2024-08-09 13:40,31.7900,2024-08-09 13:42,31.4400,30,2,32,30,2,32,0.031473,0.062500,intraday,intraday,0,0
2024-08-09 15:54,30.6000,2024-08-12 09:30,31.5400,2024-08-12 09:30,31.5400,2024-08-12 09:31,31.1400,0,1,1,0,1,1,0.000000,0.030719,intraday,intraday,0,0
2024-08-12 09:57,30.2300,2024-08-12 10:06,31.2000,2024-08-12 10:16,31.7800,2024-08-12 10:17,31.3900,10,1,11,10,1,11,0.018590,0.051274,intraday,intraday,0,0
2024-08-12 10:17,31.3900,2024-08-12 10:37,32.3700,2024-08-12 10:37,32.3700,2024-08-12 10:43,32.0400,0,6,6,0,6,6,0.000000,0.031220,intraday,intraday,0,0
2024-08-12 11:31,31.1700,2024-08-12 11:59,32.1200,2024-08-12 11:59,32.1200,2024-08-12 12:05,31.7700,0,6,6,0,6,6,0.000000,0.030478,intraday,intraday,0,0
2024-08-12 13:00,30.9400,2024-08-13 09:30,32.8400,2024-08-13 09:31,32.9200,2024-08-13 09:31,32.5700,1,0,1,1,0,1,0.002436,0.063995,intraday,intraday,0,0
2024-08-13 09:36,32.1800,2024-08-13 09:49,33.2500,2024-08-13 09:59,33.5000,2024-08-13 10:05,33.0400,10,6,16,10,6,16,0.007519,0.041019,intraday,intraday,0,0
2024-08-13 10:33,32.8800,2024-08-13 11:28,33.9100,2024-08-13 13:15,35.1500,2024-08-13 13:26,34.7800,107,11,118,107,11,118,0.036567,0.069039,intraday,intraday,0,0
2024-08-13 13:46,34.2900,2024-08-13 15:48,35.3300,2024-08-13 15:50,35.4300,2024-08-13 15:54,35.0300,2,4,6,2,4,6,0.002830,0.033246,intraday,intraday,0,0
2024-08-13 15:54,35.0300,2024-08-14 09:30,36.5100,2024-08-14 09:31,36.6400,2024-08-14 09:31,36.2300,1,0,1,1,0,1,0.003561,0.045961,intraday,intraday,0,0
2024-08-14 10:34,33.2700,2024-08-14 10:47,34.4200,2024-08-14 11:01,35.0200,2024-08-14 11:07,34.6300,14,6,20,14,6,20,0.017432,0.052600,intraday,intraday,0,0
2024-08-14 11:08,34.5900,2024-08-14 11:41,35.6400,2024-08-14 12:02,36.0100,2024-08-14 12:10,35.5500,21,8,29,21,8,29,0.010382,0.041052,intraday,intraday,0,0
2024-08-14 12:45,34.2200,2024-08-15 09:30,37.3700,2024-08-15 09:30,37.3700,2024-08-15 09:31,36.9300,0,1,1,0,1,1,0.000000,0.092051,intraday,intraday,0,0
2024-08-15 09:32,36.8600,2024-08-15 09:55,38.0000,2024-08-15 10:02,38.3700,2024-08-15 10:04,37.8200,7,2,9,7,2,9,0.009737,0.040966,intraday,intraday,0,0
2024-08-15 10:05,37.7500,2024-08-15 11:15,39.0300,2024-08-15 12:25,40.2000,2024-08-15 12:33,39.6800,70,8,78,70,8,78,0.029977,0.064901,intraday,intraday,0,0
2024-08-16 09:31,38.0700,2024-08-16 09:52,39.2800,2024-08-16 09:53,39.3800,2024-08-16 09:55,38.8700,1,2,3,1,2,3,0.002546,0.034410,intraday,intraday,0,0
2024-08-16 09:59,38.6100,2024-08-16 10:15,39.9000,2024-08-16 10:20,40.2400,2024-08-16 10:23,39.7800,5,3,8,5,3,8,0.008521,0.042217,intraday,intraday,0,0
2024-08-16 10:49,38.5100,2024-08-16 12:13,39.6900,2024-08-16 12:58,40.1000,2024-08-16 13:09,39.6700,45,11,56,45,11,56,0.010330,0.041288,intraday,intraday,0,0
2024-08-19 09:38,38.2100,2024-08-19 09:42,39.4000,2024-08-19 09:42,39.4000,2024-08-19 09:43,38.9800,0,1,1,0,1,1,0.000000,0.031144,intraday,intraday,0,0
2024-08-19 10:03,37.8900,2024-08-19 10:32,39.0800,2024-08-19 11:10,39.7100,2024-08-19 11:17,39.2100,38,7,45,38,7,45,0.016121,0.048034,intraday,intraday,0,0
2024-08-19 12:00,38.9600,2024-08-19 13:59,40.2100,2024-08-19 14:48,41.0400,2024-08-19 15:05,40.6200,49,17,66,49,17,66,0.020642,0.053388,intraday,intraday,0,0
2024-08-20 09:32,40.5700,2024-08-20 09:54,41.7900,2024-08-20 10:00,41.9200,2024-08-20 10:01,41.4000,6,1,7,6,1,7,0.003111,0.033276,intraday,intraday,0,0
2024-08-20 10:43,39.1600,2024-08-20 11:20,40.4700,2024-08-20 11:20,40.4700,2024-08-20 11:28,40.0400,0,8,8,0,8,8,0.000000,0.033453,intraday,intraday,0,0
2024-08-20 13:00,39.1000,2024-08-20 14:08,40.3000,2024-08-20 15:02,40.9500,2024-08-20 15:11,40.5400,54,9,63,54,9,63,0.016129,0.047315,intraday,intraday,0,0
2024-08-20 15:33,40.0300,2024-08-21 09:40,41.3200,2024-08-21 09:40,41.3200,2024-08-21 09:42,40.8700,0,2,2,0,2,2,0.000000,0.032226,intraday,intraday,0,0
2024-08-21 09:53,40.5400,2024-08-21 10:41,41.8700,2024-08-21 10:43,42.0800,2024-08-21 10:48,41.5100,2,5,7,2,5,7,0.005016,0.037987,intraday,intraday,0,0
2024-08-21 12:03,40.3300,2024-08-21 14:00,41.7900,2024-08-21 14:00,41.7900,2024-08-21 14:05,41.3700,0,5,5,0,5,5,0.000000,0.036201,intraday,intraday,0,0
2024-08-21 15:22,40.9100,2024-08-22 09:30,42.8800,2024-08-22 09:30,42.8800,2024-08-22 09:31,42.3700,0,1,1,0,1,1,0.000000,0.048154,intraday,intraday,0,0
2024-08-22 11:50,38.4700,2024-08-22 12:20,39.8100,2024-08-22 12:36,40.5000,2024-08-22 12:48,39.9500,16,12,28,16,12,28,0.017332,0.052768,intraday,intraday,0,0
2024-08-22 15:44,37.1100,2024-08-23 09:30,39.2500,2024-08-23 09:30,39.2500,2024-08-23 09:31,38.6000,0,1,1,0,1,1,0.000000,0.057666,intraday,intraday,0,0
2024-08-23 09:32,38.5900,2024-08-23 10:00,40.1600,2024-08-23 10:01,40.4800,2024-08-23 10:01,40.0500,1,0,1,1,0,1,0.007968,0.048976,intraday,intraday,0,0
2024-08-23 10:06,39.7600,2024-08-23 10:10,41.0000,2024-08-23 10:16,41.2100,2024-08-23 10:16,40.6300,6,0,6,6,0,6,0.005122,0.036469,intraday,intraday,0,0
2024-08-23 10:51,38.7500,2024-08-23 11:06,39.9400,2024-08-23 11:10,40.0000,2024-08-23 11:10,39.5100,4,0,4,4,0,4,0.001502,0.032258,intraday,intraday,0,0
2024-08-23 11:11,39.4600,2024-08-23 11:19,40.6500,2024-08-23 11:19,40.6500,2024-08-23 11:21,40.2400,0,2,2,0,2,2,0.000000,0.030157,intraday,intraday,0,0
2024-08-23 12:46,38.9200,2024-08-23 13:31,40.1100,2024-08-23 13:44,40.4200,2024-08-23 13:52,39.9800,13,8,21,13,8,21,0.007729,0.038541,intraday,intraday,0,0
2024-08-26 10:39,37.0100,2024-08-26 10:56,38.1400,2024-08-26 11:03,38.2900,2024-08-26 11:07,37.9000,7,4,11,7,4,11,0.003933,0.034585,intraday,intraday,0,0
2024-08-26 14:04,36.9100,2024-08-26 14:40,38.0200,2024-08-26 15:03,38.2900,2024-08-26 15:08,37.8900,23,5,28,23,5,28,0.007102,0.037388,intraday,intraday,0,0
2024-08-27 09:45,35.5200,2024-08-27 09:52,36.6800,2024-08-27 09:55,37.0300,2024-08-27 09:57,36.5300,3,2,5,3,2,5,0.009542,0.042511,intraday,intraday,0,0
2024-08-27 09:57,36.5300,2024-08-27 10:25,37.8700,2024-08-27 10:33,38.1100,2024-08-27 10:35,37.7100,8,2,10,8,2,10,0.006337,0.043252,intraday,intraday,0,0
2024-08-27 11:33,37.4600,2024-08-27 13:26,38.6600,2024-08-27 13:54,38.9700,2024-08-27 14:11,38.5300,28,17,45,28,17,45,0.008019,0.040310,intraday,intraday,0,0
2024-08-28 11:18,35.2900,2024-08-28 11:38,36.3600,2024-08-28 11:59,36.6800,2024-08-28 12:04,36.3000,21,5,26,21,5,26,0.008801,0.039388,intraday,intraday,0,0
2024-08-28 12:23,35.6700,2024-08-28 12:55,36.7600,2024-08-28 12:56,36.7800,2024-08-28 13:14,36.1300,1,18,19,1,18,19,0.000544,0.031119,intraday,intraday,0,0
2024-08-28 14:00,35.3700,2024-08-28 14:54,36.5400,2024-08-28 15:02,37.1000,2024-08-28 15:07,36.7000,8,5,13,8,5,13,0.015326,0.048912,intraday,intraday,0,0
2024-08-28 15:59,36.4900,2024-08-29 09:31,37.6200,2024-08-29 09:32,37.8800,2024-08-29 09:32,37.4200,1,0,1,1,0,1,0.006911,0.038093,intraday,intraday,0,0
2024-08-29 09:42,37.4000,2024-08-29 09:59,38.5500,2024-08-29 10:01,38.8500,2024-08-29 10:02,38.3200,2,1,3,2,1,3,0.007782,0.038770,intraday,intraday,0,0
2024-08-29 10:22,37.4500,2024-08-29 10:43,38.6400,2024-08-29 10:50,38.8000,2024-08-29 10:57,38.1400,7,7,14,7,7,14,0.004141,0.036048,intraday,intraday,0,0
2024-08-29 15:12,35.6200,2024-08-29 15:38,36.7400,2024-08-29 15:38,36.7400,2024-08-29 15:46,36.3700,0,8,8,0,8,8,0.000000,0.031443,intraday,intraday,0,0
2024-08-29 15:54,35.9100,2024-08-30 09:30,38.8000,2024-08-30 09:30,38.8000,2024-08-30 09:31,38.1400,0,1,1,0,1,1,0.000000,0.080479,intraday,intraday,0,0
2024-08-30 09:34,37.7800,2024-08-30 09:53,38.9500,2024-08-30 10:02,39.2200,2024-08-30 10:05,38.5600,9,3,12,9,3,12,0.006932,0.038115,intraday,intraday,0,0
2024-08-30 12:37,37.0600,2024-08-30 14:51,38.2000,2024-08-30 14:53,38.2700,2024-08-30 15:12,37.8400,2,19,21,2,19,21,0.001832,0.032650,intraday,intraday,0,0
2024-08-30 15:49,37.7600,2024-08-30 15:59,38.9600,2024-08-30 15:59,38.9600,2024-09-03 09:30,36.3300,0,1,1,0,5371,5371,0.000000,0.031780,weekend,weekend,1,1
2024-09-03 11:00,32.0000,2024-09-03 11:12,33.0400,2024-09-03 11:15,33.1600,2024-09-03 11:17,32.8100,3,2,5,3,2,5,0.003632,0.036250,intraday,intraday,0,0
2024-09-04 09:32,28.7300,2024-09-04 09:34,29.7000,2024-09-04 09:34,29.7000,2024-09-04 09:35,29.4000,0,1,1,0,1,1,0.000000,0.033763,intraday,intraday,0,0
2024-09-04 09:37,29.0000,2024-09-04 09:46,30.0200,2024-09-04 09:48,30.3200,2024-09-04 09:48,29.9400,2,0,2,2,0,2,0.009993,0.045517,intraday,intraday,0,0
2024-09-04 10:00,28.9400,2024-09-04 10:00,30.0900,2024-09-04 10:00,30.0900,2024-09-04 10:01,29.0000,0,1,1,0,1,1,0.000000,0.039737,intraday,intraday,0,0
2024-09-04 10:01,29.0000,2024-09-04 10:03,29.9600,2024-09-04 10:03,29.9600,2024-09-04 10:04,29.5500,0,1,1,0,1,1,0.000000,0.033103,intraday,intraday,0,0
2024-09-04 10:06,29.4800,2024-09-04 10:10,30.6900,2024-09-04 10:10,30.6900,2024-09-04 10:12,30.2700,0,2,2,0,2,2,0.000000,0.041045,intraday,intraday,0,0
2024-09-04 10:21,29.8600,2024-09-04 10:33,30.8000,2024-09-04 10:40,31.3100,2024-09-04 10:47,30.9500,7,7,14,7,7,14,0.016558,0.048560,intraday,intraday,0,0
2024-09-04 10:48,30.7500,2024-09-04 11:06,31.6900,2024-09-04 11:06,31.6900,2024-09-04 11:08,31.3500,0,2,2,0,2,2,0.000000,0.030569,intraday,intraday,0,0
2024-09-04 11:44,30.3100,2024-09-04 12:33,31.2400,2024-09-04 12:39,31.4200,2024-09-04 12:42,31.0800,6,3,9,6,3,9,0.005762,0.036622,intraday,intraday,0,0
2024-09-04 15:12,29.6500,2024-09-04 15:51,30.5800,2024-09-04 15:51,30.5800,2024-09-04 15:53,30.2200,0,2,2,0,2,2,0.000000,0.031366,intraday,intraday,0,0
2024-09-05 09:32,28.8300,2024-09-05 09:36,29.7500,2024-09-05 09:37,29.9900,2024-09-05 09:37,29.6300,1,0,1,1,0,1,0.008067,0.040236,intraday,intraday,0,0
2024-09-05 09:37,29.6300,2024-09-05 10:00,30.8200,2024-09-05 10:01,30.9900,2024-09-05 10:05,30.6400,1,4,5,1,4,5,0.005516,0.045899,intraday,intraday,0,0
2024-09-05 10:15,30.2200,2024-09-05 10:24,31.1500,2024-09-05 10:27,31.2000,2024-09-05 10:29,30.6400,3,2,5,3,2,5,0.001605,0.032429,intraday,intraday,0,0
2024-09-05 11:33,29.0200,2024-09-05 12:09,29.9500,2024-09-05 12:09,29.9500,2024-09-05 12:12,29.5900,0,3,3,0,3,3,0.000000,0.032047,intraday,intraday,0,0
2024-09-05 13:30,29.4800,2024-09-05 13:47,30.3900,2024-09-05 13:47,30.3900,2024-09-05 14:02,30.0200,0,15,15,0,15,15,0.000000,0.030868,intraday,intraday,0,0
2024-09-06 09:41,27.3700,2024-09-06 09:47,28.2600,2024-09-06 09:47,28.2600,2024-09-06 09:49,27.8400,0,2,2,0,2,2,0.000000,0.032517,intraday,intraday,0,0
2024-09-06 10:58,25.9000,2024-09-06 11:00,26.9400,2024-09-06 11:01,27.0900,2024-09-06 11:01,26.8000,1,0,1,1,0,1,0.005568,0.045946,intraday,intraday,0,0
2024-09-06 12:51,25.5000,2024-09-06 13:14,26.3000,2024-09-06 13:25,26.6200,2024-09-06 13:27,26.3000,11,2,13,11,2,13,0.012167,0.043922,intraday,intraday,0,0
2024-09-06 14:26,25.5000,2024-09-06 15:05,26.3400,2024-09-06 15:28,26.5800,2024-09-06 15:30,26.2800,23,2,25,23,2,25,0.009112,0.042353,intraday,intraday,0,0
2024-09-06 15:55,25.7000,2024-09-09 09:30,27.2500,2024-09-09 09:33,27.4400,2024-09-09 09:35,27.1500,3,2,5,3,2,5,0.006972,0.067704,intraday,intraday,0,0
2024-09-09 09:48,26.8500,2024-09-09 10:10,27.7000,2024-09-09 10:11,27.7300,2024-09-09 10:17,27.4000,1,6,7,1,6,7,0.001083,0.032775,intraday,intraday,0,0
2024-09-09 11:00,26.1500,2024-09-09 11:51,26.9600,2024-09-09 13:12,27.5200,2024-09-09 13:31,27.1800,81,19,100,81,19,100,0.020772,0.052390,intraday,intraday,0,0
2024-09-09 14:39,26.7200,2024-09-10 09:30,27.5500,2024-09-10 09:31,27.6800,2024-09-10 09:31,27.3900,1,0,1,1,0,1,0.004719,0.035928,intraday,intraday,0,0
2024-09-10 09:39,26.6600,2024-09-10 09:55,27.5500,2024-09-10 09:56,27.5700,2024-09-10 09:58,27.0700,1,2,3,1,2,3,0.000726,0.034134,intraday,intraday,0,0
2024-09-10 10:15,26.5500,2024-09-10 10:29,27.4000,2024-09-10 10:30,27.4100,2024-09-10 10:32,27.0400,1,2,3,1,2,3,0.000365,0.032392,intraday,intraday,0,0
2024-09-10 12:03,26.2400,2024-09-10 13:10,27.1200,2024-09-10 14:15,27.9300,2024-09-10 14:22,27.6100,65,7,72,65,7,72,0.029867,0.064405,intraday,intraday,0,0
2024-09-10 14:22,27.6100,2024-09-11 09:30,28.9500,2024-09-11 09:31,29.1900,2024-09-11 09:31,28.8200,1,0,1,1,0,1,0.008290,0.057226,intraday,intraday,0,0
2024-09-11 10:48,27.0800,2024-09-11 11:05,28.0400,2024-09-11 11:08,28.0900,2024-09-11 11:10,27.7900,3,2,5,3,2,5,0.001783,0.037297,intraday,intraday,0,0
2024-09-11 11:10,27.7900,2024-09-11 11:38,28.7000,2024-09-11 11:46,29.0300,2024-09-11 11:51,28.6900,8,5,13,8,5,13,0.011498,0.044620,intraday,intraday,0,0
2024-09-11 11:56,28.3200,2024-09-11 12:04,29.2200,2024-09-11 12:05,29.4000,2024-09-11 12:09,29.0000,1,4,5,1,4,5,0.006160,0.038136,intraday,intraday,0,0
2024-09-11 12:09,29.0000,2024-09-11 13:13,29.8900,2024-09-11 13:48,30.6000,2024-09-11 13:54,30.2300,35,6,41,35,6,41,0.023754,0.055172,intraday,intraday,0,0
2024-09-11 13:57,30.1800,2024-09-11 14:27,31.1200,2024-09-11 14:42,31.7000,2024-09-11 14:45,31.3400,15,3,18,15,3,18,0.018638,0.050364,intraday,intraday,0,0
2024-09-11 15:04,30.7900,2024-09-11 15:27,31.7400,2024-09-11 15:35,31.9900,2024-09-11 15:43,31.5900,8,8,16,8,8,16,0.007876,0.038974,intraday,intraday,0,0
2024-09-12 09:50,30.3500,2024-09-12 09:59,31.3200,2024-09-12 10:00,31.3900,2024-09-12 10:00,31.0500,1,0,1,1,0,1,0.002235,0.034267,intraday,intraday,0,0
2024-09-12 10:05,30.8300,2024-09-12 10:17,31.8400,2024-09-12 10:34,32.5500,2024-09-12 10:35,31.7500,17,1,18,17,1,18,0.022299,0.055790,intraday,intraday,0,0
2024-09-12 11:46,31.0200,2024-09-12 12:57,32.0800,2024-09-12 13:56,32.6900,2024-09-12 14:07,32.3500,59,11,70,59,11,70,0.019015,0.053836,intraday,intraday,0,0
2024-09-12 14:52,31.4500,2024-09-13 09:30,32.9000,2024-09-13 09:31,32.9600,2024-09-13 09:31,32.5900,1,0,1,1,0,1,0.001824,0.048013,intraday,intraday,0,0
2024-09-13 10:31,32.3600,2024-09-13 11:08,33.3500,2024-09-13 11:13,33.3700,2024-09-13 11:37,33.0200,5,24,29,5,24,29,0.000600,0.031211,intraday,intraday,0,0
2024-09-16 09:35,31.1400,2024-09-16 09:56,32.3300,2024-09-16 09:56,32.3300,2024-09-16 09:58,31.9300,0,2,2,0,2,2,0.000000,0.038215,intraday,intraday,0,0
2024-09-16 12:21,30.8300,2024-09-16 13:39,31.8200,2024-09-16 13:52,31.9100,2024-09-16 14:05,31.5800,13,13,26,13,13,26,0.002828,0.035031,intraday,intraday,0,0
2024-09-16 14:05,31.5800,2024-09-17 09:30,33.4900,2024-09-17 09:31,33.5600,2024-09-17 09:33,33.0600,1,2,3,1,2,3,0.002090,0.062698,intraday,intraday,0,0
2024-09-17 09:54,32.0100,2024-09-17 10:08,33.0000,2024-09-17 10:28,33.2500,2024-09-17 10:36,32.8900,20,8,28,20,8,28,0.007576,0.038738,intraday,intraday,0,0
2024-09-17 13:45,31.3600,2024-09-17 15:54,32.3100,2024-09-18 09:30,32.7700,2024-09-18 09:35,32.3300,6,5,11,1056,5,1061,0.014237,0.044962,overnight,intraday,0,1
2024-09-18 11:47,31.3200,2024-09-18 12:57,32.2600,2024-09-18 12:59,32.2700,2024-09-18 13:15,31.9200,2,16,18,2,16,18,0.000310,0.030332,intraday,intraday,0,0
2024-09-18 14:00,31.6700,2024-09-18 14:00,33.3500,2024-09-18 14:01,33.8800,2024-09-18 14:01,33.3100,1,0,1,1,0,1,0.015892,0.069782,intraday,intraday,0,0
2024-09-18 14:13,32.1300,2024-09-18 14:17,33.1000,2024-09-18 14:21,33.4300,2024-09-18 14:22,32.9700,4,1,5,4,1,5,0.009970,0.040461,intraday,intraday,0,0
2024-09-18 14:22,32.9700,2024-09-18 14:34,34.0000,2024-09-18 14:34,34.0000,2024-09-18 14:35,33.3000,0,1,1,0,1,1,0.000000,0.031241,intraday,intraday,0,0
2024-09-18 15:11,31.4200,2024-09-18 15:25,32.4100,2024-09-18 15:28,32.6200,2024-09-18 15:29,32.1300,3,1,4,3,1,4,0.006479,0.038192,intraday,intraday,0,0
2024-09-18 15:59,31.0500,2024-09-19 09:30,34.8200,2024-09-19 09:30,34.8200,2024-09-19 09:33,34.3700,0,3,3,0,3,3,0.000000,0.121417,intraday,intraday,0,0
2024-09-19 09:51,33.8800,2024-09-19 10:19,34.9200,2024-09-19 10:32,35.2800,2024-09-19 10:40,34.8800,13,8,21,13,8,21,0.010309,0.041322,intraday,intraday,0,0
2024-09-19 11:00,34.5000,2024-09-19 11:42,35.5900,2024-09-19 11:48,35.6500,2024-09-19 11:52,35.2300,6,4,10,6,4,10,0.001686,0.033333,intraday,intraday,0,0
2024-09-19 11:57,35.1300,2024-09-19 12:49,36.1900,2024-09-19 12:50,36.2200,2024-09-19 13:08,35.8400,1,18,19,1,18,19,0.000829,0.031028,intraday,intraday,0,0
2024-09-19 15:20,34.8400,2024-09-19 15:47,35.8900,2024-09-19 15:48,35.9000,2024-09-19 15:50,35.4700,1,2,3,1,2,3,0.000279,0.030425,intraday,intraday,0,0
2024-09-20 11:16,32.0400,2024-09-20 11:42,33.0300,2024-09-20 11:43,33.1200,2024-09-20 11:52,32.6700,1,9,10,1,9,10,0.002725,0.033708,intraday,intraday,0,0
2024-09-20 14:09,32.3700,2024-09-20 15:18,33.4100,2024-09-20 15:39,33.8300,2024-09-20 15:46,33.4000,21,7,28,21,7,28,0.012571,0.045103,intraday,intraday,0,0
2024-09-20 15:49,33.1900,2024-09-23 09:31,34.3500,2024-09-23 09:32,34.3800,2024-09-23 09:32,33.9800,1,0,1,1,0,1,0.000873,0.035854,intraday,intraday,0,0
2024-09-23 11:06,33.1800,2024-09-24 09:30,34.9900,2024-09-24 09:51,35.3600,2024-09-24 09:59,34.9500,21,8,29,21,8,29,0.010574,0.065702,intraday,intraday,0,0
2024-09-24 10:41,33.5800,2024-09-24 11:11,34.5900,2024-09-24 11:55,35.7000,2024-09-24 11:59,35.3200,44,4,48,44,4,48,0.032090,0.063133,intraday,intraday,0,0
2024-09-25 09:30,34.6500,2024-09-25 09:56,35.7700,2024-09-25 10:17,36.4600,2024-09-25 10:26,36.0300,21,9,30,21,9,30,0.019290,0.052237,intraday,intraday,0,0
2024-09-25 13:00,35.0900,2024-09-26 09:30,40.5100,2024-09-26 09:30,40.5100,2024-09-26 09:32,40.0500,0,2,2,0,2,2,0.000000,0.154460,intraday,intraday,0,0
2024-09-26 11:00,36.7100,2024-09-26 11:04,37.8300,2024-09-26 11:08,38.2300,2024-09-26 11:13,37.7700,4,5,9,4,5,9,0.010574,0.041406,intraday,intraday,0,0
2024-09-26 11:25,37.6200,2024-09-26 11:58,38.7800,2024-09-26 11:59,38.8000,2024-09-26 12:04,38.3700,1,5,6,1,5,6,0.000516,0.031366,intraday,intraday,0,0
2024-09-26 13:19,37.7200,2024-09-26 14:03,38.9300,2024-09-26 15:23,40.5000,2024-09-26 15:23,40.0800,80,0,80,80,0,80,0.040329,0.073701,intraday,intraday,0,0
2024-09-30 09:30,36.0700,2024-09-30 09:47,37.1800,2024-09-30 09:50,37.4100,2024-09-30 09:54,36.9000,3,4,7,3,4,7,0.006186,0.037150,intraday,intraday,0,0
2024-09-30 14:24,35.0500,2024-09-30 15:50,36.2600,2024-10-01 09:31,36.9900,2024-10-01 09:32,36.2900,11,1,12,1061,1,1062,0.020132,0.055350,overnight,intraday,0,1
2024-10-01 11:17,32.7700,2024-10-01 11:41,33.8500,2024-10-01 11:42,34.0000,2024-10-01 11:46,33.5200,1,4,5,1,4,5,0.004431,0.037534,intraday,intraday,0,0
2024-10-01 13:16,32.7400,2024-10-01 13:56,33.7400,2024-10-01 14:32,34.6200,2024-10-01 14:38,34.2500,36,6,42,36,6,42,0.026082,0.057422,intraday,intraday,0,0
2024-10-01 15:47,33.2500,2024-10-02 09:32,34.3900,2024-10-02 09:32,34.3900,2024-10-02 09:35,33.9200,0,3,3,0,3,3,0.000000,0.034286,intraday,intraday,0,0
2024-10-02 09:43,33.1600,2024-10-02 09:51,34.2200,2024-10-02 10:00,34.6100,2024-10-02 10:00,34.2200,9,0,9,9,0,9,0.011397,0.043727,intraday,intraday,0,0
2024-10-02 10:00,34.2200,2024-10-02 10:17,35.4500,2024-10-02 10:20,35.8300,2024-10-02 10:21,35.4700,3,1,4,3,1,4,0.010719,0.047049,intraday,intraday,0,0
2024-10-03 09:30,33.9800,2024-10-03 09:34,35.1600,2024-10-03 09:38,35.2900,2024-10-03 09:40,34.9000,4,2,6,4,2,6,0.003697,0.038552,intraday,intraday,0,0
2024-10-03 09:40,34.9000,2024-10-03 10:00,36.0500,2024-10-03 10:07,36.6100,2024-10-03 10:12,36.0900,7,5,12,7,5,12,0.015534,0.048997,intraday,intraday,0,0
2024-10-03 13:01,34.2900,2024-10-03 15:59,35.3300,2024-10-04 09:30,37.5300,2024-10-04 09:31,36.9500,1,1,2,1051,1,1052,0.062270,0.094488,overnight,intraday,0,1
2024-10-04 10:10,35.4500,2024-10-04 10:17,36.6000,2024-10-04 10:17,36.6000,2024-10-04 10:22,36.0800,0,5,5,0,5,5,0.000000,0.032440,intraday,intraday,0,0
2024-10-04 10:27,35.6700,2024-10-04 11:00,36.7700,2024-10-04 11:02,36.8900,2024-10-04 11:12,36.5000,2,10,12,2,10,12,0.003264,0.034202,intraday,intraday,0,0
2024-10-04 11:49,35.7400,2024-10-07 09:38,36.8600,2024-10-07 09:39,36.8800,2024-10-07 09:40,36.4900,1,1,2,1,1,2,0.000543,0.031897,intraday,intraday,0,0
2024-10-07 10:02,35.9200,2024-10-07 13:07,37.0300,2024-10-07 13:59,37.2400,2024-10-07 14:04,36.6800,52,5,57,52,5,57,0.005671,0.036748,intraday,intraday,0,0
2024-10-07 15:43,35.5600,2024-10-08 10:00,36.6700,2024-10-08 10:02,36.7700,2024-10-08 10:08,36.3900,2,6,8,2,6,8,0.002727,0.034027,intraday,intraday,0,0
2024-10-08 10:22,36.2200,2024-10-08 10:47,37.3300,2024-10-08 11:04,37.6000,2024-10-08 11:15,37.2000,17,11,28,17,11,28,0.007233,0.038100,intraday,intraday,0,0
2024-10-08 13:11,36.6400,2024-10-08 15:36,37.7500,2024-10-08 15:39,37.8400,2024-10-08 15:59,37.3700,3,20,23,3,20,23,0.002384,0.032751,intraday,intraday,0,0
2024-10-09 09:44,36.5300,2024-10-09 10:10,37.6800,2024-10-09 10:28,37.9700,2024-10-09 10:47,37.5800,18,19,37,18,19,37,0.007696,0.039420,intraday,intraday,0,0
2024-10-09 10:54,37.5000,2024-10-09 11:51,38.6700,2024-10-09 11:51,38.6700,2024-10-09 12:01,38.2700,0,10,10,0,10,10,0.000000,0.031200,intraday,intraday,0,0
2024-10-09 13:53,37.6300,2024-10-09 15:55,38.7600,2024-10-09 15:55,38.7600,2024-10-10 09:30,37.0000,0,5,5,0,1055,1055,0.000000,0.030029,overnight,overnight,1,1
2024-10-10 09:50,36.3600,2024-10-10 10:05,37.4900,2024-10-10 10:05,37.4900,2024-10-10 10:07,37.0300,0,2,2,0,2,2,0.000000,0.031078,intraday,intraday,0,0
2024-10-10 10:07,37.0300,2024-10-10 11:38,38.1700,2024-10-10 12:01,38.4200,2024-10-10 12:25,38.0300,23,24,47,23,24,47,0.006550,0.037537,intraday,intraday,0,0
2024-10-11 09:30,36.8600,2024-10-11 09:51,37.9700,2024-10-11 09:56,38.0600,2024-10-11 10:00,37.5900,5,4,9,5,4,9,0.002370,0.032556,intraday,intraday,0,0
2024-10-11 10:00,37.5900,2024-10-11 10:25,38.7300,2024-10-11 10:27,38.8600,2024-10-11 10:33,38.4200,2,6,8,2,6,8,0.003357,0.033786,intraday,intraday,0,0
2024-10-11 10:52,38.0300,2024-10-14 09:30,39.6800,2024-10-14 09:35,40.1300,2024-10-14 09:39,39.6600,5,4,9,5,4,9,0.011341,0.055220,intraday,intraday,0,0
2024-10-14 09:40,39.6500,2024-10-14 09:58,40.8500,2024-10-14 10:00,40.9000,2024-10-14 10:08,40.4700,2,8,10,2,8,10,0.001224,0.031526,intraday,intraday,0,0
2024-10-14 11:01,39.7200,2024-10-14 14:08,40.9200,2024-10-14 15:44,41.0600,2024-10-15 09:30,40.4300,96,16,112,96,1066,1162,0.003421,0.033736,overnight,overnight,1,1
2024-10-15 10:41,35.2600,2024-10-15 10:42,36.4400,2024-10-15 10:42,36.4400,2024-10-15 10:43,36.0000,0,1,1,0,1,1,0.000000,0.033466,intraday,intraday,0,0
2024-10-15 10:43,36.0000,2024-10-15 10:56,37.0800,2024-10-15 10:56,37.0800,2024-10-15 10:58,36.4300,0,2,2,0,2,2,0.000000,0.030000,intraday,intraday,0,0
2024-10-15 15:35,33.6300,2024-10-16 09:30,35.7500,2024-10-16 09:30,35.7500,2024-10-16 09:31,34.7200,0,1,1,0,1,1,0.000000,0.063039,intraday,intraday,0,0
2024-10-16 09:46,34.0000,2024-10-16 10:12,35.0700,2024-10-16 10:25,35.6200,2024-10-16 10:31,35.1600,13,6,19,13,6,19,0.015683,0.047647,intraday,intraday,0,0
2024-10-16 15:47,34.2200,2024-10-17 09:30,37.3600,2024-10-17 09:30,37.3600,2024-10-17 09:31,36.9300,0,1,1,0,1,1,0.000000,0.091759,intraday,intraday,0,0
2024-10-17 09:36,35.7600,2024-10-17 09:48,36.9100,2024-10-17 09:53,37.1400,2024-10-17 09:56,36.4600,5,3,8,5,3,8,0.006231,0.038591,intraday,intraday,0,0
2024-10-17 10:02,35.9600,2024-10-17 12:10,37.0400,2024-10-17 12:10,37.0400,2024-10-17 12:31,36.6500,0,21,21,0,21,21,0.000000,0.030033,intraday,intraday,0,0
2024-10-17 15:59,35.2200,2024-10-18 09:30,36.3300,2024-10-18 09:30,36.3300,2024-10-18 09:31,35.3600,0,1,1,0,1,1,0.000000,0.031516,intraday,intraday,0,0
2024-10-21 11:27,33.7300,2024-10-21 15:49,34.8200,2024-10-21 15:59,35.1200,2024-10-22 09:30,34.3300,10,1,11,10,1051,1061,0.008616,0.041210,overnight,overnight,1,1
2024-10-22 10:03,33.8400,2024-10-22 13:57,34.8600,2024-10-22 14:04,35.0300,2024-10-22 14:13,34.6100,7,9,16,7,9,16,0.004877,0.035165,intraday,intraday,0,0
2024-10-23 10:07,33.8200,2024-10-23 10:47,34.8500,2024-10-23 10:48,34.8800,2024-10-23 10:53,34.5200,1,5,6,1,5,6,0.000861,0.031342,intraday,intraday,0,0
2024-10-23 14:19,32.2900,2024-10-23 15:01,33.2600,2024-10-23 15:28,33.6400,2024-10-23 15:32,33.2800,27,4,31,27,4,31,0.011425,0.041809,intraday,intraday,0,0
2024-10-23 15:32,33.2800,2024-10-24 09:30,34.7400,2024-10-24 09:30,34.7400,2024-10-24 09:31,34.3000,0,1,1,0,1,1,0.000000,0.043870,intraday,intraday,0,0
2024-10-24 12:16,33.5300,2024-10-25 09:30,35.4800,2024-10-25 10:03,36.8700,2024-10-25 10:05,36.4500,33,2,35,33,2,35,0.039177,0.099612,intraday,intraday,0,0
2024-10-28 09:31,34.7500,2024-10-28 10:08,35.8200,2024-10-28 10:30,36.0900,2024-10-28 10:34,35.6500,22,4,26,22,4,26,0.007538,0.038561,intraday,intraday,0,0
2024-10-29 09:35,34.9400,2024-10-29 10:00,36.0200,2024-10-29 10:25,36.4000,2024-10-29 10:27,36.0000,25,2,27,25,2,27,0.010550,0.041786,intraday,intraday,0,0
2024-10-29 10:28,35.9400,2024-10-29 12:17,37.0300,2024-10-29 12:18,37.1500,2024-10-29 12:33,36.7300,1,15,16,1,15,16,0.003241,0.033667,intraday,intraday,0,0
2024-10-29 12:36,36.6800,2024-10-29 15:07,37.8200,2024-10-29 15:48,38.4500,2024-10-29 15:52,38.0600,41,4,45,41,4,45,0.016658,0.048255,intraday,intraday,0,0
2024-10-30 09:45,34.2000,2024-10-30 09:58,35.2900,2024-10-30 10:04,35.7000,2024-10-30 10:24,35.3400,6,20,26,6,20,26,0.011618,0.043860,intraday,intraday,0,0
2024-10-31 10:01,29.8000,2024-10-31 10:22,30.7100,2024-10-31 10:24,30.7600,2024-10-31 10:26,30.4000,2,2,4,2,2,4,0.001628,0.032215,intraday,intraday,0,0
2024-10-31 14:21,29.2300,2024-10-31 15:44,30.1400,2024-10-31 15:49,30.4000,2024-10-31 15:52,30.0200,5,3,8,5,3,8,0.008626,0.040027,intraday,intraday,0,0
2024-10-31 15:55,29.8900,2024-11-01 09:31,30.8600,2024-11-01 09:31,30.8600,2024-11-01 09:32,30.3800,0,1,1,0,1,1,0.000000,0.032452,intraday,intraday,0,0
2024-11-01 09:32,30.3800,2024-11-01 09:43,31.3500,2024-11-01 09:43,31.3500,2024-11-01 09:45,30.8800,0,2,2,0,2,2,0.000000,0.031929,intraday,intraday,0,0
2024-11-01 09:47,30.8600,2024-11-01 10:23,31.8300,2024-11-01 10:23,31.8300,2024-11-01 10:36,31.5100,0,13,13,0,13,13,0.000000,0.031432,intraday,intraday,0,0
2024-11-01 10:47,30.8400,2024-11-01 11:31,31.7700,2024-11-01 11:31,31.7700,2024-11-01 11:43,31.4500,0,12,12,0,12,12,0.000000,0.030156,intraday,intraday,0,0
2024-11-04 09:37,30.0100,2024-11-04 09:44,30.9800,2024-11-04 09:45,30.9900,2024-11-04 09:48,30.6800,1,3,4,1,3,4,0.000323,0.032656,intraday,intraday,0,0
2024-11-04 09:50,30.5200,2024-11-04 10:37,31.4500,2024-11-04 10:37,31.4500,2024-11-04 10:42,31.1200,0,5,5,0,5,5,0.000000,0.030472,intraday,intraday,0,0
2024-11-04 15:56,30.2400,2024-11-05 09:50,31.2000,2024-11-05 10:02,31.4900,2024-11-05 10:06,31.1200,12,4,16,12,4,16,0.009295,0.041336,intraday,intraday,0,0
2024-11-05 15:00,30.7400,2024-11-06 09:30,33.4800,2024-11-06 09:32,33.6700,2024-11-06 09:32,33.2100,2,0,2,2,0,2,0.005675,0.095316,intraday,intraday,0,0
2024-11-06 09:58,32.4000,2024-11-06 10:16,33.4100,2024-11-06 10:18,33.4700,2024-11-06 10:22,33.1200,2,4,6,2,4,6,0.001796,0.033025,intraday,intraday,0,0
2024-11-06 10:40,32.7800,2024-11-06 13:07,33.7800,2024-11-06 15:49,34.4700,2024-11-06 15:52,34.0900,162,3,165,162,3,165,0.020426,0.051556,intraday,intraday,0,0
2024-11-06 15:54,34.0300,2024-11-07 09:30,35.8700,2024-11-07 09:31,35.9200,2024-11-07 09:31,35.5200,1,0,1,1,0,1,0.001394,0.055539,intraday,intraday,0,0
2024-11-11 09:57,31.8900,2024-11-11 10:30,32.8800,2024-11-11 10:41,33.1600,2024-11-11 10:44,32.8200,11,3,14,11,3,14,0.008516,0.039824,intraday,intraday,0,0
2024-11-11 13:23,31.4800,2024-11-11 15:09,32.4700,2024-11-11 15:40,32.7800,2024-11-12 09:30,32.2300,31,20,51,31,1070,1101,0.009547,0.041296,overnight,overnight,1,1
2024-11-12 13:00,30.3800,2024-11-12 14:18,31.3200,2024-11-12 15:59,31.7000,2024-11-13 09:30,30.7900,101,1,102,101,1051,1152,0.012133,0.043450,overnight,overnight,1,1
2024-11-13 15:56,29.4700,2024-11-14 09:30,30.6200,2024-11-14 09:34,30.8400,2024-11-14 09:37,30.3700,4,3,7,4,3,7,0.007185,0.046488,intraday,intraday,0,0
2024-11-15 09:35,27.5300,2024-11-15 09:49,28.3600,2024-11-15 09:52,28.4900,2024-11-15 09:57,28.1900,3,5,8,3,5,8,0.004584,0.034871,intraday,intraday,0,0
2024-11-18 09:56,26.3000,2024-11-18 10:18,27.1000,2024-11-18 10:34,27.5700,2024-11-18 10:50,27.2900,16,16,32,16,16,32,0.017343,0.048289,intraday,intraday,0,0
2024-11-19 09:51,27.0900,2024-11-19 13:53,27.9200,2024-11-19 14:14,28.0300,2024-11-19 14:33,27.7200,21,19,40,21,19,40,0.003940,0.034699,intraday,intraday,0,0
2024-11-20 10:20,26.0600,2024-11-20 10:45,26.8800,2024-11-20 10:49,26.9600,2024-11-20 11:06,26.6400,4,17,21,4,17,21,0.002976,0.034536,intraday,intraday,0,0
2024-11-20 13:47,26.0000,2024-11-20 15:34,26.8200,2024-11-21 09:30,28.5000,2024-11-21 09:30,27.9800,26,0,26,1076,0,1076,0.062640,0.096154,overnight,intraday,1,1
2024-11-21 09:40,27.0800,2024-11-21 09:47,27.9000,2024-11-21 09:50,28.1100,2024-11-21 09:51,27.8200,3,1,4,3,1,4,0.007527,0.038035,intraday,intraday,0,0
2024-11-21 10:07,26.7700,2024-11-21 10:16,27.6100,2024-11-21 10:16,27.6100,2024-11-21 10:22,27.2800,0,6,6,0,6,6,0.000000,0.031378,intraday,intraday,0,0
2024-11-21 10:30,26.4700,2024-11-21 10:47,27.3000,2024-11-21 11:06,27.7900,2024-11-21 11:10,27.5000,19,4,23,19,4,23,0.017949,0.049868,intraday,intraday,0,0
2024-11-21 11:17,27.4200,2024-11-21 12:29,28.2800,2024-11-21 14:01,28.9200,2024-11-21 14:10,28.5800,92,9,101,92,9,101,0.022631,0.054705,intraday,intraday,0,0
2024-11-22 11:20,27.8400,2024-11-25 09:30,29.5900,2024-11-25 09:30,29.5900,2024-11-25 09:31,29.0100,0,1,1,0,1,1,0.000000,0.062859,intraday,intraday,0,0
2024-11-25 10:01,28.7400,2024-11-25 10:30,29.6500,2024-11-25 10:30,29.6500,2024-11-25 10:33,29.2700,0,3,3,0,3,3,0.000000,0.031663,intraday,intraday,0,0
2024-11-25 10:36,29.2200,2024-11-25 11:31,30.1000,2024-11-25 11:31,30.1000,2024-11-25 11:36,29.7300,0,5,5,0,5,5,0.000000,0.030116,intraday,intraday,0,0
2024-11-25 12:46,29.0100,2024-11-26 09:30,30.2500,2024-11-26 09:30,30.2500,2024-11-26 09:32,29.8200,0,2,2,0,2,2,0.000000,0.042744,intraday,intraday,0,0
2024-11-27 12:09,25.5800,2024-11-27 13:31,26.3500,2024-11-27 15:09,27.0200,2024-11-27 15:23,26.7400,98,14,112,98,14,112,0.025427,0.056294,intraday,intraday,0,0
2024-11-27 15:43,26.5800,2024-11-29 09:30,27.6300,2024-11-29 09:31,27.9700,2024-11-29 09:31,27.6000,1,0,1,1,0,1,0.012305,0.052295,intraday,intraday,0,0
2024-11-29 09:35,27.5300,2024-11-29 09:57,28.3600,2024-11-29 10:20,28.9200,2024-11-29 10:26,28.5700,23,6,29,23,6,29,0.019746,0.050490,intraday,intraday,0,0
2024-11-29 12:59,28.0200,2024-12-02 09:31,29.0600,2024-12-02 09:32,29.0800,2024-12-02 09:33,28.7800,1,1,2,1,1,2,0.000688,0.037830,intraday,intraday,0,0
2024-12-02 09:33,28.7800,2024-12-02 09:50,29.6500,2024-12-02 09:54,29.8700,2024-12-02 09:56,29.5600,4,2,6,4,2,6,0.007420,0.037874,intraday,intraday,0,0
2024-12-02 10:20,29.3200,2024-12-02 11:23,30.2200,2024-12-02 11:43,30.6000,2024-12-02 11:56,30.2900,20,13,33,20,13,33,0.012574,0.043656,intraday,intraday,0,0
2024-12-03 09:31,29.4000,2024-12-04 09:30,31.5600,2024-12-04 09:30,31.5600,2024-12-04 09:31,31.0600,0,1,1,0,1,1,0.000000,0.073469,intraday,intraday,0,0
2024-12-05 14:06,28.8800,2024-12-06 10:04,29.7600,2024-12-06 10:18,29.8100,2024-12-06 10:25,29.4900,14,7,21,14,7,21,0.001680,0.032202,intraday,intraday,0,0
2024-12-09 09:34,28.6100,2024-12-09 09:41,29.5300,2024-12-09 10:22,30.3200,2024-12-09 10:28,29.9300,41,6,47,41,6,47,0.026752,0.059769,intraday,intraday,0,0
2024-12-10 15:34,26.5600,2024-12-11 09:30,28.3300,2024-12-11 09:30,28.3300,2024-12-11 09:31,27.9000,0,1,1,0,1,1,0.000000,0.066642,intraday,intraday,0,0
2024-12-11 09:38,27.7900,2024-12-11 09:47,28.6800,2024-12-11 09:53,28.9900,2024-12-11 09:57,28.6600,6,4,10,6,4,10,0.010809,0.043181,intraday,intraday,0,0
2024-12-11 10:58,27.7900,2024-12-11 11:17,28.6400,2024-12-11 15:24,29.6300,2024-12-11 15:50,29.2400,247,26,273,247,26,273,0.034567,0.066211,intraday,intraday,0,0
2024-12-12 09:36,27.7800,2024-12-12 09:46,28.6400,2024-12-12 09:49,28.8300,2024-12-12 09:53,28.5300,3,4,7,3,4,7,0.006634,0.037797,intraday,intraday,0,0
2024-12-12 12:00,27.7400,2024-12-12 15:07,28.5800,2024-12-12 15:07,28.5800,2024-12-12 15:40,28.2800,0,33,33,0,33,33,0.000000,0.030281,intraday,intraday,0,0
2024-12-12 15:40,28.2800,2024-12-13 09:30,30.5000,2024-12-13 09:30,30.5000,2024-12-13 09:31,30.1600,0,1,1,0,1,1,0.000000,0.078501,intraday,intraday,0,0
2024-12-13 09:31,30.1600,2024-12-13 09:44,31.1000,2024-12-13 09:48,31.3100,2024-12-13 10:01,30.9800,4,13,17,4,13,17,0.006752,0.038130,intraday,intraday,0,0
2024-12-13 11:01,29.4800,2024-12-13 13:48,30.3900,2024-12-13 15:34,31.1800,2024-12-13 15:41,30.7700,106,7,113,106,7,113,0.025995,0.057666,intraday,intraday,0,0
2024-12-16 09:36,30.3900,2024-12-16 09:47,31.4400,2024-12-16 10:04,32.4000,2024-12-16 10:11,32.0700,17,7,24,17,7,24,0.030534,0.066140,intraday,intraday,0,0
2024-12-16 11:01,31.5500,2024-12-16 13:03,32.5000,2024-12-16 14:17,32.9500,2024-12-16 14:30,32.6100,74,13,87,74,13,87,0.013846,0.044374,intraday,intraday,0,0
2024-12-17 09:32,31.0800,2024-12-17 09:40,32.0500,2024-12-17 09:41,32.0900,2024-12-17 09:42,31.7500,1,1,2,1,1,2,0.001248,0.032497,intraday,intraday,0,0
2024-12-17 11:06,30.6100,2024-12-17 11:36,31.5300,2024-12-17 11:44,31.6400,2024-12-17 11:55,31.2500,8,11,19,8,11,19,0.003489,0.033649,intraday,intraday,0,0
2024-12-17 14:41,30.5500,2024-12-18 09:30,31.8400,2024-12-18 09:30,31.8400,2024-12-18 09:31,31.3700,0,1,1,0,1,1,0.000000,0.042226,intraday,intraday,0,0
2024-12-18 09:31,31.3700,2024-12-18 09:39,32.3500,2024-12-18 09:44,32.4800,2024-12-18 09:48,32.0800,5,4,9,5,4,9,0.004019,0.035384,intraday,intraday,0,0
2024-12-18 15:45,27.0000,2024-12-18 15:48,27.9900,2024-12-18 15:50,28.3600,2024-12-18 15:50,28.0400,2,0,2,2,0,2,0.013219,0.050370,intraday,intraday,0,0
2024-12-19 10:36,26.3800,2024-12-19 11:23,27.2400,2024-12-19 11:28,27.4100,2024-12-19 11:30,27.1300,5,2,7,5,2,7,0.006241,0.039045,intraday,intraday,0,0
2024-12-20 09:32,25.5900,2024-12-20 09:39,26.5000,2024-12-20 09:39,26.5000,2024-12-20 09:47,26.1000,0,8,8,0,8,8,0.000000,0.035561,intraday,intraday,0,0
2024-12-20 09:50,25.8500,2024-12-20 10:05,26.6600,2024-12-20 10:06,26.6700,2024-12-20 10:07,26.3300,1,1,2,1,1,2,0.000375,0.031721,intraday,intraday,0,0
2024-12-20 10:10,26.0200,2024-12-20 10:27,26.8900,2024-12-20 10:39,27.5200,2024-12-20 10:42,27.2300,12,3,15,12,3,15,0.023429,0.057648,intraday,intraday,0,0
2024-12-20 10:49,27.1200,2024-12-20 11:24,27.9700,2024-12-20 11:42,28.3600,2024-12-20 11:47,28.0600,18,5,23,18,5,23,0.013944,0.045723,intraday,intraday,0,0
2024-12-20 15:57,27.1500,2024-12-23 09:30,28.1600,2024-12-23 09:31,28.4400,2024-12-23 09:31,28.1400,1,0,1,1,0,1,0.009943,0.047514,intraday,intraday,0,0
2024-12-23 09:31,28.1400,2024-12-23 09:42,29.0700,2024-12-23 09:42,29.0700,2024-12-23 09:44,28.5900,0,2,2,0,2,2,0.000000,0.033049,intraday,intraday,0,0
2024-12-23 10:11,28.1700,2024-12-23 11:42,29.0900,2024-12-23 12:02,29.3000,2024-12-23 12:15,28.9700,20,13,33,20,13,33,0.007219,0.040114,intraday,intraday,0,0
2024-12-23 12:18,28.9000,2024-12-24 09:30,30.2600,2024-12-24 09:30,30.2600,2024-12-24 09:31,29.8800,0,1,1,0,1,1,0.000000,0.047059,intraday,intraday,0,0
2024-12-24 09:39,29.6500,2024-12-24 12:59,30.5700,2024-12-24 12:59,30.5700,2024-12-26 09:30,29.8400,0,1,1,0,2671,2671,0.000000,0.031029,holiday,holiday,1,1
2024-12-26 09:54,29.7600,2024-12-26 10:35,30.6600,2024-12-26 11:12,30.9600,2024-12-26 11:25,30.6500,37,13,50,37,13,50,0.009785,0.040323,intraday,intraday,0,0
2024-12-27 10:17,28.5900,2024-12-27 11:29,29.4600,2024-12-27 11:33,29.5100,2024-12-27 11:42,29.2000,4,9,13,4,9,13,0.001697,0.032179,intraday,intraday,0,0
2024-12-27 12:38,28.8600,2024-12-27 14:06,29.7500,2024-12-27 14:57,29.9500,2024-12-27 15:11,29.6100,51,14,65,51,14,65,0.006723,0.037769,intraday,intraday,0,0
2024-12-30 10:01,27.3200,2024-12-30 12:02,28.1500,2024-12-30 12:51,28.7400,2024-12-30 12:57,28.4300,49,6,55,49,6,55,0.020959,0.051977,intraday,intraday,0,0
2024-12-31 14:32,26.9300,2025-01-02 09:30,28.1900,2025-01-02 09:31,28.4500,2025-01-02 09:31,28.1400,1,0,1,1,0,1,0.009223,0.056443,intraday,intraday,0,0
2025-01-02 09:40,27.6700,2025-01-02 09:49,28.5900,2025-01-02 09:55,29.0500,2025-01-02 09:58,28.7500,6,3,9,6,3,9,0.016090,0.049874,intraday,intraday,0,0
2025-01-02 13:54,27.0300,2025-01-02 15:27,27.8500,2025-01-02 15:32,27.9800,2025-01-02 15:35,27.6700,5,3,8,5,3,8,0.004668,0.035146,intraday,intraday,0,0
2025-01-02 15:39,27.5900,2025-01-03 09:30,28.4300,2025-01-03 09:33,28.6800,2025-01-03 09:36,28.3800,3,3,6,3,3,6,0.008794,0.039507,intraday,intraday,0,0
2025-01-03 10:21,28.2100,2025-01-03 11:03,29.0600,2025-01-03 14:38,30.1200,2025-01-03 15:48,29.8000,215,70,285,215,70,285,0.036476,0.067706,intraday,intraday,0,0
2025-01-03 15:51,29.6500,2025-01-06 09:30,32.3600,2025-01-06 09:31,32.4400,2025-01-06 09:31,32.1100,1,0,1,1,0,1,0.002472,0.094098,intraday,intraday,0,0
2025-01-06 09:31,32.1100,2025-01-06 09:38,33.1700,2025-01-06 09:43,33.3800,2025-01-06 09:44,32.9500,5,1,6,5,1,6,0.006331,0.039552,intraday,intraday,0,0
2025-01-06 15:00,32.2400,2025-01-07 09:30,33.6800,2025-01-07 09:31,33.7300,2025-01-07 09:31,33.3900,1,0,1,1,0,1,0.001485,0.046216,intraday,intraday,0,0
2025-01-07 10:17,31.8300,2025-01-07 10:26,32.8400,2025-01-07 10:27,32.8500,2025-01-07 10:30,32.4200,1,3,4,1,3,4,0.000305,0.032045,intraday,intraday,0,0
2025-01-07 10:47,31.3400,2025-01-07 10:54,32.4800,2025-01-07 11:04,32.7800,2025-01-07 11:12,32.4200,10,8,18,10,8,18,0.009236,0.045948,intraday,intraday,0,0
2025-01-08 09:40,29.6300,2025-01-08 09:51,30.6200,2025-01-08 09:51,30.6200,2025-01-08 09:52,30.2600,0,1,1,0,1,1,0.000000,0.033412,intraday,intraday,0,0
2025-01-08 10:15,29.4000,2025-01-08 10:36,30.3000,2025-01-08 10:38,30.4200,2025-01-08 10:41,30.0400,2,3,5,2,3,5,0.003960,0.034694,intraday,intraday,0,0
2025-01-08 12:31,29.1700,2025-01-08 13:16,30.0500,2025-01-08 13:28,30.3500,2025-01-08 13:47,29.9500,12,19,31,12,19,31,0.009983,0.040453,intraday,intraday,0,0
2025-01-10 10:09,27.4600,2025-01-10 10:23,28.2900,2025-01-10 10:39,28.7500,2025-01-10 10:42,28.4600,16,3,19,16,3,19,0.016260,0.046977,intraday,intraday,0,0
2025-01-10 12:04,27.4400,2025-01-10 13:23,28.3200,2025-01-10 13:57,28.6900,2025-01-10 14:03,28.3900,34,6,40,34,6,40,0.013065,0.045554,intraday,intraday,0,0
2025-01-13 09:38,26.2500,2025-01-13 09:48,27.0600,2025-01-13 10:07,27.5700,2025-01-13 10:09,27.2600,19,2,21,19,2,21,0.018847,0.050286,intraday,intraday,0,0
2025-01-13 10:29,26.5700,2025-01-13 10:42,27.3900,2025-01-13 10:48,27.5400,2025-01-13 10:50,27.2500,6,2,8,6,2,8,0.005476,0.036507,intraday,intraday,0,0
2025-01-13 12:01,26.7400,2025-01-13 14:32,27.6100,2025-01-13 14:42,27.6800,2025-01-13 14:52,27.3800,10,10,20,10,10,20,0.002535,0.035153,intraday,intraday,0,0
2025-01-13 14:52,27.3800,2025-01-14 09:30,28.5900,2025-01-14 09:32,28.6500,2025-01-14 09:32,28.3200,2,0,2,2,0,2,0.002099,0.046384,intraday,intraday,0,0
2025-01-14 09:59,27.7400,2025-01-14 10:16,28.5800,2025-01-14 10:16,28.5800,2025-01-14 10:22,28.2300,0,6,6,0,6,6,0.000000,0.030281,intraday,intraday,0,0
2025-01-14 12:02,27.1800,2025-01-14 13:36,28.0000,2025-01-14 14:25,28.3300,2025-01-14 14:51,28.0000,49,26,75,49,26,75,0.011786,0.042311,intraday,intraday,0,0
2025-01-14 15:05,27.3200,2025-01-14 15:55,28.1400,2025-01-15 09:32,29.8500,2025-01-15 09:32,29.5400,7,0,7,1057,0,1057,0.060768,0.092606,overnight,intraday,0,1
2025-01-15 09:38,29.3000,2025-01-15 09:48,30.1800,2025-01-15 09:48,30.1800,2025-01-15 09:55,29.8500,0,7,7,0,7,7,0.000000,0.030034,intraday,intraday,0,0
2025-01-15 11:53,29.4600,2025-01-16 09:30,31.5600,2025-01-16 09:31,31.6900,2025-01-16 09:31,31.3400,1,0,1,1,0,1,0.004119,0.075696,intraday,intraday,0,0
2025-01-16 10:00,30.2000,2025-01-16 10:56,31.1800,2025-01-16 11:08,31.6800,2025-01-16 11:17,31.3200,12,9,21,12,9,21,0.016036,0.049007,intraday,intraday,0,0
2025-01-16 11:42,30.7900,2025-01-16 12:27,31.7200,2025-01-16 12:27,31.7200,2025-01-16 12:36,31.3800,0,9,9,0,9,9,0.000000,0.030205,intraday,intraday,0,0
2025-01-16 15:59,30.0000,2025-01-17 09:30,32.1200,2025-01-17 09:30,32.1200,2025-01-17 09:31,31.7100,0,1,1,0,1,1,0.000000,0.070667,intraday,intraday,0,0
2025-01-17 09:39,31.4800,2025-01-17 13:38,32.4300,2025-01-17 14:38,32.5400,2025-01-17 15:00,32.1700,60,22,82,60,22,82,0.003392,0.033672,intraday,intraday,0,0
2025-01-17 15:07,32.0800,2025-01-21 09:30,33.4100,2025-01-21 09:30,33.4100,2025-01-21 09:33,32.9900,0,3,3,0,3,3,0.000000,0.041459,intraday,intraday,0,0
2025-01-21 10:13,32.5000,2025-01-21 11:31,33.4900,2025-01-21 14:07,34.5300,2025-01-21 14:23,34.1800,156,16,172,156,16,172,0.031054,0.062462,intraday,intraday,0,0
2025-01-21 15:59,33.6500,2025-01-22 09:30,34.7200,2025-01-22 09:31,35.1500,2025-01-22 09:31,34.6500,1,0,1,1,0,1,0.012385,0.044577,intraday,intraday,0,0
2025-01-22 09:31,34.6500,2025-01-22 09:45,35.7000,2025-01-22 09:57,35.9200,2025-01-22 10:02,35.5200,12,5,17,12,5,17,0.006162,0.036652,intraday,intraday,0,0
2025-01-23 09:38,33.0100,2025-01-23 11:04,34.0200,2025-01-23 11:04,34.0200,2025-01-23 11:11,33.6600,0,7,7,0,7,7,0.000000,0.030597,intraday,intraday,0,0
2025-01-23 11:11,33.6600,2025-01-23 15:54,34.6700,2025-01-24 09:30,34.9400,2025-01-24 09:31,34.4000,6,1,7,1056,1,1057,0.007788,0.038027,overnight,intraday,0,1
2025-01-27 09:30,27.0600,2025-01-27 09:32,28.0800,2025-01-27 09:32,28.0800,2025-01-27 09:33,27.3600,0,1,1,0,1,1,0.000000,0.037694,intraday,intraday,0,0
2025-01-27 10:19,26.8300,2025-01-27 10:33,27.6400,2025-01-27 10:33,27.6400,2025-01-27 10:36,27.2900,0,3,3,0,3,3,0.000000,0.030190,intraday,intraday,0,0
2025-01-27 14:56,23.8400,2025-01-27 15:08,24.6900,2025-01-27 15:12,24.9700,2025-01-27 15:14,24.6100,4,2,6,4,2,6,0.011341,0.047399,intraday,intraday,0,0
2025-01-27 15:21,24.4600,2025-01-28 09:30,25.6000,2025-01-28 09:30,25.6000,2025-01-28 09:31,25.0500,0,1,1,0,1,1,0.000000,0.046607,intraday,intraday,0,0
2025-01-28 09:44,23.7500,2025-01-28 09:57,24.5500,2025-01-28 10:08,24.9200,2025-01-28 10:08,24.6200,11,0,11,11,0,11,0.015071,0.049263,intraday,intraday,0,0
2025-01-28 11:42,24.0600,2025-01-28 12:12,24.8000,2025-01-28 12:25,25.1300,2025-01-28 12:43,24.8300,13,18,31,13,18,31,0.013306,0.044472,intraday,intraday,0,0
2025-01-28 12:44,24.8200,2025-01-28 14:45,25.6200,2025-01-28 14:52,25.7700,2025-01-28 15:07,25.5100,7,15,22,7,15,22,0.005855,0.038276,intraday,intraday,0,0
2025-01-28 15:56,25.3000,2025-01-29 09:30,26.1800,2025-01-29 09:30,26.1800,2025-01-29 09:31,25.6200,0,1,1,0,1,1,0.000000,0.034783,intraday,intraday,0,0
2025-01-29 09:34,25.3800,2025-01-29 10:01,26.1900,2025-01-29 10:07,26.3000,2025-01-29 10:12,26.0000,6,5,11,6,5,11,0.004200,0.036249,intraday,intraday,0,0
2025-01-29 13:04,24.8500,2025-01-29 14:40,25.7000,2025-01-29 14:41,25.8700,2025-01-29 14:41,25.5900,1,0,1,1,0,1,0.006615,0.041046,intraday,intraday,0,0
2025-01-29 15:17,25.2300,2025-01-30 09:30,26.6100,2025-01-30 09:31,26.7600,2025-01-30 09:31,26.4400,1,0,1,1,0,1,0.005637,0.060642,intraday,intraday,0,0
2025-01-30 10:31,26.1400,2025-01-30 11:49,26.9400,2025-01-30 11:57,27.2200,2025-01-30 12:02,26.9300,8,5,13,8,5,13,0.010393,0.041316,intraday,intraday,0,0
2025-01-30 12:44,26.6600,2025-01-30 15:03,27.4600,2025-01-30 15:23,27.6700,2025-01-30 15:36,27.3600,20,13,33,20,13,33,0.007647,0.037884,intraday,intraday,0,0
2025-01-30 15:45,26.6600,2025-01-31 09:30,27.7400,2025-01-31 09:31,27.9900,2025-01-31 09:31,27.6300,1,0,1,1,0,1,0.009012,0.049887,intraday,intraday,0,0
2025-01-31 09:39,27.3300,2025-01-31 09:56,28.1800,2025-01-31 10:36,28.9900,2025-01-31 10:41,28.6700,40,5,45,40,5,45,0.028744,0.060739,intraday,intraday,0,0
2025-02-03 09:49,24.3100,2025-02-03 10:09,25.0900,2025-02-03 10:09,25.0900,2025-02-03 10:11,24.7900,0,2,2,0,2,2,0.000000,0.032086,intraday,intraday,0,0
2025-02-03 10:20,24.6500,2025-02-03 10:23,25.4500,2025-02-03 10:24,25.8400,2025-02-03 10:24,25.3100,1,0,1,1,0,1,0.015324,0.048276,intraday,intraday,0,0
2025-02-03 10:24,25.3100,2025-02-03 10:31,26.1000,2025-02-03 10:31,26.1000,2025-02-03 10:32,25.8000,0,1,1,0,1,1,0.000000,0.031213,intraday,intraday,0,0
2025-02-03 12:55,25.4300,2025-02-03 14:12,26.2000,2025-02-03 14:16,26.3500,2025-02-03 14:30,26.0800,4,14,18,4,14,18,0.005725,0.036178,intraday,intraday,0,0
2025-02-04 09:36,25.2000,2025-02-04 10:02,26.0000,2025-02-04 10:20,26.6000,2025-02-04 10:25,26.3300,18,5,23,18,5,23,0.023077,0.055556,intraday,intraday,0,0
2025-02-05 09:41,25.5400,2025-02-05 10:00,26.3400,2025-02-05 10:02,26.3900,2025-02-05 10:03,25.9600,2,1,3,2,1,3,0.001898,0.033281,intraday,intraday,0,0
2025-02-05 10:08,25.9000,2025-02-05 10:44,26.7300,2025-02-05 12:08,27.7000,2025-02-05 12:21,27.4100,84,13,97,84,13,97,0.036289,0.069498,intraday,intraday,0,0
2025-02-06 09:32,26.7200,2025-02-06 09:35,27.5500,2025-02-06 09:35,27.5500,2025-02-06 09:39,27.2200,0,4,4,0,4,4,0.000000,0.031063,intraday,intraday,0,0
2025-02-06 09:44,26.9600,2025-02-06 10:18,27.7700,2025-02-06 10:19,27.8000,2025-02-06 10:24,27.4500,1,5,6,1,5,6,0.001080,0.031157,intraday,intraday,0,0
2025-02-06 14:33,26.7600,2025-02-06 15:55,27.6300,2025-02-07 09:32,28.2800,2025-02-07 09:32,27.9000,7,0,7,1057,0,1057,0.023525,0.056801,overnight,intraday,0,1
2025-02-07 12:05,25.8000,2025-02-07 13:05,26.5800,2025-02-07 13:06,26.6500,2025-02-07 13:41,26.3700,1,35,36,1,35,36,0.002634,0.032946,intraday,intraday,0,0
2025-02-07 15:17,25.9200,2025-02-10 09:30,27.1000,2025-02-10 09:46,27.4700,2025-02-10 10:20,27.1700,16,34,50,16,34,50,0.013653,0.059799,intraday,intraday,0,0
2025-02-11 09:30,26.6800,2025-02-11 09:46,27.5300,2025-02-11 09:53,27.8600,2025-02-11 09:59,27.5800,7,6,13,7,6,13,0.011987,0.044228,intraday,intraday,0,0
2025-02-12 09:32,25.9500,2025-02-12 09:41,26.7600,2025-02-12 09:45,26.9600,2025-02-12 09:48,26.6700,4,3,7,4,3,7,0.007474,0.038921,intraday,intraday,0,0
2025-02-12 10:12,26.1800,2025-02-12 10:24,27.0000,2025-02-12 10:25,27.0200,2025-02-12 10:28,26.7100,1,3,4,1,3,4,0.000741,0.032086,intraday,intraday,0,0
2025-02-12 11:27,26.3300,2025-02-12 12:54,27.1900,2025-02-12 12:58,27.2300,2025-02-12 14:12,26.9400,4,74,78,4,74,78,0.001471,0.034182,intraday,intraday,0,0
2025-02-12 14:12,26.9400,2025-02-13 09:32,27.8000,2025-02-13 09:35,28.0800,2025-02-13 09:38,27.5800,3,3,6,3,3,6,0.010072,0.042316,intraday,intraday,0,0
2025-02-13 09:47,27.5000,2025-02-13 10:02,28.3300,2025-02-13 10:03,28.3700,2025-02-13 10:06,28.0500,1,3,4,1,3,4,0.001412,0.031636,intraday,intraday,0,0
2025-02-13 13:43,27.7400,2025-02-14 09:43,28.7000,2025-02-14 09:48,28.7500,2025-02-14 09:50,28.4400,5,2,7,5,2,7,0.001742,0.036410,intraday,intraday,0,0
2025-02-14 12:38,28.1000,2025-02-18 09:30,29.4700,2025-02-18 09:33,29.7800,2025-02-18 09:33,29.4500,3,0,3,3,0,3,0.010519,0.059786,intraday,intraday,0,0
2025-02-18 09:49,28.7100,2025-02-18 10:13,29.6000,2025-02-18 10:25,29.6200,2025-02-18 10:45,29.3000,12,20,32,12,20,32,0.000676,0.031696,intraday,intraday,0,0
2025-02-18 10:47,29.1600,2025-02-18 14:48,30.0900,2025-02-18 15:26,30.2300,2025-02-18 15:46,29.9000,38,20,58,38,20,58,0.004653,0.036694,intraday,intraday,0,0
2025-02-19 09:59,29.7600,2025-02-19 10:32,30.7200,2025-02-19 10:50,30.9200,2025-02-19 10:56,30.5700,18,6,24,18,6,24,0.006510,0.038978,intraday,intraday,0,0
2025-02-19 10:57,30.5200,2025-02-19 13:30,31.4400,2025-02-19 14:55,31.8900,2025-02-19 15:15,31.5500,85,20,105,85,20,105,0.014313,0.044889,intraday,intraday,0,0
2025-02-19 15:28,31.1500,2025-02-20 09:30,32.1700,2025-02-20 09:39,32.6400,2025-02-20 09:45,32.2100,9,6,15,9,6,15,0.014610,0.047833,intraday,intraday,0,0
2025-02-20 10:59,30.7000,2025-02-20 14:48,31.6300,2025-02-20 14:50,31.6700,2025-02-20 15:11,31.2900,2,21,23,2,21,23,0.001265,0.031596,intraday,intraday,0,0
2025-02-21 14:29,28.4000,2025-02-24 09:32,29.2600,2025-02-24 09:32,29.2600,2025-02-24 09:33,28.9000,0,1,1,0,1,1,0.000000,0.030282,intraday,intraday,0,0
2025-02-24 10:08,27.0800,2025-02-24 10:12,27.9600,2025-02-24 10:18,28.3000,2025-02-24 10:19,27.9800,6,1,7,6,1,7,0.012160,0.045052,intraday,intraday,0,0
2025-02-24 10:56,27.3000,2025-02-24 11:25,28.1800,2025-02-24 11:27,28.3900,2025-02-24 11:37,28.0900,2,10,12,2,10,12,0.007452,0.039927,intraday,intraday,0,0
2025-02-25 10:20,25.0200,2025-02-25 10:52,25.8300,2025-02-25 10:53,25.8800,2025-02-25 11:00,25.5700,1,7,8,1,7,8,0.001936,0.034373,intraday,intraday,0,0
2025-02-25 11:33,25.0400,2025-02-25 12:39,25.8200,2025-02-25 13:07,26.0300,2025-02-25 13:18,25.7000,28,11,39,28,11,39,0.008133,0.039537,intraday,intraday,0,0
2025-02-25 15:54,24.8200,2025-02-26 09:30,26.0600,2025-02-26 09:31,26.2000,2025-02-26 09:31,25.9200,1,0,1,1,0,1,0.005372,0.055600,intraday,intraday,0,0
2025-02-26 09:35,25.7300,2025-02-26 11:00,26.5500,2025-02-26 11:13,26.9700,2025-02-26 11:30,26.6800,13,17,30,13,17,30,0.015819,0.048193,intraday,intraday,0,0
2025-02-26 14:07,25.5200,2025-02-26 15:44,26.3500,2025-02-27 09:31,26.8300,2025-02-27 09:31,26.5000,17,0,17,1067,0,1067,0.018216,0.051332,overnight,intraday,0,1
2025-02-27 10:01,24.1200,2025-02-27 10:11,24.9700,2025-02-27 10:11,24.9700,2025-02-27 10:12,24.6900,0,1,1,0,1,1,0.000000,0.035240,intraday,intraday,0,0
2025-02-28 09:32,21.0200,2025-02-28 09:36,21.8200,2025-02-28 09:37,21.9200,2025-02-28 09:37,21.6500,1,0,1,1,0,1,0.004583,0.042816,intraday,intraday,0,0
2025-02-28 09:42,21.3600,2025-02-28 09:48,22.1700,2025-02-28 09:48,22.1700,2025-02-28 09:49,21.8700,0,1,1,0,1,1,0.000000,0.037921,intraday,intraday,0,0
2025-02-28 09:57,21.7800,2025-02-28 10:09,22.4500,2025-02-28 10:11,22.5200,2025-02-28 10:12,22.2400,2,1,3,2,1,3,0.003118,0.033976,intraday,intraday,0,0
2025-02-28 10:12,22.2400,2025-02-28 10:28,22.9400,2025-02-28 10:31,23.2200,2025-02-28 10:34,22.9100,3,3,6,3,3,6,0.012206,0.044065,intraday,intraday,0,0
2025-02-28 13:21,21.2500,2025-02-28 13:36,21.9000,2025-02-28 13:40,22.0200,2025-02-28 13:42,21.7200,4,2,6,4,2,6,0.005479,0.036235,intraday,intraday,0,0
2025-02-28 14:00,21.4500,2025-02-28 14:42,22.1000,2025-02-28 15:08,22.4400,2025-02-28 15:21,22.1600,26,13,39,26,13,39,0.015385,0.046154,intraday,intraday,0,0
2025-02-28 15:35,21.9400,2025-02-28 15:55,22.6400,2025-03-03 09:30,23.7300,2025-03-03 09:30,23.4800,5,0,5,3935,0,3935,0.048145,0.081586,weekend,intraday,1,1
2025-03-03 10:00,21.6900,2025-03-03 10:07,22.3900,2025-03-03 10:07,22.3900,2025-03-03 10:08,22.1300,0,1,1,0,1,1,0.000000,0.032273,intraday,intraday,0,0
2025-03-03 10:13,21.8600,2025-03-03 10:22,22.6100,2025-03-03 10:31,23.3600,2025-03-03 10:33,23.0400,9,2,11,9,2,11,0.033171,0.068618,intraday,intraday,0,0
2025-03-03 13:32,21.3500,2025-03-03 14:03,22.0200,2025-03-03 14:03,22.0200,2025-03-03 14:13,21.7400,0,10,10,0,10,10,0.000000,0.031382,intraday,intraday,0,0
2025-03-03 15:44,19.7100,2025-03-03 15:58,20.3100,2025-03-03 15:59,20.5100,2025-03-03 15:59,20.2900,1,0,1,1,0,1,0.009847,0.040589,intraday,intraday,0,0
2025-03-04 09:33,19.8900,2025-03-04 09:36,20.7900,2025-03-04 09:37,20.8400,2025-03-04 09:37,20.6000,1,0,1,1,0,1,0.002405,0.047763,intraday,intraday,0,0
2025-03-04 09:43,19.8300,2025-03-04 09:46,20.5600,2025-03-04 09:48,20.7800,2025-03-04 09:48,20.5100,2,0,2,2,0,2,0.010700,0.047907,intraday,intraday,0,0
2025-03-04 10:19,19.0000,2025-03-04 10:31,19.6100,2025-03-04 10:35,19.6800,2025-03-04 10:37,19.4700,4,2,6,4,2,6,0.003570,0.035789,intraday,intraday,0,0
2025-03-04 11:09,19.2600,2025-03-04 11:43,19.9000,2025-03-04 11:49,20.0500,2025-03-04 11:49,19.8000,6,0,6,6,0,6,0.007538,0.041018,intraday,intraday,0,0
2025-03-04 11:49,19.8000,2025-03-04 12:22,20.4400,2025-03-04 12:28,20.8100,2025-03-04 12:29,20.5900,6,1,7,6,1,7,0.018102,0.051010,intraday,intraday,0,0
2025-03-04 12:33,20.3600,2025-03-04 13:10,21.0200,2025-03-04 13:13,21.2500,2025-03-04 13:16,20.9800,3,3,6,3,3,6,0.010942,0.043713,intraday,intraday,0,0
2025-03-04 13:30,20.6200,2025-03-04 13:58,21.2500,2025-03-04 14:08,21.5100,2025-03-04 14:10,21.2800,10,2,12,10,2,12,0.012235,0.043162,intraday,intraday,0,0
2025-03-04 14:11,21.2400,2025-03-04 15:10,21.9600,2025-03-04 15:24,22.2700,2025-03-04 15:29,21.9700,14,5,19,14,5,19,0.014117,0.048493,intraday,intraday,0,0
2025-03-04 15:52,20.3100,2025-03-05 09:30,21.2900,2025-03-05 09:30,21.2900,2025-03-05 09:31,20.8200,0,1,1,0,1,1,0.000000,0.048252,intraday,intraday,0,0
2025-03-05 09:36,20.4400,2025-03-05 09:40,21.0800,2025-03-05 09:41,21.2100,2025-03-05 09:41,20.9800,1,0,1,1,0,1,0.006167,0.037671,intraday,intraday,0,0
2025-03-05 09:57,20.3700,2025-03-05 10:00,21.1700,2025-03-05 10:00,21.1700,2025-03-05 10:01,20.8500,0,1,1,0,1,1,0.000000,0.039273,intraday,intraday,0,0
2025-03-05 10:21,20.4000,2025-03-05 10:38,21.0600,2025-03-05 10:39,21.1000,2025-03-05 10:42,20.8700,1,3,4,1,3,4,0.001899,0.034314,intraday,intraday,0,0
2025-03-05 11:35,20.1200,2025-03-05 12:00,20.8400,2025-03-05 12:00,20.8400,2025-03-05 12:03,20.6200,0,3,3,0,3,3,0.000000,0.035785,intraday,intraday,0,0
2025-03-05 12:04,20.5900,2025-03-05 12:51,21.3100,2025-03-05 13:04,21.4900,2025-03-05 13:07,21.1300,13,3,16,13,3,16,0.008447,0.043711,intraday,intraday,0,0
2025-03-05 13:33,20.9400,2025-03-05 14:04,21.5700,2025-03-05 14:15,21.9900,2025-03-05 14:18,21.7200,11,3,14,11,3,14,0.019471,0.050143,intraday,intraday,0,0
2025-03-06 09:33,19.2700,2025-03-06 09:38,19.9200,2025-03-06 09:39,20.0200,2025-03-06 09:40,19.7300,1,1,2,1,1,2,0.005020,0.038921,intraday,intraday,0,0
2025-03-06 09:40,19.7300,2025-03-06 09:51,20.3300,2025-03-06 09:52,20.3700,2025-03-06 09:53,20.1400,1,1,2,1,1,2,0.001968,0.032438,intraday,intraday,0,0
2025-03-06 10:00,19.8900,2025-03-06 10:04,20.4900,2025-03-06 10:08,20.6300,2025-03-06 10:13,20.4200,4,5,9,4,5,9,0.006833,0.037205,intraday,intraday,0,0
2025-03-06 10:14,20.3600,2025-03-06 10:43,20.9800,2025-03-06 10:44,21.0200,2025-03-06 10:49,20.7200,1,5,6,1,5,6,0.001907,0.032417,intraday,intraday,0,0
2025-03-06 12:49,19.0500,2025-03-06 13:17,19.6500,2025-03-06 13:21,19.8000,2025-03-06 13:28,19.5600,4,7,11,4,7,11,0.007634,0.039370,intraday,intraday,0,0
2025-03-06 14:29,19.0100,2025-03-06 14:48,19.6900,2025-03-06 14:50,19.8800,2025-03-06 14:50,19.6800,2,0,2,2,0,2,0.009650,0.045765,intraday,intraday,0,0
2025-03-06 15:00,19.1200,2025-03-06 15:06,19.7200,2025-03-06 15:06,19.7200,2025-03-06 15:07,19.5200,0,1,1,0,1,1,0.000000,0.031381,intraday,intraday,0,0
2025-03-06 15:24,19.1100,2025-03-07 09:30,19.7100,2025-03-07 09:31,19.8200,2025-03-07 09:32,19.6000,1,1,2,1,1,2,0.005581,0.037153,intraday,intraday,0,0
2025-03-07 09:37,19.2500,2025-03-07 09:40,19.8900,2025-03-07 09:40,19.8900,2025-03-07 09:41,19.6900,0,1,1,0,1,1,0.000000,0.033247,intraday,intraday,0,0
2025-03-07 10:41,18.9200,2025-03-07 10:49,19.7900,2025-03-07 10:49,19.7900,2025-03-07 10:50,19.4600,0,1,1,0,1,1,0.000000,0.045983,intraday,intraday,0,0
2025-03-07 11:53,18.7500,2025-03-07 12:33,19.4100,2025-03-07 12:46,19.9900,2025-03-07 12:48,19.7700,13,2,15,13,2,15,0.029882,0.066133,intraday,intraday,0,0
2025-03-07 12:58,19.4600,2025-03-07 13:04,20.0900,2025-03-07 13:08,20.1900,2025-03-07 13:09,19.9400,4,1,5,4,1,5,0.004978,0.037513,intraday,intraday,0,0
2025-03-07 13:11,19.7500,2025-03-07 13:53,20.3800,2025-03-07 14:02,20.4900,2025-03-07 14:07,20.2100,9,5,14,9,5,14,0.005397,0.037468,intraday,intraday,0,0
2025-03-07 14:08,20.2000,2025-03-07 14:23,20.8200,2025-03-07 14:38,20.9500,2025-03-07 14:43,20.7100,15,5,20,15,5,20,0.006244,0.037129,intraday,intraday,0,0
2025-03-07 15:42,20.3700,2025-03-07 15:55,21.0900,2025-03-07 15:55,21.0900,2025-03-10 09:30,19.2000,0,5,5,0,3935,3935,0.000000,0.035346,weekend,weekend,1,1
2025-03-10 09:33,19.1600,2025-03-10 09:44,19.8000,2025-03-10 09:44,19.8000,2025-03-10 09:47,19.4000,0,3,3,0,3,3,0.000000,0.033403,intraday,intraday,0,0
2025-03-10 10:57,18.2200,2025-03-10 11:31,18.7700,2025-03-10 11:37,18.9800,2025-03-10 11:39,18.7100,6,2,8,6,2,8,0.011188,0.041712,intraday,intraday,0,0
2025-03-10 15:08,17.1000,2025-03-10 15:19,17.6400,2025-03-10 15:28,18.0600,2025-03-10 15:29,17.7200,9,1,10,9,1,10,0.023810,0.056140,intraday,intraday,0,0
2025-03-10 15:29,17.7200,2025-03-10 15:34,18.2700,2025-03-10 15:35,18.3000,2025-03-10 15:36,18.0900,1,1,2,1,1,2,0.001642,0.032731,intraday,intraday,0,0
2025-03-10 15:54,17.6400,2025-03-11 09:30,18.1700,2025-03-11 09:31,18.1900,2025-03-11 09:32,17.9300,1,1,2,1,1,2,0.001101,0.031179,intraday,intraday,0,0
2025-03-11 09:35,17.5600,2025-03-11 09:39,18.0900,2025-03-11 09:40,18.1000,2025-03-11 09:41,17.8000,1,1,2,1,1,2,0.000553,0.030752,intraday,intraday,0,0
2025-03-11 10:00,17.7000,2025-03-11 10:01,18.3300,2025-03-11 10:01,18.3300,2025-03-11 10:02,17.7200,0,1,1,0,1,1,0.000000,0.035593,intraday,intraday,0,0
2025-03-11 10:04,17.3700,2025-03-11 10:09,18.0400,2025-03-11 10:09,18.0400,2025-03-11 10:11,17.8000,0,2,2,0,2,2,0.000000,0.038572,intraday,intraday,0,0
2025-03-11 10:38,16.5100,2025-03-11 10:52,17.0200,2025-03-11 10:54,17.0900,2025-03-11 10:55,16.9100,2,1,3,2,1,3,0.004113,0.035130,intraday,intraday,0,0
2025-03-11 11:00,16.7400,2025-03-11 11:09,17.3300,2025-03-11 11:09,17.3300,2025-03-11 11:11,17.1300,0,2,2,0,2,2,0.000000,0.035245,intraday,intraday,0,0
2025-03-11 11:23,17.1100,2025-03-11 11:43,17.6400,2025-03-11 11:43,17.6400,2025-03-11 11:45,17.3900,0,2,2,0,2,2,0.000000,0.030976,intraday,intraday,0,0
2025-03-11 13:28,16.5800,2025-03-11 13:46,17.1300,2025-03-11 13:47,17.2500,2025-03-11 13:53,17.0600,1,6,7,1,6,7,0.007005,0.040410,intraday,intraday,0,0
2025-03-11 13:57,16.8800,2025-03-11 14:03,17.4900,2025-03-11 14:23,17.9000,2025-03-11 14:27,17.7200,20,4,24,20,4,24,0.023442,0.060427,intraday,intraday,0,0
2025-03-11 14:31,17.6500,2025-03-11 14:43,18.2100,2025-03-11 14:54,18.5000,2025-03-11 14:56,18.3000,11,2,13,11,2,13,0.015925,0.048159,intraday,intraday,0,0
2025-03-11 15:59,17.3300,2025-03-12 09:30,18.6500,2025-03-12 09:31,18.7600,2025-03-12 09:32,18.5200,1,1,2,1,1,2,0.005898,0.082516,intraday,intraday,0,0
2025-03-12 09:32,18.5200,2025-03-12 09:42,19.1100,2025-03-12 09:42,19.1100,2025-03-12 09:43,18.8700,0,1,1,0,1,1,0.000000,0.031857,intraday,intraday,0,0
2025-03-12 09:57,18.4200,2025-03-12 10:05,18.9800,2025-03-12 10:06,19.0000,2025-03-12 10:09,18.7900,1,3,4,1,3,4,0.001054,0.031488,intraday,intraday,0,0
2025-03-12 11:08,17.9000,2025-03-12 11:27,18.4600,2025-03-12 11:52,18.7300,2025-03-12 11:56,18.5100,25,4,29,25,4,29,0.014626,0.046369,intraday,intraday,0,0
2025-03-12 13:59,18.2200,2025-03-12 14:48,18.7800,2025-03-12 14:49,18.7900,2025-03-12 14:55,18.5700,1,6,7,1,6,7,0.000532,0.031284,intraday,intraday,0,0
2025-03-12 15:51,18.1200,2025-03-13 09:34,18.7500,2025-03-13 09:36,18.8600,2025-03-13 09:36,18.6100,2,0,2,2,0,2,0.005867,0.040839,intraday,intraday,0,0
2025-03-13 10:00,18.1500,2025-03-13 10:05,18.7700,2025-03-13 10:12,18.9300,2025-03-13 10:12,18.7000,7,0,7,7,0,7,0.008524,0.042975,intraday,intraday,0,0
2025-03-13 10:12,18.7000,2025-03-13 10:25,19.2700,2025-03-13 10:25,19.2700,2025-03-13 10:28,18.9300,0,3,3,0,3,3,0.000000,0.030481,intraday,intraday,0,0
2025-03-13 13:39,17.5700,2025-03-13 14:07,18.1000,2025-03-13 14:48,18.5000,2025-03-13 14:53,18.3100,41,5,46,41,5,46,0.022099,0.052931,intraday,intraday,0,0
2025-03-13 15:51,17.8200,2025-03-14 09:30,19.2000,2025-03-14 09:33,19.4200,2025-03-14 09:33,19.1800,3,0,3,3,0,3,0.011458,0.089787,intraday,intraday,0,0
2025-03-14 10:00,18.9900,2025-03-14 11:02,19.5600,2025-03-14 11:45,19.8000,2025-03-14 11:51,19.6000,43,6,49,43,6,49,0.012270,0.042654,intraday,intraday,0,0
2025-03-14 12:17,19.4500,2025-03-17 09:32,20.1700,2025-03-17 09:34,20.4900,2025-03-17 09:34,20.2500,2,0,2,2,0,2,0.015865,0.053470,intraday,intraday,0,0
2025-03-17 10:37,19.9100,2025-03-17 13:36,20.5600,2025-03-17 14:53,21.2800,2025-03-17 15:02,21.0300,77,9,86,77,9,86,0.035019,0.068810,intraday,intraday,0,0
2025-03-18 10:00,19.5300,2025-03-18 10:28,20.1200,2025-03-18 10:40,20.2200,2025-03-18 10:44,19.9600,12,4,16,12,4,16,0.004970,0.035330,intraday,intraday,0,0
2025-03-18 11:57,19.5200,2025-03-18 12:35,20.1300,2025-03-18 12:36,20.1500,2025-03-18 12:44,19.9100,1,8,9,1,8,9,0.000994,0.032275,intraday,intraday,0,0
2025-03-19 09:44,19.4600,2025-03-19 10:08,20.0500,2025-03-19 10:12,20.1300,2025-03-19 10:35,19.9200,4,23,27,4,23,27,0.003990,0.034430,intraday,intraday,0,0
2025-03-19 11:00,19.7500,2025-03-19 11:50,20.3500,2025-03-19 11:54,20.4000,2025-03-19 13:08,20.1900,4,74,78,4,74,78,0.002457,0.032911,intraday,intraday,0,0
2025-03-19 14:00,19.8700,2025-03-19 14:16,20.4700,2025-03-19 14:16,20.4700,2025-03-19 14:26,20.2600,0,10,10,0,10,10,0.000000,0.030196,intraday,intraday,0,0
2025-03-19 14:29,20.2000,2025-03-19 14:58,20.8100,2025-03-19 15:10,21.3700,2025-03-19 15:11,21.1500,12,1,13,12,1,13,0.026910,0.057921,intraday,intraday,0,0
2025-03-20 09:31,19.5800,2025-03-20 09:51,20.1700,2025-03-20 09:51,20.1700,2025-03-20 09:55,19.8700,0,4,4,0,4,4,0.000000,0.030133,intraday,intraday,0,0
2025-03-20 09:56,19.8500,2025-03-20 10:45,20.4500,2025-03-20 11:13,20.5200,2025-03-20 11:31,20.3100,28,18,46,28,18,46,0.003423,0.033753,intraday,intraday,0,0
2025-03-21 09:32,18.3700,2025-03-21 10:18,19.0500,2025-03-21 10:23,19.0800,2025-03-21 10:35,18.8800,5,12,17,5,12,17,0.001575,0.038650,intraday,intraday,0,0
2025-03-21 11:45,18.5300,2025-03-21 12:18,19.1200,2025-03-21 12:59,19.4300,2025-03-21 13:27,19.1800,41,28,69,41,28,69,0.016213,0.048570,intraday,intraday,0,0
2025-03-21 13:32,19.1200,2025-03-24 09:30,20.6500,2025-03-24 09:30,20.6500,2025-03-24 09:31,20.4000,0,1,1,0,1,1,0.000000,0.080021,intraday,intraday,0,0
2025-03-24 09:32,20.3700,2025-03-24 10:17,20.9900,2025-03-24 11:20,21.3700,2025-03-24 11:39,21.1200,63,19,82,63,19,82,0.018104,0.049092,intraday,intraday,0,0
2025-03-26 13:37,18.2000,2025-03-26 15:44,18.7500,2025-03-26 15:51,18.8800,2025-03-27 09:30,18.0300,7,9,16,7,1059,1066,0.006933,0.037363,overnight,overnight,1,1
2025-03-27 09:42,17.3600,2025-03-27 09:49,17.9400,2025-03-27 09:54,18.0900,2025-03-27 09:54,17.8900,5,0,5,5,0,5,0.008361,0.042051,intraday,intraday,0,0
2025-03-27 10:10,17.6100,2025-03-27 10:34,18.1600,2025-03-27 10:38,18.4100,2025-03-27 10:41,18.2200,4,3,7,4,3,7,0.013767,0.045429,intraday,intraday,0,0
2025-03-27 12:59,17.3900,2025-03-27 14:48,17.9300,2025-03-27 14:52,18.0000,2025-03-27 14:57,17.8200,4,5,9,4,5,9,0.003904,0.035078,intraday,intraday,0,0
2025-03-28 13:10,15.7400,2025-03-28 15:00,16.2500,2025-03-28 15:07,16.3600,2025-03-28 15:11,16.1800,7,4,11,7,4,11,0.006769,0.039390,intraday,intraday,0,0
2025-03-31 09:45,14.4000,2025-03-31 09:51,14.8500,2025-03-31 09:52,14.8700,2025-03-31 09:53,14.7000,1,1,2,1,1,2,0.001347,0.032639,intraday,intraday,0,0
2025-03-31 09:53,14.7000,2025-03-31 10:08,15.1600,2025-03-31 10:11,15.2100,2025-03-31 10:16,15.0400,3,5,8,3,5,8,0.003298,0.034694,intraday,intraday,0,0
2025-03-31 10:27,14.6800,2025-03-31 10:41,15.1300,2025-03-31 10:47,15.2200,2025-03-31 10:51,15.0400,6,4,10,6,4,10,0.005948,0.036785,intraday,intraday,0,0
2025-03-31 11:14,14.8200,2025-03-31 13:10,15.2800,2025-03-31 13:14,15.3200,2025-03-31 13:18,15.1600,4,4,8,4,4,8,0.002618,0.033738,intraday,intraday,0,0
2025-03-31 14:00,14.9700,2025-03-31 14:12,15.4400,2025-03-31 14:12,15.4400,2025-03-31 14:15,15.2800,0,3,3,0,3,3,0.000000,0.031396,intraday,intraday,0,0
2025-03-31 14:15,15.2800,2025-03-31 14:41,15.7600,2025-03-31 14:41,15.7600,2025-03-31 14:45,15.5300,0,4,4,0,4,4,0.000000,0.031414,intraday,intraday,0,0
2025-04-01 09:38,15.2500,2025-04-01 09:48,15.7100,2025-04-01 09:48,15.7100,2025-04-01 09:50,15.5300,0,2,2,0,2,2,0.000000,0.030164,intraday,intraday,0,0
2025-04-01 10:21,14.8200,2025-04-01 10:38,15.3400,2025-04-01 10:43,15.5000,2025-04-01 10:48,15.3300,5,5,10,5,5,10,0.010430,0.045884,intraday,intraday,0,0
2025-04-01 10:48,15.3300,2025-04-01 11:13,15.8000,2025-04-01 11:18,15.9400,2025-04-01 11:20,15.7700,5,2,7,5,2,7,0.008861,0.039791,intraday,intraday,0,0
2025-04-01 14:22,15.0300,2025-04-01 15:32,15.5000,2025-04-01 15:58,15.9500,2025-04-02 09:30,15.1500,26,2,28,26,1052,1078,0.029032,0.061211,overnight,overnight,1,1
2025-04-02 09:31,15.0300,2025-04-02 09:35,15.5400,2025-04-02 09:37,15.7800,2025-04-02 09:37,15.6200,2,0,2,2,0,2,0.015444,0.049900,intraday,intraday,0,0
2025-04-02 09:43,15.4400,2025-04-02 10:04,15.9300,2025-04-02 10:04,15.9300,2025-04-02 10:07,15.7700,0,3,3,0,3,3,0.000000,0.031736,intraday,intraday,0,0
2025-04-02 10:48,15.5400,2025-04-02 11:23,16.0200,2025-04-02 11:42,16.2000,2025-04-02 11:47,16.0000,19,5,24,19,5,24,0.011236,0.042471,intraday,intraday,0,0
2025-04-02 11:51,15.9200,2025-04-02 12:29,16.4400,2025-04-02 12:32,16.5000,2025-04-02 12:39,16.3300,3,7,10,3,7,10,0.003650,0.036432,intraday,intraday,0,0
2025-04-02 12:41,16.3200,2025-04-02 13:10,16.8200,2025-04-02 13:12,16.8900,2025-04-02 13:21,16.7000,2,9,11,2,9,11,0.004162,0.034926,intraday,intraday,0,0
2025-04-02 15:19,15.8300,2025-04-02 15:45,16.3100,2025-04-02 15:49,16.4200,2025-04-02 15:50,16.2300,4,1,5,4,1,5,0.006744,0.037271,intraday,intraday,0,0
2025-04-03 11:21,12.1000,2025-04-03 11:34,12.4700,2025-04-03 11:34,12.4700,2025-04-03 11:35,12.3300,0,1,1,0,1,1,0.000000,0.030579,intraday,intraday,0,0
2025-04-03 12:58,11.6900,2025-04-03 13:37,12.0500,2025-04-03 13:44,12.1000,2025-04-03 13:48,11.9300,7,4,11,7,4,11,0.004149,0.035073,intraday,intraday,0,0
2025-04-03 14:18,11.5500,2025-04-03 14:48,12.0100,2025-04-03 14:48,12.0100,2025-04-03 14:49,11.8500,0,1,1,0,1,1,0.000000,0.039827,intraday,intraday,0,0
2025-04-04 09:30,10.0300,2025-04-04 09:30,10.3500,2025-04-04 09:31,10.4300,2025-04-04 09:31,10.2200,1,0,1,1,0,1,0.007729,0.039880,intraday,intraday,0,0
2025-04-04 09:32,9.8800,2025-04-04 09:32,10.2500,2025-04-04 09:32,10.2500,2025-04-04 09:33,9.8100,0,1,1,0,1,1,0.000000,0.037449,intraday,intraday,0,0
2025-04-04 09:42,9.3000,2025-04-04 09:46,9.6000,2025-04-04 09:47,9.6700,2025-04-04 09:47,9.5300,1,0,1,1,0,1,0.007292,0.039785,intraday,intraday,0,0
2025-04-04 09:56,9.3800,2025-04-04 09:58,9.7800,2025-04-04 09:59,9.8200,2025-04-04 09:59,9.7000,1,0,1,1,0,1,0.004090,0.046908,intraday,intraday,0,0
2025-04-04 10:51,8.1700,2025-04-04 10:51,8.4600,2025-04-04 10:52,8.6400,2025-04-04 10:52,8.4400,1,0,1,1,0,1,0.021277,0.057528,intraday,intraday,0,0
2025-04-04 10:52,8.4400,2025-04-04 10:53,8.7200,2025-04-04 10:55,8.7900,2025-04-04 10:55,8.6700,2,0,2,2,0,2,0.008028,0.041469,intraday,intraday,0,0
2025-04-04 10:56,8.6200,2025-04-04 10:57,8.9200,2025-04-04 10:58,8.9900,2025-04-04 10:58,8.9000,1,0,1,1,0,1,0.007848,0.042923,intraday,intraday,0,0
2025-04-04 11:00,8.7000,2025-04-04 11:01,9.1500,2025-04-04 11:04,9.3900,2025-04-04 11:04,9.1500,3,0,3,3,0,3,0.026230,0.079310,intraday,intraday,0,0
2025-04-04 11:08,9.0000,2025-04-04 11:10,9.3400,2025-04-04 11:11,9.4200,2025-04-04 11:11,9.2800,1,0,1,1,0,1,0.008565,0.046667,intraday,intraday,0,0
2025-04-04 11:11,9.2800,2025-04-04 11:13,9.6000,2025-04-04 11:14,9.6200,2025-04-04 11:14,9.5100,1,0,1,1,0,1,0.002083,0.036638,intraday,intraday,0,0
2025-04-04 11:17,9.5000,2025-04-04 11:21,9.7900,2025-04-04 11:21,9.7900,2025-04-04 11:22,9.6300,0,1,1,0,1,1,0.000000,0.030526,intraday,intraday,0,0
2025-04-04 11:37,8.9600,2025-04-04 11:42,9.2500,2025-04-04 11:43,9.2600,2025-04-04 11:43,9.1400,1,0,1,1,0,1,0.001081,0.033482,intraday,intraday,0,0
2025-04-04 11:45,9.0400,2025-04-04 11:49,9.3700,2025-04-04 11:49,9.3700,2025-04-04 11:50,9.2600,0,1,1,0,1,1,0.000000,0.036504,intraday,intraday,0,0
2025-04-04 12:24,8.7700,2025-04-04 12:39,9.0500,2025-04-04 12:40,9.0800,2025-04-04 12:40,8.9400,1,0,1,1,0,1,0.003315,0.035348,intraday,intraday,0,0
2025-04-04 12:51,8.8300,2025-04-04 13:03,9.1100,2025-04-04 13:03,9.1100,2025-04-04 13:04,9.0000,0,1,1,0,1,1,0.000000,0.031710,intraday,intraday,0,0
2025-04-04 13:18,8.6300,2025-04-04 13:26,8.9000,2025-04-04 13:26,8.9000,2025-04-04 13:28,8.7800,0,2,2,0,2,2,0.000000,0.031286,intraday,intraday,0,0
2025-04-04 13:31,8.6600,2025-04-04 13:36,8.9400,2025-04-04 13:37,8.9800,2025-04-04 13:37,8.8500,1,0,1,1,0,1,0.004474,0.036952,intraday,intraday,0,0
2025-04-04 13:37,8.8500,2025-04-04 13:48,9.1500,2025-04-04 13:50,9.1900,2025-04-04 13:50,9.0400,2,0,2,2,0,2,0.004372,0.038418,intraday,intraday,0,0
2025-04-04 13:55,8.9800,2025-04-04 13:59,9.2800,2025-04-04 14:00,9.4000,2025-04-04 14:00,9.2700,1,0,1,1,0,1,0.012931,0.046771,intraday,intraday,0,0
2025-04-04 14:46,8.7000,2025-04-04 14:48,8.9900,2025-04-04 14:48,8.9900,2025-04-04 14:50,8.8600,0,2,2,0,2,2,0.000000,0.033333,intraday,intraday,0,0
2025-04-04 15:01,8.8200,2025-04-04 15:14,9.1800,2025-04-04 15:14,9.1800,2025-04-04 15:15,9.0600,0,1,1,0,1,1,0.000000,0.040816,intraday,intraday,0,0
2025-04-04 15:18,8.8500,2025-04-04 15:22,9.1400,2025-04-04 15:26,9.2000,2025-04-04 15:26,9.0600,4,0,4,4,0,4,0.006565,0.039548,intraday,intraday,0,0
2025-04-04 15:27,9.0100,2025-04-04 15:32,9.2900,2025-04-04 15:33,9.3400,2025-04-04 15:33,9.2200,1,0,1,1,0,1,0.005382,0.036626,intraday,intraday,0,0
2025-04-07 09:32,7.5800,2025-04-07 09:32,7.8700,2025-04-07 09:32,7.8700,2025-04-07 09:33,7.5800,0,1,1,0,1,1,0.000000,0.038259,intraday,intraday,0,0
2025-04-07 09:40,7.3700,2025-04-07 09:40,7.6400,2025-04-07 09:40,7.6400,2025-04-07 09:41,7.3500,0,1,1,0,1,1,0.000000,0.036635,intraday,intraday,0,0
2025-04-07 09:44,7.2200,2025-04-07 09:46,7.5900,2025-04-07 09:47,7.7500,2025-04-07 09:47,7.5400,1,0,1,1,0,1,0.021080,0.073407,intraday,intraday,0,0
2025-04-07 09:47,7.5400,2025-04-07 09:48,7.8500,2025-04-07 09:49,7.9400,2025-04-07 09:49,7.8100,1,0,1,1,0,1,0.011465,0.053050,intraday,intraday,0,0
2025-04-07 09:50,7.7800,2025-04-07 09:51,8.0400,2025-04-07 09:52,8.2500,2025-04-07 09:52,7.9600,1,0,1,1,0,1,0.026119,0.060411,intraday,intraday,0,0
2025-04-07 09:52,7.9600,2025-04-07 09:53,8.2800,2025-04-07 09:54,8.3800,2025-04-07 09:54,8.2500,1,0,1,1,0,1,0.012077,0.052764,intraday,intraday,0,0
2025-04-07 09:54,8.2500,2025-04-07 09:56,8.5100,2025-04-07 09:57,8.6100,2025-04-07 09:57,8.4800,1,0,1,1,0,1,0.011751,0.043636,intraday,intraday,0,0
2025-04-07 09:57,8.4800,2025-04-07 09:59,8.7800,2025-04-07 10:00,8.9900,2025-04-07 10:00,8.6600,1,0,1,1,0,1,0.023918,0.060142,intraday,intraday,0,0
2025-04-07 10:00,8.6600,2025-04-07 10:01,9.0100,2025-04-07 10:01,9.0100,2025-04-07 10:02,8.5400,0,1,1,0,1,1,0.000000,0.040416,intraday,intraday,0,0
2025-04-07 10:03,8.5000,2025-04-07 10:04,8.7600,2025-04-07 10:05,8.8800,2025-04-07 10:05,8.6500,1,0,1,1,0,1,0.013699,0.044706,intraday,intraday,0,0
2025-04-07 10:05,8.6500,2025-04-07 10:06,8.9600,2025-04-07 10:06,8.9600,2025-04-07 10:07,8.7000,0,1,1,0,1,1,0.000000,0.035838,intraday,intraday,0,0
2025-04-07 10:08,8.6700,2025-04-07 10:09,8.9500,2025-04-07 10:10,9.4200,2025-04-07 10:10,8.8700,1,0,1,1,0,1,0.052514,0.086505,intraday,intraday,0,0
2025-04-07 10:10,8.8700,2025-04-07 10:11,9.7400,2025-04-07 10:12,10.0000,2025-04-07 10:12,9.5200,1,0,1,1,0,1,0.026694,0.127396,intraday,intraday,0,0
2025-04-07 10:12,9.5200,2025-04-07 10:13,10.5300,2025-04-07 10:14,10.5400,2025-04-07 10:14,10.1100,1,0,1,1,0,1,0.000950,0.107143,intraday,intraday,0,0
2025-04-07 10:14,10.1100,2025-04-07 10:15,10.6500,2025-04-07 10:16,10.9800,2025-04-07 10:16,10.3600,1,0,1,1,0,1,0.030986,0.086053,intraday,intraday,0,0
2025-04-07 10:16,10.3600,2025-04-07 10:17,10.8800,2025-04-07 10:17,10.8800,2025-04-07 10:18,10.2500,0,1,1,0,1,1,0.000000,0.050193,intraday,intraday,0,0
2025-04-07 10:20,9.6200,2025-04-07 10:20,10.1600,2025-04-07 10:20,10.1600,2025-04-07 10:21,9.6100,0,1,1,0,1,1,0.000000,0.056133,intraday,intraday,0,0
2025-04-07 10:22,9.3400,2025-04-07 10:22,9.7400,2025-04-07 10:22,9.7400,2025-04-07 10:23,8.9200,0,1,1,0,1,1,0.000000,0.042827,intraday,intraday,0,0
2025-04-07 10:24,8.7000,2025-04-07 10:24,9.1000,2025-04-07 10:24,9.1000,2025-04-07 10:25,8.7200,0,1,1,0,1,1,0.000000,0.045977,intraday,intraday,0,0
2025-04-07 10:25,8.7200,2025-04-07 10:26,9.4000,2025-04-07 10:26,9.4000,2025-04-07 10:27,8.9600,0,1,1,0,1,1,0.000000,0.077982,intraday,intraday,0,0
2025-04-07 10:28,8.7800,2025-04-07 10:28,9.1200,2025-04-07 10:28,9.1200,2025-04-07 10:29,8.7000,0,1,1,0,1,1,0.000000,0.038724,intraday,intraday,0,0
2025-04-07 10:29,8.7000,2025-04-07 10:31,9.1300,2025-04-07 10:32,9.2100,2025-04-07 10:32,9.0300,1,0,1,1,0,1,0.008762,0.058621,intraday,intraday,0,0
2025-04-07 10:33,9.0200,2025-04-07 10:33,9.3200,2025-04-07 10:33,9.3200,2025-04-07 10:34,8.7800,0,1,1,0,1,1,0.000000,0.033259,intraday,intraday,0,0
2025-04-07 10:35,8.5800,2025-04-07 10:35,8.8400,2025-04-07 10:35,8.8400,2025-04-07 10:36,8.4900,0,1,1,0,1,1,0.000000,0.030303,intraday,intraday,0,0
2025-04-07 10:40,8.2800,2025-04-07 10:42,8.6300,2025-04-07 10:43,8.7300,2025-04-07 10:43,8.5300,1,0,1,1,0,1,0.011587,0.054348,intraday,intraday,0,0
2025-04-07 10:43,8.5300,2025-04-07 10:44,8.8600,2025-04-07 10:45,8.9400,2025-04-07 10:45,8.7300,1,0,1,1,0,1,0.009029,0.048066,intraday,intraday,0,0
2025-04-07 10:47,8.6300,2025-04-07 10:48,8.9600,2025-04-07 10:49,9.0200,2025-04-07 10:49,8.9200,1,0,1,1,0,1,0.006696,0.045191,intraday,intraday,0,0
2025-04-07 10:49,8.9200,2025-04-07 10:50,9.3400,2025-04-07 10:51,9.3500,2025-04-07 10:51,9.1400,1,0,1,1,0,1,0.001071,0.048206,intraday,intraday,0,0
2025-04-07 10:51,9.1400,2025-04-07 10:53,9.4500,2025-04-07 10:54,9.7100,2025-04-07 10:54,9.3900,1,0,1,1,0,1,0.027513,0.062363,intraday,intraday,0,0
2025-04-07 10:54,9.3900,2025-04-07 10:55,9.6900,2025-04-07 10:55,9.6900,2025-04-07 10:56,9.3000,0,1,1,0,1,1,0.000000,0.031949,intraday,intraday,0,0
2025-04-07 10:56,9.3000,2025-04-07 11:01,9.6600,2025-04-07 11:02,9.7700,2025-04-07 11:02,9.6100,1,0,1,1,0,1,0.011387,0.050538,intraday,intraday,0,0
2025-04-07 11:10,9.0900,2025-04-07 11:13,9.4100,2025-04-07 11:14,9.4400,2025-04-07 11:14,8.7900,1,0,1,1,0,1,0.003188,0.038504,intraday,intraday,0,0
2025-04-07 11:15,8.6000,2025-04-07 11:15,8.9400,2025-04-07 11:15,8.9400,2025-04-07 11:16,8.6200,0,1,1,0,1,1,0.000000,0.039535,intraday,intraday,0,0
2025-04-07 11:16,8.6200,2025-04-07 11:17,8.9600,2025-04-07 11:17,8.9600,2025-04-07 11:18,8.6400,0,1,1,0,1,1,0.000000,0.039443,intraday,intraday,0,0
2025-04-07 11:18,8.6400,2025-04-07 11:19,8.9100,2025-04-07 11:20,9.0100,2025-04-07 11:20,8.8400,1,0,1,1,0,1,0.011223,0.042824,intraday,intraday,0,0
2025-04-07 11:21,8.7200,2025-04-07 11:21,9.0000,2025-04-07 11:21,9.0000,2025-04-07 11:22,8.6700,0,1,1,0,1,1,0.000000,0.032110,intraday,intraday,0,0
2025-04-07 11:27,8.5000,2025-04-07 11:30,8.7800,2025-04-07 11:31,8.8000,2025-04-07 11:31,8.6700,1,0,1,1,0,1,0.002278,0.035294,intraday,intraday,0,0
2025-04-07 11:31,8.6700,2025-04-07 11:36,9.0100,2025-04-07 11:36,9.0100,2025-04-07 11:37,8.8400,0,1,1,0,1,1,0.000000,0.039216,intraday,intraday,0,0
2025-04-07 11:37,8.8400,2025-04-07 11:38,9.1100,2025-04-07 11:38,9.1100,2025-04-07 11:39,8.9100,0,1,1,0,1,1,0.000000,0.030543,intraday,intraday,0,0
2025-04-07 11:40,8.8900,2025-04-07 11:41,9.2600,2025-04-07 11:42,9.3000,2025-04-07 11:42,9.1400,1,0,1,1,0,1,0.004320,0.046119,intraday,intraday,0,0
2025-04-07 11:46,9.0200,2025-04-07 11:50,9.3000,2025-04-07 11:50,9.3000,2025-04-07 11:51,9.0400,0,1,1,0,1,1,0.000000,0.031042,intraday,intraday,0,0
2025-04-07 12:10,8.5000,2025-04-07 12:13,8.7800,2025-04-07 12:13,8.7800,2025-04-07 12:14,8.6300,0,1,1,0,1,1,0.000000,0.032941,intraday,intraday,0,0
2025-04-07 12:18,8.5400,2025-04-07 12:24,8.8200,2025-04-07 12:25,8.8700,2025-04-07 12:25,8.7600,1,0,1,1,0,1,0.005669,0.038642,intraday,intraday,0,0
2025-04-07 12:25,8.7600,2025-04-07 12:30,9.0400,2025-04-07 12:31,9.0800,2025-04-07 12:31,8.9600,1,0,1,1,0,1,0.004425,0.036530,intraday,intraday,0,0
2025-04-07 12:58,8.5500,2025-04-07 13:00,9.2300,2025-04-07 13:00,9.2300,2025-04-07 13:01,9.0200,0,1,1,0,1,1,0.000000,0.079532,intraday,intraday,0,0
2025-04-07 13:07,8.6700,2025-04-07 13:13,8.9400,2025-04-07 13:14,9.0800,2025-04-07 13:14,8.8900,1,0,1,1,0,1,0.015660,0.047290,intraday,intraday,0,0
2025-04-07 13:14,8.8900,2025-04-07 13:16,9.1800,2025-04-07 13:16,9.1800,2025-04-07 13:17,9.0100,0,1,1,0,1,1,0.000000,0.032621,intraday,intraday,0,0
2025-04-07 13:17,9.0100,2025-04-07 13:29,9.3900,2025-04-07 13:30,9.4000,2025-04-07 13:30,9.2700,1,0,1,1,0,1,0.001065,0.043285,intraday,intraday,0,0
2025-04-07 13:31,9.1300,2025-04-07 13:36,9.4100,2025-04-07 13:36,9.4100,2025-04-07 13:37,9.2500,0,1,1,0,1,1,0.000000,0.030668,intraday,intraday,0,0
2025-04-07 13:37,9.2500,2025-04-07 13:43,9.5700,2025-04-07 13:45,9.6600,2025-04-07 13:45,9.4500,2,0,2,2,0,2,0.009404,0.044324,intraday,intraday,0,0
2025-04-07 13:46,9.3900,2025-04-07 13:46,9.7000,2025-04-07 13:46,9.7000,2025-04-07 13:47,9.5700,0,1,1,0,1,1,0.000000,0.033014,intraday,intraday,0,0
2025-04-07 13:52,9.4100,2025-04-07 14:00,9.7500,2025-04-07 14:00,9.7500,2025-04-07 14:01,9.5600,0,1,1,0,1,1,0.000000,0.036132,intraday,intraday,0,0
2025-04-07 14:12,9.3600,2025-04-07 14:16,9.6900,2025-04-07 14:16,9.6900,2025-04-07 14:17,9.5400,0,1,1,0,1,1,0.000000,0.035256,intraday,intraday,0,0
2025-04-07 14:29,9.2700,2025-04-07 14:35,9.5800,2025-04-07 14:36,9.6000,2025-04-07 14:36,9.5000,1,0,1,1,0,1,0.002088,0.035599,intraday,intraday,0,0
2025-04-07 14:56,9.0600,2025-04-07 15:00,9.3600,2025-04-07 15:00,9.3600,2025-04-07 15:01,9.2100,0,1,1,0,1,1,0.000000,0.033113,intraday,intraday,0,0
2025-04-07 15:16,8.9700,2025-04-07 15:18,9.3200,2025-04-07 15:20,9.3500,2025-04-07 15:20,9.2100,2,0,2,2,0,2,0.003219,0.042363,intraday,intraday,0,0
2025-04-07 15:27,9.0300,2025-04-07 15:32,9.3300,2025-04-07 15:33,9.4000,2025-04-07 15:33,9.2900,1,0,1,1,0,1,0.007503,0.040975,intraday,intraday,0,0
2025-04-07 15:50,9.0200,2025-04-07 15:55,9.3000,2025-04-07 15:55,9.3000,2025-04-07 15:56,9.1900,0,1,1,0,1,1,0.000000,0.031042,intraday,intraday,0,0
2025-04-07 15:57,9.1800,2025-04-08 09:30,10.7000,2025-04-08 09:30,10.7000,2025-04-08 09:31,10.3000,0,1,1,0,1,1,0.000000,0.165577,intraday,intraday,0,0
2025-04-08 09:38,10.2200,2025-04-08 09:43,10.5600,2025-04-08 09:43,10.5600,2025-04-08 09:44,10.4300,0,1,1,0,1,1,0.000000,0.033268,intraday,intraday,0,0
2025-04-08 09:49,10.3700,2025-04-08 10:00,10.6900,2025-04-08 10:03,10.7900,2025-04-08 10:03,10.6800,3,0,3,3,0,3,0.009355,0.040501,intraday,intraday,0,0
2025-04-08 11:29,10.0000,2025-04-08 11:38,10.3000,2025-04-08 11:41,10.3700,2025-04-08 11:44,10.2400,3,3,6,3,3,6,0.006796,0.037000,intraday,intraday,0,0
2025-04-08 11:52,9.9600,2025-04-08 11:58,10.2700,2025-04-08 11:58,10.2700,2025-04-08 12:00,10.1400,0,2,2,0,2,2,0.000000,0.031124,intraday,intraday,0,0
2025-04-08 12:43,9.3800,2025-04-08 12:48,9.6800,2025-04-08 12:48,9.6800,2025-04-08 12:49,9.5300,0,1,1,0,1,1,0.000000,0.031983,intraday,intraday,0,0
2025-04-08 13:12,9.1000,2025-04-08 13:17,9.3900,2025-04-08 13:17,9.3900,2025-04-08 13:18,9.2800,0,1,1,0,1,1,0.000000,0.031868,intraday,intraday,0,0
2025-04-08 13:35,9.0200,2025-04-08 13:35,9.3200,2025-04-08 13:35,9.3200,2025-04-08 13:36,9.1400,0,1,1,0,1,1,0.000000,0.033259,intraday,intraday,0,0
2025-04-08 13:36,9.1400,2025-04-08 13:41,9.4400,2025-04-08 13:42,9.5100,2025-04-08 13:42,9.4000,1,0,1,1,0,1,0.007415,0.040481,intraday,intraday,0,0
2025-04-08 14:29,9.0300,2025-04-08 14:30,9.4700,2025-04-08 14:30,9.4700,2025-04-08 14:31,9.1700,0,1,1,0,1,1,0.000000,0.048726,intraday,intraday,0,0
2025-04-08 15:19,7.9500,2025-04-08 15:21,8.2000,2025-04-08 15:21,8.2000,2025-04-08 15:22,8.1000,0,1,1,0,1,1,0.000000,0.031447,intraday,intraday,0,0
2025-04-08 15:39,7.7300,2025-04-08 15:42,7.9700,2025-04-08 15:42,7.9700,2025-04-08 15:43,7.7900,0,1,1,0,1,1,0.000000,0.031048,intraday,intraday,0,0
2025-04-08 15:49,7.6000,2025-04-08 15:50,7.8800,2025-04-08 15:51,7.9700,2025-04-08 15:51,7.8700,1,0,1,1,0,1,0.011421,0.048684,intraday,intraday,0,0
2025-04-08 15:51,7.8700,2025-04-08 15:54,8.2100,2025-04-08 15:54,8.2100,2025-04-08 15:55,7.9500,0,1,1,0,1,1,0.000000,0.043202,intraday,intraday,0,0
2025-04-08 15:55,7.9500,2025-04-08 15:59,8.2700,2025-04-09 09:30,8.5300,2025-04-09 09:30,8.4000,1,0,1,1051,0,1051,0.031439,0.072956,overnight,intraday,1,1
2025-04-09 09:31,8.3200,2025-04-09 09:31,8.6100,2025-04-09 09:32,8.6400,2025-04-09 09:32,8.5200,1,0,1,1,0,1,0.003484,0.038462,intraday,intraday,0,0
2025-04-09 09:38,8.2400,2025-04-09 09:38,8.5400,2025-04-09 09:39,8.7000,2025-04-09 09:39,8.4800,1,0,1,1,0,1,0.018735,0.055825,intraday,intraday,0,0
2025-04-09 09:39,8.4800,2025-04-09 09:40,8.7900,2025-04-09 09:41,8.9400,2025-04-09 09:41,8.7500,1,0,1,1,0,1,0.017065,0.054245,intraday,intraday,0,0
2025-04-09 09:47,8.4400,2025-04-09 09:51,8.7200,2025-04-09 09:52,8.7900,2025-04-09 09:52,8.6900,1,0,1,1,0,1,0.008028,0.041469,intraday,intraday,0,0
2025-04-09 10:00,8.6100,2025-04-09 10:00,8.8700,2025-04-09 10:01,8.8900,2025-04-09 10:01,8.8000,1,0,1,1,0,1,0.002255,0.032520,intraday,intraday,0,0
2025-04-09 10:14,8.4600,2025-04-09 10:17,8.7400,2025-04-09 10:19,8.7500,2025-04-09 10:19,8.6200,2,0,2,2,0,2,0.001144,0.034279,intraday,intraday,0,0
2025-04-09 10:22,8.5900,2025-04-09 10:24,8.8600,2025-04-09 10:24,8.8600,2025-04-09 10:25,8.7200,0,1,1,0,1,1,0.000000,0.031432,intraday,intraday,0,0
2025-04-09 10:28,8.6100,2025-04-09 10:32,8.8800,2025-04-09 10:33,8.9100,2025-04-09 10:33,8.7900,1,0,1,1,0,1,0.003378,0.034843,intraday,intraday,0,0
2025-04-09 11:00,8.3100,2025-04-09 11:05,8.6000,2025-04-09 11:06,8.6900,2025-04-09 11:06,8.5500,1,0,1,1,0,1,0.010465,0.045728,intraday,intraday,0,0
2025-04-09 11:42,8.3900,2025-04-09 11:47,8.6800,2025-04-09 11:48,8.7000,2025-04-09 11:48,8.5900,1,0,1,1,0,1,0.002304,0.036949,intraday,intraday,0,0
2025-04-09 11:58,8.4800,2025-04-09 12:12,8.7500,2025-04-09 12:14,8.8600,2025-04-09 12:15,8.7600,2,1,3,2,1,3,0.012571,0.044811,intraday,intraday,0,0
2025-04-09 12:23,8.7000,2025-04-09 12:57,8.9700,2025-04-09 12:57,8.9700,2025-04-09 12:58,8.8800,0,1,1,0,1,1,0.000000,0.031034,intraday,intraday,0,0
2025-04-09 12:59,8.8400,2025-04-09 13:02,9.2100,2025-04-09 13:02,9.2100,2025-04-09 13:03,9.0400,0,1,1,0,1,1,0.000000,0.041855,intraday,intraday,0,0
2025-04-09 13:10,8.9100,2025-04-09 13:16,9.1800,2025-04-09 13:16,9.1800,2025-04-09 13:18,8.7500,0,2,2,0,2,2,0.000000,0.030303,intraday,intraday,0,0
2025-04-09 13:18,8.7500,2025-04-09 13:19,9.7400,2025-04-09 13:20,9.9900,2025-04-09 13:20,9.3900,1,0,1,1,0,1,0.025667,0.141714,intraday,intraday,0,0
2025-04-09 13:20,9.3900,2025-04-09 13:21,10.2100,2025-04-09 13:22,10.2400,2025-04-09 13:22,9.7300,1,0,1,1,0,1,0.002938,0.090522,intraday,intraday,0,0
2025-04-09 13:22,9.7300,2025-04-09 13:23,10.5000,2025-04-09 13:24,10.5700,2025-04-09 13:24,10.3500,1,0,1,1,0,1,0.006667,0.086331,intraday,intraday,0,0
2025-04-09 13:24,10.3500,2025-04-09 13:25,10.9000,2025-04-09 13:26,11.0400,2025-04-09 13:26,10.8600,1,0,1,1,0,1,0.012844,0.066667,intraday,intraday,0,0
2025-04-09 13:26,10.8600,2025-04-09 13:27,11.3500,2025-04-09 13:27,11.3500,2025-04-09 13:28,10.6300,0,1,1,0,1,1,0.000000,0.045120,intraday,intraday,0,0
2025-04-09 13:29,10.4900,2025-04-09 13:29,10.8700,2025-04-09 13:29,10.8700,2025-04-09 13:30,10.4500,0,1,1,0,1,1,0.000000,0.036225,intraday,intraday,0,0
2025-04-09 13:30,10.4500,2025-04-09 13:31,11.0100,2025-04-09 13:32,11.0900,2025-04-09 13:32,10.8400,1,0,1,1,0,1,0.007266,0.061244,intraday,intraday,0,0
2025-04-09 13:32,10.8400,2025-04-09 13:33,11.1700,2025-04-09 13:34,11.3700,2025-04-09 13:34,11.1400,1,0,1,1,0,1,0.017905,0.048893,intraday,intraday,0,0
2025-04-09 13:34,11.1400,2025-04-09 13:35,11.6700,2025-04-09 13:35,11.6700,2025-04-09 13:36,11.2500,0,1,1,0,1,1,0.000000,0.047576,intraday,intraday,0,0
2025-04-09 13:36,11.2500,2025-04-09 13:37,11.6200,2025-04-09 13:37,11.6200,2025-04-09 13:38,11.2700,0,1,1,0,1,1,0.000000,0.032889,intraday,intraday,0,0
2025-04-09 13:39,11.0000,2025-04-09 13:39,11.3500,2025-04-09 13:39,11.3500,2025-04-09 13:40,10.8200,0,1,1,0,1,1,0.000000,0.031818,intraday,intraday,0,0
2025-04-09 13:40,10.8200,2025-04-09 13:41,11.1600,2025-04-09 13:41,11.1600,2025-04-09 13:42,10.9000,0,1,1,0,1,1,0.000000,0.031423,intraday,intraday,0,0
2025-04-09 13:44,10.7700,2025-04-09 13:46,11.3600,2025-04-09 13:46,11.3600,2025-04-09 13:47,11.1500,0,1,1,0,1,1,0.000000,0.054782,intraday,intraday,0,0
2025-04-09 13:51,11.1000,2025-04-09 13:54,11.5100,2025-04-09 13:55,11.5200,2025-04-09 13:55,11.3200,1,0,1,1,0,1,0.000869,0.037838,intraday,intraday,0,0
2025-04-09 13:55,11.3200,2025-04-09 13:57,11.7400,2025-04-09 13:58,11.9100,2025-04-09 13:58,11.7000,1,0,1,1,0,1,0.014480,0.052120,intraday,intraday,0,0
2025-04-09 13:58,11.7000,2025-04-09 14:00,12.0900,2025-04-09 14:01,12.1400,2025-04-09 14:01,11.9900,1,0,1,1,0,1,0.004136,0.037607,intraday,intraday,0,0
2025-04-09 14:08,11.6700,2025-04-09 14:10,12.0500,2025-04-09 14:11,12.1700,2025-04-09 14:11,12.0100,1,0,1,1,0,1,0.009959,0.042845,intraday,intraday,0,0
2025-04-09 14:15,11.9300,2025-04-09 14:18,12.3900,2025-04-09 14:19,12.4400,2025-04-09 14:19,12.1400,1,0,1,1,0,1,0.004036,0.042749,intraday,intraday,0,0
2025-04-09 14:20,12.1300,2025-04-09 14:24,12.5000,2025-04-09 14:25,12.5900,2025-04-09 14:25,12.4200,1,0,1,1,0,1,0.007200,0.037923,intraday,intraday,0,0
2025-04-09 15:00,11.6300,2025-04-09 15:04,12.0000,2025-04-09 15:05,12.0800,2025-04-09 15:06,11.8500,1,1,2,1,1,2,0.006667,0.038693,intraday,intraday,0,0
2025-04-09 15:07,11.8100,2025-04-09 15:10,12.2500,2025-04-09 15:10,12.2500,2025-04-09 15:12,12.1200,0,2,2,0,2,2,0.000000,0.037257,intraday,intraday,0,0
2025-04-09 15:12,12.1200,2025-04-09 15:20,12.5000,2025-04-09 15:21,12.6000,2025-04-09 15:22,12.4500,1,1,2,1,1,2,0.008000,0.039604,intraday,intraday,0,0
2025-04-09 15:25,12.4300,2025-04-09 15:33,12.8200,2025-04-09 15:33,12.8200,2025-04-09 15:34,12.6600,0,1,1,0,1,1,0.000000,0.031376,intraday,intraday,0,0
2025-04-09 15:38,12.5000,2025-04-09 15:50,12.9300,2025-04-09 15:55,13.1100,2025-04-09 15:55,12.9000,5,0,5,5,0,5,0.013921,0.048800,intraday,intraday,0,0
2025-04-10 09:31,10.7400,2025-04-10 09:31,11.1000,2025-04-10 09:31,11.1000,2025-04-10 09:32,10.7000,0,1,1,0,1,1,0.000000,0.033520,intraday,intraday,0,0
2025-04-10 09:32,10.7000,2025-04-10 09:33,11.0600,2025-04-10 09:34,11.1400,2025-04-10 09:34,10.9100,1,0,1,1,0,1,0.007233,0.041121,intraday,intraday,0,0
2025-04-10 09:37,10.5200,2025-04-10 09:39,10.8700,2025-04-10 09:39,10.8700,2025-04-10 09:40,10.5800,0,1,1,0,1,1,0.000000,0.033270,intraday,intraday,0,0
2025-04-10 10:01,9.9600,2025-04-10 10:21,10.4000,2025-04-10 10:23,10.5600,2025-04-10 10:23,10.4400,2,0,2,2,0,2,0.015385,0.060241,intraday,intraday,0,0
2025-04-10 11:52,9.1800,2025-04-10 11:55,9.4700,2025-04-10 11:55,9.4700,2025-04-10 11:56,9.3300,0,1,1,0,1,1,0.000000,0.031590,intraday,intraday,0,0
2025-04-10 12:23,8.3600,2025-04-10 12:24,8.6500,2025-04-10 12:25,8.6700,2025-04-10 12:25,8.5100,1,0,1,1,0,1,0.002312,0.037081,intraday,intraday,0,0
2025-04-10 12:27,8.3500,2025-04-10 12:29,8.6600,2025-04-10 12:30,8.8700,2025-04-10 12:30,8.5400,1,0,1,1,0,1,0.024249,0.062275,intraday,intraday,0,0
2025-04-10 12:30,8.5400,2025-04-10 12:31,8.9400,2025-04-10 12:32,9.0400,2025-04-10 12:32,8.9200,1,0,1,1,0,1,0.011186,0.058548,intraday,intraday,0,0
2025-04-10 12:32,8.9200,2025-04-10 12:38,9.2000,2025-04-10 12:39,9.2100,2025-04-10 12:40,9.0300,1,1,2,1,1,2,0.001087,0.032511,intraday,intraday,0,0
2025-04-10 12:40,9.0300,2025-04-10 12:49,9.5000,2025-04-10 12:51,9.5200,2025-04-10 12:51,9.4000,2,0,2,2,0,2,0.002105,0.054264,intraday,intraday,0,0
2025-04-10 12:54,9.1700,2025-04-10 12:58,9.4500,2025-04-10 13:00,9.5500,2025-04-10 13:00,9.3500,2,0,2,2,0,2,0.010582,0.041439,intraday,intraday,0,0
2025-04-10 13:01,9.3200,2025-04-10 13:02,9.8100,2025-04-10 13:02,9.8100,2025-04-10 13:03,9.4300,0,1,1,0,1,1,0.000000,0.052575,intraday,intraday,0,0
2025-04-10 13:22,8.5600,2025-04-10 13:24,8.8600,2025-04-10 13:25,8.9700,2025-04-10 13:25,8.8000,1,0,1,1,0,1,0.012415,0.047897,intraday,intraday,0,0
2025-04-10 13:25,8.8000,2025-04-10 13:27,9.0900,2025-04-10 13:30,9.1600,2025-04-10 13:30,9.0000,3,0,3,3,0,3,0.007701,0.040909,intraday,intraday,0,0
2025-04-10 13:30,9.0000,2025-04-10 13:33,9.3900,2025-04-10 13:33,9.3900,2025-04-10 13:34,9.1900,0,1,1,0,1,1,0.000000,0.043333,intraday,intraday,0,0
2025-04-10 13:41,9.1000,2025-04-10 13:43,9.4000,2025-04-10 13:44,9.4500,2025-04-10 13:44,9.3000,1,0,1,1,0,1,0.005319,0.038462,intraday,intraday,0,0
2025-04-10 13:53,9.1500,2025-04-10 13:55,9.4600,2025-04-10 13:56,9.5000,2025-04-10 13:56,9.3900,1,0,1,1,0,1,0.004228,0.038251,intraday,intraday,0,0
2025-04-10 14:00,9.3600,2025-04-10 14:03,9.6500,2025-04-10 14:04,9.7400,2025-04-10 14:04,9.5900,1,0,1,1,0,1,0.009326,0.040598,intraday,intraday,0,0
2025-04-10 14:15,9.0100,2025-04-10 14:18,9.3100,2025-04-10 14:19,9.3700,2025-04-10 14:19,9.2500,1,0,1,1,0,1,0.006445,0.039956,intraday,intraday,0,0
2025-04-10 14:19,9.2500,2025-04-10 14:21,9.5300,2025-04-10 14:22,9.6500,2025-04-10 14:22,9.5000,1,0,1,1,0,1,0.012592,0.043243,intraday,intraday,0,0
2025-04-10 14:22,9.5000,2025-04-10 14:28,9.8300,2025-04-10 14:28,9.8300,2025-04-10 14:30,9.7200,0,2,2,0,2,2,0.000000,0.034737,intraday,intraday,0,0
2025-04-10 14:36,9.5500,2025-04-10 14:41,9.8600,2025-04-10 14:42,9.9100,2025-04-10 14:42,9.8100,1,0,1,1,0,1,0.005071,0.037696,intraday,intraday,0,0
2025-04-10 14:55,9.4400,2025-04-10 14:57,9.7600,2025-04-10 14:58,9.7800,2025-04-10 14:59,9.6700,1,1,2,1,1,2,0.002049,0.036017,intraday,intraday,0,0
2025-04-10 15:00,9.5900,2025-04-10 15:01,9.9000,2025-04-10 15:02,9.9600,2025-04-10 15:02,9.8400,1,0,1,1,0,1,0.006061,0.038582,intraday,intraday,0,0
2025-04-10 15:17,9.3300,2025-04-10 15:21,9.6800,2025-04-10 15:21,9.6800,2025-04-10 15:22,9.5600,0,1,1,0,1,1,0.000000,0.037513,intraday,intraday,0,0
2025-04-10 15:30,9.1200,2025-04-10 15:32,9.4500,2025-04-10 15:32,9.4500,2025-04-10 15:33,9.3400,0,1,1,0,1,1,0.000000,0.036184,intraday,intraday,0,0
2025-04-10 15:45,8.8100,2025-04-10 15:50,9.2800,2025-04-10 15:51,9.3900,2025-04-10 15:51,9.2500,1,0,1,1,0,1,0.011853,0.065834,intraday,intraday,0,0
2025-04-10 15:51,9.2500,2025-04-10 15:54,9.6100,2025-04-10 15:54,9.6100,2025-04-10 15:55,9.3200,0,1,1,0,1,1,0.000000,0.038919,intraday,intraday,0,0
2025-04-10 15:55,9.3200,2025-04-10 15:56,9.7300,2025-04-10 15:56,9.7300,2025-04-10 15:58,9.6200,0,2,2,0,2,2,0.000000,0.043991,intraday,intraday,0,0
2025-04-11 09:34,8.9100,2025-04-11 09:36,9.2800,2025-04-11 09:36,9.2800,2025-04-11 09:37,9.0200,0,1,1,0,1,1,0.000000,0.041526,intraday,intraday,0,0
2025-04-11 09:38,8.9700,2025-04-11 09:39,9.3800,2025-04-11 09:39,9.3800,2025-04-11 09:40,9.1800,0,1,1,0,1,1,0.000000,0.045708,intraday,intraday,0,0
2025-04-11 09:42,9.1000,2025-04-11 09:43,9.4900,2025-04-11 09:44,9.5000,2025-04-11 09:44,9.3700,1,0,1,1,0,1,0.001054,0.043956,intraday,intraday,0,0
2025-04-11 09:44,9.3700,2025-04-11 09:46,9.7400,2025-04-11 09:47,9.7600,2025-04-11 09:47,9.6100,1,0,1,1,0,1,0.002053,0.041622,intraday,intraday,0,0
2025-04-11 09:51,9.4300,2025-04-11 09:53,9.7400,2025-04-11 09:54,9.8000,2025-04-11 09:55,9.5800,1,1,2,1,1,2,0.006160,0.039236,intraday,intraday,0,0
2025-04-11 10:03,9.3700,2025-04-11 10:07,9.7300,2025-04-11 10:08,9.7700,2025-04-11 10:08,9.6500,1,0,1,1,0,1,0.004111,0.042689,intraday,intraday,0,0
2025-04-11 10:23,9.0300,2025-04-11 10:32,9.3500,2025-04-11 10:33,9.4000,2025-04-11 10:33,9.2200,1,0,1,1,0,1,0.005348,0.040975,intraday,intraday,0,0
2025-04-11 10:33,9.2200,2025-04-11 10:43,9.5000,2025-04-11 10:44,9.5400,2025-04-11 10:44,9.4000,1,0,1,1,0,1,0.004211,0.034707,intraday,intraday,0,0
2025-04-11 11:00,9.1700,2025-04-11 11:00,9.5800,2025-04-11 11:00,9.5800,2025-04-11 11:01,9.2600,0,1,1,0,1,1,0.000000,0.044711,intraday,intraday,0,0
2025-04-11 11:05,9.1200,2025-04-11 11:29,9.4000,2025-04-11 11:29,9.4000,2025-04-11 11:30,9.2900,0,1,1,0,1,1,0.000000,0.030702,intraday,intraday,0,0
2025-04-11 11:30,9.2900,2025-04-11 11:39,9.5800,2025-04-11 11:40,9.5900,2025-04-11 11:40,9.4400,1,0,1,1,0,1,0.001044,0.032293,intraday,intraday,0,0
2025-04-11 11:41,9.4100,2025-04-11 12:06,9.7000,2025-04-11 12:07,9.7300,2025-04-11 12:07,9.6300,1,0,1,1,0,1,0.003093,0.034006,intraday,intraday,0,0
2025-04-11 12:26,9.5300,2025-04-11 12:33,9.8500,2025-04-11 12:35,9.9100,2025-04-11 12:35,9.8100,2,0,2,2,0,2,0.006091,0.039874,intraday,intraday,0,0
2025-04-11 12:35,9.8100,2025-04-11 12:50,10.1400,2025-04-11 12:50,10.1400,2025-04-11 12:52,10.0300,0,2,2,0,2,2,0.000000,0.033639,intraday,intraday,0,0
2025-04-11 13:31,9.6500,2025-04-11 13:38,9.9400,2025-04-11 13:39,10.0400,2025-04-11 13:39,9.9200,1,0,1,1,0,1,0.010060,0.040415,intraday,intraday,0,0
2025-04-11 13:39,9.9200,2025-04-11 13:49,10.2200,2025-04-11 13:56,10.3500,2025-04-11 13:56,10.2400,7,0,7,7,0,7,0.012720,0.043347,intraday,intraday,0,0
2025-04-11 14:27,9.9400,2025-04-11 14:41,10.2400,2025-04-11 14:48,10.3000,2025-04-11 14:51,10.1100,7,3,10,7,3,10,0.005859,0.036217,intraday,intraday,0,0
2025-04-11 14:52,10.0300,2025-04-11 15:13,10.3500,2025-04-11 15:14,10.3600,2025-04-11 15:15,10.2500,1,1,2,1,1,2,0.000966,0.032901,intraday,intraday,0,0
2025-04-11 15:53,10.1300,2025-04-14 09:30,11.1600,2025-04-14 09:30,11.1600,2025-04-14 09:32,11.0000,0,2,2,0,2,2,0.000000,0.101678,intraday,intraday,0,0
2025-04-14 09:44,10.5300,2025-04-14 09:51,10.8500,2025-04-14 09:51,10.8500,2025-04-14 09:52,10.6400,0,1,1,0,1,1,0.000000,0.030389,intraday,intraday,0,0
2025-04-14 09:59,10.5900,2025-04-14 10:03,10.9100,2025-04-14 10:05,10.9800,2025-04-14 10:05,10.8600,2,0,2,2,0,2,0.006416,0.036827,intraday,intraday,0,0
2025-04-14 10:16,10.7100,2025-04-14 10:29,11.0500,2025-04-14 10:29,11.0500,2025-04-14 10:35,10.9100,0,6,6,0,6,6,0.000000,0.031746,intraday,intraday,0,0
2025-04-14 12:11,9.9700,2025-04-14 12:19,10.3200,2025-04-14 12:21,10.3800,2025-04-14 12:21,10.2600,2,0,2,2,0,2,0.005814,0.041123,intraday,intraday,0,0
2025-04-14 12:27,10.1500,2025-04-14 12:41,10.4600,2025-04-14 12:41,10.4600,2025-04-14 12:43,10.3500,0,2,2,0,2,2,0.000000,0.030542,intraday,intraday,0,0
2025-04-14 13:00,10.1600,2025-04-14 13:00,10.5200,2025-04-14 13:00,10.5200,2025-04-14 13:01,10.3100,0,1,1,0,1,1,0.000000,0.035433,intraday,intraday,0,0
2025-04-14 13:08,10.2200,2025-04-14 14:01,10.5300,2025-04-14 14:11,10.6300,2025-04-14 14:12,10.5200,10,1,11,10,1,11,0.009497,0.040117,intraday,intraday,0,0
2025-04-14 14:12,10.5200,2025-04-14 15:10,10.8400,2025-04-14 15:13,10.8700,2025-04-14 15:16,10.7300,3,3,6,3,3,6,0.002768,0.033270,intraday,intraday,0,0
2025-04-14 15:58,10.4300,2025-04-15 09:31,10.7600,2025-04-15 09:32,10.8400,2025-04-15 09:32,10.7000,1,0,1,1,0,1,0.007435,0.039310,intraday,intraday,0,0
2025-04-15 09:37,10.6000,2025-04-15 09:55,10.9200,2025-04-15 09:55,10.9200,2025-04-15 09:58,10.8000,0,3,3,0,3,3,0.000000,0.030189,intraday,intraday,0,0
2025-04-15 10:27,10.4600,2025-04-15 11:20,10.7800,2025-04-15 11:20,10.7800,2025-04-15 11:25,10.6700,0,5,5,0,5,5,0.000000,0.030593,intraday,intraday,0,0
2025-04-16 09:30,9.1100,2025-04-16 09:31,9.4400,2025-04-16 09:32,9.5700,2025-04-16 09:32,9.4100,1,0,1,1,0,1,0.013771,0.050494,intraday,intraday,0,0
2025-04-16 09:32,9.4100,2025-04-16 09:38,9.7400,2025-04-16 09:38,9.7400,2025-04-16 09:39,9.6300,0,1,1,0,1,1,0.000000,0.035069,intraday,intraday,0,0
2025-04-16 10:00,9.2800,2025-04-16 10:12,9.5900,2025-04-16 10:12,9.5900,2025-04-16 10:13,9.4700,0,1,1,0,1,1,0.000000,0.033405,intraday,intraday,0,0
2025-04-16 10:16,9.4000,2025-04-16 10:25,9.6900,2025-04-16 10:25,9.6900,2025-04-16 10:26,9.5900,0,1,1,0,1,1,0.000000,0.030851,intraday,intraday,0,0
2025-04-16 11:06,9.3800,2025-04-16 11:25,9.7100,2025-04-16 11:25,9.7100,2025-04-16 11:30,9.5900,0,5,5,0,5,5,0.000000,0.035181,intraday,intraday,0,0
2025-04-16 15:26,8.3300,2025-04-16 15:32,8.6200,2025-04-16 15:34,8.6800,2025-04-16 15:34,8.5800,2,0,2,2,0,2,0.006961,0.042017,intraday,intraday,0,0
2025-04-16 15:34,8.5800,2025-04-16 15:41,8.8700,2025-04-16 15:47,9.0000,2025-04-16 15:47,8.9100,6,0,6,6,0,6,0.014656,0.048951,intraday,intraday,0,0
2025-04-16 15:47,8.9100,2025-04-16 15:50,9.2000,2025-04-16 15:51,9.2600,2025-04-16 15:51,9.1200,1,0,1,1,0,1,0.006522,0.039282,intraday,intraday,0,0
2025-04-16 15:51,9.1200,2025-04-17 09:30,9.5600,2025-04-17 09:30,9.5600,2025-04-17 09:31,9.3100,0,1,1,0,1,1,0.000000,0.048246,intraday,intraday,0,0
2025-04-17 09:46,9.1400,2025-04-17 09:51,9.4300,2025-04-17 09:51,9.4300,2025-04-17 09:52,9.3100,0,1,1,0,1,1,0.000000,0.031729,intraday,intraday,0,0
2025-04-17 10:37,8.9200,2025-04-17 10:46,9.2000,2025-04-17 10:46,9.2000,2025-04-17 10:49,9.1000,0,3,3,0,3,3,0.000000,0.031390,intraday,intraday,0,0
2025-04-17 11:04,8.9500,2025-04-17 11:18,9.2300,2025-04-17 11:18,9.2300,2025-04-17 11:20,9.1300,0,2,2,0,2,2,0.000000,0.031285,intraday,intraday,0,0
2025-04-17 12:05,8.9000,2025-04-17 12:19,9.1700,2025-04-17 12:29,9.2800,2025-04-17 12:31,9.1800,10,2,12,10,2,12,0.011996,0.042697,intraday,intraday,0,0
2025-04-17 12:44,9.0800,2025-04-17 13:55,9.3700,2025-04-17 13:55,9.3700,2025-04-17 13:59,9.2600,0,4,4,0,4,4,0.000000,0.031938,intraday,intraday,0,0
2025-04-21 10:18,8.2800,2025-04-21 10:41,8.5400,2025-04-21 10:41,8.5400,2025-04-21 10:43,8.4500,0,2,2,0,2,2,0.000000,0.031401,intraday,intraday,0,0
2025-04-21 11:59,8.1500,2025-04-21 12:36,8.4000,2025-04-21 12:43,8.4400,2025-04-21 12:48,8.3500,7,5,12,7,5,12,0.004762,0.035583,intraday,intraday,0,0
2025-04-21 14:02,8.1600,2025-04-21 15:06,8.4100,2025-04-21 15:06,8.4100,2025-04-21 15:13,8.3200,0,7,7,0,7,7,0.000000,0.030637,intraday,intraday,0,0
2025-04-21 15:14,8.3100,2025-04-21 15:50,8.5600,2025-04-21 15:54,8.6300,2025-04-21 15:54,8.5200,4,0,4,4,0,4,0.008178,0.038508,intraday,intraday,0,0
2025-04-21 15:54,8.5200,2025-04-22 09:30,8.9800,2025-04-22 09:30,8.9800,2025-04-22 09:31,8.8500,0,1,1,0,1,1,0.000000,0.053991,intraday,intraday,0,0
2025-04-22 09:31,8.8500,2025-04-22 09:41,9.1700,2025-04-22 09:45,9.3100,2025-04-22 09:50,9.2100,4,5,9,4,5,9,0.015267,0.051977,intraday,intraday,0,0
2025-04-22 11:44,8.9600,2025-04-22 12:01,9.2700,2025-04-22 12:28,9.4000,2025-04-22 12:40,9.2800,27,12,39,27,12,39,0.014024,0.049107,intraday,intraday,0,0
2025-04-22 13:31,8.9600,2025-04-22 15:00,9.2300,2025-04-22 15:05,9.2500,2025-04-22 15:12,9.1500,5,7,12,5,7,12,0.002167,0.032366,intraday,intraday,0,0
2025-04-22 15:39,8.8600,2025-04-22 15:49,9.1400,2025-04-22 15:50,9.1500,2025-04-22 15:51,9.0300,1,1,2,1,1,2,0.001094,0.032731,intraday,intraday,0,0
2025-04-22 15:51,9.0300,2025-04-23 09:30,10.6500,2025-04-23 09:30,10.6500,2025-04-23 09:31,10.4700,0,1,1,0,1,1,0.000000,0.179402,intraday,intraday,0,0
2025-04-23 09:37,10.3500,2025-04-23 09:37,10.7000,2025-04-23 09:38,10.7300,2025-04-23 09:38,10.5600,1,0,1,1,0,1,0.002804,0.036715,intraday,intraday,0,0
2025-04-23 09:40,10.5500,2025-04-23 09:48,10.8700,2025-04-23 09:49,10.9000,2025-04-23 09:52,10.6800,1,3,4,1,3,4,0.002760,0.033175,intraday,intraday,0,0
2025-04-23 10:00,10.4700,2025-04-23 10:00,10.8500,2025-04-23 10:00,10.8500,2025-04-23 10:01,10.6200,0,1,1,0,1,1,0.000000,0.036294,intraday,intraday,0,0
2025-04-23 12:21,10.2400,2025-04-23 12:55,10.5600,2025-04-23 12:58,10.6400,2025-04-23 13:00,10.4200,3,2,5,3,2,5,0.007576,0.039062,intraday,intraday,0,0
2025-04-23 15:46,10.1000,2025-04-24 09:30,11.0800,2025-04-24 09:30,11.0800,2025-04-24 09:31,10.9200,0,1,1,0,1,1,0.000000,0.097030,intraday,intraday,0,0
2025-04-24 09:32,10.8500,2025-04-24 09:46,11.1900,2025-04-24 09:56,11.4300,2025-04-24 09:56,11.3100,10,0,10,10,0,10,0.021448,0.053456,intraday,intraday,0,0
2025-04-24 09:56,11.3100,2025-04-24 10:04,11.6500,2025-04-24 10:07,11.7600,2025-04-24 10:10,11.5700,3,3,6,3,3,6,0.009442,0.039788,intraday,intraday,0,0
2025-04-24 10:17,11.4400,2025-04-24 12:20,11.8000,2025-04-24 12:36,12.0000,2025-04-24 12:44,11.8800,16,8,24,16,8,24,0.016949,0.048951,intraday,intraday,0,0
2025-04-24 15:13,11.7100,2025-04-24 15:57,12.0800,2025-04-24 15:57,12.0800,2025-04-25 09:30,11.5900,0,3,3,0,1053,1053,0.000000,0.031597,overnight,overnight,1,1
2025-04-25 09:32,11.5100,2025-04-25 09:36,11.9100,2025-04-25 09:37,11.9500,2025-04-25 09:38,11.7900,1,1,2,1,1,2,0.003359,0.038228,intraday,intraday,0,0
2025-04-25 09:53,11.5900,2025-04-25 10:09,11.9700,2025-04-25 10:12,12.0600,2025-04-25 10:15,11.9300,3,3,6,3,3,6,0.007519,0.040552,intraday,intraday,0,0
2025-04-25 10:28,11.6700,2025-04-25 12:22,12.0400,2025-04-25 12:44,12.3000,2025-04-25 12:47,12.1700,22,3,25,22,3,25,0.021595,0.053985,intraday,intraday,0,0
2025-04-25 12:48,12.1500,2025-04-25 13:23,12.5200,2025-04-25 13:29,12.5900,2025-04-25 13:31,12.4400,6,2,8,6,2,8,0.005591,0.036214,intraday,intraday,0,0
2025-04-25 13:56,12.0200,2025-04-25 14:40,12.4000,2025-04-25 14:40,12.4000,2025-04-25 15:13,12.2500,0,33,33,0,33,33,0.000000,0.031614,intraday,intraday,0,0
2025-04-28 09:30,12.0700,2025-04-28 09:43,12.4500,2025-04-28 09:45,12.5300,2025-04-28 09:48,12.3900,2,3,5,2,3,5,0.006426,0.038111,intraday,intraday,0,0
2025-04-28 13:15,11.4500,2025-04-28 14:15,11.8000,2025-04-28 15:54,12.3200,2025-04-29 09:30,11.6700,99,6,105,99,1056,1155,0.044068,0.075983,overnight,overnight,1,1
2025-04-29 09:35,11.6200,2025-04-29 09:46,11.9800,2025-04-29 09:47,12.0600,2025-04-29 09:55,11.9200,1,8,9,1,8,9,0.006678,0.037866,intraday,intraday,0,0
2025-04-29 12:56,11.6800,2025-04-29 13:47,12.0400,2025-04-29 14:41,12.2700,2025-04-29 14:50,12.1300,54,9,63,54,9,63,0.019103,0.050514,intraday,intraday,0,0
2025-04-30 09:30,10.8800,2025-04-30 09:34,11.2100,2025-04-30 09:34,11.2100,2025-04-30 09:36,11.0900,0,2,2,0,2,2,0.000000,0.030331,intraday,intraday,0,0
2025-04-30 09:43,10.7500,2025-04-30 10:05,11.0800,2025-04-30 10:06,11.1000,2025-04-30 10:07,10.9600,1,1,2,1,1,2,0.001805,0.032558,intraday,intraday,0,0
2025-04-30 10:08,10.9500,2025-04-30 10:25,11.2900,2025-04-30 10:32,11.4800,2025-04-30 10:35,11.3200,7,3,10,7,3,10,0.016829,0.048402,intraday,intraday,0,0
2025-04-30 10:51,11.2400,2025-04-30 11:44,11.5900,2025-04-30 11:46,11.6000,2025-04-30 11:53,11.4700,2,7,9,2,7,9,0.000863,0.032028,intraday,intraday,0,0
2025-04-30 13:13,11.2200,2025-04-30 13:34,11.5800,2025-04-30 13:55,11.6600,2025-04-30 14:02,11.5400,21,7,28,21,7,28,0.006908,0.039216,intraday,intraday,0,0
2025-04-30 14:04,11.5300,2025-04-30 14:20,11.8800,2025-04-30 14:20,11.8800,2025-04-30 14:29,11.6900,0,9,9,0,9,9,0.000000,0.030356,intraday,intraday,0,0
2025-04-30 14:42,11.6700,2025-04-30 15:50,12.0900,2025-05-01 09:30,12.5400,2025-05-01 09:30,12.3600,10,0,10,1060,0,1060,0.037221,0.074550,overnight,intraday,1,1
2025-05-01 09:41,12.1200,2025-05-01 09:47,12.5200,2025-05-01 09:48,12.5400,2025-05-01 09:49,12.4000,1,1,2,1,1,2,0.001597,0.034653,intraday,intraday,0,0
2025-05-01 09:59,12.1400,2025-05-01 11:00,12.5100,2025-05-01 11:20,12.8100,2025-05-01 11:32,12.6800,20,12,32,20,12,32,0.023981,0.055189,intraday,intraday,0,0
2025-05-01 15:58,12.0500,2025-05-02 09:30,13.0800,2025-05-02 09:35,13.3100,2025-05-02 09:35,13.1300,5,0,5,5,0,5,0.017584,0.104564,intraday,intraday,0,0
2025-05-02 09:52,12.9500,2025-05-02 11:07,13.3500,2025-05-02 12:05,13.6600,2025-05-02 12:27,13.5100,58,22,80,58,22,80,0.023221,0.054826,intraday,intraday,0,0
2025-05-05 09:30,12.8700,2025-05-05 09:37,13.2700,2025-05-05 09:38,13.3200,2025-05-05 09:39,13.1100,1,1,2,1,1,2,0.003768,0.034965,intraday,intraday,0,0
2025-05-05 10:36,12.9700,2025-05-05 14:14,13.3600,2025-05-05 14:37,13.4100,2025-05-05 14:58,13.2700,23,21,44,23,21,44,0.003743,0.033924,intraday,intraday,0,0
2025-05-06 09:53,12.1200,2025-05-06 10:17,12.5100,2025-05-06 10:20,12.5800,2025-05-06 10:35,12.4200,3,15,18,3,15,18,0.005596,0.037954,intraday,intraday,0,0
2025-05-06 10:35,12.4200,2025-05-06 12:13,12.8800,2025-05-06 12:14,12.9500,2025-05-06 12:15,12.8200,1,1,2,1,1,2,0.005435,0.042673,intraday,intraday,0,0
2025-05-06 13:26,12.4100,2025-05-06 14:56,12.7900,2025-05-06 15:45,12.9400,2025-05-06 15:51,12.7900,49,6,55,49,6,55,0.011728,0.042707,intraday,intraday,0,0
2025-05-07 09:39,12.4100,2025-05-07 12:48,12.8100,2025-05-07 13:11,12.9100,2025-05-07 13:21,12.7800,23,10,33,23,10,33,0.007806,0.040290,intraday,intraday,0,0
2025-05-07 14:16,12.2300,2025-05-07 14:32,12.6000,2025-05-07 14:37,12.6500,2025-05-07 14:39,12.5000,5,2,7,5,2,7,0.003968,0.034342,intraday,intraday,0,0
2025-05-07 14:49,12.4100,2025-05-07 15:41,12.9000,2025-05-07 15:42,13.2200,2025-05-07 15:42,12.9000,1,0,1,1,0,1,0.024806,0.065270,intraday,intraday,0,0
2025-05-07 15:42,12.9000,2025-05-07 15:43,13.3600,2025-05-07 15:43,13.3600,2025-05-07 15:44,13.1300,0,1,1,0,1,1,0.000000,0.035659,intraday,intraday,0,0
2025-05-07 15:51,12.8100,2025-05-07 15:57,13.2800,2025-05-08 09:30,13.9000,2025-05-08 09:31,13.7300,3,1,4,1053,1,1054,0.046687,0.085090,overnight,intraday,0,1
2025-05-08 10:55,13.3800,2025-05-08 11:27,13.8000,2025-05-08 11:29,13.8800,2025-05-08 11:29,13.7400,2,0,2,2,0,2,0.005797,0.037369,intraday,intraday,0,0
2025-05-08 11:30,13.6900,2025-05-08 11:42,14.1500,2025-05-08 11:43,14.2100,2025-05-08 11:51,14.0400,1,8,9,1,8,9,0.004240,0.037984,intraday,intraday,0,0
2025-05-08 15:57,13.6500,2025-05-09 09:30,14.4700,2025-05-09 09:30,14.4700,2025-05-09 09:34,14.3200,0,4,4,0,4,4,0.000000,0.060073,intraday,intraday,0,0
2025-05-09 12:12,13.7400,2025-05-09 15:08,14.1800,2025-05-09 15:12,14.2200,2025-05-09 15:47,14.0700,4,35,39,4,35,39,0.002821,0.034934,intraday,intraday,0,0
2025-05-09 15:55,14.0600,2025-05-12 09:30,17.1700,2025-05-12 09:30,17.1700,2025-05-12 09:31,16.8800,0,1,1,0,1,1,0.000000,0.221195,intraday,intraday,0,0
2025-05-12 09:43,16.5000,2025-05-12 11:38,17.0000,2025-05-12 13:08,17.4700,2025-05-12 13:22,17.2600,90,14,104,90,14,104,0.027647,0.058788,intraday,intraday,0,0
2025-05-12 15:46,16.8400,2025-05-13 09:30,17.3900,2025-05-13 09:31,17.5000,2025-05-13 09:31,17.2800,1,0,1,1,0,1,0.006325,0.039192,intraday,intraday,0,0
2025-05-13 09:31,17.2800,2025-05-13 09:40,17.8400,2025-05-13 10:17,18.2200,2025-05-13 10:25,18.0100,37,8,45,37,8,45,0.021300,0.054398,intraday,intraday,0,0
2025-05-13 10:47,17.9600,2025-05-13 11:02,18.5000,2025-05-13 11:52,18.8200,2025-05-13 12:01,18.6000,50,9,59,50,9,59,0.017297,0.047884,intraday,intraday,0,0
2025-05-13 14:02,18.3800,2025-05-14 09:30,19.1200,2025-05-14 09:35,19.3700,2025-05-14 09:37,19.1500,5,2,7,5,2,7,0.013075,0.053863,intraday,intraday,0,0
2025-05-14 09:57,18.4300,2025-05-14 12:33,19.0300,2025-05-14 12:35,19.0700,2025-05-14 12:41,18.8700,2,6,8,2,6,8,0.002102,0.034726,intraday,intraday,0,0
2025-05-15 09:49,17.8200,2025-05-15 11:21,18.3600,2025-05-15 13:21,18.9100,2025-05-15 13:33,18.7100,120,12,132,120,12,132,0.029956,0.061167,intraday,intraday,0,0
2025-05-16 10:45,17.7600,2025-05-16 13:34,18.3000,2025-05-16 15:07,18.4200,2025-05-19 09:30,17.0900,93,53,146,93,3983,4076,0.006557,0.037162,weekend,weekend,1,1
2025-05-19 09:30,17.0900,2025-05-19 09:38,17.6300,2025-05-19 09:40,17.7600,2025-05-19 09:45,17.5700,2,5,7,2,5,7,0.007374,0.039204,intraday,intraday,0,0
2025-05-19 09:46,17.5300,2025-05-19 10:18,18.0600,2025-05-19 10:18,18.0600,2025-05-19 10:25,17.8400,0,7,7,0,7,7,0.000000,0.030234,intraday,intraday,0,0
2025-05-19 11:08,17.6700,2025-05-19 13:08,18.2100,2025-05-19 13:08,18.2100,2025-05-19 13:50,18.0200,0,42,42,0,42,42,0.000000,0.030560,intraday,intraday,0,0
2025-05-20 09:47,17.4400,2025-05-20 15:54,17.9800,2025-05-20 15:59,18.0000,2025-05-21 09:30,17.5200,5,1,6,5,1051,1056,0.001112,0.032110,overnight,overnight,1,1
2025-05-21 09:30,17.5200,2025-05-21 11:00,18.0600,2025-05-21 12:07,18.5900,2025-05-21 12:59,18.4000,67,52,119,67,52,119,0.029347,0.061073,intraday,intraday,0,0
2025-05-21 13:30,17.1200,2025-05-21 13:39,17.6500,2025-05-21 13:39,17.6500,2025-05-21 13:43,17.4700,0,4,4,0,4,4,0.000000,0.030958,intraday,intraday,0,0
2025-05-21 15:26,16.6500,2025-05-21 15:44,17.1500,2025-05-21 15:51,17.3100,2025-05-21 15:53,17.1200,7,2,9,7,2,9,0.009329,0.039640,intraday,intraday,0,0
2025-05-22 09:35,16.7300,2025-05-22 10:00,17.2500,2025-05-22 10:07,17.4300,2025-05-22 10:12,17.2500,7,5,12,7,5,12,0.010435,0.041841,intraday,intraday,0,0
2025-05-23 09:31,15.1000,2025-05-23 09:35,15.5600,2025-05-23 09:36,15.5800,2025-05-23 09:37,15.3900,1,1,2,1,1,2,0.001285,0.031788,intraday,intraday,0,0
2025-05-23 09:48,15.1100,2025-05-23 10:12,15.6400,2025-05-23 10:12,15.6400,2025-05-23 10:14,15.4500,0,2,2,0,2,2,0.000000,0.035076,intraday,intraday,0,0
2025-05-23 11:16,15.1600,2025-05-23 13:04,15.6200,2025-05-23 13:24,15.8900,2025-05-23 13:42,15.7200,20,18,38,20,18,38,0.017286,0.048153,intraday,intraday,0,0
2025-05-23 15:54,15.6800,2025-05-27 09:30,16.7500,2025-05-27 09:30,16.7500,2025-05-27 09:31,16.4400,0,1,1,0,1,1,0.000000,0.068240,intraday,intraday,0,0
2025-05-27 09:36,16.3500,2025-05-27 09:47,16.8600,2025-05-27 14:02,17.5100,2025-05-27 14:43,17.3300,255,41,296,255,41,296,0.038553,0.070948,intraday,intraday,0,0
2025-05-28 10:58,17.0000,2025-05-28 14:10,17.5300,2025-05-28 14:11,17.5400,2025-05-28 14:51,17.3600,1,40,41,1,40,41,0.000570,0.031765,intraday,intraday,0,0
2025-05-28 15:54,16.8900,2025-05-29 09:30,18.2100,2025-05-29 09:30,18.2100,2025-05-29 09:31,18.0200,0,1,1,0,1,1,0.000000,0.078153,intraday,intraday,0,0
2025-05-29 10:21,17.0100,2025-05-29 10:53,17.5300,2025-05-29 10:58,17.6000,2025-05-29 11:04,17.4000,5,6,11,5,6,11,0.003993,0.034685,intraday,intraday,0,0
2025-05-30 09:52,15.9800,2025-05-30 10:09,16.4600,2025-05-30 10:39,16.6700,2025-05-30 10:45,16.4500,30,6,36,30,6,36,0.012758,0.043179,intraday,intraday,0,0
2025-05-30 12:55,15.2400,2025-05-30 13:35,15.7300,2025-05-30 13:36,15.7400,2025-05-30 13:46,15.5700,1,10,11,1,10,11,0.000636,0.032808,intraday,intraday,0,0
2025-05-30 13:47,15.5300,2025-05-30 14:57,16.0100,2025-05-30 15:37,16.3600,2025-05-30 15:42,16.1700,40,5,45,40,5,45,0.021861,0.053445,intraday,intraday,0,0
2025-06-02 09:30,16.0400,2025-06-02 09:38,16.5800,2025-06-02 09:39,16.6200,2025-06-02 09:41,16.3900,1,2,3,1,2,3,0.002413,0.036160,intraday,intraday,0,0
2025-06-02 10:01,16.1300,2025-06-02 10:34,16.6200,2025-06-02 10:35,16.6500,2025-06-02 10:42,16.4800,1,7,8,1,7,8,0.001805,0.032238,intraday,intraday,0,0
2025-06-02 11:10,16.2900,2025-06-02 14:01,16.7800,2025-06-02 15:05,17.1000,2025-06-02 15:32,16.9100,64,27,91,64,27,91,0.019070,0.049724,intraday,intraday,0,0
2025-06-03 09:32,16.5700,2025-06-03 09:42,17.1400,2025-06-03 10:03,17.4900,2025-06-03 10:07,17.2400,21,4,25,21,4,25,0.020420,0.055522,intraday,intraday,0,0
2025-06-03 10:08,17.1700,2025-06-03 10:41,17.7400,2025-06-03 12:51,18.3000,2025-06-03 13:09,18.1100,130,18,148,130,18,148,0.031567,0.065812,intraday,intraday,0,0
2025-06-03 14:18,17.8600,2025-06-04 09:30,18.8200,2025-06-04 09:42,19.2100,2025-06-04 09:43,18.9800,12,1,13,12,1,13,0.020723,0.075588,intraday,intraday,0,0
2025-06-04 10:08,18.2200,2025-06-04 10:27,18.7900,2025-06-04 10:35,18.9200,2025-06-04 10:39,18.7300,8,4,12,8,4,12,0.006919,0.038419,intraday,intraday,0,0
2025-06-04 10:41,18.7000,2025-06-05 09:30,19.7200,2025-06-05 09:31,19.7500,2025-06-05 09:31,19.5500,1,0,1,1,0,1,0.001521,0.056150,intraday,intraday,0,0
2025-06-05 10:17,18.8800,2025-06-05 10:42,19.4900,2025-06-05 10:46,19.5400,2025-06-05 10:46,19.3300,4,0,4,4,0,4,0.002565,0.034958,intraday,intraday,0,0
2025-06-05 10:52,19.3000,2025-06-05 11:40,19.8800,2025-06-05 11:57,19.9900,2025-06-05 12:09,19.7400,17,12,29,17,12,29,0.005533,0.035751,intraday,intraday,0,0
2025-06-05 15:24,18.4200,2025-06-05 15:35,18.9800,2025-06-05 15:38,19.1300,2025-06-05 15:42,18.9300,3,4,7,3,4,7,0.007903,0.038545,intraday,intraday,0,0
2025-06-05 15:58,18.7300,2025-06-06 09:30,19.5300,2025-06-06 09:30,19.5300,2025-06-06 09:31,19.2500,0,1,1,0,1,1,0.000000,0.042712,intraday,intraday,0,0
2025-06-06 09:32,19.2000,2025-06-06 10:47,19.8000,2025-06-06 11:06,19.9500,2025-06-06 11:17,19.7300,19,11,30,19,11,30,0.007576,0.039062,intraday,intraday,0,0
2025-06-06 15:49,19.1500,2025-06-09 09:30,19.8900,2025-06-09 09:32,20.1800,2025-06-09 09:32,19.9400,2,0,2,2,0,2,0.014580,0.053786,intraday,intraday,0,0
2025-06-09 09:32,19.9400,2025-06-09 10:02,20.5500,2025-06-09 10:37,21.0600,2025-06-09 10:44,20.8300,35,7,42,35,7,42,0.024818,0.056169,intraday,intraday,0,0
2025-06-09 12:21,20.3500,2025-06-10 09:30,21.0500,2025-06-10 09:31,21.0600,2025-06-10 09:31,20.7700,1,0,1,1,0,1,0.000475,0.034889,intraday,intraday,0,0
2025-06-10 09:36,20.6900,2025-06-10 10:12,21.3600,2025-06-10 10:35,21.6000,2025-06-10 10:40,21.3500,23,5,28,23,5,28,0.011236,0.043983,intraday,intraday,0,0
2025-06-10 11:33,21.1000,2025-06-10 12:01,21.7700,2025-06-10 13:13,22.1000,2025-06-10 13:28,21.8700,72,15,87,72,15,87,0.015158,0.047393,intraday,intraday,0,0
2025-06-10 14:05,21.5400,2025-06-11 09:30,22.3700,2025-06-11 09:30,22.3700,2025-06-11 09:31,22.0300,0,1,1,0,1,1,0.000000,0.038533,intraday,intraday,0,0
2025-06-11 09:48,21.8100,2025-06-11 10:35,22.4800,2025-06-11 11:04,22.6000,2025-06-11 11:09,22.2500,29,5,34,29,5,34,0.005338,0.036222,intraday,intraday,0,0
2025-06-11 14:17,20.9900,2025-06-11 15:55,21.6600,2025-06-11 15:59,21.6700,2025-06-12 09:30,21.0900,4,1,5,4,1051,1055,0.000462,0.032396,overnight,overnight,1,1
2025-06-12 09:30,21.0900,2025-06-12 10:07,21.7400,2025-06-12 10:45,22.0700,2025-06-12 10:58,21.8300,38,13,51,38,13,51,0.015179,0.046468,intraday,intraday,0,0
2025-06-13 09:30,20.2300,2025-06-13 09:39,20.8800,2025-06-13 09:39,20.8800,2025-06-13 09:40,20.6700,0,1,1,0,1,1,0.000000,0.032130,intraday,intraday,0,0
2025-06-13 10:31,20.0400,2025-06-13 10:55,20.6600,2025-06-13 12:18,21.0600,2025-06-13 12:29,20.8200,83,11,94,83,11,94,0.019361,0.050898,intraday,intraday,0,0
2025-06-13 14:40,19.8400,2025-06-16 09:30,20.9900,2025-06-16 09:32,21.1900,2025-06-16 09:33,20.9700,2,1,3,2,1,3,0.009528,0.068044,intraday,intraday,0,0
2025-06-16 09:40,20.9100,2025-06-16 09:53,21.5500,2025-06-16 11:10,22.2200,2025-06-16 11:23,21.9800,77,13,90,77,13,90,0.031090,0.062649,intraday,intraday,0,0
2025-06-17 09:30,21.5000,2025-06-17 09:52,22.1900,2025-06-17 10:16,22.5300,2025-06-17 10:24,22.2000,24,8,32,24,8,32,0.015322,0.047907,intraday,intraday,0,0
2025-06-17 14:44,21.3400,2025-06-18 09:54,22.0100,2025-06-18 10:39,22.3800,2025-06-18 10:48,22.0900,45,9,54,45,9,54,0.016811,0.048735,intraday,intraday,0,0
2025-06-18 15:01,21.2300,2025-06-20 09:30,22.3300,2025-06-20 09:30,22.3300,2025-06-20 09:31,22.0200,0,1,1,0,1,1,0.000000,0.051813,intraday,intraday,0,0
2025-06-20 10:54,20.3700,2025-06-20 11:25,20.9900,2025-06-20 11:40,21.3400,2025-06-20 11:53,21.0900,15,13,28,15,13,28,0.016675,0.047619,intraday,intraday,0,0
2025-06-20 13:37,20.7000,2025-06-23 09:30,21.5000,2025-06-23 09:32,21.5900,2025-06-23 09:32,21.2500,2,0,2,2,0,2,0.004186,0.042995,intraday,intraday,0,0
2025-06-23 09:35,21.1700,2025-06-23 10:02,21.8100,2025-06-23 10:08,21.9800,2025-06-23 10:16,21.7600,6,8,14,6,8,14,0.007795,0.038262,intraday,intraday,0,0
2025-06-23 12:37,20.2800,2025-06-23 12:42,20.9500,2025-06-23 12:45,21.0400,2025-06-23 12:48,20.7300,3,3,6,3,3,6,0.004296,0.037475,intraday,intraday,0,0
2025-06-23 13:00,20.6400,2025-06-23 13:23,21.2600,2025-06-23 14:06,21.6300,2025-06-23 15:20,21.4100,43,74,117,43,74,117,0.017404,0.047965,intraday,intraday,0,0
2025-06-23 15:44,21.3300,2025-06-24 09:30,22.7700,2025-06-24 09:31,22.9700,2025-06-24 09:31,22.7000,1,0,1,1,0,1,0.008783,0.076887,intraday,intraday,0,0
2025-06-24 09:31,22.7000,2025-06-24 09:45,23.4300,2025-06-24 09:46,23.4600,2025-06-24 09:52,23.1900,1,6,7,1,6,7,0.001280,0.033480,intraday,intraday,0,0
2025-06-24 10:00,23.1700,2025-06-24 11:02,23.9200,2025-06-24 11:11,23.9500,2025-06-24 11:19,23.6800,9,8,17,9,8,17,0.001254,0.033664,intraday,intraday,0,0
2025-06-24 11:59,23.5000,2025-06-25 09:30,24.4300,2025-06-25 09:34,24.5300,2025-06-25 09:47,24.2800,4,13,17,4,13,17,0.004093,0.043830,intraday,intraday,0,0
2025-06-25 09:52,23.8700,2025-06-25 15:52,24.5900,2025-06-26 09:30,25.2000,2025-06-26 09:31,24.9200,8,1,9,1058,1,1059,0.024807,0.055718,overnight,intraday,0,1
2025-06-26 09:50,24.5900,2025-06-26 10:31,25.3300,2025-06-26 10:32,25.3600,2025-06-26 10:45,25.1000,1,13,14,1,13,14,0.001184,0.031314,intraday,intraday,0,0
2025-06-26 11:30,24.8300,2025-06-27 09:38,25.5800,2025-06-27 09:42,25.6900,2025-06-27 09:51,25.4200,4,9,13,4,9,13,0.004300,0.034636,intraday,intraday,0,0
2025-06-27 14:43,24.2800,2025-06-27 15:44,25.0100,2025-06-30 09:30,25.5000,2025-06-30 09:30,25.2400,16,0,16,3946,0,3946,0.019592,0.050247,weekend,intraday,1,1
2025-07-01 11:14,23.5800,2025-07-01 11:26,24.2900,2025-07-01 11:34,24.4000,2025-07-01 11:41,24.1100,8,7,15,8,7,15,0.004529,0.034775,intraday,intraday,0,0
2025-07-01 11:42,24.1000,2025-07-01 12:12,24.8400,2025-07-01 12:37,25.1700,2025-07-01 12:44,24.8600,25,7,32,25,7,32,0.013285,0.044398,intraday,intraday,0,0
2025-07-02 09:30,24.4500,2025-07-02 10:30,25.2700,2025-07-02 10:44,25.6600,2025-07-02 10:45,25.3900,14,1,15,14,1,15,0.015433,0.049489,intraday,intraday,0,0
2025-07-02 10:45,25.3900,2025-07-02 11:08,26.1700,2025-07-02 11:08,26.1700,2025-07-02 11:13,25.8800,0,5,5,0,5,5,0.000000,0.030721,intraday,intraday,0,0
2025-07-02 15:51,25.8100,2025-07-03 09:31,26.6500,2025-07-03 09:31,26.6500,2025-07-03 09:33,26.3600,0,2,2,0,2,2,0.000000,0.032546,intraday,intraday,0,0
2025-07-07 14:30,24.6200,2025-07-08 09:30,25.7200,2025-07-08 09:30,25.7200,2025-07-08 09:32,25.4000,0,2,2,0,2,2,0.000000,0.044679,intraday,intraday,0,0
2025-07-08 09:33,25.3600,2025-07-08 10:30,26.1700,2025-07-08 10:40,26.4900,2025-07-08 10:45,26.2100,10,5,15,10,5,15,0.012228,0.044558,intraday,intraday,0,0
2025-07-08 10:45,26.2100,2025-07-08 11:08,27.0000,2025-07-08 11:09,27.0200,2025-07-08 11:19,26.6900,1,10,11,1,10,11,0.000741,0.030904,intraday,intraday,0,0
2025-07-08 15:54,26.3300,2025-07-09 09:32,27.2000,2025-07-09 09:45,27.4100,2025-07-09 09:49,27.1300,13,4,17,13,4,17,0.007721,0.041018,intraday,intraday,0,0
2025-07-09 11:17,25.8900,2025-07-09 13:57,26.6800,2025-07-10 09:31,27.5100,2025-07-10 09:31,27.2100,124,0,124,1174,0,1174,0.031109,0.062572,overnight,intraday,0,1
2025-07-10 09:58,26.6600,2025-07-10 10:36,27.5200,2025-07-10 10:42,27.5700,2025-07-10 10:57,27.2800,6,15,21,6,15,21,0.001817,0.034134,intraday,intraday,0,0
2025-07-11 09:33,26.5500,2025-07-11 12:58,27.3700,2025-07-11 14:44,27.5400,2025-07-11 15:03,27.2600,106,19,125,106,19,125,0.006211,0.037288,intraday,intraday,0,0
2025-07-14 09:45,25.3200,2025-07-14 10:13,26.1500,2025-07-14 10:22,26.2800,2025-07-14 10:26,25.9800,9,4,13,9,4,13,0.004971,0.037915,intraday,intraday,0,0
2025-07-14 10:34,25.8400,2025-07-14 13:01,26.6200,2025-07-14 13:42,26.7800,2025-07-14 15:09,26.4800,41,87,128,41,87,128,0.006011,0.036378,intraday,intraday,0,0
2025-07-14 15:31,26.2900,2025-07-15 09:30,28.2600,2025-07-15 09:37,28.4600,2025-07-15 09:40,27.9700,7,3,10,7,3,10,0.007077,0.082541,intraday,intraday,0,0
2025-07-16 11:37,24.9100,2025-07-16 11:55,25.9500,2025-07-16 11:56,26.0200,2025-07-16 12:02,25.7500,1,6,7,1,6,7,0.002697,0.044560,intraday,intraday,0,0
2025-07-16 12:26,25.7100,2025-07-16 14:44,26.4900,2025-07-16 15:59,27.0500,2025-07-17 09:30,26.7700,75,1,76,75,1051,1126,0.021140,0.052120,overnight,overnight,1,1
2025-07-17 09:33,26.4200,2025-07-17 10:37,27.2200,2025-07-17 11:50,27.5200,2025-07-17 12:19,27.2300,73,29,102,73,29,102,0.011021,0.041635,intraday,intraday,0,0
2025-07-18 10:26,26.7500,2025-07-21 09:30,27.7300,2025-07-21 09:32,27.9400,2025-07-21 09:32,27.6400,2,0,2,2,0,2,0.007573,0.044486,intraday,intraday,0,0
2025-07-21 09:32,27.6400,2025-07-21 10:31,28.4700,2025-07-21 10:38,28.5000,2025-07-21 10:44,28.2100,7,6,13,7,6,13,0.001054,0.031114,intraday,intraday,0,0
2025-07-22 09:54,25.3400,2025-07-22 10:10,26.2000,2025-07-22 10:10,26.2000,2025-07-22 10:12,25.9000,0,2,2,0,2,2,0.000000,0.033938,intraday,intraday,0,0
2025-07-22 10:22,25.7800,2025-07-22 11:46,26.5800,2025-07-22 11:47,26.6200,2025-07-22 12:00,26.0800,1,13,14,1,13,14,0.001505,0.032583,intraday,intraday,0,0
2025-07-23 10:00,24.8400,2025-07-23 11:54,25.7100,2025-07-23 11:57,25.8100,2025-07-23 11:58,25.5400,3,1,4,3,1,4,0.003890,0.039050,intraday,intraday,0,0
2025-07-24 10:14,24.9500,2025-07-24 10:51,25.7100,2025-07-24 11:00,25.7500,2025-07-24 11:35,25.4500,9,35,44,9,35,44,0.001556,0.032064,intraday,intraday,0,0
2025-07-25 09:38,24.8300,2025-07-25 14:21,25.5900,2025-07-28 09:30,26.6100,2025-07-28 09:30,26.3300,99,0,99,4029,0,4029,0.039859,0.071687,weekend,intraday,1,1
2025-07-28 09:30,26.3300,2025-07-29 09:30,27.7000,2025-07-29 09:37,27.9800,2025-07-29 09:49,27.6800,7,12,19,7,12,19,0.010108,0.062666,intraday,intraday,0,0
2025-07-29 11:43,26.5000,2025-07-29 13:04,27.3200,2025-07-29 14:04,27.6000,2025-07-29 14:23,27.3100,60,19,79,60,19,79,0.010249,0.041509,intraday,intraday,0,0
2025-07-29 15:57,26.9800,2025-07-30 09:32,27.8100,2025-07-30 09:35,27.9300,2025-07-30 09:40,27.6500,3,5,8,3,5,8,0.004315,0.035211,intraday,intraday,0,0
2025-07-31 14:16,24.2000,2025-07-31 14:30,24.9600,2025-07-31 14:46,25.2200,2025-07-31 14:59,24.9500,16,13,29,16,13,29,0.010417,0.042149,intraday,intraday,0,0
2025-08-01 10:03,22.5600,2025-08-01 10:12,23.3300,2025-08-01 10:34,24.0400,2025-08-01 10:39,23.7400,22,5,27,22,5,27,0.030433,0.065603,intraday,intraday,0,0
2025-08-01 11:01,23.5100,2025-08-01 11:44,24.2400,2025-08-01 12:26,24.8300,2025-08-01 12:30,24.5100,42,4,46,42,4,46,0.024340,0.056146,intraday,intraday,0,0
2025-08-01 14:13,23.4200,2025-08-01 14:44,24.1700,2025-08-01 14:45,24.1800,2025-08-01 14:50,23.8800,1,5,6,1,5,6,0.000414,0.032451,intraday,intraday,0,0
2025-08-01 14:57,23.6500,2025-08-04 09:30,24.6700,2025-08-04 09:30,24.6700,2025-08-04 09:31,24.3100,0,1,1,0,1,1,0.000000,0.043129,intraday,intraday,0,0
2025-08-04 09:32,24.2400,2025-08-04 10:17,24.9800,2025-08-04 10:18,24.9900,2025-08-04 10:31,24.7000,1,13,14,1,13,14,0.000400,0.030941,intraday,intraday,0,0
2025-08-04 10:45,24.5500,2025-08-05 09:30,25.4500,2025-08-05 09:30,25.4500,2025-08-05 09:31,25.0800,0,1,1,0,1,1,0.000000,0.036660,intraday,intraday,0,0
2025-08-05 10:49,23.6100,2025-08-05 11:03,24.3300,2025-08-05 11:03,24.3300,2025-08-05 11:10,24.0300,0,7,7,0,7,7,0.000000,0.030496,intraday,intraday,0,0
2025-08-05 11:36,24.0000,2025-08-05 13:46,24.7300,2025-08-05 14:09,24.9500,2025-08-05 14:15,24.6600,23,6,29,23,6,29,0.008896,0.039583,intraday,intraday,0,0
2025-08-06 10:52,22.9500,2025-08-06 11:44,23.6500,2025-08-06 11:53,23.8500,2025-08-06 12:00,23.6100,9,7,16,9,7,16,0.008457,0.039216,intraday,intraday,0,0
2025-08-06 12:45,23.3800,2025-08-06 15:33,24.1000,2025-08-07 09:33,25.8000,2025-08-07 09:36,25.5200,30,3,33,1080,3,1083,0.070539,0.103507,overnight,intraday,0,1
2025-08-07 14:17,24.5300,2025-08-08 09:38,25.2700,2025-08-08 09:47,25.7200,2025-08-08 09:52,25.4400,9,5,14,9,5,14,0.017808,0.048512,intraday,intraday,0,0
2025-08-08 10:15,25.4000,2025-08-11 09:30,26.4700,2025-08-11 09:48,26.8900,2025-08-11 09:54,26.6000,18,6,24,18,6,24,0.015867,0.058661,intraday,intraday,0,0
2025-08-11 15:56,25.4500,2025-08-12 09:30,26.2400,2025-08-12 09:30,26.2400,2025-08-12 09:31,25.7300,0,1,1,0,1,1,0.000000,0.031041,intraday,intraday,0,0
2025-08-12 09:33,25.6800,2025-08-12 10:07,26.4800,2025-08-13 09:51,29.2900,2025-08-13 09:56,28.9300,374,5,379,1424,5,1429,0.106118,0.140576,overnight,intraday,0,1
2025-08-13 11:16,28.3100,2025-08-13 15:13,29.1900,2025-08-13 15:54,29.3300,2025-08-14 09:30,28.0500,41,6,47,41,1056,1097,0.004796,0.036030,overnight,overnight,1,1
2025-08-14 09:31,27.9500,2025-08-14 10:32,28.8200,2025-08-14 10:47,28.9400,2025-08-14 10:57,28.5800,15,10,25,15,10,25,0.004164,0.035420,intraday,intraday,0,0
2025-08-14 12:28,28.3200,2025-08-14 15:41,29.3300,2025-08-14 15:53,29.6600,2025-08-14 15:59,29.3500,12,6,18,12,6,18,0.011251,0.047316,intraday,intraday,0,0
2025-08-15 09:54,27.2200,2025-08-15 10:15,28.0700,2025-08-15 10:16,28.0800,2025-08-15 10:18,27.7800,1,2,3,1,2,3,0.000356,0.031594,intraday,intraday,0,0
2025-08-18 09:30,27.0300,2025-08-19 10:10,27.8600,2025-08-19 10:10,27.8600,2025-08-19 10:25,27.5500,0,15,15,0,15,15,0.000000,0.030707,intraday,intraday,0,0
2025-08-20 10:17,23.6600,2025-08-20 10:24,24.4600,2025-08-20 10:26,24.5800,2025-08-20 10:28,24.2800,2,2,4,2,2,4,0.004906,0.038884,intraday,intraday,0,0
2025-08-20 10:46,23.9000,2025-08-20 11:18,24.6500,2025-08-20 11:34,25.1600,2025-08-20 11:48,24.8500,16,14,30,16,14,30,0.020690,0.052720,intraday,intraday,0,0
2025-08-20 11:56,24.5300,2025-08-20 12:27,25.2900,2025-08-20 12:27,25.2900,2025-08-20 12:36,25.0200,0,9,9,0,9,9,0.000000,0.030982,intraday,intraday,0,0
2025-08-20 12:58,24.7700,2025-08-20 15:23,25.5600,2025-08-20 15:55,25.8800,2025-08-21 09:30,25.1600,32,5,37,32,1055,1087,0.012520,0.044812,overnight,overnight,1,1
2025-08-21 10:00,24.9000,2025-08-21 10:17,25.7000,2025-08-21 10:29,25.9000,2025-08-21 10:32,25.6200,12,3,15,12,3,15,0.007782,0.040161,intraday,intraday,0,0
2025-08-21 13:22,24.9700,2025-08-22 09:34,25.7200,2025-08-22 09:50,26.3100,2025-08-22 09:57,26.0000,16,7,23,16,7,23,0.022939,0.053664,intraday,intraday,0,0
2025-08-22 09:58,25.9800,2025-08-22 10:00,27.0500,2025-08-22 10:01,27.3400,2025-08-22 10:01,27.0300,1,0,1,1,0,1,0.010721,0.052348,intraday,intraday,0,0
2025-08-22 10:01,27.0300,2025-08-22 10:09,27.8500,2025-08-22 10:10,27.9100,2025-08-22 10:11,27.6200,1,1,2,1,1,2,0.002154,0.032556,intraday,intraday,0,0
2025-08-22 10:23,27.3000,2025-08-22 10:36,28.1800,2025-08-22 10:47,28.3200,2025-08-22 10:49,28.0100,11,2,13,11,2,13,0.004968,0.037363,intraday,intraday,0,0
2025-08-25 09:47,26.8100,2025-08-26 09:30,27.8000,2025-08-26 09:32,27.9200,2025-08-26 09:38,27.6300,2,6,8,2,6,8,0.004317,0.041402,intraday,intraday,0,0
2025-08-27 09:31,27.2800,2025-08-27 12:49,28.1100,2025-08-27 14:16,28.2100,2025-08-27 15:12,27.7900,87,56,143,87,56,143,0.003557,0.034091,intraday,intraday,0,0
2025-08-27 15:13,27.7600,2025-08-28 09:30,28.9500,2025-08-28 09:31,28.9900,2025-08-28 09:35,28.6400,1,4,5,1,4,5,0.001382,0.044308,intraday,intraday,0,0
2025-08-28 09:58,27.9600,2025-08-28 15:53,28.8100,2025-08-28 15:53,28.8100,2025-08-28 15:59,28.5000,0,6,6,0,6,6,0.000000,0.030401,intraday,intraday,0,0
2025-09-02 09:30,23.8000,2025-09-02 09:48,24.5700,2025-09-02 09:50,24.8000,2025-09-02 09:50,24.5200,2,0,2,2,0,2,0.009361,0.042017,intraday,intraday,0,0
2025-09-02 11:53,23.9000,2025-09-02 13:34,24.6500,2025-09-02 13:44,24.7300,2025-09-02 14:00,24.4800,10,16,26,10,16,26,0.003245,0.034728,intraday,intraday,0,0
2025-09-02 14:00,24.4800,2025-09-02 15:54,25.2400,2025-09-03 09:30,25.4100,2025-09-03 09:30,25.1300,6,0,6,1056,0,1056,0.006735,0.037990,overnight,intraday,1,1
2025-09-03 14:24,24.1200,2025-09-03 15:55,24.8500,2025-09-03 15:59,24.9100,2025-09-04 09:30,24.1300,4,1,5,4,1051,1055,0.002414,0.032753,overnight,overnight,1,1
2025-09-04 09:42,23.9800,2025-09-04 10:24,24.7200,2025-09-04 15:26,25.7200,2025-09-04 15:48,25.4600,302,22,324,302,22,324,0.040453,0.072560,intraday,intraday,0,0
2025-09-04 15:50,25.4400,2025-09-05 09:30,26.8400,2025-09-05 09:30,26.8400,2025-09-05 09:31,26.3600,0,1,1,0,1,1,0.000000,0.055031,intraday,intraday,0,0
2025-09-05 11:10,25.6000,2025-09-05 11:37,26.3700,2025-09-05 11:43,26.5000,2025-09-05 11:50,26.2300,6,7,13,6,7,13,0.004930,0.035156,intraday,intraday,0,0
2025-09-05 13:43,25.9000,2025-09-08 09:30,27.1700,2025-09-08 09:30,27.1700,2025-09-08 09:32,26.8100,0,2,2,0,2,2,0.000000,0.049035,intraday,intraday,0,0
2025-09-09 10:38,26.5600,2025-09-10 09:30,28.5000,2025-09-10 09:30,28.5000,2025-09-10 09:31,28.1600,0,1,1,0,1,1,0.000000,0.073042,intraday,intraday,0,0
2025-09-10 14:26,28.0600,2025-09-11 09:30,29.2900,2025-09-11 09:34,29.6100,2025-09-11 09:35,29.3000,4,1,5,4,1,5,0.010925,0.055239,intraday,intraday,0,0
2025-09-12 10:12,28.7900,2025-09-15 09:51,29.6800,2025-09-15 10:00,29.8700,2025-09-15 10:06,29.5000,9,6,15,9,6,15,0.006402,0.037513,intraday,intraday,0,0
2025-09-15 10:11,29.3800,2025-09-16 09:30,30.4900,2025-09-16 09:33,30.6400,2025-09-16 09:45,30.3200,3,12,15,3,12,15,0.004920,0.042886,intraday,intraday,0,0
2025-09-16 11:58,29.7900,2025-09-17 10:09,30.7100,2025-09-17 10:21,30.7600,2025-09-17 10:32,30.4500,12,11,23,12,11,23,0.001628,0.032561,intraday,intraday,0,0
2025-09-17 12:58,30.1700,2025-09-17 14:04,31.2400,2025-09-17 14:05,31.2500,2025-09-17 14:06,30.8800,1,1,2,1,1,2,0.000320,0.035797,intraday,intraday,0,0
2025-09-17 14:15,29.5800,2025-09-17 14:23,30.5100,2025-09-17 14:30,30.6200,2025-09-17 14:31,30.2600,7,1,8,7,1,8,0.003605,0.035159,intraday,intraday,0,0
2025-09-17 14:54,29.1600,2025-09-17 14:59,30.0700,2025-09-17 15:01,30.3900,2025-09-17 15:01,29.9800,2,0,2,2,0,2,0.010642,0.042181,intraday,intraday,0,0
2025-09-17 15:01,29.9800,2025-09-18 09:30,32.8400,2025-09-18 09:31,32.9000,2025-09-18 09:40,32.5300,1,9,10,1,9,10,0.001827,0.097398,intraday,intraday,0,0
2025-09-18 09:41,32.4300,2025-09-18 10:05,33.4200,2025-09-18 10:32,34.0900,2025-09-18 10:38,33.7300,27,6,33,27,6,33,0.020048,0.051187,intraday,intraday,0,0
2025-09-19 11:35,32.1200,2025-09-22 09:30,33.6200,2025-09-22 09:36,33.9600,2025-09-22 09:40,33.5900,6,4,10,6,4,10,0.010113,0.057285,intraday,intraday,0,0
2025-09-22 09:40,33.5900,2025-09-22 12:16,34.6100,2025-09-22 14:20,34.7500,2025-09-22 15:52,34.4000,124,92,216,124,92,216,0.004045,0.034534,intraday,intraday,0,0
2025-09-24 12:12,32.8100,2025-09-24 13:06,33.8300,2025-09-24 14:53,34.3400,2025-09-24 15:45,33.9900,107,52,159,107,52,159,0.015075,0.046632,intraday,intraday,0,0
2025-09-25 09:44,31.3600,2025-09-25 10:04,32.4100,2025-09-25 10:56,33.2900,2025-09-25 11:07,32.9500,52,11,63,52,11,63,0.027152,0.061543,intraday,intraday,0,0
2025-09-25 11:27,32.8800,2025-09-25 11:42,33.8700,2025-09-25 11:49,34.0600,2025-09-25 12:14,33.6900,7,25,32,7,25,32,0.005610,0.035888,intraday,intraday,0,0
2025-09-25 14:04,32.5900,2025-09-25 14:25,33.6000,2025-09-25 14:55,33.8200,2025-09-25 15:24,33.4400,30,29,59,30,29,59,0.006548,0.037742,intraday,intraday,0,0
2025-09-26 10:27,32.8300,2025-09-26 12:25,33.8600,2025-09-26 14:26,34.2300,2025-09-26 14:54,33.8800,121,28,149,121,28,149,0.010927,0.042644,intraday,intraday,0,0
2025-09-26 14:54,33.8800,2025-09-29 09:30,35.2400,2025-09-29 10:44,35.4900,2025-09-29 10:56,35.1300,74,12,86,74,12,86,0.007094,0.047521,intraday,intraday,0,0
2025-09-30 13:31,33.5700,2025-09-30 15:50,34.6300,2025-09-30 15:57,34.9600,2025-10-01 09:30,33.9800,7,3,10,7,1053,1060,0.009529,0.041406,overnight,overnight,1,1
2025-10-01 09:30,33.9800,2025-10-01 10:20,35.0100,2025-10-01 10:36,35.7200,2025-10-01 10:45,35.3200,16,9,25,16,9,25,0.020280,0.051207,intraday,intraday,0,0
2025-10-01 11:18,35.0500,2025-10-01 14:00,36.2700,2025-10-01 14:17,36.3300,2025-10-01 15:02,35.9600,17,45,62,17,45,62,0.001654,0.036519,intraday,intraday,0,0
2025-10-01 15:03,35.9100,2025-10-02 09:30,39.1000,2025-10-02 09:30,39.1000,2025-10-02 09:37,38.6700,0,7,7,0,7,7,0.000000,0.088833,intraday,intraday,0,0
2025-10-02 09:43,38.1400,2025-10-02 15:27,39.2900,2025-10-03 09:31,39.7200,2025-10-03 09:31,39.2500,34,0,34,1084,0,1084,0.010944,0.041426,overnight,intraday,0,1
2025-10-03 13:54,37.6200,2025-10-06 09:30,43.0800,2025-10-06 09:31,43.2300,2025-10-06 09:31,42.6900,1,0,1,1,0,1,0.003482,0.149123,intraday,intraday,0,0
2025-10-06 15:59,41.6600,2025-10-07 09:30,42.9300,2025-10-07 09:31,42.9600,2025-10-07 09:31,42.4800,1,0,1,1,0,1,0.000699,0.031205,intraday,intraday,0,0
2025-10-08 09:30,38.6800,2025-10-08 09:45,39.8600,2025-10-08 10:01,40.6200,2025-10-08 10:13,40.2100,16,12,28,16,12,28,0.019067,0.050155,intraday,intraday,0,0
2025-10-08 10:22,40.0800,2025-10-08 11:21,41.3200,2025-10-08 15:57,42.9400,2025-10-09 09:30,42.3100,276,3,279,276,1053,1329,0.039206,0.071357,overnight,overnight,1,1
2025-10-09 13:30,41.0100,2025-10-09 15:59,42.2500,2025-10-10 09:31,42.8400,2025-10-10 09:33,42.3000,2,2,4,1052,2,1054,0.013964,0.044623,overnight,intraday,0,1
2025-10-10 11:34,36.1000,2025-10-10 11:37,37.3700,2025-10-10 11:38,37.4400,2025-10-10 11:38,36.9900,1,0,1,1,0,1,0.001873,0.037119,intraday,intraday,0,0
2025-10-10 11:40,36.5800,2025-10-10 11:44,37.7800,2025-10-10 11:45,38.1300,2025-10-10 11:45,37.7100,1,0,1,1,0,1,0.009264,0.042373,intraday,intraday,0,0
2025-10-10 13:09,36.0200,2025-10-10 13:27,37.1100,2025-10-10 13:38,37.6100,2025-10-10 13:43,37.1700,11,5,16,11,5,16,0.013473,0.044142,intraday,intraday,0,0
2025-10-10 15:57,34.1600,2025-10-13 09:30,38.3700,2025-10-13 09:31,38.5300,2025-10-13 09:31,38.0200,1,0,1,1,0,1,0.004170,0.127927,intraday,intraday,0,0
2025-10-13 09:41,37.3700,2025-10-13 09:52,38.6300,2025-10-13 09:53,38.7300,2025-10-13 09:54,38.2600,1,1,2,1,1,2,0.002589,0.036393,intraday,intraday,0,0
2025-10-13 10:22,37.8200,2025-10-13 11:20,38.9700,2025-10-13 12:56,39.4700,2025-10-13 13:12,39.0700,96,16,112,96,16,112,0.012830,0.043628,intraday,intraday,0,0
2025-10-14 09:38,35.9500,2025-10-14 10:13,37.0800,2025-10-14 10:28,37.9800,2025-10-14 10:31,37.3800,15,3,18,15,3,18,0.024272,0.056467,intraday,intraday,0,0
2025-10-14 10:58,37.1200,2025-10-14 12:20,38.3700,2025-10-14 12:52,38.9300,2025-10-14 12:56,38.5400,32,4,36,32,4,36,0.014595,0.048761,intraday,intraday,0,0
2025-10-14 15:58,36.5200,2025-10-15 09:30,39.5600,2025-10-15 09:30,39.5600,2025-10-15 09:31,38.7500,0,1,1,0,1,1,0.000000,0.083242,intraday,intraday,0,0
2025-10-15 09:44,38.2400,2025-10-15 10:06,39.4900,2025-10-15 10:10,39.7800,2025-10-15 10:14,39.3200,4,4,8,4,4,8,0.007344,0.040272,intraday,intraday,0,0
2025-10-15 13:15,37.7100,2025-10-15 13:35,38.9500,2025-10-15 14:00,39.6600,2025-10-15 14:03,39.1900,25,3,28,25,3,28,0.018228,0.051710,intraday,intraday,0,0
2025-10-15 14:03,39.1900,2025-10-16 09:30,41.4500,2025-10-16 09:31,41.6300,2025-10-16 09:31,41.1900,1,0,1,1,0,1,0.004343,0.062261,intraday,intraday,0,0
2025-10-16 09:50,40.3900,2025-10-16 10:23,41.6100,2025-10-16 10:23,41.6100,2025-10-16 10:26,41.0300,0,3,3,0,3,3,0.000000,0.030205,intraday,intraday,0,0
2025-10-16 12:33,39.3400,2025-10-16 12:55,40.6000,2025-10-16 12:59,40.9200,2025-10-16 13:01,40.4800,4,2,6,4,2,6,0.007882,0.040163,intraday,intraday,0,0
2025-10-16 14:32,39.2800,2025-10-16 14:59,40.4800,2025-10-16 15:00,40.4900,2025-10-16 15:13,39.9200,1,13,14,1,13,14,0.000247,0.030804,intraday,intraday,0,0
2025-10-17 09:46,38.9100,2025-10-17 09:54,40.1800,2025-10-17 09:57,40.4600,2025-10-17 09:59,39.9800,3,2,5,3,2,5,0.006969,0.039836,intraday,intraday,0,0
2025-10-17 11:36,38.3200,2025-10-17 11:50,39.4700,2025-10-17 12:30,40.0800,2025-10-17 12:41,39.6200,40,11,51,40,11,51,0.015455,0.045929,intraday,intraday,0,0
2025-10-17 13:45,38.9800,2025-10-17 15:02,40.1600,2025-10-17 15:21,40.5100,2025-10-17 15:32,40.0900,19,11,30,19,11,30,0.008715,0.039251,intraday,intraday,0,0
2025-10-17 15:32,40.0900,2025-10-20 09:30,41.7500,2025-10-20 09:38,42.4900,2025-10-20 09:41,41.9900,8,3,11,8,3,11,0.017725,0.059865,intraday,intraday,0,0
2025-10-21 10:33,40.5200,2025-10-21 11:53,41.7600,2025-10-21 12:28,42.0300,2025-10-21 12:52,41.5700,35,24,59,35,24,59,0.006466,0.037266,intraday,intraday,0,0
2025-10-22 10:46,37.9000,2025-10-22 10:57,39.0800,2025-10-22 11:01,39.2900,2025-10-22 11:08,38.8600,4,7,11,4,7,11,0.005374,0.036675,intraday,intraday,0,0
2025-10-22 11:31,37.5000,2025-10-22 11:46,38.6800,2025-10-22 11:52,38.7700,2025-10-22 12:01,38.3500,6,9,15,6,9,15,0.002327,0.033867,intraday,intraday,0,0
2025-10-22 13:55,35.9800,2025-10-22 14:43,37.1300,2025-10-22 15:42,38.4800,2025-10-22 15:48,38.0300,59,6,65,59,6,65,0.036359,0.069483,intraday,intraday,0,0
2025-10-23 09:30,37.5500,2025-10-23 09:34,38.7100,2025-10-23 09:50,40.2300,2025-10-23 09:50,39.7900,16,0,16,16,0,16,0.039266,0.071372,intraday,intraday,0,0
2025-10-23 10:19,39.5600,2025-10-23 11:48,40.7500,2025-10-23 12:19,41.2100,2025-10-23 13:08,40.6100,31,49,80,31,49,80,0.011288,0.041709,intraday,intraday,0,0
2025-10-23 13:09,40.5700,2025-10-24 09:30,43.4300,2025-10-24 09:32,43.7000,2025-10-24 09:32,43.2100,2,0,2,2,0,2,0.006217,0.077151,intraday,intraday,0,0
2025-10-24 10:56,42.9600,2025-10-27 09:30,45.6300,2025-10-27 09:41,45.9000,2025-10-27 09:48,45.4400,11,7,18,11,7,18,0.005917,0.068436,intraday,intraday,0,0
2025-10-27 09:51,45.1300,2025-10-27 10:28,46.6000,2025-10-27 10:40,47.1600,2025-10-27 10:46,46.5900,12,6,18,12,6,18,0.012017,0.044981,intraday,intraday,0,0
2025-10-28 09:51,45.9400,2025-10-28 12:30,47.4300,2025-10-28 13:14,47.6100,2025-10-28 13:29,47.1200,44,15,59,44,15,59,0.003795,0.036352,intraday,intraday,0,0
2025-10-28 15:59,46.8900,2025-10-29 09:30,49.9900,2025-10-29 09:32,50.2100,2025-10-29 09:37,49.6000,2,5,7,2,5,7,0.004401,0.070804,intraday,intraday,0,0
2025-10-29 14:41,48.0500,2025-10-29 14:51,49.5000,2025-10-29 14:55,49.8500,2025-10-29 14:56,49.3200,4,1,5,4,1,5,0.007071,0.037461,intraday,intraday,0,0
2025-10-30 09:40,47.5600,2025-10-30 09:47,48.9900,2025-10-30 10:00,49.9700,2025-10-30 10:02,49.3800,13,2,15,13,2,15,0.020004,0.050673,intraday,intraday,0,0
2025-10-30 15:59,47.2700,2025-10-31 09:30,48.8000,2025-10-31 09:38,49.3300,2025-10-31 09:45,48.6500,8,7,15,8,7,15,0.010861,0.043579,intraday,intraday,0,0
2025-10-31 10:05,48.4700,2025-10-31 10:45,49.9400,2025-10-31 10:46,49.9900,2025-10-31 11:03,49.4800,1,17,18,1,17,18,0.001001,0.031360,intraday,intraday,0,0
2025-10-31 13:06,46.7100,2025-10-31 15:08,48.2100,2025-10-31 15:34,48.7200,2025-10-31 15:47,48.2300,26,13,39,26,13,39,0.010579,0.043031,intraday,intraday,0,0
2025-10-31 15:59,47.6800,2025-11-03 09:30,50.1400,2025-11-03 09:31,50.1900,2025-11-03 09:32,49.6300,1,1,2,1,1,2,0.000997,0.052643,intraday,intraday,0,0
2025-11-04 09:34,44.1600,2025-11-04 09:40,45.4900,2025-11-04 09:45,45.9800,2025-11-04 09:47,45.5000,5,2,7,5,2,7,0.010772,0.041214,intraday,intraday,0,0
2025-11-04 09:48,45.4900,2025-11-04 09:59,46.8800,2025-11-04 09:59,46.8800,2025-11-04 10:05,46.1900,0,6,6,0,6,6,0.000000,0.030556,intraday,intraday,0,0
2025-11-04 15:57,42.5300,2025-11-05 09:30,44.0500,2025-11-05 09:32,44.2700,2025-11-05 09:32,43.7400,2,0,2,2,0,2,0.004994,0.040912,intraday,intraday,0,0
2025-11-05 09:36,43.6000,2025-11-05 09:48,45.0800,2025-11-05 09:53,45.8500,2025-11-05 10:04,45.3400,5,11,16,5,11,16,0.017081,0.051606,intraday,intraday,0,0
2025-11-05 10:22,44.9700,2025-11-05 11:43,46.3600,2025-11-05 11:49,46.5900,2025-11-05 12:10,46.1200,6,21,27,6,21,27,0.004961,0.036024,intraday,intraday,0,0
2025-11-05 12:10,46.1200,2025-11-05 13:38,47.6000,2025-11-05 15:22,48.4300,2025-11-05 15:33,47.9300,104,11,115,104,11,115,0.017437,0.050087,intraday,intraday,0,0
2025-11-06 12:26,42.1500,2025-11-06 12:45,43.4400,2025-11-06 12:54,44.0000,2025-11-06 13:04,43.4300,9,10,19,9,10,19,0.012891,0.043891,intraday,intraday,0,0
2025-11-06 13:10,42.8400,2025-11-06 13:31,44.1300,2025-11-06 13:39,44.3900,2025-11-06 13:46,43.8300,8,7,15,8,7,15,0.005892,0.036181,intraday,intraday,0,0
2025-11-07 09:39,38.8800,2025-11-07 09:43,40.2200,2025-11-07 09:45,40.5300,2025-11-07 09:45,40.1100,2,0,2,2,0,2,0.007708,0.042438,intraday,intraday,0,0
2025-11-07 09:48,39.7400,2025-11-07 09:56,40.9700,2025-11-07 09:58,41.2200,2025-11-07 10:00,40.3900,2,2,4,2,2,4,0.006102,0.037242,intraday,intraday,0,0
2025-11-07 10:07,39.4000,2025-11-07 10:11,40.7000,2025-11-07 10:11,40.7000,2025-11-07 10:12,40.0800,0,1,1,0,1,1,0.000000,0.032995,intraday,intraday,0,0
2025-11-07 11:58,37.0400,2025-11-07 12:21,38.1600,2025-11-07 12:27,38.6000,2025-11-07 12:28,38.2000,6,1,7,6,1,7,0.011530,0.042117,intraday,intraday,0,0
2025-11-07 12:50,37.8400,2025-11-07 13:11,38.9900,2025-11-07 13:15,39.2200,2025-11-07 13:17,38.8200,4,2,6,4,2,6,0.005899,0.036469,intraday,intraday,0,0
2025-11-07 13:51,38.6300,2025-11-07 14:32,39.8600,2025-11-07 14:44,40.6200,2025-11-07 14:47,40.1200,12,3,15,12,3,15,0.019067,0.051514,intraday,intraday,0,0
2025-11-07 15:26,39.9400,2025-11-07 15:55,41.2300,2025-11-10 09:34,45.5200,2025-11-10 09:36,44.9900,9,2,11,3939,2,3941,0.104050,0.139710,weekend,intraday,0,1
2025-11-10 11:05,43.4600,2025-11-10 12:42,44.8200,2025-11-10 13:49,45.1600,2025-11-10 14:02,44.5700,67,13,80,67,13,80,0.007586,0.039116,intraday,intraday,0,0
2025-11-11 10:53,41.6500,2025-11-11 13:20,42.9200,2025-11-11 13:20,42.9200,2025-11-11 13:24,42.4100,0,4,4,0,4,4,0.000000,0.030492,intraday,intraday,0,0
2025-11-11 15:31,41.7300,2025-11-12 09:30,44.1500,2025-11-12 09:33,44.3600,2025-11-12 09:34,43.9000,3,1,4,3,1,4,0.004757,0.063024,intraday,intraday,0,0
2025-11-12 09:50,42.8500,2025-11-12 10:06,44.1800,2025-11-12 10:10,44.6300,2025-11-12 10:12,43.9200,4,2,6,4,2,6,0.010186,0.041540,intraday,intraday,0,0
2025-11-13 09:44,40.4000,2025-11-13 09:51,41.7800,2025-11-13 09:52,41.8800,2025-11-13 09:54,41.2900,1,2,3,1,2,3,0.002393,0.036634,intraday,intraday,0,0
2025-11-13 10:04,40.9400,2025-11-13 10:12,42.1900,2025-11-13 10:16,42.6400,2025-11-13 10:17,42.0300,4,1,5,4,1,5,0.010666,0.041524,intraday,intraday,0,0
2025-11-13 15:21,38.0000,2025-11-13 15:41,39.1400,2025-11-13 15:47,39.3400,2025-11-13 15:50,38.8900,6,3,9,6,3,9,0.005110,0.035263,intraday,intraday,0,0
2025-11-14 09:33,35.1500,2025-11-14 09:36,36.7000,2025-11-14 09:41,37.3900,2025-11-14 09:41,36.9400,5,0,5,5,0,5,0.018801,0.063727,intraday,intraday,0,0
2025-11-14 09:41,36.9400,2025-11-14 09:46,38.2500,2025-11-14 09:48,38.6500,2025-11-14 09:48,38.2500,2,0,2,2,0,2,0.010458,0.046291,intraday,intraday,0,0
2025-11-14 09:51,37.9900,2025-11-14 10:06,39.1800,2025-11-14 10:06,39.1800,2025-11-14 10:07,38.4200,0,1,1,0,1,1,0.000000,0.031324,intraday,intraday,0,0
2025-11-14 10:21,37.9400,2025-11-14 10:38,39.0800,2025-11-14 10:46,40.0500,2025-11-14 10:46,39.6200,8,0,8,8,0,8,0.024821,0.055614,intraday,intraday,0,0
2025-11-14 11:05,39.1900,2025-11-14 11:25,40.4900,2025-11-14 11:28,40.6000,2025-11-14 11:30,40.1900,3,2,5,3,2,5,0.002717,0.035979,intraday,intraday,0,0
2025-11-17 09:30,37.5100,2025-11-17 09:33,38.7800,2025-11-17 09:34,39.1000,2025-11-17 09:34,38.6800,1,0,1,1,0,1,0.008252,0.042389,intraday,intraday,0,0
2025-11-17 09:35,38.6600,2025-11-17 09:49,39.8800,2025-11-17 09:55,40.0800,2025-11-17 09:57,39.5000,6,2,8,6,2,8,0.005015,0.036730,intraday,intraday,0,0
2025-11-17 11:16,37.5700,2025-11-17 11:41,38.7200,2025-11-17 11:58,38.8800,2025-11-17 12:11,38.4700,17,13,30,17,13,30,0.004132,0.034868,intraday,intraday,0,0
2025-11-17 15:40,35.5300,2025-11-17 15:51,36.7000,2025-11-17 15:51,36.7000,2025-11-17 15:53,36.3300,0,2,2,0,2,2,0.000000,0.032930,intraday,intraday,0,0
2025-11-18 10:05,33.1600,2025-11-18 10:07,34.1800,2025-11-18 10:07,34.1800,2025-11-18 10:09,33.7400,0,2,2,0,2,2,0.000000,0.030760,intraday,intraday,0,0
2025-11-18 10:17,33.1500,2025-11-18 10:20,34.1600,2025-11-18 10:23,34.5100,2025-11-18 10:24,33.8900,3,1,4,3,1,4,0.010246,0.041026,intraday,intraday,0,0
2025-11-18 11:03,33.2300,2025-11-18 11:11,34.3200,2025-11-18 11:11,34.3200,2025-11-18 11:12,33.9300,0,1,1,0,1,1,0.000000,0.032802,intraday,intraday,0,0
2025-11-18 11:15,33.7600,2025-11-18 11:27,34.7800,2025-11-18 11:38,35.1200,2025-11-18 11:39,34.7300,11,1,12,11,1,12,0.009776,0.040284,intraday,intraday,0,0
2025-11-18 12:31,34.0700,2025-11-18 12:40,35.2400,2025-11-18 12:43,35.5000,2025-11-18 12:45,35.1100,3,2,5,3,2,5,0.007378,0.041972,intraday,intraday,0,0
2025-11-18 15:49,34.2800,2025-11-19 09:36,35.3700,2025-11-19 09:36,35.3700,2025-11-19 09:38,34.8900,0,2,2,0,2,2,0.000000,0.031797,intraday,intraday,0,0
2025-11-19 09:38,34.8900,2025-11-19 09:52,35.9400,2025-11-19 10:08,36.9500,2025-11-19 10:10,36.5000,16,2,18,16,2,18,0.028102,0.059043,intraday,intraday,0,0
2025-11-19 12:39,34.2000,2025-11-19 12:56,35.2300,2025-11-19 13:04,35.2700,2025-11-19 13:07,34.8200,8,3,11,8,3,11,0.001135,0.031287,intraday,intraday,0,0
2025-11-19 13:30,34.8000,2025-11-19 15:15,35.9300,2025-11-19 15:22,36.3500,2025-11-19 15:24,35.9600,7,2,9,7,2,9,0.011689,0.044540,intraday,intraday,0,0
2025-11-19 15:50,35.8600,2025-11-20 09:30,39.1500,2025-11-20 09:30,39.1500,2025-11-20 09:31,38.5900,0,1,1,0,1,1,0.000000,0.091746,intraday,intraday,0,0
2025-11-20 09:45,37.8600,2025-11-20 10:04,39.0600,2025-11-20 10:05,39.0700,2025-11-20 10:05,38.6400,1,0,1,1,0,1,0.000256,0.031960,intraday,intraday,0,0
2025-11-20 12:20,32.5700,2025-11-20 12:27,33.6200,2025-11-20 12:28,33.6400,2025-11-20 12:29,33.2600,1,1,2,1,1,2,0.000595,0.032852,intraday,intraday,0,0
2025-11-20 12:36,32.5700,2025-11-20 12:41,33.5800,2025-11-20 12:41,33.5800,2025-11-20 12:42,33.2300,0,1,1,0,1,1,0.000000,0.031010,intraday,intraday,0,0
2025-11-20 12:46,32.6300,2025-11-20 13:06,33.9100,2025-11-20 13:15,34.7000,2025-11-20 13:16,34.2100,9,1,10,9,1,10,0.023297,0.063439,intraday,intraday,0,0
2025-11-20 14:08,31.8000,2025-11-20 14:57,32.8000,2025-11-20 14:59,32.8700,2025-11-20 15:00,32.4700,2,1,3,2,1,3,0.002134,0.033648,intraday,intraday,0,0
2025-11-21 09:46,29.5400,2025-11-21 09:49,30.4300,2025-11-21 09:50,30.5300,2025-11-21 09:50,30.1900,1,0,1,1,0,1,0.003286,0.033514,intraday,intraday,0,0
2025-11-21 10:03,29.5800,2025-11-21 10:06,30.5300,2025-11-21 10:06,30.5300,2025-11-21 10:07,30.1200,0,1,1,0,1,1,0.000000,0.032116,intraday,intraday,0,0
2025-11-21 10:22,28.9200,2025-11-21 10:25,30.0200,2025-11-21 10:25,30.0200,2025-11-21 10:26,29.2700,0,1,1,0,1,1,0.000000,0.038036,intraday,intraday,0,0
2025-11-21 10:40,28.1200,2025-11-21 10:44,29.2800,2025-11-21 10:44,29.2800,2025-11-21 10:45,28.7800,0,1,1,0,1,1,0.000000,0.041252,intraday,intraday,0,0
2025-11-21 11:05,28.4300,2025-11-21 11:13,29.4400,2025-11-21 11:17,29.5100,2025-11-21 11:17,29.1600,4,0,4,4,0,4,0.002378,0.037988,intraday,intraday,0,0
2025-11-21 11:20,28.8500,2025-11-21 11:23,29.7600,2025-11-21 11:43,30.8900,2025-11-21 11:45,30.4800,20,2,22,20,2,22,0.037970,0.070711,intraday,intraday,0,0
2025-11-21 11:45,30.4800,2025-11-21 11:56,31.4900,2025-11-21 11:58,31.9200,2025-11-21 11:58,31.5600,2,0,2,2,0,2,0.013655,0.047244,intraday,intraday,0,0
2025-11-21 13:18,30.6300,2025-11-21 13:36,31.6000,2025-11-21 13:48,32.5900,2025-11-21 13:48,31.7100,12,0,12,12,0,12,0.031329,0.063990,intraday,intraday,0,0
2025-11-21 13:48,31.7100,2025-11-21 13:49,32.8700,2025-11-21 13:50,32.9400,2025-11-21 13:51,32.5900,1,1,2,1,1,2,0.002130,0.038789,intraday,intraday,0,0
2025-11-21 15:57,31.6100,2025-11-24 09:30,33.1300,2025-11-24 09:31,33.2000,2025-11-24 09:31,32.6700,1,0,1,1,0,1,0.002113,0.050301,intraday,intraday,0,0
2025-11-24 09:31,32.6700,2025-11-24 09:34,33.8000,2025-11-24 09:35,34.0800,2025-11-24 09:38,33.7200,1,3,4,1,3,4,0.008284,0.043159,intraday,intraday,0,0
2025-11-24 09:39,33.6600,2025-11-24 10:00,34.8200,2025-11-24 10:06,35.1100,2025-11-24 10:06,34.7100,6,0,6,6,0,6,0.008329,0.043078,intraday,intraday,0,0
2025-11-24 10:12,34.1700,2025-11-24 11:02,35.2800,2025-11-24 11:48,35.8200,2025-11-24 11:58,35.4400,46,10,56,46,10,56,0.015306,0.048288,intraday,intraday,0,0
2025-11-25 09:50,32.0500,2025-11-25 09:52,33.2100,2025-11-25 09:55,33.4800,2025-11-25 09:56,33.1100,3,1,4,3,1,4,0.008130,0.044618,intraday,intraday,0,0
2025-11-25 10:05,32.8000,2025-11-25 10:39,33.7900,2025-11-25 10:47,34.3600,2025-11-25 10:49,33.7700,8,2,10,8,2,10,0.016869,0.047561,intraday,intraday,0,0
2025-11-25 10:51,33.4800,2025-11-25 11:22,34.4900,2025-11-25 11:23,34.5100,2025-11-25 11:26,34.1200,1,3,4,1,3,4,0.000580,0.030765,intraday,intraday,0,0
2025-11-25 11:45,34.0600,2025-11-25 12:23,35.1300,2025-11-25 12:37,35.7600,2025-11-25 12:46,35.4000,14,9,23,14,9,23,0.017933,0.049912,intraday,intraday,0,0
2025-11-25 14:40,34.7500,2025-11-25 15:22,35.8000,2025-11-26 09:30,37.7300,2025-11-26 09:30,37.3100,38,0,38,1088,0,1088,0.053911,0.085755,overnight,intraday,1,1
2025-11-26 09:31,37.3000,2025-11-26 10:39,38.4800,2025-11-26 10:40,38.5000,2025-11-26 10:47,38.0500,1,7,8,1,7,8,0.000520,0.032172,intraday,intraday,0,0
2025-11-26 10:47,38.0500,2025-11-26 11:21,39.2100,2025-11-26 11:43,39.4100,2025-11-26 11:50,38.9800,22,7,29,22,7,29,0.005101,0.035742,intraday,intraday,0,0
2025-11-26 12:19,38.8100,2025-11-26 15:10,39.9800,2025-11-26 15:21,40.1500,2025-11-26 15:40,39.7200,11,19,30,11,19,30,0.004252,0.034527,intraday,intraday,0,0
2025-11-26 15:59,39.1100,2025-11-28 09:49,40.3300,2025-11-28 10:03,40.3700,2025-11-28 10:12,39.9000,14,9,23,14,9,23,0.000992,0.032217,intraday,intraday,0,0
2025-11-28 10:13,39.8500,2025-11-28 12:58,41.1500,2025-11-28 12:59,41.3300,2025-12-01 09:30,39.5400,1,1,2,1,4111,4112,0.004374,0.037139,weekend,weekend,1,1
2025-12-01 09:32,39.4600,2025-12-01 09:48,40.6800,2025-12-01 09:57,41.1000,2025-12-01 09:58,40.5800,9,1,10,9,1,10,0.010324,0.041561,intraday,intraday,0,0
2025-12-01 10:35,40.4600,2025-12-01 12:00,41.6800,2025-12-01 12:48,42.3100,2025-12-01 12:59,41.8700,48,11,59,48,11,59,0.015115,0.045724,intraday,intraday,0,0
2025-12-01 14:33,41.2200,2025-12-02 09:30,42.7900,2025-12-02 09:32,43.1800,2025-12-02 09:32,42.7200,2,0,2,2,0,2,0.009114,0.047550,intraday,intraday,0,0
2025-12-02 09:32,42.7200,2025-12-02 09:37,44.0200,2025-12-02 09:40,44.3600,2025-12-02 09:43,43.8900,3,3,6,3,3,6,0.007724,0.038390,intraday,intraday,0,0
2025-12-02 11:32,42.0300,2025-12-02 11:41,43.3300,2025-12-02 11:41,43.3300,2025-12-02 11:43,42.8800,0,2,2,0,2,2,0.000000,0.030930,intraday,intraday,0,0
2025-12-02 11:49,42.5700,2025-12-02 13:53,43.8500,2025-12-02 14:16,44.1500,2025-12-02 14:26,43.7000,23,10,33,23,10,33,0.006842,0.037115,intraday,intraday,0,0
2025-12-03 09:39,43.1500,2025-12-03 10:03,44.5100,2025-12-03 10:05,44.7600,2025-12-03 10:11,44.2700,2,6,8,2,6,8,0.005617,0.037312,intraday,intraday,0,0
2025-12-03 10:12,44.0700,2025-12-03 13:35,45.4200,2025-12-03 15:53,46.6800,2025-12-04 09:30,45.6200,138,7,145,138,1057,1195,0.027741,0.059224,overnight,overnight,1,1
2025-12-04 15:25,44.4300,2025-12-05 09:30,46.9900,2025-12-05 09:33,47.5600,2025-12-05 09:35,47.0800,3,2,5,3,2,5,0.012130,0.070448,intraday,intraday,0,0
2025-12-05 09:41,46.3400,2025-12-05 10:03,47.7500,2025-12-05 10:17,48.0500,2025-12-05 10:20,47.5000,14,3,17,14,3,17,0.006283,0.036901,intraday,intraday,0,0
2025-12-05 15:51,46.3000,2025-12-08 09:30,47.9500,2025-12-08 09:33,48.6000,2025-12-08 09:36,48.0700,3,3,6,3,3,6,0.013556,0.049676,intraday,intraday,0,0
2025-12-08 11:02,46.7000,2025-12-08 12:57,48.1500,2025-12-08 12:58,48.2100,2025-12-08 12:59,47.6900,1,1,2,1,1,2,0.001246,0.032334,intraday,intraday,0,0
2025-12-09 09:33,46.4700,2025-12-09 11:00,47.9000,2025-12-09 11:02,48.0500,2025-12-09 11:31,47.5300,2,29,31,2,29,31,0.003132,0.034000,intraday,intraday,0,0
2025-12-10 09:36,47.0100,2025-12-10 14:00,48.8300,2025-12-10 14:00,48.8300,2025-12-10 14:02,48.0400,0,2,2,0,2,2,0.000000,0.038715,intraday,intraday,0,0
2025-12-10 14:42,47.7800,2025-12-10 14:54,49.4400,2025-12-10 15:00,49.8300,2025-12-10 15:01,49.2400,6,1,7,6,1,7,0.007888,0.042905,intraday,intraday,0,0
2025-12-11 10:01,44.6600,2025-12-11 10:07,46.0800,2025-12-11 10:13,46.6000,2025-12-11 10:16,46.0600,6,3,9,6,3,9,0.011285,0.043439,intraday,intraday,0,0
2025-12-11 10:51,45.6000,2025-12-11 12:25,47.0000,2025-12-11 12:46,47.2600,2025-12-11 12:58,46.7500,21,12,33,21,12,33,0.005532,0.036404,intraday,intraday,0,0
2025-12-11 12:58,46.7500,2025-12-11 14:45,48.1800,2025-12-11 15:52,48.9000,2025-12-12 09:30,46.5600,67,8,75,67,1058,1125,0.014944,0.045989,overnight,overnight,1,1
2025-12-12 11:40,41.8500,2025-12-12 12:06,43.2100,2025-12-12 12:20,43.6800,2025-12-12 12:25,43.0700,14,5,19,14,5,19,0.010877,0.043728,intraday,intraday,0,0
2025-12-12 12:30,42.6300,2025-12-12 13:12,44.0900,2025-12-12 13:17,44.1100,2025-12-12 13:20,43.6400,5,3,8,5,3,8,0.000454,0.034717,intraday,intraday,0,0
2025-12-12 15:38,41.0600,2025-12-15 09:30,43.1400,2025-12-15 09:32,43.4200,2025-12-15 09:39,42.6600,2,7,9,2,7,9,0.006490,0.057477,intraday,intraday,0,0
2025-12-15 10:29,40.8000,2025-12-15 10:45,42.1200,2025-12-15 10:50,42.3300,2025-12-15 10:52,41.8000,5,2,7,5,2,7,0.004986,0.037500,intraday,intraday,0,0
2025-12-16 09:46,40.2800,2025-12-16 09:51,41.5000,2025-12-16 09:52,41.5200,2025-12-16 09:53,41.0700,1,1,2,1,1,2,0.000482,0.030785,intraday,intraday,0,0
2025-12-16 10:27,39.2400,2025-12-16 10:54,40.4700,2025-12-16 11:00,40.7400,2025-12-16 11:07,40.1500,6,7,13,6,7,13,0.006672,0.038226,intraday,intraday,0,0
2025-12-16 13:07,39.5000,2025-12-16 15:37,40.7000,2025-12-16 15:55,40.8400,2025-12-16 15:59,40.4300,18,4,22,18,4,22,0.003440,0.033924,intraday,intraday,0,0
2025-12-17 14:37,35.7000,2025-12-18 09:30,40.0700,2025-12-18 09:31,40.3700,2025-12-18 09:31,39.9500,1,0,1,1,0,1,0.007487,0.130812,intraday,intraday,0,0
2025-12-18 10:21,38.1100,2025-12-18 10:26,39.2600,2025-12-18 10:39,39.8200,2025-12-18 10:48,39.3900,13,9,22,13,9,22,0.014264,0.044870,intraday,intraday,0,0
2025-12-18 12:26,38.2900,2025-12-18 13:09,39.4400,2025-12-18 13:38,39.8000,2025-12-18 13:47,39.3900,29,9,38,29,9,38,0.009128,0.039436,intraday,intraday,0,0
2025-12-18 15:00,38.4500,2025-12-19 09:30,40.2800,2025-12-19 09:31,40.6500,2025-12-19 09:31,40.2200,1,0,1,1,0,1,0.009186,0.057217,intraday,intraday,0,0
2025-12-19 09:31,40.2200,2025-12-19 09:43,41.6200,2025-12-19 09:45,41.9200,2025-12-19 09:49,41.4800,2,4,6,2,4,6,0.007208,0.042268,intraday,intraday,0,0
2025-12-19 10:52,40.9500,2025-12-19 12:54,42.1900,2025-12-19 15:23,42.3600,2025-12-19 15:51,41.8300,149,28,177,149,28,177,0.004029,0.034432,intraday,intraday,0,0
2025-12-19 15:59,41.7200,2025-12-22 09:30,44.5600,2025-12-22 09:30,44.5600,2025-12-22 09:31,43.8700,0,1,1,0,1,1,0.000000,0.068073,intraday,intraday,0,0
2025-12-23 10:03,42.2200,2025-12-23 11:51,43.5300,2025-12-24 10:16,44.3000,2025-12-24 10:24,43.7700,295,8,303,1345,8,1353,0.017689,0.049266,overnight,intraday,0,1
2025-12-29 09:31,42.3500,2025-12-29 09:36,44.0700,2025-12-29 09:38,44.3300,2025-12-29 09:41,43.8400,2,3,5,2,3,5,0.005900,0.046753,intraday,intraday,0,0
2025-12-29 10:14,42.6200,2025-12-29 15:50,43.9700,2025-12-30 09:31,44.4600,2025-12-30 09:39,43.9500,11,8,19,1061,8,1069,0.011144,0.043172,overnight,intraday,0,1
2025-12-31 15:59,42.0100,2026-01-02 09:30,46.0400,2026-01-02 09:31,46.4800,2026-01-02 09:31,45.9800,1,0,1,1,0,1,0.009557,0.106403,intraday,intraday,0,0
2026-01-02 09:32,45.8100,2026-01-02 09:45,47.2400,2026-01-02 09:50,47.7100,2026-01-02 09:53,47.1700,5,3,8,5,3,8,0.009949,0.041476,intraday,intraday,0,0
2026-01-02 10:28,46.1000,2026-01-02 10:42,47.5600,2026-01-02 10:42,47.5600,2026-01-02 10:49,46.9900,0,7,7,0,7,7,0.000000,0.031670,intraday,intraday,0,0
2026-01-02 11:12,45.7200,2026-01-02 14:09,47.1100,2026-01-02 15:28,48.0200,2026-01-02 15:47,47.4800,79,19,98,79,19,98,0.019316,0.050306,intraday,intraday,0,0
2026-01-02 15:56,47.1900,2026-01-05 09:30,51.1900,2026-01-05 09:33,51.2200,2026-01-05 09:35,50.2600,3,2,5,3,2,5,0.000586,0.085399,intraday,intraday,0,0
2026-01-05 10:01,49.1700,2026-01-05 10:29,50.7100,2026-01-05 10:33,50.9900,2026-01-05 10:42,50.4700,4,9,13,4,9,13,0.005522,0.037014,intraday,intraday,0,0
2026-01-05 13:19,48.6300,2026-01-06 09:30,51.8600,2026-01-06 09:31,51.9100,2026-01-06 09:32,51.3200,1,1,2,1,1,2,0.000964,0.067448,intraday,intraday,0,0
2026-01-06 09:35,51.0700,2026-01-06 09:51,52.7500,2026-01-06 10:01,53.8900,2026-01-06 10:08,53.2900,10,7,17,10,7,17,0.021611,0.055218,intraday,intraday,0,0
2026-01-06 10:56,52.3100,2026-01-06 15:27,53.8900,2026-01-06 15:53,54.3000,2026-01-07 09:30,51.8200,26,7,33,26,1057,1083,0.007608,0.038042,overnight,overnight,1,1
2026-01-07 10:00,50.8400,2026-01-07 10:24,52.3900,2026-01-07 10:28,52.7400,2026-01-07 10:36,52.2100,4,8,12,4,8,12,0.006681,0.037372,intraday,intraday,0,0
2026-01-08 11:36,48.1300,2026-01-08 13:19,49.7200,2026-01-08 13:20,49.7900,2026-01-08 14:11,49.2900,1,51,52,1,51,52,0.001408,0.034490,intraday,intraday,0,0
2026-01-08 14:16,49.0700,2026-01-09 09:30,51.1400,2026-01-09 09:30,51.1400,2026-01-09 09:31,50.3100,0,1,1,0,1,1,0.000000,0.042185,intraday,intraday,0,0
2026-01-09 09:31,50.3100,2026-01-09 09:38,51.9900,2026-01-09 09:46,52.1700,2026-01-09 09:48,51.6200,8,2,10,8,2,10,0.003462,0.036971,intraday,intraday,0,0
2026-01-09 10:08,50.9800,2026-01-09 10:22,52.8000,2026-01-09 10:35,53.1800,2026-01-09 10:41,52.5800,13,6,19,13,6,19,0.007197,0.043154,intraday,intraday,0,0
2026-01-09 10:45,52.3600,2026-01-09 12:47,53.9600,2026-01-09 15:25,54.7600,2026-01-09 15:54,54.1300,158,29,187,158,29,187,0.014826,0.045837,intraday,intraday,0,0
2026-01-12 09:30,52.3500,2026-01-12 09:36,54.1500,2026-01-12 09:39,54.6600,2026-01-12 09:41,54.0800,3,2,5,3,2,5,0.009418,0.044126,intraday,intraday,0,0
2026-01-12 09:48,53.2100,2026-01-12 12:46,54.8500,2026-01-13 09:30,56.0600,2026-01-13 09:30,55.4300,194,0,194,1244,0,1244,0.022060,0.053561,overnight,intraday,1,1
2026-01-13 09:30,55.4300,2026-01-13 11:42,57.1800,2026-01-13 11:55,57.6300,2026-01-13 12:02,57.0400,13,7,20,13,7,20,0.007870,0.039690,intraday,intraday,0,0
2026-01-14 12:58,53.0000,2026-01-14 15:33,54.6700,2026-01-15 09:31,61.3500,2026-01-15 09:32,60.7100,28,1,29,1078,1,1079,0.122188,0.157547,overnight,intraday,0,1
2026-01-15 15:59,58.0100,2026-01-16 09:30,61.8300,2026-01-16 09:31,61.9900,2026-01-16 09:32,61.3200,1,1,2,1,1,2,0.002588,0.068609,intraday,intraday,0,0
2026-01-16 10:43,59.5000,2026-01-16 11:51,61.3000,2026-01-16 11:51,61.3000,2026-01-16 12:46,60.5700,0,55,55,0,55,55,0.000000,0.030252,intraday,intraday,0,0
2026-01-20 09:30,57.2600,2026-01-20 09:33,59.0500,2026-01-20 09:35,59.6500,2026-01-20 09:36,59.0300,2,1,3,2,1,3,0.010161,0.041739,intraday,intraday,0,0
2026-01-20 09:47,58.5300,2026-01-20 09:52,60.3000,2026-01-20 09:58,60.5500,2026-01-20 10:03,59.6400,6,5,11,6,5,11,0.004146,0.034512,intraday,intraday,0,0
2026-01-20 10:20,59.1100,2026-01-20 11:01,60.9800,2026-01-20 11:01,60.9800,2026-01-20 11:05,60.3700,0,4,4,0,4,4,0.000000,0.031636,intraday,intraday,0,0
2026-01-20 14:36,57.2200,2026-01-21 09:30,60.9200,2026-01-21 09:31,60.9900,2026-01-21 09:31,60.0800,1,0,1,1,0,1,0.001149,0.065886,intraday,intraday,0,0
2026-01-21 09:36,59.4600,2026-01-21 09:47,61.4000,2026-01-21 11:16,64.3100,2026-01-21 11:32,63.6500,89,16,105,89,16,105,0.047394,0.081567,intraday,intraday,0,0
2026-01-21 12:46,60.3900,2026-01-21 13:50,62.2500,2026-01-21 13:52,62.4100,2026-01-21 14:12,61.7700,2,20,22,2,20,22,0.002570,0.033449,intraday,intraday,0,0
2026-01-21 14:16,61.6500,2026-01-21 14:29,63.9200,2026-01-21 14:31,64.2300,2026-01-21 14:32,63.5700,2,1,3,2,1,3,0.004850,0.041849,intraday,intraday,0,0
2026-01-21 14:33,63.2900,2026-01-22 09:30,66.9600,2026-01-22 09:30,66.9600,2026-01-22 09:31,66.2500,0,1,1,0,1,1,0.000000,0.057987,intraday,intraday,0,0
2026-01-23 09:39,60.3900,2026-01-23 10:02,62.2200,2026-01-23 10:35,63.3600,2026-01-23 10:55,62.6300,33,20,53,33,20,53,0.018322,0.049180,intraday,intraday,0,0
2026-01-26 09:31,59.6000,2026-01-26 09:44,61.5200,2026-01-26 09:46,61.9600,2026-01-26 09:48,61.0900,2,2,4,2,2,4,0.007152,0.039597,intraday,intraday,0,0
2026-01-26 10:43,60.3600,2026-01-27 09:30,63.4200,2026-01-27 09:31,63.7100,2026-01-27 09:33,63.0300,1,2,3,1,2,3,0.004573,0.055500,intraday,intraday,0,0
2026-01-27 09:36,62.5400,2026-01-27 09:55,64.4700,2026-01-27 12:42,65.9900,2026-01-27 14:40,65.3200,167,118,285,167,118,285,0.023577,0.055165,intraday,intraday,0,0
2026-01-27 15:54,64.6500,2026-01-28 09:30,69.3400,2026-01-28 09:31,69.9900,2026-01-28 09:31,68.8200,1,0,1,1,0,1,0.009374,0.082599,intraday,intraday,0,0
2026-01-28 09:31,68.8200,2026-01-28 09:45,70.9300,2026-01-28 09:45,70.9300,2026-01-28 09:47,69.8900,0,2,2,0,2,2,0.000000,0.030660,intraday,intraday,0,0
2026-01-28 10:10,67.9700,2026-01-28 14:00,70.0500,2026-01-28 14:00,70.0500,2026-01-28 14:02,69.0800,0,2,2,0,2,2,0.000000,0.030602,intraday,intraday,0,0
2026-01-28 14:32,68.5600,2026-01-28 15:10,70.6600,2026-01-28 15:16,70.6900,2026-01-28 15:34,69.9200,6,18,24,6,18,24,0.000425,0.031068,intraday,intraday,0,0
2026-01-28 15:50,69.5800,2026-01-29 09:32,71.7900,2026-01-29 09:33,71.9800,2026-01-29 09:34,70.6700,1,1,2,1,1,2,0.002647,0.034493,intraday,intraday,0,0
2026-01-29 11:08,62.6500,2026-01-29 11:13,64.7000,2026-01-29 11:22,66.4500,2026-01-29 11:23,65.6900,9,1,10,9,1,10,0.027048,0.060654,intraday,intraday,0,0
2026-01-29 11:23,65.6900,2026-01-29 12:14,67.7000,2026-01-29 12:38,68.8900,2026-01-29 12:46,68.0900,24,8,32,24,8,32,0.017578,0.048714,intraday,intraday,0,0
2026-01-29 12:59,67.4400,2026-01-29 15:49,69.4800,2026-01-29 15:59,70.5000,2026-01-30 09:30,66.8200,10,1,11,10,1051,1061,0.014680,0.045374,overnight,overnight,1,1
2026-01-30 09:30,66.8200,2026-01-30 09:34,68.8500,2026-01-30 09:34,68.8500,2026-01-30 09:37,67.5300,0,3,3,0,3,3,0.000000,0.030380,intraday,intraday,0,0
2026-01-30 09:37,67.5300,2026-01-30 09:40,69.8600,2026-01-30 09:40,69.8600,2026-01-30 09:44,69.1400,0,4,4,0,4,4,0.000000,0.034503,intraday,intraday,0,0
2026-01-30 10:30,66.0800,2026-01-30 10:46,68.1300,2026-01-30 10:47,68.2600,2026-01-30 10:53,67.3200,1,6,7,1,6,7,0.001908,0.032990,intraday,intraday,0,0
2026-01-30 13:43,62.5500,2026-01-30 13:59,64.5500,2026-01-30 13:59,64.5500,2026-01-30 14:02,63.8500,0,3,3,0,3,3,0.000000,0.031974,intraday,intraday,0,0
2026-01-30 15:28,60.2900,2026-01-30 15:48,62.1300,2026-01-30 15:50,62.4200,2026-01-30 15:53,61.6500,2,3,5,2,3,5,0.004668,0.035329,intraday,intraday,0,0
2026-02-02 09:30,59.1000,2026-02-02 09:30,61.4200,2026-02-02 09:31,62.8500,2026-02-02 09:31,61.1600,1,0,1,1,0,1,0.023282,0.063452,intraday,intraday,0,0
2026-02-02 09:31,61.1600,2026-02-02 09:32,63.5200,2026-02-02 09:32,63.5200,2026-02-02 09:33,61.9600,0,1,1,0,1,1,0.000000,0.038587,intraday,intraday,0,0
2026-02-02 09:35,61.5500,2026-02-02 09:36,63.5700,2026-02-02 09:39,64.0400,2026-02-02 09:41,63.1700,3,2,5,3,2,5,0.007393,0.040455,intraday,intraday,0,0
2026-02-02 09:45,62.3800,2026-02-02 10:09,64.4000,2026-02-02 10:26,65.9900,2026-02-02 10:29,65.1700,17,3,20,17,3,20,0.024689,0.057871,intraday,intraday,0,0
2026-02-02 11:05,64.7700,2026-02-02 13:48,66.8100,2026-02-02 14:01,66.9400,2026-02-02 14:30,66.2600,13,29,42,13,29,42,0.001946,0.033503,intraday,intraday,0,0
2026-02-02 15:50,64.3700,2026-02-03 09:30,67.4200,2026-02-03 09:31,67.6200,2026-02-03 09:32,66.4300,1,1,2,1,1,2,0.002966,0.050489,intraday,intraday,0,0
2026-02-03 10:25,60.5200,2026-02-03 10:49,62.4000,2026-02-03 10:51,62.8500,2026-02-03 10:52,62.1800,2,1,3,2,1,3,0.007212,0.038500,intraday,intraday,0,0
2026-02-03 14:00,57.0200,2026-02-03 14:16,58.7600,2026-02-03 14:24,59.2300,2026-02-03 14:25,58.3200,8,1,9,8,1,9,0.007999,0.038758,intraday,intraday,0,0
2026-02-03 14:31,57.8700,2026-02-03 15:32,59.6700,2026-02-03 15:50,61.0000,2026-02-03 15:52,60.3800,18,2,20,18,2,20,0.022289,0.054087,intraday,intraday,0,0
2026-02-04 09:31,57.5000,2026-02-04 09:36,59.5800,2026-02-04 09:36,59.5800,2026-02-04 09:37,58.4100,0,1,1,0,1,1,0.000000,0.036174,intraday,intraday,0,0
2026-02-04 09:37,58.4100,2026-02-04 09:42,60.2300,2026-02-04 09:43,60.4200,2026-02-04 09:44,59.8000,1,1,2,1,1,2,0.003155,0.034412,intraday,intraday,0,0
2026-02-04 10:38,54.7500,2026-02-04 10:39,56.6200,2026-02-04 10:39,56.6200,2026-02-04 10:40,55.6100,0,1,1,0,1,1,0.000000,0.034155,intraday,intraday,0,0
2026-02-04 12:50,49.3300,2026-02-04 12:58,50.8400,2026-02-04 13:00,51.0500,2026-02-04 13:00,50.3800,2,0,2,2,0,2,0.004131,0.034867,intraday,intraday,0,0
2026-02-04 13:19,49.7800,2026-02-04 13:26,51.3200,2026-02-04 13:29,51.6200,2026-02-04 13:30,50.7200,3,1,4,3,1,4,0.005846,0.036963,intraday,intraday,0,0
2026-02-04 13:51,50.0000,2026-02-04 14:18,51.6400,2026-02-04 14:19,51.7200,2026-02-04 14:21,51.0900,1,2,3,1,2,3,0.001549,0.034400,intraday,intraday,0,0
2026-02-04 14:22,51.0100,2026-02-04 14:31,52.5600,2026-02-04 14:35,53.0400,2026-02-04 14:38,52.4900,4,3,7,4,3,7,0.009132,0.039796,intraday,intraday,0,0
2026-02-04 14:40,52.4500,2026-02-04 14:48,54.5700,2026-02-04 15:00,55.1200,2026-02-04 15:01,54.3900,12,1,13,12,1,13,0.010079,0.050906,intraday,intraday,0,0
2026-02-05 09:34,50.3400,2026-02-05 09:35,52.4300,2026-02-05 09:35,52.4300,2026-02-05 09:36,51.4000,0,1,1,0,1,1,0.000000,0.041518,intraday,intraday,0,0
2026-02-05 09:37,51.3500,2026-02-05 09:38,53.6000,2026-02-05 09:40,54.1200,2026-02-05 09:40,53.4500,2,0,2,2,0,2,0.009701,0.053944,intraday,intraday,0,0
2026-02-05 09:42,53.2200,2026-02-05 09:45,55.0800,2026-02-05 09:46,55.2600,2026-02-05 09:46,54.7000,1,0,1,1,0,1,0.003268,0.038331,intraday,intraday,0,0
2026-02-05 10:33,50.0100,2026-02-05 10:39,51.7700,2026-02-05 10:42,52.4100,2026-02-05 10:42,51.7300,3,0,3,3,0,3,0.012362,0.047990,intraday,intraday,0,0
2026-02-05 11:14,50.6900,2026-02-05 11:20,52.3700,2026-02-05 11:22,52.7600,2026-02-05 11:23,52.2000,2,1,3,2,1,3,0.007447,0.040836,intraday,intraday,0,0
2026-02-05 11:23,52.2000,2026-02-05 11:30,53.9200,2026-02-05 11:30,53.9200,2026-02-05 11:32,53.3800,0,2,2,0,2,2,0.000000,0.032950,intraday,intraday,0,0
2026-02-05 11:49,53.0300,2026-02-05 12:46,54.7000,2026-02-05 12:46,54.7000,2026-02-05 12:48,53.8900,0,2,2,0,2,2,0.000000,0.031492,intraday,intraday,0,0
2026-02-05 13:51,52.6100,2026-02-05 14:18,54.3100,2026-02-05 14:23,54.3800,2026-02-05 14:26,53.8200,5,3,8,5,3,8,0.001289,0.033644,intraday,intraday,0,0
2026-02-05 15:53,52.2800,2026-02-06 09:30,56.4100,2026-02-06 09:31,56.8900,2026-02-06 09:31,55.8100,1,0,1,1,0,1,0.008509,0.088179,intraday,intraday,0,0
2026-02-06 09:31,55.8100,2026-02-06 09:33,57.9600,2026-02-06 09:35,58.0600,2026-02-06 09:35,57.3300,2,0,2,2,0,2,0.001725,0.040315,intraday,intraday,0,0
2026-02-06 09:35,57.3300,2026-02-06 09:45,59.2000,2026-02-06 09:51,60.3200,2026-02-06 09:51,59.6100,6,0,6,6,0,6,0.018919,0.052154,intraday,intraday,0,0
2026-02-06 10:16,57.1900,2026-02-06 10:22,59.0200,2026-02-06 10:22,59.0200,2026-02-06 10:23,57.7100,0,1,1,0,1,1,0.000000,0.031999,intraday,intraday,0,0
2026-02-06 10:24,57.6900,2026-02-06 10:40,59.4500,2026-02-06 10:47,59.7300,2026-02-06 10:49,59.0800,7,2,9,7,2,9,0.004710,0.035361,intraday,intraday,0,0
2026-02-06 10:54,58.4500,2026-02-06 11:10,60.3100,2026-02-06 11:22,60.7700,2026-02-06 11:25,60.0800,12,3,15,12,3,15,0.007627,0.039692,intraday,intraday,0,0
2026-02-06 11:25,60.0800,2026-02-06 13:39,61.9500,2026-02-06 13:57,62.1700,2026-02-06 14:12,61.5300,18,15,33,18,15,33,0.003551,0.034787,intraday,intraday,0,0
2026-02-09 09:31,59.2900,2026-02-09 09:34,61.0900,2026-02-09 09:34,61.0900,2026-02-09 09:35,59.8500,0,1,1,0,1,1,0.000000,0.030359,intraday,intraday,0,0
2026-02-09 09:35,59.8500,2026-02-09 09:42,61.7700,2026-02-09 09:46,62.7100,2026-02-09 09:46,62.0400,4,0,4,4,0,4,0.015218,0.047786,intraday,intraday,0,0
2026-02-09 09:54,61.7900,2026-02-09 10:32,63.7000,2026-02-09 12:16,65.0500,2026-02-09 12:53,64.3700,104,37,141,104,37,141,0.021193,0.052759,intraday,intraday,0,0
2026-02-10 09:49,61.4200,2026-02-10 09:55,63.5200,2026-02-10 09:58,63.8000,2026-02-10 10:00,63.1300,3,2,5,3,2,5,0.004408,0.038750,intraday,intraday,0,0
2026-02-10 10:04,62.9800,2026-02-10 12:45,64.9100,2026-02-10 12:53,65.2100,2026-02-10 13:16,64.4600,8,23,31,8,23,31,0.004622,0.035408,intraday,intraday,0,0
2026-02-10 15:26,62.6200,2026-02-11 09:30,67.8000,2026-02-11 09:32,67.9300,2026-02-11 09:32,67.1700,2,0,2,2,0,2,0.001917,0.084797,intraday,intraday,0,0
2026-02-11 09:33,66.7800,2026-02-11 09:44,68.8200,2026-02-11 09:46,69.1000,2026-02-11 09:46,68.3800,2,0,2,2,0,2,0.004069,0.034741,intraday,intraday,0,0
2026-02-11 10:27,63.2200,2026-02-11 10:39,65.1700,2026-02-11 10:45,65.9400,2026-02-11 10:49,64.8500,6,4,10,6,4,10,0.011815,0.043024,intraday,intraday,0,0
2026-02-11 10:50,64.8100,2026-02-11 10:57,66.9100,2026-02-11 11:00,67.1900,2026-02-11 11:02,66.4800,3,2,5,3,2,5,0.004185,0.036723,intraday,intraday,0,0
2026-02-11 11:09,65.8800,2026-02-11 12:26,67.8800,2026-02-11 12:51,68.3200,2026-02-11 12:57,67.5400,25,6,31,25,6,31,0.006482,0.037037,intraday,intraday,0,0
2026-02-11 13:15,66.6400,2026-02-11 15:18,68.6400,2026-02-11 15:25,68.7300,2026-02-11 15:59,67.9500,7,34,41,7,34,41,0.001311,0.031363,intraday,intraday,0,0
2026-02-11 15:59,67.9500,2026-02-12 09:30,70.2500,2026-02-12 09:30,70.2500,2026-02-12 09:31,69.2800,0,1,1,0,1,1,0.000000,0.033848,intraday,intraday,0,0
2026-02-12 11:31,63.0100,2026-02-12 11:41,64.9900,2026-02-12 11:43,65.3100,2026-02-12 11:44,64.5700,2,1,3,2,1,3,0.004924,0.036502,intraday,intraday,0,0
2026-02-12 13:29,63.0000,2026-02-12 13:48,64.8900,2026-02-12 13:53,65.1500,2026-02-12 13:58,64.1700,5,5,10,5,5,10,0.004007,0.034127,intraday,intraday,0,0
2026-02-12 15:29,62.7700,2026-02-13 09:32,65.1900,2026-02-13 09:33,65.2900,2026-02-13 09:33,64.5000,1,0,1,1,0,1,0.001534,0.040147,intraday,intraday,0,0
2026-02-13 09:42,61.4300,2026-02-13 09:45,64.3400,2026-02-13 09:46,64.5400,2026-02-13 09:47,63.7700,1,1,2,1,1,2,0.003108,0.050627,intraday,intraday,0,0
2026-02-13 09:59,62.6400,2026-02-13 10:08,64.7100,2026-02-13 10:10,64.9700,2026-02-13 10:10,64.3000,2,0,2,2,0,2,0.004018,0.037197,intraday,intraday,0,0
2026-02-13 10:17,63.5400,2026-02-13 10:32,65.5000,2026-02-13 10:37,66.2500,2026-02-13 10:38,65.1700,5,1,6,5,1,6,0.011450,0.042650,intraday,intraday,0,0
2026-02-13 10:49,63.9300,2026-02-13 12:40,65.8500,2026-02-13 12:42,66.0300,2026-02-13 12:56,65.3100,2,14,16,2,14,16,0.002733,0.032848,intraday,intraday,0,0
2026-02-17 09:32,61.0700,2026-02-17 09:34,63.1100,2026-02-17 09:39,63.9300,2026-02-17 09:39,62.7600,5,0,5,5,0,5,0.012993,0.046832,intraday,intraday,0,0
2026-02-17 10:00,59.5600,2026-02-17 10:05,61.4200,2026-02-17 10:05,61.4200,2026-02-17 10:06,60.4100,0,1,1,0,1,1,0.000000,0.031229,intraday,intraday,0,0
2026-02-17 10:12,59.9800,2026-02-17 10:18,62.1100,2026-02-17 10:20,62.3400,2026-02-17 10:21,61.5000,2,1,3,2,1,3,0.003703,0.039346,intraday,intraday,0,0
2026-02-17 10:38,60.3200,2026-02-17 10:48,62.2200,2026-02-17 10:48,62.2200,2026-02-17 10:50,61.4900,0,2,2,0,2,2,0.000000,0.031499,intraday,intraday,0,0
2026-02-17 10:50,61.4900,2026-02-17 11:01,63.5400,2026-02-17 11:13,64.9400,2026-02-17 11:17,64.2500,12,4,16,12,4,16,0.022033,0.056107,intraday,intraday,0,0
2026-02-17 12:53,63.3500,2026-02-17 13:40,65.4000,2026-02-17 14:36,65.9600,2026-02-17 14:52,65.1200,56,16,72,56,16,72,0.008563,0.041200,intraday,intraday,0,0
2026-02-18 09:30,64.0700,2026-02-18 09:56,66.0100,2026-02-18 10:28,68.2200,2026-02-18 10:33,67.4500,32,5,37,32,5,37,0.033480,0.064773,intraday,intraday,0,0
2026-02-19 09:45,62.9600,2026-02-19 10:03,65.2000,2026-02-19 10:03,65.2000,2026-02-19 10:09,64.5100,0,6,6,0,6,6,0.000000,0.035578,intraday,intraday,0,0
2026-02-19 12:58,63.1100,2026-02-19 15:55,65.0100,2026-02-19 15:59,65.2700,2026-02-20 09:30,63.5800,4,1,5,4,1051,1055,0.003999,0.034226,overnight,overnight,1,1
2026-02-20 09:30,63.5800,2026-02-20 09:35,65.9700,2026-02-20 09:38,66.1400,2026-02-20 09:39,65.4000,3,1,4,3,1,4,0.002577,0.040264,intraday,intraday,0,0
2026-02-20 09:57,65.3500,2026-02-20 10:01,67.9800,2026-02-20 10:02,68.0000,2026-02-20 10:02,66.6600,1,0,1,1,0,1,0.000294,0.040551,intraday,intraday,0,0
2026-02-20 10:16,64.9600,2026-02-20 10:23,66.9100,2026-02-20 10:26,66.9900,2026-02-20 10:28,66.2900,3,2,5,3,2,5,0.001196,0.031250,intraday,intraday,0,0
2026-02-20 10:33,65.8900,2026-02-20 10:55,67.9600,2026-02-20 11:12,68.2200,2026-02-20 11:15,67.1900,17,3,20,17,3,20,0.003826,0.035362,intraday,intraday,0,0
2026-02-20 12:26,65.1400,2026-02-20 13:45,67.3100,2026-02-20 13:48,67.3800,2026-02-20 13:50,66.6000,3,2,5,3,2,5,0.001040,0.034387,intraday,intraday,0,0
2026-02-23 12:40,63.4700,2026-02-23 15:49,65.4000,2026-02-24 09:30,68.8500,2026-02-24 09:30,67.7500,11,0,11,1061,0,1061,0.052752,0.084764,overnight,intraday,1,1
2026-02-24 09:37,66.3500,2026-02-24 09:44,68.4500,2026-02-24 09:48,69.4900,2026-02-24 09:50,68.6500,4,2,6,4,2,6,0.015194,0.047325,intraday,intraday,0,0
2026-02-24 10:18,68.0100,2026-02-25 09:30,71.1700,2026-02-25 09:31,71.2700,2026-02-25 09:32,70.5300,1,1,2,1,1,2,0.001405,0.047934,intraday,intraday,0,0
2026-02-26 10:22,61.6300,2026-02-26 10:38,63.5800,2026-02-26 10:46,64.7800,2026-02-26 10:46,64.0400,8,0,8,8,0,8,0.018874,0.051111,intraday,intraday,0,0
2026-02-26 13:09,62.5500,2026-02-26 13:45,64.5200,2026-02-26 13:45,64.5200,2026-02-26 13:48,63.7200,0,3,3,0,3,3,0.000000,0.031495,intraday,intraday,0,0
2026-02-27 09:32,60.6500,2026-02-27 10:05,62.6400,2026-02-27 10:11,63.7600,2026-02-27 10:14,62.9100,6,3,9,6,3,9,0.017880,0.051278,intraday,intraday,0,0
2026-03-02 09:30,58.0500,2026-03-02 09:34,60.4700,2026-03-02 09:35,60.7500,2026-03-02 09:35,60.1400,1,0,1,1,0,1,0.004630,0.046512,intraday,intraday,0,0
2026-03-02 09:43,59.0400,2026-03-02 09:49,60.8500,2026-03-02 09:51,61.2100,2026-03-02 09:52,60.2800,2,1,3,2,1,3,0.005916,0.036755,intraday,intraday,0,0
2026-03-02 10:00,59.8300,2026-03-02 10:07,61.7500,2026-03-02 10:09,61.8000,2026-03-02 10:12,61.0500,2,3,5,2,3,5,0.000810,0.032927,intraday,intraday,0,0
2026-03-02 10:33,59.1400,2026-03-02 10:50,60.9600,2026-03-02 10:50,60.9600,2026-03-02 10:54,60.1400,0,4,4,0,4,4,0.000000,0.030774,intraday,intraday,0,0
2026-03-02 11:28,60.0600,2026-03-02 11:45,61.9400,2026-03-02 11:48,62.0600,2026-03-02 11:51,61.3200,3,3,6,3,3,6,0.001937,0.033300,intraday,intraday,0,0
2026-03-03 09:32,53.5100,2026-03-03 09:36,55.1700,2026-03-03 09:37,55.5000,2026-03-03 09:37,54.6300,1,0,1,1,0,1,0.005982,0.037189,intraday,intraday,0,0
2026-03-03 10:26,51.3600,2026-03-03 10:59,52.9800,2026-03-03 11:04,53.9200,2026-03-03 11:04,53.2500,5,0,5,5,0,5,0.017743,0.049844,intraday,intraday,0,0
2026-03-03 11:04,53.2500,2026-03-03 11:44,54.8900,2026-03-03 11:46,55.6500,2026-03-03 11:46,55.0200,2,0,2,2,0,2,0.013846,0.045070,intraday,intraday,0,0
2026-03-03 15:53,53.1200,2026-03-04 09:30,56.6900,2026-03-04 09:30,56.6900,2026-03-04 09:31,55.8900,0,1,1,0,1,1,0.000000,0.067206,intraday,intraday,0,0
2026-03-04 09:42,54.3800,2026-03-04 10:09,56.0700,2026-03-04 10:10,56.0800,2026-03-04 10:14,55.4200,1,4,5,1,4,5,0.000178,0.031261,intraday,intraday,0,0
2026-03-04 10:14,55.4200,2026-03-04 10:55,57.1600,2026-03-04 11:02,57.7200,2026-03-04 11:05,57.0900,7,3,10,7,3,10,0.009797,0.041501,intraday,intraday,0,0
2026-03-05 09:30,55.1700,2026-03-05 09:35,56.8500,2026-03-05 09:35,56.8500,2026-03-05 09:39,56.0200,0,4,4,0,4,4,0.000000,0.030451,intraday,intraday,0,0
2026-03-05 09:45,55.0800,2026-03-05 09:51,56.8400,2026-03-05 09:51,56.8400,2026-03-05 09:53,56.2400,0,2,2,0,2,2,0.000000,0.031954,intraday,intraday,0,0
2026-03-05 10:32,55.2000,2026-03-05 10:54,56.8800,2026-03-05 10:54,56.8800,2026-03-05 11:02,56.2900,0,8,8,0,8,8,0.000000,0.030435,intraday,intraday,0,0
2026-03-05 12:50,51.1300,2026-03-05 15:04,52.7300,2026-03-05 15:04,52.7300,2026-03-05 15:06,52.1900,0,2,2,0,2,2,0.000000,0.031293,intraday,intraday,0,0
2026-03-05 15:06,52.1900,2026-03-05 15:34,53.7900,2026-03-05 15:59,54.8200,2026-03-06 09:30,49.6400,25,1,26,25,1051,1076,0.019149,0.050393,overnight,overnight,1,1
2026-03-06 09:30,49.6400,2026-03-06 09:33,51.4200,2026-03-06 09:33,51.4200,2026-03-06 09:34,50.8300,0,1,1,0,1,1,0.000000,0.035858,intraday,intraday,0,0
2026-03-06 09:37,50.0600,2026-03-06 09:45,51.6600,2026-03-06 09:45,51.6600,2026-03-06 09:46,50.9700,0,1,1,0,1,1,0.000000,0.031962,intraday,intraday,0,0
2026-03-06 09:47,50.6500,2026-03-06 10:00,52.2500,2026-03-06 10:02,52.4000,2026-03-06 10:05,51.8200,2,3,5,2,3,5,0.002871,0.034551,intraday,intraday,0,0
2026-03-06 10:10,51.3800,2026-03-06 10:31,53.0500,2026-03-06 10:31,53.0500,2026-03-06 10:33,52.4900,0,2,2,0,2,2,0.000000,0.032503,intraday,intraday,0,0
2026-03-06 10:52,51.5500,2026-03-06 11:47,53.1000,2026-03-06 11:51,53.2500,2026-03-06 11:55,52.6000,4,4,8,4,4,8,0.002825,0.032978,intraday,intraday,0,0
2026-03-06 15:38,46.8000,2026-03-06 15:47,48.2700,2026-03-06 15:50,48.3800,2026-03-06 15:51,47.7000,3,1,4,3,1,4,0.002279,0.033761,intraday,intraday,0,0
2026-03-09 09:30,45.1400,2026-03-09 09:32,46.5500,2026-03-09 09:33,46.6100,2026-03-09 09:33,45.8600,1,0,1,1,0,1,0.001289,0.032565,intraday,intraday,0,0
2026-03-09 09:55,44.5300,2026-03-09 10:02,46.0300,2026-03-09 10:04,46.5900,2026-03-09 10:05,45.8100,2,1,3,2,1,3,0.012166,0.046261,intraday,intraday,0,0
2026-03-09 10:11,45.0300,2026-03-09 10:22,46.5600,2026-03-09 10:25,46.8700,2026-03-09 10:26,46.3900,3,1,4,3,1,4,0.006658,0.040862,intraday,intraday,0,0
2026-03-09 10:27,46.1900,2026-03-09 10:45,47.7100,2026-03-09 10:48,48.0000,2026-03-09 10:56,47.4500,3,8,11,3,8,11,0.006078,0.039186,intraday,intraday,0,0
2026-03-09 10:56,47.4500,2026-03-09 11:54,48.9700,2026-03-09 12:44,50.4800,2026-03-09 13:01,49.9700,50,17,67,50,17,67,0.030835,0.063857,intraday,intraday,0,0
2026-03-09 13:43,49.0100,2026-03-09 15:19,50.8200,2026-03-09 15:20,51.2000,2026-03-09 15:20,50.6700,1,0,1,1,0,1,0.007477,0.044685,intraday,intraday,0,0
2026-03-09 15:20,50.6700,2026-03-09 15:24,52.2000,2026-03-09 15:30,52.9900,2026-03-09 15:30,52.4000,6,0,6,6,0,6,0.015134,0.045786,intraday,intraday,0,0
2026-03-09 15:31,52.3000,2026-03-10 09:30,54.7400,2026-03-10 09:30,54.7400,2026-03-10 09:31,53.7600,0,1,1,0,1,1,0.000000,0.046654,intraday,intraday,0,0
2026-03-10 09:31,53.7600,2026-03-10 09:41,55.4000,2026-03-10 09:41,55.4000,2026-03-10 09:42,54.7100,0,1,1,0,1,1,0.000000,0.030506,intraday,intraday,0,0
2026-03-10 10:10,54.2600,2026-03-10 10:42,55.9600,2026-03-10 11:03,57.0000,2026-03-10 11:09,56.4100,21,6,27,21,6,27,0.018585,0.050498,intraday,intraday,0,0
2026-03-10 12:06,56.0500,2026-03-10 13:28,57.7500,2026-03-10 13:30,57.7800,2026-03-10 13:35,57.1600,2,5,7,2,5,7,0.000519,0.030865,intraday,intraday,0,0
2026-03-10 15:50,53.8500,2026-03-11 09:30,56.1500,2026-03-11 09:30,56.1500,2026-03-11 09:31,55.3500,0,1,1,0,1,1,0.000000,0.042711,intraday,intraday,0,0
2026-03-11 09:31,55.3500,2026-03-11 10:00,57.5100,2026-03-11 10:01,57.5800,2026-03-11 10:02,56.9500,1,1,2,1,1,2,0.001217,0.040289,intraday,intraday,0,0
2026-03-12 09:57,50.4700,2026-03-12 10:03,52.0500,2026-03-12 10:04,52.1100,2026-03-12 10:07,51.5000,1,3,4,1,3,4,0.001153,0.032495,intraday,intraday,0,0
2026-03-12 11:13,49.5300,2026-03-12 11:39,51.7500,2026-03-12 11:40,51.7700,2026-03-12 11:40,51.2000,1,0,1,1,0,1,0.000386,0.045225,intraday,intraday,0,0
2026-03-12 15:12,49.8800,2026-03-13 09:30,52.3800,2026-03-13 09:31,52.5900,2026-03-13 09:31,51.9800,1,0,1,1,0,1,0.004009,0.054330,intraday,intraday,0,0
2026-03-13 09:31,51.9800,2026-03-13 09:45,53.7800,2026-03-13 09:46,53.9100,2026-03-13 09:50,53.3200,1,4,5,1,4,5,0.002417,0.037130,intraday,intraday,0,0
2026-03-13 14:23,50.0400,2026-03-16 09:30,54.8800,2026-03-16 09:37,55.3800,2026-03-16 09:40,54.6800,7,3,10,7,3,10,0.009111,0.106715,intraday,intraday,0,0
2026-03-16 10:43,53.8800,2026-03-16 15:10,55.6800,2026-03-16 15:10,55.6800,2026-03-16 15:11,54.7900,0,1,1,0,1,1,0.000000,0.033408,intraday,intraday,0,0
2026-03-16 15:50,53.0100,2026-03-17 09:30,55.1000,2026-03-17 09:30,55.1000,2026-03-17 09:31,54.4200,0,1,1,0,1,1,0.000000,0.039427,intraday,intraday,0,0
2026-03-17 12:07,53.3000,2026-03-17 14:07,54.9400,2026-03-18 09:30,56.1000,2026-03-18 09:30,55.0300,113,0,113,1163,0,1163,0.021114,0.052533,overnight,intraday,1,1
2026-03-18 10:26,54.0900,2026-03-18 11:00,55.8300,2026-03-18 11:07,56.3400,2026-03-18 11:18,55.6800,7,11,18,7,11,18,0.009135,0.041597,intraday,intraday,0,0
2026-03-19 09:33,48.5000,2026-03-19 09:38,49.9900,2026-03-19 09:41,50.4400,2026-03-19 09:42,49.7800,3,1,4,3,1,4,0.009002,0.040000,intraday,intraday,0,0
2026-03-19 09:43,49.7500,2026-03-19 09:54,51.5000,2026-03-19 10:11,53.2500,2026-03-19 10:11,52.5300,17,0,17,17,0,17,0.033981,0.070352,intraday,intraday,0,0
2026-03-19 11:37,51.8500,2026-03-19 12:41,53.4200,2026-03-19 12:42,53.5300,2026-03-19 12:52,52.9400,1,10,11,1,10,11,0.002059,0.032401,intraday,intraday,0,0
2026-03-19 13:14,52.3500,2026-03-19 14:13,53.9900,2026-03-19 14:21,54.0800,2026-03-19 14:33,53.5200,8,12,20,8,12,20,0.001667,0.033047,intraday,intraday,0,0
2026-03-19 14:43,53.1900,2026-03-19 15:02,54.8100,2026-03-19 15:06,55.7900,2026-03-19 15:06,55.1500,4,0,4,4,0,4,0.017880,0.048881,intraday,intraday,0,0
2026-03-20 11:04,51.3900,2026-03-20 11:23,52.9900,2026-03-20 11:23,52.9900,2026-03-20 11:24,52.2400,0,1,1,0,1,1,0.000000,0.031134,intraday,intraday,0,0
2026-03-20 15:38,49.0000,2026-03-20 15:54,50.4700,2026-03-23 09:30,54.6300,2026-03-23 09:30,53.5500,6,0,6,3936,0,3936,0.082425,0.114898,weekend,intraday,1,1
2026-03-23 09:30,53.5500,2026-03-23 09:42,55.1600,2026-03-23 09:45,55.2200,2026-03-23 09:45,54.6000,3,0,3,3,0,3,0.001088,0.031186,intraday,intraday,0,0
2026-03-23 09:45,54.6000,2026-03-23 10:19,56.2500,2026-03-23 10:24,56.8100,2026-03-23 10:28,56.1700,5,4,9,5,4,9,0.009956,0.040476,intraday,intraday,0,0
2026-03-23 12:29,52.2800,2026-03-23 13:37,53.9700,2026-03-23 13:37,53.9700,2026-03-23 13:43,53.3100,0,6,6,0,6,6,0.000000,0.032326,intraday,intraday,0,0
2026-03-24 09:30,51.5300,2026-03-24 09:31,53.2300,2026-03-24 09:31,53.2300,2026-03-24 09:33,52.6900,0,2,2,0,2,2,0.000000,0.032990,intraday,intraday,0,0
2026-03-24 09:41,51.5900,2026-03-24 10:00,53.2500,2026-03-24 10:10,54.0700,2026-03-24 10:12,53.4900,10,2,12,10,2,12,0.015399,0.048071,intraday,intraday,0,0
2026-03-24 10:38,52.7200,2026-03-24 10:52,54.3700,2026-03-24 10:52,54.3700,2026-03-24 10:53,53.7200,0,1,1,0,1,1,0.000000,0.031297,intraday,intraday,0,0
2026-03-24 10:59,53.3200,2026-03-24 11:11,54.9600,2026-03-24 11:26,56.0900,2026-03-24 11:29,55.5000,15,3,18,15,3,18,0.020560,0.051950,intraday,intraday,0,0
2026-03-24 13:16,53.6800,2026-03-24 14:32,55.3800,2026-03-24 14:39,55.7800,2026-03-24 14:56,55.2200,7,17,24,7,17,24,0.007223,0.039121,intraday,intraday,0,0
2026-03-24 15:54,54.7400,2026-03-25 09:30,57.0600,2026-03-25 09:30,57.0600,2026-03-25 09:31,55.9700,0,1,1,0,1,1,0.000000,0.042382,intraday,intraday,0,0
2026-03-25 09:34,55.7800,2026-03-25 09:42,57.5900,2026-03-25 09:42,57.5900,2026-03-25 09:43,56.8600,0,1,1,0,1,1,0.000000,0.032449,intraday,intraday,0,0
2026-03-25 10:00,55.5900,2026-03-25 10:08,57.3000,2026-03-25 10:23,58.2000,2026-03-25 10:24,57.5500,15,1,16,15,1,16,0.015707,0.046951,intraday,intraday,0,0
2026-03-25 11:18,55.8800,2026-03-25 13:41,57.5700,2026-03-25 13:43,57.8500,2026-03-25 13:53,57.1600,2,10,12,2,10,12,0.004864,0.035254,intraday,intraday,0,0
2026-03-26 10:55,51.0700,2026-03-26 11:50,52.6300,2026-03-26 11:52,52.7900,2026-03-26 12:16,52.1800,2,24,26,2,24,26,0.003040,0.033679,intraday,intraday,0,0
2026-03-27 09:35,47.7200,2026-03-27 09:45,49.1700,2026-03-27 09:46,49.3800,2026-03-27 09:49,48.7600,1,3,4,1,3,4,0.004271,0.034786,intraday,intraday,0,0
2026-03-27 10:46,46.4000,2026-03-27 11:23,47.8600,2026-03-27 11:23,47.8600,2026-03-27 11:24,47.3300,0,1,1,0,1,1,0.000000,0.031466,intraday,intraday,0,0
2026-03-27 15:52,45.9600,2026-03-30 09:30,47.9200,2026-03-30 09:31,48.2700,2026-03-30 09:31,47.5200,1,0,1,1,0,1,0.007304,0.050261,intraday,intraday,0,0
2026-03-30 09:57,43.1500,2026-03-30 10:12,44.7600,2026-03-30 10:15,45.0500,2026-03-30 10:15,44.5700,3,0,3,3,0,3,0.006479,0.044032,intraday,intraday,0,0
2026-03-30 10:46,41.9000,2026-03-30 11:00,43.3800,2026-03-30 11:05,43.5100,2026-03-30 11:06,42.6900,5,1,6,5,1,6,0.002997,0.038425,intraday,intraday,0,0
2026-03-30 11:16,41.7000,2026-03-30 11:34,42.9900,2026-03-30 11:36,43.2300,2026-03-30 11:39,42.7100,2,3,5,2,3,5,0.005583,0.036691,intraday,intraday,0,0
2026-03-30 15:29,39.5200,2026-03-30 15:55,40.8400,2026-03-31 09:30,43.2500,2026-03-31 09:30,42.6100,5,0,5,1055,0,1055,0.059011,0.094383,overnight,intraday,1,1
2026-03-31 09:30,42.6100,2026-03-31 09:53,44.0000,2026-03-31 09:55,44.3800,2026-03-31 09:56,43.9200,2,1,3,2,1,3,0.008636,0.041540,intraday,intraday,0,0
2026-03-31 10:57,43.0400,2026-03-31 11:06,44.4900,2026-03-31 11:06,44.4900,2026-03-31 11:08,44.0000,0,2,2,0,2,2,0.000000,0.033690,intraday,intraday,0,0
2026-03-31 12:00,43.2600,2026-03-31 12:38,44.6800,2026-03-31 12:40,45.6000,2026-03-31 12:40,45.0400,2,0,2,2,0,2,0.020591,0.054092,intraday,intraday,0,0
2026-03-31 12:40,45.0400,2026-03-31 12:41,46.4200,2026-03-31 12:42,46.7300,2026-03-31 12:42,45.9300,1,0,1,1,0,1,0.006678,0.037522,intraday,intraday,0,0
2026-03-31 12:48,45.4800,2026-03-31 13:32,46.9400,2026-03-31 13:35,47.0000,2026-03-31 13:36,46.4200,3,1,4,3,1,4,0.001278,0.033421,intraday,intraday,0,0
2026-03-31 13:38,46.1800,2026-03-31 15:01,47.6400,2026-03-31 15:21,48.1500,2026-03-31 15:33,47.5800,20,12,32,20,12,32,0.010705,0.042659,intraday,intraday,0,0
2026-03-31 15:33,47.5800,2026-04-01 09:30,50.2500,2026-04-01 09:30,50.2500,2026-04-01 09:31,49.7000,0,1,1,0,1,1,0.000000,0.056116,intraday,intraday,0,0
2026-04-01 09:31,49.7000,2026-04-01 09:34,51.5000,2026-04-01 09:38,52.1800,2026-04-01 09:42,51.4100,4,4,8,4,4,8,0.013204,0.049899,intraday,intraday,0,0
2026-04-01 09:43,51.0500,2026-04-01 10:08,52.6300,2026-04-01 10:22,53.0900,2026-04-01 10:34,52.3800,14,12,26,14,12,26,0.008740,0.039961,intraday,intraday,0,0
2026-04-01 10:37,52.1500,2026-04-01 11:55,53.7300,2026-04-01 11:57,53.9900,2026-04-01 12:31,53.4300,2,34,36,2,34,36,0.004839,0.035283,intraday,intraday,0,0
2026-04-02 09:30,46.0500,2026-04-02 09:31,48.1500,2026-04-02 09:32,48.1900,2026-04-02 09:33,47.3400,1,1,2,1,1,2,0.000831,0.046471,intraday,intraday,0,0
2026-04-02 09:40,46.1200,2026-04-02 09:47,47.6900,2026-04-02 09:47,47.6900,2026-04-02 09:50,47.2000,0,3,3,0,3,3,0.000000,0.034042,intraday,intraday,0,0
2026-04-02 09:50,47.2000,2026-04-02 09:54,48.8800,2026-04-02 10:00,49.4700,2026-04-02 10:02,48.8200,6,2,8,6,2,8,0.012070,0.048093,intraday,intraday,0,0
2026-04-02 10:05,48.7700,2026-04-02 10:11,50.3700,2026-04-02 10:11,50.3700,2026-04-02 10:13,49.8000,0,2,2,0,2,2,0.000000,0.032807,intraday,intraday,0,0
2026-04-02 10:27,49.3300,2026-04-02 10:35,50.9500,2026-04-02 10:36,52.3200,2026-04-02 10:36,50.7800,1,0,1,1,0,1,0.026889,0.060612,intraday,intraday,0,0
2026-04-02 10:36,50.7800,2026-04-02 10:37,53.0700,2026-04-02 10:37,53.0700,2026-04-02 10:38,51.9500,0,1,1,0,1,1,0.000000,0.045096,intraday,intraday,0,0
2026-04-02 12:36,50.6200,2026-04-02 14:41,52.1600,2026-04-06 09:30,54.8000,2026-04-06 09:30,53.6300,79,0,79,5449,0,5449,0.050613,0.082576,weekend,intraday,1,1
2026-04-06 09:30,53.6300,2026-04-06 09:33,55.6000,2026-04-06 09:33,55.6000,2026-04-06 09:35,54.8100,0,2,2,0,2,2,0.000000,0.036733,intraday,intraday,0,0
2026-04-06 10:08,52.8800,2026-04-06 11:52,54.4900,2026-04-06 12:00,54.5800,2026-04-06 12:08,54.0300,8,8,16,8,8,16,0.001652,0.032148,intraday,intraday,0,0
2026-04-06 13:14,53.1600,2026-04-06 15:50,54.7900,2026-04-06 15:59,54.8500,2026-04-07 09:30,54.1700,9,1,10,9,1051,1060,0.001095,0.031791,overnight,overnight,1,1
2026-04-07 09:31,53.6400,2026-04-07 09:36,55.6600,2026-04-07 09:36,55.6600,2026-04-07 09:39,54.6300,0,3,3,0,3,3,0.000000,0.037658,intraday,intraday,0,0
2026-04-07 10:08,52.3500,2026-04-07 10:22,53.9500,2026-04-07 10:24,54.1500,2026-04-07 10:26,53.5400,2,2,4,2,2,4,0.003707,0.034384,intraday,intraday,0,0
2026-04-07 11:06,52.1300,2026-04-07 11:31,53.7200,2026-04-07 11:33,53.8300,2026-04-07 11:39,53.1800,2,6,8,2,6,8,0.002048,0.032611,intraday,intraday,0,0
2026-04-07 11:39,53.1800,2026-04-07 12:02,54.8000,2026-04-07 12:03,55.2700,2026-04-07 12:04,54.6800,1,1,2,1,1,2,0.008577,0.039300,intraday,intraday,0,0
2026-04-07 14:55,53.3900,2026-04-07 15:19,55.3000,2026-04-07 15:20,55.6000,2026-04-07 15:20,55.0400,1,0,1,1,0,1,0.005425,0.041394,intraday,intraday,0,0
2026-04-07 15:26,54.4300,2026-04-07 15:46,56.0800,2026-04-08 09:30,67.0000,2026-04-08 09:30,66.2700,14,0,14,1064,0,1064,0.194722,0.230939,overnight,intraday,1,1
2026-04-08 10:56,63.5600,2026-04-08 11:13,65.5800,2026-04-08 14:17,67.9800,2026-04-08 14:18,67.2800,184,1,185,184,1,185,0.036597,0.069541,intraday,intraday,0,0
2026-04-08 15:04,65.7700,2026-04-09 09:30,68.8900,2026-04-09 09:31,69.1300,2026-04-09 09:31,68.1700,1,0,1,1,0,1,0.003484,0.051087,intraday,intraday,0,0
2026-04-09 09:31,68.1700,2026-04-09 09:43,70.4600,2026-04-09 09:43,70.4600,2026-04-09 09:47,69.6600,0,4,4,0,4,4,0.000000,0.033592,intraday,intraday,0,0
2026-04-09 10:36,68.2200,2026-04-09 11:32,70.5000,2026-04-09 11:33,70.6800,2026-04-09 11:38,69.8400,1,5,6,1,5,6,0.002553,0.036060,intraday,intraday,0,0
2026-04-09 11:38,69.8400,2026-04-09 15:32,71.9700,2026-04-10 09:32,75.8500,2026-04-10 09:32,75.0700,30,0,30,1080,0,1080,0.053911,0.086054,overnight,intraday,0,1
2026-04-10 09:40,74.7100,2026-04-10 09:46,77.0000,2026-04-10 09:49,77.7500,2026-04-10 10:00,76.6200,3,11,14,3,11,14,0.009740,0.040691,intraday,intraday,0,0
2026-04-10 10:11,75.6100,2026-04-10 11:15,77.9900,2026-04-10 11:24,78.3000,2026-04-10 11:32,77.4300,9,8,17,9,8,17,0.003975,0.035577,intraday,intraday,0,0
2026-04-13 09:48,75.2500,2026-04-13 11:11,77.5700,2026-04-13 11:12,77.8500,2026-04-13 11:30,77.0600,1,18,19,1,18,19,0.003610,0.034551,intraday,intraday,0,0
2026-04-13 12:05,76.2300,2026-04-13 12:50,78.6100,2026-04-13 13:01,78.7900,2026-04-13 13:50,77.9300,11,49,60,11,49,60,0.002290,0.033583,intraday,intraday,0,0
2026-04-13 13:50,77.9300,2026-04-13 15:50,80.5500,2026-04-14 09:30,83.9500,2026-04-14 09:30,82.7800,10,0,10,1060,0,1060,0.042210,0.077249,overnight,intraday,1,1
2026-04-14 09:48,80.7100,2026-04-14 11:46,83.2300,2026-04-14 15:29,85.5700,2026-04-15 09:30,83.9600,223,31,254,223,1081,1304,0.028115,0.060216,overnight,overnight,1,1
2026-04-15 12:55,79.7600,2026-04-15 13:35,82.1800,2026-04-15 13:36,82.3100,2026-04-15 13:43,81.4600,1,7,8,1,7,8,0.001582,0.031971,intraday,intraday,0,0
2026-04-15 13:44,81.4400,2026-04-15 15:11,83.8900,2026-04-15 15:59,85.9800,2026-04-16 09:30,84.3800,48,1,49,48,1051,1099,0.024914,0.055747,overnight,overnight,1,1
2026-04-16 09:32,83.3400,2026-04-16 09:40,85.9900,2026-04-16 09:41,86.2400,2026-04-16 09:41,84.8300,1,0,1,1,0,1,0.002907,0.034797,intraday,intraday,0,0
2026-04-16 09:55,83.3100,2026-04-16 10:06,85.8500,2026-04-16 10:13,86.1100,2026-04-16 10:17,85.1100,7,4,11,7,4,11,0.003029,0.033609,intraday,intraday,0,0
2026-04-16 10:20,84.9400,2026-04-16 11:01,87.5700,2026-04-16 11:37,89.3900,2026-04-16 11:48,88.3200,36,11,47,36,11,47,0.020783,0.052390,intraday,intraday,0,0
2026-04-16 14:28,86.3700,2026-04-17 09:30,93.4200,2026-04-17 09:30,93.4200,2026-04-17 09:32,91.6700,0,2,2,0,2,2,0.000000,0.081626,intraday,intraday,0,0
2026-04-17 09:56,90.6600,2026-04-17 10:08,93.4100,2026-04-17 10:11,93.7700,2026-04-17 10:19,92.7100,3,8,11,3,8,11,0.003854,0.034304,intraday,intraday,0,0
2026-04-17 10:21,92.1200,2026-04-20 09:30,96.9300,2026-04-20 09:30,96.9300,2026-04-20 09:31,94.3600,0,1,1,0,1,1,0.000000,0.052215,intraday,intraday,0,0
2026-04-20 11:07,92.0300,2026-04-20 13:53,94.8000,2026-04-21 09:31,98.8700,2026-04-21 09:31,97.5600,128,0,128,1178,0,1178,0.042932,0.074324,overnight,intraday,0,1
2026-04-21 11:05,95.3200,2026-04-21 11:19,98.4600,2026-04-21 11:23,98.8000,2026-04-21 11:25,97.7700,4,2,6,4,2,6,0.003453,0.036509,intraday,intraday,0,0
2026-04-21 13:20,96.5400,2026-04-21 15:13,99.6600,2026-04-21 15:32,99.9500,2026-04-21 15:38,98.7300,19,6,25,19,6,25,0.002910,0.035322,intraday,intraday,0,0
2026-04-21 15:44,96.2700,2026-04-22 09:30,103.6300,2026-04-22 09:30,103.6300,2026-04-22 09:32,102.2900,0,2,2,0,2,2,0.000000,0.076452,intraday,intraday,0,0
2026-04-22 09:57,99.6000,2026-04-22 10:37,102.8200,2026-04-22 14:53,105.7800,2026-04-22 15:00,103.8800,256,7,263,256,7,263,0.028788,0.062048,intraday,intraday,0,0
2026-04-22 15:04,103.4400,2026-04-23 09:30,109.0500,2026-04-23 09:35,111.3600,2026-04-23 09:35,109.7900,5,0,5,5,0,5,0.021183,0.076566,intraday,intraday,0,0
2026-04-23 09:35,109.7900,2026-04-23 09:43,113.1000,2026-04-23 09:45,113.1400,2026-04-23 09:46,111.9600,2,1,3,2,1,3,0.000354,0.030513,intraday,intraday,0,0
2026-04-23 10:02,110.9100,2026-04-23 10:57,114.2800,2026-04-23 11:41,116.5000,2026-04-23 11:46,115.2400,44,5,49,44,5,49,0.019426,0.050401,intraday,intraday,0,0
2026-04-23 13:46,107.4600,2026-04-23 13:53,111.1300,2026-04-23 13:53,111.1300,2026-04-23 13:54,109.5800,0,1,1,0,1,1,0.000000,0.034152,intraday,intraday,0,0
2026-04-23 15:04,108.9700,2026-04-23 15:56,112.2400,2026-04-24 09:30,126.7400,2026-04-24 09:30,125.0000,4,0,4,1054,0,1054,0.129187,0.163072,overnight,intraday,1,1
2026-04-24 09:56,120.2400,2026-04-24 09:59,123.9800,2026-04-24 10:01,124.8500,2026-04-24 10:01,123.1000,2,0,2,2,0,2,0.007017,0.038340,intraday,intraday,0,0
2026-04-24 10:04,122.9500,2026-04-24 10:13,126.7100,2026-04-24 10:13,126.7100,2026-04-24 10:14,125.2600,0,1,1,0,1,1,0.000000,0.030582,intraday,intraday,0,0
2026-04-24 10:33,123.0800,2026-04-24 11:00,127.0000,2026-04-24 11:15,127.2800,2026-04-24 11:20,125.9700,15,5,20,15,5,20,0.002205,0.034124,intraday,intraday,0,0
2026-04-24 11:26,125.9300,2026-04-24 12:30,129.7200,2026-04-24 12:37,130.1200,2026-04-24 12:43,128.5600,7,6,13,7,6,13,0.003084,0.033272,intraday,intraday,0,0
2026-04-27 09:52,117.7900,2026-04-27 09:54,122.3100,2026-04-27 09:56,123.4800,2026-04-27 09:56,122.0600,2,0,2,2,0,2,0.009566,0.048306,intraday,intraday,0,0
2026-04-27 10:32,118.0000,2026-04-27 11:48,121.6600,2026-04-27 11:48,121.6600,2026-04-27 11:54,120.1700,0,6,6,0,6,6,0.000000,0.031017,intraday,intraday,0,0
2026-04-27 13:21,118.6900,2026-04-27 15:15,122.2800,2026-04-27 15:54,123.6500,2026-04-28 09:30,107.0200,39,6,45,39,1056,1095,0.011204,0.041790,overnight,overnight,1,1
2026-04-28 09:31,106.0000,2026-04-28 09:33,109.5000,2026-04-28 09:34,111.1800,2026-04-28 09:34,108.6600,1,0,1,1,0,1,0.015342,0.048868,intraday,intraday,0,0
2026-04-28 09:34,108.6600,2026-04-28 09:35,112.5300,2026-04-28 09:36,112.9500,2026-04-28 09:36,111.6300,1,0,1,1,0,1,0.003732,0.039481,intraday,intraday,0,0
2026-04-28 09:39,111.3800,2026-04-28 09:42,115.3800,2026-04-28 09:43,115.6200,2026-04-28 09:44,114.0500,1,1,2,1,1,2,0.002080,0.038068,intraday,intraday,0,0
2026-04-28 10:54,103.9900,2026-04-28 10:59,107.5500,2026-04-28 11:01,108.0900,2026-04-28 11:01,106.8700,2,0,2,2,0,2,0.005021,0.039427,intraday,intraday,0,0
2026-04-28 11:35,105.0700,2026-04-28 13:32,108.2800,2026-04-28 14:30,111.7700,2026-04-28 14:37,110.5700,58,7,65,58,7,65,0.032231,0.063767,intraday,intraday,0,0
2026-04-28 15:57,109.0600,2026-04-29 09:30,115.7500,2026-04-29 09:30,115.7500,2026-04-29 09:31,113.7000,0,1,1,0,1,1,0.000000,0.061342,intraday,intraday,0,0
2026-04-29 09:33,112.3000,2026-04-29 09:57,115.8000,2026-04-29 09:57,115.8000,2026-04-29 10:00,114.2100,0,3,3,0,3,3,0.000000,0.031167,intraday,intraday,0,0
2026-04-29 10:10,113.4400,2026-04-29 10:29,116.8600,2026-04-29 10:36,117.8100,2026-04-29 10:49,116.5500,7,13,20,7,13,20,0.008129,0.038523,intraday,intraday,0,0
2026-04-29 12:34,113.3300,2026-04-29 14:55,116.8900,2026-04-29 15:15,118.3200,2026-04-29 15:21,117.1100,20,6,26,20,6,26,0.012234,0.044031,intraday,intraday,0,0
2026-04-29 15:51,116.5000,2026-04-30 09:30,123.1300,2026-04-30 09:30,123.1300,2026-04-30 09:31,120.4900,0,1,1,0,1,1,0.000000,0.056910,intraday,intraday,0,0
2026-04-30 09:34,118.5800,2026-04-30 09:45,122.1700,2026-04-30 09:46,122.3000,2026-04-30 09:46,120.3200,1,0,1,1,0,1,0.001064,0.031371,intraday,intraday,0,0
2026-04-30 10:40,117.5000,2026-04-30 10:51,121.3000,2026-04-30 11:11,124.0900,2026-04-30 11:13,122.6200,20,2,22,20,2,22,0.023001,0.056085,intraday,intraday,0,0
2026-04-30 11:47,122.5200,2026-04-30 13:38,126.2500,2026-04-30 14:01,127.2000,2026-04-30 14:21,125.8100,23,20,43,23,20,43,0.007525,0.038198,intraday,intraday,0,0
2026-05-01 09:31,121.6600,2026-05-01 09:38,125.7500,2026-05-01 09:39,126.8900,2026-05-01 09:39,125.6000,1,0,1,1,0,1,0.009066,0.042989,intraday,intraday,0,0
2026-05-01 09:50,125.2200,2026-05-01 10:00,129.1800,2026-05-01 10:04,129.7000,2026-05-01 10:08,128.2000,4,4,8,4,4,8,0.004025,0.035777,intraday,intraday,0,0
2026-05-01 10:37,125.0100,2026-05-01 12:00,128.8700,2026-05-01 14:33,130.1200,2026-05-01 14:46,128.5200,153,13,166,153,13,166,0.009700,0.040877,intraday,intraday,0,0
2026-05-01 14:46,128.5200,2026-05-04 09:30,133.1200,2026-05-04 09:30,133.1200,2026-05-04 09:31,130.5900,0,1,1,0,1,1,0.000000,0.035792,intraday,intraday,0,0
2026-05-04 12:16,123.8000,2026-05-04 13:04,127.5200,2026-05-04 13:24,128.8800,2026-05-04 13:36,127.5600,20,12,32,20,12,32,0.010665,0.041034,intraday,intraday,0,0
2026-05-04 14:46,126.4900,2026-05-05 09:30,136.0000,2026-05-05 09:30,136.0000,2026-05-05 09:31,134.0200,0,1,1,0,1,1,0.000000,0.075184,intraday,intraday,0,0
2026-05-05 09:31,134.0200,2026-05-05 09:41,138.1700,2026-05-05 09:45,138.8200,2026-05-05 09:48,137.3600,4,3,7,4,3,7,0.004704,0.035816,intraday,intraday,0,0
2026-05-05 09:48,137.3600,2026-05-05 10:25,141.5300,2026-05-05 10:32,142.5600,2026-05-05 10:39,140.6300,7,7,14,7,7,14,0.007278,0.037857,intraday,intraday,0,0
2026-05-05 10:40,140.4300,2026-05-05 11:38,144.6900,2026-05-05 12:20,146.8100,2026-05-05 12:27,144.5200,42,7,49,42,7,49,0.014652,0.045432,intraday,intraday,0,0
2026-05-05 15:54,142.6300,2026-05-06 09:30,157.9600,2026-05-06 09:31,158.1200,2026-05-06 09:31,156.0600,1,0,1,1,0,1,0.001013,0.108603,intraday,intraday,0,0
2026-05-06 09:31,156.0600,2026-05-06 09:34,161.6600,2026-05-06 09:35,162.2000,2026-05-06 09:35,160.1800,1,0,1,1,0,1,0.003340,0.039344,intraday,intraday,0,0
2026-05-06 10:23,149.0600,2026-05-06 10:34,153.9800,2026-05-06 10:53,158.3500,2026-05-06 11:00,156.7000,19,7,26,19,7,26,0.028380,0.062324,intraday,intraday,0,0
2026-05-06 11:00,156.7000,2026-05-06 11:18,161.5000,2026-05-06 11:28,162.2000,2026-05-06 11:38,160.5400,10,10,20,10,10,20,0.004334,0.035099,intraday,intraday,0,0
2026-05-06 12:58,159.3500,2026-05-06 15:21,164.1900,2026-05-06 15:29,164.8200,2026-05-06 15:52,162.9300,8,23,31,8,23,31,0.003837,0.034327,intraday,intraday,0,0
2026-05-07 09:30,157.4100,2026-05-07 09:30,162.7300,2026-05-07 09:30,162.7300,2026-05-07 09:31,157.1700,0,1,1,0,1,1,0.000000,0.033797,intraday,intraday,0,0
2026-05-07 09:46,152.5800,2026-05-07 09:54,157.8800,2026-05-07 09:55,158.8100,2026-05-07 09:58,156.9600,1,3,4,1,3,4,0.005891,0.040831,intraday,intraday,0,0
2026-05-07 10:03,155.4700,2026-05-07 10:16,160.4400,2026-05-07 10:22,162.1900,2026-05-07 10:23,160.0000,6,1,7,6,1,7,0.010908,0.043224,intraday,intraday,0,0
2026-05-07 12:16,150.0700,2026-05-07 12:33,154.9700,2026-05-07 12:34,155.1400,2026-05-07 12:36,153.4200,1,2,3,1,2,3,0.001097,0.033784,intraday,intraday,0,0
2026-05-07 13:27,147.6100,2026-05-07 13:36,152.4700,2026-05-07 13:40,153.1300,2026-05-07 13:43,151.5700,4,3,7,4,3,7,0.004329,0.037396,intraday,intraday,0,0
2026-05-07 14:55,148.1000,2026-05-07 15:40,152.6800,2026-05-07 15:50,154.2700,2026-05-07 15:52,152.4000,10,2,12,10,2,12,0.010414,0.041661,intraday,intraday,0,0
2026-05-07 15:56,151.7600,2026-05-08 09:30,163.8800,2026-05-08 09:30,163.8800,2026-05-08 09:31,161.7900,0,1,1,0,1,1,0.000000,0.079863,intraday,intraday,0,0
2026-05-08 09:31,161.7900,2026-05-08 09:42,167.0000,2026-05-08 10:00,169.4500,2026-05-08 10:10,167.6200,18,10,28,18,10,28,0.014671,0.047345,intraday,intraday,0,0
2026-05-08 10:36,166.2000,2026-05-08 11:57,171.2500,2026-05-08 11:58,171.3000,2026-05-08 12:10,169.5400,1,12,13,1,12,13,0.000292,0.030686,intraday,intraday,0,0
2026-05-08 12:11,169.4700,2026-05-08 13:01,174.6500,2026-05-08 13:25,176.8500,2026-05-08 13:48,175.0200,24,23,47,24,23,47,0.012597,0.043548,intraday,intraday,0,0
2026-05-08 15:00,173.7300,2026-05-11 09:30,184.2000,2026-05-11 09:31,186.3700,2026-05-11 09:31,183.4500,1,0,1,1,0,1,0.011781,0.072757,intraday,intraday,0,0
2026-05-11 09:31,183.4500,2026-05-11 09:33,189.3100,2026-05-11 09:34,189.3900,2026-05-11 09:34,187.0600,1,0,1,1,0,1,0.000423,0.032379,intraday,intraday,0,0
2026-05-11 09:59,179.1200,2026-05-11 10:07,184.8800,2026-05-11 10:11,185.1100,2026-05-11 10:11,183.0000,4,0,4,4,0,4,0.001244,0.033441,intraday,intraday,0,0
2026-05-11 10:31,178.9400,2026-05-11 10:40,184.3800,2026-05-11 10:42,185.7700,2026-05-11 10:49,183.6100,2,7,9,2,7,9,0.007539,0.038169,intraday,intraday,0,0
2026-05-11 10:49,183.6100,2026-05-11 12:02,189.1300,2026-05-11 12:14,189.9500,2026-05-11 12:21,187.9600,12,7,19,12,7,19,0.004336,0.034530,intraday,intraday,0,0
2026-05-11 12:42,185.2000,2026-05-11 14:35,191.1900,2026-05-11 14:38,191.2900,2026-05-11 14:59,188.3200,3,21,24,3,21,24,0.000523,0.032883,intraday,intraday,0,0
2026-05-12 09:30,172.6600,2026-05-12 09:38,178.0400,2026-05-12 09:39,179.8000,2026-05-12 09:39,177.4200,1,0,1,1,0,1,0.009885,0.041353,intraday,intraday,0,0
2026-05-12 10:00,171.4500,2026-05-12 10:20,176.6100,2026-05-12 10:20,176.6100,2026-05-12 10:21,174.1700,0,1,1,0,1,1,0.000000,0.030096,intraday,intraday,0,0
2026-05-12 10:35,164.5600,2026-05-12 10:38,169.7300,2026-05-12 10:39,170.1800,2026-05-12 10:40,168.3300,1,1,2,1,1,2,0.002651,0.034152,intraday,intraday,0,0
2026-05-12 11:29,155.8900,2026-05-12 11:38,161.3400,2026-05-12 11:39,161.4900,2026-05-12 11:41,158.8000,1,2,3,1,2,3,0.000930,0.035923,intraday,intraday,0,0
2026-05-12 12:43,150.5800,2026-05-12 13:06,155.9700,2026-05-12 13:07,156.2400,2026-05-12 13:09,154.5600,1,2,3,1,2,3,0.001731,0.037588,intraday,intraday,0,0
2026-05-12 13:09,154.5600,2026-05-12 13:17,159.3300,2026-05-12 13:19,159.9000,2026-05-12 13:19,158.1700,2,0,2,2,0,2,0.003577,0.034550,intraday,intraday,0,0
2026-05-12 13:28,157.5100,2026-05-12 14:05,162.3000,2026-05-12 14:06,162.4100,2026-05-12 14:07,160.7800,1,1,2,1,1,2,0.000678,0.031109,intraday,intraday,0,0
2026-05-12 14:59,160.7000,2026-05-12 15:12,165.9700,2026-05-12 15:18,166.9700,2026-05-12 15:21,164.6400,6,3,9,6,3,9,0.006025,0.039017,intraday,intraday,0,0
2026-05-12 15:22,164.3800,2026-05-12 15:35,169.3400,2026-05-13 09:30,184.8500,2026-05-13 09:30,182.0000,25,0,25,1075,0,1075,0.091591,0.124529,overnight,intraday,1,1
2026-05-13 09:38,176.4400,2026-05-13 09:41,181.7500,2026-05-13 09:41,181.7500,2026-05-13 09:42,179.5200,0,1,1,0,1,1,0.000000,0.030095,intraday,intraday,0,0
2026-05-13 09:49,173.0100,2026-05-13 09:53,178.9100,2026-05-13 09:54,179.6900,2026-05-13 09:54,177.8000,1,0,1,1,0,1,0.004360,0.038610,intraday,intraday,0,0
2026-05-13 10:09,172.2600,2026-05-13 10:21,177.4900,2026-05-13 10:36,181.5000,2026-05-13 10:39,179.3000,15,3,18,15,3,18,0.022593,0.053640,intraday,intraday,0,0
2026-05-13 11:58,178.9500,2026-05-13 12:24,184.7500,2026-05-13 14:29,188.4900,2026-05-13 14:36,186.6000,125,7,132,125,7,132,0.020244,0.053311,intraday,intraday,0,0
2026-05-14 09:31,178.2700,2026-05-14 09:36,183.9000,2026-05-14 09:37,185.5000,2026-05-14 09:37,183.2800,1,0,1,1,0,1,0.008700,0.040556,intraday,intraday,0,0
2026-05-14 09:37,183.2800,2026-05-14 09:49,189.3800,2026-05-14 09:50,189.4300,2026-05-14 09:50,187.1300,1,0,1,1,0,1,0.000264,0.033555,intraday,intraday,0,0
2026-05-14 10:10,182.1000,2026-05-14 10:20,187.6300,2026-05-14 10:22,187.7000,2026-05-14 10:24,185.4000,2,2,4,2,2,4,0.000373,0.030752,intraday,intraday,0,0
2026-05-14 13:26,181.2500,2026-05-14 13:50,186.7900,2026-05-14 13:56,187.8600,2026-05-14 14:01,185.0100,6,5,11,6,5,11,0.005728,0.036469,intraday,intraday,0,0
2026-05-15 09:47,161.3600,2026-05-15 09:50,166.3900,2026-05-15 09:50,166.3900,2026-05-15 09:51,162.9200,0,1,1,0,1,1,0.000000,0.031173,intraday,intraday,0,0
2026-05-15 09:51,162.9200,2026-05-15 09:55,167.9300,2026-05-15 09:56,168.0000,2026-05-15 09:56,166.0700,1,0,1,1,0,1,0.000417,0.031181,intraday,intraday,0,0
2026-05-15 10:04,161.1400,2026-05-15 10:10,166.4400,2026-05-15 10:11,166.5000,2026-05-15 10:11,164.3300,1,0,1,1,0,1,0.000360,0.033263,intraday,intraday,0,0
2026-05-15 10:11,164.3300,2026-05-15 10:14,169.4200,2026-05-15 10:15,169.6400,2026-05-15 10:15,167.5000,1,0,1,1,0,1,0.001299,0.032313,intraday,intraday,0,0
2026-05-15 11:07,165.0000,2026-05-15 11:30,169.9700,2026-05-15 11:38,171.4000,2026-05-15 11:40,169.6500,8,2,10,8,2,10,0.008413,0.038788,intraday,intraday,0,0
2026-05-15 11:55,166.2800,2026-05-15 13:28,171.2800,2026-05-15 14:12,174.4000,2026-05-15 14:18,172.0200,44,6,50,44,6,50,0.018216,0.048833,intraday,intraday,0,0
2026-05-15 15:56,164.1400,2026-05-18 09:30,174.6100,2026-05-18 09:30,174.6100,2026-05-18 09:31,171.2500,0,1,1,0,1,1,0.000000,0.063787,intraday,intraday,0,0
2026-05-18 09:50,156.8900,2026-05-18 09:52,162.7000,2026-05-18 09:52,162.7000,2026-05-18 09:53,159.3200,0,1,1,0,1,1,0.000000,0.037032,intraday,intraday,0,0
2026-05-18 10:06,154.0000,2026-05-18 10:07,158.9300,2026-05-18 10:07,158.9300,2026-05-18 10:08,157.0400,0,1,1,0,1,1,0.000000,0.032013,intraday,intraday,0,0
2026-05-18 10:50,148.4500,2026-05-18 10:58,153.0000,2026-05-18 10:59,153.2500,2026-05-18 10:59,151.6900,1,0,1,1,0,1,0.001634,0.032334,intraday,intraday,0,0
2026-05-18 10:59,151.6900,2026-05-18 11:03,156.4400,2026-05-18 11:03,156.4400,2026-05-18 11:04,154.5000,0,1,1,0,1,1,0.000000,0.031314,intraday,intraday,0,0
2026-05-18 11:31,150.1700,2026-05-18 11:38,154.8600,2026-05-18 11:38,154.8600,2026-05-18 11:40,153.2800,0,2,2,0,2,2,0.000000,0.031231,intraday,intraday,0,0
2026-05-18 12:30,145.5500,2026-05-18 12:52,150.0000,2026-05-18 12:56,151.8500,2026-05-18 12:59,150.1100,4,3,7,4,3,7,0.012333,0.043284,intraday,intraday,0,0
2026-05-18 14:50,142.6900,2026-05-18 15:01,150.4300,2026-05-18 15:02,151.0000,2026-05-18 15:02,148.1600,1,0,1,1,0,1,0.003789,0.058238,intraday,intraday,0,0
2026-05-18 15:28,144.6000,2026-05-18 15:40,149.3300,2026-05-18 15:55,152.7800,2026-05-18 15:55,151.0500,15,0,15,15,0,15,0.023103,0.056570,intraday,intraday,0,0
2026-05-19 09:30,140.0400,2026-05-19 09:31,147.4200,2026-05-19 09:32,149.9000,2026-05-19 09:32,146.2800,1,0,1,1,0,1,0.016823,0.070408,intraday,intraday,0,0
2026-05-19 09:32,146.2800,2026-05-19 09:35,151.3700,2026-05-19 09:36,153.3500,2026-05-19 09:36,151.3900,1,0,1,1,0,1,0.013081,0.048332,intraday,intraday,0,0
2026-05-19 10:22,135.0200,2026-05-19 10:28,139.8100,2026-05-19 10:28,139.8100,2026-05-19 10:29,138.0100,0,1,1,0,1,1,0.000000,0.035476,intraday,intraday,0,0
2026-05-19 10:30,137.3000,2026-05-19 10:39,141.5500,2026-05-19 10:39,141.5500,2026-05-19 10:40,139.2500,0,1,1,0,1,1,0.000000,0.030954,intraday,intraday,0,0
2026-05-19 10:48,137.2200,2026-05-19 10:53,141.4200,2026-05-19 11:04,143.7400,2026-05-19 11:05,141.2800,11,1,12,11,1,12,0.016405,0.047515,intraday,intraday,0,0
2026-05-19 11:09,140.3500,2026-05-19 11:15,145.0000,2026-05-19 11:18,145.7800,2026-05-19 11:19,143.5300,3,1,4,3,1,4,0.005379,0.038689,intraday,intraday,0,0
2026-05-19 11:25,142.5000,2026-05-19 11:32,146.8600,2026-05-19 11:32,146.8600,2026-05-19 11:35,145.1200,0,3,3,0,3,3,0.000000,0.030596,intraday,intraday,0,0
2026-05-19 11:35,145.1200,2026-05-19 12:02,149.9100,2026-05-19 12:03,149.9900,2026-05-19 12:06,148.2000,1,3,4,1,3,4,0.000534,0.033558,intraday,intraday,0,0
2026-05-19 12:14,147.9600,2026-05-19 12:28,152.7800,2026-05-19 12:38,155.2400,2026-05-19 12:38,153.3300,10,0,10,10,0,10,0.016102,0.049202,intraday,intraday,0,0
2026-05-19 12:38,153.3300,2026-05-19 13:14,158.1100,2026-05-19 13:23,160.6000,2026-05-19 13:25,158.8000,9,2,11,9,2,11,0.015749,0.047414,intraday,intraday,0,0
2026-05-19 15:55,150.2500,2026-05-20 09:30,163.1000,2026-05-20 09:31,164.1100,2026-05-20 09:31,162.1600,1,0,1,1,0,1,0.006193,0.092246,intraday,intraday,0,0
2026-05-20 09:36,161.0400,2026-05-20 09:44,166.3000,2026-05-20 09:45,166.4500,2026-05-20 09:45,164.6200,1,0,1,1,0,1,0.000902,0.033594,intraday,intraday,0,0
2026-05-20 09:55,162.7700,2026-05-20 10:09,167.7500,2026-05-20 10:09,167.7500,2026-05-20 10:12,164.3500,0,3,3,0,3,3,0.000000,0.030595,intraday,intraday,0,0
2026-05-20 10:13,163.5700,2026-05-20 10:16,169.2000,2026-05-20 10:17,169.5500,2026-05-20 10:17,167.5000,1,0,1,1,0,1,0.002069,0.036559,intraday,intraday,0,0
2026-05-20 10:17,167.5000,2026-05-20 11:16,172.6800,2026-05-20 11:16,172.6800,2026-05-20 11:17,170.7600,0,1,1,0,1,1,0.000000,0.030925,intraday,intraday,0,0
2026-05-20 12:25,166.2100,2026-05-20 15:06,171.8200,2026-05-20 15:59,173.7000,2026-05-21 09:30,170.6300,53,1,54,53,1051,1104,0.010942,0.045063,overnight,overnight,1,1
2026-05-21 09:30,170.6300,2026-05-21 09:53,175.9200,2026-05-21 10:04,178.3200,2026-05-21 10:07,176.1400,11,3,14,11,3,14,0.013643,0.045068,intraday,intraday,0,0
2026-05-21 10:21,168.9200,2026-05-21 10:42,174.0300,2026-05-21 10:42,174.0300,2026-05-21 10:46,172.1600,0,4,4,0,4,4,0.000000,0.030251,intraday,intraday,0,0
2026-05-21 11:10,168.2300,2026-05-21 11:48,173.2900,2026-05-21 11:48,173.2900,2026-05-21 11:59,171.3500,0,11,11,0,11,11,0.000000,0.030078,intraday,intraday,0,0
2026-05-21 12:23,171.0900,2026-05-21 13:16,176.6000,2026-05-21 13:22,178.0000,2026-05-21 13:23,175.1400,6,1,7,6,1,7,0.007928,0.040388,intraday,intraday,0,0
2026-05-21 14:55,172.6300,2026-05-21 15:54,177.8600,2026-05-22 09:30,185.7900,2026-05-22 09:30,183.3400,6,0,6,1056,0,1056,0.044586,0.076232,overnight,intraday,1,1
2026-05-22 09:30,183.3400,2026-05-22 09:40,189.0000,2026-05-22 09:40,189.0000,2026-05-22 09:42,185.0900,0,2,2,0,2,2,0.000000,0.030872,intraday,intraday,0,0
2026-05-22 09:43,185.0300,2026-05-22 10:15,190.9700,2026-05-22 10:15,190.9700,2026-05-22 10:16,188.6500,0,1,1,0,1,1,0.000000,0.032103,intraday,intraday,0,0
2026-05-22 10:24,185.9800,2026-05-22 10:40,191.6000,2026-05-22 11:20,193.0000,2026-05-22 12:01,191.0000,40,41,81,40,41,81,0.007307,0.037746,intraday,intraday,0,0
2026-05-22 15:29,189.1600,2026-05-26 09:30,213.0000,2026-05-26 09:30,213.0000,2026-05-26 09:31,209.8900,0,1,1,0,1,1,0.000000,0.126031,intraday,intraday,0,0
2026-05-26 09:31,209.8900,2026-05-26 09:42,216.3700,2026-05-26 09:43,217.1100,2026-05-26 09:44,214.7500,1,1,2,1,1,2,0.003420,0.034399,intraday,intraday,0,0
2026-05-26 09:44,214.7500,2026-05-26 10:18,221.6000,2026-05-26 10:46,226.9000,2026-05-26 10:47,224.2300,28,1,29,28,1,29,0.023917,0.056577,intraday,intraday,0,0
2026-05-26 11:56,213.0800,2026-05-26 12:24,219.7000,2026-05-26 12:32,220.6300,2026-05-26 12:43,218.2100,8,11,19,8,11,19,0.004233,0.035433,intraday,intraday,0,0
2026-05-26 12:49,218.0200,2026-05-26 14:33,224.7000,2026-05-26 15:54,228.5000,2026-05-26 15:58,226.1000,81,4,85,81,4,85,0.016911,0.048069,intraday,intraday,0,0
2026-05-26 15:59,225.5500,2026-05-27 09:30,242.6600,2026-05-27 09:30,242.6600,2026-05-27 09:31,231.2700,0,1,1,0,1,1,0.000000,0.075859,intraday,intraday,0,0
2026-05-27 09:47,211.0200,2026-05-27 09:48,217.4400,2026-05-27 09:49,218.9200,2026-05-27 09:49,216.0500,1,0,1,1,0,1,0.006806,0.037437,intraday,intraday,0,0
2026-05-27 09:49,216.0500,2026-05-27 09:51,222.5800,2026-05-27 09:52,224.6700,2026-05-27 09:52,221.7200,1,0,1,1,0,1,0.009390,0.039898,intraday,intraday,0,0
2026-05-27 10:28,204.0000,2026-05-27 10:36,211.5300,2026-05-27 10:36,211.5300,2026-05-27 10:37,208.4400,0,1,1,0,1,1,0.000000,0.036912,intraday,intraday,0,0
2026-05-27 11:21,205.1700,2026-05-27 12:08,211.9000,2026-05-27 12:11,214.3100,2026-05-27 12:11,212.1300,3,0,3,3,0,3,0.011373,0.044548,intraday,intraday,0,0
2026-05-27 13:12,208.5600,2026-05-27 14:25,215.2900,2026-05-27 14:43,216.8600,2026-05-27 15:00,214.5300,18,17,35,18,17,35,0.007292,0.039797,intraday,intraday,0,0
2026-05-27 15:28,213.9200,2026-05-28 09:30,221.7300,2026-05-28 09:30,221.7300,2026-05-28 09:32,218.4700,0,2,2,0,2,2,0.000000,0.036509,intraday,intraday,0,0
2026-05-28 10:01,207.5600,2026-05-28 10:12,216.5000,2026-05-28 10:13,218.6900,2026-05-28 10:13,215.5700,1,0,1,1,0,1,0.010115,0.053623,intraday,intraday,0,0
2026-05-28 10:24,212.6000,2026-05-28 10:40,219.0000,2026-05-28 10:41,219.1000,2026-05-28 10:42,216.3200,1,1,2,1,1,2,0.000457,0.030574,intraday,intraday,0,0
2026-05-28 10:42,216.3200,2026-05-28 11:01,222.9500,2026-05-28 11:36,229.9000,2026-05-28 11:43,227.3300,35,7,42,35,7,42,0.031173,0.062777,intraday,intraday,0,0
2026-05-28 15:23,224.1000,2026-05-29 09:30,234.0000,2026-05-29 09:30,234.0000,2026-05-29 09:31,229.5400,0,1,1,0,1,1,0.000000,0.044177,intraday,intraday,0,0
2026-05-29 09:31,229.5400,2026-05-29 09:47,236.4900,2026-05-29 09:53,239.0700,2026-05-29 09:55,236.2300,6,2,8,6,2,8,0.010910,0.041518,intraday,intraday,0,0
2026-05-29 10:45,218.8700,2026-05-29 10:51,225.8700,2026-05-29 10:53,227.4400,2026-05-29 10:54,224.2600,2,1,3,2,1,3,0.006951,0.039156,intraday,intraday,0,0
2026-05-29 13:59,218.5600,2026-05-29 15:45,225.2100,2026-05-29 15:46,225.4000,2026-05-29 15:54,223.1000,1,8,9,1,8,9,0.000844,0.031296,intraday,intraday,0,0
2026-06-01 09:30,214.0100,2026-06-01 09:31,221.0300,2026-06-01 09:32,222.9600,2026-06-01 09:32,219.2800,1,0,1,1,0,1,0.008732,0.041820,intraday,intraday,0,0
2026-06-01 09:32,219.2800,2026-06-01 09:39,226.0000,2026-06-01 09:39,226.0000,2026-06-01 09:40,222.7700,0,1,1,0,1,1,0.000000,0.030646,intraday,intraday,0,0
2026-06-01 10:02,210.1400,2026-06-01 10:19,216.7800,2026-06-01 10:24,221.2000,2026-06-01 10:27,218.9500,5,3,8,5,3,8,0.020389,0.052632,intraday,intraday,0,0
2026-06-01 10:27,218.9500,2026-06-01 11:14,225.5500,2026-06-01 11:44,229.9300,2026-06-01 11:49,227.3600,30,5,35,30,5,35,0.019419,0.050148,intraday,intraday,0,0
2026-06-01 12:13,225.0800,2026-06-01 13:43,233.0000,2026-06-01 13:53,234.0600,2026-06-01 14:08,231.4100,10,15,25,10,15,25,0.004549,0.039897,intraday,intraday,0,0
2026-06-01 15:50,224.8800,2026-06-02 09:30,244.9000,2026-06-02 09:30,244.9000,2026-06-02 09:31,238.9100,0,1,1,0,1,1,0.000000,0.089025,intraday,intraday,0,0
2026-06-02 09:31,238.9100,2026-06-02 09:35,246.6500,2026-06-02 09:36,248.8200,2026-06-02 09:36,246.1200,1,0,1,1,0,1,0.008798,0.041480,intraday,intraday,0,0
2026-06-02 09:41,245.7000,2026-06-02 09:53,253.4800,2026-06-02 09:53,253.4800,2026-06-02 09:56,250.3100,0,3,3,0,3,3,0.000000,0.031665,intraday,intraday,0,0
2026-06-02 10:27,246.3800,2026-06-02 10:43,253.8200,2026-06-02 11:01,255.9700,2026-06-02 11:06,253.1600,18,5,23,18,5,23,0.008471,0.038924,intraday,intraday,0,0
2026-06-02 11:06,253.1600,2026-06-02 11:53,261.2900,2026-06-02 12:01,261.9200,2026-06-02 12:18,258.4800,8,17,25,8,17,25,0.002411,0.034603,intraday,intraday,0,0
2026-06-02 13:41,253.9100,2026-06-02 15:03,261.7900,2026-06-03 09:30,284.5800,2026-06-03 09:30,277.0000,57,0,57,1107,0,1107,0.087055,0.120791,overnight,intraday,1,1
2026-06-03 09:50,257.2600,2026-06-03 09:51,266.3000,2026-06-03 09:52,269.0000,2026-06-03 09:52,264.1100,1,0,1,1,0,1,0.010139,0.045635,intraday,intraday,0,0
2026-06-03 09:58,260.5700,2026-06-03 10:00,269.1200,2026-06-03 10:01,269.6700,2026-06-03 10:01,266.4500,1,0,1,1,0,1,0.002044,0.034923,intraday,intraday,0,0
2026-06-03 10:01,266.4500,2026-06-03 10:11,274.6200,2026-06-03 10:12,277.1500,2026-06-03 10:12,274.1800,1,0,1,1,0,1,0.009213,0.040158,intraday,intraday,0,0
2026-06-03 10:12,274.1800,2026-06-03 10:29,282.7700,2026-06-03 10:30,283.0000,2026-06-03 10:35,279.2500,1,5,6,1,5,6,0.000813,0.032169,intraday,intraday,0,0
2026-06-03 12:43,272.2100,2026-06-03 13:51,280.5500,2026-06-03 14:05,282.5200,2026-06-03 14:15,279.2300,14,10,24,14,10,24,0.007022,0.037875,intraday,intraday,0,0
2026-06-04 09:31,237.1000,2026-06-04 09:32,244.8300,2026-06-04 09:33,247.4900,2026-06-04 09:33,244.2100,1,0,1,1,0,1,0.010865,0.043821,intraday,intraday,0,0
2026-06-04 09:45,235.0200,2026-06-04 09:48,242.7500,2026-06-04 09:48,242.7500,2026-06-04 09:49,237.5200,0,1,1,0,1,1,0.000000,0.032891,intraday,intraday,0,0
2026-06-04 10:06,228.5500,2026-06-04 10:11,237.3200,2026-06-04 10:13,239.2800,2026-06-04 10:13,235.0000,2,0,2,2,0,2,0.008259,0.046948,intraday,intraday,0,0
2026-06-04 10:13,235.0000,2026-06-04 10:17,242.7000,2026-06-04 10:17,242.7000,2026-06-04 10:18,240.1100,0,1,1,0,1,1,0.000000,0.032766,intraday,intraday,0,0
2026-06-04 10:20,238.5800,2026-06-04 10:25,245.9600,2026-06-04 10:30,248.7000,2026-06-04 10:31,245.5600,5,1,6,5,1,6,0.011140,0.042418,intraday,intraday,0,0
2026-06-04 10:45,242.5500,2026-06-04 10:57,250.5000,2026-06-04 11:00,254.0100,2026-06-04 11:04,251.2000,3,4,7,3,4,7,0.014012,0.047248,intraday,intraday,0,0
2026-06-04 11:04,251.2000,2026-06-04 11:09,259.1000,2026-06-04 11:16,260.7800,2026-06-04 11:23,256.3300,7,7,14,7,7,14,0.006484,0.038137,intraday,intraday,0,0
2026-06-04 11:49,250.1200,2026-06-04 12:19,257.6700,2026-06-04 12:28,262.1000,2026-06-04 12:31,257.8700,9,3,12,9,3,12,0.017193,0.047897,intraday,intraday,0,0
2026-06-04 12:31,257.8700,2026-06-04 13:31,265.9700,2026-06-04 14:12,274.5000,2026-06-04 14:16,271.7100,41,4,45,41,4,45,0.032071,0.064490,intraday,intraday,0,0
2026-06-04 15:18,262.7300,2026-06-04 15:29,271.1300,2026-06-04 15:30,272.7000,2026-06-04 15:40,268.2700,1,10,11,1,10,11,0.005791,0.037948,intraday,intraday,0,0
2026-06-05 09:30,225.7400,2026-06-05 09:31,232.8000,2026-06-05 09:33,233.6900,2026-06-05 09:33,230.0000,2,0,2,2,0,2,0.003823,0.035218,intraday,intraday,0,0
2026-06-05 09:50,215.0000,2026-06-05 09:52,221.5600,2026-06-05 09:53,222.3900,2026-06-05 09:53,219.0300,1,0,1,1,0,1,0.003746,0.034372,intraday,intraday,0,0
2026-06-05 10:00,212.6600,2026-06-05 10:03,219.3300,2026-06-05 10:03,219.3300,2026-06-05 10:04,215.5500,0,1,1,0,1,1,0.000000,0.031365,intraday,intraday,0,0
2026-06-05 10:04,215.5500,2026-06-05 10:08,223.0000,2026-06-05 10:09,223.4200,2026-06-05 10:09,221.1200,1,0,1,1,0,1,0.001883,0.036511,intraday,intraday,0,0
2026-06-05 10:12,219.2100,2026-06-05 10:15,226.5000,2026-06-05 10:15,226.5000,2026-06-05 10:17,223.7100,0,2,2,0,2,2,0.000000,0.033256,intraday,intraday,0,0
2026-06-05 10:29,218.8800,2026-06-05 10:34,225.6800,2026-06-05 10:35,227.8800,2026-06-05 10:35,225.0000,1,0,1,1,0,1,0.009748,0.041118,intraday,intraday,0,0
2026-06-05 11:41,210.2700,2026-06-05 11:47,216.6300,2026-06-05 11:47,216.6300,2026-06-05 11:48,213.8700,0,1,1,0,1,1,0.000000,0.030247,intraday,intraday,0,0
2026-06-05 12:48,196.3700,2026-06-05 12:52,204.0800,2026-06-05 12:54,205.5000,2026-06-05 12:54,203.2400,2,0,2,2,0,2,0.006958,0.046494,intraday,intraday,0,0
2026-06-05 13:12,196.4100,2026-06-05 13:28,202.3800,2026-06-05 13:30,202.7000,2026-06-05 13:32,200.0000,2,2,4,2,2,4,0.001581,0.032025,intraday,intraday,0,0
2026-06-05 13:32,200.0000,2026-06-05 13:37,206.0000,2026-06-05 13:40,206.5900,2026-06-05 13:41,203.0200,3,1,4,3,1,4,0.002864,0.032950,intraday,intraday,0,0
2026-06-05 14:49,183.1800,2026-06-05 14:54,189.2000,2026-06-05 14:55,189.8500,2026-06-05 14:55,187.4500,1,0,1,1,0,1,0.003436,0.036412,intraday,intraday,0,0
2026-06-05 14:55,187.4500,2026-06-05 14:56,193.2600,2026-06-05 14:57,193.3200,2026-06-05 14:57,191.2000,1,0,1,1,0,1,0.000310,0.031315,intraday,intraday,0,0
2026-06-05 15:18,183.1100,2026-06-05 15:25,189.7000,2026-06-05 15:25,189.7000,2026-06-05 15:26,187.4400,0,1,1,0,1,1,0.000000,0.035989,intraday,intraday,0,0
2026-06-05 15:26,187.4400,2026-06-05 15:29,193.9800,2026-06-05 15:30,194.1900,2026-06-05 15:30,190.8200,1,0,1,1,0,1,0.001083,0.036012,intraday,intraday,0,0
2026-06-05 15:32,187.7700,2026-06-05 15:39,194.4100,2026-06-05 15:39,194.4100,2026-06-05 15:40,190.7500,0,1,1,0,1,1,0.000000,0.035362,intraday,intraday,0,0
2026-06-05 15:41,188.4900,2026-06-05 15:48,194.2700,2026-06-05 15:51,196.3500,2026-06-05 15:51,194.2500,3,0,3,3,0,3,0.010707,0.041700,intraday,intraday,0,0
2026-06-05 15:59,181.8100,2026-06-08 09:30,211.3200,2026-06-08 09:30,211.3200,2026-06-08 09:31,206.0000,0,1,1,0,1,1,0.000000,0.162312,intraday,intraday,0,0
2026-06-08 09:35,205.1100,2026-06-08 09:42,212.4000,2026-06-08 09:43,213.3700,2026-06-08 09:43,211.0100,1,0,1,1,0,1,0.004567,0.040271,intraday,intraday,0,0
2026-06-08 10:05,201.6900,2026-06-08 10:09,208.1800,2026-06-08 10:10,208.2600,2026-06-08 10:10,206.0000,1,0,1,1,0,1,0.000384,0.032575,intraday,intraday,0,0
2026-06-08 10:16,203.7000,2026-06-08 10:26,209.8500,2026-06-08 10:27,210.4200,2026-06-08 10:28,207.9800,1,1,2,1,1,2,0.002716,0.032990,intraday,intraday,0,0
2026-06-08 10:28,207.9800,2026-06-08 10:39,214.7300,2026-06-08 10:40,214.9500,2026-06-08 10:42,211.7800,1,2,3,1,2,3,0.001025,0.033513,intraday,intraday,0,0
2026-06-08 10:42,211.7800,2026-06-08 11:05,218.8500,2026-06-08 11:20,222.1900,2026-06-08 11:22,219.1700,15,2,17,15,2,17,0.015262,0.049155,intraday,intraday,0,0
2026-06-08 13:24,212.5800,2026-06-08 14:06,219.3700,2026-06-08 14:10,219.5300,2026-06-08 14:20,217.3100,4,10,14,4,10,14,0.000729,0.032694,intraday,intraday,0,0
2026-06-08 15:25,208.9300,2026-06-09 09:30,227.7100,2026-06-09 09:31,228.4400,2026-06-09 09:31,224.3100,1,0,1,1,0,1,0.003206,0.093381,intraday,intraday,0,0
2026-06-09 09:34,220.0000,2026-06-09 09:43,227.3500,2026-06-09 09:47,231.0200,2026-06-09 09:51,227.8000,4,4,8,4,4,8,0.016143,0.050091,intraday,intraday,0,0
2026-06-09 10:18,209.0000,2026-06-09 10:24,216.5900,2026-06-09 10:25,217.9100,2026-06-09 10:25,215.5400,1,0,1,1,0,1,0.006094,0.042632,intraday,intraday,0,0
2026-06-09 10:49,197.1000,2026-06-09 10:52,203.7600,2026-06-09 10:52,203.7600,2026-06-09 10:53,200.3900,0,1,1,0,1,1,0.000000,0.033790,intraday,intraday,0,0
2026-06-09 11:06,198.7500,2026-06-09 11:09,205.3500,2026-06-09 11:10,206.8000,2026-06-09 11:12,202.5000,1,2,3,1,2,3,0.007061,0.040503,intraday,intraday,0,0
2026-06-09 11:38,185.6800,2026-06-09 11:40,192.1200,2026-06-09 11:41,192.4400,2026-06-09 11:41,189.5400,1,0,1,1,0,1,0.001666,0.036407,intraday,intraday,0,0
2026-06-09 12:20,163.0300,2026-06-09 12:22,168.9700,2026-06-09 12:22,168.9700,2026-06-09 12:23,165.9900,0,1,1,0,1,1,0.000000,0.036435,intraday,intraday,0,0
2026-06-09 12:23,165.9900,2026-06-09 12:25,172.0800,2026-06-09 12:25,172.0800,2026-06-09 12:26,168.0000,0,1,1,0,1,1,0.000000,0.036689,intraday,intraday,0,0
2026-06-09 12:31,164.5000,2026-06-09 12:32,170.2600,2026-06-09 12:32,170.2600,2026-06-09 12:33,167.9000,0,1,1,0,1,1,0.000000,0.035015,intraday,intraday,0,0
2026-06-09 12:38,160.5300,2026-06-09 12:38,166.9000,2026-06-09 12:38,166.9000,2026-06-09 12:39,158.0000,0,1,1,0,1,1,0.000000,0.039681,intraday,intraday,0,0
2026-06-09 12:40,157.5600,2026-06-09 12:43,165.0000,2026-06-09 12:43,165.0000,2026-06-09 12:44,162.5000,0,1,1,0,1,1,0.000000,0.047220,intraday,intraday,0,0
2026-06-09 12:55,158.2600,2026-06-09 12:57,163.3600,2026-06-09 12:58,165.9700,2026-06-09 12:58,161.5500,1,0,1,1,0,1,0.015977,0.048717,intraday,intraday,0,0
2026-06-09 12:58,161.5500,2026-06-09 12:59,167.9000,2026-06-09 13:00,169.6500,2026-06-09 13:00,167.3400,1,0,1,1,0,1,0.010423,0.050139,intraday,intraday,0,0
2026-06-09 13:01,166.7600,2026-06-09 13:02,172.2000,2026-06-09 13:03,174.7900,2026-06-09 13:03,171.0000,1,0,1,1,0,1,0.015041,0.048153,intraday,intraday,0,0
2026-06-09 13:03,171.0000,2026-06-09 13:04,176.3000,2026-06-09 13:05,176.3800,2026-06-09 13:05,173.8000,1,0,1,1,0,1,0.000454,0.031462,intraday,intraday,0,0
2026-06-09 13:10,173.0000,2026-06-09 13:14,178.8400,2026-06-09 13:14,178.8400,2026-06-09 13:15,176.1400,0,1,1,0,1,1,0.000000,0.033757,intraday,intraday,0,0
2026-06-09 13:16,175.5800,2026-06-09 13:18,181.3100,2026-06-09 13:22,184.2000,2026-06-09 13:22,181.6200,4,0,4,4,0,4,0.015940,0.049094,intraday,intraday,0,0
2026-06-09 13:24,178.1700,2026-06-09 13:33,184.0000,2026-06-09 13:34,184.8100,2026-06-09 13:35,182.1800,1,1,2,1,1,2,0.004402,0.037268,intraday,intraday,0,0
2026-06-09 13:35,182.1800,2026-06-09 13:41,188.7000,2026-06-09 13:43,189.5000,2026-06-09 13:44,186.4200,2,1,3,2,1,3,0.004240,0.040180,intraday,intraday,0,0
2026-06-09 13:48,177.8500,2026-06-09 13:51,184.4000,2026-06-09 13:51,184.4000,2026-06-09 13:52,181.3800,0,1,1,0,1,1,0.000000,0.036829,intraday,intraday,0,0
2026-06-09 13:53,180.0000,2026-06-09 13:55,185.7000,2026-06-09 13:55,185.7000,2026-06-09 13:56,183.5800,0,1,1,0,1,1,0.000000,0.031667,intraday,intraday,0,0
2026-06-09 14:03,181.2300,2026-06-09 14:14,186.9700,2026-06-09 14:14,186.9700,2026-06-09 14:16,184.5000,0,2,2,0,2,2,0.000000,0.031672,intraday,intraday,0,0
2026-06-09 14:16,184.5000,2026-06-09 14:20,190.2800,2026-06-09 14:20,190.2800,2026-06-09 14:21,188.1500,0,1,1,0,1,1,0.000000,0.031328,intraday,intraday,0,0
2026-06-09 14:21,188.1500,2026-06-09 14:30,194.7900,2026-06-09 14:30,194.7900,2026-06-09 14:32,192.0200,0,2,2,0,2,2,0.000000,0.035291,intraday,intraday,0,0
2026-06-09 14:44,189.1100,2026-06-09 14:57,195.1400,2026-06-09 14:59,197.1400,2026-06-09 15:00,193.6200,2,1,3,2,1,3,0.010249,0.042462,intraday,intraday,0,0
2026-06-09 15:00,193.6200,2026-06-09 15:05,199.7100,2026-06-09 15:05,199.7100,2026-06-09 15:06,196.1000,0,1,1,0,1,1,0.000000,0.031453,intraday,intraday,0,0
2026-06-09 15:19,183.9500,2026-06-09 15:28,191.0100,2026-06-09 15:30,193.2200,2026-06-09 15:30,190.9200,2,0,2,2,0,2,0.011570,0.050394,intraday,intraday,0,0
2026-06-09 15:40,187.1500,2026-06-09 15:50,193.9400,2026-06-09 15:51,194.1400,2026-06-09 15:51,192.1700,1,0,1,1,0,1,0.001031,0.037350,intraday,intraday,0,0
2026-06-09 15:54,191.5700,2026-06-09 15:57,198.2300,2026-06-09 15:59,201.9800,2026-06-09 15:59,199.7700,2,0,2,2,0,2,0.018917,0.054340,intraday,intraday,0,0
2026-06-10 09:30,190.5300,2026-06-10 09:30,196.7200,2026-06-10 09:31,196.8000,2026-06-10 09:31,192.3200,1,0,1,1,0,1,0.000407,0.032908,intraday,intraday,0,0
2026-06-10 09:35,189.9600,2026-06-10 09:35,196.0000,2026-06-10 09:36,197.5000,2026-06-10 09:36,194.0900,1,0,1,1,0,1,0.007653,0.039693,intraday,intraday,0,0
2026-06-10 09:36,194.0900,2026-06-10 09:38,202.8000,2026-06-10 09:38,202.8000,2026-06-10 09:39,197.0300,0,1,1,0,1,1,0.000000,0.044876,intraday,intraday,0,0
2026-06-10 09:41,191.5100,2026-06-10 09:43,199.1300,2026-06-10 09:44,201.3900,2026-06-10 09:44,198.0900,1,0,1,1,0,1,0.011349,0.051590,intraday,intraday,0,0
2026-06-10 09:44,198.0900,2026-06-10 09:47,206.4000,2026-06-10 09:48,209.2300,2026-06-10 09:48,205.7700,1,0,1,1,0,1,0.013711,0.056237,intraday,intraday,0,0
2026-06-10 10:01,195.3700,2026-06-10 10:03,201.8000,2026-06-10 10:03,201.8000,2026-06-10 10:05,198.9300,0,2,2,0,2,2,0.000000,0.032912,intraday,intraday,0,0
2026-06-10 10:05,198.9300,2026-06-10 10:09,206.9300,2026-06-10 10:09,206.9300,2026-06-10 10:10,203.0500,0,1,1,0,1,1,0.000000,0.040215,intraday,intraday,0,0
2026-06-10 10:16,200.2100,2026-06-10 10:23,206.2500,2026-06-10 10:24,208.6900,2026-06-10 10:24,205.5300,1,0,1,1,0,1,0.011830,0.042356,intraday,intraday,0,0
2026-06-10 10:32,205.2100,2026-06-10 10:34,212.9300,2026-06-10 10:35,212.9900,2026-06-10 10:35,210.7800,1,0,1,1,0,1,0.000282,0.037912,intraday,intraday,0,0
2026-06-10 11:00,189.3100,2026-06-10 11:01,195.7600,2026-06-10 11:02,195.8800,2026-06-10 11:02,193.5800,1,0,1,1,0,1,0.000613,0.034705,intraday,intraday,0,0
2026-06-10 11:18,181.2300,2026-06-10 11:21,186.8000,2026-06-10 11:22,187.7700,2026-06-10 11:22,185.5500,1,0,1,1,0,1,0.005193,0.036087,intraday,intraday,0,0
2026-06-10 11:22,185.5500,2026-06-10 11:25,191.8700,2026-06-10 11:25,191.8700,2026-06-10 11:26,188.5600,0,1,1,0,1,1,0.000000,0.034061,intraday,intraday,0,0
2026-06-10 11:39,183.7400,2026-06-10 11:45,189.2600,2026-06-10 11:47,189.4900,2026-06-10 11:47,185.4300,2,0,2,2,0,2,0.001215,0.031294,intraday,intraday,0,0
2026-06-10 11:51,179.0000,2026-06-10 11:53,184.6900,2026-06-10 11:54,187.8200,2026-06-10 11:54,183.5400,1,0,1,1,0,1,0.016947,0.049274,intraday,intraday,0,0
2026-06-10 11:54,183.5400,2026-06-10 11:57,189.3900,2026-06-10 12:00,191.0100,2026-06-10 12:01,187.0900,3,1,4,3,1,4,0.008554,0.040700,intraday,intraday,0,0
2026-06-10 12:21,183.2100,2026-06-10 12:37,190.1000,2026-06-10 12:37,190.1000,2026-06-10 12:39,188.0400,0,2,2,0,2,2,0.000000,0.037607,intraday,intraday,0,0
2026-06-10 13:20,180.6300,2026-06-10 13:46,186.8600,2026-06-10 13:48,188.1800,2026-06-10 13:48,185.7100,2,0,2,2,0,2,0.007064,0.041798,intraday,intraday,0,0
2026-06-10 15:23,177.3000,2026-06-10 15:31,183.2000,2026-06-10 15:31,183.2000,2026-06-10 15:33,181.2200,0,2,2,0,2,2,0.000000,0.033277,intraday,intraday,0,0
2026-06-10 15:55,179.6200,2026-06-11 09:30,197.0000,2026-06-11 09:31,197.3800,2026-06-11 09:31,194.6600,1,0,1,1,0,1,0.001929,0.098875,intraday,intraday,0,0
2026-06-11 09:31,194.6600,2026-06-11 09:36,200.9600,2026-06-11 09:36,200.9600,2026-06-11 09:37,197.7900,0,1,1,0,1,1,0.000000,0.032364,intraday,intraday,0,0
2026-06-11 09:42,193.8200,2026-06-11 09:45,200.6300,2026-06-11 09:46,202.8000,2026-06-11 09:46,199.7400,1,0,1,1,0,1,0.010816,0.046332,intraday,intraday,0,0
2026-06-11 09:46,199.7400,2026-06-11 09:52,205.9400,2026-06-11 09:54,206.9900,2026-06-11 09:54,204.9100,2,0,2,2,0,2,0.005099,0.036297,intraday,intraday,0,0
2026-06-11 09:59,202.5500,2026-06-11 10:01,208.7500,2026-06-11 10:04,209.7600,2026-06-11 10:05,206.6500,3,1,4,3,1,4,0.004838,0.035596,intraday,intraday,0,0
2026-06-11 10:19,198.9500,2026-06-11 10:22,205.4900,2026-06-11 10:23,206.7200,2026-06-11 10:23,204.5000,1,0,1,1,0,1,0.005986,0.039055,intraday,intraday,0,0
2026-06-11 11:01,192.8000,2026-06-11 11:07,198.7300,2026-06-11 11:08,199.1700,2026-06-11 11:08,197.0300,1,0,1,1,0,1,0.002214,0.033039,intraday,intraday,0,0
2026-06-11 11:10,197.0100,2026-06-11 11:40,203.3000,2026-06-11 11:40,203.3000,2026-06-11 11:43,199.5100,0,3,3,0,3,3,0.000000,0.031927,intraday,intraday,0,0
2026-06-11 13:18,193.4100,2026-06-11 13:28,202.9600,2026-06-11 13:29,206.1300,2026-06-11 13:29,200.8000,1,0,1,1,0,1,0.015619,0.065767,intraday,intraday,0,0
2026-06-11 13:29,200.8000,2026-06-11 13:30,210.0000,2026-06-11 13:30,210.0000,2026-06-11 13:31,205.8000,0,1,1,0,1,1,0.000000,0.045817,intraday,intraday,0,0
2026-06-11 13:31,205.8000,2026-06-11 13:33,212.0000,2026-06-11 13:34,212.4900,2026-06-11 13:34,209.2100,1,0,1,1,0,1,0.002311,0.032507,intraday,intraday,0,0
2026-06-11 13:36,207.8000,2026-06-11 13:44,214.6400,2026-06-11 13:45,214.8300,2026-06-11 13:46,211.6000,1,1,2,1,1,2,0.000885,0.033831,intraday,intraday,0,0
2026-06-11 14:06,205.7600,2026-06-11 14:15,212.5900,2026-06-11 14:19,213.4900,2026-06-11 14:20,211.1700,4,1,5,4,1,5,0.004234,0.037568,intraday,intraday,0,0
2026-06-11 14:22,209.3200,2026-06-11 14:50,216.4600,2026-06-11 14:50,216.4600,2026-06-11 14:55,213.7700,0,5,5,0,5,5,0.000000,0.034110,intraday,intraday,0,0
2026-06-11 15:06,212.5700,2026-06-11 15:12,219.1800,2026-06-11 15:30,223.9900,2026-06-11 15:30,220.8800,18,0,18,18,0,18,0.021945,0.053723,intraday,intraday,0,0
2026-06-12 09:33,214.7400,2026-06-12 09:35,224.8900,2026-06-12 09:36,226.1700,2026-06-12 09:36,223.3100,1,0,1,1,0,1,0.005692,0.053227,intraday,intraday,0,0
2026-06-12 09:45,218.3100,2026-06-12 09:52,225.1100,2026-06-12 09:52,225.1100,2026-06-12 09:53,221.7400,0,1,1,0,1,1,0.000000,0.031148,intraday,intraday,0,0
2026-06-12 09:54,221.2000,2026-06-12 10:00,228.9000,2026-06-12 10:03,231.4300,2026-06-12 10:03,229.0800,3,0,3,3,0,3,0.011053,0.046248,intraday,intraday,0,0
2026-06-12 10:05,228.2600,2026-06-12 10:10,235.2500,2026-06-12 10:10,235.2500,2026-06-12 10:12,231.7700,0,2,2,0,2,2,0.000000,0.030623,intraday,intraday,0,0
2026-06-12 10:48,223.5500,2026-06-12 10:52,233.0900,2026-06-12 10:54,234.4400,2026-06-12 10:54,232.0000,2,0,2,2,0,2,0.005792,0.048714,intraday,intraday,0,0
2026-06-12 10:54,232.0000,2026-06-12 11:18,239.5300,2026-06-12 11:35,241.5600,2026-06-12 11:35,239.1200,17,0,17,17,0,17,0.008475,0.041207,intraday,intraday,0,0
2026-06-12 11:50,230.2900,2026-06-12 11:51,237.3000,2026-06-12 11:51,237.3000,2026-06-12 11:52,234.5600,0,1,1,0,1,1,0.000000,0.030440,intraday,intraday,0,0
2026-06-12 11:59,227.6100,2026-06-12 12:08,235.3600,2026-06-12 12:08,235.3600,2026-06-12 12:10,232.5100,0,2,2,0,2,2,0.000000,0.034049,intraday,intraday,0,0
2026-06-12 12:10,232.5100,2026-06-12 12:16,239.7100,2026-06-12 12:16,239.7100,2026-06-12 12:18,236.4000,0,2,2,0,2,2,0.000000,0.030966,intraday,intraday,0,0
2026-06-12 12:25,235.0000,2026-06-12 13:43,242.1000,2026-06-12 13:48,242.4000,2026-06-12 13:55,239.2200,5,7,12,5,7,12,0.001239,0.031489,intraday,intraday,0,0
2026-06-12 15:35,233.1300,2026-06-15 09:30,268.0700,2026-06-15 09:31,270.5000,2026-06-15 09:31,267.2100,1,0,1,1,0,1,0.009065,0.160297,intraday,intraday,0,0
2026-06-15 09:34,262.6200,2026-06-15 09:51,272.0000,2026-06-15 09:52,272.1800,2026-06-15 09:54,268.8300,1,2,3,1,2,3,0.000662,0.036402,intraday,intraday,0,0
2026-06-15 10:48,261.6000,2026-06-15 11:31,269.5100,2026-06-15 11:31,269.5100,2026-06-15 11:36,266.5300,0,5,5,0,5,5,0.000000,0.030237,intraday,intraday,0,0
2026-06-15 11:36,266.5300,2026-06-15 14:39,274.6000,2026-06-15 14:48,274.8800,2026-06-15 15:03,272.1200,9,15,24,9,15,24,0.001020,0.031329,intraday,intraday,0,0
2026-06-16 09:30,264.5000,2026-06-16 09:35,273.3200,2026-06-16 09:35,273.3200,2026-06-16 09:36,270.2000,0,1,1,0,1,1,0.000000,0.033346,intraday,intraday,0,0
2026-06-16 10:33,251.6800,2026-06-16 10:37,259.6900,2026-06-16 10:40,262.5000,2026-06-16 10:40,258.0000,3,0,3,3,0,3,0.010821,0.042991,intraday,intraday,0,0
2026-06-16 11:50,234.3000,2026-06-16 11:53,241.8000,2026-06-16 11:54,243.9000,2026-06-16 11:54,240.7500,1,0,1,1,0,1,0.008685,0.040973,intraday,intraday,0,0
2026-06-16 11:58,240.5200,2026-06-16 12:03,248.8000,2026-06-16 12:05,250.3800,2026-06-16 12:08,246.7400,2,3,5,2,3,5,0.006350,0.040995,intraday,intraday,0,0
2026-06-16 13:40,239.3500,2026-06-16 13:54,246.8800,2026-06-16 13:56,247.5000,2026-06-16 13:58,244.7000,2,2,4,2,2,4,0.002511,0.034051,intraday,intraday,0,0
2026-06-16 14:58,236.5500,2026-06-16 15:08,243.7000,2026-06-16 15:08,243.7000,2026-06-16 15:09,238.3000,0,1,1,0,1,1,0.000000,0.030226,intraday,intraday,0,0
2026-06-16 15:17,232.0000,2026-06-16 15:29,239.9900,2026-06-16 15:30,241.2900,2026-06-16 15:33,238.6000,1,3,4,1,3,4,0.005417,0.040043,intraday,intraday,0,0
2026-06-16 15:59,226.0000,2026-06-17 09:30,247.8500,2026-06-17 09:30,247.8500,2026-06-17 09:31,245.0000,0,1,1,0,1,1,0.000000,0.096681,intraday,intraday,0,0
2026-06-17 09:33,242.3500,2026-06-17 09:43,249.8900,2026-06-17 09:44,250.2100,2026-06-17 09:45,247.7000,1,1,2,1,1,2,0.001281,0.032432,intraday,intraday,0,0
2026-06-17 10:00,236.5000,2026-06-17 10:12,244.3600,2026-06-17 10:24,249.1900,2026-06-17 10:27,246.0200,12,3,15,12,3,15,0.019766,0.053658,intraday,intraday,0,0
2026-06-17 10:47,240.5900,2026-06-17 10:54,248.2000,2026-06-17 10:54,248.2000,2026-06-17 10:56,245.4500,0,2,2,0,2,2,0.000000,0.031631,intraday,intraday,0,0
2026-06-17 14:06,234.3500,2026-06-17 14:08,243.1500,2026-06-17 14:09,245.8500,2026-06-17 14:09,242.0500,1,0,1,1,0,1,0.011104,0.049072,intraday,intraday,0,0
2026-06-17 14:27,241.5000,2026-06-17 14:36,249.7500,2026-06-17 14:38,251.9800,2026-06-17 14:38,248.3300,2,0,2,2,0,2,0.008929,0.043395,intraday,intraday,0,0
2026-06-17 14:38,248.3300,2026-06-17 14:41,255.8000,2026-06-17 14:43,258.9200,2026-06-17 14:43,255.9100,2,0,2,2,0,2,0.012197,0.042645,intraday,intraday,0,0
2026-06-17 15:12,247.0000,2026-06-17 15:13,255.0000,2026-06-17 15:13,255.0000,2026-06-17 15:15,251.1900,0,2,2,0,2,2,0.000000,0.032389,intraday,intraday,0,0
2026-06-17 15:59,233.3000,2026-06-18 09:30,267.9700,2026-06-18 09:31,269.1000,2026-06-18 09:31,265.3600,1,0,1,1,0,1,0.004217,0.153450,intraday,intraday,0,0
2026-06-18 09:37,265.0000,2026-06-18 10:07,273.3600,2026-06-18 10:26,277.5600,2026-06-18 10:26,274.6300,19,0,19,19,0,19,0.015364,0.047396,intraday,intraday,0,0
2026-06-18 10:32,270.3700,2026-06-18 10:58,278.5900,2026-06-18 11:14,280.5400,2026-06-18 11:23,277.6000,16,9,25,16,9,25,0.007000,0.037615,intraday,intraday,0,0
2026-06-18 11:38,272.1100,2026-06-18 12:37,280.4000,2026-06-18 12:44,280.7700,2026-06-18 12:55,277.6600,7,11,18,7,11,18,0.001320,0.031825,intraday,intraday,0,0
2026-06-18 13:01,277.2000,2026-06-18 15:45,285.8000,2026-06-18 15:47,286.1600,2026-06-18 15:50,280.0200,2,3,5,2,3,5,0.001260,0.032323,intraday,intraday,0,0
2026-06-18 15:59,279.1900,2026-06-22 09:30,299.9300,2026-06-22 09:31,300.0000,2026-06-22 09:31,293.8800,1,0,1,1,0,1,0.000233,0.074537,intraday,intraday,0,0
2026-06-22 09:33,290.2000,2026-06-22 09:35,299.7500,2026-06-22 09:37,301.0000,2026-06-22 09:37,297.5800,2,0,2,2,0,2,0.004170,0.037216,intraday,intraday,0,0
2026-06-22 09:43,290.2600,2026-06-22 10:04,299.4700,2026-06-22 10:18,302.0000,2026-06-22 10:20,298.8400,14,2,16,14,2,16,0.008448,0.040446,intraday,intraday,0,0
2026-06-22 12:03,286.2400,2026-06-22 12:54,294.8300,2026-06-22 12:55,294.9800,2026-06-22 13:06,291.6100,1,11,12,1,11,12,0.000509,0.030534,intraday,intraday,0,0
2026-06-22 15:08,290.3800,2026-06-22 15:57,299.5000,2026-06-22 15:59,301.5000,2026-06-23 09:30,234.0000,2,1,3,2,1051,1053,0.006678,0.038295,overnight,overnight,1,1
2026-06-23 09:31,231.0000,2026-06-23 09:31,239.8400,2026-06-23 09:32,241.9400,2026-06-23 09:32,238.0000,1,0,1,1,0,1,0.008756,0.047359,intraday,intraday,0,0
2026-06-23 09:36,233.0000,2026-06-23 09:50,240.6700,2026-06-23 09:51,243.8400,2026-06-23 09:51,239.5200,1,0,1,1,0,1,0.013172,0.046524,intraday,intraday,0,0
2026-06-23 09:51,239.5200,2026-06-23 09:53,248.1600,2026-06-23 09:54,248.2500,2026-06-23 09:54,244.0000,1,0,1,1,0,1,0.000363,0.036448,intraday,intraday,0,0
2026-06-23 09:56,240.5100,2026-06-23 10:00,249.0700,2026-06-23 10:01,251.7600,2026-06-23 10:01,247.7100,1,0,1,1,0,1,0.010800,0.046776,intraday,intraday,0,0
2026-06-23 10:08,244.8200,2026-06-23 10:21,252.9800,2026-06-23 10:21,252.9800,2026-06-23 10:22,248.0000,0,1,1,0,1,1,0.000000,0.033331,intraday,intraday,0,0
2026-06-23 11:49,230.1300,2026-06-23 12:01,237.9800,2026-06-23 12:05,240.6400,2026-06-23 12:06,237.7800,4,1,5,4,1,5,0.011177,0.045670,intraday,intraday,0,0
2026-06-23 14:54,223.0000,2026-06-23 15:01,230.6800,2026-06-23 15:05,233.6000,2026-06-23 15:06,229.3000,4,1,5,4,1,5,0.012658,0.047534,intraday,intraday,0,0
2026-06-23 15:10,225.5200,2026-06-23 15:26,232.6400,2026-06-23 15:30,233.8600,2026-06-23 15:30,231.5100,4,0,4,4,0,4,0.005244,0.036981,intraday,intraday,0,0
2026-06-23 15:48,226.7100,2026-06-23 15:55,233.7400,2026-06-23 15:55,233.7400,2026-06-23 15:56,231.0900,0,1,1,0,1,1,0.000000,0.031009,intraday,intraday,0,0
2026-06-24 09:30,229.0600,2026-06-24 09:32,236.0000,2026-06-24 09:33,237.0000,2026-06-24 09:34,234.0500,1,1,2,1,1,2,0.004237,0.034663,intraday,intraday,0,0
2026-06-24 09:43,220.2500,2026-06-24 09:46,228.0900,2026-06-24 09:46,228.0900,2026-06-24 09:47,223.5000,0,1,1,0,1,1,0.000000,0.035596,intraday,intraday,0,0
2026-06-24 09:48,221.2600,2026-06-24 09:49,228.0000,2026-06-24 09:50,230.1900,2026-06-24 09:50,226.4800,1,0,1,1,0,1,0.009605,0.040360,intraday,intraday,0,0
2026-06-24 10:20,220.3200,2026-06-24 10:26,227.3000,2026-06-24 10:27,228.5000,2026-06-24 10:27,225.6500,1,0,1,1,0,1,0.005279,0.037128,intraday,intraday,0,0
2026-06-24 10:27,225.6500,2026-06-24 10:36,232.8800,2026-06-24 10:38,233.1400,2026-06-24 10:39,229.5100,2,1,3,2,1,3,0.001116,0.033193,intraday,intraday,0,0
2026-06-24 11:25,225.7000,2026-06-24 12:22,232.7900,2026-06-24 12:23,232.9000,2026-06-24 12:30,230.3200,1,7,8,1,7,8,0.000473,0.031901,intraday,intraday,0,0
2026-06-24 13:33,215.8800,2026-06-24 14:24,222.8400,2026-06-24 14:28,224.3500,2026-06-24 14:33,220.8100,4,5,9,4,5,9,0.006776,0.039235,intraday,intraday,0,0
2026-06-24 15:13,211.1300,2026-06-24 15:26,217.6500,2026-06-24 15:30,220.2700,2026-06-24 15:30,217.7900,4,0,4,4,0,4,0.012038,0.043291,intraday,intraday,0,0
2026-06-24 15:42,217.7700,2026-06-24 15:53,224.5000,2026-06-24 15:59,230.0000,2026-06-24 15:59,226.4900,6,0,6,6,0,6,0.024499,0.056160,intraday,intraday,0,0
2026-06-24 15:59,226.4900,2026-06-25 09:30,268.5000,2026-06-25 09:30,268.5000,2026-06-25 09:31,263.3300,0,1,1,0,1,1,0.000000,0.185483,intraday,intraday,0,0
2026-06-25 09:49,237.7300,2026-06-25 09:50,246.7400,2026-06-25 09:50,246.7400,2026-06-25 09:51,238.2500,0,1,1,0,1,1,0.000000,0.037900,intraday,intraday,0,0
2026-06-25 09:55,226.3300,2026-06-25 09:57,233.9900,2026-06-25 09:57,233.9900,2026-06-25 09:58,228.4600,0,1,1,0,1,1,0.000000,0.033844,intraday,intraday,0,0
2026-06-25 09:59,225.7400,2026-06-25 10:01,233.1200,2026-06-25 10:01,233.1200,2026-06-25 10:02,229.3100,0,1,1,0,1,1,0.000000,0.032692,intraday,intraday,0,0
2026-06-25 10:02,229.3100,2026-06-25 10:03,236.2300,2026-06-25 10:03,236.2300,2026-06-25 10:04,232.0000,0,1,1,0,1,1,0.000000,0.030177,intraday,intraday,0,0
2026-06-25 10:04,232.0000,2026-06-25 10:08,239.7200,2026-06-25 10:09,240.3800,2026-06-25 10:09,237.6500,1,0,1,1,0,1,0.002753,0.036121,intraday,intraday,0,0
2026-06-25 10:09,237.6500,2026-06-25 10:10,244.8900,2026-06-25 10:11,245.4000,2026-06-25 10:11,242.8700,1,0,1,1,0,1,0.002083,0.032611,intraday,intraday,0,0
2026-06-25 10:16,234.1000,2026-06-25 10:20,242.1000,2026-06-25 10:21,244.0000,2026-06-25 10:21,240.2400,1,0,1,1,0,1,0.007848,0.042290,intraday,intraday,0,0
2026-06-25 10:24,236.0000,2026-06-25 10:33,245.0000,2026-06-25 10:33,245.0000,2026-06-25 10:34,241.4700,0,1,1,0,1,1,0.000000,0.038136,intraday,intraday,0,0
2026-06-25 10:45,239.1600,2026-06-25 10:51,247.0000,2026-06-25 10:53,248.8700,2026-06-25 10:57,243.8000,2,4,6,2,4,6,0.007571,0.040600,intraday,intraday,0,0
2026-06-25 11:15,238.9400,2026-06-25 11:24,247.2600,2026-06-25 11:24,247.2600,2026-06-25 11:25,244.6800,0,1,1,0,1,1,0.000000,0.034820,intraday,intraday,0,0
2026-06-25 11:29,243.2400,2026-06-25 12:05,250.6500,2026-06-25 12:06,253.1000,2026-06-25 12:06,250.1500,1,0,1,1,0,1,0.009775,0.040536,intraday,intraday,0,0
2026-06-25 12:06,250.1500,2026-06-25 12:13,258.5000,2026-06-25 12:18,259.8400,2026-06-25 12:19,256.9100,5,1,6,5,1,6,0.005184,0.038737,intraday,intraday,0,0
2026-06-25 12:45,247.2900,2026-06-25 13:10,255.5900,2026-06-25 13:15,258.5900,2026-06-25 13:15,255.9600,5,0,5,5,0,5,0.011738,0.045695,intraday,intraday,0,0
2026-06-25 15:18,245.1100,2026-06-25 15:55,252.7000,2026-06-25 15:59,253.7000,2026-06-26 09:30,222.4400,4,1,5,4,1051,1055,0.003957,0.035045,overnight,overnight,1,1
2026-06-26 09:34,215.5000,2026-06-26 09:35,221.9800,2026-06-26 09:36,223.1700,2026-06-26 09:36,220.0200,1,0,1,1,0,1,0.005361,0.035592,intraday,intraday,0,0
2026-06-26 09:41,214.4100,2026-06-26 09:47,221.0000,2026-06-26 09:47,221.0000,2026-06-26 09:48,216.4800,0,1,1,0,1,1,0.000000,0.030736,intraday,intraday,0,0
2026-06-26 09:49,215.3000,2026-06-26 09:56,222.4900,2026-06-26 09:57,224.5400,2026-06-26 09:57,221.1300,1,0,1,1,0,1,0.009214,0.042917,intraday,intraday,0,0
2026-06-26 09:57,221.1300,2026-06-26 10:00,229.6000,2026-06-26 10:01,229.9800,2026-06-26 10:01,227.3600,1,0,1,1,0,1,0.001655,0.040022,intraday,intraday,0,0
2026-06-26 11:15,213.1800,2026-06-26 11:25,219.7500,2026-06-26 11:30,222.4800,2026-06-26 11:30,219.8000,5,0,5,5,0,5,0.012423,0.043625,intraday,intraday,0,0
2026-06-26 11:34,218.5800,2026-06-26 11:43,225.5800,2026-06-26 11:43,225.5800,2026-06-26 11:45,223.1500,0,2,2,0,2,2,0.000000,0.032025,intraday,intraday,0,0
2026-06-26 12:21,216.5300,2026-06-26 12:35,223.1500,2026-06-26 12:51,224.2800,2026-06-26 13:00,222.0000,16,9,25,16,9,25,0.005064,0.035792,intraday,intraday,0,0
2026-06-26 14:57,213.3600,2026-06-26 15:36,220.1000,2026-06-26 15:36,220.1000,2026-06-26 15:39,217.2900,0,3,3,0,3,3,0.000000,0.031590,intraday,intraday,0,0
2026-06-26 15:52,212.1000,2026-06-29 09:31,218.7200,2026-06-29 09:32,220.1100,2026-06-29 09:32,216.7400,1,0,1,1,0,1,0.006355,0.037765,intraday,intraday,0,0
2026-06-29 10:17,192.3000,2026-06-29 10:19,198.3000,2026-06-29 10:20,199.3400,2026-06-29 10:20,197.1700,1,0,1,1,0,1,0.005245,0.036609,intraday,intraday,0,0
2026-06-29 10:24,197.0900,2026-06-29 10:27,204.0000,2026-06-29 10:28,205.7400,2026-06-29 10:28,203.3000,1,0,1,1,0,1,0.008529,0.043889,intraday,intraday,0,0
2026-06-29 10:28,203.3000,2026-06-29 10:31,209.7800,2026-06-29 10:31,209.7800,2026-06-29 10:32,207.0900,0,1,1,0,1,1,0.000000,0.031874,intraday,intraday,0,0
2026-06-29 10:48,203.9000,2026-06-29 10:50,210.9300,2026-06-29 10:53,211.3200,2026-06-29 10:53,208.5400,3,0,3,3,0,3,0.001849,0.036390,intraday,intraday,0,0
2026-06-29 10:53,208.5400,2026-06-29 10:56,215.9400,2026-06-29 10:57,217.0000,2026-06-29 10:57,214.4400,1,0,1,1,0,1,0.004909,0.040568,intraday,intraday,0,0
2026-06-29 10:57,214.4400,2026-06-29 11:15,221.2500,2026-06-29 11:16,221.3700,2026-06-29 11:18,218.3100,1,2,3,1,2,3,0.000542,0.032317,intraday,intraday,0,0
2026-06-29 11:24,216.5000,2026-06-29 11:30,223.3400,2026-06-29 12:25,232.1100,2026-06-29 12:27,229.6300,55,2,57,55,2,57,0.039267,0.072102,intraday,intraday,0,0
2026-06-29 12:33,227.8000,2026-06-29 13:02,234.8100,2026-06-29 13:15,235.8800,2026-06-29 13:21,233.2600,13,6,19,13,6,19,0.004557,0.035470,intraday,intraday,0,0
2026-06-29 15:54,231.8000,2026-06-30 09:30,243.5000,2026-06-30 09:31,246.0000,2026-06-30 09:31,242.0100,1,0,1,1,0,1,0.010267,0.061260,intraday,intraday,0,0
2026-06-30 09:31,242.0100,2026-06-30 09:34,249.3000,2026-06-30 09:35,251.5000,2026-06-30 09:35,247.0600,1,0,1,1,0,1,0.008825,0.039213,intraday,intraday,0,0
2026-06-30 09:35,247.0600,2026-06-30 09:55,254.9700,2026-06-30 10:00,257.9600,2026-06-30 10:01,254.0000,5,1,6,5,1,6,0.011727,0.044119,intraday,intraday,0,0
2026-06-30 10:01,254.0000,2026-06-30 10:22,262.0600,2026-06-30 10:33,263.8800,2026-06-30 10:37,260.7500,11,4,15,11,4,15,0.006945,0.038898,intraday,intraday,0,0
2026-06-30 10:58,257.3900,2026-06-30 13:09,265.5000,2026-06-30 13:44,266.9700,2026-06-30 14:06,264.1300,35,22,57,35,22,57,0.005537,0.037220,intraday,intraday,0,0
2026-07-01 09:38,230.0600,2026-07-01 09:45,238.0000,2026-07-01 09:46,240.9500,2026-07-01 09:46,237.5400,1,0,1,1,0,1,0.012395,0.047335,intraday,intraday,0,0
2026-07-01 09:46,237.5400,2026-07-01 09:51,246.4700,2026-07-01 09:51,246.4700,2026-07-01 09:52,243.2500,0,1,1,0,1,1,0.000000,0.037594,intraday,intraday,0,0
2026-07-01 10:59,224.0200,2026-07-01 11:03,231.4900,2026-07-01 11:04,232.4500,2026-07-01 11:05,229.2900,1,1,2,1,1,2,0.004147,0.037631,intraday,intraday,0,0
2026-07-01 11:11,225.1100,2026-07-01 11:18,232.4500,2026-07-01 11:19,233.0000,2026-07-01 11:21,230.1100,1,2,3,1,2,3,0.002366,0.035050,intraday,intraday,0,0
2026-07-01 14:56,215.3800,2026-07-01 15:02,221.9400,2026-07-01 15:11,226.2700,2026-07-01 15:11,223.8900,9,0,9,9,0,9,0.019510,0.050562,intraday,intraday,0,0
2026-07-01 15:18,221.5400,2026-07-01 15:30,230.1000,2026-07-01 15:30,230.1000,2026-07-01 15:31,226.5000,0,1,1,0,1,1,0.000000,0.038639,intraday,intraday,0,0
2026-07-02 09:30,213.0000,2026-07-02 09:30,219.4600,2026-07-02 09:30,219.4600,2026-07-02 09:31,213.8400,0,1,1,0,1,1,0.000000,0.030329,intraday,intraday,0,0
2026-07-02 09:33,211.2300,2026-07-02 09:35,219.7100,2026-07-02 09:35,219.7100,2026-07-02 09:36,214.2100,0,1,1,0,1,1,0.000000,0.040146,intraday,intraday,0,0
2026-07-02 09:38,210.6200,2026-07-02 09:43,219.0000,2026-07-02 09:43,219.0000,2026-07-02 09:44,215.0000,0,1,1,0,1,1,0.000000,0.039787,intraday,intraday,0,0
2026-07-02 09:44,215.0000,2026-07-02 09:50,221.7200,2026-07-02 09:51,223.4100,2026-07-02 09:51,219.7700,1,0,1,1,0,1,0.007622,0.039116,intraday,intraday,0,0
2026-07-02 11:20,186.2800,2026-07-02 11:26,192.0000,2026-07-02 11:27,193.2200,2026-07-02 11:27,191.0000,1,0,1,1,0,1,0.006354,0.037256,intraday,intraday,0,0
2026-07-02 11:29,189.7000,2026-07-02 11:35,197.1700,2026-07-02 11:36,197.2700,2026-07-02 11:39,194.2100,1,3,4,1,3,4,0.000507,0.039905,intraday,intraday,0,0
2026-07-02 13:50,170.8000,2026-07-02 14:08,176.0000,2026-07-02 14:09,177.6500,2026-07-02 14:09,175.5900,1,0,1,1,0,1,0.009375,0.040105,intraday,intraday,0,0
2026-07-02 14:18,173.7000,2026-07-02 14:33,179.4400,2026-07-02 14:33,179.4400,2026-07-02 14:34,176.0000,0,1,1,0,1,1,0.000000,0.033045,intraday,intraday,0,0
2026-07-02 14:46,173.4600,2026-07-02 14:52,179.2200,2026-07-02 14:52,179.2200,2026-07-02 14:53,177.0200,0,1,1,0,1,1,0.000000,0.033207,intraday,intraday,0,0
2026-07-02 15:26,168.8800,2026-07-02 15:28,174.0000,2026-07-02 15:30,175.8000,2026-07-02 15:30,173.2000,2,0,2,2,0,2,0.010345,0.040976,intraday,intraday,0,0
2026-07-02 15:30,173.2000,2026-07-02 15:50,179.4700,2026-07-02 15:50,179.4700,2026-07-02 15:51,176.8000,0,1,1,0,1,1,0.000000,0.036201,intraday,intraday,0,0
2026-07-02 15:51,176.8000,2026-07-06 09:30,197.5200,2026-07-06 09:30,197.5200,2026-07-06 09:31,194.2700,0,1,1,0,1,1,0.000000,0.117195,intraday,intraday,0,0
2026-07-06 09:31,194.2700,2026-07-06 09:34,201.3900,2026-07-06 09:35,202.0700,2026-07-06 09:36,197.4400,1,1,2,1,1,2,0.003377,0.040150,intraday,intraday,0,0
2026-07-06 09:36,197.4400,2026-07-06 09:40,203.5000,2026-07-06 09:41,204.4300,2026-07-06 09:42,201.1400,1,1,2,1,1,2,0.004570,0.035403,intraday,intraday,0,0
2026-07-06 09:42,201.1400,2026-07-06 09:54,207.2700,2026-07-06 09:56,207.8000,2026-07-06 09:57,204.8400,2,1,3,2,1,3,0.002557,0.033111,intraday,intraday,0,0
2026-07-06 09:58,204.0500,2026-07-06 10:15,210.1800,2026-07-06 10:18,210.8000,2026-07-06 10:20,208.4400,3,2,5,3,2,5,0.002950,0.033080,intraday,intraday,0,0
2026-07-06 11:18,199.3700,2026-07-06 11:31,205.6800,2026-07-06 11:43,206.0000,2026-07-06 11:54,203.7200,12,11,23,12,11,23,0.001556,0.033255,intraday,intraday,0,0
2026-07-06 13:42,194.6000,2026-07-06 15:17,200.6300,2026-07-06 15:24,201.8900,2026-07-06 15:30,197.8800,7,6,13,7,6,13,0.006280,0.037461,intraday,intraday,0,0
2026-07-07 09:30,165.0000,2026-07-07 09:30,171.8800,2026-07-07 09:30,171.8800,2026-07-07 09:31,167.2100,0,1,1,0,1,1,0.000000,0.041697,intraday,intraday,0,0
2026-07-07 09:35,162.2200,2026-07-07 09:37,167.5400,2026-07-07 09:37,167.5400,2026-07-07 09:38,162.8600,0,1,1,0,1,1,0.000000,0.032795,intraday,intraday,0,0
2026-07-07 09:38,162.8600,2026-07-07 09:42,167.8500,2026-07-07 09:43,169.3000,2026-07-07 09:43,167.2300,1,0,1,1,0,1,0.008639,0.039543,intraday,intraday,0,0
2026-07-07 09:55,159.3000,2026-07-07 10:01,164.3000,2026-07-07 10:01,164.3000,2026-07-07 10:02,162.1600,0,1,1,0,1,1,0.000000,0.031387,intraday,intraday,0,0
2026-07-07 10:44,150.0800,2026-07-07 10:51,154.9000,2026-07-07 10:52,155.8000,2026-07-07 10:52,153.6000,1,0,1,1,0,1,0.005810,0.038113,intraday,intraday,0,0
2026-07-07 11:20,152.5500,2026-07-07 11:45,158.0000,2026-07-07 11:47,159.0000,2026-07-07 11:49,156.6000,2,2,4,2,2,4,0.006329,0.042281,intraday,intraday,0,0
2026-07-07 11:49,156.6000,2026-07-07 12:00,161.6600,2026-07-07 12:06,163.7800,2026-07-07 12:07,161.8900,6,1,7,6,1,7,0.013114,0.045849,intraday,intraday,0,0
2026-07-07 12:08,161.0500,2026-07-07 12:20,166.0800,2026-07-07 12:23,167.6300,2026-07-07 12:24,165.5000,3,1,4,3,1,4,0.009333,0.040857,intraday,intraday,0,0
2026-07-07 12:42,163.0200,2026-07-07 13:05,168.4700,2026-07-07 13:08,169.9700,2026-07-07 13:10,167.7900,3,2,5,3,2,5,0.008904,0.042633,intraday,intraday,0,0
2026-07-07 15:26,155.6500,2026-07-07 15:30,162.7100,2026-07-07 15:30,162.7100,2026-07-07 15:32,160.2500,0,2,2,0,2,2,0.000000,0.045358,intraday,intraday,0,0
2026-07-07 15:41,158.1000,2026-07-07 15:55,163.6700,2026-07-07 15:59,165.9900,2026-07-07 15:59,163.4000,4,0,4,4,0,4,0.014175,0.049905,intraday,intraday,0,0
2026-07-08 09:30,158.8700,2026-07-08 09:30,164.2500,2026-07-08 09:31,167.6900,2026-07-08 09:31,163.3000,1,0,1,1,0,1,0.020944,0.055517,intraday,intraday,0,0
2026-07-08 09:31,163.3000,2026-07-08 09:32,168.2800,2026-07-08 09:32,168.2800,2026-07-08 09:33,166.0000,0,1,1,0,1,1,0.000000,0.030496,intraday,intraday,0,0
2026-07-08 09:33,166.0000,2026-07-08 09:35,171.2500,2026-07-08 09:36,172.0000,2026-07-08 09:36,168.2000,1,0,1,1,0,1,0.004380,0.036145,intraday,intraday,0,0
2026-07-08 09:38,165.5000,2026-07-08 09:40,171.4400,2026-07-08 09:41,171.8000,2026-07-08 09:41,169.7100,1,0,1,1,0,1,0.002100,0.038066,intraday,intraday,0,0
2026-07-08 09:42,169.4900,2026-07-08 09:46,174.7400,2026-07-08 09:47,175.4800,2026-07-08 09:47,172.8000,1,0,1,1,0,1,0.004235,0.035341,intraday,intraday,0,0
2026-07-08 09:50,169.0000,2026-07-08 09:59,174.7600,2026-07-08 09:59,174.7600,2026-07-08 10:01,172.8000,0,2,2,0,2,2,0.000000,0.034083,intraday,intraday,0,0
2026-07-08 10:12,166.5100,2026-07-08 10:21,172.4000,2026-07-08 10:23,172.6600,2026-07-08 10:24,170.0900,2,1,3,2,1,3,0.001508,0.036935,intraday,intraday,0,0
2026-07-08 10:50,163.7100,2026-07-08 10:53,170.1700,2026-07-08 10:53,170.1700,2026-07-08 10:54,168.0300,0,1,1,0,1,1,0.000000,0.039460,intraday,intraday,0,0
2026-07-08 11:26,160.1200,2026-07-08 11:36,165.2400,2026-07-08 11:37,165.3600,2026-07-08 11:38,163.7000,1,1,2,1,1,2,0.000726,0.032725,intraday,intraday,0,0
2026-07-08 11:53,160.6000,2026-07-08 12:10,166.3300,2026-07-08 12:14,168.0200,2026-07-08 12:16,166.0600,4,2,6,4,2,6,0.010161,0.046202,intraday,intraday,0,0
2026-07-08 12:16,166.0600,2026-07-08 12:22,171.0600,2026-07-08 12:22,171.0600,2026-07-08 12:24,168.5200,0,2,2,0,2,2,0.000000,0.030110,intraday,intraday,0,0
2026-07-08 12:24,168.5200,2026-07-08 12:52,173.7300,2026-07-08 12:59,174.5800,2026-07-08 13:02,172.8300,7,3,10,7,3,10,0.004893,0.035960,intraday,intraday,0,0
2026-07-08 13:56,171.6900,2026-07-09 09:30,200.8400,2026-07-09 09:31,203.0000,2026-07-09 09:31,199.0700,1,0,1,1,0,1,0.010755,0.182364,intraday,intraday,0,0
2026-07-09 09:32,197.6800,2026-07-09 09:38,204.5500,2026-07-09 09:38,204.5500,2026-07-09 09:40,201.6300,0,2,2,0,2,2,0.000000,0.034753,intraday,intraday,0,0
2026-07-09 10:21,190.6200,2026-07-09 10:24,196.4000,2026-07-09 10:27,198.2600,2026-07-09 10:27,195.3900,3,0,3,3,0,3,0.009470,0.040080,intraday,intraday,0,0
2026-07-09 10:31,195.0900,2026-07-09 10:46,201.0000,2026-07-09 10:49,201.5600,2026-07-09 10:50,199.2300,3,1,4,3,1,4,0.002786,0.033164,intraday,intraday,0,0
2026-07-09 10:54,196.2500,2026-07-09 11:13,202.3000,2026-07-09 11:14,202.3800,2026-07-09 11:19,199.5200,1,5,6,1,5,6,0.000395,0.031236,intraday,intraday,0,0
2026-07-10 09:41,176.8000,2026-07-10 09:42,183.5200,2026-07-10 09:42,183.5200,2026-07-10 09:43,180.9300,0,1,1,0,1,1,0.000000,0.038009,intraday,intraday,0,0
2026-07-10 09:43,180.9300,2026-07-10 09:46,186.4100,2026-07-10 09:49,188.7600,2026-07-10 09:49,185.5700,3,0,3,3,0,3,0.012607,0.043276,intraday,intraday,0,0
2026-07-10 10:21,181.7200,2026-07-10 10:27,187.5000,2026-07-10 10:32,189.5900,2026-07-10 10:32,183.1800,5,0,5,5,0,5,0.011147,0.043308,intraday,intraday,0,0
2026-07-10 10:33,180.9400,2026-07-10 10:34,186.8200,2026-07-10 10:35,187.6700,2026-07-10 10:35,185.6800,1,0,1,1,0,1,0.004550,0.037195,intraday,intraday,0,0
2026-07-10 11:00,183.1600,2026-07-10 11:16,188.9300,2026-07-10 11:28,191.0100,2026-07-10 11:35,188.3000,12,7,19,12,7,19,0.011009,0.042859,intraday,intraday,0,0
2026-07-10 11:43,184.5000,2026-07-10 12:01,190.1600,2026-07-10 12:21,192.8700,2026-07-10 12:25,190.8500,20,4,24,20,4,24,0.014251,0.045366,intraday,intraday,0,0
2026-07-13 09:45,165.6000,2026-07-13 09:59,171.2000,2026-07-13 10:00,172.4800,2026-07-13 10:00,170.0000,1,0,1,1,0,1,0.007477,0.041546,intraday,intraday,0,0
2026-07-13 10:06,168.4000,2026-07-13 10:24,174.8500,2026-07-13 10:30,177.6700,2026-07-13 10:31,175.8000,6,1,7,6,1,7,0.016128,0.055048,intraday,intraday,0,0
2026-07-13 12:37,162.6000,2026-07-13 13:10,167.7500,2026-07-13 13:10,167.7500,2026-07-13 13:14,165.4000,0,4,4,0,4,4,0.000000,0.031673,intraday,intraday,0,0
2026-07-13 15:28,161.5500,2026-07-13 15:49,166.4600,2026-07-13 15:50,168.1600,2026-07-13 15:50,166.3300,1,0,1,1,0,1,0.010213,0.040916,intraday,intraday,0,0
2026-07-13 15:56,165.0100,2026-07-14 09:30,188.4300,2026-07-14 09:30,188.4300,2026-07-14 09:31,182.6000,0,1,1,0,1,1,0.000000,0.141931,intraday,intraday,0,0
2026-07-14 10:16,170.2600,2026-07-14 10:22,176.3300,2026-07-14 10:22,176.3300,2026-07-14 10:23,174.5500,0,1,1,0,1,1,0.000000,0.035651,intraday,intraday,0,0
2026-07-14 10:25,173.0000,2026-07-14 10:34,178.5000,2026-07-14 10:34,178.5000,2026-07-14 10:39,176.6200,0,5,5,0,5,5,0.000000,0.031792,intraday,intraday,0,0
2026-07-14 10:50,173.7600,2026-07-14 11:04,179.5200,2026-07-14 11:30,183.4000,2026-07-14 11:31,181.3200,26,1,27,26,1,27,0.021613,0.055479,intraday,intraday,0,0
2026-07-14 15:30,175.1000,2026-07-15 09:30,184.0000,2026-07-15 09:30,184.0000,2026-07-15 09:31,178.9600,0,1,1,0,1,1,0.000000,0.050828,intraday,intraday,0,0
2026-07-15 10:42,157.1400,2026-07-15 10:47,162.5300,2026-07-15 10:47,162.5300,2026-07-15 10:48,160.7900,0,1,1,0,1,1,0.000000,0.034301,intraday,intraday,0,0
2026-07-15 11:23,156.6900,2026-07-15 11:29,161.4700,2026-07-15 11:33,162.2900,2026-07-15 11:35,158.8100,4,2,6,4,2,6,0.005078,0.035739,intraday,intraday,0,0
2026-07-15 12:41,150.0000,2026-07-15 12:46,155.6800,2026-07-15 12:46,155.6800,2026-07-15 12:47,153.2300,0,1,1,0,1,1,0.000000,0.037867,intraday,intraday,0,0
2026-07-15 12:56,153.0700,2026-07-15 13:06,157.9500,2026-07-15 13:17,159.3800,2026-07-15 13:17,157.6600,11,0,11,11,0,11,0.009053,0.041223,intraday,intraday,0,0
2026-07-15 13:17,157.6600,2026-07-15 13:46,162.9800,2026-07-15 13:52,164.4500,2026-07-15 13:59,162.5600,6,7,13,6,7,13,0.009020,0.043067,intraday,intraday,0,0
2026-07-15 14:58,159.5000,2026-07-15 15:06,164.4300,2026-07-15 15:06,164.4300,2026-07-15 15:08,162.0000,0,2,2,0,2,2,0.000000,0.030909,intraday,intraday,0,0
2026-07-15 15:22,159.6800,2026-07-15 15:30,165.4200,2026-07-15 15:31,165.9100,2026-07-15 15:32,162.9600,1,1,2,1,1,2,0.002962,0.039016,intraday,intraday,0,0
2026-07-16 09:49,144.5000,2026-07-16 10:00,149.9900,2026-07-16 10:02,150.7800,2026-07-16 10:02,149.0900,2,0,2,2,0,2,0.005267,0.043460,intraday,intraday,0,0
2026-07-16 10:05,148.8000,2026-07-16 10:07,153.9700,2026-07-16 10:08,155.5100,2026-07-16 10:08,153.3500,1,0,1,1,0,1,0.010002,0.045094,intraday,intraday,0,0
2026-07-16 13:45,138.0000,2026-07-16 14:19,142.1600,2026-07-16 14:25,143.7600,2026-07-16 14:29,142.0600,6,4,10,6,4,10,0.011255,0.041739,intraday,intraday,0,0
2026-07-16 15:48,138.3000,2026-07-16 15:59,142.8800,2026-07-16 15:59,142.8800,2026-07-17 09:30,124.2000,0,1,1,0,1051,1051,0.000000,0.033116,overnight,overnight,1,1
2026-07-17 09:44,116.4700,2026-07-17 09:45,119.9800,2026-07-17 09:46,120.5700,2026-07-17 09:46,118.7500,1,0,1,1,0,1,0.004917,0.035202,intraday,intraday,0,0
2026-07-17 09:47,118.1200,2026-07-17 09:48,121.9800,2026-07-17 09:49,122.2800,2026-07-17 09:49,120.3500,1,0,1,1,0,1,0.002459,0.035218,intraday,intraday,0,0
2026-07-17 09:50,120.2000,2026-07-17 09:52,124.0000,2026-07-17 09:53,124.5000,2026-07-17 09:53,123.0000,1,0,1,1,0,1,0.004032,0.035774,intraday,intraday,0,0
2026-07-17 09:53,123.0000,2026-07-17 09:57,126.7700,2026-07-17 09:58,128.1700,2026-07-17 09:58,125.9600,1,0,1,1,0,1,0.011044,0.042033,intraday,intraday,0,0
2026-07-17 09:58,125.9600,2026-07-17 10:00,129.9800,2026-07-17 10:01,130.8200,2026-07-17 10:01,129.5100,1,0,1,1,0,1,0.006463,0.038584,intraday,intraday,0,0
2026-07-17 10:04,128.7200,2026-07-17 10:06,133.7800,2026-07-17 10:08,134.6000,2026-07-17 10:08,132.6700,2,0,2,2,0,2,0.006129,0.045681,intraday,intraday,0,0
2026-07-17 10:08,132.6700,2026-07-17 10:10,137.2000,2026-07-17 10:10,137.2000,2026-07-17 10:11,135.6300,0,1,1,0,1,1,0.000000,0.034145,intraday,intraday,0,0
2026-07-17 10:15,131.7500,2026-07-17 10:16,135.9700,2026-07-17 10:17,137.1800,2026-07-17 10:17,135.6900,1,0,1,1,0,1,0.008899,0.041214,intraday,intraday,0,0
2026-07-17 10:33,129.8000,2026-07-17 10:35,134.1600,2026-07-17 10:36,135.1600,2026-07-17 10:36,133.7900,1,0,1,1,0,1,0.007454,0.041294,intraday,intraday,0,0
2026-07-17 11:07,127.5200,2026-07-17 11:22,131.6100,2026-07-17 11:22,131.6100,2026-07-17 11:23,129.5000,0,1,1,0,1,1,0.000000,0.032073,intraday,intraday,0,0
2026-07-17 11:24,128.5800,2026-07-17 11:36,133.2000,2026-07-17 11:38,134.3100,2026-07-17 11:38,132.5100,2,0,2,2,0,2,0.008333,0.044564,intraday,intraday,0,0
2026-07-17 11:42,131.8900,2026-07-17 11:53,136.0200,2026-07-17 11:54,137.2200,2026-07-17 11:54,135.6700,1,0,1,1,0,1,0.008822,0.040412,intraday,intraday,0,0
2026-07-17 11:54,135.6700,2026-07-17 11:59,140.1000,2026-07-17 12:00,140.5700,2026-07-17 12:00,138.8000,1,0,1,1,0,1,0.003355,0.036117,intraday,intraday,0,0
2026-07-17 12:03,137.6200,2026-07-17 12:51,142.1500,2026-07-17 12:52,142.1900,2026-07-17 12:56,140.5500,1,4,5,1,4,5,0.000281,0.033207,intraday,intraday,0,0
2026-07-17 12:58,139.9000,2026-07-17 13:08,144.3200,2026-07-17 13:10,144.4000,2026-07-17 13:13,142.8000,2,3,5,2,3,5,0.000554,0.032166,intraday,intraday,0,0
2026-07-17 15:17,132.4000,2026-07-17 15:30,137.3000,2026-07-17 15:34,137.6200,2026-07-17 15:34,136.2300,4,0,4,4,0,4,0.002331,0.039426,intraday,intraday,0,0
2026-07-17 15:40,134.5700,2026-07-20 09:30,144.9900,2026-07-20 09:31,145.3000,2026-07-20 09:31,143.5000,1,0,1,1,0,1,0.002138,0.079735,intraday,intraday,0,0
2026-07-20 09:31,143.5000,2026-07-20 09:35,147.8500,2026-07-20 09:37,148.2000,2026-07-20 09:39,145.6300,2,2,4,2,2,4,0.002367,0.032753,intraday,intraday,0,0
2026-07-20 10:21,139.2900,2026-07-20 10:25,143.8700,2026-07-20 10:26,144.3800,2026-07-20 10:28,142.8000,1,2,3,1,2,3,0.003545,0.036542,intraday,intraday,0,0
2026-07-20 10:58,138.6900,2026-07-20 11:17,143.1100,2026-07-20 11:17,143.1100,2026-07-20 11:20,141.4500,0,3,3,0,3,3,0.000000,0.031870,intraday,intraday,0,0
2026-07-20 11:20,141.4500,2026-07-20 12:05,145.7700,2026-07-20 12:12,146.3700,2026-07-20 12:24,144.6300,7,12,19,7,12,19,0.004116,0.034783,intraday,intraday,0,0
2026-07-20 15:55,135.6600,2026-07-21 09:30,157.1000,2026-07-21 09:31,157.1200,2026-07-21 09:31,154.7600,1,0,1,1,0,1,0.000127,0.158190,intraday,intraday,0,0
2026-07-21 10:10,148.8700,2026-07-21 10:27,153.6000,2026-07-21 10:36,155.0400,2026-07-21 10:38,153.3200,9,2,11,9,2,11,0.009375,0.041446,intraday,intraday,0,0
2026-07-21 10:42,152.9600,2026-07-21 11:12,157.7500,2026-07-21 11:14,158.4200,2026-07-21 11:21,156.7700,2,7,9,2,7,9,0.004247,0.035696,intraday,intraday,0,0
2026-07-21 11:44,155.8300,2026-07-21 13:06,160.6400,2026-07-21 13:06,160.6400,2026-07-21 13:58,158.8600,0,52,52,0,52,52,0.000000,0.030867,intraday,intraday,0,0
2026-07-22 09:30,147.0000,2026-07-22 09:31,151.7500,2026-07-22 09:32,153.1800,2026-07-22 09:32,150.5400,1,0,1,1,0,1,0.009423,0.042041,intraday,intraday,0,0
2026-07-22 09:32,150.5400,2026-07-22 09:39,155.2400,2026-07-22 09:41,155.6500,2026-07-22 09:41,153.8800,2,0,2,2,0,2,0.002641,0.033944,intraday,intraday,0,0
2026-07-22 09:41,153.8800,2026-07-22 09:53,158.6200,2026-07-22 09:59,160.3200,2026-07-22 09:59,158.6000,6,0,6,6,0,6,0.010717,0.041851,intraday,intraday,0,0
2026-07-22 10:07,156.1900,2026-07-22 10:21,160.9300,2026-07-22 10:21,160.9300,2026-07-22 10:23,158.5200,0,2,2,0,2,2,0.000000,0.030348,intraday,intraday,0,0
2026-07-22 10:24,157.8500,2026-07-22 11:03,162.9000,2026-07-22 11:27,165.7500,2026-07-22 11:32,163.8900,24,5,29,24,5,29,0.017495,0.050048,intraday,intraday,0,0
2026-07-23 09:30,152.0100,2026-07-23 09:31,156.6900,2026-07-23 09:32,157.8300,2026-07-23 09:32,155.5800,1,0,1,1,0,1,0.007276,0.038287,intraday,intraday,0,0
2026-07-23 09:34,154.8300,2026-07-23 09:37,160.2600,2026-07-23 09:38,160.6400,2026-07-23 09:38,158.0400,1,0,1,1,0,1,0.002371,0.037525,intraday,intraday,0,0
2026-07-23 09:39,157.6400,2026-07-23 09:44,162.4600,2026-07-23 09:44,162.4600,2026-07-23 09:45,160.6100,0,1,1,0,1,1,0.000000,0.030576,intraday,intraday,0,0
2026-07-23 09:52,156.5100,2026-07-23 09:54,161.8800,2026-07-23 09:55,162.5600,2026-07-23 09:56,160.4200,1,1,2,1,1,2,0.004201,0.038656,intraday,intraday,0,0
2026-07-23 09:58,157.6500,2026-07-23 10:08,162.5900,2026-07-23 10:08,162.5900,2026-07-23 10:09,158.6100,0,1,1,0,1,1,0.000000,0.031335,intraday,intraday,0,0
2026-07-23 11:31,150.6400,2026-07-23 11:56,155.2500,2026-07-23 12:02,155.9600,2026-07-23 12:02,154.3300,6,0,6,6,0,6,0.004573,0.035316,intraday,intraday,0,0
2026-07-23 12:07,153.9600,2026-07-23 12:29,158.9300,2026-07-23 12:39,160.9400,2026-07-23 12:41,159.0000,10,2,12,10,2,12,0.012647,0.045336,intraday,intraday,0,0
2026-07-23 15:07,151.4500,2026-07-23 15:29,156.2600,2026-07-23 15:30,156.7000,2026-07-23 15:31,155.0200,1,1,2,1,1,2,0.002816,0.034665,intraday,intraday,0,0
2026-07-23 15:54,152.4200,2026-07-23 15:59,157.5500,2026-07-23 15:59,157.5500,2026-07-24 09:30,148.2500,0,1,1,0,1051,1051,0.000000,0.033657,overnight,overnight,1,1
2026-07-24 09:30,148.2500,2026-07-24 09:32,152.7400,2026-07-24 09:33,153.5000,2026-07-24 09:33,151.7500,1,0,1,1,0,1,0.004976,0.035413,intraday,intraday,0,0
2026-07-24 10:03,140.1600,2026-07-24 10:08,144.5800,2026-07-24 10:08,144.5800,2026-07-24 10:09,143.0300,0,1,1,0,1,1,0.000000,0.031535,intraday,intraday,0,0
2026-07-24 10:46,136.2700,2026-07-24 10:55,141.0000,2026-07-24 10:59,143.1000,2026-07-24 11:00,141.6000,4,1,5,4,1,5,0.014894,0.050121,intraday,intraday,0,0
2026-07-24 11:10,139.0400,2026-07-24 11:15,144.8100,2026-07-24 11:15,144.8100,2026-07-24 11:17,142.7200,0,2,2,0,2,2,0.000000,0.041499,intraday,intraday,0,0
2026-07-24 11:30,141.7100,2026-07-24 11:55,146.0500,2026-07-24 11:59,146.8600,2026-07-24 12:01,145.2000,4,2,6,4,2,6,0.005546,0.036342,intraday,intraday,0,0
2026-07-24 15:16,132.5500,2026-07-24 15:31,136.9600,2026-07-24 15:34,137.1900,2026-07-24 15:35,135.6800,3,1,4,3,1,4,0.001679,0.035006,intraday,intraday,0,0
2026-07-24 15:53,133.7400,2026-07-27 09:30,141.1000,2026-07-27 09:30,141.1000,2026-07-27 09:31,139.1500,0,1,1,0,1,1,0.000000,0.055032,intraday,intraday,0,0
2026-07-27 09:43,133.3900,2026-07-27 09:52,137.5000,2026-07-27 09:52,137.5000,2026-07-27 09:53,135.5000,0,1,1,0,1,1,0.000000,0.030812,intraday,intraday,0,0
2026-07-27 10:43,115.4500,2026-07-27 10:45,118.9600,2026-07-27 10:46,120.2500,2026-07-27 10:46,118.2900,1,0,1,1,0,1,0.010844,0.041576,intraday,intraday,0,0
2026-07-27 10:46,118.2900,2026-07-27 10:49,122.5000,2026-07-27 10:50,123.7000,2026-07-27 10:50,122.3300,1,0,1,1,0,1,0.009796,0.045735,intraday,intraday,0,0
2026-07-27 11:18,117.7800,2026-07-27 11:20,121.3600,2026-07-27 11:21,121.8300,2026-07-27 11:21,120.5300,1,0,1,1,0,1,0.003873,0.034386,intraday,intraday,0,0
2026-07-27 11:38,116.1500,2026-07-27 11:59,119.9500,2026-07-27 12:00,120.6500,2026-07-27 12:00,119.2700,1,0,1,1,0,1,0.005836,0.038743,intraday,intraday,0,0
2026-07-27 12:00,119.2700,2026-07-27 12:25,124.2500,2026-07-27 12:26,124.5500,2026-07-27 12:26,123.2600,1,0,1,1,0,1,0.002414,0.044269,intraday,intraday,0,0
2026-07-27 13:26,118.6000,2026-07-27 13:59,122.2000,2026-07-27 14:01,122.7000,2026-07-27 14:15,121.2900,2,14,16,2,14,16,0.004092,0.034570,intraday,intraday,0,0
2026-07-27 14:40,120.3200,2026-07-27 14:55,124.3500,2026-07-27 15:04,126.6400,2026-07-27 15:05,125.3200,9,1,10,9,1,10,0.018416,0.052527,intraday,intraday,0,0
2026-07-27 15:05,125.3200,2026-07-27 15:28,129.1000,2026-07-27 15:30,130.2000,2026-07-27 15:34,128.7300,2,4,6,2,4,6,0.008521,0.038940,intraday,intraday,0,0
2026-07-28 09:46,104.0400,2026-07-28 09:48,107.6800,2026-07-28 09:49,108.8500,2026-07-28 09:49,107.1600,1,0,1,1,0,1,0.010866,0.046232,intraday,intraday,0,0
2026-07-28 09:59,105.0000,2026-07-28 10:05,109.1600,2026-07-28 10:06,109.5000,2026-07-28 10:06,107.8200,1,0,1,1,0,1,0.003115,0.042857,intraday,intraday,0,0
2026-07-28 10:21,101.5300,2026-07-28 10:22,104.6900,2026-07-28 10:22,104.6900,2026-07-28 10:23,102.2800,0,1,1,0,1,1,0.000000,0.031124,intraday,intraday,0,0
2026-07-28 10:23,102.2800,2026-07-28 10:32,105.5000,2026-07-28 10:32,105.5000,2026-07-28 10:33,103.3500,0,1,1,0,1,1,0.000000,0.031482,intraday,intraday,0,0
2026-07-28 10:34,103.1300,2026-07-28 10:40,106.3100,2026-07-28 10:41,106.8300,2026-07-28 10:42,105.5600,1,1,2,1,1,2,0.004891,0.035877,intraday,intraday,0,0
2026-07-28 10:45,105.1200,2026-07-28 10:48,108.5600,2026-07-28 10:51,110.0000,2026-07-28 10:51,108.7000,3,0,3,3,0,3,0.013265,0.046423,intraday,intraday,0,0
2026-07-28 11:07,105.6900,2026-07-28 11:20,109.8000,2026-07-28 11:24,110.7200,2026-07-28 11:24,109.5800,4,0,4,4,0,4,0.008379,0.047592,intraday,intraday,0,0
2026-07-28 11:29,108.9000,2026-07-28 11:38,112.2100,2026-07-28 11:39,112.4300,2026-07-28 11:40,111.3000,1,1,2,1,1,2,0.001961,0.032415,intraday,intraday,0,0
2026-07-28 11:40,111.3000,2026-07-28 11:49,114.7500,2026-07-28 11:49,114.7500,2026-07-28 11:50,113.4000,0,1,1,0,1,1,0.000000,0.030997,intraday,intraday,0,0
2026-07-28 12:31,108.7000,2026-07-28 12:40,112.2000,2026-07-28 12:45,112.8700,2026-07-28 12:46,111.3000,5,1,6,5,1,6,0.005971,0.038362,intraday,intraday,0,0
2026-07-28 14:28,108.3400,2026-07-28 15:03,112.0300,2026-07-28 15:06,112.5000,2026-07-28 15:06,111.1900,3,0,3,3,0,3,0.004195,0.038398,intraday,intraday,0,0
2026-07-28 15:08,110.7600,2026-07-28 15:23,114.3600,2026-07-28 15:25,114.6500,2026-07-28 15:26,113.4600,2,1,3,2,1,3,0.002536,0.035121,intraday,intraday,0,0
2026-07-29 09:31,106.0000,2026-07-29 09:32,109.9000,2026-07-29 09:33,110.5200,2026-07-29 09:33,108.8300,1,0,1,1,0,1,0.005641,0.042642,intraday,intraday,0,0
2026-07-29 09:33,108.8300,2026-07-29 09:35,112.6700,2026-07-29 09:35,112.6700,2026-07-29 09:36,109.5000,0,1,1,0,1,1,0.000000,0.035284,intraday,intraday,0,0
2026-07-29 09:57,100.5900,2026-07-29 10:01,103.7200,2026-07-29 10:02,104.1800,2026-07-29 10:02,102.8700,1,0,1,1,0,1,0.004435,0.035689,intraday,intraday,0,0
2026-07-29 10:27,97.0700,2026-07-29 10:33,100.0000,2026-07-29 10:33,100.0000,2026-07-29 10:34,98.5000,0,1,1,0,1,1,0.000000,0.030184,intraday,intraday,0,0
2026-07-29 10:44,95.5100,2026-07-29 10:50,98.4600,2026-07-29 10:51,98.8200,2026-07-29 10:51,97.6700,1,0,1,1,0,1,0.003656,0.034656,intraday,intraday,0,0
2026-07-29 10:57,97.1000,2026-07-29 11:02,100.6200,2026-07-29 11:05,100.9200,2026-07-29 11:05,99.1500,3,0,3,3,0,3,0.002982,0.039341,intraday,intraday,0,0
2026-07-29 12:15,92.4100,2026-07-29 12:27,95.2300,2026-07-29 12:31,96.0500,2026-07-29 12:31,95.0800,4,0,4,4,0,4,0.008611,0.039390,intraday,intraday,0,0
2026-07-29 12:44,93.6600,2026-07-29 13:01,96.5400,2026-07-29 13:15,99.5000,2026-07-29 13:17,98.3000,14,2,16,14,2,16,0.030661,0.062353,intraday,intraday,0,0
2026-07-29 13:30,96.7200,2026-07-29 14:00,102.4400,2026-07-29 14:01,102.7500,2026-07-29 14:01,100.5100,1,0,1,1,0,1,0.003026,0.062345,intraday,intraday,0,0
2026-07-29 14:04,99.6000,2026-07-29 14:06,102.9100,2026-07-29 14:07,103.3000,2026-07-29 14:08,101.7400,1,1,2,1,1,2,0.003790,0.037149,intraday,intraday,0,0
2026-07-29 14:32,98.1500,2026-07-29 14:37,101.3800,2026-07-29 14:38,102.5000,2026-07-29 14:38,101.0000,1,0,1,1,0,1,0.011048,0.044320,intraday,intraday,0,0
2026-07-29 14:38,101.0000,2026-07-29 14:41,104.6500,2026-07-29 14:41,104.6500,2026-07-29 14:42,103.3100,0,1,1,0,1,1,0.000000,0.036139,intraday,intraday,0,0
2026-07-29 14:42,103.3100,2026-07-29 14:47,106.8000,2026-07-29 14:47,106.8000,2026-07-29 14:48,105.4500,0,1,1,0,1,1,0.000000,0.033782,intraday,intraday,0,0
2026-07-29 14:48,105.4500,2026-07-29 15:01,108.8500,2026-07-29 15:02,109.2500,2026-07-29 15:03,107.2000,1,1,2,1,1,2,0.003675,0.036036,intraday,intraday,0,0
2026-07-29 15:27,99.0000,2026-07-29 15:30,102.7800,2026-07-29 15:31,102.8500,2026-07-29 15:31,100.9000,1,0,1,1,0,1,0.000681,0.038889,intraday,intraday,0,0
2026-07-29 15:59,91.5000,2026-07-30 09:30,108.6600,2026-07-30 09:30,108.6600,2026-07-30 09:31,107.1400,0,1,1,0,1,1,0.000000,0.187541,intraday,intraday,0,0
2026-07-30 09:37,105.1200,2026-07-30 09:43,108.5000,2026-07-30 09:47,110.7900,2026-07-30 09:47,109.5800,4,0,4,4,0,4,0.021106,0.053938,intraday,intraday,0,0
2026-07-30 09:47,109.5800,2026-07-30 09:51,113.1000,2026-07-30 09:51,113.1000,2026-07-30 09:52,111.1600,0,1,1,0,1,1,0.000000,0.032123,intraday,intraday,0,0
2026-07-30 09:52,111.1600,2026-07-30 10:02,114.7800,2026-07-30 10:02,114.7800,2026-07-30 10:03,113.5000,0,1,1,0,1,1,0.000000,0.032566,intraday,intraday,0,0
2026-07-30 10:09,110.8400,2026-07-30 10:21,114.9200,2026-07-30 10:27,116.3800,2026-07-30 10:27,115.2100,6,0,6,6,0,6,0.012704,0.049982,intraday,intraday,0,0
2026-07-30 10:57,111.6800,2026-07-30 11:05,115.1500,2026-07-30 11:06,115.5000,2026-07-30 11:07,113.5500,1,1,2,1,1,2,0.003040,0.034205,intraday,intraday,0,0
2026-07-30 11:26,112.5000,2026-07-30 12:12,115.9600,2026-07-30 12:15,116.3100,2026-07-30 12:23,115.0700,3,8,11,3,8,11,0.003018,0.033867,intraday,intraday,0,0
2026-07-30 12:44,112.5100,2026-07-30 13:19,115.9400,2026-07-30 13:20,115.9600,2026-07-30 13:33,114.7100,1,13,14,1,13,14,0.000173,0.030664,intraday,intraday,0,0
2026-07-30 14:56,112.6200,2026-07-30 15:10,116.0400,2026-07-30 15:18,116.5800,2026-07-30 15:22,115.2800,8,4,12,8,4,12,0.004654,0.035162,intraday,intraday,0,0
