anchor_ts,anchor_px,trigger_ts,trigger_px,peak_ts,peak_px,retreat_ts,retreat_px,legA_mkt_min,legB_mkt_min,total_mkt_min,legA_wall_min,legB_wall_min,total_wall_min,runup_past_trigger,upswing_anchor_to_peak,span,legB_span,retreat_on_first_bar_back,boundaries_crossed
2019-12-31 09:30,17.9200,2020-01-02 09:30,19.1200,2020-01-02 09:39,19.2600,2020-01-02 10:02,19.0400,9,23,32,9,23,32,0.007322,0.074777,intraday,intraday,0,0
2020-01-02 11:36,18.7700,2020-01-02 15:03,19.3400,2020-01-02 15:59,19.4700,2020-01-03 09:30,18.3600,56,1,57,56,1051,1107,0.006722,0.037294,overnight,overnight,1,1
2020-01-06 09:38,17.4900,2020-01-07 09:30,18.3100,2020-01-07 09:36,18.5200,2020-01-07 09:39,18.2700,6,3,9,6,3,9,0.011469,0.058891,intraday,intraday,0,0
2020-01-07 09:43,18.2000,2020-01-07 10:22,18.7500,2020-01-07 10:23,18.7800,2020-01-07 10:31,18.5900,1,8,9,1,8,9,0.001600,0.031868,intraday,intraday,0,0
2020-01-08 10:49,18.5000,2020-01-08 11:42,19.0600,2020-01-08 11:42,19.0600,2020-01-08 13:58,18.8600,0,136,136,0,136,136,0.000000,0.030270,intraday,intraday,0,0
2020-01-08 15:53,18.7300,2020-01-09 09:30,19.4700,2020-01-09 09:30,19.4700,2020-01-09 09:35,19.2600,0,5,5,0,5,5,0.000000,0.039509,intraday,intraday,0,0
2020-01-09 12:43,18.5800,2020-01-10 09:30,19.3300,2020-01-10 09:30,19.3300,2020-01-10 09:57,19.1300,0,27,27,0,27,27,0.000000,0.040366,intraday,intraday,0,0
2020-01-10 15:42,18.5800,2020-01-13 09:37,19.1900,2020-01-13 09:57,19.4800,2020-01-13 11:14,19.2800,20,77,97,20,77,97,0.015112,0.048439,intraday,intraday,0,0
2020-01-14 09:59,19.2600,2020-01-14 12:25,19.8400,2020-01-14 13:34,20.0200,2020-01-14 13:36,19.7400,69,2,71,69,2,71,0.009073,0.039460,intraday,intraday,0,0
2020-01-15 15:33,18.6800,2020-01-16 09:30,19.3600,2020-01-16 10:09,19.7600,2020-01-16 10:23,19.5400,39,14,53,39,14,53,0.020661,0.057816,intraday,intraday,0,0
2020-01-16 11:22,19.3700,2020-01-17 09:30,20.0700,2020-01-17 09:30,20.0700,2020-01-17 09:44,19.8300,0,14,14,0,14,14,0.000000,0.036138,intraday,intraday,0,0
2020-01-17 11:23,19.7500,2020-01-21 11:40,20.3600,2020-01-21 12:15,20.4000,2020-01-21 13:20,20.1700,35,65,100,35,65,100,0.001965,0.032911,intraday,intraday,0,0
2020-01-21 14:01,19.9800,2020-01-22 09:30,20.6600,2020-01-22 10:46,21.1900,2020-01-22 11:14,20.9700,76,28,104,76,28,104,0.025653,0.060561,intraday,intraday,0,0
2020-01-23 09:52,20.2900,2020-01-23 12:22,20.9000,2020-01-23 12:29,20.9300,2020-01-23 12:57,20.7100,7,28,35,7,28,35,0.001435,0.031543,intraday,intraday,0,0
2020-01-23 12:58,20.6600,2020-01-24 09:30,22.0200,2020-01-24 09:31,22.0700,2020-01-24 09:34,21.8000,1,3,4,1,3,4,0.002271,0.068248,intraday,intraday,0,0
2020-01-27 11:19,18.0000,2020-01-27 12:44,18.5400,2020-01-27 12:44,18.5400,2020-01-27 13:11,18.3500,0,27,27,0,27,27,0.000000,0.030000,intraday,intraday,0,0
2020-01-27 15:50,18.0200,2020-01-28 09:30,18.7900,2020-01-28 09:32,18.8100,2020-01-28 09:35,18.6000,2,3,5,2,3,5,0.001064,0.043840,intraday,intraday,0,0
2020-01-28 09:46,18.3700,2020-01-28 10:25,18.9400,2020-01-28 15:32,19.5000,2020-01-28 15:54,19.3000,307,22,329,307,22,329,0.029567,0.061513,intraday,intraday,0,0
2020-01-30 10:55,17.1700,2020-01-30 11:29,17.6900,2020-01-30 11:53,17.8200,2020-01-30 12:05,17.6400,24,12,36,24,12,36,0.007349,0.037857,intraday,intraday,0,0
2020-01-30 12:49,17.2400,2020-01-30 14:42,17.7900,2020-01-30 14:42,17.7900,2020-01-30 14:43,17.5300,0,1,1,0,1,1,0.000000,0.031903,intraday,intraday,0,0
2020-01-30 14:46,17.4900,2020-01-30 15:44,18.0300,2020-01-30 15:58,18.2100,2020-01-31 09:30,17.6700,14,2,16,14,1052,1066,0.009983,0.041166,overnight,overnight,1,1
2020-01-31 11:15,16.5000,2020-01-31 11:57,17.0000,2020-01-31 11:59,17.0400,2020-01-31 12:14,16.8300,2,15,17,2,15,17,0.002353,0.032727,intraday,intraday,0,0
2020-01-31 15:39,16.0500,2020-02-03 09:30,16.5400,2020-02-03 10:03,16.8100,2020-02-03 10:06,16.6100,33,3,36,33,3,36,0.016324,0.047352,intraday,intraday,0,0
2020-02-03 11:48,16.6000,2020-02-04 09:30,18.2900,2020-02-04 09:30,18.2900,2020-02-04 09:35,18.0900,0,5,5,0,5,5,0.000000,0.101807,intraday,intraday,0,0
2020-02-04 10:16,17.9100,2020-02-04 12:12,18.4700,2020-02-04 12:12,18.4700,2020-02-04 13:26,18.2800,0,74,74,0,74,74,0.000000,0.031267,intraday,intraday,0,0
2020-02-04 13:26,18.2800,2020-02-05 09:30,19.6900,2020-02-05 09:30,19.6900,2020-02-05 09:35,19.4300,0,5,5,0,5,5,0.000000,0.077133,intraday,intraday,0,0
2020-02-05 10:41,18.8400,2020-02-05 12:24,19.4300,2020-02-05 12:52,19.5300,2020-02-05 14:02,19.3000,28,70,98,28,70,98,0.005147,0.036624,intraday,intraday,0,0
2020-02-06 09:46,18.9900,2020-02-06 11:30,19.5600,2020-02-06 12:42,19.7200,2020-02-06 13:35,19.5200,72,53,125,72,53,125,0.008180,0.038441,intraday,intraday,0,0
2020-02-10 09:30,17.9000,2020-02-10 10:09,18.4400,2020-02-11 10:50,20.5400,2020-02-11 11:33,20.3000,431,43,474,1481,43,1524,0.113883,0.147486,overnight,intraday,0,1
2020-02-11 15:19,19.9100,2020-02-12 09:30,21.0500,2020-02-12 10:00,21.2200,2020-02-12 10:04,20.9500,30,4,34,30,4,34,0.008076,0.065796,intraday,intraday,0,0
2020-02-13 09:30,20.5800,2020-02-13 10:44,21.2000,2020-02-13 11:42,21.6300,2020-02-13 12:41,21.4000,58,59,117,58,59,117,0.020283,0.051020,intraday,intraday,0,0
2020-02-13 15:45,21.0000,2020-02-14 09:30,21.7700,2020-02-14 09:32,21.8900,2020-02-14 09:35,21.6500,2,3,5,2,3,5,0.005512,0.042381,intraday,intraday,0,0
2020-02-18 09:30,19.7300,2020-02-19 09:30,21.2000,2020-02-19 09:31,21.3300,2020-02-19 09:33,21.0800,1,2,3,1,2,3,0.006132,0.081095,intraday,intraday,0,0
2020-02-19 09:33,21.0800,2020-02-19 11:49,21.7200,2020-02-19 12:50,21.8000,2020-02-19 13:10,21.5700,61,20,81,61,20,81,0.003683,0.034156,intraday,intraday,0,0
2020-02-20 11:32,19.9500,2020-02-20 13:10,20.6000,2020-02-20 13:15,20.6900,2020-02-20 13:41,20.4500,5,26,31,5,26,31,0.004369,0.037093,intraday,intraday,0,0
2020-02-21 09:49,18.9700,2020-02-21 11:30,19.6000,2020-02-21 12:05,19.6700,2020-02-21 12:16,19.4500,35,11,46,35,11,46,0.003571,0.036900,intraday,intraday,0,0
2020-02-24 09:30,15.9700,2020-02-24 09:37,16.4600,2020-02-24 09:37,16.4600,2020-02-24 09:40,16.2700,0,3,3,0,3,3,0.000000,0.030683,intraday,intraday,0,0
2020-02-24 09:40,16.2700,2020-02-24 09:47,16.7700,2020-02-24 09:51,16.8100,2020-02-24 09:55,16.6400,4,4,8,4,4,8,0.002385,0.033190,intraday,intraday,0,0
2020-02-24 09:57,16.4900,2020-02-24 10:14,17.0100,2020-02-24 10:14,17.0100,2020-02-24 10:20,16.8100,0,6,6,0,6,6,0.000000,0.031534,intraday,intraday,0,0
2020-02-24 13:17,16.0700,2020-02-24 14:28,16.5600,2020-02-24 15:06,16.9500,2020-02-24 15:10,16.7200,38,4,42,38,4,42,0.023551,0.054760,intraday,intraday,0,0
2020-02-24 15:59,16.1700,2020-02-25 09:30,16.8700,2020-02-25 09:30,16.8700,2020-02-25 09:32,16.6700,0,2,2,0,2,2,0.000000,0.043290,intraday,intraday,0,0
2020-02-25 11:18,15.1000,2020-02-25 11:51,15.5800,2020-02-25 11:55,15.6500,2020-02-25 12:04,15.4400,4,9,13,4,9,13,0.004493,0.036424,intraday,intraday,0,0
2020-02-25 14:30,14.4600,2020-02-25 14:49,14.9100,2020-02-25 15:01,15.2300,2020-02-25 15:03,15.0500,12,2,14,12,2,14,0.021462,0.053250,intraday,intraday,0,0
2020-02-25 15:39,14.5900,2020-02-26 09:30,15.2700,2020-02-26 09:33,15.3500,2020-02-26 09:34,15.1700,3,1,4,3,1,4,0.005239,0.052090,intraday,intraday,0,0
2020-02-26 09:34,15.1700,2020-02-26 09:43,15.7200,2020-02-26 09:43,15.7200,2020-02-26 09:47,15.5500,0,4,4,0,4,4,0.000000,0.036256,intraday,intraday,0,0
2020-02-26 10:06,15.2600,2020-02-26 10:27,15.7500,2020-02-26 10:27,15.7500,2020-02-26 10:31,15.5600,0,4,4,0,4,4,0.000000,0.032110,intraday,intraday,0,0
2020-02-26 13:40,14.5300,2020-02-26 14:14,14.9700,2020-02-26 14:14,14.9700,2020-02-26 14:17,14.7900,0,3,3,0,3,3,0.000000,0.030282,intraday,intraday,0,0
2020-02-27 09:32,13.3400,2020-02-27 09:38,13.8100,2020-02-27 09:38,13.8100,2020-02-27 09:43,13.6000,0,5,5,0,5,5,0.000000,0.035232,intraday,intraday,0,0
2020-02-27 10:34,12.6800,2020-02-27 10:39,13.0900,2020-02-27 10:51,13.3300,2020-02-27 10:55,13.1500,12,4,16,12,4,16,0.018335,0.051262,intraday,intraday,0,0
2020-02-27 10:55,13.1500,2020-02-27 11:07,13.7000,2020-02-27 11:09,13.8000,2020-02-27 11:11,13.6300,2,2,4,2,2,4,0.007299,0.049430,intraday,intraday,0,0
2020-02-27 11:45,13.2700,2020-02-27 11:56,13.6700,2020-02-27 12:02,13.8000,2020-02-27 12:03,13.6600,6,1,7,6,1,7,0.009510,0.039940,intraday,intraday,0,0
2020-02-27 12:03,13.6600,2020-02-27 12:19,14.0700,2020-02-27 12:19,14.0700,2020-02-27 12:21,13.8400,0,2,2,0,2,2,0.000000,0.030015,intraday,intraday,0,0
2020-02-27 12:24,13.7600,2020-02-27 12:36,14.2000,2020-02-27 12:49,14.3400,2020-02-27 12:57,14.1700,13,8,21,13,8,21,0.009859,0.042151,intraday,intraday,0,0
2020-02-28 09:30,11.6400,2020-02-28 09:35,12.0700,2020-02-28 09:36,12.1700,2020-02-28 09:38,12.0200,1,2,3,1,2,3,0.008285,0.045533,intraday,intraday,0,0
2020-02-28 10:04,11.6100,2020-02-28 10:15,12.1200,2020-02-28 10:18,12.2700,2020-02-28 10:27,12.0600,3,9,12,3,9,12,0.012376,0.056848,intraday,intraday,0,0
2020-02-28 10:29,11.9000,2020-02-28 10:37,12.2700,2020-02-28 10:37,12.2700,2020-02-28 10:39,12.0600,0,2,2,0,2,2,0.000000,0.031092,intraday,intraday,0,0
2020-02-28 10:39,12.0600,2020-02-28 10:53,12.4700,2020-02-28 10:59,12.6600,2020-02-28 11:01,12.5000,6,2,8,6,2,8,0.015237,0.049751,intraday,intraday,0,0
2020-02-28 11:08,12.3100,2020-02-28 11:19,12.7400,2020-02-28 11:21,12.8800,2020-02-28 11:22,12.7400,2,1,3,2,1,3,0.010989,0.046304,intraday,intraday,0,0
2020-02-28 11:25,12.7300,2020-02-28 11:36,13.1200,2020-02-28 11:43,13.8300,2020-02-28 11:44,13.6900,7,1,8,7,1,8,0.054116,0.086410,intraday,intraday,0,0
2020-02-28 12:17,12.8500,2020-02-28 12:29,13.2800,2020-02-28 12:41,13.3700,2020-02-28 12:43,13.2300,12,2,14,12,2,14,0.006777,0.040467,intraday,intraday,0,0
2020-02-28 12:49,13.0400,2020-02-28 13:01,13.4800,2020-02-28 13:01,13.4800,2020-02-28 13:02,13.3100,0,1,1,0,1,1,0.000000,0.033742,intraday,intraday,0,0
2020-02-28 14:05,12.4600,2020-02-28 14:21,12.9300,2020-02-28 14:22,12.9800,2020-02-28 14:24,12.8000,1,2,3,1,2,3,0.003867,0.041734,intraday,intraday,0,0
2020-02-28 14:27,12.6700,2020-02-28 14:41,13.1000,2020-02-28 14:44,13.3100,2020-02-28 14:46,13.1600,3,2,5,3,2,5,0.016031,0.050513,intraday,intraday,0,0
2020-02-28 15:05,12.5700,2020-02-28 15:18,13.0000,2020-02-28 15:18,13.0000,2020-02-28 15:22,12.7900,0,4,4,0,4,4,0.000000,0.034208,intraday,intraday,0,0
2020-02-28 15:43,12.5300,2020-02-28 15:54,13.0600,2020-03-02 09:30,14.0800,2020-03-02 09:34,13.8700,6,4,10,3936,4,3940,0.078101,0.123703,weekend,intraday,0,1
2020-03-02 09:37,13.5100,2020-03-02 09:45,13.9300,2020-03-02 09:45,13.9300,2020-03-02 09:46,13.7800,0,1,1,0,1,1,0.000000,0.031088,intraday,intraday,0,0
2020-03-02 10:31,13.0300,2020-03-02 10:44,13.5000,2020-03-02 10:55,13.8500,2020-03-02 10:59,13.6700,11,4,15,11,4,15,0.025926,0.062932,intraday,intraday,0,0
2020-03-02 11:09,13.6100,2020-03-02 11:15,14.0300,2020-03-02 11:15,14.0300,2020-03-02 11:19,13.8800,0,4,4,0,4,4,0.000000,0.030860,intraday,intraday,0,0
2020-03-02 11:19,13.8800,2020-03-02 11:53,14.3000,2020-03-02 12:01,14.4400,2020-03-02 12:08,14.2300,8,7,15,8,7,15,0.009790,0.040346,intraday,intraday,0,0
2020-03-02 14:43,13.7600,2020-03-02 15:21,14.2000,2020-03-02 15:59,15.0200,2020-03-03 09:34,14.7400,38,5,43,38,1055,1093,0.057746,0.091570,overnight,overnight,0,1
2020-03-03 09:56,14.4700,2020-03-03 10:00,15.5700,2020-03-03 10:03,15.7600,2020-03-03 10:06,15.4900,3,3,6,3,3,6,0.012203,0.089150,intraday,intraday,0,0
2020-03-03 10:15,14.8400,2020-03-03 10:24,15.3600,2020-03-03 10:26,15.3800,2020-03-03 10:29,15.1300,2,3,5,2,3,5,0.001302,0.036388,intraday,intraday,0,0
2020-03-03 11:29,14.2300,2020-03-03 11:40,14.6800,2020-03-03 11:40,14.6800,2020-03-03 11:47,14.4100,0,7,7,0,7,7,0.000000,0.031623,intraday,intraday,0,0
2020-03-03 11:47,14.4100,2020-03-03 12:05,14.8900,2020-03-03 12:09,14.9800,2020-03-03 12:13,14.8000,4,4,8,4,4,8,0.006044,0.039556,intraday,intraday,0,0
2020-03-03 14:09,13.1300,2020-03-03 14:29,13.5600,2020-03-03 14:32,13.6200,2020-03-03 14:35,13.4300,3,3,6,3,3,6,0.004425,0.037319,intraday,intraday,0,0
2020-03-03 14:44,13.2000,2020-03-03 14:54,13.6500,2020-03-03 15:04,13.7600,2020-03-03 15:07,13.6000,10,3,13,10,3,13,0.008059,0.042424,intraday,intraday,0,0
2020-03-03 15:24,13.5200,2020-03-03 15:28,13.9600,2020-03-03 15:28,13.9600,2020-03-03 15:31,13.7300,0,3,3,0,3,3,0.000000,0.032544,intraday,intraday,0,0
2020-03-03 15:39,13.4600,2020-03-03 15:45,13.8900,2020-03-03 15:45,13.8900,2020-03-03 15:49,13.6700,0,4,4,0,4,4,0.000000,0.031947,intraday,intraday,0,0
2020-03-03 15:52,13.4000,2020-03-04 09:30,14.3000,2020-03-04 09:32,14.3400,2020-03-04 09:34,14.1500,2,2,4,2,2,4,0.002797,0.070149,intraday,intraday,0,0
2020-03-04 09:58,13.7400,2020-03-04 10:11,14.2600,2020-03-04 10:22,14.6100,2020-03-04 10:31,14.4600,11,9,20,11,9,20,0.024544,0.063319,intraday,intraday,0,0
2020-03-04 11:08,14.1300,2020-03-04 12:15,14.5600,2020-03-04 13:25,15.1100,2020-03-04 13:56,14.9400,70,31,101,70,31,101,0.037775,0.069356,intraday,intraday,0,0
2020-03-04 14:05,14.8200,2020-03-04 15:32,15.2900,2020-03-04 15:34,15.3000,2020-03-04 15:46,15.1300,2,12,14,2,12,14,0.000654,0.032389,intraday,intraday,0,0
2020-03-05 09:56,14.2800,2020-03-05 10:19,14.7400,2020-03-05 10:21,14.8000,2020-03-05 10:29,14.6500,2,8,10,2,8,10,0.004071,0.036415,intraday,intraday,0,0
2020-03-05 10:39,14.6200,2020-03-05 11:12,15.1200,2020-03-05 11:19,15.2300,2020-03-05 11:24,15.0700,7,5,12,7,5,12,0.007275,0.041724,intraday,intraday,0,0
2020-03-05 13:15,14.0100,2020-03-05 13:49,14.4400,2020-03-05 13:49,14.4400,2020-03-05 13:53,14.2600,0,4,4,0,4,4,0.000000,0.030692,intraday,intraday,0,0
2020-03-06 09:53,12.6200,2020-03-06 10:02,13.0200,2020-03-06 10:02,13.0200,2020-03-06 10:07,12.8400,0,5,5,0,5,5,0.000000,0.031696,intraday,intraday,0,0
2020-03-06 10:10,12.7300,2020-03-06 10:16,13.1300,2020-03-06 10:16,13.1300,2020-03-06 10:21,12.9600,0,5,5,0,5,5,0.000000,0.031422,intraday,intraday,0,0
2020-03-06 10:21,12.9600,2020-03-06 10:27,13.4000,2020-03-06 10:30,13.4800,2020-03-06 10:32,13.3400,3,2,5,3,2,5,0.005970,0.040123,intraday,intraday,0,0
2020-03-06 15:09,12.2200,2020-03-06 15:19,12.5900,2020-03-06 15:21,12.6000,2020-03-06 15:23,12.4700,2,2,4,2,2,4,0.000794,0.031097,intraday,intraday,0,0
2020-03-06 15:29,12.4600,2020-03-06 15:35,12.8400,2020-03-06 15:35,12.8400,2020-03-06 15:37,12.7000,0,2,2,0,2,2,0.000000,0.030498,intraday,intraday,0,0
2020-03-06 15:39,12.5800,2020-03-06 15:50,13.0500,2020-03-06 15:57,13.2400,2020-03-09 09:30,10.2000,7,3,10,7,3933,3940,0.014559,0.052464,weekend,weekend,1,1
2020-03-09 09:49,10.1900,2020-03-09 09:52,10.5800,2020-03-09 09:56,11.3300,2020-03-09 09:58,11.1100,4,2,6,4,2,6,0.070888,0.111874,intraday,intraday,0,0
2020-03-09 10:04,10.7300,2020-03-09 10:06,11.1400,2020-03-09 10:09,11.1900,2020-03-09 10:10,11.0700,3,1,4,3,1,4,0.004488,0.042870,intraday,intraday,0,0
2020-03-09 11:08,10.5900,2020-03-09 11:15,10.9100,2020-03-09 11:24,11.0900,2020-03-09 11:30,10.9100,9,6,15,9,6,15,0.016499,0.047214,intraday,intraday,0,0
2020-03-09 11:30,10.9100,2020-03-09 11:37,11.3400,2020-03-09 11:58,11.6100,2020-03-09 12:01,11.4800,21,3,24,21,3,24,0.023810,0.064161,intraday,intraday,0,0
2020-03-09 14:06,10.0400,2020-03-09 14:15,10.4000,2020-03-09 14:16,10.4400,2020-03-09 14:21,10.3100,1,5,6,1,5,6,0.003846,0.039841,intraday,intraday,0,0
2020-03-09 14:44,9.9600,2020-03-09 14:51,10.2700,2020-03-09 14:57,10.4300,2020-03-09 14:59,10.3000,6,2,8,6,2,8,0.015579,0.047189,intraday,intraday,0,0
2020-03-09 15:02,10.2400,2020-03-09 15:25,10.5800,2020-03-09 15:26,10.6100,2020-03-09 15:29,10.5000,1,3,4,1,3,4,0.002836,0.036133,intraday,intraday,0,0
2020-03-09 15:59,9.8700,2020-03-10 09:30,11.0900,2020-03-10 09:30,11.0900,2020-03-10 09:31,10.9000,0,1,1,0,1,1,0.000000,0.123607,intraday,intraday,0,0
2020-03-10 09:52,10.6400,2020-03-10 10:12,10.9800,2020-03-10 10:21,11.0300,2020-03-10 10:26,10.8700,9,5,14,9,5,14,0.004554,0.036654,intraday,intraday,0,0
2020-03-10 11:38,9.9300,2020-03-10 11:44,10.2600,2020-03-10 11:48,10.3400,2020-03-10 11:50,10.2200,4,2,6,4,2,6,0.007797,0.041289,intraday,intraday,0,0
2020-03-10 11:53,10.1200,2020-03-10 12:01,10.4300,2020-03-10 12:02,10.4800,2020-03-10 12:05,10.3600,1,3,4,1,3,4,0.004794,0.035573,intraday,intraday,0,0
2020-03-10 12:33,10.3000,2020-03-10 13:14,10.6100,2020-03-10 13:14,10.6100,2020-03-10 13:16,10.4700,0,2,2,0,2,2,0.000000,0.030097,intraday,intraday,0,0
2020-03-10 14:05,10.2800,2020-03-10 14:31,10.6200,2020-03-10 14:49,11.0900,2020-03-10 14:51,10.9600,18,2,20,18,2,20,0.044256,0.078794,intraday,intraday,0,0
2020-03-10 14:57,10.9400,2020-03-10 15:17,11.2800,2020-03-10 15:22,11.4900,2020-03-10 15:25,11.3400,5,3,8,5,3,8,0.018617,0.050274,intraday,intraday,0,0
2020-03-10 15:31,11.2500,2020-03-10 15:53,11.6000,2020-03-10 15:59,11.7700,2020-03-11 09:30,10.6700,6,1,7,6,1051,1057,0.014655,0.046222,overnight,overnight,1,1
2020-03-11 09:30,10.6700,2020-03-11 09:34,11.0300,2020-03-11 09:34,11.0300,2020-03-11 09:38,10.8500,0,4,4,0,4,4,0.000000,0.033739,intraday,intraday,0,0
2020-03-11 09:40,10.6700,2020-03-11 10:07,11.0300,2020-03-11 10:13,11.1100,2020-03-11 10:20,10.9700,6,7,13,6,7,13,0.007253,0.041237,intraday,intraday,0,0
2020-03-11 12:02,10.2800,2020-03-11 12:12,10.6100,2020-03-11 12:20,10.7700,2020-03-11 12:22,10.6400,8,2,10,8,2,10,0.015080,0.047665,intraday,intraday,0,0
2020-03-11 15:24,9.4200,2020-03-11 15:31,9.7300,2020-03-11 15:41,9.9700,2020-03-11 15:43,9.8500,10,2,12,10,2,12,0.024666,0.058386,intraday,intraday,0,0
2020-03-12 09:53,7.5800,2020-03-12 09:56,7.8300,2020-03-12 10:00,8.1700,2020-03-12 10:01,8.0700,4,1,5,4,1,5,0.043423,0.077836,intraday,intraday,0,0
2020-03-12 10:04,7.8000,2020-03-12 10:11,8.0700,2020-03-12 10:11,8.0700,2020-03-12 10:12,7.9700,0,1,1,0,1,1,0.000000,0.034615,intraday,intraday,0,0
2020-03-12 10:35,7.6800,2020-03-12 10:51,7.9500,2020-03-12 10:56,8.1100,2020-03-12 11:00,7.9700,5,4,9,5,4,9,0.020126,0.055990,intraday,intraday,0,0
2020-03-12 12:12,7.0000,2020-03-12 12:15,7.2100,2020-03-12 12:17,7.2600,2020-03-12 12:19,7.1500,2,2,4,2,2,4,0.006935,0.037143,intraday,intraday,0,0
2020-03-12 12:19,7.1500,2020-03-12 12:24,7.4400,2020-03-12 12:27,7.5100,2020-03-12 12:30,7.3500,3,3,6,3,3,6,0.009409,0.050350,intraday,intraday,0,0
2020-03-12 12:40,7.2700,2020-03-12 12:53,7.6100,2020-03-12 13:05,8.9000,2020-03-12 13:06,8.7300,12,1,13,12,1,13,0.169514,0.224209,intraday,intraday,0,0
2020-03-12 13:45,7.4300,2020-03-12 13:48,7.6700,2020-03-12 13:51,7.7100,2020-03-12 13:54,7.5500,3,3,6,3,3,6,0.005215,0.037685,intraday,intraday,0,0
2020-03-12 13:54,7.5500,2020-03-12 13:59,7.8400,2020-03-12 13:59,7.8400,2020-03-12 14:00,7.7200,0,1,1,0,1,1,0.000000,0.038411,intraday,intraday,0,0
2020-03-12 14:01,7.5600,2020-03-12 14:04,7.8600,2020-03-12 14:05,7.8800,2020-03-12 14:06,7.7800,1,1,2,1,1,2,0.002545,0.042328,intraday,intraday,0,0
2020-03-12 14:38,7.2300,2020-03-12 14:48,7.5100,2020-03-12 14:50,7.6500,2020-03-12 14:52,7.5100,2,2,4,2,2,4,0.018642,0.058091,intraday,intraday,0,0
2020-03-12 14:58,7.2800,2020-03-12 15:10,7.5300,2020-03-12 15:10,7.5300,2020-03-12 15:12,7.4500,0,2,2,0,2,2,0.000000,0.034341,intraday,intraday,0,0
2020-03-12 15:59,6.8000,2020-03-13 09:30,8.0000,2020-03-13 09:31,8.1700,2020-03-13 09:33,7.9300,1,2,3,1,2,3,0.021250,0.201471,intraday,intraday,0,0
2020-03-13 09:57,7.1900,2020-03-13 10:18,7.4800,2020-03-13 10:26,7.6000,2020-03-13 10:27,7.5200,8,1,9,8,1,9,0.016043,0.057024,intraday,intraday,0,0
2020-03-13 11:49,6.5700,2020-03-13 11:54,6.7800,2020-03-13 11:57,6.9400,2020-03-13 12:01,6.8600,3,4,7,3,4,7,0.023599,0.056317,intraday,intraday,0,0
2020-03-13 12:06,6.7100,2020-03-13 12:16,6.9300,2020-03-13 12:21,6.9400,2020-03-13 12:24,6.8700,5,3,8,5,3,8,0.001443,0.034277,intraday,intraday,0,0
2020-03-13 12:25,6.8600,2020-03-13 12:33,7.1100,2020-03-13 12:33,7.1100,2020-03-13 12:34,7.0300,0,1,1,0,1,1,0.000000,0.036443,intraday,intraday,0,0
2020-03-13 12:37,7.0000,2020-03-13 12:44,7.2300,2020-03-13 12:50,7.3300,2020-03-13 12:55,7.2200,6,5,11,6,5,11,0.013831,0.047143,intraday,intraday,0,0
2020-03-13 13:07,7.0900,2020-03-13 13:21,7.3100,2020-03-13 13:31,7.3700,2020-03-13 13:34,7.2800,10,3,13,10,3,13,0.008208,0.039492,intraday,intraday,0,0
2020-03-13 13:37,7.1700,2020-03-13 13:48,7.4100,2020-03-13 13:52,7.4900,2020-03-13 13:56,7.4000,4,4,8,4,4,8,0.010796,0.044630,intraday,intraday,0,0
2020-03-13 14:38,7.0000,2020-03-13 14:44,7.2900,2020-03-13 14:44,7.2900,2020-03-13 14:49,7.2000,0,5,5,0,5,5,0.000000,0.041429,intraday,intraday,0,0
2020-03-13 14:49,7.2000,2020-03-13 15:05,7.4500,2020-03-13 15:06,7.4700,2020-03-13 15:09,7.3900,1,3,4,1,3,4,0.002685,0.037500,intraday,intraday,0,0
2020-03-13 15:13,7.2900,2020-03-13 15:25,7.5100,2020-03-13 15:25,7.5100,2020-03-13 15:29,7.4300,0,4,4,0,4,4,0.000000,0.030178,intraday,intraday,0,0
2020-03-13 15:33,7.2300,2020-03-13 15:38,7.5300,2020-03-13 15:47,7.9700,2020-03-13 15:48,7.8800,9,1,10,9,1,10,0.058433,0.102351,intraday,intraday,0,0
2020-03-13 15:48,7.8800,2020-03-13 15:54,8.2000,2020-03-13 15:59,8.7100,2020-03-16 09:30,5.9700,5,1,6,5,3931,3936,0.062195,0.105330,weekend,weekend,1,1
2020-03-16 09:48,5.6400,2020-03-16 09:52,5.9500,2020-03-16 09:55,6.5100,2020-03-16 09:56,6.4300,3,1,4,3,1,4,0.094118,0.154255,intraday,intraday,0,0
2020-03-16 10:04,6.0300,2020-03-16 10:05,6.2200,2020-03-16 10:09,6.3700,2020-03-16 10:10,6.2600,4,1,5,4,1,5,0.024116,0.056385,intraday,intraday,0,0
2020-03-16 10:20,6.0600,2020-03-16 10:26,6.2700,2020-03-16 10:27,6.3100,2020-03-16 10:29,6.2000,1,2,3,1,2,3,0.006380,0.041254,intraday,intraday,0,0
2020-03-16 10:29,6.2000,2020-03-16 10:32,6.3900,2020-03-16 10:35,6.7600,2020-03-16 10:36,6.6900,3,1,4,3,1,4,0.057903,0.090323,intraday,intraday,0,0
2020-03-16 10:38,6.5500,2020-03-16 10:46,6.7900,2020-03-16 10:46,6.7900,2020-03-16 10:48,6.7200,0,2,2,0,2,2,0.000000,0.036641,intraday,intraday,0,0
2020-03-16 10:51,6.4800,2020-03-16 10:55,6.7200,2020-03-16 10:55,6.7200,2020-03-16 10:56,6.6300,0,1,1,0,1,1,0.000000,0.037037,intraday,intraday,0,0
2020-03-16 11:01,6.5400,2020-03-16 11:07,6.7500,2020-03-16 11:12,6.9400,2020-03-16 11:13,6.8400,5,1,6,5,1,6,0.028148,0.061162,intraday,intraday,0,0
2020-03-16 11:14,6.7700,2020-03-16 11:24,7.0600,2020-03-16 11:25,7.0700,2020-03-16 11:28,6.9800,1,3,4,1,3,4,0.001416,0.044313,intraday,intraday,0,0
2020-03-16 11:45,6.6700,2020-03-16 12:03,6.9000,2020-03-16 12:06,6.9800,2020-03-16 12:08,6.8700,3,2,5,3,2,5,0.011594,0.046477,intraday,intraday,0,0
2020-03-16 12:33,6.4900,2020-03-16 12:35,6.7100,2020-03-16 12:35,6.7100,2020-03-16 12:36,6.6200,0,1,1,0,1,1,0.000000,0.033898,intraday,intraday,0,0
2020-03-16 13:08,6.2300,2020-03-16 13:12,6.4600,2020-03-16 13:13,6.4800,2020-03-16 13:14,6.3700,1,1,2,1,1,2,0.003096,0.040128,intraday,intraday,0,0
2020-03-16 14:25,5.6700,2020-03-16 14:29,5.8500,2020-03-16 14:34,6.1300,2020-03-16 14:36,6.0300,5,2,7,5,2,7,0.047863,0.081129,intraday,intraday,0,0
2020-03-16 14:47,5.7000,2020-03-16 14:52,5.9100,2020-03-16 14:52,5.9100,2020-03-16 14:53,5.8500,0,1,1,0,1,1,0.000000,0.036842,intraday,intraday,0,0
2020-03-16 14:56,5.8000,2020-03-16 14:58,5.9800,2020-03-16 15:01,6.0200,2020-03-16 15:03,5.8700,3,2,5,3,2,5,0.006689,0.037931,intraday,intraday,0,0
2020-03-16 15:38,5.2900,2020-03-16 15:44,5.5600,2020-03-16 15:44,5.5600,2020-03-16 15:45,5.4900,0,1,1,0,1,1,0.000000,0.051040,intraday,intraday,0,0
2020-03-17 09:44,4.5600,2020-03-17 09:46,4.7400,2020-03-17 09:46,4.7400,2020-03-17 09:47,4.6500,0,1,1,0,1,1,0.000000,0.039474,intraday,intraday,0,0
2020-03-17 10:01,4.3900,2020-03-17 10:06,4.5700,2020-03-17 10:11,4.6500,2020-03-17 10:14,4.6000,5,3,8,5,3,8,0.017505,0.059226,intraday,intraday,0,0
2020-03-17 10:15,4.5400,2020-03-17 10:23,4.6800,2020-03-17 10:23,4.6800,2020-03-17 10:24,4.6200,0,1,1,0,1,1,0.000000,0.030837,intraday,intraday,0,0
2020-03-17 10:24,4.6200,2020-03-17 10:30,4.7600,2020-03-17 10:31,4.8000,2020-03-17 10:32,4.7500,1,1,2,1,1,2,0.008403,0.038961,intraday,intraday,0,0
2020-03-17 10:34,4.7400,2020-03-17 10:45,4.9200,2020-03-17 10:49,4.9900,2020-03-17 10:51,4.9300,4,2,6,4,2,6,0.014228,0.052743,intraday,intraday,0,0
2020-03-17 10:53,4.8800,2020-03-17 10:59,5.0300,2020-03-17 11:15,5.4600,2020-03-17 11:16,5.3600,16,1,17,16,1,17,0.085487,0.118852,intraday,intraday,0,0
2020-03-17 11:23,5.3200,2020-03-17 11:48,5.4800,2020-03-17 11:52,5.6400,2020-03-17 11:53,5.5700,4,1,5,4,1,5,0.029197,0.060150,intraday,intraday,0,0
2020-03-17 11:53,5.5700,2020-03-17 12:05,5.7500,2020-03-17 12:13,5.9300,2020-03-17 12:15,5.8200,8,2,10,8,2,10,0.031304,0.064632,intraday,intraday,0,0
2020-03-17 12:52,5.2600,2020-03-17 13:01,5.4700,2020-03-17 13:01,5.4700,2020-03-17 13:04,5.3400,0,3,3,0,3,3,0.000000,0.039924,intraday,intraday,0,0
2020-03-17 13:17,5.2000,2020-03-17 13:40,5.4200,2020-03-17 13:50,5.5600,2020-03-17 13:53,5.4700,10,3,13,10,3,13,0.025830,0.069231,intraday,intraday,0,0
2020-03-17 14:01,5.4500,2020-03-17 14:07,5.6200,2020-03-17 14:18,5.8300,2020-03-17 14:21,5.7500,11,3,14,11,3,14,0.037367,0.069725,intraday,intraday,0,0
2020-03-17 14:24,5.6800,2020-03-17 14:30,5.8800,2020-03-17 14:35,5.9000,2020-03-17 14:38,5.8300,5,3,8,5,3,8,0.003401,0.038732,intraday,intraday,0,0
2020-03-17 15:06,5.5300,2020-03-17 15:09,5.7000,2020-03-17 15:11,5.7500,2020-03-17 15:17,5.6900,2,6,8,2,6,8,0.008772,0.039783,intraday,intraday,0,0
2020-03-17 15:27,5.6300,2020-03-17 15:35,5.8300,2020-03-17 15:43,5.9800,2020-03-17 15:45,5.8800,8,2,10,8,2,10,0.025729,0.062167,intraday,intraday,0,0
2020-03-17 15:52,5.6400,2020-03-17 15:55,5.8400,2020-03-17 15:56,5.9000,2020-03-17 15:58,5.7400,1,2,3,1,2,3,0.010274,0.046099,intraday,intraday,0,0
2020-03-18 09:30,4.6200,2020-03-18 09:31,4.8000,2020-03-18 09:33,5.0300,2020-03-18 09:34,4.8500,2,1,3,2,1,3,0.047917,0.088745,intraday,intraday,0,0
2020-03-18 09:39,4.7800,2020-03-18 09:42,4.9300,2020-03-18 09:42,4.9300,2020-03-18 09:43,4.8700,0,1,1,0,1,1,0.000000,0.031381,intraday,intraday,0,0
2020-03-18 09:49,4.7900,2020-03-18 09:53,4.9800,2020-03-18 09:54,5.0600,2020-03-18 09:56,4.9900,1,2,3,1,2,3,0.016064,0.056367,intraday,intraday,0,0
2020-03-18 09:57,4.9200,2020-03-18 10:01,5.1100,2020-03-18 10:07,5.2500,2020-03-18 10:08,5.1400,6,1,7,6,1,7,0.027397,0.067073,intraday,intraday,0,0
2020-03-18 10:24,4.7700,2020-03-18 10:29,4.9700,2020-03-18 10:29,4.9700,2020-03-18 10:30,4.9200,0,1,1,0,1,1,0.000000,0.041929,intraday,intraday,0,0
2020-03-18 10:33,4.8300,2020-03-18 10:43,5.0000,2020-03-18 10:43,5.0000,2020-03-18 10:45,4.8700,0,2,2,0,2,2,0.000000,0.035197,intraday,intraday,0,0
2020-03-18 11:13,4.4300,2020-03-18 11:20,4.5700,2020-03-18 11:24,4.5800,2020-03-18 11:26,4.4600,4,2,6,4,2,6,0.002188,0.033860,intraday,intraday,0,0
2020-03-18 11:31,4.4000,2020-03-18 11:35,4.5900,2020-03-18 11:35,4.5900,2020-03-18 11:39,4.4700,0,4,4,0,4,4,0.000000,0.043182,intraday,intraday,0,0
2020-03-18 11:40,4.4000,2020-03-18 11:50,4.5600,2020-03-18 11:55,4.6400,2020-03-18 12:01,4.4700,5,6,11,5,6,11,0.017544,0.054545,intraday,intraday,0,0
2020-03-18 12:01,4.4700,2020-03-18 12:07,4.6700,2020-03-18 12:08,4.7200,2020-03-18 12:09,4.6400,1,1,2,1,1,2,0.010707,0.055928,intraday,intraday,0,0
2020-03-18 12:19,4.4100,2020-03-18 12:25,4.5500,2020-03-18 12:25,4.5500,2020-03-18 12:26,4.5000,0,1,1,0,1,1,0.000000,0.031746,intraday,intraday,0,0
2020-03-18 13:17,4.1400,2020-03-18 13:21,4.2900,2020-03-18 13:21,4.2900,2020-03-18 13:23,4.1500,0,2,2,0,2,2,0.000000,0.036232,intraday,intraday,0,0
2020-03-18 13:33,3.7100,2020-03-18 13:35,3.8500,2020-03-18 13:38,3.9100,2020-03-18 13:40,3.8400,3,2,5,3,2,5,0.015584,0.053908,intraday,intraday,0,0
2020-03-18 13:40,3.8400,2020-03-18 13:41,3.9700,2020-03-18 13:42,4.0400,2020-03-18 13:44,3.9800,1,2,3,1,2,3,0.017632,0.052083,intraday,intraday,0,0
2020-03-18 14:04,3.7600,2020-03-18 14:07,3.8800,2020-03-18 14:07,3.8800,2020-03-18 14:08,3.8400,0,1,1,0,1,1,0.000000,0.031915,intraday,intraday,0,0
2020-03-18 14:27,3.5700,2020-03-18 14:32,3.6800,2020-03-18 14:33,3.7300,2020-03-18 14:34,3.6800,1,1,2,1,1,2,0.013587,0.044818,intraday,intraday,0,0
2020-03-18 14:34,3.6800,2020-03-18 14:38,3.8300,2020-03-18 14:39,3.8400,2020-03-18 14:40,3.8000,1,1,2,1,1,2,0.002611,0.043478,intraday,intraday,0,0
2020-03-18 14:43,3.6700,2020-03-18 14:45,3.8200,2020-03-18 14:45,3.8200,2020-03-18 14:46,3.7700,0,1,1,0,1,1,0.000000,0.040872,intraday,intraday,0,0
2020-03-18 14:49,3.6900,2020-03-18 14:54,3.8600,2020-03-18 14:56,3.9400,2020-03-18 14:57,3.8900,2,1,3,2,1,3,0.020725,0.067751,intraday,intraday,0,0
2020-03-18 15:05,3.7500,2020-03-18 15:11,3.9000,2020-03-18 15:12,3.9400,2020-03-18 15:15,3.8700,1,3,4,1,3,4,0.010256,0.050667,intraday,intraday,0,0
2020-03-18 15:38,3.5800,2020-03-18 15:44,3.7100,2020-03-18 15:44,3.7100,2020-03-18 15:45,3.6700,0,1,1,0,1,1,0.000000,0.036313,intraday,intraday,0,0
2020-03-18 15:46,3.6400,2020-03-18 15:49,3.7600,2020-03-18 15:56,4.0500,2020-03-18 15:57,3.8800,7,1,8,7,1,8,0.077128,0.112637,intraday,intraday,0,0
2020-03-18 15:57,3.8800,2020-03-18 15:59,4.3300,2020-03-18 15:59,4.3300,2020-03-19 09:30,4.1700,0,1,1,0,1051,1051,0.000000,0.115979,overnight,overnight,1,1
2020-03-19 09:43,3.8600,2020-03-19 09:49,4.0200,2020-03-19 09:59,4.4800,2020-03-19 10:00,4.4300,10,1,11,10,1,11,0.114428,0.160622,intraday,intraday,0,0
2020-03-19 10:01,4.3100,2020-03-19 10:05,4.4700,2020-03-19 10:05,4.4700,2020-03-19 10:08,4.4200,0,3,3,0,3,3,0.000000,0.037123,intraday,intraday,0,0
2020-03-19 10:08,4.4200,2020-03-19 10:13,4.6300,2020-03-19 10:16,4.7000,2020-03-19 10:19,4.6000,3,3,6,3,3,6,0.015119,0.063348,intraday,intraday,0,0
2020-03-19 10:22,4.5600,2020-03-19 10:28,4.7100,2020-03-19 10:29,4.7500,2020-03-19 10:31,4.7000,1,2,3,1,2,3,0.008493,0.041667,intraday,intraday,0,0
2020-03-19 10:53,4.3600,2020-03-19 10:55,4.5000,2020-03-19 10:56,4.5500,2020-03-19 10:59,4.4700,1,3,4,1,3,4,0.011111,0.043578,intraday,intraday,0,0
2020-03-19 11:10,4.4300,2020-03-19 11:13,4.5700,2020-03-19 11:14,4.6300,2020-03-19 11:15,4.5600,1,1,2,1,1,2,0.013129,0.045147,intraday,intraday,0,0
2020-03-19 11:15,4.5600,2020-03-19 11:23,4.7100,2020-03-19 11:28,4.8300,2020-03-19 11:30,4.7500,5,2,7,5,2,7,0.025478,0.059211,intraday,intraday,0,0
2020-03-19 11:32,4.6900,2020-03-19 11:47,4.8400,2020-03-19 11:56,4.8900,2020-03-19 11:57,4.8000,9,1,10,9,1,10,0.010331,0.042644,intraday,intraday,0,0
2020-03-19 12:34,4.5000,2020-03-19 12:43,4.6500,2020-03-19 12:48,4.7400,2020-03-19 12:50,4.6900,5,2,7,5,2,7,0.019355,0.053333,intraday,intraday,0,0
2020-03-19 13:03,4.6000,2020-03-19 13:13,4.7500,2020-03-19 13:13,4.7500,2020-03-19 13:14,4.6700,0,1,1,0,1,1,0.000000,0.032609,intraday,intraday,0,0
2020-03-19 13:18,4.6300,2020-03-19 13:52,4.7700,2020-03-19 13:55,4.8200,2020-03-19 13:56,4.7500,3,1,4,3,1,4,0.010482,0.041037,intraday,intraday,0,0
2020-03-19 14:02,4.7300,2020-03-19 14:18,4.8800,2020-03-19 14:19,4.9100,2020-03-19 14:21,4.8300,1,2,3,1,2,3,0.006148,0.038055,intraday,intraday,0,0
2020-03-19 14:21,4.8300,2020-03-19 14:40,4.9800,2020-03-19 14:43,5.0600,2020-03-19 14:46,4.9700,3,3,6,3,3,6,0.016064,0.047619,intraday,intraday,0,0
2020-03-19 15:10,4.7700,2020-03-19 15:15,4.9300,2020-03-19 15:15,4.9300,2020-03-19 15:16,4.8600,0,1,1,0,1,1,0.000000,0.033543,intraday,intraday,0,0
2020-03-19 15:58,4.6700,2020-03-20 09:30,5.1800,2020-03-20 09:35,5.3500,2020-03-20 09:36,5.2900,5,1,6,5,1,6,0.032819,0.145610,intraday,intraday,0,0
2020-03-20 09:46,4.9700,2020-03-20 10:00,5.1200,2020-03-20 10:04,5.2300,2020-03-20 10:06,5.1300,4,2,6,4,2,6,0.021484,0.052314,intraday,intraday,0,0
2020-03-20 10:08,5.1000,2020-03-20 10:16,5.2700,2020-03-20 10:26,5.3800,2020-03-20 10:29,5.3000,10,3,13,10,3,13,0.020873,0.054902,intraday,intraday,0,0
2020-03-20 10:42,5.2100,2020-03-20 10:53,5.3800,2020-03-20 10:56,5.4200,2020-03-20 11:04,5.3400,3,8,11,3,8,11,0.007435,0.040307,intraday,intraday,0,0
2020-03-20 11:25,5.0200,2020-03-20 11:38,5.1900,2020-03-20 11:38,5.1900,2020-03-20 11:44,5.1300,0,6,6,0,6,6,0.000000,0.033865,intraday,intraday,0,0
2020-03-20 12:28,4.6600,2020-03-20 12:31,4.8000,2020-03-20 12:34,4.9000,2020-03-20 12:37,4.8300,3,3,6,3,3,6,0.020833,0.051502,intraday,intraday,0,0
2020-03-20 12:40,4.8000,2020-03-20 12:46,4.9800,2020-03-20 12:55,5.1100,2020-03-20 12:58,5.0400,9,3,12,9,3,12,0.026104,0.064583,intraday,intraday,0,0
2020-03-20 13:50,4.9200,2020-03-20 14:05,5.1100,2020-03-20 14:06,5.1500,2020-03-20 14:07,5.0900,1,1,2,1,1,2,0.007828,0.046748,intraday,intraday,0,0
2020-03-20 15:18,4.4500,2020-03-20 15:26,4.6300,2020-03-20 15:30,4.7300,2020-03-20 15:31,4.6400,4,1,5,4,1,5,0.021598,0.062921,intraday,intraday,0,0
2020-03-20 15:59,4.2600,2020-03-23 09:30,4.4800,2020-03-23 09:30,4.4800,2020-03-23 09:31,4.3500,0,1,1,0,1,1,0.000000,0.051643,intraday,intraday,0,0
2020-03-23 09:31,4.3500,2020-03-23 09:33,4.5600,2020-03-23 09:33,4.5600,2020-03-23 09:34,4.4900,0,1,1,0,1,1,0.000000,0.048276,intraday,intraday,0,0
2020-03-23 09:41,4.1800,2020-03-23 09:47,4.3500,2020-03-23 09:52,4.5400,2020-03-23 09:54,4.4700,5,2,7,5,2,7,0.043678,0.086124,intraday,intraday,0,0
2020-03-23 09:54,4.4700,2020-03-23 09:57,4.6400,2020-03-23 09:59,4.6600,2020-03-23 10:01,4.5500,2,2,4,2,2,4,0.004310,0.042506,intraday,intraday,0,0
2020-03-23 10:03,4.4900,2020-03-23 10:07,4.6500,2020-03-23 10:07,4.6500,2020-03-23 10:08,4.6000,0,1,1,0,1,1,0.000000,0.035635,intraday,intraday,0,0
2020-03-23 10:08,4.6000,2020-03-23 10:12,4.7600,2020-03-23 10:12,4.7600,2020-03-23 10:17,4.7100,0,5,5,0,5,5,0.000000,0.034783,intraday,intraday,0,0
2020-03-23 10:37,4.5200,2020-03-23 10:43,4.6600,2020-03-23 10:44,4.6700,2020-03-23 10:45,4.5900,1,1,2,1,1,2,0.002146,0.033186,intraday,intraday,0,0
2020-03-23 11:27,4.1500,2020-03-23 11:32,4.2900,2020-03-23 11:32,4.2900,2020-03-23 11:34,4.2400,0,2,2,0,2,2,0.000000,0.033735,intraday,intraday,0,0
2020-03-23 11:44,4.1000,2020-03-23 11:53,4.2700,2020-03-23 11:53,4.2700,2020-03-23 11:55,4.2100,0,2,2,0,2,2,0.000000,0.041463,intraday,intraday,0,0
2020-03-23 11:57,4.1600,2020-03-23 12:02,4.3000,2020-03-23 12:02,4.3000,2020-03-23 12:05,4.2100,0,3,3,0,3,3,0.000000,0.033654,intraday,intraday,0,0
2020-03-23 12:13,4.1600,2020-03-23 12:18,4.3600,2020-03-23 12:22,4.4200,2020-03-23 12:27,4.3700,4,5,9,4,5,9,0.013761,0.062500,intraday,intraday,0,0
2020-03-23 12:30,4.2600,2020-03-23 12:38,4.3900,2020-03-23 12:49,4.6900,2020-03-23 12:52,4.6100,11,3,14,11,3,14,0.068337,0.100939,intraday,intraday,0,0
2020-03-23 12:53,4.6000,2020-03-23 12:57,4.7400,2020-03-23 12:58,4.7500,2020-03-23 13:02,4.7000,1,4,5,1,4,5,0.002110,0.032609,intraday,intraday,0,0
2020-03-23 13:04,4.6500,2020-03-23 13:11,4.7900,2020-03-23 13:14,4.9100,2020-03-23 13:15,4.8300,3,1,4,3,1,4,0.025052,0.055914,intraday,intraday,0,0
2020-03-23 13:43,4.5900,2020-03-23 13:48,4.7700,2020-03-23 13:49,4.8300,2020-03-23 13:50,4.7600,1,1,2,1,1,2,0.012579,0.052288,intraday,intraday,0,0
2020-03-23 14:03,4.4600,2020-03-23 14:06,4.6400,2020-03-23 14:06,4.6400,2020-03-23 14:07,4.5700,0,1,1,0,1,1,0.000000,0.040359,intraday,intraday,0,0
2020-03-23 14:10,4.4800,2020-03-23 14:28,4.7000,2020-03-23 14:28,4.7000,2020-03-23 14:31,4.6500,0,3,3,0,3,3,0.000000,0.049107,intraday,intraday,0,0
2020-03-23 14:34,4.5900,2020-03-23 14:43,4.7300,2020-03-23 14:49,4.8400,2020-03-23 14:50,4.7700,6,1,7,6,1,7,0.023256,0.054466,intraday,intraday,0,0
2020-03-23 15:35,4.3800,2020-03-23 15:45,4.5400,2020-03-23 15:45,4.5400,2020-03-23 15:48,4.4800,0,3,3,0,3,3,0.000000,0.036530,intraday,intraday,0,0
2020-03-23 15:49,4.4500,2020-03-23 15:51,4.6500,2020-03-23 15:54,4.7500,2020-03-23 15:59,4.6700,3,5,8,3,5,8,0.021505,0.067416,intraday,intraday,0,0
2020-03-23 15:59,4.6700,2020-03-24 09:30,5.7100,2020-03-24 09:36,5.9900,2020-03-24 09:37,5.8500,6,1,7,6,1,7,0.049037,0.282655,intraday,intraday,0,0
2020-03-24 09:42,5.6700,2020-03-24 09:52,5.8600,2020-03-24 09:53,5.9000,2020-03-24 09:57,5.8100,1,4,5,1,4,5,0.006826,0.040564,intraday,intraday,0,0
2020-03-24 10:04,5.7000,2020-03-24 10:22,5.9000,2020-03-24 10:26,5.9900,2020-03-24 10:29,5.9100,4,3,7,4,3,7,0.015254,0.050877,intraday,intraday,0,0
2020-03-24 11:06,5.8600,2020-03-24 11:35,6.0400,2020-03-24 11:39,6.1200,2020-03-24 11:49,6.0500,4,10,14,4,10,14,0.013245,0.044369,intraday,intraday,0,0
2020-03-24 11:50,6.0300,2020-03-24 12:29,6.2200,2020-03-24 12:39,6.2400,2020-03-24 12:42,6.1700,10,3,13,10,3,13,0.003215,0.034826,intraday,intraday,0,0
2020-03-24 13:21,5.7500,2020-03-24 13:31,5.9300,2020-03-24 13:33,5.9500,2020-03-24 13:36,5.8800,2,3,5,2,3,5,0.003373,0.034783,intraday,intraday,0,0
2020-03-24 14:10,5.5700,2020-03-24 14:23,5.7400,2020-03-24 14:28,5.7900,2020-03-24 14:30,5.7000,5,2,7,5,2,7,0.008711,0.039497,intraday,intraday,0,0
2020-03-24 14:30,5.7000,2020-03-24 14:56,5.8900,2020-03-24 14:59,5.9500,2020-03-24 15:03,5.8900,3,4,7,3,4,7,0.010187,0.043860,intraday,intraday,0,0
2020-03-24 15:03,5.8900,2020-03-24 15:30,6.0700,2020-03-24 15:32,6.1300,2020-03-24 15:36,6.0500,2,4,6,2,4,6,0.009885,0.040747,intraday,intraday,0,0
2020-03-24 15:50,6.0100,2020-03-24 15:55,6.2000,2020-03-24 15:58,6.2700,2020-03-25 09:30,6.1300,3,2,5,3,1052,1055,0.011290,0.043261,overnight,overnight,1,1
2020-03-25 09:30,6.1300,2020-03-25 09:33,6.4000,2020-03-25 09:36,6.6500,2020-03-25 09:40,6.5800,3,4,7,3,4,7,0.039062,0.084829,intraday,intraday,0,0
2020-03-25 09:53,5.9300,2020-03-25 09:56,6.1300,2020-03-25 09:56,6.1300,2020-03-25 09:58,6.0400,0,2,2,0,2,2,0.000000,0.033727,intraday,intraday,0,0
2020-03-25 10:12,5.7300,2020-03-25 10:22,5.9300,2020-03-25 10:22,5.9300,2020-03-25 10:24,5.8500,0,2,2,0,2,2,0.000000,0.034904,intraday,intraday,0,0
2020-03-25 10:26,5.7700,2020-03-25 10:30,5.9800,2020-03-25 10:41,6.1300,2020-03-25 10:47,6.0300,11,6,17,11,6,17,0.025084,0.062392,intraday,intraday,0,0
2020-03-25 10:48,6.0000,2020-03-25 10:59,6.2000,2020-03-25 10:59,6.2000,2020-03-25 11:02,6.1200,0,3,3,0,3,3,0.000000,0.033333,intraday,intraday,0,0
2020-03-25 11:46,6.0700,2020-03-25 12:01,6.2700,2020-03-25 12:28,6.5700,2020-03-25 12:30,6.4900,27,2,29,27,2,29,0.047847,0.082372,intraday,intraday,0,0
2020-03-25 12:31,6.4300,2020-03-25 12:44,6.6500,2020-03-25 12:46,6.7100,2020-03-25 12:48,6.6400,2,2,4,2,2,4,0.009023,0.043546,intraday,intraday,0,0
2020-03-25 13:00,6.5800,2020-03-25 13:16,6.7800,2020-03-25 13:23,6.9100,2020-03-25 13:26,6.8200,7,3,10,7,3,10,0.019174,0.050152,intraday,intraday,0,0
2020-03-25 13:31,6.7500,2020-03-25 13:41,6.9700,2020-03-25 13:47,7.0100,2020-03-25 13:48,6.8900,6,1,7,6,1,7,0.005739,0.038519,intraday,intraday,0,0
2020-03-25 14:08,6.6100,2020-03-25 14:20,6.8300,2020-03-25 14:20,6.8300,2020-03-25 14:25,6.7300,0,5,5,0,5,5,0.000000,0.033283,intraday,intraday,0,0
2020-03-25 14:38,6.6000,2020-03-25 14:56,6.8100,2020-03-25 14:57,6.8300,2020-03-25 15:00,6.7500,1,3,4,1,3,4,0.002937,0.034848,intraday,intraday,0,0
2020-03-25 15:59,5.9900,2020-03-26 09:30,6.6000,2020-03-26 09:30,6.6000,2020-03-26 09:32,6.4800,0,2,2,0,2,2,0.000000,0.101836,intraday,intraday,0,0
2020-03-26 09:33,6.2900,2020-03-26 09:36,6.5000,2020-03-26 09:41,6.5300,2020-03-26 09:46,6.4100,5,5,10,5,5,10,0.004615,0.038156,intraday,intraday,0,0
2020-03-26 09:50,6.3200,2020-03-26 09:55,6.5700,2020-03-26 10:18,6.8300,2020-03-26 10:22,6.7600,23,4,27,23,4,27,0.039574,0.080696,intraday,intraday,0,0
2020-03-26 10:56,6.5700,2020-03-26 11:17,6.7700,2020-03-26 11:33,6.9800,2020-03-26 11:45,6.9100,16,12,28,16,12,28,0.031019,0.062405,intraday,intraday,0,0
2020-03-26 12:18,6.7300,2020-03-26 12:32,6.9600,2020-03-26 13:01,7.0900,2020-03-26 13:07,6.9900,29,6,35,29,6,35,0.018678,0.053492,intraday,intraday,0,0
2020-03-26 13:33,6.6600,2020-03-26 14:02,6.8600,2020-03-26 14:04,6.8900,2020-03-26 14:07,6.8000,2,3,5,2,3,5,0.004373,0.034535,intraday,intraday,0,0
2020-03-26 14:12,6.7300,2020-03-26 14:30,6.9400,2020-03-26 14:33,7.0000,2020-03-26 14:44,6.9100,3,11,14,3,11,14,0.008646,0.040119,intraday,intraday,0,0
2020-03-26 15:17,6.8900,2020-03-26 15:31,7.1000,2020-03-26 15:31,7.1000,2020-03-26 15:37,6.9900,0,6,6,0,6,6,0.000000,0.030479,intraday,intraday,0,0
2020-03-26 15:48,6.8800,2020-03-26 15:50,7.1500,2020-03-26 15:59,7.2700,2020-03-27 09:30,6.4700,9,1,10,9,1051,1060,0.016783,0.056686,overnight,overnight,1,1
2020-03-27 09:43,6.2400,2020-03-27 09:52,6.4300,2020-03-27 09:52,6.4300,2020-03-27 09:54,6.3600,0,2,2,0,2,2,0.000000,0.030449,intraday,intraday,0,0
2020-03-27 09:54,6.3600,2020-03-27 10:10,6.5600,2020-03-27 10:10,6.5600,2020-03-27 10:16,6.4700,0,6,6,0,6,6,0.000000,0.031447,intraday,intraday,0,0
2020-03-27 10:37,6.3000,2020-03-27 11:00,6.5100,2020-03-27 11:09,6.6100,2020-03-27 11:14,6.5400,9,5,14,9,5,14,0.015361,0.049206,intraday,intraday,0,0
2020-03-27 12:07,6.2900,2020-03-27 13:01,6.4900,2020-03-27 13:02,6.5200,2020-03-27 13:07,6.4400,1,5,6,1,5,6,0.004622,0.036566,intraday,intraday,0,0
2020-03-27 13:16,6.3800,2020-03-27 13:39,6.6300,2020-03-27 13:41,6.6800,2020-03-27 13:43,6.6100,2,2,4,2,2,4,0.007541,0.047022,intraday,intraday,0,0
2020-03-27 14:50,6.4300,2020-03-27 15:03,6.6300,2020-03-27 15:27,6.8100,2020-03-27 15:28,6.7400,24,1,25,24,1,25,0.027149,0.059098,intraday,intraday,0,0
2020-03-27 15:58,6.0500,2020-03-30 09:30,6.3700,2020-03-30 09:31,6.4400,2020-03-30 09:33,6.3500,1,2,3,1,2,3,0.010989,0.064463,intraday,intraday,0,0
2020-03-30 09:45,6.1700,2020-03-30 09:52,6.3800,2020-03-30 09:52,6.3800,2020-03-30 09:54,6.2800,0,2,2,0,2,2,0.000000,0.034036,intraday,intraday,0,0
2020-03-30 09:54,6.2800,2020-03-30 10:10,6.4700,2020-03-30 10:21,6.6600,2020-03-30 10:29,6.5900,11,8,19,11,8,19,0.029366,0.060510,intraday,intraday,0,0
2020-03-30 10:32,6.5700,2020-03-30 11:06,6.7700,2020-03-30 11:06,6.7700,2020-03-30 11:23,6.6900,0,17,17,0,17,17,0.000000,0.030441,intraday,intraday,0,0
2020-03-30 12:07,6.5600,2020-03-30 15:50,6.7600,2020-03-30 15:50,6.7600,2020-03-30 15:53,6.6800,0,3,3,0,3,3,0.000000,0.030488,intraday,intraday,0,0
2020-03-30 15:53,6.6800,2020-03-31 09:42,6.9300,2020-03-31 09:42,6.9300,2020-03-31 09:44,6.8500,0,2,2,0,2,2,0.000000,0.037425,intraday,intraday,0,0
2020-03-31 09:52,6.6900,2020-03-31 10:10,6.9400,2020-03-31 10:20,7.0700,2020-03-31 10:25,6.9800,10,5,15,10,5,15,0.018732,0.056801,intraday,intraday,0,0
2020-03-31 13:21,6.4100,2020-03-31 14:09,6.6100,2020-03-31 14:09,6.6100,2020-03-31 14:14,6.5100,0,5,5,0,5,5,0.000000,0.031201,intraday,intraday,0,0
2020-04-01 10:02,5.6600,2020-04-01 10:08,5.8400,2020-04-01 10:16,5.9400,2020-04-01 10:19,5.8800,8,3,11,8,3,11,0.017123,0.049470,intraday,intraday,0,0
2020-04-01 10:19,5.8800,2020-04-01 10:32,6.0700,2020-04-01 10:38,6.1000,2020-04-01 10:43,6.0200,6,5,11,6,5,11,0.004942,0.037415,intraday,intraday,0,0
2020-04-01 12:49,5.5000,2020-04-01 14:06,5.6700,2020-04-01 14:06,5.6700,2020-04-01 14:09,5.6000,0,3,3,0,3,3,0.000000,0.030909,intraday,intraday,0,0
2020-04-01 15:39,5.1200,2020-04-01 15:48,5.3200,2020-04-01 15:48,5.3200,2020-04-01 15:50,5.2000,0,2,2,0,2,2,0.000000,0.039062,intraday,intraday,0,0
2020-04-01 15:50,5.2000,2020-04-02 09:33,5.3700,2020-04-02 09:35,5.4500,2020-04-02 09:37,5.3900,2,2,4,2,2,4,0.014898,0.048077,intraday,intraday,0,0
2020-04-02 09:46,5.2100,2020-04-02 09:58,5.3800,2020-04-02 10:12,5.4900,2020-04-02 10:15,5.4300,14,3,17,14,3,17,0.020446,0.053743,intraday,intraday,0,0
2020-04-02 10:17,5.4100,2020-04-02 10:31,5.5800,2020-04-02 10:36,5.6900,2020-04-02 10:38,5.6300,5,2,7,5,2,7,0.019713,0.051756,intraday,intraday,0,0
2020-04-02 10:52,5.5100,2020-04-02 11:47,5.7000,2020-04-02 11:56,5.7500,2020-04-02 12:00,5.6900,9,4,13,9,4,13,0.008772,0.043557,intraday,intraday,0,0
2020-04-02 14:11,5.3500,2020-04-02 14:53,5.5800,2020-04-02 15:20,5.7200,2020-04-02 15:24,5.6600,27,4,31,27,4,31,0.025090,0.069159,intraday,intraday,0,0
2020-04-02 15:37,5.5600,2020-04-02 15:50,5.7300,2020-04-02 15:56,5.7900,2020-04-03 09:30,5.7000,6,4,10,6,1054,1060,0.010471,0.041367,overnight,overnight,1,1
2020-04-03 09:30,5.7000,2020-04-03 09:40,5.8800,2020-04-03 09:42,5.9500,2020-04-03 09:45,5.8900,2,3,5,2,3,5,0.011905,0.043860,intraday,intraday,0,0
2020-04-03 14:10,5.2200,2020-04-03 14:51,5.4100,2020-04-03 15:01,5.4600,2020-04-03 15:03,5.3900,10,2,12,10,2,12,0.009242,0.045977,intraday,intraday,0,0
2020-04-03 15:44,5.2400,2020-04-03 15:48,5.4100,2020-04-03 15:50,5.4800,2020-04-03 15:55,5.4200,2,5,7,2,5,7,0.012939,0.045802,intraday,intraday,0,0
2020-04-03 15:55,5.4200,2020-04-06 09:30,6.1800,2020-04-06 10:02,6.5900,2020-04-06 10:07,6.5200,32,5,37,32,5,37,0.066343,0.215867,intraday,intraday,0,0
2020-04-06 10:48,6.4600,2020-04-06 12:14,6.6600,2020-04-06 13:52,6.8700,2020-04-06 14:01,6.8000,98,9,107,98,9,107,0.031532,0.063467,intraday,intraday,0,0
2020-04-06 14:22,6.7200,2020-04-06 15:31,6.9300,2020-04-06 15:54,7.1700,2020-04-06 15:58,7.0900,23,4,27,23,4,27,0.034632,0.066964,intraday,intraday,0,0
2020-04-06 15:58,7.0900,2020-04-07 09:30,7.8000,2020-04-07 09:30,7.8000,2020-04-07 09:33,7.6900,0,3,3,0,3,3,0.000000,0.100141,intraday,intraday,0,0
2020-04-07 09:41,7.4400,2020-04-07 09:53,7.6700,2020-04-07 09:58,7.7400,2020-04-07 10:02,7.6300,5,4,9,5,4,9,0.009126,0.040323,intraday,intraday,0,0
2020-04-07 10:16,7.1500,2020-04-07 10:33,7.3800,2020-04-07 10:33,7.3800,2020-04-07 10:40,7.2800,0,7,7,0,7,7,0.000000,0.032168,intraday,intraday,0,0
2020-04-07 10:53,7.0200,2020-04-07 11:07,7.2400,2020-04-07 11:15,7.3900,2020-04-07 11:22,7.3100,8,7,15,8,7,15,0.020718,0.052707,intraday,intraday,0,0
2020-04-07 11:22,7.3100,2020-04-07 11:39,7.5300,2020-04-07 12:18,7.8400,2020-04-07 12:23,7.7400,39,5,44,39,5,44,0.041169,0.072503,intraday,intraday,0,0
2020-04-07 14:55,7.0600,2020-04-07 15:10,7.3100,2020-04-07 15:13,7.3500,2020-04-07 15:15,7.2700,3,2,5,3,2,5,0.005472,0.041076,intraday,intraday,0,0
2020-04-07 15:24,7.0900,2020-04-07 15:41,7.3200,2020-04-07 15:49,7.4000,2020-04-07 15:50,7.1700,8,1,9,8,1,9,0.010929,0.043724,intraday,intraday,0,0
2020-04-07 15:59,6.9900,2020-04-08 09:30,7.3700,2020-04-08 09:31,7.4700,2020-04-08 09:36,7.3300,1,5,6,1,5,6,0.013569,0.068670,intraday,intraday,0,0
2020-04-08 10:08,7.0700,2020-04-08 10:27,7.2900,2020-04-08 10:40,7.3900,2020-04-08 10:42,7.3000,13,2,15,13,2,15,0.013717,0.045262,intraday,intraday,0,0
2020-04-08 10:42,7.3000,2020-04-08 11:16,7.5200,2020-04-08 11:40,7.6900,2020-04-08 11:52,7.6100,24,12,36,24,12,36,0.022606,0.053425,intraday,intraday,0,0
2020-04-08 13:55,7.5200,2020-04-08 14:41,7.7500,2020-04-08 14:41,7.7500,2020-04-08 14:49,7.6700,0,8,8,0,8,8,0.000000,0.030585,intraday,intraday,0,0
2020-04-08 15:40,7.6300,2020-04-09 09:30,8.0000,2020-04-09 09:30,8.0000,2020-04-09 09:33,7.9200,0,3,3,0,3,3,0.000000,0.048493,intraday,intraday,0,0
2020-04-09 09:33,7.9200,2020-04-09 09:43,8.1900,2020-04-09 09:43,8.1900,2020-04-09 09:46,8.0500,0,3,3,0,3,3,0.000000,0.034091,intraday,intraday,0,0
2020-04-09 10:23,7.5000,2020-04-09 10:38,7.7600,2020-04-09 10:46,7.7900,2020-04-09 10:51,7.6900,8,5,13,8,5,13,0.003866,0.038667,intraday,intraday,0,0
2020-04-09 11:05,7.5500,2020-04-09 11:37,7.7800,2020-04-09 12:19,7.9600,2020-04-09 12:28,7.8700,42,9,51,42,9,51,0.023136,0.054305,intraday,intraday,0,0
2020-04-09 15:21,7.0100,2020-04-09 15:58,7.2300,2020-04-09 15:58,7.2300,2020-04-13 09:30,7.0100,0,2,2,0,5372,5372,0.000000,0.031384,weekend,weekend,1,1
2020-04-13 09:32,6.9900,2020-04-13 09:38,7.2200,2020-04-13 09:38,7.2200,2020-04-13 09:41,7.1300,0,3,3,0,3,3,0.000000,0.032904,intraday,intraday,0,0
2020-04-13 09:48,7.0300,2020-04-13 10:11,7.2600,2020-04-13 10:11,7.2600,2020-04-13 10:15,7.1800,0,4,4,0,4,4,0.000000,0.032717,intraday,intraday,0,0
2020-04-13 10:21,7.0800,2020-04-13 12:16,7.3000,2020-04-13 12:17,7.3200,2020-04-13 12:30,7.2200,1,13,14,1,13,14,0.002740,0.033898,intraday,intraday,0,0
2020-04-13 13:16,7.1400,2020-04-13 15:18,7.3700,2020-04-13 15:48,7.5100,2020-04-13 15:50,7.4200,30,2,32,30,2,32,0.018996,0.051821,intraday,intraday,0,0
2020-04-13 15:51,7.4100,2020-04-14 09:30,8.0300,2020-04-14 09:35,8.1200,2020-04-14 09:39,8.0200,5,4,9,5,4,9,0.011208,0.095816,intraday,intraday,0,0
2020-04-14 09:40,8.0100,2020-04-14 09:49,8.3000,2020-04-14 09:59,8.4000,2020-04-14 10:01,8.3000,10,2,12,10,2,12,0.012048,0.048689,intraday,intraday,0,0
2020-04-14 11:11,8.0200,2020-04-14 11:33,8.2800,2020-04-14 12:21,8.3900,2020-04-14 12:47,8.3000,48,26,74,48,26,74,0.013285,0.046135,intraday,intraday,0,0
2020-04-14 13:05,8.2300,2020-04-14 15:40,8.4800,2020-04-14 15:40,8.4800,2020-04-15 09:30,7.8200,0,20,20,0,1070,1070,0.000000,0.030377,overnight,overnight,1,1
2020-04-15 10:04,7.5100,2020-04-15 13:18,7.7500,2020-04-15 13:18,7.7500,2020-04-15 13:27,7.6700,0,9,9,0,9,9,0.000000,0.031957,intraday,intraday,0,0
2020-04-15 13:41,7.6300,2020-04-15 14:39,7.8600,2020-04-15 14:42,7.8800,2020-04-15 14:51,7.8000,3,9,12,3,9,12,0.002545,0.032765,intraday,intraday,0,0
2020-04-15 15:54,7.7300,2020-04-16 09:30,8.2000,2020-04-16 09:32,8.2200,2020-04-16 09:34,8.0800,2,2,4,2,2,4,0.002439,0.063389,intraday,intraday,0,0
2020-04-16 10:04,7.8300,2020-04-16 10:26,8.0700,2020-04-16 11:28,8.4000,2020-04-16 11:32,8.3100,62,4,66,62,4,66,0.040892,0.072797,intraday,intraday,0,0
2020-04-16 12:33,7.9300,2020-04-16 13:32,8.1700,2020-04-16 13:36,8.1800,2020-04-16 13:51,8.0700,4,15,19,4,15,19,0.001224,0.031526,intraday,intraday,0,0
2020-04-16 14:00,8.0200,2020-04-16 14:37,8.2800,2020-04-16 14:37,8.2800,2020-04-16 14:50,8.1800,0,13,13,0,13,13,0.000000,0.032419,intraday,intraday,0,0
2020-04-16 15:10,8.1500,2020-04-16 15:53,8.4200,2020-04-17 09:30,8.8000,2020-04-17 09:31,8.6900,7,1,8,1057,1,1058,0.045131,0.079755,overnight,intraday,0,1
2020-04-17 09:37,8.5700,2020-04-17 09:57,8.8300,2020-04-17 09:57,8.8300,2020-04-17 10:03,8.7300,0,6,6,0,6,6,0.000000,0.030338,intraday,intraday,0,0
2020-04-17 12:10,8.2700,2020-04-17 15:30,8.5200,2020-04-17 15:50,8.6700,2020-04-17 15:55,8.5600,20,5,25,20,5,25,0.017606,0.048368,intraday,intraday,0,0
2020-04-20 09:30,8.0900,2020-04-20 10:24,8.3500,2020-04-20 10:36,8.4400,2020-04-20 10:41,8.3500,12,5,17,12,5,17,0.010778,0.043263,intraday,intraday,0,0
2020-04-21 11:15,6.7700,2020-04-21 11:55,6.9900,2020-04-21 12:11,7.0400,2020-04-21 12:24,6.9600,16,13,29,16,13,29,0.007153,0.039882,intraday,intraday,0,0
2020-04-21 12:42,6.9000,2020-04-21 13:20,7.1300,2020-04-21 13:43,7.2000,2020-04-21 13:49,7.1100,23,6,29,23,6,29,0.009818,0.043478,intraday,intraday,0,0
2020-04-21 14:01,7.1000,2020-04-21 14:23,7.3200,2020-04-21 14:23,7.3200,2020-04-21 14:31,7.2400,0,8,8,0,8,8,0.000000,0.030986,intraday,intraday,0,0
2020-04-21 15:12,6.8600,2020-04-21 15:36,7.0900,2020-04-21 15:36,7.0900,2020-04-21 15:44,7.0000,0,8,8,0,8,8,0.000000,0.033528,intraday,intraday,0,0
2020-04-21 15:54,6.8400,2020-04-22 09:30,7.5800,2020-04-22 09:30,7.5800,2020-04-22 09:31,7.4700,0,1,1,0,1,1,0.000000,0.108187,intraday,intraday,0,0
2020-04-22 09:33,7.4400,2020-04-22 10:05,7.6700,2020-04-22 10:41,7.7600,2020-04-22 10:52,7.6600,36,11,47,36,11,47,0.011734,0.043011,intraday,intraday,0,0
2020-04-22 10:56,7.6300,2020-04-22 13:35,7.8600,2020-04-22 15:50,8.1500,2020-04-22 15:56,8.0600,135,6,141,135,6,141,0.036896,0.068152,intraday,intraday,0,0
2020-04-23 09:54,7.9300,2020-04-23 10:30,8.1900,2020-04-23 11:26,8.3300,2020-04-23 11:31,8.2400,56,5,61,56,5,61,0.017094,0.050441,intraday,intraday,0,0
2020-04-23 12:46,7.7600,2020-04-23 12:48,8.0000,2020-04-23 12:49,8.0400,2020-04-23 12:50,7.9200,1,1,2,1,1,2,0.005000,0.036082,intraday,intraday,0,0
2020-04-23 12:51,7.8800,2020-04-23 12:56,8.1200,2020-04-23 13:12,8.1800,2020-04-23 13:20,8.0400,16,8,24,16,8,24,0.007389,0.038071,intraday,intraday,0,0
2020-04-23 13:53,7.7900,2020-04-23 14:51,8.0800,2020-04-23 14:56,8.1100,2020-04-23 15:09,8.0200,5,13,18,5,13,18,0.003713,0.041078,intraday,intraday,0,0
2020-04-24 09:59,7.6500,2020-04-24 10:35,7.9000,2020-04-24 10:45,7.9500,2020-04-24 10:54,7.8600,10,9,19,10,9,19,0.006329,0.039216,intraday,intraday,0,0
2020-04-24 11:11,7.7900,2020-04-24 12:08,8.0300,2020-04-24 12:46,8.1400,2020-04-24 13:10,8.0300,38,24,62,38,24,62,0.013699,0.044929,intraday,intraday,0,0
2020-04-24 13:21,8.0200,2020-04-24 14:03,8.2700,2020-04-24 14:40,8.2900,2020-04-24 14:53,8.2000,37,13,50,37,13,50,0.002418,0.033666,intraday,intraday,0,0
2020-04-24 15:04,8.1700,2020-04-27 09:30,8.6100,2020-04-27 09:58,8.9100,2020-04-27 10:06,8.8000,28,8,36,28,8,36,0.034843,0.090575,intraday,intraday,0,0
2020-04-27 10:59,8.5700,2020-04-27 11:47,8.8300,2020-04-27 11:47,8.8300,2020-04-27 11:52,8.7400,0,5,5,0,5,5,0.000000,0.030338,intraday,intraday,0,0
2020-04-27 14:30,8.5400,2020-04-28 09:30,9.2600,2020-04-28 09:30,9.2600,2020-04-28 09:31,9.1600,0,1,1,0,1,1,0.000000,0.084309,intraday,intraday,0,0
2020-04-28 12:18,8.6000,2020-04-28 13:44,8.8800,2020-04-28 14:26,8.9900,2020-04-28 14:36,8.9000,42,10,52,42,10,52,0.012387,0.045349,intraday,intraday,0,0
2020-04-28 15:59,8.5100,2020-04-29 09:30,9.0400,2020-04-29 10:35,9.4100,2020-04-29 11:03,9.3000,65,28,93,65,28,93,0.040929,0.105758,intraday,intraday,0,0
2020-04-29 11:03,9.3000,2020-04-29 12:36,9.5800,2020-04-29 13:04,9.6500,2020-04-29 13:28,9.5400,28,24,52,28,24,52,0.007307,0.037634,intraday,intraday,0,0
2020-04-29 14:13,9.4900,2020-04-29 15:20,9.8000,2020-04-29 15:44,9.8400,2020-04-29 15:51,9.7300,24,7,31,24,7,31,0.004082,0.036881,intraday,intraday,0,0
2020-05-04 09:35,7.1400,2020-05-04 09:50,7.3900,2020-05-04 10:03,7.4400,2020-05-04 10:09,7.3600,13,6,19,13,6,19,0.006766,0.042017,intraday,intraday,0,0
2020-05-04 13:17,7.1800,2020-05-04 15:18,7.4000,2020-05-05 10:01,8.4100,2020-05-05 10:10,8.2900,73,9,82,1123,9,1132,0.136486,0.171309,overnight,intraday,0,1
2020-05-05 15:37,7.8700,2020-05-06 09:30,8.3100,2020-05-06 09:36,8.4800,2020-05-06 09:38,8.3900,6,2,8,6,2,8,0.020457,0.077510,intraday,intraday,0,0
2020-05-06 10:09,8.2400,2020-05-06 10:30,8.4900,2020-05-06 10:50,8.6300,2020-05-06 11:15,8.5300,20,25,45,20,25,45,0.016490,0.047330,intraday,intraday,0,0
2020-05-06 15:49,8.2400,2020-05-07 09:30,8.7700,2020-05-07 09:32,8.8000,2020-05-07 09:36,8.6700,2,4,6,2,4,6,0.003421,0.067961,intraday,intraday,0,0
2020-05-07 10:12,8.4000,2020-05-07 11:43,8.6600,2020-05-07 13:14,8.7500,2020-05-07 13:43,8.6600,91,29,120,91,29,120,0.010393,0.041667,intraday,intraday,0,0
2020-05-07 15:55,8.5000,2020-05-08 09:30,8.7900,2020-05-08 09:32,8.8400,2020-05-08 09:34,8.7500,2,2,4,2,2,4,0.005688,0.040000,intraday,intraday,0,0
2020-05-08 09:35,8.7300,2020-05-08 10:01,9.0000,2020-05-08 10:28,9.1700,2020-05-08 10:45,9.0600,27,17,44,27,17,44,0.018889,0.050401,intraday,intraday,0,0
2020-05-08 14:08,9.0000,2020-05-08 15:59,9.2800,2020-05-08 15:59,9.2800,2020-05-11 09:30,9.0000,0,1,1,0,3931,3931,0.000000,0.031111,weekend,weekend,1,1
2020-05-11 09:31,8.9600,2020-05-11 11:52,9.2300,2020-05-11 13:39,9.4700,2020-05-11 13:55,9.3700,107,16,123,107,16,123,0.026002,0.056920,intraday,intraday,0,0
2020-05-12 09:52,9.0700,2020-05-12 10:20,9.3500,2020-05-12 10:37,9.4000,2020-05-12 10:48,9.3000,17,11,28,17,11,28,0.005348,0.036384,intraday,intraday,0,0
2020-05-13 09:36,8.2500,2020-05-13 10:01,8.5200,2020-05-13 10:13,8.6400,2020-05-13 10:25,8.5500,12,12,24,12,12,24,0.014085,0.047273,intraday,intraday,0,0
2020-05-13 12:17,7.7300,2020-05-13 12:49,7.9700,2020-05-13 12:50,7.9900,2020-05-13 12:57,7.9100,1,7,8,1,7,8,0.002509,0.033635,intraday,intraday,0,0
2020-05-13 15:25,7.6400,2020-05-13 15:48,7.8700,2020-05-13 15:53,8.0300,2020-05-14 09:30,7.7900,5,7,12,5,1057,1062,0.020330,0.051047,overnight,overnight,1,1
2020-05-14 09:54,7.4100,2020-05-14 10:10,7.6500,2020-05-14 10:10,7.6500,2020-05-14 10:16,7.5500,0,6,6,0,6,6,0.000000,0.032389,intraday,intraday,0,0
2020-05-14 10:29,7.4600,2020-05-14 10:38,7.7000,2020-05-14 10:54,7.8800,2020-05-14 10:57,7.8000,16,3,19,16,3,19,0.023377,0.056300,intraday,intraday,0,0
2020-05-14 10:57,7.8000,2020-05-14 11:15,8.0500,2020-05-14 11:17,8.1000,2020-05-14 11:20,8.0000,2,3,5,2,3,5,0.006211,0.038462,intraday,intraday,0,0
2020-05-14 12:02,7.6700,2020-05-14 12:54,7.9300,2020-05-14 13:30,8.0500,2020-05-14 13:52,7.9600,36,22,58,36,22,58,0.015132,0.049544,intraday,intraday,0,0
2020-05-14 14:06,7.8300,2020-05-14 14:54,8.0700,2020-05-14 15:29,8.5100,2020-05-14 15:35,8.4000,35,6,41,35,6,41,0.054523,0.086845,intraday,intraday,0,0
2020-05-14 15:41,8.3800,2020-05-14 15:54,8.6500,2020-05-14 15:54,8.6500,2020-05-15 09:30,7.8100,0,6,6,0,1056,1056,0.000000,0.032220,overnight,overnight,1,1
2020-05-15 09:36,7.7300,2020-05-15 09:41,7.9800,2020-05-15 09:44,8.0100,2020-05-15 09:46,7.9100,3,2,5,3,2,5,0.003759,0.036223,intraday,intraday,0,0
2020-05-15 09:48,7.8400,2020-05-15 10:10,8.0800,2020-05-15 10:15,8.1800,2020-05-15 10:19,8.0900,5,4,9,5,4,9,0.012376,0.043367,intraday,intraday,0,0
2020-05-15 11:04,7.6600,2020-05-15 12:22,7.8900,2020-05-15 12:43,8.0100,2020-05-15 12:45,7.9200,21,2,23,21,2,23,0.015209,0.045692,intraday,intraday,0,0
2020-05-15 12:48,7.8700,2020-05-15 14:03,8.1100,2020-05-15 14:22,8.1400,2020-05-15 14:36,8.0200,19,14,33,19,14,33,0.003699,0.034307,intraday,intraday,0,0
2020-05-15 14:59,7.9500,2020-05-18 09:30,8.7900,2020-05-18 09:36,8.9000,2020-05-18 09:43,8.8000,6,7,13,6,7,13,0.012514,0.119497,intraday,intraday,0,0
2020-05-18 09:53,8.7500,2020-05-18 10:51,9.0200,2020-05-18 13:29,9.2900,2020-05-18 13:52,9.1900,158,23,181,158,23,181,0.029933,0.061714,intraday,intraday,0,0
2020-05-18 14:22,9.1300,2020-05-19 09:56,9.4400,2020-05-19 10:36,9.6200,2020-05-19 10:40,9.5200,40,4,44,40,4,44,0.019068,0.053669,intraday,intraday,0,0
2020-05-19 15:59,9.1300,2020-05-20 09:30,9.8400,2020-05-20 10:20,10.2000,2020-05-20 10:26,10.0900,50,6,56,50,6,56,0.036585,0.117196,intraday,intraday,0,0
2020-05-21 11:22,9.3600,2020-05-21 11:45,9.6500,2020-05-21 12:26,9.7700,2020-05-21 12:30,9.6600,41,4,45,41,4,45,0.012435,0.043803,intraday,intraday,0,0
2020-05-22 09:39,9.0600,2020-05-22 09:59,9.3400,2020-05-22 09:59,9.3400,2020-05-22 10:01,9.2300,0,2,2,0,2,2,0.000000,0.030905,intraday,intraday,0,0
2020-05-22 10:18,9.1700,2020-05-22 13:04,9.4600,2020-05-22 13:26,9.4700,2020-05-22 13:49,9.3600,22,23,45,22,23,45,0.001057,0.032715,intraday,intraday,0,0
2020-05-22 13:54,9.3300,2020-05-26 09:30,10.3100,2020-05-26 09:33,10.3200,2020-05-26 09:36,10.1500,3,3,6,3,3,6,0.000970,0.106109,intraday,intraday,0,0
2020-05-27 11:00,9.0700,2020-05-27 11:20,9.3600,2020-05-27 11:31,9.3900,2020-05-27 11:38,9.2300,11,7,18,11,7,18,0.003205,0.035281,intraday,intraday,0,0
2020-05-27 11:38,9.2300,2020-05-27 12:28,9.5100,2020-05-27 12:53,9.6300,2020-05-27 13:00,9.4900,25,7,32,25,7,32,0.012618,0.043337,intraday,intraday,0,0
2020-05-27 13:17,9.4600,2020-05-27 13:31,9.7700,2020-05-27 14:16,9.9700,2020-05-27 14:23,9.8700,45,7,52,45,7,52,0.020471,0.053911,intraday,intraday,0,0
2020-05-27 14:23,9.8700,2020-05-27 15:50,10.2100,2020-05-28 09:35,10.2700,2020-05-28 09:38,10.1400,15,3,18,1065,3,1068,0.005877,0.040527,overnight,intraday,0,1
2020-05-28 09:57,10.0100,2020-05-28 12:06,10.3200,2020-05-28 13:29,10.4200,2020-05-28 13:50,10.2800,83,21,104,83,21,104,0.009690,0.040959,intraday,intraday,0,0
2020-05-28 15:50,9.4200,2020-05-29 09:32,9.7600,2020-05-29 09:53,10.0500,2020-05-29 10:01,9.9200,21,8,29,21,8,29,0.029713,0.066879,intraday,intraday,0,0
2020-05-29 11:04,9.5900,2020-05-29 12:58,9.9300,2020-05-29 13:12,9.9500,2020-05-29 13:35,9.8300,14,23,37,14,23,37,0.002014,0.037539,intraday,intraday,0,0
2020-05-29 13:54,9.7600,2020-05-29 14:27,10.0600,2020-05-29 14:27,10.0600,2020-05-29 14:43,9.9100,0,16,16,0,16,16,0.000000,0.030738,intraday,intraday,0,0
2020-05-29 14:53,9.6500,2020-05-29 14:58,10.0200,2020-05-29 15:54,10.3500,2020-06-01 09:30,9.9800,56,6,62,56,3936,3992,0.032934,0.072539,weekend,weekend,1,1
2020-06-01 09:36,9.9200,2020-06-01 10:34,10.2200,2020-06-01 10:42,10.2400,2020-06-01 10:50,10.1200,8,8,16,8,8,16,0.001957,0.032258,intraday,intraday,0,0
2020-06-01 11:24,10.0300,2020-06-02 09:58,10.3400,2020-06-02 10:25,10.5100,2020-06-02 10:34,10.3700,27,9,36,27,9,36,0.016441,0.047856,intraday,intraday,0,0
2020-06-02 11:14,10.1000,2020-06-02 13:05,10.4100,2020-06-02 14:18,10.5500,2020-06-02 14:33,10.4200,73,15,88,73,15,88,0.013449,0.044554,intraday,intraday,0,0
2020-06-02 14:34,10.4100,2020-06-02 15:57,10.7400,2020-06-03 09:33,11.5900,2020-06-03 09:38,11.3900,6,5,11,1056,5,1061,0.079143,0.113353,overnight,intraday,0,1
2020-06-03 09:38,11.3900,2020-06-03 10:51,11.7400,2020-06-03 11:16,11.8300,2020-06-03 11:31,11.7000,25,15,40,25,15,40,0.007666,0.038630,intraday,intraday,0,0
2020-06-04 09:36,11.5000,2020-06-04 09:54,11.8500,2020-06-04 09:57,11.8900,2020-06-04 10:05,11.7200,3,8,11,3,8,11,0.003376,0.033913,intraday,intraday,0,0
2020-06-04 10:05,11.7200,2020-06-04 10:19,12.1200,2020-06-04 10:35,12.3000,2020-06-04 10:47,12.1700,16,12,28,16,12,28,0.014851,0.049488,intraday,intraday,0,0
2020-06-04 15:15,11.7800,2020-06-05 09:30,13.0200,2020-06-05 09:30,13.0200,2020-06-05 09:33,12.8700,0,3,3,0,3,3,0.000000,0.105263,intraday,intraday,0,0
2020-06-05 09:33,12.8700,2020-06-05 09:36,13.2700,2020-06-05 09:38,13.3000,2020-06-05 09:49,13.1600,2,11,13,2,11,13,0.002261,0.033411,intraday,intraday,0,0
2020-06-05 10:50,12.9900,2020-06-05 12:27,13.3800,2020-06-05 12:31,13.4500,2020-06-05 13:10,13.3000,4,39,43,4,39,43,0.005232,0.035412,intraday,intraday,0,0
2020-06-08 10:16,12.4700,2020-06-08 15:50,12.8500,2020-06-08 15:51,12.8700,2020-06-09 09:30,12.3500,1,9,10,1,1059,1060,0.001556,0.032077,overnight,overnight,1,1
2020-06-09 09:32,12.3100,2020-06-09 09:54,12.7100,2020-06-09 09:56,12.8100,2020-06-09 10:08,12.6500,2,12,14,2,12,14,0.007868,0.040617,intraday,intraday,0,0
2020-06-09 10:15,12.5300,2020-06-09 10:46,12.9100,2020-06-09 11:04,13.0100,2020-06-09 11:13,12.8600,18,9,27,18,9,27,0.007746,0.038308,intraday,intraday,0,0
2020-06-09 12:34,12.7000,2020-06-10 09:31,13.1400,2020-06-10 09:31,13.1400,2020-06-10 09:34,12.9200,0,3,3,0,3,3,0.000000,0.034646,intraday,intraday,0,0
2020-06-10 09:35,12.9100,2020-06-10 10:09,13.3200,2020-06-10 10:09,13.3200,2020-06-10 10:30,13.1800,0,21,21,0,21,21,0.000000,0.031758,intraday,intraday,0,0
2020-06-10 13:01,12.9500,2020-06-10 14:17,13.3500,2020-06-10 14:18,13.3700,2020-06-10 14:34,13.2200,1,16,17,1,16,17,0.001498,0.032432,intraday,intraday,0,0
2020-06-11 09:41,11.5100,2020-06-11 09:57,11.8900,2020-06-11 10:15,12.0500,2020-06-11 10:29,11.9200,18,14,32,18,14,32,0.013457,0.046916,intraday,intraday,0,0
2020-06-11 15:27,10.5300,2020-06-11 15:44,10.8900,2020-06-11 15:44,10.8900,2020-06-11 15:46,10.7700,0,2,2,0,2,2,0.000000,0.034188,intraday,intraday,0,0
2020-06-11 15:55,10.5100,2020-06-12 09:30,11.5300,2020-06-12 09:30,11.5300,2020-06-12 09:32,11.3900,0,2,2,0,2,2,0.000000,0.097050,intraday,intraday,0,0
2020-06-12 11:24,10.5200,2020-06-12 11:34,10.8500,2020-06-12 11:38,10.9800,2020-06-12 11:44,10.8700,4,6,10,4,6,10,0.011982,0.043726,intraday,intraday,0,0
2020-06-12 13:59,10.2700,2020-06-12 14:30,10.5900,2020-06-12 14:32,10.6500,2020-06-12 14:40,10.5200,2,8,10,2,8,10,0.005666,0.037001,intraday,intraday,0,0
2020-06-12 14:42,10.4800,2020-06-12 15:08,10.8500,2020-06-12 15:12,10.8600,2020-06-12 15:17,10.7100,4,5,9,4,5,9,0.000922,0.036260,intraday,intraday,0,0
2020-06-12 15:27,10.5300,2020-06-12 15:47,10.8600,2020-06-12 15:58,11.0100,2020-06-15 09:30,10.2800,11,2,13,11,3932,3943,0.013812,0.045584,weekend,weekend,1,1
2020-06-15 09:34,10.1800,2020-06-15 09:42,10.4900,2020-06-15 09:42,10.4900,2020-06-15 09:46,10.3500,0,4,4,0,4,4,0.000000,0.030452,intraday,intraday,0,0
2020-06-15 09:46,10.3500,2020-06-15 10:05,10.7000,2020-06-15 10:19,10.7700,2020-06-15 10:24,10.6600,14,5,19,14,5,19,0.006542,0.040580,intraday,intraday,0,0
2020-06-15 10:40,10.4700,2020-06-15 11:09,10.7900,2020-06-15 11:13,10.8200,2020-06-15 11:15,10.6900,4,2,6,4,2,6,0.002780,0.033429,intraday,intraday,0,0
2020-06-15 11:54,10.5700,2020-06-15 12:07,10.8900,2020-06-15 13:17,11.2200,2020-06-15 13:24,11.1000,70,7,77,70,7,77,0.030303,0.061495,intraday,intraday,0,0
2020-06-15 13:48,11.0100,2020-06-15 14:06,11.3800,2020-06-15 14:07,11.4000,2020-06-15 14:11,11.2700,1,4,5,1,4,5,0.001757,0.035422,intraday,intraday,0,0
2020-06-15 15:36,11.1200,2020-06-16 09:30,12.5000,2020-06-16 09:30,12.5000,2020-06-16 09:35,12.3200,0,5,5,0,5,5,0.000000,0.124101,intraday,intraday,0,0
2020-06-16 11:01,11.5400,2020-06-16 11:06,11.9400,2020-06-16 11:07,11.9700,2020-06-16 11:12,11.8300,1,5,6,1,5,6,0.002513,0.037262,intraday,intraday,0,0
2020-06-16 11:12,11.8300,2020-06-16 12:38,12.1900,2020-06-16 12:42,12.2200,2020-06-16 13:05,12.0800,4,23,27,4,23,27,0.002461,0.032967,intraday,intraday,0,0
2020-06-16 15:19,11.7800,2020-06-17 09:30,12.2900,2020-06-17 09:49,12.5600,2020-06-17 09:53,12.4200,19,4,23,19,4,23,0.021969,0.066214,intraday,intraday,0,0
2020-06-17 10:19,12.1300,2020-06-17 12:39,12.5000,2020-06-17 13:44,12.6600,2020-06-17 14:00,12.5300,65,16,81,65,16,81,0.012800,0.043693,intraday,intraday,0,0
2020-06-18 15:13,12.1100,2020-06-19 09:30,12.7100,2020-06-19 09:33,12.7300,2020-06-19 09:37,12.5800,3,4,7,3,4,7,0.001574,0.051197,intraday,intraday,0,0
2020-06-19 12:24,12.0800,2020-06-19 12:59,12.4500,2020-06-19 12:59,12.4500,2020-06-19 13:09,12.3200,0,10,10,0,10,10,0.000000,0.030629,intraday,intraday,0,0
2020-06-22 09:34,11.7600,2020-06-22 10:13,12.1200,2020-06-22 10:28,12.1800,2020-06-22 10:55,12.0300,15,27,42,15,27,42,0.004950,0.035714,intraday,intraday,0,0
2020-06-22 11:00,11.9400,2020-06-22 12:26,12.3000,2020-06-22 12:46,12.3900,2020-06-22 13:37,12.2600,20,51,71,20,51,71,0.007317,0.037688,intraday,intraday,0,0
2020-06-22 15:24,12.1800,2020-06-23 09:30,12.7100,2020-06-23 09:30,12.7100,2020-06-23 09:34,12.5600,0,4,4,0,4,4,0.000000,0.043514,intraday,intraday,0,0
2020-06-23 09:54,12.4700,2020-06-23 12:01,12.8600,2020-06-23 12:02,12.8700,2020-06-23 12:52,12.7400,1,50,51,1,50,51,0.000778,0.032077,intraday,intraday,0,0
2020-06-24 11:49,11.4000,2020-06-24 12:46,11.7500,2020-06-24 13:18,11.8300,2020-06-24 13:23,11.7000,32,5,37,32,5,37,0.006809,0.037719,intraday,intraday,0,0
2020-06-24 14:02,11.4600,2020-06-24 14:33,11.8100,2020-06-24 14:33,11.8100,2020-06-24 14:45,11.6900,0,12,12,0,12,12,0.000000,0.030541,intraday,intraday,0,0
2020-06-25 09:50,11.1500,2020-06-25 10:21,11.5000,2020-06-25 10:28,11.5900,2020-06-25 10:33,11.4400,7,5,12,7,5,12,0.007826,0.039462,intraday,intraday,0,0
2020-06-25 11:41,11.2700,2020-06-25 12:21,11.6200,2020-06-25 12:21,11.6200,2020-06-25 13:02,11.5000,0,41,41,0,41,41,0.000000,0.031056,intraday,intraday,0,0
2020-06-25 14:35,11.3500,2020-06-25 15:15,11.7400,2020-06-26 09:38,12.0000,2020-06-26 09:39,11.8700,53,1,54,1103,1,1104,0.022147,0.057269,overnight,intraday,0,1
2020-06-26 10:50,11.1900,2020-06-26 11:49,11.5500,2020-06-26 11:49,11.5500,2020-06-26 12:02,11.4300,0,13,13,0,13,13,0.000000,0.032172,intraday,intraday,0,0
2020-06-26 14:48,11.2400,2020-06-26 15:45,11.5800,2020-06-26 15:45,11.5800,2020-06-26 15:50,11.3700,0,5,5,0,5,5,0.000000,0.030249,intraday,intraday,0,0
2020-06-29 09:51,10.8400,2020-06-29 10:13,11.2200,2020-06-29 10:50,11.3800,2020-06-29 11:05,11.2200,37,15,52,37,15,52,0.014260,0.049815,intraday,intraday,0,0
2020-06-29 11:08,11.2100,2020-06-29 12:41,11.5500,2020-06-29 13:13,11.5600,2020-06-29 14:05,11.4100,32,52,84,32,52,84,0.000866,0.031222,intraday,intraday,0,0
2020-06-29 15:11,11.3300,2020-06-30 09:30,11.8400,2020-06-30 10:25,12.5300,2020-06-30 10:36,12.4000,55,11,66,55,11,66,0.058277,0.105914,intraday,intraday,0,0
2020-06-30 13:15,12.2300,2020-06-30 15:53,12.6000,2020-06-30 15:54,12.6500,2020-07-01 09:30,12.5200,1,6,7,1,1056,1057,0.003968,0.034342,overnight,overnight,1,1
2020-07-01 15:58,12.0100,2020-07-02 09:30,12.5200,2020-07-02 09:34,12.6400,2020-07-02 09:38,12.4900,4,4,8,4,4,8,0.009585,0.052456,intraday,intraday,0,0
2020-07-02 11:10,12.3700,2020-07-02 14:59,12.7500,2020-07-02 14:59,12.7500,2020-07-02 15:42,12.6200,0,43,43,0,43,43,0.000000,0.030719,intraday,intraday,0,0
2020-07-02 15:54,12.4100,2020-07-06 09:30,13.2100,2020-07-06 10:00,13.5000,2020-07-06 10:08,13.3500,30,8,38,30,8,38,0.021953,0.087832,intraday,intraday,0,0
2020-07-07 15:59,12.9200,2020-07-08 09:34,13.3200,2020-07-08 10:54,13.4400,2020-07-08 11:01,13.3000,80,7,87,80,7,87,0.009009,0.040248,intraday,intraday,0,0
2020-07-08 11:23,12.9800,2020-07-08 15:20,13.3800,2020-07-09 09:30,13.6900,2020-07-09 09:37,13.4900,40,7,47,1090,7,1097,0.023169,0.054700,overnight,intraday,0,1
2020-07-09 11:19,13.0700,2020-07-09 12:23,13.4700,2020-07-09 13:14,14.0400,2020-07-09 13:22,13.8900,51,8,59,51,8,59,0.042316,0.074216,intraday,intraday,0,0
2020-07-09 13:58,13.7600,2020-07-09 15:13,14.2100,2020-07-09 15:14,14.2700,2020-07-09 15:22,14.1000,1,8,9,1,8,9,0.004222,0.037064,intraday,intraday,0,0
2020-07-10 10:03,13.5000,2020-07-10 11:26,13.9100,2020-07-10 11:44,13.9700,2020-07-10 12:19,13.8100,18,35,53,18,35,53,0.004313,0.034815,intraday,intraday,0,0
2020-07-10 14:24,13.5700,2020-07-13 09:30,14.5500,2020-07-13 09:40,14.9300,2020-07-13 09:45,14.7200,10,5,15,10,5,15,0.026117,0.100221,intraday,intraday,0,0
2020-07-14 09:52,12.5300,2020-07-14 10:30,12.9600,2020-07-14 10:35,13.0500,2020-07-14 10:39,12.8900,5,4,9,5,4,9,0.006944,0.041500,intraday,intraday,0,0
2020-07-14 10:39,12.8900,2020-07-14 11:21,13.2800,2020-07-14 11:50,13.5500,2020-07-14 11:54,13.4000,29,4,33,29,4,33,0.020331,0.051202,intraday,intraday,0,0
2020-07-14 13:08,13.1400,2020-07-14 13:53,13.5700,2020-07-14 14:02,13.6500,2020-07-14 14:08,13.5000,9,6,15,9,6,15,0.005895,0.038813,intraday,intraday,0,0
2020-07-14 15:18,13.4900,2020-07-14 15:51,13.9000,2020-07-15 09:30,14.0000,2020-07-15 09:36,13.8500,9,6,15,1059,6,1065,0.007194,0.037806,overnight,intraday,0,1
2020-07-15 10:01,13.5200,2020-07-15 10:50,13.9400,2020-07-15 10:50,13.9400,2020-07-15 10:59,13.7900,0,9,9,0,9,9,0.000000,0.031065,intraday,intraday,0,0
2020-07-15 12:04,13.1600,2020-07-15 13:00,13.5600,2020-07-15 14:05,13.8400,2020-07-15 14:43,13.6900,65,38,103,65,38,103,0.020649,0.051672,intraday,intraday,0,0
2020-07-16 11:18,13.1500,2020-07-16 13:11,13.5500,2020-07-16 14:14,13.6800,2020-07-16 14:48,13.5300,63,34,97,63,34,97,0.009594,0.040304,intraday,intraday,0,0
2020-07-16 14:59,13.4800,2020-07-17 09:35,13.9100,2020-07-17 09:35,13.9100,2020-07-17 09:42,13.7700,0,7,7,0,7,7,0.000000,0.031899,intraday,intraday,0,0
2020-07-17 10:32,13.6300,2020-07-20 10:10,14.0700,2020-07-20 11:39,14.2600,2020-07-20 12:27,14.1100,89,48,137,89,48,137,0.013504,0.046222,intraday,intraday,0,0
2020-07-20 12:27,14.1100,2020-07-20 15:17,14.5600,2020-07-21 09:30,15.0100,2020-07-21 09:39,14.8300,43,9,52,1093,9,1102,0.030907,0.063785,overnight,intraday,0,1
2020-07-21 11:57,14.3200,2020-07-21 14:16,14.7500,2020-07-21 14:16,14.7500,2020-07-21 15:09,14.5900,0,53,53,0,53,53,0.000000,0.030028,intraday,intraday,0,0
2020-07-21 15:51,14.2700,2020-07-22 09:54,14.7000,2020-07-22 10:10,14.9000,2020-07-22 10:24,14.7400,16,14,30,16,14,30,0.013605,0.044149,intraday,intraday,0,0
2020-07-22 11:14,14.2400,2020-07-23 09:53,14.6900,2020-07-23 10:09,14.8100,2020-07-23 10:12,14.6600,16,3,19,16,3,19,0.008169,0.040028,intraday,intraday,0,0
2020-07-23 14:16,13.5600,2020-07-23 15:17,13.9700,2020-07-23 15:17,13.9700,2020-07-23 15:24,13.8300,0,7,7,0,7,7,0.000000,0.030236,intraday,intraday,0,0
2020-07-24 09:40,12.7000,2020-07-24 09:55,13.1000,2020-07-24 10:24,13.5800,2020-07-24 10:34,13.3800,29,10,39,29,10,39,0.036641,0.069291,intraday,intraday,0,0
2020-07-24 10:34,13.3800,2020-07-24 11:32,13.8100,2020-07-24 11:48,13.8300,2020-07-24 11:54,13.6900,16,6,22,16,6,22,0.001448,0.033632,intraday,intraday,0,0
2020-07-24 15:32,13.0900,2020-07-27 09:30,13.8300,2020-07-27 10:00,14.3600,2020-07-27 10:05,14.2100,30,5,35,30,5,35,0.038322,0.097021,intraday,intraday,0,0
2020-07-27 11:36,13.9800,2020-07-27 13:04,14.4100,2020-07-27 13:39,14.4700,2020-07-27 14:55,14.3200,35,76,111,35,76,111,0.004164,0.035050,intraday,intraday,0,0
2020-07-28 09:56,13.5800,2020-07-28 11:14,13.9900,2020-07-28 11:41,14.0700,2020-07-28 12:05,13.9000,27,24,51,27,24,51,0.005718,0.036082,intraday,intraday,0,0
2020-07-28 15:58,13.6000,2020-07-29 09:30,14.0600,2020-07-29 11:24,14.3800,2020-07-29 11:58,14.2300,114,34,148,114,34,148,0.022760,0.057353,intraday,intraday,0,0
2020-07-29 12:09,14.1200,2020-07-29 14:35,14.5500,2020-07-29 14:43,14.6400,2020-07-29 15:00,14.4800,8,17,25,8,17,25,0.006186,0.036827,intraday,intraday,0,0
2020-07-29 15:04,14.3600,2020-07-30 09:46,14.8500,2020-07-30 09:46,14.8500,2020-07-30 09:49,14.6900,0,3,3,0,3,3,0.000000,0.034123,intraday,intraday,0,0
2020-07-30 09:59,14.3900,2020-07-30 11:24,14.8300,2020-07-30 13:15,15.2000,2020-07-30 13:35,15.0400,111,20,131,111,20,131,0.024949,0.056289,intraday,intraday,0,0
2020-07-31 10:20,14.5800,2020-07-31 11:18,15.0700,2020-07-31 11:33,15.1000,2020-07-31 11:57,14.9300,15,24,39,15,24,39,0.001991,0.035665,intraday,intraday,0,0
2020-07-31 14:13,14.4500,2020-07-31 15:04,14.9000,2020-08-03 10:20,16.0700,2020-08-03 10:46,15.9000,106,26,132,4036,26,4062,0.078523,0.112111,weekend,intraday,0,1
2020-08-03 15:33,15.8200,2020-08-04 10:00,16.3000,2020-08-04 10:58,16.5000,2020-08-04 11:07,16.3300,58,9,67,58,9,67,0.012270,0.042984,intraday,intraday,0,0
2020-08-04 14:34,16.1600,2020-08-04 15:55,16.6700,2020-08-04 15:59,16.7100,2020-08-05 09:30,16.5300,4,1,5,4,1051,1055,0.002400,0.034035,overnight,overnight,1,1
2020-08-05 09:44,16.2900,2020-08-05 10:02,16.7900,2020-08-05 10:13,16.8300,2020-08-05 10:31,16.6300,11,18,29,11,18,29,0.002382,0.033149,intraday,intraday,0,0
2020-08-06 10:50,16.1000,2020-08-06 14:21,16.5900,2020-08-06 14:44,16.6700,2020-08-07 09:36,16.4800,23,82,105,23,1132,1155,0.004822,0.035404,overnight,overnight,0,1
2020-08-07 14:30,15.4400,2020-08-07 15:44,15.9100,2020-08-10 09:38,16.2200,2020-08-10 09:45,16.0500,24,7,31,3954,7,3961,0.019485,0.050518,weekend,intraday,0,1
2020-08-10 10:59,15.4000,2020-08-10 12:36,15.8900,2020-08-10 13:13,16.2300,2020-08-10 13:47,16.0400,37,34,71,37,34,71,0.021397,0.053896,intraday,intraday,0,0
2020-08-11 09:34,15.7800,2020-08-11 09:44,16.3100,2020-08-11 09:45,16.3600,2020-08-11 09:50,16.1200,1,5,6,1,5,6,0.003066,0.036755,intraday,intraday,0,0
2020-08-11 10:08,15.9100,2020-08-11 12:26,16.4000,2020-08-11 12:45,16.4600,2020-08-11 13:48,16.2900,19,63,82,19,63,82,0.003659,0.034569,intraday,intraday,0,0
2020-08-11 15:54,15.3900,2020-08-12 09:30,15.9300,2020-08-12 09:36,16.0000,2020-08-12 09:39,15.7900,6,3,9,6,3,9,0.004394,0.039636,intraday,intraday,0,0
2020-08-12 09:39,15.7900,2020-08-12 10:16,16.2800,2020-08-12 12:55,17.0200,2020-08-12 13:01,16.8400,159,6,165,159,6,165,0.045455,0.077897,intraday,intraday,0,0
2020-08-13 14:51,16.2700,2020-08-14 09:35,16.7900,2020-08-14 09:41,17.0200,2020-08-14 09:46,16.7800,6,5,11,6,5,11,0.013699,0.046097,intraday,intraday,0,0
2020-08-14 15:15,16.3100,2020-08-17 09:30,16.8900,2020-08-17 09:40,17.1800,2020-08-17 09:49,16.9800,10,9,19,10,9,19,0.017170,0.053342,intraday,intraday,0,0
2020-08-17 10:45,16.7800,2020-08-18 09:34,17.2900,2020-08-18 09:38,17.3600,2020-08-18 09:44,17.1700,4,6,10,4,6,10,0.004049,0.034565,intraday,intraday,0,0
2020-08-20 09:30,15.7600,2020-08-20 09:54,16.2400,2020-08-20 09:55,16.2600,2020-08-20 10:11,16.0700,1,16,17,1,16,17,0.001232,0.031726,intraday,intraday,0,0
2020-08-20 11:09,15.7000,2020-08-20 15:43,16.1800,2020-08-20 15:43,16.1800,2020-08-21 09:30,16.0000,0,17,17,0,1067,1067,0.000000,0.030573,overnight,overnight,1,1
2020-08-21 09:33,15.8100,2020-08-21 12:49,16.2900,2020-08-21 13:16,16.3000,2020-08-21 13:56,16.1300,27,40,67,27,40,67,0.000614,0.030993,intraday,intraday,0,0
2020-08-21 13:57,16.1200,2020-08-24 09:30,16.9900,2020-08-24 09:45,17.0300,2020-08-24 09:51,16.8500,15,6,21,15,6,21,0.002354,0.056452,intraday,intraday,0,0
2020-08-24 10:53,16.5000,2020-08-25 09:30,17.0000,2020-08-25 09:35,17.2300,2020-08-25 09:50,17.0500,5,15,20,5,15,20,0.013529,0.044242,intraday,intraday,0,0
2020-08-25 11:32,16.9200,2020-08-26 09:30,17.4900,2020-08-26 09:32,17.5200,2020-08-26 09:34,17.3300,2,2,4,2,2,4,0.001715,0.035461,intraday,intraday,0,0
2020-08-27 10:06,16.7900,2020-08-27 10:57,17.3100,2020-08-27 11:06,17.4000,2020-08-27 11:18,17.1900,9,12,21,9,12,21,0.005199,0.036331,intraday,intraday,0,0
2020-08-27 13:05,16.5900,2020-08-27 14:36,17.0900,2020-08-27 15:21,17.1800,2020-08-27 15:46,16.9700,45,25,70,45,25,70,0.005266,0.035564,intraday,intraday,0,0
2020-08-27 15:57,16.8700,2020-08-28 10:07,17.3800,2020-08-28 10:07,17.3800,2020-08-28 10:36,17.2000,0,29,29,0,29,29,0.000000,0.030231,intraday,intraday,0,0
2020-08-28 10:47,17.1300,2020-08-28 14:17,17.6500,2020-08-28 15:58,17.8600,2020-08-31 09:36,17.6000,101,8,109,101,3938,4039,0.011898,0.042615,weekend,weekend,0,1
2020-08-31 09:57,17.4000,2020-08-31 12:16,17.9300,2020-08-31 13:48,18.1900,2020-08-31 15:03,18.0000,92,75,167,92,75,167,0.014501,0.045402,intraday,intraday,0,0
2020-08-31 15:59,17.7700,2020-09-01 09:45,18.3500,2020-09-01 10:28,18.7900,2020-09-01 11:01,18.6000,43,33,76,43,33,76,0.023978,0.057400,intraday,intraday,0,0
2020-09-01 11:33,18.4600,2020-09-02 09:30,19.7300,2020-09-02 09:37,19.9600,2020-09-02 09:49,19.7300,7,12,19,7,12,19,0.011657,0.081257,intraday,intraday,0,0
2020-09-02 09:56,19.1900,2020-09-02 10:14,19.7800,2020-09-02 10:33,20.0100,2020-09-02 10:39,19.7500,19,6,25,19,6,25,0.011628,0.042731,intraday,intraday,0,0
2020-09-02 11:42,19.5000,2020-09-02 12:45,20.0900,2020-09-02 15:18,20.7500,2020-09-02 15:33,20.5000,153,15,168,153,15,168,0.032852,0.064103,intraday,intraday,0,0
2020-09-03 11:20,17.0600,2020-09-03 11:31,17.6000,2020-09-03 11:31,17.6000,2020-09-03 11:35,17.3900,0,4,4,0,4,4,0.000000,0.031653,intraday,intraday,0,0
2020-09-03 11:36,17.3500,2020-09-03 11:43,17.8800,2020-09-03 11:54,18.0000,2020-09-03 11:56,17.8100,11,2,13,11,2,13,0.006711,0.037464,intraday,intraday,0,0
2020-09-03 13:03,16.7000,2020-09-03 13:28,17.2200,2020-09-03 13:29,17.2800,2020-09-03 13:30,17.0800,1,1,2,1,1,2,0.003484,0.034731,intraday,intraday,0,0
2020-09-03 15:34,16.6400,2020-09-04 09:33,17.3100,2020-09-04 09:34,17.3200,2020-09-04 09:38,17.1100,1,4,5,1,4,5,0.000578,0.040865,intraday,intraday,0,0
2020-09-04 10:43,14.6900,2020-09-04 10:48,15.1700,2020-09-04 10:49,15.2900,2020-09-04 10:50,15.0600,1,1,2,1,1,2,0.007910,0.040844,intraday,intraday,0,0
2020-09-04 11:27,15.0400,2020-09-04 11:36,15.5000,2020-09-04 11:38,15.5700,2020-09-04 11:44,15.3900,2,6,8,2,6,8,0.004516,0.035239,intraday,intraday,0,0
2020-09-04 11:44,15.3900,2020-09-04 11:59,15.9000,2020-09-04 12:00,16.0000,2020-09-04 12:09,15.8300,1,9,10,1,9,10,0.006289,0.039636,intraday,intraday,0,0
2020-09-04 12:19,15.6700,2020-09-04 12:34,16.1800,2020-09-04 12:40,16.2600,2020-09-04 12:49,16.0700,6,9,15,6,9,15,0.004944,0.037652,intraday,intraday,0,0
2020-09-04 13:19,15.6000,2020-09-04 14:17,16.0700,2020-09-04 14:47,16.6500,2020-09-04 14:50,16.4700,30,3,33,30,3,33,0.036092,0.067308,intraday,intraday,0,0
2020-09-04 14:50,16.4700,2020-09-04 15:28,17.0100,2020-09-04 15:28,17.0100,2020-09-04 15:32,16.8000,0,4,4,0,4,4,0.000000,0.032787,intraday,intraday,0,0
2020-09-08 09:42,14.3100,2020-09-08 09:47,14.8400,2020-09-08 09:47,14.8400,2020-09-08 09:49,14.6800,0,2,2,0,2,2,0.000000,0.037037,intraday,intraday,0,0
2020-09-08 09:49,14.6800,2020-09-08 10:08,15.2100,2020-09-08 10:30,15.5700,2020-09-08 10:32,15.4100,22,2,24,22,2,24,0.023669,0.060627,intraday,intraday,0,0
2020-09-08 11:52,14.8000,2020-09-08 12:53,15.2500,2020-09-08 12:53,15.2500,2020-09-08 13:03,15.0800,0,10,10,0,10,10,0.000000,0.030405,intraday,intraday,0,0
2020-09-08 15:59,14.1300,2020-09-09 09:30,15.1700,2020-09-09 09:31,15.2100,2020-09-09 09:33,14.9700,1,2,3,1,2,3,0.002637,0.076433,intraday,intraday,0,0
2020-09-09 09:51,14.6700,2020-09-09 10:37,15.1200,2020-09-09 11:03,15.4000,2020-09-09 11:09,15.1500,26,6,32,26,6,32,0.018519,0.049761,intraday,intraday,0,0
2020-09-09 11:10,15.1000,2020-09-09 13:00,15.5700,2020-09-09 13:11,15.6700,2020-09-09 13:30,15.5000,11,19,30,11,19,30,0.006423,0.037748,intraday,intraday,0,0
2020-09-09 14:27,15.2500,2020-09-10 09:30,15.8300,2020-09-10 09:34,16.0800,2020-09-10 09:36,15.8100,4,2,6,4,2,6,0.015793,0.054426,intraday,intraday,0,0
2020-09-10 11:00,15.3200,2020-09-10 11:44,15.7800,2020-09-10 11:44,15.7800,2020-09-10 11:54,15.6000,0,10,10,0,10,10,0.000000,0.030026,intraday,intraday,0,0
2020-09-10 15:20,14.4500,2020-09-11 09:30,15.2200,2020-09-11 09:30,15.2200,2020-09-11 09:36,14.9400,0,6,6,0,6,6,0.000000,0.053287,intraday,intraday,0,0
2020-09-11 09:36,14.9400,2020-09-11 09:48,15.3900,2020-09-11 09:49,15.4600,2020-09-11 09:55,15.0900,1,6,7,1,6,7,0.004548,0.034806,intraday,intraday,0,0
2020-09-11 10:02,14.8900,2020-09-11 10:51,15.3400,2020-09-11 11:09,15.3600,2020-09-11 11:21,15.1100,18,12,30,18,12,30,0.001304,0.031565,intraday,intraday,0,0
2020-09-11 13:31,14.2100,2020-09-11 14:36,14.6700,2020-09-11 14:43,14.7700,2020-09-11 14:57,14.6000,7,14,21,7,14,21,0.006817,0.039409,intraday,intraday,0,0
2020-09-11 15:10,14.3500,2020-09-11 15:33,14.8000,2020-09-11 15:33,14.8000,2020-09-11 15:37,14.6400,0,4,4,0,4,4,0.000000,0.031359,intraday,intraday,0,0
2020-09-11 15:53,14.5900,2020-09-14 09:30,15.6500,2020-09-14 09:32,15.6800,2020-09-14 09:34,15.5100,2,2,4,2,2,4,0.001917,0.074709,intraday,intraday,0,0
2020-09-14 13:32,15.2300,2020-09-14 15:47,15.7000,2020-09-15 10:35,16.4500,2020-09-15 10:40,16.2600,78,5,83,1128,5,1133,0.047771,0.080105,overnight,intraday,0,1
2020-09-15 15:38,16.1900,2020-09-16 09:32,16.7100,2020-09-16 09:33,16.7300,2020-09-16 09:44,16.5000,1,11,12,1,11,12,0.001197,0.033354,intraday,intraday,0,0
2020-09-17 09:30,14.6900,2020-09-17 09:51,15.1700,2020-09-17 10:21,15.4800,2020-09-17 10:23,15.2600,30,2,32,30,2,32,0.020435,0.053778,intraday,intraday,0,0
2020-09-17 10:25,15.1900,2020-09-17 10:44,15.6600,2020-09-17 11:16,15.9600,2020-09-17 11:18,15.7900,32,2,34,32,2,34,0.019157,0.050691,intraday,intraday,0,0
2020-09-17 12:17,15.1400,2020-09-17 13:07,15.6300,2020-09-17 14:13,15.8300,2020-09-17 14:28,15.6100,66,15,81,66,15,81,0.012796,0.045575,intraday,intraday,0,0
2020-09-17 15:05,15.4400,2020-09-18 09:30,16.1000,2020-09-18 09:30,16.1000,2020-09-18 09:33,15.9300,0,3,3,0,3,3,0.000000,0.042746,intraday,intraday,0,0
2020-09-18 13:30,14.5700,2020-09-18 14:12,15.0100,2020-09-18 15:30,15.3400,2020-09-18 15:51,15.1400,78,21,99,78,21,99,0.021985,0.052848,intraday,intraday,0,0
2020-09-21 09:40,13.9200,2020-09-21 09:48,14.3500,2020-09-21 09:49,14.5100,2020-09-21 09:54,14.3400,1,5,6,1,5,6,0.011150,0.042385,intraday,intraday,0,0
2020-09-21 10:40,13.9300,2020-09-21 11:08,14.3500,2020-09-21 11:09,14.3800,2020-09-21 11:15,14.2100,1,6,7,1,6,7,0.002091,0.032304,intraday,intraday,0,0
2020-09-21 11:25,14.0800,2020-09-21 11:48,14.5100,2020-09-21 12:40,14.8700,2020-09-21 12:46,14.7200,52,6,58,52,6,58,0.024810,0.056108,intraday,intraday,0,0
2020-09-21 14:49,14.4000,2020-09-21 15:36,14.8400,2020-09-22 09:30,15.2900,2020-09-22 09:34,15.0700,24,4,28,1074,4,1078,0.030323,0.061806,overnight,intraday,0,1
2020-09-22 11:07,14.5500,2020-09-22 12:10,15.0000,2020-09-22 12:12,15.0600,2020-09-22 12:46,14.9000,2,34,36,2,34,36,0.004000,0.035052,intraday,intraday,0,0
2020-09-22 12:56,14.8500,2020-09-22 14:01,15.3100,2020-09-23 09:49,15.7500,2020-09-23 09:53,15.5300,138,4,142,1188,4,1192,0.028739,0.060606,overnight,intraday,0,1
2020-09-24 09:34,14.1600,2020-09-24 09:48,14.6200,2020-09-24 10:09,14.9700,2020-09-24 10:13,14.8100,21,4,25,21,4,25,0.023940,0.057203,intraday,intraday,0,0
2020-09-24 10:39,14.5300,2020-09-24 11:23,15.0000,2020-09-24 11:41,15.1100,2020-09-24 11:54,14.9300,18,13,31,18,13,31,0.007333,0.039917,intraday,intraday,0,0
2020-09-24 12:38,14.8600,2020-09-24 13:16,15.3200,2020-09-24 13:45,15.4000,2020-09-24 13:59,15.2100,29,14,43,29,14,43,0.005222,0.036339,intraday,intraday,0,0
2020-09-25 09:50,14.2400,2020-09-25 10:23,14.6800,2020-09-25 10:45,14.8800,2020-09-25 10:50,14.7300,22,5,27,22,5,27,0.013624,0.044944,intraday,intraday,0,0
2020-09-25 11:03,14.6700,2020-09-25 12:53,15.1300,2020-09-25 15:19,15.5400,2020-09-25 15:40,15.3700,146,21,167,146,21,167,0.027098,0.059305,intraday,intraday,0,0
2020-09-25 15:40,15.3700,2020-09-28 09:30,16.0000,2020-09-28 09:40,16.1000,2020-09-28 09:45,15.9100,10,5,15,10,5,15,0.006250,0.047495,intraday,intraday,0,0
2020-09-28 09:50,15.8000,2020-09-28 10:19,16.3200,2020-09-28 10:31,16.3500,2020-09-28 10:50,16.1800,12,19,31,12,19,31,0.001838,0.034810,intraday,intraday,0,0
2020-09-28 10:54,16.1300,2020-09-28 14:54,16.6300,2020-09-28 15:20,16.7000,2020-09-28 15:32,16.5200,26,12,38,26,12,38,0.004209,0.035338,intraday,intraday,0,0
2020-09-28 15:33,16.5100,2020-09-29 09:47,17.0300,2020-09-29 09:50,17.1300,2020-09-29 09:58,16.9400,3,8,11,3,8,11,0.005872,0.037553,intraday,intraday,0,0
2020-09-30 09:38,16.6300,2020-09-30 10:02,17.1300,2020-09-30 10:22,17.3600,2020-09-30 11:02,17.1800,20,40,60,20,40,60,0.013427,0.043897,intraday,intraday,0,0
2020-09-30 15:20,16.6500,2020-10-01 09:30,17.7700,2020-10-01 09:36,17.9500,2020-10-01 09:53,17.7400,6,17,23,6,17,23,0.010129,0.078078,intraday,intraday,0,0
2020-10-01 11:10,17.3400,2020-10-01 13:54,17.9000,2020-10-01 13:54,17.9000,2020-10-01 14:01,17.6800,0,7,7,0,7,7,0.000000,0.032295,intraday,intraday,0,0
2020-10-02 09:30,16.7400,2020-10-02 10:03,17.2500,2020-10-02 10:28,17.4500,2020-10-02 10:32,17.2500,25,4,29,25,4,29,0.011594,0.042413,intraday,intraday,0,0
2020-10-02 12:05,16.4000,2020-10-02 12:18,16.9200,2020-10-02 12:20,17.0000,2020-10-02 12:32,16.8300,2,12,14,2,12,14,0.004728,0.036585,intraday,intraday,0,0
2020-10-02 15:59,16.3100,2020-10-05 09:30,16.8800,2020-10-05 10:34,17.5600,2020-10-05 10:54,17.3500,64,20,84,64,20,84,0.040284,0.076640,intraday,intraday,0,0
2020-10-05 11:01,17.3300,2020-10-05 15:11,17.8500,2020-10-06 09:33,18.1000,2020-10-06 09:46,17.8900,52,13,65,1102,13,1115,0.014006,0.044432,overnight,intraday,0,1
2020-10-06 09:46,17.8900,2020-10-06 10:20,18.4600,2020-10-06 10:40,18.6000,2020-10-06 10:43,18.4000,20,3,23,20,3,23,0.007584,0.039687,intraday,intraday,0,0
2020-10-06 11:51,18.0900,2020-10-06 13:53,18.6400,2020-10-06 14:46,18.8900,2020-10-06 14:49,18.5500,53,3,56,53,3,56,0.013412,0.044223,intraday,intraday,0,0
2020-10-06 15:53,17.4300,2020-10-07 09:30,18.4400,2020-10-07 09:56,18.7400,2020-10-07 10:14,18.5400,26,18,44,26,18,44,0.016269,0.075158,intraday,intraday,0,0
2020-10-07 10:40,18.3600,2020-10-08 09:30,19.1300,2020-10-08 09:39,19.2100,2020-10-08 09:45,18.9500,9,6,15,9,6,15,0.004182,0.046296,intraday,intraday,0,0
2020-10-08 09:45,18.9500,2020-10-09 09:30,20.3400,2020-10-09 09:41,20.4500,2020-10-09 09:51,20.2400,11,10,21,11,10,21,0.005408,0.079156,intraday,intraday,0,0
2020-10-09 10:25,19.9300,2020-10-12 09:30,21.0000,2020-10-12 09:34,21.0500,2020-10-12 10:09,20.8300,4,35,39,4,35,39,0.002381,0.056197,intraday,intraday,0,0
2020-10-12 10:09,20.8300,2020-10-12 14:15,21.4600,2020-10-12 14:34,21.5500,2020-10-12 15:09,21.3300,19,35,54,19,35,54,0.004194,0.034566,intraday,intraday,0,0
2020-10-13 09:40,20.8700,2020-10-13 11:15,21.5000,2020-10-13 11:39,21.6600,2020-10-13 11:54,21.4100,24,15,39,24,15,39,0.007442,0.037853,intraday,intraday,0,0
2020-10-13 14:30,20.9200,2020-10-14 09:38,21.5500,2020-10-14 09:47,21.5800,2020-10-14 09:55,21.3500,9,8,17,9,8,17,0.001392,0.031549,intraday,intraday,0,0
2020-10-14 12:24,20.5000,2020-10-14 15:32,21.1500,2020-10-14 15:32,21.1500,2020-10-14 15:47,20.9300,0,15,15,0,15,15,0.000000,0.031707,intraday,intraday,0,0
2020-10-15 09:30,19.5800,2020-10-15 09:51,20.2700,2020-10-15 09:56,20.3100,2020-10-15 10:08,20.1000,5,12,17,5,12,17,0.001973,0.037283,intraday,intraday,0,0
2020-10-15 10:37,19.8100,2020-10-15 13:44,20.4100,2020-10-16 09:30,21.0400,2020-10-16 09:36,20.8100,136,6,142,1186,6,1192,0.030867,0.062090,overnight,intraday,0,1
2020-10-16 15:59,20.3700,2020-10-19 09:35,21.0100,2020-10-19 09:43,21.2400,2020-10-19 09:54,20.9800,8,11,19,8,11,19,0.010947,0.042710,intraday,intraday,0,0
2020-10-19 15:24,19.8500,2020-10-20 10:05,20.4600,2020-10-20 10:11,20.5100,2020-10-20 10:43,20.3000,6,32,38,6,32,38,0.002444,0.033249,intraday,intraday,0,0
2020-10-22 10:44,18.9400,2020-10-22 13:09,19.5500,2020-10-22 14:16,19.9200,2020-10-22 14:50,19.7000,67,34,101,67,34,101,0.018926,0.051742,intraday,intraday,0,0
2020-10-26 13:34,17.4000,2020-10-26 15:01,17.9900,2020-10-26 15:01,17.9900,2020-10-26 15:08,17.8000,0,7,7,0,7,7,0.000000,0.033908,intraday,intraday,0,0
2020-10-26 15:51,17.7900,2020-10-27 09:30,18.5800,2020-10-27 09:30,18.5800,2020-10-27 09:31,18.3600,0,1,1,0,1,1,0.000000,0.044407,intraday,intraday,0,0
2020-10-28 10:57,16.1200,2020-10-28 15:24,16.6500,2020-10-28 15:32,16.6900,2020-10-28 15:38,16.4900,8,6,14,8,6,14,0.002402,0.035360,intraday,intraday,0,0
2020-10-28 15:59,16.1000,2020-10-29 09:55,16.5900,2020-10-29 11:27,17.2900,2020-10-29 11:41,17.1100,92,14,106,92,14,106,0.042194,0.073913,intraday,intraday,0,0
2020-10-29 11:58,16.9400,2020-10-29 13:54,17.4700,2020-10-29 14:29,17.9000,2020-10-29 14:45,17.7200,35,16,51,35,16,51,0.024614,0.056671,intraday,intraday,0,0
2020-10-30 11:40,16.1100,2020-10-30 12:27,16.6100,2020-10-30 12:28,16.6600,2020-10-30 12:36,16.4900,1,8,9,1,8,9,0.003010,0.034140,intraday,intraday,0,0
2020-10-30 13:38,16.0100,2020-10-30 15:59,16.6000,2020-11-02 09:53,17.3300,2020-11-02 10:06,17.1200,24,13,37,3954,13,3967,0.043976,0.082448,weekend,intraday,0,1
2020-11-02 14:09,16.4300,2020-11-03 09:30,17.4100,2020-11-03 10:30,18.2300,2020-11-03 10:36,18.0200,60,6,66,60,6,66,0.047099,0.109556,intraday,intraday,0,0
2020-11-03 13:58,17.6200,2020-11-04 09:30,18.7400,2020-11-04 09:32,18.8800,2020-11-04 09:34,18.6900,2,2,4,2,2,4,0.007471,0.071510,intraday,intraday,0,0
2020-11-04 09:42,18.3000,2020-11-04 10:00,18.8800,2020-11-04 10:24,19.4100,2020-11-04 10:37,19.1900,24,13,37,24,13,37,0.028072,0.060656,intraday,intraday,0,0
2020-11-04 11:16,18.9500,2020-11-04 11:55,19.5500,2020-11-04 11:58,19.5800,2020-11-04 12:10,19.3400,3,12,15,3,12,15,0.001535,0.033245,intraday,intraday,0,0
2020-11-04 12:10,19.3400,2020-11-04 14:11,19.9300,2020-11-04 14:11,19.9300,2020-11-04 14:43,19.7100,0,32,32,0,32,32,0.000000,0.030507,intraday,intraday,0,0
2020-11-04 15:32,19.5400,2020-11-05 09:30,21.5500,2020-11-05 10:10,22.2400,2020-11-05 10:13,21.9900,40,3,43,40,3,43,0.032019,0.138178,intraday,intraday,0,0
2020-11-05 10:39,21.6800,2020-11-05 14:28,22.3500,2020-11-05 15:02,22.4700,2020-11-05 15:31,22.2300,34,29,63,34,29,63,0.005369,0.036439,intraday,intraday,0,0
2020-11-06 09:57,21.9600,2020-11-06 10:12,22.6500,2020-11-06 10:28,22.9300,2020-11-06 10:41,22.7000,16,13,29,16,13,29,0.012362,0.044171,intraday,intraday,0,0
2020-11-06 11:16,22.6200,2020-11-06 13:04,23.3000,2020-11-06 14:08,23.4300,2020-11-06 14:29,23.1900,64,21,85,64,21,85,0.005579,0.035809,intraday,intraday,0,0
2020-11-06 15:02,23.1300,2020-11-09 09:30,25.2700,2020-11-09 09:32,25.4300,2020-11-09 09:33,25.0700,2,1,3,2,1,3,0.006332,0.099438,intraday,intraday,0,0
2020-11-09 09:42,24.2700,2020-11-09 10:04,25.0600,2020-11-09 10:30,25.5700,2020-11-09 10:36,25.3000,26,6,32,26,6,32,0.020351,0.053564,intraday,intraday,0,0
2020-11-10 09:47,21.1900,2020-11-10 10:04,21.8300,2020-11-10 10:04,21.8300,2020-11-10 10:07,21.5100,0,3,3,0,3,3,0.000000,0.030203,intraday,intraday,0,0
2020-11-10 10:43,20.5300,2020-11-10 11:05,21.1900,2020-11-10 11:12,21.2000,2020-11-10 11:17,20.9700,7,5,12,7,5,12,0.000472,0.032635,intraday,intraday,0,0
2020-11-10 11:21,20.9000,2020-11-10 11:41,21.5400,2020-11-10 11:45,21.7200,2020-11-10 11:54,21.4800,4,9,13,4,9,13,0.008357,0.039234,intraday,intraday,0,0
2020-11-10 15:56,20.4200,2020-11-11 09:30,21.7600,2020-11-11 09:53,22.5500,2020-11-11 09:56,22.2700,23,3,26,23,3,26,0.036305,0.104310,intraday,intraday,0,0
2020-11-11 10:50,22.0100,2020-11-11 11:49,22.6900,2020-11-11 12:11,22.7800,2020-11-11 12:56,22.5500,22,45,67,22,45,67,0.003967,0.034984,intraday,intraday,0,0
2020-11-12 09:49,22.3200,2020-11-12 10:41,23.0600,2020-11-12 10:41,23.0600,2020-11-12 10:52,22.7600,0,11,11,0,11,11,0.000000,0.033154,intraday,intraday,0,0
2020-11-12 15:01,21.6300,2020-11-13 09:30,22.8400,2020-11-13 09:56,23.3000,2020-11-13 10:05,23.0400,26,9,35,26,9,35,0.020140,0.077208,intraday,intraday,0,0
2020-11-13 13:55,22.2900,2020-11-16 09:30,23.2600,2020-11-16 09:37,23.7700,2020-11-16 09:55,23.5100,7,18,25,7,18,25,0.021926,0.066397,intraday,intraday,0,0
2020-11-16 09:55,23.5100,2020-11-16 10:50,24.2700,2020-11-16 11:13,24.4500,2020-11-16 11:26,24.2000,23,13,36,23,13,36,0.007417,0.039983,intraday,intraday,0,0
2020-11-16 13:47,23.7100,2020-11-16 15:59,24.4400,2020-11-16 15:59,24.4400,2020-11-17 09:30,24.0100,0,1,1,0,1051,1051,0.000000,0.030789,overnight,overnight,1,1
2020-11-17 09:59,23.3100,2020-11-17 10:58,24.0300,2020-11-17 11:12,24.0400,2020-11-17 11:25,23.6300,14,13,27,14,13,27,0.000416,0.031317,intraday,intraday,0,0
2020-11-18 10:01,23.4500,2020-11-18 11:56,24.1600,2020-11-18 12:37,24.4500,2020-11-18 13:01,24.1700,41,24,65,41,24,65,0.012003,0.042644,intraday,intraday,0,0
2020-11-19 09:33,22.7700,2020-11-19 09:57,23.4800,2020-11-19 09:57,23.4800,2020-11-19 10:23,23.1800,0,26,26,0,26,26,0.000000,0.031181,intraday,intraday,0,0
2020-11-19 10:27,23.1100,2020-11-19 12:01,23.8200,2020-11-19 12:02,23.8600,2020-11-19 12:27,23.6000,1,25,26,1,25,26,0.001679,0.032453,intraday,intraday,0,0
2020-11-19 12:49,23.5100,2020-11-19 15:28,24.2200,2020-11-20 09:30,24.6100,2020-11-20 09:36,24.3400,32,6,38,1082,6,1088,0.016102,0.046789,overnight,intraday,0,1
2020-11-20 15:59,23.9800,2020-11-23 09:34,24.7300,2020-11-23 09:54,25.2800,2020-11-23 10:01,25.0200,20,7,27,20,7,27,0.022240,0.054212,intraday,intraday,0,0
2020-11-23 11:19,24.1100,2020-11-23 14:53,24.8900,2020-11-24 09:30,25.3300,2020-11-24 09:34,24.8900,67,4,71,1117,4,1121,0.017678,0.050601,overnight,intraday,0,1
2020-11-24 09:42,24.3600,2020-11-24 11:04,25.1000,2020-11-24 13:41,25.5400,2020-11-24 15:39,25.2600,157,118,275,157,118,275,0.017530,0.048440,intraday,intraday,0,0
2020-11-25 10:42,24.9100,2020-11-27 09:30,25.9700,2020-11-27 09:48,26.5200,2020-11-27 10:06,26.2300,18,18,36,18,18,36,0.021178,0.064633,intraday,intraday,0,0
2020-11-30 10:45,25.3700,2020-11-30 11:42,26.1800,2020-11-30 15:07,26.9300,2020-11-30 15:29,26.6600,205,22,227,205,22,227,0.028648,0.061490,intraday,intraday,0,0
2020-11-30 15:29,26.6600,2020-12-01 09:30,27.9000,2020-12-01 09:31,28.0100,2020-12-01 09:39,27.6700,1,8,9,1,8,9,0.003943,0.050638,intraday,intraday,0,0
2020-12-01 09:40,27.5300,2020-12-01 10:06,28.3900,2020-12-01 10:18,28.6200,2020-12-01 10:25,28.3300,12,7,19,12,7,19,0.008101,0.039593,intraday,intraday,0,0
2020-12-01 10:38,27.8700,2020-12-01 11:29,28.7600,2020-12-01 11:35,28.8900,2020-12-01 12:43,28.6000,6,68,74,6,68,74,0.004520,0.036598,intraday,intraday,0,0
2020-12-02 09:45,28.0800,2020-12-02 10:44,28.9900,2020-12-02 11:10,29.0900,2020-12-02 11:34,28.7900,26,24,50,26,24,50,0.003449,0.035969,intraday,intraday,0,0
2020-12-02 14:09,28.5000,2020-12-03 10:03,29.3900,2020-12-03 10:24,29.6700,2020-12-03 10:57,29.2700,21,33,54,21,33,54,0.009527,0.041053,intraday,intraday,0,0
2020-12-03 15:55,28.6500,2020-12-04 09:56,29.5600,2020-12-07 09:30,31.3300,2020-12-07 09:46,30.9200,364,16,380,4294,16,4310,0.059878,0.093543,weekend,intraday,0,1
2020-12-07 09:52,30.7300,2020-12-08 10:00,31.6600,2020-12-08 10:00,31.6600,2020-12-08 10:16,31.3400,0,16,16,0,16,16,0.000000,0.030264,intraday,intraday,0,0
2020-12-08 10:24,31.0600,2020-12-08 13:51,32.0100,2020-12-08 14:24,32.2700,2020-12-08 15:30,31.9200,33,66,99,33,66,99,0.008122,0.038957,intraday,intraday,0,0
2020-12-09 09:34,31.1800,2020-12-09 09:57,32.1600,2020-12-09 09:57,32.1600,2020-12-09 10:10,31.7800,0,13,13,0,13,13,0.000000,0.031430,intraday,intraday,0,0
2020-12-10 09:34,28.1600,2020-12-10 09:46,29.0200,2020-12-10 11:31,29.8200,2020-12-10 11:52,29.4700,105,21,126,105,21,126,0.027567,0.058949,intraday,intraday,0,0
2020-12-11 09:46,27.8400,2020-12-11 10:11,28.6900,2020-12-11 10:19,28.8500,2020-12-11 10:24,28.5300,8,5,13,8,5,13,0.005577,0.036279,intraday,intraday,0,0
2020-12-11 12:22,27.2800,2020-12-11 13:54,28.1000,2020-12-14 09:39,29.5200,2020-12-14 09:45,29.2000,135,6,141,4065,6,4071,0.050534,0.082111,weekend,intraday,0,1
2020-12-14 13:10,28.8700,2020-12-15 09:30,30.5000,2020-12-15 09:33,30.6100,2020-12-15 10:27,30.2800,3,54,57,3,54,57,0.003607,0.060270,intraday,intraday,0,0
2020-12-16 10:21,29.7000,2020-12-16 15:32,30.6000,2020-12-17 09:37,30.9200,2020-12-17 09:41,30.5300,35,4,39,1085,4,1089,0.010458,0.041077,overnight,intraday,0,1
2020-12-21 10:37,28.1700,2020-12-21 11:38,29.0400,2020-12-21 13:56,29.6900,2020-12-21 15:09,29.3900,138,73,211,138,73,211,0.022383,0.053958,intraday,intraday,0,0
2020-12-22 11:43,28.8100,2020-12-23 09:30,29.7500,2020-12-23 09:30,29.7500,2020-12-23 09:44,29.3500,0,14,14,0,14,14,0.000000,0.032628,intraday,intraday,0,0
2020-12-23 15:59,28.8200,2020-12-28 09:30,30.5600,2020-12-28 09:34,30.6200,2020-12-28 09:38,30.2900,4,4,8,4,4,8,0.001963,0.062457,intraday,intraday,0,0
2020-12-29 12:25,28.3000,2020-12-29 15:12,29.1700,2020-12-30 10:30,30.7600,2020-12-30 10:37,30.3700,108,7,115,1158,7,1165,0.054508,0.086926,overnight,intraday,0,1
2020-12-31 09:42,30.2100,2020-12-31 10:45,31.1200,2020-12-31 10:56,31.1800,2020-12-31 11:39,30.8300,11,43,54,11,43,54,0.001928,0.032109,intraday,intraday,0,0
2020-12-31 11:58,30.6200,2021-01-04 09:30,31.8400,2021-01-04 10:25,33.6200,2021-01-04 10:37,33.2700,55,12,67,55,12,67,0.055905,0.097975,intraday,intraday,0,0
2021-01-04 12:11,30.0500,2021-01-04 13:26,31.0600,2021-01-04 13:53,31.1000,2021-01-04 14:08,30.7100,27,15,42,27,15,42,0.001288,0.034942,intraday,intraday,0,0
2021-01-04 14:54,30.1500,2021-01-05 09:33,31.1000,2021-01-05 10:04,32.2400,2021-01-05 10:22,31.7700,31,18,49,31,18,49,0.036656,0.069320,intraday,intraday,0,0
2021-01-05 12:46,31.4400,2021-01-05 15:54,32.4500,2021-01-05 15:59,32.4900,2021-01-06 09:30,31.7500,5,1,6,5,1051,1056,0.001233,0.033397,overnight,overnight,1,1
2021-01-06 09:34,31.3100,2021-01-06 09:38,32.2500,2021-01-06 09:47,32.4000,2021-01-06 09:57,31.9700,9,10,19,9,10,19,0.004651,0.034813,intraday,intraday,0,0
2021-01-06 10:01,31.6800,2021-01-06 10:32,32.7000,2021-01-06 11:20,33.0900,2021-01-06 11:38,32.6900,48,18,66,48,18,66,0.011927,0.044508,intraday,intraday,0,0
2021-01-06 11:38,32.6900,2021-01-06 13:45,33.8400,2021-01-06 13:47,34.0800,2021-01-06 14:10,33.7300,2,23,25,2,23,25,0.007092,0.042521,intraday,intraday,0,0
2021-01-06 15:52,32.0700,2021-01-07 09:30,33.8000,2021-01-07 09:37,34.4400,2021-01-07 09:44,34.0000,7,7,14,7,7,14,0.018935,0.073901,intraday,intraday,0,0
2021-01-07 09:45,33.9700,2021-01-07 10:20,35.0000,2021-01-07 11:09,35.5300,2021-01-07 11:54,35.1500,49,45,94,49,45,94,0.015143,0.045923,intraday,intraday,0,0
2021-01-07 12:14,34.9000,2021-01-07 15:50,36.0300,2021-01-08 09:31,37.8500,2021-01-08 09:32,37.3300,11,1,12,1061,1,1062,0.050513,0.084527,overnight,intraday,0,1
2021-01-08 13:42,34.6700,2021-01-08 14:58,35.8000,2021-01-08 14:58,35.8000,2021-01-08 15:24,35.3800,0,26,26,0,26,26,0.000000,0.032593,intraday,intraday,0,0
2021-01-11 09:30,35.0900,2021-01-11 09:46,36.2900,2021-01-11 10:42,37.4700,2021-01-11 10:48,37.0800,56,6,62,56,6,62,0.032516,0.067826,intraday,intraday,0,0
2021-01-11 11:12,36.6700,2021-01-11 13:08,37.8000,2021-01-11 13:11,37.8700,2021-01-11 13:26,37.4700,3,15,18,3,15,18,0.001852,0.032724,intraday,intraday,0,0
2021-01-11 15:23,36.8000,2021-01-12 10:23,38.0000,2021-01-12 11:23,38.7600,2021-01-12 11:31,38.3400,60,8,68,60,8,68,0.020000,0.053261,intraday,intraday,0,0
2021-01-12 12:16,37.2500,2021-01-13 09:30,38.6600,2021-01-13 09:30,38.6600,2021-01-13 09:34,38.1300,0,4,4,0,4,4,0.000000,0.037852,intraday,intraday,0,0
2021-01-13 10:04,37.4000,2021-01-14 09:30,39.4600,2021-01-14 11:31,41.5700,2021-01-14 11:38,41.1200,121,7,128,121,7,128,0.053472,0.111497,intraday,intraday,0,0
2021-01-15 10:23,37.1900,2021-01-15 11:28,38.3800,2021-01-15 11:30,38.5500,2021-01-15 11:51,38.1000,2,21,23,2,21,23,0.004429,0.036569,intraday,intraday,0,0
2021-01-15 15:50,37.7500,2021-01-19 09:30,39.5700,2021-01-19 10:05,40.4300,2021-01-19 10:13,40.0100,35,8,43,35,8,43,0.021734,0.070993,intraday,intraday,0,0
2021-01-19 10:13,40.0100,2021-01-19 13:50,41.2200,2021-01-20 09:36,43.3800,2021-01-20 09:42,42.8000,136,6,142,1186,6,1192,0.052402,0.084229,overnight,intraday,0,1
2021-01-20 14:13,41.0000,2021-01-21 09:30,42.2400,2021-01-21 09:30,42.2400,2021-01-21 09:32,41.6800,0,2,2,0,2,2,0.000000,0.030244,intraday,intraday,0,0
2021-01-21 12:20,41.1200,2021-01-21 14:49,42.3600,2021-01-21 15:49,43.4100,2021-01-21 15:52,42.9100,60,3,63,60,3,63,0.024788,0.055691,intraday,intraday,0,0
2021-01-22 15:59,40.7900,2021-01-25 10:05,42.0600,2021-01-25 10:08,42.0800,2021-01-25 10:39,41.5800,3,31,34,3,31,34,0.000476,0.031625,intraday,intraday,0,0
2021-01-25 11:09,38.7300,2021-01-25 11:19,39.9000,2021-01-25 11:23,40.2200,2021-01-25 11:28,39.8100,4,5,9,4,5,9,0.008020,0.038471,intraday,intraday,0,0
2021-01-25 12:18,39.3200,2021-01-25 13:10,40.5900,2021-01-25 14:05,40.8900,2021-01-25 15:11,40.4000,55,66,121,55,66,121,0.007391,0.039929,intraday,intraday,0,0
2021-01-27 09:50,34.2100,2021-01-27 09:57,35.2500,2021-01-27 10:09,35.8800,2021-01-27 10:15,35.3300,12,6,18,12,6,18,0.017872,0.048816,intraday,intraday,0,0
2021-01-27 10:15,35.3300,2021-01-27 10:30,36.4100,2021-01-27 10:30,36.4100,2021-01-27 10:32,35.7000,0,2,2,0,2,2,0.000000,0.030569,intraday,intraday,0,0
2021-01-27 12:04,34.2900,2021-01-27 12:40,35.3300,2021-01-27 13:02,35.8700,2021-01-27 13:08,35.4800,22,6,28,22,6,28,0.015284,0.046078,intraday,intraday,0,0
2021-01-27 15:37,32.6000,2021-01-28 09:30,35.1800,2021-01-28 09:30,35.1800,2021-01-28 09:32,34.8200,0,2,2,0,2,2,0.000000,0.079141,intraday,intraday,0,0
2021-01-28 09:41,34.2000,2021-01-28 11:03,35.2800,2021-01-28 11:10,35.7700,2021-01-28 11:19,35.3400,7,9,16,7,9,16,0.013889,0.045906,intraday,intraday,0,0
2021-01-28 11:26,35.0500,2021-01-28 12:47,36.1300,2021-01-28 12:53,36.2500,2021-01-28 13:07,35.8700,6,14,20,6,14,20,0.003321,0.034237,intraday,intraday,0,0
2021-01-29 09:42,34.2000,2021-01-29 10:10,35.2400,2021-01-29 10:27,35.8200,2021-01-29 10:35,35.4100,17,8,25,17,8,25,0.016459,0.047368,intraday,intraday,0,0
2021-01-29 12:49,32.9200,2021-01-29 15:11,33.9600,2021-01-29 15:32,34.3800,2021-01-29 15:38,34.0000,21,6,27,21,6,27,0.012367,0.044350,intraday,intraday,0,0
2021-01-29 15:59,33.4000,2021-02-01 09:30,35.4600,2021-02-01 09:30,35.4600,2021-02-01 09:31,35.0700,0,1,1,0,1,1,0.000000,0.061677,intraday,intraday,0,0
2021-02-01 10:01,34.6700,2021-02-01 11:22,35.7300,2021-02-02 09:31,39.1100,2021-02-02 09:35,38.5600,279,4,283,1329,4,1333,0.094598,0.128065,overnight,intraday,0,1
2021-02-02 10:45,37.5000,2021-02-02 14:38,38.6700,2021-02-03 09:35,39.5500,2021-02-03 09:44,39.0800,87,9,96,1137,9,1146,0.022757,0.054667,overnight,intraday,0,1
2021-02-04 09:42,35.5500,2021-02-04 10:51,36.6700,2021-02-04 10:55,36.7700,2021-02-04 11:12,36.3500,4,17,21,4,17,21,0.002727,0.034318,intraday,intraday,0,0
2021-02-04 11:13,36.3000,2021-02-04 15:59,37.6100,2021-02-05 09:30,38.2800,2021-02-05 09:34,37.5700,1,4,5,1051,4,1055,0.017814,0.054545,overnight,intraday,0,1
2021-02-05 12:00,36.5900,2021-02-08 09:31,37.7000,2021-02-08 09:54,38.9900,2021-02-08 10:00,38.5300,23,6,29,23,6,29,0.034218,0.065592,intraday,intraday,0,0
2021-02-08 10:25,38.3600,2021-02-08 13:33,39.5200,2021-02-08 15:59,40.1100,2021-02-09 09:34,39.6800,146,5,151,146,1055,1201,0.014929,0.045620,overnight,overnight,0,1
2021-02-09 09:40,39.2000,2021-02-09 10:17,40.4400,2021-02-09 10:19,40.5400,2021-02-09 10:30,40.1300,2,11,13,2,11,13,0.002473,0.034184,intraday,intraday,0,0
2021-02-09 11:18,39.3300,2021-02-10 09:30,40.9000,2021-02-10 09:30,40.9000,2021-02-10 09:32,40.3500,0,2,2,0,2,2,0.000000,0.039919,intraday,intraday,0,0
2021-02-10 10:44,38.4000,2021-02-10 11:00,39.5600,2021-02-10 11:23,39.9800,2021-02-10 11:28,39.5700,23,5,28,23,5,28,0.010617,0.041146,intraday,intraday,0,0
2021-02-10 11:32,39.2700,2021-02-10 14:51,40.4800,2021-02-10 15:06,40.5800,2021-02-10 15:26,40.1600,15,20,35,15,20,35,0.002470,0.033359,intraday,intraday,0,0
2021-02-10 15:44,39.5700,2021-02-11 09:30,41.4000,2021-02-11 09:46,41.8500,2021-02-11 09:51,41.2900,16,5,21,16,5,21,0.010870,0.057619,intraday,intraday,0,0
2021-02-11 09:53,41.2400,2021-02-11 10:47,42.4800,2021-02-11 12:04,43.3700,2021-02-11 12:17,42.8600,77,13,90,77,13,90,0.020951,0.051649,intraday,intraday,0,0
2021-02-11 12:29,41.9500,2021-02-11 13:14,43.2300,2021-02-11 13:43,43.7700,2021-02-11 14:05,43.3200,29,22,51,29,22,51,0.012491,0.043385,intraday,intraday,0,0
2021-02-12 09:34,43.1400,2021-02-12 10:02,44.5100,2021-02-12 10:27,45.4900,2021-02-12 10:30,45.0100,25,3,28,25,3,28,0.022018,0.054474,intraday,intraday,0,0
2021-02-12 14:37,44.6800,2021-02-16 09:30,47.1600,2021-02-16 09:30,47.1600,2021-02-16 09:37,46.3600,0,7,7,0,7,7,0.000000,0.055506,intraday,intraday,0,0
2021-02-16 09:37,46.3600,2021-02-16 10:32,47.8500,2021-02-16 10:32,47.8500,2021-02-16 10:49,47.2100,0,17,17,0,17,17,0.000000,0.032140,intraday,intraday,0,0
2021-02-17 09:37,43.6900,2021-02-17 09:47,45.0700,2021-02-17 09:51,45.6400,2021-02-17 09:58,45.1800,4,7,11,4,7,11,0.012647,0.044633,intraday,intraday,0,0
2021-02-17 11:45,42.1900,2021-02-17 12:30,43.4600,2021-02-17 14:09,44.2500,2021-02-17 14:20,43.7800,99,11,110,99,11,110,0.018178,0.048827,intraday,intraday,0,0
2021-02-18 10:32,41.0200,2021-02-18 13:22,42.2600,2021-02-18 14:02,43.1300,2021-02-18 14:17,42.6800,40,15,55,40,15,55,0.020587,0.051438,intraday,intraday,0,0
2021-02-18 14:53,42.3800,2021-02-19 09:30,44.9000,2021-02-19 10:08,45.4700,2021-02-19 10:11,45.0000,38,3,41,38,3,41,0.012695,0.072912,intraday,intraday,0,0
2021-02-19 10:11,45.0000,2021-02-19 11:26,46.3500,2021-02-19 11:31,46.4900,2021-02-19 11:50,45.9800,5,19,24,5,19,24,0.003020,0.033111,intraday,intraday,0,0
2021-02-19 13:09,44.3700,2021-02-19 15:00,45.7500,2021-02-19 15:24,46.0400,2021-02-22 09:30,44.0700,24,36,60,24,3966,3990,0.006339,0.037638,weekend,weekend,1,1
2021-02-23 09:50,35.0700,2021-02-23 09:52,36.3300,2021-02-23 10:04,37.2800,2021-02-23 10:05,36.7900,12,1,13,12,1,13,0.026149,0.063017,intraday,intraday,0,0
2021-02-23 10:05,36.7900,2021-02-23 10:23,37.9600,2021-02-23 10:24,38.2000,2021-02-23 10:31,37.8000,1,7,8,1,7,8,0.006322,0.038326,intraday,intraday,0,0
2021-02-23 10:32,37.7300,2021-02-23 10:45,39.0700,2021-02-23 10:48,39.3600,2021-02-23 10:51,38.9500,3,3,6,3,3,6,0.007423,0.043202,intraday,intraday,0,0
2021-02-23 13:00,36.7500,2021-02-23 13:22,37.8700,2021-02-23 13:37,38.3200,2021-02-23 13:42,37.9300,15,5,20,15,5,20,0.011883,0.042721,intraday,intraday,0,0
2021-02-23 13:47,37.8300,2021-02-23 14:53,39.0000,2021-02-23 15:26,40.7100,2021-02-23 15:33,40.3000,33,7,40,33,7,40,0.043846,0.076130,intraday,intraday,0,0
2021-02-24 09:36,38.4400,2021-02-24 09:47,39.7100,2021-02-24 09:50,39.8000,2021-02-24 09:53,39.3300,3,3,6,3,3,6,0.002266,0.035380,intraday,intraday,0,0
2021-02-24 10:05,38.1300,2021-02-24 10:36,39.2900,2021-02-24 10:36,39.2900,2021-02-24 10:50,38.8100,0,14,14,0,14,14,0.000000,0.030422,intraday,intraday,0,0
2021-02-24 10:52,38.6700,2021-02-24 11:15,39.8700,2021-02-24 12:38,42.2300,2021-02-24 12:47,41.7800,83,9,92,83,9,92,0.059192,0.092061,intraday,intraday,0,0
2021-02-24 13:04,41.4200,2021-02-24 13:43,42.6800,2021-02-24 14:02,42.9300,2021-02-24 14:06,42.4900,19,4,23,19,4,23,0.005858,0.036456,intraday,intraday,0,0
2021-02-24 14:14,42.3800,2021-02-24 15:57,43.6700,2021-02-24 15:59,43.7200,2021-02-25 09:30,41.9000,2,1,3,2,1051,1053,0.001145,0.031619,overnight,overnight,1,1
2021-02-25 10:50,39.8500,2021-02-25 11:18,41.1200,2021-02-25 11:21,41.2000,2021-02-25 11:23,40.6200,3,2,5,3,2,5,0.001946,0.033877,intraday,intraday,0,0
2021-02-25 12:57,36.8300,2021-02-25 13:19,37.9800,2021-02-25 13:20,38.3500,2021-02-25 13:22,37.8700,1,2,3,1,2,3,0.009742,0.041271,intraday,intraday,0,0
2021-02-25 13:54,37.3100,2021-02-25 14:06,38.4900,2021-02-25 14:21,38.9400,2021-02-25 14:33,38.4700,15,12,27,15,12,27,0.011691,0.043688,intraday,intraday,0,0
2021-02-25 15:36,35.7100,2021-02-25 15:47,36.9400,2021-02-25 15:49,37.0000,2021-02-25 15:52,36.5300,2,3,5,2,3,5,0.001624,0.036124,intraday,intraday,0,0
2021-02-25 15:59,36.1800,2021-02-26 09:30,37.7800,2021-02-26 09:34,38.1500,2021-02-26 09:35,37.7500,4,1,5,4,1,5,0.009794,0.054450,intraday,intraday,0,0
2021-02-26 10:29,35.8000,2021-02-26 10:39,36.9200,2021-02-26 10:49,37.8800,2021-02-26 10:51,37.4900,10,2,12,10,2,12,0.026002,0.058101,intraday,intraday,0,0
2021-02-26 10:51,37.4900,2021-02-26 11:33,38.6400,2021-02-26 11:39,38.8800,2021-02-26 11:45,38.4200,6,6,12,6,6,12,0.006211,0.037077,intraday,intraday,0,0
2021-02-26 11:55,38.3400,2021-02-26 12:16,39.5100,2021-02-26 12:16,39.5100,2021-02-26 12:27,39.0900,0,11,11,0,11,11,0.000000,0.030516,intraday,intraday,0,0
2021-02-26 14:21,38.2500,2021-02-26 15:09,39.4800,2021-02-26 15:09,39.4800,2021-02-26 15:22,39.0800,0,13,13,0,13,13,0.000000,0.032157,intraday,intraday,0,0
2021-02-26 15:32,38.5400,2021-03-01 09:30,40.9000,2021-03-01 09:30,40.9000,2021-03-01 09:36,40.0500,0,6,6,0,6,6,0.000000,0.061235,intraday,intraday,0,0
2021-03-01 09:41,39.7800,2021-03-01 10:52,40.9900,2021-03-01 10:52,40.9900,2021-03-01 11:01,40.5400,0,9,9,0,9,9,0.000000,0.030417,intraday,intraday,0,0
2021-03-01 11:02,40.5300,2021-03-01 11:43,41.7900,2021-03-01 11:44,41.9000,2021-03-01 12:03,41.4000,1,19,20,1,19,20,0.002632,0.033802,intraday,intraday,0,0
2021-03-03 10:31,36.7300,2021-03-03 11:05,37.8400,2021-03-03 11:29,38.5100,2021-03-03 11:42,38.0700,24,13,37,24,13,37,0.017706,0.048462,intraday,intraday,0,0
2021-03-03 14:34,34.8400,2021-03-03 14:53,35.9700,2021-03-03 15:02,36.2000,2021-03-03 15:08,35.8000,9,6,15,9,6,15,0.006394,0.039036,intraday,intraday,0,0
2021-03-04 10:19,31.3800,2021-03-04 10:33,32.4400,2021-03-04 10:47,33.6700,2021-03-04 10:53,32.7400,14,6,20,14,6,20,0.037916,0.072976,intraday,intraday,0,0
2021-03-04 11:17,32.4000,2021-03-04 11:41,33.3800,2021-03-04 11:47,33.6000,2021-03-04 11:57,33.2300,6,10,16,6,10,16,0.006591,0.037037,intraday,intraday,0,0
2021-03-04 13:59,28.5200,2021-03-04 14:09,29.5500,2021-03-04 14:09,29.5500,2021-03-04 14:14,29.1800,0,5,5,0,5,5,0.000000,0.036115,intraday,intraday,0,0
2021-03-04 14:16,28.8100,2021-03-04 14:24,29.8200,2021-03-04 14:29,30.2100,2021-03-04 14:30,29.9000,5,1,6,5,1,6,0.013078,0.048594,intraday,intraday,0,0
2021-03-04 14:37,29.6800,2021-03-04 14:47,30.8500,2021-03-04 14:47,30.8500,2021-03-04 14:51,30.5400,0,4,4,0,4,4,0.000000,0.039420,intraday,intraday,0,0
2021-03-04 15:24,29.5700,2021-03-04 15:33,30.4600,2021-03-04 15:33,30.4600,2021-03-04 15:37,30.1400,0,4,4,0,4,4,0.000000,0.030098,intraday,intraday,0,0
2021-03-04 15:56,29.6400,2021-03-05 09:30,31.7700,2021-03-05 09:32,31.7900,2021-03-05 09:34,31.1600,2,2,4,2,2,4,0.000630,0.072537,intraday,intraday,0,0
2021-03-05 09:57,29.4400,2021-03-05 10:06,30.3500,2021-03-05 10:07,30.3900,2021-03-05 10:09,30.0300,1,2,3,1,2,3,0.001318,0.032269,intraday,intraday,0,0
2021-03-05 10:32,28.7100,2021-03-05 10:52,29.7500,2021-03-05 10:52,29.7500,2021-03-05 10:55,29.4300,0,3,3,0,3,3,0.000000,0.036224,intraday,intraday,0,0
2021-03-05 11:28,27.7300,2021-03-05 11:36,28.7300,2021-03-05 11:39,28.9600,2021-03-05 11:42,28.6200,3,3,6,3,3,6,0.008006,0.044356,intraday,intraday,0,0
2021-03-05 11:42,28.6200,2021-03-05 12:02,29.5200,2021-03-05 12:03,29.5700,2021-03-05 12:09,29.1300,1,6,7,1,6,7,0.001694,0.033194,intraday,intraday,0,0
2021-03-05 12:09,29.1300,2021-03-05 12:19,30.0200,2021-03-05 12:33,30.8400,2021-03-05 12:35,30.4500,14,2,16,14,2,16,0.027315,0.058702,intraday,intraday,0,0
2021-03-05 12:35,30.4500,2021-03-05 13:00,31.3700,2021-03-05 13:00,31.3700,2021-03-05 13:02,30.7200,0,2,2,0,2,2,0.000000,0.030213,intraday,intraday,0,0
2021-03-05 13:03,30.5600,2021-03-05 13:15,31.5100,2021-03-05 13:40,32.5600,2021-03-05 13:43,32.1400,25,3,28,25,3,28,0.033323,0.065445,intraday,intraday,0,0
2021-03-05 14:19,31.5600,2021-03-05 14:31,32.6100,2021-03-05 14:35,32.8000,2021-03-05 14:39,32.4600,4,4,8,4,4,8,0.005826,0.039290,intraday,intraday,0,0
2021-03-08 09:36,31.0900,2021-03-08 09:40,32.0800,2021-03-08 09:43,32.8300,2021-03-08 09:47,32.2500,3,4,7,3,4,7,0.023379,0.055967,intraday,intraday,0,0
2021-03-08 10:03,31.1500,2021-03-08 10:09,32.1300,2021-03-08 10:09,32.1300,2021-03-08 10:11,31.5100,0,2,2,0,2,2,0.000000,0.031461,intraday,intraday,0,0
2021-03-08 12:13,29.6500,2021-03-08 12:24,30.5700,2021-03-08 12:51,30.7400,2021-03-08 12:55,30.2900,27,4,31,27,4,31,0.005561,0.036762,intraday,intraday,0,0
2021-03-08 15:59,27.5000,2021-03-09 09:30,30.2800,2021-03-09 09:31,30.6000,2021-03-09 09:33,30.1200,1,2,3,1,2,3,0.010568,0.112727,intraday,intraday,0,0
2021-03-09 09:33,30.1200,2021-03-09 09:55,31.1800,2021-03-09 10:17,31.7600,2021-03-09 10:23,31.3900,22,6,28,22,6,28,0.018602,0.054449,intraday,intraday,0,0
2021-03-09 10:33,31.0200,2021-03-09 12:16,31.9600,2021-03-09 12:36,32.0600,2021-03-09 12:51,31.7300,20,15,35,20,15,35,0.003129,0.033527,intraday,intraday,0,0
2021-03-09 12:57,31.6700,2021-03-09 13:55,32.6400,2021-03-09 14:03,32.7100,2021-03-09 14:19,32.3200,8,16,24,8,16,24,0.002145,0.032839,intraday,intraday,0,0
2021-03-09 15:50,32.2000,2021-03-10 09:30,33.7400,2021-03-10 09:30,33.7400,2021-03-10 09:34,33.3300,0,4,4,0,4,4,0.000000,0.047826,intraday,intraday,0,0
2021-03-10 09:41,32.7400,2021-03-10 09:45,33.7500,2021-03-10 09:53,33.9200,2021-03-10 09:57,33.2400,8,4,12,8,4,12,0.005037,0.036042,intraday,intraday,0,0
2021-03-10 10:53,31.3100,2021-03-10 11:03,32.3400,2021-03-10 11:04,32.3900,2021-03-10 11:10,32.0400,1,6,7,1,6,7,0.001546,0.034494,intraday,intraday,0,0
2021-03-10 11:44,31.5000,2021-03-10 11:57,32.4700,2021-03-10 11:57,32.4700,2021-03-10 12:01,32.0200,0,4,4,0,4,4,0.000000,0.030794,intraday,intraday,0,0
2021-03-10 15:59,30.6800,2021-03-11 09:30,33.6300,2021-03-11 09:39,33.7700,2021-03-11 09:41,33.4200,9,2,11,9,2,11,0.004163,0.100717,intraday,intraday,0,0
2021-03-11 09:47,32.8700,2021-03-11 10:01,33.8600,2021-03-11 10:11,33.9000,2021-03-11 10:17,33.4500,10,6,16,10,6,16,0.001181,0.031336,intraday,intraday,0,0
2021-03-11 10:18,33.0700,2021-03-11 11:01,34.1400,2021-03-11 13:07,35.0300,2021-03-11 13:21,34.6600,126,14,140,126,14,140,0.026069,0.059268,intraday,intraday,0,0
2021-03-12 09:37,31.9700,2021-03-12 09:45,33.0100,2021-03-12 09:45,33.0100,2021-03-12 09:47,32.5000,0,2,2,0,2,2,0.000000,0.032530,intraday,intraday,0,0
2021-03-12 11:00,31.9200,2021-03-12 12:21,32.8800,2021-03-12 12:34,33.1200,2021-03-12 12:43,32.6800,13,9,22,13,9,22,0.007299,0.037594,intraday,intraday,0,0
2021-03-12 12:52,32.5800,2021-03-15 09:30,33.8800,2021-03-15 09:36,33.9100,2021-03-15 09:40,33.4400,6,4,10,6,4,10,0.000885,0.040823,intraday,intraday,0,0
2021-03-15 09:42,33.2400,2021-03-15 10:03,34.3000,2021-03-15 10:13,34.5800,2021-03-15 10:22,34.1400,10,9,19,10,9,19,0.008163,0.040313,intraday,intraday,0,0
2021-03-15 11:38,33.5900,2021-03-15 14:13,34.6100,2021-03-15 14:36,35.1800,2021-03-15 15:21,34.7700,23,45,68,23,45,68,0.016469,0.047336,intraday,intraday,0,0
2021-03-15 15:27,34.7600,2021-03-16 09:30,36.5400,2021-03-16 09:48,37.3900,2021-03-16 09:53,36.9100,18,5,23,18,5,23,0.023262,0.075662,intraday,intraday,0,0
2021-03-16 09:53,36.9100,2021-03-16 10:11,38.1500,2021-03-16 10:36,38.5100,2021-03-16 10:59,38.0900,25,23,48,25,23,48,0.009436,0.043349,intraday,intraday,0,0
2021-03-16 12:27,37.0600,2021-03-16 13:04,38.2500,2021-03-16 13:12,38.3100,2021-03-16 13:30,37.8800,8,18,26,8,18,26,0.001569,0.033729,intraday,intraday,0,0
2021-03-16 14:44,36.2500,2021-03-16 15:33,37.3400,2021-03-16 15:36,37.5100,2021-03-16 15:49,37.0100,3,13,16,3,13,16,0.004553,0.034759,intraday,intraday,0,0
2021-03-17 09:39,34.6900,2021-03-17 09:44,35.7600,2021-03-17 10:03,36.4800,2021-03-17 10:06,36.0200,19,3,22,19,3,22,0.020134,0.051600,intraday,intraday,0,0
2021-03-17 11:41,35.3400,2021-03-17 12:12,36.4300,2021-03-17 12:28,36.6600,2021-03-17 12:34,36.2500,16,6,22,16,6,22,0.006313,0.037351,intraday,intraday,0,0
2021-03-17 13:02,35.7500,2021-03-17 14:02,36.9100,2021-03-17 14:12,37.8400,2021-03-17 14:17,37.4400,10,5,15,10,5,15,0.025196,0.058462,intraday,intraday,0,0
2021-03-17 14:30,36.8700,2021-03-17 14:41,38.1600,2021-03-17 15:08,39.1500,2021-03-17 15:11,38.7400,27,3,30,27,3,30,0.025943,0.061839,intraday,intraday,0,0
2021-03-18 09:46,35.6900,2021-03-18 12:11,36.7800,2021-03-18 12:27,36.8500,2021-03-18 12:35,36.4200,16,8,24,16,8,24,0.001903,0.032502,intraday,intraday,0,0
2021-03-19 09:42,32.5600,2021-03-19 09:51,33.7200,2021-03-19 09:53,34.0700,2021-03-19 09:55,33.6900,2,2,4,2,2,4,0.010380,0.046376,intraday,intraday,0,0
2021-03-19 10:08,32.5000,2021-03-19 10:20,33.5100,2021-03-19 10:22,33.8000,2021-03-19 10:32,33.3900,2,10,12,2,10,12,0.008654,0.040000,intraday,intraday,0,0
2021-03-19 10:34,32.9600,2021-03-19 10:40,33.9800,2021-03-19 10:45,34.1600,2021-03-19 10:49,33.8000,5,4,9,5,4,9,0.005297,0.036408,intraday,intraday,0,0
2021-03-19 11:25,33.6100,2021-03-19 11:54,34.7300,2021-03-19 12:48,35.3800,2021-03-19 13:04,35.0100,54,16,70,54,16,70,0.018716,0.052663,intraday,intraday,0,0
2021-03-19 15:27,34.0200,2021-03-22 09:30,36.3300,2021-03-22 09:32,36.7200,2021-03-22 09:35,36.3400,2,3,5,2,3,5,0.010735,0.079365,intraday,intraday,0,0
2021-03-22 10:16,35.6700,2021-03-22 11:21,36.7700,2021-03-22 13:53,38.1700,2021-03-22 14:22,37.7400,152,29,181,152,29,181,0.038075,0.070087,intraday,intraday,0,0
2021-03-23 15:01,33.5500,2021-03-24 09:30,35.7800,2021-03-24 09:32,36.0000,2021-03-24 09:39,35.5700,2,7,9,2,7,9,0.006149,0.073025,intraday,intraday,0,0
2021-03-24 10:17,34.0800,2021-03-24 10:46,35.1500,2021-03-24 11:01,35.6200,2021-03-24 11:12,35.1900,15,11,26,15,11,26,0.013371,0.045188,intraday,intraday,0,0
2021-03-25 09:30,30.8000,2021-03-25 09:36,31.8300,2021-03-25 09:46,32.1900,2021-03-25 09:48,31.7500,10,2,12,10,2,12,0.011310,0.045130,intraday,intraday,0,0
2021-03-25 09:50,31.3100,2021-03-25 10:02,32.3000,2021-03-25 10:08,32.4300,2021-03-25 10:12,32.0200,6,4,10,6,4,10,0.004025,0.035771,intraday,intraday,0,0
2021-03-25 11:10,30.1300,2021-03-25 11:30,31.1800,2021-03-25 11:35,31.4800,2021-03-25 11:43,31.1600,5,8,13,5,8,13,0.009622,0.044806,intraday,intraday,0,0
2021-03-25 11:47,30.8400,2021-03-25 12:01,31.8300,2021-03-25 12:04,31.9600,2021-03-25 12:14,31.6000,3,10,13,3,10,13,0.004084,0.036316,intraday,intraday,0,0
2021-03-25 12:14,31.6000,2021-03-25 12:45,32.6500,2021-03-25 12:48,32.6700,2021-03-25 13:00,32.1900,3,12,15,3,12,15,0.000613,0.033861,intraday,intraday,0,0
2021-03-25 14:29,31.2200,2021-03-25 14:52,32.3000,2021-03-25 15:05,32.7900,2021-03-25 15:09,32.4500,13,4,17,13,4,17,0.015170,0.050288,intraday,intraday,0,0
2021-03-25 15:09,32.4500,2021-03-26 09:39,33.5400,2021-03-26 10:44,35.3900,2021-03-26 10:49,34.9400,65,5,70,65,5,70,0.055158,0.090601,intraday,intraday,0,0
2021-03-26 11:12,34.3000,2021-03-26 11:59,35.3500,2021-03-26 12:00,35.4000,2021-03-26 12:02,35.0400,1,2,3,1,2,3,0.001414,0.032070,intraday,intraday,0,0
2021-03-26 12:02,35.0400,2021-03-26 13:18,36.1500,2021-03-26 13:22,36.2600,2021-03-26 13:38,35.8500,4,16,20,4,16,20,0.003043,0.034817,intraday,intraday,0,0
2021-03-26 14:18,34.4500,2021-03-26 14:53,35.5800,2021-03-26 15:59,37.6100,2021-03-29 09:30,36.5800,66,1,67,66,3931,3997,0.057055,0.091727,weekend,weekend,1,1
2021-03-29 11:20,34.7800,2021-03-29 11:54,35.8500,2021-03-29 11:54,35.8500,2021-03-29 12:08,35.3600,0,14,14,0,14,14,0.000000,0.030765,intraday,intraday,0,0
2021-03-29 12:11,35.2100,2021-03-29 12:42,36.2700,2021-03-29 13:13,36.7700,2021-03-29 13:25,36.4000,31,12,43,31,12,43,0.013785,0.044306,intraday,intraday,0,0
2021-03-29 14:58,34.5600,2021-03-29 15:23,35.6100,2021-03-29 15:38,35.8900,2021-03-29 15:44,35.5200,15,6,21,15,6,21,0.007863,0.038484,intraday,intraday,0,0
2021-03-30 10:22,34.3400,2021-03-30 11:10,35.4300,2021-03-30 11:32,35.5700,2021-03-30 11:48,35.0100,22,16,38,22,16,38,0.003951,0.035818,intraday,intraday,0,0
2021-03-30 13:07,34.5200,2021-03-30 15:15,35.5900,2021-03-30 15:32,35.7700,2021-03-30 15:50,35.1800,17,18,35,17,18,35,0.005058,0.036211,intraday,intraday,0,0
2021-03-30 15:55,34.9100,2021-03-31 09:30,36.4500,2021-03-31 10:03,38.0300,2021-03-31 10:13,37.5700,33,10,43,33,10,43,0.043347,0.089373,intraday,intraday,0,0
2021-03-31 11:43,37.2900,2021-03-31 13:15,38.4100,2021-03-31 13:34,38.7400,2021-03-31 14:06,38.3500,19,32,51,19,32,51,0.008592,0.038884,intraday,intraday,0,0
2021-03-31 15:55,38.1100,2021-04-01 09:30,40.3000,2021-04-01 09:48,41.3900,2021-04-01 10:05,40.9200,18,17,35,18,17,35,0.027047,0.086067,intraday,intraday,0,0
2021-04-01 11:43,40.7400,2021-04-01 14:36,41.9800,2021-04-05 09:30,44.1800,2021-04-05 09:32,43.4300,84,2,86,5454,2,5456,0.052406,0.084438,weekend,intraday,0,1
2021-04-05 09:43,43.0300,2021-04-05 10:20,44.3800,2021-04-05 10:28,44.6900,2021-04-05 10:37,44.2200,8,9,17,8,9,17,0.006985,0.038578,intraday,intraday,0,0
2021-04-05 11:00,43.4800,2021-04-05 13:11,44.8100,2021-04-05 14:58,45.2900,2021-04-05 15:31,44.7300,107,33,140,107,33,140,0.010712,0.041628,intraday,intraday,0,0
2021-04-06 13:31,42.1600,2021-04-06 14:12,43.4400,2021-04-06 15:33,43.6900,2021-04-06 15:47,43.2400,81,14,95,81,14,95,0.005755,0.036290,intraday,intraday,0,0
2021-04-07 12:18,42.3700,2021-04-07 14:09,43.7100,2021-04-07 14:52,43.9800,2021-04-07 15:15,43.5300,43,23,66,43,23,66,0.006177,0.037999,intraday,intraday,0,0
2021-04-07 15:35,43.0600,2021-04-08 09:30,44.8600,2021-04-08 09:31,44.8800,2021-04-08 09:46,44.3300,1,15,16,1,15,16,0.000446,0.042267,intraday,intraday,0,0
2021-04-09 09:40,43.1600,2021-04-09 15:55,44.4700,2021-04-09 15:59,44.5000,2021-04-12 09:30,43.5000,4,1,5,4,3931,3935,0.000675,0.031047,weekend,weekend,1,1
2021-04-12 10:43,41.8900,2021-04-13 09:30,43.8400,2021-04-13 09:30,43.8400,2021-04-13 09:33,43.2700,0,3,3,0,3,3,0.000000,0.046550,intraday,intraday,0,0
2021-04-13 12:27,41.5900,2021-04-14 09:46,42.8700,2021-04-14 09:59,43.4100,2021-04-14 10:23,42.9400,13,24,37,13,24,37,0.012596,0.043761,intraday,intraday,0,0
2021-04-14 14:10,40.6500,2021-04-15 09:30,42.6700,2021-04-15 09:35,42.8400,2021-04-15 09:42,42.1400,5,7,12,5,7,12,0.003984,0.053875,intraday,intraday,0,0
2021-04-15 10:06,41.6800,2021-04-15 11:06,42.9500,2021-04-15 11:08,43.0100,2021-04-15 11:15,42.5500,2,7,9,2,7,9,0.001397,0.031910,intraday,intraday,0,0
2021-04-19 12:45,38.2600,2021-04-19 15:56,39.4400,2021-04-19 15:58,39.5000,2021-04-20 09:30,38.9300,2,2,4,2,1052,1054,0.001521,0.032410,overnight,overnight,1,1
2021-04-20 14:35,37.0400,2021-04-21 09:42,38.2700,2021-04-21 09:49,39.0200,2021-04-21 09:55,38.5300,7,6,13,7,6,13,0.019598,0.053456,intraday,intraday,0,0
2021-04-21 09:55,38.5300,2021-04-21 13:20,39.7000,2021-04-21 15:59,40.7400,2021-04-22 09:31,40.1500,159,2,161,159,1052,1211,0.026196,0.057358,overnight,overnight,0,1
2021-04-22 10:20,38.9200,2021-04-22 12:50,40.0900,2021-04-22 12:58,40.2200,2021-04-22 13:07,39.4600,8,9,17,8,9,17,0.003243,0.033402,intraday,intraday,0,0
2021-04-22 14:02,37.3000,2021-04-23 09:30,38.5200,2021-04-23 09:38,39.3100,2021-04-23 09:46,38.9000,8,8,16,8,8,16,0.020509,0.053887,intraday,intraday,0,0
2021-04-23 09:46,38.9000,2021-04-23 12:51,40.1000,2021-04-23 15:39,40.5300,2021-04-23 15:50,40.1000,168,11,179,168,11,179,0.010723,0.041902,intraday,intraday,0,0
2021-04-26 09:31,40.0500,2021-04-26 09:57,41.2900,2021-04-26 13:13,42.4300,2021-04-26 13:37,41.9800,196,24,220,196,24,220,0.027610,0.059426,intraday,intraday,0,0
2021-04-28 12:58,39.3300,2021-04-29 09:30,41.0900,2021-04-29 09:30,41.0900,2021-04-29 09:31,40.5900,0,1,1,0,1,1,0.000000,0.044750,intraday,intraday,0,0
2021-04-29 12:07,38.5400,2021-04-29 13:50,39.7100,2021-04-29 15:00,40.2600,2021-04-29 15:23,39.8400,70,23,93,70,23,93,0.013850,0.044629,intraday,intraday,0,0
2021-04-30 09:45,37.9800,2021-04-30 10:31,39.1300,2021-04-30 10:31,39.1300,2021-04-30 10:38,38.7000,0,7,7,0,7,7,0.000000,0.030279,intraday,intraday,0,0
2021-04-30 15:47,36.5900,2021-05-03 09:30,37.7300,2021-05-03 09:30,37.7300,2021-05-03 09:38,37.2700,0,8,8,0,8,8,0.000000,0.031156,intraday,intraday,0,0
2021-05-04 11:18,32.0000,2021-05-04 13:06,32.9900,2021-05-04 13:39,33.3400,2021-05-04 13:46,32.9700,33,7,40,33,7,40,0.010609,0.041875,intraday,intraday,0,0
2021-05-04 13:46,32.9700,2021-05-05 09:30,35.2900,2021-05-05 09:32,35.3200,2021-05-05 09:34,34.8800,2,2,4,2,2,4,0.000850,0.071277,intraday,intraday,0,0
2021-05-05 10:04,33.8300,2021-05-05 10:38,34.8600,2021-05-05 11:03,35.5200,2021-05-05 11:25,35.1600,25,22,47,25,22,47,0.018933,0.049956,intraday,intraday,0,0
2021-05-06 10:09,33.2000,2021-05-06 10:41,34.2600,2021-05-06 10:41,34.2600,2021-05-06 10:49,33.8500,0,8,8,0,8,8,0.000000,0.031928,intraday,intraday,0,0
2021-05-06 11:13,33.6200,2021-05-06 11:34,34.7500,2021-05-06 12:26,35.3400,2021-05-06 13:07,34.9800,52,41,93,52,41,93,0.016978,0.051160,intraday,intraday,0,0
2021-05-06 14:33,33.7700,2021-05-06 15:49,34.8500,2021-05-07 09:49,37.0400,2021-05-07 09:55,36.5000,30,6,36,1080,6,1086,0.062841,0.096832,overnight,intraday,0,1
2021-05-07 10:01,36.4100,2021-05-07 10:36,37.5100,2021-05-07 10:42,37.5500,2021-05-07 10:48,37.1300,6,6,12,6,6,12,0.001066,0.031310,intraday,intraday,0,0
2021-05-11 09:30,28.9800,2021-05-11 09:38,30.0700,2021-05-11 09:43,30.5700,2021-05-11 09:47,30.1200,5,4,9,5,4,9,0.016628,0.054865,intraday,intraday,0,0
2021-05-11 09:47,30.1200,2021-05-11 09:54,31.0700,2021-05-11 09:59,31.2700,2021-05-11 10:02,30.8600,5,3,8,5,3,8,0.006437,0.038181,intraday,intraday,0,0
2021-05-11 10:38,29.3000,2021-05-11 10:56,30.2200,2021-05-11 10:57,30.3000,2021-05-11 11:01,29.8500,1,4,5,1,4,5,0.002647,0.034130,intraday,intraday,0,0
2021-05-11 11:03,29.7700,2021-05-11 11:17,30.7500,2021-05-11 11:36,31.2000,2021-05-11 11:44,30.8200,19,8,27,19,8,27,0.014634,0.048035,intraday,intraday,0,0
2021-05-11 11:44,30.8200,2021-05-11 13:23,31.7700,2021-05-11 13:45,32.2200,2021-05-11 13:53,31.8600,22,8,30,22,8,30,0.014164,0.045425,intraday,intraday,0,0
2021-05-12 12:17,28.2600,2021-05-12 13:04,29.1400,2021-05-12 13:04,29.1400,2021-05-12 13:18,28.7700,0,14,14,0,14,14,0.000000,0.031139,intraday,intraday,0,0
2021-05-12 15:54,27.8500,2021-05-13 09:30,29.8900,2021-05-13 09:31,29.9400,2021-05-13 09:39,29.4500,1,8,9,1,8,9,0.001673,0.075045,intraday,intraday,0,0
2021-05-13 09:39,29.4500,2021-05-13 10:01,30.4600,2021-05-13 10:01,30.4600,2021-05-13 10:08,30.0900,0,7,7,0,7,7,0.000000,0.034295,intraday,intraday,0,0
2021-05-13 13:38,28.3000,2021-05-13 14:06,29.2500,2021-05-13 14:44,29.7900,2021-05-13 14:58,29.4000,38,14,52,38,14,52,0.018462,0.052650,intraday,intraday,0,0
2021-05-13 15:58,29.1400,2021-05-14 09:30,30.4000,2021-05-14 09:30,30.4000,2021-05-14 09:37,29.9200,0,7,7,0,7,7,0.000000,0.043240,intraday,intraday,0,0
2021-05-14 09:41,29.6400,2021-05-14 10:10,30.5400,2021-05-14 10:49,31.3500,2021-05-14 11:01,31.0000,39,12,51,39,12,51,0.026523,0.057692,intraday,intraday,0,0
2021-05-14 11:04,30.9200,2021-05-14 12:19,31.8500,2021-05-14 14:55,32.6800,2021-05-14 15:13,32.3500,156,18,174,156,18,174,0.026060,0.056921,intraday,intraday,0,0
2021-05-17 10:01,29.4800,2021-05-17 10:18,30.3900,2021-05-17 10:21,30.5200,2021-05-17 10:29,30.1400,3,8,11,3,8,11,0.004278,0.035278,intraday,intraday,0,0
2021-05-17 10:34,29.9700,2021-05-17 10:41,30.8800,2021-05-17 10:41,30.8800,2021-05-17 10:57,30.5500,0,16,16,0,16,16,0.000000,0.030364,intraday,intraday,0,0
2021-05-17 13:41,29.7100,2021-05-17 15:01,30.6300,2021-05-17 15:11,30.8800,2021-05-17 15:26,30.5500,10,15,25,10,15,25,0.008162,0.039381,intraday,intraday,0,0
2021-05-17 15:27,30.4800,2021-05-18 09:30,31.7400,2021-05-18 09:30,31.7400,2021-05-18 09:33,31.4100,0,3,3,0,3,3,0.000000,0.041339,intraday,intraday,0,0
2021-05-19 09:30,28.3400,2021-05-19 09:50,29.2500,2021-05-19 09:50,29.2500,2021-05-19 09:55,28.9200,0,5,5,0,5,5,0.000000,0.032110,intraday,intraday,0,0
2021-05-19 10:03,28.7800,2021-05-19 10:25,29.6900,2021-05-19 10:29,29.8600,2021-05-19 10:34,29.5400,4,5,9,4,5,9,0.005726,0.037526,intraday,intraday,0,0
2021-05-19 10:39,29.4800,2021-05-19 10:57,30.3900,2021-05-19 11:22,31.0800,2021-05-19 11:30,30.7600,25,8,33,25,8,33,0.022705,0.054274,intraday,intraday,0,0
2021-05-19 11:53,30.4900,2021-05-19 12:24,31.5500,2021-05-19 13:16,31.8800,2021-05-19 13:24,31.5500,52,8,60,52,8,60,0.010460,0.045589,intraday,intraday,0,0
2021-05-19 14:05,31.0200,2021-05-19 14:23,32.1000,2021-05-19 14:31,32.1100,2021-05-19 14:37,31.6000,8,6,14,8,6,14,0.000312,0.035139,intraday,intraday,0,0
2021-05-19 15:02,31.1900,2021-05-20 09:30,33.0600,2021-05-20 09:48,33.9100,2021-05-20 09:52,33.5400,18,4,22,18,4,22,0.025711,0.087207,intraday,intraday,0,0
2021-05-20 09:58,33.3700,2021-05-20 11:40,34.3800,2021-05-20 11:51,34.4800,2021-05-20 12:09,34.0900,11,18,29,11,18,29,0.002909,0.033263,intraday,intraday,0,0
2021-05-20 12:36,33.9800,2021-05-21 09:30,35.1800,2021-05-21 09:30,35.1800,2021-05-21 09:32,34.6700,0,2,2,0,2,2,0.000000,0.035315,intraday,intraday,0,0
2021-05-21 11:57,33.8500,2021-05-24 09:30,35.2400,2021-05-24 10:39,36.4900,2021-05-24 10:49,36.1200,69,10,79,69,10,79,0.035471,0.077991,intraday,intraday,0,0
2021-05-24 11:00,35.9700,2021-05-24 14:38,37.0500,2021-05-24 14:46,37.1200,2021-05-24 15:34,36.7400,8,48,56,8,48,56,0.001889,0.031971,intraday,intraday,0,0
2021-05-24 15:59,36.4800,2021-05-25 09:41,37.6900,2021-05-25 09:41,37.6900,2021-05-25 09:51,37.0900,0,10,10,0,10,10,0.000000,0.033169,intraday,intraday,0,0
2021-05-25 11:33,36.2500,2021-05-26 09:33,37.4400,2021-05-26 09:34,37.6200,2021-05-26 09:49,37.0800,1,15,16,1,15,16,0.004808,0.037793,intraday,intraday,0,0
2021-05-26 11:32,36.2100,2021-05-27 09:38,37.3400,2021-05-27 09:39,37.4300,2021-05-27 09:46,37.0500,1,7,8,1,7,8,0.002410,0.033692,intraday,intraday,0,0
2021-05-27 09:47,36.8800,2021-05-27 10:34,38.0000,2021-05-27 10:39,38.1800,2021-05-27 10:50,37.7700,5,11,16,5,11,16,0.004737,0.035249,intraday,intraday,0,0
2021-05-27 15:49,37.4800,2021-05-28 09:56,38.7100,2021-05-28 09:58,38.8000,2021-05-28 10:28,38.4100,2,30,32,2,30,32,0.002325,0.035219,intraday,intraday,0,0
2021-05-28 10:29,38.3700,2021-06-01 09:30,39.7300,2021-06-01 09:42,40.3800,2021-06-01 09:50,39.9300,12,8,20,12,8,20,0.016360,0.052385,intraday,intraday,0,0
2021-06-01 11:05,37.8900,2021-06-02 09:47,39.0500,2021-06-02 09:52,39.3200,2021-06-02 09:57,38.8500,5,5,10,5,5,10,0.006914,0.037741,intraday,intraday,0,0
2021-06-03 09:53,36.6400,2021-06-03 10:56,37.7400,2021-06-03 11:06,38.2700,2021-06-03 11:22,37.8300,10,16,26,10,16,26,0.014043,0.044487,intraday,intraday,0,0
2021-06-03 15:59,37.0600,2021-06-04 09:30,38.3600,2021-06-04 10:02,39.7400,2021-06-04 10:20,39.3100,32,18,50,32,18,50,0.035975,0.072315,intraday,intraday,0,0
2021-06-07 11:42,38.1900,2021-06-08 09:30,39.9300,2021-06-08 09:30,39.9300,2021-06-08 09:47,39.4700,0,17,17,0,17,17,0.000000,0.045562,intraday,intraday,0,0
2021-06-08 11:21,37.3800,2021-06-09 09:30,38.7100,2021-06-09 09:31,38.8100,2021-06-09 09:38,38.3300,1,7,8,1,7,8,0.002583,0.038256,intraday,intraday,0,0
2021-06-09 15:42,37.6300,2021-06-10 09:40,38.7800,2021-06-10 10:01,39.2900,2021-06-10 10:12,38.8700,21,11,32,21,11,32,0.013151,0.044114,intraday,intraday,0,0
2021-06-10 10:54,37.5900,2021-06-10 13:16,38.7200,2021-06-11 09:37,39.3400,2021-06-11 09:41,38.8800,171,4,175,1221,4,1225,0.016012,0.046555,overnight,intraday,0,1
2021-06-11 09:46,38.6400,2021-06-14 09:47,39.8400,2021-06-14 09:48,39.9200,2021-06-14 09:53,39.3500,1,5,6,1,5,6,0.002008,0.033126,intraday,intraday,0,0
2021-06-14 10:36,39.1700,2021-06-14 12:03,40.4100,2021-06-14 12:14,41.1500,2021-06-14 12:31,40.7200,11,17,28,11,17,28,0.018312,0.050549,intraday,intraday,0,0
2021-06-14 15:11,40.3400,2021-06-15 09:54,41.5600,2021-06-15 09:54,41.5600,2021-06-15 10:05,41.0900,0,11,11,0,11,11,0.000000,0.030243,intraday,intraday,0,0
2021-06-16 14:44,38.0800,2021-06-16 15:17,39.2500,2021-06-16 15:41,39.7400,2021-06-16 15:50,39.3300,24,9,33,24,9,33,0.012484,0.043592,intraday,intraday,0,0
2021-06-17 09:31,39.0100,2021-06-17 10:18,40.2300,2021-06-17 10:38,41.0900,2021-06-17 10:47,40.4800,20,9,29,20,9,29,0.021377,0.053320,intraday,intraday,0,0
2021-06-17 12:32,39.0500,2021-06-17 13:28,40.2400,2021-06-17 15:14,40.6600,2021-06-17 15:59,40.2500,106,45,151,106,45,151,0.010437,0.041229,intraday,intraday,0,0
2021-06-18 15:06,36.7700,2021-06-18 15:43,37.9300,2021-06-18 15:44,37.9400,2021-06-18 15:59,37.3300,1,15,16,1,15,16,0.000264,0.031819,intraday,intraday,0,0
2021-06-21 09:38,36.7100,2021-06-21 09:55,37.9100,2021-06-21 09:58,38.0900,2021-06-21 10:11,37.6400,3,13,16,3,13,16,0.004748,0.037592,intraday,intraday,0,0
2021-06-21 10:24,37.0100,2021-06-22 10:07,38.1800,2021-06-22 11:26,38.8000,2021-06-22 12:54,38.3900,79,88,167,79,88,167,0.016239,0.048365,intraday,intraday,0,0
2021-06-22 14:36,37.8100,2021-06-23 09:31,39.0800,2021-06-23 10:21,39.6200,2021-06-23 10:50,39.1600,50,29,79,50,29,79,0.013818,0.047871,intraday,intraday,0,0
2021-06-23 15:53,38.9100,2021-06-24 09:30,40.0900,2021-06-24 12:16,41.1800,2021-06-24 12:52,40.7600,166,36,202,166,36,202,0.027189,0.058340,intraday,intraday,0,0
2021-06-24 13:50,40.4200,2021-06-25 09:48,41.6700,2021-06-25 09:48,41.6700,2021-06-25 09:56,41.1300,0,8,8,0,8,8,0.000000,0.030925,intraday,intraday,0,0
2021-06-25 15:53,40.4100,2021-06-28 09:30,42.0800,2021-06-28 12:26,44.0700,2021-06-28 12:54,43.6200,176,28,204,176,28,204,0.047291,0.090572,intraday,intraday,0,0
2021-06-29 10:16,42.9300,2021-06-29 11:05,44.2500,2021-06-29 12:32,44.6000,2021-06-29 14:33,44.1300,87,121,208,87,121,208,0.007910,0.038901,intraday,intraday,0,0
2021-07-01 11:24,42.2700,2021-07-02 09:30,43.5500,2021-07-02 09:31,43.6300,2021-07-02 09:34,43.1200,1,3,4,1,3,4,0.001837,0.032174,intraday,intraday,0,0
2021-07-02 12:11,42.3100,2021-07-06 09:30,43.7300,2021-07-06 09:38,44.0000,2021-07-06 09:43,43.4900,8,5,13,8,5,13,0.006174,0.039943,intraday,intraday,0,0
2021-07-06 12:20,41.3700,2021-07-06 13:53,42.6200,2021-07-07 09:32,43.6900,2021-07-07 09:40,43.1500,129,8,137,1179,8,1187,0.025106,0.056079,overnight,intraday,0,1
2021-07-08 09:49,37.8600,2021-07-08 09:59,39.0200,2021-07-08 09:59,39.0200,2021-07-08 10:02,38.5400,0,3,3,0,3,3,0.000000,0.030639,intraday,intraday,0,0
2021-07-08 10:02,38.5400,2021-07-08 11:07,39.7000,2021-07-08 12:32,40.3800,2021-07-08 13:04,39.9600,85,32,117,85,32,117,0.017128,0.047743,intraday,intraday,0,0
2021-07-08 15:19,39.1100,2021-07-09 09:56,40.3100,2021-07-12 09:36,42.6800,2021-07-12 09:40,42.1800,370,4,374,4300,4,4304,0.058794,0.091281,weekend,intraday,0,1
2021-07-12 10:21,41.9200,2021-07-12 15:52,43.2200,2021-07-12 15:59,43.3300,2021-07-13 09:30,42.8000,7,1,8,7,1051,1058,0.002545,0.033635,overnight,overnight,1,1
2021-07-13 14:03,42.1600,2021-07-14 09:30,43.9400,2021-07-14 09:35,44.7300,2021-07-14 09:37,44.2300,5,2,7,5,2,7,0.017979,0.060958,intraday,intraday,0,0
2021-07-15 09:42,39.7200,2021-07-15 09:56,41.1700,2021-07-15 10:09,41.3300,2021-07-15 10:17,40.7500,13,8,21,13,8,21,0.003886,0.040534,intraday,intraday,0,0
2021-07-15 13:59,38.6000,2021-07-16 09:30,40.0500,2021-07-16 09:31,40.4400,2021-07-16 09:36,39.9800,1,5,6,1,5,6,0.009738,0.047668,intraday,intraday,0,0
2021-07-19 10:01,34.7300,2021-07-19 10:15,35.7800,2021-07-19 10:28,36.3000,2021-07-19 10:35,35.8400,13,7,20,13,7,20,0.014533,0.045206,intraday,intraday,0,0
2021-07-19 10:36,35.8300,2021-07-19 11:12,36.9100,2021-07-19 11:12,36.9100,2021-07-19 11:22,36.5400,0,10,10,0,10,10,0.000000,0.030142,intraday,intraday,0,0
2021-07-19 12:42,35.8100,2021-07-20 09:30,36.9000,2021-07-20 09:30,36.9000,2021-07-20 09:31,36.4700,0,1,1,0,1,1,0.000000,0.030438,intraday,intraday,0,0
2021-07-20 09:37,36.0700,2021-07-20 10:18,37.1600,2021-07-20 12:51,38.6300,2021-07-20 13:09,38.2400,153,18,171,153,18,171,0.039559,0.070973,intraday,intraday,0,0
2021-07-20 13:47,38.0100,2021-07-21 09:33,39.1800,2021-07-21 10:03,40.9300,2021-07-21 10:11,40.5000,30,8,38,30,8,38,0.044666,0.076822,intraday,intraday,0,0
2021-07-21 10:53,39.8500,2021-07-21 12:25,41.0700,2021-07-21 12:30,41.0900,2021-07-21 12:57,40.6600,5,27,32,5,27,32,0.000487,0.031117,intraday,intraday,0,0
2021-07-21 13:03,40.5900,2021-07-21 15:59,41.8300,2021-07-21 15:59,41.8300,2021-07-22 09:30,41.1300,0,1,1,0,1051,1051,0.000000,0.030549,overnight,overnight,1,1
2021-07-22 11:15,39.9600,2021-07-23 11:25,41.1700,2021-07-23 11:32,41.5900,2021-07-23 12:02,41.1700,7,30,37,7,30,37,0.010202,0.040791,intraday,intraday,0,0
2021-07-27 13:20,36.7300,2021-07-27 14:15,37.8800,2021-07-27 15:09,38.9300,2021-07-27 15:40,38.3900,54,31,85,54,31,85,0.027719,0.059897,intraday,intraday,0,0
2021-07-27 15:40,38.3900,2021-07-28 09:30,39.8600,2021-07-28 09:35,40.0300,2021-07-28 09:40,39.5500,5,5,10,5,5,10,0.004265,0.042719,intraday,intraday,0,0
2021-07-28 09:42,39.1200,2021-07-28 11:03,40.3500,2021-07-28 12:33,41.2700,2021-07-28 13:03,40.8400,90,30,120,90,30,120,0.022800,0.054959,intraday,intraday,0,0
2021-07-28 14:00,40.4800,2021-07-29 09:31,41.8000,2021-07-29 09:42,42.8900,2021-07-29 09:56,42.2300,11,14,25,11,14,25,0.026077,0.059536,intraday,intraday,0,0
2021-07-29 10:09,42.1900,2021-07-29 12:21,43.4800,2021-07-29 14:12,43.6700,2021-07-29 14:47,43.2300,111,35,146,111,35,146,0.004370,0.035079,intraday,intraday,0,0
2021-07-30 09:30,42.4500,2021-07-30 09:43,43.7900,2021-07-30 10:04,44.4900,2021-07-30 10:18,43.8900,21,14,35,21,14,35,0.015985,0.048057,intraday,intraday,0,0
2021-07-30 11:40,42.7500,2021-07-30 14:10,44.0400,2021-08-02 09:32,46.4500,2021-08-02 09:40,45.9600,112,8,120,4042,8,4050,0.054723,0.086550,weekend,intraday,0,1
2021-08-02 09:51,45.4800,2021-08-02 11:18,46.8700,2021-08-02 11:18,46.8700,2021-08-02 11:44,46.3600,0,26,26,0,26,26,0.000000,0.030563,intraday,intraday,0,0
2021-08-03 10:09,43.6800,2021-08-03 10:24,45.1300,2021-08-03 10:27,45.1500,2021-08-03 10:34,44.4600,3,7,10,3,7,10,0.000443,0.033654,intraday,intraday,0,0
2021-08-03 11:25,43.9400,2021-08-03 11:44,45.2900,2021-08-03 13:06,45.9000,2021-08-03 13:23,45.3300,82,17,99,82,17,99,0.013469,0.044606,intraday,intraday,0,0
2021-08-03 13:23,45.3300,2021-08-04 09:30,46.7900,2021-08-04 09:44,47.1100,2021-08-04 09:51,46.5700,14,7,21,14,7,21,0.006839,0.039268,intraday,intraday,0,0
2021-08-04 09:52,46.3000,2021-08-04 10:55,47.7000,2021-08-04 11:08,48.0500,2021-08-04 11:21,47.4600,13,13,26,13,13,26,0.007338,0.037797,intraday,intraday,0,0
2021-08-10 10:42,43.6100,2021-08-10 12:20,44.9700,2021-08-10 12:23,45.0100,2021-08-10 12:42,44.5500,3,19,22,3,19,22,0.000889,0.032103,intraday,intraday,0,0
2021-08-11 11:16,42.5000,2021-08-11 13:05,43.8100,2021-08-11 13:31,43.9700,2021-08-11 13:52,43.4700,26,21,47,26,21,47,0.003652,0.034588,intraday,intraday,0,0
2021-08-12 10:01,41.7000,2021-08-12 11:32,43.0800,2021-08-12 11:54,43.1000,2021-08-12 12:04,42.6300,22,10,32,22,10,32,0.000464,0.033573,intraday,intraday,0,0
2021-08-17 10:11,40.0500,2021-08-17 10:40,41.3900,2021-08-17 10:43,41.5900,2021-08-17 10:55,41.1600,3,12,15,3,12,15,0.004832,0.038452,intraday,intraday,0,0
2021-08-17 12:59,39.4000,2021-08-18 09:54,40.6200,2021-08-18 09:56,40.9300,2021-08-18 10:03,40.5000,2,7,9,2,7,9,0.007632,0.038832,intraday,intraday,0,0
2021-08-19 09:40,37.2100,2021-08-19 10:18,38.5400,2021-08-19 11:19,39.7100,2021-08-19 11:27,39.2200,61,8,69,61,8,69,0.030358,0.067186,intraday,intraday,0,0
2021-08-19 14:30,38.9100,2021-08-20 09:30,40.2500,2021-08-20 09:30,40.2500,2021-08-20 09:36,39.7900,0,6,6,0,6,6,0.000000,0.034438,intraday,intraday,0,0
2021-08-20 12:13,39.0200,2021-08-20 15:39,40.2000,2021-08-23 09:36,42.8400,2021-08-23 09:56,42.2600,27,20,47,3957,20,3977,0.065672,0.097899,weekend,intraday,0,1
2021-08-23 10:29,41.8900,2021-08-23 11:52,43.1900,2021-08-24 09:45,44.3800,2021-08-24 09:49,43.8900,263,4,267,1313,4,1317,0.027553,0.059441,overnight,intraday,0,1
2021-08-24 10:07,43.4300,2021-08-25 09:31,44.9100,2021-08-25 09:55,45.3600,2021-08-25 10:04,44.9000,24,9,33,24,9,33,0.010020,0.044439,intraday,intraday,0,0
2021-08-26 09:38,43.9300,2021-08-26 10:05,45.3300,2021-08-26 10:05,45.3300,2021-08-26 10:15,44.8200,0,10,10,0,10,10,0.000000,0.031869,intraday,intraday,0,0
2021-08-26 11:05,43.7700,2021-08-27 09:30,45.2600,2021-08-27 10:57,47.0000,2021-08-27 11:29,46.5300,87,32,119,87,32,119,0.038445,0.073795,intraday,intraday,0,0
2021-08-27 11:29,46.5300,2021-08-30 09:30,48.5500,2021-08-30 09:34,48.9500,2021-08-30 09:42,48.4600,4,8,12,4,8,12,0.008239,0.052009,intraday,intraday,0,0
2021-08-31 10:15,45.4800,2021-08-31 11:59,46.8500,2021-08-31 14:42,47.2600,2021-08-31 15:27,46.7500,163,45,208,163,45,208,0.008751,0.039138,intraday,intraday,0,0
2021-09-02 09:52,45.7500,2021-09-03 09:39,47.1700,2021-09-03 10:03,47.7800,2021-09-03 10:36,47.2200,24,33,57,24,33,57,0.012932,0.044372,intraday,intraday,0,0
2021-09-08 12:00,43.8100,2021-09-09 09:30,45.1800,2021-09-09 09:40,45.8300,2021-09-09 09:56,45.3100,10,16,26,10,16,26,0.014387,0.046108,intraday,intraday,0,0
2021-09-09 09:57,45.1700,2021-09-10 09:30,47.3400,2021-09-10 09:48,48.5800,2021-09-10 10:04,48.0800,18,16,34,18,16,34,0.026193,0.075493,intraday,intraday,0,0
2021-09-10 11:08,46.8000,2021-09-10 13:07,48.2100,2021-09-10 13:15,48.5300,2021-09-10 14:29,47.9800,8,74,82,8,74,82,0.006638,0.036966,intraday,intraday,0,0
2021-09-10 15:56,46.5500,2021-09-13 09:35,47.9700,2021-09-13 09:36,48.0900,2021-09-13 09:40,47.5800,1,4,5,1,4,5,0.002502,0.033083,intraday,intraday,0,0
2021-09-13 11:16,45.9900,2021-09-13 12:23,47.4200,2021-09-13 13:13,47.7400,2021-09-13 13:28,47.1500,50,15,65,50,15,65,0.006748,0.038052,intraday,intraday,0,0
2021-09-13 15:03,46.4300,2021-09-13 15:59,47.8700,2021-09-14 09:31,48.6400,2021-09-14 09:32,48.1200,2,1,3,1052,1,1053,0.016085,0.047599,overnight,intraday,0,1
2021-09-14 10:01,47.1800,2021-09-14 11:37,48.6500,2021-09-14 12:01,48.9500,2021-09-14 12:39,48.4500,24,38,62,24,38,62,0.006166,0.037516,intraday,intraday,0,0
2021-09-15 10:54,46.8000,2021-09-15 13:54,48.2500,2021-09-15 15:59,48.6500,2021-09-16 09:30,47.4100,125,1,126,125,1051,1176,0.008290,0.039530,overnight,overnight,1,1
2021-09-16 09:32,47.0900,2021-09-16 13:53,48.5800,2021-09-16 15:13,49.4300,2021-09-17 09:30,48.0100,80,47,127,80,1097,1177,0.017497,0.049692,overnight,overnight,1,1
2021-09-20 09:30,42.8200,2021-09-20 09:45,44.1800,2021-09-20 09:45,44.1800,2021-09-20 09:56,43.7100,0,11,11,0,11,11,0.000000,0.031761,intraday,intraday,0,0
2021-09-20 14:38,41.1600,2021-09-20 15:42,42.4800,2021-09-21 09:38,43.9800,2021-09-21 09:41,43.3600,26,3,29,1076,3,1079,0.035311,0.068513,overnight,intraday,0,1
2021-09-21 10:49,42.4300,2021-09-21 11:32,43.9300,2021-09-21 12:09,44.3000,2021-09-21 12:52,43.6900,37,43,80,37,43,80,0.008422,0.044073,intraday,intraday,0,0
2021-09-21 15:59,43.5900,2021-09-22 09:54,44.9000,2021-09-22 12:36,46.1100,2021-09-22 13:06,45.6200,162,30,192,162,30,192,0.026949,0.057811,intraday,intraday,0,0
2021-09-22 14:50,45.3000,2021-09-23 09:30,46.9300,2021-09-23 10:55,48.4400,2021-09-23 11:08,47.9000,85,13,98,85,13,98,0.032176,0.069316,intraday,intraday,0,0
2021-09-24 09:48,46.8000,2021-09-24 13:13,48.2100,2021-09-24 13:13,48.2100,2021-09-24 14:12,47.7100,0,59,59,0,59,59,0.000000,0.030128,intraday,intraday,0,0
2021-09-27 09:41,45.7800,2021-09-27 10:13,47.2200,2021-09-27 11:04,48.1800,2021-09-27 11:10,47.6500,51,6,57,51,6,57,0.020330,0.052425,intraday,intraday,0,0
2021-09-28 13:05,42.2100,2021-09-28 15:08,43.5300,2021-09-28 15:08,43.5300,2021-09-28 15:22,43.0900,0,14,14,0,14,14,0.000000,0.031272,intraday,intraday,0,0
2021-09-29 09:44,41.0400,2021-09-29 09:52,42.3700,2021-09-29 09:55,42.6300,2021-09-29 10:01,42.1300,3,6,9,3,6,9,0.006136,0.038743,intraday,intraday,0,0
2021-09-29 12:25,39.8200,2021-09-29 14:14,41.0300,2021-09-29 14:45,41.1400,2021-09-29 15:24,40.7200,31,39,70,31,39,70,0.002681,0.033149,intraday,intraday,0,0
2021-09-29 15:58,39.9800,2021-09-30 09:30,41.3800,2021-09-30 09:49,41.8400,2021-09-30 09:59,41.3700,19,10,29,19,10,29,0.011116,0.046523,intraday,intraday,0,0
2021-10-01 10:30,38.1200,2021-10-01 11:19,39.3100,2021-10-01 11:47,39.5100,2021-10-01 12:14,39.0400,28,27,55,28,27,55,0.005088,0.036464,intraday,intraday,0,0
2021-10-01 12:18,38.9400,2021-10-01 14:52,40.1100,2021-10-01 15:15,40.4100,2021-10-01 15:30,39.9900,23,15,38,23,15,38,0.007479,0.037750,intraday,intraday,0,0
2021-10-04 15:39,36.6000,2021-10-05 09:31,37.7600,2021-10-05 09:35,37.9500,2021-10-05 09:37,37.5200,4,2,6,4,2,6,0.005032,0.036885,intraday,intraday,0,0
2021-10-05 09:57,37.3800,2021-10-05 10:42,38.5600,2021-10-05 11:13,39.1800,2021-10-05 11:40,38.6900,31,27,58,31,27,58,0.016079,0.048154,intraday,intraday,0,0
2021-10-06 09:30,37.1100,2021-10-06 09:36,38.3000,2021-10-06 09:44,38.4000,2021-10-06 09:49,37.8900,8,5,13,8,5,13,0.002611,0.034762,intraday,intraday,0,0
2021-10-06 10:03,36.9400,2021-10-06 10:22,38.1300,2021-10-06 10:30,38.4800,2021-10-06 10:45,38.0700,8,15,23,8,15,23,0.009179,0.041689,intraday,intraday,0,0
2021-10-06 11:28,37.2700,2021-10-06 13:33,38.3900,2021-10-06 14:45,39.0500,2021-10-06 14:59,38.6100,72,14,86,72,14,86,0.017192,0.047760,intraday,intraday,0,0
2021-10-06 15:38,38.3000,2021-10-07 09:30,40.5100,2021-10-07 09:35,41.3700,2021-10-07 09:50,40.8700,5,15,20,5,15,20,0.021229,0.080157,intraday,intraday,0,0
2021-10-11 09:31,38.7700,2021-10-11 09:46,39.9700,2021-10-11 10:22,40.3400,2021-10-11 10:42,39.8900,36,20,56,36,20,56,0.009257,0.040495,intraday,intraday,0,0
2021-10-12 13:24,36.5500,2021-10-13 09:30,37.7800,2021-10-13 09:31,38.1300,2021-10-13 09:32,37.5500,1,1,2,1,1,2,0.009264,0.043228,intraday,intraday,0,0
2021-10-13 10:15,37.3000,2021-10-14 09:30,39.6100,2021-10-14 09:32,39.8700,2021-10-14 09:34,39.3900,2,2,4,2,2,4,0.006564,0.068901,intraday,intraday,0,0
2021-10-14 09:34,39.3900,2021-10-14 11:45,40.6500,2021-10-15 09:37,41.9300,2021-10-15 09:43,41.5000,262,6,268,1312,6,1318,0.031488,0.064483,overnight,intraday,0,1
2021-10-18 09:34,40.4600,2021-10-18 09:48,41.8000,2021-10-19 13:00,44.4700,2021-10-19 14:33,43.9500,582,93,675,1632,93,1725,0.063876,0.099110,overnight,intraday,0,1
2021-10-20 13:20,43.6900,2021-10-21 15:10,45.0100,2021-10-21 15:58,45.6400,2021-10-22 09:30,44.7700,48,2,50,48,1052,1100,0.013997,0.044633,overnight,overnight,1,1
2021-10-22 09:30,44.7700,2021-10-22 10:08,46.1400,2021-10-22 10:09,46.2100,2021-10-22 10:39,45.7200,1,30,31,1,30,31,0.001517,0.032164,intraday,intraday,0,0
2021-10-22 11:49,43.8100,2021-10-25 09:33,45.1500,2021-10-25 09:34,45.3000,2021-10-25 09:38,44.8000,1,4,5,1,4,5,0.003322,0.034010,intraday,intraday,0,0
2021-10-25 09:43,44.3600,2021-10-26 09:30,45.9900,2021-10-26 09:38,46.3100,2021-10-26 09:46,45.8100,8,8,16,8,8,16,0.006958,0.043959,intraday,intraday,0,0
2021-10-27 09:30,43.6100,2021-10-27 09:42,45.1100,2021-10-27 09:48,45.3700,2021-10-27 09:58,44.9100,6,10,16,6,10,16,0.005764,0.040358,intraday,intraday,0,0
2021-10-27 10:46,44.0500,2021-10-27 12:01,45.4300,2021-10-27 12:01,45.4300,2021-10-27 12:17,44.9200,0,16,16,0,16,16,0.000000,0.031328,intraday,intraday,0,0
2021-10-27 15:57,44.0100,2021-10-28 09:30,46.4800,2021-10-28 09:32,46.6700,2021-10-28 09:35,46.0200,2,3,5,2,3,5,0.004088,0.060441,intraday,intraday,0,0
2021-10-28 09:38,45.5700,2021-10-28 09:45,46.9500,2021-10-28 09:46,46.9800,2021-10-28 09:52,46.5000,1,6,7,1,6,7,0.000639,0.030941,intraday,intraday,0,0
2021-10-29 09:30,45.8900,2021-10-29 10:51,47.3100,2021-10-29 10:51,47.3100,2021-10-29 11:42,46.8300,0,51,51,0,51,51,0.000000,0.030944,intraday,intraday,0,0
2021-10-29 11:45,46.6800,2021-11-01 09:41,48.1800,2021-11-01 09:45,48.6600,2021-11-01 09:54,48.1700,4,9,13,4,9,13,0.009963,0.042416,intraday,intraday,0,0
2021-11-01 10:01,47.8000,2021-11-01 12:11,49.2400,2021-11-01 13:15,49.4700,2021-11-01 14:15,48.9100,64,60,124,64,60,124,0.004671,0.034937,intraday,intraday,0,0
2021-11-01 14:54,48.8400,2021-11-02 09:30,50.3300,2021-11-02 09:39,51.1200,2021-11-02 09:42,50.6000,9,3,12,9,3,12,0.015696,0.046683,intraday,intraday,0,0
2021-11-02 10:14,50.4700,2021-11-03 09:30,52.0000,2021-11-04 09:30,55.4100,2021-11-04 09:36,54.7500,390,6,396,1440,6,1446,0.065577,0.097880,overnight,intraday,0,1
2021-11-04 09:37,54.6800,2021-11-04 10:05,56.3300,2021-11-04 11:12,57.2500,2021-11-04 11:22,56.6600,67,10,77,67,10,77,0.016332,0.047001,intraday,intraday,0,0
2021-11-04 11:27,56.0600,2021-11-04 12:11,57.8200,2021-11-04 12:12,57.9400,2021-11-04 12:30,57.2800,1,18,19,1,18,19,0.002075,0.033535,intraday,intraday,0,0
2021-11-04 12:32,57.2000,2021-11-04 14:23,58.9800,2021-11-04 14:51,59.8000,2021-11-04 14:58,58.9800,28,7,35,28,7,35,0.013903,0.045455,intraday,intraday,0,0
2021-11-04 15:42,58.1000,2021-11-05 09:30,60.6500,2021-11-05 09:38,62.2200,2021-11-05 09:40,61.3900,8,2,10,8,2,10,0.025886,0.070912,intraday,intraday,0,0
2021-11-05 09:56,59.9200,2021-11-05 10:56,61.7200,2021-11-05 11:48,62.3900,2021-11-05 12:16,61.7400,52,28,80,52,28,80,0.010855,0.041222,intraday,intraday,0,0
2021-11-05 13:29,59.2200,2021-11-05 14:45,61.0600,2021-11-05 14:47,61.1900,2021-11-05 15:02,60.5200,2,15,17,2,15,17,0.002129,0.033266,intraday,intraday,0,0
2021-11-05 15:54,60.4500,2021-11-08 09:30,62.5400,2021-11-08 09:37,63.2000,2021-11-08 09:44,62.5100,7,7,14,7,7,14,0.010553,0.045492,intraday,intraday,0,0
2021-11-08 09:55,61.5200,2021-11-08 11:28,63.4000,2021-11-08 11:37,64.3500,2021-11-08 11:49,63.7000,9,12,21,9,12,21,0.014984,0.046001,intraday,intraday,0,0
2021-11-08 15:49,63.0700,2021-11-09 09:30,65.0000,2021-11-09 09:32,65.5800,2021-11-09 09:35,64.5300,2,3,5,2,3,5,0.008923,0.039797,intraday,intraday,0,0
2021-11-09 10:07,61.9200,2021-11-09 11:30,63.8900,2021-11-09 11:44,64.1000,2021-11-09 12:00,63.2600,14,16,30,14,16,30,0.003287,0.035207,intraday,intraday,0,0
2021-11-09 13:48,61.4100,2021-11-09 15:40,63.3500,2021-11-09 15:56,63.4600,2021-11-10 09:30,59.8900,16,4,20,16,1054,1070,0.001736,0.033382,overnight,overnight,1,1
2021-11-10 09:32,59.7100,2021-11-10 09:47,61.5800,2021-11-10 10:17,62.4000,2021-11-10 10:22,61.7100,30,5,35,30,5,35,0.013316,0.045051,intraday,intraday,0,0
2021-11-10 14:43,57.1700,2021-11-11 09:30,60.5600,2021-11-11 09:31,60.6500,2021-11-11 09:34,60.0100,1,3,4,1,3,4,0.001486,0.060871,intraday,intraday,0,0
2021-11-11 09:38,59.5100,2021-11-11 11:35,61.3100,2021-11-11 11:36,61.3600,2021-11-11 11:48,60.6500,1,12,13,1,12,13,0.000816,0.031087,intraday,intraday,0,0
2021-11-11 12:08,60.5600,2021-11-12 10:46,62.4500,2021-11-12 11:54,64.2200,2021-11-12 12:16,63.5400,68,22,90,68,22,90,0.028343,0.060436,intraday,intraday,0,0
2021-11-15 12:23,61.4200,2021-11-16 09:36,63.4900,2021-11-16 09:40,63.7700,2021-11-16 09:48,63.0300,4,8,12,4,8,12,0.004410,0.038261,intraday,intraday,0,0
2021-11-16 09:51,62.8600,2021-11-16 11:50,64.8800,2021-11-16 11:57,65.1700,2021-11-16 12:30,64.4900,7,33,40,7,33,40,0.004470,0.036748,intraday,intraday,0,0
2021-11-17 12:57,63.7300,2021-11-18 09:30,68.3000,2021-11-18 09:30,68.3000,2021-11-18 09:32,67.5300,0,2,2,0,2,2,0.000000,0.071709,intraday,intraday,0,0
2021-11-18 11:04,66.0300,2021-11-19 09:47,68.1600,2021-11-19 09:57,69.2700,2021-11-19 10:04,68.5100,10,7,17,10,7,17,0.016285,0.049069,intraday,intraday,0,0
2021-11-19 10:29,67.9400,2021-11-22 09:31,70.0200,2021-11-22 10:39,72.4000,2021-11-22 11:02,71.6700,68,23,91,68,23,91,0.033990,0.065646,intraday,intraday,0,0
2021-11-22 12:21,66.5200,2021-11-22 15:03,68.5800,2021-11-22 15:03,68.5800,2021-11-22 15:28,67.7600,0,25,25,0,25,25,0.000000,0.030968,intraday,intraday,0,0
2021-11-23 09:31,64.2500,2021-11-23 09:47,66.2000,2021-11-23 09:53,66.4800,2021-11-23 10:00,65.5000,6,7,13,6,7,13,0.004230,0.034708,intraday,intraday,0,0
2021-11-23 11:02,61.3500,2021-11-23 11:16,63.2900,2021-11-23 11:27,63.6000,2021-11-23 11:35,62.7600,11,8,19,11,8,19,0.004898,0.036675,intraday,intraday,0,0
2021-11-23 13:34,61.8600,2021-11-23 15:05,63.7300,2021-11-23 15:59,64.6800,2021-11-24 09:30,62.5900,54,1,55,54,1051,1105,0.014907,0.045587,overnight,overnight,1,1
2021-11-24 09:43,61.4000,2021-11-24 10:02,63.5000,2021-11-24 10:39,64.7000,2021-11-24 10:44,63.8600,37,5,42,37,5,42,0.018898,0.053746,intraday,intraday,0,0
2021-11-24 11:02,63.6700,2021-11-24 11:52,65.7800,2021-11-24 11:52,65.7800,2021-11-24 12:06,65.0500,0,14,14,0,14,14,0.000000,0.033140,intraday,intraday,0,0
2021-11-24 14:11,64.5500,2021-11-24 15:51,66.4900,2021-11-24 15:59,66.9000,2021-11-26 09:30,63.5400,8,1,9,8,2491,2499,0.006166,0.036406,holiday,holiday,1,1
2021-11-26 11:23,59.8900,2021-11-26 12:30,61.7100,2021-11-26 12:38,62.2300,2021-11-26 12:50,61.2900,8,12,20,8,12,20,0.008427,0.039072,intraday,intraday,0,0
2021-11-26 12:54,60.5800,2021-11-29 09:30,64.4800,2021-11-29 09:33,64.7800,2021-11-29 09:35,64.1200,3,2,5,3,2,5,0.004653,0.069330,intraday,intraday,0,0
2021-11-29 10:38,63.3400,2021-11-29 11:08,65.2700,2021-11-29 15:54,68.6600,2021-11-30 09:30,67.2400,286,6,292,286,1056,1342,0.051938,0.083991,overnight,overnight,1,1
2021-11-30 12:11,62.9200,2021-11-30 13:36,64.8500,2021-11-30 14:25,65.8300,2021-11-30 14:42,65.1500,49,17,66,49,17,66,0.015112,0.046249,intraday,intraday,0,0
2021-11-30 15:54,64.1800,2021-12-01 09:30,67.3000,2021-12-01 09:30,67.3000,2021-12-01 09:31,66.5200,0,1,1,0,1,1,0.000000,0.048613,intraday,intraday,0,0
2021-12-01 09:32,66.4000,2021-12-01 09:55,68.6000,2021-12-01 10:11,70.4700,2021-12-01 10:20,69.7300,16,9,25,16,9,25,0.027259,0.061295,intraday,intraday,0,0
2021-12-01 10:40,68.5400,2021-12-01 11:14,70.6200,2021-12-01 11:19,70.8600,2021-12-01 11:31,69.9500,5,12,17,5,12,17,0.003398,0.033849,intraday,intraday,0,0
2021-12-02 09:30,61.0700,2021-12-02 09:43,62.9300,2021-12-02 09:48,63.5600,2021-12-02 09:50,62.8000,5,2,7,5,2,7,0.010011,0.040773,intraday,intraday,0,0
2021-12-02 09:50,62.8000,2021-12-02 10:03,64.7400,2021-12-02 10:03,64.7400,2021-12-02 10:05,64.0500,0,2,2,0,2,2,0.000000,0.030892,intraday,intraday,0,0
2021-12-02 10:45,59.7700,2021-12-02 11:06,61.6400,2021-12-02 11:16,62.7100,2021-12-02 11:24,62.0800,10,8,18,10,8,18,0.017359,0.049189,intraday,intraday,0,0
2021-12-02 11:47,61.3100,2021-12-02 12:09,63.1800,2021-12-02 12:27,64.1000,2021-12-02 12:35,63.3500,18,8,26,18,8,26,0.014562,0.045506,intraday,intraday,0,0
2021-12-02 13:30,61.9500,2021-12-02 14:35,63.8600,2021-12-02 14:35,63.8600,2021-12-02 14:49,63.1500,0,14,14,0,14,14,0.000000,0.030831,intraday,intraday,0,0
2021-12-02 15:55,62.6400,2021-12-03 09:30,66.3000,2021-12-03 09:32,67.7500,2021-12-03 09:35,66.5700,2,3,5,2,3,5,0.021870,0.081577,intraday,intraday,0,0
2021-12-03 14:20,60.7600,2021-12-03 15:57,62.6500,2021-12-03 15:59,63.0000,2021-12-06 09:30,62.1200,2,1,3,2,3931,3933,0.005587,0.036866,weekend,weekend,1,1
2021-12-06 10:06,56.8000,2021-12-06 10:12,58.7800,2021-12-06 10:18,60.3700,2021-12-06 10:25,59.7000,6,7,13,6,7,13,0.027050,0.062852,intraday,intraday,0,0
2021-12-06 10:52,58.5800,2021-12-06 11:41,60.3400,2021-12-06 11:44,60.6900,2021-12-06 11:57,59.9800,3,13,16,3,13,16,0.005800,0.036019,intraday,intraday,0,0
2021-12-06 12:07,59.6100,2021-12-06 13:10,61.5000,2021-12-06 14:23,63.1700,2021-12-06 14:42,62.4000,73,19,92,73,19,92,0.027154,0.059722,intraday,intraday,0,0
2021-12-06 14:44,62.0500,2021-12-07 09:30,67.5700,2021-12-07 09:35,68.5300,2021-12-07 09:36,67.7700,5,1,6,5,1,6,0.014207,0.104432,intraday,intraday,0,0
2021-12-07 09:40,67.6900,2021-12-07 10:03,69.7500,2021-12-07 10:13,70.2200,2021-12-07 10:17,69.4900,10,4,14,10,4,14,0.006738,0.037376,intraday,intraday,0,0
2021-12-07 10:17,69.4900,2021-12-07 11:35,71.5800,2021-12-07 11:37,71.8300,2021-12-07 11:47,71.0200,2,10,12,2,10,12,0.003493,0.033674,intraday,intraday,0,0
2021-12-08 09:31,68.6900,2021-12-08 09:48,71.0700,2021-12-08 09:50,71.0800,2021-12-08 09:54,70.0000,2,4,6,2,4,6,0.000141,0.034794,intraday,intraday,0,0
2021-12-08 10:47,69.1600,2021-12-09 09:40,71.2900,2021-12-09 09:45,71.5600,2021-12-09 09:49,70.8200,5,4,9,5,4,9,0.003787,0.034702,intraday,intraday,0,0
2021-12-09 15:59,65.7500,2021-12-10 09:30,69.1200,2021-12-10 09:33,70.0900,2021-12-10 09:35,68.7500,3,2,5,3,2,5,0.014034,0.066008,intraday,intraday,0,0
2021-12-10 11:12,65.3900,2021-12-10 15:59,67.5700,2021-12-13 09:30,68.1600,2021-12-13 09:34,67.2000,1,4,5,3931,4,3935,0.008732,0.042361,weekend,intraday,0,1
2021-12-13 11:56,62.7700,2021-12-13 12:37,64.6600,2021-12-13 12:38,64.7100,2021-12-13 12:54,64.0200,1,16,17,1,16,17,0.000773,0.030906,intraday,intraday,0,0
2021-12-14 09:34,59.3400,2021-12-14 09:38,61.2100,2021-12-14 09:44,61.6800,2021-12-14 09:50,60.9300,6,6,12,6,6,12,0.007678,0.039434,intraday,intraday,0,0
2021-12-14 12:48,59.0100,2021-12-14 14:44,60.8800,2021-12-14 14:45,61.0200,2021-12-14 14:58,60.3800,1,13,14,1,13,14,0.002300,0.034062,intraday,intraday,0,0
2021-12-15 09:48,59.7300,2021-12-15 10:36,61.5300,2021-12-15 10:42,62.0300,2021-12-15 10:49,61.2300,6,7,13,6,7,13,0.008126,0.038507,intraday,intraday,0,0
2021-12-15 12:22,59.3200,2021-12-15 14:03,61.4900,2021-12-15 14:19,63.0500,2021-12-15 14:23,62.4000,16,4,20,16,4,20,0.025370,0.062879,intraday,intraday,0,0
2021-12-15 14:27,61.3400,2021-12-15 15:05,63.5500,2021-12-15 15:22,66.4100,2021-12-15 15:26,65.7300,17,4,21,17,4,21,0.045004,0.082654,intraday,intraday,0,0
2021-12-15 15:26,65.7300,2021-12-15 15:56,67.7400,2021-12-16 09:32,68.7600,2021-12-16 09:33,67.5200,6,1,7,1056,1,1057,0.015058,0.046098,overnight,intraday,0,1
2021-12-16 14:49,58.1300,2021-12-16 15:34,60.0200,2021-12-16 15:40,60.3800,2021-12-16 15:43,59.7500,6,3,9,6,3,9,0.005998,0.038706,intraday,intraday,0,0
2021-12-17 09:38,56.8900,2021-12-17 09:47,58.7800,2021-12-17 09:50,59.7600,2021-12-17 09:54,58.8800,3,4,7,3,4,7,0.016672,0.050448,intraday,intraday,0,0
2021-12-17 10:23,57.9300,2021-12-17 10:33,59.8100,2021-12-17 10:57,61.1500,2021-12-17 11:04,60.2300,24,7,31,24,7,31,0.022404,0.055584,intraday,intraday,0,0
2021-12-20 09:41,56.5800,2021-12-20 10:16,58.3700,2021-12-20 10:18,58.6600,2021-12-20 10:28,58.0300,2,10,12,2,10,12,0.004968,0.036762,intraday,intraday,0,0
2021-12-20 13:01,55.5200,2021-12-20 15:11,57.2300,2021-12-20 15:21,57.7700,2021-12-20 15:32,57.1900,10,11,21,10,11,21,0.009436,0.040526,intraday,intraday,0,0
2021-12-20 15:34,57.1200,2021-12-21 09:30,61.4100,2021-12-21 09:33,61.5100,2021-12-21 09:34,60.8800,3,1,4,3,1,4,0.001628,0.076856,intraday,intraday,0,0
2021-12-21 10:34,58.7800,2021-12-21 11:14,60.6600,2021-12-21 15:59,63.5000,2021-12-22 09:30,62.3100,285,1,286,285,1051,1336,0.046818,0.080299,overnight,overnight,1,1
2021-12-22 10:06,61.7000,2021-12-22 10:52,63.5900,2021-12-22 12:04,65.0600,2021-12-22 12:16,64.3000,72,12,84,72,12,84,0.023117,0.054457,intraday,intraday,0,0
2021-12-22 14:28,63.4600,2021-12-22 15:59,65.5300,2021-12-23 09:38,67.1700,2021-12-23 09:41,66.3800,9,3,12,1059,3,1062,0.025027,0.058462,overnight,intraday,0,1
2021-12-23 09:41,66.3800,2021-12-23 11:30,68.3900,2021-12-23 11:38,68.7300,2021-12-23 12:13,68.0100,8,35,43,8,35,43,0.004971,0.035402,intraday,intraday,0,0
2021-12-23 15:59,67.4100,2021-12-27 09:37,69.6300,2021-12-27 09:43,70.2600,2021-12-27 09:47,69.4900,6,4,10,6,4,10,0.009048,0.042279,intraday,intraday,0,0
2021-12-27 09:54,69.3600,2021-12-27 10:33,71.4700,2021-12-27 14:36,72.9900,2021-12-27 15:03,72.1700,243,27,270,243,27,270,0.021268,0.052336,intraday,intraday,0,0
2021-12-28 12:34,69.5800,2021-12-28 15:46,71.6800,2021-12-28 15:46,71.6800,2021-12-28 15:50,70.8400,0,4,4,0,4,4,0.000000,0.030181,intraday,intraday,0,0
2021-12-31 15:55,67.9000,2022-01-03 09:31,70.5300,2022-01-03 09:38,71.8100,2022-01-03 09:40,71.0000,7,2,9,7,2,9,0.018148,0.057585,intraday,intraday,0,0
2022-01-03 09:52,68.5100,2022-01-03 10:04,70.6800,2022-01-03 10:18,71.5200,2022-01-03 10:20,70.7900,14,2,16,14,2,16,0.011885,0.043935,intraday,intraday,0,0
2022-01-03 11:39,70.5600,2022-01-04 09:30,72.9400,2022-01-04 09:49,73.9000,2022-01-04 10:00,72.8900,19,11,30,19,11,30,0.013162,0.047336,intraday,intraday,0,0
2022-01-04 11:28,66.1200,2022-01-04 11:44,68.1700,2022-01-04 11:46,68.2400,2022-01-04 12:03,67.5300,2,17,19,2,17,19,0.001027,0.032063,intraday,intraday,0,0
2022-01-04 12:06,67.1000,2022-01-04 13:26,69.2700,2022-01-04 13:26,69.2700,2022-01-04 13:30,68.4400,0,4,4,0,4,4,0.000000,0.032340,intraday,intraday,0,0
2022-01-04 13:56,68.4200,2022-01-04 15:15,70.5100,2022-01-04 15:53,71.4100,2022-01-05 09:30,70.0800,38,7,45,38,1057,1095,0.012764,0.043701,overnight,overnight,1,1
2022-01-05 09:32,68.6900,2022-01-05 10:00,70.8300,2022-01-05 10:26,71.3600,2022-01-05 10:31,70.3700,26,5,31,26,5,31,0.007483,0.038870,intraday,intraday,0,0
2022-01-06 09:30,63.9100,2022-01-06 09:36,65.9900,2022-01-06 09:37,66.1900,2022-01-06 09:39,65.5200,1,2,3,1,2,3,0.003031,0.035675,intraday,intraday,0,0
2022-01-06 10:12,61.9700,2022-01-06 10:30,64.1700,2022-01-06 10:33,64.7500,2022-01-06 10:35,64.0200,3,2,5,3,2,5,0.009038,0.044860,intraday,intraday,0,0
2022-01-06 10:45,63.7000,2022-01-06 11:13,65.6800,2022-01-06 11:15,65.8800,2022-01-06 11:25,64.7000,2,10,12,2,10,12,0.003045,0.034223,intraday,intraday,0,0
2022-01-06 11:32,64.2000,2022-01-06 15:03,66.2000,2022-01-06 15:05,66.3300,2022-01-06 15:17,65.6500,2,12,14,2,12,14,0.001964,0.033178,intraday,intraday,0,0
2022-01-07 10:52,59.1700,2022-01-07 11:26,61.0000,2022-01-07 11:54,61.7200,2022-01-07 11:59,61.1000,28,5,33,28,5,33,0.011803,0.043096,intraday,intraday,0,0
2022-01-10 11:03,54.3700,2022-01-10 11:26,56.1200,2022-01-10 11:26,56.1200,2022-01-10 11:33,55.5500,0,7,7,0,7,7,0.000000,0.032187,intraday,intraday,0,0
2022-01-10 12:39,53.9000,2022-01-10 13:23,55.5200,2022-01-10 14:36,58.2800,2022-01-10 14:50,57.5500,73,14,87,73,14,87,0.049712,0.081262,intraday,intraday,0,0
2022-01-10 15:08,56.8300,2022-01-10 15:45,58.7200,2022-01-10 15:59,59.9300,2022-01-11 09:30,58.7800,14,1,15,14,1051,1065,0.020606,0.054549,overnight,overnight,1,1
2022-01-11 09:31,58.1900,2022-01-11 10:04,60.3700,2022-01-11 10:06,60.5600,2022-01-11 10:09,59.9300,2,3,5,2,3,5,0.003147,0.040729,intraday,intraday,0,0
2022-01-11 10:43,58.8300,2022-01-11 11:12,60.8800,2022-01-11 12:01,63.0800,2022-01-11 12:23,62.4100,49,22,71,49,22,71,0.036137,0.072242,intraday,intraday,0,0
2022-01-11 13:05,61.6000,2022-01-12 09:30,65.1700,2022-01-12 09:33,66.0000,2022-01-12 09:35,65.3200,3,2,5,3,2,5,0.012736,0.071429,intraday,intraday,0,0
2022-01-12 11:17,62.8000,2022-01-12 12:38,64.7000,2022-01-12 12:55,65.0200,2022-01-12 13:13,64.3000,17,18,35,17,18,35,0.004946,0.035350,intraday,intraday,0,0
2022-01-12 15:05,63.8700,2022-01-13 09:30,68.0300,2022-01-13 09:32,68.6200,2022-01-13 09:35,67.7300,2,3,5,2,3,5,0.008673,0.074370,intraday,intraday,0,0
2022-01-13 10:54,64.3200,2022-01-13 11:39,66.3100,2022-01-13 11:39,66.3100,2022-01-13 11:50,65.5300,0,11,11,0,11,11,0.000000,0.030939,intraday,intraday,0,0
2022-01-14 09:30,59.3400,2022-01-14 09:38,61.4600,2022-01-14 09:40,61.9000,2022-01-14 09:42,61.2600,2,2,4,2,2,4,0.007159,0.043141,intraday,intraday,0,0
2022-01-14 09:43,61.1600,2022-01-14 10:19,63.1800,2022-01-14 10:19,63.1800,2022-01-14 10:23,62.4800,0,4,4,0,4,4,0.000000,0.033028,intraday,intraday,0,0
2022-01-14 10:46,60.9700,2022-01-14 11:35,62.8000,2022-01-14 11:53,63.5000,2022-01-14 12:04,62.7200,18,11,29,18,11,29,0.011146,0.041496,intraday,intraday,0,0
2022-01-14 13:35,61.1600,2022-01-14 14:35,63.0900,2022-01-14 15:59,64.4600,2022-01-18 09:30,60.5900,84,1,85,84,5371,5455,0.021715,0.053957,weekend,weekend,1,1
2022-01-18 09:57,58.7100,2022-01-18 10:10,60.6700,2022-01-18 10:17,60.8900,2022-01-18 10:20,60.2700,7,3,10,7,3,10,0.003626,0.037132,intraday,intraday,0,0
2022-01-18 11:32,58.0100,2022-01-18 11:50,59.9200,2022-01-18 11:50,59.9200,2022-01-18 12:00,59.1300,0,10,10,0,10,10,0.000000,0.032925,intraday,intraday,0,0
2022-01-18 15:54,55.6400,2022-01-19 09:30,57.3200,2022-01-19 09:38,57.9300,2022-01-19 09:41,57.3100,8,3,11,8,3,11,0.010642,0.041157,intraday,intraday,0,0
2022-01-19 11:44,51.5100,2022-01-19 12:07,53.1100,2022-01-19 12:33,54.3600,2022-01-19 12:41,53.7500,26,8,34,26,8,34,0.023536,0.055329,intraday,intraday,0,0
2022-01-20 09:40,50.2500,2022-01-20 10:03,51.7900,2022-01-20 10:03,51.7900,2022-01-20 10:12,51.1700,0,9,9,0,9,9,0.000000,0.030647,intraday,intraday,0,0
2022-01-20 10:18,50.6000,2022-01-20 10:32,52.2900,2022-01-20 11:02,53.1600,2022-01-20 11:10,52.6000,30,8,38,30,8,38,0.016638,0.050593,intraday,intraday,0,0
2022-01-21 10:22,43.8100,2022-01-21 10:27,45.2600,2022-01-21 10:36,47.1400,2022-01-21 10:39,46.4100,9,3,12,9,3,12,0.041538,0.076010,intraday,intraday,0,0
2022-01-21 10:41,46.3300,2022-01-21 10:50,48.0200,2022-01-21 10:55,48.2300,2022-01-21 10:58,47.4100,5,3,8,5,3,8,0.004373,0.041010,intraday,intraday,0,0
2022-01-21 11:00,47.3500,2022-01-21 11:22,48.7800,2022-01-21 11:23,48.8700,2022-01-21 11:30,48.3000,1,7,8,1,7,8,0.001845,0.032101,intraday,intraday,0,0
2022-01-21 15:28,43.8100,2022-01-21 15:40,45.2100,2022-01-21 15:40,45.2100,2022-01-21 15:44,44.6500,0,4,4,0,4,4,0.000000,0.031956,intraday,intraday,0,0
2022-01-24 09:51,39.8200,2022-01-24 09:55,41.0200,2022-01-24 09:55,41.0200,2022-01-24 09:58,40.2300,0,3,3,0,3,3,0.000000,0.030136,intraday,intraday,0,0
2022-01-24 10:19,38.8900,2022-01-24 10:23,40.1100,2022-01-24 10:27,41.0900,2022-01-24 10:29,40.4200,4,2,6,4,2,6,0.024433,0.056570,intraday,intraday,0,0
2022-01-24 10:48,39.7300,2022-01-24 10:54,41.2200,2022-01-24 10:54,41.2200,2022-01-24 10:59,40.7300,0,5,5,0,5,5,0.000000,0.037503,intraday,intraday,0,0
2022-01-24 12:17,36.6300,2022-01-24 12:33,37.7300,2022-01-24 12:34,37.7400,2022-01-24 12:35,37.3000,1,1,2,1,1,2,0.000265,0.030303,intraday,intraday,0,0
2022-01-24 12:37,37.0900,2022-01-24 12:47,38.2900,2022-01-24 12:56,39.4100,2022-01-24 12:59,38.9800,9,3,12,9,3,12,0.029250,0.062551,intraday,intraday,0,0
2022-01-24 13:01,38.8300,2022-01-24 13:07,40.2100,2022-01-24 13:16,40.7300,2022-01-24 13:21,40.2900,9,5,14,9,5,14,0.012932,0.048931,intraday,intraday,0,0
2022-01-24 13:29,39.5600,2022-01-24 13:49,41.1200,2022-01-24 14:11,42.6300,2022-01-24 14:12,41.9000,22,1,23,22,1,23,0.036722,0.077604,intraday,intraday,0,0
2022-01-24 14:38,40.3600,2022-01-24 14:52,41.6300,2022-01-24 15:02,42.7500,2022-01-24 15:04,42.2600,10,2,12,10,2,12,0.026904,0.059217,intraday,intraday,0,0
2022-01-24 15:07,41.9200,2022-01-24 15:12,43.1800,2022-01-24 15:16,43.8400,2022-01-24 15:17,43.3300,4,1,5,4,1,5,0.015285,0.045802,intraday,intraday,0,0
2022-01-24 15:19,42.8200,2022-01-24 15:32,44.2900,2022-01-24 15:34,44.5100,2022-01-24 15:36,44.0400,2,2,4,2,2,4,0.004967,0.039468,intraday,intraday,0,0
2022-01-24 15:43,43.3700,2022-01-24 15:51,44.8100,2022-01-24 15:59,45.4400,2022-01-25 09:30,41.3200,8,1,9,8,1051,1059,0.014059,0.047729,overnight,overnight,1,1
2022-01-25 09:32,40.7900,2022-01-25 09:36,42.0600,2022-01-25 09:36,42.0600,2022-01-25 09:41,41.5600,0,5,5,0,5,5,0.000000,0.031135,intraday,intraday,0,0
2022-01-25 09:53,39.5700,2022-01-25 10:26,40.9100,2022-01-25 10:29,41.9300,2022-01-25 10:31,41.4400,3,2,5,3,2,5,0.024933,0.059641,intraday,intraday,0,0
2022-01-25 12:55,39.5000,2022-01-25 13:16,40.7000,2022-01-25 13:59,42.2600,2022-01-25 14:03,41.7500,43,4,47,43,4,47,0.038329,0.069873,intraday,intraday,0,0
2022-01-25 14:06,41.5300,2022-01-25 14:42,42.7800,2022-01-25 14:57,43.3000,2022-01-25 15:01,42.8100,15,4,19,15,4,19,0.012155,0.042620,intraday,intraday,0,0
2022-01-25 15:59,40.1200,2022-01-26 09:30,44.2200,2022-01-26 09:30,44.2200,2022-01-26 09:32,43.4600,0,2,2,0,2,2,0.000000,0.102193,intraday,intraday,0,0
2022-01-26 09:43,42.9700,2022-01-26 09:54,44.3400,2022-01-26 10:03,45.1100,2022-01-26 10:15,44.4300,9,12,21,9,12,21,0.017366,0.049802,intraday,intraday,0,0
2022-01-26 10:47,43.4400,2022-01-26 11:41,44.8300,2022-01-26 12:44,45.8800,2022-01-26 13:01,45.2500,63,17,80,63,17,80,0.023422,0.056169,intraday,intraday,0,0
2022-01-26 13:03,44.9400,2022-01-26 14:02,46.7200,2022-01-26 14:02,46.7200,2022-01-26 14:03,46.1600,0,1,1,0,1,1,0.000000,0.039608,intraday,intraday,0,0
2022-01-26 14:36,44.3300,2022-01-26 14:39,45.6800,2022-01-26 14:39,45.6800,2022-01-26 14:41,44.9300,0,2,2,0,2,2,0.000000,0.030453,intraday,intraday,0,0
2022-01-26 15:09,40.3600,2022-01-26 15:27,41.7200,2022-01-26 15:30,42.3900,2022-01-26 15:33,41.8100,3,3,6,3,3,6,0.016059,0.050297,intraday,intraday,0,0
2022-01-26 15:35,41.0600,2022-01-26 15:46,42.3800,2022-01-26 15:46,42.3800,2022-01-26 15:47,41.9400,0,1,1,0,1,1,0.000000,0.032148,intraday,intraday,0,0
2022-01-26 15:52,40.8600,2022-01-27 09:30,42.7600,2022-01-27 09:32,43.0700,2022-01-27 09:33,42.6200,2,1,3,2,1,3,0.007250,0.054087,intraday,intraday,0,0
2022-01-27 10:39,38.6100,2022-01-27 11:00,39.8700,2022-01-27 11:02,40.0600,2022-01-27 11:07,39.4000,2,5,7,2,5,7,0.004765,0.037555,intraday,intraday,0,0
2022-01-27 13:24,36.0400,2022-01-27 13:58,37.1500,2022-01-27 14:03,37.7400,2022-01-27 14:10,37.2200,5,7,12,5,7,12,0.015882,0.047170,intraday,intraday,0,0
2022-01-27 14:33,36.0200,2022-01-27 14:43,37.1100,2022-01-27 14:46,37.4300,2022-01-27 14:48,36.9800,3,2,5,3,2,5,0.008623,0.039145,intraday,intraday,0,0
2022-01-27 15:21,36.1300,2022-01-27 15:45,37.2400,2022-01-27 15:46,37.4500,2022-01-27 15:48,36.9100,1,2,3,1,2,3,0.005639,0.036535,intraday,intraday,0,0
2022-01-28 10:01,33.1600,2022-01-28 10:16,34.3100,2022-01-28 10:21,35.0300,2022-01-28 10:23,34.5900,5,2,7,5,2,7,0.020985,0.056393,intraday,intraday,0,0
2022-01-28 10:35,33.8800,2022-01-28 10:47,35.1500,2022-01-28 10:59,36.0600,2022-01-28 11:01,35.6600,12,2,14,12,2,14,0.025889,0.064345,intraday,intraday,0,0
2022-01-28 11:04,35.3800,2022-01-28 11:14,36.4800,2022-01-28 11:17,37.0500,2022-01-28 11:22,36.6400,3,5,8,3,5,8,0.015625,0.047202,intraday,intraday,0,0
2022-01-28 11:30,35.9500,2022-01-28 11:58,37.1300,2022-01-28 11:58,37.1300,2022-01-28 12:12,36.5500,0,14,14,0,14,14,0.000000,0.032823,intraday,intraday,0,0
2022-01-28 14:30,34.4600,2022-01-28 14:55,35.7800,2022-01-28 15:25,36.5600,2022-01-28 15:31,36.0700,30,6,36,30,6,36,0.021800,0.060940,intraday,intraday,0,0
2022-01-28 15:31,36.0700,2022-01-28 15:44,37.1700,2022-01-31 09:30,39.4000,2022-01-31 09:31,38.5900,16,1,17,3946,1,3947,0.059995,0.092320,weekend,intraday,0,1
2022-01-31 09:31,38.5900,2022-01-31 09:35,39.9300,2022-01-31 09:43,40.4000,2022-01-31 09:48,39.9000,8,5,13,8,5,13,0.011771,0.046903,intraday,intraday,0,0
2022-01-31 09:50,39.7000,2022-01-31 09:59,40.9200,2022-01-31 10:09,42.0000,2022-01-31 10:10,41.5200,10,1,11,10,1,11,0.026393,0.057935,intraday,intraday,0,0
2022-01-31 10:29,41.3700,2022-01-31 11:52,42.6300,2022-01-31 12:05,42.8900,2022-01-31 12:24,42.4100,13,19,32,13,19,32,0.006099,0.036742,intraday,intraday,0,0
2022-01-31 13:35,42.2000,2022-01-31 14:44,43.5000,2022-01-31 15:04,43.6900,2022-01-31 15:09,43.1800,20,5,25,20,5,25,0.004368,0.035308,intraday,intraday,0,0
2022-01-31 15:19,42.4900,2022-01-31 15:47,43.9200,2022-02-01 09:30,45.2500,2022-02-01 09:32,44.7700,13,2,15,1063,2,1065,0.030282,0.064956,overnight,intraday,0,1
2022-02-01 10:05,42.4300,2022-02-01 10:21,43.7600,2022-02-01 10:31,44.1000,2022-02-01 10:35,43.6300,10,4,14,10,4,14,0.007770,0.039359,intraday,intraday,0,0
2022-02-01 10:46,43.0500,2022-02-01 11:06,44.3800,2022-02-01 11:14,45.1100,2022-02-01 11:21,44.4700,8,7,15,8,7,15,0.016449,0.047851,intraday,intraday,0,0
2022-02-01 14:21,43.7100,2022-02-01 15:30,45.1700,2022-02-01 15:36,45.3300,2022-02-01 15:39,44.8700,6,3,9,6,3,9,0.003542,0.037062,intraday,intraday,0,0
2022-02-01 15:39,44.8700,2022-02-02 09:30,48.4200,2022-02-02 09:38,49.3100,2022-02-02 09:40,48.7800,8,2,10,8,2,10,0.018381,0.098953,intraday,intraday,0,0
2022-02-02 09:49,47.1400,2022-02-02 10:00,48.6500,2022-02-02 10:09,49.2600,2022-02-02 10:12,48.7300,9,3,12,9,3,12,0.012539,0.044972,intraday,intraday,0,0
2022-02-02 11:38,46.4900,2022-02-02 12:08,47.9000,2022-02-02 12:16,48.2700,2022-02-02 12:18,47.7800,8,2,10,8,2,10,0.007724,0.038288,intraday,intraday,0,0
2022-02-02 12:30,47.3700,2022-02-02 14:40,48.8500,2022-02-02 14:48,49.1700,2022-02-02 15:01,48.6000,8,13,21,8,13,21,0.006551,0.037999,intraday,intraday,0,0
2022-02-03 09:30,45.6200,2022-02-03 09:38,47.4600,2022-02-03 09:40,47.6300,2022-02-03 09:45,46.6700,2,5,7,2,5,7,0.003582,0.044060,intraday,intraday,0,0
2022-02-03 10:01,46.0200,2022-02-03 10:20,47.4400,2022-02-03 10:20,47.4400,2022-02-03 10:24,46.8300,0,4,4,0,4,4,0.000000,0.030856,intraday,intraday,0,0
2022-02-03 12:19,43.5000,2022-02-03 13:20,44.8800,2022-02-03 13:33,45.3500,2022-02-03 13:37,44.7300,13,4,17,13,4,17,0.010472,0.042529,intraday,intraday,0,0
2022-02-04 09:37,41.0600,2022-02-04 09:41,42.3400,2022-02-04 09:45,42.4800,2022-02-04 09:47,42.0000,4,2,6,4,2,6,0.003307,0.034584,intraday,intraday,0,0
2022-02-04 09:54,41.6200,2022-02-04 10:15,42.9300,2022-02-04 10:22,43.3000,2022-02-04 10:24,42.8300,7,2,9,7,2,9,0.008619,0.040365,intraday,intraday,0,0
2022-02-04 11:15,40.4800,2022-02-04 11:34,41.7500,2022-02-04 11:56,42.2900,2022-02-04 12:00,41.8100,22,4,26,22,4,26,0.012934,0.044713,intraday,intraday,0,0
2022-02-04 12:07,41.6000,2022-02-04 13:09,42.9100,2022-02-04 14:09,43.4300,2022-02-04 14:17,42.9600,60,8,68,60,8,68,0.012118,0.043990,intraday,intraday,0,0
2022-02-04 14:19,42.7500,2022-02-04 15:07,44.0800,2022-02-04 15:13,44.4800,2022-02-04 15:21,43.9900,6,8,14,6,8,14,0.009074,0.040468,intraday,intraday,0,0
2022-02-04 15:53,43.2700,2022-02-07 09:41,44.8300,2022-02-07 09:54,45.5000,2022-02-07 09:57,44.9200,13,3,16,13,3,16,0.014945,0.051537,intraday,intraday,0,0
2022-02-07 11:44,43.0600,2022-02-07 13:11,44.4500,2022-02-07 13:12,44.5600,2022-02-07 14:14,44.0800,1,62,63,1,62,63,0.002475,0.034835,intraday,intraday,0,0
2022-02-08 10:35,42.6900,2022-02-08 10:46,43.9900,2022-02-08 12:01,45.8100,2022-02-08 12:08,45.3300,75,7,82,75,7,82,0.041373,0.073085,intraday,intraday,0,0
2022-02-08 14:39,44.9200,2022-02-08 15:41,46.2700,2022-02-09 09:30,48.2000,2022-02-09 09:36,47.6900,19,6,25,1069,6,1075,0.041712,0.073019,overnight,intraday,0,1
2022-02-09 09:58,46.7200,2022-02-09 10:32,48.1400,2022-02-09 14:46,50.8300,2022-02-09 15:02,50.2500,254,16,270,254,16,270,0.055879,0.087971,intraday,intraday,0,0
2022-02-10 09:30,47.6100,2022-02-10 09:36,49.0900,2022-02-10 09:45,49.4300,2022-02-10 09:48,48.8600,9,3,12,9,3,12,0.006926,0.038227,intraday,intraday,0,0
2022-02-10 09:48,48.8600,2022-02-10 10:02,50.6500,2022-02-10 10:09,51.3800,2022-02-10 10:14,50.8600,7,5,12,7,5,12,0.014413,0.051576,intraday,intraday,0,0
2022-02-10 10:17,50.4300,2022-02-10 10:39,51.9500,2022-02-10 10:41,52.1000,2022-02-10 10:45,51.5400,2,4,6,2,4,6,0.002887,0.033115,intraday,intraday,0,0
2022-02-10 15:50,45.6600,2022-02-11 09:30,47.1500,2022-02-11 09:31,47.4900,2022-02-11 09:34,46.8000,1,3,4,1,3,4,0.007211,0.040079,intraday,intraday,0,0
2022-02-11 09:43,45.7000,2022-02-11 09:46,47.1600,2022-02-11 09:46,47.1600,2022-02-11 09:55,46.5200,0,9,9,0,9,9,0.000000,0.031947,intraday,intraday,0,0
2022-02-11 10:18,45.2200,2022-02-11 10:38,46.6100,2022-02-11 10:39,46.8100,2022-02-11 10:45,46.1500,1,6,7,1,6,7,0.004291,0.035161,intraday,intraday,0,0
2022-02-11 14:52,38.8800,2022-02-11 15:03,40.3600,2022-02-11 15:03,40.3600,2022-02-11 15:06,39.9100,0,3,3,0,3,3,0.000000,0.038066,intraday,intraday,0,0
2022-02-11 15:41,38.5100,2022-02-11 15:55,40.1100,2022-02-11 15:55,40.1100,2022-02-11 15:57,39.6800,0,2,2,0,2,2,0.000000,0.041548,intraday,intraday,0,0
2022-02-14 09:32,39.1900,2022-02-14 09:40,40.6900,2022-02-14 09:41,40.8800,2022-02-14 09:45,40.4200,1,4,5,1,4,5,0.004669,0.043123,intraday,intraday,0,0
2022-02-14 09:45,40.4200,2022-02-14 09:52,41.7900,2022-02-14 09:52,41.7900,2022-02-14 09:55,41.2700,0,3,3,0,3,3,0.000000,0.033894,intraday,intraday,0,0
2022-02-14 10:37,39.7700,2022-02-14 11:23,40.9800,2022-02-14 11:30,41.2200,2022-02-14 11:38,40.7800,7,8,15,7,8,15,0.005857,0.036460,intraday,intraday,0,0
2022-02-14 14:07,38.0000,2022-02-14 14:34,39.1900,2022-02-14 14:40,39.2200,2022-02-14 14:48,38.7800,6,8,14,6,8,14,0.000766,0.032105,intraday,intraday,0,0
2022-02-14 15:06,38.7100,2022-02-15 09:30,42.2000,2022-02-15 09:37,42.5400,2022-02-15 09:43,42.0900,7,6,13,7,6,13,0.008057,0.098941,intraday,intraday,0,0
2022-02-15 09:51,42.0700,2022-02-15 10:30,43.4100,2022-02-15 12:01,44.9500,2022-02-15 12:15,44.4300,91,14,105,91,14,105,0.035476,0.068457,intraday,intraday,0,0
2022-02-15 12:49,43.6400,2022-02-15 13:25,44.9600,2022-02-15 14:00,45.2800,2022-02-15 14:06,44.8000,35,6,41,35,6,41,0.007117,0.037580,intraday,intraday,0,0
2022-02-15 14:06,44.8000,2022-02-15 15:17,46.1700,2022-02-15 15:20,46.2500,2022-02-15 15:32,45.6600,3,12,15,3,12,15,0.001733,0.032366,intraday,intraday,0,0
2022-02-16 09:53,43.1300,2022-02-16 10:34,44.6500,2022-02-16 10:44,44.9400,2022-02-16 11:00,44.4600,10,16,26,10,16,26,0.006495,0.041966,intraday,intraday,0,0
2022-02-16 13:04,43.1000,2022-02-16 14:08,44.4800,2022-02-16 14:08,44.4800,2022-02-16 14:12,44.0300,0,4,4,0,4,4,0.000000,0.032019,intraday,intraday,0,0
2022-02-16 14:12,44.0300,2022-02-16 14:24,45.3900,2022-02-16 14:32,46.1900,2022-02-16 14:36,45.6900,8,4,12,8,4,12,0.017625,0.049057,intraday,intraday,0,0
2022-02-17 10:51,41.6200,2022-02-17 11:17,42.9900,2022-02-17 11:49,43.5300,2022-02-17 11:57,43.0200,32,8,40,32,8,40,0.012561,0.045891,intraday,intraday,0,0
2022-02-18 09:44,39.5900,2022-02-18 09:53,40.9000,2022-02-18 09:53,40.9000,2022-02-18 10:00,40.3700,0,7,7,0,7,7,0.000000,0.033089,intraday,intraday,0,0
2022-02-18 11:04,38.0000,2022-02-18 11:41,39.2100,2022-02-18 11:41,39.2100,2022-02-18 11:49,38.7900,0,8,8,0,8,8,0.000000,0.031842,intraday,intraday,0,0
2022-02-18 13:18,37.8200,2022-02-18 13:47,39.0600,2022-02-18 14:31,40.7200,2022-02-18 14:40,40.2800,44,9,53,44,9,53,0.042499,0.076679,intraday,intraday,0,0
2022-02-22 09:32,38.3100,2022-02-22 09:40,39.5300,2022-02-22 09:53,41.2900,2022-02-22 09:58,40.8000,13,5,18,13,5,18,0.044523,0.077786,intraday,intraday,0,0
2022-02-22 10:06,40.1400,2022-02-22 10:29,41.5000,2022-02-22 10:29,41.5000,2022-02-22 10:32,40.8800,0,3,3,0,3,3,0.000000,0.033881,intraday,intraday,0,0
2022-02-22 14:10,36.9100,2022-02-22 14:31,38.2800,2022-02-22 14:37,38.5100,2022-02-22 14:42,37.9700,6,5,11,6,5,11,0.006008,0.043349,intraday,intraday,0,0
2022-02-22 14:46,37.6200,2022-02-22 14:50,38.7900,2022-02-22 15:04,40.5000,2022-02-22 15:18,40.0900,14,14,28,14,14,28,0.044084,0.076555,intraday,intraday,0,0
2022-02-22 15:53,38.2800,2022-02-23 09:30,40.4300,2022-02-23 09:40,41.1000,2022-02-23 09:41,40.4200,10,1,11,10,1,11,0.016572,0.073668,intraday,intraday,0,0
2022-02-23 11:17,37.9000,2022-02-23 11:54,39.0500,2022-02-23 12:29,39.9200,2022-02-23 12:34,39.4600,35,5,40,35,5,40,0.022279,0.053298,intraday,intraday,0,0
2022-02-24 09:30,31.9700,2022-02-24 09:36,33.1200,2022-02-24 09:39,34.0300,2022-02-24 09:40,33.5300,3,1,4,3,1,4,0.027476,0.064435,intraday,intraday,0,0
2022-02-24 09:43,32.4700,2022-02-24 09:49,33.7800,2022-02-24 09:50,33.9700,2022-02-24 09:51,33.5600,1,1,2,1,1,2,0.005625,0.046196,intraday,intraday,0,0
2022-02-24 10:05,32.5500,2022-02-24 10:11,33.6700,2022-02-24 10:21,35.1100,2022-02-24 10:22,34.6900,10,1,11,10,1,11,0.042768,0.078648,intraday,intraday,0,0
2022-02-24 10:40,33.2000,2022-02-24 10:46,34.3000,2022-02-24 10:49,34.5300,2022-02-24 10:52,34.0700,3,3,6,3,3,6,0.006706,0.040060,intraday,intraday,0,0
2022-02-24 10:52,34.0700,2022-02-24 11:12,35.2700,2022-02-24 11:19,35.7000,2022-02-24 11:24,35.2400,7,5,12,7,5,12,0.012192,0.047843,intraday,intraday,0,0
2022-02-24 11:46,34.3600,2022-02-24 11:57,35.4500,2022-02-24 12:02,35.6300,2022-02-24 12:08,35.2100,5,6,11,5,6,11,0.005078,0.036962,intraday,intraday,0,0
2022-02-24 12:23,34.2200,2022-02-24 12:37,35.2700,2022-02-24 12:40,35.5100,2022-02-24 12:46,35.1100,3,6,9,3,6,9,0.006805,0.037697,intraday,intraday,0,0
2022-02-24 13:00,34.5000,2022-02-24 13:36,35.6500,2022-02-24 13:39,35.9900,2022-02-24 13:45,35.5400,3,6,9,3,6,9,0.009537,0.043188,intraday,intraday,0,0
2022-02-24 13:45,35.5400,2022-02-24 13:49,36.6900,2022-02-24 13:51,36.7100,2022-02-24 13:56,36.2900,2,5,7,2,5,7,0.000545,0.032921,intraday,intraday,0,0
2022-02-24 14:01,35.5200,2022-02-24 14:18,36.6000,2022-02-24 14:39,38.2000,2022-02-24 14:44,37.7700,21,5,26,21,5,26,0.043716,0.075450,intraday,intraday,0,0
2022-02-24 14:44,37.7700,2022-02-24 15:26,39.0100,2022-02-24 15:26,39.0100,2022-02-24 15:29,38.6000,0,3,3,0,3,3,0.000000,0.032830,intraday,intraday,0,0
2022-02-24 15:29,38.6000,2022-02-24 15:35,39.7600,2022-02-24 15:35,39.7600,2022-02-24 15:44,39.3300,0,9,9,0,9,9,0.000000,0.030052,intraday,intraday,0,0
2022-02-25 10:04,38.2100,2022-02-25 10:21,39.4200,2022-02-25 10:30,39.9700,2022-02-25 10:36,39.5200,9,6,15,9,6,15,0.013952,0.046061,intraday,intraday,0,0
2022-02-25 10:38,39.3800,2022-02-25 10:46,40.6200,2022-02-25 10:57,41.1000,2022-02-25 11:00,40.5200,11,3,14,11,3,14,0.011817,0.043677,intraday,intraday,0,0
2022-02-25 14:10,40.1400,2022-02-25 15:43,41.3800,2022-02-25 15:59,41.7700,2022-02-28 09:30,40.6700,16,1,17,16,3931,3947,0.009425,0.040608,weekend,weekend,1,1
2022-02-28 09:43,39.6700,2022-02-28 09:57,40.8800,2022-02-28 09:59,41.2200,2022-02-28 10:03,40.5500,2,4,6,2,4,6,0.008317,0.039072,intraday,intraday,0,0
2022-02-28 10:18,40.0900,2022-02-28 10:39,41.3000,2022-02-28 10:42,41.7000,2022-02-28 10:49,41.2700,3,7,10,3,7,10,0.009685,0.040160,intraday,intraday,0,0
2022-02-28 12:46,39.3300,2022-02-28 13:12,40.5100,2022-02-28 13:12,40.5100,2022-02-28 13:16,39.9300,0,4,4,0,4,4,0.000000,0.030003,intraday,intraday,0,0
2022-02-28 14:39,38.6200,2022-02-28 15:21,39.7900,2022-02-28 15:28,39.9100,2022-02-28 15:33,39.4400,7,5,12,7,5,12,0.003016,0.033402,intraday,intraday,0,0
2022-02-28 15:38,39.0900,2022-02-28 15:50,40.3200,2022-02-28 15:59,41.0100,2022-03-01 09:30,40.5800,9,1,10,9,1051,1060,0.017113,0.049117,overnight,overnight,1,1
2022-03-01 15:50,35.4100,2022-03-01 15:59,36.5600,2022-03-02 09:32,37.9200,2022-03-02 09:34,37.4700,3,2,5,1053,2,1055,0.037199,0.070884,overnight,intraday,0,1
2022-03-02 09:35,37.4300,2022-03-02 09:44,38.6200,2022-03-02 09:48,38.8800,2022-03-02 09:53,38.4700,4,5,9,4,5,9,0.006732,0.038739,intraday,intraday,0,0
2022-03-02 10:27,37.3000,2022-03-02 10:29,38.6200,2022-03-02 10:29,38.6200,2022-03-02 10:32,38.1700,0,3,3,0,3,3,0.000000,0.035389,intraday,intraday,0,0
2022-03-02 10:54,37.7100,2022-03-02 11:04,38.8600,2022-03-02 11:32,39.9000,2022-03-02 11:43,39.4900,28,11,39,28,11,39,0.026763,0.058075,intraday,intraday,0,0
2022-03-02 11:44,39.3800,2022-03-02 13:21,40.5800,2022-03-02 13:39,40.6100,2022-03-02 13:49,40.1500,18,10,28,18,10,28,0.000739,0.031234,intraday,intraday,0,0
2022-03-03 10:59,37.0700,2022-03-03 11:42,38.4300,2022-03-03 11:43,38.5000,2022-03-03 11:49,37.9500,1,6,7,1,6,7,0.001821,0.038576,intraday,intraday,0,0
2022-03-03 12:30,37.5700,2022-03-03 12:33,38.7300,2022-03-03 12:36,39.3000,2022-03-03 12:39,38.7500,3,3,6,3,3,6,0.014717,0.046047,intraday,intraday,0,0
2022-03-04 11:13,34.3100,2022-03-04 11:48,35.3800,2022-03-04 11:49,35.5000,2022-03-04 11:53,35.1000,1,4,5,1,4,5,0.003392,0.034684,intraday,intraday,0,0
2022-03-04 12:07,34.5900,2022-03-04 12:17,35.6800,2022-03-04 12:17,35.6800,2022-03-04 12:21,35.2600,0,4,4,0,4,4,0.000000,0.031512,intraday,intraday,0,0
2022-03-04 15:00,33.4100,2022-03-04 15:54,34.4700,2022-03-07 09:31,35.5000,2022-03-07 09:33,35.0400,7,2,9,3937,2,3939,0.029881,0.062556,weekend,intraday,0,1
2022-03-08 09:33,28.8900,2022-03-08 09:35,30.0200,2022-03-08 09:35,30.0200,2022-03-08 09:36,29.0500,0,1,1,0,1,1,0.000000,0.039114,intraday,intraday,0,0
2022-03-08 09:40,28.7300,2022-03-08 09:43,29.9700,2022-03-08 09:48,30.0300,2022-03-08 09:49,29.4500,5,1,6,5,1,6,0.002002,0.045249,intraday,intraday,0,0
2022-03-08 10:07,28.6000,2022-03-08 10:19,29.5900,2022-03-08 10:20,29.6900,2022-03-08 10:24,29.2400,1,4,5,1,4,5,0.003380,0.038112,intraday,intraday,0,0
2022-03-08 10:34,28.5700,2022-03-08 10:48,29.4600,2022-03-08 11:04,30.5400,2022-03-08 11:05,30.2000,16,1,17,16,1,17,0.036660,0.068953,intraday,intraday,0,0
2022-03-08 11:32,29.0800,2022-03-08 11:49,30.0100,2022-03-08 11:55,30.2800,2022-03-08 11:58,29.9700,6,3,9,6,3,9,0.008997,0.041265,intraday,intraday,0,0
2022-03-08 12:00,29.8200,2022-03-08 12:06,30.8200,2022-03-08 12:21,32.7400,2022-03-08 12:23,32.2000,15,2,17,15,2,17,0.062297,0.097921,intraday,intraday,0,0
2022-03-08 12:26,31.6300,2022-03-08 12:34,32.8200,2022-03-08 12:46,33.3500,2022-03-08 12:50,32.8500,12,4,16,12,4,16,0.016149,0.054379,intraday,intraday,0,0
2022-03-08 12:51,32.7600,2022-03-08 13:03,33.7800,2022-03-08 13:17,34.3200,2022-03-08 13:21,33.8600,14,4,18,14,4,18,0.015986,0.047619,intraday,intraday,0,0
2022-03-08 14:02,31.3200,2022-03-08 14:27,32.4100,2022-03-08 14:30,32.5800,2022-03-08 14:32,32.2200,3,2,5,3,2,5,0.005245,0.040230,intraday,intraday,0,0
2022-03-08 14:33,31.8900,2022-03-08 14:48,32.8800,2022-03-08 14:48,32.8800,2022-03-08 14:53,32.5500,0,5,5,0,5,5,0.000000,0.031044,intraday,intraday,0,0
2022-03-08 14:58,32.2100,2022-03-08 15:04,33.1800,2022-03-08 15:06,33.2800,2022-03-08 15:11,32.7400,2,5,7,2,5,7,0.003014,0.033219,intraday,intraday,0,0
2022-03-08 15:59,31.1200,2022-03-09 09:30,34.0600,2022-03-09 09:32,34.1100,2022-03-09 09:33,33.6500,2,1,3,2,1,3,0.001468,0.096080,intraday,intraday,0,0
2022-03-09 09:53,33.1500,2022-03-09 10:02,34.2500,2022-03-09 10:02,34.2500,2022-03-09 10:15,33.8000,0,13,13,0,13,13,0.000000,0.033183,intraday,intraday,0,0
2022-03-09 10:16,33.6400,2022-03-09 12:30,34.7000,2022-03-09 12:39,35.2700,2022-03-09 13:01,34.9000,9,22,31,9,22,31,0.016427,0.048454,intraday,intraday,0,0
2022-03-10 09:49,31.8000,2022-03-10 10:16,32.7900,2022-03-10 10:19,33.0700,2022-03-10 10:21,32.6900,3,2,5,3,2,5,0.008539,0.039937,intraday,intraday,0,0
2022-03-10 11:07,30.8200,2022-03-10 12:21,31.9000,2022-03-10 12:23,32.0700,2022-03-10 12:31,31.7400,2,8,10,2,8,10,0.005329,0.040558,intraday,intraday,0,0
2022-03-10 13:04,31.0300,2022-03-10 14:03,32.2000,2022-03-10 14:04,32.4600,2022-03-10 14:13,32.1300,1,9,10,1,9,10,0.008075,0.046084,intraday,intraday,0,0
2022-03-10 14:22,32.0900,2022-03-11 09:30,34.2600,2022-03-11 09:30,34.2600,2022-03-11 09:32,33.7800,0,2,2,0,2,2,0.000000,0.067622,intraday,intraday,0,0
2022-03-14 09:38,29.2400,2022-03-14 10:08,30.1300,2022-03-14 10:24,30.7400,2022-03-14 10:27,30.3700,16,3,19,16,3,19,0.020246,0.051300,intraday,intraday,0,0
2022-03-14 14:25,27.3100,2022-03-14 15:01,28.1500,2022-03-14 15:02,28.3200,2022-03-14 15:07,28.0000,1,5,6,1,5,6,0.006039,0.036983,intraday,intraday,0,0
2022-03-14 15:33,27.6300,2022-03-15 09:30,28.5900,2022-03-15 09:33,28.7700,2022-03-15 09:37,28.3000,3,4,7,3,4,7,0.006296,0.041260,intraday,intraday,0,0
2022-03-15 09:42,28.0300,2022-03-15 09:55,28.9000,2022-03-15 10:04,29.6100,2022-03-15 10:08,29.3000,9,4,13,9,4,13,0.024567,0.056368,intraday,intraday,0,0
2022-03-15 10:15,29.0400,2022-03-15 10:27,29.9500,2022-03-15 10:49,30.6200,2022-03-15 10:57,30.2300,22,8,30,22,8,30,0.022371,0.054408,intraday,intraday,0,0
2022-03-15 10:58,30.0900,2022-03-15 11:35,31.0100,2022-03-15 11:36,31.0800,2022-03-15 11:45,30.7500,1,9,10,1,9,10,0.002257,0.032901,intraday,intraday,0,0
2022-03-15 14:19,30.0600,2022-03-15 15:10,31.0500,2022-03-16 09:47,34.6400,2022-03-16 09:50,34.2700,67,3,70,1117,3,1120,0.115620,0.152362,overnight,intraday,0,1
2022-03-16 09:50,34.2700,2022-03-16 10:16,35.3800,2022-03-16 10:33,36.1100,2022-03-16 10:37,35.7000,17,4,21,17,4,21,0.020633,0.053691,intraday,intraday,0,0
2022-03-16 14:35,32.2900,2022-03-16 14:40,33.3400,2022-03-16 14:46,34.4300,2022-03-16 14:50,33.9300,6,4,10,6,4,10,0.032693,0.066274,intraday,intraday,0,0
2022-03-16 14:50,33.9300,2022-03-16 14:55,35.1700,2022-03-16 14:55,35.1700,2022-03-16 14:59,34.7400,0,4,4,0,4,4,0.000000,0.036546,intraday,intraday,0,0
2022-03-16 15:01,34.4800,2022-03-16 15:21,35.6500,2022-03-16 15:21,35.6500,2022-03-16 15:32,35.2200,0,11,11,0,11,11,0.000000,0.033933,intraday,intraday,0,0
2022-03-16 15:35,35.2000,2022-03-16 15:59,36.3900,2022-03-16 15:59,36.3900,2022-03-17 09:30,34.9500,0,1,1,0,1051,1051,0.000000,0.033807,overnight,overnight,1,1
2022-03-17 09:32,34.4000,2022-03-17 09:40,35.5000,2022-03-17 09:48,35.9200,2022-03-17 09:49,35.5500,8,1,9,8,1,9,0.011831,0.044186,intraday,intraday,0,0
2022-03-17 09:50,35.3200,2022-03-17 09:59,36.4700,2022-03-17 09:59,36.4700,2022-03-17 10:02,36.0500,0,3,3,0,3,3,0.000000,0.032559,intraday,intraday,0,0
2022-03-17 10:54,34.8700,2022-03-17 11:40,36.0500,2022-03-17 11:40,36.0500,2022-03-17 11:46,35.6800,0,6,6,0,6,6,0.000000,0.033840,intraday,intraday,0,0
2022-03-17 11:49,35.3400,2022-03-17 13:27,36.4100,2022-03-17 13:51,36.8600,2022-03-17 14:11,36.4300,24,20,44,24,20,44,0.012359,0.043011,intraday,intraday,0,0
2022-03-18 09:34,35.7300,2022-03-18 09:56,36.9200,2022-03-18 10:11,38.3200,2022-03-18 10:20,37.8000,15,9,24,15,9,24,0.037920,0.072488,intraday,intraday,0,0
2022-03-18 10:40,37.1100,2022-03-18 11:00,38.3700,2022-03-18 11:13,38.5800,2022-03-18 11:16,38.1700,13,3,16,13,3,16,0.005473,0.039612,intraday,intraday,0,0
2022-03-18 12:06,37.9800,2022-03-18 15:09,39.2000,2022-03-18 15:34,39.6600,2022-03-18 15:37,39.1200,25,3,28,25,3,28,0.011735,0.044234,intraday,intraday,0,0
2022-03-21 10:29,36.9800,2022-03-21 10:56,38.1600,2022-03-21 11:02,38.5000,2022-03-21 11:06,38.0700,6,4,10,6,4,10,0.008910,0.041103,intraday,intraday,0,0
2022-03-21 11:07,38.0400,2022-03-21 11:23,39.2700,2022-03-21 11:57,39.7300,2022-03-21 12:04,39.2200,34,7,41,34,7,41,0.011714,0.044427,intraday,intraday,0,0
2022-03-21 13:22,37.0300,2022-03-21 14:28,38.1800,2022-03-21 14:46,38.3200,2022-03-21 14:55,37.7900,18,9,27,18,9,27,0.003667,0.034837,intraday,intraday,0,0
2022-03-21 15:03,37.3800,2022-03-21 15:55,38.5900,2022-03-22 09:43,39.4700,2022-03-22 09:45,38.9700,18,2,20,1068,2,1070,0.022804,0.055912,overnight,intraday,0,1
2022-03-22 09:46,38.8100,2022-03-22 10:04,40.0500,2022-03-22 10:48,40.8500,2022-03-22 11:01,40.4200,44,13,57,44,13,57,0.019975,0.052564,intraday,intraday,0,0
2022-03-23 10:02,37.0100,2022-03-23 10:15,38.1700,2022-03-23 10:18,38.3500,2022-03-23 10:22,37.9400,3,4,7,3,4,7,0.004716,0.036206,intraday,intraday,0,0
2022-03-23 10:22,37.9400,2022-03-23 11:02,39.0800,2022-03-23 12:02,39.9500,2022-03-23 12:06,39.4800,60,4,64,60,4,64,0.022262,0.052978,intraday,intraday,0,0
2022-03-23 15:59,36.6200,2022-03-24 09:30,37.9100,2022-03-24 09:30,37.9100,2022-03-24 09:35,37.3300,0,5,5,0,5,5,0.000000,0.035227,intraday,intraday,0,0
2022-03-24 09:35,37.3300,2022-03-24 09:44,38.4800,2022-03-24 09:44,38.4800,2022-03-24 09:48,38.0500,0,4,4,0,4,4,0.000000,0.030806,intraday,intraday,0,0
2022-03-24 10:18,37.8100,2022-03-24 10:47,38.9500,2022-03-24 11:42,41.0500,2022-03-24 11:52,40.5600,55,10,65,55,10,65,0.053915,0.085692,intraday,intraday,0,0
2022-03-24 12:03,40.3000,2022-03-24 14:03,41.5200,2022-03-24 14:04,41.5500,2022-03-24 14:24,41.1100,1,20,21,1,20,21,0.000723,0.031017,intraday,intraday,0,0
2022-03-25 11:27,39.8000,2022-03-25 12:19,41.0100,2022-03-25 12:19,41.0100,2022-03-25 12:38,40.5700,0,19,19,0,19,19,0.000000,0.030402,intraday,intraday,0,0
2022-03-25 12:55,40.5400,2022-03-25 14:05,41.7800,2022-03-25 14:46,41.9700,2022-03-25 15:01,41.4500,41,15,56,41,15,56,0.004548,0.035274,intraday,intraday,0,0
2022-03-25 15:32,40.6600,2022-03-25 15:59,41.9500,2022-03-25 15:59,41.9500,2022-03-28 09:30,41.2800,0,1,1,0,3931,3931,0.000000,0.031727,weekend,weekend,1,1
2022-03-28 12:29,39.3700,2022-03-28 13:24,40.5700,2022-03-29 09:36,45.8200,2022-03-29 09:39,45.2600,162,3,165,1212,3,1215,0.129406,0.163830,overnight,intraday,0,1
2022-03-29 10:15,43.2700,2022-03-29 13:52,44.5900,2022-03-29 15:29,45.9700,2022-03-29 15:51,45.3900,97,22,119,97,22,119,0.030949,0.062399,intraday,intraday,0,0
2022-03-31 10:03,39.8300,2022-03-31 10:34,41.1300,2022-03-31 10:35,41.2000,2022-03-31 10:41,40.7800,1,6,7,1,6,7,0.001702,0.034396,intraday,intraday,0,0
2022-04-01 13:15,34.6800,2022-04-01 14:30,35.7600,2022-04-01 14:32,35.9400,2022-04-01 14:50,35.4300,2,18,20,2,18,20,0.005034,0.036332,intraday,intraday,0,0
2022-04-01 15:32,35.0100,2022-04-01 15:56,36.1000,2022-04-04 09:30,36.6500,2022-04-04 09:33,36.2400,4,3,7,3934,3,3937,0.015235,0.046844,weekend,intraday,0,1
2022-04-04 09:33,36.2400,2022-04-04 09:50,37.3400,2022-04-04 10:11,38.0600,2022-04-04 10:16,37.6500,21,5,26,21,5,26,0.019282,0.050221,intraday,intraday,0,0
2022-04-04 10:47,36.9400,2022-04-04 11:46,38.0700,2022-04-04 11:56,38.1900,2022-04-04 12:07,37.8000,10,11,21,10,11,21,0.003152,0.033839,intraday,intraday,0,0
2022-04-04 14:09,36.7800,2022-04-04 15:21,37.9000,2022-04-04 15:40,38.0800,2022-04-04 15:49,37.6700,19,9,28,19,9,28,0.004749,0.035345,intraday,intraday,0,0
2022-04-06 10:12,29.6300,2022-04-06 10:47,30.5900,2022-04-06 10:47,30.5900,2022-04-06 10:51,30.2600,0,4,4,0,4,4,0.000000,0.032400,intraday,intraday,0,0
2022-04-06 12:46,29.6100,2022-04-06 13:37,30.5000,2022-04-06 13:49,31.2900,2022-04-06 13:55,30.9600,12,6,18,12,6,18,0.025902,0.056738,intraday,intraday,0,0
2022-04-06 14:15,29.7700,2022-04-06 14:32,30.9400,2022-04-06 14:34,31.1100,2022-04-06 14:36,30.7900,2,2,4,2,2,4,0.005495,0.045012,intraday,intraday,0,0
2022-04-06 14:42,30.4400,2022-04-06 14:58,31.4300,2022-04-06 15:04,32.0100,2022-04-06 15:06,31.4700,6,2,8,6,2,8,0.018454,0.051577,intraday,intraday,0,0
2022-04-07 09:31,30.3000,2022-04-07 09:37,31.2200,2022-04-07 09:38,31.3200,2022-04-07 09:41,30.9300,1,3,4,1,3,4,0.003203,0.033663,intraday,intraday,0,0
2022-04-07 09:49,30.1300,2022-04-07 09:58,31.1000,2022-04-07 10:01,31.1900,2022-04-07 10:03,30.8700,3,2,5,3,2,5,0.002894,0.035181,intraday,intraday,0,0
2022-04-07 12:49,28.6800,2022-04-07 13:12,29.5900,2022-04-07 13:36,30.0300,2022-04-07 13:47,29.6600,24,11,35,24,11,35,0.014870,0.047071,intraday,intraday,0,0
2022-04-07 13:51,29.5800,2022-04-07 14:26,30.4900,2022-04-07 14:26,30.4900,2022-04-07 14:29,30.1700,0,3,3,0,3,3,0.000000,0.030764,intraday,intraday,0,0
2022-04-07 14:37,30.0800,2022-04-07 15:10,30.9900,2022-04-07 15:40,31.3200,2022-04-07 15:48,30.9900,30,8,38,30,8,38,0.010649,0.041223,intraday,intraday,0,0
2022-04-08 10:16,28.3500,2022-04-08 10:40,29.2900,2022-04-08 10:40,29.2900,2022-04-08 10:44,28.9200,0,4,4,0,4,4,0.000000,0.033157,intraday,intraday,0,0
2022-04-08 10:49,28.7100,2022-04-08 10:59,29.6300,2022-04-08 11:02,29.7500,2022-04-08 11:06,29.3400,3,4,7,3,4,7,0.004050,0.036224,intraday,intraday,0,0
2022-04-11 09:33,26.4200,2022-04-11 09:46,27.2400,2022-04-11 09:48,27.5100,2022-04-11 09:51,27.1000,2,3,5,2,3,5,0.009912,0.041257,intraday,intraday,0,0
2022-04-11 15:54,26.3800,2022-04-12 09:30,28.0100,2022-04-12 09:30,28.0100,2022-04-12 09:33,27.6100,0,3,3,0,3,3,0.000000,0.061789,intraday,intraday,0,0
2022-04-12 09:37,27.5200,2022-04-12 09:47,28.4400,2022-04-12 09:53,28.8000,2022-04-12 09:56,28.4600,6,3,9,6,3,9,0.012658,0.046512,intraday,intraday,0,0
2022-04-12 11:09,26.8200,2022-04-12 11:28,27.6300,2022-04-12 11:46,27.8000,2022-04-12 12:06,27.5100,18,20,38,18,20,38,0.006153,0.036540,intraday,intraday,0,0
2022-04-12 15:09,25.8900,2022-04-13 09:32,26.7100,2022-04-13 09:32,26.7100,2022-04-13 09:33,26.4400,0,1,1,0,1,1,0.000000,0.031672,intraday,intraday,0,0
2022-04-13 09:34,26.4300,2022-04-13 09:41,27.2400,2022-04-13 09:47,27.8500,2022-04-13 09:49,27.5500,6,2,8,6,2,8,0.022394,0.053727,intraday,intraday,0,0
2022-04-13 10:01,27.0400,2022-04-13 10:20,27.8600,2022-04-13 10:31,28.0500,2022-04-13 10:39,27.7100,11,8,19,11,8,19,0.006820,0.037352,intraday,intraday,0,0
2022-04-13 10:40,27.6300,2022-04-13 11:25,28.4800,2022-04-13 11:25,28.4800,2022-04-13 11:36,28.1900,0,11,11,0,11,11,0.000000,0.030764,intraday,intraday,0,0
2022-04-13 13:55,27.3600,2022-04-13 15:29,28.1900,2022-04-13 15:37,28.3900,2022-04-13 15:50,28.0900,8,13,21,8,13,21,0.007095,0.037646,intraday,intraday,0,0
2022-04-18 09:30,25.5000,2022-04-18 10:01,26.3600,2022-04-18 10:26,27.2500,2022-04-18 10:36,26.9300,25,10,35,25,10,35,0.033763,0.068627,intraday,intraday,0,0
2022-04-18 12:21,26.0500,2022-04-18 13:31,26.9200,2022-04-18 14:01,27.6100,2022-04-18 14:10,27.3100,30,9,39,30,9,39,0.025632,0.059885,intraday,intraday,0,0
2022-04-19 09:39,26.3200,2022-04-19 09:52,27.1600,2022-04-19 10:56,28.4200,2022-04-19 11:01,28.1200,64,5,69,64,5,69,0.046392,0.079787,intraday,intraday,0,0
2022-04-19 14:17,27.9900,2022-04-19 15:37,28.8300,2022-04-19 15:37,28.8300,2022-04-19 15:46,28.5300,0,9,9,0,9,9,0.000000,0.030011,intraday,intraday,0,0
2022-04-19 15:47,28.5200,2022-04-20 09:30,30.5900,2022-04-20 09:32,30.7200,2022-04-20 09:36,30.3800,2,4,6,2,4,6,0.004250,0.077139,intraday,intraday,0,0
2022-04-20 12:23,28.3000,2022-04-20 13:13,29.1500,2022-04-20 13:15,29.2500,2022-04-20 13:33,28.9200,2,18,20,2,18,20,0.003431,0.033569,intraday,intraday,0,0
2022-04-20 14:54,28.2900,2022-04-21 09:30,29.7400,2022-04-21 09:35,30.5100,2022-04-21 09:38,30.1800,5,3,8,5,3,8,0.025891,0.078473,intraday,intraday,0,0
2022-04-22 09:43,25.4600,2022-04-22 09:52,26.3600,2022-04-22 09:52,26.3600,2022-04-22 09:56,26.0600,0,4,4,0,4,4,0.000000,0.035350,intraday,intraday,0,0
2022-04-25 09:30,23.8600,2022-04-25 09:36,24.6700,2022-04-25 09:37,24.7300,2022-04-25 09:39,24.4200,1,2,3,1,2,3,0.002432,0.036463,intraday,intraday,0,0
2022-04-25 09:45,23.7500,2022-04-25 09:50,24.5200,2022-04-25 09:50,24.5200,2022-04-25 09:51,24.2300,0,1,1,0,1,1,0.000000,0.032421,intraday,intraday,0,0
2022-04-25 09:59,23.8200,2022-04-25 10:24,24.7200,2022-04-25 10:34,25.3900,2022-04-25 10:51,25.0600,10,17,27,10,17,27,0.027104,0.065911,intraday,intraday,0,0
2022-04-25 12:00,24.0900,2022-04-25 12:25,24.8600,2022-04-25 12:50,25.0300,2022-04-25 12:54,24.6300,25,4,29,25,4,29,0.006838,0.039020,intraday,intraday,0,0
2022-04-25 14:03,24.3000,2022-04-25 14:29,25.0400,2022-04-25 14:54,25.3300,2022-04-25 14:58,25.0600,25,4,29,25,4,29,0.011581,0.042387,intraday,intraday,0,0
2022-04-25 15:07,24.4100,2022-04-25 15:29,25.1500,2022-04-25 15:40,25.4200,2022-04-25 15:42,25.1600,11,2,13,11,2,13,0.010736,0.041376,intraday,intraday,0,0
2022-04-26 11:19,22.6500,2022-04-26 12:27,23.3800,2022-04-26 12:28,23.5300,2022-04-26 12:53,23.2600,1,25,26,1,25,26,0.006416,0.038852,intraday,intraday,0,0
2022-04-27 09:31,22.0800,2022-04-27 09:39,22.7500,2022-04-27 09:48,23.5000,2022-04-27 09:52,23.0200,9,4,13,9,4,13,0.032967,0.064312,intraday,intraday,0,0
2022-04-27 10:33,21.5000,2022-04-27 10:46,22.2800,2022-04-27 10:49,22.3100,2022-04-27 10:53,22.0500,3,4,7,3,4,7,0.001346,0.037674,intraday,intraday,0,0
2022-04-27 10:59,21.8100,2022-04-27 11:35,22.4700,2022-04-27 11:36,22.4800,2022-04-27 11:45,22.2500,1,9,10,1,9,10,0.000445,0.030720,intraday,intraday,0,0
2022-04-27 11:54,21.9700,2022-04-27 12:22,22.7200,2022-04-27 12:43,22.9100,2022-04-27 12:47,22.6800,21,4,25,21,4,25,0.008363,0.042786,intraday,intraday,0,0
2022-04-27 15:37,21.7900,2022-04-28 09:30,23.7400,2022-04-28 09:33,23.8400,2022-04-28 09:35,23.4700,3,2,5,3,2,5,0.004212,0.094080,intraday,intraday,0,0
2022-04-28 10:34,22.4300,2022-04-28 11:03,23.1500,2022-04-28 11:19,23.7600,2022-04-28 11:31,23.5100,16,12,28,16,12,28,0.026350,0.059296,intraday,intraday,0,0
2022-04-28 11:50,23.0900,2022-04-28 12:25,23.8200,2022-04-28 14:50,25.9200,2022-04-28 14:54,25.6200,145,4,149,145,4,149,0.088161,0.122564,intraday,intraday,0,0
2022-04-29 09:31,24.2700,2022-04-29 09:38,25.0100,2022-04-29 09:38,25.0100,2022-04-29 09:44,24.6400,0,6,6,0,6,6,0.000000,0.030490,intraday,intraday,0,0
2022-04-29 09:44,24.6400,2022-04-29 09:55,25.5300,2022-04-29 09:59,25.8700,2022-04-29 10:01,25.6000,4,2,6,4,2,6,0.013318,0.049919,intraday,intraday,0,0
2022-05-02 09:37,22.2000,2022-05-02 09:41,22.9000,2022-05-02 09:43,23.4700,2022-05-02 09:45,23.2300,2,2,4,2,2,4,0.024891,0.057207,intraday,intraday,0,0
2022-05-02 10:14,22.4000,2022-05-02 10:25,23.1700,2022-05-02 10:30,23.5700,2022-05-02 10:44,23.3300,5,14,19,5,14,19,0.017264,0.052232,intraday,intraday,0,0
2022-05-02 11:17,22.6600,2022-05-02 12:19,23.3400,2022-05-02 12:20,23.4600,2022-05-02 12:39,23.1100,1,19,20,1,19,20,0.005141,0.035305,intraday,intraday,0,0
2022-05-02 14:20,21.8100,2022-05-02 14:49,22.5000,2022-05-02 14:53,22.7700,2022-05-02 14:57,22.5100,4,4,8,4,4,8,0.012000,0.044017,intraday,intraday,0,0
2022-05-02 14:58,22.4800,2022-05-02 15:11,23.1800,2022-05-02 15:42,24.0200,2022-05-02 15:44,23.7300,31,2,33,31,2,33,0.036238,0.068505,intraday,intraday,0,0
2022-05-02 15:44,23.7300,2022-05-02 15:54,24.4700,2022-05-02 15:55,24.5400,2022-05-03 09:30,24.1200,1,5,6,1,1055,1056,0.002861,0.034134,overnight,overnight,1,1
2022-05-03 09:45,23.8300,2022-05-03 09:59,24.7400,2022-05-03 10:04,25.1300,2022-05-03 10:08,24.7800,5,4,9,5,4,9,0.015764,0.054553,intraday,intraday,0,0
2022-05-03 10:47,24.2000,2022-05-03 11:08,24.9500,2022-05-03 11:08,24.9500,2022-05-03 11:12,24.6600,0,4,4,0,4,4,0.000000,0.030992,intraday,intraday,0,0
2022-05-03 12:08,24.5500,2022-05-03 13:12,25.2900,2022-05-03 13:44,25.6500,2022-05-03 14:01,25.3200,32,17,49,32,17,49,0.014235,0.044807,intraday,intraday,0,0
2022-05-03 14:42,24.4400,2022-05-03 14:56,25.1900,2022-05-03 15:07,25.4800,2022-05-03 15:19,25.2200,11,12,23,11,12,23,0.011513,0.042553,intraday,intraday,0,0
2022-05-04 11:44,23.3700,2022-05-04 12:19,24.1200,2022-05-04 13:01,25.0000,2022-05-04 13:08,24.7400,42,7,49,42,7,49,0.036484,0.069748,intraday,intraday,0,0
2022-05-04 13:49,24.5300,2022-05-04 14:05,25.5300,2022-05-04 14:05,25.5300,2022-05-04 14:06,25.0500,0,1,1,0,1,1,0.000000,0.040766,intraday,intraday,0,0
2022-05-04 14:21,24.1600,2022-05-04 14:27,25.0600,2022-05-04 14:27,25.0600,2022-05-04 14:30,24.5200,0,3,3,0,3,3,0.000000,0.037252,intraday,intraday,0,0
2022-05-04 14:34,23.8600,2022-05-04 14:41,24.8200,2022-05-04 14:41,24.8200,2022-05-04 14:42,24.4800,0,1,1,0,1,1,0.000000,0.040235,intraday,intraday,0,0
2022-05-04 14:42,24.4800,2022-05-04 14:45,25.3800,2022-05-04 14:47,25.9400,2022-05-04 14:50,25.6800,2,3,5,2,3,5,0.022065,0.059641,intraday,intraday,0,0
2022-05-04 14:50,25.6800,2022-05-04 15:00,26.5500,2022-05-04 15:17,27.6400,2022-05-04 15:19,27.2600,17,2,19,17,2,19,0.041055,0.076324,intraday,intraday,0,0
2022-05-05 12:02,23.5600,2022-05-05 12:19,24.3200,2022-05-05 12:20,24.4300,2022-05-05 12:24,24.1400,1,4,5,1,4,5,0.004523,0.036927,intraday,intraday,0,0
2022-05-05 12:47,23.8400,2022-05-05 13:01,24.6200,2022-05-05 13:09,24.8700,2022-05-05 13:13,24.5500,8,4,12,8,4,12,0.010154,0.043205,intraday,intraday,0,0
2022-05-05 15:30,22.7800,2022-05-05 15:45,23.4900,2022-05-05 15:45,23.4900,2022-05-05 15:47,23.1200,0,2,2,0,2,2,0.000000,0.031168,intraday,intraday,0,0
2022-05-05 15:49,22.9800,2022-05-05 15:50,23.8100,2022-05-05 15:50,23.8100,2022-05-05 15:53,23.5100,0,3,3,0,3,3,0.000000,0.036118,intraday,intraday,0,0
2022-05-06 09:53,22.0000,2022-05-06 10:01,22.7400,2022-05-06 10:01,22.7400,2022-05-06 10:02,22.4500,0,1,1,0,1,1,0.000000,0.033636,intraday,intraday,0,0
2022-05-06 10:02,22.4500,2022-05-06 10:05,23.1300,2022-05-06 10:07,23.5800,2022-05-06 10:09,23.2800,2,2,4,2,2,4,0.019455,0.050334,intraday,intraday,0,0
2022-05-06 10:10,23.0900,2022-05-06 10:17,24.0000,2022-05-06 10:18,24.2600,2022-05-06 10:19,24.0000,1,1,2,1,1,2,0.010833,0.050671,intraday,intraday,0,0
2022-05-06 10:37,23.0100,2022-05-06 10:45,23.8400,2022-05-06 10:49,24.2000,2022-05-06 10:52,23.9100,4,3,7,4,3,7,0.015101,0.051717,intraday,intraday,0,0
2022-05-06 11:10,23.7800,2022-05-06 11:19,24.5300,2022-05-06 11:23,24.8400,2022-05-06 11:26,24.5400,4,3,7,4,3,7,0.012638,0.044575,intraday,intraday,0,0
2022-05-06 11:58,23.3000,2022-05-06 12:06,24.0700,2022-05-06 12:07,24.1600,2022-05-06 12:09,23.8500,1,2,3,1,2,3,0.003739,0.036910,intraday,intraday,0,0
2022-05-06 12:19,23.2800,2022-05-06 12:26,23.9800,2022-05-06 12:35,24.0700,2022-05-06 12:37,23.8200,9,2,11,9,2,11,0.003753,0.033935,intraday,intraday,0,0
2022-05-06 12:37,23.8200,2022-05-06 12:59,24.6700,2022-05-06 13:04,24.6900,2022-05-06 13:06,24.3900,5,2,7,5,2,7,0.000811,0.036524,intraday,intraday,0,0
2022-05-06 15:25,22.5600,2022-05-06 15:38,23.3200,2022-05-06 15:39,23.3400,2022-05-06 15:45,23.1000,1,6,7,1,6,7,0.000858,0.034574,intraday,intraday,0,0
2022-05-09 09:32,21.6400,2022-05-09 09:38,22.3500,2022-05-09 09:38,22.3500,2022-05-09 09:39,22.1200,0,1,1,0,1,1,0.000000,0.032810,intraday,intraday,0,0
2022-05-09 11:32,20.0400,2022-05-09 12:07,20.6700,2022-05-09 12:17,21.0300,2022-05-09 12:20,20.7700,10,3,13,10,3,13,0.017417,0.049401,intraday,intraday,0,0
2022-05-09 14:32,19.6600,2022-05-09 15:01,20.4100,2022-05-09 15:02,20.4300,2022-05-09 15:04,20.2100,1,2,3,1,2,3,0.000980,0.039166,intraday,intraday,0,0
2022-05-09 15:51,19.3600,2022-05-10 09:30,21.5800,2022-05-10 09:30,21.5800,2022-05-10 09:32,21.3500,0,2,2,0,2,2,0.000000,0.114669,intraday,intraday,0,0
2022-05-10 09:49,20.4200,2022-05-10 09:56,21.1400,2022-05-10 10:06,21.8700,2022-05-10 10:09,21.5300,10,3,13,10,3,13,0.034532,0.071009,intraday,intraday,0,0
2022-05-10 11:28,19.7600,2022-05-10 11:39,20.4500,2022-05-10 11:39,20.4500,2022-05-10 11:45,20.2400,0,6,6,0,6,6,0.000000,0.034919,intraday,intraday,0,0
2022-05-10 11:51,19.8500,2022-05-10 12:04,20.5500,2022-05-10 12:04,20.5500,2022-05-10 12:09,20.1700,0,5,5,0,5,5,0.000000,0.035264,intraday,intraday,0,0
2022-05-10 12:33,19.9900,2022-05-10 13:28,20.7100,2022-05-10 14:03,21.8500,2022-05-10 14:06,21.6200,35,3,38,35,3,38,0.055046,0.093047,intraday,intraday,0,0
2022-05-10 14:27,21.2900,2022-05-10 14:44,21.9700,2022-05-10 14:44,21.9700,2022-05-10 14:47,21.5900,0,3,3,0,3,3,0.000000,0.031940,intraday,intraday,0,0
2022-05-11 09:37,19.9500,2022-05-11 09:41,20.5500,2022-05-11 09:51,21.9100,2022-05-11 09:52,21.6400,10,1,11,10,1,11,0.066180,0.098246,intraday,intraday,0,0
2022-05-11 10:09,20.9200,2022-05-11 10:21,21.6700,2022-05-11 10:22,21.7700,2022-05-11 10:25,21.4600,1,3,4,1,3,4,0.004615,0.040631,intraday,intraday,0,0
2022-05-11 11:19,20.3600,2022-05-11 11:29,21.0100,2022-05-11 11:38,21.5200,2022-05-11 11:46,21.2000,9,8,17,9,8,17,0.024274,0.056974,intraday,intraday,0,0
2022-05-11 13:58,19.6300,2022-05-11 14:25,20.2200,2022-05-11 14:25,20.2200,2022-05-11 14:27,19.9600,0,2,2,0,2,2,0.000000,0.030056,intraday,intraday,0,0
2022-05-12 09:39,18.0600,2022-05-12 09:43,18.6300,2022-05-12 09:47,18.8800,2022-05-12 09:49,18.6300,4,2,6,4,2,6,0.013419,0.045404,intraday,intraday,0,0
2022-05-12 10:02,18.3000,2022-05-12 10:07,18.8900,2022-05-12 10:12,19.2000,2022-05-12 10:14,19.0000,5,2,7,5,2,7,0.016411,0.049180,intraday,intraday,0,0
2022-05-12 10:17,18.9500,2022-05-12 10:24,19.5400,2022-05-12 10:24,19.5400,2022-05-12 10:27,19.2700,0,3,3,0,3,3,0.000000,0.031135,intraday,intraday,0,0
2022-05-12 10:37,18.8700,2022-05-12 10:51,19.4400,2022-05-12 11:11,19.9800,2022-05-12 11:12,19.7300,20,1,21,20,1,21,0.027778,0.058824,intraday,intraday,0,0
2022-05-12 12:01,18.4400,2022-05-12 12:27,19.0600,2022-05-12 12:35,19.3400,2022-05-12 12:40,19.0400,8,5,13,8,5,13,0.014690,0.048807,intraday,intraday,0,0
2022-05-12 12:41,19.0100,2022-05-12 12:46,19.5900,2022-05-12 12:46,19.5900,2022-05-12 12:49,19.3800,0,3,3,0,3,3,0.000000,0.030510,intraday,intraday,0,0
2022-05-12 14:43,17.9700,2022-05-12 15:20,18.6400,2022-05-12 15:26,18.9300,2022-05-12 15:29,18.6000,6,3,9,6,3,9,0.015558,0.053422,intraday,intraday,0,0
2022-05-12 15:29,18.6000,2022-05-12 15:56,19.3300,2022-05-13 09:31,20.7500,2022-05-13 09:34,20.3100,5,3,8,1055,3,1058,0.073461,0.115591,overnight,intraday,0,1
2022-05-13 09:35,20.3000,2022-05-13 09:43,20.9200,2022-05-13 09:54,21.5300,2022-05-13 09:59,21.3100,11,5,16,11,5,16,0.029159,0.060591,intraday,intraday,0,0
2022-05-13 09:59,21.3100,2022-05-13 10:28,21.9800,2022-05-13 10:34,22.0900,2022-05-13 10:45,21.6900,6,11,17,6,11,17,0.005005,0.036603,intraday,intraday,0,0
2022-05-13 10:45,21.6900,2022-05-13 12:00,22.3700,2022-05-13 12:41,22.7000,2022-05-13 12:50,22.3400,41,9,50,41,9,50,0.014752,0.046565,intraday,intraday,0,0
2022-05-13 14:05,21.6900,2022-05-13 14:52,22.3500,2022-05-13 15:30,22.9000,2022-05-13 15:33,22.6600,38,3,41,38,3,41,0.024609,0.055786,intraday,intraday,0,0
2022-05-16 09:36,21.2100,2022-05-16 09:42,21.8800,2022-05-16 09:42,21.8800,2022-05-16 09:44,21.5000,0,2,2,0,2,2,0.000000,0.031589,intraday,intraday,0,0
2022-05-16 09:46,21.2600,2022-05-16 10:07,21.9300,2022-05-16 10:29,22.4700,2022-05-16 10:33,22.0300,22,4,26,22,4,26,0.024624,0.056914,intraday,intraday,0,0
2022-05-16 11:06,21.3100,2022-05-16 11:54,22.0100,2022-05-16 12:03,22.2100,2022-05-16 12:09,21.9600,9,6,15,9,6,15,0.009087,0.042234,intraday,intraday,0,0
2022-05-16 13:00,21.4600,2022-05-16 13:28,22.1400,2022-05-16 13:30,22.2100,2022-05-16 14:00,21.9100,2,30,32,2,30,32,0.003162,0.034949,intraday,intraday,0,0
2022-05-16 15:56,21.2300,2022-05-17 09:30,23.3400,2022-05-17 09:33,23.7700,2022-05-17 09:35,23.5000,3,2,5,3,2,5,0.018423,0.119642,intraday,intraday,0,0
2022-05-17 10:45,22.8800,2022-05-17 11:18,23.6200,2022-05-17 11:41,24.1000,2022-05-17 12:06,23.8100,23,25,48,23,25,48,0.020322,0.053322,intraday,intraday,0,0
2022-05-17 14:22,23.3500,2022-05-17 14:40,24.0700,2022-05-17 15:31,24.7000,2022-05-17 15:45,24.3300,51,14,65,51,14,65,0.026174,0.057816,intraday,intraday,0,0
2022-05-18 09:30,23.2500,2022-05-18 09:52,23.9600,2022-05-18 10:05,24.2600,2022-05-18 10:12,24.0000,13,7,20,13,7,20,0.012521,0.043441,intraday,intraday,0,0
2022-05-18 15:54,20.5700,2022-05-19 09:36,21.2800,2022-05-19 09:37,21.4000,2022-05-19 09:39,21.1300,1,2,3,1,2,3,0.005639,0.040350,intraday,intraday,0,0
2022-05-19 09:52,19.9300,2022-05-19 09:55,20.5700,2022-05-19 09:56,20.7600,2022-05-19 09:58,20.5100,1,2,3,1,2,3,0.009237,0.041646,intraday,intraday,0,0
2022-05-19 09:58,20.5100,2022-05-19 10:07,21.1800,2022-05-19 10:07,21.1800,2022-05-19 10:09,20.9200,0,2,2,0,2,2,0.000000,0.032667,intraday,intraday,0,0
2022-05-19 10:30,20.6600,2022-05-19 10:55,21.3400,2022-05-19 10:55,21.3400,2022-05-19 11:05,21.0200,0,10,10,0,10,10,0.000000,0.032914,intraday,intraday,0,0
2022-05-19 11:05,21.0200,2022-05-19 11:37,21.7100,2022-05-19 11:48,22.0400,2022-05-19 11:53,21.7400,11,5,16,11,5,16,0.015200,0.048525,intraday,intraday,0,0
2022-05-19 13:15,20.5900,2022-05-19 13:55,21.2800,2022-05-19 13:57,21.5100,2022-05-19 14:01,21.1900,2,4,6,2,4,6,0.010808,0.044682,intraday,intraday,0,0
2022-05-19 14:06,21.0400,2022-05-19 15:02,21.6800,2022-05-19 15:02,21.6800,2022-05-19 15:09,21.4100,0,7,7,0,7,7,0.000000,0.030418,intraday,intraday,0,0
2022-05-19 15:56,20.4400,2022-05-20 09:30,21.3400,2022-05-20 09:33,21.4100,2022-05-20 09:35,21.1300,3,2,5,3,2,5,0.003280,0.047456,intraday,intraday,0,0
2022-05-20 13:26,17.7000,2022-05-20 13:34,18.2600,2022-05-20 13:38,18.3600,2022-05-20 13:40,18.1400,4,2,6,4,2,6,0.005476,0.037288,intraday,intraday,0,0
2022-05-20 14:32,17.9100,2022-05-20 14:52,18.4500,2022-05-20 14:54,18.5100,2022-05-20 14:59,18.2800,2,5,7,2,5,7,0.003252,0.033501,intraday,intraday,0,0
2022-05-20 15:08,18.2000,2022-05-20 15:25,18.7500,2022-05-20 15:37,19.7100,2022-05-20 15:38,19.5000,12,1,13,12,1,13,0.051200,0.082967,intraday,intraday,0,0
2022-05-20 15:46,19.4400,2022-05-20 15:54,20.0900,2022-05-20 15:59,20.3400,2022-05-23 09:30,20.0600,5,1,6,5,3931,3936,0.012444,0.046296,weekend,weekend,1,1
2022-05-23 09:39,19.8200,2022-05-23 09:43,20.5200,2022-05-23 09:47,20.7700,2022-05-23 09:53,20.5400,4,6,10,4,6,10,0.012183,0.047931,intraday,intraday,0,0
2022-05-23 10:27,19.5000,2022-05-23 10:32,20.1100,2022-05-23 10:35,20.1800,2022-05-23 10:37,19.9200,3,2,5,3,2,5,0.003481,0.034872,intraday,intraday,0,0
2022-05-23 10:52,19.5100,2022-05-23 11:03,20.1200,2022-05-23 11:05,20.1800,2022-05-23 11:08,19.9200,2,3,5,2,3,5,0.002982,0.034341,intraday,intraday,0,0
2022-05-23 11:08,19.9200,2022-05-23 11:31,20.5300,2022-05-23 11:39,20.7600,2022-05-23 11:46,20.5400,8,7,15,8,7,15,0.011203,0.042169,intraday,intraday,0,0
2022-05-23 13:21,19.8600,2022-05-23 14:13,20.4800,2022-05-23 14:44,20.6600,2022-05-23 14:48,20.3900,31,4,35,31,4,35,0.008789,0.040282,intraday,intraday,0,0
2022-05-24 10:16,18.5200,2022-05-24 10:29,19.1100,2022-05-24 10:31,19.2400,2022-05-24 10:34,18.9900,2,3,5,2,3,5,0.006803,0.038877,intraday,intraday,0,0
2022-05-24 11:20,18.5600,2022-05-24 11:48,19.1400,2022-05-24 12:15,19.7000,2022-05-24 12:18,19.4400,27,3,30,27,3,30,0.029258,0.061422,intraday,intraday,0,0
2022-05-24 13:04,18.7400,2022-05-24 13:54,19.3100,2022-05-24 13:55,19.3300,2022-05-24 14:01,19.1000,1,6,7,1,6,7,0.001036,0.031483,intraday,intraday,0,0
2022-05-24 14:55,18.6700,2022-05-24 15:36,19.2600,2022-05-24 15:42,19.4600,2022-05-24 15:44,19.2400,6,2,8,6,2,8,0.010384,0.042314,intraday,intraday,0,0
2022-05-24 15:56,18.9500,2022-05-25 09:36,19.6200,2022-05-25 09:37,19.7300,2022-05-25 09:39,19.5200,1,2,3,1,2,3,0.005607,0.041161,intraday,intraday,0,0
2022-05-25 09:49,19.0700,2022-05-25 10:28,19.6700,2022-05-25 10:35,19.9300,2022-05-25 10:40,19.7100,7,5,12,7,5,12,0.013218,0.045097,intraday,intraday,0,0
2022-05-25 13:12,19.1300,2022-05-25 14:02,19.8200,2022-05-25 14:02,19.8200,2022-05-25 14:06,19.3000,0,4,4,0,4,4,0.000000,0.036069,intraday,intraday,0,0
2022-05-25 14:07,19.2800,2022-05-25 14:16,19.9100,2022-05-25 15:13,20.7000,2022-05-25 15:22,20.4700,57,9,66,57,9,66,0.039679,0.073651,intraday,intraday,0,0
2022-05-26 09:30,19.7100,2022-05-26 09:34,20.4600,2022-05-26 10:22,21.8900,2022-05-26 10:32,21.6500,48,10,58,48,10,58,0.069892,0.110604,intraday,intraday,0,0
2022-05-26 10:45,21.3900,2022-05-26 11:02,22.0800,2022-05-26 11:17,22.1900,2022-05-26 11:33,21.9500,15,16,31,15,16,31,0.004982,0.037401,intraday,intraday,0,0
2022-05-26 11:34,21.8600,2022-05-26 12:20,22.5500,2022-05-26 13:09,22.8000,2022-05-26 13:22,22.5300,49,13,62,49,13,62,0.011086,0.043001,intraday,intraday,0,0
2022-05-26 15:20,22.3400,2022-05-27 09:30,23.9500,2022-05-27 09:32,24.3100,2022-05-27 09:34,23.9400,2,2,4,2,2,4,0.015031,0.088183,intraday,intraday,0,0
2022-05-27 09:44,23.8800,2022-05-27 11:32,24.6100,2022-05-27 15:26,25.4300,2022-05-27 15:36,25.1500,234,10,244,234,10,244,0.033320,0.064908,intraday,intraday,0,0
2022-05-31 10:09,23.7800,2022-05-31 10:21,24.5200,2022-05-31 10:31,24.9000,2022-05-31 10:34,24.6300,10,3,13,10,3,13,0.015498,0.047098,intraday,intraday,0,0
2022-05-31 11:08,24.3500,2022-05-31 11:51,25.1900,2022-05-31 12:04,25.5900,2022-05-31 12:14,25.2000,13,10,23,13,10,23,0.015879,0.050924,intraday,intraday,0,0
2022-05-31 14:55,24.3700,2022-05-31 15:22,25.1400,2022-05-31 15:33,25.3500,2022-05-31 15:44,25.0300,11,11,22,11,11,22,0.008353,0.040213,intraday,intraday,0,0
2022-05-31 15:59,24.8500,2022-06-01 09:34,25.6100,2022-06-01 09:34,25.6100,2022-06-01 09:39,25.2400,0,5,5,0,5,5,0.000000,0.030584,intraday,intraday,0,0
2022-06-01 12:12,22.7300,2022-06-01 13:10,23.4700,2022-06-01 13:27,23.5600,2022-06-01 13:31,23.3000,17,4,21,17,4,21,0.003835,0.036516,intraday,intraday,0,0
2022-06-01 13:31,23.3000,2022-06-01 14:24,24.0300,2022-06-01 14:45,24.3300,2022-06-01 14:54,24.0800,21,9,30,21,9,30,0.012484,0.044206,intraday,intraday,0,0
2022-06-02 09:31,23.4200,2022-06-02 09:39,24.2200,2022-06-02 09:49,24.6100,2022-06-02 09:51,24.3600,10,2,12,10,2,12,0.016102,0.050811,intraday,intraday,0,0
2022-06-02 09:55,24.0300,2022-06-02 10:13,24.7700,2022-06-02 10:13,24.7700,2022-06-02 10:19,24.4500,0,6,6,0,6,6,0.000000,0.030795,intraday,intraday,0,0
2022-06-02 10:23,24.0800,2022-06-02 11:02,24.8900,2022-06-02 11:16,25.2500,2022-06-02 11:35,24.9700,14,19,33,14,19,33,0.014464,0.048588,intraday,intraday,0,0
2022-06-02 11:35,24.9700,2022-06-02 13:44,25.7200,2022-06-02 14:41,26.0700,2022-06-02 14:57,25.7600,57,16,73,57,16,73,0.013608,0.044053,intraday,intraday,0,0
2022-06-03 09:44,24.0700,2022-06-03 10:00,24.9000,2022-06-03 10:00,24.9000,2022-06-03 10:05,24.6000,0,5,5,0,5,5,0.000000,0.034483,intraday,intraday,0,0
2022-06-03 11:13,23.5100,2022-06-03 12:48,24.2600,2022-06-03 13:04,24.6200,2022-06-03 13:15,24.3400,16,11,27,16,11,27,0.014839,0.047214,intraday,intraday,0,0
2022-06-03 15:23,23.7700,2022-06-06 09:30,25.5600,2022-06-06 09:30,25.5600,2022-06-06 09:34,25.1100,0,4,4,0,4,4,0.000000,0.075305,intraday,intraday,0,0
2022-06-06 09:50,24.5600,2022-06-06 10:03,25.3000,2022-06-06 10:06,25.3900,2022-06-06 10:19,25.1200,3,13,16,3,13,16,0.003557,0.033795,intraday,intraday,0,0
2022-06-06 12:30,23.5300,2022-06-06 13:50,24.3200,2022-06-06 13:59,24.4800,2022-06-06 14:21,24.1700,9,22,31,9,22,31,0.006579,0.040374,intraday,intraday,0,0
2022-06-07 09:31,22.7400,2022-06-07 09:51,23.5600,2022-06-07 09:51,23.5600,2022-06-07 09:57,23.2600,0,6,6,0,6,6,0.000000,0.036060,intraday,intraday,0,0
2022-06-07 10:08,23.1200,2022-06-07 10:32,23.8300,2022-06-07 10:48,24.4100,2022-06-07 10:58,24.1600,16,10,26,16,10,26,0.024339,0.055796,intraday,intraday,0,0
2022-06-07 11:49,23.4000,2022-06-07 13:04,24.1300,2022-06-07 14:15,24.5300,2022-06-07 14:43,24.2000,71,28,99,71,28,99,0.016577,0.048291,intraday,intraday,0,0
2022-06-08 09:31,23.5500,2022-06-08 09:49,24.3900,2022-06-08 09:49,24.3900,2022-06-08 10:10,24.0900,0,21,21,0,21,21,0.000000,0.035669,intraday,intraday,0,0
2022-06-08 13:38,22.4500,2022-06-09 09:49,23.1400,2022-06-09 09:51,23.2500,2022-06-09 09:55,22.9700,2,4,6,2,4,6,0.004754,0.035635,intraday,intraday,0,0
2022-06-09 10:11,22.6200,2022-06-09 10:27,23.3100,2022-06-09 10:35,23.5300,2022-06-09 10:42,23.2700,8,7,15,8,7,15,0.009438,0.040230,intraday,intraday,0,0
2022-06-10 11:33,18.6700,2022-06-10 13:29,19.2400,2022-06-10 13:50,19.6300,2022-06-10 13:53,19.4000,21,3,24,21,3,24,0.020270,0.051419,intraday,intraday,0,0
2022-06-13 11:10,15.5200,2022-06-13 11:39,16.0000,2022-06-13 11:43,16.0500,2022-06-13 11:47,15.8300,4,4,8,4,4,8,0.003125,0.034149,intraday,intraday,0,0
2022-06-13 12:03,15.7500,2022-06-13 12:31,16.2700,2022-06-13 12:38,16.6800,2022-06-13 12:43,16.5100,7,5,12,7,5,12,0.025200,0.059048,intraday,intraday,0,0
2022-06-13 13:05,15.9700,2022-06-13 13:59,16.4500,2022-06-13 13:59,16.4500,2022-06-13 14:04,16.2600,0,5,5,0,5,5,0.000000,0.030056,intraday,intraday,0,0
2022-06-13 15:51,15.3500,2022-06-14 09:30,16.0800,2022-06-14 09:30,16.0800,2022-06-14 09:32,15.9100,0,2,2,0,2,2,0.000000,0.047557,intraday,intraday,0,0
2022-06-14 09:44,15.4700,2022-06-14 09:58,15.9700,2022-06-14 10:03,16.1800,2022-06-14 10:05,15.9900,5,2,7,5,2,7,0.013150,0.045895,intraday,intraday,0,0
2022-06-14 10:43,15.5400,2022-06-14 10:51,16.0200,2022-06-14 10:52,16.0300,2022-06-14 10:59,15.8300,1,7,8,1,7,8,0.000624,0.031532,intraday,intraday,0,0
2022-06-14 11:21,15.5300,2022-06-14 13:17,16.0000,2022-06-14 13:23,16.1200,2022-06-14 13:28,15.9200,6,5,11,6,5,11,0.007500,0.037991,intraday,intraday,0,0
2022-06-14 15:18,15.2200,2022-06-14 15:32,15.6800,2022-06-14 15:41,15.9100,2022-06-14 15:44,15.7500,9,3,12,9,3,12,0.014668,0.045335,intraday,intraday,0,0
2022-06-14 15:53,15.6900,2022-06-15 09:31,16.2300,2022-06-15 09:32,16.3800,2022-06-15 09:39,16.1800,1,7,8,1,7,8,0.009242,0.043977,intraday,intraday,0,0
2022-06-15 09:39,16.1800,2022-06-15 10:07,16.6700,2022-06-15 10:07,16.6700,2022-06-15 10:17,16.4800,0,10,10,0,10,10,0.000000,0.030284,intraday,intraday,0,0
2022-06-15 14:06,15.6400,2022-06-15 14:16,16.2000,2022-06-15 14:17,16.2700,2022-06-15 14:22,16.0700,1,5,6,1,5,6,0.004321,0.040281,intraday,intraday,0,0
2022-06-15 14:32,15.5100,2022-06-15 14:38,16.5500,2022-06-15 14:38,16.5500,2022-06-15 14:39,16.3700,0,1,1,0,1,1,0.000000,0.067054,intraday,intraday,0,0
2022-06-15 14:39,16.3700,2022-06-15 14:41,16.8700,2022-06-15 14:45,17.3300,2022-06-15 14:47,16.9400,4,2,6,4,2,6,0.027267,0.058644,intraday,intraday,0,0
2022-06-15 14:57,16.4000,2022-06-15 15:22,16.9300,2022-06-15 15:33,17.3500,2022-06-15 15:37,17.1300,11,4,15,11,4,15,0.024808,0.057927,intraday,intraday,0,0
2022-06-16 10:51,13.5400,2022-06-16 11:13,13.9900,2022-06-16 11:15,14.0100,2022-06-16 11:19,13.8600,2,4,6,2,4,6,0.001430,0.034712,intraday,intraday,0,0
2022-06-16 14:53,13.0200,2022-06-16 15:03,13.4400,2022-06-16 15:09,13.4500,2022-06-16 15:13,13.2700,6,4,10,6,4,10,0.000744,0.033026,intraday,intraday,0,0
2022-06-16 15:15,13.2200,2022-06-17 09:30,13.7500,2022-06-17 09:35,13.8300,2022-06-17 09:37,13.6800,5,2,7,5,2,7,0.005818,0.046142,intraday,intraday,0,0
2022-06-17 09:39,13.5300,2022-06-17 09:43,13.9500,2022-06-17 09:43,13.9500,2022-06-17 09:47,13.8000,0,4,4,0,4,4,0.000000,0.031042,intraday,intraday,0,0
2022-06-17 10:36,12.8400,2022-06-17 11:02,13.2900,2022-06-17 11:09,13.5900,2022-06-17 11:12,13.4400,7,3,10,7,3,10,0.022573,0.058411,intraday,intraday,0,0
2022-06-17 12:02,13.2400,2022-06-17 12:46,13.6400,2022-06-17 12:49,13.7000,2022-06-17 12:53,13.5500,3,4,7,3,4,7,0.004399,0.034743,intraday,intraday,0,0
2022-06-17 12:53,13.5500,2022-06-17 13:12,13.9800,2022-06-17 13:12,13.9800,2022-06-17 13:28,13.8300,0,16,16,0,16,16,0.000000,0.031734,intraday,intraday,0,0
2022-06-17 15:13,13.4100,2022-06-17 15:28,13.8200,2022-06-17 15:39,13.8300,2022-06-17 15:43,13.6500,11,4,15,11,4,15,0.000724,0.031320,intraday,intraday,0,0
2022-06-17 15:45,13.6100,2022-06-21 09:30,14.7400,2022-06-21 09:30,14.7400,2022-06-21 09:31,14.5900,0,1,1,0,1,1,0.000000,0.083027,intraday,intraday,0,0
2022-06-21 09:32,14.5400,2022-06-21 09:56,15.0400,2022-06-21 10:00,15.3700,2022-06-21 10:11,15.2000,4,11,15,4,11,15,0.021941,0.057084,intraday,intraday,0,0
2022-06-22 09:30,14.0300,2022-06-22 09:56,14.4600,2022-06-22 09:56,14.4600,2022-06-22 10:01,14.3100,0,5,5,0,5,5,0.000000,0.030649,intraday,intraday,0,0
2022-06-22 10:02,14.1700,2022-06-22 10:17,14.6300,2022-06-22 10:37,14.9500,2022-06-22 10:45,14.8000,20,8,28,20,8,28,0.021873,0.055046,intraday,intraday,0,0
2022-06-22 12:09,14.0500,2022-06-22 13:16,14.4800,2022-06-22 14:17,14.7900,2022-06-22 14:26,14.6400,61,9,70,61,9,70,0.021409,0.052669,intraday,intraday,0,0
2022-06-23 09:52,13.7600,2022-06-23 10:00,14.2200,2022-06-23 10:06,14.2700,2022-06-23 10:07,14.1100,6,1,7,6,1,7,0.003516,0.037064,intraday,intraday,0,0
2022-06-23 10:12,13.8700,2022-06-23 10:43,14.2900,2022-06-23 10:43,14.2900,2022-06-23 11:01,14.1300,0,18,18,0,18,18,0.000000,0.030281,intraday,intraday,0,0
2022-06-23 13:03,13.3500,2022-06-23 15:06,13.7700,2022-06-24 09:32,14.8800,2022-06-24 09:36,14.6500,56,4,60,1106,4,1110,0.080610,0.114607,overnight,intraday,0,1
2022-06-24 09:37,14.6100,2022-06-24 09:49,15.0800,2022-06-24 10:15,15.8500,2022-06-24 10:17,15.6700,26,2,28,26,2,28,0.051061,0.084873,intraday,intraday,0,0
2022-06-24 11:19,15.2800,2022-06-24 15:55,15.7400,2022-06-27 09:30,16.3400,2022-06-27 09:32,16.1200,5,2,7,3935,2,3937,0.038119,0.069372,weekend,intraday,0,1
2022-06-27 09:48,15.3900,2022-06-27 10:03,15.8600,2022-06-27 10:04,15.8900,2022-06-27 10:08,15.6700,1,4,5,1,4,5,0.001892,0.032489,intraday,intraday,0,0
2022-06-27 10:17,15.5700,2022-06-27 10:46,16.0700,2022-06-27 10:57,16.3200,2022-06-27 11:01,16.1400,11,4,15,11,4,15,0.015557,0.048170,intraday,intraday,0,0
2022-06-27 15:52,15.6500,2022-06-28 09:31,16.1400,2022-06-28 09:53,16.5700,2022-06-28 09:56,16.4000,22,3,25,22,3,25,0.026642,0.058786,intraday,intraday,0,0
2022-06-28 12:04,14.6600,2022-06-28 12:24,15.1000,2022-06-28 12:29,15.2000,2022-06-28 12:34,15.0200,5,5,10,5,5,10,0.006623,0.036835,intraday,intraday,0,0
2022-06-29 09:44,13.3200,2022-06-29 09:51,13.8100,2022-06-29 09:51,13.8100,2022-06-29 09:55,13.6200,0,4,4,0,4,4,0.000000,0.036787,intraday,intraday,0,0
2022-06-29 10:18,13.1800,2022-06-29 10:42,13.6500,2022-06-29 10:44,13.7300,2022-06-29 10:48,13.5700,2,4,6,2,4,6,0.005861,0.041730,intraday,intraday,0,0
2022-06-29 12:33,13.0500,2022-06-29 13:57,13.4600,2022-06-29 14:06,13.6000,2022-06-29 14:26,13.4600,9,20,29,9,20,29,0.010401,0.042146,intraday,intraday,0,0
2022-06-30 10:04,12.4100,2022-06-30 10:34,12.7900,2022-06-30 10:34,12.7900,2022-06-30 10:39,12.6300,0,5,5,0,5,5,0.000000,0.030620,intraday,intraday,0,0
2022-06-30 10:43,12.5500,2022-06-30 10:59,12.9300,2022-06-30 11:27,13.4800,2022-06-30 11:35,13.3000,28,8,36,28,8,36,0.042537,0.074104,intraday,intraday,0,0
2022-06-30 12:07,13.2600,2022-06-30 12:25,13.6800,2022-06-30 12:32,13.8100,2022-06-30 12:37,13.6500,7,5,12,7,5,12,0.009503,0.041478,intraday,intraday,0,0
2022-06-30 15:18,12.8600,2022-06-30 15:32,13.2500,2022-06-30 15:37,13.2900,2022-06-30 15:41,13.1100,5,4,9,5,4,9,0.003019,0.033437,intraday,intraday,0,0
2022-07-01 09:36,11.8600,2022-07-01 09:52,12.2400,2022-07-01 09:55,12.2500,2022-07-01 10:03,11.9900,3,8,11,3,8,11,0.000817,0.032884,intraday,intraday,0,0
2022-07-01 10:40,11.2800,2022-07-01 11:16,11.6300,2022-07-01 11:17,11.6500,2022-07-01 11:21,11.5300,1,4,5,1,4,5,0.001720,0.032801,intraday,intraday,0,0
2022-07-01 12:59,11.1500,2022-07-01 14:21,11.5100,2022-07-01 14:46,11.7000,2022-07-01 15:02,11.5600,25,16,41,25,16,41,0.016507,0.049327,intraday,intraday,0,0
2022-07-05 09:32,10.6000,2022-07-05 10:32,11.0400,2022-07-05 10:41,11.4400,2022-07-05 10:44,11.3200,9,3,12,9,3,12,0.036232,0.079245,intraday,intraday,0,0
2022-07-05 11:23,10.7800,2022-07-05 12:10,11.1300,2022-07-05 12:12,11.1500,2022-07-05 12:16,11.0300,2,4,6,2,4,6,0.001797,0.034323,intraday,intraday,0,0
2022-07-05 12:16,11.0300,2022-07-05 13:19,11.3700,2022-07-05 13:36,11.4800,2022-07-05 13:47,11.3200,17,11,28,17,11,28,0.009675,0.040798,intraday,intraday,0,0
2022-07-05 14:16,11.2800,2022-07-05 14:35,11.6200,2022-07-05 14:39,11.7500,2022-07-05 14:48,11.6300,4,9,13,4,9,13,0.011188,0.041667,intraday,intraday,0,0
2022-07-05 15:01,11.5900,2022-07-06 09:32,12.0700,2022-07-06 09:32,12.0700,2022-07-06 09:34,11.8900,0,2,2,0,2,2,0.000000,0.041415,intraday,intraday,0,0
2022-07-06 10:21,11.5400,2022-07-06 10:43,11.9200,2022-07-06 10:59,12.1100,2022-07-06 11:03,11.9700,16,4,20,16,4,20,0.015940,0.049393,intraday,intraday,0,0
2022-07-06 11:32,11.7400,2022-07-06 13:58,12.1000,2022-07-06 14:07,12.2300,2022-07-06 14:09,12.1000,9,2,11,9,2,11,0.010744,0.041738,intraday,intraday,0,0
2022-07-06 14:26,11.8600,2022-07-06 14:40,12.2300,2022-07-06 14:46,12.3800,2022-07-06 14:50,12.2400,6,4,10,6,4,10,0.012265,0.043845,intraday,intraday,0,0
2022-07-06 15:53,12.0300,2022-07-07 09:30,13.1400,2022-07-07 09:47,13.4600,2022-07-07 10:00,13.2600,17,13,30,17,13,30,0.024353,0.118869,intraday,intraday,0,0
2022-07-07 10:01,13.2000,2022-07-07 12:18,13.6000,2022-07-07 14:14,13.8800,2022-07-07 14:40,13.7400,116,26,142,116,26,142,0.020588,0.051515,intraday,intraday,0,0
2022-07-08 09:30,13.0400,2022-07-08 09:41,13.5000,2022-07-08 09:42,13.5200,2022-07-08 09:46,13.3300,1,4,5,1,4,5,0.001481,0.036810,intraday,intraday,0,0
2022-07-08 09:50,13.0200,2022-07-08 10:26,13.4400,2022-07-08 11:26,14.1600,2022-07-08 11:41,14.0100,60,15,75,60,15,75,0.053571,0.087558,intraday,intraday,0,0
2022-07-08 13:04,13.2900,2022-07-08 13:40,13.6900,2022-07-08 13:53,13.7700,2022-07-08 14:00,13.6300,13,7,20,13,7,20,0.005844,0.036117,intraday,intraday,0,0
2022-07-11 09:52,12.6700,2022-07-11 10:11,13.0700,2022-07-11 10:11,13.0700,2022-07-11 10:21,12.9100,0,10,10,0,10,10,0.000000,0.031571,intraday,intraday,0,0
2022-07-11 10:23,12.8400,2022-07-11 13:03,13.2500,2022-07-11 13:32,13.4400,2022-07-11 14:01,13.3000,29,29,58,29,29,58,0.014340,0.046729,intraday,intraday,0,0
2022-07-11 15:54,12.8200,2022-07-12 09:30,13.2500,2022-07-12 09:31,13.4300,2022-07-12 09:33,13.2600,1,2,3,1,2,3,0.013585,0.047582,intraday,intraday,0,0
2022-07-12 10:08,12.7700,2022-07-12 10:33,13.1900,2022-07-12 10:33,13.1900,2022-07-12 10:41,13.0300,0,8,8,0,8,8,0.000000,0.032890,intraday,intraday,0,0
2022-07-12 10:43,13.0000,2022-07-12 11:12,13.4000,2022-07-12 11:12,13.4000,2022-07-12 11:17,13.2500,0,5,5,0,5,5,0.000000,0.030769,intraday,intraday,0,0
2022-07-13 09:32,12.1800,2022-07-13 09:39,12.5800,2022-07-13 09:39,12.5800,2022-07-13 09:41,12.4300,0,2,2,0,2,2,0.000000,0.032841,intraday,intraday,0,0
2022-07-13 09:41,12.4300,2022-07-13 09:48,12.8500,2022-07-13 09:49,12.8600,2022-07-13 09:55,12.7100,1,6,7,1,6,7,0.000778,0.034594,intraday,intraday,0,0
2022-07-13 10:20,12.5700,2022-07-13 10:31,12.9900,2022-07-13 10:51,13.5100,2022-07-13 10:53,13.3500,20,2,22,20,2,22,0.040031,0.074781,intraday,intraday,0,0
2022-07-13 11:45,13.0100,2022-07-13 12:53,13.4100,2022-07-13 13:05,13.5200,2022-07-13 13:17,13.3800,12,12,24,12,12,24,0.008203,0.039201,intraday,intraday,0,0
2022-07-14 10:18,12.5700,2022-07-14 11:09,12.9500,2022-07-14 11:10,12.9900,2022-07-14 11:15,12.8500,1,5,6,1,5,6,0.003089,0.033413,intraday,intraday,0,0
2022-07-14 11:15,12.8500,2022-07-14 11:52,13.2500,2022-07-14 12:00,13.2900,2022-07-14 12:07,13.1500,8,7,15,8,7,15,0.003019,0.034241,intraday,intraday,0,0
2022-07-14 12:51,13.0400,2022-07-14 13:29,13.4600,2022-07-14 14:40,14.2500,2022-07-14 14:44,14.1000,71,4,75,71,4,75,0.058692,0.092791,intraday,intraday,0,0
2022-07-14 15:47,13.9500,2022-07-15 09:30,14.7500,2022-07-15 09:30,14.7500,2022-07-15 09:31,14.5600,0,1,1,0,1,1,0.000000,0.057348,intraday,intraday,0,0
2022-07-15 09:54,14.0900,2022-07-15 10:01,14.5300,2022-07-15 10:01,14.5300,2022-07-15 10:03,14.3800,0,2,2,0,2,2,0.000000,0.031228,intraday,intraday,0,0
2022-07-15 10:06,14.2800,2022-07-15 11:08,14.7200,2022-07-15 11:20,14.7900,2022-07-15 11:30,14.6400,12,10,22,12,10,22,0.004755,0.035714,intraday,intraday,0,0
2022-07-15 12:11,14.5100,2022-07-15 14:41,14.9500,2022-07-15 15:21,15.0800,2022-07-15 15:50,14.9000,40,29,69,40,29,69,0.008696,0.039283,intraday,intraday,0,0
2022-07-15 15:50,14.9000,2022-07-18 09:30,15.6700,2022-07-18 09:33,15.8100,2022-07-18 09:35,15.6100,3,2,5,3,2,5,0.008934,0.061074,intraday,intraday,0,0
2022-07-18 10:11,15.2600,2022-07-18 10:32,15.7200,2022-07-18 12:06,16.1800,2022-07-18 12:33,16.0100,94,27,121,94,27,121,0.029262,0.060288,intraday,intraday,0,0
2022-07-18 15:49,14.6500,2022-07-19 09:30,15.5200,2022-07-19 11:35,16.6300,2022-07-19 11:49,16.4600,125,14,139,125,14,139,0.071521,0.135154,intraday,intraday,0,0
2022-07-19 12:17,16.4000,2022-07-19 13:39,16.9000,2022-07-19 14:09,17.1500,2022-07-19 14:25,16.9700,30,16,46,30,16,46,0.014793,0.045732,intraday,intraday,0,0
2022-07-20 09:32,16.5300,2022-07-20 09:44,17.0400,2022-07-20 09:51,17.1100,2022-07-20 09:57,16.9100,7,6,13,7,6,13,0.004108,0.035088,intraday,intraday,0,0
2022-07-20 10:02,16.8800,2022-07-20 10:13,17.4600,2022-07-20 10:52,18.2200,2022-07-20 11:03,17.9100,39,11,50,39,11,50,0.043528,0.079384,intraday,intraday,0,0
2022-07-20 13:11,17.4600,2022-07-20 14:24,17.9900,2022-07-20 15:29,18.4100,2022-07-20 15:58,18.1900,65,29,94,65,29,94,0.023346,0.054410,intraday,intraday,0,0
2022-07-21 10:32,17.7100,2022-07-21 10:54,18.2500,2022-07-21 11:04,18.4300,2022-07-21 11:20,18.1900,10,16,26,10,16,26,0.009863,0.040655,intraday,intraday,0,0
2022-07-21 11:23,18.1500,2022-07-21 12:02,18.7100,2022-07-21 12:31,18.9600,2022-07-21 12:47,18.7500,29,16,45,29,16,45,0.013362,0.044628,intraday,intraday,0,0
2022-07-21 13:35,18.4700,2022-07-21 15:54,19.0400,2022-07-21 15:55,19.0900,2022-07-22 09:30,18.8400,1,5,6,1,1055,1056,0.002626,0.033568,overnight,overnight,1,1
2022-07-22 10:07,17.8600,2022-07-22 10:53,18.4800,2022-07-22 10:54,18.5100,2022-07-22 11:03,18.2300,1,9,10,1,9,10,0.001623,0.036394,intraday,intraday,0,0
2022-07-25 10:26,16.4700,2022-07-25 11:33,16.9900,2022-07-25 11:46,17.1500,2022-07-25 12:13,16.8900,13,27,40,13,27,40,0.009417,0.041287,intraday,intraday,0,0
2022-07-25 15:07,16.7500,2022-07-25 15:59,17.2900,2022-07-25 15:59,17.2900,2022-07-26 09:30,17.0300,0,1,1,0,1051,1051,0.000000,0.032239,overnight,overnight,1,1
2022-07-26 15:07,16.2700,2022-07-27 09:30,17.2800,2022-07-27 10:16,17.9600,2022-07-27 10:31,17.7500,46,15,61,46,15,61,0.039352,0.103872,intraday,intraday,0,0
2022-07-27 13:07,17.6400,2022-07-27 14:39,18.2500,2022-07-27 15:34,19.1000,2022-07-27 15:49,18.8800,55,15,70,55,15,70,0.046575,0.082766,intraday,intraday,0,0
2022-07-28 10:32,17.6000,2022-07-28 10:48,18.1600,2022-07-28 11:53,19.0000,2022-07-28 12:18,18.8000,65,25,90,65,25,90,0.046256,0.079545,intraday,intraday,0,0
2022-07-28 13:01,18.6700,2022-07-28 14:54,19.2400,2022-07-28 15:29,19.5100,2022-07-28 15:38,19.2900,35,9,44,35,9,44,0.014033,0.044992,intraday,intraday,0,0
2022-07-29 09:30,18.5000,2022-07-29 09:42,19.1300,2022-07-29 10:06,19.4100,2022-07-29 10:11,19.1700,24,5,29,24,5,29,0.014637,0.049189,intraday,intraday,0,0
2022-07-29 11:27,18.7900,2022-07-29 12:17,19.3700,2022-07-29 15:48,19.9800,2022-08-01 09:30,19.2700,211,12,223,211,3942,4153,0.031492,0.063332,weekend,weekend,1,1
2022-08-01 09:34,19.0800,2022-08-01 09:42,19.7200,2022-08-01 09:42,19.7200,2022-08-01 09:45,19.5200,0,3,3,0,3,3,0.000000,0.033543,intraday,intraday,0,0
2022-08-01 09:48,19.5100,2022-08-01 10:05,20.1900,2022-08-01 10:14,20.3600,2022-08-01 10:19,20.0400,9,5,14,9,5,14,0.008420,0.043567,intraday,intraday,0,0
2022-08-01 10:28,19.9100,2022-08-01 10:53,20.5200,2022-08-01 11:00,20.5600,2022-08-01 11:06,20.3500,7,6,13,7,6,13,0.001949,0.032647,intraday,intraday,0,0
2022-08-01 13:46,19.5500,2022-08-01 14:57,20.1500,2022-08-01 15:16,20.2000,2022-08-01 15:21,19.9800,19,5,24,19,5,24,0.002481,0.033248,intraday,intraday,0,0
2022-08-02 10:10,19.1700,2022-08-02 10:47,19.7800,2022-08-02 10:53,20.0900,2022-08-02 11:07,19.8300,6,14,20,6,14,20,0.015672,0.047992,intraday,intraday,0,0
2022-08-02 11:14,19.7500,2022-08-02 12:08,20.3700,2022-08-02 12:41,20.8400,2022-08-02 13:02,20.6200,33,21,54,33,21,54,0.023073,0.055190,intraday,intraday,0,0
2022-08-02 13:51,19.8900,2022-08-03 10:06,20.4900,2022-08-03 10:16,20.5500,2022-08-03 10:19,20.2900,10,3,13,10,3,13,0.002928,0.033183,intraday,intraday,0,0
2022-08-03 10:36,20.1300,2022-08-03 11:35,20.7400,2022-08-03 14:38,21.7100,2022-08-03 15:17,21.4800,183,39,222,183,39,222,0.046770,0.078490,intraday,intraday,0,0
2022-08-04 09:31,21.2900,2022-08-04 09:46,21.9400,2022-08-04 09:46,21.9400,2022-08-04 09:53,21.6400,0,7,7,0,7,7,0.000000,0.030531,intraday,intraday,0,0
2022-08-04 10:38,21.3300,2022-08-04 11:57,21.9800,2022-08-04 12:00,22.0100,2022-08-04 12:41,21.7100,3,41,44,3,41,44,0.001365,0.031880,intraday,intraday,0,0
2022-08-04 12:48,21.5600,2022-08-04 15:12,22.2100,2022-08-04 15:15,22.2500,2022-08-04 15:33,22.0000,3,18,21,3,18,21,0.001801,0.032004,intraday,intraday,0,0
2022-08-05 09:30,20.9500,2022-08-05 10:02,21.5900,2022-08-05 10:23,22.0900,2022-08-05 10:30,21.8500,21,7,28,21,7,28,0.023159,0.054415,intraday,intraday,0,0
2022-08-05 11:29,20.6100,2022-08-05 12:48,21.2400,2022-08-05 13:33,21.6300,2022-08-05 13:47,21.3800,45,14,59,45,14,59,0.018362,0.049491,intraday,intraday,0,0
2022-08-08 09:31,20.6500,2022-08-08 10:02,21.2700,2022-08-08 10:04,21.3100,2022-08-08 10:07,21.0200,2,3,5,2,3,5,0.001881,0.031961,intraday,intraday,0,0
2022-08-08 12:28,19.6000,2022-08-08 12:51,20.2000,2022-08-08 13:17,20.4100,2022-08-08 13:29,20.1900,26,12,38,26,12,38,0.010396,0.041327,intraday,intraday,0,0
2022-08-08 14:53,19.8200,2022-08-08 15:40,20.4300,2022-08-08 15:55,20.5600,2022-08-09 09:30,19.1700,15,5,20,15,1055,1070,0.006363,0.037336,overnight,overnight,1,1
2022-08-09 12:32,16.9300,2022-08-09 14:00,17.4600,2022-08-09 14:01,17.4900,2022-08-09 14:13,17.3100,1,12,13,1,12,13,0.001718,0.033077,intraday,intraday,0,0
2022-08-09 14:21,17.1500,2022-08-09 14:50,17.6900,2022-08-09 15:26,17.9100,2022-08-09 15:36,17.7300,36,10,46,36,10,46,0.012436,0.044315,intraday,intraday,0,0
2022-08-09 15:56,17.6500,2022-08-10 09:30,19.0300,2022-08-10 09:30,19.0300,2022-08-10 09:31,18.7000,0,1,1,0,1,1,0.000000,0.078187,intraday,intraday,0,0
2022-08-10 09:42,18.4100,2022-08-10 10:46,18.9800,2022-08-10 12:00,19.8700,2022-08-10 12:17,19.6400,74,17,91,74,17,91,0.046891,0.079305,intraday,intraday,0,0
2022-08-10 13:01,19.3500,2022-08-10 15:44,19.9400,2022-08-11 09:30,20.5100,2022-08-11 09:31,20.2700,16,1,17,1066,1,1067,0.028586,0.059948,overnight,intraday,0,1
2022-08-11 09:32,20.2100,2022-08-11 09:42,20.8300,2022-08-11 09:48,21.0200,2022-08-11 09:57,20.7900,6,9,15,6,9,15,0.009121,0.040079,intraday,intraday,0,0
2022-08-11 09:57,20.7900,2022-08-11 10:16,21.4300,2022-08-11 10:19,21.5600,2022-08-11 10:23,21.3400,3,4,7,3,4,7,0.006066,0.037037,intraday,intraday,0,0
2022-08-11 15:12,19.6900,2022-08-12 09:37,20.3000,2022-08-12 09:47,20.9000,2022-08-12 09:48,20.6800,10,1,11,10,1,11,0.029557,0.061453,intraday,intraday,0,0
2022-08-12 10:48,20.6100,2022-08-12 12:15,21.2300,2022-08-12 14:50,21.7100,2022-08-12 15:00,21.4900,155,10,165,155,10,165,0.022610,0.053372,intraday,intraday,0,0
2022-08-15 11:12,20.8200,2022-08-15 11:43,21.4500,2022-08-15 11:55,21.6000,2022-08-15 12:39,21.3800,12,44,56,12,44,56,0.006993,0.037464,intraday,intraday,0,0
2022-08-16 10:34,20.4200,2022-08-16 10:51,21.0400,2022-08-16 10:51,21.0400,2022-08-16 10:55,20.8200,0,4,4,0,4,4,0.000000,0.030362,intraday,intraday,0,0
2022-08-16 11:04,20.7000,2022-08-16 11:54,21.3400,2022-08-16 12:15,21.4500,2022-08-16 12:43,21.2000,21,28,49,21,28,49,0.005155,0.036232,intraday,intraday,0,0
2022-08-17 11:52,18.7300,2022-08-17 13:52,19.3000,2022-08-17 14:15,19.7600,2022-08-17 14:23,19.5500,23,8,31,23,8,31,0.023834,0.054992,intraday,intraday,0,0
2022-08-17 15:20,19.4800,2022-08-18 09:39,20.1500,2022-08-18 09:44,20.4100,2022-08-18 09:48,20.1400,5,4,9,5,4,9,0.012903,0.047741,intraday,intraday,0,0
2022-08-18 10:00,19.9800,2022-08-18 10:40,20.6100,2022-08-18 12:06,21.3600,2022-08-18 12:16,21.1100,86,10,96,86,10,96,0.036390,0.069069,intraday,intraday,0,0
2022-08-22 15:46,16.7800,2022-08-23 09:32,17.3600,2022-08-23 09:33,17.3800,2022-08-23 09:43,17.1200,1,10,11,1,10,11,0.001152,0.035757,intraday,intraday,0,0
2022-08-23 09:44,17.0700,2022-08-23 09:50,17.7300,2022-08-23 09:52,17.8900,2022-08-23 09:56,17.6800,2,4,6,2,4,6,0.009024,0.048037,intraday,intraday,0,0
2022-08-24 10:04,16.8100,2022-08-24 10:28,17.3200,2022-08-24 10:28,17.3200,2022-08-24 10:40,17.1200,0,12,12,0,12,12,0.000000,0.030339,intraday,intraday,0,0
2022-08-24 13:30,17.0400,2022-08-25 09:30,17.6700,2022-08-25 09:38,18.2100,2022-08-25 09:41,18.0200,8,3,11,8,3,11,0.030560,0.068662,intraday,intraday,0,0
2022-08-25 09:49,17.9900,2022-08-25 10:16,18.5800,2022-08-25 10:49,19.0300,2022-08-25 10:55,18.7900,33,6,39,33,6,39,0.024220,0.057810,intraday,intraday,0,0
2022-08-25 11:24,18.5100,2022-08-25 15:42,19.1100,2022-08-25 15:58,19.3300,2022-08-26 09:30,19.1100,16,2,18,16,1052,1068,0.011512,0.044300,overnight,overnight,1,1
2022-08-26 10:02,18.2300,2022-08-26 10:09,19.2100,2022-08-26 10:09,19.2100,2022-08-26 10:11,18.9700,0,2,2,0,2,2,0.000000,0.053758,intraday,intraday,0,0
2022-08-29 09:30,15.5700,2022-08-29 09:36,16.0500,2022-08-29 09:36,16.0500,2022-08-29 09:38,15.8800,0,2,2,0,2,2,0.000000,0.030829,intraday,intraday,0,0
2022-08-29 11:12,14.9500,2022-08-29 12:15,15.4100,2022-08-29 12:15,15.4100,2022-08-29 12:28,15.2200,0,13,13,0,13,13,0.000000,0.030769,intraday,intraday,0,0
2022-08-29 12:36,15.1000,2022-08-29 13:06,15.5700,2022-08-29 13:06,15.5700,2022-08-29 13:17,15.4100,0,11,11,0,11,11,0.000000,0.031126,intraday,intraday,0,0
2022-08-29 15:59,15.0100,2022-08-30 09:33,15.4700,2022-08-30 09:33,15.4700,2022-08-30 09:36,15.2800,0,3,3,0,3,3,0.000000,0.030646,intraday,intraday,0,0
2022-08-30 10:49,14.0100,2022-08-30 12:06,14.4400,2022-08-30 12:15,14.5600,2022-08-30 12:20,14.3900,9,5,14,9,5,14,0.008310,0.039258,intraday,intraday,0,0
2022-08-30 13:44,13.9600,2022-08-30 15:07,14.4100,2022-08-30 15:11,14.5100,2022-08-30 15:30,14.3400,4,19,23,4,19,23,0.006940,0.039398,intraday,intraday,0,0
2022-08-31 09:35,14.2000,2022-08-31 09:48,14.6400,2022-08-31 09:50,14.6800,2022-08-31 09:55,14.4800,2,5,7,2,5,7,0.002732,0.033803,intraday,intraday,0,0
2022-08-31 11:07,13.6800,2022-08-31 12:13,14.1000,2022-08-31 12:16,14.1100,2022-08-31 12:38,13.9600,3,22,25,3,22,25,0.000709,0.031433,intraday,intraday,0,0
2022-08-31 13:41,13.6600,2022-08-31 15:11,14.0800,2022-08-31 15:15,14.2700,2022-08-31 15:25,14.1200,4,10,14,4,10,14,0.013494,0.044656,intraday,intraday,0,0
2022-09-01 12:41,12.0000,2022-09-01 13:13,12.3900,2022-09-01 13:31,12.5600,2022-09-01 13:45,12.4100,18,14,32,18,14,32,0.013721,0.046667,intraday,intraday,0,0
2022-09-01 14:02,12.3000,2022-09-01 14:22,12.6900,2022-09-01 14:35,12.9900,2022-09-01 14:50,12.8500,13,15,28,13,15,28,0.023641,0.056098,intraday,intraday,0,0
2022-09-01 14:50,12.8500,2022-09-02 09:30,13.7800,2022-09-02 09:30,13.7800,2022-09-02 09:31,13.6200,0,1,1,0,1,1,0.000000,0.072374,intraday,intraday,0,0
2022-09-02 10:01,13.2100,2022-09-02 10:12,13.7200,2022-09-02 10:15,13.7900,2022-09-02 10:20,13.6500,3,5,8,3,5,8,0.005102,0.043906,intraday,intraday,0,0
2022-09-02 10:20,13.6500,2022-09-02 10:37,14.0700,2022-09-02 10:38,14.1100,2022-09-02 10:52,13.8700,1,14,15,1,14,15,0.002843,0.033700,intraday,intraday,0,0
2022-09-02 13:58,12.6700,2022-09-02 15:07,13.0600,2022-09-02 15:07,13.0600,2022-09-02 15:11,12.9200,0,4,4,0,4,4,0.000000,0.030781,intraday,intraday,0,0
2022-09-06 10:12,12.0900,2022-09-06 10:40,12.6100,2022-09-06 10:40,12.6100,2022-09-06 10:42,12.4800,0,2,2,0,2,2,0.000000,0.043011,intraday,intraday,0,0
2022-09-06 10:45,12.4700,2022-09-06 11:08,12.8800,2022-09-06 11:08,12.8800,2022-09-06 11:11,12.7400,0,3,3,0,3,3,0.000000,0.032879,intraday,intraday,0,0
2022-09-06 13:51,12.2700,2022-09-07 09:34,12.6500,2022-09-07 09:36,12.8000,2022-09-07 09:40,12.6100,2,4,6,2,4,6,0.011858,0.043195,intraday,intraday,0,0
2022-09-07 10:15,12.2800,2022-09-07 11:08,12.6600,2022-09-07 11:55,12.8700,2022-09-07 12:06,12.7300,47,11,58,47,11,58,0.016588,0.048046,intraday,intraday,0,0
2022-09-07 12:32,12.5200,2022-09-07 13:43,12.9200,2022-09-07 14:04,13.0300,2022-09-07 14:20,12.8800,21,16,37,21,16,37,0.008514,0.040735,intraday,intraday,0,0
2022-09-07 14:20,12.8800,2022-09-07 15:15,13.2700,2022-09-07 15:26,13.2900,2022-09-07 15:40,13.1100,11,14,25,11,14,25,0.001507,0.031832,intraday,intraday,0,0
2022-09-08 09:35,12.4000,2022-09-08 09:44,12.8000,2022-09-08 09:55,13.0500,2022-09-08 10:00,12.8700,11,5,16,11,5,16,0.019531,0.052419,intraday,intraday,0,0
2022-09-08 10:03,12.7000,2022-09-08 10:19,13.1500,2022-09-08 10:20,13.2300,2022-09-08 10:23,13.0700,1,3,4,1,3,4,0.006084,0.041732,intraday,intraday,0,0
2022-09-08 10:24,13.0200,2022-09-08 10:57,13.4500,2022-09-08 11:24,13.7800,2022-09-08 11:40,13.6200,27,16,43,27,16,43,0.024535,0.058372,intraday,intraday,0,0
2022-09-08 12:10,13.0000,2022-09-08 13:12,13.4100,2022-09-08 13:37,13.5700,2022-09-08 13:55,13.3900,25,18,43,25,18,43,0.011931,0.043846,intraday,intraday,0,0
2022-09-08 13:56,13.3000,2022-09-09 09:30,14.2700,2022-09-09 09:34,14.5000,2022-09-09 09:42,14.3400,4,8,12,4,8,12,0.016118,0.090226,intraday,intraday,0,0
2022-09-09 09:45,14.3300,2022-09-09 11:37,14.7700,2022-09-09 11:46,14.8300,2022-09-09 12:03,14.6300,9,17,26,9,17,26,0.004062,0.034892,intraday,intraday,0,0
2022-09-09 12:24,14.5100,2022-09-12 09:56,14.9500,2022-09-12 09:59,14.9600,2022-09-12 10:12,14.7900,3,13,16,3,13,16,0.000669,0.031013,intraday,intraday,0,0
2022-09-12 12:10,14.3200,2022-09-12 15:43,14.7600,2022-09-12 15:59,14.7900,2022-09-13 09:30,13.1900,16,1,17,16,1051,1067,0.002033,0.032821,overnight,overnight,1,1
2022-09-13 15:45,11.9600,2022-09-14 09:59,12.3300,2022-09-14 09:59,12.3300,2022-09-14 10:03,12.1900,0,4,4,0,4,4,0.000000,0.030936,intraday,intraday,0,0
2022-09-14 10:29,11.9900,2022-09-14 10:43,12.3600,2022-09-14 10:54,12.5400,2022-09-14 11:01,12.4000,11,7,18,11,7,18,0.014563,0.045872,intraday,intraday,0,0
2022-09-14 15:32,12.0300,2022-09-14 15:54,12.4300,2022-09-14 15:59,12.4900,2022-09-15 09:30,12.2200,5,1,6,5,1051,1056,0.004827,0.038238,overnight,overnight,1,1
2022-09-15 09:38,12.1500,2022-09-15 09:49,12.5600,2022-09-15 10:00,12.6200,2022-09-15 10:03,12.4800,11,3,14,11,3,14,0.004777,0.038683,intraday,intraday,0,0
2022-09-15 11:15,11.6300,2022-09-15 11:33,11.9800,2022-09-15 11:45,12.0500,2022-09-15 11:50,11.9200,12,5,17,12,5,17,0.005843,0.036113,intraday,intraday,0,0
2022-09-15 11:57,11.7900,2022-09-15 13:00,12.2000,2022-09-15 13:26,12.4300,2022-09-15 13:36,12.2800,26,10,36,26,10,36,0.018852,0.054283,intraday,intraday,0,0
2022-09-16 09:31,11.2400,2022-09-16 09:39,11.5900,2022-09-16 09:39,11.5900,2022-09-16 09:40,11.4600,0,1,1,0,1,1,0.000000,0.031139,intraday,intraday,0,0
2022-09-16 09:53,11.3300,2022-09-16 10:12,11.7000,2022-09-16 10:13,11.8100,2022-09-16 10:19,11.6600,1,6,7,1,6,7,0.009402,0.042365,intraday,intraday,0,0
2022-09-16 10:22,11.6200,2022-09-16 10:34,11.9800,2022-09-16 10:36,12.0400,2022-09-16 10:38,11.9100,2,2,4,2,2,4,0.005008,0.036145,intraday,intraday,0,0
2022-09-16 12:27,11.3300,2022-09-16 14:05,11.6700,2022-09-16 15:06,12.0400,2022-09-16 15:18,11.9100,61,12,73,61,12,73,0.031705,0.062665,intraday,intraday,0,0
2022-09-16 15:30,11.7800,2022-09-19 09:45,12.1400,2022-09-19 09:45,12.1400,2022-09-19 09:49,12.0000,0,4,4,0,4,4,0.000000,0.030560,intraday,intraday,0,0
2022-09-19 10:08,11.9900,2022-09-19 10:38,12.3500,2022-09-19 10:43,12.4300,2022-09-19 10:57,12.2900,5,14,19,5,14,19,0.006478,0.036697,intraday,intraday,0,0
2022-09-19 12:06,11.8000,2022-09-19 13:29,12.1600,2022-09-19 13:29,12.1600,2022-09-19 13:37,12.0300,0,8,8,0,8,8,0.000000,0.030508,intraday,intraday,0,0
2022-09-20 13:58,11.4400,2022-09-20 15:21,11.7900,2022-09-20 15:28,11.8200,2022-09-20 15:31,11.7000,7,3,10,7,3,10,0.002545,0.033217,intraday,intraday,0,0
2022-09-20 15:56,11.6700,2022-09-21 09:48,12.1000,2022-09-21 10:29,12.3700,2022-09-21 10:36,12.2400,41,7,48,41,7,48,0.022314,0.059983,intraday,intraday,0,0
2022-09-21 14:04,11.5600,2022-09-21 14:25,11.9200,2022-09-21 14:26,11.9500,2022-09-21 14:28,11.8200,1,2,3,1,2,3,0.002517,0.033737,intraday,intraday,0,0
2022-09-21 14:30,11.7300,2022-09-21 14:34,12.2300,2022-09-21 14:37,12.3000,2022-09-21 14:40,12.1300,3,3,6,3,3,6,0.005724,0.048593,intraday,intraday,0,0
2022-09-21 14:40,12.1300,2022-09-21 14:43,12.6300,2022-09-21 14:46,12.8900,2022-09-21 14:47,12.6500,3,1,4,3,1,4,0.020586,0.062655,intraday,intraday,0,0
2022-09-21 15:11,12.1600,2022-09-21 15:15,12.5300,2022-09-21 15:15,12.5300,2022-09-21 15:18,12.3800,0,3,3,0,3,3,0.000000,0.030428,intraday,intraday,0,0
2022-09-22 14:23,10.2500,2022-09-22 15:11,10.5800,2022-09-22 15:14,10.6600,2022-09-22 15:26,10.5500,3,12,15,3,12,15,0.007561,0.040000,intraday,intraday,0,0
2022-09-23 10:00,9.5600,2022-09-23 10:46,9.8600,2022-09-23 10:48,9.8700,2022-09-23 10:52,9.7500,2,4,6,2,4,6,0.001014,0.032427,intraday,intraday,0,0
2022-09-23 14:58,9.4600,2022-09-23 15:16,9.7500,2022-09-23 15:44,10.0000,2022-09-23 15:49,9.8800,28,5,33,28,5,33,0.025641,0.057082,intraday,intraday,0,0
2022-09-23 15:50,9.8400,2022-09-26 09:36,10.1400,2022-09-26 09:36,10.1400,2022-09-26 09:44,10.0000,0,8,8,0,8,8,0.000000,0.030488,intraday,intraday,0,0
2022-09-26 09:44,10.0000,2022-09-26 10:16,10.3500,2022-09-26 10:16,10.3500,2022-09-26 10:27,10.2100,0,11,11,0,11,11,0.000000,0.035000,intraday,intraday,0,0
2022-09-26 13:59,9.5100,2022-09-26 14:52,9.8200,2022-09-26 15:02,9.8800,2022-09-26 15:14,9.7800,10,12,22,10,12,22,0.006110,0.038906,intraday,intraday,0,0
2022-09-26 15:59,9.5300,2022-09-27 09:30,10.0800,2022-09-27 09:40,10.2700,2022-09-27 09:43,10.1600,10,3,13,10,3,13,0.018849,0.077650,intraday,intraday,0,0
2022-09-27 10:03,9.7900,2022-09-27 11:09,10.1100,2022-09-27 11:09,10.1100,2022-09-27 11:13,10.0000,0,4,4,0,4,4,0.000000,0.032686,intraday,intraday,0,0
2022-09-27 12:19,9.3900,2022-09-27 14:03,9.6800,2022-09-27 14:03,9.6800,2022-09-27 14:16,9.5800,0,13,13,0,13,13,0.000000,0.030884,intraday,intraday,0,0
2022-09-27 14:19,9.5600,2022-09-27 14:49,9.8800,2022-09-27 14:49,9.8800,2022-09-27 15:01,9.7400,0,12,12,0,12,12,0.000000,0.033473,intraday,intraday,0,0
2022-09-28 09:34,9.5000,2022-09-28 09:41,9.7900,2022-09-28 09:44,9.8700,2022-09-28 09:46,9.7300,3,2,5,3,2,5,0.008172,0.038947,intraday,intraday,0,0
2022-09-28 10:09,9.6400,2022-09-28 10:27,9.9500,2022-09-28 10:37,10.0100,2022-09-28 10:58,9.8800,10,21,31,10,21,31,0.006030,0.038382,intraday,intraday,0,0
2022-09-28 10:58,9.8800,2022-09-28 12:10,10.1900,2022-09-28 12:18,10.2400,2022-09-28 12:24,10.1300,8,6,14,8,6,14,0.004907,0.036437,intraday,intraday,0,0
2022-09-28 13:52,9.9300,2022-09-28 15:25,10.2300,2022-09-28 15:53,10.3400,2022-09-28 15:59,10.2000,28,6,34,28,6,34,0.010753,0.041289,intraday,intraday,0,0
2022-09-29 10:35,9.0100,2022-09-29 11:55,9.2900,2022-09-29 11:55,9.2900,2022-09-29 12:16,9.1800,0,21,21,0,21,21,0.000000,0.031077,intraday,intraday,0,0
2022-09-29 14:19,8.8100,2022-09-29 15:16,9.1000,2022-09-29 15:48,9.2700,2022-09-30 09:30,9.0200,32,12,44,32,1062,1094,0.018681,0.052213,overnight,overnight,1,1
2022-09-30 09:38,8.9600,2022-09-30 10:11,9.2700,2022-09-30 10:11,9.2700,2022-09-30 10:12,9.1400,0,1,1,0,1,1,0.000000,0.034598,intraday,intraday,0,0
2022-09-30 10:17,9.1000,2022-09-30 10:33,9.4100,2022-09-30 10:37,9.4500,2022-09-30 10:41,9.3200,4,4,8,4,4,8,0.004251,0.038462,intraday,intraday,0,0
2022-09-30 15:58,8.7500,2022-10-03 09:30,9.1300,2022-10-03 09:31,9.1400,2022-10-03 09:32,9.0300,1,1,2,1,1,2,0.001095,0.044571,intraday,intraday,0,0
2022-10-03 09:40,8.9100,2022-10-03 09:45,9.2200,2022-10-03 10:30,9.7900,2022-10-03 10:38,9.6800,45,8,53,45,8,53,0.061822,0.098765,intraday,intraday,0,0
2022-10-03 12:52,9.5300,2022-10-03 13:35,9.8200,2022-10-03 15:07,10.0000,2022-10-03 15:17,9.8900,92,10,102,92,10,102,0.018330,0.049318,intraday,intraday,0,0
2022-10-03 15:55,9.7000,2022-10-04 09:30,10.6100,2022-10-04 09:39,10.7600,2022-10-04 09:42,10.6500,9,3,12,9,3,12,0.014138,0.109278,intraday,intraday,0,0
2022-10-04 09:43,10.6200,2022-10-04 10:00,10.9500,2022-10-04 10:01,11.0200,2022-10-04 10:21,10.8900,1,20,21,1,20,21,0.006393,0.037665,intraday,intraday,0,0
2022-10-05 10:32,10.2300,2022-10-05 11:19,10.5600,2022-10-05 11:55,10.8300,2022-10-05 12:02,10.7200,36,7,43,36,7,43,0.025568,0.058651,intraday,intraday,0,0
2022-10-05 12:02,10.7200,2022-10-05 12:18,11.0500,2022-10-05 13:22,11.4000,2022-10-05 13:32,11.2800,64,10,74,64,10,74,0.031674,0.063433,intraday,intraday,0,0
2022-10-05 13:59,11.2200,2022-10-05 15:13,11.5900,2022-10-05 15:18,11.6500,2022-10-05 15:27,11.5200,5,9,14,5,9,14,0.005177,0.038324,intraday,intraday,0,0
2022-10-06 09:30,11.3200,2022-10-06 09:38,11.6600,2022-10-06 09:43,11.9100,2022-10-06 09:47,11.7700,5,4,9,5,4,9,0.021441,0.052120,intraday,intraday,0,0
2022-10-06 10:28,11.0700,2022-10-06 10:52,11.4100,2022-10-06 10:59,11.5200,2022-10-06 11:04,11.3900,7,5,12,7,5,12,0.009641,0.040650,intraday,intraday,0,0
2022-10-07 10:04,9.7000,2022-10-07 10:23,10.0300,2022-10-07 10:23,10.0300,2022-10-07 10:28,9.9000,0,5,5,0,5,5,0.000000,0.034021,intraday,intraday,0,0
2022-10-10 11:00,7.8700,2022-10-10 11:21,8.1300,2022-10-10 11:22,8.1500,2022-10-10 11:26,8.0600,1,4,5,1,4,5,0.002460,0.035578,intraday,intraday,0,0
2022-10-10 11:41,7.9800,2022-10-10 11:50,8.2700,2022-10-10 11:50,8.2700,2022-10-10 11:59,8.1800,0,9,9,0,9,9,0.000000,0.036341,intraday,intraday,0,0
2022-10-10 13:06,7.9100,2022-10-10 13:39,8.1700,2022-10-10 13:52,8.4400,2022-10-10 13:58,8.3500,13,6,19,13,6,19,0.033048,0.067004,intraday,intraday,0,0
2022-10-10 14:22,8.1200,2022-10-10 15:16,8.3700,2022-10-10 15:19,8.4100,2022-10-10 15:26,8.3000,3,7,10,3,7,10,0.004779,0.035714,intraday,intraday,0,0
2022-10-11 10:30,7.3600,2022-10-11 10:40,7.6500,2022-10-11 10:40,7.6500,2022-10-11 10:43,7.5700,0,3,3,0,3,3,0.000000,0.039402,intraday,intraday,0,0
2022-10-11 10:59,7.3900,2022-10-11 11:34,7.6200,2022-10-11 11:36,7.6900,2022-10-11 11:41,7.6100,2,5,7,2,5,7,0.009186,0.040595,intraday,intraday,0,0
2022-10-11 11:41,7.6100,2022-10-11 11:48,7.8500,2022-10-11 11:51,7.8700,2022-10-11 11:54,7.7900,3,3,6,3,3,6,0.002548,0.034166,intraday,intraday,0,0
2022-10-11 12:09,7.5200,2022-10-11 12:20,7.7500,2022-10-11 12:21,7.7700,2022-10-11 12:27,7.6900,1,6,7,1,6,7,0.002581,0.033245,intraday,intraday,0,0
2022-10-11 12:36,7.6800,2022-10-11 12:44,7.9300,2022-10-11 12:46,8.0000,2022-10-11 12:50,7.8900,2,4,6,2,4,6,0.008827,0.041667,intraday,intraday,0,0
2022-10-11 15:15,7.2000,2022-10-11 15:36,7.4200,2022-10-11 15:49,7.4600,2022-10-11 15:51,7.3800,13,2,15,13,2,15,0.005391,0.036111,intraday,intraday,0,0
2022-10-12 09:32,7.3100,2022-10-12 09:37,7.5800,2022-10-12 09:37,7.5800,2022-10-12 09:40,7.4800,0,3,3,0,3,3,0.000000,0.036936,intraday,intraday,0,0
2022-10-12 10:45,7.2400,2022-10-12 11:03,7.4600,2022-10-12 11:22,7.4800,2022-10-12 11:35,7.4000,19,13,32,19,13,32,0.002681,0.033149,intraday,intraday,0,0
2022-10-13 09:33,6.2400,2022-10-13 09:42,6.5300,2022-10-13 09:42,6.5300,2022-10-13 09:43,6.4400,0,1,1,0,1,1,0.000000,0.046474,intraday,intraday,0,0
2022-10-13 09:44,6.4100,2022-10-13 09:52,6.6600,2022-10-13 09:53,6.6900,2022-10-13 09:54,6.6200,1,1,2,1,1,2,0.004505,0.043682,intraday,intraday,0,0
2022-10-13 09:55,6.6000,2022-10-13 10:08,6.8600,2022-10-13 10:09,6.9200,2022-10-13 10:10,6.8400,1,1,2,1,1,2,0.008746,0.048485,intraday,intraday,0,0
2022-10-13 10:10,6.8400,2022-10-13 10:14,7.0600,2022-10-13 10:14,7.0600,2022-10-13 10:18,6.9800,0,4,4,0,4,4,0.000000,0.032164,intraday,intraday,0,0
2022-10-13 10:29,6.7900,2022-10-13 10:41,7.0200,2022-10-13 10:41,7.0200,2022-10-13 10:42,6.9400,0,1,1,0,1,1,0.000000,0.033873,intraday,intraday,0,0
2022-10-13 10:42,6.9400,2022-10-13 10:54,7.1600,2022-10-13 10:56,7.2600,2022-10-13 10:59,7.1600,2,3,5,2,3,5,0.013966,0.046110,intraday,intraday,0,0
2022-10-13 11:02,7.1400,2022-10-13 11:06,7.3700,2022-10-13 11:20,8.1500,2022-10-13 11:21,8.0200,14,1,15,14,1,15,0.105834,0.141457,intraday,intraday,0,0
2022-10-13 11:25,7.7700,2022-10-13 11:37,8.0200,2022-10-13 11:40,8.3600,2022-10-13 11:41,8.2100,3,1,4,3,1,4,0.042394,0.075933,intraday,intraday,0,0
2022-10-13 12:29,7.5900,2022-10-13 13:02,7.8200,2022-10-13 13:04,7.8700,2022-10-13 13:09,7.7700,2,5,7,2,5,7,0.006394,0.036891,intraday,intraday,0,0
2022-10-13 13:13,7.7400,2022-10-13 13:21,7.9800,2022-10-13 13:34,8.1000,2022-10-13 13:43,8.0100,13,9,22,13,9,22,0.015038,0.046512,intraday,intraday,0,0
2022-10-13 14:29,7.8100,2022-10-13 15:07,8.0500,2022-10-13 15:11,8.0800,2022-10-13 15:20,7.9900,4,9,13,4,9,13,0.003727,0.034571,intraday,intraday,0,0
2022-10-13 15:37,7.9000,2022-10-14 09:30,8.2200,2022-10-14 09:30,8.2200,2022-10-14 09:31,8.0600,0,1,1,0,1,1,0.000000,0.040506,intraday,intraday,0,0
2022-10-14 09:34,7.8700,2022-10-14 09:39,8.1200,2022-10-14 09:39,8.1200,2022-10-14 09:40,8.0100,0,1,1,0,1,1,0.000000,0.031766,intraday,intraday,0,0
2022-10-14 10:01,7.2900,2022-10-14 10:05,7.5200,2022-10-14 10:05,7.5200,2022-10-14 10:07,7.4100,0,2,2,0,2,2,0.000000,0.031550,intraday,intraday,0,0
2022-10-14 10:21,7.1600,2022-10-14 10:31,7.4100,2022-10-14 10:31,7.4100,2022-10-14 10:34,7.3000,0,3,3,0,3,3,0.000000,0.034916,intraday,intraday,0,0
2022-10-14 10:45,7.2000,2022-10-14 11:00,7.5000,2022-10-14 11:03,7.5400,2022-10-14 11:08,7.4400,3,5,8,3,5,8,0.005333,0.047222,intraday,intraday,0,0
2022-10-14 15:58,6.8900,2022-10-17 09:30,7.6000,2022-10-17 09:31,7.6200,2022-10-17 09:33,7.5400,1,2,3,1,2,3,0.002632,0.105951,intraday,intraday,0,0
2022-10-17 11:08,7.2100,2022-10-17 11:40,7.4400,2022-10-17 11:53,7.4600,2022-10-17 12:04,7.3800,13,11,24,13,11,24,0.002688,0.034674,intraday,intraday,0,0
2022-10-17 15:07,7.2700,2022-10-18 09:30,8.1100,2022-10-18 09:32,8.1300,2022-10-18 09:33,7.9900,2,1,3,2,1,3,0.002466,0.118294,intraday,intraday,0,0
2022-10-18 11:40,7.0700,2022-10-18 11:52,7.2900,2022-10-18 12:12,7.4700,2022-10-18 12:23,7.3900,20,11,31,20,11,31,0.024691,0.056577,intraday,intraday,0,0
2022-10-18 13:04,7.3200,2022-10-18 13:55,7.5400,2022-10-18 13:55,7.5400,2022-10-18 14:05,7.4600,0,10,10,0,10,10,0.000000,0.030055,intraday,intraday,0,0
2022-10-18 14:47,7.1500,2022-10-18 15:31,7.3900,2022-10-18 15:33,7.4200,2022-10-19 09:30,7.3400,2,27,29,2,1077,1079,0.004060,0.037762,overnight,overnight,1,1
2022-10-19 09:49,7.2200,2022-10-19 10:05,7.4400,2022-10-19 10:29,7.7800,2022-10-19 10:35,7.6900,24,6,30,24,6,30,0.045699,0.077562,intraday,intraday,0,0
2022-10-19 10:58,7.4600,2022-10-19 11:47,7.7000,2022-10-19 11:55,7.7500,2022-10-19 12:00,7.6400,8,5,13,8,5,13,0.006494,0.038874,intraday,intraday,0,0
2022-10-19 13:05,7.3300,2022-10-19 14:12,7.5500,2022-10-19 14:17,7.5900,2022-10-19 14:44,7.5100,5,27,32,5,27,32,0.005298,0.035471,intraday,intraday,0,0
2022-10-19 15:07,7.4200,2022-10-20 09:30,7.7400,2022-10-20 09:33,7.7600,2022-10-20 09:35,7.6500,3,2,5,3,2,5,0.002584,0.045822,intraday,intraday,0,0
2022-10-20 09:36,7.6200,2022-10-20 09:43,7.8500,2022-10-20 10:09,8.2600,2022-10-20 10:14,8.1400,26,5,31,26,5,31,0.052229,0.083990,intraday,intraday,0,0
2022-10-20 10:14,8.1400,2022-10-20 11:00,8.4000,2022-10-20 11:13,8.4100,2022-10-20 11:19,8.3000,13,6,19,13,6,19,0.001190,0.033170,intraday,intraday,0,0
2022-10-21 09:35,7.5800,2022-10-21 09:45,7.8800,2022-10-21 09:46,7.9200,2022-10-21 09:48,7.8300,1,2,3,1,2,3,0.005076,0.044855,intraday,intraday,0,0
2022-10-21 09:48,7.8300,2022-10-21 10:00,8.0800,2022-10-21 10:07,8.2700,2022-10-21 10:10,8.1700,7,3,10,7,3,10,0.023515,0.056194,intraday,intraday,0,0
2022-10-21 11:01,7.8400,2022-10-21 11:30,8.1200,2022-10-21 11:32,8.1600,2022-10-21 11:36,8.0700,2,4,6,2,4,6,0.004926,0.040816,intraday,intraday,0,0
2022-10-21 11:37,8.0600,2022-10-21 12:01,8.3100,2022-10-21 12:04,8.3400,2022-10-21 12:11,8.2200,3,7,10,3,7,10,0.003610,0.034739,intraday,intraday,0,0
2022-10-21 12:31,8.1700,2022-10-21 14:01,8.4200,2022-10-21 14:07,8.4700,2022-10-21 14:16,8.3700,6,9,15,6,9,15,0.005938,0.036720,intraday,intraday,0,0
2022-10-21 14:25,8.3600,2022-10-21 15:31,8.6200,2022-10-21 15:52,8.6300,2022-10-24 09:31,8.5100,21,9,30,21,3939,3960,0.001160,0.032297,weekend,weekend,0,1
2022-10-24 09:33,8.4600,2022-10-24 09:37,8.7400,2022-10-24 09:37,8.7400,2022-10-24 09:39,8.6500,0,2,2,0,2,2,0.000000,0.033097,intraday,intraday,0,0
2022-10-24 09:43,8.4900,2022-10-24 09:45,8.7500,2022-10-24 09:45,8.7500,2022-10-24 09:48,8.6100,0,3,3,0,3,3,0.000000,0.030624,intraday,intraday,0,0
2022-10-24 10:20,8.1200,2022-10-24 10:54,8.3900,2022-10-24 11:15,8.4900,2022-10-24 11:17,8.3700,21,2,23,21,2,23,0.011919,0.045567,intraday,intraday,0,0
2022-10-24 11:17,8.3700,2022-10-24 11:57,8.6400,2022-10-24 12:24,8.7100,2022-10-24 12:32,8.6200,27,8,35,27,8,35,0.008102,0.040621,intraday,intraday,0,0
2022-10-24 13:32,8.4700,2022-10-24 14:59,8.7300,2022-10-24 15:19,8.8100,2022-10-24 15:44,8.7200,20,25,45,20,25,45,0.009164,0.040142,intraday,intraday,0,0
2022-10-24 15:54,8.6500,2022-10-25 09:32,8.9200,2022-10-25 09:49,9.3400,2022-10-25 09:51,9.2100,17,2,19,17,2,19,0.047085,0.079769,intraday,intraday,0,0
2022-10-25 10:39,9.1600,2022-10-25 11:39,9.4400,2022-10-25 11:43,9.4600,2022-10-25 11:58,9.3600,4,15,19,4,15,19,0.002119,0.032751,intraday,intraday,0,0
2022-10-26 09:30,8.6300,2022-10-26 09:48,8.8900,2022-10-26 09:55,9.0700,2022-10-26 09:58,8.9600,7,3,10,7,3,10,0.020247,0.050985,intraday,intraday,0,0
2022-10-26 09:58,8.9600,2022-10-26 10:27,9.2600,2022-10-26 10:50,9.5300,2022-10-26 10:55,9.4300,23,5,28,23,5,28,0.029158,0.063616,intraday,intraday,0,0
2022-10-26 13:32,8.8700,2022-10-26 14:04,9.1400,2022-10-26 14:05,9.1500,2022-10-26 14:19,9.0400,1,14,15,1,14,15,0.001094,0.031567,intraday,intraday,0,0
2022-10-26 15:11,8.9300,2022-10-27 09:30,9.3500,2022-10-27 09:34,9.4100,2022-10-27 09:35,9.3000,4,1,5,4,1,5,0.006417,0.053751,intraday,intraday,0,0
2022-10-27 09:51,8.6100,2022-10-27 10:05,8.9500,2022-10-27 10:09,8.9900,2022-10-27 10:11,8.9000,4,2,6,4,2,6,0.004469,0.044135,intraday,intraday,0,0
2022-10-27 10:11,8.9000,2022-10-27 10:19,9.1800,2022-10-27 10:25,9.2800,2022-10-27 10:28,9.1700,6,3,9,6,3,9,0.010893,0.042697,intraday,intraday,0,0
2022-10-27 15:58,8.4900,2022-10-28 09:33,8.7700,2022-10-28 09:43,8.9900,2022-10-28 09:49,8.9000,10,6,16,10,6,16,0.025086,0.058893,intraday,intraday,0,0
2022-10-28 10:12,8.6200,2022-10-28 10:26,8.9100,2022-10-28 10:31,9.0200,2022-10-28 10:34,8.9100,5,3,8,5,3,8,0.012346,0.046404,intraday,intraday,0,0
2022-10-28 10:35,8.9000,2022-10-28 10:54,9.1700,2022-10-28 11:20,9.3600,2022-10-28 11:23,9.2600,26,3,29,26,3,29,0.020720,0.051685,intraday,intraday,0,0
2022-10-28 11:35,9.2400,2022-10-28 15:47,9.5200,2022-10-28 15:55,9.5400,2022-10-31 09:30,9.3000,8,5,13,8,3935,3943,0.002101,0.032468,weekend,weekend,1,1
2022-10-31 10:35,8.7900,2022-10-31 11:44,9.0600,2022-10-31 11:55,9.1100,2022-10-31 11:58,8.9300,11,3,14,11,3,14,0.005519,0.036405,intraday,intraday,0,0
2022-10-31 12:43,8.8500,2022-10-31 13:24,9.1200,2022-10-31 13:34,9.1500,2022-10-31 13:45,9.0400,10,11,21,10,11,21,0.003289,0.033898,intraday,intraday,0,0
2022-10-31 15:55,8.8800,2022-11-01 09:30,9.4200,2022-11-01 09:32,9.4700,2022-11-01 09:41,9.3700,2,9,11,2,9,11,0.005308,0.066441,intraday,intraday,0,0
2022-11-01 10:09,8.9600,2022-11-01 10:34,9.2400,2022-11-01 10:34,9.2400,2022-11-01 10:39,9.1300,0,5,5,0,5,5,0.000000,0.031250,intraday,intraday,0,0
2022-11-01 10:58,9.0400,2022-11-02 09:37,9.3200,2022-11-02 09:47,9.4800,2022-11-02 09:55,9.3500,10,8,18,10,8,18,0.017167,0.048673,intraday,intraday,0,0
2022-11-02 12:38,9.0300,2022-11-02 14:00,9.4500,2022-11-02 14:08,9.6400,2022-11-02 14:10,9.5400,8,2,10,8,2,10,0.020106,0.067553,intraday,intraday,0,0
2022-11-02 14:17,9.4200,2022-11-02 14:29,9.7100,2022-11-02 14:29,9.7100,2022-11-02 14:31,9.5700,0,2,2,0,2,2,0.000000,0.030786,intraday,intraday,0,0
2022-11-02 14:37,9.1300,2022-11-02 14:41,9.4200,2022-11-02 14:43,9.4900,2022-11-02 14:44,9.3800,2,1,3,2,1,3,0.007431,0.039430,intraday,intraday,0,0
2022-11-02 14:53,8.8500,2022-11-02 15:08,9.1400,2022-11-02 15:09,9.1900,2022-11-02 15:10,9.0800,1,1,2,1,1,2,0.005470,0.038418,intraday,intraday,0,0
2022-11-03 10:00,7.5600,2022-11-03 10:14,7.8300,2022-11-03 10:15,7.8700,2022-11-03 10:18,7.7700,1,3,4,1,3,4,0.005109,0.041005,intraday,intraday,0,0
2022-11-03 10:21,7.7400,2022-11-03 10:28,8.0100,2022-11-03 10:29,8.0300,2022-11-03 10:31,7.9200,1,2,3,1,2,3,0.002497,0.037468,intraday,intraday,0,0
2022-11-03 10:36,7.8400,2022-11-03 10:44,8.0800,2022-11-03 10:50,8.2600,2022-11-03 10:51,8.1600,6,1,7,6,1,7,0.022277,0.053571,intraday,intraday,0,0
2022-11-03 11:32,7.9000,2022-11-03 12:17,8.1400,2022-11-03 12:17,8.1400,2022-11-03 12:35,8.0200,0,18,18,0,18,18,0.000000,0.030380,intraday,intraday,0,0
2022-11-03 15:56,7.8900,2022-11-04 09:30,8.8200,2022-11-04 09:30,8.8200,2022-11-04 09:31,8.7300,0,1,1,0,1,1,0.000000,0.117871,intraday,intraday,0,0
2022-11-04 09:44,8.4300,2022-11-04 09:56,8.7000,2022-11-04 10:00,8.7900,2022-11-04 10:08,8.6800,4,8,12,4,8,12,0.010345,0.042705,intraday,intraday,0,0
2022-11-04 10:08,8.6800,2022-11-04 10:16,8.9900,2022-11-04 10:16,8.9900,2022-11-04 10:18,8.8800,0,2,2,0,2,2,0.000000,0.035714,intraday,intraday,0,0
2022-11-04 12:03,8.4900,2022-11-04 12:17,8.7500,2022-11-04 12:18,8.7800,2022-11-04 12:22,8.6700,1,4,5,1,4,5,0.003429,0.034158,intraday,intraday,0,0
2022-11-04 14:06,8.4200,2022-11-04 14:39,8.6800,2022-11-04 15:17,8.9800,2022-11-04 15:22,8.8900,38,5,43,38,5,43,0.034562,0.066508,intraday,intraday,0,0
2022-11-04 15:22,8.8900,2022-11-07 09:30,9.2600,2022-11-07 09:30,9.2600,2022-11-07 09:31,9.1600,0,1,1,0,1,1,0.000000,0.041620,intraday,intraday,0,0
2022-11-07 09:52,8.9000,2022-11-07 10:15,9.1800,2022-11-07 10:16,9.2400,2022-11-07 10:20,9.1200,1,4,5,1,4,5,0.006536,0.038202,intraday,intraday,0,0
2022-11-07 10:39,8.9800,2022-11-07 11:23,9.2500,2022-11-07 11:31,9.3400,2022-11-07 11:40,9.2100,8,9,17,8,9,17,0.009730,0.040089,intraday,intraday,0,0
2022-11-07 12:00,9.1000,2022-11-07 14:12,9.3800,2022-11-07 15:24,9.6900,2022-11-07 15:56,9.5600,72,32,104,72,32,104,0.033049,0.064835,intraday,intraday,0,0
2022-11-07 15:56,9.5600,2022-11-08 09:30,10.0900,2022-11-08 09:34,10.1700,2022-11-08 09:37,10.0400,4,3,7,4,3,7,0.007929,0.063808,intraday,intraday,0,0
2022-11-08 09:42,9.8900,2022-11-08 09:53,10.2000,2022-11-08 09:55,10.2100,2022-11-08 10:03,10.0800,2,8,10,2,8,10,0.000980,0.032356,intraday,intraday,0,0
2022-11-08 10:04,10.0200,2022-11-08 10:36,10.3300,2022-11-08 11:40,10.5600,2022-11-08 11:45,10.4500,64,5,69,64,5,69,0.022265,0.053892,intraday,intraday,0,0
2022-11-08 14:32,9.6200,2022-11-08 14:47,9.9400,2022-11-08 15:37,10.3300,2022-11-08 15:50,10.2200,50,13,63,50,13,63,0.039235,0.073805,intraday,intraday,0,0
2022-11-09 09:38,9.3700,2022-11-09 09:44,9.6600,2022-11-09 09:46,9.7300,2022-11-09 09:51,9.5900,2,5,7,2,5,7,0.007246,0.038420,intraday,intraday,0,0
2022-11-09 10:33,9.5000,2022-11-09 11:44,9.7900,2022-11-09 11:47,9.8100,2022-11-09 11:56,9.6900,3,9,12,3,9,12,0.002043,0.032632,intraday,intraday,0,0
2022-11-09 15:49,9.2000,2022-11-10 09:30,10.8800,2022-11-10 09:30,10.8800,2022-11-10 09:31,10.7000,0,1,1,0,1,1,0.000000,0.182609,intraday,intraday,0,0
2022-11-10 09:41,10.6100,2022-11-10 09:58,10.9800,2022-11-10 10:23,11.0900,2022-11-10 10:30,10.9400,25,7,32,25,7,32,0.010018,0.045240,intraday,intraday,0,0
2022-11-10 10:30,10.9400,2022-11-10 11:21,11.2700,2022-11-10 11:55,11.6300,2022-11-10 12:12,11.5000,34,17,51,34,17,51,0.031943,0.063071,intraday,intraday,0,0
2022-11-10 12:38,11.3500,2022-11-10 13:57,11.7100,2022-11-11 09:30,12.1300,2022-11-11 09:32,11.9400,123,2,125,1173,2,1175,0.035867,0.068722,overnight,intraday,0,1
2022-11-11 09:36,11.8700,2022-11-11 09:41,12.2700,2022-11-11 09:49,12.4800,2022-11-11 09:53,12.3100,8,4,12,8,4,12,0.017115,0.051390,intraday,intraday,0,0
2022-11-11 09:55,12.2400,2022-11-11 10:11,12.6100,2022-11-11 10:23,12.8300,2022-11-11 10:35,12.7000,12,12,24,12,12,24,0.017446,0.048203,intraday,intraday,0,0
2022-11-11 11:30,12.4600,2022-11-11 11:50,12.8500,2022-11-11 14:05,13.3200,2022-11-11 14:17,13.1800,135,12,147,135,12,147,0.036576,0.069021,intraday,intraday,0,0
2022-11-14 09:48,12.7700,2022-11-14 10:07,13.2300,2022-11-14 10:22,13.3400,2022-11-14 10:26,13.1700,15,4,19,15,4,19,0.008314,0.044636,intraday,intraday,0,0
2022-11-14 11:20,13.0200,2022-11-14 13:20,13.4300,2022-11-14 14:02,13.5100,2022-11-14 14:16,13.3600,42,14,56,42,14,56,0.005957,0.037634,intraday,intraday,0,0
2022-11-14 15:56,12.7600,2022-11-15 09:30,14.3200,2022-11-15 09:32,14.3600,2022-11-15 09:34,14.1500,2,2,4,2,2,4,0.002793,0.125392,intraday,intraday,0,0
2022-11-15 09:54,13.9700,2022-11-15 10:26,14.3900,2022-11-15 10:27,14.4000,2022-11-15 10:36,14.2500,1,9,10,1,9,10,0.000695,0.030780,intraday,intraday,0,0
2022-11-15 11:02,13.8300,2022-11-15 12:12,14.2700,2022-11-15 12:12,14.2700,2022-11-15 13:15,14.0700,0,63,63,0,63,63,0.000000,0.031815,intraday,intraday,0,0
2022-11-15 13:40,13.3200,2022-11-15 14:11,13.7700,2022-11-15 14:24,13.9800,2022-11-15 14:46,13.8200,13,22,35,13,22,35,0.015251,0.049550,intraday,intraday,0,0
2022-11-16 15:34,11.8800,2022-11-16 15:54,12.2700,2022-11-16 15:54,12.2700,2022-11-16 15:57,12.1000,0,3,3,0,3,3,0.000000,0.032828,intraday,intraday,0,0
2022-11-17 09:30,11.4800,2022-11-17 09:44,11.8400,2022-11-17 09:49,12.1600,2022-11-17 09:52,11.9700,5,3,8,5,3,8,0.027027,0.059233,intraday,intraday,0,0
2022-11-17 10:02,11.7500,2022-11-17 10:16,12.1800,2022-11-17 10:28,12.3800,2022-11-17 10:34,12.1600,12,6,18,12,6,18,0.016420,0.053617,intraday,intraday,0,0
2022-11-17 11:09,11.9400,2022-11-17 11:57,12.3600,2022-11-17 11:59,12.4000,2022-11-17 12:13,12.2700,2,14,16,2,14,16,0.003236,0.038526,intraday,intraday,0,0
2022-11-17 12:33,12.1400,2022-11-17 13:12,12.5200,2022-11-17 13:20,12.5700,2022-11-17 13:31,12.4000,8,11,19,8,11,19,0.003994,0.035420,intraday,intraday,0,0
2022-11-17 15:28,12.1400,2022-11-18 09:30,12.8300,2022-11-18 09:30,12.8300,2022-11-18 09:31,12.5600,0,1,1,0,1,1,0.000000,0.056837,intraday,intraday,0,0
2022-11-18 12:20,12.1000,2022-11-18 15:02,12.4800,2022-11-18 15:50,12.6300,2022-11-18 15:54,12.4600,48,4,52,48,4,52,0.012019,0.043802,intraday,intraday,0,0
2022-11-21 10:47,11.7600,2022-11-22 09:30,12.1600,2022-11-22 09:30,12.1600,2022-11-22 09:33,12.0200,0,3,3,0,3,3,0.000000,0.034014,intraday,intraday,0,0
2022-11-22 09:42,11.8900,2022-11-22 10:43,12.2900,2022-11-22 10:58,12.4700,2022-11-22 11:35,12.3300,15,37,52,15,37,52,0.014646,0.048780,intraday,intraday,0,0
2022-11-22 11:35,12.3300,2022-11-22 15:34,12.7100,2022-11-23 10:14,13.7400,2022-11-23 10:27,13.6000,70,13,83,1120,13,1133,0.081039,0.114355,overnight,intraday,0,1
2022-11-23 12:57,13.0000,2022-11-23 14:03,13.4200,2022-11-23 14:04,13.5000,2022-11-23 14:06,13.3500,1,2,3,1,2,3,0.005961,0.038462,intraday,intraday,0,0
2022-11-28 09:33,12.2800,2022-11-28 09:45,12.7100,2022-11-28 09:45,12.7100,2022-11-28 09:48,12.5300,0,3,3,0,3,3,0.000000,0.035016,intraday,intraday,0,0
2022-11-28 15:33,11.6100,2022-11-29 09:33,11.9600,2022-11-29 09:34,12.0500,2022-11-29 09:35,11.8800,1,1,2,1,1,2,0.007525,0.037898,intraday,intraday,0,0
2022-11-29 11:22,11.5100,2022-11-29 12:38,11.8800,2022-11-29 12:38,11.8800,2022-11-29 13:17,11.7500,0,39,39,0,39,39,0.000000,0.032146,intraday,intraday,0,0
2022-11-29 13:29,11.6400,2022-11-30 09:33,12.0200,2022-11-30 09:34,12.0800,2022-11-30 09:40,11.9300,1,6,7,1,6,7,0.004992,0.037801,intraday,intraday,0,0
2022-11-30 10:00,11.5400,2022-11-30 11:38,11.9000,2022-11-30 11:42,11.9300,2022-11-30 12:07,11.8100,4,25,29,4,25,29,0.002521,0.033795,intraday,intraday,0,0
2022-11-30 12:21,11.6000,2022-11-30 13:30,12.0800,2022-11-30 13:31,12.1100,2022-11-30 13:32,11.9800,1,1,2,1,1,2,0.002483,0.043966,intraday,intraday,0,0
2022-11-30 13:33,11.9300,2022-11-30 13:38,12.3600,2022-11-30 13:40,12.4200,2022-11-30 13:42,12.2800,2,2,4,2,2,4,0.004854,0.041073,intraday,intraday,0,0
2022-11-30 13:46,12.1700,2022-11-30 13:58,12.6000,2022-11-30 14:19,13.2700,2022-11-30 14:43,13.1200,21,24,45,21,24,45,0.053175,0.090386,intraday,intraday,0,0
2022-11-30 14:44,13.1000,2022-11-30 15:27,13.5000,2022-11-30 15:35,13.6300,2022-11-30 15:41,13.4800,8,6,14,8,6,14,0.009630,0.040458,intraday,intraday,0,0
2022-11-30 15:41,13.4800,2022-12-01 09:30,13.9600,2022-12-01 09:36,14.0600,2022-12-01 09:37,13.8500,6,1,7,6,1,7,0.007163,0.043027,intraday,intraday,0,0
2022-12-01 10:18,12.9700,2022-12-01 10:51,13.3800,2022-12-01 10:59,13.5300,2022-12-01 11:12,13.3500,8,13,21,8,13,21,0.011211,0.043177,intraday,intraday,0,0
2022-12-01 12:05,13.1500,2022-12-01 13:42,13.5900,2022-12-01 13:43,13.6000,2022-12-01 14:01,13.4500,1,18,19,1,18,19,0.000736,0.034221,intraday,intraday,0,0
2022-12-02 09:53,12.3700,2022-12-02 11:41,12.7700,2022-12-02 11:45,12.7900,2022-12-02 11:52,12.6500,4,7,11,4,7,11,0.001566,0.033953,intraday,intraday,0,0
2022-12-02 13:10,12.3500,2022-12-02 14:50,12.7400,2022-12-02 15:16,13.1000,2022-12-02 15:28,12.9600,26,12,38,26,12,38,0.028257,0.060729,intraday,intraday,0,0
2022-12-05 10:01,12.6300,2022-12-05 11:08,13.0400,2022-12-05 11:12,13.1600,2022-12-05 11:16,13.0100,4,4,8,4,4,8,0.009202,0.041964,intraday,intraday,0,0
2022-12-06 15:28,11.4000,2022-12-06 15:49,11.7500,2022-12-06 15:49,11.7500,2022-12-07 09:30,11.4300,0,11,11,0,1061,1061,0.000000,0.030702,overnight,overnight,1,1
2022-12-07 09:30,11.4300,2022-12-07 09:36,11.8300,2022-12-07 09:38,11.8500,2022-12-07 09:43,11.6300,2,5,7,2,5,7,0.001691,0.036745,intraday,intraday,0,0
2022-12-07 09:52,11.3500,2022-12-07 10:50,11.7200,2022-12-07 11:05,11.9300,2022-12-07 11:09,11.8100,15,4,19,15,4,19,0.017918,0.051101,intraday,intraday,0,0
2022-12-07 11:24,11.5300,2022-12-08 09:30,11.8900,2022-12-08 09:40,11.9200,2022-12-08 09:43,11.8000,10,3,13,10,3,13,0.002523,0.033825,intraday,intraday,0,0
2022-12-08 09:44,11.6900,2022-12-08 10:00,12.0600,2022-12-08 10:34,12.6000,2022-12-08 10:45,12.4700,34,11,45,34,11,45,0.044776,0.077844,intraday,intraday,0,0
2022-12-08 11:22,12.3100,2022-12-08 13:40,12.7000,2022-12-08 13:40,12.7000,2022-12-08 14:01,12.5400,0,21,21,0,21,21,0.000000,0.031682,intraday,intraday,0,0
2022-12-09 09:31,12.2900,2022-12-09 09:36,12.6700,2022-12-09 09:45,12.7600,2022-12-09 09:49,12.6300,9,4,13,9,4,13,0.007103,0.038242,intraday,intraday,0,0
2022-12-09 09:55,12.4900,2022-12-09 10:59,12.9300,2022-12-09 11:03,12.9400,2022-12-09 11:10,12.8100,4,7,11,4,7,11,0.000773,0.036029,intraday,intraday,0,0
2022-12-12 09:38,11.9600,2022-12-12 10:44,12.3400,2022-12-12 10:44,12.3400,2022-12-12 10:50,12.1900,0,6,6,0,6,6,0.000000,0.031773,intraday,intraday,0,0
2022-12-12 10:50,12.1900,2022-12-12 13:50,12.5700,2022-12-12 13:50,12.5700,2022-12-12 14:07,12.4300,0,17,17,0,17,17,0.000000,0.031173,intraday,intraday,0,0
2022-12-12 14:08,12.4200,2022-12-12 15:06,12.8500,2022-12-12 15:26,12.9500,2022-12-12 15:43,12.8100,20,17,37,20,17,37,0.007782,0.042673,intraday,intraday,0,0
2022-12-12 15:50,12.7900,2022-12-13 09:30,14.8400,2022-12-13 09:30,14.8400,2022-12-13 09:31,14.5400,0,1,1,0,1,1,0.000000,0.160281,intraday,intraday,0,0
2022-12-13 09:37,14.2300,2022-12-13 09:43,14.7100,2022-12-13 09:47,14.8500,2022-12-13 09:51,14.7000,4,4,8,4,4,8,0.009517,0.043570,intraday,intraday,0,0
2022-12-13 12:32,13.1600,2022-12-13 13:23,13.5900,2022-12-13 13:31,13.6800,2022-12-13 13:36,13.5300,8,5,13,8,5,13,0.006623,0.039514,intraday,intraday,0,0
2022-12-13 13:54,13.3000,2022-12-13 14:42,13.7100,2022-12-13 14:43,13.7400,2022-12-13 14:51,13.6000,1,8,9,1,8,9,0.002188,0.033083,intraday,intraday,0,0
2022-12-13 15:07,13.2800,2022-12-13 15:31,13.6800,2022-12-13 15:33,13.7300,2022-12-13 15:36,13.5900,2,3,5,2,3,5,0.003655,0.033886,intraday,intraday,0,0
2022-12-14 09:31,13.4700,2022-12-14 10:01,13.8900,2022-12-14 10:12,14.0200,2022-12-14 10:22,13.8600,11,10,21,11,10,21,0.009359,0.040831,intraday,intraday,0,0
2022-12-14 14:08,12.8500,2022-12-14 14:13,13.3100,2022-12-14 14:13,13.3100,2022-12-14 14:16,13.1200,0,3,3,0,3,3,0.000000,0.035798,intraday,intraday,0,0
2022-12-14 14:34,12.5600,2022-12-14 14:43,13.0200,2022-12-14 14:44,13.0600,2022-12-14 14:46,12.9200,1,2,3,1,2,3,0.003072,0.039809,intraday,intraday,0,0
2022-12-14 14:52,12.7300,2022-12-14 15:04,13.1600,2022-12-14 15:12,13.5400,2022-12-14 15:15,13.3300,8,3,11,8,3,11,0.028875,0.063629,intraday,intraday,0,0
2022-12-14 15:30,12.7500,2022-12-14 15:53,13.1600,2022-12-14 15:53,13.1600,2022-12-14 15:59,12.9700,0,6,6,0,6,6,0.000000,0.032157,intraday,intraday,0,0
2022-12-15 10:04,11.5100,2022-12-15 11:02,11.8600,2022-12-15 11:03,11.8800,2022-12-15 11:07,11.7400,1,4,5,1,4,5,0.001686,0.032146,intraday,intraday,0,0
2022-12-15 13:52,11.3300,2022-12-15 14:57,11.6700,2022-12-15 15:00,11.7500,2022-12-15 15:13,11.6200,3,13,16,3,13,16,0.006855,0.037070,intraday,intraday,0,0
2022-12-16 09:39,11.1000,2022-12-16 09:49,11.4700,2022-12-16 09:49,11.4700,2022-12-16 09:51,11.3400,0,2,2,0,2,2,0.000000,0.033333,intraday,intraday,0,0
2022-12-16 13:25,10.7900,2022-12-16 15:15,11.1700,2022-12-16 15:42,11.2100,2022-12-16 15:50,11.0000,27,8,35,27,8,35,0.003581,0.038925,intraday,intraday,0,0
2022-12-19 15:14,10.3500,2022-12-19 15:59,10.6800,2022-12-19 15:59,10.6800,2022-12-20 09:30,10.2300,0,1,1,0,1051,1051,0.000000,0.031884,overnight,overnight,1,1
2022-12-20 09:31,10.2200,2022-12-20 09:57,10.5600,2022-12-20 10:02,10.6600,2022-12-20 10:09,10.5100,5,7,12,5,7,12,0.009470,0.043053,intraday,intraday,0,0
2022-12-20 11:28,10.3600,2022-12-21 09:30,10.7000,2022-12-21 09:49,11.0100,2022-12-21 09:54,10.8800,19,5,24,19,5,24,0.028972,0.062741,intraday,intraday,0,0
2022-12-21 09:59,10.8300,2022-12-21 10:40,11.1600,2022-12-21 11:04,11.1900,2022-12-21 11:23,11.0700,24,19,43,24,19,43,0.002688,0.033241,intraday,intraday,0,0
2022-12-22 12:38,9.1200,2022-12-22 14:12,9.4100,2022-12-22 14:14,9.4200,2022-12-22 14:21,9.3200,2,7,9,2,7,9,0.001063,0.032895,intraday,intraday,0,0
2022-12-22 14:21,9.3200,2022-12-22 14:59,9.6100,2022-12-22 15:26,9.8800,2022-12-22 15:31,9.7400,27,5,32,27,5,32,0.028096,0.060086,intraday,intraday,0,0
2022-12-23 09:36,9.2400,2022-12-23 10:16,9.5500,2022-12-23 10:39,9.8000,2022-12-23 10:43,9.7000,23,4,27,23,4,27,0.026178,0.060606,intraday,intraday,0,0
2022-12-23 11:02,9.4600,2022-12-23 15:02,9.7500,2022-12-23 15:02,9.7500,2022-12-23 15:24,9.6500,0,22,22,0,22,22,0.000000,0.030655,intraday,intraday,0,0
2022-12-27 09:45,9.1500,2022-12-27 10:21,9.4900,2022-12-27 10:22,9.5000,2022-12-27 10:31,9.3800,1,9,10,1,9,10,0.001054,0.038251,intraday,intraday,0,0
2022-12-28 09:30,9.0300,2022-12-28 09:34,9.3300,2022-12-28 09:49,9.4100,2022-12-28 09:52,9.3000,15,3,18,15,3,18,0.008574,0.042082,intraday,intraday,0,0
2022-12-28 12:06,8.7800,2022-12-28 13:01,9.0600,2022-12-28 13:10,9.1000,2022-12-28 13:19,9.0000,9,9,18,9,9,18,0.004415,0.036446,intraday,intraday,0,0
2022-12-28 15:14,8.7600,2022-12-29 09:30,9.2700,2022-12-29 10:15,9.7700,2022-12-29 10:23,9.6700,45,8,53,45,8,53,0.053937,0.115297,intraday,intraday,0,0
2022-12-30 09:48,9.0700,2022-12-30 10:18,9.3900,2022-12-30 10:49,9.5000,2022-12-30 10:56,9.4000,31,7,38,31,7,38,0.011715,0.047409,intraday,intraday,0,0
2022-12-30 13:25,9.2500,2022-12-30 15:46,9.5300,2023-01-03 09:33,10.1600,2023-01-03 09:34,10.0100,17,1,18,5387,1,5388,0.066107,0.098378,weekend,intraday,0,1
2023-01-03 10:34,9.3200,2023-01-03 10:58,9.6100,2023-01-03 11:00,9.6400,2023-01-03 11:04,9.5400,2,4,6,2,4,6,0.003122,0.034335,intraday,intraday,0,0
2023-01-03 14:32,9.2200,2023-01-03 15:15,9.5000,2023-01-03 15:15,9.5000,2023-01-03 15:21,9.3900,0,6,6,0,6,6,0.000000,0.030369,intraday,intraday,0,0
2023-01-03 15:56,9.3500,2023-01-04 09:30,9.8900,2023-01-04 09:40,10.1900,2023-01-04 09:43,10.0100,10,3,13,10,3,13,0.030334,0.089840,intraday,intraday,0,0
2023-01-04 10:32,9.6000,2023-01-04 11:10,9.9000,2023-01-04 12:47,10.2300,2023-01-04 12:55,10.1200,97,8,105,97,8,105,0.033333,0.065625,intraday,intraday,0,0
2023-01-04 14:29,9.8400,2023-01-04 15:01,10.1600,2023-01-04 15:01,10.1600,2023-01-04 15:08,10.0500,0,7,7,0,7,7,0.000000,0.032520,intraday,intraday,0,0
2023-01-05 09:45,9.6200,2023-01-05 10:42,9.9300,2023-01-05 10:44,9.9600,2023-01-05 10:54,9.8500,2,10,12,2,10,12,0.003021,0.035343,intraday,intraday,0,0
2023-01-05 15:54,9.5300,2023-01-06 09:30,9.9700,2023-01-06 09:35,10.0800,2023-01-06 09:36,9.9700,5,1,6,5,1,6,0.011033,0.057712,intraday,intraday,0,0
2023-01-06 09:45,9.5900,2023-01-06 10:02,9.9000,2023-01-06 10:02,9.9000,2023-01-06 10:03,9.7600,0,1,1,0,1,1,0.000000,0.032325,intraday,intraday,0,0
2023-01-06 10:04,9.7300,2023-01-06 10:36,10.0600,2023-01-06 15:08,11.0600,2023-01-06 15:50,10.9000,272,42,314,272,42,314,0.099404,0.136691,intraday,intraday,0,0
2023-01-06 15:56,10.8500,2023-01-09 09:30,11.4900,2023-01-09 09:32,11.5100,2023-01-09 09:33,11.3800,2,1,3,2,1,3,0.001741,0.060829,intraday,intraday,0,0
2023-01-09 09:37,11.3100,2023-01-09 09:46,11.6600,2023-01-09 10:03,11.9500,2023-01-09 10:13,11.8200,17,10,27,17,10,27,0.024871,0.056587,intraday,intraday,0,0
2023-01-09 10:14,11.8100,2023-01-09 11:31,12.1700,2023-01-09 11:54,12.2500,2023-01-09 12:35,12.1000,23,41,64,23,41,64,0.006574,0.037257,intraday,intraday,0,0
2023-01-10 09:30,11.3700,2023-01-10 09:34,11.8300,2023-01-10 09:34,11.8300,2023-01-10 09:35,11.7100,0,1,1,0,1,1,0.000000,0.040457,intraday,intraday,0,0
2023-01-10 09:46,11.3200,2023-01-10 10:16,11.7100,2023-01-10 10:16,11.7100,2023-01-10 10:18,11.5800,0,2,2,0,2,2,0.000000,0.034452,intraday,intraday,0,0
2023-01-10 10:45,11.2100,2023-01-10 12:12,11.6100,2023-01-10 13:08,11.6800,2023-01-10 13:21,11.5600,56,13,69,56,13,69,0.006029,0.041927,intraday,intraday,0,0
2023-01-10 13:21,11.5600,2023-01-10 14:19,11.9100,2023-01-10 14:29,11.9500,2023-01-10 14:51,11.8300,10,22,32,10,22,32,0.003359,0.033737,intraday,intraday,0,0
2023-01-11 09:33,11.6800,2023-01-11 10:29,12.0400,2023-01-11 10:29,12.0400,2023-01-11 10:34,11.9000,0,5,5,0,5,5,0.000000,0.030822,intraday,intraday,0,0
2023-01-11 10:57,11.7300,2023-01-11 12:17,12.0900,2023-01-11 12:22,12.1300,2023-01-11 12:57,11.9900,5,35,40,5,35,40,0.003309,0.034101,intraday,intraday,0,0
2023-01-11 12:57,11.9900,2023-01-11 15:55,12.3500,2023-01-12 09:30,12.7400,2023-01-12 09:34,12.5500,5,4,9,1055,4,1059,0.031579,0.062552,overnight,intraday,0,1
2023-01-12 09:50,11.8600,2023-01-12 10:06,12.2400,2023-01-12 10:06,12.2400,2023-01-12 10:08,12.0800,0,2,2,0,2,2,0.000000,0.032040,intraday,intraday,0,0
2023-01-12 10:08,12.0800,2023-01-12 10:12,12.4900,2023-01-12 10:25,12.5800,2023-01-12 10:27,12.4500,13,2,15,13,2,15,0.007206,0.041391,intraday,intraday,0,0
2023-01-12 11:02,12.2400,2023-01-12 11:59,12.6400,2023-01-12 12:53,13.0600,2023-01-12 13:25,12.9000,54,32,86,54,32,86,0.033228,0.066993,intraday,intraday,0,0
2023-01-12 13:31,12.6500,2023-01-12 13:54,13.0300,2023-01-12 14:01,13.0600,2023-01-12 14:22,12.8800,7,21,28,7,21,28,0.002302,0.032411,intraday,intraday,0,0
2023-01-13 09:41,12.3000,2023-01-13 10:05,12.7100,2023-01-13 10:05,12.7100,2023-01-13 10:08,12.5800,0,3,3,0,3,3,0.000000,0.033333,intraday,intraday,0,0
2023-01-13 11:46,12.5000,2023-01-13 15:16,12.8800,2023-01-17 10:03,13.4000,2023-01-17 10:14,13.2500,77,11,88,5447,11,5458,0.040373,0.072000,weekend,intraday,0,1
2023-01-17 11:12,12.6800,2023-01-17 13:32,13.0700,2023-01-17 14:04,13.1800,2023-01-17 14:15,13.0300,32,11,43,32,11,43,0.008416,0.039432,intraday,intraday,0,0
2023-01-17 15:47,13.0100,2023-01-18 09:30,13.4800,2023-01-18 09:34,13.6600,2023-01-18 09:37,13.5100,4,3,7,4,3,7,0.013353,0.049962,intraday,intraday,0,0
2023-01-19 11:47,11.6400,2023-01-19 13:38,11.9900,2023-01-19 13:40,12.0500,2023-01-19 14:05,11.9100,2,25,27,2,25,27,0.005004,0.035223,intraday,intraday,0,0
2023-01-19 14:06,11.8800,2023-01-19 14:35,12.2500,2023-01-19 14:36,12.2800,2023-01-19 15:09,12.1500,1,33,34,1,33,34,0.002449,0.033670,intraday,intraday,0,0
2023-01-19 15:59,11.7500,2023-01-20 11:29,12.1500,2023-01-20 12:41,12.2900,2023-01-20 13:10,12.1500,72,29,101,72,29,101,0.011523,0.045957,intraday,intraday,0,0
2023-01-20 13:11,12.1300,2023-01-20 14:04,12.5000,2023-01-23 11:20,14.4500,2023-01-23 11:28,14.2800,226,8,234,4156,8,4164,0.156000,0.191261,weekend,intraday,0,1
2023-01-23 11:29,14.2300,2023-01-23 12:57,14.6700,2023-01-23 13:45,14.8900,2023-01-23 14:00,14.7200,48,15,63,48,15,63,0.014997,0.046381,intraday,intraday,0,0
2023-01-23 14:47,14.3200,2023-01-23 15:55,14.8100,2023-01-23 15:55,14.8100,2023-01-24 09:30,14.2700,0,5,5,0,1055,1055,0.000000,0.034218,overnight,overnight,1,1
2023-01-24 09:35,14.2200,2023-01-24 09:48,14.7000,2023-01-24 09:54,14.8400,2023-01-24 09:56,14.6400,6,2,8,6,2,8,0.009524,0.043601,intraday,intraday,0,0
2023-01-25 10:37,13.3500,2023-01-25 11:12,13.7700,2023-01-25 11:53,14.1100,2023-01-25 12:02,13.9200,41,9,50,41,9,50,0.024691,0.056929,intraday,intraday,0,0
2023-01-25 12:06,13.8800,2023-01-25 13:48,14.3500,2023-01-25 14:17,14.4300,2023-01-25 14:27,14.2800,29,10,39,29,10,39,0.005575,0.039625,intraday,intraday,0,0
2023-01-25 14:30,14.2700,2023-01-26 09:30,15.1300,2023-01-26 09:32,15.2000,2023-01-26 09:37,15.0200,2,5,7,2,5,7,0.004627,0.065172,intraday,intraday,0,0
2023-01-26 09:56,14.3500,2023-01-26 10:23,14.7900,2023-01-26 10:24,14.8200,2023-01-26 10:38,14.6000,1,14,15,1,14,15,0.002028,0.032753,intraday,intraday,0,0
2023-01-26 10:58,14.3300,2023-01-26 12:10,14.7900,2023-01-26 12:12,14.8500,2023-01-26 12:17,14.6900,2,5,7,2,5,7,0.004057,0.036288,intraday,intraday,0,0
2023-01-26 12:17,14.6900,2023-01-26 15:21,15.1400,2023-01-26 15:28,15.2100,2023-01-26 15:45,15.0200,7,17,24,7,17,24,0.004624,0.035398,intraday,intraday,0,0
2023-01-27 09:37,14.4100,2023-01-27 09:48,14.8800,2023-01-27 09:50,14.9200,2023-01-27 09:53,14.7600,2,3,5,2,3,5,0.002688,0.035392,intraday,intraday,0,0
2023-01-27 11:08,14.6100,2023-01-27 12:40,15.0600,2023-01-27 13:00,15.1500,2023-01-27 13:17,14.9900,20,17,37,20,17,37,0.005976,0.036961,intraday,intraday,0,0
2023-01-31 10:00,13.6500,2023-01-31 10:23,14.0700,2023-01-31 11:02,14.3400,2023-01-31 11:44,14.1900,39,42,81,39,42,81,0.019190,0.050549,intraday,intraday,0,0
2023-01-31 11:48,14.1100,2023-01-31 15:59,14.5500,2023-02-01 10:32,15.6000,2023-02-01 10:47,15.4300,63,15,78,1113,15,1128,0.072165,0.105599,overnight,intraday,0,1
2023-02-01 11:00,15.1400,2023-02-01 14:07,15.6400,2023-02-01 14:12,15.7400,2023-02-01 14:17,15.5500,5,5,10,5,5,10,0.006394,0.039630,intraday,intraday,0,0
2023-02-01 14:33,15.2000,2023-02-01 14:37,15.6700,2023-02-01 14:52,16.6000,2023-02-01 14:57,16.3800,15,5,20,15,5,20,0.059349,0.092105,intraday,intraday,0,0
2023-02-01 14:58,16.3500,2023-02-01 15:07,16.8500,2023-02-01 15:08,16.9600,2023-02-01 15:12,16.7800,1,4,5,1,4,5,0.006528,0.037309,intraday,intraday,0,0
2023-02-01 15:16,16.6800,2023-02-01 15:36,17.1900,2023-02-01 15:37,17.2700,2023-02-01 15:44,17.0900,1,7,8,1,7,8,0.004654,0.035372,intraday,intraday,0,0
2023-02-01 15:53,16.7000,2023-02-02 09:30,17.3800,2023-02-02 09:30,17.3800,2023-02-02 09:36,17.1900,0,6,6,0,6,6,0.000000,0.040719,intraday,intraday,0,0
2023-02-02 10:00,17.1200,2023-02-02 10:32,17.6600,2023-02-02 10:41,17.7300,2023-02-02 10:50,17.5500,9,9,18,9,9,18,0.003964,0.035631,intraday,intraday,0,0
2023-02-02 11:00,17.2600,2023-02-02 12:27,17.7900,2023-02-02 14:00,18.3900,2023-02-02 14:09,18.1700,93,9,102,93,9,102,0.033727,0.065469,intraday,intraday,0,0
2023-02-02 15:08,17.2600,2023-02-02 15:54,17.7900,2023-02-02 15:59,17.9500,2023-02-03 09:30,16.7000,5,1,6,5,1051,1056,0.008994,0.039977,overnight,overnight,1,1
2023-02-03 09:30,16.7000,2023-02-03 09:43,17.2100,2023-02-03 09:50,17.5500,2023-02-03 09:58,17.3300,7,8,15,7,8,15,0.019756,0.050898,intraday,intraday,0,0
2023-02-03 10:02,17.2400,2023-02-03 10:25,17.7900,2023-02-03 10:47,18.1200,2023-02-03 10:56,17.8400,22,9,31,22,9,31,0.018550,0.051044,intraday,intraday,0,0
2023-02-06 09:30,16.1100,2023-02-06 10:02,16.6800,2023-02-06 10:09,16.8400,2023-02-06 10:14,16.6600,7,5,12,7,5,12,0.009592,0.045313,intraday,intraday,0,0
2023-02-06 10:32,16.1400,2023-02-06 10:51,16.6300,2023-02-06 10:57,16.6600,2023-02-06 11:02,16.4600,6,5,11,6,5,11,0.001804,0.032218,intraday,intraday,0,0
2023-02-06 15:26,15.9200,2023-02-07 09:43,16.4200,2023-02-07 09:54,16.5800,2023-02-07 10:00,16.3800,11,6,17,11,6,17,0.009744,0.041457,intraday,intraday,0,0
2023-02-07 10:28,16.1600,2023-02-07 12:05,16.6500,2023-02-07 12:10,16.6800,2023-02-07 12:23,16.4700,5,13,18,5,13,18,0.001802,0.032178,intraday,intraday,0,0
2023-02-07 12:23,16.4700,2023-02-07 12:45,17.0300,2023-02-07 12:57,17.6400,2023-02-07 13:01,17.4500,12,4,16,12,4,16,0.035819,0.071038,intraday,intraday,0,0
2023-02-07 13:34,16.1800,2023-02-07 14:02,16.7000,2023-02-07 15:01,17.4400,2023-02-07 15:07,17.2600,59,6,65,59,6,65,0.044311,0.077874,intraday,intraday,0,0
2023-02-07 15:09,17.1700,2023-02-07 15:53,17.7700,2023-02-07 15:54,17.8200,2023-02-07 15:59,17.6200,1,5,6,1,5,6,0.002814,0.037857,intraday,intraday,0,0
2023-02-08 15:19,16.3500,2023-02-09 09:30,17.3700,2023-02-09 10:21,17.8900,2023-02-09 10:24,17.6900,51,3,54,51,3,54,0.029937,0.094190,intraday,intraday,0,0
2023-02-09 15:35,16.2500,2023-02-09 15:53,16.7400,2023-02-09 15:53,16.7400,2023-02-10 09:30,16.1900,0,7,7,0,1057,1057,0.000000,0.030154,overnight,overnight,1,1
2023-02-10 10:03,15.4200,2023-02-10 10:11,15.8900,2023-02-10 10:22,16.0400,2023-02-10 10:38,15.8700,11,16,27,11,16,27,0.009440,0.040208,intraday,intraday,0,0
2023-02-10 12:28,15.2500,2023-02-10 13:16,15.7400,2023-02-10 13:23,15.8500,2023-02-10 13:30,15.6600,7,7,14,7,7,14,0.006989,0.039344,intraday,intraday,0,0
2023-02-10 14:30,15.3900,2023-02-13 09:30,15.9300,2023-02-13 09:30,15.9300,2023-02-13 09:32,15.7300,0,2,2,0,2,2,0.000000,0.035088,intraday,intraday,0,0
2023-02-13 09:35,15.5800,2023-02-13 09:50,16.0700,2023-02-13 09:59,16.1500,2023-02-13 10:04,15.9700,9,5,14,9,5,14,0.004978,0.036585,intraday,intraday,0,0
2023-02-13 10:12,15.8300,2023-02-13 11:13,16.3200,2023-02-13 11:15,16.4100,2023-02-13 11:36,16.2300,2,21,23,2,21,23,0.005515,0.036639,intraday,intraday,0,0
2023-02-14 09:31,15.7100,2023-02-14 09:39,16.2700,2023-02-14 10:11,17.3900,2023-02-14 10:19,17.1900,32,8,40,32,8,40,0.068838,0.106938,intraday,intraday,0,0
2023-02-14 10:45,16.3700,2023-02-14 11:23,16.8700,2023-02-14 11:24,16.9100,2023-02-14 11:26,16.6600,1,2,3,1,2,3,0.002371,0.032987,intraday,intraday,0,0
2023-02-14 11:43,16.3400,2023-02-14 12:42,16.8500,2023-02-14 12:42,16.8500,2023-02-14 12:53,16.6800,0,11,11,0,11,11,0.000000,0.031212,intraday,intraday,0,0
2023-02-14 12:53,16.6800,2023-02-14 13:17,17.1900,2023-02-14 13:17,17.1900,2023-02-14 13:27,16.9800,0,10,10,0,10,10,0.000000,0.030576,intraday,intraday,0,0
2023-02-14 14:07,16.8900,2023-02-14 15:37,17.4100,2023-02-14 15:44,17.5000,2023-02-15 09:30,16.9500,7,16,23,7,1066,1073,0.005169,0.036116,overnight,overnight,1,1
2023-02-15 10:08,16.4600,2023-02-15 11:41,16.9900,2023-02-15 11:55,17.1800,2023-02-15 12:04,17.0000,14,9,23,14,9,23,0.011183,0.043742,intraday,intraday,0,0
2023-02-15 12:31,16.8600,2023-02-15 14:09,17.3700,2023-02-15 14:46,17.5000,2023-02-15 15:13,17.3200,37,27,64,37,27,64,0.007484,0.037960,intraday,intraday,0,0
2023-02-16 09:37,16.4300,2023-02-16 09:53,16.9300,2023-02-16 09:53,16.9300,2023-02-16 10:00,16.7300,0,7,7,0,7,7,0.000000,0.030432,intraday,intraday,0,0
2023-02-16 10:01,16.6300,2023-02-16 14:05,17.1300,2023-02-16 14:05,17.1300,2023-02-16 14:20,16.9300,0,15,15,0,15,15,0.000000,0.030066,intraday,intraday,0,0
2023-02-17 12:52,15.0500,2023-02-17 14:50,15.5200,2023-02-17 15:00,15.6500,2023-02-17 15:17,15.4900,10,17,27,10,17,27,0.008376,0.039867,intraday,intraday,0,0
2023-02-21 09:31,14.8000,2023-02-21 09:41,15.2500,2023-02-21 09:41,15.2500,2023-02-21 09:48,15.0800,0,7,7,0,7,7,0.000000,0.030405,intraday,intraday,0,0
2023-02-21 15:41,13.9000,2023-02-22 09:42,14.3300,2023-02-22 09:45,14.3900,2023-02-22 09:50,14.2100,3,5,8,3,5,8,0.004187,0.035252,intraday,intraday,0,0
2023-02-22 10:33,13.6100,2023-02-22 12:41,14.0200,2023-02-22 13:39,14.1400,2023-02-22 14:01,13.9400,58,22,80,58,22,80,0.008559,0.038942,intraday,intraday,0,0
2023-02-22 15:38,13.5600,2023-02-23 09:30,15.1800,2023-02-23 09:30,15.1800,2023-02-23 09:37,14.9300,0,7,7,0,7,7,0.000000,0.119469,intraday,intraday,0,0
2023-02-23 11:59,14.3000,2023-02-23 13:41,14.7300,2023-02-23 15:44,15.3300,2023-02-23 15:50,15.1600,123,6,129,123,6,129,0.040733,0.072028,intraday,intraday,0,0
2023-02-24 11:01,13.9800,2023-02-24 11:50,14.4400,2023-02-24 11:50,14.4400,2023-02-24 12:02,14.2800,0,12,12,0,12,12,0.000000,0.032904,intraday,intraday,0,0
2023-02-24 12:46,14.0300,2023-02-24 14:58,14.4600,2023-02-24 15:00,14.4900,2023-02-24 15:04,14.3400,2,4,6,2,4,6,0.002075,0.032787,intraday,intraday,0,0
2023-02-24 15:37,14.1500,2023-02-27 09:30,14.9700,2023-02-27 09:30,14.9700,2023-02-27 09:35,14.7900,0,5,5,0,5,5,0.000000,0.057951,intraday,intraday,0,0
2023-02-28 09:34,14.3400,2023-02-28 10:22,14.7800,2023-02-28 10:25,14.8000,2023-02-28 10:29,14.6300,3,4,7,3,4,7,0.001353,0.032078,intraday,intraday,0,0
2023-02-28 10:51,14.5300,2023-02-28 12:53,14.9700,2023-02-28 14:16,15.2700,2023-02-28 14:31,15.0800,83,15,98,83,15,98,0.020040,0.050929,intraday,intraday,0,0
2023-02-28 15:59,14.6500,2023-03-01 09:45,15.1700,2023-03-01 09:47,15.2100,2023-03-01 10:05,14.9500,2,18,20,2,18,20,0.002637,0.038225,intraday,intraday,0,0
2023-03-01 11:12,14.5200,2023-03-01 12:10,14.9700,2023-03-01 12:26,15.0200,2023-03-01 13:02,14.8600,16,36,52,16,36,52,0.003340,0.034435,intraday,intraday,0,0
2023-03-02 09:38,13.6800,2023-03-02 10:01,14.1000,2023-03-02 10:03,14.1100,2023-03-02 10:11,13.9400,2,8,10,2,8,10,0.000709,0.031433,intraday,intraday,0,0
2023-03-02 10:21,13.8200,2023-03-02 13:36,14.3200,2023-03-02 14:03,14.6900,2023-03-02 14:17,14.5400,27,14,41,27,14,41,0.025838,0.062952,intraday,intraday,0,0
2023-03-02 14:17,14.5400,2023-03-02 15:17,14.9800,2023-03-02 15:38,15.2200,2023-03-02 15:50,15.0600,21,12,33,21,12,33,0.016021,0.046768,intraday,intraday,0,0
2023-03-03 10:09,14.6900,2023-03-03 12:32,15.1400,2023-03-06 09:30,15.9300,2023-03-06 09:35,15.7500,208,5,213,4138,5,4143,0.052180,0.084411,weekend,intraday,0,1
2023-03-06 10:01,15.6600,2023-03-06 10:28,16.1400,2023-03-06 10:44,16.2300,2023-03-06 11:23,16.0500,16,39,55,16,39,55,0.005576,0.036398,intraday,intraday,0,0
2023-03-07 10:08,14.5700,2023-03-07 10:33,15.0900,2023-03-07 10:37,15.1600,2023-03-07 10:40,14.9800,4,3,7,4,3,7,0.004639,0.040494,intraday,intraday,0,0
2023-03-07 11:00,14.7600,2023-03-07 12:20,15.2300,2023-03-07 12:26,15.2900,2023-03-07 12:41,15.1300,6,15,21,6,15,21,0.003940,0.035908,intraday,intraday,0,0
2023-03-07 14:55,14.5000,2023-03-08 09:30,15.0100,2023-03-08 09:58,15.3000,2023-03-08 10:00,15.0700,28,2,30,28,2,30,0.019320,0.055172,intraday,intraday,0,0
2023-03-08 10:01,14.9900,2023-03-08 10:24,15.4400,2023-03-08 10:38,15.5900,2023-03-08 10:49,15.4200,14,11,25,14,11,25,0.009715,0.040027,intraday,intraday,0,0
2023-03-08 13:17,15.3600,2023-03-08 15:45,15.8600,2023-03-09 10:09,16.5100,2023-03-09 10:16,16.2900,54,7,61,1104,7,1111,0.040984,0.074870,overnight,intraday,0,1
2023-03-10 09:47,14.1200,2023-03-10 10:00,14.6000,2023-03-10 10:01,14.7000,2023-03-10 10:02,14.5200,1,1,2,1,1,2,0.006849,0.041076,intraday,intraday,0,0
2023-03-10 10:23,14.2200,2023-03-10 10:56,14.6700,2023-03-10 11:10,14.8800,2023-03-10 11:12,14.7300,14,2,16,14,2,16,0.014315,0.046414,intraday,intraday,0,0
2023-03-10 11:17,14.6600,2023-03-10 11:31,15.1300,2023-03-10 11:34,15.2200,2023-03-10 11:44,15.0600,3,10,13,3,10,13,0.005948,0.038199,intraday,intraday,0,0
2023-03-10 13:52,13.8200,2023-03-10 14:49,14.2600,2023-03-10 14:49,14.2600,2023-03-10 15:07,14.1000,0,18,18,0,18,18,0.000000,0.031838,intraday,intraday,0,0
2023-03-13 09:43,13.2000,2023-03-13 09:48,13.6700,2023-03-13 09:50,13.7600,2023-03-13 09:53,13.5200,2,3,5,2,3,5,0.006584,0.042424,intraday,intraday,0,0
2023-03-13 10:29,13.4800,2023-03-13 10:56,13.8900,2023-03-13 11:18,14.3000,2023-03-13 11:23,14.1300,22,5,27,22,5,27,0.029518,0.060831,intraday,intraday,0,0
2023-03-13 13:01,13.8100,2023-03-13 14:01,14.2500,2023-03-13 14:34,14.4600,2023-03-13 14:37,14.3100,33,3,36,33,3,36,0.014737,0.047067,intraday,intraday,0,0
2023-03-13 15:59,14.0200,2023-03-14 09:30,14.9600,2023-03-14 09:30,14.9600,2023-03-14 09:34,14.7700,0,4,4,0,4,4,0.000000,0.067047,intraday,intraday,0,0
2023-03-14 09:35,14.7400,2023-03-14 10:27,15.2100,2023-03-14 10:37,15.3900,2023-03-14 10:58,15.2300,10,21,31,10,21,31,0.011834,0.044098,intraday,intraday,0,0
2023-03-14 15:16,14.5800,2023-03-14 15:55,15.0800,2023-03-14 15:59,15.2600,2023-03-15 09:30,14.7000,4,1,5,4,1051,1055,0.011936,0.046639,overnight,overnight,1,1
2023-03-15 10:51,13.9300,2023-03-15 11:47,14.3500,2023-03-15 11:47,14.3500,2023-03-15 11:53,14.1800,0,6,6,0,6,6,0.000000,0.030151,intraday,intraday,0,0
2023-03-15 12:25,13.7700,2023-03-15 14:21,14.2000,2023-03-15 14:40,14.6300,2023-03-15 14:49,14.4700,19,9,28,19,9,28,0.030282,0.062455,intraday,intraday,0,0
2023-03-16 09:32,14.3300,2023-03-16 09:51,14.7600,2023-03-16 10:01,15.0700,2023-03-16 10:06,14.9100,10,5,15,10,5,15,0.021003,0.051640,intraday,intraday,0,0
2023-03-16 10:18,14.8100,2023-03-16 10:47,15.2600,2023-03-16 11:57,15.9800,2023-03-16 12:03,15.8200,70,6,76,70,6,76,0.047182,0.079001,intraday,intraday,0,0
2023-03-16 12:12,15.6500,2023-03-16 13:04,16.1200,2023-03-16 13:04,16.1200,2023-03-16 13:15,15.9100,0,11,11,0,11,11,0.000000,0.030032,intraday,intraday,0,0
2023-03-16 13:50,15.8600,2023-03-16 15:18,16.3400,2023-03-16 15:28,16.5200,2023-03-16 15:35,16.3400,10,7,17,10,7,17,0.011016,0.041614,intraday,intraday,0,0
2023-03-17 09:49,16.2500,2023-03-17 10:02,16.7600,2023-03-17 10:04,16.8600,2023-03-17 10:12,16.6400,2,8,10,2,8,10,0.005967,0.037538,intraday,intraday,0,0
2023-03-17 11:03,15.8900,2023-03-17 12:32,16.3700,2023-03-17 12:32,16.3700,2023-03-17 12:41,16.2000,0,9,9,0,9,9,0.000000,0.030208,intraday,intraday,0,0
2023-03-17 14:51,15.8500,2023-03-20 11:06,16.3500,2023-03-20 11:30,16.4600,2023-03-20 11:47,16.2900,24,17,41,24,17,41,0.006728,0.038486,intraday,intraday,0,0
2023-03-20 12:12,15.9600,2023-03-20 13:15,16.4400,2023-03-20 14:27,16.6300,2023-03-20 14:39,16.4500,72,12,84,72,12,84,0.011557,0.041980,intraday,intraday,0,0
2023-03-20 14:39,16.4500,2023-03-21 09:30,17.1000,2023-03-21 10:01,17.4900,2023-03-21 10:04,17.2900,31,3,34,31,3,34,0.022807,0.063222,intraday,intraday,0,0
2023-03-21 11:48,15.9900,2023-03-21 13:28,16.5200,2023-03-21 15:44,16.9000,2023-03-21 15:55,16.7100,136,11,147,136,11,147,0.023002,0.056911,intraday,intraday,0,0
2023-03-21 15:59,16.6600,2023-03-22 09:52,17.1800,2023-03-22 10:08,17.3200,2023-03-22 10:13,17.1300,16,5,21,16,5,21,0.008149,0.039616,intraday,intraday,0,0
2023-03-22 12:22,16.9200,2023-03-22 14:00,17.4800,2023-03-22 14:00,17.4800,2023-03-22 14:02,17.2200,0,2,2,0,2,2,0.000000,0.033097,intraday,intraday,0,0
2023-03-22 14:36,17.1300,2023-03-22 14:42,17.6900,2023-03-22 14:52,17.9800,2023-03-22 14:53,17.7800,10,1,11,10,1,11,0.016393,0.049621,intraday,intraday,0,0
2023-03-22 15:08,16.8600,2023-03-22 15:20,17.4100,2023-03-22 15:21,17.5300,2023-03-22 15:26,17.3300,1,5,6,1,5,6,0.006893,0.039739,intraday,intraday,0,0
2023-03-22 15:59,16.2100,2023-03-23 09:30,17.1200,2023-03-23 11:07,18.1400,2023-03-23 11:44,17.9400,97,37,134,97,37,134,0.059579,0.119062,intraday,intraday,0,0
2023-03-23 14:55,16.6800,2023-03-23 15:00,17.2400,2023-03-23 15:00,17.2400,2023-03-23 15:02,17.0400,0,2,2,0,2,2,0.000000,0.033573,intraday,intraday,0,0
2023-03-23 15:21,16.7900,2023-03-23 15:42,17.3200,2023-03-23 15:50,17.6400,2023-03-24 09:30,17.1000,8,10,18,8,1060,1068,0.018476,0.050625,overnight,overnight,1,1
2023-03-24 11:33,16.0500,2023-03-24 12:01,16.5700,2023-03-24 12:01,16.5700,2023-03-24 12:05,16.3700,0,4,4,0,4,4,0.000000,0.032399,intraday,intraday,0,0
2023-03-24 12:21,16.1400,2023-03-27 09:41,16.6300,2023-03-27 09:51,16.8900,2023-03-27 09:56,16.7000,10,5,15,10,5,15,0.015634,0.046468,intraday,intraday,0,0
2023-03-27 11:57,15.8400,2023-03-27 14:31,16.3300,2023-03-27 15:02,16.4300,2023-03-27 15:05,16.2500,31,3,34,31,3,34,0.006124,0.037247,intraday,intraday,0,0
2023-03-28 10:33,14.9200,2023-03-28 12:48,15.3800,2023-03-28 12:48,15.3800,2023-03-28 13:05,15.2200,0,17,17,0,17,17,0.000000,0.030831,intraday,intraday,0,0
2023-03-28 13:45,15.0900,2023-03-28 15:58,15.5600,2023-03-29 09:48,16.8600,2023-03-29 09:58,16.6900,20,10,30,1070,10,1080,0.083548,0.117296,overnight,intraday,0,1
2023-03-29 10:58,16.3300,2023-03-29 12:23,16.8400,2023-03-29 12:24,16.8600,2023-03-29 12:47,16.6900,1,23,24,1,23,24,0.001188,0.032456,intraday,intraday,0,0
2023-03-29 12:58,16.6600,2023-03-29 15:07,17.1800,2023-03-29 15:32,17.4600,2023-03-29 15:50,17.2700,25,18,43,25,18,43,0.016298,0.048019,intraday,intraday,0,0
2023-03-29 15:56,17.0400,2023-03-30 09:30,17.7800,2023-03-30 10:03,18.0500,2023-03-30 10:06,17.8600,33,3,36,33,3,36,0.015186,0.059272,intraday,intraday,0,0
2023-03-31 09:31,17.5000,2023-03-31 10:48,18.0500,2023-03-31 12:28,18.3200,2023-03-31 13:03,18.1200,100,35,135,100,35,135,0.014958,0.046857,intraday,intraday,0,0
2023-04-03 13:07,17.1400,2023-04-03 15:31,17.6600,2023-04-04 09:31,17.8700,2023-04-04 09:34,17.6800,30,3,33,1080,3,1083,0.011891,0.042590,overnight,intraday,0,1
2023-04-04 09:45,17.2100,2023-04-04 10:12,17.7300,2023-04-04 10:12,17.7300,2023-04-04 10:17,17.5500,0,5,5,0,5,5,0.000000,0.030215,intraday,intraday,0,0
2023-04-05 13:01,15.4000,2023-04-05 15:55,15.8800,2023-04-05 15:59,15.9000,2023-04-06 09:30,15.3900,4,1,5,4,1051,1055,0.001259,0.032468,overnight,overnight,1,1
2023-04-06 09:36,15.1100,2023-04-06 10:02,15.6000,2023-04-06 10:11,15.8300,2023-04-06 10:19,15.6100,9,8,17,9,8,17,0.014744,0.047651,intraday,intraday,0,0
2023-04-06 10:43,15.4400,2023-04-06 11:47,15.9200,2023-04-06 12:32,15.9900,2023-04-06 12:47,15.8300,45,15,60,45,15,60,0.004397,0.035622,intraday,intraday,0,0
2023-04-10 09:32,15.1600,2023-04-10 09:42,15.6600,2023-04-10 09:42,15.6600,2023-04-10 09:46,15.4700,0,4,4,0,4,4,0.000000,0.032982,intraday,intraday,0,0
2023-04-10 09:46,15.4700,2023-04-10 11:10,15.9400,2023-04-10 11:29,16.0200,2023-04-10 12:03,15.8500,19,34,53,19,34,53,0.005019,0.035553,intraday,intraday,0,0
2023-04-10 12:06,15.8100,2023-04-10 12:49,16.3000,2023-04-11 09:35,16.7300,2023-04-11 09:37,16.5500,196,2,198,1246,2,1248,0.026380,0.058191,overnight,intraday,0,1
2023-04-11 15:53,16.1400,2023-04-12 09:31,16.6600,2023-04-12 09:32,16.6900,2023-04-12 09:34,16.5100,1,2,3,1,2,3,0.001801,0.034077,intraday,intraday,0,0
2023-04-12 11:12,15.5200,2023-04-12 12:22,16.0000,2023-04-12 13:11,16.0400,2023-04-12 13:38,15.8600,49,27,76,49,27,76,0.002500,0.033505,intraday,intraday,0,0
2023-04-13 09:51,15.0400,2023-04-13 10:15,15.5000,2023-04-13 12:07,15.8000,2023-04-13 12:47,15.6400,112,40,152,112,40,152,0.019355,0.050532,intraday,intraday,0,0
2023-04-13 13:01,15.5800,2023-04-14 09:47,16.0500,2023-04-14 09:57,16.1600,2023-04-14 10:07,15.9700,10,10,20,10,10,20,0.006854,0.037227,intraday,intraday,0,0
2023-04-14 13:35,15.1000,2023-04-14 14:30,15.5900,2023-04-14 14:30,15.5900,2023-04-14 15:13,15.4300,0,43,43,0,43,43,0.000000,0.032450,intraday,intraday,0,0
2023-04-17 12:23,14.9700,2023-04-17 15:04,15.4300,2023-04-18 09:43,16.3300,2023-04-18 09:50,16.1400,69,7,76,1119,7,1126,0.058328,0.090848,overnight,intraday,0,1
2023-04-20 09:30,14.8600,2023-04-20 09:52,15.3200,2023-04-20 10:13,15.6000,2023-04-20 10:22,15.4300,21,9,30,21,9,30,0.018277,0.049798,intraday,intraday,0,0
2023-04-20 11:10,15.2000,2023-04-20 12:33,15.6600,2023-04-20 13:12,15.8900,2023-04-20 13:57,15.7300,39,45,84,39,45,84,0.014687,0.045395,intraday,intraday,0,0
2023-04-21 09:59,14.4900,2023-04-21 13:56,14.9500,2023-04-21 14:06,15.0100,2023-04-21 14:45,14.8400,10,39,49,10,39,49,0.004013,0.035887,intraday,intraday,0,0
2023-04-25 15:59,13.1800,2023-04-26 09:30,13.6400,2023-04-26 09:30,13.6400,2023-04-26 09:33,13.4900,0,3,3,0,3,3,0.000000,0.034901,intraday,intraday,0,0
2023-04-26 09:46,13.2300,2023-04-26 11:02,13.6300,2023-04-26 12:07,13.7800,2023-04-26 12:22,13.6300,65,15,80,65,15,80,0.011005,0.041572,intraday,intraday,0,0
2023-04-27 10:05,12.5600,2023-04-27 10:34,12.9500,2023-04-27 10:40,13.0400,2023-04-27 11:04,12.8800,6,24,30,6,24,30,0.006950,0.038217,intraday,intraday,0,0
2023-04-27 11:04,12.8800,2023-04-27 13:16,13.2700,2023-04-28 09:34,13.9100,2023-04-28 09:41,13.6700,168,7,175,1218,7,1225,0.048229,0.079969,overnight,intraday,0,1
2023-04-28 10:02,13.5900,2023-04-28 13:08,14.0100,2023-05-01 09:41,14.7300,2023-05-01 09:47,14.5700,183,6,189,4113,6,4119,0.051392,0.083885,weekend,intraday,0,1
2023-05-01 10:21,14.3500,2023-05-02 09:43,14.8000,2023-05-02 09:46,14.8600,2023-05-02 10:01,14.6500,3,15,18,3,15,18,0.004054,0.035540,intraday,intraday,0,0
2023-05-02 11:07,13.9200,2023-05-02 12:40,14.3500,2023-05-02 13:52,14.4700,2023-05-02 14:14,14.3200,72,22,94,72,22,94,0.008362,0.039511,intraday,intraday,0,0
2023-05-03 11:31,13.8500,2023-05-03 13:36,14.2700,2023-05-03 14:00,14.3600,2023-05-03 14:05,14.1800,24,5,29,24,5,29,0.006307,0.036823,intraday,intraday,0,0
2023-05-04 10:45,13.2300,2023-05-04 13:18,13.6300,2023-05-04 13:34,13.9800,2023-05-04 13:37,13.8400,16,3,19,16,3,19,0.025679,0.056689,intraday,intraday,0,0
2023-05-05 09:37,13.4400,2023-05-05 09:50,13.8500,2023-05-05 10:14,14.0400,2023-05-05 10:22,13.8900,24,8,32,24,8,32,0.013718,0.044643,intraday,intraday,0,0
2023-05-05 10:27,13.8000,2023-05-05 12:55,14.2200,2023-05-05 14:57,14.6600,2023-05-05 15:55,14.5100,122,58,180,122,58,180,0.030942,0.062319,intraday,intraday,0,0
2023-05-08 09:50,14.1200,2023-05-08 11:43,14.5500,2023-05-08 11:54,14.6500,2023-05-08 12:18,14.5000,11,24,35,11,24,35,0.006873,0.037535,intraday,intraday,0,0
2023-05-09 12:41,13.7600,2023-05-10 09:30,14.4200,2023-05-10 09:33,14.5000,2023-05-10 09:39,14.3400,3,6,9,3,6,9,0.005548,0.053779,intraday,intraday,0,0
2023-05-10 13:39,13.9300,2023-05-10 15:20,14.3700,2023-05-10 15:43,14.4600,2023-05-10 15:51,14.3100,23,8,31,23,8,31,0.006263,0.038047,intraday,intraday,0,0
2023-05-11 10:43,13.6600,2023-05-11 15:09,14.0700,2023-05-11 15:13,14.1100,2023-05-11 15:40,13.9500,4,27,31,4,27,31,0.002843,0.032943,intraday,intraday,0,0
2023-05-12 14:41,13.5900,2023-05-12 15:55,14.0100,2023-05-15 13:17,14.9800,2023-05-15 13:29,14.8100,232,12,244,4162,12,4174,0.069236,0.102281,weekend,intraday,0,1
2023-05-15 13:42,14.7400,2023-05-16 09:31,15.2500,2023-05-16 09:45,15.5100,2023-05-16 09:49,15.3400,14,4,18,14,4,18,0.017049,0.052239,intraday,intraday,0,0
2023-05-16 10:13,15.1000,2023-05-16 11:58,15.5600,2023-05-16 11:58,15.5600,2023-05-16 13:11,15.4000,0,73,73,0,73,73,0.000000,0.030464,intraday,intraday,0,0
2023-05-16 15:55,15.0300,2023-05-17 09:31,15.5600,2023-05-17 09:32,15.5800,2023-05-17 09:34,15.4200,1,2,3,1,2,3,0.001285,0.036593,intraday,intraday,0,0
2023-05-17 09:53,15.1800,2023-05-17 10:26,15.6400,2023-05-17 11:47,15.9600,2023-05-17 12:16,15.7700,81,29,110,81,29,110,0.020460,0.051383,intraday,intraday,0,0
2023-05-17 12:16,15.7700,2023-05-17 13:06,16.2500,2023-05-17 13:58,16.3400,2023-05-17 14:32,16.1700,52,34,86,52,34,86,0.005538,0.036145,intraday,intraday,0,0
2023-05-17 15:00,16.0800,2023-05-18 09:35,16.6200,2023-05-18 09:41,16.8700,2023-05-18 09:43,16.7000,6,2,8,6,2,8,0.015042,0.049129,intraday,intraday,0,0
2023-05-18 09:43,16.7000,2023-05-18 10:34,17.2100,2023-05-18 11:46,17.7000,2023-05-18 11:58,17.5200,72,12,84,72,12,84,0.028472,0.059880,intraday,intraday,0,0
2023-05-18 14:13,17.1800,2023-05-18 15:45,17.7100,2023-05-18 15:50,17.7800,2023-05-19 09:30,17.5000,5,10,15,5,1060,1065,0.003953,0.034924,overnight,overnight,1,1
2023-05-22 09:31,16.9500,2023-05-22 09:55,17.5000,2023-05-22 09:56,17.5400,2023-05-22 10:07,17.3400,1,11,12,1,11,12,0.002286,0.034808,intraday,intraday,0,0
2023-05-24 11:05,15.5100,2023-05-24 15:25,15.9800,2023-05-24 15:32,16.1500,2023-05-24 15:38,15.9700,7,6,13,7,6,13,0.010638,0.041264,intraday,intraday,0,0
2023-05-24 15:51,15.9400,2023-05-25 09:30,18.1600,2023-05-25 09:31,18.2600,2023-05-25 09:36,18.0400,1,5,6,1,5,6,0.005507,0.145546,intraday,intraday,0,0
2023-05-25 09:38,17.6600,2023-05-25 10:39,18.2000,2023-05-25 11:26,18.7000,2023-05-25 11:31,18.5100,47,5,52,47,5,52,0.027473,0.058890,intraday,intraday,0,0
2023-05-25 11:32,18.4700,2023-05-25 13:30,19.0300,2023-05-25 14:01,19.2100,2023-05-25 14:33,18.9900,31,32,63,31,32,63,0.009459,0.040065,intraday,intraday,0,0
2023-05-25 14:47,18.9000,2023-05-26 09:30,20.3400,2023-05-26 09:54,20.9300,2023-05-26 09:58,20.6500,24,4,28,24,4,28,0.029007,0.107407,intraday,intraday,0,0
2023-05-26 09:58,20.6500,2023-05-26 10:17,21.2800,2023-05-26 10:48,22.1100,2023-05-26 11:05,21.8200,31,17,48,31,17,48,0.039004,0.070702,intraday,intraday,0,0
2023-05-26 11:10,21.5900,2023-05-26 12:36,22.2500,2023-05-26 15:14,23.2500,2023-05-26 15:26,23.0100,158,12,170,158,12,170,0.044944,0.076887,intraday,intraday,0,0
2023-05-26 15:39,22.8600,2023-05-30 09:30,24.7600,2023-05-30 09:30,24.7600,2023-05-30 09:31,24.2900,0,1,1,0,1,1,0.000000,0.083115,intraday,intraday,0,0
2023-05-30 10:30,23.0500,2023-05-30 10:56,23.7600,2023-05-30 11:04,23.9500,2023-05-30 11:15,23.6700,8,11,19,8,11,19,0.007997,0.039046,intraday,intraday,0,0
2023-05-31 09:30,21.7700,2023-05-31 09:38,22.5000,2023-05-31 09:39,22.6700,2023-05-31 09:40,22.4300,1,1,2,1,1,2,0.007556,0.041341,intraday,intraday,0,0
2023-05-31 11:35,21.1300,2023-05-31 13:30,21.7900,2023-05-31 13:39,21.9600,2023-05-31 13:48,21.7000,9,9,18,9,9,18,0.007802,0.039281,intraday,intraday,0,0
2023-06-01 10:25,20.8600,2023-06-01 10:46,21.5700,2023-06-01 12:20,22.4200,2023-06-01 12:31,22.1800,94,11,105,94,11,105,0.039407,0.074784,intraday,intraday,0,0
2023-06-01 15:41,22.1100,2023-06-02 09:30,22.8600,2023-06-02 09:30,22.8600,2023-06-02 09:38,22.5500,0,8,8,0,8,8,0.000000,0.033921,intraday,intraday,0,0
2023-06-02 10:09,21.5600,2023-06-02 10:47,22.2300,2023-06-02 11:02,22.2800,2023-06-02 11:14,22.0400,15,12,27,15,12,27,0.002249,0.033395,intraday,intraday,0,0
2023-06-06 09:33,20.4500,2023-06-06 09:40,21.1000,2023-06-06 09:47,21.2800,2023-06-06 09:51,21.0400,7,4,11,7,4,11,0.008531,0.040587,intraday,intraday,0,0
2023-06-06 09:51,21.0400,2023-06-06 10:57,21.7000,2023-06-06 11:17,21.9800,2023-06-06 11:25,21.6300,20,8,28,20,8,28,0.012903,0.044677,intraday,intraday,0,0
2023-06-06 12:57,21.2200,2023-06-07 09:30,22.3300,2023-06-07 09:32,22.4800,2023-06-07 09:33,22.1800,2,1,3,2,1,3,0.006717,0.059378,intraday,intraday,0,0
2023-06-07 09:33,22.1800,2023-06-07 10:08,22.8600,2023-06-07 10:13,23.0600,2023-06-07 10:15,22.7800,5,2,7,5,2,7,0.008749,0.039675,intraday,intraday,0,0
2023-06-07 10:52,22.1000,2023-06-07 11:48,22.8100,2023-06-07 11:48,22.8100,2023-06-07 11:55,22.5700,0,7,7,0,7,7,0.000000,0.032127,intraday,intraday,0,0
2023-06-08 09:54,21.4900,2023-06-08 11:27,22.1400,2023-06-08 12:29,22.4600,2023-06-08 12:40,22.2300,62,11,73,62,11,73,0.014453,0.045137,intraday,intraday,0,0
2023-06-08 13:47,21.7900,2023-06-09 09:30,23.0400,2023-06-09 09:32,23.3400,2023-06-09 09:36,23.0200,2,4,6,2,4,6,0.013021,0.071134,intraday,intraday,0,0
2023-06-09 12:40,22.1300,2023-06-12 09:30,23.1800,2023-06-12 10:03,23.6400,2023-06-12 10:12,23.3500,33,9,42,33,9,42,0.019845,0.068233,intraday,intraday,0,0
2023-06-12 10:12,23.3500,2023-06-12 11:50,24.0800,2023-06-13 09:35,25.9200,2023-06-13 09:37,25.6300,255,2,257,1305,2,1307,0.076412,0.110064,overnight,intraday,0,1
2023-06-13 10:13,24.7500,2023-06-13 10:49,25.5200,2023-06-13 11:22,26.0400,2023-06-13 11:33,25.7700,33,11,44,33,11,44,0.020376,0.052121,intraday,intraday,0,0
2023-06-13 14:33,25.0500,2023-06-14 10:33,25.8300,2023-06-14 11:40,26.2900,2023-06-14 12:05,26.0000,67,25,92,67,25,92,0.017809,0.049501,intraday,intraday,0,0
2023-06-14 14:07,24.9200,2023-06-14 14:38,25.7800,2023-06-14 15:09,26.6400,2023-06-14 15:10,26.3600,31,1,32,31,1,32,0.033359,0.069021,intraday,intraday,0,0
2023-06-15 10:00,25.4600,2023-06-15 11:45,26.2400,2023-06-15 12:01,26.2800,2023-06-15 12:13,26.0100,16,12,28,16,12,28,0.001524,0.032207,intraday,intraday,0,0
2023-06-15 13:14,25.7100,2023-06-15 14:57,26.4900,2023-06-15 14:58,26.5700,2023-06-15 15:05,26.3000,1,7,8,1,7,8,0.003020,0.033450,intraday,intraday,0,0
2023-06-20 10:28,23.9800,2023-06-20 15:49,24.7300,2023-06-20 15:50,24.7700,2023-06-21 09:30,24.1000,1,10,11,1,1060,1061,0.001617,0.032944,overnight,overnight,1,1
2023-06-21 11:11,22.7300,2023-06-21 14:15,23.4200,2023-06-21 14:33,23.5400,2023-06-21 15:04,23.2900,18,31,49,18,31,49,0.005124,0.035636,intraday,intraday,0,0
2023-06-22 09:30,22.3400,2023-06-22 10:11,23.0200,2023-06-22 10:18,23.2500,2023-06-22 10:40,22.9900,7,22,29,7,22,29,0.009991,0.040734,intraday,intraday,0,0
2023-06-23 11:27,21.5500,2023-06-23 13:21,22.2000,2023-06-23 13:30,22.2300,2023-06-23 14:42,22.0000,9,72,81,9,72,81,0.001351,0.031555,intraday,intraday,0,0
2023-06-23 15:01,21.7200,2023-06-26 09:31,22.4000,2023-06-26 10:01,23.3200,2023-06-26 10:32,23.0200,30,31,61,30,31,61,0.041071,0.073665,intraday,intraday,0,0
2023-06-27 09:40,22.0200,2023-06-27 11:21,22.6900,2023-06-27 15:29,24.4800,2023-06-28 09:30,23.3400,248,31,279,248,1081,1329,0.078889,0.111717,overnight,overnight,1,1
2023-06-28 09:46,23.1700,2023-06-28 10:30,23.8700,2023-06-28 10:56,24.3100,2023-06-28 11:11,23.9900,26,15,41,26,15,41,0.018433,0.049202,intraday,intraday,0,0
2023-06-29 10:10,23.1900,2023-06-29 11:24,23.8900,2023-06-29 12:02,23.9800,2023-06-29 12:15,23.7300,38,13,51,38,13,51,0.003767,0.034066,intraday,intraday,0,0
2023-06-29 14:02,23.3400,2023-06-30 09:30,24.4500,2023-06-30 10:33,24.9800,2023-06-30 10:49,24.6800,63,16,79,63,16,79,0.021677,0.070266,intraday,intraday,0,0
2023-06-30 11:54,24.5700,2023-07-03 09:31,25.5400,2023-07-03 09:34,25.6900,2023-07-03 09:46,25.4300,3,12,15,3,12,15,0.005873,0.045584,intraday,intraday,0,0
2023-07-03 10:58,24.7100,2023-07-03 12:59,25.5000,2023-07-03 12:59,25.5000,2023-07-05 09:30,24.9600,0,1,1,0,2671,2671,0.000000,0.031971,holiday,holiday,1,1
2023-07-06 11:14,22.0600,2023-07-06 14:44,22.7300,2023-07-07 10:13,23.6000,2023-07-07 10:16,23.3400,119,3,122,1169,3,1172,0.038275,0.069810,overnight,intraday,0,1
2023-07-07 10:34,23.1100,2023-07-07 12:19,23.8200,2023-07-07 12:46,24.0200,2023-07-07 14:12,23.7700,27,86,113,27,86,113,0.008396,0.039377,intraday,intraday,0,0
2023-07-07 15:56,22.9200,2023-07-10 09:37,23.6100,2023-07-10 09:41,23.7800,2023-07-10 09:50,23.5200,4,9,13,4,9,13,0.007200,0.037522,intraday,intraday,0,0
2023-07-10 09:55,23.2800,2023-07-10 11:28,24.0100,2023-07-10 11:32,24.0600,2023-07-10 11:48,23.8000,4,16,20,4,16,20,0.002082,0.033505,intraday,intraday,0,0
2023-07-10 12:13,23.6100,2023-07-10 14:26,24.3200,2023-07-10 15:20,24.4400,2023-07-10 15:44,24.1800,54,24,78,54,24,78,0.004934,0.035155,intraday,intraday,0,0
2023-07-11 11:45,23.3000,2023-07-11 14:56,24.0100,2023-07-12 10:09,25.6600,2023-07-12 10:25,25.3700,103,16,119,1153,16,1169,0.068721,0.101288,overnight,intraday,0,1
2023-07-12 11:56,25.0200,2023-07-12 14:28,25.7900,2023-07-13 10:11,26.6000,2023-07-13 10:26,26.2800,133,15,148,1183,15,1198,0.031408,0.063149,overnight,intraday,0,1
2023-07-13 10:29,26.2400,2023-07-13 14:58,27.0400,2023-07-14 09:38,27.6700,2023-07-14 09:43,27.3200,70,5,75,1120,5,1125,0.023299,0.054497,overnight,intraday,0,1
2023-07-17 09:45,25.8400,2023-07-17 10:13,26.6800,2023-07-17 11:55,27.7800,2023-07-17 12:36,27.5000,102,41,143,102,41,143,0.041229,0.075077,intraday,intraday,0,0
2023-07-17 12:38,27.4600,2023-07-17 15:17,28.2900,2023-07-17 15:20,28.5100,2023-07-17 15:37,28.2000,3,17,20,3,17,20,0.007777,0.038237,intraday,intraday,0,0
2023-07-18 11:41,27.1100,2023-07-18 14:06,27.9300,2023-07-18 15:52,28.5200,2023-07-19 09:31,28.1900,106,9,115,106,1059,1165,0.021124,0.052010,overnight,overnight,0,1
2023-07-20 15:23,23.9100,2023-07-21 09:30,24.9200,2023-07-21 09:34,25.3900,2023-07-21 09:38,25.0800,4,4,8,4,4,8,0.018860,0.061899,intraday,intraday,0,0
2023-07-21 10:03,24.5000,2023-07-21 12:20,25.3100,2023-07-21 12:20,25.3100,2023-07-21 12:43,25.0200,0,23,23,0,23,23,0.000000,0.033061,intraday,intraday,0,0
2023-07-24 09:54,24.5200,2023-07-25 09:30,25.4800,2023-07-25 10:25,26.3700,2023-07-25 10:31,26.1000,55,6,61,55,6,61,0.034929,0.075449,intraday,intraday,0,0
2023-07-26 11:01,24.2100,2023-07-26 14:00,24.9400,2023-07-26 14:11,25.1100,2023-07-26 14:26,24.7500,11,15,26,11,15,26,0.006816,0.037175,intraday,intraday,0,0
2023-07-26 14:26,24.7500,2023-07-26 14:39,25.5500,2023-07-26 14:41,25.6500,2023-07-26 14:48,25.3900,2,7,9,2,7,9,0.003914,0.036364,intraday,intraday,0,0
2023-07-26 15:18,24.7100,2023-07-27 09:30,26.9600,2023-07-27 09:55,27.6400,2023-07-27 10:06,27.3400,25,11,36,25,11,36,0.025223,0.118575,intraday,intraday,0,0
2023-07-27 10:29,26.7600,2023-07-27 11:30,27.6200,2023-07-27 13:03,28.0500,2023-07-27 13:06,27.7100,93,3,96,93,3,96,0.015568,0.048206,intraday,intraday,0,0
2023-07-27 14:59,26.0300,2023-07-28 09:30,27.7300,2023-07-28 09:30,27.7300,2023-07-28 09:32,27.4400,0,2,2,0,2,2,0.000000,0.065309,intraday,intraday,0,0
2023-07-28 09:38,27.2400,2023-07-28 11:11,28.0600,2023-07-28 12:22,28.4200,2023-07-28 12:58,28.1100,71,36,107,71,36,107,0.012830,0.043319,intraday,intraday,0,0
2023-07-28 13:45,27.5500,2023-07-31 09:30,28.5600,2023-07-31 09:46,28.7200,2023-07-31 09:53,28.3600,16,7,23,16,7,23,0.005602,0.042468,intraday,intraday,0,0
2023-08-01 09:31,27.5400,2023-08-01 10:53,28.4400,2023-08-01 10:53,28.4400,2023-08-01 11:14,28.0900,0,21,21,0,21,21,0.000000,0.032680,intraday,intraday,0,0
2023-08-02 12:11,24.8300,2023-08-02 13:13,25.6000,2023-08-02 13:35,25.6600,2023-08-02 13:48,25.3800,22,13,35,22,13,35,0.002344,0.033427,intraday,intraday,0,0
2023-08-03 10:29,24.0900,2023-08-03 11:27,24.8400,2023-08-03 12:49,25.5700,2023-08-03 13:14,25.3100,82,25,107,82,25,107,0.029388,0.061436,intraday,intraday,0,0
2023-08-04 10:06,24.0900,2023-08-04 10:31,24.8200,2023-08-04 12:44,25.9400,2023-08-04 13:05,25.6800,133,21,154,133,21,154,0.045125,0.076795,intraday,intraday,0,0
2023-08-04 14:55,24.5200,2023-08-07 09:30,25.7100,2023-08-07 09:30,25.7100,2023-08-07 09:32,25.4400,0,2,2,0,2,2,0.000000,0.048532,intraday,intraday,0,0
2023-08-08 11:49,23.4400,2023-08-08 14:12,24.1500,2023-08-08 15:45,24.5200,2023-08-09 09:32,24.2500,93,17,110,93,1067,1160,0.015321,0.046075,overnight,overnight,0,1
2023-08-09 11:22,23.0100,2023-08-09 14:14,23.7100,2023-08-09 14:30,23.8700,2023-08-09 15:07,23.5800,16,37,53,16,37,53,0.006748,0.037375,intraday,intraday,0,0
2023-08-09 15:58,23.0500,2023-08-10 09:35,23.8200,2023-08-10 09:38,23.9100,2023-08-10 09:43,23.6600,3,5,8,3,5,8,0.003778,0.037310,intraday,intraday,0,0
2023-08-10 09:43,23.6600,2023-08-10 10:17,24.3700,2023-08-10 10:17,24.3700,2023-08-10 10:26,24.1000,0,9,9,0,9,9,0.000000,0.030008,intraday,intraday,0,0
2023-08-10 13:58,22.3200,2023-08-10 14:58,23.0300,2023-08-10 15:17,23.0700,2023-08-10 15:28,22.8100,19,11,30,19,11,30,0.001737,0.033602,intraday,intraday,0,0
2023-08-14 09:30,20.7100,2023-08-14 09:45,21.4100,2023-08-14 09:45,21.4100,2023-08-14 09:47,21.1500,0,2,2,0,2,2,0.000000,0.033800,intraday,intraday,0,0
2023-08-14 09:47,21.1500,2023-08-14 10:22,21.8200,2023-08-14 11:50,22.4900,2023-08-14 12:23,22.2300,88,33,121,88,33,121,0.030706,0.063357,intraday,intraday,0,0
2023-08-14 12:23,22.2300,2023-08-14 15:43,22.9200,2023-08-14 15:59,22.9400,2023-08-15 09:30,22.4600,16,1,17,16,1051,1067,0.000873,0.031939,overnight,overnight,1,1
2023-08-18 09:30,19.1600,2023-08-18 09:50,19.7500,2023-08-18 09:50,19.7500,2023-08-18 09:55,19.4900,0,5,5,0,5,5,0.000000,0.030793,intraday,intraday,0,0
2023-08-18 10:01,19.2400,2023-08-18 11:02,19.8200,2023-08-18 11:04,19.8300,2023-08-18 11:28,19.6300,2,24,26,2,24,26,0.000505,0.030665,intraday,intraday,0,0
2023-08-18 11:41,19.5000,2023-08-18 14:16,20.1100,2023-08-18 14:40,20.4200,2023-08-18 15:00,20.2000,24,20,44,24,20,44,0.015415,0.047179,intraday,intraday,0,0
2023-08-18 15:12,20.1100,2023-08-21 09:35,20.7500,2023-08-21 10:09,21.1300,2023-08-21 10:15,20.8900,34,6,40,34,6,40,0.018313,0.050721,intraday,intraday,0,0
2023-08-21 11:10,20.5700,2023-08-21 13:06,21.1900,2023-08-22 09:31,22.7600,2023-08-22 09:36,22.3400,175,5,180,1225,5,1230,0.074092,0.106466,overnight,intraday,0,1
2023-08-23 09:39,21.0000,2023-08-23 09:51,21.6600,2023-08-23 11:13,22.5600,2023-08-23 11:44,22.3300,82,31,113,82,31,113,0.041551,0.074286,intraday,intraday,0,0
2023-08-23 13:02,22.3000,2023-08-24 09:30,23.5700,2023-08-24 09:30,23.5700,2023-08-24 09:33,23.2200,0,3,3,0,3,3,0.000000,0.056951,intraday,intraday,0,0
2023-08-24 11:52,20.8100,2023-08-24 12:41,21.4500,2023-08-24 12:48,21.5100,2023-08-24 12:55,21.2500,7,7,14,7,7,14,0.002797,0.033638,intraday,intraday,0,0
2023-08-25 10:09,20.1900,2023-08-25 10:13,20.8900,2023-08-25 10:16,21.0900,2023-08-25 10:18,20.7100,3,2,5,3,2,5,0.009574,0.044577,intraday,intraday,0,0
2023-08-25 10:59,19.4200,2023-08-25 11:29,20.0400,2023-08-25 11:29,20.0400,2023-08-25 11:32,19.8100,0,3,3,0,3,3,0.000000,0.031926,intraday,intraday,0,0
2023-08-25 11:57,19.6400,2023-08-25 12:38,20.2900,2023-08-25 12:40,20.3000,2023-08-25 12:51,20.0700,2,11,13,2,11,13,0.000493,0.033605,intraday,intraday,0,0
2023-08-25 13:39,19.9400,2023-08-25 14:25,20.5400,2023-08-25 14:37,20.8000,2023-08-25 14:42,20.5800,12,5,17,12,5,17,0.012658,0.043129,intraday,intraday,0,0
2023-08-25 14:45,20.5200,2023-08-28 09:30,21.1600,2023-08-28 09:35,21.5600,2023-08-28 09:39,21.3000,5,4,9,5,4,9,0.018904,0.050682,intraday,intraday,0,0
2023-08-28 11:51,20.7600,2023-08-28 13:03,21.4400,2023-08-28 13:06,21.4700,2023-08-28 13:36,21.2200,3,30,33,3,30,33,0.001399,0.034200,intraday,intraday,0,0
2023-08-28 13:57,20.8800,2023-08-29 09:43,21.5200,2023-08-29 10:51,22.6900,2023-08-29 10:58,22.4600,68,7,75,68,7,75,0.054368,0.086686,intraday,intraday,0,0
2023-08-29 10:58,22.4600,2023-08-29 13:06,23.1500,2023-08-29 15:19,23.3000,2023-08-30 09:30,22.7500,133,41,174,133,1091,1224,0.006479,0.037400,overnight,overnight,1,1
2023-08-30 09:36,22.3900,2023-08-30 09:57,23.0700,2023-08-30 10:14,23.2800,2023-08-30 10:19,23.0000,17,5,22,17,5,22,0.009103,0.039750,intraday,intraday,0,0
2023-08-30 10:27,22.5200,2023-08-30 10:56,23.2400,2023-08-30 12:34,23.6800,2023-08-30 13:52,23.4400,98,78,176,98,78,176,0.018933,0.051510,intraday,intraday,0,0
2023-08-30 14:26,23.1600,2023-08-31 09:58,23.8800,2023-08-31 10:41,24.2600,2023-08-31 10:52,23.9200,43,11,54,43,11,54,0.015913,0.047496,intraday,intraday,0,0
2023-08-31 12:49,23.4600,2023-09-01 09:30,24.3200,2023-09-01 09:34,24.4200,2023-09-01 09:36,24.1300,4,2,6,4,2,6,0.004112,0.040921,intraday,intraday,0,0
2023-09-05 10:04,23.4000,2023-09-05 10:52,24.1200,2023-09-05 11:09,24.3600,2023-09-05 11:28,24.1100,17,19,36,17,19,36,0.009950,0.041026,intraday,intraday,0,0
2023-09-06 12:55,22.6800,2023-09-06 14:31,23.4000,2023-09-06 14:44,23.4900,2023-09-06 15:05,23.2500,13,21,34,13,21,34,0.003846,0.035714,intraday,intraday,0,0
2023-09-07 10:02,21.0200,2023-09-07 10:41,21.6800,2023-09-07 10:45,21.8300,2023-09-07 10:51,21.5800,4,6,10,4,6,10,0.006919,0.038535,intraday,intraday,0,0
2023-09-07 11:54,21.2400,2023-09-07 14:53,21.8900,2023-09-07 15:51,21.9900,2023-09-08 09:30,21.6900,58,9,67,58,1059,1117,0.004568,0.035311,overnight,overnight,1,1
2023-09-08 15:41,21.2200,2023-09-11 09:30,22.2200,2023-09-11 09:30,22.2200,2023-09-11 09:34,21.8800,0,4,4,0,4,4,0.000000,0.047125,intraday,intraday,0,0
2023-09-11 11:46,20.6100,2023-09-11 13:30,21.2300,2023-09-11 15:31,21.5500,2023-09-12 09:30,20.8700,121,29,150,121,1079,1200,0.015073,0.045609,overnight,overnight,1,1
2023-09-12 09:30,20.8700,2023-09-12 09:37,21.5700,2023-09-12 10:03,21.9600,2023-09-12 10:21,21.7300,26,18,44,26,18,44,0.018081,0.052228,intraday,intraday,0,0
2023-09-13 10:05,20.8900,2023-09-13 10:39,21.5600,2023-09-13 10:42,21.6000,2023-09-13 10:46,21.3800,3,4,7,3,4,7,0.001855,0.033988,intraday,intraday,0,0
2023-09-13 15:14,21.0200,2023-09-14 09:30,21.6700,2023-09-14 09:32,21.7300,2023-09-14 09:43,21.5000,2,11,13,2,11,13,0.002769,0.033777,intraday,intraday,0,0
2023-09-14 09:56,21.0500,2023-09-14 10:44,21.7100,2023-09-14 11:04,21.9200,2023-09-14 11:22,21.6800,20,18,38,20,18,38,0.009673,0.041330,intraday,intraday,0,0
2023-09-18 09:30,19.2800,2023-09-18 09:48,19.8800,2023-09-18 10:17,20.1200,2023-09-18 10:28,19.8800,29,11,40,29,11,40,0.012072,0.043568,intraday,intraday,0,0
2023-09-18 10:51,19.5700,2023-09-18 12:30,20.1700,2023-09-18 12:30,20.1700,2023-09-18 13:12,19.9600,0,42,42,0,42,42,0.000000,0.030659,intraday,intraday,0,0
2023-09-19 10:40,19.0900,2023-09-19 13:47,19.6800,2023-09-19 14:37,19.7100,2023-09-19 14:58,19.4900,50,21,71,50,21,71,0.001524,0.032478,intraday,intraday,0,0
2023-09-19 15:36,19.3000,2023-09-20 09:46,19.8800,2023-09-20 09:46,19.8800,2023-09-20 09:59,19.6700,0,13,13,0,13,13,0.000000,0.030052,intraday,intraday,0,0
2023-09-21 15:56,17.4100,2023-09-22 09:31,17.9500,2023-09-22 09:31,17.9500,2023-09-22 09:37,17.7500,0,6,6,0,6,6,0.000000,0.031017,intraday,intraday,0,0
2023-09-22 09:40,17.6600,2023-09-22 10:34,18.2600,2023-09-22 10:37,18.3300,2023-09-22 11:09,18.1400,3,32,35,3,32,35,0.003834,0.037939,intraday,intraday,0,0
2023-09-25 09:31,17.4100,2023-09-25 09:41,17.9500,2023-09-25 09:46,18.1300,2023-09-25 10:01,17.8700,5,15,20,5,15,20,0.010028,0.041356,intraday,intraday,0,0
2023-09-25 10:07,17.7300,2023-09-25 12:23,18.2700,2023-09-25 12:23,18.2700,2023-09-25 12:37,18.0600,0,14,14,0,14,14,0.000000,0.030457,intraday,intraday,0,0
2023-09-26 15:27,17.0100,2023-09-27 09:30,17.7200,2023-09-27 09:53,17.7700,2023-09-27 10:02,17.5900,23,9,32,23,9,32,0.002822,0.044680,intraday,intraday,0,0
2023-09-27 13:42,16.9100,2023-09-27 14:30,17.4500,2023-09-27 15:12,18.0300,2023-09-27 15:16,17.8200,42,4,46,42,4,46,0.033238,0.066233,intraday,intraday,0,0
2023-09-28 09:32,17.4200,2023-09-28 09:54,17.9500,2023-09-28 10:03,18.1900,2023-09-28 10:17,17.9600,9,14,23,9,14,23,0.013370,0.044202,intraday,intraday,0,0
2023-09-28 10:31,17.8700,2023-09-28 10:55,18.4100,2023-09-28 11:59,19.1400,2023-09-28 12:10,18.9400,64,11,75,64,11,75,0.039652,0.071069,intraday,intraday,0,0
2023-09-28 14:36,18.4300,2023-09-28 15:24,19.0000,2023-09-28 15:25,19.0200,2023-09-28 15:36,18.7800,1,11,12,1,11,12,0.001053,0.032013,intraday,intraday,0,0
2023-09-28 15:49,18.6400,2023-09-29 09:30,19.4200,2023-09-29 09:33,19.4900,2023-09-29 09:37,19.2600,3,4,7,3,4,7,0.003605,0.045601,intraday,intraday,0,0
2023-09-29 13:59,18.6800,2023-10-02 09:33,19.3500,2023-10-02 09:39,19.4300,2023-10-02 09:51,19.2300,6,12,18,6,12,18,0.004134,0.040150,intraday,intraday,0,0
2023-10-02 10:42,18.9300,2023-10-02 11:24,19.5000,2023-10-02 11:24,19.5000,2023-10-02 11:36,19.2900,0,12,12,0,12,12,0.000000,0.030111,intraday,intraday,0,0
2023-10-02 14:40,18.4400,2023-10-02 15:54,19.0000,2023-10-02 15:59,19.1200,2023-10-03 09:30,18.7500,5,1,6,5,1051,1056,0.006316,0.036876,overnight,overnight,1,1
2023-10-03 09:31,18.7000,2023-10-03 09:51,19.2800,2023-10-03 09:54,19.3400,2023-10-03 10:00,18.9900,3,6,9,3,6,9,0.003112,0.034225,intraday,intraday,0,0
2023-10-03 15:34,17.5300,2023-10-04 09:30,18.2100,2023-10-04 09:48,18.4100,2023-10-04 09:51,18.1900,18,3,21,18,3,21,0.010983,0.050200,intraday,intraday,0,0
2023-10-04 10:29,17.8000,2023-10-04 11:21,18.3600,2023-10-04 11:59,18.6000,2023-10-04 12:04,18.4100,38,5,43,38,5,43,0.013072,0.044944,intraday,intraday,0,0
2023-10-04 14:00,18.1200,2023-10-04 15:24,18.6900,2023-10-04 15:36,18.7800,2023-10-04 15:53,18.5900,12,17,29,12,17,29,0.004815,0.036424,intraday,intraday,0,0
2023-10-05 10:40,17.8400,2023-10-05 13:35,18.4000,2023-10-05 14:40,18.6300,2023-10-05 15:11,18.4400,65,31,96,65,31,96,0.012500,0.044283,intraday,intraday,0,0
2023-10-06 09:40,17.7200,2023-10-06 10:24,18.3400,2023-10-06 12:01,19.4900,2023-10-06 12:22,19.2800,97,21,118,97,21,118,0.062704,0.099887,intraday,intraday,0,0
2023-10-09 11:10,18.4600,2023-10-09 13:28,19.0500,2023-10-09 14:55,19.5200,2023-10-09 15:16,19.3200,87,21,108,87,21,108,0.024672,0.057421,intraday,intraday,0,0
2023-10-09 15:51,19.2800,2023-10-10 10:01,19.8700,2023-10-10 11:56,20.5900,2023-10-10 12:22,20.3800,115,26,141,115,26,141,0.036236,0.067946,intraday,intraday,0,0
2023-10-10 13:25,19.9600,2023-10-11 09:31,20.6100,2023-10-11 09:32,20.6200,2023-10-11 09:42,20.4000,1,10,11,1,10,11,0.000485,0.033066,intraday,intraday,0,0
2023-10-11 13:39,19.8400,2023-10-11 15:51,20.4400,2023-10-12 10:11,21.4900,2023-10-12 10:16,21.1900,50,5,55,1100,5,1105,0.051370,0.083165,overnight,intraday,0,1
2023-10-12 14:11,20.1300,2023-10-12 15:31,20.7600,2023-10-12 15:38,20.8200,2023-10-13 09:32,20.5900,7,24,31,7,1074,1081,0.002890,0.034277,overnight,overnight,0,1
2023-10-13 14:26,18.8700,2023-10-16 09:33,19.5200,2023-10-16 09:41,19.6800,2023-10-16 09:44,19.4300,8,3,11,8,3,11,0.008197,0.042925,intraday,intraday,0,0
2023-10-16 09:48,19.2800,2023-10-16 10:27,19.8700,2023-10-16 10:38,19.9600,2023-10-16 11:19,19.7300,11,41,52,11,41,52,0.004529,0.035270,intraday,intraday,0,0
2023-10-17 09:52,17.9400,2023-10-17 10:09,18.5500,2023-10-17 10:55,19.2300,2023-10-17 11:02,19.0100,46,7,53,46,7,53,0.036658,0.071906,intraday,intraday,0,0
2023-10-17 11:06,18.9900,2023-10-17 11:35,19.6000,2023-10-17 12:29,19.7600,2023-10-17 12:41,19.5500,54,12,66,54,12,66,0.008163,0.040548,intraday,intraday,0,0
2023-10-18 09:51,18.0500,2023-10-18 10:20,18.7100,2023-10-18 10:23,18.7600,2023-10-18 10:26,18.5700,3,3,6,3,3,6,0.002672,0.039335,intraday,intraday,0,0
2023-10-18 15:15,18.0300,2023-10-19 09:30,18.9200,2023-10-19 09:30,18.9200,2023-10-19 09:33,18.5500,0,3,3,0,3,3,0.000000,0.049362,intraday,intraday,0,0
2023-10-19 09:48,17.8500,2023-10-19 10:10,18.4800,2023-10-19 10:12,18.6400,2023-10-19 10:17,18.3600,2,5,7,2,5,7,0.008658,0.044258,intraday,intraday,0,0
2023-10-19 12:36,17.6400,2023-10-19 12:49,18.1700,2023-10-19 13:10,18.4400,2023-10-19 13:23,18.2400,21,13,34,21,13,34,0.014860,0.045351,intraday,intraday,0,0
2023-10-19 15:43,17.2300,2023-10-20 09:48,17.7700,2023-10-20 09:48,17.7700,2023-10-20 09:50,17.5600,0,2,2,0,2,2,0.000000,0.031341,intraday,intraday,0,0
2023-10-20 11:22,16.7000,2023-10-20 13:18,17.2100,2023-10-20 13:20,17.2900,2023-10-20 13:46,17.0900,2,26,28,2,26,28,0.004648,0.035329,intraday,intraday,0,0
2023-10-23 09:41,15.8800,2023-10-23 09:57,16.3900,2023-10-23 10:30,16.6200,2023-10-23 10:35,16.3900,33,5,38,33,5,38,0.014033,0.046599,intraday,intraday,0,0
2023-10-23 10:35,16.3900,2023-10-23 12:15,16.8900,2023-10-23 12:59,17.2500,2023-10-23 13:11,17.0500,44,12,56,44,12,56,0.021314,0.052471,intraday,intraday,0,0
2023-10-23 15:58,16.3600,2023-10-24 09:42,16.8600,2023-10-24 09:42,16.8600,2023-10-24 09:45,16.6500,0,3,3,0,3,3,0.000000,0.030562,intraday,intraday,0,0
2023-10-24 12:43,16.4300,2023-10-24 14:35,16.9300,2023-10-24 15:16,17.1200,2023-10-25 09:30,16.5000,41,44,85,41,1094,1135,0.011223,0.041996,overnight,overnight,1,1
2023-10-25 15:08,14.7300,2023-10-26 09:30,15.1800,2023-10-26 09:33,15.6800,2023-10-26 09:35,15.5000,3,2,5,3,2,5,0.032938,0.064494,intraday,intraday,0,0
2023-10-26 12:52,14.4900,2023-10-26 14:12,14.9500,2023-10-26 15:01,15.3500,2023-10-26 15:10,15.1300,49,9,58,49,9,58,0.026756,0.059351,intraday,intraday,0,0
2023-10-26 15:45,14.6600,2023-10-27 09:30,15.2600,2023-10-27 09:32,15.3100,2023-10-27 09:35,15.1200,2,3,5,2,3,5,0.003277,0.044338,intraday,intraday,0,0
2023-10-27 10:44,15.0100,2023-10-27 11:21,15.4800,2023-10-27 11:23,15.5500,2023-10-27 11:32,15.3500,2,9,11,2,9,11,0.004522,0.035976,intraday,intraday,0,0
2023-10-30 09:31,14.5600,2023-10-30 09:46,15.0000,2023-10-30 09:47,15.0800,2023-10-30 09:55,14.8600,1,8,9,1,8,9,0.005333,0.035714,intraday,intraday,0,0
2023-10-30 12:46,14.0500,2023-10-30 13:47,14.4800,2023-10-30 13:52,14.5600,2023-10-30 14:16,14.4100,5,24,29,5,24,29,0.005525,0.036299,intraday,intraday,0,0
2023-10-30 14:16,14.4100,2023-10-30 15:24,14.8600,2023-10-30 15:24,14.8600,2023-10-30 15:36,14.7000,0,12,12,0,12,12,0.000000,0.031228,intraday,intraday,0,0
2023-10-31 09:42,14.0300,2023-10-31 10:30,14.4800,2023-10-31 10:30,14.4800,2023-10-31 10:35,14.3200,0,5,5,0,5,5,0.000000,0.032074,intraday,intraday,0,0
2023-10-31 10:40,14.2000,2023-10-31 10:52,14.6400,2023-10-31 11:00,14.8300,2023-10-31 11:11,14.6800,8,11,19,8,11,19,0.012978,0.044366,intraday,intraday,0,0
2023-10-31 12:20,14.5000,2023-10-31 14:58,14.9400,2023-11-01 09:32,15.1600,2023-11-01 09:45,14.9800,64,13,77,1114,13,1127,0.014726,0.045517,overnight,intraday,0,1
2023-11-01 09:45,14.9800,2023-11-01 10:36,15.4400,2023-11-01 11:10,15.4800,2023-11-01 11:15,15.3200,34,5,39,34,5,39,0.002591,0.033378,intraday,intraday,0,0
2023-11-01 14:41,15.1500,2023-11-01 15:02,15.6600,2023-11-02 09:30,16.9000,2023-11-02 09:31,16.7200,58,1,59,1108,1,1109,0.079183,0.115512,overnight,intraday,0,1
2023-11-02 10:16,16.4100,2023-11-02 10:47,16.9100,2023-11-02 11:03,17.0500,2023-11-02 11:31,16.8100,16,28,44,16,28,44,0.008279,0.039001,intraday,intraday,0,0
2023-11-02 11:31,16.8100,2023-11-02 15:07,17.3300,2023-11-02 15:10,17.4000,2023-11-02 15:32,17.2200,3,22,25,3,22,25,0.004039,0.035098,intraday,intraday,0,0
2023-11-02 15:59,17.0800,2023-11-03 09:31,17.7000,2023-11-03 10:01,18.2700,2023-11-03 10:12,18.0400,30,11,41,30,11,41,0.032203,0.069672,intraday,intraday,0,0
2023-11-03 10:26,17.7700,2023-11-03 12:26,18.3100,2023-11-03 15:06,18.7500,2023-11-03 15:28,18.5500,160,22,182,160,22,182,0.024031,0.055149,intraday,intraday,0,0
2023-11-06 13:23,17.7500,2023-11-07 09:52,18.3900,2023-11-07 10:00,18.5500,2023-11-07 10:08,18.3400,8,8,16,8,8,16,0.008700,0.045070,intraday,intraday,0,0
2023-11-07 10:09,18.3100,2023-11-07 10:53,18.8600,2023-11-07 10:53,18.8600,2023-11-07 11:45,18.6600,0,52,52,0,52,52,0.000000,0.030038,intraday,intraday,0,0
2023-11-07 12:30,18.3400,2023-11-08 09:52,18.9100,2023-11-08 09:53,18.9200,2023-11-08 09:58,18.6700,1,5,6,1,5,6,0.000529,0.031625,intraday,intraday,0,0
2023-11-08 12:07,18.3200,2023-11-09 09:30,19.0400,2023-11-09 09:59,19.4300,2023-11-09 10:07,19.2100,29,8,37,29,8,37,0.020483,0.060590,intraday,intraday,0,0
2023-11-09 15:46,18.3000,2023-11-10 09:30,18.9300,2023-11-10 09:52,19.4500,2023-11-10 10:01,19.2300,22,9,31,22,9,31,0.027470,0.062842,intraday,intraday,0,0
2023-11-10 10:16,19.1500,2023-11-10 11:10,19.7300,2023-11-10 12:43,20.5000,2023-11-10 13:15,20.2700,93,32,125,93,32,125,0.039027,0.070496,intraday,intraday,0,0
2023-11-13 09:56,19.6200,2023-11-14 09:30,21.6400,2023-11-14 10:03,21.8900,2023-11-14 10:16,21.6600,33,13,46,33,13,46,0.011553,0.115698,intraday,intraday,0,0
2023-11-14 10:19,21.6300,2023-11-14 10:45,22.3200,2023-11-14 10:45,22.3200,2023-11-14 11:01,22.0800,0,16,16,0,16,16,0.000000,0.031900,intraday,intraday,0,0
2023-11-14 11:51,21.8700,2023-11-15 09:30,22.6100,2023-11-15 09:44,22.6800,2023-11-15 09:52,22.4100,14,8,22,14,8,22,0.003096,0.037037,intraday,intraday,0,0
2023-11-15 09:57,22.2000,2023-11-15 10:23,22.8900,2023-11-15 11:02,23.1700,2023-11-15 11:35,22.9300,39,33,72,39,33,72,0.012232,0.043694,intraday,intraday,0,0
2023-11-16 11:35,22.1600,2023-11-16 12:40,22.8400,2023-11-16 12:40,22.8400,2023-11-16 13:09,22.5700,0,29,29,0,29,29,0.000000,0.030686,intraday,intraday,0,0
2023-11-17 09:41,22.4400,2023-11-17 13:06,23.1200,2023-11-17 14:07,23.2900,2023-11-17 15:32,23.0500,61,85,146,61,85,146,0.007353,0.037879,intraday,intraday,0,0
2023-11-17 15:39,23.0100,2023-11-20 11:03,23.7100,2023-11-20 15:14,24.4100,2023-11-20 15:56,24.1500,251,42,293,251,42,293,0.029523,0.060843,intraday,intraday,0,0
2023-11-21 13:24,22.4700,2023-11-22 09:30,23.4700,2023-11-22 09:36,24.0600,2023-11-22 09:40,23.8000,6,4,10,6,4,10,0.025138,0.070761,intraday,intraday,0,0
2023-11-27 09:35,22.6100,2023-11-27 12:07,23.3100,2023-11-27 13:14,23.5400,2023-11-27 13:44,23.3000,67,30,97,67,30,97,0.009867,0.041132,intraday,intraday,0,0
2023-11-28 09:54,22.1900,2023-11-28 11:38,22.8600,2023-11-28 11:40,22.8900,2023-11-28 12:06,22.6500,2,26,28,2,26,28,0.001312,0.031546,intraday,intraday,0,0
2023-11-28 13:15,21.9900,2023-11-29 09:30,23.5900,2023-11-29 10:01,24.2600,2023-11-29 10:05,23.9500,31,4,35,31,4,35,0.028402,0.103229,intraday,intraday,0,0
2023-12-01 09:35,21.9000,2023-12-01 09:45,22.5800,2023-12-01 09:45,22.5800,2023-12-01 09:49,22.3000,0,4,4,0,4,4,0.000000,0.031050,intraday,intraday,0,0
2023-12-01 10:30,22.0300,2023-12-01 11:11,22.7800,2023-12-01 11:53,23.0600,2023-12-01 12:21,22.8200,42,28,70,42,28,70,0.012291,0.046754,intraday,intraday,0,0
2023-12-04 10:58,21.3000,2023-12-04 11:47,21.9400,2023-12-04 12:57,22.2200,2023-12-04 13:25,21.9600,70,28,98,70,28,98,0.012762,0.043192,intraday,intraday,0,0
2023-12-05 09:45,21.3600,2023-12-05 10:03,22.0300,2023-12-05 10:04,22.0400,2023-12-05 10:26,21.7300,1,22,23,1,22,23,0.000454,0.031835,intraday,intraday,0,0
2023-12-05 11:54,21.3600,2023-12-06 09:30,22.8600,2023-12-06 09:30,22.8600,2023-12-06 09:37,22.4600,0,7,7,0,7,7,0.000000,0.070225,intraday,intraday,0,0
2023-12-06 15:56,21.4100,2023-12-07 09:32,22.1600,2023-12-07 09:34,22.2100,2023-12-07 09:46,21.8900,2,12,14,2,12,14,0.002256,0.037366,intraday,intraday,0,0
2023-12-07 09:46,21.8900,2023-12-07 10:35,22.5500,2023-12-07 10:52,22.7000,2023-12-07 11:14,22.4500,17,22,39,17,22,39,0.006652,0.037003,intraday,intraday,0,0
2023-12-07 11:18,22.3000,2023-12-07 13:05,22.9700,2023-12-07 14:21,23.3800,2023-12-07 14:39,23.1400,76,18,94,76,18,94,0.017849,0.048430,intraday,intraday,0,0
2023-12-07 15:33,23.1000,2023-12-08 10:15,23.8300,2023-12-08 10:28,24.0100,2023-12-08 10:34,23.7600,13,6,19,13,6,19,0.007554,0.039394,intraday,intraday,0,0
2023-12-08 12:14,23.1400,2023-12-08 14:49,23.8500,2023-12-11 10:13,25.5400,2023-12-11 10:28,25.2600,114,15,129,4044,15,4059,0.070860,0.103717,weekend,intraday,0,1
2023-12-11 10:29,25.2000,2023-12-11 12:37,25.9900,2023-12-11 14:02,26.3800,2023-12-11 14:36,26.1100,85,34,119,85,34,119,0.015006,0.046825,intraday,intraday,0,0
2023-12-12 09:30,25.7600,2023-12-12 10:58,26.5400,2023-12-12 11:24,26.6600,2023-12-12 11:58,26.3600,26,34,60,26,34,60,0.004521,0.034938,intraday,intraday,0,0
2023-12-12 12:11,26.1300,2023-12-13 09:34,26.9200,2023-12-13 09:41,27.0800,2023-12-13 09:47,26.7700,7,6,13,7,6,13,0.005944,0.036357,intraday,intraday,0,0
2023-12-13 13:39,26.4300,2023-12-13 14:05,27.3000,2023-12-13 14:22,27.6600,2023-12-13 14:31,27.2700,17,9,26,17,9,26,0.013187,0.046538,intraday,intraday,0,0
2023-12-13 14:31,27.2700,2023-12-13 14:55,28.1400,2023-12-13 15:04,28.3900,2023-12-13 15:10,27.9100,9,6,15,9,6,15,0.008884,0.041071,intraday,intraday,0,0
2023-12-13 15:26,27.2300,2023-12-14 09:30,28.9800,2023-12-14 10:01,30.1700,2023-12-14 10:17,29.7500,31,16,47,31,16,47,0.041063,0.107969,intraday,intraday,0,0
2023-12-14 13:53,29.2100,2023-12-14 14:48,30.1300,2023-12-15 09:33,31.0800,2023-12-15 09:36,30.7600,75,3,78,1125,3,1128,0.031530,0.064019,overnight,intraday,0,1
2023-12-15 09:46,30.4300,2023-12-15 10:53,31.3500,2023-12-15 11:31,31.5700,2023-12-15 12:03,31.2500,38,32,70,38,32,70,0.007018,0.037463,intraday,intraday,0,0
2023-12-18 11:05,29.4900,2023-12-18 14:13,30.3800,2023-12-19 09:43,30.9400,2023-12-19 09:50,30.6200,120,7,127,1170,7,1177,0.018433,0.049169,overnight,intraday,0,1
2023-12-20 15:59,28.0500,2023-12-21 09:30,29.9900,2023-12-21 09:30,29.9900,2023-12-21 09:36,29.6600,0,6,6,0,6,6,0.000000,0.069162,intraday,intraday,0,0
2023-12-21 10:09,29.4100,2023-12-21 15:28,30.3300,2023-12-22 09:44,31.0500,2023-12-22 10:56,30.7000,46,72,118,1096,72,1168,0.023739,0.055763,overnight,intraday,0,1
2023-12-22 14:31,29.9200,2023-12-26 09:30,31.2500,2023-12-26 10:16,31.8900,2023-12-26 10:50,31.5400,46,34,80,46,34,80,0.020480,0.065842,intraday,intraday,0,0
2023-12-26 10:51,31.4900,2023-12-26 15:22,32.4400,2023-12-26 15:27,32.5100,2023-12-26 15:54,32.1700,5,27,32,5,27,32,0.002158,0.032391,intraday,intraday,0,0
2024-01-04 09:49,25.0500,2024-01-04 10:17,25.9300,2024-01-04 10:18,25.9600,2024-01-04 10:26,25.6200,1,8,9,1,8,9,0.001157,0.036327,intraday,intraday,0,0
2024-01-05 09:40,25.4600,2024-01-05 10:02,26.2400,2024-01-05 10:13,26.4200,2024-01-05 10:20,26.1100,11,7,18,11,7,18,0.006860,0.037706,intraday,intraday,0,0
2024-01-05 15:27,25.5700,2024-01-08 09:30,26.5500,2024-01-08 14:14,28.6400,2024-01-08 15:00,28.3500,284,46,330,284,46,330,0.078719,0.120063,intraday,intraday,0,0
2024-01-09 09:37,27.5100,2024-01-09 11:47,28.3500,2024-01-09 13:03,29.1100,2024-01-09 13:28,28.8100,76,25,101,76,25,101,0.026808,0.058161,intraday,intraday,0,0
2024-01-10 10:05,27.1200,2024-01-10 10:32,27.9600,2024-01-10 10:43,28.2600,2024-01-10 11:08,27.9700,11,25,36,11,25,36,0.010730,0.042035,intraday,intraday,0,0
2024-01-10 11:15,27.7200,2024-01-11 09:30,28.5700,2024-01-11 09:40,28.9700,2024-01-11 09:43,28.5900,10,3,13,10,3,13,0.014001,0.045094,intraday,intraday,0,0
2024-01-11 11:45,26.8300,2024-01-11 12:51,27.6700,2024-01-11 14:57,28.5600,2024-01-11 15:08,28.2700,126,11,137,126,11,137,0.032165,0.064480,intraday,intraday,0,0
2024-01-12 10:53,27.6400,2024-01-16 10:12,28.4900,2024-01-16 10:53,29.7900,2024-01-16 11:00,29.3800,41,7,48,41,7,48,0.045630,0.077786,intraday,intraday,0,0
2024-01-17 10:00,27.0400,2024-01-17 11:22,27.8600,2024-01-17 11:45,27.9200,2024-01-17 11:51,27.6200,23,6,29,23,6,29,0.002154,0.032544,intraday,intraday,0,0
2024-01-17 13:49,27.1900,2024-01-17 14:37,28.0100,2024-01-17 14:44,28.2600,2024-01-17 15:01,27.9700,7,17,24,7,17,24,0.008925,0.039353,intraday,intraday,0,0
2024-01-17 15:14,27.8600,2024-01-18 09:30,31.0400,2024-01-18 09:30,31.0400,2024-01-18 09:32,30.7200,0,2,2,0,2,2,0.000000,0.114142,intraday,intraday,0,0
2024-01-18 13:21,29.8800,2024-01-18 14:16,30.7800,2024-01-19 09:30,32.3400,2024-01-19 09:32,32.0000,104,2,106,1154,2,1156,0.050682,0.082329,overnight,intraday,0,1
2024-01-19 09:32,32.0000,2024-01-19 11:31,32.9800,2024-01-22 09:35,36.5500,2024-01-22 09:36,35.9900,274,1,275,4204,1,4205,0.108247,0.142187,weekend,intraday,0,1
2024-01-22 10:48,34.3000,2024-01-22 11:55,35.3700,2024-01-22 11:59,35.5300,2024-01-22 12:06,35.0800,4,7,11,4,7,11,0.004524,0.035860,intraday,intraday,0,0
2024-01-23 09:34,34.3200,2024-01-23 10:00,35.3900,2024-01-23 10:00,35.3900,2024-01-23 10:22,35.0100,0,22,22,0,22,22,0.000000,0.031177,intraday,intraday,0,0
2024-01-23 10:23,34.8600,2024-01-23 15:12,35.9200,2024-01-24 09:30,37.0800,2024-01-24 09:35,36.6500,48,5,53,1098,5,1103,0.032294,0.063683,overnight,intraday,0,1
2024-01-24 09:39,36.3300,2024-01-24 10:13,37.4500,2024-01-24 10:44,38.5200,2024-01-24 10:52,38.1300,31,8,39,31,8,39,0.028571,0.060281,intraday,intraday,0,0
2024-01-24 15:29,37.0800,2024-01-25 09:30,39.3900,2024-01-25 09:30,39.3900,2024-01-25 09:31,38.8600,0,1,1,0,1,1,0.000000,0.062298,intraday,intraday,0,0
2024-01-26 09:53,34.1400,2024-01-26 10:32,35.1900,2024-01-26 10:55,35.5000,2024-01-26 11:13,35.0900,23,18,41,23,18,41,0.008809,0.039836,intraday,intraday,0,0
2024-01-29 10:04,33.5800,2024-01-29 15:07,34.6100,2024-01-29 15:25,35.0800,2024-01-29 15:46,34.6800,18,21,39,18,21,39,0.013580,0.044669,intraday,intraday,0,0
2024-01-31 10:37,31.1700,2024-01-31 11:46,32.1400,2024-01-31 13:15,32.6400,2024-01-31 14:01,32.2000,89,46,135,89,46,135,0.015557,0.047161,intraday,intraday,0,0
2024-01-31 14:22,32.1200,2024-01-31 14:40,33.2400,2024-01-31 14:46,33.7800,2024-01-31 14:47,33.4400,6,1,7,6,1,7,0.016245,0.051681,intraday,intraday,0,0
2024-02-01 11:31,31.2400,2024-02-01 12:09,32.2000,2024-02-01 12:10,32.2600,2024-02-01 12:28,31.9300,1,18,19,1,18,19,0.001863,0.032650,intraday,intraday,0,0
2024-02-01 13:06,31.6200,2024-02-01 15:04,32.5900,2024-02-01 15:35,32.7100,2024-02-01 15:53,32.3500,31,18,49,31,18,49,0.003682,0.034472,intraday,intraday,0,0
2024-02-02 09:32,32.3200,2024-02-02 09:56,33.4000,2024-02-02 09:56,33.4000,2024-02-02 10:08,32.9600,0,12,12,0,12,12,0.000000,0.033416,intraday,intraday,0,0
2024-02-02 10:32,32.6100,2024-02-02 12:27,33.5900,2024-02-02 12:31,33.8100,2024-02-02 12:44,33.2200,4,13,17,4,13,17,0.006550,0.036799,intraday,intraday,0,0
2024-02-02 12:45,33.1400,2024-02-05 09:30,34.5100,2024-02-05 09:47,35.0700,2024-02-05 09:49,34.7100,17,2,19,17,2,19,0.016227,0.058238,intraday,intraday,0,0
2024-02-05 10:42,33.4400,2024-02-05 12:01,34.4500,2024-02-05 14:46,35.5800,2024-02-05 15:02,35.2200,165,16,181,165,16,181,0.032801,0.063995,intraday,intraday,0,0
2024-02-06 12:22,32.7000,2024-02-06 14:45,33.6900,2024-02-06 15:07,33.9900,2024-02-06 15:32,33.5700,22,25,47,22,25,47,0.008905,0.039450,intraday,intraday,0,0
2024-02-06 15:38,33.3000,2024-02-07 09:30,34.3300,2024-02-07 09:30,34.3300,2024-02-07 09:37,33.9400,0,7,7,0,7,7,0.000000,0.030931,intraday,intraday,0,0
2024-02-07 09:41,33.6100,2024-02-07 10:13,34.6800,2024-02-07 10:52,35.3900,2024-02-07 10:56,35.0300,39,4,43,39,4,43,0.020473,0.052960,intraday,intraday,0,0
2024-02-07 12:40,34.4700,2024-02-08 09:30,35.7100,2024-02-08 09:35,36.5400,2024-02-08 09:40,36.1500,5,5,10,5,5,10,0.023243,0.060052,intraday,intraday,0,0
2024-02-08 09:42,35.7800,2024-02-08 10:04,36.8600,2024-02-08 10:05,36.9100,2024-02-08 10:14,36.5400,1,9,10,1,9,10,0.001356,0.031582,intraday,intraday,0,0
2024-02-08 10:14,36.5400,2024-02-08 10:51,37.6500,2024-02-08 11:20,37.7100,2024-02-08 11:26,37.3100,29,6,35,29,6,35,0.001594,0.032020,intraday,intraday,0,0
2024-02-08 14:37,37.0600,2024-02-09 09:59,38.2700,2024-02-09 11:02,39.0900,2024-02-09 11:15,38.6400,63,13,76,63,13,76,0.021427,0.054776,intraday,intraday,0,0
2024-02-09 11:35,38.2500,2024-02-09 14:30,39.4300,2024-02-09 14:46,39.5200,2024-02-09 15:01,39.0700,16,15,31,16,15,31,0.002283,0.033203,intraday,intraday,0,0
2024-02-09 15:05,39.0200,2024-02-12 10:25,40.2700,2024-02-12 11:37,41.3100,2024-02-12 11:47,40.8400,72,10,82,72,10,82,0.025826,0.058688,intraday,intraday,0,0
2024-02-13 09:30,35.3800,2024-02-13 09:39,36.6600,2024-02-13 09:39,36.6600,2024-02-13 09:45,36.1700,0,6,6,0,6,6,0.000000,0.036179,intraday,intraday,0,0
2024-02-13 10:16,35.9000,2024-02-13 10:25,36.9800,2024-02-13 10:43,37.9600,2024-02-13 10:56,37.5700,18,13,31,18,13,31,0.026501,0.057382,intraday,intraday,0,0
2024-02-13 15:22,35.5400,2024-02-13 15:55,36.6600,2024-02-14 09:33,38.7100,2024-02-14 09:39,38.0800,8,6,14,1058,6,1064,0.055919,0.089195,overnight,intraday,0,1
2024-02-14 09:39,38.0800,2024-02-14 10:20,39.2500,2024-02-14 10:20,39.2500,2024-02-14 10:38,38.7600,0,18,18,0,18,18,0.000000,0.030725,intraday,intraday,0,0
2024-02-14 11:17,37.7100,2024-02-14 13:38,38.8500,2024-02-14 13:50,38.8900,2024-02-14 14:05,38.3500,12,15,27,12,15,27,0.001030,0.031291,intraday,intraday,0,0
2024-02-14 14:19,38.3000,2024-02-15 09:30,40.0100,2024-02-15 09:30,40.0100,2024-02-15 09:34,39.4900,0,4,4,0,4,4,0.000000,0.044648,intraday,intraday,0,0
2024-02-15 11:09,38.5700,2024-02-15 13:28,39.7700,2024-02-15 14:24,39.9500,2024-02-15 14:58,39.5200,56,34,90,56,34,90,0.004526,0.035779,intraday,intraday,0,0
2024-02-15 15:49,38.9200,2024-02-16 09:33,40.2700,2024-02-16 09:36,40.6900,2024-02-16 09:39,40.1600,3,3,6,3,3,6,0.010430,0.045478,intraday,intraday,0,0
2024-02-16 10:02,38.0300,2024-02-16 10:47,39.2300,2024-02-16 11:57,40.1000,2024-02-16 12:10,39.6900,70,13,83,70,13,83,0.022177,0.054431,intraday,intraday,0,0
2024-02-20 10:30,34.8700,2024-02-20 11:00,35.9800,2024-02-20 11:01,36.0600,2024-02-20 11:10,35.6800,1,9,10,1,9,10,0.002223,0.034127,intraday,intraday,0,0
2024-02-20 12:39,34.7200,2024-02-20 14:19,35.8600,2024-02-20 14:19,35.8600,2024-02-20 14:25,35.5000,0,6,6,0,6,6,0.000000,0.032834,intraday,intraday,0,0
2024-02-21 15:10,34.6200,2024-02-21 15:36,35.6700,2024-02-22 09:50,40.7000,2024-02-22 09:53,40.1700,44,3,47,1094,3,1097,0.141015,0.175621,overnight,intraday,0,1
2024-02-22 09:54,40.1200,2024-02-22 11:17,41.3400,2024-02-22 14:23,41.9900,2024-02-22 14:57,41.5000,186,34,220,186,34,220,0.015723,0.046610,intraday,intraday,0,0
2024-02-23 11:13,39.4600,2024-02-23 11:57,40.6500,2024-02-23 12:11,41.0100,2024-02-23 12:25,40.5300,14,14,28,14,14,28,0.008856,0.039280,intraday,intraday,0,0
2024-02-23 15:30,39.8700,2024-02-26 09:30,41.4700,2024-02-26 09:37,41.6100,2024-02-26 09:42,41.1100,7,5,12,7,5,12,0.003376,0.043642,intraday,intraday,0,0
2024-02-26 09:47,40.5400,2024-02-26 12:31,41.7900,2024-02-26 12:31,41.7900,2024-02-26 13:26,41.3000,0,55,55,0,55,55,0.000000,0.030834,intraday,intraday,0,0
2024-02-27 09:41,40.8200,2024-02-27 10:19,42.0500,2024-02-27 10:21,42.0700,2024-02-27 11:37,41.6100,2,76,78,2,76,78,0.000476,0.030622,intraday,intraday,0,0
2024-02-28 09:32,39.2500,2024-02-29 09:30,41.5200,2024-02-29 10:06,41.8000,2024-02-29 10:10,41.2800,36,4,40,36,4,40,0.006744,0.064968,intraday,intraday,0,0
2024-02-29 11:40,40.8600,2024-02-29 12:53,42.1500,2024-02-29 14:18,42.7700,2024-02-29 14:33,42.3300,85,15,100,85,15,100,0.014709,0.046745,intraday,intraday,0,0
2024-02-29 14:53,42.3100,2024-03-01 09:30,44.3800,2024-03-01 09:33,45.1700,2024-03-01 09:37,44.6200,3,4,7,3,4,7,0.017801,0.067596,intraday,intraday,0,0
2024-03-01 09:41,44.5100,2024-03-01 10:09,45.8700,2024-03-01 10:26,46.2000,2024-03-01 10:33,45.6500,17,7,24,17,7,24,0.007194,0.037969,intraday,intraday,0,0
2024-03-01 10:33,45.6500,2024-03-01 11:16,47.1100,2024-03-01 14:03,48.9000,2024-03-01 14:41,48.4100,167,38,205,167,38,205,0.037996,0.071194,intraday,intraday,0,0
2024-03-01 15:25,47.8400,2024-03-04 09:30,49.6700,2024-03-04 09:30,49.6700,2024-03-04 09:32,49.1400,0,2,2,0,2,2,0.000000,0.038253,intraday,intraday,0,0
2024-03-04 09:33,49.1200,2024-03-04 09:41,50.6200,2024-03-04 09:41,50.6200,2024-03-04 09:45,50.0800,0,4,4,0,4,4,0.000000,0.030537,intraday,intraday,0,0
2024-03-04 10:00,49.1800,2024-03-04 10:37,50.6700,2024-03-04 10:47,50.8400,2024-03-04 11:26,50.3300,10,39,49,10,39,49,0.003355,0.033754,intraday,intraday,0,0
2024-03-04 11:34,49.8800,2024-03-04 14:49,51.3800,2024-03-04 15:14,51.3900,2024-03-04 15:29,50.8000,25,15,40,25,15,40,0.000195,0.030273,intraday,intraday,0,0
2024-03-05 09:33,47.2800,2024-03-05 10:01,48.7800,2024-03-05 10:03,48.9800,2024-03-05 10:07,48.3600,2,4,6,2,4,6,0.004100,0.035956,intraday,intraday,0,0
2024-03-05 15:14,45.3100,2024-03-05 15:54,46.7200,2024-03-06 09:45,50.6200,2024-03-06 09:50,50.0700,21,5,26,1071,5,1076,0.083476,0.117193,overnight,intraday,0,1
2024-03-06 10:07,48.8700,2024-03-06 10:49,50.3600,2024-03-06 11:12,50.9600,2024-03-06 11:31,50.4000,23,19,42,23,19,42,0.011914,0.042767,intraday,intraday,0,0
2024-03-06 11:33,50.1800,2024-03-06 12:31,51.7000,2024-03-06 12:32,51.7300,2024-03-06 12:45,51.1900,1,13,14,1,13,14,0.000580,0.030889,intraday,intraday,0,0
2024-03-06 15:36,49.3000,2024-03-07 09:30,52.4200,2024-03-07 09:37,53.5300,2024-03-07 09:41,52.9300,7,4,11,7,4,11,0.021175,0.085801,intraday,intraday,0,0
2024-03-07 09:46,52.4300,2024-03-07 10:15,54.1500,2024-03-07 10:46,54.6200,2024-03-07 10:53,54.0000,31,7,38,31,7,38,0.008680,0.041770,intraday,intraday,0,0
2024-03-07 10:53,54.0000,2024-03-07 12:10,55.6400,2024-03-07 12:19,56.0000,2024-03-07 12:33,55.4000,9,14,23,9,14,23,0.006470,0.037037,intraday,intraday,0,0
2024-03-07 15:23,54.7900,2024-03-08 09:34,56.4700,2024-03-08 09:34,56.4700,2024-03-08 09:37,55.5600,0,3,3,0,3,3,0.000000,0.030663,intraday,intraday,0,0
2024-03-08 11:31,50.7700,2024-03-08 11:37,52.3700,2024-03-08 11:44,52.5100,2024-03-08 11:46,51.9600,7,2,9,7,2,9,0.002673,0.034272,intraday,intraday,0,0
2024-03-08 13:50,48.8400,2024-03-08 14:21,50.3500,2024-03-08 14:44,51.2700,2024-03-08 14:51,50.6300,23,7,30,23,7,30,0.018272,0.049754,intraday,intraday,0,0
2024-03-11 09:33,45.3100,2024-03-11 09:37,46.8400,2024-03-11 09:39,47.1800,2024-03-11 09:48,46.4700,2,9,11,2,9,11,0.007259,0.041271,intraday,intraday,0,0
2024-03-11 10:02,45.1500,2024-03-11 10:27,46.5300,2024-03-11 10:33,47.3600,2024-03-11 10:37,46.7600,6,4,10,6,4,10,0.017838,0.048948,intraday,intraday,0,0
2024-03-11 11:30,46.0200,2024-03-12 09:30,48.6000,2024-03-12 09:30,48.6000,2024-03-12 09:32,47.8500,0,2,2,0,2,2,0.000000,0.056063,intraday,intraday,0,0
2024-03-12 09:47,46.0300,2024-03-12 09:58,47.4700,2024-03-12 10:00,47.7100,2024-03-12 10:03,47.2100,2,3,5,2,3,5,0.005056,0.036498,intraday,intraday,0,0
2024-03-12 10:21,46.9300,2024-03-12 10:40,48.3500,2024-03-12 11:28,49.2200,2024-03-12 11:40,48.6300,48,12,60,48,12,60,0.017994,0.048796,intraday,intraday,0,0
2024-03-12 13:08,47.3900,2024-03-12 15:25,48.8500,2024-03-12 15:59,49.6600,2024-03-13 09:30,47.6500,34,1,35,34,1051,1085,0.016581,0.047900,overnight,overnight,1,1
2024-03-13 11:42,45.1600,2024-03-13 13:29,46.5300,2024-03-13 13:30,46.7000,2024-03-13 13:49,46.0900,1,19,20,1,19,20,0.003654,0.034101,intraday,intraday,0,0
2024-03-14 15:36,42.1900,2024-03-14 15:54,43.6100,2024-03-14 15:54,43.6100,2024-03-15 09:30,41.8800,0,6,6,0,1056,1056,0.000000,0.033657,overnight,overnight,1,1
2024-03-15 09:31,41.8700,2024-03-15 10:29,43.1800,2024-03-15 10:38,44.0800,2024-03-15 10:45,43.5900,9,7,16,9,7,16,0.020843,0.052782,intraday,intraday,0,0
2024-03-15 15:57,42.6300,2024-03-18 09:30,45.0900,2024-03-18 09:30,45.0900,2024-03-18 09:37,44.6000,0,7,7,0,7,7,0.000000,0.057706,intraday,intraday,0,0
2024-03-19 10:30,39.0100,2024-03-19 12:05,40.2100,2024-03-19 13:02,41.8000,2024-03-19 13:09,41.3800,57,7,64,57,7,64,0.039542,0.071520,intraday,intraday,0,0
2024-03-20 13:45,40.6500,2024-03-20 14:01,41.8800,2024-03-20 14:05,42.3800,2024-03-20 14:07,41.7600,4,2,6,4,2,6,0.011939,0.042558,intraday,intraday,0,0
2024-03-20 14:34,41.0900,2024-03-20 14:47,42.4600,2024-03-20 15:34,43.7500,2024-03-20 15:42,43.2500,47,8,55,47,8,55,0.030382,0.064736,intraday,intraday,0,0
2024-03-20 15:50,43.0000,2024-03-21 09:30,47.3600,2024-03-21 09:31,47.4500,2024-03-21 09:34,46.9700,1,3,4,1,3,4,0.001900,0.103488,intraday,intraday,0,0
2024-03-21 09:53,46.7200,2024-03-21 11:36,48.1700,2024-03-21 11:51,48.7500,2024-03-21 13:08,48.2600,15,77,92,15,77,92,0.012041,0.043450,intraday,intraday,0,0
2024-03-22 10:51,45.2700,2024-03-22 12:52,46.6600,2024-03-22 13:17,47.4600,2024-03-22 14:14,46.9400,25,57,82,25,57,82,0.017145,0.048376,intraday,intraday,0,0
2024-03-25 09:40,44.7900,2024-03-25 10:16,46.2500,2024-03-25 11:42,47.0900,2024-03-25 11:58,46.6100,86,16,102,86,16,102,0.018162,0.051351,intraday,intraday,0,0
2024-03-25 15:59,45.8700,2024-03-26 09:34,47.2500,2024-03-26 09:34,47.2500,2024-03-26 09:41,46.7200,0,7,7,0,7,7,0.000000,0.030085,intraday,intraday,0,0
2024-03-27 10:03,43.9700,2024-03-27 10:37,45.3200,2024-03-27 10:41,45.5100,2024-03-27 10:49,44.9900,4,8,12,4,8,12,0.004192,0.035024,intraday,intraday,0,0
2024-03-27 11:32,44.9000,2024-03-27 15:44,46.3500,2024-03-28 09:45,47.2200,2024-03-28 09:53,46.7000,31,8,39,1081,8,1089,0.018770,0.051670,overnight,intraday,0,1
2024-03-28 14:01,46.0700,2024-04-01 09:31,47.5900,2024-04-01 09:56,49.9700,2024-04-01 10:02,49.4000,25,6,31,25,6,31,0.050011,0.084654,intraday,intraday,0,0
2024-04-02 10:19,44.4100,2024-04-02 15:36,45.7500,2024-04-02 15:51,46.1100,2024-04-03 09:30,44.4600,15,9,24,15,1059,1074,0.007869,0.038280,overnight,overnight,1,1
2024-04-03 09:30,44.4600,2024-04-03 10:04,45.8700,2024-04-03 10:05,46.2200,2024-04-03 10:09,45.6200,1,4,5,1,4,5,0.007630,0.039586,intraday,intraday,0,0
2024-04-03 10:09,45.6200,2024-04-03 10:30,47.0200,2024-04-03 10:35,47.1800,2024-04-03 10:49,46.7000,5,14,19,5,14,19,0.003403,0.034196,intraday,intraday,0,0
2024-04-03 15:30,45.6100,2024-04-04 09:30,48.3100,2024-04-04 09:30,48.3100,2024-04-04 09:39,47.6400,0,9,9,0,9,9,0.000000,0.059198,intraday,intraday,0,0
2024-04-04 15:29,42.0400,2024-04-05 09:32,43.5200,2024-04-05 09:32,43.5200,2024-04-05 09:33,43.0600,0,1,1,0,1,1,0.000000,0.035205,intraday,intraday,0,0
2024-04-05 09:39,42.0500,2024-04-05 09:54,43.3400,2024-04-05 09:54,43.3400,2024-04-05 10:01,42.7900,0,7,7,0,7,7,0.000000,0.030678,intraday,intraday,0,0
2024-04-05 10:28,42.6800,2024-04-05 11:54,44.0000,2024-04-05 12:00,44.2500,2024-04-05 12:31,43.8000,6,31,37,6,31,37,0.005682,0.036785,intraday,intraday,0,0
2024-04-05 15:02,43.1900,2024-04-08 09:30,44.5200,2024-04-08 09:31,44.5900,2024-04-08 09:35,44.0700,1,4,5,1,4,5,0.001572,0.032415,intraday,intraday,0,0
2024-04-08 09:50,43.5400,2024-04-08 10:30,44.8600,2024-04-08 10:33,45.0900,2024-04-08 11:01,44.6300,3,28,31,3,28,31,0.005127,0.035599,intraday,intraday,0,0
2024-04-08 12:24,43.5500,2024-04-09 09:30,45.5100,2024-04-09 09:32,45.5900,2024-04-09 09:34,45.0500,2,2,4,2,2,4,0.001758,0.046843,intraday,intraday,0,0
2024-04-09 10:55,43.1800,2024-04-09 11:49,44.5800,2024-04-09 12:43,44.8100,2024-04-09 12:54,44.3500,54,11,65,54,11,65,0.005159,0.037749,intraday,intraday,0,0
2024-04-10 09:30,42.9700,2024-04-10 09:36,44.4800,2024-04-10 09:39,44.5500,2024-04-10 09:42,43.8800,3,3,6,3,3,6,0.001574,0.036770,intraday,intraday,0,0
2024-04-10 15:05,42.2100,2024-04-11 09:30,43.5700,2024-04-11 09:34,43.8600,2024-04-11 09:39,43.3800,4,5,9,4,5,9,0.006656,0.039090,intraday,intraday,0,0
2024-04-11 10:16,42.7600,2024-04-11 12:00,44.0900,2024-04-11 13:25,44.9700,2024-04-11 13:39,44.5200,85,14,99,85,14,99,0.019959,0.051684,intraday,intraday,0,0
2024-04-11 13:39,44.5200,2024-04-11 15:35,45.8700,2024-04-11 15:41,46.0200,2024-04-12 09:30,43.3200,6,19,25,6,1069,1075,0.003270,0.033693,overnight,overnight,1,1
2024-04-12 15:14,41.0400,2024-04-15 09:30,42.8500,2024-04-15 10:01,43.3600,2024-04-15 10:05,42.9000,31,4,35,31,4,35,0.011902,0.056530,intraday,intraday,0,0
2024-04-15 15:18,39.1200,2024-04-16 10:15,40.3300,2024-04-16 10:15,40.3300,2024-04-16 10:25,39.9200,0,10,10,0,10,10,0.000000,0.030930,intraday,intraday,0,0
2024-04-16 10:37,39.6200,2024-04-16 11:54,40.8300,2024-04-16 11:54,40.8300,2024-04-16 12:00,40.3100,0,6,6,0,6,6,0.000000,0.030540,intraday,intraday,0,0
2024-04-16 13:31,39.9200,2024-04-16 14:09,41.1300,2024-04-16 14:09,41.1300,2024-04-16 14:14,40.6100,0,5,5,0,5,5,0.000000,0.030311,intraday,intraday,0,0
2024-04-17 12:46,36.7900,2024-04-17 13:33,37.9000,2024-04-17 13:40,38.0500,2024-04-17 13:45,37.5900,7,5,12,7,5,12,0.003958,0.034248,intraday,intraday,0,0
2024-04-18 09:39,34.5900,2024-04-18 09:48,35.7500,2024-04-18 09:48,35.7500,2024-04-18 09:51,35.3900,0,3,3,0,3,3,0.000000,0.033536,intraday,intraday,0,0
2024-04-18 10:03,35.0500,2024-04-18 10:35,36.1100,2024-04-18 10:56,36.4400,2024-04-18 11:04,36.0500,21,8,29,21,8,29,0.009139,0.039658,intraday,intraday,0,0
2024-04-19 15:06,30.3500,2024-04-22 09:30,31.5600,2024-04-22 09:30,31.5600,2024-04-22 09:34,31.0900,0,4,4,0,4,4,0.000000,0.039868,intraday,intraday,0,0
2024-04-22 09:37,31.0600,2024-04-22 09:52,32.0500,2024-04-22 09:52,32.0500,2024-04-22 09:58,31.6100,0,6,6,0,6,6,0.000000,0.031874,intraday,intraday,0,0
2024-04-22 11:15,30.5000,2024-04-22 12:03,31.4500,2024-04-22 12:21,31.7000,2024-04-22 12:30,31.3700,18,9,27,18,9,27,0.007949,0.039344,intraday,intraday,0,0
2024-04-22 12:33,31.2900,2024-04-22 13:48,32.2300,2024-04-22 14:35,32.8300,2024-04-22 14:48,32.4600,47,13,60,47,13,60,0.018616,0.049217,intraday,intraday,0,0
2024-04-22 15:54,31.8300,2024-04-23 09:31,33.0500,2024-04-23 09:32,33.1400,2024-04-23 09:34,32.6000,1,2,3,1,2,3,0.002723,0.041156,intraday,intraday,0,0
2024-04-23 09:34,32.6000,2024-04-23 10:16,33.7100,2024-04-23 10:32,34.4100,2024-04-23 10:44,34.0200,16,12,28,16,12,28,0.020765,0.055521,intraday,intraday,0,0
2024-04-23 11:02,33.7100,2024-04-24 09:30,37.1000,2024-04-24 09:31,37.2000,2024-04-24 09:32,36.7300,1,1,2,1,1,2,0.002695,0.103530,intraday,intraday,0,0
2024-04-24 12:34,34.6500,2024-04-24 13:41,35.7200,2024-04-24 13:47,35.8600,2024-04-24 14:05,35.4300,6,18,24,6,18,24,0.003919,0.034921,intraday,intraday,0,0
2024-04-24 14:59,34.8400,2024-04-25 09:43,36.0300,2024-04-25 09:45,36.2600,2024-04-25 09:47,35.8500,2,2,4,2,2,4,0.006384,0.040758,intraday,intraday,0,0
2024-04-25 09:48,35.5500,2024-04-25 10:11,36.7900,2024-04-25 10:24,37.2400,2024-04-25 10:32,36.8600,13,8,21,13,8,21,0.012232,0.047539,intraday,intraday,0,0
2024-04-25 11:33,35.9500,2024-04-25 13:03,37.0400,2024-04-25 13:54,37.8200,2024-04-25 14:29,37.2900,51,35,86,51,35,86,0.021058,0.052017,intraday,intraday,0,0
2024-04-26 09:32,37.0800,2024-04-26 09:50,38.3300,2024-04-26 10:19,39.5400,2024-04-26 10:29,39.0000,29,10,39,29,10,39,0.031568,0.066343,intraday,intraday,0,0
2024-04-26 10:30,38.9500,2024-04-26 13:22,40.1400,2024-04-26 13:26,40.2600,2024-04-26 13:58,39.8400,4,32,36,4,32,36,0.002990,0.033633,intraday,intraday,0,0
2024-04-29 09:53,38.7400,2024-04-29 10:22,39.9300,2024-04-29 10:34,40.1500,2024-04-29 10:38,39.7200,12,4,16,12,4,16,0.005510,0.036396,intraday,intraday,0,0
2024-04-29 11:05,39.6100,2024-04-29 13:38,40.8100,2024-04-29 13:38,40.8100,2024-04-29 14:32,40.3800,0,54,54,0,54,54,0.000000,0.030295,intraday,intraday,0,0
2024-04-29 15:06,39.8800,2024-04-30 09:44,41.1300,2024-04-30 10:05,41.4300,2024-04-30 10:11,40.8900,21,6,27,21,6,27,0.007294,0.038867,intraday,intraday,0,0
2024-05-01 12:00,33.6600,2024-05-01 13:37,34.7500,2024-05-01 14:00,35.0800,2024-05-01 14:01,34.7200,23,1,24,23,1,24,0.009496,0.042187,intraday,intraday,0,0
2024-05-01 14:01,34.7200,2024-05-01 14:39,36.0500,2024-05-01 14:44,37.2000,2024-05-01 14:45,36.7200,5,1,6,5,1,6,0.031900,0.071429,intraday,intraday,0,0
2024-05-01 14:46,36.6500,2024-05-01 15:00,37.8800,2024-05-01 15:01,37.9400,2024-05-01 15:04,37.3800,1,3,4,1,3,4,0.001584,0.035198,intraday,intraday,0,0
2024-05-01 15:59,34.2700,2024-05-02 09:30,36.0400,2024-05-02 09:32,36.3300,2024-05-02 09:35,35.9400,2,3,5,2,3,5,0.008047,0.060111,intraday,intraday,0,0
2024-05-02 10:10,34.2700,2024-05-02 10:25,35.3200,2024-05-02 10:34,35.3300,2024-05-02 10:42,34.8500,9,8,17,9,8,17,0.000283,0.030931,intraday,intraday,0,0
2024-05-02 10:45,34.8400,2024-05-02 11:09,35.8900,2024-05-02 11:16,35.9100,2024-05-02 11:31,35.5200,7,15,22,7,15,22,0.000557,0.030712,intraday,intraday,0,0
2024-05-02 12:37,35.2700,2024-05-02 14:30,36.3500,2024-05-02 15:09,36.8600,2024-05-02 15:36,36.4800,39,27,66,39,27,66,0.014030,0.045081,intraday,intraday,0,0
2024-05-02 15:50,36.1100,2024-05-03 09:30,38.6800,2024-05-03 09:30,38.6800,2024-05-03 09:33,38.2100,0,3,3,0,3,3,0.000000,0.071171,intraday,intraday,0,0
2024-05-03 09:33,38.2100,2024-05-03 09:48,39.4000,2024-05-03 09:49,39.4600,2024-05-03 10:01,38.9500,1,12,13,1,12,13,0.001523,0.032714,intraday,intraday,0,0
2024-05-03 11:10,38.3500,2024-05-06 09:30,39.8400,2024-05-06 09:59,40.9600,2024-05-06 10:33,40.4900,29,34,63,29,34,63,0.028112,0.068057,intraday,intraday,0,0
2024-05-06 11:21,40.2900,2024-05-07 09:30,41.5600,2024-05-07 09:31,41.7600,2024-05-07 09:43,41.3000,1,12,13,1,12,13,0.004812,0.036485,intraday,intraday,0,0
2024-05-08 09:33,39.1200,2024-05-08 10:00,40.3400,2024-05-08 10:00,40.3400,2024-05-08 10:07,39.8800,0,7,7,0,7,7,0.000000,0.031186,intraday,intraday,0,0
2024-05-08 12:11,39.1600,2024-05-08 15:46,40.3500,2024-05-09 09:30,40.5000,2024-05-09 09:39,39.9800,14,9,23,1064,9,1073,0.003717,0.034219,overnight,intraday,0,1
2024-05-09 09:49,39.3400,2024-05-10 09:30,41.2300,2024-05-10 09:48,42.1800,2024-05-10 10:01,41.6700,18,13,31,18,13,31,0.023041,0.072191,intraday,intraday,0,0
2024-05-10 10:54,40.5900,2024-05-13 09:37,41.9600,2024-05-13 09:37,41.9600,2024-05-13 09:42,41.5300,0,5,5,0,5,5,0.000000,0.033752,intraday,intraday,0,0
2024-05-13 15:49,41.1600,2024-05-14 10:24,42.4600,2024-05-14 10:30,42.7300,2024-05-14 10:36,42.2200,6,6,12,6,6,12,0.006359,0.038144,intraday,intraday,0,0
2024-05-14 10:40,41.9800,2024-05-14 15:55,43.3900,2024-05-15 09:33,44.7100,2024-05-15 09:37,44.1900,8,4,12,1058,4,1062,0.030422,0.065031,overnight,intraday,0,1
2024-05-15 09:50,44.1100,2024-05-15 11:00,45.4600,2024-05-16 09:50,47.4500,2024-05-16 10:07,46.8500,320,17,337,1370,17,1387,0.043775,0.075720,overnight,intraday,0,1
2024-05-17 14:23,44.4700,2024-05-20 09:30,45.9600,2024-05-20 12:58,49.2500,2024-05-20 13:22,48.7500,208,24,232,208,24,232,0.071584,0.107488,intraday,intraday,0,0
2024-05-21 09:58,46.4400,2024-05-21 10:57,47.9100,2024-05-21 11:25,48.0200,2024-05-21 11:50,47.5300,28,25,53,28,25,53,0.002296,0.034022,intraday,intraday,0,0
2024-05-21 11:50,47.5300,2024-05-22 09:30,49.1300,2024-05-22 09:33,49.4600,2024-05-22 09:40,48.8800,3,7,10,3,7,10,0.006717,0.040606,intraday,intraday,0,0
2024-05-22 14:29,48.1300,2024-05-23 09:30,52.8900,2024-05-23 09:30,52.8900,2024-05-23 09:32,52.3300,0,2,2,0,2,2,0.000000,0.098899,intraday,intraday,0,0
2024-05-23 10:58,49.0800,2024-05-23 11:21,50.6100,2024-05-23 12:01,51.2100,2024-05-23 12:11,50.6800,40,10,50,40,10,50,0.011855,0.043399,intraday,intraday,0,0
2024-05-23 15:13,47.6900,2024-05-24 09:30,49.8000,2024-05-24 11:19,52.0700,2024-05-24 11:51,51.4800,109,32,141,109,32,141,0.045582,0.091843,intraday,intraday,0,0
2024-05-24 13:11,51.0200,2024-05-28 09:30,53.2000,2024-05-28 09:31,53.4800,2024-05-28 09:36,52.6300,1,5,6,1,5,6,0.005263,0.048216,intraday,intraday,0,0
2024-05-28 09:46,51.8700,2024-05-28 10:41,53.4500,2024-05-28 10:58,54.3000,2024-05-28 11:09,53.7000,17,11,28,17,11,28,0.015903,0.046848,intraday,intraday,0,0
2024-05-30 11:04,49.5500,2024-05-30 13:12,51.0400,2024-05-30 13:42,51.1400,2024-05-30 14:03,50.5500,30,21,51,30,21,51,0.001959,0.032089,intraday,intraday,0,0
2024-05-30 15:49,49.0800,2024-05-31 09:43,50.6600,2024-05-31 09:43,50.6600,2024-05-31 09:45,49.9800,0,2,2,0,2,2,0.000000,0.032192,intraday,intraday,0,0
2024-05-31 12:22,44.4600,2024-05-31 13:24,45.9200,2024-05-31 13:31,46.2500,2024-05-31 13:42,45.7600,7,11,18,7,11,18,0.007186,0.040261,intraday,intraday,0,0
2024-05-31 14:09,45.2800,2024-05-31 15:14,46.6600,2024-06-03 09:30,50.6200,2024-06-03 09:35,49.9300,46,5,51,3976,5,3981,0.084869,0.117933,weekend,intraday,0,1
2024-06-03 13:11,46.1600,2024-06-03 13:43,47.5700,2024-06-03 14:10,47.7500,2024-06-03 14:14,47.2500,27,4,31,27,4,31,0.003784,0.034445,intraday,intraday,0,0
2024-06-03 14:14,47.2500,2024-06-03 15:59,48.6800,2024-06-03 15:59,48.6800,2024-06-04 09:34,47.9600,0,5,5,0,1055,1055,0.000000,0.030265,overnight,overnight,0,1
2024-06-04 12:18,46.5100,2024-06-04 14:29,47.9500,2024-06-04 14:48,48.1600,2024-06-04 15:01,47.4500,19,13,32,19,13,32,0.004380,0.035476,intraday,intraday,0,0
2024-06-04 15:38,46.7800,2024-06-05 09:30,49.6300,2024-06-05 10:34,52.0700,2024-06-05 10:46,51.5000,64,12,76,64,12,76,0.049164,0.113083,intraday,intraday,0,0
2024-06-05 10:51,51.4300,2024-06-05 13:54,52.9800,2024-06-05 15:14,53.5500,2024-06-05 15:48,52.9900,80,34,114,80,34,114,0.010759,0.041221,intraday,intraday,0,0
2024-06-06 09:59,51.2600,2024-06-06 10:33,52.8200,2024-06-06 10:46,53.1000,2024-06-06 10:51,52.5400,13,5,18,13,5,18,0.005301,0.035895,intraday,intraday,0,0
2024-06-10 09:30,50.5400,2024-06-10 09:42,52.1100,2024-06-10 09:43,52.1200,2024-06-10 09:46,51.5400,1,3,4,1,3,4,0.000192,0.031262,intraday,intraday,0,0
2024-06-10 09:53,51.1600,2024-06-10 10:21,52.7200,2024-06-10 12:55,54.5700,2024-06-10 13:15,53.9800,154,20,174,154,20,174,0.035091,0.066654,intraday,intraday,0,0
2024-06-11 09:54,51.7100,2024-06-11 10:45,53.2800,2024-06-11 10:52,53.7000,2024-06-11 11:16,53.0800,7,24,31,7,24,31,0.007883,0.038484,intraday,intraday,0,0
2024-06-11 11:52,51.9400,2024-06-11 13:03,53.5200,2024-06-11 14:32,54.4100,2024-06-11 15:27,53.8600,89,55,144,89,55,144,0.016629,0.047555,intraday,intraday,0,0
2024-06-11 15:49,53.8500,2024-06-12 09:30,56.9600,2024-06-12 09:51,59.0800,2024-06-12 09:54,58.4500,21,3,24,21,3,24,0.037219,0.097122,intraday,intraday,0,0
2024-06-12 15:42,57.4000,2024-06-13 09:30,60.7000,2024-06-13 09:32,61.4200,2024-06-13 09:35,60.7700,2,3,5,2,3,5,0.011862,0.070035,intraday,intraday,0,0
2024-06-13 10:23,58.3900,2024-06-13 11:32,60.1500,2024-06-13 11:44,60.5400,2024-06-13 12:03,59.8700,12,19,31,12,19,31,0.006484,0.036821,intraday,intraday,0,0
2024-06-13 12:47,59.2700,2024-06-13 15:57,61.1200,2024-06-13 15:58,61.1700,2024-06-14 09:30,59.0500,1,2,3,1,1052,1053,0.000818,0.032057,overnight,overnight,1,1
2024-06-14 11:48,58.3800,2024-06-14 13:15,60.1600,2024-06-14 14:54,60.5200,2024-06-14 15:45,59.9000,99,51,150,99,51,150,0.005984,0.036656,intraday,intraday,0,0
2024-06-17 10:28,59.0000,2024-06-17 12:24,60.8900,2024-06-18 10:14,65.0900,2024-06-18 10:19,64.3600,260,5,265,1310,5,1315,0.068977,0.103220,overnight,intraday,0,1
2024-06-20 10:19,62.5300,2024-06-20 11:01,64.4700,2024-06-20 11:08,64.5400,2024-06-20 11:27,63.8700,7,19,26,7,19,26,0.001086,0.032145,intraday,intraday,0,0
2024-06-20 13:38,58.9200,2024-06-20 14:01,60.7800,2024-06-20 14:32,61.4500,2024-06-20 14:36,60.7800,31,4,35,31,4,35,0.011023,0.042940,intraday,intraday,0,0
2024-06-20 15:24,59.1900,2024-06-20 15:45,61.0900,2024-06-20 15:49,61.2200,2024-06-20 15:55,60.4500,4,6,10,4,6,10,0.002128,0.034296,intraday,intraday,0,0
2024-06-21 09:52,56.1400,2024-06-21 10:07,57.8400,2024-06-21 10:16,58.1900,2024-06-21 10:30,57.5800,9,14,23,9,14,23,0.006051,0.036516,intraday,intraday,0,0
2024-06-21 10:34,57.4300,2024-06-21 11:12,59.2500,2024-06-21 11:19,59.4800,2024-06-21 11:27,58.8800,7,8,15,7,8,15,0.003882,0.035696,intraday,intraday,0,0
2024-06-24 09:49,54.9600,2024-06-24 10:01,56.8800,2024-06-24 10:01,56.8800,2024-06-24 10:12,56.2800,0,11,11,0,11,11,0.000000,0.034934,intraday,intraday,0,0
2024-06-25 09:37,52.4500,2024-06-25 10:03,54.1600,2024-06-25 10:09,54.7100,2024-06-25 10:16,54.0300,6,7,13,6,7,13,0.010155,0.043089,intraday,intraday,0,0
2024-06-25 10:55,53.3200,2024-06-25 11:32,55.0300,2024-06-25 11:59,55.1700,2024-06-25 12:22,54.5700,27,23,50,27,23,50,0.002544,0.034696,intraday,intraday,0,0
2024-06-25 13:05,53.7000,2024-06-25 15:59,55.3200,2024-06-26 09:31,55.5600,2024-06-26 09:34,54.9900,2,3,5,1052,3,1055,0.004338,0.034637,overnight,intraday,0,1
2024-06-26 15:13,52.8900,2024-06-26 15:54,54.7800,2024-06-26 15:56,54.8900,2024-06-27 09:30,54.1400,2,4,6,2,1054,1056,0.002008,0.037814,overnight,overnight,1,1
2024-06-27 11:35,52.9300,2024-06-27 15:11,54.5200,2024-06-27 15:11,54.5200,2024-06-27 15:35,53.9700,0,24,24,0,24,24,0.000000,0.030040,intraday,intraday,0,0
2024-06-27 15:54,53.3000,2024-06-28 09:35,55.1800,2024-06-28 10:14,58.4800,2024-06-28 10:19,57.8500,39,5,44,39,5,44,0.059804,0.097186,intraday,intraday,0,0
2024-07-01 10:14,52.3900,2024-07-01 11:36,53.9900,2024-07-01 12:18,55.1300,2024-07-01 12:40,54.5700,42,22,64,42,22,64,0.021115,0.052300,intraday,intraday,0,0
2024-07-01 13:23,54.1700,2024-07-02 09:33,55.8000,2024-07-02 09:46,56.9200,2024-07-02 09:49,56.2800,13,3,16,13,3,16,0.020072,0.050766,intraday,intraday,0,0
2024-07-02 10:24,54.7500,2024-07-02 13:10,56.5000,2024-07-03 09:34,58.8900,2024-07-03 09:35,58.2800,174,1,175,1224,1,1225,0.042301,0.075616,overnight,intraday,0,1
2024-07-03 09:40,57.4100,2024-07-03 10:46,59.1700,2024-07-03 12:29,61.4800,2024-07-03 12:40,60.6300,103,11,114,103,11,114,0.039040,0.070894,intraday,intraday,0,0
2024-07-03 12:47,59.5600,2024-07-05 09:30,61.7900,2024-07-05 09:32,62.1800,2024-07-05 09:33,61.5400,2,1,3,2,1,3,0.006312,0.043989,intraday,intraday,0,0
2024-07-05 10:11,59.8600,2024-07-05 12:13,61.7300,2024-07-05 12:21,61.9900,2024-07-05 12:44,61.3300,8,23,31,8,23,31,0.004212,0.035583,intraday,intraday,0,0
2024-07-05 15:59,60.8100,2024-07-08 09:31,63.0100,2024-07-08 09:50,64.2300,2024-07-08 09:54,63.5000,19,4,23,19,4,23,0.019362,0.056241,intraday,intraday,0,0
2024-07-08 10:57,62.7200,2024-07-09 09:30,65.2800,2024-07-09 09:34,66.1200,2024-07-09 09:38,65.0000,4,4,8,4,4,8,0.012868,0.054209,intraday,intraday,0,0
2024-07-09 13:24,62.4700,2024-07-09 15:50,64.3700,2024-07-10 10:09,67.3500,2024-07-10 10:17,66.6100,49,8,57,1099,8,1107,0.046295,0.078117,overnight,intraday,0,1
2024-07-10 11:02,66.0800,2024-07-10 14:16,68.0800,2024-07-11 09:30,69.4600,2024-07-11 09:32,68.7100,104,2,106,1154,2,1156,0.020270,0.051150,overnight,intraday,0,1
2024-07-11 14:03,61.2700,2024-07-11 15:04,63.3200,2024-07-11 15:11,63.3600,2024-07-11 15:27,62.7200,7,16,23,7,16,23,0.000632,0.034111,intraday,intraday,0,0
2024-07-11 15:59,61.7800,2024-07-12 09:49,63.8000,2024-07-12 10:11,65.0300,2024-07-12 10:22,64.3700,22,11,33,22,11,33,0.019279,0.052606,intraday,intraday,0,0
2024-07-12 10:22,64.3700,2024-07-12 11:12,66.3100,2024-07-12 11:13,66.3900,2024-07-12 11:21,65.6600,1,8,9,1,8,9,0.001206,0.031381,intraday,intraday,0,0
2024-07-12 12:11,64.6500,2024-07-12 13:35,66.6400,2024-07-12 13:56,67.2900,2024-07-12 14:22,66.5900,21,26,47,21,26,47,0.009754,0.040835,intraday,intraday,0,0
2024-07-12 15:50,63.5500,2024-07-15 09:30,65.6700,2024-07-15 09:30,65.6700,2024-07-15 09:32,64.9700,0,2,2,0,2,2,0.000000,0.033360,intraday,intraday,0,0
2024-07-15 09:46,63.8200,2024-07-15 10:50,66.0300,2024-07-15 11:23,66.7400,2024-07-15 11:29,65.9500,33,6,39,33,6,39,0.010753,0.045754,intraday,intraday,0,0
2024-07-15 15:52,63.1300,2024-07-16 09:38,65.1100,2024-07-16 09:39,65.3300,2024-07-16 09:47,64.6100,1,8,9,1,8,9,0.003379,0.034849,intraday,intraday,0,0
2024-07-16 10:09,62.3200,2024-07-16 11:03,64.3400,2024-07-16 11:11,64.8400,2024-07-16 11:31,64.0900,8,20,28,8,20,28,0.007771,0.040436,intraday,intraday,0,0
2024-07-17 10:11,56.0900,2024-07-17 10:40,57.7800,2024-07-17 10:45,58.2400,2024-07-17 10:48,57.3600,5,3,8,5,3,8,0.007961,0.038331,intraday,intraday,0,0
2024-07-17 15:58,51.3900,2024-07-18 09:30,53.7700,2024-07-18 09:31,53.8600,2024-07-18 09:34,53.0100,1,3,4,1,3,4,0.001674,0.048064,intraday,intraday,0,0
2024-07-18 09:45,51.8700,2024-07-18 10:00,53.4500,2024-07-18 10:11,53.8600,2024-07-18 10:20,53.1700,11,9,20,11,9,20,0.007671,0.038365,intraday,intraday,0,0
2024-07-18 10:46,50.3500,2024-07-18 10:54,51.8800,2024-07-18 10:55,52.2600,2024-07-18 11:04,51.7200,1,9,10,1,9,10,0.007325,0.037934,intraday,intraday,0,0
2024-07-18 11:33,49.1300,2024-07-18 12:32,50.6200,2024-07-18 13:02,51.5700,2024-07-18 13:05,50.9500,30,3,33,30,3,33,0.018767,0.049664,intraday,intraday,0,0
2024-07-18 15:13,49.4000,2024-07-18 15:39,51.1800,2024-07-18 15:49,52.6700,2024-07-18 15:51,51.7100,10,2,12,10,2,12,0.029113,0.066194,intraday,intraday,0,0
2024-07-19 13:22,46.9000,2024-07-19 15:04,48.3800,2024-07-19 15:23,48.5200,2024-07-19 15:31,47.9200,19,8,27,19,8,27,0.002894,0.034542,intraday,intraday,0,0
2024-07-19 15:55,46.7800,2024-07-22 09:30,49.5900,2024-07-22 09:30,49.5900,2024-07-22 09:32,49.0200,0,2,2,0,2,2,0.000000,0.060068,intraday,intraday,0,0
2024-07-22 09:33,48.8600,2024-07-22 09:42,50.3900,2024-07-22 09:47,51.3500,2024-07-22 09:51,50.7800,5,4,9,5,4,9,0.019051,0.050962,intraday,intraday,0,0
2024-07-22 10:09,49.5900,2024-07-22 10:40,51.0900,2024-07-22 10:40,51.0900,2024-07-22 10:50,50.5500,0,10,10,0,10,10,0.000000,0.030248,intraday,intraday,0,0
2024-07-22 11:34,49.2100,2024-07-22 12:36,50.7100,2024-07-22 14:25,52.2700,2024-07-22 15:00,51.6900,109,35,144,109,35,144,0.030763,0.062182,intraday,intraday,0,0
2024-07-23 09:31,50.3700,2024-07-23 09:44,52.0000,2024-07-23 09:44,52.0000,2024-07-23 09:46,51.3100,0,2,2,0,2,2,0.000000,0.032361,intraday,intraday,0,0
2024-07-25 09:35,39.5900,2024-07-25 09:41,40.9400,2024-07-25 09:42,41.1600,2024-07-25 09:43,40.6600,1,1,2,1,1,2,0.005374,0.039656,intraday,intraday,0,0
2024-07-25 10:13,37.4900,2024-07-25 10:16,39.0500,2024-07-25 10:16,39.0500,2024-07-25 10:18,38.5700,0,2,2,0,2,2,0.000000,0.041611,intraday,intraday,0,0
2024-07-25 10:18,38.5700,2024-07-25 10:25,39.7800,2024-07-25 10:32,40.3100,2024-07-25 10:33,39.7700,7,1,8,7,1,8,0.013323,0.045113,intraday,intraday,0,0
2024-07-25 10:33,39.7700,2024-07-25 10:45,41.0800,2024-07-25 10:45,41.0800,2024-07-25 10:48,40.6300,0,3,3,0,3,3,0.000000,0.032939,intraday,intraday,0,0
2024-07-25 10:48,40.6300,2024-07-25 10:59,41.8800,2024-07-25 10:59,41.8800,2024-07-25 11:01,41.2800,0,2,2,0,2,2,0.000000,0.030765,intraday,intraday,0,0
2024-07-25 11:06,40.6600,2024-07-25 11:17,42.0000,2024-07-25 11:17,42.0000,2024-07-25 11:19,41.4600,0,2,2,0,2,2,0.000000,0.032956,intraday,intraday,0,0
2024-07-25 11:42,40.6500,2024-07-25 12:02,42.0300,2024-07-25 12:03,42.0900,2024-07-25 12:07,41.6600,1,4,5,1,4,5,0.001428,0.035424,intraday,intraday,0,0
2024-07-25 12:08,41.4000,2024-07-25 12:22,42.6700,2024-07-25 12:41,43.2300,2024-07-25 12:48,42.7600,19,7,26,19,7,26,0.013124,0.044203,intraday,intraday,0,0
2024-07-25 15:59,39.5900,2024-07-26 09:30,41.6400,2024-07-26 09:32,41.9100,2024-07-26 09:34,41.2300,2,2,4,2,2,4,0.006484,0.058601,intraday,intraday,0,0
2024-07-26 09:49,40.9700,2024-07-26 10:00,42.2100,2024-07-26 10:00,42.2100,2024-07-26 10:04,41.4100,0,4,4,0,4,4,0.000000,0.030266,intraday,intraday,0,0
2024-07-26 10:46,40.8000,2024-07-26 12:10,42.0400,2024-07-26 13:31,42.9900,2024-07-26 13:34,42.4400,81,3,84,81,3,84,0.022598,0.053676,intraday,intraday,0,0
2024-07-26 15:17,40.9600,2024-07-29 09:30,43.3400,2024-07-29 09:45,44.8700,2024-07-29 09:49,44.3300,15,4,19,15,4,19,0.035302,0.095459,intraday,intraday,0,0
2024-07-29 11:34,41.3500,2024-07-29 11:51,42.6400,2024-07-29 12:21,43.2300,2024-07-29 12:25,42.7600,30,4,34,30,4,34,0.013837,0.045466,intraday,intraday,0,0
2024-07-30 13:03,36.8500,2024-07-30 13:21,38.0900,2024-07-30 13:44,38.6400,2024-07-30 13:53,38.2500,23,9,32,23,9,32,0.014439,0.048575,intraday,intraday,0,0
2024-07-30 15:42,36.9900,2024-07-31 09:30,42.2200,2024-07-31 09:30,42.2200,2024-07-31 09:31,41.5400,0,1,1,0,1,1,0.000000,0.141390,intraday,intraday,0,0
2024-07-31 09:31,41.5400,2024-07-31 09:40,42.8200,2024-07-31 09:41,42.9000,2024-07-31 09:43,42.4400,1,2,3,1,2,3,0.001868,0.032740,intraday,intraday,0,0
2024-07-31 09:44,41.9300,2024-07-31 12:18,43.1900,2024-07-31 13:13,43.3600,2024-07-31 13:25,42.8600,55,12,67,55,12,67,0.003936,0.034104,intraday,intraday,0,0
2024-07-31 13:42,41.8900,2024-07-31 14:17,43.1700,2024-07-31 14:33,43.9100,2024-07-31 14:35,43.4700,16,2,18,16,2,18,0.017142,0.048222,intraday,intraday,0,0
2024-07-31 15:28,43.3300,2024-07-31 15:45,44.6500,2024-07-31 15:46,44.6700,2024-07-31 15:52,44.0600,1,6,7,1,6,7,0.000448,0.030925,intraday,intraday,0,0
2024-08-01 13:50,34.2700,2024-08-01 13:58,35.3900,2024-08-01 13:59,35.6900,2024-08-01 14:05,35.2900,1,6,7,1,6,7,0.008477,0.041436,intraday,intraday,0,0
2024-08-01 14:54,33.4600,2024-08-01 15:12,34.6300,2024-08-01 15:12,34.6300,2024-08-01 15:15,34.2600,0,3,3,0,3,3,0.000000,0.034967,intraday,intraday,0,0
2024-08-01 15:16,34.1400,2024-08-01 15:48,35.2700,2024-08-01 15:49,35.4200,2024-08-01 15:53,35.0500,1,4,5,1,4,5,0.004253,0.037493,intraday,intraday,0,0
2024-08-02 09:34,28.9200,2024-08-02 09:36,30.1700,2024-08-02 09:40,31.5300,2024-08-02 09:41,31.0500,4,1,5,4,1,5,0.045078,0.090249,intraday,intraday,0,0
2024-08-02 10:14,28.1500,2024-08-02 10:17,29.0400,2024-08-02 10:27,29.9000,2024-08-02 10:32,29.5600,10,5,15,10,5,15,0.029614,0.062167,intraday,intraday,0,0
2024-08-02 10:39,28.6200,2024-08-02 10:46,29.5200,2024-08-02 10:50,29.8800,2024-08-02 10:51,29.5000,4,1,5,4,1,5,0.012195,0.044025,intraday,intraday,0,0
2024-08-02 11:00,28.7500,2024-08-02 11:11,29.6700,2024-08-02 11:11,29.6700,2024-08-02 11:13,29.3600,0,2,2,0,2,2,0.000000,0.032000,intraday,intraday,0,0
2024-08-02 11:20,29.2900,2024-08-02 11:34,30.2900,2024-08-02 11:44,31.2000,2024-08-02 11:47,30.8700,10,3,13,10,3,13,0.030043,0.065210,intraday,intraday,0,0
2024-08-02 13:43,28.4600,2024-08-02 14:28,29.3300,2024-08-02 14:31,29.6000,2024-08-02 14:33,29.2800,3,2,5,3,2,5,0.009206,0.040056,intraday,intraday,0,0
2024-08-05 09:30,23.5200,2024-08-05 09:33,24.6100,2024-08-05 09:39,26.4300,2024-08-05 09:40,25.1200,6,1,7,6,1,7,0.073954,0.123724,intraday,intraday,0,0
2024-08-05 09:41,24.8900,2024-08-05 09:45,26.1400,2024-08-05 09:47,26.8000,2024-08-05 09:50,26.5300,2,3,5,2,3,5,0.025249,0.076738,intraday,intraday,0,0
2024-08-05 09:53,26.1700,2024-08-05 10:00,28.0400,2024-08-05 10:01,28.6400,2024-08-05 10:02,28.3400,1,1,2,1,1,2,0.021398,0.094383,intraday,intraday,0,0
2024-08-05 10:12,26.0900,2024-08-05 10:14,27.0900,2024-08-05 10:19,27.6600,2024-08-05 10:22,27.1700,5,3,8,5,3,8,0.021041,0.060176,intraday,intraday,0,0
2024-08-05 10:29,26.5500,2024-08-05 10:34,27.5200,2024-08-05 10:34,27.5200,2024-08-05 10:43,27.0900,0,9,9,0,9,9,0.000000,0.036535,intraday,intraday,0,0
2024-08-05 10:50,26.8800,2024-08-05 10:53,27.7200,2024-08-05 10:54,27.8600,2024-08-05 10:55,27.5800,1,1,2,1,1,2,0.005051,0.036458,intraday,intraday,0,0
2024-08-05 11:01,26.8000,2024-08-05 11:08,27.8000,2024-08-05 11:11,28.3500,2024-08-05 11:12,28.0100,3,1,4,3,1,4,0.019784,0.057836,intraday,intraday,0,0
2024-08-05 11:29,27.8800,2024-08-05 11:37,28.8200,2024-08-05 11:38,28.8900,2024-08-05 11:41,28.5200,1,3,4,1,3,4,0.002429,0.036227,intraday,intraday,0,0
2024-08-05 11:50,28.0800,2024-08-05 12:18,28.9500,2024-08-05 12:28,30.1200,2024-08-05 12:30,29.8000,10,2,12,10,2,12,0.040415,0.072650,intraday,intraday,0,0
2024-08-05 12:56,27.8500,2024-08-05 13:21,28.6900,2024-08-05 13:26,28.7700,2024-08-05 13:29,28.3600,5,3,8,5,3,8,0.002788,0.033034,intraday,intraday,0,0
2024-08-05 14:46,27.0400,2024-08-05 15:37,27.8800,2024-08-05 15:37,27.8800,2024-08-05 15:41,27.5100,0,4,4,0,4,4,0.000000,0.031065,intraday,intraday,0,0
2024-08-05 15:48,27.1800,2024-08-06 09:30,28.7700,2024-08-06 09:30,28.7700,2024-08-06 09:31,28.4700,0,1,1,0,1,1,0.000000,0.058499,intraday,intraday,0,0
2024-08-06 09:42,27.2100,2024-08-06 09:47,28.2200,2024-08-06 09:48,28.3500,2024-08-06 09:50,27.9700,1,2,3,1,2,3,0.004607,0.041896,intraday,intraday,0,0
2024-08-06 09:51,27.9000,2024-08-06 09:56,28.8000,2024-08-06 09:57,28.8800,2024-08-06 10:00,28.5600,1,3,4,1,3,4,0.002778,0.035125,intraday,intraday,0,0
2024-08-06 10:30,28.3800,2024-08-06 10:45,29.2600,2024-08-06 10:49,29.7900,2024-08-06 10:55,29.4500,4,6,10,4,6,10,0.018113,0.049683,intraday,intraday,0,0
2024-08-06 11:29,28.6900,2024-08-06 12:15,29.6600,2024-08-06 12:19,29.7000,2024-08-06 12:26,29.4000,4,7,11,4,7,11,0.001349,0.035204,intraday,intraday,0,0
2024-08-06 12:26,29.4000,2024-08-06 12:54,30.3300,2024-08-06 13:06,30.6600,2024-08-06 13:14,30.3500,12,8,20,12,8,20,0.010880,0.042857,intraday,intraday,0,0
2024-08-06 15:58,28.5700,2024-08-07 09:30,31.6800,2024-08-07 09:31,31.8300,2024-08-07 09:32,31.3700,1,1,2,1,1,2,0.004735,0.114106,intraday,intraday,0,0
2024-08-07 10:28,29.7200,2024-08-07 10:51,30.6900,2024-08-07 11:08,30.9200,2024-08-07 11:16,30.4900,17,8,25,17,8,25,0.007494,0.040377,intraday,intraday,0,0
2024-08-07 14:18,26.3700,2024-08-07 15:02,27.2100,2024-08-07 15:06,27.6300,2024-08-07 15:12,27.3000,4,6,10,4,6,10,0.015436,0.047782,intraday,intraday,0,0
2024-08-07 15:56,26.0400,2024-08-08 09:30,28.7300,2024-08-08 09:30,28.7300,2024-08-08 09:32,28.2000,0,2,2,0,2,2,0.000000,0.103303,intraday,intraday,0,0
2024-08-08 09:48,27.0700,2024-08-08 09:59,28.0500,2024-08-08 10:40,29.8700,2024-08-08 10:42,29.5600,41,2,43,41,2,43,0.064884,0.103436,intraday,intraday,0,0
2024-08-08 10:45,29.3600,2024-08-08 11:31,30.2600,2024-08-08 12:05,30.7000,2024-08-08 12:30,30.2900,34,25,59,34,25,59,0.014541,0.045640,intraday,intraday,0,0
2024-08-08 12:42,29.9000,2024-08-08 13:29,30.9100,2024-08-08 14:05,31.4600,2024-08-08 14:26,31.1400,36,21,57,36,21,57,0.017794,0.052174,intraday,intraday,0,0
2024-08-08 15:36,30.4600,2024-08-08 15:50,31.4300,2024-08-08 15:50,31.4300,2024-08-08 15:54,31.0200,0,4,4,0,4,4,0.000000,0.031845,intraday,intraday,0,0
2024-08-09 10:00,29.6400,2024-08-09 10:11,30.6300,2024-08-09 10:13,31.0700,2024-08-09 10:16,30.6100,2,3,5,2,3,5,0.014365,0.048246,intraday,intraday,0,0
2024-08-09 10:35,29.9000,2024-08-09 10:52,30.8800,2024-08-09 11:08,30.9700,2024-08-09 11:10,30.6400,16,2,18,16,2,18,0.002915,0.035786,intraday,intraday,0,0
2024-08-09 12:16,29.9400,2024-08-09 13:12,30.8400,2024-08-09 13:40,31.7400,2024-08-09 13:49,31.4100,28,9,37,28,9,37,0.029183,0.060120,intraday,intraday,0,0
2024-08-09 15:54,30.7400,2024-08-12 09:34,31.7000,2024-08-12 09:34,31.7000,2024-08-12 09:36,31.3000,0,2,2,0,2,2,0.000000,0.031230,intraday,intraday,0,0
2024-08-12 09:57,30.3600,2024-08-12 10:08,31.2900,2024-08-12 10:37,32.3400,2024-08-12 10:44,31.9100,29,7,36,29,7,36,0.033557,0.065217,intraday,intraday,0,0
2024-08-12 13:00,30.9700,2024-08-13 09:30,32.8200,2024-08-13 09:31,32.9100,2024-08-13 09:34,32.5500,1,3,4,1,3,4,0.002742,0.062641,intraday,intraday,0,0
2024-08-13 09:35,32.2400,2024-08-13 09:49,33.2500,2024-08-13 09:58,33.4200,2024-08-13 10:09,33.0700,9,11,20,9,11,20,0.005113,0.036600,intraday,intraday,0,0
2024-08-13 10:33,33.0400,2024-08-13 11:38,34.1400,2024-08-13 13:14,35.1100,2024-08-13 13:34,34.7200,96,20,116,96,20,116,0.028412,0.062651,intraday,intraday,0,0
2024-08-13 13:46,34.3500,2024-08-14 09:30,36.4600,2024-08-14 09:31,36.5100,2024-08-14 09:32,35.9800,1,1,2,1,1,2,0.001371,0.062882,intraday,intraday,0,0
2024-08-14 10:34,33.3600,2024-08-14 10:47,34.4200,2024-08-14 12:01,35.9900,2024-08-14 12:10,35.5900,74,9,83,74,9,83,0.045613,0.078837,intraday,intraday,0,0
2024-08-14 12:44,34.2800,2024-08-15 09:30,37.0500,2024-08-15 10:02,38.3300,2024-08-15 10:04,37.8600,32,2,34,32,2,34,0.034548,0.118145,intraday,intraday,0,0
2024-08-15 10:07,37.8400,2024-08-15 11:15,39.0100,2024-08-15 12:23,40.1600,2024-08-15 12:33,39.7100,68,10,78,68,10,78,0.029480,0.061311,intraday,intraday,0,0
2024-08-16 09:30,38.1100,2024-08-16 09:52,39.2600,2024-08-16 09:53,39.2700,2024-08-16 09:58,38.7200,1,5,6,1,5,6,0.000255,0.030438,intraday,intraday,0,0
2024-08-16 09:58,38.7200,2024-08-16 10:16,40.0100,2024-08-16 10:19,40.1800,2024-08-16 10:25,39.6900,3,6,9,3,6,9,0.004249,0.037707,intraday,intraday,0,0
2024-08-16 10:49,38.6400,2024-08-16 12:30,39.8000,2024-08-16 12:58,40.0900,2024-08-16 13:15,39.6700,28,17,45,28,17,45,0.007286,0.037526,intraday,intraday,0,0
2024-08-19 10:02,37.9900,2024-08-19 10:50,39.2700,2024-08-19 11:09,39.7000,2024-08-19 11:17,39.2400,19,8,27,19,8,27,0.010950,0.045012,intraday,intraday,0,0
2024-08-19 12:00,39.0000,2024-08-19 13:59,40.2100,2024-08-19 15:30,41.1900,2024-08-19 15:45,40.6800,91,15,106,91,15,106,0.024372,0.056154,intraday,intraday,0,0
2024-08-20 09:31,40.6200,2024-08-20 09:58,41.8600,2024-08-20 09:58,41.8600,2024-08-20 10:11,41.1400,0,13,13,0,13,13,0.000000,0.030527,intraday,intraday,0,0
2024-08-20 10:42,39.2000,2024-08-20 11:20,40.4300,2024-08-20 11:37,40.4400,2024-08-20 11:45,39.9800,17,8,25,17,8,25,0.000247,0.031633,intraday,intraday,0,0
2024-08-20 13:00,39.1300,2024-08-20 14:13,40.3800,2024-08-20 15:02,40.9500,2024-08-20 15:12,40.4900,49,10,59,49,10,59,0.014116,0.046512,intraday,intraday,0,0
2024-08-20 15:59,40.0400,2024-08-21 10:03,41.2700,2024-08-21 10:12,41.4800,2024-08-21 10:14,41.0600,9,2,11,9,2,11,0.005088,0.035964,intraday,intraday,0,0
2024-08-21 10:35,40.7300,2024-08-21 10:42,42.0400,2024-08-21 10:42,42.0400,2024-08-21 10:48,41.5800,0,6,6,0,6,6,0.000000,0.032163,intraday,intraday,0,0
2024-08-21 12:02,40.3800,2024-08-21 14:00,41.7900,2024-08-21 14:33,42.3300,2024-08-21 14:38,41.7600,33,5,38,33,5,38,0.012922,0.048291,intraday,intraday,0,0
2024-08-21 15:23,40.9700,2024-08-22 09:30,42.8700,2024-08-22 09:30,42.8700,2024-08-22 09:31,42.4300,0,1,1,0,1,1,0.000000,0.046375,intraday,intraday,0,0
2024-08-22 11:49,38.6300,2024-08-22 12:22,39.9000,2024-08-22 12:43,40.4600,2024-08-22 12:48,39.9900,21,5,26,21,5,26,0.014035,0.047373,intraday,intraday,0,0
2024-08-22 15:44,37.1800,2024-08-23 09:30,38.9500,2024-08-23 10:02,40.9400,2024-08-23 10:05,40.1700,32,3,35,32,3,35,0.051091,0.101130,intraday,intraday,0,0
2024-08-23 10:52,38.9400,2024-08-23 11:14,40.3000,2024-08-23 11:18,40.5900,2024-08-23 11:43,40.1300,4,25,29,4,25,29,0.007196,0.042373,intraday,intraday,0,0
2024-08-23 12:46,38.9600,2024-08-23 13:39,40.1400,2024-08-23 13:44,40.4000,2024-08-23 14:58,39.9700,5,74,79,5,74,79,0.006477,0.036961,intraday,intraday,0,0
2024-08-26 10:39,37.0400,2024-08-26 11:02,38.1800,2024-08-26 11:03,38.2400,2024-08-26 11:16,37.7300,1,13,14,1,13,14,0.001572,0.032397,intraday,intraday,0,0
2024-08-26 14:08,36.9500,2024-08-26 14:57,38.0800,2024-08-26 15:03,38.2700,2024-08-26 15:16,37.8100,6,13,19,6,13,19,0.004989,0.035724,intraday,intraday,0,0
2024-08-27 09:45,35.6700,2024-08-27 09:53,36.8000,2024-08-27 11:10,38.4400,2024-08-27 11:21,38.0500,77,11,88,77,11,88,0.044565,0.077656,intraday,intraday,0,0
2024-08-27 11:33,37.5500,2024-08-27 13:27,38.7100,2024-08-27 13:53,38.9500,2024-08-27 14:12,38.5000,26,19,45,26,19,45,0.006200,0.037284,intraday,intraday,0,0
2024-08-28 11:17,35.3700,2024-08-28 11:48,36.4400,2024-08-28 11:51,36.6300,2024-08-28 12:05,36.2600,3,14,17,3,14,17,0.005214,0.035623,intraday,intraday,0,0
2024-08-28 14:00,35.4100,2024-08-28 14:54,36.4800,2024-08-28 15:31,37.1100,2024-08-28 15:57,36.6500,37,26,63,37,26,63,0.017270,0.048009,intraday,intraday,0,0
2024-08-28 15:59,36.5000,2024-08-29 09:32,37.7700,2024-08-29 09:34,38.3600,2024-08-29 09:39,37.9600,2,5,7,2,5,7,0.015621,0.050959,intraday,intraday,0,0
2024-08-29 09:42,37.4900,2024-08-29 10:00,38.6500,2024-08-29 10:01,38.7300,2024-08-29 10:04,38.3100,1,3,4,1,3,4,0.002070,0.033075,intraday,intraday,0,0
2024-08-29 10:22,37.5500,2024-08-29 10:48,38.7600,2024-08-29 10:54,38.7800,2024-08-29 10:57,38.3000,6,3,9,6,3,9,0.000516,0.032756,intraday,intraday,0,0
2024-08-29 15:12,35.7300,2024-08-30 09:30,38.5000,2024-08-30 09:30,38.5000,2024-08-30 09:32,37.9900,0,2,2,0,2,2,0.000000,0.077526,intraday,intraday,0,0
2024-08-30 09:33,37.8600,2024-08-30 10:00,39.1300,2024-08-30 10:02,39.1900,2024-08-30 10:05,38.7000,2,3,5,2,3,5,0.001533,0.035129,intraday,intraday,0,0
2024-08-30 12:48,37.1300,2024-08-30 15:23,38.2500,2024-08-30 15:28,38.3600,2024-08-30 15:35,37.9600,5,7,12,5,7,12,0.002876,0.033127,intraday,intraday,0,0
2024-09-03 11:00,32.0700,2024-09-03 11:15,33.0400,2024-09-03 11:15,33.0400,2024-09-03 11:23,32.6800,0,8,8,0,8,8,0.000000,0.030246,intraday,intraday,0,0
2024-09-04 09:31,28.8300,2024-09-04 09:43,29.7600,2024-09-04 09:48,30.3000,2024-09-04 09:52,29.9900,5,4,9,5,4,9,0.018145,0.050989,intraday,intraday,0,0
2024-09-04 10:00,29.0400,2024-09-04 10:07,30.0000,2024-09-04 10:10,30.6700,2024-09-04 10:12,30.3500,3,2,5,3,2,5,0.022333,0.056129,intraday,intraday,0,0
2024-09-04 10:21,29.9000,2024-09-04 10:34,30.9900,2024-09-04 10:40,31.3100,2024-09-04 10:47,30.9700,6,7,13,6,7,13,0.010326,0.047157,intraday,intraday,0,0
2024-09-04 11:44,30.3200,2024-09-04 12:33,31.2300,2024-09-04 12:38,31.4000,2024-09-04 12:43,31.0400,5,5,10,5,5,10,0.005443,0.035620,intraday,intraday,0,0
2024-09-05 09:31,28.8600,2024-09-05 09:37,29.8400,2024-09-05 09:46,30.2700,2024-09-05 09:49,29.9500,9,3,12,9,3,12,0.014410,0.048857,intraday,intraday,0,0
2024-09-05 09:51,29.8100,2024-09-05 10:00,30.8200,2024-09-05 10:08,31.1400,2024-09-05 10:10,30.7000,8,2,10,8,2,10,0.010383,0.044616,intraday,intraday,0,0
2024-09-05 11:33,29.0400,2024-09-05 12:23,29.9700,2024-09-05 12:43,30.1700,2024-09-05 12:51,29.8500,20,8,28,20,8,28,0.006673,0.038912,intraday,intraday,0,0
2024-09-06 10:57,25.9300,2024-09-06 11:00,26.9200,2024-09-06 11:00,26.9200,2024-09-06 11:04,26.4600,0,4,4,0,4,4,0.000000,0.038180,intraday,intraday,0,0
2024-09-06 12:52,25.5100,2024-09-06 13:20,26.3900,2024-09-06 13:24,26.5800,2024-09-06 13:28,26.2700,4,4,8,4,4,8,0.007200,0.041944,intraday,intraday,0,0
2024-09-06 14:24,25.5300,2024-09-06 15:05,26.3100,2024-09-06 15:26,26.5300,2024-09-06 15:37,26.1400,21,11,32,21,11,32,0.008362,0.039170,intraday,intraday,0,0
2024-09-06 15:55,25.8000,2024-09-09 09:30,27.1200,2024-09-09 09:39,27.3500,2024-09-09 09:48,26.8700,9,9,18,9,9,18,0.008481,0.060078,intraday,intraday,0,0
2024-09-09 09:49,26.8600,2024-09-09 10:10,27.6700,2024-09-09 10:11,27.7000,2024-09-09 10:17,27.4000,1,6,7,1,6,7,0.001084,0.031273,intraday,intraday,0,0
2024-09-09 10:59,26.2400,2024-09-09 11:55,27.0800,2024-09-09 13:12,27.5100,2024-09-09 13:31,27.2000,77,19,96,77,19,96,0.015879,0.048399,intraday,intraday,0,0
2024-09-09 14:39,26.7500,2024-09-10 09:31,27.6700,2024-09-10 09:31,27.6700,2024-09-10 09:33,27.3000,0,2,2,0,2,2,0.000000,0.034393,intraday,intraday,0,0
2024-09-10 09:39,26.7100,2024-09-10 09:55,27.5200,2024-09-10 09:55,27.5200,2024-09-10 09:58,27.2000,0,3,3,0,3,3,0.000000,0.030326,intraday,intraday,0,0
2024-09-10 12:03,26.3100,2024-09-10 13:10,27.1000,2024-09-10 15:32,28.3900,2024-09-10 15:50,28.0600,142,18,160,142,18,160,0.047601,0.079057,intraday,intraday,0,0
2024-09-10 15:53,28.0200,2024-09-11 09:30,28.8700,2024-09-11 09:33,29.4600,2024-09-11 09:34,28.9200,3,1,4,3,1,4,0.020436,0.051392,intraday,intraday,0,0
2024-09-11 10:47,27.1300,2024-09-11 11:05,28.0200,2024-09-11 11:14,28.3000,2024-09-11 11:21,27.9900,9,7,16,9,7,16,0.009993,0.043126,intraday,intraday,0,0
2024-09-11 11:21,27.9900,2024-09-11 11:42,28.8800,2024-09-11 11:46,28.9800,2024-09-11 11:53,28.6600,4,7,11,4,7,11,0.003463,0.035370,intraday,intraday,0,0
2024-09-11 11:56,28.3900,2024-09-11 12:05,29.3300,2024-09-11 12:05,29.3300,2024-09-11 12:09,29.0300,0,4,4,0,4,4,0.000000,0.033110,intraday,intraday,0,0
2024-09-11 12:09,29.0300,2024-09-11 13:25,29.9200,2024-09-11 13:48,30.6000,2024-09-11 13:54,30.2700,23,6,29,23,6,29,0.022727,0.054082,intraday,intraday,0,0
2024-09-11 13:54,30.2700,2024-09-11 14:28,31.1900,2024-09-11 14:42,31.6300,2024-09-11 14:46,31.2900,14,4,18,14,4,18,0.014107,0.044929,intraday,intraday,0,0
2024-09-11 15:03,30.8600,2024-09-11 15:32,31.8000,2024-09-11 15:34,31.9700,2024-09-11 15:43,31.6400,2,9,11,2,9,11,0.005346,0.035969,intraday,intraday,0,0
2024-09-12 09:50,30.4100,2024-09-12 10:12,31.5600,2024-09-12 10:34,32.5200,2024-09-12 10:35,32.0900,22,1,23,22,1,23,0.030418,0.069385,intraday,intraday,0,0
2024-09-12 11:46,31.0500,2024-09-12 12:57,32.0500,2024-09-12 13:55,32.6700,2024-09-12 14:08,32.3300,58,13,71,58,13,71,0.019345,0.052174,intraday,intraday,0,0
2024-09-12 15:49,31.5500,2024-09-13 09:30,32.7900,2024-09-13 09:37,33.4500,2024-09-13 09:45,33.1000,7,8,15,7,8,15,0.020128,0.060222,intraday,intraday,0,0
2024-09-13 10:30,32.5300,2024-09-13 13:17,33.5200,2024-09-13 13:51,33.7000,2024-09-13 14:00,33.2700,34,9,43,34,9,43,0.005370,0.035967,intraday,intraday,0,0
2024-09-16 09:35,31.1800,2024-09-16 09:56,32.2300,2024-09-16 10:05,32.6200,2024-09-16 10:09,32.2600,9,4,13,9,4,13,0.012101,0.046183,intraday,intraday,0,0
2024-09-16 12:21,30.8500,2024-09-16 13:39,31.7900,2024-09-16 15:08,32.1700,2024-09-16 15:37,31.8400,89,29,118,89,29,118,0.011953,0.042788,intraday,intraday,0,0
2024-09-16 15:37,31.8400,2024-09-17 09:30,33.4600,2024-09-17 09:31,33.4700,2024-09-17 09:34,32.9100,1,3,4,1,3,4,0.000299,0.051193,intraday,intraday,0,0
2024-09-17 09:54,32.1700,2024-09-17 10:25,33.2000,2024-09-17 10:46,33.5000,2024-09-17 10:58,33.0500,21,12,33,21,12,33,0.009036,0.041343,intraday,intraday,0,0
2024-09-17 13:45,31.4700,2024-09-18 09:30,32.6400,2024-09-18 09:30,32.6400,2024-09-18 09:37,32.3000,0,7,7,0,7,7,0.000000,0.037178,intraday,intraday,0,0
2024-09-18 11:47,31.3300,2024-09-18 13:32,32.2700,2024-09-18 14:01,33.7100,2024-09-18 14:02,33.3400,29,1,30,29,1,30,0.044623,0.075966,intraday,intraday,0,0
2024-09-18 14:12,32.1800,2024-09-18 14:18,33.2800,2024-09-18 14:34,33.9900,2024-09-18 14:35,33.3800,16,1,17,16,1,17,0.021334,0.056246,intraday,intraday,0,0
2024-09-18 15:10,31.5400,2024-09-18 15:27,32.5600,2024-09-18 15:31,32.6400,2024-09-18 15:33,32.3100,4,2,6,4,2,6,0.002457,0.034876,intraday,intraday,0,0
2024-09-18 15:59,31.1300,2024-09-19 09:30,34.5900,2024-09-19 09:31,34.6000,2024-09-19 09:34,34.0000,1,3,4,1,3,4,0.000289,0.111468,intraday,intraday,0,0
2024-09-19 09:51,33.9100,2024-09-19 10:24,34.9500,2024-09-19 10:31,35.2700,2024-09-19 10:41,34.9100,7,10,17,7,10,17,0.009156,0.040106,intraday,intraday,0,0
2024-09-19 11:00,34.5400,2024-09-19 11:47,35.5800,2024-09-19 11:48,35.6400,2024-09-19 11:52,35.2700,1,4,5,1,4,5,0.001686,0.031847,intraday,intraday,0,0
2024-09-19 11:56,35.1900,2024-09-19 13:42,36.2600,2024-09-19 14:00,36.4100,2024-09-19 14:15,35.9000,18,15,33,18,15,33,0.004137,0.034669,intraday,intraday,0,0
2024-09-20 11:16,32.1000,2024-09-20 11:43,33.0900,2024-09-20 11:43,33.0900,2024-09-20 11:52,32.7400,0,9,9,0,9,9,0.000000,0.030841,intraday,intraday,0,0
2024-09-20 14:25,32.4300,2024-09-20 15:20,33.4300,2024-09-20 15:38,33.8100,2024-09-20 15:46,33.4600,18,8,26,18,8,26,0.011367,0.042553,intraday,intraday,0,0
2024-09-20 15:49,33.2000,2024-09-23 09:31,34.3400,2024-09-23 09:31,34.3400,2024-09-23 09:32,33.9800,0,1,1,0,1,1,0.000000,0.034337,intraday,intraday,0,0
2024-09-23 11:08,33.2300,2024-09-24 09:30,34.9600,2024-09-24 09:51,35.3400,2024-09-24 10:00,34.5700,21,9,30,21,9,30,0.010870,0.063497,intraday,intraday,0,0
2024-09-24 10:41,33.6400,2024-09-24 11:25,34.6900,2024-09-24 12:04,35.6500,2024-09-24 12:15,35.2600,39,11,50,39,11,50,0.027674,0.059750,intraday,intraday,0,0
2024-09-25 09:30,34.8800,2024-09-25 10:01,35.9400,2024-09-25 10:16,36.4100,2024-09-25 10:29,35.8800,15,13,28,15,13,28,0.013077,0.043865,intraday,intraday,0,0
2024-09-25 13:47,35.1800,2024-09-26 09:30,40.3900,2024-09-26 09:31,40.4300,2024-09-26 09:33,39.9300,1,2,3,1,2,3,0.000990,0.149233,intraday,intraday,0,0
2024-09-26 11:00,36.8400,2024-09-26 11:07,38.0500,2024-09-26 11:16,38.3000,2024-09-26 11:19,37.8600,9,3,12,9,3,12,0.006570,0.039631,intraday,intraday,0,0
2024-09-26 11:25,37.6600,2024-09-26 13:55,38.8200,2024-09-26 15:24,40.1800,2024-09-26 15:52,39.7300,89,28,117,89,28,117,0.035033,0.066914,intraday,intraday,0,0
2024-09-30 14:26,35.1200,2024-09-30 15:50,36.2300,2024-10-01 09:31,36.8800,2024-10-01 09:32,36.3500,11,1,12,1061,1,1062,0.017941,0.050114,overnight,intraday,0,1
2024-10-01 11:17,32.7900,2024-10-01 11:41,33.8000,2024-10-01 11:42,33.9700,2024-10-01 11:46,33.5200,1,4,5,1,4,5,0.005030,0.035987,intraday,intraday,0,0
2024-10-01 13:15,32.7700,2024-10-01 13:57,33.7700,2024-10-01 14:32,34.5900,2024-10-01 14:52,34.2400,35,20,55,35,20,55,0.024282,0.055539,intraday,intraday,0,0
2024-10-01 15:47,33.2700,2024-10-02 09:32,34.3400,2024-10-02 09:32,34.3400,2024-10-02 09:35,33.9400,0,3,3,0,3,3,0.000000,0.032161,intraday,intraday,0,0
2024-10-02 09:44,33.2200,2024-10-02 09:55,34.2500,2024-10-02 10:20,35.7000,2024-10-02 10:24,35.3100,25,4,29,25,4,29,0.042336,0.074654,intraday,intraday,0,0
2024-10-03 09:30,34.3700,2024-10-03 09:42,35.5900,2024-10-03 09:44,35.6400,2024-10-03 09:47,35.2200,2,3,5,2,3,5,0.001405,0.036951,intraday,intraday,0,0
2024-10-03 09:47,35.2200,2024-10-03 10:04,36.3500,2024-10-03 10:09,36.5200,2024-10-03 10:12,36.1200,5,3,8,5,3,8,0.004677,0.036911,intraday,intraday,0,0
2024-10-03 13:03,34.3900,2024-10-04 09:30,37.2600,2024-10-04 09:30,37.2600,2024-10-04 09:33,36.8400,0,3,3,0,3,3,0.000000,0.083454,intraday,intraday,0,0
2024-10-04 10:10,35.6000,2024-10-04 10:59,36.7200,2024-10-04 11:01,36.8400,2024-10-04 11:13,36.3500,2,12,14,2,12,14,0.003268,0.034831,intraday,intraday,0,0
2024-10-04 11:30,35.8200,2024-10-07 13:02,36.9600,2024-10-07 13:58,37.2200,2024-10-07 14:04,36.7200,56,6,62,56,6,62,0.007035,0.039084,intraday,intraday,0,0
2024-10-07 15:42,35.5900,2024-10-08 10:00,36.6600,2024-10-08 10:11,36.7100,2024-10-08 10:22,36.3000,11,11,22,11,11,22,0.001364,0.031470,intraday,intraday,0,0
2024-10-08 10:22,36.3000,2024-10-08 10:53,37.4000,2024-10-08 11:04,37.5400,2024-10-08 11:18,37.1300,11,14,25,11,14,25,0.003743,0.034160,intraday,intraday,0,0
2024-10-08 13:10,36.6700,2024-10-08 15:39,37.7800,2024-10-08 15:39,37.7800,2024-10-09 09:31,37.1600,0,22,22,0,1072,1072,0.000000,0.030270,overnight,overnight,0,1
2024-10-09 09:43,36.5800,2024-10-09 10:15,37.7200,2024-10-09 10:28,37.9400,2024-10-09 10:54,37.5600,13,26,39,13,26,39,0.005832,0.037179,intraday,intraday,0,0
2024-10-09 10:54,37.5600,2024-10-09 15:54,38.7300,2024-10-09 15:54,38.7300,2024-10-10 09:30,37.1100,0,6,6,0,1056,1056,0.000000,0.031150,overnight,overnight,1,1
2024-10-10 09:49,36.5200,2024-10-10 10:14,37.7300,2024-10-10 10:47,38.0100,2024-10-10 11:02,37.6100,33,15,48,33,15,48,0.007421,0.040800,intraday,intraday,0,0
2024-10-11 09:30,37.1400,2024-10-11 10:08,38.2700,2024-10-11 10:26,38.7700,2024-10-11 10:44,38.3700,18,18,36,18,18,36,0.013065,0.043888,intraday,intraday,0,0
2024-10-11 10:51,38.1300,2024-10-14 09:30,39.4900,2024-10-14 09:59,40.8600,2024-10-14 10:13,40.3800,29,14,43,29,14,43,0.034692,0.071597,intraday,intraday,0,0
2024-10-14 11:01,39.8300,2024-10-14 15:43,41.0500,2024-10-14 15:43,41.0500,2024-10-15 09:38,40.5800,0,25,25,0,1075,1075,0.000000,0.030630,overnight,overnight,0,1
2024-10-15 10:40,35.3400,2024-10-15 10:46,36.5500,2024-10-15 10:55,37.0000,2024-10-15 10:58,36.5300,9,3,12,9,3,12,0.012312,0.046972,intraday,intraday,0,0
2024-10-15 15:35,33.6900,2024-10-16 09:30,35.4800,2024-10-16 09:30,35.4800,2024-10-16 09:31,34.7300,0,1,1,0,1,1,0.000000,0.053131,intraday,intraday,0,0
2024-10-16 09:53,34.1200,2024-10-16 10:13,35.1900,2024-10-16 10:25,35.5200,2024-10-16 10:33,35.1200,12,8,20,12,8,20,0.009378,0.041032,intraday,intraday,0,0
2024-10-16 15:45,34.2600,2024-10-17 09:30,37.3300,2024-10-17 09:30,37.3300,2024-10-17 09:31,36.9400,0,1,1,0,1,1,0.000000,0.089609,intraday,intraday,0,0
2024-10-17 09:35,35.9100,2024-10-17 09:52,37.0600,2024-10-17 09:52,37.0600,2024-10-17 09:56,36.5500,0,4,4,0,4,4,0.000000,0.032025,intraday,intraday,0,0
2024-10-21 11:17,33.8000,2024-10-21 15:50,34.8700,2024-10-21 15:59,35.1100,2024-10-22 09:30,34.3800,9,1,10,9,1051,1060,0.006883,0.038757,overnight,overnight,1,1
2024-10-22 10:02,33.9000,2024-10-22 14:02,34.9700,2024-10-22 14:04,35.0200,2024-10-22 14:13,34.6300,2,9,11,2,9,11,0.001430,0.033038,intraday,intraday,0,0
2024-10-23 14:17,32.3300,2024-10-23 15:23,33.3200,2024-10-24 09:30,34.6600,2024-10-24 09:32,34.3100,37,2,39,1087,2,1089,0.040216,0.072069,overnight,intraday,0,1
2024-10-24 12:18,33.5500,2024-10-25 09:30,35.3300,2024-10-25 10:02,36.8000,2024-10-25 10:12,36.3900,32,10,42,32,10,42,0.041608,0.096870,intraday,intraday,0,0
2024-10-28 09:31,34.7500,2024-10-28 10:08,35.8000,2024-10-28 10:30,36.0700,2024-10-28 11:00,35.6600,22,30,52,22,30,52,0.007542,0.037986,intraday,intraday,0,0
2024-10-29 09:33,35.0000,2024-10-29 10:03,36.0800,2024-10-29 15:48,38.4300,2024-10-29 15:55,37.8400,345,7,352,345,7,352,0.065133,0.098000,intraday,intraday,0,0
2024-10-30 09:45,34.2700,2024-10-30 09:59,35.3000,2024-10-30 10:04,35.6400,2024-10-30 10:36,35.2300,5,32,37,5,32,37,0.009632,0.039977,intraday,intraday,0,0
2024-10-31 14:21,29.2400,2024-10-31 15:45,30.2300,2024-10-31 15:49,30.3700,2024-10-31 15:52,30.0500,4,3,7,4,3,7,0.004631,0.038646,intraday,intraday,0,0
2024-10-31 15:54,29.9100,2024-11-01 09:40,30.9800,2024-11-01 09:42,31.2300,2024-11-01 09:46,30.9100,2,4,6,2,4,6,0.008070,0.044132,intraday,intraday,0,0
2024-11-04 09:36,30.0600,2024-11-04 10:18,30.9800,2024-11-04 11:13,31.6500,2024-11-04 11:32,31.2600,55,19,74,55,19,74,0.021627,0.052894,intraday,intraday,0,0
2024-11-04 15:56,30.2700,2024-11-05 09:54,31.1900,2024-11-05 10:01,31.4000,2024-11-05 10:07,31.0700,7,6,13,7,6,13,0.006733,0.037331,intraday,intraday,0,0
2024-11-05 15:03,30.7700,2024-11-06 09:30,33.3800,2024-11-06 09:39,33.8300,2024-11-06 09:43,33.4700,9,4,13,9,4,13,0.013481,0.099448,intraday,intraday,0,0
2024-11-06 09:50,32.5500,2024-11-06 12:10,33.5700,2024-11-06 15:49,34.4500,2024-11-06 15:54,34.0600,219,5,224,219,5,224,0.026214,0.058372,intraday,intraday,0,0
2024-11-06 15:54,34.0600,2024-11-07 09:30,35.8100,2024-11-07 09:31,35.8900,2024-11-07 09:35,35.5300,1,4,5,1,4,5,0.002234,0.053729,intraday,intraday,0,0
2024-11-11 09:59,31.9200,2024-11-11 10:32,32.9100,2024-11-11 10:40,33.1300,2024-11-11 10:46,32.7400,8,6,14,8,6,14,0.006685,0.037907,intraday,intraday,0,0
2024-11-11 13:21,31.5100,2024-11-11 15:09,32.4700,2024-11-11 15:59,32.7700,2024-11-12 09:30,32.4200,50,1,51,50,1051,1101,0.009239,0.039987,overnight,overnight,1,1
2024-11-12 13:06,30.4200,2024-11-12 14:37,31.3500,2024-11-12 15:45,31.6700,2024-11-13 09:30,31.1100,68,15,83,68,1065,1133,0.010207,0.041091,overnight,overnight,1,1
2024-11-13 15:55,29.5000,2024-11-14 09:30,30.6000,2024-11-14 09:34,30.8100,2024-11-14 09:37,30.4600,4,3,7,4,3,7,0.006863,0.044407,intraday,intraday,0,0
2024-11-18 09:56,26.3300,2024-11-18 10:22,27.1600,2024-11-18 11:37,27.8000,2024-11-18 11:48,27.5100,75,11,86,75,11,86,0.023564,0.055830,intraday,intraday,0,0
2024-11-19 10:02,27.1000,2024-11-19 13:53,27.9200,2024-11-19 14:13,28.0200,2024-11-19 14:35,27.7200,20,22,42,20,22,42,0.003582,0.033948,intraday,intraday,0,0
2024-11-20 10:20,26.0900,2024-11-20 10:46,26.9000,2024-11-20 10:49,26.9500,2024-11-20 11:06,26.6600,3,17,20,3,17,20,0.001859,0.032963,intraday,intraday,0,0
2024-11-20 14:07,26.0000,2024-11-20 15:34,26.8100,2024-11-21 09:31,28.5500,2024-11-21 09:34,27.9100,27,3,30,1077,3,1080,0.064901,0.098077,overnight,intraday,0,1
2024-11-21 10:07,26.7800,2024-11-21 10:16,27.5900,2024-11-21 10:16,27.5900,2024-11-21 10:23,27.1300,0,7,7,0,7,7,0.000000,0.030246,intraday,intraday,0,0
2024-11-21 10:30,26.4900,2024-11-21 10:54,27.4200,2024-11-21 11:33,28.1400,2024-11-21 11:48,27.7900,39,15,54,39,15,54,0.026258,0.062288,intraday,intraday,0,0
2024-11-21 12:04,27.7800,2024-11-21 13:10,28.6200,2024-11-21 13:57,28.8700,2024-11-21 14:12,28.5800,47,15,62,47,15,62,0.008735,0.039237,intraday,intraday,0,0
2024-11-22 11:26,27.8500,2024-11-25 09:30,29.3200,2024-11-25 09:42,29.8100,2024-11-25 09:49,29.4900,12,7,19,12,7,19,0.016712,0.070377,intraday,intraday,0,0
2024-11-25 10:13,28.7800,2024-11-25 10:44,29.6600,2024-11-25 11:31,30.0700,2024-11-25 11:36,29.7500,47,5,52,47,5,52,0.013823,0.044823,intraday,intraday,0,0
2024-11-25 12:46,29.0300,2024-11-26 09:30,30.1000,2024-11-26 09:31,30.1500,2024-11-26 09:33,29.8000,1,2,3,1,2,3,0.001661,0.038581,intraday,intraday,0,0
2024-11-27 12:08,25.6100,2024-11-27 13:34,26.4000,2024-11-27 15:15,27.0000,2024-11-27 15:30,26.6900,101,15,116,101,15,116,0.022727,0.054276,intraday,intraday,0,0
2024-11-27 15:42,26.6100,2024-11-29 09:30,27.6200,2024-11-29 11:12,29.0100,2024-11-29 11:34,28.6800,102,22,124,102,22,124,0.050326,0.090192,intraday,intraday,0,0
2024-11-29 12:57,28.0800,2024-12-02 09:31,29.0000,2024-12-02 09:53,29.8200,2024-12-02 10:18,29.4800,22,25,47,22,25,47,0.028276,0.061966,intraday,intraday,0,0
2024-12-02 10:19,29.3900,2024-12-02 11:35,30.2800,2024-12-02 11:43,30.5800,2024-12-02 11:58,30.2700,8,15,23,8,15,23,0.009908,0.040490,intraday,intraday,0,0
2024-12-03 13:46,29.4800,2024-12-04 09:30,31.3900,2024-12-04 09:30,31.3900,2024-12-04 09:31,31.0700,0,1,1,0,1,1,0.000000,0.064790,intraday,intraday,0,0
2024-12-05 14:06,28.9000,2024-12-06 10:14,29.7700,2024-12-06 10:48,29.8400,2024-12-06 11:08,29.5000,34,20,54,34,20,54,0.002351,0.032526,intraday,intraday,0,0
2024-12-09 09:34,28.6700,2024-12-09 09:45,29.6100,2024-12-09 10:22,30.2900,2024-12-09 10:28,29.9300,37,6,43,37,6,43,0.022965,0.056505,intraday,intraday,0,0
2024-12-10 15:36,26.5900,2024-12-11 09:30,28.0300,2024-12-11 09:52,28.9500,2024-12-11 09:57,28.6600,22,5,27,22,5,27,0.032822,0.088755,intraday,intraday,0,0
2024-12-11 10:58,27.8400,2024-12-11 11:26,28.7300,2024-12-11 15:23,29.6100,2024-12-11 15:50,29.2600,237,27,264,237,27,264,0.030630,0.063578,intraday,intraday,0,0
2024-12-12 09:35,27.8600,2024-12-12 09:47,28.7000,2024-12-12 09:48,28.8000,2024-12-12 09:54,28.4900,1,6,7,1,6,7,0.003484,0.033740,intraday,intraday,0,0
2024-12-12 11:59,27.8100,2024-12-13 09:30,30.2400,2024-12-13 09:48,31.2800,2024-12-13 10:06,30.9500,18,18,36,18,18,36,0.034392,0.124775,intraday,intraday,0,0
2024-12-13 11:01,29.5500,2024-12-13 13:54,30.4500,2024-12-13 15:33,31.1700,2024-12-13 15:41,30.8300,99,8,107,99,8,107,0.023645,0.054822,intraday,intraday,0,0
2024-12-16 09:36,30.4200,2024-12-16 09:47,31.3900,2024-12-16 10:08,32.3700,2024-12-16 10:12,31.9800,21,4,25,21,4,25,0.031220,0.064103,intraday,intraday,0,0
2024-12-16 11:01,31.6000,2024-12-16 13:06,32.5600,2024-12-16 14:19,32.9400,2024-12-16 14:33,32.6100,73,14,87,73,14,87,0.011671,0.042405,intraday,intraday,0,0
2024-12-17 11:05,30.6800,2024-12-17 11:44,31.6100,2024-12-17 11:44,31.6100,2024-12-17 11:55,31.2800,0,11,11,0,11,11,0.000000,0.030313,intraday,intraday,0,0
2024-12-17 14:38,30.5700,2024-12-18 09:30,31.6300,2024-12-18 09:45,32.4600,2024-12-18 09:49,32.0900,15,4,19,15,4,19,0.026241,0.061825,intraday,intraday,0,0
2024-12-18 15:44,27.1100,2024-12-18 15:48,27.9600,2024-12-18 15:54,28.5200,2024-12-18 15:55,28.0300,6,1,7,6,1,7,0.020029,0.052010,intraday,intraday,0,0
2024-12-19 10:35,26.4100,2024-12-19 11:23,27.2300,2024-12-19 11:27,27.3800,2024-12-19 11:35,27.0900,4,8,12,4,8,12,0.005509,0.036729,intraday,intraday,0,0
2024-12-20 09:33,25.6800,2024-12-20 09:39,26.4900,2024-12-20 09:39,26.4900,2024-12-20 09:47,26.1000,0,8,8,0,8,8,0.000000,0.031542,intraday,intraday,0,0
2024-12-20 09:50,25.8800,2024-12-20 10:26,26.7400,2024-12-20 10:39,27.5000,2024-12-20 10:47,27.1400,13,8,21,13,8,21,0.028422,0.062597,intraday,intraday,0,0
2024-12-20 10:47,27.1400,2024-12-20 11:24,27.9600,2024-12-20 11:41,28.3000,2024-12-20 11:53,28.0000,17,12,29,17,12,29,0.012160,0.042741,intraday,intraday,0,0
2024-12-20 15:57,27.1900,2024-12-23 09:30,28.1500,2024-12-23 09:42,29.0200,2024-12-23 09:44,28.6500,12,2,14,12,2,14,0.030906,0.067304,intraday,intraday,0,0
2024-12-23 10:10,28.2200,2024-12-23 11:42,29.0800,2024-12-23 12:01,29.2700,2024-12-23 12:18,28.9300,19,17,36,19,17,36,0.006534,0.037208,intraday,intraday,0,0
2024-12-23 12:18,28.9300,2024-12-24 09:30,30.1600,2024-12-24 09:30,30.1600,2024-12-24 09:36,29.8500,0,6,6,0,6,6,0.000000,0.042516,intraday,intraday,0,0
2024-12-24 09:39,29.7000,2024-12-26 10:32,30.6000,2024-12-26 12:16,31.0600,2024-12-26 12:47,30.7200,104,31,135,104,31,135,0.015033,0.045791,intraday,intraday,0,0
2024-12-27 10:17,28.6100,2024-12-27 11:32,29.4900,2024-12-27 11:32,29.4900,2024-12-27 11:43,29.1800,0,11,11,0,11,11,0.000000,0.030758,intraday,intraday,0,0
2024-12-27 12:17,28.8900,2024-12-27 14:35,29.7800,2024-12-27 14:56,29.9200,2024-12-27 15:11,29.6200,21,15,36,21,15,36,0.004701,0.035652,intraday,intraday,0,0
2024-12-30 10:00,27.3800,2024-12-30 12:10,28.2100,2024-12-30 13:13,28.7400,2024-12-30 13:24,28.4500,63,11,74,63,11,74,0.018788,0.049671,intraday,intraday,0,0
2024-12-31 14:31,26.9500,2025-01-02 09:30,28.1900,2025-01-02 09:32,28.5000,2025-01-02 09:34,28.1800,2,2,4,2,2,4,0.010997,0.057514,intraday,intraday,0,0
2025-01-02 09:39,27.7300,2025-01-02 09:49,28.5800,2025-01-02 09:54,28.9900,2025-01-02 10:02,28.6100,5,8,13,5,8,13,0.014346,0.045438,intraday,intraday,0,0
2025-01-02 13:54,27.1000,2025-01-02 15:31,27.9500,2025-01-02 15:31,27.9500,2025-01-02 15:39,27.6400,0,8,8,0,8,8,0.000000,0.031365,intraday,intraday,0,0
2025-01-02 15:39,27.6400,2025-01-03 09:31,28.5500,2025-01-03 09:44,28.8500,2025-01-03 09:51,28.5400,13,7,20,13,7,20,0.010508,0.043777,intraday,intraday,0,0
2025-01-03 10:21,28.2700,2025-01-03 11:30,29.1200,2025-01-03 14:37,30.1100,2025-01-03 15:49,29.8000,187,72,259,187,72,259,0.033997,0.065087,intraday,intraday,0,0
2025-01-03 15:50,29.6900,2025-01-06 09:30,32.2900,2025-01-06 10:29,33.6300,2025-01-06 10:37,33.2600,59,8,67,59,8,67,0.041499,0.132705,intraday,intraday,0,0
2025-01-06 15:00,32.2800,2025-01-07 09:30,33.5900,2025-01-07 09:30,33.5900,2025-01-07 09:34,33.2400,0,4,4,0,4,4,0.000000,0.040582,intraday,intraday,0,0
2025-01-07 10:47,31.5600,2025-01-07 10:56,32.5900,2025-01-07 11:28,32.9900,2025-01-07 11:30,32.6600,32,2,34,32,2,34,0.012274,0.045311,intraday,intraday,0,0
2025-01-08 09:40,29.7400,2025-01-08 10:03,30.6500,2025-01-08 10:03,30.6500,2025-01-08 10:07,30.2400,0,4,4,0,4,4,0.000000,0.030599,intraday,intraday,0,0
2025-01-08 10:14,29.5000,2025-01-08 10:52,30.4200,2025-01-08 10:52,30.4200,2025-01-08 11:02,30.0900,0,10,10,0,10,10,0.000000,0.031186,intraday,intraday,0,0
2025-01-08 12:30,29.2600,2025-01-08 13:25,30.1400,2025-01-08 13:39,30.3100,2025-01-08 13:47,29.9800,14,8,22,14,8,22,0.005640,0.035885,intraday,intraday,0,0
2025-01-10 10:08,27.5100,2025-01-10 10:29,28.3900,2025-01-10 10:48,28.8300,2025-01-10 10:50,28.4400,19,2,21,19,2,21,0.015498,0.047983,intraday,intraday,0,0
2025-01-10 12:04,27.4600,2025-01-10 13:23,28.3000,2025-01-10 13:57,28.6700,2025-01-10 14:05,28.2200,34,8,42,34,8,42,0.013074,0.044064,intraday,intraday,0,0
2025-01-13 09:37,26.3400,2025-01-13 09:55,27.2000,2025-01-13 10:06,27.4800,2025-01-13 10:10,27.1300,11,4,15,11,4,15,0.010294,0.043280,intraday,intraday,0,0
2025-01-13 10:29,26.5900,2025-01-13 10:44,27.4200,2025-01-13 10:47,27.5200,2025-01-13 10:51,27.2300,3,4,7,3,4,7,0.003647,0.034976,intraday,intraday,0,0
2025-01-13 12:06,26.7700,2025-01-13 14:32,27.6000,2025-01-14 09:39,28.8900,2025-01-14 09:46,28.5500,97,7,104,1147,7,1154,0.046739,0.079193,overnight,intraday,0,1
2025-01-14 12:02,27.1800,2025-01-14 13:37,28.0200,2025-01-14 14:26,28.3100,2025-01-14 14:51,28.0100,49,25,74,49,25,74,0.010350,0.041575,intraday,intraday,0,0
2025-01-14 15:04,27.3500,2025-01-14 15:59,28.2300,2025-01-15 09:33,29.7700,2025-01-15 09:37,29.3400,4,4,8,1054,4,1058,0.054552,0.088483,overnight,intraday,0,1
2025-01-15 09:37,29.3400,2025-01-15 10:08,30.3400,2025-01-15 10:18,30.4100,2025-01-15 10:36,30.0600,10,18,28,10,18,28,0.002307,0.036469,intraday,intraday,0,0
2025-01-15 11:53,29.5000,2025-01-16 09:30,31.3400,2025-01-16 09:31,31.4500,2025-01-16 09:33,30.9000,1,2,3,1,2,3,0.003510,0.066102,intraday,intraday,0,0
2025-01-16 10:00,30.2800,2025-01-16 10:58,31.1900,2025-01-16 11:12,31.6200,2025-01-16 11:20,31.2800,14,8,22,14,8,22,0.013786,0.044254,intraday,intraday,0,0
2025-01-16 15:59,30.0200,2025-01-17 09:30,31.8300,2025-01-17 09:35,31.9100,2025-01-17 09:39,31.5900,5,4,9,5,4,9,0.002513,0.062958,intraday,intraday,0,0
2025-01-17 09:39,31.5900,2025-01-17 15:36,32.5500,2025-01-21 09:30,33.3200,2025-01-21 09:38,32.8600,24,8,32,5394,8,5402,0.023656,0.054764,weekend,intraday,0,1
2025-01-21 10:13,32.5400,2025-01-21 11:50,33.5600,2025-01-21 14:06,34.5000,2025-01-21 15:06,34.1500,136,60,196,136,60,196,0.028010,0.060234,intraday,intraday,0,0
2025-01-21 15:59,33.6800,2025-01-22 09:31,35.1100,2025-01-22 09:33,35.3400,2025-01-22 09:35,34.9400,2,2,4,2,2,4,0.006551,0.049287,intraday,intraday,0,0
2025-01-22 09:35,34.9400,2025-01-22 11:37,36.0100,2025-01-22 12:06,36.1500,2025-01-22 12:41,35.7600,29,35,64,29,35,64,0.003888,0.034631,intraday,intraday,0,0
2025-01-23 09:37,33.0500,2025-01-23 11:45,34.1500,2025-01-23 15:59,34.8700,2025-01-24 09:31,34.4300,254,2,256,254,1052,1306,0.021083,0.055068,overnight,overnight,0,1
2025-01-27 14:50,23.8800,2025-01-27 15:08,24.6900,2025-01-27 15:12,24.9400,2025-01-27 15:14,24.6600,4,2,6,4,2,6,0.010126,0.044389,intraday,intraday,0,0
2025-01-27 15:21,24.5000,2025-01-28 09:30,25.4500,2025-01-28 09:30,25.4500,2025-01-28 09:31,25.0500,0,1,1,0,1,1,0.000000,0.038776,intraday,intraday,0,0
2025-01-28 09:43,23.8200,2025-01-28 09:57,24.5400,2025-01-28 10:07,24.9000,2025-01-28 10:09,24.6000,10,2,12,10,2,12,0.014670,0.045340,intraday,intraday,0,0
2025-01-28 11:42,24.1200,2025-01-28 12:14,24.8500,2025-01-28 12:24,25.1100,2025-01-28 12:43,24.8400,10,19,29,10,19,29,0.010463,0.041045,intraday,intraday,0,0
2025-01-28 12:43,24.8400,2025-01-28 14:46,25.6100,2025-01-28 15:31,25.7900,2025-01-28 15:46,25.5100,45,15,60,45,15,60,0.007029,0.038245,intraday,intraday,0,0
2025-01-28 15:57,25.3200,2025-01-29 10:01,26.1800,2025-01-29 10:06,26.2500,2025-01-29 10:16,25.9100,5,10,15,5,10,15,0.002674,0.036730,intraday,intraday,0,0
2025-01-29 14:17,24.9000,2025-01-29 14:40,25.6800,2025-01-29 14:41,25.8400,2025-01-29 14:56,25.5000,1,15,16,1,15,16,0.006231,0.037751,intraday,intraday,0,0
2025-01-29 15:17,25.2500,2025-01-30 09:30,26.4700,2025-01-30 09:33,26.8300,2025-01-30 09:35,26.5100,3,2,5,3,2,5,0.013600,0.062574,intraday,intraday,0,0
2025-01-30 10:33,26.2000,2025-01-30 11:51,26.9900,2025-01-30 11:56,27.2000,2025-01-30 12:09,26.9200,5,13,18,5,13,18,0.007781,0.038168,intraday,intraday,0,0
2025-01-30 12:31,26.6800,2025-01-30 15:16,27.5200,2025-01-30 15:22,27.6500,2025-01-30 15:37,27.3000,6,15,21,6,15,21,0.004724,0.036357,intraday,intraday,0,0
2025-01-30 15:46,26.7400,2025-01-31 09:30,27.6700,2025-01-31 09:31,27.9600,2025-01-31 09:36,27.6200,1,5,6,1,5,6,0.010481,0.045625,intraday,intraday,0,0
2025-01-31 09:39,27.3900,2025-01-31 10:01,28.2200,2025-01-31 10:36,28.9900,2025-01-31 10:42,28.6300,35,6,41,35,6,41,0.027286,0.058415,intraday,intraday,0,0
2025-02-03 09:49,24.3500,2025-02-03 10:21,25.0900,2025-02-03 10:42,26.3800,2025-02-03 10:54,26.0900,21,12,33,21,12,33,0.051415,0.083368,intraday,intraday,0,0
2025-02-03 12:42,25.4700,2025-02-03 14:14,26.2500,2025-02-03 14:16,26.3100,2025-02-03 15:11,26.0200,2,55,57,2,55,57,0.002286,0.032980,intraday,intraday,0,0
2025-02-04 09:36,25.2400,2025-02-04 10:03,26.0900,2025-02-04 10:19,26.5900,2025-02-04 10:43,26.2500,16,24,40,16,24,40,0.019164,0.053487,intraday,intraday,0,0
2025-02-05 09:40,25.6200,2025-02-05 10:29,26.4600,2025-02-05 12:08,27.7000,2025-02-05 12:38,27.4200,99,30,129,99,30,129,0.046863,0.081187,intraday,intraday,0,0
2025-02-06 09:31,26.7900,2025-02-06 10:13,27.6100,2025-02-06 10:19,27.7700,2025-02-06 10:25,27.4300,6,6,12,6,6,12,0.005795,0.036581,intraday,intraday,0,0
2025-02-06 14:33,26.7900,2025-02-06 15:55,27.6000,2025-02-07 09:32,28.2400,2025-02-07 09:37,27.9400,7,5,12,1057,5,1062,0.023188,0.054125,overnight,intraday,0,1
2025-02-07 12:03,25.8600,2025-02-07 13:17,26.6400,2025-02-07 13:17,26.6400,2025-02-07 13:42,26.3400,0,25,25,0,25,25,0.000000,0.030162,intraday,intraday,0,0
2025-02-07 15:11,25.9400,2025-02-10 09:30,26.9800,2025-02-10 09:44,27.4300,2025-02-10 10:21,27.1300,14,37,51,14,37,51,0.016679,0.057440,intraday,intraday,0,0
2025-02-11 09:30,26.8700,2025-02-11 09:52,27.8100,2025-02-11 09:53,27.8200,2025-02-11 10:08,27.4500,1,15,16,1,15,16,0.000360,0.035355,intraday,intraday,0,0
2025-02-12 09:31,26.0400,2025-02-12 09:44,26.9200,2025-02-12 09:44,26.9200,2025-02-12 09:50,26.5900,0,6,6,0,6,6,0.000000,0.033794,intraday,intraday,0,0
2025-02-12 10:12,26.2200,2025-02-12 12:01,27.0100,2025-02-13 09:34,28.0600,2025-02-13 09:38,27.6000,243,4,247,1293,4,1297,0.038874,0.070175,overnight,intraday,0,1
2025-02-13 09:47,27.5400,2025-02-13 11:02,28.4000,2025-02-13 11:02,28.4000,2025-02-13 11:56,28.1100,0,54,54,0,54,54,0.000000,0.031227,intraday,intraday,0,0
2025-02-13 13:43,27.8300,2025-02-14 09:43,28.6700,2025-02-14 09:47,28.7000,2025-02-14 09:53,28.4000,4,6,10,4,6,10,0.001046,0.031261,intraday,intraday,0,0
2025-02-14 12:38,28.1400,2025-02-18 09:30,29.4600,2025-02-18 09:35,29.9600,2025-02-18 09:43,29.5300,5,8,13,5,8,13,0.016972,0.064677,intraday,intraday,0,0
2025-02-18 09:49,28.7600,2025-02-18 11:08,29.6600,2025-02-18 15:25,30.2100,2025-02-18 15:47,29.8600,257,22,279,257,22,279,0.018543,0.050417,intraday,intraday,0,0
2025-02-18 15:48,29.8100,2025-02-19 10:47,30.7500,2025-02-19 10:50,30.9000,2025-02-19 10:56,30.5900,3,6,9,3,6,9,0.004878,0.036565,intraday,intraday,0,0
2025-02-19 10:58,30.5300,2025-02-19 13:34,31.4600,2025-02-19 14:54,31.8700,2025-02-19 15:21,31.5500,80,27,107,80,27,107,0.013032,0.043891,intraday,intraday,0,0
2025-02-19 15:28,31.2000,2025-02-20 09:30,32.1600,2025-02-20 09:38,32.5900,2025-02-20 09:45,32.2400,8,7,15,8,7,15,0.013371,0.044551,intraday,intraday,0,0
2025-02-20 10:59,30.7700,2025-02-20 15:56,31.7200,2025-02-21 09:32,31.9200,2025-02-21 09:50,31.5900,6,18,24,1056,18,1074,0.006305,0.037374,overnight,intraday,0,1
2025-02-24 10:07,27.1100,2025-02-24 10:12,27.9500,2025-02-24 10:23,28.2700,2025-02-24 10:27,27.9800,11,4,15,11,4,15,0.011449,0.042789,intraday,intraday,0,0
2025-02-24 10:56,27.3600,2025-02-24 11:26,28.2800,2025-02-24 11:27,28.3800,2025-02-24 11:37,28.0900,1,10,11,1,10,11,0.003536,0.037281,intraday,intraday,0,0
2025-02-25 10:20,25.0300,2025-02-25 10:52,25.8200,2025-02-25 10:53,25.8300,2025-02-25 11:01,25.5500,1,8,9,1,8,9,0.000387,0.031962,intraday,intraday,0,0
2025-02-25 11:35,25.0900,2025-02-25 13:01,25.9300,2025-02-25 13:08,26.0100,2025-02-25 13:18,25.7300,7,10,17,7,10,17,0.003085,0.036668,intraday,intraday,0,0
2025-02-25 15:55,24.8500,2025-02-26 09:30,25.9400,2025-02-26 09:31,26.1900,2025-02-26 09:33,25.8800,1,2,3,1,2,3,0.009638,0.053924,intraday,intraday,0,0
2025-02-26 09:36,25.8400,2025-02-26 11:01,26.6700,2025-02-26 11:13,26.9500,2025-02-26 11:58,26.6600,12,45,57,12,45,57,0.010499,0.042957,intraday,intraday,0,0
2025-02-26 14:07,25.5400,2025-02-26 15:44,26.3300,2025-02-27 09:32,26.8000,2025-02-27 09:37,26.5000,18,5,23,1068,5,1073,0.017850,0.049334,overnight,intraday,0,1
2025-02-27 10:00,24.2300,2025-02-27 10:13,25.0100,2025-02-27 10:23,25.3000,2025-02-27 10:30,24.9900,10,7,17,10,7,17,0.011595,0.044160,intraday,intraday,0,0
2025-02-28 09:32,21.0500,2025-02-28 09:36,21.7800,2025-02-28 09:37,21.9100,2025-02-28 09:40,21.5700,1,3,4,1,3,4,0.005969,0.040855,intraday,intraday,0,0
2025-02-28 09:41,21.5200,2025-02-28 10:02,22.2600,2025-02-28 10:31,23.1800,2025-02-28 10:35,22.9400,29,4,33,29,4,33,0.041330,0.077138,intraday,intraday,0,0
2025-02-28 13:21,21.2900,2025-02-28 13:37,21.9800,2025-02-28 13:37,21.9800,2025-02-28 13:42,21.7500,0,5,5,0,5,5,0.000000,0.032410,intraday,intraday,0,0
2025-02-28 14:13,21.4600,2025-02-28 14:43,22.1100,2025-02-28 15:08,22.4200,2025-02-28 15:22,22.1500,25,14,39,25,14,39,0.014021,0.044734,intraday,intraday,0,0
2025-02-28 15:35,21.9600,2025-02-28 15:57,22.6400,2025-03-03 09:30,23.5500,2025-03-03 09:33,23.2300,3,3,6,3933,3,3936,0.040194,0.072404,weekend,intraday,0,1
2025-03-03 10:15,21.9200,2025-03-03 10:23,22.6100,2025-03-03 10:30,23.2400,2025-03-03 10:35,22.9400,7,5,12,7,5,12,0.027864,0.060219,intraday,intraday,0,0
2025-03-03 15:43,19.7500,2025-03-03 15:59,20.5100,2025-03-03 15:59,20.5100,2025-03-04 09:30,20.0000,0,1,1,0,1051,1051,0.000000,0.038481,overnight,overnight,1,1
2025-03-04 09:32,19.9300,2025-03-04 09:36,20.6900,2025-03-04 09:38,20.8700,2025-03-04 09:39,20.4800,2,1,3,2,1,3,0.008700,0.047165,intraday,intraday,0,0
2025-03-04 09:43,19.9500,2025-03-04 09:47,20.5700,2025-03-04 09:48,20.6700,2025-03-04 09:49,20.3900,1,1,2,1,1,2,0.004861,0.036090,intraday,intraday,0,0
2025-03-04 10:19,19.0200,2025-03-04 10:41,19.6200,2025-03-04 10:50,19.8000,2025-03-04 10:53,19.5800,9,3,12,9,3,12,0.009174,0.041009,intraday,intraday,0,0
2025-03-04 11:08,19.3200,2025-03-04 11:49,20.0000,2025-03-04 11:58,20.2600,2025-03-04 12:01,20.0100,9,3,12,9,3,12,0.013000,0.048654,intraday,intraday,0,0
2025-03-04 12:01,20.0100,2025-03-04 12:27,20.7200,2025-03-04 12:27,20.7200,2025-03-04 12:31,20.4700,0,4,4,0,4,4,0.000000,0.035482,intraday,intraday,0,0
2025-03-04 12:32,20.4500,2025-03-04 13:12,21.1500,2025-03-04 13:14,21.2200,2025-03-04 13:16,21.0000,2,2,4,2,2,4,0.003310,0.037653,intraday,intraday,0,0
2025-03-04 13:30,20.6400,2025-03-04 14:02,21.3000,2025-03-04 14:25,21.7300,2025-03-04 14:29,21.5000,23,4,27,23,4,27,0.020188,0.052810,intraday,intraday,0,0
2025-03-04 14:33,21.4000,2025-03-04 15:21,22.1000,2025-03-04 15:24,22.2500,2025-03-04 15:29,21.9700,3,5,8,3,5,8,0.006787,0.039720,intraday,intraday,0,0
2025-03-04 15:52,20.3400,2025-03-05 09:30,21.1900,2025-03-05 09:30,21.1900,2025-03-05 09:31,20.8800,0,1,1,0,1,1,0.000000,0.041790,intraday,intraday,0,0
2025-03-05 09:37,20.5100,2025-03-05 09:42,21.1500,2025-03-05 09:43,21.2800,2025-03-05 09:44,21.0600,1,1,2,1,1,2,0.006147,0.037543,intraday,intraday,0,0
2025-03-05 09:57,20.4800,2025-03-05 10:00,21.1100,2025-03-05 10:00,21.1100,2025-03-05 10:01,20.8700,0,1,1,0,1,1,0.000000,0.030762,intraday,intraday,0,0
2025-03-05 11:50,20.1400,2025-03-05 12:00,20.7900,2025-03-05 12:42,21.2000,2025-03-05 12:47,20.9700,42,5,47,42,5,47,0.019721,0.052632,intraday,intraday,0,0
2025-03-05 12:47,20.9700,2025-03-05 14:06,21.6400,2025-03-05 14:15,21.9800,2025-03-05 14:18,21.7500,9,3,12,9,3,12,0.015712,0.048164,intraday,intraday,0,0
2025-03-06 09:32,19.3100,2025-03-06 09:39,19.9200,2025-03-06 09:42,20.0900,2025-03-06 09:44,19.8600,3,2,5,3,2,5,0.008534,0.040394,intraday,intraday,0,0
2025-03-06 09:44,19.8600,2025-03-06 10:06,20.4900,2025-03-06 10:22,20.8000,2025-03-06 10:26,20.4900,16,4,20,16,4,20,0.015129,0.047331,intraday,intraday,0,0
2025-03-06 12:49,19.0700,2025-03-06 13:18,19.7100,2025-03-06 13:23,19.8000,2025-03-06 13:29,19.5600,5,6,11,5,6,11,0.004566,0.038280,intraday,intraday,0,0
2025-03-06 14:37,19.0200,2025-03-06 14:48,19.6800,2025-03-06 14:52,19.9800,2025-03-06 14:55,19.5400,4,3,7,4,3,7,0.015244,0.050473,intraday,intraday,0,0
2025-03-06 15:24,19.1700,2025-03-07 09:31,19.7500,2025-03-07 09:33,19.7700,2025-03-07 09:36,19.3300,2,3,5,2,3,5,0.001013,0.031299,intraday,intraday,0,0
2025-03-07 09:37,19.3000,2025-03-07 09:46,19.8900,2025-03-07 09:53,20.0900,2025-03-07 09:56,19.8500,7,3,10,7,3,10,0.010055,0.040933,intraday,intraday,0,0
2025-03-07 10:41,18.9600,2025-03-07 10:49,19.6600,2025-03-07 10:49,19.6600,2025-03-07 10:51,19.4500,0,2,2,0,2,2,0.000000,0.036920,intraday,intraday,0,0
2025-03-07 11:53,18.7700,2025-03-07 12:33,19.3600,2025-03-07 12:54,20.1100,2025-03-07 12:57,19.7700,21,3,24,21,3,24,0.038740,0.071391,intraday,intraday,0,0
2025-03-07 12:58,19.5000,2025-03-07 13:05,20.1500,2025-03-07 13:08,20.1700,2025-03-07 13:09,19.9600,3,1,4,3,1,4,0.000993,0.034359,intraday,intraday,0,0
2025-03-07 13:25,19.8200,2025-03-07 14:01,20.4300,2025-03-07 14:02,20.4800,2025-03-07 14:07,20.2300,1,5,6,1,5,6,0.002447,0.033300,intraday,intraday,0,0
2025-03-07 14:09,20.2100,2025-03-07 14:24,20.8200,2025-03-07 14:38,20.9300,2025-03-07 14:43,20.7200,14,5,19,14,5,19,0.005283,0.035626,intraday,intraday,0,0
2025-03-10 10:57,18.2700,2025-03-10 11:32,18.8200,2025-03-10 11:37,18.9100,2025-03-10 11:40,18.7000,5,3,8,5,3,8,0.004782,0.035030,intraday,intraday,0,0
2025-03-10 15:08,17.1000,2025-03-10 15:19,17.6300,2025-03-10 15:28,18.0200,2025-03-10 15:29,17.7300,9,1,10,9,1,10,0.022121,0.053801,intraday,intraday,0,0
2025-03-11 09:35,17.6300,2025-03-11 09:50,18.1900,2025-03-11 09:50,18.1900,2025-03-11 09:53,17.9200,0,3,3,0,3,3,0.000000,0.031764,intraday,intraday,0,0
2025-03-11 10:38,16.5400,2025-03-11 10:54,17.0600,2025-03-11 10:54,17.0600,2025-03-11 10:58,16.8600,0,4,4,0,4,4,0.000000,0.031439,intraday,intraday,0,0
2025-03-11 11:00,16.7900,2025-03-11 11:12,17.3500,2025-03-11 11:15,17.3800,2025-03-11 11:23,17.1400,3,8,11,3,8,11,0.001729,0.035140,intraday,intraday,0,0
2025-03-11 13:27,16.6100,2025-03-11 13:46,17.1200,2025-03-11 13:47,17.2300,2025-03-11 13:55,17.0500,1,8,9,1,8,9,0.006425,0.037327,intraday,intraday,0,0
2025-03-11 13:57,16.9100,2025-03-11 14:03,17.4500,2025-03-11 14:52,18.4300,2025-03-11 15:01,18.1400,49,9,58,49,9,58,0.056160,0.089888,intraday,intraday,0,0
2025-03-11 15:59,17.3300,2025-03-12 09:30,18.6300,2025-03-12 09:41,19.0500,2025-03-12 09:44,18.7800,11,3,14,11,3,14,0.022544,0.099250,intraday,intraday,0,0
2025-03-12 11:07,17.9600,2025-03-12 11:36,18.5200,2025-03-12 12:38,18.9300,2025-03-12 12:40,18.7300,62,2,64,62,2,64,0.022138,0.054009,intraday,intraday,0,0
2025-03-12 15:50,18.1500,2025-03-13 09:34,18.7500,2025-03-13 09:47,19.0300,2025-03-13 09:51,18.8000,13,4,17,13,4,17,0.014933,0.048485,intraday,intraday,0,0
2025-03-13 09:57,18.3000,2025-03-13 10:12,18.9100,2025-03-13 10:24,19.2100,2025-03-13 10:28,18.9400,12,4,16,12,4,16,0.015865,0.049727,intraday,intraday,0,0
2025-03-13 13:39,17.6000,2025-03-13 14:10,18.1300,2025-03-13 15:02,18.5800,2025-03-13 15:06,18.3700,52,4,56,52,4,56,0.024821,0.055682,intraday,intraday,0,0
2025-03-13 15:51,17.8800,2025-03-14 09:30,19.2000,2025-03-14 09:36,19.5200,2025-03-14 09:42,19.2900,6,6,12,6,6,12,0.016667,0.091723,intraday,intraday,0,0
2025-03-14 10:20,19.0800,2025-03-14 11:21,19.6600,2025-03-14 11:44,19.7900,2025-03-14 12:09,19.5700,23,25,48,23,25,48,0.006612,0.037212,intraday,intraday,0,0
2025-03-14 12:16,19.4700,2025-03-17 09:32,20.1600,2025-03-17 09:36,20.6000,2025-03-17 09:38,20.3400,4,2,6,4,2,6,0.021825,0.058038,intraday,intraday,0,0
2025-03-17 10:36,19.9700,2025-03-17 13:38,20.5700,2025-03-17 14:48,21.2500,2025-03-17 15:17,21.0300,70,29,99,70,29,99,0.033058,0.064096,intraday,intraday,0,0
2025-03-18 11:57,19.5300,2025-03-18 12:35,20.1300,2025-03-18 12:35,20.1300,2025-03-18 12:44,19.9200,0,9,9,0,9,9,0.000000,0.030722,intraday,intraday,0,0
2025-03-19 09:43,19.5000,2025-03-19 10:10,20.1000,2025-03-19 10:11,20.1100,2025-03-19 10:41,19.8900,1,30,31,1,30,31,0.000498,0.031282,intraday,intraday,0,0
2025-03-19 10:55,19.7900,2025-03-19 11:56,20.3900,2025-03-19 11:56,20.3900,2025-03-19 13:09,20.1800,0,73,73,0,73,73,0.000000,0.030318,intraday,intraday,0,0
2025-03-19 13:49,19.9500,2025-03-19 14:43,20.5500,2025-03-19 15:09,21.2900,2025-03-19 15:18,21.0500,26,9,35,26,9,35,0.036010,0.067168,intraday,intraday,0,0
2025-03-20 09:30,19.7100,2025-03-20 10:23,20.3400,2025-03-20 10:24,20.3700,2025-03-20 10:31,20.1500,1,7,8,1,7,8,0.001475,0.033486,intraday,intraday,0,0
2025-03-21 09:32,18.4600,2025-03-21 10:22,19.0200,2025-03-21 10:26,19.0300,2025-03-21 10:39,18.7800,4,13,17,4,13,17,0.000526,0.030878,intraday,intraday,0,0
2025-03-21 11:42,18.5500,2025-03-21 12:20,19.1600,2025-03-21 12:59,19.4300,2025-03-21 13:27,19.1800,39,28,67,39,28,67,0.014092,0.047439,intraday,intraday,0,0
2025-03-21 13:31,19.1400,2025-03-24 09:30,20.5700,2025-03-24 11:19,21.3400,2025-03-24 11:42,21.1200,109,23,132,109,23,132,0.037433,0.114943,intraday,intraday,0,0
2025-03-26 13:37,18.2200,2025-03-26 15:47,18.8000,2025-03-26 15:50,18.8700,2025-03-27 09:30,18.1900,3,10,13,3,1060,1063,0.003723,0.035675,overnight,overnight,1,1
2025-03-27 09:42,17.4100,2025-03-27 09:50,17.9600,2025-03-27 09:55,18.0800,2025-03-27 10:07,17.7800,5,12,17,5,12,17,0.006682,0.038484,intraday,intraday,0,0
2025-03-27 10:10,17.6300,2025-03-27 10:35,18.1700,2025-03-27 10:38,18.4000,2025-03-27 10:49,18.2000,3,11,14,3,11,14,0.012658,0.043676,intraday,intraday,0,0
2025-03-27 12:59,17.3900,2025-03-27 14:48,17.9300,2025-03-27 14:52,17.9800,2025-03-27 14:59,17.7800,4,7,11,4,7,11,0.002789,0.033928,intraday,intraday,0,0
2025-03-28 13:09,15.7600,2025-03-28 15:03,16.2500,2025-03-28 15:06,16.3400,2025-03-28 15:16,16.1500,3,10,13,3,10,13,0.005538,0.036802,intraday,intraday,0,0
2025-03-31 09:45,14.4200,2025-03-31 09:54,14.8700,2025-03-31 10:10,15.1900,2025-03-31 10:17,15.0100,16,7,23,16,7,23,0.021520,0.053398,intraday,intraday,0,0
2025-03-31 10:26,14.7100,2025-03-31 10:46,15.1700,2025-03-31 10:46,15.1700,2025-03-31 10:53,15.0100,0,7,7,0,7,7,0.000000,0.031271,intraday,intraday,0,0
2025-03-31 11:14,14.8500,2025-03-31 14:09,15.3300,2025-03-31 14:41,15.7600,2025-03-31 14:45,15.5800,32,4,36,32,4,36,0.028050,0.061279,intraday,intraday,0,0
2025-04-01 10:20,14.8900,2025-04-01 10:41,15.3800,2025-04-01 11:18,15.9200,2025-04-01 11:35,15.7600,37,17,54,37,17,54,0.035111,0.069174,intraday,intraday,0,0
2025-04-01 14:24,15.0400,2025-04-01 15:35,15.5000,2025-04-01 15:59,15.9500,2025-04-02 09:30,15.1900,24,1,25,24,1051,1075,0.029032,0.060505,overnight,overnight,1,1
2025-04-02 09:32,15.0800,2025-04-02 09:36,15.6100,2025-04-02 09:37,15.7600,2025-04-02 09:40,15.6000,1,3,4,1,3,4,0.009609,0.045093,intraday,intraday,0,0
2025-04-02 09:42,15.5000,2025-04-02 11:21,15.9700,2025-04-02 11:38,16.1700,2025-04-02 11:47,16.0000,17,9,26,17,9,26,0.012523,0.043226,intraday,intraday,0,0
2025-04-02 11:51,15.9400,2025-04-02 12:29,16.4300,2025-04-02 13:12,16.8800,2025-04-02 13:21,16.7000,43,9,52,43,9,52,0.027389,0.058971,intraday,intraday,0,0
2025-04-02 14:59,15.8600,2025-04-02 15:47,16.3500,2025-04-02 15:48,16.3900,2025-04-03 09:30,13.9800,1,12,13,1,1062,1063,0.002446,0.033417,overnight,overnight,1,1
2025-04-03 11:21,12.1400,2025-04-03 11:37,12.5300,2025-04-03 11:41,12.5800,2025-04-03 11:45,12.3300,4,4,8,4,4,8,0.003990,0.036244,intraday,intraday,0,0
2025-04-03 12:57,11.7000,2025-04-03 13:38,12.0800,2025-04-03 13:38,12.0800,2025-04-03 13:48,11.9500,0,10,10,0,10,10,0.000000,0.032479,intraday,intraday,0,0
2025-04-03 14:18,11.5500,2025-04-03 14:48,11.9700,2025-04-03 15:02,12.1400,2025-04-03 15:09,11.9900,14,7,21,14,7,21,0.014202,0.051082,intraday,intraday,0,0
2025-04-04 09:42,9.3100,2025-04-04 09:48,9.6300,2025-04-04 09:48,9.6300,2025-04-04 09:49,9.5000,0,1,1,0,1,1,0.000000,0.034372,intraday,intraday,0,0
2025-04-04 09:55,9.4400,2025-04-04 09:58,9.7300,2025-04-04 09:58,9.7300,2025-04-04 10:01,9.6200,0,3,3,0,3,3,0.000000,0.030720,intraday,intraday,0,0
2025-04-04 10:50,8.1900,2025-04-04 10:51,8.4600,2025-04-04 10:58,8.9400,2025-04-04 10:59,8.7700,7,1,8,7,1,8,0.056738,0.091575,intraday,intraday,0,0
2025-04-04 10:59,8.7700,2025-04-04 11:01,9.1200,2025-04-04 11:04,9.3200,2025-04-04 11:05,9.2000,3,1,4,3,1,4,0.021930,0.062714,intraday,intraday,0,0
2025-04-04 11:07,9.0300,2025-04-04 11:10,9.3200,2025-04-04 11:15,9.6600,2025-04-04 11:16,9.5400,5,1,6,5,1,6,0.036481,0.069767,intraday,intraday,0,0
2025-04-04 11:37,9.0000,2025-04-04 11:49,9.3300,2025-04-04 11:49,9.3300,2025-04-04 11:53,9.1500,0,4,4,0,4,4,0.000000,0.036667,intraday,intraday,0,0
2025-04-04 12:26,8.7700,2025-04-04 13:02,9.0700,2025-04-04 13:02,9.0700,2025-04-04 13:06,8.9300,0,4,4,0,4,4,0.000000,0.034208,intraday,intraday,0,0
2025-04-04 13:16,8.6800,2025-04-04 13:37,8.9700,2025-04-04 13:42,9.0800,2025-04-04 13:43,8.9800,5,1,6,5,1,6,0.012263,0.046083,intraday,intraday,0,0
2025-04-04 13:45,8.9200,2025-04-04 13:59,9.2800,2025-04-04 14:02,9.3200,2025-04-04 14:05,9.1700,3,3,6,3,3,6,0.004310,0.044843,intraday,intraday,0,0
2025-04-04 14:44,8.7500,2025-04-04 14:52,9.0200,2025-04-04 14:52,9.0200,2025-04-04 14:58,8.8800,0,6,6,0,6,6,0.000000,0.030857,intraday,intraday,0,0
2025-04-04 15:01,8.8300,2025-04-04 15:14,9.1300,2025-04-04 15:14,9.1300,2025-04-04 15:16,9.0200,0,2,2,0,2,2,0.000000,0.033975,intraday,intraday,0,0
2025-04-04 15:18,8.8900,2025-04-04 15:30,9.1700,2025-04-04 15:34,9.3500,2025-04-04 15:36,9.2300,4,2,6,4,2,6,0.019629,0.051744,intraday,intraday,0,0
2025-04-07 09:43,7.3100,2025-04-07 09:46,7.5600,2025-04-07 10:00,8.9700,2025-04-07 10:01,8.7600,14,1,15,14,1,15,0.186508,0.227086,intraday,intraday,0,0
2025-04-07 10:02,8.5500,2025-04-07 10:05,8.8600,2025-04-07 10:06,8.8900,2025-04-07 10:07,8.7100,1,1,2,1,1,2,0.003386,0.039766,intraday,intraday,0,0
2025-04-07 10:07,8.7100,2025-04-07 10:10,9.4200,2025-04-07 10:13,10.5100,2025-04-07 10:14,10.2000,3,1,4,3,1,4,0.115711,0.206659,intraday,intraday,0,0
2025-04-07 10:14,10.2000,2025-04-07 10:16,10.7300,2025-04-07 10:17,10.7900,2025-04-07 10:18,10.2500,1,1,2,1,1,2,0.005592,0.057843,intraday,intraday,0,0
2025-04-07 10:24,8.7700,2025-04-07 10:26,9.2700,2025-04-07 10:26,9.2700,2025-04-07 10:27,9.0500,0,1,1,0,1,1,0.000000,0.057013,intraday,intraday,0,0
2025-04-07 10:28,8.7900,2025-04-07 10:31,9.1000,2025-04-07 10:32,9.1900,2025-04-07 10:34,8.7900,1,2,3,1,2,3,0.009890,0.045506,intraday,intraday,0,0
2025-04-07 10:39,8.3000,2025-04-07 10:42,8.6000,2025-04-07 10:45,8.9300,2025-04-07 10:46,8.8200,3,1,4,3,1,4,0.038372,0.075904,intraday,intraday,0,0
2025-04-07 10:47,8.8100,2025-04-07 10:50,9.3300,2025-04-07 10:50,9.3300,2025-04-07 10:52,9.2000,0,2,2,0,2,2,0.000000,0.059024,intraday,intraday,0,0
2025-04-07 10:52,9.2000,2025-04-07 10:54,9.6800,2025-04-07 10:54,9.6800,2025-04-07 10:55,9.5800,0,1,1,0,1,1,0.000000,0.052174,intraday,intraday,0,0
2025-04-07 10:56,9.3600,2025-04-07 11:02,9.7600,2025-04-07 11:03,9.8000,2025-04-07 11:04,9.7000,1,1,2,1,1,2,0.004098,0.047009,intraday,intraday,0,0
2025-04-07 11:26,8.5400,2025-04-07 11:35,8.8400,2025-04-07 11:38,9.0500,2025-04-07 11:39,8.9200,3,1,4,3,1,4,0.023756,0.059719,intraday,intraday,0,0
2025-04-07 11:39,8.9200,2025-04-07 11:41,9.2400,2025-04-07 11:41,9.2400,2025-04-07 11:42,9.1400,0,1,1,0,1,1,0.000000,0.035874,intraday,intraday,0,0
2025-04-07 12:10,8.5200,2025-04-07 12:25,8.8500,2025-04-07 12:26,8.9700,2025-04-07 12:27,8.8300,1,1,2,1,1,2,0.013559,0.052817,intraday,intraday,0,0
2025-04-07 12:56,8.6200,2025-04-07 13:00,9.0700,2025-04-07 13:00,9.0700,2025-04-07 13:02,8.8700,0,2,2,0,2,2,0.000000,0.052204,intraday,intraday,0,0
2025-04-07 13:11,8.7200,2025-04-07 13:14,9.0600,2025-04-07 13:29,9.3800,2025-04-07 13:31,9.1700,15,2,17,15,2,17,0.035320,0.075688,intraday,intraday,0,0
2025-04-07 13:31,9.1700,2025-04-07 13:42,9.4900,2025-04-07 13:46,9.6800,2025-04-07 13:48,9.5600,4,2,6,4,2,6,0.020021,0.055616,intraday,intraday,0,0
2025-04-07 14:12,9.4300,2025-04-07 14:18,9.7200,2025-04-07 14:18,9.7200,2025-04-07 14:23,9.6200,0,5,5,0,5,5,0.000000,0.030753,intraday,intraday,0,0
2025-04-07 14:29,9.2900,2025-04-07 14:38,9.5800,2025-04-07 14:40,9.6200,2025-04-07 14:42,9.5000,2,2,4,2,2,4,0.004175,0.035522,intraday,intraday,0,0
2025-04-07 15:15,9.0300,2025-04-07 15:33,9.3900,2025-04-07 15:37,9.4500,2025-04-07 15:39,9.3500,4,2,6,4,2,6,0.006390,0.046512,intraday,intraday,0,0
2025-04-07 15:53,9.0300,2025-04-07 15:59,9.3300,2025-04-08 09:30,10.6500,2025-04-08 09:31,10.3100,1,1,2,1051,1,1052,0.141479,0.179402,overnight,intraday,0,1
2025-04-08 09:38,10.2300,2025-04-08 09:45,10.5400,2025-04-08 09:46,10.6300,2025-04-08 09:48,10.4000,1,2,3,1,2,3,0.008539,0.039101,intraday,intraday,0,0
2025-04-08 09:48,10.4000,2025-04-08 10:03,10.7800,2025-04-08 10:03,10.7800,2025-04-08 10:06,10.6700,0,3,3,0,3,3,0.000000,0.036538,intraday,intraday,0,0
2025-04-08 11:29,10.0100,2025-04-08 11:40,10.3400,2025-04-08 11:40,10.3400,2025-04-08 11:46,10.2300,0,6,6,0,6,6,0.000000,0.032967,intraday,intraday,0,0
2025-04-08 11:52,9.9900,2025-04-08 12:11,10.3000,2025-04-08 12:13,10.3400,2025-04-08 12:14,10.2100,2,1,3,2,1,3,0.003883,0.035035,intraday,intraday,0,0
2025-04-08 13:34,9.0400,2025-04-08 13:40,9.3600,2025-04-08 13:43,9.5000,2025-04-08 13:46,9.3300,3,3,6,3,3,6,0.014957,0.050885,intraday,intraday,0,0
2025-04-08 14:29,9.0400,2025-04-08 14:30,9.3400,2025-04-08 14:30,9.3400,2025-04-08 14:31,9.2400,0,1,1,0,1,1,0.000000,0.033186,intraday,intraday,0,0
2025-04-08 15:17,8.0000,2025-04-08 15:27,8.2700,2025-04-08 15:28,8.2900,2025-04-08 15:30,8.1700,1,2,3,1,2,3,0.002418,0.036250,intraday,intraday,0,0
2025-04-08 15:49,7.6100,2025-04-08 15:50,7.8700,2025-04-08 15:54,8.1900,2025-04-08 15:55,8.0500,4,1,5,4,1,5,0.040661,0.076216,intraday,intraday,0,0
2025-04-08 15:55,8.0500,2025-04-09 09:30,8.4400,2025-04-09 09:31,8.5800,2025-04-09 09:34,8.3200,1,3,4,1,3,4,0.016588,0.065839,intraday,intraday,0,0
2025-04-09 09:37,8.2700,2025-04-09 09:38,8.5400,2025-04-09 09:41,8.8600,2025-04-09 09:42,8.7500,3,1,4,3,1,4,0.037471,0.071342,intraday,intraday,0,0
2025-04-09 09:44,8.4900,2025-04-09 09:53,8.7900,2025-04-09 09:53,8.7900,2025-04-09 09:54,8.7000,0,1,1,0,1,1,0.000000,0.035336,intraday,intraday,0,0
2025-04-09 10:14,8.5100,2025-04-09 10:23,8.7900,2025-04-09 10:23,8.7900,2025-04-09 10:27,8.6800,0,4,4,0,4,4,0.000000,0.032902,intraday,intraday,0,0
2025-04-09 10:59,8.3300,2025-04-09 11:05,8.5800,2025-04-09 11:15,8.7500,2025-04-09 11:28,8.6200,10,13,23,10,13,23,0.019814,0.050420,intraday,intraday,0,0
2025-04-09 11:41,8.4200,2025-04-09 11:48,8.6900,2025-04-09 11:48,8.6900,2025-04-09 11:54,8.5800,0,6,6,0,6,6,0.000000,0.032067,intraday,intraday,0,0
2025-04-09 11:58,8.4900,2025-04-09 12:12,8.7500,2025-04-09 12:14,8.8200,2025-04-09 12:21,8.7300,2,7,9,2,7,9,0.008000,0.038869,intraday,intraday,0,0
2025-04-09 12:45,8.7200,2025-04-09 13:02,9.1200,2025-04-09 13:04,9.2200,2025-04-09 13:06,9.0700,2,2,4,2,2,4,0.010965,0.057339,intraday,intraday,0,0
2025-04-09 13:18,8.9100,2025-04-09 13:19,9.7100,2025-04-09 13:27,11.2300,2025-04-09 13:28,10.6600,8,1,9,8,1,9,0.156540,0.260382,intraday,intraday,0,0
2025-04-09 13:29,10.5600,2025-04-09 13:31,11.0000,2025-04-09 13:35,11.6000,2025-04-09 13:36,11.2900,4,1,5,4,1,5,0.054545,0.098485,intraday,intraday,0,0
2025-04-09 13:43,10.8700,2025-04-09 13:46,11.2900,2025-04-09 13:48,11.3800,2025-04-09 13:50,11.2300,2,2,4,2,2,4,0.007972,0.046918,intraday,intraday,0,0
2025-04-09 13:50,11.2300,2025-04-09 13:57,11.7100,2025-04-09 14:03,12.1600,2025-04-09 14:05,11.9900,6,2,8,6,2,8,0.038429,0.082814,intraday,intraday,0,0
2025-04-09 14:08,11.7400,2025-04-09 14:11,12.1100,2025-04-09 14:12,12.1600,2025-04-09 14:15,11.9800,1,3,4,1,3,4,0.004129,0.035775,intraday,intraday,0,0
2025-04-09 14:15,11.9800,2025-04-09 14:18,12.3800,2025-04-09 14:18,12.3800,2025-04-09 14:19,12.1800,0,1,1,0,1,1,0.000000,0.033389,intraday,intraday,0,0
2025-04-09 14:19,12.1800,2025-04-09 14:27,12.7200,2025-04-09 14:27,12.7200,2025-04-09 14:29,12.5300,0,2,2,0,2,2,0.000000,0.044335,intraday,intraday,0,0
2025-04-09 15:00,11.6800,2025-04-09 15:09,12.0900,2025-04-09 15:32,12.7900,2025-04-09 15:36,12.6600,23,4,27,23,4,27,0.057899,0.095034,intraday,intraday,0,0
2025-04-10 10:12,9.9700,2025-04-10 10:21,10.3700,2025-04-10 10:26,10.6600,2025-04-10 10:29,10.4400,5,3,8,5,3,8,0.027965,0.069208,intraday,intraday,0,0
2025-04-10 12:27,8.4100,2025-04-10 12:30,8.8600,2025-04-10 12:34,9.0800,2025-04-10 12:35,8.9500,4,1,5,4,1,5,0.024831,0.079667,intraday,intraday,0,0
2025-04-10 12:35,8.9500,2025-04-10 12:48,9.2500,2025-04-10 12:51,9.4900,2025-04-10 12:52,9.3300,3,1,4,3,1,4,0.025946,0.060335,intraday,intraday,0,0
2025-04-10 12:56,9.2000,2025-04-10 13:00,9.5500,2025-04-10 13:00,9.5500,2025-04-10 13:01,9.3200,0,1,1,0,1,1,0.000000,0.038043,intraday,intraday,0,0
2025-04-10 13:01,9.3200,2025-04-10 13:02,9.7000,2025-04-10 13:02,9.7000,2025-04-10 13:03,9.4500,0,1,1,0,1,1,0.000000,0.040773,intraday,intraday,0,0
2025-04-10 13:21,8.6600,2025-04-10 13:25,8.9600,2025-04-10 13:33,9.3400,2025-04-10 13:34,9.2000,8,1,9,8,1,9,0.042411,0.078522,intraday,intraday,0,0
2025-04-10 13:40,9.1100,2025-04-10 13:43,9.4000,2025-04-10 13:45,9.5000,2025-04-10 13:47,9.3300,2,2,4,2,2,4,0.010638,0.042810,intraday,intraday,0,0
2025-04-10 13:52,9.2200,2025-04-10 13:58,9.5100,2025-04-10 14:05,9.7300,2025-04-10 14:06,9.5700,7,1,8,7,1,8,0.023134,0.055315,intraday,intraday,0,0
2025-04-10 14:14,9.0800,2025-04-10 14:20,9.4500,2025-04-10 14:31,9.9300,2025-04-10 14:33,9.8200,11,2,13,11,2,13,0.050794,0.093612,intraday,intraday,0,0
2025-04-10 14:54,9.5500,2025-04-10 15:01,9.8600,2025-04-10 15:02,9.9600,2025-04-10 15:05,9.8400,1,3,4,1,3,4,0.010142,0.042932,intraday,intraday,0,0
2025-04-10 15:29,9.1500,2025-04-10 15:33,9.4300,2025-04-10 15:33,9.4300,2025-04-10 15:36,9.2500,0,3,3,0,3,3,0.000000,0.030601,intraday,intraday,0,0
2025-04-10 15:43,8.8700,2025-04-10 15:50,9.2800,2025-04-10 15:56,9.7000,2025-04-11 09:30,9.3500,6,4,10,6,1054,1060,0.045259,0.093574,overnight,overnight,1,1
2025-04-11 09:34,9.0200,2025-04-11 09:39,9.3400,2025-04-11 09:39,9.3400,2025-04-11 09:40,9.2000,0,1,1,0,1,1,0.000000,0.035477,intraday,intraday,0,0
2025-04-11 09:41,9.1600,2025-04-11 09:45,9.5200,2025-04-11 09:46,9.6800,2025-04-11 09:49,9.5600,1,3,4,1,3,4,0.016807,0.056769,intraday,intraday,0,0
2025-04-11 09:50,9.4400,2025-04-11 09:54,9.7300,2025-04-11 09:56,9.7400,2025-04-11 09:58,9.6300,2,2,4,2,2,4,0.001028,0.031780,intraday,intraday,0,0
2025-04-11 10:03,9.4000,2025-04-11 10:07,9.7000,2025-04-11 10:09,9.7100,2025-04-11 10:11,9.5500,2,2,4,2,2,4,0.001031,0.032979,intraday,intraday,0,0
2025-04-11 10:23,9.0500,2025-04-11 10:33,9.3800,2025-04-11 10:44,9.5200,2025-04-11 10:50,9.3200,11,6,17,11,6,17,0.014925,0.051934,intraday,intraday,0,0
2025-04-11 11:05,9.1300,2025-04-11 11:34,9.4100,2025-04-11 11:39,9.5800,2025-04-11 11:40,9.4500,5,1,6,5,1,6,0.018066,0.049288,intraday,intraday,0,0
2025-04-11 11:40,9.4500,2025-04-11 12:31,9.7600,2025-04-11 12:38,10.0400,2025-04-11 12:40,9.9300,7,2,9,7,2,9,0.028689,0.062434,intraday,intraday,0,0
2025-04-11 13:31,9.6600,2025-04-11 13:39,10.0100,2025-04-11 13:43,10.1900,2025-04-11 13:46,10.0800,4,3,7,4,3,7,0.017982,0.054865,intraday,intraday,0,0
2025-04-11 14:27,9.9900,2025-04-11 15:09,10.2900,2025-04-11 15:13,10.3500,2025-04-11 15:17,10.2200,4,4,8,4,4,8,0.005831,0.036036,intraday,intraday,0,0
2025-04-11 15:52,10.1700,2025-04-14 09:30,11.0900,2025-04-14 09:30,11.0900,2025-04-14 09:33,10.9100,0,3,3,0,3,3,0.000000,0.090462,intraday,intraday,0,0
2025-04-14 09:43,10.5600,2025-04-14 10:04,10.8900,2025-04-14 10:05,10.9600,2025-04-14 10:07,10.8500,1,2,3,1,2,3,0.006428,0.037879,intraday,intraday,0,0
2025-04-14 12:11,9.9800,2025-04-14 12:19,10.2900,2025-04-14 12:21,10.3700,2025-04-14 12:23,10.2200,2,2,4,2,2,4,0.007775,0.039078,intraday,intraday,0,0
2025-04-14 12:27,10.1600,2025-04-14 13:24,10.4700,2025-04-14 13:24,10.4700,2025-04-14 13:28,10.3600,0,4,4,0,4,4,0.000000,0.030512,intraday,intraday,0,0
2025-04-14 13:31,10.2900,2025-04-14 14:06,10.6100,2025-04-14 14:44,10.8000,2025-04-14 14:51,10.6900,38,7,45,38,7,45,0.017908,0.049563,intraday,intraday,0,0
2025-04-14 15:57,10.4500,2025-04-15 09:32,10.7900,2025-04-15 09:32,10.7900,2025-04-15 09:35,10.6200,0,3,3,0,3,3,0.000000,0.032536,intraday,intraday,0,0
2025-04-15 09:35,10.6200,2025-04-15 10:07,10.9400,2025-04-15 10:12,11.0000,2025-04-15 10:14,10.8900,5,2,7,5,2,7,0.005484,0.035782,intraday,intraday,0,0
2025-04-15 10:26,10.4900,2025-04-15 12:03,10.8200,2025-04-15 12:25,10.9000,2025-04-15 12:39,10.7900,22,14,36,22,14,36,0.007394,0.039085,intraday,intraday,0,0
2025-04-16 09:30,9.2300,2025-04-16 09:32,9.5700,2025-04-16 09:42,9.7300,2025-04-16 09:44,9.5800,10,2,12,10,2,12,0.016719,0.054171,intraday,intraday,0,0
2025-04-16 09:59,9.3200,2025-04-16 10:24,9.6500,2025-04-16 10:25,9.6700,2025-04-16 10:31,9.5500,1,6,7,1,6,7,0.002073,0.037554,intraday,intraday,0,0
2025-04-16 11:06,9.4000,2025-04-16 11:25,9.6900,2025-04-16 11:25,9.6900,2025-04-16 11:40,9.5600,0,15,15,0,15,15,0.000000,0.030851,intraday,intraday,0,0
2025-04-16 15:26,8.3400,2025-04-16 15:32,8.6200,2025-04-17 09:30,9.5200,2025-04-17 09:31,9.3400,28,1,29,1078,1,1079,0.104408,0.141487,overnight,intraday,0,1
2025-04-17 12:04,8.9200,2025-04-17 12:21,9.2100,2025-04-17 12:33,9.3000,2025-04-17 12:39,9.1900,12,6,18,12,6,18,0.009772,0.042601,intraday,intraday,0,0
2025-04-17 12:45,9.1000,2025-04-17 14:20,9.4100,2025-04-17 14:31,9.4200,2025-04-17 14:46,9.3200,11,15,26,11,15,26,0.001063,0.035165,intraday,intraday,0,0
2025-04-21 11:59,8.1600,2025-04-21 12:42,8.4200,2025-04-21 12:45,8.4300,2025-04-21 12:50,8.3300,3,5,8,3,5,8,0.001188,0.033088,intraday,intraday,0,0
2025-04-21 14:01,8.1800,2025-04-21 15:36,8.4400,2025-04-22 09:45,9.3100,2025-04-22 09:52,9.1800,39,7,46,1089,7,1096,0.103081,0.138142,overnight,intraday,0,1
2025-04-22 11:44,8.9600,2025-04-22 12:02,9.2400,2025-04-22 12:28,9.3600,2025-04-22 12:51,9.2500,26,23,49,26,23,49,0.012987,0.044643,intraday,intraday,0,0
2025-04-22 13:59,8.9700,2025-04-22 15:04,9.2400,2025-04-22 15:04,9.2400,2025-04-22 15:15,9.1300,0,11,11,0,11,11,0.000000,0.030100,intraday,intraday,0,0
2025-04-22 15:39,8.8600,2025-04-22 15:49,9.1300,2025-04-23 09:34,10.6000,2025-04-23 09:35,10.4700,15,1,16,1065,1,1066,0.161008,0.196388,overnight,intraday,0,1
2025-04-23 09:36,10.3800,2025-04-23 09:41,10.7000,2025-04-23 09:49,10.8900,2025-04-23 09:52,10.7400,8,3,11,8,3,11,0.017757,0.049133,intraday,intraday,0,0
2025-04-23 12:26,10.2400,2025-04-23 12:55,10.5600,2025-04-23 13:14,10.6800,2025-04-23 13:29,10.5700,19,15,34,19,15,34,0.011364,0.042969,intraday,intraday,0,0
2025-04-23 15:38,10.1300,2025-04-24 09:30,11.0400,2025-04-24 09:30,11.0400,2025-04-24 09:32,10.8900,0,2,2,0,2,2,0.000000,0.089832,intraday,intraday,0,0
2025-04-24 09:32,10.8900,2025-04-24 09:51,11.2400,2025-04-24 10:06,11.7400,2025-04-24 10:10,11.5700,15,4,19,15,4,19,0.044484,0.078053,intraday,intraday,0,0
2025-04-24 10:15,11.4600,2025-04-24 12:22,11.8300,2025-04-24 12:35,11.9800,2025-04-24 12:45,11.8500,13,10,23,13,10,23,0.012680,0.045375,intraday,intraday,0,0
2025-04-25 09:32,11.5500,2025-04-25 09:36,11.9100,2025-04-25 09:37,11.9300,2025-04-25 09:41,11.8000,1,4,5,1,4,5,0.001679,0.032900,intraday,intraday,0,0
2025-04-25 09:53,11.6000,2025-04-25 10:09,11.9600,2025-04-25 10:12,12.0300,2025-04-25 10:18,11.8800,3,6,9,3,6,9,0.005853,0.037069,intraday,intraday,0,0
2025-04-25 10:28,11.7100,2025-04-25 12:24,12.0900,2025-04-25 13:29,12.5800,2025-04-25 13:31,12.4500,65,2,67,65,2,67,0.040529,0.074295,intraday,intraday,0,0
2025-04-25 13:55,12.0700,2025-04-28 09:43,12.4500,2025-04-28 09:46,12.5100,2025-04-28 09:50,12.3800,3,4,7,3,4,7,0.004819,0.036454,intraday,intraday,0,0
2025-04-28 13:14,11.4700,2025-04-28 14:23,11.8200,2025-04-28 15:52,12.3000,2025-04-29 09:30,11.7300,89,8,97,89,1058,1147,0.040609,0.072363,overnight,overnight,1,1
2025-04-29 09:35,11.6600,2025-04-29 09:47,12.0300,2025-04-29 10:06,12.1100,2025-04-29 10:20,11.9800,19,14,33,19,14,33,0.006650,0.038593,intraday,intraday,0,0
2025-04-29 12:56,11.7000,2025-04-29 13:48,12.0800,2025-04-29 14:41,12.2700,2025-04-29 14:50,12.1400,53,9,62,53,9,62,0.015728,0.048718,intraday,intraday,0,0
2025-04-30 09:42,10.7700,2025-04-30 10:09,11.1200,2025-04-30 10:31,11.4600,2025-04-30 10:35,11.3300,22,4,26,22,4,26,0.030576,0.064067,intraday,intraday,0,0
2025-04-30 10:51,11.2600,2025-04-30 12:05,11.6000,2025-04-30 12:06,11.6100,2025-04-30 12:16,11.4800,1,10,11,1,10,11,0.000862,0.031083,intraday,intraday,0,0
2025-04-30 13:13,11.2400,2025-04-30 13:34,11.5800,2025-04-30 14:19,11.8600,2025-04-30 14:38,11.7200,45,19,64,45,19,64,0.024180,0.055160,intraday,intraday,0,0
2025-04-30 14:41,11.6900,2025-04-30 15:50,12.0800,2025-05-01 09:30,12.3900,2025-05-01 09:34,12.2400,10,4,14,1060,4,1064,0.025662,0.059880,overnight,intraday,0,1
2025-05-01 09:59,12.1600,2025-05-01 11:04,12.5500,2025-05-01 11:21,12.7900,2025-05-01 11:34,12.6500,17,13,30,17,13,30,0.019124,0.051809,intraday,intraday,0,0
2025-05-01 15:58,12.0500,2025-05-02 09:30,13.0700,2025-05-02 09:33,13.2700,2025-05-02 09:36,13.1000,3,3,6,3,3,6,0.015302,0.101245,intraday,intraday,0,0
2025-05-02 09:52,12.9900,2025-05-02 11:47,13.3800,2025-05-02 12:05,13.6400,2025-05-02 12:29,13.5000,18,24,42,18,24,42,0.019432,0.050038,intraday,intraday,0,0
2025-05-05 09:30,12.9600,2025-05-05 14:14,13.3600,2025-05-05 14:34,13.4000,2025-05-05 14:59,13.2600,20,25,45,20,25,45,0.002994,0.033951,intraday,intraday,0,0
2025-05-06 09:54,12.1200,2025-05-06 10:19,12.5300,2025-05-06 10:48,12.6100,2025-05-06 11:08,12.4700,29,20,49,29,20,49,0.006385,0.040429,intraday,intraday,0,0
2025-05-06 11:09,12.4600,2025-05-06 12:13,12.8500,2025-05-06 12:14,12.9100,2025-05-06 12:20,12.7400,1,6,7,1,6,7,0.004669,0.036116,intraday,intraday,0,0
2025-05-06 13:23,12.4300,2025-05-06 15:30,12.8300,2025-05-06 15:48,12.9300,2025-05-06 15:51,12.7900,18,3,21,18,3,21,0.007794,0.040225,intraday,intraday,0,0
2025-05-07 09:50,12.4500,2025-05-07 12:50,12.8300,2025-05-07 12:56,12.9000,2025-05-07 13:28,12.7600,6,32,38,6,32,38,0.005456,0.036145,intraday,intraday,0,0
2025-05-07 14:16,12.2600,2025-05-07 14:37,12.6300,2025-05-07 14:42,12.6600,2025-05-07 14:48,12.4600,5,6,11,5,6,11,0.002375,0.032626,intraday,intraday,0,0
2025-05-07 14:50,12.4500,2025-05-07 15:41,12.9000,2025-05-07 15:45,13.3500,2025-05-07 15:46,13.2100,4,1,5,4,1,5,0.034884,0.072289,intraday,intraday,0,0
2025-05-07 15:50,12.8500,2025-05-07 15:57,13.2800,2025-05-08 09:30,13.8700,2025-05-08 09:32,13.7100,3,2,5,1053,2,1055,0.044428,0.079377,overnight,intraday,0,1
2025-05-08 10:55,13.4200,2025-05-08 11:28,13.8600,2025-05-08 11:43,14.2000,2025-05-08 11:52,14.0200,15,9,24,15,9,24,0.024531,0.058122,intraday,intraday,0,0
2025-05-08 15:57,13.6600,2025-05-09 09:30,14.4600,2025-05-09 09:30,14.4600,2025-05-09 09:44,14.2800,0,14,14,0,14,14,0.000000,0.058565,intraday,intraday,0,0
2025-05-09 12:11,13.7800,2025-05-09 15:10,14.2000,2025-05-12 09:30,17.1400,2025-05-12 09:31,16.9600,50,1,51,3980,1,3981,0.207042,0.243832,weekend,intraday,0,1
2025-05-12 09:42,16.5100,2025-05-12 11:45,17.0100,2025-05-12 13:08,17.4600,2025-05-12 13:22,17.2700,83,14,97,83,14,97,0.026455,0.057541,intraday,intraday,0,0
2025-05-12 15:46,16.8700,2025-05-13 09:31,17.5000,2025-05-13 10:17,18.2200,2025-05-13 10:46,18.0300,46,29,75,46,29,75,0.041143,0.080024,intraday,intraday,0,0
2025-05-13 10:47,17.9800,2025-05-13 11:16,18.5200,2025-05-13 11:51,18.8000,2025-05-13 12:01,18.6000,35,10,45,35,10,45,0.015119,0.045606,intraday,intraday,0,0
2025-05-13 14:01,18.4000,2025-05-14 09:30,19.0600,2025-05-14 09:34,19.3300,2025-05-14 09:42,19.1300,4,8,12,4,8,12,0.014166,0.050543,intraday,intraday,0,0
2025-05-15 09:46,17.8500,2025-05-15 11:31,18.3900,2025-05-15 13:19,18.8800,2025-05-15 13:34,18.6900,108,15,123,108,15,123,0.026645,0.057703,intraday,intraday,0,0
2025-05-16 10:44,17.7700,2025-05-16 14:38,18.3100,2025-05-16 15:06,18.4100,2025-05-19 09:30,17.2500,28,54,82,28,3984,4012,0.005461,0.036016,weekend,weekend,1,1
2025-05-19 09:31,17.2100,2025-05-19 09:48,17.7300,2025-05-19 10:18,18.0500,2025-05-19 10:25,17.8500,30,7,37,30,7,37,0.018049,0.048809,intraday,intraday,0,0
2025-05-20 09:47,17.4600,2025-05-20 15:59,17.9900,2025-05-20 15:59,17.9900,2025-05-21 09:30,17.6600,0,1,1,0,1051,1051,0.000000,0.030355,overnight,overnight,1,1
2025-05-21 09:30,17.6600,2025-05-21 11:08,18.2300,2025-05-21 12:48,18.5700,2025-05-21 13:02,18.3300,100,14,114,100,14,114,0.018651,0.051529,intraday,intraday,0,0
2025-05-21 15:26,16.6600,2025-05-21 15:48,17.1800,2025-05-21 15:51,17.3000,2025-05-21 15:54,17.0500,3,3,6,3,3,6,0.006985,0.038415,intraday,intraday,0,0
2025-05-22 09:34,16.7500,2025-05-22 10:01,17.2800,2025-05-22 10:07,17.4300,2025-05-22 10:16,17.2300,6,9,15,6,9,15,0.008681,0.040597,intraday,intraday,0,0
2025-05-23 09:31,15.1300,2025-05-23 10:12,15.6100,2025-05-23 10:12,15.6100,2025-05-23 10:16,15.4500,0,4,4,0,4,4,0.000000,0.031725,intraday,intraday,0,0
2025-05-23 11:13,15.2000,2025-05-23 13:06,15.6700,2025-05-23 14:16,15.9900,2025-05-23 14:20,15.8000,70,4,74,70,4,74,0.020421,0.051974,intraday,intraday,0,0
2025-05-23 15:55,15.7000,2025-05-27 09:30,16.6800,2025-05-27 09:30,16.6800,2025-05-27 09:31,16.4500,0,1,1,0,1,1,0.000000,0.062420,intraday,intraday,0,0
2025-05-27 09:36,16.3700,2025-05-27 09:50,16.8700,2025-05-27 14:01,17.5000,2025-05-27 15:01,17.3200,251,60,311,251,60,311,0.037344,0.069029,intraday,intraday,0,0
2025-05-28 10:58,17.0100,2025-05-28 14:11,17.5400,2025-05-28 14:11,17.5400,2025-05-28 14:52,17.3600,0,41,41,0,41,41,0.000000,0.031158,intraday,intraday,0,0
2025-05-28 15:53,16.9800,2025-05-29 09:30,18.1500,2025-05-29 09:30,18.1500,2025-05-29 09:32,17.9100,0,2,2,0,2,2,0.000000,0.068905,intraday,intraday,0,0
2025-05-30 09:51,16.0300,2025-05-30 10:28,16.5200,2025-05-30 10:39,16.6600,2025-05-30 10:45,16.4500,11,6,17,11,6,17,0.008475,0.039301,intraday,intraday,0,0
2025-05-30 12:54,15.2600,2025-05-30 13:36,15.7300,2025-05-30 13:36,15.7300,2025-05-30 13:59,15.5700,0,23,23,0,23,23,0.000000,0.030799,intraday,intraday,0,0
2025-05-30 13:59,15.5700,2025-05-30 15:01,16.0700,2025-05-30 15:37,16.3500,2025-05-30 15:51,16.1800,36,14,50,36,14,50,0.017424,0.050096,intraday,intraday,0,0
2025-05-30 15:54,16.0700,2025-06-02 09:38,16.5800,2025-06-02 09:39,16.6200,2025-06-02 09:41,16.4000,1,2,3,1,2,3,0.002413,0.034225,intraday,intraday,0,0
2025-06-02 10:00,16.1500,2025-06-02 12:54,16.6400,2025-06-02 15:05,17.1000,2025-06-02 15:32,16.9100,131,27,158,131,27,158,0.027644,0.058824,intraday,intraday,0,0
2025-06-03 09:32,16.6000,2025-06-03 09:42,17.1200,2025-06-03 10:03,17.4600,2025-06-03 10:07,17.2500,21,4,25,21,4,25,0.019860,0.051807,intraday,intraday,0,0
2025-06-03 10:08,17.2300,2025-06-03 10:42,17.7500,2025-06-03 12:52,18.3000,2025-06-03 13:12,18.1100,130,20,150,130,20,150,0.030986,0.062101,intraday,intraday,0,0
2025-06-03 14:17,17.8800,2025-06-04 09:30,18.7700,2025-06-04 09:41,19.1600,2025-06-04 09:44,18.9300,11,3,14,11,3,14,0.020778,0.071588,intraday,intraday,0,0
2025-06-04 10:04,18.3000,2025-06-04 10:32,18.8800,2025-06-04 11:11,19.1600,2025-06-04 11:31,18.9500,39,20,59,39,20,59,0.014831,0.046995,intraday,intraday,0,0
2025-06-04 12:13,18.8600,2025-06-05 09:30,19.6900,2025-06-05 09:36,19.7000,2025-06-05 09:39,19.4300,6,3,9,6,3,9,0.000508,0.044539,intraday,intraday,0,0
2025-06-05 10:17,18.8900,2025-06-05 10:46,19.4700,2025-06-05 11:56,19.9700,2025-06-05 12:14,19.7300,70,18,88,70,18,88,0.025681,0.057173,intraday,intraday,0,0
2025-06-05 15:24,18.4800,2025-06-05 15:37,19.0700,2025-06-05 15:38,19.0900,2025-06-05 15:54,18.8800,1,16,17,1,16,17,0.001049,0.033009,intraday,intraday,0,0
2025-06-05 15:57,18.7500,2025-06-06 09:30,19.3900,2025-06-06 09:53,19.7000,2025-06-06 09:55,19.4900,23,2,25,23,2,25,0.015988,0.050667,intraday,intraday,0,0
2025-06-06 15:48,19.1600,2025-06-09 09:30,19.8600,2025-06-09 09:37,20.3700,2025-06-09 09:38,20.1400,7,1,8,7,1,8,0.025680,0.063152,intraday,intraday,0,0
2025-06-09 09:39,20.0200,2025-06-09 10:10,20.6300,2025-06-09 10:37,21.0300,2025-06-09 10:45,20.7800,27,8,35,27,8,35,0.019389,0.050450,intraday,intraday,0,0
2025-06-09 12:11,20.3800,2025-06-10 09:30,21.0200,2025-06-10 09:30,21.0200,2025-06-10 09:36,20.7900,0,6,6,0,6,6,0.000000,0.031403,intraday,intraday,0,0
2025-06-10 09:37,20.7700,2025-06-10 10:18,21.4400,2025-06-10 11:14,21.5800,2025-06-10 11:32,21.3300,56,18,74,56,18,74,0.006530,0.038999,intraday,intraday,0,0
2025-06-10 11:34,21.1700,2025-06-10 12:28,21.8500,2025-06-10 13:12,22.0900,2025-06-10 13:30,21.8400,44,18,62,44,18,62,0.010984,0.043458,intraday,intraday,0,0
2025-06-10 14:12,21.5600,2025-06-11 09:30,22.3200,2025-06-11 09:30,22.3200,2025-06-11 09:31,22.0500,0,1,1,0,1,1,0.000000,0.035250,intraday,intraday,0,0
2025-06-11 09:48,21.8900,2025-06-11 10:55,22.5500,2025-06-11 11:04,22.5900,2025-06-11 11:09,22.2600,9,5,14,9,5,14,0.001774,0.031978,intraday,intraday,0,0
2025-06-11 14:16,21.0700,2025-06-12 10:12,21.7500,2025-06-12 10:43,22.0500,2025-06-12 11:13,21.8200,31,30,61,31,30,61,0.013793,0.046512,intraday,intraday,0,0
2025-06-13 10:28,20.0900,2025-06-13 11:05,20.7000,2025-06-13 12:18,21.0500,2025-06-13 12:39,20.8200,73,21,94,73,21,94,0.016908,0.047785,intraday,intraday,0,0
2025-06-13 14:39,19.9300,2025-06-16 09:30,20.9700,2025-06-16 11:10,22.2100,2025-06-16 11:26,21.9200,100,16,116,100,16,116,0.059132,0.114400,intraday,intraday,0,0
2025-06-17 09:30,21.7200,2025-06-17 10:03,22.3900,2025-06-17 10:16,22.5200,2025-06-17 10:24,22.2400,13,8,21,13,8,21,0.005806,0.036832,intraday,intraday,0,0
2025-06-17 14:28,21.3800,2025-06-18 09:58,22.0400,2025-06-18 10:38,22.3500,2025-06-18 10:48,22.1000,40,10,50,40,10,50,0.014065,0.045370,intraday,intraday,0,0
2025-06-18 15:00,21.2900,2025-06-20 09:30,22.2700,2025-06-20 09:30,22.2700,2025-06-20 09:32,22.0200,0,2,2,0,2,2,0.000000,0.046031,intraday,intraday,0,0
2025-06-20 11:00,20.4300,2025-06-20 11:31,21.0700,2025-06-20 11:39,21.3200,2025-06-20 11:53,21.1000,8,14,22,8,14,22,0.011865,0.043563,intraday,intraday,0,0
2025-06-20 13:30,20.7500,2025-06-23 09:30,21.4100,2025-06-23 09:32,21.5600,2025-06-23 09:34,21.2600,2,2,4,2,2,4,0.007006,0.039036,intraday,intraday,0,0
2025-06-23 09:35,21.1900,2025-06-23 10:05,21.9000,2025-06-23 10:07,21.9500,2025-06-23 10:27,21.6900,2,20,22,2,20,22,0.002283,0.035866,intraday,intraday,0,0
2025-06-23 12:36,20.3800,2025-06-23 13:10,21.0500,2025-06-23 14:06,21.6100,2025-06-23 15:38,21.3800,56,92,148,56,92,148,0.026603,0.060353,intraday,intraday,0,0
2025-06-23 15:43,21.3500,2025-06-24 09:30,22.7200,2025-06-24 11:02,23.9200,2025-06-24 11:20,23.6600,92,18,110,92,18,110,0.052817,0.120375,intraday,intraday,0,0
2025-06-24 11:58,23.5100,2025-06-25 09:30,24.2900,2025-06-25 09:34,24.5000,2025-06-25 09:48,24.2300,4,14,18,4,14,18,0.008646,0.042110,intraday,intraday,0,0
2025-06-25 11:15,23.9600,2025-06-26 09:30,25.0500,2025-06-26 09:35,25.1500,2025-06-26 09:37,24.8100,5,2,7,5,2,7,0.003992,0.049666,intraday,intraday,0,0
2025-06-26 09:50,24.6200,2025-06-27 09:33,25.4300,2025-06-27 10:21,25.8200,2025-06-27 10:33,25.5200,48,12,60,48,12,60,0.015336,0.048741,intraday,intraday,0,0
2025-06-27 14:56,24.3100,2025-06-27 15:46,25.0400,2025-06-30 09:30,25.3900,2025-06-30 09:32,24.9000,14,2,16,3944,2,3946,0.013978,0.044426,weekend,intraday,0,1
2025-07-01 11:14,23.6300,2025-07-01 11:33,24.3700,2025-07-01 12:37,25.1700,2025-07-01 12:44,24.8800,64,7,71,64,7,71,0.032827,0.065171,intraday,intraday,0,0
2025-07-02 09:30,24.5700,2025-07-02 10:32,25.3200,2025-07-02 12:25,26.3600,2025-07-02 12:29,26.0900,113,4,117,113,4,117,0.041074,0.072853,intraday,intraday,0,0
2025-07-02 15:51,25.8300,2025-07-03 10:13,26.6100,2025-07-03 10:24,26.7000,2025-07-03 10:47,26.4300,11,23,34,11,23,34,0.003382,0.033682,intraday,intraday,0,0
2025-07-07 14:29,24.6600,2025-07-08 09:30,25.7100,2025-07-08 09:30,25.7100,2025-07-08 09:33,25.3800,0,3,3,0,3,3,0.000000,0.042579,intraday,intraday,0,0
2025-07-08 09:33,25.3800,2025-07-08 10:30,26.1700,2025-07-08 11:08,27.0000,2025-07-08 11:19,26.7100,38,11,49,38,11,49,0.031716,0.063830,intraday,intraday,0,0
2025-07-08 15:53,26.3500,2025-07-09 09:33,27.1500,2025-07-09 09:45,27.3500,2025-07-09 09:56,27.0200,12,11,23,12,11,23,0.007366,0.037951,intraday,intraday,0,0
2025-07-09 11:16,25.9400,2025-07-09 14:07,26.7300,2025-07-10 09:31,27.4100,2025-07-10 09:34,27.0800,114,3,117,1164,3,1167,0.025440,0.056669,overnight,intraday,0,1
2025-07-10 09:58,26.7000,2025-07-10 10:37,27.5300,2025-07-10 11:28,27.7100,2025-07-10 12:12,27.4100,51,44,95,51,44,95,0.006538,0.037828,intraday,intraday,0,0
2025-07-11 09:38,26.6500,2025-07-11 14:32,27.4500,2025-07-11 14:44,27.5300,2025-07-11 15:04,27.2100,12,20,32,12,20,32,0.002914,0.033021,intraday,intraday,0,0
2025-07-14 09:44,25.3900,2025-07-14 10:17,26.2400,2025-07-14 10:21,26.2600,2025-07-14 10:27,25.9900,4,6,10,4,6,10,0.000762,0.034265,intraday,intraday,0,0
2025-07-14 10:34,25.8600,2025-07-14 13:02,26.6400,2025-07-14 13:41,26.7700,2025-07-14 15:09,26.5000,39,88,127,39,88,127,0.004880,0.035189,intraday,intraday,0,0
2025-07-14 15:31,26.3300,2025-07-15 09:30,28.0700,2025-07-15 09:36,28.4400,2025-07-15 09:40,28.1300,6,4,10,6,4,10,0.013181,0.080137,intraday,intraday,0,0
2025-07-16 11:36,24.9700,2025-07-16 11:55,25.9200,2025-07-16 15:58,27.0200,2025-07-17 09:31,26.6100,243,3,246,243,1053,1296,0.042438,0.082099,overnight,overnight,0,1
2025-07-17 09:33,26.4900,2025-07-17 11:02,27.3000,2025-07-18 09:33,27.8700,2025-07-18 09:38,27.5900,301,5,306,1351,5,1356,0.020879,0.052095,overnight,intraday,0,1
2025-07-18 10:26,26.7900,2025-07-21 09:30,27.6900,2025-07-21 09:39,28.1300,2025-07-21 09:44,27.8400,9,5,14,9,5,14,0.015890,0.050019,intraday,intraday,0,0
2025-07-22 09:54,25.4500,2025-07-22 10:37,26.2700,2025-07-22 11:47,26.6100,2025-07-22 12:00,26.1000,70,13,83,70,13,83,0.012943,0.045580,intraday,intraday,0,0
2025-07-23 10:12,24.8900,2025-07-23 11:54,25.6400,2025-07-23 11:56,25.7500,2025-07-23 12:20,25.4600,2,24,26,2,24,26,0.004290,0.034552,intraday,intraday,0,0
2025-07-24 10:13,24.9700,2025-07-24 11:00,25.7400,2025-07-24 11:00,25.7400,2025-07-24 11:35,25.4700,0,35,35,0,35,35,0.000000,0.030837,intraday,intraday,0,0
2025-07-25 09:38,24.8400,2025-07-25 14:21,25.5900,2025-07-28 10:00,26.9600,2025-07-28 10:21,26.6100,129,21,150,4059,21,4080,0.053537,0.085346,weekend,intraday,0,1
2025-07-28 11:20,26.5300,2025-07-29 09:30,27.6600,2025-07-29 09:41,27.9400,2025-07-29 09:50,27.6500,11,9,20,11,9,20,0.010123,0.053147,intraday,intraday,0,0
2025-07-29 11:42,26.5400,2025-07-29 13:10,27.3600,2025-07-29 14:04,27.5800,2025-07-29 15:27,27.2700,54,83,137,54,83,137,0.008041,0.039186,intraday,intraday,0,0
2025-07-29 15:38,27.0100,2025-07-30 09:34,27.8500,2025-07-30 10:55,28.1200,2025-07-30 11:09,27.8200,81,14,95,81,14,95,0.009695,0.041096,intraday,intraday,0,0
2025-07-31 14:16,24.2500,2025-07-31 14:31,25.0200,2025-07-31 14:46,25.2000,2025-07-31 15:16,24.8900,15,30,45,15,30,45,0.007194,0.039175,intraday,intraday,0,0
2025-08-01 10:02,22.6400,2025-08-01 10:16,23.3500,2025-08-01 10:34,23.9700,2025-08-01 10:40,23.6900,18,6,24,18,6,24,0.026552,0.058746,intraday,intraday,0,0
2025-08-01 10:51,23.5400,2025-08-01 11:45,24.3500,2025-08-01 12:26,24.8100,2025-08-01 12:30,24.5600,41,4,45,41,4,45,0.018891,0.053951,intraday,intraday,0,0
2025-08-01 14:12,23.4400,2025-08-01 14:44,24.1700,2025-08-01 14:44,24.1700,2025-08-01 14:50,23.8900,0,6,6,0,6,6,0.000000,0.031143,intraday,intraday,0,0
2025-08-01 14:54,23.7000,2025-08-04 09:30,24.5500,2025-08-04 10:17,24.9600,2025-08-04 10:40,24.7000,47,23,70,47,23,70,0.016701,0.053165,intraday,intraday,0,0
2025-08-04 10:43,24.6000,2025-08-05 09:37,25.3500,2025-08-05 09:47,25.6300,2025-08-05 10:01,25.3400,10,14,24,10,14,24,0.011045,0.041870,intraday,intraday,0,0
2025-08-05 10:49,23.6100,2025-08-05 11:14,24.3200,2025-08-05 11:14,24.3200,2025-08-05 11:35,24.0200,0,21,21,0,21,21,0.000000,0.030072,intraday,intraday,0,0
2025-08-05 11:41,24.0000,2025-08-05 13:47,24.7500,2025-08-05 14:08,24.9200,2025-08-05 14:15,24.6700,21,7,28,21,7,28,0.006869,0.038333,intraday,intraday,0,0
2025-08-06 10:51,22.9700,2025-08-06 11:46,23.6700,2025-08-06 11:52,23.8300,2025-08-06 12:21,23.5600,6,29,35,6,29,35,0.006760,0.037440,intraday,intraday,0,0
2025-08-06 12:44,23.4000,2025-08-07 09:30,25.6000,2025-08-07 09:41,25.8300,2025-08-07 09:45,25.5400,11,4,15,11,4,15,0.008984,0.103846,intraday,intraday,0,0
2025-08-07 14:16,24.5600,2025-08-08 09:41,25.3900,2025-08-08 10:06,25.7300,2025-08-08 10:12,25.4400,25,6,31,25,6,31,0.013391,0.047638,intraday,intraday,0,0
2025-08-08 10:15,25.4300,2025-08-11 09:30,26.4600,2025-08-11 09:49,26.8600,2025-08-11 10:46,26.5700,19,57,76,19,57,76,0.015117,0.056233,intraday,intraday,0,0
2025-08-11 15:55,25.4800,2025-08-12 09:39,26.2800,2025-08-12 09:46,26.4200,2025-08-12 09:58,26.1000,7,12,19,7,12,19,0.005327,0.036892,intraday,intraday,0,0
2025-08-12 10:00,25.9400,2025-08-12 10:14,26.7300,2025-08-13 09:51,29.2800,2025-08-13 09:56,28.9500,367,5,372,1417,5,1422,0.095398,0.128759,overnight,intraday,0,1
2025-08-13 11:16,28.3700,2025-08-13 15:50,29.2600,2025-08-13 15:55,29.3200,2025-08-14 09:30,28.1400,5,5,10,5,1055,1060,0.002051,0.033486,overnight,overnight,1,1
2025-08-14 09:31,28.0400,2025-08-14 10:46,28.9000,2025-08-14 10:47,28.9200,2025-08-14 10:57,28.5900,1,10,11,1,10,11,0.000692,0.031384,intraday,intraday,0,0
2025-08-14 12:29,28.3500,2025-08-14 15:41,29.2400,2025-08-14 15:54,29.6400,2025-08-15 09:30,28.3000,13,6,19,13,1056,1069,0.013680,0.045503,overnight,overnight,1,1
2025-08-20 10:16,23.7300,2025-08-20 10:25,24.4900,2025-08-20 10:25,24.4900,2025-08-20 10:30,24.2300,0,5,5,0,5,5,0.000000,0.032027,intraday,intraday,0,0
2025-08-20 10:46,23.9400,2025-08-20 11:19,24.6900,2025-08-20 11:34,25.1300,2025-08-20 11:48,24.8500,15,14,29,15,14,29,0.017821,0.049708,intraday,intraday,0,0
2025-08-20 11:56,24.5500,2025-08-20 13:46,25.3000,2025-08-20 13:46,25.3000,2025-08-20 14:01,25.0100,0,15,15,0,15,15,0.000000,0.030550,intraday,intraday,0,0
2025-08-20 14:19,24.8200,2025-08-20 15:49,25.6000,2025-08-20 15:57,25.8700,2025-08-21 09:30,25.1700,8,3,11,8,1053,1061,0.010547,0.042305,overnight,overnight,1,1
2025-08-21 09:58,25.0700,2025-08-21 10:29,25.8900,2025-08-21 10:29,25.8900,2025-08-21 10:38,25.5500,0,9,9,0,9,9,0.000000,0.032708,intraday,intraday,0,0
2025-08-21 13:22,25.0000,2025-08-22 09:36,25.7700,2025-08-22 10:16,28.2500,2025-08-22 10:18,27.9200,40,2,42,40,2,42,0.096236,0.130000,intraday,intraday,0,0
2025-08-22 10:22,27.3800,2025-08-22 10:40,28.2100,2025-08-22 10:46,28.3100,2025-08-22 10:51,27.9500,6,5,11,6,5,11,0.003545,0.033966,intraday,intraday,0,0
2025-08-25 09:53,26.8200,2025-08-26 09:30,27.6900,2025-08-26 09:44,28.0200,2025-08-26 09:47,27.7100,14,3,17,14,3,17,0.011918,0.044743,intraday,intraday,0,0
2025-08-27 09:30,27.4000,2025-08-28 09:30,28.9200,2025-08-28 09:42,29.0600,2025-08-28 09:49,28.6600,12,7,19,12,7,19,0.004841,0.060584,intraday,intraday,0,0
2025-09-02 09:30,23.9100,2025-09-02 09:50,24.7800,2025-09-02 09:54,24.8700,2025-09-02 09:57,24.6100,4,3,7,4,3,7,0.003632,0.040151,intraday,intraday,0,0
2025-09-02 11:53,23.9100,2025-09-02 13:35,24.6300,2025-09-02 15:56,25.2600,2025-09-03 09:37,24.9600,141,11,152,141,1061,1202,0.025579,0.056462,overnight,overnight,0,1
2025-09-03 14:39,24.1400,2025-09-03 15:58,24.8800,2025-09-03 15:58,24.8800,2025-09-04 09:30,24.2100,0,2,2,0,1052,1052,0.000000,0.030655,overnight,overnight,1,1
2025-09-04 09:41,24.0100,2025-09-04 10:25,24.7700,2025-09-05 09:59,26.9500,2025-09-05 10:07,26.6000,364,8,372,1414,8,1422,0.088010,0.122449,overnight,intraday,0,1
2025-09-05 11:02,25.6200,2025-09-05 11:40,26.4100,2025-09-05 11:42,26.4800,2025-09-05 11:52,26.2000,2,10,12,2,10,12,0.002651,0.033568,intraday,intraday,0,0
2025-09-05 13:43,25.9100,2025-09-08 09:30,27.0900,2025-09-08 09:41,27.1800,2025-09-08 09:50,26.8800,11,9,20,11,9,20,0.003322,0.049016,intraday,intraday,0,0
2025-09-09 10:37,26.6000,2025-09-10 09:30,28.2100,2025-09-10 09:34,28.6600,2025-09-10 09:52,28.3500,4,18,22,4,18,22,0.015952,0.077444,intraday,intraday,0,0
2025-09-10 14:25,28.0900,2025-09-11 09:30,29.2200,2025-09-11 09:33,29.6000,2025-09-11 09:41,29.2500,3,8,11,3,8,11,0.013005,0.053756,intraday,intraday,0,0
2025-09-12 10:12,28.8000,2025-09-15 09:57,29.7400,2025-09-15 09:58,29.8500,2025-09-15 10:06,29.5200,1,8,9,1,8,9,0.003699,0.036458,intraday,intraday,0,0
2025-09-15 10:11,29.4100,2025-09-16 09:30,30.4900,2025-09-16 09:36,30.5700,2025-09-16 09:50,30.2600,6,14,20,6,14,20,0.002624,0.039442,intraday,intraday,0,0
2025-09-16 11:58,29.8000,2025-09-17 10:15,30.7000,2025-09-17 10:21,30.7500,2025-09-17 10:38,30.4300,6,17,23,6,17,23,0.001629,0.031879,intraday,intraday,0,0
2025-09-17 12:58,30.1800,2025-09-17 14:04,31.2200,2025-09-17 14:04,31.2200,2025-09-17 14:06,30.9000,0,2,2,0,2,2,0.000000,0.034460,intraday,intraday,0,0
2025-09-17 14:53,29.1800,2025-09-17 14:59,30.0600,2025-09-17 15:08,30.6300,2025-09-17 15:13,30.1500,9,5,14,9,5,14,0.018962,0.049692,intraday,intraday,0,0
2025-09-17 15:13,30.1500,2025-09-18 09:30,32.8200,2025-09-18 10:31,34.0500,2025-09-18 10:44,33.6900,61,13,74,61,13,74,0.037477,0.129353,intraday,intraday,0,0
2025-09-19 11:35,32.1400,2025-09-22 09:30,33.5900,2025-09-22 10:08,34.2200,2025-09-22 10:15,33.8300,38,7,45,38,7,45,0.018756,0.064717,intraday,intraday,0,0
2025-09-22 10:26,33.6800,2025-09-22 13:51,34.7000,2025-09-22 14:20,34.7500,2025-09-22 15:53,34.3800,29,93,122,29,93,122,0.001441,0.031770,intraday,intraday,0,0
2025-09-24 12:12,32.8400,2025-09-24 13:07,33.9100,2025-09-24 14:45,34.3200,2025-09-25 09:30,32.2500,98,75,173,98,1125,1223,0.012091,0.045067,overnight,overnight,1,1
2025-09-25 09:43,31.4100,2025-09-25 10:04,32.4000,2025-09-25 11:13,33.4000,2025-09-25 11:25,33.0600,69,12,81,69,12,81,0.030864,0.063356,intraday,intraday,0,0
2025-09-25 11:27,32.9200,2025-09-25 11:45,33.9700,2025-09-25 11:49,34.0500,2025-09-25 12:22,33.6600,4,33,37,4,33,37,0.002355,0.034326,intraday,intraday,0,0
2025-09-25 14:04,32.6300,2025-09-25 14:39,33.6100,2025-09-25 15:54,33.9500,2025-09-26 09:31,33.5800,75,7,82,75,1057,1132,0.010116,0.040454,overnight,overnight,0,1
2025-09-26 10:27,32.8800,2025-09-26 12:41,33.8800,2025-09-29 10:44,35.4400,2025-09-29 11:10,35.0600,273,26,299,4203,26,4229,0.046045,0.077859,weekend,intraday,0,1
2025-09-30 13:30,33.5900,2025-09-30 15:54,34.6400,2025-09-30 15:57,34.9300,2025-10-01 09:30,34.0800,3,3,6,3,1053,1056,0.008372,0.039893,overnight,overnight,1,1
2025-10-01 09:30,34.0800,2025-10-01 10:25,35.1600,2025-10-01 10:36,35.6800,2025-10-01 10:46,35.3100,11,10,21,11,10,21,0.014790,0.046948,intraday,intraday,0,0
2025-10-01 11:18,35.0700,2025-10-01 14:00,36.2000,2025-10-02 09:30,38.9400,2025-10-02 09:40,38.3400,120,10,130,1170,10,1180,0.075691,0.110351,overnight,intraday,0,1
2025-10-02 09:41,38.1900,2025-10-03 09:31,39.7100,2025-10-03 09:40,39.9700,2025-10-03 09:55,39.5500,9,15,24,9,15,24,0.006547,0.046609,intraday,intraday,0,0
2025-10-03 13:54,37.6700,2025-10-06 09:30,43.0400,2025-10-06 09:30,43.0400,2025-10-06 09:32,42.5000,0,2,2,0,2,2,0.000000,0.142554,intraday,intraday,0,0
2025-10-06 15:59,41.6800,2025-10-07 09:33,42.9400,2025-10-07 09:43,42.9600,2025-10-07 09:52,42.5200,10,9,19,10,9,19,0.000466,0.030710,intraday,intraday,0,0
2025-10-07 14:03,38.7600,2025-10-08 09:47,39.9900,2025-10-08 10:01,40.5900,2025-10-08 10:14,40.1600,14,13,27,14,13,27,0.015004,0.047214,intraday,intraday,0,0
2025-10-08 10:14,40.1600,2025-10-08 11:24,41.3800,2025-10-08 15:56,42.9100,2025-10-09 09:33,42.4500,272,7,279,272,1057,1329,0.036974,0.068476,overnight,overnight,0,1
2025-10-09 13:30,41.0400,2025-10-10 09:30,42.5500,2025-10-10 09:31,42.7700,2025-10-10 09:34,42.3200,1,3,4,1,3,4,0.005170,0.042154,intraday,intraday,0,0
2025-10-10 11:33,36.4500,2025-10-10 11:44,37.7400,2025-10-10 11:46,38.1300,2025-10-10 11:47,37.5900,2,1,3,2,1,3,0.010334,0.046091,intraday,intraday,0,0
2025-10-10 13:10,36.0500,2025-10-10 13:28,37.2400,2025-10-10 13:37,37.5600,2025-10-10 13:46,36.8700,9,9,18,9,9,18,0.008593,0.041886,intraday,intraday,0,0
2025-10-10 15:56,34.1900,2025-10-13 09:30,38.1500,2025-10-13 09:31,38.4000,2025-10-13 09:33,37.8700,1,2,3,1,2,3,0.006553,0.123135,intraday,intraday,0,0
2025-10-13 09:41,37.3700,2025-10-13 09:52,38.6300,2025-10-13 10:11,38.8300,2025-10-13 10:20,38.3300,19,9,28,19,9,28,0.005177,0.039069,intraday,intraday,0,0
2025-10-13 10:25,37.9500,2025-10-13 11:57,39.0900,2025-10-13 12:57,39.4500,2025-10-13 13:13,39.0200,60,16,76,60,16,76,0.009210,0.039526,intraday,intraday,0,0
2025-10-14 09:43,36.0900,2025-10-14 10:21,37.2300,2025-10-14 10:28,37.9400,2025-10-14 10:31,37.4100,7,3,10,7,3,10,0.019071,0.051261,intraday,intraday,0,0
2025-10-14 10:59,37.1600,2025-10-14 12:20,38.3700,2025-10-14 12:51,38.9100,2025-10-14 13:00,38.4800,31,9,40,31,9,40,0.014073,0.047094,intraday,intraday,0,0
2025-10-14 15:58,36.5800,2025-10-15 09:30,39.0000,2025-10-15 09:30,39.0000,2025-10-15 09:39,38.3900,0,9,9,0,9,9,0.000000,0.066156,intraday,intraday,0,0
2025-10-15 09:43,38.2900,2025-10-15 10:06,39.4600,2025-10-15 11:14,40.1500,2025-10-15 11:34,39.7200,68,20,88,68,20,88,0.017486,0.048577,intraday,intraday,0,0
2025-10-15 13:15,37.7700,2025-10-15 13:35,38.9400,2025-10-16 09:34,41.7000,2025-10-16 09:37,41.2700,149,3,152,1199,3,1202,0.070878,0.104051,overnight,intraday,0,1
2025-10-16 09:51,40.4600,2025-10-16 10:36,41.7000,2025-10-16 10:42,41.9100,2025-10-16 10:50,41.4700,6,8,14,6,8,14,0.005036,0.035838,intraday,intraday,0,0
2025-10-16 12:32,39.4700,2025-10-16 12:56,40.6700,2025-10-16 12:59,40.8900,2025-10-16 13:02,40.4800,3,3,6,3,3,6,0.005409,0.035977,intraday,intraday,0,0
2025-10-16 14:19,39.3600,2025-10-16 15:59,40.5900,2025-10-16 15:59,40.5900,2025-10-17 09:30,39.0800,0,1,1,0,1051,1051,0.000000,0.031250,overnight,overnight,1,1
2025-10-17 09:45,39.0400,2025-10-17 09:55,40.3100,2025-10-17 09:56,40.4500,2025-10-17 10:00,39.8500,1,4,5,1,4,5,0.003473,0.036117,intraday,intraday,0,0
2025-10-17 11:36,38.4100,2025-10-17 11:53,39.6500,2025-10-17 12:30,40.0500,2025-10-17 12:41,39.6200,37,11,48,37,11,48,0.010088,0.042697,intraday,intraday,0,0
2025-10-17 13:47,39.0100,2025-10-17 15:05,40.2100,2025-10-20 10:07,42.6000,2025-10-20 10:15,42.1500,92,8,100,4022,8,4030,0.059438,0.092028,weekend,intraday,0,1
2025-10-21 10:32,40.5700,2025-10-21 11:54,41.7900,2025-10-21 12:28,42.0200,2025-10-21 12:52,41.5800,34,24,58,34,24,58,0.005504,0.035741,intraday,intraday,0,0
2025-10-22 10:46,38.0100,2025-10-22 11:01,39.2600,2025-10-22 11:01,39.2600,2025-10-22 11:09,38.7900,0,8,8,0,8,8,0.000000,0.032886,intraday,intraday,0,0
2025-10-22 11:31,37.5800,2025-10-22 11:51,38.7200,2025-10-22 11:51,38.7200,2025-10-22 12:02,38.3200,0,11,11,0,11,11,0.000000,0.030335,intraday,intraday,0,0
2025-10-22 13:54,36.0000,2025-10-22 14:43,37.1100,2025-10-22 15:42,38.4800,2025-10-23 09:30,38.0900,59,18,77,59,1068,1127,0.036917,0.068889,overnight,overnight,1,1
2025-10-23 09:30,38.0900,2025-10-23 09:37,39.2800,2025-10-23 09:56,40.3600,2025-10-23 10:07,39.8300,19,11,30,19,11,30,0.027495,0.059596,intraday,intraday,0,0
2025-10-23 10:19,39.6200,2025-10-23 11:51,40.8300,2025-10-23 12:18,41.2000,2025-10-23 13:08,40.6400,27,50,77,27,50,77,0.009062,0.039879,intraday,intraday,0,0
2025-10-23 13:08,40.6400,2025-10-24 09:30,43.2100,2025-10-24 09:36,44.1100,2025-10-24 09:42,43.6600,6,6,12,6,6,12,0.020829,0.085384,intraday,intraday,0,0
2025-10-24 10:56,43.1000,2025-10-27 09:30,45.5900,2025-10-27 09:40,45.8500,2025-10-27 09:50,45.3200,10,10,20,10,10,20,0.005703,0.063805,intraday,intraday,0,0
2025-10-27 09:51,45.3100,2025-10-27 10:29,46.6800,2025-10-27 10:39,47.0700,2025-10-27 10:48,46.5400,10,9,19,10,9,19,0.008355,0.038844,intraday,intraday,0,0
2025-10-28 09:52,46.0400,2025-10-28 13:12,47.4800,2025-10-28 13:13,47.5400,2025-10-28 14:16,47.0500,1,63,64,1,63,64,0.001264,0.032580,intraday,intraday,0,0
2025-10-28 15:59,46.9000,2025-10-29 09:30,49.9000,2025-10-29 09:56,50.7300,2025-10-29 10:04,50.1000,26,8,34,26,8,34,0.016633,0.081663,intraday,intraday,0,0
2025-10-29 14:39,48.1700,2025-10-29 14:55,49.7200,2025-10-29 14:55,49.7200,2025-10-29 15:03,49.0300,0,8,8,0,8,8,0.000000,0.032178,intraday,intraday,0,0
2025-10-30 09:40,47.6600,2025-10-30 09:48,49.1300,2025-10-30 10:00,49.7000,2025-10-30 10:04,49.0900,12,4,16,12,4,16,0.011602,0.042803,intraday,intraday,0,0
2025-10-30 15:59,47.3100,2025-10-31 09:32,48.7900,2025-10-31 09:40,49.1700,2025-10-31 09:45,48.6600,8,5,13,8,5,13,0.007788,0.039315,intraday,intraday,0,0
2025-10-31 13:36,46.7600,2025-10-31 15:10,48.1800,2025-10-31 15:34,48.7100,2025-10-31 15:48,48.2100,24,14,38,24,14,38,0.011000,0.041702,intraday,intraday,0,0
2025-10-31 15:59,47.7100,2025-11-03 09:30,50.0800,2025-11-03 09:30,50.0800,2025-11-03 09:34,49.5000,0,4,4,0,4,4,0.000000,0.049675,intraday,intraday,0,0
2025-11-04 09:34,44.2600,2025-11-04 09:41,45.5900,2025-11-04 09:59,46.8500,2025-11-04 10:05,46.2300,18,6,24,18,6,24,0.027638,0.058518,intraday,intraday,0,0
2025-11-04 15:56,42.6300,2025-11-05 09:30,44.0100,2025-11-05 09:33,44.3000,2025-11-05 09:36,43.6200,3,3,6,3,3,6,0.006589,0.039174,intraday,intraday,0,0
2025-11-05 09:36,43.6200,2025-11-05 09:48,45.0000,2025-11-05 10:06,45.8700,2025-11-05 10:12,45.3500,18,6,24,18,6,24,0.019333,0.051582,intraday,intraday,0,0
2025-11-05 10:21,45.0600,2025-11-05 11:45,46.4300,2025-11-05 15:21,48.3900,2025-11-05 15:35,47.9000,216,14,230,216,14,230,0.042214,0.073901,intraday,intraday,0,0
2025-11-06 11:56,42.2700,2025-11-06 12:47,43.5900,2025-11-06 12:54,43.9600,2025-11-06 13:04,43.4400,7,10,17,7,10,17,0.008488,0.039981,intraday,intraday,0,0
2025-11-06 13:10,42.9300,2025-11-06 13:36,44.2600,2025-11-06 13:39,44.3300,2025-11-06 13:46,43.8500,3,7,10,3,7,10,0.001582,0.032611,intraday,intraday,0,0
2025-11-07 09:39,38.9800,2025-11-07 09:43,40.1900,2025-11-07 09:45,40.4900,2025-11-07 09:46,39.9100,2,1,3,2,1,3,0.007465,0.038738,intraday,intraday,0,0
2025-11-07 09:47,39.7900,2025-11-07 09:58,41.1200,2025-11-07 09:59,41.1500,2025-11-07 10:00,40.4600,1,1,2,1,1,2,0.000730,0.034179,intraday,intraday,0,0
2025-11-07 11:57,37.0700,2025-11-07 12:22,38.2200,2025-11-07 12:32,38.8200,2025-11-07 12:38,38.3500,10,6,16,10,6,16,0.015699,0.047208,intraday,intraday,0,0
2025-11-07 12:48,37.8700,2025-11-07 13:13,39.0700,2025-11-07 13:39,39.4900,2025-11-07 13:48,39.0200,26,9,35,26,9,35,0.010750,0.042778,intraday,intraday,0,0
2025-11-07 13:51,38.6700,2025-11-07 14:32,39.8400,2025-11-07 15:02,40.8100,2025-11-07 15:18,40.2900,30,16,46,30,16,46,0.024347,0.055340,intraday,intraday,0,0
2025-11-07 15:25,40.0000,2025-11-07 15:55,41.2200,2025-11-10 09:32,45.4200,2025-11-10 09:50,44.6100,7,18,25,3937,18,3955,0.101892,0.135500,weekend,intraday,0,1
2025-11-10 11:05,43.6100,2025-11-10 12:55,44.9800,2025-11-10 13:49,45.1500,2025-11-10 14:02,44.6300,54,13,67,54,13,67,0.003779,0.035313,intraday,intraday,0,0
2025-11-11 10:52,41.7500,2025-11-11 13:46,43.0300,2025-11-11 13:58,43.1500,2025-11-11 14:01,42.7000,12,3,15,12,3,15,0.002789,0.033533,intraday,intraday,0,0
2025-11-11 15:56,41.7500,2025-11-12 09:30,44.0700,2025-11-12 09:33,44.2000,2025-11-12 09:41,43.7400,3,8,11,3,8,11,0.002950,0.058683,intraday,intraday,0,0
2025-11-12 09:49,42.9400,2025-11-12 10:08,44.2800,2025-11-12 10:10,44.5800,2025-11-12 10:12,44.0000,2,2,4,2,2,4,0.006775,0.038193,intraday,intraday,0,0
2025-11-13 09:44,40.4700,2025-11-13 09:51,41.7600,2025-11-13 09:52,41.8400,2025-11-13 09:54,41.3500,1,2,3,1,2,3,0.001916,0.033852,intraday,intraday,0,0
2025-11-13 10:05,41.0000,2025-11-13 10:14,42.3200,2025-11-13 10:15,42.4200,2025-11-13 10:18,41.9600,1,3,4,1,3,4,0.002363,0.034634,intraday,intraday,0,0
2025-11-13 15:20,38.0100,2025-11-13 15:46,39.2100,2025-11-13 15:51,39.2700,2025-11-13 15:54,38.7800,5,3,8,5,3,8,0.001530,0.033149,intraday,intraday,0,0
2025-11-14 09:32,35.3100,2025-11-14 09:36,36.5500,2025-11-14 09:48,38.5600,2025-11-14 09:50,38.1200,12,2,14,12,2,14,0.054993,0.092042,intraday,intraday,0,0
2025-11-14 10:25,38.0000,2025-11-14 10:39,39.1800,2025-11-14 10:47,40.1600,2025-11-14 10:53,39.6600,8,6,14,8,6,14,0.025013,0.056842,intraday,intraday,0,0
2025-11-14 11:05,39.2900,2025-11-14 11:26,40.5100,2025-11-14 11:27,40.5400,2025-11-14 11:44,40.1300,1,17,18,1,17,18,0.000741,0.031815,intraday,intraday,0,0
2025-11-17 09:30,37.5400,2025-11-17 09:33,38.7000,2025-11-17 09:39,39.5200,2025-11-17 09:44,39.0800,6,5,11,6,5,11,0.021189,0.052744,intraday,intraday,0,0
2025-11-17 11:16,37.5900,2025-11-17 11:50,38.7600,2025-11-17 11:58,38.8300,2025-11-17 12:15,38.4300,8,17,25,8,17,25,0.001806,0.032987,intraday,intraday,0,0
2025-11-17 15:39,35.5400,2025-11-17 15:55,36.8400,2025-11-17 15:55,36.8400,2025-11-18 09:30,35.3700,0,5,5,0,1055,1055,0.000000,0.036579,overnight,overnight,1,1
2025-11-18 10:16,33.1900,2025-11-18 10:22,34.2300,2025-11-18 10:23,34.3900,2025-11-18 10:24,34.0400,1,1,2,1,1,2,0.004674,0.036155,intraday,intraday,0,0
2025-11-18 11:01,33.3000,2025-11-18 11:20,34.3300,2025-11-18 11:38,35.0900,2025-11-18 11:47,34.6400,18,9,27,18,9,27,0.022138,0.053754,intraday,intraday,0,0
2025-11-18 12:32,34.0800,2025-11-18 12:40,35.1100,2025-11-18 12:44,35.3800,2025-11-18 12:46,34.9500,4,2,6,4,2,6,0.007690,0.038146,intraday,intraday,0,0
2025-11-18 15:49,34.2900,2025-11-19 09:41,35.3900,2025-11-19 10:17,37.1900,2025-11-19 10:39,36.7900,36,22,58,36,22,58,0.050862,0.084573,intraday,intraday,0,0
2025-11-19 12:37,34.2800,2025-11-19 13:11,35.3400,2025-11-19 13:13,35.3500,2025-11-19 13:27,34.8800,2,14,16,2,14,16,0.000283,0.031214,intraday,intraday,0,0
2025-11-19 13:29,34.8500,2025-11-19 15:15,35.9000,2025-11-19 15:37,36.5100,2025-11-19 15:42,36.1400,22,5,27,22,5,27,0.016992,0.047633,intraday,intraday,0,0
2025-11-19 15:59,35.9500,2025-11-20 09:30,38.6000,2025-11-20 09:37,39.0200,2025-11-20 09:39,38.5700,7,2,9,7,2,9,0.010881,0.085396,intraday,intraday,0,0
2025-11-20 12:36,32.6900,2025-11-20 13:06,33.9000,2025-11-20 13:14,34.6500,2025-11-20 13:16,34.2500,8,2,10,8,2,10,0.022124,0.059957,intraday,intraday,0,0
2025-11-21 09:46,29.5900,2025-11-21 09:50,30.5200,2025-11-21 09:54,30.9800,2025-11-21 09:56,30.4800,4,2,6,4,2,6,0.015072,0.046975,intraday,intraday,0,0
2025-11-21 10:40,28.1700,2025-11-21 10:44,29.0800,2025-11-21 10:47,29.4400,2025-11-21 10:51,29.1000,3,4,7,3,4,7,0.012380,0.045083,intraday,intraday,0,0
2025-11-21 11:05,28.4900,2025-11-21 11:13,29.3500,2025-11-21 11:16,29.4300,2025-11-21 11:18,28.9000,3,2,5,3,2,5,0.002726,0.032994,intraday,intraday,0,0
2025-11-21 11:18,28.9000,2025-11-21 11:24,29.8300,2025-11-21 11:59,32.0000,2025-11-21 12:01,31.6500,35,2,37,35,2,37,0.072746,0.107266,intraday,intraday,0,0
2025-11-21 13:18,30.6900,2025-11-21 13:37,31.6300,2025-11-21 13:51,32.7500,2025-11-21 13:54,32.3100,14,3,17,14,3,17,0.035409,0.067123,intraday,intraday,0,0
2025-11-21 15:55,31.6500,2025-11-24 09:30,32.7100,2025-11-24 09:42,34.1400,2025-11-24 09:44,33.7600,12,2,14,12,2,14,0.043718,0.078673,intraday,intraday,0,0
2025-11-24 09:44,33.7600,2025-11-24 10:02,34.7800,2025-11-24 10:05,35.0500,2025-11-24 10:08,34.6000,3,3,6,3,3,6,0.007763,0.038211,intraday,intraday,0,0
2025-11-24 10:11,34.2900,2025-11-24 11:03,35.4100,2025-11-24 11:45,35.8000,2025-11-24 12:03,35.4100,42,18,60,42,18,60,0.011014,0.044036,intraday,intraday,0,0
2025-11-25 09:49,32.2000,2025-11-25 09:52,33.1700,2025-11-25 09:59,33.7400,2025-11-25 10:02,33.2500,7,3,10,7,3,10,0.017184,0.047826,intraday,intraday,0,0
2025-11-25 10:24,32.8600,2025-11-25 10:43,33.9500,2025-11-25 10:46,34.3400,2025-11-25 10:49,33.8700,3,3,6,3,3,6,0.011487,0.045040,intraday,intraday,0,0
2025-11-25 10:51,33.6400,2025-11-25 12:09,34.6500,2025-11-25 12:37,35.7400,2025-11-25 12:47,35.3700,28,10,38,28,10,38,0.031457,0.062426,intraday,intraday,0,0
2025-11-25 14:40,34.7700,2025-11-25 15:28,35.8200,2025-11-26 09:51,38.1900,2025-11-26 09:56,37.7300,53,5,58,1103,5,1108,0.066164,0.098361,overnight,intraday,0,1
2025-11-26 10:00,37.4900,2025-11-26 10:58,38.6300,2025-11-26 11:43,39.3800,2025-11-26 12:08,38.9100,45,25,70,45,25,70,0.019415,0.050413,intraday,intraday,0,0
2025-11-26 12:19,38.8600,2025-11-26 15:14,40.0400,2025-11-26 15:21,40.1300,2025-11-26 15:44,39.7200,7,23,30,7,23,30,0.002248,0.032681,intraday,intraday,0,0
2025-11-26 15:59,39.1200,2025-11-28 09:49,40.3200,2025-11-28 12:06,40.9800,2025-11-28 12:39,40.5700,137,33,170,137,33,170,0.016369,0.047546,intraday,intraday,0,0
2025-12-01 09:43,39.6400,2025-12-01 09:51,40.8600,2025-12-01 10:08,41.0900,2025-12-01 10:34,40.6100,17,26,43,17,26,43,0.005629,0.036579,intraday,intraday,0,0
2025-12-01 10:34,40.6100,2025-12-01 12:04,41.8500,2025-12-01 13:55,42.3400,2025-12-01 14:09,41.8700,111,14,125,111,14,125,0.011708,0.042600,intraday,intraday,0,0
2025-12-01 15:56,41.2700,2025-12-02 09:31,42.7600,2025-12-02 10:01,44.6000,2025-12-02 10:10,44.0000,30,9,39,30,9,39,0.043031,0.080688,intraday,intraday,0,0
2025-12-02 11:32,42.0500,2025-12-02 12:17,43.3400,2025-12-02 12:37,43.6100,2025-12-02 12:56,43.1400,20,19,39,20,19,39,0.006230,0.037099,intraday,intraday,0,0
2025-12-02 12:59,43.0000,2025-12-02 15:31,44.2900,2025-12-02 15:31,44.2900,2025-12-02 15:52,43.8200,0,21,21,0,21,21,0.000000,0.030000,intraday,intraday,0,0
2025-12-03 09:39,43.2200,2025-12-03 10:04,44.6800,2025-12-03 10:04,44.6800,2025-12-03 10:12,44.2000,0,8,8,0,8,8,0.000000,0.033781,intraday,intraday,0,0
2025-12-03 10:12,44.2000,2025-12-03 13:41,45.5700,2025-12-03 15:53,46.6300,2025-12-04 09:30,45.7300,132,7,139,132,1057,1189,0.023261,0.054977,overnight,overnight,1,1
2025-12-04 15:29,44.4700,2025-12-05 09:30,46.9600,2025-12-05 09:33,47.5600,2025-12-05 09:39,46.9300,3,6,9,3,6,9,0.012777,0.069485,intraday,intraday,0,0
2025-12-05 09:41,46.5300,2025-12-05 10:10,47.9800,2025-12-05 10:17,48.0200,2025-12-05 10:26,47.5300,7,9,16,7,9,16,0.000834,0.032022,intraday,intraday,0,0
2025-12-05 15:51,46.3200,2025-12-08 09:30,47.9100,2025-12-08 09:33,48.4400,2025-12-08 09:48,47.6800,3,15,18,3,15,18,0.011062,0.045769,intraday,intraday,0,0
2025-12-08 11:01,46.7100,2025-12-08 12:57,48.1300,2025-12-08 13:09,48.2200,2025-12-08 13:28,47.7000,12,19,31,12,19,31,0.001870,0.032327,intraday,intraday,0,0
2025-12-09 09:32,46.5800,2025-12-09 11:02,48.0000,2025-12-09 11:02,48.0000,2025-12-09 11:42,47.4600,0,40,40,0,40,40,0.000000,0.030485,intraday,intraday,0,0
2025-12-10 09:35,47.1000,2025-12-10 14:00,48.5500,2025-12-10 14:00,48.5500,2025-12-10 14:02,48.0600,0,2,2,0,2,2,0.000000,0.030786,intraday,intraday,0,0
2025-12-10 14:27,47.9800,2025-12-10 14:56,49.5100,2025-12-10 15:27,50.0700,2025-12-11 09:30,47.3000,31,33,64,31,1083,1114,0.011311,0.043560,overnight,overnight,1,1
2025-12-11 10:00,44.8000,2025-12-11 10:08,46.3200,2025-12-11 10:23,47.0500,2025-12-11 10:35,46.5700,15,12,27,15,12,27,0.015760,0.050223,intraday,intraday,0,0
2025-12-11 10:51,45.7500,2025-12-11 12:40,47.1400,2025-12-11 15:51,48.8600,2025-12-12 09:30,46.6500,191,9,200,191,1059,1250,0.036487,0.067978,overnight,overnight,1,1
2025-12-12 11:55,41.9100,2025-12-12 12:06,43.1800,2025-12-12 12:19,43.6100,2025-12-12 12:25,43.0800,13,6,19,13,6,19,0.009958,0.040563,intraday,intraday,0,0
2025-12-12 12:30,42.7000,2025-12-12 13:16,44.0400,2025-12-12 13:16,44.0400,2025-12-12 13:27,43.5600,0,11,11,0,11,11,0.000000,0.031382,intraday,intraday,0,0
2025-12-12 15:39,41.1200,2025-12-15 09:30,42.9500,2025-12-15 09:32,43.3900,2025-12-15 09:39,42.6700,2,7,9,2,7,9,0.010244,0.055204,intraday,intraday,0,0
2025-12-15 10:28,41.0400,2025-12-15 11:16,42.4000,2025-12-15 11:25,42.7400,2025-12-15 11:31,42.3000,9,6,15,9,6,15,0.008019,0.041423,intraday,intraday,0,0
2025-12-16 10:26,39.3300,2025-12-16 10:55,40.5300,2025-12-16 11:00,40.5800,2025-12-16 11:11,40.1500,5,11,16,5,11,16,0.001234,0.031782,intraday,intraday,0,0
2025-12-16 14:19,39.5400,2025-12-16 15:51,40.7600,2025-12-17 09:31,41.1400,2025-12-17 09:34,40.7200,10,3,13,1060,3,1063,0.009323,0.040465,overnight,intraday,0,1
2025-12-17 14:36,35.7300,2025-12-18 09:30,40.0100,2025-12-18 09:32,40.3000,2025-12-18 09:38,39.7700,2,6,8,2,6,8,0.007248,0.127904,intraday,intraday,0,0
2025-12-18 10:20,38.2600,2025-12-18 10:28,39.4400,2025-12-18 10:38,39.7900,2025-12-18 10:51,39.2900,10,13,23,10,13,23,0.008874,0.039990,intraday,intraday,0,0
2025-12-18 12:25,38.3500,2025-12-18 13:12,39.5500,2025-12-18 13:38,39.7900,2025-12-18 13:58,39.3900,26,20,46,26,20,46,0.006068,0.037549,intraday,intraday,0,0
2025-12-18 14:57,38.5100,2025-12-19 09:30,40.2500,2025-12-19 10:01,42.0400,2025-12-19 10:12,41.5000,31,11,42,31,11,42,0.044472,0.091665,intraday,intraday,0,0
2025-12-19 10:52,40.9800,2025-12-19 12:56,42.2200,2025-12-19 15:23,42.3500,2025-12-19 15:51,41.8700,147,28,175,147,28,175,0.003079,0.033431,intraday,intraday,0,0
2025-12-19 15:56,41.7900,2025-12-22 09:30,44.1000,2025-12-22 09:30,44.1000,2025-12-22 09:33,43.5800,0,3,3,0,3,3,0.000000,0.055276,intraday,intraday,0,0
2025-12-23 10:03,42.2700,2025-12-23 11:54,43.5400,2025-12-26 09:35,44.7200,2025-12-26 09:50,44.2600,461,15,476,4181,15,4196,0.027102,0.057961,holiday,intraday,0,2
2025-12-29 09:30,42.6100,2025-12-29 09:36,44.0600,2025-12-29 09:38,44.1700,2025-12-29 09:45,43.6400,2,7,9,2,7,9,0.002497,0.036611,intraday,intraday,0,0
2025-12-29 10:11,42.7100,2025-12-30 09:30,44.3600,2025-12-30 09:32,44.3900,2025-12-30 09:42,43.9100,2,10,12,2,10,12,0.000676,0.039335,intraday,intraday,0,0
2025-12-31 15:59,42.0300,2026-01-02 09:30,45.9900,2026-01-02 10:06,48.0500,2026-01-02 10:11,47.5400,36,5,41,36,5,41,0.044792,0.143231,intraday,intraday,0,0
2026-01-02 11:11,45.9400,2026-01-02 14:30,47.3400,2026-01-02 15:28,48.0100,2026-01-02 15:47,47.5000,58,19,77,58,19,77,0.014153,0.045059,intraday,intraday,0,0
2026-01-02 15:55,47.2400,2026-01-05 09:30,51.0200,2026-01-05 09:30,51.0200,2026-01-05 09:35,50.3400,0,5,5,0,5,5,0.000000,0.080017,intraday,intraday,0,0
2026-01-05 13:18,48.6900,2026-01-06 09:30,51.7100,2026-01-06 10:07,53.8000,2026-01-06 10:11,53.2600,37,4,41,37,4,41,0.040418,0.104950,intraday,intraday,0,0
2026-01-06 10:55,52.3600,2026-01-06 15:36,53.9700,2026-01-06 15:53,54.2500,2026-01-07 09:30,51.9300,17,7,24,17,1057,1074,0.005188,0.036096,overnight,overnight,1,1
2026-01-07 10:01,50.8900,2026-01-07 10:27,52.4500,2026-01-07 10:28,52.6700,2026-01-07 10:38,51.6500,1,10,11,1,10,11,0.004194,0.034977,intraday,intraday,0,0
2026-01-08 11:36,48.1900,2026-01-08 13:19,49.7200,2026-01-08 13:20,49.7900,2026-01-08 14:12,49.2800,1,52,53,1,52,53,0.001408,0.033202,intraday,intraday,0,0
2026-01-08 14:16,49.1200,2026-01-09 09:32,50.7100,2026-01-09 10:02,52.6300,2026-01-09 10:04,52.0500,30,2,32,30,2,32,0.037862,0.071458,intraday,intraday,0,0
2026-01-09 10:08,51.2500,2026-01-09 10:27,52.8500,2026-01-09 10:35,53.1500,2026-01-09 10:41,52.5800,8,6,14,8,6,14,0.005676,0.037073,intraday,intraday,0,0
2026-01-09 10:44,52.4600,2026-01-09 13:40,54.1000,2026-01-09 15:22,54.7300,2026-01-09 15:54,54.1400,102,32,134,102,32,134,0.011645,0.043271,intraday,intraday,0,0
2026-01-12 09:30,52.7800,2026-01-12 09:39,54.5100,2026-01-12 09:39,54.5100,2026-01-12 09:44,53.7500,0,5,5,0,5,5,0.000000,0.032778,intraday,intraday,0,0
2026-01-12 09:48,53.4100,2026-01-12 13:27,55.0400,2026-01-13 09:41,56.6200,2026-01-13 09:54,56.0300,164,13,177,1214,13,1227,0.028706,0.060101,overnight,intraday,0,1
2026-01-13 10:09,55.6100,2026-01-13 11:46,57.2900,2026-01-13 11:55,57.6000,2026-01-13 12:16,56.9900,9,21,30,9,21,30,0.005411,0.035785,intraday,intraday,0,0
2026-01-14 12:57,53.0700,2026-01-14 15:35,54.6900,2026-01-15 09:30,60.9900,2026-01-15 09:35,60.3700,25,5,30,1075,5,1080,0.115195,0.149237,overnight,intraday,0,1
2026-01-15 15:58,58.0800,2026-01-16 09:30,61.8200,2026-01-16 09:43,62.1700,2026-01-16 09:56,61.3100,13,13,26,13,13,26,0.005662,0.070420,intraday,intraday,0,0
2026-01-20 09:32,58.2600,2026-01-20 09:51,60.0400,2026-01-20 10:01,60.3200,2026-01-20 10:09,59.6800,10,8,18,10,8,18,0.004664,0.035359,intraday,intraday,0,0
2026-01-20 10:19,59.1600,2026-01-20 11:10,60.9800,2026-01-20 11:10,60.9800,2026-01-20 11:42,60.3200,0,32,32,0,32,32,0.000000,0.030764,intraday,intraday,0,0
2026-01-20 14:36,57.2500,2026-01-21 09:30,60.9100,2026-01-21 09:30,60.9100,2026-01-21 09:31,60.2200,0,1,1,0,1,1,0.000000,0.063930,intraday,intraday,0,0
2026-01-21 09:35,59.7400,2026-01-21 09:52,61.6000,2026-01-21 11:16,64.2800,2026-01-21 11:36,63.4500,84,20,104,84,20,104,0.043506,0.075996,intraday,intraday,0,0
2026-01-21 12:45,60.4500,2026-01-21 13:51,62.3700,2026-01-21 14:01,62.3800,2026-01-21 14:15,61.7300,10,14,24,10,14,24,0.000160,0.031927,intraday,intraday,0,0
2026-01-21 14:18,61.7000,2026-01-21 14:29,63.6800,2026-01-21 15:13,65.0700,2026-01-21 15:26,64.3700,44,13,57,44,13,57,0.021828,0.054619,intraday,intraday,0,0
2026-01-21 15:54,63.4900,2026-01-22 09:30,66.2800,2026-01-22 09:32,66.4700,2026-01-22 09:34,65.4300,2,2,4,2,2,4,0.002867,0.046937,intraday,intraday,0,0
2026-01-23 09:39,60.5700,2026-01-23 10:06,62.4400,2026-01-23 10:35,63.2200,2026-01-23 10:58,62.5700,29,23,52,29,23,52,0.012492,0.043751,intraday,intraday,0,0
2026-01-26 09:30,59.8800,2026-01-26 09:45,61.8100,2026-01-26 09:45,61.8100,2026-01-26 09:52,61.0800,0,7,7,0,7,7,0.000000,0.032231,intraday,intraday,0,0
2026-01-26 10:43,60.3800,2026-01-27 09:30,63.4000,2026-01-27 09:30,63.4000,2026-01-27 09:36,62.6600,0,6,6,0,6,6,0.000000,0.050017,intraday,intraday,0,0
2026-01-27 09:37,62.5600,2026-01-27 09:56,64.5100,2026-01-27 12:41,65.9700,2026-01-27 14:50,65.3100,165,129,294,165,129,294,0.022632,0.054508,intraday,intraday,0,0
2026-01-27 15:54,64.6700,2026-01-28 09:30,68.8600,2026-01-28 09:32,70.2600,2026-01-28 09:34,69.2800,2,2,4,2,2,4,0.020331,0.086439,intraday,intraday,0,0
2026-01-28 10:10,68.0500,2026-01-28 14:37,70.2600,2026-01-28 14:52,70.4400,2026-01-28 14:59,69.7000,15,7,22,15,7,22,0.002562,0.035121,intraday,intraday,0,0
2026-01-29 11:07,62.7800,2026-01-29 11:13,64.7000,2026-01-29 12:38,68.8100,2026-01-29 12:46,68.1000,85,8,93,85,8,93,0.063524,0.096050,intraday,intraday,0,0
2026-01-29 12:59,67.5500,2026-01-29 15:50,69.8300,2026-01-29 15:58,70.4700,2026-01-30 09:30,68.3800,8,2,10,8,1052,1060,0.009165,0.043227,overnight,overnight,1,1
2026-01-30 10:30,66.1800,2026-01-30 10:47,68.1700,2026-01-30 10:47,68.1700,2026-01-30 10:53,67.3700,0,6,6,0,6,6,0.000000,0.030070,intraday,intraday,0,0
2026-01-30 13:42,62.6500,2026-01-30 14:05,64.5300,2026-01-30 14:08,64.5500,2026-01-30 14:29,63.8900,3,21,24,3,21,24,0.000310,0.030327,intraday,intraday,0,0
2026-01-30 15:28,60.5100,2026-02-02 09:31,62.8500,2026-02-02 09:31,62.8500,2026-02-02 09:33,61.9900,0,2,2,0,2,2,0.000000,0.038671,intraday,intraday,0,0
2026-02-02 09:33,61.9900,2026-02-02 09:39,63.9000,2026-02-02 09:39,63.9000,2026-02-02 09:41,63.2400,0,2,2,0,2,2,0.000000,0.030811,intraday,intraday,0,0
2026-02-02 09:58,62.5600,2026-02-02 10:10,64.4600,2026-02-02 10:26,65.9300,2026-02-02 10:29,65.1900,16,3,19,16,3,19,0.022805,0.053868,intraday,intraday,0,0
2026-02-02 11:05,64.8400,2026-02-02 13:48,66.8100,2026-02-02 13:48,66.8100,2026-02-02 14:35,66.0700,0,47,47,0,47,47,0.000000,0.030382,intraday,intraday,0,0
2026-02-02 15:50,64.5100,2026-02-03 09:30,67.3800,2026-02-03 09:30,67.3800,2026-02-03 09:32,66.4900,0,2,2,0,2,2,0.000000,0.044489,intraday,intraday,0,0
2026-02-03 10:24,60.6900,2026-02-03 10:50,62.7300,2026-02-03 10:59,63.4200,2026-02-03 11:04,62.6300,9,5,14,9,5,14,0.011000,0.044983,intraday,intraday,0,0
2026-02-03 14:03,57.0500,2026-02-03 14:18,58.7900,2026-02-03 14:21,59.1600,2026-02-03 14:25,58.3400,3,4,7,3,4,7,0.006294,0.036985,intraday,intraday,0,0
2026-02-03 14:30,57.9300,2026-02-03 15:33,59.7700,2026-02-03 15:59,61.2000,2026-02-04 09:30,58.0600,26,1,27,26,1051,1077,0.023925,0.056447,overnight,overnight,1,1
2026-02-04 09:32,57.9200,2026-02-04 09:39,59.6600,2026-02-04 09:48,60.8200,2026-02-04 09:50,59.9500,9,2,11,9,2,11,0.019444,0.050069,intraday,intraday,0,0
2026-02-04 10:37,55.1000,2026-02-04 10:41,56.8300,2026-02-04 10:41,56.8300,2026-02-04 10:43,56.1200,0,2,2,0,2,2,0.000000,0.031397,intraday,intraday,0,0
2026-02-04 12:50,49.5000,2026-02-04 13:07,51.0100,2026-02-04 13:07,51.0100,2026-02-04 13:09,50.0800,0,2,2,0,2,2,0.000000,0.030505,intraday,intraday,0,0
2026-02-04 13:19,49.8400,2026-02-04 13:28,51.4100,2026-02-04 13:29,51.4400,2026-02-04 13:30,50.9000,1,1,2,1,1,2,0.000584,0.032103,intraday,intraday,0,0
2026-02-04 13:50,50.0300,2026-02-04 14:18,51.6200,2026-02-04 14:58,54.9700,2026-02-04 15:02,54.3700,40,4,44,40,4,44,0.064897,0.098741,intraday,intraday,0,0
2026-02-05 09:33,50.5300,2026-02-05 09:37,52.7600,2026-02-05 09:40,54.1200,2026-02-05 09:41,53.4700,3,1,4,3,1,4,0.025777,0.071047,intraday,intraday,0,0
2026-02-05 09:41,53.4700,2026-02-05 09:46,55.0800,2026-02-05 09:46,55.0800,2026-02-05 09:51,54.5100,0,5,5,0,5,5,0.000000,0.030110,intraday,intraday,0,0
2026-02-05 10:32,50.1000,2026-02-05 10:39,51.7400,2026-02-05 10:43,52.2700,2026-02-05 10:45,51.7100,4,2,6,4,2,6,0.010244,0.043313,intraday,intraday,0,0
2026-02-05 11:14,50.7900,2026-02-05 11:21,52.3200,2026-02-05 11:34,53.9700,2026-02-05 11:45,53.3700,13,11,24,13,11,24,0.031537,0.062611,intraday,intraday,0,0
2026-02-05 13:50,52.6800,2026-02-05 14:18,54.2700,2026-02-05 14:23,54.2800,2026-02-05 14:30,53.5800,5,7,12,5,7,12,0.000184,0.030372,intraday,intraday,0,0
2026-02-05 15:52,52.3900,2026-02-06 09:30,56.0500,2026-02-06 09:40,58.6900,2026-02-06 09:41,57.6300,10,1,11,10,1,11,0.047101,0.120252,intraday,intraday,0,0
2026-02-06 09:41,57.6300,2026-02-06 09:49,59.4700,2026-02-06 09:52,60.5800,2026-02-06 09:53,59.9600,3,1,4,3,1,4,0.018665,0.051189,intraday,intraday,0,0
2026-02-06 10:14,57.5000,2026-02-06 10:40,59.3300,2026-02-06 10:46,59.7100,2026-02-06 10:50,58.6600,6,4,10,6,4,10,0.006405,0.038435,intraday,intraday,0,0
2026-02-06 10:54,58.5500,2026-02-06 11:11,60.3600,2026-02-06 11:40,60.9600,2026-02-06 11:57,60.3200,29,17,46,29,17,46,0.009940,0.041161,intraday,intraday,0,0
2026-02-06 11:57,60.3200,2026-02-06 13:57,62.1500,2026-02-06 13:57,62.1500,2026-02-06 14:14,61.5000,0,17,17,0,17,17,0.000000,0.030338,intraday,intraday,0,0
2026-02-09 09:30,59.8900,2026-02-09 09:42,61.7700,2026-02-09 09:49,62.7200,2026-02-09 09:51,62.0800,7,2,9,7,2,9,0.015380,0.047253,intraday,intraday,0,0
2026-02-09 09:53,62.0600,2026-02-09 10:37,64.0800,2026-02-09 12:15,65.0200,2026-02-09 12:58,64.2400,98,43,141,98,43,141,0.014669,0.047696,intraday,intraday,0,0
2026-02-10 09:49,61.7200,2026-02-10 09:57,63.6800,2026-02-10 10:06,63.8600,2026-02-10 10:13,63.1800,9,7,16,9,7,16,0.002827,0.034673,intraday,intraday,0,0
2026-02-10 10:15,63.0900,2026-02-10 12:51,65.1600,2026-02-10 12:52,65.1800,2026-02-10 13:20,64.4500,1,28,29,1,28,29,0.000307,0.033127,intraday,intraday,0,0
2026-02-10 15:25,62.6700,2026-02-11 09:30,67.7800,2026-02-11 09:45,68.9700,2026-02-11 09:50,68.2800,15,5,20,15,5,20,0.017557,0.100527,intraday,intraday,0,0
2026-02-11 10:27,63.3000,2026-02-11 10:40,65.5700,2026-02-11 10:44,65.7200,2026-02-11 10:49,64.9900,4,5,9,4,5,9,0.002288,0.038231,intraday,intraday,0,0
2026-02-11 10:49,64.9900,2026-02-11 10:58,66.9800,2026-02-11 11:01,66.9900,2026-02-11 11:03,66.2600,3,2,5,3,2,5,0.000149,0.030774,intraday,intraday,0,0
2026-02-11 11:09,65.9800,2026-02-11 12:43,68.0400,2026-02-11 12:51,68.1800,2026-02-11 13:06,67.4600,8,15,23,8,15,23,0.002058,0.033343,intraday,intraday,0,0
2026-02-11 13:15,66.6900,2026-02-12 09:30,69.9800,2026-02-12 09:42,70.5600,2026-02-12 09:45,69.2600,12,3,15,12,3,15,0.008288,0.058030,intraday,intraday,0,0
2026-02-12 11:30,63.2600,2026-02-12 11:43,65.2600,2026-02-12 11:43,65.2600,2026-02-12 11:47,64.5100,0,4,4,0,4,4,0.000000,0.031616,intraday,intraday,0,0
2026-02-12 15:29,62.9000,2026-02-13 09:32,65.1700,2026-02-13 09:32,65.1700,2026-02-13 09:34,64.1400,0,2,2,0,2,2,0.000000,0.036089,intraday,intraday,0,0
2026-02-13 09:41,61.7300,2026-02-13 09:45,64.2700,2026-02-13 09:48,64.8100,2026-02-13 09:49,64.1100,3,1,4,3,1,4,0.008402,0.049895,intraday,intraday,0,0
2026-02-13 09:56,62.8000,2026-02-13 10:08,64.7000,2026-02-13 10:11,64.9900,2026-02-13 10:14,64.1100,3,3,6,3,3,6,0.004482,0.034873,intraday,intraday,0,0
2026-02-13 10:16,63.5900,2026-02-13 10:33,65.9100,2026-02-13 10:37,66.1900,2026-02-13 10:38,65.1700,4,1,5,4,1,5,0.004248,0.040887,intraday,intraday,0,0
2026-02-17 09:32,61.1100,2026-02-17 09:34,63.0700,2026-02-17 09:39,63.7500,2026-02-17 09:42,62.8600,5,3,8,5,3,8,0.010782,0.043201,intraday,intraday,0,0
2026-02-17 09:59,59.7700,2026-02-17 10:18,62.0400,2026-02-17 10:19,62.2600,2026-02-17 10:21,61.5400,1,2,3,1,2,3,0.003546,0.041660,intraday,intraday,0,0
2026-02-17 10:39,60.4000,2026-02-17 10:51,62.3400,2026-02-17 11:13,64.9100,2026-02-17 11:27,64.1300,22,14,36,22,14,36,0.041226,0.074669,intraday,intraday,0,0
2026-02-17 12:53,63.4600,2026-02-17 13:40,65.3700,2026-02-17 14:36,65.9300,2026-02-17 14:52,65.1900,56,16,72,56,16,72,0.008567,0.038922,intraday,intraday,0,0
2026-02-17 15:38,64.1400,2026-02-18 09:58,66.3200,2026-02-18 10:27,68.1500,2026-02-18 10:34,67.4400,29,7,36,29,7,36,0.027593,0.062519,intraday,intraday,0,0
2026-02-19 09:45,63.0000,2026-02-19 10:03,65.0900,2026-02-19 10:03,65.0900,2026-02-19 10:14,64.2500,0,11,11,0,11,11,0.000000,0.033175,intraday,intraday,0,0
2026-02-19 12:52,63.1500,2026-02-19 15:58,65.0500,2026-02-19 15:59,65.2200,2026-02-20 09:30,64.3900,1,1,2,1,1051,1052,0.002613,0.032779,overnight,overnight,1,1
2026-02-20 09:30,64.3900,2026-02-20 09:42,66.6700,2026-02-20 09:46,66.9800,2026-02-20 09:48,66.2600,4,2,6,4,2,6,0.004650,0.040224,intraday,intraday,0,0
2026-02-20 09:51,65.3900,2026-02-20 10:01,67.8200,2026-02-20 10:01,67.8200,2026-02-20 10:02,66.9100,0,1,1,0,1,1,0.000000,0.037162,intraday,intraday,0,0
2026-02-20 10:16,65.0200,2026-02-20 10:43,67.1700,2026-02-20 11:12,68.1400,2026-02-20 11:15,67.2300,29,3,32,29,3,32,0.014441,0.047985,intraday,intraday,0,0
2026-02-20 12:24,65.2700,2026-02-20 13:47,67.3600,2026-02-20 14:01,67.4000,2026-02-20 14:39,66.6400,14,38,52,14,38,52,0.000594,0.032634,intraday,intraday,0,0
2026-02-23 12:39,63.5200,2026-02-23 15:50,65.5000,2026-02-24 09:30,68.7000,2026-02-24 09:31,68.0100,10,1,11,1060,1,1061,0.048855,0.081549,overnight,intraday,0,1
2026-02-24 09:37,66.5600,2026-02-24 09:45,68.9700,2026-02-24 09:48,69.1200,2026-02-24 09:55,68.4000,3,7,10,3,7,10,0.002175,0.038462,intraday,intraday,0,0
2026-02-24 10:18,68.2000,2026-02-25 09:30,71.1100,2026-02-25 10:03,72.3000,2026-02-25 10:16,71.5000,33,13,46,33,13,46,0.016735,0.060117,intraday,intraday,0,0
2026-02-26 10:24,61.7700,2026-02-26 10:39,63.7200,2026-02-26 10:45,64.6300,2026-02-26 10:56,63.8500,6,11,17,6,11,17,0.014281,0.046301,intraday,intraday,0,0
2026-02-26 13:08,62.6900,2026-02-26 14:06,64.6700,2026-02-26 14:47,64.9800,2026-02-26 15:08,64.0900,41,21,62,41,21,62,0.004794,0.036529,intraday,intraday,0,0
2026-02-27 09:31,60.9000,2026-02-27 10:06,62.7700,2026-02-27 10:11,63.7300,2026-02-27 10:14,62.9400,5,3,8,5,3,8,0.015294,0.046470,intraday,intraday,0,0
2026-03-02 09:30,58.3300,2026-03-02 09:34,60.3000,2026-03-02 09:37,61.2100,2026-03-02 09:39,60.3900,3,2,5,3,2,5,0.015091,0.049374,intraday,intraday,0,0
2026-03-02 09:43,59.6000,2026-03-02 10:07,61.6200,2026-03-02 10:08,61.6700,2026-03-02 10:15,60.9700,1,7,8,1,7,8,0.000811,0.034732,intraday,intraday,0,0
2026-03-02 10:32,59.3000,2026-03-02 11:09,61.0800,2026-03-02 11:13,61.5000,2026-03-02 11:20,60.8700,4,7,11,4,7,11,0.006876,0.037099,intraday,intraday,0,0
2026-03-02 11:27,60.1200,2026-03-02 11:45,61.9300,2026-03-02 12:36,62.7100,2026-03-02 13:20,62.0800,51,44,95,51,44,95,0.012595,0.043081,intraday,intraday,0,0
2026-03-03 09:34,53.7300,2026-03-03 09:37,55.4700,2026-03-03 09:37,55.4700,2026-03-03 09:39,54.7800,0,2,2,0,2,2,0.000000,0.032384,intraday,intraday,0,0
2026-03-03 10:29,51.5300,2026-03-03 11:03,53.2500,2026-03-03 11:08,54.2800,2026-03-03 11:11,53.6300,5,3,8,5,3,8,0.019343,0.053367,intraday,intraday,0,0
2026-03-03 11:11,53.6300,2026-03-03 11:46,55.5200,2026-03-03 11:46,55.5200,2026-03-03 11:59,54.9600,0,13,13,0,13,13,0.000000,0.035241,intraday,intraday,0,0
2026-03-03 15:52,53.1900,2026-03-04 09:30,56.4500,2026-03-04 09:30,56.4500,2026-03-04 09:35,55.3000,0,5,5,0,5,5,0.000000,0.061290,intraday,intraday,0,0
2026-03-04 09:42,54.5700,2026-03-04 10:21,56.3900,2026-03-04 10:32,56.9200,2026-03-04 10:40,56.3500,11,8,19,11,8,19,0.009399,0.043064,intraday,intraday,0,0
2026-03-05 09:44,55.3000,2026-03-05 09:56,57.0200,2026-03-05 10:00,57.6200,2026-03-05 10:08,57.0100,4,8,12,4,8,12,0.010523,0.041953,intraday,intraday,0,0
2026-03-05 12:50,51.2400,2026-03-05 15:10,52.9800,2026-03-05 15:59,54.7000,2026-03-06 09:30,50.3900,49,1,50,49,1051,1100,0.032465,0.067525,overnight,overnight,1,1
2026-03-06 09:36,50.2300,2026-03-06 10:00,51.8800,2026-03-06 10:02,52.3300,2026-03-06 10:09,51.6700,2,7,9,2,7,9,0.008674,0.041808,intraday,intraday,0,0
2026-03-06 10:10,51.4600,2026-03-06 10:36,53.0700,2026-03-06 10:38,53.2100,2026-03-06 10:41,52.6000,2,3,5,2,3,5,0.002638,0.034007,intraday,intraday,0,0
2026-03-06 15:38,46.8900,2026-03-06 15:52,48.3000,2026-03-06 15:52,48.3000,2026-03-06 15:55,47.6600,0,3,3,0,3,3,0.000000,0.030070,intraday,intraday,0,0
2026-03-09 09:53,44.7800,2026-03-09 10:03,46.2100,2026-03-09 10:04,46.5300,2026-03-09 10:05,45.8200,1,1,2,1,1,2,0.006925,0.039080,intraday,intraday,0,0
2026-03-09 10:11,45.0700,2026-03-09 10:22,46.5500,2026-03-09 10:24,46.7700,2026-03-09 10:27,46.2800,2,3,5,2,3,5,0.004726,0.037719,intraday,intraday,0,0
2026-03-09 10:27,46.2800,2026-03-09 10:45,47.7100,2026-03-09 12:47,50.4500,2026-03-09 13:02,49.9100,122,15,137,122,15,137,0.057430,0.090104,intraday,intraday,0,0
2026-03-09 13:43,49.0400,2026-03-09 15:19,50.7800,2026-03-09 15:39,53.6400,2026-03-09 15:40,53.0600,20,1,21,20,1,21,0.056321,0.093801,intraday,intraday,0,0
2026-03-09 15:53,52.7100,2026-03-10 09:32,54.5400,2026-03-10 09:32,54.5400,2026-03-10 09:33,53.9400,0,1,1,0,1,1,0.000000,0.034718,intraday,intraday,0,0
2026-03-10 09:33,53.9400,2026-03-10 09:49,55.6100,2026-03-10 09:49,55.6100,2026-03-10 09:54,54.9900,0,5,5,0,5,5,0.000000,0.030960,intraday,intraday,0,0
2026-03-10 10:09,54.3000,2026-03-10 10:43,55.9600,2026-03-10 11:42,57.3400,2026-03-10 12:01,56.6100,59,19,78,59,19,78,0.024660,0.055985,intraday,intraday,0,0
2026-03-10 15:51,53.8800,2026-03-11 09:30,55.8500,2026-03-11 09:42,56.6400,2026-03-11 09:48,56.0200,12,6,18,12,6,18,0.014145,0.051225,intraday,intraday,0,0
2026-03-11 09:51,55.8400,2026-03-11 10:05,57.6100,2026-03-11 10:05,57.6100,2026-03-11 10:27,56.9000,0,22,22,0,22,22,0.000000,0.031698,intraday,intraday,0,0
2026-03-12 11:13,49.5700,2026-03-12 11:39,51.7200,2026-03-12 11:39,51.7200,2026-03-12 11:47,51.1500,0,8,8,0,8,8,0.000000,0.043373,intraday,intraday,0,0
2026-03-12 15:17,49.9800,2026-03-13 09:30,52.2400,2026-03-13 09:53,53.8800,2026-03-13 10:02,53.2900,23,9,32,23,9,32,0.031394,0.078031,intraday,intraday,0,0
2026-03-13 14:23,50.0600,2026-03-16 09:30,54.7200,2026-03-16 09:36,55.2800,2026-03-16 10:05,54.6500,6,29,35,6,29,35,0.010234,0.104275,intraday,intraday,0,0
2026-03-16 15:50,53.2300,2026-03-17 09:30,54.8300,2026-03-17 09:35,55.2300,2026-03-17 09:40,54.5900,5,5,10,5,5,10,0.007295,0.037573,intraday,intraday,0,0
2026-03-17 12:07,53.4400,2026-03-18 09:30,55.7300,2026-03-18 09:30,55.7300,2026-03-18 09:33,55.0000,0,3,3,0,3,3,0.000000,0.042852,intraday,intraday,0,0
2026-03-18 10:26,54.1300,2026-03-18 11:00,55.8200,2026-03-18 11:07,56.3000,2026-03-18 11:18,55.6900,7,11,18,7,11,18,0.008599,0.040089,intraday,intraday,0,0
2026-03-19 09:35,48.6700,2026-03-19 09:41,50.3600,2026-03-19 10:12,53.3900,2026-03-19 10:19,52.7800,31,7,38,31,7,38,0.060167,0.096980,intraday,intraday,0,0
2026-03-19 11:36,51.9300,2026-03-19 14:12,53.7900,2026-03-19 14:21,54.0600,2026-03-19 14:36,53.4600,9,15,24,9,15,24,0.005020,0.041017,intraday,intraday,0,0
2026-03-19 14:43,53.2100,2026-03-19 15:05,55.2300,2026-03-19 15:11,56.0600,2026-03-19 15:25,55.2000,6,14,20,6,14,20,0.015028,0.053561,intraday,intraday,0,0
2026-03-20 15:37,49.0500,2026-03-20 15:55,50.7500,2026-03-23 09:33,54.7000,2026-03-23 09:35,53.8600,8,2,10,3938,2,3940,0.077833,0.115189,weekend,intraday,0,1
2026-03-23 09:35,53.8600,2026-03-23 09:48,55.6500,2026-03-23 09:52,55.9600,2026-03-23 10:04,55.2100,4,12,16,4,12,16,0.005571,0.038990,intraday,intraday,0,0
2026-03-23 12:29,52.3400,2026-03-23 13:37,53.9400,2026-03-23 13:37,53.9400,2026-03-23 13:43,53.3800,0,6,6,0,6,6,0.000000,0.030569,intraday,intraday,0,0
2026-03-24 09:41,51.6300,2026-03-24 10:00,53.2400,2026-03-24 10:10,53.9900,2026-03-24 10:13,53.2700,10,3,13,10,3,13,0.014087,0.045710,intraday,intraday,0,0
2026-03-24 10:25,52.8100,2026-03-24 10:56,54.5000,2026-03-24 10:56,54.5000,2026-03-24 10:59,53.9000,0,3,3,0,3,3,0.000000,0.032002,intraday,intraday,0,0
2026-03-24 10:59,53.9000,2026-03-24 11:21,55.5900,2026-03-24 11:25,56.0600,2026-03-24 11:31,55.3800,4,6,10,4,6,10,0.008455,0.040074,intraday,intraday,0,0
2026-03-24 13:17,53.7200,2026-03-24 14:35,55.3800,2026-03-24 15:14,55.8400,2026-03-24 15:35,55.2100,39,21,60,39,21,60,0.008306,0.039464,intraday,intraday,0,0
2026-03-24 15:57,54.8000,2026-03-25 09:36,56.6700,2026-03-25 09:41,57.4000,2026-03-25 09:44,56.7200,5,3,8,5,3,8,0.012882,0.047445,intraday,intraday,0,0
2026-03-25 10:00,55.7900,2026-03-25 10:14,57.4900,2026-03-25 10:22,58.1900,2026-03-25 10:34,57.5800,8,12,20,8,12,20,0.012176,0.043018,intraday,intraday,0,0
2026-03-25 11:17,56.0100,2026-03-25 13:43,57.7600,2026-03-25 13:43,57.7600,2026-03-25 13:54,57.1700,0,11,11,0,11,11,0.000000,0.031244,intraday,intraday,0,0
2026-03-26 10:55,51.2000,2026-03-26 11:52,52.7800,2026-03-26 11:52,52.7800,2026-03-26 12:16,52.2200,0,24,24,0,24,24,0.000000,0.030859,intraday,intraday,0,0
2026-03-27 09:36,47.8200,2026-03-27 09:46,49.3300,2026-03-27 09:46,49.3300,2026-03-27 09:50,48.4200,0,4,4,0,4,4,0.000000,0.031577,intraday,intraday,0,0
2026-03-27 10:43,46.5000,2026-03-27 11:27,47.9700,2026-03-27 11:32,48.4800,2026-03-27 11:41,47.9800,5,9,14,5,9,14,0.010632,0.042581,intraday,intraday,0,0
2026-03-27 15:46,46.0100,2026-03-30 09:30,47.5200,2026-03-30 09:31,48.2200,2026-03-30 09:33,47.6400,1,2,3,1,2,3,0.014731,0.048033,intraday,intraday,0,0
2026-03-30 09:57,43.2700,2026-03-30 10:12,44.7100,2026-03-30 10:13,44.9300,2026-03-30 10:17,44.4600,1,4,5,1,4,5,0.004921,0.038364,intraday,intraday,0,0
2026-03-30 10:45,41.9300,2026-03-30 11:00,43.3300,2026-03-30 11:01,43.3800,2026-03-30 11:06,42.7500,1,5,6,1,5,6,0.001154,0.034581,intraday,intraday,0,0
2026-03-30 11:17,41.7300,2026-03-30 11:35,43.0800,2026-03-30 11:36,43.1600,2026-03-30 11:39,42.7100,1,3,4,1,3,4,0.001857,0.034268,intraday,intraday,0,0
2026-03-30 15:31,39.5700,2026-03-30 15:55,40.8000,2026-03-31 09:31,43.4300,2026-03-31 09:32,42.9200,6,1,7,1056,1,1057,0.064461,0.097549,overnight,intraday,0,1
2026-03-31 09:32,42.9200,2026-03-31 09:55,44.2500,2026-03-31 09:59,44.6900,2026-03-31 10:05,44.2100,4,6,10,4,6,10,0.009944,0.041240,intraday,intraday,0,0
2026-03-31 10:57,43.1200,2026-03-31 11:06,44.4200,2026-03-31 11:14,44.5500,2026-03-31 11:20,43.9800,8,6,14,8,6,14,0.002927,0.033163,intraday,intraday,0,0
2026-03-31 11:59,43.3600,2026-03-31 12:39,45.0700,2026-03-31 12:43,46.7300,2026-03-31 12:46,46.0900,4,3,7,4,3,7,0.036832,0.077721,intraday,intraday,0,0
2026-03-31 12:48,45.8100,2026-03-31 14:36,47.2300,2026-04-01 09:37,52.1600,2026-04-01 09:42,51.4600,91,5,96,1141,5,1146,0.104383,0.138616,overnight,intraday,0,1
2026-04-01 09:43,51.0800,2026-04-01 10:15,52.7200,2026-04-01 10:30,53.0300,2026-04-01 10:34,52.4500,15,4,19,15,4,19,0.005880,0.038175,intraday,intraday,0,0
2026-04-01 10:36,52.3100,2026-04-01 11:56,53.9400,2026-04-01 11:56,53.9400,2026-04-01 12:33,53.3800,0,37,37,0,37,37,0.000000,0.031160,intraday,intraday,0,0
2026-04-02 09:39,46.2300,2026-04-02 09:52,47.8200,2026-04-02 10:21,50.5900,2026-04-02 10:23,50.0600,29,2,31,29,2,31,0.057926,0.094311,intraday,intraday,0,0
2026-04-02 10:27,49.4000,2026-04-02 10:36,52.2400,2026-04-02 10:37,52.6400,2026-04-02 10:38,52.0200,1,1,2,1,1,2,0.007657,0.065587,intraday,intraday,0,0
2026-04-02 12:20,50.8200,2026-04-02 15:08,52.3600,2026-04-06 09:33,55.5500,2026-04-06 09:35,54.8100,55,2,57,5425,2,5427,0.060924,0.093074,weekend,intraday,0,1
2026-04-06 10:07,52.9000,2026-04-06 11:53,54.5300,2026-04-06 12:00,54.5500,2026-04-06 13:01,53.8400,7,61,68,7,61,68,0.000367,0.031191,intraday,intraday,0,0
2026-04-06 13:13,53.2100,2026-04-07 09:34,54.8900,2026-04-07 09:36,55.4800,2026-04-07 09:39,54.8800,2,3,5,2,3,5,0.010749,0.042661,intraday,intraday,0,0
2026-04-07 10:08,52.4100,2026-04-07 10:23,54.0800,2026-04-07 10:23,54.0800,2026-04-07 10:27,53.4100,0,4,4,0,4,4,0.000000,0.031864,intraday,intraday,0,0
2026-04-07 11:08,52.2000,2026-04-07 11:36,53.8100,2026-04-07 11:36,53.8100,2026-04-07 11:41,53.2500,0,5,5,0,5,5,0.000000,0.030843,intraday,intraday,0,0
2026-04-07 11:41,53.2500,2026-04-07 12:03,54.8900,2026-04-07 12:03,54.8900,2026-04-07 12:09,54.2700,0,6,6,0,6,6,0.000000,0.030798,intraday,intraday,0,0
2026-04-07 14:55,53.4400,2026-04-07 15:19,55.1500,2026-04-07 15:20,55.1800,2026-04-07 15:26,54.5200,1,6,7,1,6,7,0.000544,0.032560,intraday,intraday,0,0
2026-04-07 15:26,54.5200,2026-04-07 15:51,56.2900,2026-04-08 09:36,66.9900,2026-04-08 09:39,66.1900,15,3,18,1065,3,1068,0.190087,0.228723,overnight,intraday,0,1
2026-04-08 10:56,63.6700,2026-04-08 11:14,65.6700,2026-04-08 14:16,67.9600,2026-04-08 14:39,67.1700,182,23,205,182,23,205,0.034871,0.067379,intraday,intraday,0,0
2026-04-08 15:00,65.8200,2026-04-09 09:30,68.5400,2026-04-09 09:43,70.3900,2026-04-09 09:51,69.6000,13,8,21,13,8,21,0.026992,0.069432,intraday,intraday,0,0
2026-04-09 10:36,68.2300,2026-04-09 11:32,70.4000,2026-04-09 12:03,71.1400,2026-04-09 12:40,70.4000,31,37,68,31,37,68,0.010511,0.042650,intraday,intraday,0,0
2026-04-09 12:48,70.2000,2026-04-10 09:30,74.8200,2026-04-10 09:33,76.5300,2026-04-10 09:34,75.5800,3,1,4,3,1,4,0.022855,0.090171,intraday,intraday,0,0
2026-04-10 09:39,75.0600,2026-04-10 09:47,77.3600,2026-04-10 09:55,77.5600,2026-04-10 10:00,76.6500,8,5,13,8,5,13,0.002585,0.033307,intraday,intraday,0,0
2026-04-10 10:11,75.8200,2026-04-10 11:23,78.2600,2026-04-10 11:24,78.2700,2026-04-10 11:32,77.4800,1,8,9,1,8,9,0.000128,0.032313,intraday,intraday,0,0
2026-04-13 09:47,75.5400,2026-04-13 11:12,77.8300,2026-04-13 11:12,77.8300,2026-04-13 11:31,76.9700,0,19,19,0,19,19,0.000000,0.030315,intraday,intraday,0,0
2026-04-13 12:05,76.2800,2026-04-13 12:50,78.5900,2026-04-13 13:01,78.7500,2026-04-13 13:50,77.9500,11,49,60,11,49,60,0.002036,0.032381,intraday,intraday,0,0
2026-04-13 13:50,77.9500,2026-04-13 15:50,80.5400,2026-04-14 09:30,83.0600,2026-04-14 09:32,82.0600,10,2,12,1060,2,1062,0.031289,0.065555,overnight,intraday,0,1
2026-04-14 09:40,80.8400,2026-04-14 11:48,83.2800,2026-04-14 15:27,85.5200,2026-04-15 09:30,84.6600,219,33,252,219,1083,1302,0.026897,0.057892,overnight,overnight,1,1
2026-04-15 12:56,80.1200,2026-04-15 14:16,82.5600,2026-04-15 15:59,85.8800,2026-04-16 09:30,84.5600,103,1,104,103,1051,1154,0.040213,0.071892,overnight,overnight,1,1
2026-04-16 09:54,83.4700,2026-04-16 10:28,86.0600,2026-04-16 11:37,89.2500,2026-04-16 11:49,88.2900,69,12,81,69,12,81,0.037067,0.069246,intraday,intraday,0,0
2026-04-16 14:28,86.4900,2026-04-17 09:30,92.7000,2026-04-17 09:30,92.7000,2026-04-17 09:33,91.4100,0,3,3,0,3,3,0.000000,0.071800,intraday,intraday,0,0
2026-04-17 09:56,91.0100,2026-04-17 10:42,93.8900,2026-04-17 10:49,94.1200,2026-04-17 10:55,92.8300,7,6,13,7,6,13,0.002450,0.034172,intraday,intraday,0,0
2026-04-17 12:00,92.8000,2026-04-20 09:30,95.8000,2026-04-20 09:30,95.8000,2026-04-20 09:38,94.8100,0,8,8,0,8,8,0.000000,0.032328,intraday,intraday,0,0
2026-04-20 11:07,92.1400,2026-04-20 14:03,94.9100,2026-04-21 09:32,99.2000,2026-04-21 09:46,97.9000,119,14,133,1169,14,1183,0.045201,0.076623,overnight,intraday,0,1
2026-04-21 11:06,95.5200,2026-04-21 11:19,98.4500,2026-04-21 11:22,98.7000,2026-04-21 11:26,97.3900,3,4,7,3,4,7,0.002539,0.033291,intraday,intraday,0,0
2026-04-21 13:19,96.7300,2026-04-21 15:24,99.6800,2026-04-21 15:32,99.9300,2026-04-21 15:41,98.3200,8,9,17,8,9,17,0.002508,0.033082,intraday,intraday,0,0
2026-04-21 15:44,96.6600,2026-04-22 09:30,103.4500,2026-04-22 09:30,103.4500,2026-04-22 09:33,102.3800,0,3,3,0,3,3,0.000000,0.070246,intraday,intraday,0,0
2026-04-22 09:57,99.8300,2026-04-22 10:39,102.8800,2026-04-22 14:52,105.7500,2026-04-22 15:00,104.1300,253,8,261,253,8,261,0.027897,0.059301,intraday,intraday,0,0
2026-04-22 15:03,103.8400,2026-04-23 09:30,108.8300,2026-04-23 09:52,113.8500,2026-04-23 09:56,112.2400,22,4,26,22,4,26,0.046127,0.096398,intraday,intraday,0,0
2026-04-23 10:00,111.2700,2026-04-23 11:03,114.7100,2026-04-23 11:41,116.4500,2026-04-23 11:49,115.1200,38,8,46,38,8,46,0.015169,0.046553,intraday,intraday,0,0
2026-04-23 13:46,107.6800,2026-04-23 13:55,111.1500,2026-04-23 14:02,112.3300,2026-04-23 14:26,111.1500,7,24,31,7,24,31,0.010616,0.043184,intraday,intraday,0,0
2026-04-23 15:04,109.1700,2026-04-23 15:58,112.6300,2026-04-24 09:33,127.9700,2026-04-24 09:35,126.1600,5,2,7,1055,2,1057,0.136198,0.172208,overnight,intraday,0,1
2026-04-24 09:55,120.8100,2026-04-24 10:01,124.4500,2026-04-24 10:12,126.5200,2026-04-24 10:19,125.1200,11,7,18,11,7,18,0.016633,0.047264,intraday,intraday,0,0
2026-04-24 10:33,123.4500,2026-04-24 11:14,127.2200,2026-04-24 12:37,130.0200,2026-04-24 12:43,128.6600,83,6,89,83,6,89,0.022009,0.053220,intraday,intraday,0,0
2026-04-27 09:51,117.9100,2026-04-27 09:54,122.1000,2026-04-27 09:59,124.0900,2026-04-27 10:02,122.7500,5,3,8,5,3,8,0.016298,0.052413,intraday,intraday,0,0
2026-04-27 10:32,118.3400,2026-04-27 15:13,121.9500,2026-04-27 15:54,123.4600,2026-04-28 09:30,107.4100,41,6,47,41,1056,1097,0.012382,0.043265,overnight,overnight,1,1
2026-04-28 09:31,107.1200,2026-04-28 09:34,110.7500,2026-04-28 09:42,115.3000,2026-04-28 09:44,114.0600,8,2,10,8,2,10,0.041084,0.076363,intraday,intraday,0,0
2026-04-28 10:50,104.4700,2026-04-28 11:00,107.7100,2026-04-28 11:00,107.7100,2026-04-28 11:04,106.5400,0,4,4,0,4,4,0.000000,0.031014,intraday,intraday,0,0
2026-04-28 11:33,105.3300,2026-04-28 13:33,108.7000,2026-04-28 15:05,112.3100,2026-04-28 15:15,110.9600,92,10,102,92,10,102,0.033211,0.066268,intraday,intraday,0,0
2026-04-28 15:59,109.5900,2026-04-29 09:30,114.6700,2026-04-29 09:30,114.6700,2026-04-29 09:32,113.0100,0,2,2,0,2,2,0.000000,0.046355,intraday,intraday,0,0
2026-04-29 09:33,112.9200,2026-04-29 10:28,116.6300,2026-04-29 10:36,117.7200,2026-04-29 11:04,116.5200,8,28,36,8,28,36,0.009346,0.042508,intraday,intraday,0,0
2026-04-29 12:34,113.4600,2026-04-29 15:00,116.9600,2026-04-29 15:15,118.2600,2026-04-29 15:33,117.0600,15,18,33,15,18,33,0.011115,0.042306,intraday,intraday,0,0
2026-04-29 15:50,116.5700,2026-04-30 09:30,121.8000,2026-04-30 09:30,121.8000,2026-04-30 09:33,118.9300,0,3,3,0,3,3,0.000000,0.044866,intraday,intraday,0,0
2026-04-30 10:39,117.6300,2026-04-30 10:51,121.2500,2026-04-30 11:31,125.3700,2026-04-30 11:40,123.8400,40,9,49,40,9,49,0.033979,0.065800,intraday,intraday,0,0
2026-04-30 11:47,122.6500,2026-04-30 13:45,126.5000,2026-04-30 14:00,127.1000,2026-04-30 14:41,125.7900,15,41,56,15,41,56,0.004743,0.036282,intraday,intraday,0,0
2026-05-01 09:30,122.0200,2026-05-01 09:38,125.7400,2026-05-01 09:44,127.7000,2026-05-01 09:45,126.3200,6,1,7,6,1,7,0.015588,0.046550,intraday,intraday,0,0
2026-05-01 09:47,125.6000,2026-05-01 10:03,129.4600,2026-05-01 10:04,129.4900,2026-05-01 10:10,127.9000,1,6,7,1,6,7,0.000232,0.030971,intraday,intraday,0,0
2026-05-01 10:37,125.2000,2026-05-01 12:19,128.9700,2026-05-01 14:32,130.1000,2026-05-01 14:46,128.6700,133,14,147,133,14,147,0.008762,0.039137,intraday,intraday,0,0
2026-05-01 14:46,128.6700,2026-05-04 09:59,132.9200,2026-05-04 10:05,133.4700,2026-05-04 10:16,132.0800,6,11,17,6,11,17,0.004138,0.037305,intraday,intraday,0,0
2026-05-04 12:15,124.4400,2026-05-04 13:17,128.1800,2026-05-04 13:31,128.6900,2026-05-04 14:25,127.0900,14,54,68,14,54,68,0.003979,0.034153,intraday,intraday,0,0
2026-05-04 14:46,126.5900,2026-05-05 09:30,135.3800,2026-05-05 10:32,142.4100,2026-05-05 10:39,140.8600,62,7,69,62,7,69,0.051928,0.124970,intraday,intraday,0,0
2026-05-05 10:44,140.5500,2026-05-05 11:42,144.8300,2026-05-05 12:14,146.6800,2026-05-05 12:27,144.6100,32,13,45,32,13,45,0.012774,0.043614,intraday,intraday,0,0
2026-05-05 15:54,142.7100,2026-05-06 09:30,156.3700,2026-05-06 09:34,161.4700,2026-05-06 09:37,158.6600,4,3,7,4,3,7,0.032615,0.131455,intraday,intraday,0,0
2026-05-06 10:22,149.4500,2026-05-06 10:34,153.9800,2026-05-06 11:28,162.1700,2026-05-06 11:43,160.0700,54,15,69,54,15,69,0.053189,0.085112,intraday,intraday,0,0
2026-05-06 12:54,159.6400,2026-05-06 15:27,164.6000,2026-05-06 15:59,165.7600,2026-05-07 09:30,157.5000,32,1,33,32,1051,1083,0.007047,0.038336,overnight,overnight,1,1
2026-05-07 09:45,152.6500,2026-05-07 09:54,157.6400,2026-05-07 09:55,158.3400,2026-05-07 10:01,156.5000,1,6,7,1,6,7,0.004440,0.037275,intraday,intraday,0,0
2026-05-07 10:02,155.5200,2026-05-07 10:16,160.3300,2026-05-07 10:39,162.6600,2026-05-07 10:47,160.5500,23,8,31,23,8,31,0.014533,0.045910,intraday,intraday,0,0
2026-05-07 13:27,148.2900,2026-05-07 13:59,152.8700,2026-05-07 14:07,153.5000,2026-05-07 14:09,151.1400,8,2,10,8,2,10,0.004121,0.035134,intraday,intraday,0,0
2026-05-07 14:52,148.5100,2026-05-07 15:49,152.9900,2026-05-07 15:51,153.8000,2026-05-07 15:55,152.0800,2,4,6,2,4,6,0.005294,0.035620,intraday,intraday,0,0
2026-05-07 15:59,152.0500,2026-05-08 09:30,161.8800,2026-05-08 10:02,169.1500,2026-05-08 10:11,167.2600,32,9,41,32,9,41,0.044910,0.112463,intraday,intraday,0,0
2026-05-08 10:36,166.2400,2026-05-08 12:26,171.3100,2026-05-08 13:25,176.8000,2026-05-08 13:49,174.9700,59,24,83,59,24,83,0.032047,0.063523,intraday,intraday,0,0
2026-05-08 14:59,173.7900,2026-05-11 09:30,183.4100,2026-05-11 09:33,189.2400,2026-05-11 09:35,184.4800,3,2,5,3,2,5,0.031787,0.088900,intraday,intraday,0,0
2026-05-11 09:59,179.4800,2026-05-11 10:10,185.0000,2026-05-11 10:16,186.2600,2026-05-11 10:24,184.0700,6,8,14,6,8,14,0.006811,0.037776,intraday,intraday,0,0
2026-05-11 10:31,179.3500,2026-05-11 10:41,185.0000,2026-05-11 12:14,189.9200,2026-05-11 12:38,187.8500,93,24,117,93,24,117,0.026595,0.058935,intraday,intraday,0,0
2026-05-11 12:42,185.6400,2026-05-11 14:38,191.2600,2026-05-11 14:38,191.2600,2026-05-11 14:59,188.6300,0,21,21,0,21,21,0.000000,0.030274,intraday,intraday,0,0
2026-05-12 09:30,173.7500,2026-05-12 09:39,179.5900,2026-05-12 09:43,181.6000,2026-05-12 09:47,177.9700,4,4,8,4,4,8,0.011192,0.045180,intraday,intraday,0,0
2026-05-12 10:35,165.1000,2026-05-12 10:42,170.0900,2026-05-12 10:42,170.0900,2026-05-12 10:44,167.9200,0,2,2,0,2,2,0.000000,0.030224,intraday,intraday,0,0
2026-05-12 11:29,156.2800,2026-05-12 11:38,161.3200,2026-05-12 11:38,161.3200,2026-05-12 11:41,159.1100,0,3,3,0,3,3,0.000000,0.032250,intraday,intraday,0,0
2026-05-12 12:42,150.7200,2026-05-12 13:06,155.9700,2026-05-12 13:23,160.8600,2026-05-12 13:25,158.6400,17,2,19,17,2,19,0.031352,0.067277,intraday,intraday,0,0
2026-05-12 13:27,157.6800,2026-05-12 14:14,162.8400,2026-05-12 14:33,164.9700,2026-05-12 14:45,162.3700,19,12,31,19,12,31,0.013080,0.046233,intraday,intraday,0,0
2026-05-12 14:59,161.3800,2026-05-12 15:15,166.5900,2026-05-12 15:17,166.7400,2026-05-12 15:21,164.8700,2,4,6,2,4,6,0.000900,0.033214,intraday,intraday,0,0
2026-05-12 15:22,164.5900,2026-05-12 15:38,169.6500,2026-05-13 09:30,182.1100,2026-05-13 09:35,179.5000,22,5,27,1072,5,1077,0.073445,0.106446,overnight,intraday,0,1
2026-05-13 09:48,173.1300,2026-05-13 09:53,178.4100,2026-05-13 09:54,179.4900,2026-05-13 09:56,176.2200,1,2,3,1,2,3,0.006053,0.036735,intraday,intraday,0,0
2026-05-13 10:08,172.8000,2026-05-13 10:22,178.2400,2026-05-13 11:01,184.0000,2026-05-13 11:25,181.2100,39,24,63,39,24,63,0.032316,0.064815,intraday,intraday,0,0
2026-05-13 11:58,179.4700,2026-05-13 12:29,184.9500,2026-05-13 14:28,188.4200,2026-05-13 14:38,186.4300,119,10,129,119,10,129,0.018762,0.049869,intraday,intraday,0,0
2026-05-14 09:30,179.0100,2026-05-14 09:37,185.0800,2026-05-14 09:49,188.6300,2026-05-14 09:57,186.5000,12,8,20,12,8,20,0.019181,0.053740,intraday,intraday,0,0
2026-05-14 10:09,182.1400,2026-05-14 10:37,187.8200,2026-05-14 10:51,189.2100,2026-05-14 10:58,187.1700,14,7,21,14,7,21,0.007401,0.038816,intraday,intraday,0,0
2026-05-14 13:25,182.0300,2026-05-14 13:53,187.5400,2026-05-14 13:58,187.6900,2026-05-14 14:01,185.5300,5,3,8,5,3,8,0.000800,0.031094,intraday,intraday,0,0
2026-05-15 09:46,162.0900,2026-05-15 09:55,167.7600,2026-05-15 09:55,167.7600,2026-05-15 09:57,163.6300,0,2,2,0,2,2,0.000000,0.034981,intraday,intraday,0,0
2026-05-15 09:59,161.6900,2026-05-15 10:12,167.1100,2026-05-15 10:18,171.8700,2026-05-15 10:25,169.8600,6,7,13,6,7,13,0.028484,0.062960,intraday,intraday,0,0
2026-05-15 11:07,165.1800,2026-05-15 11:32,170.1700,2026-05-15 11:37,171.2100,2026-05-15 11:43,169.4700,5,6,11,5,6,11,0.006112,0.036506,intraday,intraday,0,0
2026-05-15 11:57,167.1200,2026-05-15 13:39,172.3100,2026-05-15 14:12,174.2900,2026-05-15 14:18,172.1900,33,6,39,33,6,39,0.011491,0.042903,intraday,intraday,0,0
2026-05-15 15:59,164.2300,2026-05-18 09:30,172.7000,2026-05-18 09:30,172.7000,2026-05-18 09:32,170.0800,0,2,2,0,2,2,0.000000,0.051574,intraday,intraday,0,0
2026-05-18 10:05,154.5000,2026-05-18 10:14,159.3100,2026-05-18 10:15,160.0000,2026-05-18 10:17,156.0200,1,2,3,1,2,3,0.004331,0.035599,intraday,intraday,0,0
2026-05-18 10:49,148.8500,2026-05-18 11:00,154.5700,2026-05-18 11:02,155.7800,2026-05-18 11:07,153.8700,2,5,7,2,5,7,0.007828,0.046557,intraday,intraday,0,0
2026-05-18 12:30,145.9100,2026-05-18 12:54,151.1200,2026-05-18 12:55,151.5700,2026-05-18 13:00,149.7600,1,5,6,1,5,6,0.002978,0.038791,intraday,intraday,0,0
2026-05-18 14:49,143.1000,2026-05-18 15:01,150.1800,2026-05-18 15:01,150.1800,2026-05-18 15:04,148.0600,0,3,3,0,3,3,0.000000,0.049476,intraday,intraday,0,0
2026-05-18 15:28,144.8000,2026-05-18 15:43,149.6000,2026-05-18 15:54,152.6700,2026-05-19 09:30,142.6300,11,6,17,11,1056,1067,0.020521,0.054351,overnight,overnight,1,1
2026-05-19 09:30,142.6300,2026-05-19 09:32,148.7300,2026-05-19 09:37,153.9500,2026-05-19 09:40,150.1100,5,3,8,5,3,8,0.035097,0.079366,intraday,intraday,0,0
2026-05-19 10:21,135.0900,2026-05-19 10:30,139.6700,2026-05-19 10:31,139.9600,2026-05-19 10:34,137.6400,1,3,4,1,3,4,0.002076,0.036050,intraday,intraday,0,0
2026-05-19 10:47,137.6200,2026-05-19 10:57,142.3800,2026-05-19 11:03,143.3400,2026-05-19 11:05,141.3600,6,2,8,6,2,8,0.006743,0.041564,intraday,intraday,0,0
2026-05-19 11:08,140.5800,2026-05-19 11:15,144.8000,2026-05-19 11:18,145.3900,2026-05-19 11:19,143.5700,3,1,4,3,1,4,0.004075,0.034215,intraday,intraday,0,0
2026-05-19 11:24,143.0100,2026-05-19 11:38,147.3900,2026-05-19 11:44,148.6500,2026-05-19 11:55,146.5800,6,11,17,6,11,17,0.008549,0.039438,intraday,intraday,0,0
2026-05-19 11:55,146.5800,2026-05-19 12:25,151.4400,2026-05-19 12:45,155.9300,2026-05-19 12:48,154.3500,20,3,23,20,3,23,0.029649,0.063788,intraday,intraday,0,0
2026-05-19 12:50,153.9800,2026-05-19 13:15,158.7400,2026-05-19 13:22,160.3500,2026-05-19 13:26,158.2800,7,4,11,7,4,11,0.010142,0.041369,intraday,intraday,0,0
2026-05-19 15:54,150.4600,2026-05-20 09:30,162.4500,2026-05-20 09:33,164.8900,2026-05-20 09:35,162.1500,3,2,5,3,2,5,0.015020,0.095906,intraday,intraday,0,0
2026-05-20 09:38,161.6300,2026-05-20 10:08,167.3600,2026-05-20 10:08,167.3600,2026-05-20 10:12,164.4500,0,4,4,0,4,4,0.000000,0.035451,intraday,intraday,0,0
2026-05-20 10:12,164.4500,2026-05-20 10:20,169.5600,2026-05-20 10:21,170.1600,2026-05-20 10:24,168.2300,1,3,4,1,3,4,0.003539,0.034722,intraday,intraday,0,0
2026-05-20 12:26,166.8000,2026-05-20 15:06,171.8200,2026-05-20 15:58,173.3900,2026-05-21 09:30,171.3600,52,2,54,52,1052,1104,0.009137,0.039508,overnight,overnight,1,1
2026-05-21 09:30,171.3600,2026-05-21 09:59,176.6200,2026-05-21 10:04,177.9900,2026-05-21 10:12,175.8800,5,8,13,5,8,13,0.007757,0.038690,intraday,intraday,0,0
2026-05-21 11:08,168.6500,2026-05-21 12:09,173.7700,2026-05-21 12:09,173.7700,2026-05-21 12:22,171.3600,0,13,13,0,13,13,0.000000,0.030359,intraday,intraday,0,0
2026-05-21 12:22,171.3600,2026-05-21 13:18,176.5600,2026-05-21 13:54,179.7300,2026-05-21 13:59,177.9000,36,5,41,36,5,41,0.017954,0.048845,intraday,intraday,0,0
2026-05-21 14:54,172.8900,2026-05-21 15:57,178.0900,2026-05-22 09:32,187.1500,2026-05-22 09:33,185.2700,5,1,6,1055,1,1056,0.050873,0.082480,overnight,intraday,0,1
2026-05-22 09:42,185.2500,2026-05-22 10:34,190.8400,2026-05-22 13:29,194.9000,2026-05-22 14:30,192.7900,175,61,236,175,61,236,0.021274,0.052092,intraday,intraday,0,0
2026-05-22 15:29,189.5200,2026-05-26 09:30,210.3300,2026-05-26 09:58,219.9100,2026-05-26 10:02,217.7000,28,4,32,28,4,32,0.045547,0.160352,intraday,intraday,0,0
2026-05-26 10:05,217.2600,2026-05-26 10:27,223.7900,2026-05-26 10:45,226.6300,2026-05-26 10:47,224.2800,18,2,20,18,2,20,0.012690,0.043128,intraday,intraday,0,0
2026-05-26 11:55,213.3500,2026-05-26 12:26,220.1300,2026-05-26 12:38,220.5000,2026-05-26 12:44,218.2000,12,6,18,12,6,18,0.001681,0.033513,intraday,intraday,0,0
2026-05-26 12:49,218.1400,2026-05-26 14:33,224.7000,2026-05-26 15:53,228.3600,2026-05-26 15:59,225.7500,80,6,86,80,6,86,0.016288,0.046851,intraday,intraday,0,0
2026-05-26 15:59,225.7500,2026-05-27 09:30,233.8000,2026-05-27 09:31,235.0000,2026-05-27 09:35,231.3500,1,4,5,1,4,5,0.005133,0.040975,intraday,intraday,0,0
2026-05-27 09:47,211.5500,2026-05-27 09:49,217.9400,2026-05-27 09:52,224.5000,2026-05-27 09:54,220.6700,3,2,5,3,2,5,0.030100,0.061215,intraday,intraday,0,0
2026-05-27 10:28,204.1000,2026-05-27 10:38,210.4000,2026-05-27 10:41,213.0900,2026-05-27 10:42,210.0900,3,1,4,3,1,4,0.012785,0.044047,intraday,intraday,0,0
2026-05-27 11:21,205.1800,2026-05-27 12:08,211.8900,2026-05-27 12:24,216.1100,2026-05-27 12:30,213.8400,16,6,22,16,6,22,0.019916,0.053270,intraday,intraday,0,0
2026-05-27 13:11,208.7400,2026-05-27 14:25,215.1000,2026-05-27 15:24,216.7800,2026-05-27 15:27,214.5400,59,3,62,59,3,62,0.007810,0.038517,intraday,intraday,0,0
2026-05-28 10:01,208.0300,2026-05-28 10:12,216.4300,2026-05-28 10:13,218.5500,2026-05-28 10:15,216.3400,1,2,3,1,2,3,0.009795,0.050570,intraday,intraday,0,0
2026-05-28 10:23,212.9500,2026-05-28 10:53,219.4800,2026-05-28 11:36,229.5700,2026-05-28 11:44,226.7400,43,8,51,43,8,51,0.045972,0.078046,intraday,intraday,0,0
2026-05-28 15:22,224.2200,2026-05-29 09:32,231.4500,2026-05-29 09:38,234.5900,2026-05-29 09:42,232.0900,6,4,10,6,4,10,0.013567,0.046249,intraday,intraday,0,0
2026-05-29 10:44,219.3800,2026-05-29 10:52,226.2200,2026-05-29 10:55,227.1600,2026-05-29 11:00,224.0600,3,5,8,3,5,8,0.004155,0.035464,intraday,intraday,0,0
2026-06-01 09:30,215.4800,2026-06-01 09:32,222.7100,2026-06-01 09:35,224.9100,2026-06-01 09:44,221.3300,3,9,12,3,9,12,0.009878,0.043763,intraday,intraday,0,0
2026-06-01 10:03,210.7600,2026-06-01 10:20,217.6700,2026-06-01 10:36,224.2100,2026-06-01 10:39,221.9000,16,3,19,16,3,19,0.030045,0.063817,intraday,intraday,0,0
2026-06-01 10:47,220.9800,2026-06-01 11:29,227.6300,2026-06-01 11:43,229.7700,2026-06-01 11:49,227.4200,14,6,20,14,6,20,0.009401,0.039777,intraday,intraday,0,0
2026-06-01 12:16,225.3500,2026-06-01 13:45,232.5100,2026-06-01 13:52,233.8300,2026-06-01 14:11,231.2900,7,19,26,7,19,26,0.005677,0.037630,intraday,intraday,0,0
2026-06-01 15:50,225.1100,2026-06-02 09:30,239.7600,2026-06-02 10:00,254.0200,2026-06-02 10:10,251.4200,30,10,40,30,10,40,0.059476,0.128426,intraday,intraday,0,0
2026-06-02 10:27,246.7200,2026-06-02 10:44,254.2000,2026-06-02 11:58,261.9000,2026-06-02 12:18,258.5100,74,20,94,74,20,94,0.030291,0.061527,intraday,intraday,0,0
2026-06-02 13:40,254.1900,2026-06-02 15:10,262.1200,2026-06-03 09:32,280.4100,2026-06-03 09:35,275.5400,52,3,55,1102,3,1105,0.069777,0.103151,overnight,intraday,0,1
2026-06-03 09:48,258.6200,2026-06-03 09:52,268.3900,2026-06-03 09:53,269.3300,2026-06-03 09:54,264.1800,1,1,2,1,1,2,0.003502,0.041412,intraday,intraday,0,0
2026-06-03 09:57,262.3000,2026-06-03 10:02,271.5000,2026-06-03 10:18,279.6600,2026-06-03 10:19,276.7800,16,1,17,16,1,17,0.030055,0.066184,intraday,intraday,0,0
2026-06-03 12:42,272.3400,2026-06-03 13:52,280.7100,2026-06-03 14:04,282.4400,2026-06-03 14:16,279.4500,12,12,24,12,12,24,0.006163,0.037086,intraday,intraday,0,0
2026-06-04 09:30,238.7800,2026-06-04 09:33,247.3500,2026-06-04 09:34,248.5000,2026-06-04 09:36,243.7000,1,2,3,1,2,3,0.004649,0.040707,intraday,intraday,0,0
2026-06-04 10:07,229.3500,2026-06-04 10:11,236.6600,2026-06-04 10:29,248.5000,2026-06-04 10:42,244.5300,18,13,31,18,13,31,0.050030,0.083497,intraday,intraday,0,0
2026-06-04 10:44,242.6800,2026-06-04 10:57,250.5000,2026-06-04 11:15,260.6900,2026-06-04 11:23,256.5400,18,8,26,18,8,26,0.040679,0.074213,intraday,intraday,0,0
2026-06-04 11:49,250.4700,2026-06-04 12:20,258.2800,2026-06-04 12:28,262.0500,2026-06-04 12:31,258.0200,8,3,11,8,3,11,0.014597,0.046233,intraday,intraday,0,0
2026-06-04 12:31,258.0200,2026-06-04 13:31,265.8400,2026-06-04 14:11,274.3900,2026-06-04 14:17,270.8400,40,6,46,40,6,46,0.032162,0.063445,intraday,intraday,0,0
2026-06-04 15:18,263.0200,2026-06-04 15:29,271.0900,2026-06-04 15:30,272.7000,2026-06-04 15:40,268.2700,1,10,11,1,10,11,0.005939,0.036803,intraday,intraday,0,0
2026-06-05 09:49,215.5200,2026-06-05 09:53,222.1800,2026-06-05 09:54,223.4800,2026-06-05 09:55,220.2700,1,1,2,1,1,2,0.005851,0.036934,intraday,intraday,0,0
2026-06-05 09:59,213.5000,2026-06-05 10:08,222.8800,2026-06-05 10:09,223.0000,2026-06-05 10:12,220.6800,1,3,4,1,3,4,0.000538,0.044496,intraday,intraday,0,0
2026-06-05 10:12,220.6800,2026-06-05 10:19,229.7200,2026-06-05 10:19,229.7200,2026-06-05 10:22,223.1700,0,3,3,0,3,3,0.000000,0.040964,intraday,intraday,0,0
2026-06-05 10:28,219.4600,2026-06-05 10:35,227.8800,2026-06-05 10:37,228.7700,2026-06-05 10:40,226.3200,2,3,5,2,3,5,0.003906,0.042422,intraday,intraday,0,0
2026-06-05 12:46,197.1200,2026-06-05 12:52,204.0700,2026-06-05 12:54,205.3100,2026-06-05 12:55,201.5700,2,1,3,2,1,3,0.006076,0.041548,intraday,intraday,0,0
2026-06-05 13:16,196.5100,2026-06-05 13:34,203.5000,2026-06-05 13:37,205.8400,2026-06-05 13:41,203.1900,3,4,7,3,4,7,0.011499,0.047478,intraday,intraday,0,0
2026-06-05 14:48,183.3200,2026-06-05 14:54,188.9700,2026-06-05 14:59,194.8200,2026-06-05 15:00,191.3000,5,1,6,5,1,6,0.030957,0.062732,intraday,intraday,0,0
2026-06-05 15:17,183.2600,2026-06-05 15:25,189.5600,2026-06-05 15:29,193.9500,2026-06-05 15:30,190.9200,4,1,5,4,1,5,0.023159,0.058332,intraday,intraday,0,0
2026-06-05 15:32,188.0000,2026-06-05 15:39,194.0800,2026-06-05 15:39,194.0800,2026-06-05 15:40,190.7500,0,1,1,0,1,1,0.000000,0.032340,intraday,intraday,0,0
2026-06-05 15:41,188.7200,2026-06-05 15:51,194.9600,2026-06-05 15:51,194.9600,2026-06-05 15:53,191.3900,0,2,2,0,2,2,0.000000,0.033065,intraday,intraday,0,0
2026-06-05 15:59,182.1100,2026-06-08 09:30,208.5800,2026-06-08 09:32,209.2100,2026-06-08 09:34,205.6200,2,2,4,2,2,4,0.003020,0.148811,intraday,intraday,0,0
2026-06-08 09:34,205.6200,2026-06-08 09:42,211.9100,2026-06-08 09:42,211.9100,2026-06-08 09:48,208.4400,0,6,6,0,6,6,0.000000,0.030590,intraday,intraday,0,0
2026-06-08 10:04,202.1200,2026-06-08 10:25,208.2000,2026-06-08 11:20,221.8800,2026-06-08 11:22,219.5500,55,2,57,55,2,57,0.065706,0.097764,intraday,intraday,0,0
2026-06-08 15:25,209.0600,2026-06-09 09:30,226.3600,2026-06-09 09:30,226.3600,2026-06-09 09:33,222.0900,0,3,3,0,3,3,0.000000,0.082751,intraday,intraday,0,0
2026-06-09 09:34,220.3000,2026-06-09 09:43,226.9100,2026-06-09 09:47,230.8600,2026-06-09 09:51,227.9000,4,4,8,4,4,8,0.017408,0.047935,intraday,intraday,0,0
2026-06-09 10:18,209.8100,2026-06-09 10:24,216.5600,2026-06-09 10:25,216.9200,2026-06-09 10:28,214.5600,1,3,4,1,3,4,0.001662,0.033888,intraday,intraday,0,0
2026-06-09 10:48,197.7600,2026-06-09 10:54,204.3200,2026-06-09 10:54,204.3200,2026-06-09 10:56,199.8100,0,2,2,0,2,2,0.000000,0.033172,intraday,intraday,0,0
2026-06-09 11:05,198.9100,2026-06-09 11:09,205.1500,2026-06-09 11:10,206.4900,2026-06-09 11:12,202.9800,1,2,3,1,2,3,0.006532,0.038108,intraday,intraday,0,0
2026-06-09 11:38,186.0100,2026-06-09 11:41,192.4000,2026-06-09 11:42,193.8600,2026-06-09 11:44,191.7400,1,2,3,1,2,3,0.007588,0.042202,intraday,intraday,0,0
2026-06-09 12:19,164.4000,2026-06-09 12:24,169.4000,2026-06-09 12:25,171.2700,2026-06-09 12:26,168.3000,1,1,2,1,1,2,0.011039,0.041788,intraday,intraday,0,0
2026-06-09 12:39,158.3400,2026-06-09 12:43,164.4800,2026-06-09 12:45,165.3600,2026-06-09 12:46,160.9900,2,1,3,2,1,3,0.005350,0.044335,intraday,intraday,0,0
2026-06-09 12:54,158.5000,2026-06-09 12:58,165.9700,2026-06-09 13:04,175.4300,2026-06-09 13:08,173.5300,6,4,10,6,4,10,0.056998,0.106814,intraday,intraday,0,0
2026-06-09 13:10,173.3500,2026-06-09 13:17,180.2300,2026-06-09 13:21,184.0700,2026-06-09 13:22,181.9000,4,1,5,4,1,5,0.021306,0.061840,intraday,intraday,0,0
2026-06-09 13:25,179.1300,2026-06-09 13:37,185.7900,2026-06-09 13:42,188.5000,2026-06-09 13:45,186.3100,5,3,8,5,3,8,0.014586,0.052308,intraday,intraday,0,0
2026-06-09 13:48,177.9200,2026-06-09 13:51,184.0700,2026-06-09 13:51,184.0700,2026-06-09 13:53,181.2500,0,2,2,0,2,2,0.000000,0.034566,intraday,intraday,0,0
2026-06-09 13:53,181.2500,2026-06-09 14:18,188.3700,2026-06-09 14:23,191.6500,2026-06-09 14:26,188.5900,5,3,8,5,3,8,0.017413,0.057379,intraday,intraday,0,0
2026-06-09 14:26,188.5900,2026-06-09 14:31,194.4700,2026-06-09 14:31,194.4700,2026-06-09 14:32,192.3400,0,1,1,0,1,1,0.000000,0.031179,intraday,intraday,0,0
2026-06-09 14:44,189.3800,2026-06-09 14:57,195.1100,2026-06-09 15:04,199.1900,2026-06-09 15:05,197.0900,7,1,8,7,1,8,0.020911,0.051801,intraday,intraday,0,0
2026-06-09 15:18,184.0800,2026-06-09 15:28,191.0100,2026-06-09 15:31,194.0000,2026-06-09 15:39,191.1400,3,8,11,3,8,11,0.015654,0.053890,intraday,intraday,0,0
2026-06-09 15:40,187.4300,2026-06-09 15:50,193.1600,2026-06-09 15:59,201.7800,2026-06-10 09:30,196.3500,9,1,10,9,1051,1060,0.044626,0.076562,overnight,overnight,1,1
2026-06-10 09:34,190.5000,2026-06-10 09:36,197.2800,2026-06-10 09:38,201.4200,2026-06-10 09:39,197.6200,2,1,3,2,1,3,0.020985,0.057323,intraday,intraday,0,0
2026-06-10 09:41,192.2600,2026-06-10 09:43,199.0700,2026-06-10 09:48,209.1300,2026-06-10 09:50,204.6000,5,2,7,5,2,7,0.050535,0.087746,intraday,intraday,0,0
2026-06-10 10:01,197.3400,2026-06-10 10:08,204.6800,2026-06-10 10:09,206.2600,2026-06-10 10:10,203.3100,1,1,2,1,1,2,0.007719,0.045201,intraday,intraday,0,0
2026-06-10 10:15,201.1500,2026-06-10 10:24,208.6900,2026-06-10 10:27,209.3900,2026-06-10 10:28,206.2800,3,1,4,3,1,4,0.003354,0.040964,intraday,intraday,0,0
2026-06-10 10:31,205.3200,2026-06-10 10:34,212.6500,2026-06-10 10:34,212.6500,2026-06-10 10:36,210.1600,0,2,2,0,2,2,0.000000,0.035700,intraday,intraday,0,0
2026-06-10 11:18,181.7400,2026-06-10 11:22,187.6800,2026-06-10 11:25,191.4900,2026-06-10 11:26,189.2900,3,1,4,3,1,4,0.020301,0.053648,intraday,intraday,0,0
2026-06-10 11:51,179.0500,2026-06-10 11:54,186.3600,2026-06-10 11:54,186.3600,2026-06-10 11:55,184.3100,0,1,1,0,1,1,0.000000,0.040827,intraday,intraday,0,0
2026-06-10 11:55,184.3100,2026-06-10 11:59,189.9000,2026-06-10 12:00,190.1200,2026-06-10 12:01,187.5000,1,1,2,1,1,2,0.001159,0.031523,intraday,intraday,0,0
2026-06-10 12:24,183.7800,2026-06-10 12:37,189.4300,2026-06-10 12:37,189.4300,2026-06-10 12:41,187.0300,0,4,4,0,4,4,0.000000,0.030743,intraday,intraday,0,0
2026-06-10 13:21,181.2900,2026-06-10 13:48,188.1700,2026-06-10 13:48,188.1700,2026-06-10 13:52,185.8500,0,4,4,0,4,4,0.000000,0.037950,intraday,intraday,0,0
2026-06-10 15:21,177.5100,2026-06-10 15:37,184.4300,2026-06-10 15:39,184.4700,2026-06-10 15:42,182.1100,2,3,5,2,3,5,0.000217,0.039209,intraday,intraday,0,0
2026-06-10 15:59,180.0300,2026-06-11 09:30,196.9500,2026-06-11 09:36,199.8400,2026-06-11 09:38,195.3800,6,2,8,6,2,8,0.014674,0.110037,intraday,intraday,0,0
2026-06-11 09:41,194.7200,2026-06-11 09:46,202.1000,2026-06-11 09:47,203.2400,2026-06-11 09:49,200.4700,1,2,3,1,2,3,0.005641,0.043755,intraday,intraday,0,0
2026-06-11 09:49,200.4700,2026-06-11 09:53,206.7100,2026-06-11 09:55,206.7400,2026-06-11 09:57,204.0100,2,2,4,2,2,4,0.000145,0.031277,intraday,intraday,0,0
2026-06-11 09:59,203.3100,2026-06-11 10:04,209.5600,2026-06-11 10:04,209.5600,2026-06-11 10:05,207.3800,0,1,1,0,1,1,0.000000,0.030741,intraday,intraday,0,0
2026-06-11 10:19,199.3100,2026-06-11 10:23,205.8400,2026-06-11 10:25,206.0100,2026-06-11 10:26,203.6600,2,1,3,2,1,3,0.000826,0.033616,intraday,intraday,0,0
2026-06-11 11:01,193.7600,2026-06-11 11:13,200.0500,2026-06-11 11:15,202.3400,2026-06-11 11:17,199.8000,2,2,4,2,2,4,0.011447,0.044282,intraday,intraday,0,0
2026-06-11 13:18,193.6400,2026-06-11 13:28,201.5200,2026-06-11 13:30,209.0200,2026-06-11 13:31,206.8100,2,1,3,2,1,3,0.037217,0.079426,intraday,intraday,0,0
2026-06-11 13:31,206.8100,2026-06-11 13:43,213.2900,2026-06-11 13:44,214.0800,2026-06-11 13:47,211.7500,1,3,4,1,3,4,0.003704,0.035153,intraday,intraday,0,0
2026-06-11 14:05,206.3600,2026-06-11 14:17,212.8300,2026-06-11 14:19,213.0100,2026-06-11 14:22,210.5000,2,3,5,2,3,5,0.000846,0.032225,intraday,intraday,0,0
2026-06-11 14:23,210.3800,2026-06-11 15:00,216.8400,2026-06-11 15:01,217.0500,2026-06-11 15:05,214.4100,1,4,5,1,4,5,0.000968,0.031705,intraday,intraday,0,0
2026-06-11 15:06,213.7800,2026-06-11 15:22,220.5400,2026-06-11 15:35,225.0300,2026-06-11 15:39,221.6300,13,4,17,13,4,17,0.020359,0.052624,intraday,intraday,0,0
2026-06-12 09:33,216.2400,2026-06-12 09:35,224.4000,2026-06-12 09:36,226.0200,2026-06-12 09:37,222.9700,1,1,2,1,1,2,0.007219,0.045228,intraday,intraday,0,0
2026-06-12 09:45,218.9400,2026-06-12 09:57,225.7200,2026-06-12 10:09,235.0000,2026-06-12 10:12,231.8200,12,3,15,12,3,15,0.041113,0.073353,intraday,intraday,0,0
2026-06-12 10:48,224.1700,2026-06-12 10:52,232.2600,2026-06-12 10:58,236.3000,2026-06-12 11:03,232.9400,6,5,11,6,5,11,0.017394,0.054111,intraday,intraday,0,0
2026-06-12 11:03,232.9400,2026-06-12 11:27,240.2800,2026-06-12 11:35,240.8300,2026-06-12 11:38,237.5500,8,3,11,8,3,11,0.002289,0.033871,intraday,intraday,0,0
2026-06-12 11:59,228.9300,2026-06-12 12:13,238.0900,2026-06-12 12:16,239.3800,2026-06-12 12:18,236.7100,3,2,5,3,2,5,0.005418,0.045647,intraday,intraday,0,0
2026-06-12 15:35,233.3000,2026-06-15 09:30,268.0700,2026-06-15 09:31,268.1600,2026-06-15 09:33,265.1100,1,2,3,1,2,3,0.000336,0.149421,intraday,intraday,0,0
2026-06-15 09:34,262.7100,2026-06-15 09:51,271.3100,2026-06-15 09:51,271.3100,2026-06-15 09:56,267.1800,0,5,5,0,5,5,0.000000,0.032736,intraday,intraday,0,0
2026-06-15 10:21,262.2200,2026-06-15 12:08,270.4800,2026-06-15 12:30,271.7100,2026-06-15 13:07,268.6400,22,37,59,22,37,59,0.004547,0.036191,intraday,intraday,0,0
2026-06-16 10:33,254.0000,2026-06-16 10:40,262.0500,2026-06-16 10:40,262.0500,2026-06-16 10:45,257.7800,0,5,5,0,5,5,0.000000,0.031693,intraday,intraday,0,0
2026-06-16 11:48,235.3500,2026-06-16 11:54,243.1500,2026-06-16 11:57,244.2300,2026-06-16 11:58,240.8800,3,1,4,3,1,4,0.004442,0.037731,intraday,intraday,0,0
2026-06-16 11:58,240.8800,2026-06-16 12:03,248.7400,2026-06-16 12:12,249.9600,2026-06-16 12:16,246.6800,9,4,13,9,4,13,0.004905,0.037695,intraday,intraday,0,0
2026-06-16 13:40,239.5900,2026-06-16 13:54,246.8300,2026-06-16 13:56,246.8900,2026-06-16 14:06,244.2600,2,10,12,2,10,12,0.000243,0.030469,intraday,intraday,0,0
2026-06-16 15:17,232.7300,2026-06-16 15:30,240.5400,2026-06-16 15:30,240.5400,2026-06-16 15:34,238.0100,0,4,4,0,4,4,0.000000,0.033558,intraday,intraday,0,0
2026-06-16 15:59,226.0100,2026-06-17 09:30,245.9300,2026-06-17 09:30,245.9300,2026-06-17 09:33,242.7400,0,3,3,0,3,3,0.000000,0.088138,intraday,intraday,0,0
2026-06-17 09:59,237.0100,2026-06-17 10:16,245.1600,2026-06-17 10:24,249.0200,2026-06-17 10:30,246.3700,8,6,14,8,6,14,0.015745,0.050673,intraday,intraday,0,0
2026-06-17 10:47,242.6800,2026-06-17 13:59,250.0000,2026-06-17 13:59,250.0000,2026-06-17 14:00,244.9100,0,1,1,0,1,1,0.000000,0.030163,intraday,intraday,0,0
2026-06-17 14:05,234.4800,2026-06-17 14:08,242.4500,2026-06-17 14:12,246.0900,2026-06-17 14:13,243.4800,4,1,5,4,1,5,0.015013,0.049514,intraday,intraday,0,0
2026-06-17 14:27,242.3000,2026-06-17 14:36,249.7400,2026-06-17 14:44,259.4200,2026-06-17 14:46,256.5100,8,2,10,8,2,10,0.038760,0.070656,intraday,intraday,0,0
2026-06-17 15:59,233.6700,2026-06-18 09:30,265.3100,2026-06-18 09:33,271.1200,2026-06-18 09:34,267.5900,3,1,4,3,1,4,0.021899,0.160269,intraday,intraday,0,0
2026-06-18 09:36,265.4300,2026-06-18 10:16,273.5400,2026-06-18 10:25,277.4700,2026-06-18 10:27,274.1500,9,2,11,9,2,11,0.014367,0.045360,intraday,intraday,0,0
2026-06-18 10:32,271.1600,2026-06-18 11:07,279.3000,2026-06-18 11:13,280.3600,2026-06-18 11:25,277.4800,6,12,18,6,12,18,0.003795,0.033928,intraday,intraday,0,0
2026-06-18 11:38,272.1200,2026-06-18 12:43,280.5900,2026-06-18 12:43,280.5900,2026-06-18 12:55,277.6700,0,12,12,0,12,12,0.000000,0.031126,intraday,intraday,0,0
2026-06-18 13:01,277.5900,2026-06-22 09:30,299.6200,2026-06-22 09:30,299.6200,2026-06-22 09:31,293.8800,0,1,1,0,1,1,0.000000,0.079362,intraday,intraday,0,0
2026-06-22 09:44,291.0400,2026-06-22 10:08,299.8800,2026-06-22 10:19,301.5200,2026-06-22 10:24,298.1700,11,5,16,11,5,16,0.005469,0.036009,intraday,intraday,0,0
2026-06-22 12:03,286.3600,2026-06-22 13:50,295.1700,2026-06-22 13:54,296.0000,2026-06-22 14:40,292.9300,4,46,50,4,46,50,0.002812,0.033664,intraday,intraday,0,0
2026-06-22 15:07,291.0500,2026-06-22 15:58,300.0000,2026-06-22 15:59,300.8900,2026-06-23 09:30,236.1200,1,1,2,1,1051,1052,0.002967,0.033809,overnight,overnight,1,1
2026-06-23 09:36,233.0500,2026-06-23 09:51,243.5000,2026-06-23 09:52,246.7000,2026-06-23 09:54,244.0100,1,2,3,1,2,3,0.013142,0.058571,intraday,intraday,0,0
2026-06-23 09:56,242.5000,2026-06-23 10:01,251.1500,2026-06-23 10:02,252.0300,2026-06-23 10:03,249.3600,1,1,2,1,1,2,0.003504,0.039299,intraday,intraday,0,0
2026-06-23 11:49,230.4200,2026-06-23 12:01,237.7300,2026-06-23 12:13,242.5800,2026-06-23 12:17,239.4300,12,4,16,12,4,16,0.020401,0.052773,intraday,intraday,0,0
2026-06-23 14:53,223.8200,2026-06-23 15:03,231.2700,2026-06-23 15:05,232.8900,2026-06-23 15:06,230.0000,2,1,3,2,1,3,0.007005,0.040524,intraday,intraday,0,0
2026-06-23 15:10,225.9500,2026-06-23 15:30,232.9900,2026-06-23 15:34,234.2900,2026-06-23 15:40,231.5700,4,6,10,4,6,10,0.005580,0.036911,intraday,intraday,0,0
2026-06-23 15:48,227.4800,2026-06-24 09:32,235.6100,2026-06-24 09:33,236.1500,2026-06-24 09:35,233.7500,1,2,3,1,2,3,0.002292,0.038113,intraday,intraday,0,0
2026-06-24 09:43,220.7100,2026-06-24 09:46,227.6200,2026-06-24 09:46,227.6200,2026-06-24 09:47,224.0800,0,1,1,0,1,1,0.000000,0.031308,intraday,intraday,0,0
2026-06-24 09:48,223.0900,2026-06-24 09:50,229.9600,2026-06-24 09:51,230.9200,2026-06-24 09:55,227.3400,1,4,5,1,4,5,0.004175,0.035098,intraday,intraday,0,0
2026-06-24 10:20,221.1300,2026-06-24 10:27,228.0800,2026-06-24 10:36,232.5500,2026-06-24 10:39,229.9000,9,3,12,9,3,12,0.019598,0.051644,intraday,intraday,0,0
2026-06-24 13:31,216.4400,2026-06-24 14:25,223.4600,2026-06-24 14:28,224.2800,2026-06-24 14:33,221.2400,3,5,8,3,5,8,0.003670,0.036223,intraday,intraday,0,0
2026-06-24 15:13,211.2500,2026-06-24 15:26,217.6400,2026-06-24 15:39,221.8800,2026-06-24 15:42,218.4200,13,3,16,13,3,16,0.019482,0.050320,intraday,intraday,0,0
2026-06-24 15:42,218.4200,2026-06-24 15:55,226.1000,2026-06-25 09:35,267.9100,2026-06-25 09:37,263.7300,10,2,12,1060,2,1062,0.184918,0.226582,overnight,intraday,0,1
2026-06-25 09:59,226.2500,2026-06-25 10:03,234.3100,2026-06-25 10:11,244.8300,2026-06-25 10:12,241.7100,8,1,9,8,1,9,0.044898,0.082122,intraday,intraday,0,0
2026-06-25 10:16,235.6300,2026-06-25 10:21,243.2200,2026-06-25 10:21,243.2200,2026-06-25 10:22,240.1200,0,1,1,0,1,1,0.000000,0.032212,intraday,intraday,0,0
2026-06-25 10:27,239.0400,2026-06-25 10:51,246.4600,2026-06-25 10:54,248.5500,2026-06-25 10:57,244.0000,3,3,6,3,3,6,0.008480,0.039784,intraday,intraday,0,0
2026-06-25 11:15,240.1400,2026-06-25 11:44,247.5900,2026-06-25 11:47,249.5700,2026-06-25 11:50,246.7500,3,3,6,3,3,6,0.007997,0.039269,intraday,intraday,0,0
2026-06-25 11:58,246.5700,2026-06-25 12:08,254.0000,2026-06-25 12:16,259.6100,2026-06-25 12:20,256.9900,8,4,12,8,4,12,0.022087,0.052886,intraday,intraday,0,0
2026-06-25 12:45,247.5900,2026-06-25 13:10,255.3700,2026-06-25 13:15,258.3400,2026-06-25 13:18,255.3500,5,3,8,5,3,8,0.011630,0.043419,intraday,intraday,0,0
2026-06-25 15:18,245.4600,2026-06-25 15:59,253.5600,2026-06-25 15:59,253.5600,2026-06-26 09:30,224.9400,0,1,1,0,1051,1051,0.000000,0.032999,overnight,overnight,1,1
2026-06-26 09:39,215.0700,2026-06-26 09:56,222.3300,2026-06-26 10:09,229.5600,2026-06-26 10:10,225.9200,13,1,14,13,1,14,0.032519,0.067373,intraday,intraday,0,0
2026-06-26 11:15,213.9000,2026-06-26 11:30,221.4900,2026-06-26 11:31,221.7500,2026-06-26 11:33,219.4800,1,2,3,1,2,3,0.001174,0.036699,intraday,intraday,0,0
2026-06-26 12:21,217.0000,2026-06-26 12:51,223.7300,2026-06-26 13:09,226.8400,2026-06-26 13:15,224.1600,18,6,24,18,6,24,0.013901,0.045346,intraday,intraday,0,0
2026-06-26 14:57,214.0300,2026-06-26 15:43,220.7100,2026-06-26 15:44,221.5900,2026-06-26 15:50,214.8900,1,6,7,1,6,7,0.003987,0.035322,intraday,intraday,0,0
2026-06-26 15:55,212.3500,2026-06-29 09:32,218.9800,2026-06-29 09:35,221.6000,2026-06-29 09:36,218.0300,3,1,4,3,1,4,0.011965,0.043560,intraday,intraday,0,0
2026-06-29 10:17,193.0000,2026-06-29 10:20,199.0000,2026-06-29 10:21,200.3300,2026-06-29 10:23,197.8900,1,2,3,1,2,3,0.006683,0.037979,intraday,intraday,0,0
2026-06-29 10:23,197.8900,2026-06-29 10:28,205.7400,2026-06-29 10:33,211.1400,2026-06-29 10:36,207.7700,5,3,8,5,3,8,0.026247,0.066956,intraday,intraday,0,0
2026-06-29 10:47,204.4300,2026-06-29 10:53,211.3200,2026-06-29 11:15,220.9700,2026-06-29 11:18,218.6600,22,3,25,22,3,25,0.045665,0.080908,intraday,intraday,0,0
2026-06-29 11:24,217.0500,2026-06-29 11:37,223.8300,2026-06-29 12:24,232.0000,2026-06-29 12:32,228.5700,47,8,55,47,8,55,0.036501,0.068878,intraday,intraday,0,0
2026-06-29 12:33,228.0800,2026-06-29 13:13,235.7700,2026-06-29 13:13,235.7700,2026-06-29 13:22,233.1500,0,9,9,0,9,9,0.000000,0.033716,intraday,intraday,0,0
2026-06-29 15:54,232.3500,2026-06-30 09:30,242.1600,2026-06-30 09:37,252.4400,2026-06-30 09:38,248.5600,7,1,8,7,1,8,0.042451,0.086464,intraday,intraday,0,0
2026-06-30 09:39,248.0100,2026-06-30 09:56,255.8400,2026-06-30 10:30,263.5900,2026-06-30 10:41,260.6700,34,11,45,34,11,45,0.030292,0.062820,intraday,intraday,0,0
2026-06-30 10:59,258.3600,2026-06-30 13:40,266.4600,2026-06-30 15:53,271.4500,2026-06-30 15:58,268.1300,133,5,138,133,5,138,0.018727,0.050666,intraday,intraday,0,0
2026-07-01 09:35,230.6500,2026-07-01 09:45,237.7500,2026-07-01 09:51,245.8700,2026-07-01 09:53,242.7000,6,2,8,6,2,8,0.034154,0.065987,intraday,intraday,0,0
2026-07-01 10:58,224.1300,2026-07-01 11:04,231.4100,2026-07-01 11:04,231.4100,2026-07-01 11:06,228.2000,0,2,2,0,2,2,0.000000,0.032481,intraday,intraday,0,0
2026-07-01 14:55,215.4900,2026-07-01 15:04,222.4600,2026-07-01 15:10,225.6200,2026-07-01 15:12,223.0600,6,2,8,6,2,8,0.014205,0.047009,intraday,intraday,0,0
2026-07-02 09:38,211.1900,2026-07-02 09:48,217.8300,2026-07-02 09:52,223.3800,2026-07-02 09:56,220.6000,4,4,8,4,4,8,0.025479,0.057721,intraday,intraday,0,0
2026-07-02 11:19,186.9600,2026-07-02 11:33,193.1000,2026-07-02 11:36,196.9800,2026-07-02 11:39,194.2100,3,3,6,3,3,6,0.020093,0.053594,intraday,intraday,0,0
2026-07-02 13:58,171.1700,2026-07-02 14:09,177.5400,2026-07-02 14:10,178.0300,2026-07-02 14:13,176.1000,1,3,4,1,3,4,0.002760,0.040077,intraday,intraday,0,0
2026-07-02 15:25,169.4000,2026-07-02 15:30,175.8000,2026-07-02 15:34,176.6300,2026-07-02 15:36,174.3900,4,2,6,4,2,6,0.004721,0.042680,intraday,intraday,0,0
2026-07-02 15:42,174.0300,2026-07-02 15:54,179.9200,2026-07-06 09:35,201.8700,2026-07-06 09:36,198.4000,11,1,12,5381,1,5382,0.121999,0.159972,weekend,intraday,0,1
2026-07-06 09:37,197.8200,2026-07-06 09:41,204.1300,2026-07-06 09:41,204.1300,2026-07-06 09:43,201.7500,0,2,2,0,2,2,0.000000,0.031898,intraday,intraday,0,0
2026-07-06 09:43,201.7500,2026-07-06 10:09,208.2700,2026-07-06 10:17,210.7500,2026-07-06 10:21,208.5200,8,4,12,8,4,12,0.011908,0.044610,intraday,intraday,0,0
2026-07-06 13:42,194.8500,2026-07-06 15:20,200.7500,2026-07-06 15:24,201.6300,2026-07-06 15:30,197.9700,4,6,10,4,6,10,0.004384,0.034796,intraday,intraday,0,0
2026-07-07 09:35,163.2100,2026-07-07 09:43,168.3900,2026-07-07 09:44,169.5900,2026-07-07 09:46,165.8800,1,2,3,1,2,3,0.007126,0.039091,intraday,intraday,0,0
2026-07-07 10:41,150.5000,2026-07-07 10:52,155.7300,2026-07-07 10:58,156.7000,2026-07-07 11:02,154.9400,6,4,10,6,4,10,0.006229,0.041196,intraday,intraday,0,0
2026-07-07 11:19,152.9200,2026-07-07 11:46,158.2000,2026-07-07 11:48,158.4500,2026-07-07 11:49,156.6000,2,1,3,2,1,3,0.001580,0.036163,intraday,intraday,0,0
2026-07-07 11:49,156.6000,2026-07-07 12:01,161.5700,2026-07-07 12:06,163.1200,2026-07-07 12:08,161.3600,5,2,7,5,2,7,0.009593,0.041635,intraday,intraday,0,0
2026-07-07 12:08,161.3600,2026-07-07 12:22,167.3100,2026-07-07 12:22,167.3100,2026-07-07 12:24,165.5300,0,2,2,0,2,2,0.000000,0.036874,intraday,intraday,0,0
2026-07-07 12:41,163.7500,2026-07-07 13:07,169.2500,2026-07-07 13:09,169.8700,2026-07-07 13:10,167.9100,2,1,3,2,1,3,0.003663,0.037374,intraday,intraday,0,0
2026-07-07 15:26,155.9300,2026-07-07 15:30,161.6700,2026-07-07 15:34,162.0600,2026-07-07 15:35,160.1500,4,1,5,4,1,5,0.002412,0.039313,intraday,intraday,0,0
2026-07-07 15:40,158.1600,2026-07-07 15:55,163.6500,2026-07-08 09:35,171.1500,2026-07-08 09:36,169.4100,10,1,11,1060,1,1061,0.045830,0.082132,overnight,intraday,0,1
2026-07-08 09:38,166.6200,2026-07-08 09:45,173.3600,2026-07-08 09:46,174.6700,2026-07-08 09:48,172.0300,1,2,3,1,2,3,0.007557,0.048314,intraday,intraday,0,0
2026-07-08 10:12,167.0000,2026-07-08 10:21,172.2000,2026-07-08 10:21,172.2000,2026-07-08 10:24,170.2800,0,3,3,0,3,3,0.000000,0.031138,intraday,intraday,0,0
2026-07-08 10:49,164.3800,2026-07-08 10:55,169.3500,2026-07-08 10:56,169.8100,2026-07-08 10:58,167.9800,1,2,3,1,2,3,0.002716,0.033033,intraday,intraday,0,0
2026-07-08 11:25,160.5100,2026-07-08 12:10,165.9200,2026-07-08 12:30,170.9700,2026-07-08 12:36,169.2500,20,6,26,20,6,26,0.030436,0.065167,intraday,intraday,0,0
2026-07-08 12:38,168.9300,2026-07-08 12:57,174.3900,2026-07-08 13:07,174.7200,2026-07-08 13:14,172.2900,10,7,17,10,7,17,0.001892,0.034275,intraday,intraday,0,0
2026-07-08 13:56,171.9800,2026-07-09 09:30,199.4400,2026-07-09 09:31,200.6000,2026-07-09 09:32,198.4400,1,1,2,1,1,2,0.005816,0.166415,intraday,intraday,0,0
2026-07-09 10:21,191.9500,2026-07-09 10:28,198.5200,2026-07-09 10:28,198.5200,2026-07-09 10:31,195.2700,0,3,3,0,3,3,0.000000,0.034228,intraday,intraday,0,0
2026-07-09 10:31,195.2700,2026-07-09 11:10,201.4100,2026-07-09 11:15,202.1400,2026-07-09 11:19,200.0900,5,4,9,5,4,9,0.003624,0.035182,intraday,intraday,0,0
2026-07-10 09:40,177.2500,2026-07-10 09:42,182.8100,2026-07-10 09:52,189.2300,2026-07-10 09:55,186.3600,10,3,13,10,3,13,0.035118,0.067588,intraday,intraday,0,0
2026-07-10 10:21,182.7500,2026-07-10 10:31,188.2900,2026-07-10 10:31,188.2900,2026-07-10 10:32,183.1800,0,1,1,0,1,1,0.000000,0.030315,intraday,intraday,0,0
2026-07-10 10:32,183.1800,2026-07-10 11:20,189.1200,2026-07-10 11:28,190.8500,2026-07-10 11:35,188.4600,8,7,15,8,7,15,0.009148,0.041871,intraday,intraday,0,0
2026-07-10 11:42,185.0000,2026-07-10 12:07,190.7300,2026-07-10 12:35,193.2100,2026-07-10 12:55,190.9900,28,20,48,28,20,48,0.013003,0.044378,intraday,intraday,0,0
2026-07-13 09:43,166.2200,2026-07-13 10:00,172.1100,2026-07-13 10:00,172.1100,2026-07-13 10:02,170.1800,0,2,2,0,2,2,0.000000,0.035435,intraday,intraday,0,0
2026-07-13 10:05,168.9400,2026-07-13 10:24,174.3800,2026-07-13 10:30,177.3200,2026-07-13 10:36,174.7700,6,6,12,6,6,12,0.016860,0.049603,intraday,intraday,0,0
2026-07-13 15:26,161.8200,2026-07-13 15:50,167.6600,2026-07-13 15:51,167.9000,2026-07-13 15:55,166.0700,1,4,5,1,4,5,0.001431,0.037573,intraday,intraday,0,0
2026-07-13 15:59,165.2400,2026-07-14 09:30,185.0100,2026-07-14 09:30,185.0100,2026-07-14 09:33,182.3000,0,3,3,0,3,3,0.000000,0.119644,intraday,intraday,0,0
2026-07-14 10:15,171.4700,2026-07-14 10:34,177.7200,2026-07-14 10:36,178.1000,2026-07-14 10:41,176.2900,2,5,7,2,5,7,0.002138,0.038666,intraday,intraday,0,0
2026-07-14 10:49,174.1500,2026-07-14 11:06,179.5000,2026-07-14 11:26,183.1000,2026-07-14 11:33,181.0600,20,7,27,20,7,27,0.020056,0.051392,intraday,intraday,0,0
2026-07-15 10:42,157.5500,2026-07-15 10:49,163.5200,2026-07-15 10:49,163.5200,2026-07-15 10:51,161.6900,0,2,2,0,2,2,0.000000,0.037893,intraday,intraday,0,0
2026-07-15 11:23,156.9400,2026-07-15 11:32,161.7000,2026-07-15 11:32,161.7000,2026-07-15 11:35,159.4400,0,3,3,0,3,3,0.000000,0.030330,intraday,intraday,0,0
2026-07-15 12:40,150.0800,2026-07-15 12:51,155.1700,2026-07-15 12:52,156.1600,2026-07-15 12:55,154.3300,1,3,4,1,3,4,0.006380,0.040512,intraday,intraday,0,0
2026-07-15 12:56,153.5300,2026-07-15 13:12,158.3000,2026-07-15 14:06,165.2700,2026-07-15 14:15,162.7500,54,9,63,54,9,63,0.044030,0.076467,intraday,intraday,0,0
2026-07-15 14:58,159.8400,2026-07-15 15:30,165.3800,2026-07-15 15:30,165.3800,2026-07-15 15:32,163.1100,0,2,2,0,2,2,0.000000,0.034660,intraday,intraday,0,0
2026-07-16 09:49,144.6500,2026-07-16 10:00,149.4500,2026-07-16 10:10,155.0100,2026-07-16 10:11,153.3700,10,1,11,10,1,11,0.037203,0.071621,intraday,intraday,0,0
2026-07-16 13:57,138.1600,2026-07-16 14:20,142.3600,2026-07-16 14:24,143.3700,2026-07-16 14:30,141.5600,4,6,10,4,6,10,0.007095,0.037710,intraday,intraday,0,0
2026-07-17 09:43,116.9000,2026-07-17 09:48,121.5800,2026-07-17 10:02,131.7200,2026-07-17 10:04,128.8900,14,2,16,14,2,16,0.083402,0.126775,intraday,intraday,0,0
2026-07-17 10:04,128.8900,2026-07-17 10:06,133.3300,2026-07-17 10:10,137.0800,2026-07-17 10:12,134.1500,4,2,6,4,2,6,0.028126,0.063543,intraday,intraday,0,0
2026-07-17 10:32,130.5000,2026-07-17 10:36,134.4900,2026-07-17 10:39,135.5000,2026-07-17 10:42,133.6000,3,3,6,3,3,6,0.007510,0.038314,intraday,intraday,0,0
2026-07-17 11:07,128.3100,2026-07-17 11:36,132.8400,2026-07-17 11:39,134.1700,2026-07-17 11:42,132.5300,3,3,6,3,3,6,0.010012,0.045671,intraday,intraday,0,0
2026-07-17 11:43,132.1800,2026-07-17 11:54,137.0800,2026-07-17 12:00,140.1900,2026-07-17 12:02,138.6500,6,2,8,6,2,8,0.022687,0.060599,intraday,intraday,0,0
2026-07-17 12:24,137.9200,2026-07-17 13:01,142.3200,2026-07-17 13:10,144.1000,2026-07-17 13:14,142.5000,9,4,13,9,4,13,0.012507,0.044809,intraday,intraday,0,0
2026-07-17 15:16,132.5200,2026-07-17 15:31,136.9700,2026-07-17 15:37,137.4000,2026-07-17 15:39,135.1400,6,2,8,6,2,8,0.003139,0.036825,intraday,intraday,0,0
2026-07-17 15:40,134.8600,2026-07-20 09:30,144.0200,2026-07-20 09:36,147.9000,2026-07-20 09:39,145.7400,6,3,9,6,3,9,0.026941,0.096693,intraday,intraday,0,0
2026-07-20 10:21,139.8600,2026-07-20 10:29,144.6800,2026-07-20 10:30,145.0000,2026-07-20 10:33,143.2000,1,3,4,1,3,4,0.002212,0.036751,intraday,intraday,0,0
2026-07-20 10:58,138.8500,2026-07-20 11:22,143.1500,2026-07-20 11:31,144.0400,2026-07-20 11:39,142.5100,9,8,17,9,8,17,0.006217,0.037378,intraday,intraday,0,0
2026-07-20 15:55,135.7900,2026-07-21 09:30,155.9200,2026-07-21 09:30,155.9200,2026-07-21 09:33,153.4700,0,3,3,0,3,3,0.000000,0.148244,intraday,intraday,0,0
2026-07-21 10:10,149.5100,2026-07-21 10:33,154.0200,2026-07-21 10:35,154.9600,2026-07-21 10:41,153.3600,2,6,8,2,6,8,0.006103,0.036452,intraday,intraday,0,0
2026-07-21 10:41,153.3600,2026-07-21 11:14,158.2500,2026-07-21 11:27,158.8900,2026-07-21 11:31,157.1500,13,4,17,13,4,17,0.004044,0.036059,intraday,intraday,0,0
2026-07-22 09:30,150.6000,2026-07-22 09:41,155.5300,2026-07-22 09:45,157.2200,2026-07-22 09:47,155.5100,4,2,6,4,2,6,0.010866,0.043958,intraday,intraday,0,0
2026-07-22 09:49,154.8700,2026-07-22 09:56,159.9800,2026-07-22 09:59,160.2200,2026-07-22 10:01,158.3400,3,2,5,3,2,5,0.001500,0.034545,intraday,intraday,0,0
2026-07-22 10:15,156.5200,2026-07-22 11:00,161.6600,2026-07-22 11:26,165.3900,2026-07-22 11:34,163.7000,26,8,34,26,8,34,0.023073,0.056670,intraday,intraday,0,0
2026-07-23 09:30,153.7200,2026-07-23 09:36,158.7700,2026-07-23 09:44,162.1600,2026-07-23 09:48,159.8100,8,4,12,8,4,12,0.021352,0.054905,intraday,intraday,0,0
2026-07-23 09:51,157.2200,2026-07-23 10:21,162.0500,2026-07-23 10:22,162.1900,2026-07-23 10:28,160.0600,1,6,7,1,6,7,0.000864,0.031612,intraday,intraday,0,0
2026-07-23 11:28,151.1500,2026-07-23 12:02,155.9400,2026-07-23 12:02,155.9400,2026-07-23 12:06,154.0500,0,4,4,0,4,4,0.000000,0.031690,intraday,intraday,0,0
2026-07-23 12:06,154.0500,2026-07-23 12:29,158.7700,2026-07-23 12:38,160.7400,2026-07-23 12:41,159.1300,9,3,12,9,3,12,0.012408,0.043427,intraday,intraday,0,0
2026-07-23 15:07,151.4700,2026-07-23 15:29,156.2300,2026-07-23 15:30,156.2500,2026-07-23 15:33,154.2900,1,3,4,1,3,4,0.000128,0.031557,intraday,intraday,0,0
2026-07-23 15:46,152.8100,2026-07-23 15:59,157.4700,2026-07-23 15:59,157.4700,2026-07-24 09:30,150.0800,0,1,1,0,1051,1051,0.000000,0.030495,overnight,overnight,1,1
2026-07-24 10:45,136.7100,2026-07-24 10:56,140.9900,2026-07-24 11:00,142.8600,2026-07-24 11:03,140.9500,4,3,7,4,3,7,0.013263,0.044986,intraday,intraday,0,0
2026-07-24 11:09,139.3600,2026-07-24 11:15,144.4000,2026-07-24 11:15,144.4000,2026-07-24 11:17,142.8400,0,2,2,0,2,2,0.000000,0.036165,intraday,intraday,0,0
2026-07-24 11:34,142.2800,2026-07-24 11:56,146.6400,2026-07-24 12:10,148.6900,2026-07-24 12:13,146.6900,14,3,17,14,3,17,0.013980,0.045052,intraday,intraday,0,0
2026-07-24 15:15,133.0100,2026-07-24 15:38,137.0800,2026-07-24 15:38,137.0800,2026-07-24 15:40,135.5400,0,2,2,0,2,2,0.000000,0.030599,intraday,intraday,0,0
2026-07-24 15:52,134.1400,2026-07-27 09:30,140.0200,2026-07-27 09:31,140.9500,2026-07-27 09:32,138.4700,1,1,2,1,1,2,0.006642,0.050768,intraday,intraday,0,0
2026-07-27 10:42,115.8700,2026-07-27 10:46,119.9500,2026-07-27 11:00,124.6700,2026-07-27 11:01,122.8600,14,1,15,14,1,15,0.039350,0.075947,intraday,intraday,0,0
2026-07-27 11:37,116.4300,2026-07-27 12:02,120.0800,2026-07-27 12:10,122.5200,2026-07-27 12:13,121.1800,8,3,11,8,3,11,0.020320,0.052306,intraday,intraday,0,0
2026-07-27 12:16,119.8400,2026-07-27 12:25,124.1000,2026-07-27 12:31,124.5100,2026-07-27 12:33,122.8900,6,2,8,6,2,8,0.003304,0.038969,intraday,intraday,0,0
2026-07-27 13:25,118.8500,2026-07-27 14:51,122.4400,2026-07-27 15:30,129.9400,2026-07-27 15:35,128.6300,39,5,44,39,5,44,0.061254,0.093311,intraday,intraday,0,0
2026-07-28 09:47,104.4100,2026-07-28 09:49,108.0600,2026-07-28 09:49,108.0600,2026-07-28 09:50,106.9300,0,1,1,0,1,1,0.000000,0.034958,intraday,intraday,0,0
2026-07-28 09:59,105.5200,2026-07-28 10:05,108.8500,2026-07-28 10:06,108.9000,2026-07-28 10:07,106.8200,1,1,2,1,1,2,0.000459,0.032032,intraday,intraday,0,0
2026-07-28 10:20,101.8600,2026-07-28 10:35,105.2100,2026-07-28 10:37,105.7700,2026-07-28 10:38,104.5900,2,1,3,2,1,3,0.005323,0.038386,intraday,intraday,0,0
2026-07-28 10:38,104.5900,2026-07-28 10:48,108.3900,2026-07-28 10:51,109.8000,2026-07-28 10:52,108.6300,3,1,4,3,1,4,0.013009,0.049814,intraday,intraday,0,0
2026-07-28 11:07,106.4400,2026-07-28 11:21,109.7500,2026-07-28 11:25,111.0000,2026-07-28 11:28,109.7300,4,3,7,4,3,7,0.011390,0.042841,intraday,intraday,0,0
2026-07-28 11:30,109.0200,2026-07-28 11:43,112.8600,2026-07-28 11:48,114.5000,2026-07-28 11:51,113.0500,5,3,8,5,3,8,0.014531,0.050266,intraday,intraday,0,0
2026-07-28 12:30,109.2800,2026-07-28 12:51,113.2500,2026-07-28 12:54,113.3500,2026-07-28 13:02,112.1200,3,8,11,3,8,11,0.000883,0.037244,intraday,intraday,0,0
2026-07-28 14:27,108.4400,2026-07-28 15:03,111.7300,2026-07-28 15:05,112.3500,2026-07-28 15:08,111.1600,2,3,5,2,3,5,0.005549,0.036057,intraday,intraday,0,0
2026-07-28 15:08,111.1600,2026-07-28 15:29,114.5300,2026-07-28 15:29,114.5300,2026-07-28 15:35,112.4600,0,6,6,0,6,6,0.000000,0.030317,intraday,intraday,0,0
2026-07-29 09:30,106.5400,2026-07-29 09:33,110.5000,2026-07-29 09:35,111.9400,2026-07-29 09:36,110.0600,2,1,3,2,1,3,0.013032,0.050685,intraday,intraday,0,0
2026-07-29 09:56,101.2100,2026-07-29 10:05,104.4800,2026-07-29 10:05,104.4800,2026-07-29 10:07,103.4000,0,2,2,0,2,2,0.000000,0.032309,intraday,intraday,0,0
2026-07-29 10:42,95.6600,2026-07-29 10:52,98.8400,2026-07-29 10:52,98.8400,2026-07-29 10:55,97.4400,0,3,3,0,3,3,0.000000,0.033243,intraday,intraday,0,0
2026-07-29 10:56,97.3600,2026-07-29 11:03,100.3800,2026-07-29 11:04,100.7700,2026-07-29 11:06,99.7000,1,2,3,1,2,3,0.003885,0.035025,intraday,intraday,0,0
2026-07-29 12:14,92.5600,2026-07-29 12:30,95.7900,2026-07-29 12:30,95.7900,2026-07-29 12:34,94.7000,0,4,4,0,4,4,0.000000,0.034896,intraday,intraday,0,0
2026-07-29 12:43,93.8400,2026-07-29 13:03,96.8900,2026-07-29 13:14,99.2500,2026-07-29 13:24,97.8500,11,10,21,11,10,21,0.024358,0.057651,intraday,intraday,0,0
2026-07-29 13:30,96.8700,2026-07-29 14:00,102.0800,2026-07-29 14:01,102.6500,2026-07-29 14:02,101.6000,1,1,2,1,1,2,0.005584,0.059668,intraday,intraday,0,0
2026-07-29 14:27,98.8000,2026-07-29 14:38,101.9500,2026-07-29 15:01,108.8300,2026-07-29 15:03,107.5500,23,2,25,23,2,25,0.067484,0.101518,intraday,intraday,0,0
2026-07-29 15:59,92.0000,2026-07-30 09:30,107.7800,2026-07-30 09:31,107.8900,2026-07-30 09:33,106.4100,1,2,3,1,2,3,0.001021,0.172717,intraday,intraday,0,0
2026-07-30 09:37,105.5200,2026-07-30 09:44,108.9300,2026-07-30 09:51,113.0000,2026-07-30 09:52,111.6300,7,1,8,7,1,8,0.037363,0.070887,intraday,intraday,0,0
2026-07-30 10:09,111.4500,2026-07-30 10:23,114.9500,2026-07-30 10:33,117.6800,2026-07-30 10:38,116.4500,10,5,15,10,5,15,0.023749,0.055900,intraday,intraday,0,0
2026-07-30 10:56,111.9000,2026-07-30 11:09,115.4700,2026-07-30 11:09,115.4700,2026-07-30 11:10,114.2500,0,1,1,0,1,1,0.000000,0.031903,intraday,intraday,0,0
2026-07-30 11:30,112.6700,2026-07-30 12:13,116.1400,2026-07-30 12:17,116.2200,2026-07-30 12:25,115.0500,4,8,12,4,8,12,0.000689,0.031508,intraday,intraday,0,0
2026-07-30 12:43,112.7000,2026-07-30 15:12,116.3400,2026-07-30 15:18,116.5000,2026-07-30 15:25,115.1500,6,7,13,6,7,13,0.001375,0.033718,intraday,intraday,0,0
