date,o,h,l,c,range_pct,co_pct,gap_pct,atr5,year,or30_pct,zz1,zz2,steep30_pct,close_pos,steep30_time,excursion,hivol,hv30
2020-07-16,13.334,13.765333333333333,13.126666666666667,13.612,4.789760511974393,2.084895755212246,,,2020,1.9799010049497479,11,5,2.3838445186759705,0.7599164926931117,10:30:00,False,False,
2020-07-17,13.854000000000001,14.003333333333334,13.6,13.856666666666666,2.911313218805646,0.019248351859846302,1.7778430796356215,,2020,1.881526394302492,9,4,1.6799335840210983,0.6363636363636331,11:10:00,False,False,
2020-07-20,13.922,14.774666666666667,13.627333333333333,14.698666666666666,8.241153091030986,5.578700378298129,0.47149386576859076,,2020,2.72470430493703,6,2,2.336448598130847,0.9337594421847759,10:10:00,False,False,
2020-07-21,14.957333333333334,15.036,14.246,14.395333333333333,5.281690140845064,-3.7573542520948577,1.7597968069666292,,2020,2.308789445533958,10,3,2.54138702460851,0.18902953586497853,10:30:00,False,False,
2020-07-22,14.533333333333333,14.903333333333334,14.217333333333332,14.572000000000001,4.720183486238544,0.2660550458715605,0.9586440050016298,,2020,3.302752293577997,8,3,3.2993512511584777,0.5170068027210898,10:00:00,False,False,
2020-07-23,14.552,14.940666666666667,13.51,13.888,9.8314091991937,-4.562946673996704,-0.13724951962669207,5.188820089778926,2020,2.2219168041048127,22,7,3.624713530704826,0.2642124883504194,13:45:00,False,False,
2020-07-24,13.158,13.833333333333334,12.630666666666666,13.238666666666667,9.140193545118311,0.6130617621725731,-5.25633640552996,6.197149827222788,2020,4.5599635202918485,20,5,4.28103236378532,0.5055432372505545,10:20:00,False,False,
2020-07-27,13.733333333333333,14.500666666666666,13.715333333333332,14.500666666666666,5.718446601941752,5.587378640776697,3.736529358444951,7.442925892485322,2020,4.1116504854369,9,3,2.9762477161265455,1.0,10:00:00,False,False,
2020-07-28,14.232666666666667,14.232666666666667,13.553333333333335,13.627999999999998,4.773057286055545,-4.248442550002352,-1.8481908877752695,6.938384594667474,2020,4.773057286055545,13,3,2.4610255907441925,0.10991167811579572,10:20:00,False,False,
2020-07-29,14.05,14.652666666666667,13.954666666666666,14.488,4.9679715302491125,3.1174377224199246,3.096565893748182,6.83665802370957,2020,1.6939501779359398,8,2,1.8350765782592537,0.7640878701050615,14:30:00,False,False,0.0
2020-07-30,14.336666666666668,15.375333333333334,14.298666666666666,15.339333333333334,7.509881422924909,6.993722390141821,-1.0445426099760624,6.886215632511684,2020,4.143222506393857,15,3,2.0806832636743433,0.9665634674922605,11:40:00,False,False,0.0
2020-07-31,15.493333333333334,15.493333333333334,14.447333333333335,15.106,6.751290877796897,-2.500000000000002,1.003954974140564,6.421910077257925,2020,3.0593803786574996,12,4,4.211950591418978,0.6297004461440397,10:15:00,False,False,0.0
2020-08-03,15.390666666666668,16.078,15.389999999999999,15.959333333333332,4.470241704929398,3.6948800138612015,1.8844609206055019,5.944129543793643,2020,3.7815126050420327,7,1,2.4428784966901373,0.8275193798449597,10:00:00,False,False,0.0
2020-08-04,15.926666666666668,16.710666666666665,15.882666666666667,16.710666666666665,5.1988279614901485,4.922561741314335,-0.2046869125694295,5.694488564391173,2020,2.5366262034324087,7,3,2.0212853724940194,1.0,10:55:00,False,False,0.0
2020-08-05,16.634666666666668,16.850666666666665,16.266666666666666,16.636,3.5107406219942265,0.0080153895479107,-0.4547993297693953,5.779642699478094,2020,2.809394036550171,8,3,3.257355649220428,0.6324200913242016,10:10:00,False,False,0.0
2020-08-06,16.537333333333333,16.673333333333332,16.086,16.592666666666666,3.5515601064258653,0.3345964685963043,-0.5930912879698602,5.488196517827117,2020,2.2333306458114985,5,4,2.210815617169193,0.8626560726447234,10:50:00,False,False,0.0
2020-08-07,16.474666666666668,16.733333333333334,15.443999999999999,16.033333333333335,7.826157332470066,-2.6788604726448617,-0.7111575394752601,4.696532254527307,2020,1.5417610877306436,10,2,3.2259400364419433,0.4570837642192361,13:10:00,False,False,0.0
2020-08-10,16.124666666666666,16.232666666666667,15.334666666666667,16.056,5.569107371728613,-0.42584859635340644,0.5696465696465536,4.9115055454619405,2020,2.017612767188984,7,2,3.432417743216698,0.803266518188568,10:55:00,False,False,0.0
2020-08-11,15.994,16.474,15.383333333333333,15.490666666666668,6.819223875620029,-3.147013463382098,-0.38614848031889304,5.131278678821784,2020,3.91396773790171,10,4,3.281512777390372,0.09841075794621158,15:20:00,False,False,0.0
2020-08-12,15.905333333333335,17.15533333333333,15.774666666666667,17.06533333333333,8.68052644815155,7.293151144270249,2.6768807023584085,5.45535786164776,2020,2.6238578254673497,8,1,2.761940960344611,0.9348140994688556,10:05:00,False,False,0.0
2020-08-13,17.05,17.077333333333335,16.268666666666668,16.488,4.742913000977521,-3.2961876832844683,-0.08985076959135974,6.489315026879224,2020,2.5180840664711774,14,4,1.9336576030619668,0.2712283594394038,14:20:00,False,False,0.0
2020-08-14,16.653333333333332,17.066,16.308666666666667,16.46933333333333,4.54763811048838,-1.1048839071257088,1.0027494743651832,6.727585605789555,2020,3.518815052041625,11,4,2.455834587657457,0.21214788732394071,10:25:00,False,False,0.0
2020-08-17,16.858666666666668,17.281333333333336,16.778666666666666,17.051333333333336,2.981651376146808,1.1428345460297473,2.36398963730573,6.071881761393218,2020,2.3884846567542026,6,3,1.7278960091943185,0.5424403183023894,11:15:00,False,False,0.0
2020-08-18,17.276,17.374666666666666,16.625999999999998,16.760666666666665,4.3335648684109085,-2.982943582619435,1.3175900222856418,5.554390562276858,2020,3.1488770548738163,7,2,3.7128047609905845,0.17987533392698238,10:05:00,False,False,0.0
2020-08-19,16.812666666666665,16.931333333333335,16.319333333333333,16.454,3.640112613505701,-2.13331218525713,0.31025018893440226,5.057258760835033,2020,1.7843689281890471,7,2,2.4997033579875816,0.22004357298475066,14:25:00,False,False,0.0
2020-08-20,15.979333333333333,16.28066666666667,15.693333333333333,16.032666666666668,3.675580958738382,0.3337644457424238,-2.8848101778696233,4.049175993905864,2020,3.5295590137260744,8,3,1.9039595619208205,0.577752553916004,10:00:00,False,False,0.0
2020-08-21,16.014666666666667,16.4,15.766666666666667,16.4,3.9547081841645015,2.406127716260076,-0.11227078048984263,3.835709585458036,2020,1.7608858546332418,10,1,1.1114811422862303,1.0,12:10:00,False,False,0.0
2020-08-24,16.889333333333333,17.048,16.474666666666668,16.843333333333334,3.394647509276055,-0.272361253651221,2.9837398373983914,3.7171236001932604,2020,2.45519854740664,8,2,2.0941167173732733,0.6430232558139555,10:50:00,False,False,0.0
2020-08-25,16.932666666666666,17.391333333333332,16.87666666666667,17.377333333333336,3.0394897436906767,2.6260876412457446,0.5303779932713137,3.7997228268191092,2020,2.3150517736918537,6,3,1.203182612070619,0.9727979274611479,10:10:00,False,False,0.0
2020-08-26,17.504,17.719333333333335,17.259333333333334,17.555333333333333,2.6279707495429663,0.29326630103594375,0.7289188981815409,3.5409078018750635,2020,1.3901584399756186,6,1,1.6516060444984548,0.6434782608695626,11:15:00,False,False,0.0
2020-08-27,17.663999999999998,17.759333333333334,16.58866666666667,16.896,6.627415458937193,-4.347826086956507,0.6189951771541358,3.338479429082516,2020,4.223278985507259,9,4,3.2770605759681937,0.2625284738040996,10:00:00,False,False,0.0
2020-08-28,17.005333333333333,17.872666666666664,16.897333333333332,17.853333333333335,5.7354555433589365,4.986670848361308,0.6470959595959558,3.9288463291222784,2020,2.4070879724008325,6,1,2.113725490196061,0.9801777170198271,10:15:00,False,False,0.0
2020-08-31,17.840666666666667,18.19333333333333,17.387333333333334,17.774,4.517768394305131,-0.37367811367288173,-0.07094846900672636,4.284995800961165,2020,2.5410111729755975,9,3,1.878093942485748,0.4797353184449975,12:15:00,False,False,0.0
2020-09-01,18.126666666666665,18.833333333333332,17.87066666666667,18.816,5.3107760205957915,3.80286870172859,1.9841716364727313,4.50961997796698,2020,3.699889665318126,8,1,3.6308399095994703,0.9819944598337951,10:05:00,False,False,0.0
2020-09-02,19.628,20.759333333333334,19.12066666666667,20.468,8.34861762108552,4.279600570613407,4.315476190476186,4.963877233348003,2020,4.367909788737177,14,4,2.814967387572942,0.8222131814483314,10:25:00,False,False,0.0
2020-09-03,19.57133333333333,19.6,16.602666666666668,16.998666666666665,15.314916374288929,-13.145076131757339,-4.380822096280379,6.108006607656514,2020,5.7056238716490135,30,14,4.982167150788685,0.132117437722419,11:20:00,False,False,0.0
2020-09-04,16.616,17.363333333333333,14.670666666666667,16.434,16.2052640025678,-1.095329802599898,-2.251156953486544,7.845506790726861,2020,6.190820093082969,28,14,8.3087532715716,0.6548650656102999,10:40:00,True,False,0.0
2020-09-08,14.708666666666666,15.612666666666666,14.131333333333334,14.133333333333333,10.071159860399755,-3.9115260843946897,-10.498559896150272,9.939468482568634,2020,5.225943887957212,24,10,5.763982051163441,0.0013501350135006031,10:10:00,True,False,0.0
2020-09-09,15.209333333333332,15.686666666666667,14.666666666666666,15.342,6.706408345752618,0.8722714122907149,7.613207547169809,11.050146775787558,2020,3.8090646094503446,12,6,2.7087934375986,0.6620915032679741,10:35:00,False,False,0.0
2020-09-10,15.85,16.079333333333334,14.426666666666668,14.666666666666666,10.426919032597267,-7.465825446898,3.311171946291225,11.329273240818925,2020,2.6834910620399652,24,10,3.9474835886214366,0.14521984671238308,14:25:00,False,False,0.0
2020-09-11,15.029333333333334,15.475333333333333,14.191333333333334,14.667333333333334,8.543293115684875,-2.4086231369765843,2.472727272727271,11.744933523121272,2020,3.8369410929737486,29,10,2.488575177593777,0.3707165109034264,13:20:00,False,False,0.0
2020-09-14,15.553333333333335,15.854000000000001,15.21,15.586666666666668,4.140591513073296,0.21431633090440716,6.040634516612897,10.390608871400463,2020,2.5332190312901846,13,3,1.7115442797251301,0.5848861283643895,15:50:00,False,False,0.0
2020-09-15,16.154,16.686,16.098,16.391333333333332,3.6399653336634947,1.4691923568981746,3.6398631308810936,7.9776743735015625,2020,1.0853864883826572,12,2,1.5461004359760944,0.49886621315192603,15:30:00,False,False,0.0
2020-09-16,16.592,16.782,15.833333333333334,15.883999999999999,5.717614914818384,-4.26711668273867,1.224224183511602,6.69143546815431,2020,1.6996142719382836,15,5,2.27904167505536,0.05340829234012439,15:10:00,False,False,0.0
2020-09-17,14.749333333333334,15.971333333333332,14.554666666666666,15.819333333333333,9.604953896221295,7.254565178087136,-7.143456727944253,6.493676781967463,2020,4.691737479660098,11,7,3.7945416628887285,0.8927058823529417,10:00:00,False,False,0.0
2020-09-18,16.066666666666666,16.202666666666666,14.520000000000001,15.085333333333333,10.47302904564314,-6.107883817427384,1.5634877154536708,6.329283754692269,2020,3.543568464730287,17,5,2.892561983471076,0.33597464342313726,10:50:00,False,False,0.0
2020-09-21,14.196,15.032,13.894,15.008666666666667,8.016342631727246,5.724617263078802,-5.895350892699314,6.715230940683922,2020,5.236216774678306,12,8,3.5984759396020527,0.9794961921499706,11:55:00,False,False,0.0
2020-09-22,15.357333333333335,15.576666666666666,14.551333333333334,15.535333333333334,6.67650633790588,1.1590553915610258,2.323102207613381,7.490381164414711,2020,4.657926723389479,14,2,2.1883833318136148,0.9596879063719125,12:00:00,False,False,0.0
2020-09-23,15.464666666666666,15.786666666666667,14.262666666666666,14.4,9.854722593438812,-6.884510928137255,-0.45487705445651505,8.09768936526319,2020,2.3278872267965647,15,4,3.0231438946493383,0.09011373578302763,14:15:00,False,False,0.0
2020-09-24,14.094666666666665,15.407333333333334,14.066666666666666,14.819333333333333,9.511872102923096,5.141424652350768,-2.1203703703703836,8.925110900987274,2020,4.85289944186926,16,7,4.944899689177729,0.5614122327200393,10:00:00,False,False,0.0
2020-09-25,14.895999999999999,15.55,14.224,15.452,8.901718582169714,3.732545649838892,0.5173422106257597,8.906494542327636,2020,4.511278195488714,15,4,3.2520325203251987,0.9260935143288079,10:40:00,False,False,0.0
2020-09-28,16.041333333333334,16.732666666666667,15.762,16.732666666666667,6.051034826697696,4.309699941816958,3.813961515229969,8.592232449632949,2020,2.364724461806987,11,2,3.187049449854573,1.0,10:15:00,False,False,0.0
2020-09-29,16.608,17.272,16.608,16.824,3.9980732177263842,1.3005780346820872,-0.7450496035698584,8.19917088862704,2020,3.251445086705219,12,3,2.730158730158716,0.32530120481927977,10:05:00,False,False,0.0
2020-09-30,16.7,17.398666666666667,16.6,16.853333333333335,4.782435129740514,0.9181636726547149,-0.7370423204945409,7.6634842645911405,2020,2.8622754491017846,16,5,2.563387019614116,0.31719532554257196,10:10:00,False,False,0.0
2020-10-01,17.522,18.078666666666667,17.340666666666667,17.923333333333336,4.211847962561349,2.2904539055663475,3.967563291139209,6.6490267718514815,2020,2.678537457672269,15,4,1.9518009461019892,0.7895212285456213,10:05:00,False,False,0.0
2020-10-02,16.681333333333335,17.451999999999998,16.284,16.311333333333334,7.001838382223638,-2.218048117656468,-6.9295145992189,5.589021943779132,2020,3.5408840220605904,18,4,3.045186640471509,0.023401826484019506,12:00:00,False,False,0.0
2020-10-05,16.790666666666667,17.925333333333334,16.768666666666668,17.901333333333334,6.888747716985624,6.6147859922178975,2.938652061961,5.209045903789916,2020,3.17239736361469,5,1,2.6335472188324216,0.9792507204610943,10:00:00,False,False,0.0
2020-10-06,17.862666666666666,18.89,17.400666666666666,17.609333333333332,8.337687541987018,-1.41822796148392,-0.2159988082824471,5.376588481847502,2020,1.3846383518698233,15,6,5.953650387431564,0.14010743061772543,15:05:00,True,False,0.0
2020-10-07,18.37066666666667,18.783333333333335,18.350666666666665,18.647333333333332,2.35520394832343,1.5060240963855165,4.323464829257229,6.244511346699628,2020,2.1556103933807558,9,3,1.6513303373992483,0.6856702619414441,10:35:00,False,False,0.0
2020-10-08,19.17,19.432666666666666,18.95266666666667,19.320666666666668,2.503912363067276,0.7859502695183318,2.8029030066855087,5.759065110416212,2020,1.5127803860197995,10,1,1.6331394126305465,0.7666666666666686,12:00:00,False,False,0.0
2020-10-09,20.058,20.496,19.923333333333336,20.354,2.855053677668078,1.4757204108086563,3.8162934336289256,5.417477990517397,2020,2.32658623325688,9,3,1.6184127615826105,0.7520372526193242,12:05:00,False,False,0.0
2020-10-12,21.089333333333332,21.553333333333335,20.801333333333332,21.238,3.5657836505026355,0.7049377252323463,3.6127214961842125,4.588121049606285,2020,1.3656192704052614,9,2,1.8058547712583861,0.5806737588652473,12:45:00,False,False,0.0
2020-10-13,21.250666666666667,21.676,20.834,21.16,3.962228635964356,-0.42665328146568315,0.05964152305615311,3.923528236309687,2020,2.9426527795206443,11,4,1.8083866292807338,0.3871733966745855,11:15:00,False,False,0.0
2020-10-14,21.338666666666665,21.592666666666666,20.494666666666667,20.853333333333335,5.145588602849283,-2.2744313921519432,0.8443604284813944,3.048436455105155,2020,1.4340164958760189,8,2,2.1557150050352525,0.3266545233758364,11:55:00,False,False,0.0
2020-10-15,19.800666666666665,20.829333333333334,19.575333333333333,20.7,6.333120096966439,4.541934614996146,-5.047953964194396,3.606513386010326,2020,3.71031278408134,8,3,1.745369597864177,0.8968633705475798,11:15:00,False,False,0.0
2020-10-16,21.216666666666665,21.216666666666665,20.363999999999997,20.374000000000002,4.018853102906526,-3.971720345640206,2.4959742351046588,4.3723549327901585,2020,2.0675569520816786,7,3,2.50103546054099,0.011727912431593162,11:20:00,False,False,0.0
2020-10-19,20.866666666666667,21.262666666666668,19.845333333333333,20.067999999999998,6.792332268370617,-3.827476038338673,2.4181145904911494,4.6051148178378485,2020,2.389776357827485,19,4,2.5916459054583063,0.1571025399811841,14:55:00,False,False,0.0
2020-10-20,20.360666666666667,20.520666666666667,19.84333333333333,20.053333333333335,3.3266756163845494,-1.5094463180642337,1.4583748588133716,5.250424541411445,2020,1.6076749287842502,13,5,1.9095971175892457,0.31003937007874505,15:10:00,False,False,0.0
2020-10-21,20.15533333333333,20.25,19.54866666666667,19.572,3.4796414513941594,-2.8941884695531273,0.5086436170212538,5.1233139374954835,2020,2.0044322429133725,13,6,1.8455366098295012,0.0332699619771815,15:55:00,False,False,0.0
2020-10-22,19.720666666666666,19.920666666666666,18.912666666666667,19.663999999999998,5.111389067306712,-0.28734660761976505,0.7595885278288694,4.7901245072044585,2020,2.660491531726455,11,4,3.5190217391304235,0.7453703703703691,10:40:00,False,False,0.0
2020-10-23,19.479333333333333,19.479333333333333,18.83533333333333,19.391333333333332,3.3060679694719286,-0.4517608405489648,-0.9391103878491958,4.545778301272513,2020,2.289606078236753,10,2,1.5639118648779982,0.8633540372670796,11:45:00,False,False,0.0
2020-10-26,18.916,19.133333333333333,17.4,18.104666666666667,9.163318531049557,-4.289137943187427,-2.4512668889882017,4.403221274585593,2020,1.4132656657503153,17,2,2.415579774879417,0.4065384615384621,11:10:00,False,True,1.0
2020-10-27,18.516666666666666,18.665333333333333,17.726666666666667,17.944666666666667,5.069306930693068,-3.0891089108910808,2.2756563685237596,4.877418527121381,2020,3.6615661566156663,11,4,1.9028279181708685,0.23224431818181823,15:35:00,False,False,1.0
2020-10-28,17.066,17.08533333333333,16.094,16.1,5.808820657056897,-5.660377358490553,-4.896533789055246,5.225944789983085,2020,3.7110824641587326,15,5,3.0120481927710885,0.006052454606590701,15:55:00,False,False,1.0
2020-10-29,16.267333333333333,17.898000000000003,16.131999999999998,17.424666666666667,10.856112454407638,7.114462522027787,1.0393374741200834,5.691780631115632,2020,3.5121511413466777,11,4,4.063705771283144,0.731974329935824,10:00:00,False,True,2.0
2020-10-30,16.895333333333333,17.184666666666665,16.007333333333335,16.597333333333335,6.9683936392692045,-1.7638006550132035,-3.0378390787006992,6.840725308535818,2020,2.955451209406932,13,9,3.5898863003895998,0.5011325028312584,10:45:00,False,False,2.0
2020-11-02,17.142,17.4,16.424,16.884666666666668,5.69361801423404,-1.5011861704196217,3.2816516709511356,7.573190442495273,2020,2.6640220899933906,11,3,1.8443349753694438,0.47199453551912784,10:00:00,False,False,2.0
2020-11-03,17.333333333333332,18.259999999999998,17.294666666666668,17.86,5.56923076923075,3.0384615384615454,2.657243258182951,6.87925033913217,2020,2.365384615384596,8,3,3.0494974397875962,0.5856353591160222,10:20:00,False,False,2.0
2020-11-04,18.96333333333333,19.968666666666664,18.283333333333335,19.740666666666666,8.887326419405849,4.09913868869749,6.177678238148565,6.979235106839705,2020,3.6034452452100374,18,5,4.528315437928665,0.8647151898734186,10:20:00,False,True,3.0
2020-11-05,21.333333333333332,22.491333333333333,21.326666666666664,22.340666666666667,5.45937500000001,4.721875000000009,8.067947722130286,7.594936259309497,2020,3.3843750000000226,13,3,2.7691927308690634,0.8706353749284496,10:00:00,False,False,3.0
2020-11-06,22.151999999999997,23.68,21.934,23.42866666666667,7.881906825568792,5.763211749127262,-0.8444988212825799,6.51558876842797,2020,2.7597207174672014,13,2,4.133810505883773,0.8560519282168777,10:25:00,False,False,3.0
2020-11-09,24.936,25.598666666666666,22.554,22.651333333333334,12.20992407229174,-9.162121698214099,6.433713684090714,6.698291405687888,2020,4.758849320928246,19,9,3.829625197193054,0.03196846945478487,10:25:00,False,True,3.0
2020-11-10,21.996,22.292666666666666,20.40666666666667,20.566,8.574286233860683,-6.5011820330969305,-2.8931335903699673,8.001552617299428,2020,5.2706552706552685,21,9,4.802760136785533,0.08448214916931573,10:30:00,False,True,4.0
2020-11-11,21.530666666666665,22.912,21.499333333333333,22.824,6.561184047560069,6.0069358434481135,4.690589646341858,8.602563710225414,2020,4.898439435224174,7,3,1.7518424549957778,0.9377064653138291,11:35:00,False,False,4.0
2020-11-12,22.842666666666666,23.09333333333333,21.580666666666666,21.93,6.622110670091049,-3.9954471165071226,0.0817852552868148,8.13733523585626,2020,2.7083819752510054,10,5,2.849740932642486,0.23093873953283459,12:45:00,False,False,3.0
2020-11-13,22.661333333333335,23.312,22.278666666666666,22.736,4.5598964462226474,0.32948929159801743,3.3348533211734477,8.369882369874466,2020,2.8771475641327413,7,5,2.262522089284169,0.4425806451612907,10:55:00,False,False,3.0
2020-11-16,23.27,24.446666666666665,23.1,24.43933333333333,5.787136513393485,5.025068041827807,2.3486980999296136,7.705480294005237,2020,3.0711932387910017,7,3,2.110265621906038,0.9945544554455432,10:20:00,False,False,3.0
2020-11-17,24.156,24.216,23.281333333333336,23.82,3.869294033228453,-1.3909587680079438,-1.1593333151477037,6.4209227822255865,2020,3.869294033228453,8,3,2.856827403461326,0.5763195435092708,10:00:00,False,False,3.0
2020-11-18,23.961333333333336,24.454,23.272666666666666,23.272666666666666,4.930165266262317,-2.8740748984475095,0.5933389308704351,5.479924342099141,2020,2.42334872850705,6,3,2.5755255464290694,0.0,15:50:00,False,False,2.0
2020-11-19,23.233333333333334,24.406,22.68,24.397333333333332,7.428981348637012,5.010043041606882,-0.1690108567991011,5.15372058583959,2020,3.4949784791965617,7,1,2.789693308821395,0.9949787562765547,10:00:00,False,False,2.0
2020-11-20,24.37066666666667,24.979333333333333,23.908,23.978,4.395995185468863,-1.6112266112266127,-0.10930156301234284,5.315094721548783,2020,1.471714629609372,7,2,2.2646268574875394,0.065339141257001,10:05:00,False,False,2.0
2020-11-23,24.434,25.291999999999998,24.084,25.09333333333333,4.94393058852418,2.6984256909770465,1.9017432646592614,5.282314469398026,2020,3.6588360481296336,11,3,2.577153013410882,0.835540838852096,11:10:00,False,False,1.0
2020-11-24,25.600666666666665,25.600666666666665,24.30933333333333,25.474666666666668,5.044139475534495,-0.4921746829509521,2.021785334750281,5.113673284424165,2020,5.044139475534495,6,2,2.5328176915954126,0.9024264326277768,11:00:00,False,False,0.0
2020-11-25,25.366666666666667,25.861333333333334,24.912,25.18933333333333,3.7424441524310197,-0.6990801576872707,-0.4239505914372499,5.348642372885374,2020,2.078843626806839,10,3,2.4783980959279805,0.2921348314606713,10:05:00,False,False,0.0
2020-11-27,25.721333333333334,26.60533333333333,25.720666666666666,26.083333333333332,3.439427712404739,1.4073920481053381,2.1120050815160107,5.111098150119114,2020,3.10766678762117,6,2,1.1823899371069202,0.40994724943481553,11:55:00,False,False,0.0
2020-11-30,26.236,27.151333333333334,25.268666666666665,27.104,7.175890633734825,3.3084311632870733,0.5853035143770002,4.31318742287266,2020,2.3402957767952324,6,2,3.7439644057941646,0.9748583569405094,10:40:00,False,False,0.0
2020-12-01,27.746,28.932666666666666,27.533333333333335,28.500666666666667,5.043369614839369,2.7199115788462125,2.3686540731995276,4.869166512525852,2020,2.042336432879213,8,4,2.987160029871605,0.691281562648881,10:05:00,False,False,0.0
2020-12-02,28.218666666666664,29.101999999999997,28.066666666666666,28.717333333333332,3.668966168966159,1.7671517671517645,-0.9894505391686903,4.88905431778889,2020,1.890001890001896,6,2,1.517238159706813,0.6284610431423064,10:40:00,False,False,0.0
2020-12-03,29.220000000000002,29.686,28.634,28.76066666666667,3.6002737850787114,-1.5719826602783482,1.750394651313969,4.6140196564752225,2020,1.1727127538215818,5,2,1.8866196538144697,0.12040557667934292,10:20:00,False,False,0.0
2020-12-04,29.2,31.19333333333333,28.978666666666665,31.154666666666667,7.584474885844747,6.694063926940652,1.52754919913769,4.585585583004761,2020,2.0639269406392855,1,1,2.0704735439491584,0.9825406381697783,10:15:00,False,False,0.0
2020-12-07,31.333333333333332,31.933333333333334,30.688,31.582,3.9744680851063876,0.7936170212766047,0.5734828383120671,5.414595017692762,2020,3.9744680851063876,8,2,1.1327623126338393,0.7178800856531057,11:05:00,False,False,0.0
2020-12-08,31.450666666666667,32.27333333333333,31.041333333333334,31.951999999999998,3.917246057317278,1.5940308631507527,-0.4158486901821745,4.7743105079670745,2020,1.0195862302865786,5,1,1.5923970432946133,0.7391774891774875,13:50:00,False,False,0.0
2020-12-09,31.733333333333334,32.16133333333333,28.618,29.148000000000003,11.16596638655462,-8.147058823529408,-0.6843598731430367,4.5490857964626565,2020,3.3382352941176516,14,5,2.9818103074924274,0.14957666980244724,12:45:00,False,True,1.0
2020-12-10,28.62,29.822,28.134,29.132,5.897973445143252,1.7889587700908427,-1.8114450391107484,6.048485839980349,2020,4.397856976473329,10,2,3.480278422273786,0.5912322274881527,10:00:00,False,False,1.0
2020-12-11,28.413333333333334,28.859333333333332,27.266666666666666,28.196666666666665,5.60534960112623,-0.7625527921163888,-2.4669321250400555,6.508025771993258,2020,2.2735804786485247,12,4,3.2289698390298716,0.583926329007953,10:10:00,False,False,1.0
2020-12-14,28.988666666666667,29.683333333333334,28.8,29.195333333333334,3.0471678587033995,0.7129222914702416,2.80884265279584,6.112200715049553,2020,2.6401122277671765,10,3,1.9202806564036168,0.447547169811321,10:00:00,False,False,1.0
2020-12-15,30.281333333333336,30.687333333333335,29.750666666666667,30.454,3.0932147417550993,0.5702082691206867,3.719772566391888,5.9267406697689555,2020,1.609352296244118,9,2,1.5962338515436714,0.7508896797153016,11:20:00,False,False,1.0
2020-12-16,30.709999999999997,30.722666666666665,29.696,30.372666666666664,3.343102138282852,-1.0984478454358015,0.8406120706639486,5.76193440665652,2020,2.8307825898187238,6,2,1.8214418472437877,0.6590909090909067,10:00:00,False,False,1.0
2020-12-17,30.919333333333334,30.990666666666666,30.18,30.558,2.6218762802130255,-1.168632355160748,1.799863912728572,4.197361557002166,2020,1.6602341577006785,8,1,1.222212573810355,0.46628289473684253,10:00:00,False,False,1.0
2020-12-18,30.733333333333334,30.866666666666667,29.557333333333336,30.165333333333333,4.2603036876355675,-1.8481561822125903,0.5737722800357892,3.542142124016121,2020,1.928416485900204,8,3,1.795501381154907,0.4643584521384913,15:35:00,False,False,1.0
2020-12-21,28.966666666666665,29.694000000000003,28.166666666666668,29.565333333333335,5.272727272727278,2.066743383199099,-3.9736562942008558,3.2731329413179884,2020,2.3014959723820403,9,3,2.111176126389691,0.9157573112178082,11:40:00,False,False,1.0
2020-12-22,29.700666666666667,29.820666666666668,28.754666666666665,29.480666666666664,3.589145024803043,-0.7407241139368415,0.45774330296743937,3.7182448241227646,2020,1.5173621243069744,8,2,2.1446327683615873,0.6810506566604103,11:40:00,False,False,1.0
2020-12-23,29.623333333333335,29.799333333333333,28.783333333333335,28.818666666666665,3.429728817373686,-2.716327219534165,0.4839329730218722,3.8174308807323536,2020,1.933160796669292,5,1,1.7500795490704157,0.03477690288713621,15:55:00,False,False,0.0
2020-12-24,29.166666666666668,29.660666666666668,29.029333333333334,29.61733333333333,2.164571428571431,1.545142857142845,1.2075506616082254,3.8347562165505202,2020,1.28228571428571,5,1,1.0531583376930609,0.9313621964097099,12:55:00,False,False,0.0
2020-12-28,30.622,30.733333333333334,29.368,29.493333333333332,4.458668060000443,-3.685803235146845,3.3921577454643748,3.743295246222201,2020,1.7721463871290755,5,1,2.1569828491424636,0.09179687500000014,10:25:00,False,False,0.0
2020-12-29,29.866666666666667,29.866666666666667,28.284,29.256666666666668,5.299107142857148,-2.042410714285714,1.2658227848101333,3.782968120695176,2020,2.118303571428579,6,4,3.2012229391003233,0.6145745577085096,10:10:00,False,False,0.0
2020-12-30,29.672,30.891333333333332,29.6,30.756666666666668,4.3520266019591896,3.655522602678163,1.4196194599521483,3.7882440947211498,2020,3.0960726161588807,7,1,2.4219904194833664,0.8957150232318034,10:00:00,False,False,0.0
2020-12-31,30.77466666666667,31.183333333333334,30.177333333333333,31.099333333333334,3.268922490360037,1.0549802868159874,0.058523897258044855,3.940820410152379,2020,2.2161084875005366,6,2,2.403529566706175,0.9165009940357857,10:40:00,False,False,0.0
2021-01-04,31.672,33.654666666666664,29.930666666666664,30.666666666666668,11.758019701944935,-3.174202239622803,1.8414113914553276,3.9086591447496497,2021,6.024248547613027,11,5,5.4978815686431926,0.1976369495166499,11:05:00,True,True,1.0
2021-01-05,30.45266666666667,32.50533333333333,30.444000000000003,32.492,6.7689748024256104,6.6967315396571525,-0.6978260869565212,5.8273487994243505,2021,5.1927581602049075,13,3,3.1020147105852436,0.9935316946959887,10:00:00,False,False,1.0
2021-01-06,31.528000000000002,34.160666666666664,31.284,32.226,9.124164763596374,2.213905100228364,-2.966884156099947,6.2894101479093845,2021,3.746933942315829,18,4,3.0042016806722582,0.3274623406720744,10:30:00,False,True,2.0
2021-01-07,33.646,36.12133333333334,33.61533333333333,35.87,7.4481364798193175,6.609998216727098,4.40637994166202,7.054421672057229,2021,2.550080247280521,5,1,2.613533952431335,0.8997073689811088,10:15:00,False,False,2.0
2021-01-08,37.507333333333335,37.942,34.629333333333335,35.879333333333335,8.832050621211847,-4.340484527470179,4.564631539819741,7.673643647629255,2021,2.673255007909554,14,6,3.1810691206695663,0.3773395049305697,13:40:00,False,True,3.0
2021-01-11,34.965333333333334,37.874,34.934,37.09,8.408328248932289,6.0764948139109265,-2.5474274884334513,8.786269273799618,2021,4.907718120805373,5,4,3.0019252696311893,0.7333333333333342,10:00:00,False,True,4.0
2021-01-12,37.665333333333336,38.75866666666666,36.706,37.74666666666667,5.449750433643651,0.215936847322018,1.5511818100116814,8.116330983197088,2021,3.0478955007256787,6,5,2.3650179511310654,0.5069827866190337,12:10:00,False,False,4.0
2021-01-13,38.620666666666665,38.93333333333333,37.4,37.867333333333335,3.9702404584764586,-1.950596399164517,2.3154362416107244,7.8524861094406955,2021,3.3298234106091584,10,4,2.3743315508021556,0.3047826086956543,10:30:00,False,False,4.0
2021-01-14,39.19266666666667,41.61266666666667,39.19266666666667,40.338,6.174624504584195,2.922315399139297,3.4999383813665297,6.821701248416713,2021,3.301638061542117,8,2,2.3436316188231165,0.4732782369146002,10:00:00,False,False,4.0
2021-01-15,40.192,40.31333333333334,37.105333333333334,37.898,7.981687898089186,-5.7076035031847105,-0.3619415935346315,6.566998853369688,2021,3.564556794055209,13,5,5.58375634517766,0.24709060681629294,10:20:00,True,True,5.0
2021-01-19,39.514,41.79533333333333,39.410666666666664,41.64066666666667,6.03499181724621,5.382058679624091,4.264077260013721,6.396926308745156,2021,1.9672352415177867,7,1,1.2522902623926413,0.9351411797595762,10:05:00,False,False,4.0
2021-01-20,43.163333333333334,43.52133333333334,40.95066666666666,41.333333333333336,5.955672252683624,-4.239709630087263,3.6566817694241083,5.92225902240794,2021,2.9098772105954134,9,4,3.2196022016512615,0.1488589211618275,11:05:00,False,False,4.0
2021-01-21,42.38866666666667,43.519999999999996,41.09733333333334,43.09133333333333,5.7153641696679705,1.6576757938442377,2.553225806451631,6.023443386215935,2021,2.623342717393018,10,4,2.3721566346501577,0.8230599889928455,15:45:00,False,False,3.0
2021-01-22,42.0,42.476,40.774,40.794666666666664,4.052380952380949,-2.869841269841278,-2.5326051642248215,6.372468128454237,2021,2.0857142857142805,10,2,1.9287833827893008,0.012142577359966818,10:25:00,False,False,3.0
2021-01-25,42.013333333333335,42.14,38.62733333333333,40.934666666666665,8.360837829260555,-2.567438908283093,2.987318603739064,5.948019418013589,2021,1.0726753411615277,9,6,6.848172911956619,0.6568608844182952,11:05:00,True,True,3.0
2021-01-26,41.04600000000001,41.04666666666667,39.0,39.134,4.986275560752976,-4.658188374019412,0.2719781114621789,6.023849404247862,2021,3.0778476181195127,9,3,2.084518352460929,0.06547231270358322,10:05:00,False,False,2.0
2021-01-27,37.03866666666667,37.04866666666667,32.538666666666664,33.024,12.176464235573647,-10.839123078584556,-5.354252908809043,5.814106152949215,2021,7.718060405342158,23,8,4.577492211838008,0.1076127124907619,10:15:00,False,True,3.0
2021-01-28,35.00066666666667,36.57666666666667,34.17333333333333,35.0,6.86653587550714,-0.0019047256242799016,5.9855458656330685,7.058264549527219,2021,3.0285137425953854,17,7,3.102888296021322,0.3439667128987519,11:10:00,False,False,3.0
2021-01-29,35.337333333333326,35.822,32.900666666666666,33.400666666666666,8.266988642795166,-5.480511640191654,0.9638095238095001,7.2884988906950525,2021,3.812775912160883,21,11,3.6696710757345374,0.17115472387037864,12:45:00,False,False,3.0
2021-02-01,35.086,37.52733333333333,34.63666666666666,37.24333333333333,8.238803701381373,6.148701286363023,5.0458074689127885,8.131420428777897,2021,2.2193087461285588,7,4,2.4667569681591894,0.9017527675276757,11:30:00,False,False,2.0
2021-02-02,39.132666666666665,39.16,37.46666666666667,39.05133333333333,4.327160598988044,-0.20783999727422842,5.072943703571098,8.10701360320206,2021,3.042641271571914,10,4,2.8337639965547057,0.9358267716535444,10:10:00,False,False,2.0
2021-02-03,39.46666666666667,39.79666666666667,36.571333333333335,36.62133333333334,8.172297297297293,-7.209459459459444,1.063557368933199,7.975190610849074,2021,3.1672297297297294,6,2,3.7124205462978788,0.015502273666805795,10:25:00,False,False,2.0
2021-02-04,36.35133333333333,37.60733333333334,35.529333333333334,37.60733333333334,5.716434060190373,3.4551689988446377,-0.7372751765819863,7.1743572231938035,2021,2.574871164744072,10,4,1.3718061180686414,1.0,10:10:00,False,False,2.0
2021-02-05,38.333333333333336,38.333333333333336,36.58533333333333,36.693333333333335,4.560000000000012,-4.27826086956522,1.9304745528354372,6.94433686013045,2021,3.8539130434782622,7,1,1.8932721222797544,0.0617848970251738,10:15:00,False,False,2.0
2021-02-08,37.46666666666667,40.123333333333335,37.44466666666666,40.11333333333334,7.1494661921708325,7.064056939501784,2.107558139534893,6.202939131571419,2021,4.137010676156595,7,1,2.2399046550757307,0.9962667994026887,10:05:00,False,False,1.0
2021-02-09,39.626666666666665,40.54,39.04333333333333,39.632666666666665,3.7769179004037765,0.015141318977129892,-1.2132291839787368,5.985071629729311,2021,2.7439434724091707,7,4,2.1265831323675766,0.39376391982182724,10:10:00,False,False,1.0
2021-02-10,40.666666666666664,41.312,38.376666666666665,39.94533333333333,7.218032786885244,-1.7737704918032837,2.608958939595274,5.875023090012457,2021,2.7360655737704986,20,7,5.581418221158563,0.5344083579377694,10:40:00,True,False,0.0
2021-02-11,40.88466666666667,44.11666666666667,40.88466666666667,44.11666666666667,7.905164120208063,7.9051641202080525,2.351547114389674,5.6841701879300475,2021,2.595920230893417,12,3,2.829343629343628,1.0,12:25:00,False,False,0.0
2021-02-12,43.566,46.014,43.004,45.80466666666667,6.909057521920775,5.138563711763,-1.2482055156781247,6.121916199933585,2021,3.2793156743026026,12,3,3.191012624974876,0.9304540420819492,10:00:00,False,False,0.0
2021-02-16,47.336666666666666,47.852666666666664,45.809999999999995,46.5,4.315189071192175,-1.7674811632983567,3.3446373731934154,6.591727704317738,2021,2.432223082881488,13,4,2.4099290780141835,0.3377937336814641,12:05:00,False,False,0.0
2021-02-17,45.1,45.74133333333334,42.13866666666667,43.989333333333335,7.988174427198811,-2.4626755358462704,-3.010752688172036,6.024872280122007,2021,4.600147819660028,15,6,3.6323940979090863,0.5136935603256837,10:20:00,False,True,1.0
2021-02-18,42.20333333333333,43.266,41.02066666666666,42.656666666666666,5.320274859805705,1.074164757918017,-4.06007516973812,6.867123585481013,2021,2.7296422083563554,14,5,2.827618600281845,0.7286223277909747,10:25:00,False,False,1.0
2021-02-19,44.542,46.518,44.22266666666667,45.73066666666667,5.153188750692228,2.66864233008548,4.419785887317351,6.487572000065105,2021,1.930761977459475,12,3,2.27710581589049,0.6569851873366266,12:30:00,False,False,1.0
2021-02-22,44.0,44.936,40.18,40.686,10.80909090909091,-7.531818181818184,-3.784477228992955,5.937176926161938,2021,2.522727272727271,12,2,3.5411574235738486,0.10639192598822544,15:25:00,False,True,2.0
2021-02-23,38.49666666666667,40.744,35.068666666666665,39.86,14.74240193956187,3.5414321586284325,-5.38104835406118,6.717183603595966,2021,9.173088579097763,23,9,6.349536206147377,0.8442382238928697,10:15:00,True,True,3.0
2021-02-24,38.98266666666667,43.833999999999996,38.06666666666667,43.717999999999996,14.794609570065308,12.147279132605938,-2.201036962702796,8.802626177269904,2021,4.003488730033851,12,4,3.428153419009461,0.9798867182984626,12:10:00,False,True,4.0
2021-02-25,42.06733333333333,43.00933333333333,35.70333333333333,36.17933333333334,17.36739512844487,-13.996608611590922,-3.775714046083234,10.163913205843205,2021,2.787594491370972,20,10,4.596435164357848,0.06515192992061407,10:05:00,False,True,5.0
2021-02-26,37.943333333333335,39.70066666666666,35.80333333333333,38.65133333333333,10.271457436528161,1.8659404374945066,4.875711732296506,12.573337259571037,2021,4.341561978388832,22,14,6.068968071709002,0.7307560725282255,11:00:00,True,True,6.0
2021-03-01,40.59133333333333,42.535333333333334,39.55,42.43266666666667,7.3546077159328025,4.53627211063119,5.019231764320331,13.596990996738224,2021,3.5689063346855683,18,2,1.9367710749566003,0.9656096471639133,11:40:00,False,False,6.0
2021-03-02,42.99,42.99,38.45,38.55,10.560595487322631,-10.32798325191906,1.3134534713820978,12.906094358106603,2021,5.95487322633171,19,5,2.207001522070029,0.022026431718060426,15:55:00,False,True,7.0
2021-03-03,38.8,38.99,34.82,34.98,10.747422680412376,-9.845360824742267,0.6485084306095956,12.069733067658756,2021,3.4536082474226895,25,11,3.8731479074603614,0.03836930455635408,10:15:00,False,True,7.0
2021-03-04,34.83,35.19,28.44,29.9,19.379844961240302,-14.15446454206144,-0.42881646655230643,11.260295689728167,2021,7.694516221648004,34,24,9.059829059829061,0.21629629629629601,10:00:00,True,True,8.0
2021-03-05,32.22,32.96,27.73,32.74,16.232153941651152,1.613904407200506,7.759197324414724,11.662785656287255,2021,9.15580384854129,25,16,6.041881222107803,0.9579349904397708,12:35:00,True,True,9.0
2021-03-08,32.69,32.93,27.5,27.5,16.610584276537168,-15.876414805750994,-0.15271838729384868,12.854924957311852,2021,5.903946160905475,29,17,4.966887417218546,0.0,13:55:00,False,True,9.0
2021-03-09,30.34,33.03,30.0,32.43,9.986816084377063,6.888595912986162,10.327272727272717,14.706120269432727,2021,4.746209624258409,21,6,4.746100232326578,0.8019801980198016,10:10:00,False,True,9.0
2021-03-10,34.19,34.19,30.62,30.68,10.441649605147694,-10.266159695817489,5.4270736971939515,14.591364388843612,2021,4.35799941503362,35,19,4.430005906674539,0.016806722689075286,10:20:00,False,True,9.0
2021-03-11,33.29,35.04,32.85,34.47,6.578552117753072,3.544607990387494,8.507170795306385,14.530209773790677,2021,3.033944127365569,10,5,1.9288728149487566,0.7397260273972599,10:45:00,False,False,8.0
2021-03-12,32.55,33.59,31.85,33.35,5.345622119815674,2.457757296466978,-5.570060922541343,11.969951205093228,2021,4.854070660522269,18,6,4.281249999999992,0.8620689655172404,10:05:00,False,False,7.0
2021-03-15,33.81,35.63,33.18,35.63,7.246376811594211,5.3830227743271175,1.379310344827589,9.792644840726135,2021,2.9872818692694407,12,6,3.4441449535789204,1.0,10:10:00,False,False,7.0
2021-03-16,36.83,38.59,36.23,36.98,6.407819712191166,0.4072766766223257,3.3679483581251723,7.919803347737544,2021,3.475427640510457,14,6,2.9247540547726714,0.3177966101694906,14:30:00,False,False,6.0
2021-03-17,35.29,39.15,34.51,38.36,13.148200623406067,8.69934825729668,-4.570037858301779,7.204004073300363,2021,5.298951544346854,26,11,4.854368932038855,0.8297413793103451,15:00:00,False,True,6.0
2021-03-18,36.76,36.92,33.45,33.61,9.439608269858539,-8.569096844396086,-4.171011470281549,7.745314276952039,2021,3.26441784548423,25,11,4.233378561736778,0.046109510086454364,12:55:00,False,False,5.0
2021-03-19,34.07,35.66,32.38,34.73,9.627238039330772,1.937188142060453,1.3686402856292856,8.317525507373132,2021,4.901673026122694,20,10,4.308252427184467,0.7164634146341459,11:00:00,False,False,4.0
2021-03-22,35.96,38.2,35.62,37.0,7.174638487208024,2.8921023359288034,3.5416066801036594,9.17384869127615,2021,2.8086763070077807,9,3,2.232765838682682,0.5348837209302324,10:50:00,False,False,3.0
2021-03-23,37.36,37.5,33.51,33.96,10.679871520342617,-9.10064239828693,0.972972972972963,9.159501026398914,2021,4.282655246252681,18,7,3.1737346101231134,0.1127819548872187,10:35:00,False,False,2.0
2021-03-24,35.56,36.13,32.55,32.55,10.06749156355457,-8.464566929133877,4.711425206124864,10.013911388029204,2021,4.808773903262095,19,5,3.561004086398123,0.0,10:50:00,False,False,1.0
2021-03-25,30.93,33.18,30.1,32.8,9.957969608794045,6.045910119624942,-4.9769585253456095,9.397769576058904,2021,5.69026834788232,26,13,4.519774011299427,0.8766233766233757,10:50:00,False,False,1.0
2021-03-26,32.81,37.74,32.71,37.61,15.330691862237126,14.629686071319714,0.03048780487806546,9.501441843846006,2021,4.785126485827492,15,5,4.675324675324699,0.9741550695825044,15:15:00,False,True,2.0
2021-03-29,36.4,36.91,34.5,35.75,6.620879120879112,-1.7857142857142794,-3.2172294602499374,10.642132608427278,2021,3.9010989010988864,19,9,4.476397178513292,0.5186721991701252,10:05:00,False,False,2.0
2021-03-30,35.12,35.78,34.28,35.44,4.271070615034169,0.9111617312072884,-1.7622377622377727,10.531380735161495,2021,2.7619589977220924,17,7,2.228009259259256,0.7733333333333311,10:45:00,False,False,2.0
2021-03-31,36.43,38.98,36.35,38.26,7.219324732363424,5.0233324183365236,2.7934537246049773,9.249620554099804,2021,4.364534724128456,12,6,3.435114503816794,0.7262357414448669,10:05:00,False,False,1.0
2021-04-01,40.11,42.44,40.05,42.44,5.958613812016955,5.809025180752925,4.835337166753795,8.679987187861576,2021,3.540264273248571,9,3,1.3421181063933751,1.0,13:55:00,False,False,1.0
2021-04-05,44.53,45.3,42.9,45.0,5.389624971929034,1.0554682236694424,4.924599434495769,7.880116028506157,2021,3.9748484167976716,9,4,2.7163904235727454,0.8750000000000011,10:20:00,False,False,1.0
2021-04-06,44.12,44.97,42.07,43.39,6.572982774252037,-1.654578422484132,-1.955555555555566,5.891902650444538,2021,2.5158658204895725,17,5,4.444945848375448,0.45517241379310375,13:25:00,False,False,1.0
2021-04-07,43.8,44.0,42.34,43.38,3.7899543378995357,-0.9589041095890316,0.9449181839133347,5.882323381119124,2021,3.2648401826484013,12,5,2.2222222222222365,0.6265060240963863,10:00:00,False,False,1.0
2021-04-08,44.73,45.0,43.6,44.79,3.129890453834113,0.13413816230718467,3.112033195020736,5.786100125692197,2021,2.5709814442208776,8,2,1.8369175627240164,0.8499999999999992,10:10:00,False,False,1.0
2021-04-09,43.83,44.5,43.13,44.5,3.1257129819758096,1.5286333561487675,-2.1433355659745468,4.968213269986335,2021,1.9849418206707676,8,3,2.0106309221169294,1.0,10:05:00,False,False,1.0
2021-04-12,43.72,43.79,41.8,43.03,4.5516925892040305,-1.5782250686184773,-1.752808988764043,4.401633103978106,2021,3.1564501372369684,8,4,2.394791908858407,0.6180904522613079,10:40:00,False,False,0.0
2021-04-13,44.0,44.13,41.57,42.72,5.818181818181823,-2.9090909090909167,2.2542412270508905,4.234046627433105,2021,3.0681818181818215,13,5,2.7790643816581806,0.44921874999999906,10:20:00,False,False,0.0
2021-04-14,42.47,43.47,40.63,41.23,6.687073228161046,-2.919708029197088,-0.5852059925093633,4.083086436219062,2021,3.1316223216388,14,5,2.8632784538296208,0.2112676056338011,14:05:00,False,False,0.0
2021-04-15,42.35,43.66,41.62,43.45,4.817001180637543,2.5974025974025983,2.716468590831922,4.662510214271364,2021,2.432113341204253,11,2,2.1246789633434404,0.8970588235294148,10:00:00,False,False,0.0
2021-04-16,43.51,43.64,42.48,42.72,2.6660537807400684,-1.815674557572966,0.1380897583429075,4.99993235963205,2021,2.2293725580326336,7,3,1.15366866635902,0.20689655172413898,10:35:00,False,False,0.0
2021-04-19,41.77,42.29,38.25,39.46,9.672013406751253,-5.53028489346421,-2.223782771535565,4.908000519384902,2021,2.346181469954505,19,5,3.6264517658212925,0.29950495049504977,10:10:00,False,False,0.0
2021-04-20,39.01,39.53,37.03,37.6,6.408613176108691,-3.6144578313252906,-1.1403953370501818,5.932064682894347,2021,2.7172519866700906,10,5,3.465092402464065,0.22800000000000012,10:50:00,False,False,0.0
2021-04-21,37.93,40.77,37.34,40.74,9.042973899288162,7.408383865014501,0.8776595744680815,6.0501509544797205,2021,4.66649090429738,7,1,3.15148305084747,0.9912536443148685,10:05:00,False,False,0.0
2021-04-22,40.37,40.61,37.27,37.94,8.27347039881099,-6.019321278176859,-0.9081983308787511,6.521331088705144,2021,4.458756502353226,16,6,4.078511343359659,0.2005988023952082,13:55:00,False,False,0.0
2021-04-23,38.34,40.57,38.3,40.18,5.920709441836211,4.799165362545632,1.0542962572483106,7.212624932339833,2021,3.234220135628591,8,1,2.097723202865165,0.8281938325991189,10:10:00,False,False,0.0
2021-04-26,40.09,42.46,40.0,42.18,6.136193564479922,5.213270142180093,-0.22399203583871596,7.86355606455906,2021,3.9411324519830337,7,1,3.0355380059229997,0.8861788617886175,10:00:00,False,False,0.0
2021-04-27,42.78,42.91,40.95,41.27,4.581580177653094,-3.5296867695184586,1.4224751066856278,7.1563920961047955,2021,3.085553997194935,8,1,3.277153558052426,0.16326530612244963,10:05:00,False,False,0.0
2021-04-28,40.66,40.69,39.31,39.41,3.3939990162321583,-3.0742744712247916,-1.4780712381875616,6.7909854964136755,2021,2.7545499262174067,9,5,1.8555170707570512,0.07246376811593815,10:35:00,False,False,0.0
2021-04-29,41.18,41.22,38.48,40.33,6.6537153958232205,-2.06410879067509,4.49124587668106,5.661190519802474,2021,3.8125303545410403,8,4,2.346707040121121,0.6751824817518248,12:10:00,False,False,0.0
2021-04-30,38.35,39.17,36.56,36.9,6.8057366362451095,-3.780964797913955,-4.909496652615908,5.337239519204921,2021,2.268578878748382,9,3,2.2951694689084534,0.13026819923371508,14:00:00,False,False,0.0
2021-05-03,37.69,37.79,35.07,35.62,7.21676837357389,-5.492172990183075,2.1409214092140916,5.514244958086701,2021,3.0777394534359157,9,2,2.242031334413841,0.2022058823529402,10:20:00,False,False,0.0
2021-05-04,34.35,34.45,32.0,33.9,7.132459970887926,-1.3100436681222738,-3.565412689500269,5.730359919905494,2021,5.502183406113539,16,5,5.004389815627741,0.7755102040816312,10:05:00,False,False,0.0
2021-05-05,35.06,35.79,33.74,34.45,5.847119224187099,-1.739874500855676,3.4218289085545806,6.240535878552461,2021,3.251568739304052,15,3,3.2729398012858013,0.34634146341463506,10:50:00,False,False,0.0
2021-05-06,34.2,35.4,33.16,35.37,6.549707602339186,3.4210526315789247,-0.7256894049346929,6.731159920143449,2021,3.011695906432731,17,7,3.832442067736208,0.9866071428571423,11:40:00,False,False,0.0
2021-05-07,36.51,37.55,35.91,36.93,4.491920021911807,1.1503697617091246,3.2230703986429132,6.710358361446643,2021,3.067652697890982,9,5,2.3574561403509,0.6219512195121968,10:30:00,False,False,0.0
2021-05-10,35.86,36.0,31.88,31.88,11.489124372559958,-11.09871723368656,-2.8973734091524483,6.247595038579982,2021,6.358059118795318,9,5,3.006421482778754,0.0,10:45:00,False,True,1.0
2021-05-11,29.02,32.31,28.69,32.08,12.474155754651967,10.544452101998614,-8.971141781681302,7.102066238377195,2021,8.959338387319082,25,9,5.2766229613047555,0.9364640883977889,10:25:00,False,True,2.0
2021-05-12,30.11,30.56,27.81,28.09,9.13317834606443,-6.708734639654601,-6.1408977556109745,8.170405395130004,2021,3.155097974094983,22,8,3.435744962008591,0.10181818181818224,10:15:00,False,False,2.0
2021-05-13,29.57,30.5,28.3,29.26,7.439972945552922,-1.0483598241460945,5.26877892488431,8.82761721950547,2021,3.1112614135948533,27,6,3.377902885292028,0.4363636363636369,14:05:00,False,False,2.0
2021-05-14,30.5,32.68,29.58,31.89,10.163934426229511,4.557377049180333,4.237867395762129,9.005670288148217,2021,3.2131147540983616,5,3,3.351206434316345,0.745161290322581,10:10:00,False,False,2.0
2021-05-17,30.89,31.1,29.43,31.09,5.406280349627717,0.6474587245063113,-3.135779241141423,10.140073169011758,2021,4.629329880220135,18,9,3.7467700258397962,0.9940119760479033,10:05:00,False,False,2.0
2021-05-18,31.72,32.08,30.22,30.29,5.863808322824714,-4.508196721311474,2.026375040205841,8.923504364425309,2021,2.90037831021437,13,7,2.384737678855331,0.0376344086021507,14:40:00,False,False,2.0
2021-05-19,28.54,32.17,28.22,32.07,13.840224246671347,12.368605466012617,-5.777484318256853,7.601434878059858,2021,3.7491240364400853,25,9,3.7991858887381325,0.9746835443037971,11:05:00,False,True,3.0
2021-05-20,32.73,34.98,32.67,34.6,7.057745187900995,5.713412771157977,2.0579981290925975,8.542844058181242,2021,3.941338221814847,8,1,1.1173184357541999,0.8354978354978371,13:10:00,False,False,3.0
2021-05-21,35.3,35.35,33.81,34.12,4.362606232294616,-3.3427762039660025,2.023121387283222,8.466398506650856,2021,2.8045325779036885,15,5,2.1615472127417434,0.20129870129869828,10:25:00,False,False,3.0
2021-05-24,34.98,37.14,34.91,36.48,6.375071469411105,4.288164665523153,2.520515826494729,7.3061328678638775,2021,3.401943967981718,4,1,1.3102871480345835,0.7040358744394608,10:30:00,False,False,2.0
2021-05-25,37.33,37.75,36.24,36.93,4.0450040182159075,-1.0715242432359995,2.3300438596491224,7.4998910918205555,2021,2.919903562818118,12,5,3.186404673393506,0.4569536423841051,11:25:00,False,False,1.0
2021-05-26,37.0,37.68,36.18,37.14,4.054054054054054,0.3783783783783745,0.18954779312212455,7.136130230898795,2021,2.8108108108108083,7,3,2.365762892078682,0.6400000000000006,10:00:00,False,False,1.0
2021-05-27,36.88,38.26,36.71,37.74,4.202819956616044,2.331887201735361,-0.7000538502961673,5.178896192375335,2021,2.1149674620390484,11,2,2.29916148228293,0.66451612903226,10:15:00,False,False,1.0
2021-05-28,38.07,39.27,37.88,38.75,3.6511688993958513,1.7861833464670296,0.8744038155802825,4.6079111461183455,2021,2.521670606776992,6,1,1.1624903125807107,0.6258992805755375,11:40:00,False,False,1.0
2021-06-01,39.52,40.54,37.74,38.29,7.085020242914972,-3.1123481781376583,1.987096774193553,4.465623679538592,2021,2.631578947368419,8,5,4.243176178660035,0.19642857142857062,10:10:00,False,False,1.0
2021-06-02,38.27,39.58,37.91,39.2,4.3637313822837775,2.430101907499349,-0.052232958997111556,4.607613434239366,2021,3.8411288215312407,9,4,2.041871284569652,0.7724550898203623,10:40:00,False,False,1.0
2021-06-03,37.83,38.28,36.51,37.06,4.678826328310873,-2.035421623050482,-3.494897959183685,4.67135890705294,2021,4.308749669574419,11,3,2.6329930145083447,0.310734463276838,11:10:00,False,False,0.0
2021-06-04,38.09,39.99,38.05,39.71,5.0932003150433305,4.2530847991598675,2.7792768483540176,4.7963133619043035,2021,3.255447624048312,6,1,2.5129533678756477,0.8556701030927832,10:00:00,False,False,0.0
2021-06-07,39.26,39.44,38.15,38.89,3.285787060621496,-0.942435048395307,-1.1332158146562632,4.974389433589761,2021,1.8848700967906136,7,2,1.9862490450725745,0.5736434108527151,10:15:00,False,False,0.0
2021-06-08,39.52,39.97,37.3,38.13,6.75607287449393,-3.5172064777327927,1.6199537156081245,4.90131306583489,2021,3.7955465587044532,4,2,3.125,0.3108614232209756,10:00:00,False,False,0.0
2021-06-09,38.56,38.89,37.62,37.68,3.2935684647302983,-2.2821576763485507,1.1277209546288969,4.835523592150682,2021,3.1639004149377565,7,1,1.1171732917640953,0.04724409448819065,10:00:00,False,False,0.0
2021-06-10,37.81,39.37,37.52,38.97,4.8928854800317225,3.067971436128003,0.3450106157112609,4.621491008639985,2021,4.443268976461252,4,3,3.043590404952279,0.7837837837837839,10:50:00,False,False,0.0
2021-06-11,39.05,39.49,38.57,39.47,2.3559539052496845,1.075544174135734,0.20528611752630432,4.664302838984155,2021,2.048655569782323,7,2,1.1870967741935523,0.9782608695652141,10:10:00,False,False,0.0
2021-06-14,39.84,41.17,39.05,41.16,5.32128514056226,3.3132530120481674,0.9374208259437689,4.1168535570254265,2021,2.284136546184748,6,5,3.1069907291405796,0.9952830188679221,12:10:00,False,False,0.0
2021-06-15,40.74,41.6,39.74,40.06,4.565537555228275,-1.6691212567501168,-1.0204081632652962,4.523953173013579,2021,3.141875306823763,8,4,2.2716288061865764,0.17204301075268838,10:25:00,False,False,0.0
2021-06-16,40.48,40.89,38.07,39.17,6.966403162055338,-3.236166007905128,1.0484273589615345,4.085846109160448,2021,1.655138339920953,15,4,3.711133400200617,0.39007092198581605,14:15:00,False,False,0.0
2021-06-17,38.69,41.17,38.65,40.25,6.513310933057646,4.032049625226164,-1.225427623181019,4.820413048625456,2021,3.5409666580511883,8,5,3.304981773997573,0.6349206349206347,12:15:00,False,False,0.0
2021-06-18,39.3,39.58,36.75,37.33,7.201017811704831,-5.01272264631043,-2.360248447204971,5.14449813923064,2021,2.722646310432571,17,3,2.6344378055404682,0.2049469964664306,15:35:00,False,False,0.0
2021-06-21,37.55,38.17,36.59,38.11,4.20772303595206,1.4913448735019985,0.5893383337798097,6.113510920521669,2021,4.20772303595206,10,4,2.6851098454027778,0.9620253164556947,10:05:00,False,False,0.0
2021-06-22,37.88,38.83,37.4,38.58,3.7750791974656797,1.8479408658922836,-0.6035161374967069,5.890798499599629,2021,1.8215417106652712,7,3,2.213923712990118,0.8251748251748251,10:10:00,False,False,0.0
2021-06-23,38.6,39.63,38.59,39.01,2.6943005181347126,1.0621761658031081,0.05184033177814129,5.73270682804711,2021,2.2279792746113976,9,1,1.4890885750962646,0.40384615384614897,10:05:00,False,False,0.0
2021-06-24,39.88,41.23,39.88,41.07,3.3851554663991834,2.983951855566702,2.230197385285826,4.878286299262986,2021,2.031093279839506,3,1,1.0066290203781136,0.8814814814814835,14:35:00,False,False,0.0
2021-06-25,41.17,41.69,40.29,40.65,3.4005343696866612,-1.2630556230264878,0.24348672997323018,4.252655205931293,2021,1.8460043721156134,8,1,1.374156219864997,0.257142857142857,12:25:00,False,False,0.0
2021-06-28,41.5,44.08,41.45,43.65,6.33734939759035,5.180722891566258,2.091020910209096,3.4925585175276597,2021,2.530120481927704,3,1,1.757631822386685,0.8365019011406842,12:15:00,False,False,0.0
2021-06-29,43.31,44.69,42.88,44.6,4.179173401062099,2.9785268990995206,-0.7789232531500434,3.918483789855317,2021,2.65527591780189,7,3,1.971447994561537,0.9502762430939246,10:05:00,False,False,0.0
2021-06-30,44.37,44.73,43.67,44.54,2.3890015776425404,0.3831417624521105,-0.5156950672645877,3.9993026305746016,2021,2.321388325445123,11,4,1.2354152367879179,0.8207547169811334,10:00:00,False,False,0.0
2021-07-01,44.18,44.37,42.13,42.54,5.070167496604787,-3.712086917157087,-0.808262236192181,3.938242842476167,2021,3.3046627433227727,9,4,2.6485490557346836,0.1830357142857132,11:20:00,False,False,0.0
2021-07-02,43.6,43.7,42.25,43.29,3.325688073394502,-0.7110091743119273,2.4917724494593285,4.2752452485172885,2021,1.6743119266055138,8,2,1.4600231749710257,0.7172413793103428,12:20:00,False,False,0.0
2021-07-06,43.64,44.14,41.36,42.99,6.370302474793769,-1.4894592117323469,0.8085008085008116,4.260275989258855,2021,1.8102658111823995,7,2,3.760445682451252,0.5863309352517992,12:15:00,False,False,0.0
2021-07-07,43.8,43.91,40.69,41.22,7.35159817351598,-5.890410958904102,1.8841591067690011,4.26686660469954,2021,2.8767123287671192,10,2,4.344762799436364,0.1645962732919259,10:40:00,False,False,0.0
2021-07-08,38.5,40.38,37.76,39.8,6.805194805194817,3.3766233766233666,-6.5987384764677355,4.901351559190315,2021,3.298701298701307,14,3,3.0110935023771823,0.7786259541984716,10:15:00,False,False,0.0
2021-07-09,40.2,41.94,39.25,41.77,6.691542288557208,3.90547263681591,1.005025125628145,5.784590204700772,2021,2.8109452736318468,2,2,2.385181426034011,0.9368029739776971,10:05:00,False,False,0.0
2021-07-12,42.13,43.33,41.81,43.33,3.6078803702824493,2.8483266081177128,0.8618625807996105,6.108865163091255,2021,1.6140517446000466,9,2,2.1889126814180315,1.0,11:55:00,False,False,0.0
2021-07-13,42.75,43.32,42.1,42.63,2.853801169590641,-0.2807017543859591,-1.3385645049619144,6.165303622468845,2021,2.058479532163732,5,3,1.6583747927031434,0.43442622950819804,14:30:00,False,False,0.0
2021-07-14,43.42,44.79,41.86,42.18,6.748042376784891,-2.8558268079226234,1.8531550551254883,5.462003361428219,2021,3.1782588668816274,12,4,2.9511151160171223,0.10921501706484653,10:30:00,False,False,0.0
2021-07-15,41.79,41.81,38.55,39.44,7.80090930844701,-5.623354869586028,-0.9246088193456625,5.341292202082,2021,5.120842306771956,13,4,3.416227078623457,0.2730061349693249,10:10:00,False,False,0.0
2021-07-16,40.11,40.45,36.59,36.75,9.623535277985539,-8.376963350785338,1.6987829614604433,5.54043510273244,2021,2.543006731488415,7,1,3.309752400202115,0.04145077720207166,10:25:00,False,True,1.0
2021-07-19,35.21,36.93,34.71,36.82,6.305026980971312,4.572564612326047,-4.190476190476189,6.126833700618105,2021,2.8401022436807724,18,5,3.337136337706781,0.9504504504504507,10:25:00,False,False,1.0
2021-07-20,37.14,39.08,35.85,38.34,8.696822832525571,3.231017770597755,0.869092884302014,6.666263022755878,2021,3.769520732364024,9,2,2.6206896551724146,0.7708978328173388,10:30:00,False,False,1.0
2021-07-21,38.67,41.84,38.6,41.83,8.378588052754079,8.171709335402122,0.8607198748043832,7.834867355342864,2021,5.689164727178681,7,3,3.6774029926452068,0.996913580246912,10:00:00,False,False,1.0
2021-07-22,40.85,41.62,39.9,40.73,4.210526315789471,-0.2937576499388084,-2.3428161606502407,8.160976490536703,2021,2.8641370869032916,7,3,2.4267179240749615,0.482558139534883,10:05:00,False,False,1.0
2021-07-23,41.4,41.61,39.95,41.51,4.009661835748783,0.26570048309177974,1.6449791308617678,7.442899892005194,2021,3.0434782608695605,6,2,1.7931712110046627,0.9397590361445773,11:35:00,False,False,1.0
2021-07-26,40.58,41.79,40.58,41.44,2.9817644159684598,2.119270576638743,-2.2404239942182547,6.3201252035578435,2021,2.6860522424839908,8,3,1.5343399902581378,0.7107438016528916,10:00:00,False,False,1.0
2021-07-27,40.8,40.86,36.71,39.13,10.171568627450977,-4.093137254901946,-1.5444015444015413,5.655472690557272,2021,3.6764705882352944,12,2,2.8136293236964427,0.5831325301204825,11:30:00,False,True,2.0
2021-07-28,39.48,41.5,39.02,41.11,6.28166160081053,4.12867274569404,0.8944543828264706,5.950421849542354,2021,2.8368794326241074,13,4,2.5505050505050475,0.8427419354838706,11:10:00,False,False,2.0
2021-07-29,41.23,43.69,41.23,43.45,5.966529226291538,5.384428813970432,0.2918997810751556,5.531036559153644,2021,4.098957070094603,8,1,2.01469542545627,0.902439024390246,10:35:00,False,False,2.0
2021-07-30,42.02,44.5,42.02,44.34,5.901951451689664,5.521180390290348,-3.2911392405063244,5.882237141254057,2021,4.997620180866241,7,3,3.1054461181923676,0.9354838709677432,10:00:00,False,False,1.0
2021-08-02,45.17,46.89,44.88,45.19,4.4498560991808676,0.044277175116214096,1.871898962562013,6.260695064442234,2021,3.1658180208102715,11,6,2.618587679759621,0.15422885572139078,12:05:00,False,False,1.0
2021-08-03,45.29,45.98,43.61,45.94,5.2329432545815795,1.4351954073746898,0.2212878955521136,6.554313401084715,2021,3.5548686244204006,16,6,3.0640036314117047,0.9831223628691986,11:50:00,False,False,1.0
2021-08-04,46.04,48.15,46.0,47.59,4.669852302345783,3.3666377063423125,0.217675228559,5.5665883265108365,2021,2.6064291920069564,12,5,2.1780909673286386,0.7395348837209323,11:00:00,False,False,1.0
2021-08-05,48.18,48.2,46.44,47.17,3.6529680365296913,-2.096305520963049,1.2397562513132954,5.244226466817887,2021,1.639684516396858,7,3,2.1957340025094085,0.41477272727272835,10:30:00,False,False,1.0
2021-08-06,46.4,47.27,46.2,46.63,2.3060344827586214,0.4956896551724155,-1.63239347042613,4.781514228865516,2021,2.004310344827586,6,3,1.3519313304720892,0.4018691588785043,10:00:00,False,False,1.0
2021-08-09,46.9,47.27,45.54,46.1,3.6886993603411597,-1.7057569296375252,0.579026377868308,4.062330835079308,2021,3.6886993603411597,7,3,1.525719267654746,0.3236994219653185,10:20:00,False,False,1.0
2021-08-10,46.3,46.57,43.5,44.44,6.630669546436287,-4.017278617710584,0.433839479392617,3.910099487311367,2021,2.742980561555082,11,3,3.6171151301279236,0.3061889250814325,10:40:00,False,False,0.0
2021-08-11,45.06,45.12,42.42,44.1,5.992010652463373,-2.130492676431428,1.3951395139514045,4.189644745682308,2021,2.3524189968930207,10,2,2.337305224564623,0.6222222222222231,11:15:00,False,False,0.0
2021-08-12,43.46,43.5,41.56,42.6,4.463874827427515,-1.978831109065804,-1.4512471655328762,4.454076415705826,2021,4.003681546249429,11,2,2.1582733812949506,0.5360824742268043,10:30:00,False,False,0.0
2021-08-13,42.65,43.6,42.28,43.47,3.0949589683470116,1.9226260257913186,0.11737089201877549,4.616257773885391,2021,1.6647127784290758,7,1,2.1825862473597635,0.9015151515151496,10:20:00,False,False,0.0
2021-08-16,42.9,43.43,41.93,43.01,3.4965034965034967,0.2564102564102555,-1.3112491373360902,4.77404267100307,2021,1.7715617715617669,11,2,2.682080924855479,0.7199999999999989,10:15:00,False,False,0.0
2021-08-17,41.92,42.08,39.34,40.49,6.5362595419847205,-3.4112595419847347,-2.534294350151123,4.735603498235537,2021,4.460877862595414,12,4,3.005464480874309,0.41970802919708056,10:40:00,False,False,0.0
2021-08-18,40.29,40.96,38.58,38.67,5.907172995780597,-4.020848845867453,-0.4939491232403115,4.716721497345223,2021,2.8294862248696964,9,6,3.058410629230379,0.03781512605042156,15:55:00,False,False,0.0
2021-08-19,38.18,40.26,37.14,39.61,8.171817705605022,3.7454164484022945,-1.2671321437807137,4.699753966008669,2021,2.9596647459402896,15,4,3.8984824699110465,0.791666666666667,11:15:00,False,True,1.0
2021-08-20,39.97,40.75,39.01,40.41,4.353264948711539,1.1008256192144072,0.9088613986367067,5.44134254164417,2021,2.7270452839629806,10,3,2.127659574468088,0.8045977011494235,11:50:00,False,False,1.0
2021-08-23,41.4,43.79,41.4,43.66,5.772946859903383,5.458937198067626,2.4498886414253906,5.693003737717075,2021,3.5990338164251257,7,3,1.9097636667462226,0.9456066945606684,10:55:00,False,False,1.0
2021-08-24,43.98,44.44,43.38,43.67,2.4101864483856192,-0.7048658481127679,0.7329363261566746,6.148292410397052,2021,2.114597544338335,8,2,1.8974474813643671,0.2735849056603778,10:10:00,False,False,1.0
2021-08-25,44.18,45.65,44.11,44.72,3.4857401539157973,1.2222725215029318,1.1678497824593403,5.323077791677232,2021,2.942507922136707,8,4,1.593978304184196,0.39610389610389596,10:45:00,False,False,1.0
2021-08-26,44.52,45.33,43.7,44.69,3.6612758310871416,0.38185085354895953,-0.4472271914132242,4.8387912233042725,2021,2.5831087151841836,8,4,2.3171285779191253,0.6073619631901827,10:05:00,False,False,1.0
2021-08-27,44.85,47.5,44.69,47.35,6.265328874024531,5.5741360089186065,0.3580219288431552,3.9366828484006966,2021,2.162764771460421,6,1,2.3788546255506526,0.946619217081851,10:20:00,False,False,1.0
2021-08-30,47.84,49.0,47.12,47.69,3.9297658862876306,-0.31354515050168175,1.0348468848996983,4.319095633463294,2021,2.550167224080265,7,2,2.0573566084787887,0.30319148936170187,11:15:00,False,False,1.0
2021-08-31,47.67,47.97,45.37,46.54,5.454164044472417,-2.3704636039437843,-0.04193751310546112,3.950459438740144,2021,5.265366058317595,7,2,2.5143831238014003,0.4500000000000004,10:00:00,False,False,1.0
2021-09-01,47.34,47.34,45.83,45.92,3.1896915927334284,-2.9995775242923517,1.7189514396218408,4.559254957957504,2021,2.175749894381075,7,1,1.8644067796610209,0.059602649006624576,10:05:00,False,False,1.0
2021-09-02,46.35,46.72,45.7,46.29,2.2006472491909297,-0.12944983818771183,0.9364111498257888,4.50004524572103,2021,1.769147788565265,6,2,1.4416775884665611,0.5784313725490182,10:40:00,False,False,0.0
2021-09-03,46.14,47.85,45.96,47.24,4.096228868660599,2.3840485478977103,-0.3240440699935121,4.207919529341788,2021,3.85782401387083,6,2,1.989304812834214,0.6772486772486777,10:00:00,False,False,0.0
2021-09-07,47.36,47.41,45.92,46.71,3.146114864864854,-1.3724662162162171,0.2540220152413175,3.7740995282690006,2021,2.259290540540526,4,2,2.4824952259707267,0.5302013422818804,10:05:00,False,False,0.0
2021-09-08,46.1,46.37,43.76,44.93,5.661605206073752,-2.5379609544468607,-1.3059302076643076,3.6173693239844456,2021,3.4707158351409855,8,2,2.9126213592232997,0.44827586206896625,10:50:00,False,False,0.0
2021-09-09,44.92,46.26,44.89,45.48,3.049866429207474,1.2466607301869992,-0.022256843979517882,3.6588575563047128,2021,2.203918076580592,8,2,1.692708333333337,0.43065693430656743,13:40:00,False,False,0.0
2021-09-10,46.64,48.63,46.51,46.56,4.545454545454556,-0.17152658662091813,2.5505716798592815,3.6308925235995217,2021,4.3524871355060055,6,4,1.9966722129783676,0.02358490566037932,10:30:00,False,False,0.0
2021-09-13,47.81,48.17,45.92,47.87,4.706128425015687,0.1254967580003985,2.684707903780059,4.099853982852247,2021,2.8445931813428142,13,8,2.98476309747443,0.8666666666666648,10:20:00,False,False,0.0
2021-09-14,48.39,48.97,47.14,47.9,3.7817730936143796,-1.0126059103120477,1.0862753290160843,4.2218338941232645,2021,2.293862368257903,10,3,1.778242677824271,0.4153005464480867,11:45:00,False,False,0.0
2021-09-15,48.06,48.69,46.76,48.65,4.015813566375363,1.2276321265085155,0.3340292275574086,4.34896553987317,2021,2.7673741156887335,10,4,1.9444444444444597,0.9792746113989642,11:20:00,False,False,0.0
2021-09-16,47.74,49.53,47.02,49.04,5.257645580226221,2.72308336824465,-1.8705035971222972,4.019807211933492,2021,1.738583996648509,7,3,1.829141550613178,0.804780876494023,14:10:00,False,False,0.0
2021-09-17,48.64,48.65,45.97,46.75,5.509868421052631,-3.8856907894736836,-0.815660685154973,4.461363042137242,2021,3.885690789473685,13,2,1.6677089847821458,0.29104477611940344,10:00:00,False,False,0.0
2021-09-20,43.75,44.2,41.16,43.25,6.948571428571443,-1.1428571428571455,-6.417112299465244,4.6542458172568555,2021,3.2228571428571517,14,3,3.000714455822817,0.6874999999999997,15:55:00,False,True,1.0
2021-09-21,44.05,44.52,42.35,43.59,4.926220204313284,-1.0442678774120195,1.8497109826589586,5.102734417968008,2021,3.1328036322361017,11,5,2.751224061552815,0.5714285714285718,11:30:00,False,False,1.0
2021-09-22,44.4,46.57,44.01,46.29,5.765765765765772,4.256756756756763,1.8582243633860962,5.331623840107788,2021,2.4999999999999987,7,3,2.7828054298642435,0.8906249999999997,10:05:00,False,False,1.0
2021-09-23,46.89,48.55,46.42,48.11,4.54254638515674,2.601834079761134,1.2961762799740706,5.681614279985871,2021,3.156323309874167,6,1,3.453453453453448,0.7934272300469489,10:00:00,False,False,1.0
2021-09-24,46.8,48.23,46.78,47.92,3.0982905982905895,2.393162393162407,-2.7229266264809815,5.538594440971974,2021,2.0085470085470036,8,1,1.3025838137945778,0.7862068965517268,10:15:00,False,False,1.0
2021-09-27,46.48,48.19,45.56,47.67,5.658347676419956,2.5602409638554313,-3.005008347245419,5.056278876419566,2021,3.851118760757313,7,4,2.3412096249729064,0.802281368821294,10:10:00,False,False,1.0
2021-09-28,45.01,45.79,42.05,42.12,8.309264607864923,-6.420795378804711,-5.580029368575634,4.798234125989268,2021,4.265718729171299,15,5,2.502234137622872,0.018716577540107016,10:25:00,False,True,2.0
2021-09-29,42.55,42.68,39.78,40.07,6.815511163337247,-5.828437132784947,1.0208926875593605,5.474843006699596,2021,3.9482961222091655,15,5,2.495759631693728,0.09999999999999976,11:35:00,False,False,2.0
2021-09-30,40.99,41.95,40.0,40.0,4.757257867772634,-2.415223225176877,2.2959820314449653,5.684792086213891,2021,2.342034642595757,15,6,2.696196437168985,0.0,11:45:00,False,False,2.0
2021-10-01,40.58,40.7,38.06,39.97,6.5056678166584545,-1.5032035485460837,1.4499999999999957,5.72773438273707,2021,4.657466732380485,13,2,2.653738198520028,0.7234848484848471,10:25:00,False,False,2.0
2021-10-04,39.31,39.52,36.57,36.99,7.5044517934367905,-5.901806156194356,-1.6512384288216109,6.409209826410643,2021,4.629865174255915,20,7,2.8063851699279163,0.14237288135593265,10:00:00,False,False,1.0
2021-10-05,37.6,39.39,37.25,38.65,5.6914893617021285,2.792553191489344,1.649094349824276,6.77843064981401,2021,2.021276595744675,8,2,1.9456289978677876,0.6542056074766347,10:25:00,False,False,1.0
2021-10-06,37.32,39.14,36.92,39.05,5.948553054662376,4.6355841371918505,-3.441138421733503,6.254875600581451,2021,3.7245444801714913,17,9,3.183166981386565,0.9594594594594579,10:30:00,False,False,1.0
2021-10-07,40.56,42.03,40.27,40.38,4.3392504930966425,-0.4437869822485174,3.8668373879641615,6.081483978846476,2021,2.4654832347140037,4,2,1.6845703125,0.06249999999999975,10:15:00,False,False,1.0
2021-10-08,40.9,41.07,39.08,39.24,4.865525672371644,-4.0586797066014535,1.2877662209014318,5.997882503911279,2021,3.911980440097803,13,5,1.9201995012468887,0.08040201005025303,10:40:00,False,False,1.0
2021-10-11,38.76,40.39,38.36,38.38,5.237358101135194,-0.9803921568627305,-1.2232415902140747,5.669854075053916,2021,3.9989680082559453,6,2,1.8805590851334264,0.009852216748770008,10:00:00,False,False,1.0
2021-10-12,39.2,39.31,36.5,37.02,7.168367346938781,-5.561224489795913,2.1365294424179337,5.216435336593596,2021,3.0612244897959253,16,4,2.205303229194022,0.1850533807829191,10:55:00,False,False,0.0
2021-10-13,37.7,38.3,37.24,37.67,2.8116710875331434,-0.07957559681698312,1.8368449486763971,5.511810933640928,2021,2.307692307692301,16,4,2.0975353959097998,0.40566037735849214,10:10:00,False,False,0.0
2021-10-14,39.64,41.06,39.34,41.06,4.339051463168514,3.5822401614530763,5.229625696840978,4.88443454021508,2021,2.4722502522704257,7,1,1.5232292460015229,1.0,10:00:00,False,False,0.0
2021-10-15,42.03,42.29,41.3,41.89,2.3554603854389766,-0.33309540804187243,2.362396492937169,4.8843947342294545,2021,1.8320247442303192,8,2,1.978287092882991,0.5959595959595982,10:55:00,False,False,0.0
2021-10-18,41.12,42.97,40.44,42.91,6.152723735408563,4.353112840466933,-1.8381475292432614,4.382381676842922,2021,3.720817120622571,3,1,3.114186851211076,0.9762845849802363,10:00:00,False,False,0.0
2021-10-19,43.11,44.48,42.63,44.45,4.2913477151472845,3.1083275342148164,0.46609182008856553,4.5654548036975955,2021,2.041289723961947,8,1,1.6250858319981631,0.983783783783787,11:50:00,False,False,0.0
2021-10-20,44.13,44.73,43.63,44.18,2.492635395422602,0.11330160888283203,-0.7199100112485923,3.9900508773392964,2021,1.2009970541581716,8,2,1.6822005001136509,0.5,10:30:00,False,False,0.0
2021-10-21,43.33,45.72,43.3,45.62,5.585045003461809,5.285021924763433,-1.9239474875509366,3.926243738917188,2021,2.1693976459727784,3,1,1.187756966651432,0.9586776859504127,10:15:00,False,False,0.0
2021-10-22,44.83,46.23,43.77,43.99,5.487396832478238,-1.8737452598706184,-1.731696624287593,4.175442446975847,2021,3.256747713584639,8,3,3.1599736668861067,0.08943089430894285,11:35:00,False,False,0.0
2021-10-25,44.6,45.67,44.16,44.98,3.385650224215258,0.8520179372197179,1.3866787906342326,4.8018297363836995,2021,2.847533632287002,6,4,1.4569536423840956,0.5430463576158924,10:00:00,False,False,0.0
2021-10-26,46.02,46.45,44.54,44.93,4.150369404606701,-2.368535419382889,2.3121387283237205,4.248415034145038,2021,1.8035636679704439,9,2,2.1098901098901113,0.20418848167539258,12:50:00,False,False,0.0
2021-10-27,44.23,45.61,43.56,44.03,4.6348632150124285,-0.45218177707437857,-1.5579790785666625,4.220219372036921,2021,4.318335971060359,8,6,1.9157941635107978,0.2292682926829266,15:55:00,False,False,0.0
2021-10-28,45.84,47.1,45.57,47.05,3.3376963350785362,2.6396160558464166,4.110833522598223,4.648664935954886,2021,3.097731239092499,6,4,2.2405916902327627,0.9673202614379057,10:05:00,False,False,0.0
2021-10-29,45.97,47.65,45.62,47.6,4.415923428322822,3.5457907330868066,-2.2954303931987163,4.199195202278232,2021,3.3065042418968957,9,1,1.2995313165743427,0.9753694581280802,12:30:00,False,False,0.0
2021-11-01,47.79,49.96,47.45,49.96,5.252144800167395,4.540698890981387,0.3991596638655448,3.984900521447149,2021,2.678384599288542,8,3,1.4148980441115233,1.0,10:25:00,False,False,0.0
2021-11-02,49.82,51.82,49.81,51.82,4.0345242874347615,4.014452027298265,-0.2802241793434801,4.358199436637577,2021,3.8739462063428336,7,3,1.974066189278112,1.0,10:20:00,False,False,0.0
2021-11-03,52.03,53.81,51.42,53.64,4.593503747837787,3.094368633480693,0.4052489386337399,4.335030413203189,2021,1.4030367095906149,6,1,1.167388439088679,0.9288702928870286,14:50:00,False,False,0.0
2021-11-04,55.41,59.83,54.57,59.23,9.492871322865906,6.894062443602245,3.2997762863534508,4.32675851976826,2021,2.3641941887745936,10,5,2.5556772544724327,0.8859315589353609,10:05:00,False,True,1.0
2021-11-05,60.04,62.4,59.21,60.92,5.313124583610922,1.4656895403064585,1.3675502279250518,5.5577935173257345,2021,4.297135243171216,16,5,3.104391185459221,0.5360501567398126,10:05:00,False,False,1.0
2021-11-08,62.1,64.71,61.49,63.6,5.185185185185172,2.4154589371980784,1.9369665134602698,5.737233748383354,2021,2.9146537842190052,14,4,2.527999999999997,0.6552795031055916,11:40:00,False,False,1.0
2021-11-09,65.27,65.63,61.41,63.38,6.46545120269649,-2.895664164240841,2.6257861635220037,5.723841825386909,2021,5.8219702773096325,22,6,4.532839962997226,0.4668246445497646,10:05:00,False,False,1.0
2021-11-10,60.03,62.5,57.06,57.85,9.06213559886723,-3.6315175745460615,-5.285579047017985,6.210027208439255,2021,4.914209561885728,14,3,2.3809523809523836,0.14522058823529402,14:35:00,False,True,2.0
2021-11-11,60.72,62.0,59.37,61.64,4.331357048748358,1.5151515151515138,4.961106309420904,7.103753578645143,2021,2.4868247694334733,8,2,1.578240429818667,0.8631178707224338,10:05:00,False,False,2.0
2021-11-12,62.22,64.25,61.17,63.34,4.950176792028284,1.8000642880102946,0.9409474367293891,6.071450723821634,2021,2.041144326583086,9,2,2.2701658348092124,0.7045454545454555,11:05:00,False,False,2.0
2021-11-15,64.73,64.74,61.26,63.2,5.376177970029348,-2.363664452340497,2.1945058414903684,5.998861165505106,2021,1.9928935578556957,10,2,1.974411625335648,0.557471264367818,11:40:00,False,False,2.0
2021-11-16,62.38,66.43,62.01,66.14,7.085604360371928,6.0275729400448785,-1.2974683544303756,6.037059722473941,2021,3.142032702789357,9,1,1.7862788491938009,0.9343891402714919,11:10:00,False,False,2.0
2021-11-17,65.98,66.13,63.69,64.52,3.698090330403149,-2.2127917550773035,-0.2419110976715988,6.161090354009029,2021,2.925128826917236,10,4,2.7946537059538312,0.3401639344262291,12:25:00,False,False,2.0
2021-11-18,67.96,68.9,66.03,67.99,4.2230723955267875,0.044143613890534894,5.331680099194047,5.088281300316213,2021,2.6927604473219726,9,5,3.508516523511418,0.6829268292682894,10:15:00,False,False,1.0
2021-11-19,67.76,69.87,66.87,68.62,4.427390791027154,1.2691853600944603,-0.3382850419179184,5.066624369671899,2021,3.733766233766235,11,4,2.101341281669167,0.5833333333333334,10:00:00,False,False,1.0
2021-11-22,69.54,72.49,65.23,65.36,10.44003451251077,-6.0109289617486406,1.3407169921305861,4.962067169471673,2021,3.6238136324417747,11,4,4.17548314289744,0.017906336088153667,11:50:00,False,True,2.0
2021-11-23,64.95,66.61,61.35,64.68,8.09853733641262,-0.41570438799075626,-0.6272949816401363,5.974838477967959,2021,4.0030792917628855,21,7,3.72506234413964,0.6330798479087465,10:55:00,False,True,3.0
2021-11-24,62.99,66.9,61.21,66.9,9.033179869820614,6.207334497539296,-2.612863327149051,6.177425073176097,2021,2.9846007302746504,14,4,3.11637721149165,1.0,10:00:00,False,True,3.0
2021-11-26,63.1,64.98,59.85,61.22,8.129952456418387,-2.979397781299531,-5.680119581464882,7.244442981059589,2021,3.819334389857375,16,8,3.26271841657646,0.2670565302144243,10:00:00,False,True,4.0
2021-11-29,63.95,68.68,63.22,68.44,8.537920250195477,7.021110242376838,4.459327017314618,8.025818993237909,2021,2.2517591868647457,8,5,2.788719079880253,0.9560439560439544,11:05:00,False,True,5.0
2021-11-30,67.28,69.34,62.89,64.53,9.586801426872775,-4.087395957193818,-1.6949152542372836,8.847924885071574,2021,3.4631391200951227,17,10,6.559766763848396,0.25426356589147286,10:55:00,True,True,6.0
2021-12-01,67.54,70.96,63.05,63.15,11.711578323956168,-6.499851939591361,4.664497133116385,8.677278267943974,2021,4.752739117559976,23,13,4.988052568697743,0.012642225031605748,10:05:00,False,True,7.0
2021-12-02,61.26,64.74,59.68,63.3,8.259875938622258,3.3300685602350555,-2.9928741092636546,9.399886465452685,2021,6.252040483186404,26,10,5.044234052460039,0.715415019762846,10:30:00,False,True,8.0
2021-12-03,65.9,67.95,60.7,63.0,11.00151745068285,-4.400606980273148,4.107424960505535,9.245225679213013,2021,6.297420333839159,26,14,5.46805349182764,0.31724137931034446,10:00:00,False,True,9.0
2021-12-06,62.32,63.29,56.78,62.59,10.446084724005132,0.43324775353017486,-1.07936507936508,9.819538678065905,2021,7.413350449293962,18,6,4.0214941931010495,0.8924731182795705,10:30:00,False,True,10.0
2021-12-07,66.74,72.52,66.72,71.99,8.690440515433021,7.8663470182798845,6.6304521489055634,10.201171572827837,2021,4.01558285885527,13,3,3.2115497937536874,0.9086206896551722,10:05:00,False,True,10.0
2021-12-08,70.92,71.2,68.49,70.67,3.8212069937958373,-0.35250987027636294,-1.4863175441033438,10.021899390539886,2021,3.7225042301184437,14,6,1.9582981121442633,0.804428044280443,10:15:00,False,False,9.0
2021-12-09,69.52,71.59,65.66,65.75,8.529919447640976,-5.422899884925192,-1.6272817319937793,8.443825124507821,2021,3.7255466052934456,22,4,2.4938019542073753,0.01517706576728555,13:45:00,False,True,9.0
2021-12-10,69.46,70.45,65.17,67.57,7.601497264612729,-2.720990498128417,5.642585551330792,8.497833826311563,2021,5.254822919666004,10,4,4.2952824694234115,0.4545454545454528,10:45:00,False,False,8.0
2021-12-13,68.02,68.71,62.0,62.13,9.864745663040274,-8.65921787709496,0.665976024863113,7.817829789097539,2021,3.5724786827403596,15,4,2.5834071449660434,0.01937406855439682,10:05:00,False,True,8.0
2021-12-14,60.0,62.37,58.94,61.49,5.716666666666667,2.4833333333333263,-3.4282955094157463,7.701561976904569,2021,4.249999999999996,17,6,3.565091143732857,0.7434402332361529,10:55:00,False,False,7.0
2021-12-15,61.84,68.34,59.24,68.24,14.715394566623546,10.34928848641654,0.569198243616853,7.106807207151297,2021,3.9456662354463092,22,6,6.155819172811783,0.989010989010988,15:25:00,True,True,7.0
2021-12-16,69.01,69.5,58.02,59.05,16.6352702506883,-14.432690914360247,1.1283704572098596,9.285644721716839,2021,5.796261411389653,27,11,3.589364844903997,0.0897212543554002,10:00:00,False,True,7.0
2021-12-17,57.34,61.58,56.86,58.9,8.231600976630622,2.720613882106715,-2.8958509737510463,10.906714882326304,2021,5.301709103592604,30,9,5.20151567344127,0.4322033898305084,10:50:00,False,False,6.0
2021-12-20,56.14,58.76,55.47,57.54,5.860349127182044,2.493765586034913,-4.685908319185062,11.032735624729883,2021,3.6693979337370894,19,5,3.1536293164200035,0.6291793313069911,10:15:00,False,False,5.0
2021-12-21,61.17,63.69,58.77,63.5,8.043158410985768,3.8090567271538367,6.308654848800832,10.231856317558236,2021,3.9071440248487828,10,4,3.3338780846543514,0.9613821138211386,10:05:00,False,False,4.0
2021-12-22,62.47,65.53,61.61,65.53,6.275012005762768,4.898351208580132,-1.6220472440944933,10.697154666422056,2021,2.9454137986233446,10,5,2.049311559398026,1.0,10:55:00,False,False,4.0
2021-12-23,66.0,68.75,65.92,67.41,4.287878787878785,2.136363636363625,0.717228750190757,9.009078154249902,2021,2.2878787878787956,10,2,1.734190461952445,0.5265017667844508,10:15:00,False,False,3.0
2021-12-27,68.1,73.0,68.0,72.99,7.342143906020558,7.180616740088097,1.023587004895421,6.539599861687998,2021,3.4361233480176265,5,1,2.623990772779705,0.997999999999999,10:20:00,False,False,3.0
2021-12-28,74.07,74.07,69.57,70.46,6.075334143377886,-4.873768057243144,1.479654747225645,6.361708447565984,2021,3.5506952882408473,13,7,2.114929734242399,0.1977777777777779,10:15:00,False,False,2.0
2021-12-29,70.42,72.23,69.6,70.87,3.7347344504402296,0.6390230048281875,-0.056769798467204424,6.404705450805153,2021,2.6270945754047266,9,3,2.246407143853768,0.4828897338403063,10:35:00,False,False,2.0
2021-12-30,70.5,71.34,67.89,68.29,4.8936170212766,-3.1347517730496377,-0.5220826866092931,5.5430206586960455,2021,1.8439716312056698,8,2,1.9365944627743659,0.1159420289855088,10:10:00,False,False,1.0
2021-12-31,68.7,70.1,67.83,67.95,3.3042212518194987,-1.091703056768556,0.6003807292429331,5.266741661798812,2021,2.4454148471615613,10,2,1.7793083656191588,0.052863436123350115,10:00:00,False,False,0.0
2022-01-03,69.05,72.11,68.38,72.05,5.401882693700223,4.344677769732086,1.6188373804267853,5.070010154586955,2022,5.1846488052136115,13,3,3.824342009597226,0.9839142091152809,10:20:00,False,False,0.0
2022-01-04,72.83,74.21,66.04,71.02,11.217904709597676,-2.4852395990663245,1.0825815405968164,4.681957912122888,2022,2.4028559659480986,11,3,5.9941316193935945,0.6095471236230107,10:55:00,True,True,1.0
2022-01-05,69.5,71.42,63.94,63.95,10.76258992805756,-7.985611510791369,-2.140242185299912,5.710472025366846,2022,3.107913669064743,27,7,2.8947749312491,0.0013368983957226083,14:25:00,False,True,2.0
2022-01-06,64.09,66.39,61.85,65.51,7.083788422530814,2.2156342643158133,0.2189210320562962,7.116043120890312,2022,4.2440318302387245,18,10,5.259157926736602,0.8061674008810582,10:10:00,False,False,2.0
2022-01-07,65.08,66.05,59.14,59.6,10.61770129071911,-8.420405654578978,-0.6563883376583868,7.5540774011411544,2022,2.996312231100189,21,9,4.450947173879571,0.06657018813314053,10:25:00,False,True,3.0
2022-01-10,57.34,60.19,53.82,59.93,11.109173351935816,4.516916637600277,-3.791946308724825,9.016773408921077,2022,3.9239623299616317,22,10,3.9368713146028522,0.959183673469388,15:55:00,False,True,4.0
2022-01-11,59.09,63.44,57.88,63.32,9.409375528854282,7.15857167033338,-1.4016352411146293,10.158231540568195,2022,3.4354374682687325,15,7,4.593998982878444,0.9784172661870508,11:15:00,False,True,5.0
2022-01-12,64.99,66.4,62.64,64.5,5.785505462378835,-0.7539621480227687,2.6373973468098555,9.796525704419517,2022,2.9696876442529727,18,4,3.7675896504766215,0.494680851063829,10:50:00,False,False,5.0
2022-01-13,67.51,69.18,59.58,60.19,14.22011553843876,-10.84283809805956,4.666666666666686,8.801108811283772,2022,2.6810842838098092,24,6,4.309559939301977,0.06354166666666655,12:20:00,False,True,6.0
2022-01-14,58.76,64.54,58.56,64.46,10.176991150442486,9.700476514635792,-2.3758099352051865,10.22837423446536,2022,7.402995234853632,13,9,3.4280117531831467,0.9866220735785932,11:45:00,False,True,7.0
2022-01-18,60.7,61.38,55.5,55.86,9.686985172981883,-7.9736408566721595,-5.833074775054281,10.140232206410037,2022,4.5304777594728165,21,7,3.04189118720668,0.06122448979591824,15:40:00,False,True,8.0
2022-01-19,57.48,58.16,50.73,50.77,12.92623521224774,-11.673625608907434,2.9001074113855996,9.85579457061925,2022,2.661795407098111,27,9,5.435162530583715,0.005383580080754543,10:45:00,False,True,8.0
2022-01-20,52.12,53.2,45.81,45.95,14.178818112049118,-11.838066001534909,2.659050620445136,10.559166507297942,2022,4.144282425172672,26,7,5.297606872571081,0.018944519621109684,15:45:00,False,True,8.0
2022-01-21,45.21,48.93,43.4,43.62,12.231807122318074,-3.516921035169218,-1.610446137105559,12.237829037231998,2022,5.153727051537267,37,27,8.207780526197439,0.03978300180831805,10:50:00,True,True,9.0
2022-01-24,41.0,45.48,36.61,45.44,21.63414634146341,10.829268292682915,-6.006419073819346,11.84016735400786,2022,5.658536585365854,31,29,7.060711420165822,0.995490417136415,13:05:00,True,True,9.0
2022-01-25,41.75,43.35,39.38,40.12,9.508982035928142,-3.9041916167664725,-8.120598591549289,14.131598392212045,2022,7.017964071856286,36,28,4.877484974572354,0.18639798488664863,15:25:00,False,False,8.0
2022-01-26,43.78,47.1,40.1,42.03,15.989036089538603,-3.997259022384647,9.122632103688932,14.095997764801297,2022,4.568296025582458,28,18,11.646234676007005,0.2757142857142857,15:05:00,True,True,8.0
2022-01-27,43.4,43.45,36.0,36.32,17.165898617511527,-16.31336405529954,3.2595764929812088,14.708557940259471,2022,6.105990783410151,33,23,7.14285714285714,0.042953020134228206,10:35:00,True,True,9.0
2022-01-28,36.36,38.4,33.09,38.36,14.603960396039591,5.500550055005493,0.11013215859030367,15.30597404135195,2022,8.828382838283831,28,16,6.948109058926999,0.9924670433145011,11:10:00,True,True,9.0
2022-01-31,38.99,44.75,38.3,44.68,16.542703257245453,14.593485509104887,1.642335766423364,15.780404696096255,2022,6.847909720441142,25,7,4.516780217007321,0.9891472868217054,10:00:00,False,True,9.0
2022-02-01,45.98,46.1,42.29,45.86,8.28621139625925,-0.2609830361026466,2.9095792300805723,14.762116079252664,2022,7.481513701609391,24,10,4.54229432213209,0.9370078740157476,11:10:00,False,False,8.0
2022-02-02,48.39,49.5,46.46,49.28,6.282289729282908,1.8392229799545357,5.516790231138247,14.517561951318886,2022,4.691051870221112,29,13,3.165735567970207,0.9276315789473688,11:10:00,False,False,7.0
2022-02-03,45.42,47.8,42.15,42.65,12.439453985028619,-6.098634962571559,-7.832792207792205,12.576212679267746,2022,6.472919418758251,27,12,4.788669064748197,0.08849557522123896,15:50:00,False,True,7.0
2022-02-04,42.08,44.53,40.37,43.35,9.88593155893537,3.0180608365019124,-1.3364595545134805,11.630923752771164,2022,3.9923954372623567,26,11,3.919294990723554,0.7163461538461542,10:45:00,False,False,6.0
2022-02-07,43.7,45.52,42.86,43.4,6.086956521739138,-0.6864988558352492,0.8073817762399127,10.68731798535032,2022,4.576659038901601,23,6,3.853046594982079,0.2030075187969919,15:50:00,False,False,5.0
2022-02-08,42.75,46.88,42.54,46.52,10.152046783625739,8.818713450292414,-1.497695852534564,8.596168638249058,2022,3.391812865497066,17,9,4.6495327102803685,0.9170506912442399,11:00:00,False,False,5.0
2022-02-09,48.41,51.23,46.71,51.15,9.33691386077256,5.659987605866568,4.06276870163369,8.969335715722355,2022,4.214005370791157,8,2,2.422954303931979,0.9823008849557526,10:45:00,False,False,4.0
2022-02-10,47.43,52.21,45.57,46.34,13.99957832595404,-2.2981235504954567,-7.272727272727275,9.580260542020286,2022,6.451612903225796,27,15,4.527680592714534,0.1159638554216872,10:00:00,False,True,4.0
2022-02-11,46.56,47.65,38.42,39.41,19.823883161512022,-15.356529209622005,0.4747518342684387,9.89228541020537,2022,4.8969072164948475,32,18,4.79467767836661,0.10725893824485322,13:35:00,False,True,4.0
2022-02-14,39.75,41.85,37.86,39.55,10.03773584905661,-0.5031446540880613,0.8627251966506044,11.8798757307207,2022,6.867924528301897,27,12,4.561403508771933,0.42355889724310697,14:05:00,False,False,3.0
2022-02-15,41.9,46.29,41.67,46.06,11.026252983293551,9.928400954653949,5.941845764854614,12.670031596184193,2022,2.8639618138424723,18,3,2.7147203369997763,0.9502164502164508,10:45:00,False,False,3.0
2022-02-16,44.07,46.5,43.04,46.04,7.851145904243251,4.470161107329251,-4.320451584889284,12.844872836117755,2022,3.426367143181298,19,8,4.298385262679094,0.8670520231213871,14:30:00,False,False,3.0
2022-02-17,44.07,44.39,40.67,40.81,8.441116405718173,-7.3973224415702195,-4.278887923544739,12.547719244811894,2022,4.901293396868627,19,7,3.418609916232751,0.0376344086021507,10:05:00,False,False,2.0
2022-02-18,41.2,41.35,37.77,39.54,8.68932038834951,-4.029126213592238,0.9556481254594518,11.436026860764722,2022,4.490291262135925,17,11,3.671373555840818,0.49441340782122817,14:35:00,False,False,2.0
2022-02-22,38.23,41.56,36.83,38.61,12.372482343709141,0.9939837823698783,-3.3131006575619737,9.209114306132218,2022,8.84122416950038,23,8,6.07661822985468,0.37632135306553904,15:10:00,True,False,2.0
2022-02-23,40.07,41.3,35.64,35.87,14.125280758672314,-10.481657100074882,3.7814037814037915,9.676063605062726,2022,4.417269777888685,25,8,4.534373476353015,0.040636042402826325,10:05:00,False,False,2.0
2022-02-24,31.82,40.05,31.55,39.88,26.712759270898793,25.32998114393463,-11.290772233063839,10.295869160138476,2022,7.9509742300439905,27,19,7.182940516273861,0.9800000000000006,14:35:00,True,True,3.0
2022-02-25,40.0,41.84,38.16,41.77,9.200000000000017,4.425000000000012,0.30090270812437314,14.068191833469587,2022,4.324999999999992,33,11,4.713216957605981,0.9809782608695652,10:00:00,False,False,2.0
2022-02-28,40.2,42.23,38.56,41.01,9.129353233830832,2.014925373134324,-3.7586784773761095,14.219968552325955,2022,3.9800995024875654,25,13,3.946388682055091,0.6675749318801089,14:20:00,False,False,1.0
2022-03-01,40.78,41.3,35.35,36.56,14.590485532123578,-10.348209906817063,-0.5608388198000358,14.30797512142222,2022,3.629230014713087,27,11,4.126337238920019,0.2033613445378154,11:50:00,False,True,2.0
2022-03-02,37.47,40.88,37.23,40.14,9.741126234320806,7.125700560448367,2.4890590809627966,14.751575759105105,2022,4.216706698692282,24,7,4.083797401219824,0.7972602739726025,11:20:00,False,False,2.0
2022-03-03,40.65,40.87,36.82,37.5,9.963099630996302,-7.749077490774903,1.2705530642750373,13.874744854234805,2022,4.993849938499371,28,10,3.6289292103245607,0.1679012345679013,10:35:00,False,False,2.0
2022-03-04,36.4,37.42,33.36,34.74,11.15384615384616,-4.560439560439555,-2.9333333333333322,10.524812926254308,2022,5.0549450549450645,31,13,3.1755032605613964,0.33990147783251273,14:05:00,False,False,2.0
2022-03-07,34.82,35.6,29.5,29.51,17.518667432510053,-15.249856404365303,0.23028209556705814,10.915582157023536,2022,6.375646180356114,23,11,3.898690950483774,0.0016393442622953378,10:05:00,False,True,3.0
2022-03-08,29.67,34.34,28.48,31.12,19.750589821368393,4.8870913380518965,0.542189088444589,12.593444996759379,2022,5.1567239635996,31,25,8.597134288570473,0.45051194539249134,12:15:00,True,True,4.0
2022-03-09,34.12,35.66,33.07,34.98,7.590855803048055,2.520515826494729,9.640102827763485,13.625465854608342,2022,3.8980070339976503,21,13,2.9765484064942838,0.7374517374517372,10:20:00,False,False,4.0
2022-03-10,33.21,33.21,30.8,32.71,7.25685034628124,-1.505570611261664,-5.060034305317318,13.195411768353793,2022,4.637157482685935,31,10,4.23344420925309,0.7925311203319502,10:45:00,False,False,3.0
2022-03-11,34.16,34.42,30.5,30.6,11.47540983606558,-10.421545667447296,4.4328951391011895,12.65416191141078,2022,4.156908665105392,25,7,3.672985781990501,0.025510204081633004,10:00:00,False,False,3.0
2022-03-14,30.36,30.85,27.3,27.82,11.693017127799738,-8.36627140974967,-0.7843137254902044,12.718474647854663,2022,5.434782608695648,24,13,4.355108877721947,0.14647887323943648,11:45:00,False,False,3.0
2022-03-15,28.45,31.73,28.0,31.51,13.11072056239016,10.755711775043952,2.2645578720345005,11.553344586912601,2022,4.710017574692443,24,11,5.056759545923639,0.9410187667560325,10:40:00,False,False,2.0
2022-03-16,33.03,36.4,32.06,36.39,13.13957008779896,10.172570390554036,4.823865439543007,10.225370735116954,2022,5.237662730850732,29,9,7.823129251700656,0.9976958525345627,15:00:00,True,False,2.0
2022-03-17,35.25,37.0,34.32,36.99,7.602836879432623,4.936170212765956,-3.1327287716405583,11.335113592067135,2022,6.09929078014184,23,9,3.68887617958249,0.9962686567164186,10:00:00,False,False,2.0
2022-03-18,36.61,39.68,35.6,39.21,11.14449603933351,7.101884730947838,-1.027304676939722,11.404310898697412,2022,4.452335427478818,21,4,5.390386218393983,0.8848039215686276,10:05:00,False,False,2.0
2022-03-21,38.7,39.97,36.88,38.92,7.984496124030997,0.568475452196382,-1.3006885998469775,11.338128139350998,2022,5.71059431524548,29,11,4.562737642585557,0.660194174757282,10:10:00,False,False,1.0
2022-03-22,38.91,41.01,38.63,39.63,6.116679516833708,1.850424055512745,-0.02569373072971448,10.596423938597251,2022,2.518632742225641,16,7,3.119406801329583,0.42016806722689154,10:15:00,False,False,0.0
2022-03-23,38.51,39.99,36.59,36.62,8.828875616722925,-4.907816151648925,-2.8261418117587755,9.197615729485959,2022,4.985717995325894,19,9,3.90625,0.008823529411762954,10:30:00,False,False,0.0
2022-03-24,37.82,42.25,37.3,42.2,13.088313061872034,11.581173982020099,3.276897870016393,8.335476835270752,2022,3.4373347435219572,16,7,3.9765485597756944,0.9898989898989905,11:35:00,False,False,0.0
2022-03-25,42.09,42.37,39.75,41.95,6.224756474221898,-0.3326205749584199,-0.26066350710900466,9.432572071758635,2022,2.6372059871703475,24,8,4.334291187739447,0.8396946564885516,11:25:00,False,False,0.0
2022-03-28,41.2,42.81,39.32,42.76,8.470873786407772,3.786407766990285,-1.7878426698450522,8.448624158736312,2022,2.6699029126213625,19,7,3.01923545166789,0.9856733524355289,11:45:00,False,False,0.0
2022-03-29,44.84,46.0,43.11,45.71,6.44513826940232,1.9402319357716191,4.864359214218905,8.545899691211668,2022,4.14808206958073,17,9,3.6460649177411986,0.8996539792387547,10:10:00,False,False,0.0
2022-03-30,44.71,45.2,40.68,41.31,10.109595168866033,-7.604562737642584,-2.1877050973528767,8.611591441725391,2022,2.3484679042719843,19,5,3.7819799777530694,0.1393805309734518,11:05:00,False,False,0.0
2022-03-31,41.26,41.84,38.42,38.53,8.288899660688323,-6.616577799321366,-0.12103606874849238,8.86773535215401,2022,3.1749878817256305,17,5,2.9536921151439355,0.0321637426900583,10:30:00,False,False,0.0
2022-04-01,39.07,39.33,34.62,36.23,12.055285385206043,-7.269004351164588,1.4015053205294503,7.907852671917269,2022,5.246992577425127,20,6,3.855109961190173,0.3418259023354563,10:00:00,False,False,0.0
2022-04-04,36.6,38.22,36.17,38.0,5.601092896174856,3.825136612021862,1.0212531051614793,9.073958454114097,2022,4.781420765027322,13,5,3.4406826314340666,0.8926829268292688,10:00:00,False,False,0.0
2022-04-05,37.07,37.24,32.53,32.78,12.705691934178583,-11.572700296735905,-2.4473684210526314,8.500002276067514,2022,5.98867008362557,17,9,6.083126892375446,0.05307855626326963,10:05:00,True,False,0.0
2022-04-06,30.84,32.1,29.56,30.45,8.236057068741902,-1.2645914396887226,-5.918242830994513,9.752113009022768,2022,3.177691309987031,17,17,5.248359887535148,0.35039370078740145,15:30:00,False,False,0.0
2022-04-07,30.25,31.42,28.66,30.5,9.123966942148765,0.8264462809917328,-0.6568144499178974,9.377405388997941,2022,4.561983471074389,24,10,3.347280334728042,0.6666666666666662,13:15:00,False,False,0.0
2022-04-08,29.88,29.96,28.15,28.25,6.057563587684077,-5.455153949129854,-2.0327868852459074,9.544418845290028,2022,5.1204819277108475,33,7,2.6889040163376454,0.0552486187845311,13:30:00,False,False,0.0
2022-04-11,27.04,27.71,26.34,26.46,5.066568047337282,-2.144970414201175,-4.28318584070797,8.344874485785637,2022,4.622781065088757,27,11,2.8785046728971864,0.08759124087591307,10:05:00,False,False,0.0
2022-04-12,28.04,28.84,25.86,26.2,10.627674750356634,-6.562054208273893,5.971277399848818,8.237969516018122,2022,4.921540656205417,31,8,3.6945812807881784,0.11409395973154356,10:40:00,False,False,0.0
2022-04-13,26.76,28.54,26.31,28.06,8.333333333333334,4.857997010463366,2.1374045801526798,7.822366079253731,2022,5.941704035874438,16,5,3.4430571320469117,0.7847533632286994,10:00:00,False,False,0.0
2022-04-14,28.55,28.62,25.54,25.6,10.788091068301233,-10.332749562171628,1.7462580185317211,7.841821332172019,2022,5.67425569176883,13,7,3.7455830388692712,0.01948051948052021,10:00:00,False,False,0.0
2022-04-18,25.26,27.67,25.16,27.01,9.936658749010299,6.927949326999205,-1.3281250000000022,8.174646157402512,2022,4.671417260490894,13,7,5.181145305804424,0.7370517928286854,10:20:00,False,False,0.0
2022-04-19,26.68,28.89,26.22,28.78,10.00749625187407,7.871064467766131,-1.2217697149204065,8.950465189667757,2022,4.57271364317842,14,4,4.939209726443772,0.9588014981273411,10:05:00,False,False,0.0
2022-04-20,30.07,30.85,28.23,28.45,8.713002993016298,-5.3874293315597015,4.4822793606671185,9.938650830575114,2022,4.822081809112081,23,9,3.715775749674055,0.08396946564885449,10:00:00,False,False,0.0
2022-04-21,29.6,30.57,25.81,26.16,16.081081081081088,-11.621621621621625,4.0421792618629215,9.555716479107048,2022,4.560810810810816,27,9,3.84482161413231,0.07352941176470616,11:55:00,False,True,1.0
2022-04-22,26.07,26.56,24.37,24.41,8.400460299194467,-6.367472190257006,-0.34403669724770714,11.105266028656597,2022,4.52627541235136,21,13,3.142748958727759,0.018264840182648033,10:35:00,False,False,1.0
2022-04-25,23.93,25.76,23.67,25.71,8.73380693689929,7.43836188884246,-1.9664072101597707,10.627739874835246,2022,5.0146259924780585,29,17,6.056808688387627,0.9760765550239231,10:30:00,True,False,1.0
2022-04-26,24.71,24.9,22.35,22.35,10.319708619991893,-9.550789154188589,-3.8895371450797356,10.387169512413042,2022,5.503844597329014,23,13,5.112474437627812,0.0,10:00:00,False,False,1.0
2022-04-27,21.62,23.59,21.48,21.89,9.759481961147083,1.2488436632747346,-3.2662192393736023,10.449611986036608,2022,9.666975023126733,33,16,6.412997007268062,0.19431279620853092,10:15:00,True,False,1.0
2022-04-28,23.23,26.3,22.4,25.63,16.78863538527767,10.331467929401628,6.121516674280492,10.658907779662764,2022,4.390873869995693,21,9,5.74098798397864,0.8282051282051278,11:15:00,True,True,2.0
2022-04-29,24.3,25.95,22.1,22.22,15.843621399176946,-8.559670781893015,-5.189231369488878,10.80041864050208,2022,7.69547325102881,26,8,5.759567066099736,0.03116883116883052,10:25:00,True,True,3.0
2022-05-02,22.38,24.55,21.81,24.51,12.24307417336909,9.517426273458462,0.7200720072007227,12.289050860498575,2022,6.970509383378011,28,18,5.573176257362933,0.985401459854015,15:10:00,True,False,3.0
2022-05-03,24.33,25.68,23.75,25.11,7.93259350595972,3.205918618988912,-0.7343941248470154,12.990904307792537,2022,4.0690505548705245,30,13,3.5893155258764686,0.704663212435233,10:05:00,False,False,3.0
2022-05-04,25.67,28.14,23.3,28.04,18.854694195559016,9.232567199065045,2.230187176423737,12.513481284986103,2022,3.1943903389170245,26,8,11.651299245599333,0.9793388429752063,15:00:00,True,True,4.0
2022-05-05,26.53,26.62,22.75,23.98,14.587259705993219,-9.611760271390878,-5.385164051355195,14.332523731868488,2022,4.485488126649082,28,18,4.853519895059022,0.3178294573643411,15:55:00,False,False,3.0
2022-05-06,23.23,24.87,21.94,23.3,12.613000430477827,0.3013344812742069,-3.1276063386155184,13.892248596011598,2022,6.973740852346093,29,17,8.01080108010801,0.4641638225255971,10:15:00,True,False,3.0
2022-05-09,21.82,22.6,19.32,19.65,15.03208065994501,-9.945004582951434,-6.351931330472105,13.246124402271775,2022,4.812098991750691,33,19,5.03858374943259,0.10060975609756043,10:30:00,False,True,4.0
2022-05-10,21.45,22.15,19.72,21.12,11.328671328671328,-1.538461538461533,9.160305343511466,13.803925699586959,2022,6.107226107226118,37,17,6.872852233676974,0.5761316872427993,13:45:00,True,False,4.0
2022-05-11,20.5,22.0,18.97,19.13,14.780487804878053,-6.682926829268299,-2.9356060606060663,14.483141264129278,2022,10.487804878048774,27,21,6.913580246913575,0.052805280528052834,10:00:00,True,False,4.0
2022-05-12,18.51,19.99,17.96,19.47,10.967044840626675,5.186385737439214,-3.2409827496079346,13.668299985993087,2022,5.240410588870874,32,14,5.094130675526043,0.7438423645320196,10:05:00,False,False,3.0
2022-05-13,20.57,22.91,20.18,22.55,13.271754982984932,9.625668449197855,5.649717514124308,12.944257012919778,2022,6.7087992221682,26,9,6.302314130969977,0.8681318681318684,10:00:00,True,False,2.0
2022-05-16,21.96,22.51,21.2,21.37,5.965391621129336,-2.686703096539156,-2.616407982261637,13.076007923421198,2022,3.6429872495446296,21,15,4.539385847797062,0.1297709923664133,10:55:00,False,False,2.0
2022-05-17,23.1,24.74,22.84,24.62,8.225108225108219,6.580086580086575,8.095460926532528,11.262670115658064,2022,4.372294372294379,26,10,3.8999576091564236,0.9368421052631591,15:00:00,False,False,2.0
2022-05-18,23.38,24.35,20.53,20.81,16.338751069289994,-10.992301112061597,-5.036555645816421,10.641957494945443,2022,4.020530367835763,31,12,5.63204005006257,0.07329842931937108,11:25:00,True,True,2.0
2022-05-19,20.55,22.04,19.9,20.48,10.413625304136255,-0.3406326034063323,-1.2493993272465032,10.953610147827831,2022,7.688564476885654,36,20,4.882909815645253,0.2710280373831784,10:15:00,False,False,2.0
2022-05-20,21.57,21.65,17.66,20.34,18.497913769123777,-5.702364394993042,5.322265625,10.842926240529748,2022,4.7751506722299375,34,12,8.045977011494255,0.6716791979949877,15:40:00,True,True,3.0
2022-05-23,19.94,20.83,19.45,20.63,6.920762286860577,3.46038114343028,-1.9665683382497523,11.888157997757515,2022,5.667001003009021,27,11,3.903903903903916,0.8550724637681163,11:35:00,False,False,2.0
2022-05-24,19.69,19.88,18.44,19.08,7.313357034027414,-3.098019299136634,-4.556471158507014,12.079232130903765,2022,5.891315388522092,31,11,4.452405322415542,0.4444444444444431,10:00:00,False,False,2.0
2022-05-25,18.73,20.72,18.72,20.22,10.678056593699946,7.955152162306445,-1.8343815513626738,11.896881892687604,2022,5.979711692471975,25,12,3.4979423868312765,0.75,14:35:00,False,False,2.0
2022-05-26,19.64,22.83,19.48,22.55,17.0570264765784,14.816700610997957,-2.8684470820969254,10.764742997569595,2022,9.674134419551928,16,5,5.461575640405991,0.9164179104477619,10:10:00,False,True,3.0
2022-05-27,23.6,25.44,23.59,25.29,7.838983050847463,7.161016949152543,4.656319290465638,12.093423232058024,2022,3.2627118644067776,13,3,1.7019510170195096,0.9189189189189179,10:30:00,False,False,3.0
2022-05-31,25.14,25.6,23.75,24.85,7.358790771678605,-1.1535401750198848,-0.5931198102016588,9.96163708840276,2022,5.887032617342881,23,15,4.577033101757255,0.594594594594595,12:00:00,False,False,3.0
2022-06-01,25.35,25.72,22.71,23.67,11.873767258382635,-6.627218934911239,2.012072434607637,10.049242785366365,2022,3.1558185404339136,25,9,4.500199123855031,0.31893687707641244,10:30:00,False,False,3.0
2022-06-02,23.4,26.28,23.3,26.26,12.735042735042738,12.222222222222246,-1.1406844106463976,10.96132483023741,2022,5.641025641025642,17,5,2.681189777963966,0.993288590604027,10:00:00,False,False,2.0
2022-06-03,24.6,24.95,23.5,23.89,5.8943089430894275,-2.886178861788624,-6.321401370906321,11.372722058505968,2022,3.333333333333334,18,7,2.8756581611988685,0.26896551724137985,10:35:00,False,False,2.0
2022-06-06,25.25,25.58,23.48,23.89,8.316831683168308,-5.38613861386138,5.692758476349935,9.140178551808173,2022,4.2376237623762245,24,5,3.7851037851037828,0.19523809523809552,12:25:00,False,False,1.0
2022-06-07,23.02,24.74,22.54,24.58,9.556907037358815,6.7767158992180665,-3.641691084135623,9.235748278272343,2022,4.735013032145959,13,5,4.993542832544118,0.9272727272727271,10:45:00,False,False,1.0
2022-06-08,24.16,24.46,22.42,22.91,8.44370860927152,-5.173841059602646,-1.708706265256299,9.675371531408384,2022,4.180463576158947,18,8,3.6093418259023458,0.2401960784313719,12:40:00,False,False,1.0
2022-06-09,22.39,23.56,21.03,21.04,11.299687360428752,-6.029477445288078,-2.2697512003491904,8.989359801586161,2022,4.555605180884322,17,7,3.4330985915492995,0.003952569169959692,10:35:00,False,False,1.0
2022-06-10,19.97,20.51,18.66,18.75,9.263895843765656,-6.109163745618417,-5.085551330798477,8.702288726663364,2022,4.206309464196294,29,9,5.320197044334984,0.04864864864864853,10:10:00,False,False,0.0
2022-06-13,16.93,17.41,15.34,15.5,12.226816302421739,-8.44654459539279,-9.706666666666663,9.376206106798609,2022,4.666272888363846,24,11,5.303030303030298,0.07729468599033822,12:35:00,False,False,0.0
2022-06-14,16.01,16.22,15.21,15.78,6.308557151780124,-1.4366021236727144,3.2903225806451664,10.158203030649297,2022,4.6845721424109925,25,10,4.065573770491793,0.564356435643564,15:45:00,False,False,0.0
2022-06-15,16.35,17.43,15.47,16.63,11.987767584097853,1.7125382262996869,3.6121673003802313,9.508533053533558,2022,2.5688073394495294,19,15,7.977386934673381,0.591836734693877,14:40:00,True,False,0.0
2022-06-16,15.18,15.19,12.99,13.52,14.4927536231884,-10.935441370223975,-8.719182200841846,10.217344848498826,2022,5.928853754940714,32,12,4.674796747967481,0.24090909090909068,10:15:00,False,False,0.0
2022-06-17,13.65,14.02,12.78,13.68,9.084249084249086,0.219780219780219,0.9615384615384581,10.855958101050756,2022,3.809523809523806,26,10,5.40145985401459,0.7258064516129034,10:30:00,False,False,0.0
2022-06-21,14.54,15.43,14.49,14.81,6.464924346629982,1.8569463548830933,6.28654970760234,10.82002874914744,2022,5.50206327372764,18,6,4.203389830508475,0.3404255319148941,10:00:00,False,False,0.0
2022-06-22,14.04,14.97,13.94,14.27,7.336182336182345,1.6381766381766472,-5.199189736664422,9.66765035798909,2022,4.059829059829062,18,9,4.291553133514981,0.3203883495145628,12:05:00,False,False,0.0
2022-06-23,14.58,14.59,13.34,13.99,8.573388203017833,-4.046639231824411,2.1723896285914535,9.873175394869534,2022,5.761316872427982,25,8,2.7837259100642386,0.5200000000000002,12:00:00,False,False,0.0
2022-06-24,14.64,15.85,14.57,15.84,8.7431693989071,8.196721311475397,4.6461758398856245,9.190299518653529,2022,4.713114754098357,16,6,6.875425459496265,0.9921875000000001,10:05:00,True,False,0.0
2022-06-27,16.31,16.46,15.37,15.79,6.683016554261199,-3.188228080931943,2.9671717171717127,8.040382673797268,2022,6.499080318822811,20,9,3.575989782886335,0.38532110091743055,10:55:00,False,False,0.0
2022-06-28,16.0,16.58,14.51,14.54,12.937499999999991,-9.125000000000005,1.3299556681444002,7.560136167799692,2022,4.687499999999989,21,6,4.29487179487179,0.014492753623188108,11:40:00,False,False,0.0
2022-06-29,14.0,14.04,13.03,13.55,7.2142857142857135,-3.214285714285714,-3.7138927097661534,8.854651298473694,2022,5.571428571428567,20,14,3.1842304776345642,0.5148514851485163,10:45:00,False,False,0.0
2022-06-30,13.03,13.83,12.38,13.08,11.128165771297002,0.38372985418266836,-3.8376383763837785,8.830271974094368,2022,4.297774366845744,19,10,4.300234558248639,0.4827586206896549,11:20:00,False,False,0.0
2022-07-01,12.49,12.6,11.13,11.6,11.769415532425931,-7.125700560448367,-4.51070336391437,9.341227487750201,2022,6.405124099279415,23,8,6.29139072847682,0.31972789115646205,10:35:00,True,False,0.0
2022-07-05,10.74,11.88,10.53,11.88,12.569832402234649,10.61452513966481,-7.413793103448274,9.946476714453967,2022,4.096834264432041,27,11,6.635514018691602,1.0,10:35:00,True,False,0.0
2022-07-06,11.92,12.5,11.52,12.1,8.221476510067118,1.5100671140939603,0.33670033670032407,11.123839884048659,2022,3.7751677852348933,24,11,3.6800000000000055,0.5918367346938773,15:50:00,False,False,0.0
2022-07-07,12.91,13.89,12.91,13.71,7.591014717273435,6.196746707978318,6.6942148760330555,10.180635186062082,2022,4.415182029434549,16,3,1.650412603150797,0.8163265306122452,12:00:00,False,False,0.0
2022-07-08,13.13,14.17,12.96,13.91,9.215536938309207,5.940594059405946,-4.230488694383661,10.255980986659626,2022,4.645849200304641,13,5,3.9911308203991247,0.7851239669421488,11:20:00,False,False,0.0
2022-07-11,13.25,13.45,12.65,12.89,6.037735849056595,-2.716981132075469,-4.744787922358018,9.873455220062068,2022,5.811320754716978,17,7,2.0610687022900698,0.30000000000000066,10:00:00,False,False,0.0
2022-07-12,13.18,13.45,12.72,12.98,5.538694992412736,-1.5174506828528056,2.2498060512024853,8.727119283388202,2022,3.717754172989366,19,5,3.759398496240607,0.3561643835616442,10:05:00,False,False,0.0
2022-07-13,12.18,13.56,12.12,13.28,11.822660098522178,9.0311986863711,-6.1633281972265035,7.320891801423818,2022,6.486042692939252,19,9,6.43367752184274,0.8055555555555549,10:45:00,True,False,0.0
2022-07-14,13.17,14.26,12.54,14.08,13.059984813971152,6.909643128321941,-0.8283132530120474,8.04112851911483,2022,4.100227790432796,24,9,3.6363636363636376,0.8953488372093026,13:40:00,False,False,0.0
2022-07-15,14.75,15.15,14.04,15.13,7.525423728813567,2.5762711864406818,4.758522727272729,9.134922538454372,2022,5.220338983050857,10,8,3.335699077359844,0.9819819819819824,10:20:00,False,False,0.0
2022-07-18,15.83,16.18,14.63,14.89,9.791535060012627,-5.938092229943148,4.626569729015206,8.796899896555246,2022,2.4636765634870534,14,10,4.764930114358323,0.16774193548387095,13:55:00,False,False,0.0
2022-07-19,15.61,17.17,15.5,16.96,10.698270339525957,8.648302370275474,4.835460040295492,9.547659738746452,2022,3.3952594490711157,14,3,2.3323615160349753,0.8742514970059876,14:35:00,False,False,0.0
2022-07-20,16.83,18.44,16.5,18.22,11.52703505644683,8.25906120023767,-0.7665094339622813,10.579574808169097,2022,3.6838978015448665,20,7,5.757931844888375,0.8865979381443287,10:30:00,True,False,0.0
2022-07-21,18.52,19.12,17.68,19.08,7.775377969762426,3.0237580993520474,1.6465422612513825,10.520449799754026,2022,3.4557235421166337,18,6,3.948110547095318,0.9722222222222203,11:00:00,False,False,0.0
2022-07-22,18.84,18.91,17.15,17.62,9.341825902335465,-6.475583864118894,-1.2578616352201144,9.46352843091228,2022,4.458598726114649,24,8,4.382683057188674,0.2670454545454557,10:05:00,False,False,0.0
2022-07-25,17.23,17.37,16.43,17.29,5.455600696459671,0.34822983168891763,-2.2133938706015877,9.82680886561666,2022,3.3662217063261863,20,8,2.7214823393167276,0.9148936170212747,10:10:00,False,False,0.0
2022-07-26,16.95,17.24,16.25,16.4,5.840707964601761,-3.2448377581120957,-1.9664545980335402,8.959621992906069,2022,3.2448377581120775,16,7,2.8789659224441766,0.15151515151515033,11:25:00,False,False,0.0
2022-07-27,17.3,19.12,17.17,18.74,11.271676300578031,8.323699421965314,5.487804878048785,7.988109517921229,2022,4.104046242774551,19,6,5.236486486486491,0.8051282051282037,15:00:00,False,False,0.0
2022-07-28,18.79,19.52,17.57,19.37,10.377860564129852,3.0867482703565763,0.26680896478121774,7.937037766747471,2022,4.683342203299622,17,4,3.442437923250563,0.9230769230769238,11:00:00,False,False,0.0
2022-07-29,18.57,19.99,18.32,19.84,8.992999461497028,6.838987614431868,-4.130098089829637,8.457534285620955,2022,5.169628432956386,12,5,3.049759229534521,0.9101796407185636,10:00:00,False,False,0.0
2022-08-01,19.39,20.61,19.03,20.0,8.148530170190812,3.145951521402779,-2.2681451612903136,8.387768997453268,2022,4.744713769984518,13,6,4.926624737945495,0.6139240506329113,10:00:00,False,False,0.0
2022-08-02,19.47,20.87,19.11,19.9,9.03954802259888,2.2085259373394894,-2.650000000000008,8.926354892199495,2022,3.235747303543927,18,6,3.879979306777037,0.44886363636363547,10:50:00,False,False,0.0
2022-08-03,19.97,21.72,19.87,21.56,9.263895843765638,7.961942914371556,0.35175879396984744,9.566122903798922,2022,2.7541311967951962,11,5,2.00685266764562,0.9135135135135133,11:35:00,False,False,0.0
2022-08-04,21.47,22.27,21.22,22.11,4.890544946436892,2.980903586399619,-0.4174397031539878,9.164566812436442,2022,3.58639962738705,17,5,2.4101864483856206,0.8476190476190476,10:30:00,False,False,0.0
2022-08-05,20.95,22.12,20.57,21.54,7.398568019093083,2.8162291169451015,-5.246494798733603,8.06710368889785,2022,3.532219570405721,17,7,4.361948955916484,0.6258064516129022,11:25:00,False,False,0.0
2022-08-08,20.61,21.39,19.57,20.51,8.830664725861235,-0.48520135856379154,-4.317548746518107,7.748217400417062,2022,4.512372634643376,21,7,3.326810176125239,0.5164835164835171,11:40:00,False,False,0.0
2022-08-09,19.23,19.23,16.91,17.67,12.064482579303174,-8.112324492979717,-6.240858117991232,7.884644311551145,2022,5.356214248569949,21,8,4.5958795562599075,0.3275862068965524,10:10:00,False,False,0.0
2022-08-10,19.08,20.02,18.39,19.97,8.54297693920335,4.664570230607978,7.979626485568736,8.489631222892005,2022,4.297693920335432,14,6,2.9317697228144812,0.9693251533742326,11:00:00,False,False,0.0
2022-08-11,20.46,21.6,19.68,19.77,9.384164222873908,-3.372434017595316,2.4536805207811874,8.345447441979548,2022,4.3010752688172165,22,4,4.203758654797229,0.04687499999999988,10:00:00,False,False,0.0
2022-08-12,20.24,21.72,19.98,21.6,8.596837944664024,6.719367588932812,2.3773394031360695,9.24417129726695,2022,4.743083003952574,8,3,2.977667493796532,0.9310344827586221,10:00:00,False,False,0.0
2022-08-15,21.24,21.97,20.8,21.77,5.508474576271178,2.4952919020715614,-1.666666666666683,9.483825282381138,2022,3.2956685499058516,14,5,3.097549699491442,0.8290598290598294,10:20:00,False,False,0.0
2022-08-16,21.48,21.74,20.39,21.09,6.284916201117309,-1.8156424581005637,-1.3321084060633814,8.819387252463127,2022,4.189944134078206,15,4,3.3687125057683454,0.5185185185185188,14:45:00,False,False,0.0
2022-08-17,20.2,20.2,18.71,19.51,7.376237623762369,-3.4158415841584078,-4.220009483167376,7.663473976825955,2022,3.267326732673268,25,7,3.4062023385866835,0.5369127516778534,10:35:00,False,False,0.0
2022-08-18,19.72,21.36,19.5,20.92,9.43204868154158,6.085192697768771,1.0763710917478075,7.430126113737758,2022,4.71602434077079,16,5,3.1233998975934485,0.7634408602150549,10:00:00,False,False,0.0
2022-08-19,20.1,20.38,18.88,19.15,7.462686567164178,-4.726368159203997,-3.9196940726577423,7.4397030054712925,2022,4.975124378109452,17,2,2.7958062905641623,0.17999999999999972,10:05:00,False,False,0.0
2022-08-22,18.1,18.15,16.77,16.98,7.624309392265187,-6.187845303867412,-5.483028720626615,7.212872729971323,2022,3.314917127071811,16,5,2.936288088642669,0.152173913043479,10:20:00,False,False,0.0
2022-08-23,17.03,18.06,17.01,17.34,6.1655901350557665,1.8203170874926622,0.2944640753828054,7.636039693170124,2022,5.4022313564298186,17,8,5.506736965436443,0.3142857142857135,10:10:00,True,False,0.0
2022-08-24,17.25,17.59,16.77,17.39,4.753623188405799,0.8115942028985579,-0.519031141868509,7.612174479957817,2022,3.3623188405797206,10,4,2.7959547888162017,0.7560975609756108,10:30:00,False,False,0.0
2022-08-25,17.46,19.38,17.42,19.33,11.225658648339044,10.71019473081327,0.4025301897642386,7.087651592886502,2022,5.8991981672393905,13,3,3.6833424958768513,0.9744897959183669,10:20:00,False,False,0.0
2022-08-26,19.27,19.33,15.95,15.96,17.540217955371038,-17.176959003632586,-0.310398344542151,7.446373586245994,2022,3.736377789309802,17,9,9.005726184279029,0.0029585798816572683,10:35:00,True,True,1.0
2022-08-29,15.46,16.05,14.95,15.01,7.115135834411393,-2.9107373868046627,-3.1328320802004983,9.461879863887367,2022,4.010349288486423,20,14,4.807084123972172,0.054545454545454924,10:50:00,False,False,1.0
2022-08-30,15.5,15.57,13.96,14.5,10.387096774193544,-6.451612903225811,3.264490339773496,9.360045152316607,2022,4.838709677419355,24,8,4.564032697547682,0.3354037267080741,10:45:00,False,False,1.0
2022-08-31,14.69,14.72,13.66,14.01,7.215793056501024,-4.628999319264803,1.3103448275862073,10.204346480144164,2022,3.812117086453373,23,11,2.9796511627907085,0.3301886792452825,15:10:00,False,False,1.0
2022-09-01,13.03,13.26,11.97,13.21,9.900230237912504,1.3814274750575617,-6.995003568879376,10.696780453763209,2022,4.3745203376822746,20,10,4.513618677042808,0.9612403100775202,10:10:00,False,False,1.0
2022-09-02,13.84,14.14,12.62,12.82,10.982658959537583,-7.369942196531786,4.769114307342903,10.4316947716779,2022,5.346820809248556,26,10,5.660377358490565,0.13157894736842163,10:30:00,True,False,1.0
2022-09-06,12.89,13.03,12.07,12.41,7.44763382467028,-3.723816912335143,0.546021840873645,9.120182972511211,2022,3.8013964313421273,31,12,4.914196567862716,0.35416666666666685,10:10:00,False,False,1.0
2022-09-07,12.42,13.32,12.23,13.01,8.776167471819644,4.750402576489532,0.08058017727639033,9.186682570562988,2022,3.8647342995169116,18,6,2.2816679779701143,0.7155963302752288,10:05:00,False,False,1.0
2022-09-08,12.65,13.8,12.37,13.68,11.304347826086968,8.142292490118574,-2.7671022290545744,8.864496710088208,2022,5.454545454545465,22,8,4.402054292002944,0.9160839160839155,12:20:00,False,False,1.0
2022-09-09,14.26,14.85,14.19,14.67,4.628330995792427,2.8751753155680237,4.2397660818713545,9.682207664005395,2022,2.945301542776998,13,5,2.3012552301255207,0.7272727272727277,10:10:00,False,False,1.0
2022-09-12,14.84,15.05,14.3,14.79,5.053908355795148,-0.3369272237196852,1.1588275391956282,8.62782781558138,2022,3.234501347708898,20,4,2.837837837837842,0.6533333333333312,11:55:00,False,False,0.0
2022-09-13,13.15,13.49,11.95,12.06,11.711026615969589,-8.288973384030419,-11.088573360378629,7.442077694832892,2022,4.106463878327003,14,7,4.157218442932731,0.07142857142857217,10:45:00,False,False,0.0
2022-09-14,12.29,12.74,11.94,12.49,6.509357200976409,1.6273393002441017,1.9071310116086204,8.294756253092753,2022,3.742880390561439,18,12,4.253544620517102,0.6875000000000002,10:55:00,False,False,0.0
2022-09-15,12.23,12.67,11.59,11.89,8.83074407195421,-2.7800490596892824,-2.081665332265814,7.841394198924107,2022,4.088307440719542,16,7,4.7424366312346695,0.2777777777777784,11:10:00,False,False,0.0
2022-09-16,11.47,12.1,11.18,12.06,8.020924149956407,5.143853530950304,-3.532380151387715,7.346673448097556,2022,3.5745422842197048,27,11,4.537521815008727,0.9565217391304357,10:30:00,False,False,0.0
2022-09-19,11.62,12.44,11.57,12.28,7.487091222030975,5.679862306368322,-3.6484245439469376,8.025192078930354,2022,5.16351118760757,21,3,3.3306255077172997,0.8160919540229882,11:35:00,False,False,0.0
2022-09-20,11.85,12.04,11.42,11.69,5.232067510548517,-1.3502109704641385,-3.5016286644951156,8.511828652177517,2022,2.194092827004218,21,7,2.5020850708924125,0.43548387096774177,12:30:00,False,False,0.0
2022-09-21,11.75,12.92,11.38,11.38,13.106382978723396,-3.148936170212757,0.5132591958939337,7.216036831093303,2022,3.4893617021276606,19,12,9.466437177280573,0.0,14:40:00,True,True,1.0
2022-09-22,11.17,11.32,10.25,10.42,9.579230080572966,-6.714413607878244,-1.8453427065026395,8.5354419866427,2022,5.550581915846025,27,7,4.046762589928054,0.15887850467289708,10:00:00,False,False,1.0
2022-09-23,10.07,10.14,9.45,9.96,6.85203574975175,-1.0923535253227312,-3.358925143953928,8.685139188366453,2022,5.660377358490569,32,8,5.039525691699598,0.7391304347826096,10:00:00,False,False,1.0
2022-09-26,9.91,10.36,9.5,9.53,8.678102926337028,-3.8345105953582315,-0.5020080321285203,8.451361508325522,2022,3.935418768920288,28,10,3.740157480314965,0.034883720930231836,11:05:00,False,False,1.0
2022-09-27,10.04,10.28,9.39,9.83,8.864541832669312,-2.091633466135445,5.351521511017832,8.689563849186731,2022,3.3864541832669315,23,7,4.378818737270873,0.4943820224719102,12:15:00,False,False,1.0
2022-09-28,9.57,10.35,9.44,10.2,9.508881922675027,6.5830721003134585,-2.64496439471007,9.41605871361089,2022,4.8066875653082635,14,5,3.319502074688807,0.8351648351648348,10:35:00,False,False,1.0
2022-09-29,9.69,9.74,8.8,9.24,9.700722394220842,-4.643962848297212,-4.999999999999993,8.696558502401217,2022,5.469556243550045,23,4,4.184100418410042,0.46808510638297846,10:00:00,False,False,1.0
2022-09-30,8.89,9.61,8.74,8.77,9.786276715410565,-1.3498312710911287,-3.7878787878787845,8.72085696513079,2022,4.274465691788515,23,9,2.8421052631578902,0.034482758620688954,12:00:00,False,False,1.0
2022-10-03,9.09,10.0,8.88,9.71,12.321232123212313,6.820682068206829,3.6488027366020637,9.307705158262554,2022,4.950495049504943,19,7,6.688963210702337,0.7410714285714292,10:05:00,True,False,1.0
2022-10-04,10.58,11.1,10.54,11.06,5.293005671077509,4.536862003780717,8.959835221421208,10.036330997637611,2022,3.0245746691871482,17,3,3.780718336483946,0.9285714285714302,10:00:00,False,False,1.0
2022-10-05,10.53,11.66,10.21,11.38,13.770180436847099,8.072174738841408,-4.792043399638346,9.322023765319251,2022,2.7540360873694296,17,5,3.2504780114722687,0.8068965517241383,11:35:00,False,True,1.0
2022-10-06,11.3,11.92,11.05,11.15,7.69911504424778,-1.3274336283185861,-0.702987697715296,10.174283468153664,2022,5.752212389380533,18,8,5.917159763313606,0.11494252873563188,10:20:00,True,False,1.0
2022-10-07,10.18,10.28,9.0,9.16,12.573673870333982,-10.019646365422396,-8.699551569506736,9.773961998159054,2022,5.206286836935161,23,8,4.4334975369458185,0.12500000000000017,10:00:00,False,False,1.0
2022-10-10,9.07,9.09,7.86,8.22,13.561190738699002,-9.3715545755237,-0.9825327510917026,10.331441429143737,2022,8.820286659316436,21,15,6.400000000000006,0.29268292682926866,10:00:00,True,True,2.0
2022-10-11,7.81,8.02,7.2,7.53,10.499359795134437,-3.5851472471190693,-4.987834549878356,10.579433152241075,2022,4.3533930857874505,26,12,5.310880829015541,0.40243902439024426,15:05:00,False,False,2.0
2022-10-12,7.49,7.62,7.23,7.31,5.206942590120156,-2.4032042723631575,-0.5312084993359889,11.620703977052461,2022,4.272363150867827,26,12,3.6890645586297843,0.2051282051282032,10:10:00,False,False,2.0
2022-10-13,6.42,8.36,6.21,7.96,33.48909657320871,23.987538940809962,-12.1751025991792,9.908056407707072,2022,7.78816199376947,29,14,11.28349788434415,0.8139534883720932,11:15:00,True,True,3.0
2022-10-14,8.26,8.27,6.87,6.91,16.949152542372875,-16.34382566585956,3.7688442211055273,15.066052713499257,2022,8.595641646489103,29,15,8.4975369458128,0.02857142857142861,10:05:00,True,True,4.0
2022-10-17,7.47,7.67,7.2,7.36,6.291834002677373,-1.4725568942436373,8.104196816208397,15.941148447907036,2022,3.882195448460509,25,7,3.346720214190091,0.3404255319148941,11:05:00,False,False,4.0
2022-10-18,8.04,8.21,7.04,7.42,14.55223880597016,-7.711442786069645,9.239130434782595,14.487277100702709,2022,6.592039800995039,23,10,4.639175257731953,0.32478632478632447,10:35:00,False,True,5.0
2022-10-19,7.27,7.8,7.2,7.58,8.253094910591468,4.264099037138935,-2.021563342318067,15.297852902869854,2022,4.40165061898211,23,11,6.429548563611509,0.6333333333333335,10:25:00,True,False,4.0
2022-10-20,7.69,8.42,7.59,7.73,10.793237971391417,0.5201560468140354,1.451187335092352,15.90708336696412,2022,6.762028608582569,22,9,6.994818652849744,0.1686746987951814,10:05:00,True,False,4.0
2022-10-21,7.65,8.64,7.55,8.6,14.248366013071905,12.418300653594772,-1.0349288486416586,11.367911646600659,2022,6.535947712418312,22,8,6.413612565445037,0.9633027522935772,10:00:00,True,True,5.0
2022-10-24,8.64,8.81,8.08,8.7,8.449074074074078,0.6944444444444198,0.46511627906977715,10.827754340740464,2022,4.16666666666668,20,11,5.433526011560696,0.8493150684931491,10:05:00,False,False,4.0
2022-10-25,8.8,9.47,8.75,9.27,8.181818181818189,5.340909090909074,1.1494252873563315,11.259202355019806,2022,7.045454545454535,16,5,4.260089686098656,0.722222222222221,10:00:00,False,False,4.0
2022-10-26,8.74,9.67,8.55,8.99,12.814645308924478,2.8604118993134975,-5.717367853290178,9.98511823018941,2022,6.178489702517152,25,7,5.028571428571427,0.3928571428571427,10:10:00,False,False,4.0
2022-10-27,9.16,9.44,8.48,8.52,10.480349344978155,-6.986899563318783,1.8909899888765347,10.897428309856014,2022,9.06113537117904,25,11,5.844845908607876,0.04166666666666582,10:00:00,True,False,3.0
2022-10-28,8.56,9.56,8.49,9.52,12.500000000000004,11.214953271028016,0.46948356807512415,10.83485058457336,2022,6.4252336448598,19,5,4.441913439635536,0.9626168224299056,10:50:00,False,False,2.0
2022-10-31,9.3,9.35,8.75,8.89,6.4516129032258025,-4.408602150537632,-2.310924369747891,10.48517738195898,2022,6.129032258064519,19,11,2.4636058230683267,0.23333333333333442,13:30:00,False,False,2.0
2022-11-01,9.41,9.52,8.94,9.11,6.163655685441021,-3.188097768331566,5.849268841394828,10.085685147789324,2022,3.613177470775769,20,11,5.285412262156452,0.29310344827586193,10:05:00,False,False,1.0
2022-11-02,9.26,9.77,8.2,8.22,16.95464362850972,-11.231101511879038,1.6465422612513825,9.682052648513892,2022,4.2116630669546495,18,12,8.161044613710555,0.012738853503185571,15:35:00,True,True,2.0
2022-11-03,7.78,8.29,7.53,7.89,9.768637532133662,1.4138817480719768,-5.3527980535279855,10.51005231243094,2022,4.627249357326482,24,12,6.07661822985468,0.4736842105263157,10:25:00,True,False,2.0
2022-11-04,8.71,9.06,8.42,9.02,7.347876004592428,3.559127439724441,10.39290240811155,10.367709949862043,2022,5.396096440872567,26,10,5.9311981020166105,0.9374999999999987,10:10:00,True,False,1.0
2022-11-07,9.27,9.69,8.88,9.6,8.73786407766989,3.5598705501618033,2.7716186252771724,9.337285150780527,2022,4.638619201725995,17,6,2.6030368763557465,0.8888888888888888,14:15:00,False,False,1.0
2022-11-08,10.11,10.56,9.61,10.17,9.396636993076173,0.5934718100890191,5.312500000000009,9.794535385669345,2022,3.363006923837801,23,6,3.8537549407114513,0.5894736842105261,14:20:00,False,False,1.0
2022-11-09,9.74,9.82,9.18,9.21,6.570841889117049,-5.44147843942504,-4.2281219272369714,10.441131647196375,2022,4.4147843942505105,23,9,3.8176033934252285,0.046875000000001735,10:05:00,False,False,1.0
2022-11-10,10.8,12.17,10.56,12.11,14.9074074074074,12.129629629629623,17.26384364820848,8.36437129931784,2022,4.25925925925925,11,5,2.96495956873315,0.9627329192546581,11:35:00,False,True,2.0
2022-11-11,12.28,13.41,11.83,13.19,12.866449511400651,7.410423452768722,1.4037985136251097,9.392125274372589,2022,5.374592833876223,20,10,4.515050167224066,0.8607594936708857,10:00:00,False,False,2.0
2022-11-14,12.99,13.51,12.72,12.76,6.081601231716698,-1.7705927636643581,-1.5163002274450332,10.495839975734231,2022,3.1562740569668986,19,7,3.4375000000000044,0.050632911392404036,10:10:00,False,False,2.0
2022-11-15,14.34,14.44,13.31,13.9,7.8800557880055715,-3.0683403068340276,12.382445141065833,9.964587406543595,2022,3.6262203626220333,28,10,5.355884425651869,0.5221238938053101,13:35:00,False,False,2.0
2022-11-16,12.93,12.99,11.87,12.09,8.662026295436977,-6.49651972157772,-6.978417266187053,9.661271165529474,2022,4.176334106728546,18,9,2.775636083269095,0.1964285714285718,10:05:00,False,False,1.0
2022-11-17,11.34,12.58,11.31,12.44,11.199294532627862,9.700176366843039,-6.203473945409432,10.07950804679346,2022,7.6719576719576645,20,9,4.215851602023601,0.8897637795275586,10:25:00,False,False,1.0
2022-11-18,12.99,13.03,12.07,12.5,7.390300230946875,-3.772132409545803,4.421221864951774,9.337885471837552,2022,3.6951501154734308,17,8,2.292490118577084,0.4479166666666668,10:00:00,False,False,1.0
2022-11-21,12.07,12.2,11.74,11.86,3.8111019055509447,-1.7398508699254411,-3.4399999999999986,8.242655615746797,2022,2.8997514498757218,21,6,1.488833746898266,0.26086956521739013,10:20:00,False,False,1.0
2022-11-22,12.14,12.94,11.85,12.93,8.978583196046126,6.507413509060944,2.360876897133224,7.7885557505136465,2022,3.047775947281721,10,2,3.14569536423841,0.9908256880733947,10:45:00,False,False,1.0
2022-11-23,12.9,13.75,12.84,13.34,7.054263565891474,3.4108527131782918,-0.23201856148491462,8.008261232121757,2022,6.201550387596905,18,4,3.1107738998482626,0.5494505494505494,10:00:00,False,False,1.0
2022-11-25,13.13,13.26,12.83,12.84,3.2749428789032726,-2.2086824067022115,-1.5742128935532174,7.686708686212656,2022,2.4371667936024393,5,3,1.933488012374318,0.023255813953487893,10:00:00,False,False,0.0
2022-11-28,12.36,12.76,11.6,11.84,9.385113268608416,-4.207119741100318,-3.738317757009346,6.101838355467739,2022,4.368932038834945,16,5,2.522375915378361,0.2068965517241381,10:00:00,False,False,0.0
2022-11-29,11.94,12.18,11.5,11.73,5.695142378559462,-1.7587939698492372,0.8445945945945832,6.500800963000046,2022,2.2613065326633133,11,7,4.785478547854782,0.3382352941176478,11:15:00,False,False,0.0
2022-11-30,11.84,13.85,11.52,13.85,19.679054054054053,16.97635135135136,0.9377664109121886,6.87760905760175,2022,4.4763513513513455,19,7,7.798537774167347,1.0,14:15:00,True,True,1.0
2022-12-01,14.08,14.13,12.94,13.47,8.451704545454554,-4.332386363636365,1.6606498194945862,9.017703229203335,2022,2.9119318181818192,23,8,6.182602444284679,0.4453781512605047,10:15:00,True,False,1.0
2022-12-02,12.49,13.13,12.3,13.03,6.645316253002402,4.32345876701361,-7.275426874536006,9.297191425115951,2022,4.163330664531622,14,6,3.1620553359683834,0.8795180722891549,15:10:00,False,False,1.0
2022-12-05,12.8,13.16,12.2,12.59,7.500000000000007,-1.6406250000000067,-1.7651573292402079,9.971266099935777,2022,2.265625000000007,19,6,2.2727272727272707,0.4062500000000002,11:05:00,False,False,1.0
2022-12-06,12.55,12.6,11.38,11.72,9.721115537848595,-6.613545816733069,-0.3177124702144485,9.594243446214096,2022,4.621513944223108,15,8,4.073482428115016,0.2786885245901641,10:00:00,False,False,1.0
2022-12-07,11.41,11.93,11.33,11.71,5.258545135845746,2.629272567922891,-2.6450511945392496,10.399438078071922,2022,4.995617879053464,23,13,3.038194444444442,0.633333333333335,11:00:00,False,False,1.0
2022-12-08,11.89,12.72,11.65,12.66,8.999158957106815,6.476030277544154,1.5371477369769293,7.51533629443026,2022,3.280067283431445,14,6,5.218135158254933,0.9439252336448594,10:10:00,False,False,1.0
2022-12-09,12.51,12.99,12.18,12.31,6.474820143884896,-1.5987210231814486,-1.1848341232227555,7.6248271767607125,2022,5.11590727418066,20,4,2.84135753749013,0.1604938271604947,15:55:00,False,False,1.0
2022-12-12,12.14,13.01,11.94,13.0,8.81383855024712,7.084019769357486,-1.380991064175463,7.590727954937212,2022,3.130148270181225,16,2,3.2025620496397122,0.9906542056074769,15:05:00,False,False,1.0
2022-12-13,14.72,14.91,13.14,13.64,12.024456521739127,-7.336956521739135,13.230769230769246,7.853495664986634,2022,5.027173913043479,31,12,5.216197666437883,0.28248587570621475,10:35:00,False,False,1.0
2022-12-14,13.51,14.03,12.54,12.97,11.028867505551446,-3.9970392301998503,-0.9530791788856408,8.31416386176474,2022,2.960769800148041,26,13,6.542056074766355,0.2885906040268466,14:05:00,True,False,0.0
2022-12-15,12.23,12.38,11.32,11.38,8.667211774325432,-6.950122649223223,-5.7054741711642265,9.46822833570588,2022,6.050695012264924,21,5,3.9232053422370683,0.056603773584906106,10:00:00,False,False,0.0
2022-12-16,11.2,11.48,10.77,11.1,6.339285714285722,-0.8928571428571397,-1.5817223198594133,9.401838899149604,2022,3.9285714285714404,18,9,4.29824561403509,0.46478873239436574,10:25:00,False,False,0.0
2022-12-19,11.12,11.15,10.34,10.68,7.2841726618705085,-3.9568345323740983,0.18018018018017834,9.37473201322977,2022,4.856115107913678,22,4,3.290676416819005,0.4197530864197527,10:05:00,False,False,0.0
2022-12-20,10.25,10.75,10.16,10.43,5.756097560975609,1.7560975609756113,-4.026217228464413,9.068798835554446,2022,4.585365853658542,18,8,2.9182879377432025,0.4576271186440672,10:00:00,False,False,0.0
2022-12-21,10.63,11.27,10.59,11.17,6.396989651928502,5.079962370649094,1.9175455417066223,7.815127043401743,2022,4.0451552210724335,13,4,2.6703499079189674,0.8529411764705886,10:30:00,False,False,0.0
2022-12-22,10.54,10.56,9.11,9.77,13.757115749525628,-7.305502846299805,-5.640107430617736,6.888751472677154,2022,5.3130929791271395,17,6,4.468718967229401,0.4551724137931032,10:10:00,False,True,1.0
2022-12-23,9.59,9.81,9.23,9.77,6.047966631908238,1.8769551616266922,-1.842374616171949,7.906732267717194,2022,5.109489051094893,22,10,4.8387096774193505,0.9310344827586191,10:30:00,False,False,1.0
2022-12-27,9.58,9.59,9.13,9.25,4.801670146137777,-3.4446764091858095,-1.9447287615148356,7.848468451241698,2022,4.801670146137777,17,5,2.931596091205213,0.26086956521739013,10:35:00,False,False,1.0
2022-12-28,9.1,9.43,8.74,8.86,7.582417582417578,-2.637362637362639,-1.6216216216216273,7.351967948095151,2022,5.164835164835153,20,5,3.1590413943355045,0.17391304347825987,11:00:00,False,False,1.0
2022-12-29,9.28,9.83,9.18,9.71,7.004310344827591,4.633620689655182,4.740406320541757,7.717231952383545,2022,4.956896551724147,14,3,3.6324786324786418,0.8153846153846167,10:05:00,False,False,1.0
2022-12-30,9.27,9.7,9.06,9.68,6.9039913700107745,4.422869471413171,-4.5314109165808585,7.838696090963363,2022,3.559870550161813,12,5,3.1868131868131977,0.9687500000000006,10:15:00,False,False,1.0
2023-01-03,10.17,10.21,9.19,9.35,10.02949852507376,-8.06293018682399,5.061983471074383,6.468071215060391,2023,6.7846607669616645,21,6,5.220883534136556,0.15686274509803916,10:10:00,False,False,1.0
2023-01-04,9.88,10.27,9.58,10.12,6.983805668016188,2.4291497975708287,5.668449197860981,7.264377593693496,2023,3.6437246963562693,19,13,4.059405940594063,0.7826086956521733,10:05:00,False,False,1.0
2023-01-05,9.8,10.0,9.53,9.56,4.795918367346945,-2.448979591836742,-3.162055335968361,7.700804698069179,2023,2.959183673469397,21,7,2.153846153846173,0.06382978723404488,13:30:00,False,False,1.0
2023-01-06,9.95,11.07,9.56,10.89,15.175879396984923,9.447236180904529,4.0794979079497695,7.143504855055052,2023,5.628140703517576,11,5,3.376365441906648,0.8807947019867551,10:00:00,False,True,2.0
2023-01-09,11.53,12.27,11.28,11.54,8.586296617519515,0.08673026886383273,5.876951331496771,8.777818665486517,2023,5.7241977450130115,15,5,4.8330404217926,0.2626262626262624,10:00:00,False,False,1.0
2023-01-10,11.38,11.99,11.19,11.98,7.029876977152906,5.272407732864681,-1.3864818024263315,9.114279714988268,2023,4.920913884007034,15,5,3.1869078380706184,0.9875000000000003,10:40:00,False,False,1.0
2023-01-11,11.98,12.43,11.65,12.42,6.510851419031714,3.6727879799665963,0.0,8.514355405404096,2023,3.171953255425701,14,4,2.491694352159457,0.9871794871794874,10:55:00,False,False,1.0
2023-01-12,12.59,13.08,11.82,12.84,10.00794281175536,1.9857029388403502,1.3687600644122444,8.419764555607202,2023,7.545671167593322,22,9,5.555555555555536,0.8095238095238093,10:20:00,True,False,1.0
2023-01-13,12.37,13.0,12.27,12.96,5.901374292643497,4.769603880355722,-3.6604361370716543,9.462169444488882,2023,2.4252223120452765,14,4,2.425222312045272,0.945205479452056,10:10:00,False,False,1.0
2023-01-17,12.88,13.43,12.67,13.07,5.90062111801242,1.4751552795031042,-0.6172839506172867,7.6072684236205985,2023,3.1832298136645973,14,3,3.1660231660231686,0.5263157894736848,10:00:00,False,False,1.0
2023-01-18,13.45,13.76,12.81,12.82,7.0631970260223,-4.684014869888465,2.9074215761285327,7.070133323719179,2023,2.3791821561338313,19,8,2.413273001508298,0.010526315789473467,11:40:00,False,False,1.0
2023-01-19,12.48,12.52,11.62,11.75,7.2115384615384635,-5.849358974358976,-2.6521060842433664,7.076797333493057,2023,4.246794871794866,21,5,3.1327287716405694,0.14444444444444526,15:55:00,False,False,1.0
2023-01-20,12.11,12.86,11.75,12.84,9.165978530140375,6.028075970272506,3.063829787234029,7.216934741994407,2023,2.477291494632541,12,4,2.4451939291737057,0.9819819819819824,11:25:00,False,False,1.0
2023-01-23,13.18,14.91,13.13,14.76,13.505311077389981,11.987860394537186,2.6479750778816147,7.048541885671412,2023,6.297420333839152,11,3,5.2990158970476875,0.9157303370786515,10:00:00,False,True,1.0
2023-01-24,14.3,14.85,14.16,14.41,4.825174825174821,0.7692307692307665,-3.1165311653116423,8.569329242620707,2023,4.825174825174821,18,7,3.369272237196763,0.3623188405797104,10:20:00,False,False,1.0
2023-01-25,13.7,14.63,13.33,14.54,9.489051094890517,6.13138686131387,-4.927133934767525,8.354239984053189,2023,2.700729927007307,20,3,2.8846153846153966,0.9307692307692296,11:15:00,False,False,1.0
2023-01-26,15.02,15.3,14.3,15.26,6.657789613848203,1.5978695073235683,3.301237964236581,8.839410797826833,2023,5.925432756324904,16,6,4.045092838196284,0.9599999999999991,10:05:00,False,False,1.0
2023-01-27,14.49,15.36,14.35,14.96,6.970324361628707,3.243616287094553,-5.045871559633019,8.72866102828878,2023,4.209799861973783,13,4,4.224376731301938,0.6039603960396053,10:05:00,False,False,1.0
2023-01-30,14.36,14.62,13.73,13.77,6.197771587743724,-4.108635097493041,-4.01069518716578,8.289530194586446,2023,2.99442896935933,17,4,4.452054794520555,0.044943820224718205,10:40:00,False,False,1.0
2023-01-31,13.67,14.55,13.64,14.55,6.65691294806145,6.437454279444044,-0.726216412490921,6.8280222966571955,2023,3.14557425018288,11,5,3.430656934306575,1.0,10:30:00,False,False,1.0
2023-02-01,14.73,17.28,14.68,16.82,17.651052274270207,14.188730482009504,1.2371134020618513,7.19436992123452,2023,4.955872369314327,20,10,8.463541666666675,0.8230769230769228,15:00:00,True,True,2.0
2023-02-02,17.33,18.4,17.01,17.95,8.020773225620296,3.5776110790536775,3.032104637336497,8.826770157110458,2023,3.000577034045027,19,7,3.336980306345727,0.6762589928057552,14:30:00,False,False,2.0
2023-02-03,16.78,18.13,16.59,16.91,9.17759237187127,0.7747318235995282,-6.5181058495821675,9.099366879464878,2023,6.138259833134691,20,10,3.0829596412556115,0.20779220779220808,13:05:00,False,False,2.0
2023-02-06,16.12,16.86,15.85,16.07,6.265508684863522,-0.31017369727047717,-4.671791839148431,9.54082048151339,2023,3.0397022332506105,21,7,4.207920792079212,0.2178217821782185,10:05:00,False,False,1.0
2023-02-07,16.21,17.85,16.13,17.62,10.610734114744,8.698334361505244,0.8711885500933381,9.554367900937347,2023,2.59099321406538,20,7,6.311522872032427,0.8662790697674418,13:30:00,True,False,1.0
2023-02-08,17.32,17.69,16.35,16.46,7.736720554272517,-4.965357967667439,-1.7026106696935384,10.34513213427386,2023,2.713625866050822,24,4,2.357676825761934,0.08208955223880555,10:30:00,False,False,1.0
2023-02-09,17.33,17.9,16.21,16.58,9.751875360646265,-4.32775533756492,5.285540704738745,8.362265790274321,2023,2.596653202538946,20,5,3.1321184510250455,0.21893491124260234,12:45:00,False,False,1.0
2023-02-10,16.06,16.22,15.25,15.76,6.0398505603984995,-1.8679950186799466,-3.136308805790111,8.708486217279514,2023,3.424657534246569,14,6,2.9943855271366226,0.525773195876289,10:00:00,False,False,1.0
2023-02-13,15.99,16.62,15.57,16.46,6.566604127579742,2.9393370856785506,1.4593908629441543,8.080937854984962,2023,3.877423389618518,14,5,1.9472361809045324,0.8476190476190476,10:50:00,False,False,1.0
2023-02-14,16.06,17.53,15.67,17.35,11.5815691158157,8.032378580323796,-2.4301336573511634,8.141156943528205,2023,8.281444582814448,21,7,8.816120906801018,0.9032258064516131,10:00:00,True,True,2.0
2023-02-15,16.81,17.59,16.43,17.58,6.900654372397384,4.580606781677576,-3.112391930835745,8.335323943742546,2023,3.2123735871505006,11,6,2.1906453522794633,0.9913793103448263,10:05:00,False,False,1.0
2023-02-16,16.65,17.17,16.18,16.28,5.945945945945958,-2.2222222222222032,-5.290102389078499,8.16811070736752,2023,3.303303303303308,21,8,3.8257798705120583,0.10101010101010224,15:25:00,False,False,1.0
2023-02-17,15.99,16.12,15.04,15.49,6.754221388367741,-3.1269543464665372,-1.7813267813267863,7.406924824427458,2023,4.315196998123835,19,6,2.0645161290322678,0.41666666666666696,10:15:00,False,False,1.0
2023-02-21,14.79,15.31,13.89,13.99,9.601081812035158,-5.409060175794444,-4.5190445448676675,7.549798990021306,2023,3.651115618661264,18,2,3.0900723208415526,0.07042253521126736,10:10:00,False,False,1.0
2023-02-22,14.11,14.41,13.54,13.79,6.165839829907874,-2.26789510985117,0.8577555396711789,8.15669452691239,2023,2.7639971651311166,19,4,3.776223776223786,0.2873563218390801,10:15:00,False,False,1.0
2023-02-23,15.14,15.34,14.28,15.11,7.001321003963016,-0.19815059445179584,9.789702683103707,7.073548669730823,2023,3.0383091149273502,17,4,2.951039570757874,0.783018867924528,11:05:00,False,False,1.0
2023-02-24,14.29,14.54,13.96,14.28,4.058782365290401,-0.06997900629810427,-5.426869622766384,7.09368199604395,2023,3.2890132960111886,15,7,2.551724137931033,0.5517241379310336,10:05:00,False,False,1.0
2023-02-27,14.96,15.01,14.51,14.53,3.3422459893048124,-2.874331550802145,4.761904761904767,6.716249279912839,2023,2.2727272727272716,9,5,1.8096514745308268,0.03999999999999915,10:35:00,False,False,1.0
2023-02-28,14.4,15.27,14.31,14.65,6.66666666666666,1.736111111111116,-0.8947006194081175,6.033854200100253,2023,3.3333333333333237,12,4,2.5801952580195353,0.35416666666666685,10:00:00,False,False,1.0
2023-03-01,14.8,15.22,14.48,14.69,5.000000000000001,-0.7432432432432523,1.0238907849829282,5.4469711710265525,2023,3.445945945945944,10,6,2.9062087186261687,0.28378378378378244,10:20:00,False,False,0.0
2023-03-02,14.01,15.24,13.66,15.02,11.27765881513205,7.209136331192001,-4.628999319264803,5.213803205044978,2023,2.855103497501787,15,4,3.687943262411353,0.8607594936708857,14:00:00,False,True,1.0
2023-03-03,15.05,15.77,14.65,15.69,7.441860465116274,4.252491694352156,0.1997336884154599,6.069070767278785,2023,2.0598006644518305,8,3,2.1102791014295574,0.9285714285714285,10:35:00,False,False,1.0
2023-03-06,15.83,16.25,15.04,15.16,7.643714466203416,-4.232469993682875,0.8922880815806389,6.745686387243959,2023,2.0214782059380827,5,3,2.418841502227864,0.09917355371900902,10:30:00,False,False,1.0
2023-03-07,15.19,15.42,14.49,14.68,6.1224489795918355,-3.3574720210664877,0.19788918205805306,7.605980082623679,2023,2.0408163265306154,17,6,4.699738903394257,0.20430107526881675,10:05:00,False,False,1.0
2023-03-08,14.86,15.9,14.85,15.84,7.065948855989237,6.594885598923295,1.2261580381471404,7.497136545208716,2023,3.162853297442804,18,5,2.7796161482462,0.9428571428571424,10:30:00,False,False,1.0
2023-03-09,15.75,16.54,14.8,14.89,11.047619047619039,-5.460317460317454,-0.5681818181818121,7.910326316406563,2023,3.365079365079361,18,2,3.3813400125234816,0.05172413793103445,10:05:00,False,True,2.0
2023-03-10,15.12,15.25,13.81,14.04,9.52380952380952,-7.14285714285714,1.5446608462055034,7.864318362903961,2023,7.341269841269837,22,13,4.623513870541618,0.15972222222222135,12:05:00,False,False,2.0
2023-03-13,13.61,14.55,13.15,14.02,10.286554004408528,3.012490815576774,-3.062678062678059,8.280708174642609,2023,5.21675238795003,39,19,4.10256410256411,0.6214285714285707,11:20:00,False,False,2.0
2023-03-14,14.76,15.54,14.54,15.26,6.775067750677508,3.387533875338744,5.278174037089878,8.809276082283633,2023,3.048780487804885,18,7,3.8801906058543167,0.7200000000000006,15:55:00,False,False,2.0
2023-03-15,14.62,14.85,13.75,14.7,7.523939808481531,0.547195622435015,-4.193971166448229,8.939799836500766,2023,4.514363885088921,32,8,3.9971448965024914,0.8636363636363633,14:35:00,False,False,2.0
2023-03-16,14.48,16.52,14.3,16.42,15.331491712707173,13.397790055248638,-1.4965986394557707,9.031398026999224,2023,5.248618784530385,14,5,3.7422037422037535,0.9549549549549559,10:00:00,False,True,2.0
2023-03-17,16.49,16.9,15.83,16.11,6.488781079442078,-2.304426925409331,0.42630937880632214,9.888172560016852,2023,3.51728320194056,22,10,4.4883303411131,0.26168224299065396,10:40:00,False,False,2.0
2023-03-20,16.14,16.79,15.78,16.62,6.257744733581164,2.973977695167296,0.18621973929238145,9.281166871143364,2023,3.4076827757125088,19,8,2.3751522533495772,0.8316831683168335,12:05:00,False,False,2.0
2023-03-21,17.01,17.53,15.94,16.66,9.347442680776023,-2.0576131687242927,2.3465703971119245,8.475405016977891,2023,2.5279247501469704,10,5,3.8346315158777733,0.45283018867924524,11:45:00,False,False,2.0
2023-03-22,16.68,18.02,16.2,16.21,10.91127098321343,-2.8177458033573077,0.12004801920768582,8.989880002997594,2023,3.597122302158261,16,10,7.265446224256289,0.005494505494506353,15:55:00,True,True,3.0
2023-03-23,17.01,18.17,16.62,17.5,9.11228689006467,2.8806584362139898,4.935225169648372,9.667346237943974,2023,3.2333921222810154,22,5,4.620650313747876,0.5677419354838701,14:40:00,False,False,2.0
2023-03-24,17.1,17.22,16.04,16.56,6.900584795321635,-3.157894736842126,-2.28571428571428,8.423505273415472,2023,3.918128654970749,21,8,2.9940119760479056,0.4406779661016947,11:05:00,False,False,2.0
2023-03-27,16.76,16.92,15.81,15.97,6.622911694510747,-4.713603818615752,1.2077294685990614,8.505866016591384,2023,3.0429594272076463,15,5,2.437538086532598,0.14414414414414412,11:05:00,False,False,2.0
2023-03-28,15.87,15.88,14.9,15.61,6.175173282923758,-1.6383112791430343,-0.6261740763932488,8.5788994087773,2023,4.536862003780723,14,8,2.754644458680333,0.724489795918366,10:00:00,False,False,2.0
2023-03-29,16.34,17.47,16.3,17.13,7.16034271725825,4.834761321909409,4.676489429852659,7.944445529206847,2023,3.3659730722154264,13,4,2.505966587112185,0.7094017094017091,10:45:00,False,False,2.0
2023-03-30,17.76,18.29,17.58,17.95,3.997747747747752,1.0698198198198172,3.677758318739066,7.194259876015812,2023,1.9707207207207085,11,3,1.7279821627647851,0.521126760563381,13:35:00,False,False,1.0
2023-03-31,17.56,18.34,17.43,18.28,5.182232346241459,4.10022779043282,-2.1727019498607225,6.171352047552428,2023,3.7585421412300692,7,5,1.330376940133049,0.9340659340659355,15:25:00,False,False,1.0
2023-04-03,17.92,18.16,17.13,17.79,5.747767857142863,-0.7254464285714413,-1.969365426695835,5.827681557736393,2023,2.56696428571429,11,4,2.788622420524256,0.6407766990291256,11:00:00,False,False,1.0
2023-04-04,17.87,17.91,16.51,16.78,7.834359261331833,-6.099608282036928,0.44969083754919925,5.652652790262816,2023,3.973139339675438,10,5,2.3134759976865427,0.19285714285714275,10:10:00,False,False,1.0
2023-04-05,16.25,16.31,15.38,15.9,5.723076923076911,-2.1538461538461506,-3.158522050059598,5.984489985944431,2023,3.1999999999999975,18,4,2.467612584824186,0.5591397849462374,10:00:00,False,False,0.0
2023-04-06,15.45,16.01,15.09,15.66,5.954692556634315,1.3592233009708687,-2.8301886792452935,5.697036827108163,2023,2.330097087378637,11,5,3.835978835978837,0.6195652173913035,10:05:00,False,False,0.0
2023-04-10,15.22,16.5,15.14,16.45,8.93561103810775,8.081471747700375,-2.809706257982114,6.088425788885476,2023,3.613666228646511,9,1,2.593295382669192,0.9632352941176465,12:40:00,False,False,0.0
2023-04-11,16.72,16.79,16.11,16.21,4.066985645933013,-3.0502392344497475,1.6413373860182379,6.839101527258734,2023,2.212918660287066,15,1,1.882210078931379,0.1470588235294139,15:50:00,False,False,0.0
2023-04-12,16.67,16.74,15.26,15.3,8.878224355128966,-8.218356328734256,2.8377544725478154,6.502945085016765,2023,6.658668266346717,15,5,3.2707450030284746,0.027027027027027677,10:00:00,False,False,0.0
2023-04-13,15.39,15.95,15.04,15.68,5.912930474333984,1.8843404808317032,0.588235294117645,6.711718103776191,2023,2.9239766081871412,13,2,2.17965653896961,0.7032967032967038,10:20:00,False,False,0.0
2023-04-14,15.64,16.19,15.08,15.58,7.097186700767271,-0.38363171355498826,-0.25510204081632404,6.749688814027605,2023,4.219948849104871,11,3,3.4696406443618377,0.45045045045044996,10:30:00,False,False,0.0
2023-04-17,15.1,15.62,14.95,15.58,4.437086092715231,3.1788079470198793,-3.0808729139923052,6.978187642854197,2023,2.9139072847682086,11,5,1.910408432147559,0.9402985074626878,15:05:00,False,False,0.0
2023-04-18,16.02,16.36,15.41,15.78,5.9300873907615435,-1.4981273408239737,2.8241335044929317,6.078482653775692,2023,3.3707865168539275,13,5,2.583025830258312,0.3894736842105258,10:10:00,False,False,0.0
2023-04-19,15.2,15.38,14.98,15.25,2.631578947368424,0.328947368421062,-3.675538656527255,6.4511030027414,2023,1.7763157894736814,8,2,1.246719160104981,0.6749999999999984,10:10:00,False,False,0.0
2023-04-20,14.79,15.9,14.74,15.22,7.843137254901962,2.907369844489538,-3.0163934426229555,5.201773921189291,2023,4.597701149425286,9,4,3.822937625754519,0.4137931034482762,10:05:00,False,False,0.0
2023-04-21,15.09,15.09,14.48,14.85,4.042412193505629,-1.5904572564612307,-0.854139290407363,5.5878152773028855,2023,4.042412193505629,14,4,2.208419599723954,0.6065573770491796,10:25:00,False,False,0.0
2023-04-24,14.78,15.04,14.36,14.66,4.60081190798376,-0.8119079837618393,-0.4713804713804781,4.976860375850558,2023,1.962110960757775,5,2,2.213279678068414,0.4411764705882365,10:55:00,False,False,0.0
2023-04-25,14.42,14.42,13.17,13.18,8.668515950069349,-8.59916782246879,-1.6371077762619368,5.009605538904264,2023,2.011095700416083,13,1,1.8987341772152,0.00799999999999983,10:30:00,False,False,0.0
2023-04-26,13.62,13.79,13.18,13.39,4.4787077826725366,-1.6886930983847193,3.3383915022761723,5.557291250765825,2023,3.4508076358296544,14,5,2.389843166542205,0.3442622950819689,11:10:00,False,False,0.0
2023-04-27,13.33,13.6,12.52,13.53,8.102025506376595,1.5003750937734317,-0.44809559372666063,5.926717017826648,2023,5.176294073518376,8,2,2.941176470588225,0.9351851851851849,10:30:00,False,False,0.0
2023-04-28,13.76,14.27,13.54,14.26,5.305232558139538,3.6337209302325535,1.6999260901700008,5.9784946681215745,2023,2.8343023255813997,11,4,2.201027146001455,0.986301369863014,10:10:00,False,False,0.0
2023-05-01,14.46,14.79,14.32,14.64,3.2503457814661054,1.2448132780082943,1.4025245441795287,6.231058741048356,2023,2.3513139695712297,10,5,1.8776077885952702,0.6808510638297894,10:45:00,False,False,0.0
2023-05-02,14.65,14.91,13.91,14.33,6.825938566552901,-2.1843003412969297,0.0683060109289535,5.9609655157448245,2023,2.3208191126279853,13,3,3.983794733288315,0.41999999999999993,10:20:00,False,False,0.0
2023-05-03,14.12,14.62,13.81,13.83,5.736543909348433,-2.053824362606227,-1.4654570830425762,5.592450039041536,2023,1.9830028328611853,15,9,3.534303534303529,0.02469135802469087,15:30:00,False,False,0.0
2023-05-04,13.5,14.0,13.22,13.59,5.777777777777773,0.6666666666666599,-2.386117136659438,5.844017264376715,2023,2.00000000000001,15,3,3.6323202372127605,0.47435897435897373,13:30:00,False,False,0.0
2023-05-05,13.62,14.68,13.43,14.49,9.177679882525698,6.387665198237902,0.22075055187638082,5.37916771865695,2023,3.9647577092511086,7,1,3.6323202372127605,0.8480000000000004,10:05:00,False,False,0.0
2023-05-08,14.46,14.7,14.07,14.66,4.356846473029038,1.3831258644536604,-0.20703933747411307,6.1536571835341825,2023,3.526970954356845,8,4,1.7325017325017344,0.9365079365079377,10:00:00,False,False,0.0
2023-05-09,14.07,14.12,13.74,13.92,2.7007818052594104,-1.0660980810234588,-4.024556616643926,6.374957321846769,2023,2.0611229566453386,8,2,1.5918958031837738,0.47368421052631626,14:15:00,False,False,0.0
2023-05-10,14.38,14.64,13.91,14.32,5.076495132127958,-0.417246175243402,3.3045977011494365,5.54992596958807,2023,2.433936022253127,13,6,2.7158774373258976,0.5616438356164383,13:25:00,False,False,0.0
2023-05-11,14.33,14.43,13.64,14.05,5.512909979064893,-1.953942777390083,0.06983240223463749,5.417916214143975,2023,3.2798325191905016,12,2,2.2471910112359605,0.5189873417721527,10:00:00,False,False,0.0
2023-05-12,14.18,14.37,13.59,14.01,5.500705218617767,-1.1988716502115637,0.92526690391459,5.364942654401399,2023,2.39774330042313,12,2,2.651779483600847,0.5384615384615388,10:00:00,False,False,0.0
2023-05-15,14.1,15.14,13.97,15.13,8.297872340425531,7.304964539007108,0.6423982869379063,4.629547721619813,2023,1.3475177304964505,8,1,2.046577275935091,0.9914529914529916,11:25:00,False,False,0.0
2023-05-16,14.98,15.57,14.97,15.04,4.005340453938582,0.4005340453938411,-0.9914077990746839,5.417752895099111,2023,3.8050734312416457,15,4,2.3376623376623495,0.11666666666666425,15:55:00,False,False,0.0
2023-05-17,15.48,16.34,15.13,16.17,7.816537467700252,4.457364341085279,2.92553191489362,5.678664624834946,2023,2.906976744186042,9,2,2.7667984189723382,0.8595041322314064,10:25:00,False,False,0.0
2023-05-18,16.34,17.8,16.32,17.68,9.057527539779684,8.200734394124854,1.0513296227581792,6.226673091949405,2023,3.5495716034271623,7,3,2.3190045248868807,0.9189189189189183,12:15:00,False,False,0.0
2023-05-19,17.59,17.64,17.06,17.37,3.2973280272882426,-1.2507106310403526,-0.5090497737556543,6.935596604092363,2023,2.501421262080735,10,4,1.39049826187716,0.5344827586206918,10:20:00,False,False,0.0
2023-05-22,16.92,17.72,16.88,17.54,4.964539007092197,3.6643026004727908,-2.590673575129532,6.494921165826459,2023,3.900709219858157,14,3,1.5780245470485177,0.785714285714286,10:00:00,False,False,0.0
2023-05-23,17.2,17.55,16.79,16.89,4.418604651162799,-1.8023255813953365,-1.9384264538198415,5.828254499159792,2023,2.0930232558139505,11,2,1.9778941244909864,0.13157894736842266,14:35:00,False,False,0.0
2023-05-24,15.89,16.23,15.49,16.01,4.657016991818755,0.7551919446192601,-5.920663114268798,5.910907338604636,2023,3.0837004405286352,16,3,3.5324341682723137,0.7027027027027043,15:30:00,False,False,0.0
2023-05-25,18.16,19.39,17.63,19.18,9.691629955947146,5.616740088105732,13.429106808244828,5.2790032434283365,2023,3.964757709251115,11,4,2.2222222222222365,0.8806818181818178,15:15:00,False,True,1.0
2023-05-26,20.05,23.26,20.03,22.91,16.109725685785538,14.264339152119687,4.535974973931189,5.405823726661827,2023,4.538653366583541,8,3,4.303675048355893,0.8916408668730645,10:25:00,False,True,2.0
2023-05-30,24.57,24.8,22.59,22.86,8.994708994708999,-6.959706959706969,7.24574421649935,7.9683032583612885,2023,4.639804639804642,15,9,4.493464052287588,0.12217194570135723,10:00:00,False,False,2.0
2023-05-31,21.72,22.67,21.09,21.11,7.2744014732965105,-2.8084714548802903,-4.986876640419946,8.774337255884648,2023,4.972375690607744,14,6,4.190560211733585,0.012658227848100981,10:05:00,False,False,2.0
2023-06-01,21.49,22.75,20.83,22.14,8.934388087482558,3.0246626337831595,1.8000947418285174,9.34549662031139,2023,3.024662633783149,12,6,3.1900138696255076,0.6822916666666673,10:30:00,False,False,2.0
2023-06-02,22.69,22.89,21.53,22.02,5.993829881004845,-2.9528426619656267,2.4841915085817456,10.20097083944415,2023,5.773468488320856,16,3,4.772329246935203,0.3602941176470578,10:00:00,False,False,2.0
2023-06-05,21.75,21.81,20.66,20.96,5.2873563218390744,-3.6321839080459717,-1.2261580381471404,9.46141082445569,2023,3.8160919540229807,14,4,3.277931671283474,0.26086956521739224,10:10:00,False,False,2.0
2023-06-06,20.55,22.06,20.43,21.72,7.93187347931873,5.693430656934306,-1.956106870229013,7.296936951666399,2023,4.428223844282239,17,3,3.11467673430863,0.7914110429447853,11:05:00,False,False,2.0
2023-06-07,22.15,23.1,21.49,21.63,7.268623024830714,-2.347629796839723,1.9797421731123421,7.084369848588343,2023,2.663656884875846,20,4,3.3348355114916517,0.08695652173913063,10:05:00,False,False,2.0
2023-06-08,21.77,22.47,21.46,22.28,4.639412034910418,2.3426734037666597,0.6472491909385036,7.083214158895186,2023,2.84795590261827,11,6,2.300966405890481,0.8118811881188137,11:25:00,False,False,2.0
2023-06-09,23.03,23.49,22.08,22.42,6.122448979591837,-2.648719062092919,3.366247755834828,6.2242189483807575,2023,2.2145028224055494,11,5,3.4600598035027685,0.24113475177305205,10:45:00,False,False,1.0
2023-06-12,23.2,24.68,23.13,24.61,6.6810344827586245,6.077586206896557,3.479036574487049,6.249942768098156,2023,1.93965517241379,8,1,1.665954720205054,0.9548387096774192,10:45:00,False,False,0.0
2023-06-13,25.79,26.08,24.72,25.59,5.273361768127179,-0.7754943776657641,4.794798862251115,6.5286784002820655,2023,4.303993796044977,19,7,2.9002320185614883,0.6397058823529421,10:00:00,False,False,0.0
2023-06-14,25.32,26.71,24.84,26.69,7.3854660347551375,5.410742496050558,-1.0550996483001174,5.996976058043755,2023,2.804107424960509,21,7,3.900156006240252,0.9893048128342248,15:05:00,False,False,0.0
2023-06-15,25.75,26.58,25.42,25.95,4.504854368932025,0.7766990291262044,-3.52191832146872,6.020344660028639,2023,2.2912621359223295,18,5,1.6890595009596776,0.4568965517241372,14:55:00,False,False,0.0
2023-06-16,26.77,26.79,25.13,25.18,6.200971236458723,-5.939484497571912,3.159922928709058,5.9934331268329615,2023,5.267090026148674,13,5,2.0431765612953012,0.03012048192771127,11:35:00,False,False,0.0
2023-06-20,24.86,25.55,23.97,24.61,6.355591311343531,-1.0056315366049895,-1.2708498808578272,6.009137578206338,2023,3.7007240547063627,15,3,3.6021926389976477,0.4050632911392404,10:00:00,False,False,0.0
2023-06-21,24.17,24.49,22.7,22.76,7.4058750517170004,-5.833678113363671,-1.7878911011783738,5.94404894392332,2023,3.0202730657840164,12,5,3.319672131147533,0.03351955307262698,10:05:00,False,False,0.0
2023-06-22,22.28,23.38,22.22,23.13,5.206463195691204,3.8150807899461237,-2.108963093145877,6.370551600641283,2023,3.186714542190309,11,5,1.9736842105263053,0.7844827586206897,10:15:00,False,False,0.0
2023-06-23,21.96,22.28,21.52,21.86,3.460837887067402,-0.45537340619308253,-5.0583657587548565,5.934751032828498,2023,2.504553734061918,9,5,2.39520958083832,0.44736842105263047,10:15:00,False,False,0.0
2023-06-26,22.29,23.32,22.05,22.07,5.697622252130999,-0.9869896814715062,1.967063129002744,5.725947736455573,2023,4.665769403319871,12,4,2.524357838795388,0.015748031496062662,10:00:00,False,False,0.0
2023-06-27,22.3,24.49,22.01,24.41,11.121076233183842,9.461883408071747,1.0421386497508012,5.625277939590028,2023,2.1524663677129903,7,3,2.341137123745818,0.9677419354838717,15:25:00,False,True,1.0
2023-06-28,23.19,24.44,23.11,23.75,5.735230702889184,2.4148339801638663,-4.997951659156074,6.57837492395809,2023,2.1561017680034498,15,6,4.043010752688181,0.48120300751879674,10:40:00,False,False,1.0
2023-06-29,24.12,24.12,23.17,23.82,3.9386401326699803,-1.243781094527363,1.5578947368421137,6.244246054192527,2023,3.6484245439469425,14,6,1.7461669505962618,0.6842105263157885,11:20:00,False,False,1.0
2023-06-30,24.58,25.17,24.29,24.87,3.580146460537033,1.1798209926769943,3.1905961376994085,5.990681441588282,2023,2.5223759153783605,7,1,1.7234304472712347,0.6590909090909093,10:00:00,False,False,1.0
2023-07-03,25.26,25.75,24.68,25.5,4.23594615993666,0.9501187648456089,1.5681544028950611,6.014543156282208,2023,2.1773555027711824,3,3,1.949317738791423,0.766355140186916,10:05:00,False,False,1.0
2023-07-05,24.99,25.18,23.83,23.83,5.402160864345745,-4.641856742697081,-2.0000000000000018,5.722207937843341,2023,2.2809123649459795,13,1,2.0824989987985543,0.0,11:25:00,False,False,1.0
2023-07-06,22.6,23.05,22.04,22.96,4.469026548672573,1.5929203539823078,-5.161561057490549,4.578424864075721,2023,2.8761061946902586,8,2,1.7015706806282727,0.9108910891089111,10:05:00,False,False,1.0
2023-07-07,23.08,24.03,22.83,22.95,5.1993067590988,-0.5632582322356972,0.522648083623678,4.325184033232399,2023,2.5996533795494,5,4,2.6591107236268563,0.10000000000000059,10:10:00,False,False,1.0
2023-07-10,23.15,24.44,23.08,24.34,5.874730021598285,5.140388768898485,0.8714596949890963,4.577317358518163,2023,3.326133909287271,11,5,1.520912547528508,0.9264705882352933,11:30:00,False,False,1.0
2023-07-11,24.68,24.74,23.28,24.36,5.915721231766602,-1.296596434359809,1.396877567789656,5.036234070730413,2023,3.6871961102106976,10,4,3.2467532467532534,0.7397260273972605,10:00:00,False,False,1.0
2023-07-12,25.43,25.85,25.0,25.72,3.342508847817544,1.1403853716083434,4.392446633825942,5.372189085096402,2023,1.7695635076681058,9,3,1.790579992214869,0.847058823529409,11:45:00,False,False,0.0
2023-07-13,26.51,27.45,26.21,27.29,4.6774801961523895,2.9422859298377846,3.071539657853828,4.960258681790761,2023,1.4711429649189007,8,1,1.4836795252225476,0.8709677419354835,15:20:00,False,False,0.0
2023-07-14,27.34,28.02,25.9,26.27,7.7542062911485035,-3.9136795903438215,0.18321729571271206,5.001949411286725,2023,1.7556693489392716,11,4,2.8980322003577808,0.17452830188679283,10:45:00,False,False,0.0
2023-07-17,26.28,28.53,25.77,28.09,10.502283105022837,6.8873668188736525,0.03806623524933439,5.512929317696665,2023,3.0060882800608795,5,2,3.0513711857860226,0.8405797101449272,10:10:00,False,True,1.0
2023-07-18,27.76,28.55,27.09,28.24,5.259365994236314,1.7291066282420609,-1.1747953008187872,6.438439934381577,2023,2.3054755043227684,11,4,1.3758146270818394,0.7876712328767109,10:35:00,False,False,1.0
2023-07-19,28.42,28.44,27.04,27.28,4.926108374384244,-4.011259676284307,0.6373937677053965,6.307168886875519,2023,2.885292047853625,12,3,2.309879175550822,0.1714285714285726,12:35:00,False,False,1.0
2023-07-20,25.8,26.06,23.87,24.26,8.488372093023248,-5.96899224806201,-5.4252199413489794,6.623888792188859,2023,2.8682170542635594,13,6,2.718052738336707,0.17808219178082235,15:15:00,False,True,2.0
2023-07-21,25.0,25.59,24.5,24.94,4.359999999999999,-0.23999999999999577,3.0502885408079106,7.38606717156303,2023,3.320000000000008,13,6,3.3083891295785706,0.40366972477064345,10:00:00,False,False,2.0
2023-07-24,24.92,25.44,24.51,24.89,3.731942215088281,-0.12038523274479074,-0.0801924619085792,6.707225913333329,2023,3.731942215088281,13,4,1.9168026101141988,0.4086021505376335,10:20:00,False,False,2.0
2023-07-25,25.31,26.59,25.3,26.17,5.0967996839193965,3.3978664559462857,1.6874246685415706,5.353157735346418,2023,3.3583563808771153,10,1,2.335539120280261,0.674418604651164,10:10:00,False,False,2.0
2023-07-26,25.2,25.73,24.21,25.04,6.031746031746031,-0.6349206349206327,-3.7065341994650502,5.320644473283034,2023,2.6984126984126977,17,5,3.082325399921959,0.5460526315789463,15:10:00,False,False,2.0
2023-07-27,27.0,28.05,26.0,26.45,7.592592592592595,-2.037037037037037,7.8274760383386655,5.5417720047553924,2023,2.88888888888888,15,6,3.3284564740307276,0.2195121951219508,14:30:00,False,False,2.0
2023-07-28,27.99,28.44,27.15,28.17,4.608788853161854,0.643086816720273,5.822306238185249,5.362616104669262,2023,3.0010718113612,8,4,2.2344322344322265,0.7906976744186054,10:00:00,False,False,2.0
2023-07-31,28.46,28.75,27.95,28.45,2.810962754743502,-0.035137034434296055,1.0294639687610907,5.412373875301633,2023,2.810962754743502,12,3,1.5242821694434694,0.6249999999999994,10:25:00,False,False,1.0
2023-08-01,27.81,28.72,27.43,28.52,4.638619201725995,2.5530384753685853,-2.2495606326889295,5.228177983232676,2023,1.869830996044587,7,3,2.350813743218816,0.844961240310078,10:45:00,False,False,1.0
2023-08-02,27.5,27.5,24.79,25.25,9.854545454545457,-8.18181818181818,-3.576437587657788,5.136541886793997,2023,3.963636363636363,13,5,3.2378116858950534,0.16974169741697442,10:10:00,False,True,2.0
2023-08-03,24.3,25.6,24.07,25.1,6.296296296296301,3.292181069958855,-3.7623762376237546,5.901101771353881,2023,3.2510288065843587,11,6,2.1129622104835377,0.6732026143790852,10:25:00,False,False,1.0
2023-08-04,24.81,25.95,24.08,24.89,7.537283353486501,0.32245062474809405,-1.1553784860557914,5.641842512094622,2023,3.950020153164049,15,4,3.6139793486894334,0.43315508021390475,10:00:00,False,False,1.0
2023-08-07,25.46,25.78,24.98,25.69,3.142183817753341,0.903377847604081,2.2900763358778553,6.227541412159551,2023,2.2780832678711773,12,6,2.298402804830557,0.8875000000000003,11:15:00,False,False,1.0
2023-08-08,24.5,24.55,23.42,24.42,4.6122448979591795,-0.32653061224489077,-4.63215258855586,6.2937856247615205,2023,3.2653061224489828,10,2,2.751540041067768,0.8849557522123902,10:05:00,False,False,1.0
2023-08-09,24.4,24.44,22.95,23.07,6.106557377049189,-5.450819672131146,-0.08190008190009923,6.288510764008157,2023,3.1147540983606623,11,3,2.6992830029523462,0.08053691275167842,11:10:00,False,False,1.0
2023-08-10,23.66,24.41,22.31,22.78,8.875739644970421,-3.7193575655114053,2.5574338968357146,5.538913148508903,2023,3.8038884192730285,20,5,2.77662660588478,0.22380952380952482,11:00:00,False,True,2.0
2023-08-11,21.93,22.0,21.0,21.16,4.559963520291838,-3.511171910624711,-3.7313432835821003,6.054801818243727,2023,2.507979936160514,13,5,2.22944728286113,0.16000000000000014,11:30:00,False,False,2.0
2023-08-14,20.86,22.96,20.66,22.94,11.025886864813044,9.971236816874418,-1.417769376181477,5.459337851604795,2023,4.2186001917545495,5,1,3.0157970320727534,0.9913043478260871,10:00:00,False,True,3.0
2023-08-15,22.64,22.82,21.7,21.76,4.9469964664310995,-3.886925795052998,-1.3077593722755076,7.036078461016734,2023,2.9151943462897534,12,4,3.6825953529153854,0.05357142857143055,10:05:00,False,False,3.0
2023-08-16,21.71,21.78,20.47,20.48,6.034085674804248,-5.665591893136801,-0.22977941176470784,7.1030287747111185,2023,1.7042837402118884,17,7,2.334267040149396,0.007633587786260722,11:55:00,False,False,2.0
2023-08-17,20.62,20.75,19.71,19.89,5.043646944713866,-3.5402521823472366,0.68359375,7.088534434262131,2023,2.7158098933074624,8,5,1.6184404119666596,0.17307692307692293,10:35:00,False,False,2.0
2023-08-18,19.22,20.43,19.11,20.18,6.8678459937565055,4.994797086368363,-3.368526897938673,6.322115894210819,2023,3.746097814776269,14,5,1.750000000000007,0.8106060606060607,14:35:00,False,False,2.0
2023-08-21,20.51,22.03,20.39,21.93,7.996099463676258,6.9234519746464995,1.6352824578790948,6.783692388903754,2023,3.3154558751828356,5,3,1.8518518518518379,0.9390243902439016,10:25:00,False,False,2.0
2023-08-22,22.71,22.82,21.1,21.33,7.573756054601493,-6.076618229854702,3.5567715458276306,6.177734908676396,2023,4.051078819903134,16,7,2.4101864483856206,0.1337209302325564,11:50:00,False,False,2.0
2023-08-23,20.95,22.89,20.9,22.66,9.498806682577575,8.162291169451086,-1.781528363806839,6.703086826310475,2023,4.53460620525061,9,1,4.571428571428582,0.8844221105527638,10:05:00,False,True,3.0
2023-08-24,23.89,23.92,20.24,20.41,15.403934700711607,-14.566764336542493,5.428067078552523,7.39603102786514,2023,5.818334030975306,11,3,3.5604395604395545,0.046195652173913464,10:30:00,False,True,3.0
2023-08-25,20.34,21.17,19.4,20.64,8.702064896755179,1.4749262536873253,-0.3429691327780482,9.468088579064688,2023,1.9174041297935132,22,9,5.837320574162675,0.7005649717514123,10:40:00,True,False,3.0
2023-08-28,21.25,21.59,20.76,21.41,3.905882352941169,0.7529411764705785,2.9554263565891414,9.834932359664425,2023,3.670588235294123,13,7,2.3433763749402203,0.7831325301204818,13:00:00,False,False,2.0
2023-08-29,21.09,23.31,20.97,23.09,11.095305832147936,9.483167377904223,-1.4946286781877594,9.016888937517404,2023,3.8406827880512204,6,1,4.1706161137440745,0.9059829059829064,10:05:00,False,True,3.0
2023-08-30,22.92,23.7,22.37,23.4,5.802792321116921,2.094240837696315,-0.7362494586400925,9.721198893026695,2023,3.0541012216404853,11,6,3.10008857395927,0.774436090225563,10:10:00,False,False,3.0
2023-08-31,23.17,24.28,23.14,23.85,4.920155373327581,2.9348295209322472,-0.9829059829059683,8.981996020734563,2023,3.409581355200687,11,3,2.405498281786933,0.6228070175438601,10:00:00,False,False,3.0
2023-09-01,24.35,24.51,23.51,24.04,4.1067761806981515,-1.2731006160164315,2.0964360587002018,6.885240155257757,2023,4.1067761806981515,12,4,2.28619813717188,0.5299999999999976,10:15:00,False,False,3.0
2023-09-05,23.75,24.58,23.38,24.02,5.0526315789473655,1.1368421052631472,-1.206322795341097,5.9661824120463525,2023,2.357894736842115,8,5,2.395964691046659,0.5333333333333341,11:05:00,False,False,3.0
2023-09-06,23.87,24.29,22.66,23.45,6.8286552157519855,-1.7595307917888658,-0.62447960033305,6.195532257247591,2023,2.0946795140343526,9,3,2.867988190636861,0.4846625766871163,11:05:00,False,False,3.0
2023-09-07,21.86,22.05,21.0,21.85,4.803293687099728,-0.04574565416284315,-6.780383795309164,5.342202133968401,2023,3.2936870997255374,19,4,2.2780102278010306,0.8095238095238103,10:00:00,False,False,2.0
2023-09-08,21.72,22.19,21.22,21.48,4.465930018416218,-1.104972375690605,-0.5949656750572241,5.142302407164963,2023,2.6243093922651948,11,4,2.4646280237334506,0.268041237113403,10:55:00,False,False,1.0
2023-09-11,22.24,22.31,20.59,21.45,7.733812949640282,-3.5521582733812895,3.5381750465549144,5.051457336182691,2023,5.7553956834532265,10,2,3.9305301645338186,0.5,10:00:00,False,False,1.0
2023-09-12,21.0,21.98,20.85,20.91,5.380952380952377,-0.4285714285714226,-2.0979020979020935,5.7768646899711165,2023,4.904761904761893,6,4,3.152941176470603,0.05309734513274228,10:00:00,False,False,1.0
2023-09-13,20.87,21.87,20.79,21.25,5.174892189746055,1.8207954000958315,-0.19129603060735745,5.842528850372119,2023,2.3478677527551604,13,4,2.8625954198473247,0.425925925925926,10:35:00,False,False,0.0
2023-09-14,21.86,21.93,21.04,21.67,4.071363220494056,-0.8691674290942308,2.8705882352941137,5.511776245170933,2023,3.8883806038426414,11,4,2.8855250709555413,0.7078651685393282,10:45:00,False,False,0.0
2023-09-15,21.24,21.27,19.45,19.74,8.568738229755182,-7.062146892655363,-1.9843101061375323,5.365390151849798,2023,3.4839924670433073,7,2,2.0497803806734938,0.15934065934065886,10:50:00,False,True,1.0
2023-09-18,19.28,20.18,19.2,19.96,5.082987551867222,3.526970954356834,-2.3302938196555045,6.1859517941175906,2023,4.2531120331950225,9,4,1.9348268839103788,0.775510204081634,10:05:00,False,False,1.0
2023-09-19,19.76,19.81,19.08,19.4,3.6943319838056694,-1.8218623481781493,-1.002004008016033,5.655786714562979,2023,2.9352226720647687,11,5,2.93373798684875,0.4383561643835618,10:00:00,False,False,1.0
2023-09-20,19.66,19.92,18.44,18.44,7.527975584944051,-6.205493387589012,1.3402061855670278,5.3184626351336375,2023,2.7975584944048864,12,4,2.6399155227032733,0.0,15:55:00,False,False,1.0
2023-09-21,17.76,18.13,17.39,17.41,4.166666666666657,-1.9707207207207311,-3.6876355748373113,5.789079314173238,2023,2.4211711711711694,10,6,1.6638935108153063,0.027027027027026508,11:20:00,False,False,1.0
2023-09-22,17.89,18.37,17.62,17.86,4.192286193404136,-0.1676914477361735,2.757036186099948,5.8081400034077575,2023,2.179988820570154,11,5,2.4116657319125157,0.3199999999999979,10:40:00,False,False,1.0
2023-09-25,17.61,18.28,17.33,18.23,5.3946621237933154,3.5207268597387875,-1.399776035834266,4.932849596137548,2023,4.7700170357751475,13,5,2.3111612175873653,0.947368421052631,11:25:00,False,False,1.0
2023-09-26,17.74,17.92,16.99,17.24,5.242390078917719,-2.8184892897407,-2.687877125617122,4.995184510522766,2023,2.311161217587374,14,4,1.4764338444065772,0.2688172043010743,13:40:00,False,False,1.0
2023-09-27,17.64,18.08,16.89,17.69,6.746031746031733,0.28344671201814275,2.3201856148491906,5.304796129545177,2023,1.5306122448979567,12,5,3.2653061224489965,0.672268907563027,14:40:00,False,False,1.0
2023-09-28,17.56,19.22,17.34,18.64,10.706150341685644,6.150341685649208,-0.7348784624081506,5.148407361762713,2023,3.929384965831443,18,4,3.414911781445662,0.6914893617021284,10:00:00,False,True,2.0
2023-09-29,19.43,19.66,18.66,18.88,5.14668039114771,-2.830674215131246,4.238197424892709,6.456304096766511,2023,2.367472979927951,17,5,2.028830752802979,0.21999999999999886,14:55:00,False,False,1.0
2023-10-02,18.95,19.58,18.43,19.12,6.068601583113449,0.8970976253298346,0.370762711864403,6.647182936315225,2023,3.3773087071240138,19,5,2.849604221635871,0.6000000000000019,11:25:00,False,False,1.0
2023-10-03,18.6,19.39,17.53,17.9,9.999999999999996,-3.7634408602150726,-2.7196652719665204,6.781970828179252,2023,4.3548387096774315,13,5,3.9813857290589394,0.19892473118279438,10:20:00,False,True,2.0
2023-10-04,18.18,18.81,17.77,18.64,5.720572057205716,2.5302530253025424,1.5642458100558754,7.733492812395707,2023,2.4202420242024276,16,7,2.732240437158473,0.8365384615384632,10:25:00,False,False,2.0
2023-10-05,18.58,18.87,17.82,18.36,5.651237890204525,-1.1840688912809427,-0.32188841201717944,7.5284008746305044,2023,3.8213132400430623,15,2,3.520000000000001,0.5142857142857131,10:00:00,False,False,2.0
2023-10-06,18.02,19.79,17.66,19.5,11.820199778024412,8.213096559378474,-1.851851851851849,6.51741838433428,2023,3.440621531631526,13,2,4.260089686098656,0.8638497652582163,10:30:00,False,True,3.0
2023-10-09,18.89,19.53,18.45,19.36,5.717310746426691,2.488088935944943,-3.1282051282051304,7.85212226170962,2023,2.858655373213336,13,6,2.8662420382165488,0.8425925925925912,13:40:00,False,False,3.0
2023-10-10,19.56,20.62,19.29,20.09,6.799591002044999,2.7096114519427505,1.0330578512396604,7.781864094372269,2023,2.607361963190192,12,2,3.008248423095594,0.601503759398496,13:20:00,False,False,3.0
2023-10-11,20.32,20.68,19.82,20.56,4.232283464566926,1.1811023622047223,1.1448481831757062,7.14178229478127,2023,2.7066929133858304,10,4,2.377486656962635,0.8604651162790685,10:00:00,False,False,3.0
2023-10-12,20.66,21.57,20.09,20.68,7.163601161665055,0.09680542110357404,0.4863813229571967,6.8441245762535114,2023,1.887705711519848,15,3,3.8515081206496604,0.39864864864864846,13:20:00,False,False,2.0
2023-10-13,20.8,20.89,18.85,18.98,9.807692307692303,-8.750000000000002,0.5802707930367523,7.146597230545618,2023,3.5576923076923173,17,5,2.6772434308378945,0.06372549019607797,11:00:00,False,True,3.0
2023-10-16,19.13,20.0,19.1,19.79,4.704652378463139,3.45007841087297,0.7903055848261342,6.744095736479196,2023,3.5023523261892224,15,7,2.4264326277749104,0.7666666666666654,10:20:00,False,False,3.0
2023-10-17,18.64,19.77,17.9,19.3,10.032188841201723,3.5407725321888517,-5.811015664477004,6.541564062886485,2023,3.969957081545075,12,3,4.9641478212906875,0.7486631016042788,10:30:00,False,True,3.0
2023-10-18,18.37,18.79,17.98,18.28,4.4093630919978155,-0.4899292324441973,-4.818652849740934,7.18808363071783,2023,3.919433859553614,20,9,2.910488742449191,0.37037037037037185,10:20:00,False,False,3.0
2023-10-19,18.76,18.93,17.23,17.41,9.061833688699355,-7.196162046908327,2.6258205689277947,7.223499556204007,2023,5.970149253731348,24,9,3.6661026508742145,0.10588235294117634,13:05:00,False,True,4.0
2023-10-20,17.43,17.79,16.57,16.63,6.999426276534704,-4.589787722317851,0.11487650775416913,7.603146061610869,2023,2.81124497991967,16,4,2.898550724637683,0.04918032786885146,10:55:00,False,False,3.0
2023-10-23,16.35,17.26,15.83,16.38,8.746177370030589,0.18348623853210455,-1.6837041491280624,7.0414928553793485,2023,3.9755351681957207,19,3,3.5197988686360704,0.38461538461538347,10:10:00,False,True,4.0
2023-10-24,16.66,17.13,16.42,17.04,4.261704681872732,2.280912364945964,1.7094017094017255,7.849797853692839,2023,2.5210084033613334,12,5,2.5270758122743597,0.873239436619718,10:45:00,False,False,4.0
2023-10-25,16.38,16.52,14.71,14.96,11.050061050061043,-8.66910866910866,-3.8732394366197243,6.695701021827039,2023,4.09035409035409,20,6,3.2071840923668993,0.13812154696132606,13:00:00,False,True,5.0
2023-10-26,15.13,15.68,14.48,14.7,7.931262392597484,-2.8420356906807775,1.1363636363636465,8.023840613439685,2023,4.362194315928619,18,11,3.116710875331574,0.1833333333333325,11:40:00,False,False,5.0
2023-10-27,15.3,15.57,14.93,15.14,4.183006535947715,-1.0457516339869244,4.081632653061229,7.797726354219312,2023,2.6143790849673225,22,9,2.572559366754623,0.32812500000000105,11:20:00,False,False,4.0
2023-10-30,14.82,15.11,14.02,14.5,7.354925775978407,-2.1592442645074206,-2.1136063408190298,7.234442406101913,2023,4.11605937921727,14,6,4.252491694352168,0.4403669724770647,10:15:00,False,False,4.0
2023-10-31,14.54,15.03,14.01,14.92,7.015130674002748,2.613480055020645,0.27586206896550447,6.956192087291477,2023,3.7138927097661685,17,6,4.011259676284307,0.8921568627450985,11:05:00,False,False,3.0
2023-11-01,14.95,16.02,14.93,15.97,7.290969899665551,6.822742474916388,0.20107238605897582,7.506877285717479,2023,2.073578595317729,16,9,4.060248853962034,0.9541284403669734,15:20:00,False,False,3.0
2023-11-02,16.9,17.41,16.38,17.08,6.0946745562130245,1.0650887573964374,5.823418910457101,6.755059055638381,2023,2.603550295857975,9,3,2.6108075288403088,0.6796116504854355,10:40:00,False,False,2.0
2023-11-03,17.6,18.76,17.5,18.39,7.159090909090918,4.488636363636367,3.0444964871194635,6.38774148836149,2023,4.147727272727275,8,4,2.8312570781426905,0.706349206349206,10:00:00,False,False,2.0
2023-11-06,18.45,18.64,17.73,18.28,4.9322493224932265,-0.9214092140921282,0.32626427406199365,6.9829583629901295,2023,3.5772357723577244,12,2,1.9989195029713747,0.6043956043956051,10:05:00,False,False,1.0
2023-11-07,18.16,18.88,18.06,18.6,4.515418502202645,2.422907488986792,-0.6564551422319487,6.498423072293095,2023,2.2577092511013226,9,3,2.5122883670125606,0.6585365853658567,10:35:00,False,False,1.0
2023-11-08,18.66,18.96,18.28,18.68,3.644158628081456,0.1071811361200492,0.3225806451612856,5.998480637933073,2023,2.5187566988210204,9,3,1.904761904761898,0.5882352941176452,10:20:00,False,False,0.0
2023-11-09,19.04,19.7,18.28,18.37,7.457983193277301,-3.5189075630251976,1.9271948608136968,5.269118383616255,2023,2.7310924369747878,15,4,2.4377593360995986,0.06338028169014083,14:00:00,False,False,0.0
2023-11-10,19.06,20.78,18.83,20.61,10.230849947534118,8.132214060860443,3.7561241154055347,5.5417801110291105,2023,3.3578174186778624,6,1,2.3834196891191706,0.912820512820512,11:10:00,False,True,1.0
2023-11-13,20.12,20.2,19.58,20.0,3.0815109343936427,-0.5964214711729698,-2.377486656962635,6.15613191871775,2023,2.783300198807168,9,4,1.310483870967749,0.6774193548387113,11:45:00,False,False,1.0
2023-11-14,21.51,22.39,21.38,22.17,4.695490469549054,3.0683403068340276,7.550000000000012,5.785984241097833,2023,1.7666201766620295,9,3,2.820157189089234,0.7821782178217837,10:45:00,False,False,1.0
2023-11-15,22.61,23.18,22.17,22.67,4.467049977885883,0.26536930561700256,1.9846639603067207,5.821998634567116,2023,2.388323750552849,10,4,2.685765443151311,0.49504950495049604,10:20:00,False,False,1.0
2023-11-16,22.34,22.91,22.14,22.71,3.446732318710831,1.6562220232766434,-1.455668284075884,5.986576904528001,2023,2.8648164726947205,14,3,1.8093556928508336,0.7402597402597411,10:40:00,False,False,1.0
2023-11-17,22.48,23.29,22.37,23.15,4.092526690391451,2.980427046263334,-1.01276970497578,5.184326729614706,2023,2.1352313167259807,5,1,1.1328976034858496,0.8478260869565208,13:10:00,False,False,1.0
2023-11-20,23.09,24.42,23.05,24.19,5.933304460805547,4.763967085318321,-0.2591792656587377,3.9566620781861728,2023,2.381983542659163,4,1,1.4970059880239583,0.8321167883211676,11:00:00,False,False,1.0
2023-11-21,23.59,23.6,22.45,22.82,4.874947011445537,-3.264094955489616,-2.480363786688722,4.527020783468554,2023,2.6282323018228104,8,2,1.7918088737201465,0.32173913043478286,10:00:00,False,False,1.0
2023-11-22,23.23,24.12,22.82,22.99,5.596211795092556,-1.033146792940176,1.7966695880806238,4.562912091847851,2023,4.347826086956529,9,4,4.3532858936793595,0.13076923076922928,10:05:00,False,False,1.0
2023-11-24,22.97,23.15,22.75,23.09,1.7414018284719137,0.5224205485415911,-0.08699434536755257,4.788744455289185,2023,1.7414018284719137,2,0,0.5192557334487313,0.8500000000000026,10:30:00,False,False,1.0
2023-11-27,22.8,23.54,22.6,22.93,4.12280701754385,0.5701754385964763,-1.255954958856642,4.447678357241402,2023,1.6228070175438485,3,2,1.444201312910276,0.35106382978723305,10:50:00,False,False,0.0
2023-11-28,22.5,22.89,21.97,22.54,4.088888888888897,0.1777777777777656,-1.8752725686873029,4.453734422671881,2023,2.0888888888888837,13,4,1.8867924528301883,0.6195652173913035,10:40:00,False,False,0.0
2023-11-29,23.46,24.3,23.14,23.25,4.94458653026428,-0.8951406649616356,4.081632653061229,4.084851308288551,2023,3.3674339300937732,6,4,2.082465639316955,0.09482758620689605,11:30:00,False,False,0.0
2023-11-30,23.45,23.47,22.19,22.77,5.458422174840075,-2.899786780383795,0.8602150537634357,4.0987792120523,2023,3.3688699360341112,14,6,3.2202662086732503,0.4531249999999995,10:00:00,False,False,0.0
2023-12-01,22.38,23.2,21.84,23.09,6.076854334226986,3.172475424486154,-1.7127799736495364,4.071221288001803,2023,3.351206434316354,10,4,2.01162270898525,0.9191176470588239,11:15:00,False,False,0.0
2023-12-04,22.36,22.44,21.29,22.29,5.143112701252246,-0.3130590339892714,-3.1615417929839795,4.938311789152818,2023,1.9677996422182524,8,4,3.8271049076992414,0.8695652173913028,10:30:00,False,False,0.0
2023-12-05,21.68,22.09,21.34,21.91,3.4594095940959413,1.060885608856088,-2.7366532077164663,5.142372925894497,2023,2.029520295202958,10,4,2.2303140646335873,0.7600000000000003,11:15:00,False,False,0.0
2023-12-06,22.83,22.89,21.4,21.48,6.526500219010084,-5.913272010512472,4.198995892286628,5.016477066935907,2023,2.715724923346478,11,3,1.4765100671140896,0.053691275167786406,10:10:00,False,False,0.0
2023-12-07,22.01,23.4,21.81,23.18,7.223989095865514,5.315765561108576,2.4674115456238432,5.332859804685067,2023,1.9990913221263118,9,3,2.2727272727272707,0.8616352201257869,10:25:00,False,False,0.0
2023-12-08,23.01,24.04,22.95,23.72,4.737070838765753,3.085614950021709,-0.7333908541846346,5.685973188890155,2023,2.824858757062156,9,3,3.13708637730985,0.7064220183486235,10:20:00,False,False,0.0
2023-12-11,24.38,26.38,24.31,26.12,8.49056603773585,7.136997538966372,2.7824620573355885,5.418016489797909,2023,4.019688269073013,7,1,2.961460446247477,0.8743961352657015,10:00:00,False,True,1.0
2023-12-12,25.75,26.72,25.6,26.68,4.349514563106786,3.6116504854369014,-1.416539050535992,6.087507157094629,2023,3.2233009708737796,5,3,2.050290135396504,0.964285714285715,10:00:00,False,False,1.0
2023-12-13,26.72,28.4,26.42,27.93,7.410179640718552,4.528443113772451,0.14992503748125774,6.265528150896798,2023,1.7964071856287442,10,4,3.745743473325769,0.7626262626262629,14:05:00,False,False,1.0
2023-12-14,28.62,30.49,28.61,30.21,6.56883298392732,5.555555555555558,2.470461868958118,6.442264035238492,2023,5.520614954577225,15,5,2.519577800476669,0.8510638297872353,10:00:00,False,False,1.0
2023-12-15,30.46,31.59,30.35,30.57,4.070912672357185,0.36112934996717083,0.827540549486927,6.311232812850853,2023,2.4622455679579778,12,4,2.156158118261997,0.177419354838709,10:05:00,False,False,1.0
2023-12-18,30.56,30.71,29.46,30.29,4.090314136125655,-0.8835078534031426,-0.03271180896303738,6.178001179569139,2023,3.2068062827225146,6,2,1.5572105619499066,0.6639999999999986,11:30:00,False,False,1.0
2023-12-19,30.34,30.98,30.29,30.77,2.2742254449571564,1.4172709294660413,0.16507098052163105,5.2979507992471,2023,2.2742254449571564,6,2,1.2621359223300876,0.6956521739130428,10:10:00,False,False,1.0
2023-12-20,30.2,30.62,28.05,28.05,8.509933774834439,-7.1192052980132425,-1.8524536886577847,4.882892975617174,2023,1.258278145695361,9,4,4.694835680751163,0.0,15:00:00,False,True,2.0
2023-12-21,29.75,30.41,29.35,30.26,3.5630252100840294,1.7142857142857126,6.060606060606055,5.102843802440352,2023,2.1176470588235263,10,4,1.914036265950303,0.858490566037737,15:25:00,False,False,2.0
2023-12-22,30.62,31.08,29.88,30.53,3.9190071848465036,-0.29392553886348205,1.1896893588896118,4.501682247671694,2023,1.8941868060091387,7,2,2.145643693107935,0.5416666666666687,14:20:00,False,False,2.0
2023-12-26,30.91,32.53,30.91,32.16,5.24102232287286,4.043998705920404,1.2446773665247157,4.471301150169557,2023,3.2351989647363313,4,1,1.2420382165605037,0.7716049382716023,10:00:00,False,False,1.0
2023-12-27,32.56,32.74,31.84,32.36,2.76412776412777,-0.6142506142506221,1.2437810945273853,4.701442787518998,2023,1.4434889434889397,6,1,1.3850415512465464,0.577777777777776,10:30:00,False,False,1.0
2023-12-28,32.59,32.78,32.05,32.19,2.2399509051856517,-1.2273703590058527,0.7107540173053373,4.799423251353121,2023,1.8103712795336095,5,1,1.08091414453364,0.19178082191780796,10:35:00,False,False,1.0
2023-12-29,32.18,32.35,30.89,31.4,4.53697949036669,-2.423865755127408,-0.031065548306918878,3.5454266774233636,2023,1.0254816656308212,5,2,2.7656929770043526,0.34931506849314914,10:45:00,False,False,1.0
2024-01-02,29.89,29.9,27.25,28.01,8.865841418534622,-6.289729006356637,-4.808917197452223,3.7402175334798953,2024,4.182000669120107,10,6,2.9484902309058536,0.28679245283018945,15:10:00,False,True,2.0
2024-01-03,26.59,27.05,25.88,26.21,4.400150432493425,-1.429108687476488,-5.069617993573727,4.72958438021752,2024,3.2719067318540844,18,6,2.923538230884559,0.2820512820512832,10:35:00,False,False,2.0
2024-01-04,24.97,26.33,24.8,25.51,6.1273528233880565,2.162595114136967,-4.731018695154532,4.561410002141633,2024,3.323988786543846,12,6,3.1936127744510934,0.46405228758170064,10:15:00,False,False,2.0
2024-01-05,25.65,26.62,25.4,25.94,4.756335282651082,1.1306042884990264,0.5488043904351203,5.23405501399369,2024,2.5341130604288584,13,4,3.4064212999217025,0.44262295081967346,10:05:00,False,False,1.0
2024-01-08,26.49,28.67,26.43,28.47,8.456021140052858,7.474518686296716,2.120277563608308,5.737331889486777,2024,4.869762174405433,5,1,3.2835820895522394,0.9107142857142845,10:00:00,False,True,2.0
2024-01-09,27.51,29.14,27.35,28.46,6.506724827335511,3.4532897128316975,-3.3719704952581586,6.52114021942401,2024,2.290076335877859,12,3,1.818817768450498,0.6201117318435754,13:00:00,False,False,2.0
2024-01-10,28.64,28.68,27.09,28.17,5.55167597765363,-1.6410614525139589,0.6324666198172846,6.049316901184188,2024,5.062849162011171,8,5,2.858163629867805,0.6792452830188691,10:00:00,False,False,2.0
2024-01-11,28.23,29.04,26.78,28.46,8.005667729365916,0.8147360963514094,0.21299254526090383,6.279622010216229,2024,3.6486007793127793,11,5,5.753899480069324,0.7433628318584076,10:05:00,True,True,3.0
2024-01-12,28.58,28.98,27.61,28.07,4.7935619314205775,-1.7844646606018144,0.42164441321150825,6.6552849914118,2024,2.34429671098671,11,2,2.498265093684937,0.3357664233576646,10:15:00,False,False,3.0
2024-01-16,28.13,29.83,27.7,29.23,7.571987202275148,3.9104159260575866,0.21375133594585538,6.662730321165699,2024,2.0618556701030992,10,4,4.0656205420827485,0.7183098591549304,10:20:00,False,False,3.0
2024-01-17,28.37,28.55,26.96,28.42,5.604511808248149,0.17624250969334732,-2.9421826890181246,6.485923533610157,2024,4.652802255904125,16,4,2.801018552200807,0.9182389937106924,14:40:00,False,False,2.0
2024-01-18,30.7,31.31,29.81,31.19,4.88599348534202,1.596091205211736,8.022519352568613,6.305480929792685,2024,1.5309446254071624,11,3,2.2193211488250597,0.9200000000000017,13:15:00,False,False,2.0
2024-01-19,32.42,34.99,31.9,34.9,9.531153608883415,7.649599012954966,3.9435716575825674,6.172344431330362,2024,2.004935225169644,9,1,2.177858439201441,0.9708737864077659,12:40:00,False,True,3.0
2024-01-22,35.68,36.57,34.22,35.25,6.58632286995516,-1.2051569506726478,2.2349570200573154,6.477441607233862,2024,4.48430493273543,15,7,3.0820033021464077,0.4382978723404258,10:00:00,False,False,3.0
2024-01-23,35.17,36.01,34.22,35.91,5.089564970145007,2.104065965311319,-0.22695035460992274,6.835993794940779,2024,3.0992323002559092,8,2,2.6806526806526954,0.9441340782122897,10:00:00,False,False,2.0
2024-01-24,37.1,38.92,36.26,37.49,7.169811320754727,1.0512129380053858,3.3138401559454245,6.339509348514751,2024,3.126684636118608,15,6,3.1114718614718484,0.4624060150375948,10:30:00,False,False,2.0
2024-01-25,39.5,39.53,36.52,37.13,7.620253164556957,-5.999999999999995,5.361429714590549,6.652569251016066,2024,4.253164556962025,13,6,2.8699315429173256,0.20265780730897004,10:25:00,False,False,2.0
2024-01-26,34.94,35.55,33.7,34.01,5.294791070406395,-2.6617057813394407,-5.8981955292216615,7.199421186859054,2024,3.119633657698902,13,4,2.357676825761934,0.16756756756756547,12:45:00,False,False,1.0
2024-01-29,34.23,35.13,33.51,35.09,4.732690622261188,2.5124160093485504,0.6468685680682151,6.35214867916365,2024,1.9865614957639492,11,2,2.3072429906542125,0.9753086419753092,15:25:00,False,False,1.0
2024-01-30,34.55,35.13,33.05,33.51,6.020260492040537,-3.0101302460202595,-1.5388999715018725,5.981422229624856,2024,2.141823444283653,10,2,1.942592055668313,0.22115384615384598,12:30:00,False,False,1.0
2024-01-31,31.92,33.87,31.14,32.06,8.552631578947357,0.43859649122808264,-4.744852282900613,6.1675613340039614,2024,2.6315789473684092,18,8,4.569732937685478,0.336996336996338,15:10:00,False,True,2.0
2024-02-01,32.28,32.72,31.2,32.45,4.708798017348202,0.5266418835192077,0.6862133499688117,6.444125385642488,2024,2.7571251548946734,17,6,2.494543186778919,0.8223684210526342,10:55:00,False,False,2.0
2024-02-02,32.35,33.92,32.17,33.68,5.4095826893353935,4.111282843894903,-0.30816640986133237,5.8618343562007365,2024,3.9567233384853204,11,5,1.9378652722239487,0.8628571428571418,10:00:00,False,False,1.0
2024-02-05,34.54,35.6,33.42,35.11,6.311522872032425,1.6502605674580284,2.5534441805225683,5.884792679986536,2024,2.287203242617253,9,4,2.9680365296803624,0.7752293577981642,10:25:00,False,False,1.0
2024-02-06,35.37,35.48,32.66,33.83,7.972858354537745,-4.353972292903585,0.7405297636001063,6.200559129940784,2024,4.749787955894826,14,3,2.797001153402534,0.41489361702127714,10:00:00,False,True,2.0
2024-02-07,34.43,35.49,33.46,35.38,5.896020911995356,2.7592216090618793,1.7735737511084926,6.5910787024402255,2024,3.2239326169038613,10,4,3.2295948326482415,0.9458128078817737,10:25:00,False,False,2.0
2024-02-08,35.74,37.95,35.64,37.16,6.463346390598774,3.9731393396754244,1.0175240248728068,6.059756569049826,2024,3.1617235590375,12,4,2.7041791860147546,0.6580086580086556,10:50:00,False,False,2.0
2024-02-09,37.87,39.54,37.17,39.35,6.258251914444145,3.9081066807499454,1.9106566200215225,6.410666243699938,2024,2.9574861367837273,6,4,2.616822429906529,0.9198312236286929,10:05:00,False,False,2.0
2024-02-12,39.41,41.33,38.65,39.15,6.800304491245876,-0.6597310327328021,0.1524777636594532,6.580400088721689,2024,2.385181426033996,12,3,3.039144176999753,0.1865671641791045,13:40:00,False,False,2.0
2024-02-13,35.71,37.97,35.16,36.76,7.868944273312804,2.940352842341065,-8.786717752234985,6.6781564125643795,2024,4.368524222906755,15,5,5.027777777777787,0.5693950177935944,10:40:00,False,False,2.0
2024-02-14,38.15,39.27,37.61,39.21,4.351245085190049,2.7785058977719546,3.7812840043525586,6.657373596319391,2024,2.280471821756219,14,3,2.5997899159663884,0.9638554216867457,10:05:00,False,False,1.0
2024-02-15,40.0,40.13,38.5,39.05,4.075000000000006,-2.375000000000005,2.0147921448609996,6.34841843095833,2024,3.3750000000000036,9,3,1.8383278771090472,0.3374233128834333,15:20:00,False,False,1.0
2024-02-16,39.81,40.78,37.96,38.32,7.083647324792766,-3.742778196433061,1.9462227912932173,5.8707491528385765,2024,6.304948505400648,10,6,5.365974282888219,0.1276595744680849,10:00:00,False,False,1.0
2024-02-20,37.24,37.67,34.66,36.4,8.082706766917306,-2.2556390977443663,-2.8183716075156573,6.035828234908301,2024,5.7196562835660645,18,6,3.6967080410145847,0.5780730897009964,10:00:00,False,False,1.0
2024-02-21,35.11,36.15,34.58,36.14,4.471660495585304,2.9336371404158346,-3.5439560439560425,6.292308690042587,2024,2.3639988607234357,17,8,3.4363268842044326,0.9936305732484089,15:35:00,False,False,0.0
2024-02-22,40.45,42.05,39.87,41.46,5.389369592088998,2.4969097651421412,11.92584394023244,5.612851934497087,2024,2.447466007416568,13,3,2.1991598715097593,0.7293577981651392,11:15:00,False,False,0.0
2024-02-23,42.14,42.68,39.41,40.05,7.759848125296638,-4.959658281917423,1.6401350699469353,5.820476835876876,2024,4.769814902705264,12,6,3.7896731406916184,0.19571865443425074,10:05:00,False,False,0.0
2024-02-26,41.22,41.8,40.4,41.23,3.3964095099466247,0.024260067928194573,2.921348314606753,6.557446460936203,2024,3.0810286268801628,10,2,1.2964774951076175,0.5928571428571422,10:40:00,False,False,0.0
2024-02-27,41.86,42.16,40.78,41.08,3.296703296703286,-1.8633540372670843,1.5280135823429575,5.819998897966975,2024,3.296703296703286,7,3,2.0741825280624626,0.21739130434782475,10:10:00,False,False,0.0
2024-02-28,39.74,40.5,39.15,39.77,3.3970810266733804,0.07549068948162763,-3.2619279454722427,4.862798203924171,2024,1.8621036738802264,8,2,1.421091997008228,0.45925925925926214,12:35:00,False,False,0.0
2024-02-29,41.19,43.13,40.77,42.8,5.72954600631221,3.908715707696042,3.5705305506663176,4.647882310141786,2024,1.1896091284292354,9,3,2.2705078125,0.8601694915254214,12:05:00,False,False,0.0
2024-03-01,44.4,48.95,44.24,48.34,10.60810810810811,8.873873873873883,3.738317757009346,4.715917592986429,2024,2.3648648648648583,6,3,3.1347962382445305,0.8704883227176222,10:15:00,False,True,1.0
2024-03-04,49.99,51.41,49.0,49.76,4.820964192838561,-0.4600920184036905,3.413322300372368,5.285569589548723,2024,3.2806561312262463,10,6,2.9824561403508643,0.3153526970954353,15:45:00,False,False,1.0
2024-03-05,48.01,49.0,45.26,46.84,7.79004374088732,-2.436992293272222,-3.516881028938912,5.570480526127111,2024,3.1868360758175402,13,7,3.6013914466953123,0.4224598930481296,10:30:00,False,False,1.0
2024-03-06,49.77,51.85,48.72,50.21,6.288929073739205,0.8840667068515051,6.255337318531162,6.469148614963918,2024,2.2704440425959467,23,9,2.376352395672332,0.4760383386581472,13:50:00,False,False,1.0
2024-03-07,52.14,56.06,52.1,55.32,7.594936708860761,6.098964326812428,3.843855805616414,7.0475182243770815,2024,2.9344073647871136,9,4,2.0362828582006554,0.8131313131313127,11:20:00,False,False,1.0
2024-03-08,55.94,56.99,48.8,48.83,14.640686449767617,-12.710046478369685,1.1207519884309347,7.4205963648867925,2024,2.50268144440473,24,10,7.580904702306457,0.0036630036630037996,11:25:00,True,True,2.0
2024-03-11,46.94,47.79,45.1,46.71,5.73072006817213,-0.4899872177247522,-3.8705713700593947,8.227112033218694,2024,4.516403919897736,18,11,4.267079372098159,0.5985130111524166,10:30:00,False,False,2.0
2024-03-12,48.46,49.69,46.0,49.66,7.614527445315719,2.4762690879075455,3.7465210875615496,8.409063208285408,2024,5.695418902187367,18,4,3.519185923256307,0.9918699186991867,10:45:00,False,False,2.0
2024-03-13,47.89,48.04,45.09,45.95,6.159949885153468,-4.050950093965334,-3.5642368103101063,8.373959949171088,2024,2.6519106285236917,22,3,2.4855367473751944,0.2915254237288138,11:35:00,False,False,2.0
2024-03-14,45.58,46.34,42.18,43.53,9.126810004387897,-4.497586660816144,-0.805223068552785,8.34816411145394,2024,5.375164545853451,21,7,3.8403124321978788,0.32451923076923084,10:00:00,False,True,3.0
2024-03-15,41.81,44.14,41.62,42.67,6.027266204257361,2.056924180817976,-3.9512979554330308,8.654538770559366,2024,3.6115761779478714,22,6,3.8834951456310662,0.41666666666666785,10:35:00,False,False,2.0
2024-03-18,44.7,45.26,42.33,42.48,6.554809843400447,-4.966442953020145,4.757440824935544,6.931854721457316,2024,3.221476510067109,15,3,2.492070684186687,0.05119453924914628,11:15:00,False,False,2.0
2024-03-19,40.71,41.95,38.94,41.34,7.393760746745285,1.547531319086226,-4.1666666666666625,7.096672676502979,2024,4.446082043723906,20,3,3.6381759282332338,0.7973421926910305,12:40:00,False,False,2.0
2024-03-20,41.59,43.8,40.62,43.45,7.646068766530415,4.472228901178177,0.6047411707789108,7.052519336788892,2024,2.3803798990141907,14,5,3.305785123966931,0.8899371069182408,15:30:00,False,False,2.0
2024-03-21,47.62,48.76,46.06,46.29,5.669886602267947,-2.7929441411171707,9.597238204833136,7.349743113064281,2024,2.4359512809743884,15,3,2.7263267429760596,0.08518518518518416,14:05:00,False,False,2.0
2024-03-22,45.68,47.5,45.25,46.41,4.925569176882662,1.5980735551663683,-1.317779217973647,6.658358432640291,2024,2.2985989492119185,9,4,2.1581149526536114,0.515555555555554,11:20:00,False,False,1.0
2024-03-25,44.5,47.18,44.14,45.87,6.831460674157301,3.078651685393252,-4.1154923507864645,6.4380190271653515,2024,3.3932584269662875,14,4,2.4972129319955405,0.5690789473684201,10:10:00,False,False,1.0
2024-03-26,46.83,47.37,44.88,44.93,5.317104420243423,-4.0572282724749105,2.092871157619358,6.493349193316723,2024,1.7937219730941627,10,1,2.761844062035257,0.020080321285139462,10:45:00,False,False,1.0
2024-03-27,46.3,46.54,43.91,46.53,5.680345572354217,0.49676025917928524,3.049187625194749,6.07801792801635,2024,3.7796976241900646,12,4,3.315881326352532,0.9961977186311795,10:00:00,False,False,1.0
2024-03-28,46.31,47.3,46.01,46.53,2.7855754696609782,0.47505938242280443,-0.47281323877068626,5.684873289181111,2024,2.7855754696609782,9,4,1.444588184562301,0.40310077519380116,10:00:00,False,False,0.0
2024-04-01,46.73,49.99,46.72,48.04,6.997646051786869,2.8033383265568146,0.42983021706424207,5.108011062659718,2024,6.997646051786869,17,4,2.3378735515348636,0.4036697247706419,10:50:00,False,False,0.0
2024-04-02,45.78,46.16,44.37,45.84,3.9100043687199633,0.1310615989515096,-4.7044129891756885,5.522426437640559,2024,2.752293577981647,10,2,2.014611467788341,0.8212290502793334,15:45:00,False,False,0.0
2024-04-03,44.28,47.18,44.21,46.2,6.70731707317073,4.336043360433606,-3.4031413612565453,4.938135176553091,2024,2.1228545618789467,11,2,4.827894501564578,0.670033670033671,10:25:00,False,False,0.0
2024-04-04,48.11,48.49,41.98,42.24,13.53149033464977,-12.201205570567442,4.1341991341991235,5.216177707138551,2024,2.5566410309707006,12,4,5.269868253293675,0.03993855606758908,14:30:00,False,True,1.0
2024-04-05,42.7,44.53,41.94,43.71,6.065573770491811,2.3653395784543285,1.0890151515151603,6.786406659597662,2024,3.8407494145199075,20,7,2.5700934579439227,0.6833976833976837,10:55:00,False,False,1.0
2024-04-08,44.49,45.19,43.5,44.01,3.798606428410874,-1.078894133513153,1.7844886753603406,7.442406319763831,2024,2.6972353337828787,7,3,1.9514408894939939,0.3017751479289933,10:30:00,False,False,1.0
2024-04-09,45.37,45.85,43.17,45.42,5.90698699581221,0.11020498126517175,3.090206771188364,6.80259839508863,2024,2.380427595327305,18,3,4.1269136898158365,0.8395522388059702,10:50:00,False,False,1.0
2024-04-10,43.13,44.77,42.19,43.02,5.981915140273603,-0.2550428935775506,-5.041831792162044,7.20199492050708,2024,4.474843496406213,21,7,2.0371208691715714,0.32170542635659055,11:05:00,False,False,1.0
2024-04-11,43.71,46.05,42.66,45.81,7.75566231983528,4.804392587508577,1.6039051603905063,7.056914533927655,2024,1.6929764355982657,10,2,2.1184510250569444,0.9292035398230104,13:25:00,False,False,1.0
2024-04-12,43.33,43.55,41.03,41.36,5.81583198707592,-4.546503577198246,-5.413665138616031,5.9017489309647555,2024,1.4770366951303961,15,4,1.9535738910595346,0.1309523809523805,10:10:00,False,False,1.0
2024-04-15,42.98,43.4,39.1,39.75,10.004653327128892,-7.515123313168914,3.9168278529980505,5.851800574281578,2024,1.7915309446254146,20,7,5.183585313174954,0.1511627906976742,13:35:00,False,True,2.0
2024-04-16,39.75,41.17,39.21,40.53,4.9308176100628955,1.9622641509434047,0.0,7.093009954025182,2024,1.9874213836477965,19,5,2.206619859578729,0.6734693877551019,11:25:00,False,False,2.0
2024-04-17,40.6,40.85,36.64,36.84,10.369458128078819,-9.261083743842358,0.17271157167531026,6.897776076875319,2024,3.4236453201970454,20,10,3.420922161626183,0.04750593824228095,10:10:00,False,True,3.0
2024-04-18,36.03,36.8,34.53,34.85,6.300305301137929,-3.275048570635586,-2.1986970684039098,7.775284674436362,2024,4.301970580072155,21,5,3.2957502168256436,0.1409691629955951,10:05:00,False,False,2.0
2024-04-19,33.98,34.58,30.2,30.69,12.889935256032958,-9.682165979988211,-2.4964131994261285,7.484213270696893,2024,3.1489111241907017,25,6,3.702541575149043,0.11187214611872194,14:50:00,False,True,3.0
2024-04-22,31.59,32.85,30.5,32.17,7.4390629946185545,1.8360240582462772,2.9325513196480912,8.899033924488299,2024,3.4504590060145612,13,4,3.1894934333958735,0.7106382978723407,10:20:00,False,False,3.0
2024-04-23,32.8,34.66,32.59,34.16,6.310975609756077,4.146341463414638,1.958346285359025,8.38591585798623,2024,3.2926829268292637,13,3,3.2752403846153744,0.7584541062801924,10:30:00,False,False,3.0
2024-04-24,36.91,37.48,34.6,35.51,7.802763478732039,-3.793010024383636,8.050351288056202,8.661947457924867,2024,2.3028989433757636,13,5,2.676133260513369,0.31597222222222154,11:00:00,False,False,3.0
2024-04-25,35.28,38.18,34.64,37.46,10.034013605442174,6.179138321995459,-0.6477048718670719,8.148608528055512,2024,4.846938775510207,16,8,3.9314799213703955,0.7966101694915257,10:15:00,False,True,4.0
2024-04-26,37.32,40.29,37.0,39.75,8.815648445873524,6.5112540192926005,-0.3737319807795014,8.89535018891636,2024,4.635584137191846,10,1,3.912238963785364,0.8358662613981765,10:10:00,False,False,4.0
2024-04-29,39.6,40.83,38.71,40.65,5.353535353535347,2.651515151515138,-0.37735849056603765,8.080492826884475,2024,3.434343434343433,12,4,2.6044352759154066,0.9150943396226415,10:20:00,False,False,3.0
2024-04-30,40.08,41.49,38.12,38.12,8.408183632734541,-4.890219560878251,-1.4022140221402246,7.663387298667833,2024,3.1437125748502943,16,2,2.9512195121951246,0.0,11:10:00,False,False,3.0
2024-05-01,36.08,38.06,33.65,34.27,12.222838137472294,-5.016629711751652,-5.351521511017832,8.082828903263525,2024,3.021064301552096,26,6,6.917900403768506,0.14058956916099866,15:50:00,True,True,3.0
2024-05-02,35.93,36.91,34.12,36.55,7.765098803228497,1.7255775118285577,4.843886781441475,8.966843835011577,2024,3.228499860840514,12,5,4.4593088071348985,0.870967741935484,10:05:00,False,False,3.0
2024-05-03,38.74,39.58,38.1,38.97,3.8203407330924026,0.5937016004130102,5.991792065663493,8.513060874568842,2024,3.5880227155394953,11,5,2.0429009193054015,0.5878378378378374,11:10:00,False,False,2.0
2024-05-06,39.95,41.38,39.48,41.38,4.7559449311639685,3.579474342928668,2.514754939697217,7.513999332012617,2024,3.7046307884856167,7,1,2.2049611626158816,1.0,10:05:00,False,False,2.0
2024-05-07,41.53,41.91,40.28,40.3,3.9248735853599697,-2.961714423308459,0.3624939584340181,7.39448124753834,2024,2.6005297375391243,7,3,1.9937545039634963,0.012269938650304341,13:55:00,False,False,2.0
2024-05-08,39.05,40.51,38.96,40.4,3.9692701664532577,3.457106274007682,-3.101736972704716,6.4978192380634265,2024,3.149807938540325,7,3,2.6498266468548803,0.9290322580645164,11:20:00,False,False,2.0
2024-05-09,40.43,40.62,39.31,39.93,3.240168191936669,-1.2367054167697233,0.07425742574258543,4.84710564385962,2024,3.240168191936669,9,3,1.6927741283476516,0.4732824427480914,10:55:00,False,False,1.0
2024-05-10,41.12,42.24,40.51,41.02,4.2071984435797765,-0.24319066147858726,2.9802153769095785,3.942119521601254,2024,2.748054474708178,7,2,2.8795811518324665,0.29479768786127397,10:25:00,False,False,1.0
2024-05-13,41.6,42.07,41.07,41.3,2.4038461538461537,-0.7211538461538547,1.4139444173573823,4.019491063698728,2024,2.115384615384621,9,3,1.291866028708133,0.22999999999999687,13:05:00,False,False,1.0
2024-05-14,41.18,43.44,41.05,43.31,5.8037882467217115,5.1724137931034475,-0.29055690072639084,3.549071308235166,2024,2.3555123846527586,7,3,2.087832973362125,0.9456066945606714,10:30:00,False,False,1.0
2024-05-15,44.67,47.07,43.99,47.01,6.895007835236172,5.238415043653455,3.1401523897483186,3.924854240507514,2024,1.8132975151108017,4,1,1.770506499327662,0.9805194805194798,10:45:00,False,False,0.0
2024-05-16,46.96,48.04,46.21,46.25,3.896933560476998,-1.5119250425894348,-0.10636034886193357,4.510001774264097,2024,2.1507666098807454,10,2,1.85185185185186,0.021857923497267315,11:05:00,False,False,0.0
2024-05-17,47.04,47.38,44.33,45.43,6.483843537414975,-3.4226190476190466,1.7081081081081084,4.641354847972163,2024,2.9124149659864043,8,4,2.472527472527475,0.360655737704918,10:05:00,False,False,0.0
2024-05-20,45.96,49.3,45.81,48.42,7.5935596170583,5.352480417754579,1.1666299801893043,5.096683866739203,2024,4.765013054830282,4,2,1.8329070758738242,0.7478510028653305,10:00:00,False,False,0.0
2024-05-21,46.55,48.19,46.41,47.92,3.8238453276047286,2.9430719656283744,-3.8620404791408602,6.1346265593816325,2024,2.1697099892588727,9,3,2.0377520377520497,0.8483146067415753,10:30:00,False,False,0.0
2024-05-22,49.25,50.0,48.1,49.56,3.8578680203045654,0.6294416243654899,2.7754590984975014,5.738637975558236,2024,2.050761421319793,12,3,2.154909534458216,0.76842105263158,14:25:00,False,False,0.0
2024-05-23,53.12,53.2,47.55,48.82,10.636295180722904,-8.094879518072284,7.183212267958017,5.1312100125719144,2024,4.856927710843384,16,6,4.688105385509478,0.22477876106194722,10:55:00,False,True,1.0
2024-05-24,50.02,52.08,49.35,51.54,5.457816873250693,3.0387844862055147,2.4580090126997245,6.4790823366210955,2024,2.3190723710515724,11,2,2.858856457417036,0.8021978021978022,10:20:00,False,False,1.0
2024-05-28,53.34,54.89,51.75,54.17,5.886764154480691,1.5560554930633685,3.4924330616996624,6.273877003788239,2024,3.3933258342707204,10,4,2.448904437488497,0.7707006369426755,14:35:00,False,False,1.0
2024-05-29,51.18,51.92,50.65,50.85,2.4814380617428746,-0.644783118405623,-5.519660328595166,5.9325179112727175,2024,2.110199296600231,17,3,1.6253869969040213,0.15748031496063178,15:50:00,False,False,1.0
2024-05-30,50.82,51.34,48.98,49.78,4.643841007477384,-2.046438410074769,-0.05899705014749124,5.664036458100346,2024,1.849665486029132,14,4,2.8503562945368266,0.3389830508474585,15:45:00,False,False,1.0
2024-05-31,50.3,50.72,44.38,48.55,12.604373757455262,-3.479125248508952,1.0445962233828876,5.821231055534911,2024,3.1610337972166924,18,6,5.7676685621446016,0.6577287066246053,10:35:00,True,True,2.0
2024-06-03,50.81,50.93,46.12,48.68,9.466640425113171,-4.192088171619767,4.654994850669425,6.2148467708813815,2024,3.7000590434953793,16,4,4.4228038141610915,0.5322245322245325,10:50:00,False,True,3.0
2024-06-04,48.46,48.65,46.43,47.58,4.581097812628969,-1.8159306644655482,-0.4519309778142966,7.016611481253877,2024,3.838217086256705,14,5,2.775476387738196,0.5180180180180176,10:05:00,False,False,3.0
2024-06-05,50.03,53.87,49.56,53.78,8.614831101339187,7.495502698380974,5.149222362337125,6.755478212883533,2024,2.698380971417138,9,1,2.7744748315497336,0.9791183294663581,10:35:00,False,False,3.0
2024-06-06,53.79,53.79,51.23,52.46,4.759248931028076,-2.4725785461981786,0.018594272963934344,7.982156820802794,2024,4.759248931028076,11,4,2.8068862275449136,0.4804687500000011,10:00:00,False,False,3.0
2024-06-07,52.23,52.9,50.81,51.91,4.001531686770049,-0.6126747080222095,-0.4384292794510136,8.005238405512934,2024,2.967643116982572,14,5,3.342830009496678,0.5263157894736824,14:10:00,False,False,2.0
2024-06-10,50.52,54.58,50.42,54.12,8.23436262866191,7.125890736342022,-2.67771142361779,6.284669991375891,2024,3.444180522565311,8,5,2.61208576998051,0.8894230769230766,10:20:00,False,False,2.0
2024-06-11,53.38,54.48,51.7,54.23,5.2079430498313855,1.5923566878980777,-1.367331855136722,6.038214432085639,2024,3.5781191457474644,5,4,2.2046025913749823,0.910071942446043,10:20:00,False,False,2.0
2024-06-12,57.25,59.45,56.81,58.75,4.611353711790394,2.6200873362445476,5.56887331735203,6.163583479526122,2024,4.069868995633185,12,5,2.2384174908901544,0.7348484848484839,10:05:00,False,False,2.0
2024-06-13,60.07,61.49,58.3,60.74,5.31047111703014,1.1153654070251484,2.2468085106382985,5.362888001616364,2024,2.8633261195272164,8,5,2.715309012160594,0.7648902821316618,10:20:00,False,False,2.0
2024-06-14,58.95,60.55,58.35,60.03,3.731976251060213,1.8320610687022842,-2.9469871583799767,5.473132438816776,2024,1.6793893129771025,10,2,1.4139033832688108,0.763636363636365,13:30:00,False,False,1.0
2024-06-17,61.09,63.15,58.95,62.8,6.875102308070054,2.799148796857076,1.7657837747792726,5.419221351674809,2024,3.093796038631528,6,2,2.023950075898129,0.9166666666666663,11:15:00,False,False,0.0
2024-06-18,63.42,66.19,63.1,65.19,4.872280037842946,2.7909176915799305,0.9872611464968317,5.1473692875564385,2024,2.727846105329544,9,2,1.429459291485391,0.676375404530744,10:45:00,False,False,0.0
2024-06-20,65.56,65.83,58.79,59.93,10.738255033557046,-8.58755338621111,0.5675717134529856,5.08023668515875,2024,3.3709579011592448,19,11,4.212622549019606,0.1619318181818183,10:15:00,False,True,1.0
2024-06-21,58.42,60.18,56.03,58.02,7.103731598767543,-0.6846970215679482,-2.5196062072417758,6.30561694951208,2024,4.621704895583697,13,3,2.7511753438969055,0.47951807228915727,11:00:00,False,False,1.0
2024-06-24,56.45,57.49,53.03,53.11,7.900797165633305,-5.916740478299387,-2.70596346087556,6.664269045859561,2024,4.605845881310897,13,10,3.418803418803429,0.01793721973094132,15:55:00,False,False,1.0
2024-06-25,54.23,55.45,52.35,55.32,5.716393140328234,2.0099575880508924,2.1088307286763364,7.498033228774179,2024,3.466715839940984,10,6,3.460665658093798,0.9580645161290314,10:05:00,False,False,1.0
2024-06-26,55.15,56.22,52.85,54.71,6.110607434270167,-0.7978241160471411,-0.3073029645697778,7.2662913952258155,2024,2.592928377153218,12,5,2.91189179034379,0.5519287833827896,15:50:00,False,False,1.0
2024-06-27,54.33,55.58,52.82,53.86,5.080066261733846,-0.8650837474691642,-0.6945713763480188,7.51395687451126,2024,2.9081538744708233,11,4,1.9901405879130918,0.3768115942028985,10:50:00,False,False,1.0
2024-06-28,54.87,58.59,54.08,55.35,8.219427738290515,0.874794969928927,1.875232083178613,6.3823191201466205,2024,4.647348277747398,13,5,5.759736697750961,0.28159645232816,10:00:00,True,False,1.0
2024-07-01,55.36,55.55,52.25,55.42,5.960982658959532,0.10838150289018689,0.018066847335140857,6.605458348051215,2024,5.653901734104052,14,8,2.21416300820767,0.9606060606060619,10:40:00,False,False,1.0
2024-07-02,54.36,57.75,54.28,57.69,6.383370125091978,6.12582781456954,-1.9126669072537017,6.21749544671646,2024,4.966887417218535,11,3,2.562733582487986,0.9827089337175786,10:20:00,False,False,1.0
2024-07-03,58.1,61.52,57.18,60.7,7.469879518072295,4.475043029259895,0.7106950944704593,6.350890843669208,2024,3.063683304647162,8,4,2.279435880616587,0.8110599078341014,12:45:00,False,False,1.0
2024-07-05,61.86,62.38,59.79,60.81,4.186873585515686,-1.6973811833171593,1.9110378912685189,6.6227452604296335,2024,4.186873585515686,9,5,2.483766233766238,0.39382239382239453,10:05:00,False,False,0.0
2024-07-08,62.26,64.5,62.2,64.34,3.694185672984255,3.3408287825249072,2.384476237460942,6.444106725186002,2024,3.3729521362030104,10,3,1.555061885115827,0.930434782608697,11:25:00,False,False,0.0
2024-07-09,65.13,66.15,62.42,64.16,5.7270075234147155,-1.4893290342392174,1.2278520360584189,5.53905831212475,2024,1.9960079840319538,14,2,2.230710466004582,0.4664879356568346,10:25:00,False,False,0.0
2024-07-10,65.89,69.0,65.01,68.64,6.055547123994528,4.173622704507518,2.696384039900246,5.492263285015786,2024,2.777356199726815,8,3,2.934433745988052,0.9097744360902256,10:05:00,False,False,0.0
2024-07-11,70.01,70.08,61.22,61.78,12.65533495214969,-11.755463505213548,1.9959207459207429,5.426698684796297,2024,5.184973575203535,21,9,3.914971708212267,0.06320541760722374,11:40:00,False,True,1.0
2024-07-12,62.84,67.3,61.65,64.08,8.991088478676,1.9732654360280044,1.7157656199417337,6.463789771611775,2024,4.137492043284534,14,5,4.613143412107479,0.4300884955752213,10:00:00,False,True,2.0
2024-07-15,64.95,66.76,63.05,64.21,5.712086220169374,-1.1393379522709912,1.3576779026217345,7.424632750243839,2024,3.079291762894545,18,5,1.7267267267267128,0.31266846361185824,11:50:00,False,False,2.0
2024-07-16,65.02,65.59,62.23,65.34,5.167640725930493,0.4921562596124307,1.2614857498832066,7.828212859680863,2024,2.7376191940941266,17,5,4.6073779274452775,0.9255952380952382,10:05:00,False,False,2.0
2024-07-17,58.61,59.3,51.22,51.41,13.78604333731445,-12.284593072854467,-10.299969390878482,7.716339500184017,2024,3.0711482682136104,26,8,4.266530681625014,0.023514851485148237,10:05:00,False,True,3.0
2024-07-18,54.16,54.17,49.12,51.78,9.324224519940923,-4.394387001477096,5.349153861116518,9.262438742848001,2024,4.50516986706057,26,11,6.103948428686556,0.526732673267327,15:45:00,True,True,4.0
2024-07-19,51.78,51.78,46.75,47.0,9.714175357280805,-9.231363460795672,0.0,8.596216656406249,2024,3.0320587099266127,29,9,3.087274886206215,0.04970178926441351,10:25:00,False,True,5.0
2024-07-22,50.04,52.95,48.81,52.85,8.27338129496403,5.615507593924862,6.46808510638297,8.74083403212721,2024,5.195843325339717,11,5,3.547628381027057,0.975845410628019,11:30:00,False,False,5.0
2024-07-23,50.5,52.08,50.0,50.44,4.118811881188115,-0.11881188118811892,-4.446546830652798,9.253093047086141,2024,3.485148514851481,16,6,2.163742690058479,0.21153846153846062,15:50:00,False,False,5.0
2024-07-24,48.43,48.79,42.25,42.51,13.504026429898822,-12.22382820565765,-3.984932593180013,9.043327278137665,2024,4.274210200289078,19,7,2.549965541006205,0.03975535168195689,15:50:00,False,True,6.0
2024-07-25,41.51,43.7,37.39,39.59,15.20115634786799,-4.625391471934459,-2.3523876734885873,8.98692389665454,2024,6.2153697904119625,27,15,7.31771518820743,0.3486529318542,10:40:00,True,True,6.0
2024-07-26,42.24,43.0,40.71,41.99,5.421401515151513,-0.5918560606060552,6.693609497347808,10.162310262239952,2024,3.0539772727272707,22,10,2.497621313035203,0.5589519650655029,15:00:00,False,False,5.0
2024-07-29,43.37,45.0,41.26,41.73,8.623472446391519,-3.7814157251556346,3.286496784948789,9.303755493814094,2024,4.450080700945354,20,6,4.353650368385786,0.1256684491978606,10:10:00,False,False,5.0
2024-07-30,42.38,42.67,36.78,37.13,13.89806512505899,-12.387918829636623,1.5576323987539054,9.373773724099593,2024,3.633789523360073,25,11,3.5530241388662898,0.05942275042444845,13:25:00,False,True,6.0
2024-07-31,42.3,44.76,41.42,44.6,7.8959810874704415,5.437352245862903,13.924050632911378,11.329624372873766,2024,3.6643026004728068,21,8,3.3000232396002804,0.9520958083832345,14:40:00,False,False,5.0
2024-08-01,42.02,43.42,33.42,34.99,23.798191337458352,-16.73012851023322,-5.784753363228701,10.208015304388091,2024,3.7601142313184157,34,10,5.120977214000466,0.15700000000000003,10:25:00,False,True,5.0
2024-08-02,30.54,31.59,28.14,29.32,11.29666011787819,-3.99476096922069,-12.717919405544453,11.927422302306164,2024,8.808120497707929,35,21,9.017453135100206,0.34202898550724636,10:10:00,True,True,5.0
2024-08-05,23.52,30.15,23.5,27.89,28.27380952380952,18.57993197278911,-19.781718963165073,13.1024740228515,2024,14.79591836734694,37,29,13.211382113821134,0.6601503759398498,10:00:00,True,True,6.0
2024-08-06,28.6,30.8,27.17,28.61,12.692307692307688,0.034965034965028785,2.545715310147001,17.032541438335098,2024,7.027972027972021,31,11,4.5768252815110655,0.3966942148760325,10:10:00,False,True,7.0
2024-08-07,31.32,31.94,25.94,26.08,19.157088122605366,-16.730523627075357,9.472212513107303,16.79138995178484,2024,5.044699872286085,33,9,4.78531628974107,0.023333333333332835,12:00:00,False,True,7.0
2024-08-08,28.57,31.6,26.87,31.53,16.55582779138957,10.3605180259013,9.547546012269947,19.043611358811823,2024,6.825341267063351,24,10,6.4954128440366965,0.9852008456659619,10:15:00,True,True,7.0
2024-08-09,30.71,31.79,29.58,30.96,7.196352979485512,0.814067079127323,-2.6006977481763394,17.595138649598066,2024,5.60078150439597,21,8,4.249920710434507,0.6244343891402724,10:05:00,False,False,7.0
2024-08-12,31.11,32.59,30.23,31.47,7.5859852137576445,1.1571841851494735,0.4844961240310086,16.77507722191953,2024,4.789456766313078,21,8,4.464871963230466,0.525423728813558,10:25:00,False,False,7.0
2024-08-13,32.68,35.43,32.18,35.33,9.944920440636475,8.108935128518958,3.8449316809660017,12.637512359909156,2024,4.039167686658508,11,6,2.492031295276731,0.9692307692307688,15:45:00,False,False,6.0
2024-08-14,36.18,36.64,33.27,34.97,9.314538419016024,-3.344389165284689,2.4058873478630005,12.088034909574914,2024,8.485351022664457,22,10,4.556354916067162,0.5044510385756668,11:00:00,False,False,6.0
2024-08-15,37.36,40.47,36.86,40.09,9.6627408993576,7.307280513918646,6.834429511009432,10.119524968857046,2024,3.559957173447533,10,3,1.9523936881518988,0.8947368421052644,10:10:00,False,False,5.0
2024-08-16,38.79,40.24,38.07,39.72,5.594225315803047,2.3975251353441696,-3.242703916188583,8.740907590450652,2024,3.377159061613824,15,6,3.83275261324042,0.7603686635944688,10:45:00,False,False,4.0
2024-08-19,39.28,41.75,37.89,41.73,9.826883910386963,6.237270875763734,-1.1077542799597162,8.420482057714157,2024,3.4368635437881907,14,4,2.6867963152507612,0.9948186528497401,10:15:00,False,False,3.0
2024-08-20,41.05,41.92,39.1,40.04,6.869671132764922,-2.460414129110833,-1.6295231248502295,8.868661797040023,2024,3.191230207064561,19,6,5.083932853717032,0.3333333333333325,10:35:00,False,False,2.0
2024-08-21,40.75,42.36,40.33,41.77,4.981595092024542,2.50306748466258,1.773226773226777,8.253611935465711,2024,2.0858895705521507,17,9,2.1769995267392206,0.7093596059113321,15:00:00,False,False,1.0
2024-08-22,42.51,42.88,37.11,37.51,13.573276876029178,-11.761938367442959,1.7716064160880896,7.387023270067415,2024,3.9755351681957305,24,9,5.144536991670757,0.06932409012131688,11:40:00,False,True,1.0
2024-08-23,39.16,41.21,38.59,40.39,6.690500510725224,3.1409601634320827,4.398826979472137,8.16913046540173,2024,2.298263534218587,24,11,4.927760577915397,0.6870229007633584,10:00:00,False,False,1.0
2024-08-26,39.73,40.29,36.91,37.34,8.507425119557018,-6.015605336018104,-1.634067838573916,8.388385504386166,2024,2.8441983387868177,19,10,4.068896655017484,0.12721893491124453,10:05:00,False,False,1.0
2024-08-27,36.51,38.97,35.52,38.57,9.44946589975348,5.642289783620935,-2.2228173540439378,8.124493746220178,2024,4.135853190906595,14,5,3.4961154273029926,0.884057971014493,10:10:00,False,False,1.0
2024-08-28,38.09,38.86,35.29,36.5,9.372538724074559,-4.174323969545823,-1.2444905366865378,8.640452699617887,2024,3.5442373326332404,23,8,3.8087520259319385,0.3389355742296921,11:10:00,False,False,1.0
2024-08-29,37.06,38.93,35.62,36.17,8.93146249325419,-2.4015110631408487,1.5342465753424683,9.518641426027893,2024,4.883971937398799,27,12,5.161626694473398,0.16616314199395887,14:40:00,False,False,1.0
2024-08-30,38.68,39.22,37.06,38.92,5.584281282316434,0.6204756980351611,6.9394525850152045,8.590278549472895,2024,3.205791106515,20,8,2.379105249547453,0.8611111111111122,11:15:00,False,False,1.0
2024-09-03,36.81,36.81,29.4,30.05,20.13039934800327,-18.364574843792447,-5.421377183967113,8.369034703791137,2024,7.280630263515348,18,6,5.07824033067611,0.08771929824561428,10:55:00,False,True,2.0
2024-09-04,29.07,31.69,28.73,30.26,10.182318541451671,4.093567251461994,-3.261231281198007,10.693629549480386,2024,5.813553491572072,31,9,4.203093476798925,0.5168918918918921,10:30:00,False,False,2.0
2024-09-05,29.0,31.21,28.83,29.77,8.206896551724146,2.6551724137930943,-4.163912756113685,10.840200077820025,2024,5.413793103448277,29,9,5.37671232876713,0.3949579831932774,10:00:00,False,False,2.0
2024-09-06,29.17,29.17,25.5,25.95,12.581419266369561,-11.038738429893735,-2.0154517971111785,10.607071643349943,2024,6.753513884127536,21,11,4.583484903601298,0.12261580381471364,10:45:00,False,True,2.0
2024-09-09,27.14,27.73,26.15,27.47,5.821665438467214,1.215917464996319,4.585741811175348,11.337062997973016,2024,2.1739130434782603,20,6,4.42189198985139,0.8354430379746828,10:40:00,False,False,2.0
2024-09-10,27.52,28.39,26.24,28.31,7.812500000000008,2.870639534883712,0.18201674554059188,11.384539829203172,2024,4.069767441860469,16,8,3.1879809454012364,0.9627906976744178,11:55:00,False,False,2.0
2024-09-11,28.89,32.42,27.08,32.23,18.483904465212888,11.561093804084454,2.048746026139181,8.920959959602522,2024,4.638283142956039,23,11,4.659129838985965,0.9644194756554298,10:10:00,False,True,3.0
2024-09-12,31.75,32.69,30.35,31.81,7.370078740157468,0.18897637795274314,-1.4892956872478935,10.581277144354763,2024,4.440944881889764,24,9,5.072697899838463,0.6239316239316237,10:30:00,False,False,3.0
2024-09-13,32.52,33.72,32.36,33.44,4.182041820418203,2.8290282902828867,2.2320025149324296,10.413913582041427,2024,3.1365313653136626,19,5,1.7742428877332683,0.7941176470588226,11:00:00,False,False,3.0
2024-09-16,32.03,32.64,30.83,32.13,5.6509522322822425,0.3122073056509578,-4.216507177033479,8.734038092851154,2024,3.715266937246324,20,6,4.255319148936165,0.7182320441988965,10:30:00,False,False,3.0
2024-09-17,33.31,33.56,31.36,32.21,6.604623236265395,-3.3023116181326917,3.67258014316838,8.699895451614161,2024,4.65325728009608,20,8,2.8623629719853994,0.3863636363636365,12:45:00,False,False,2.0
2024-09-18,32.55,34.0,31.05,31.13,9.062980030721965,-4.362519201228876,1.0555728034771672,8.458320098867238,2024,2.3963133640553145,21,11,5.7369814651368145,0.027118644067796037,15:00:00,True,False,2.0
2024-09-19,34.68,36.44,33.88,35.13,7.3817762399077145,1.2975778546712835,11.403790555734016,6.574135211969055,2024,2.7104959630911125,21,9,2.602974828375282,0.48828125000000094,15:45:00,False,False,2.0
2024-09-20,34.05,34.4,32.04,33.55,6.930983847283406,-1.468428781204112,-3.074295473953903,6.576474711919104,2024,3.671071953010279,12,4,3.210321032103214,0.6398305084745756,11:10:00,False,False,1.0
2024-09-23,33.97,34.38,33.18,33.92,3.5325287017957105,-0.14718869590815142,1.251862891207156,7.126263117292145,2024,3.002649396526356,12,4,1.6224188790560423,0.6166666666666669,11:00:00,False,False,1.0
2024-09-24,34.84,35.7,33.58,35.1,6.084959816303112,0.746268656716409,2.712264150943411,6.702578411194838,2024,1.8082663605051736,12,4,3.007518796992481,0.7169811320754716,11:50:00,False,False,1.0
2024-09-25,34.71,36.46,34.65,35.77,5.21463555171421,3.053874963987324,-1.1111111111111072,6.598645727202381,2024,3.399596658023624,17,2,2.773061686474243,0.6187845303867421,10:10:00,False,False,0.0
2024-09-26,40.2,40.51,36.71,39.6,9.452736318407952,-1.4925373134328401,12.38467989935701,5.828976831400831,2024,3.0597014925373056,21,5,5.049987182773641,0.7605263157894744,10:55:00,False,False,0.0
2024-09-27,40.01,40.01,37.1,37.64,7.273181704573848,-5.923519120219945,1.0353535353535337,6.243168847100878,2024,2.4993751562109474,21,6,3.352806705613409,0.18556701030927827,10:30:00,False,False,0.0
2024-09-30,36.25,37.41,35.05,36.63,6.510344827586205,1.0482758620689703,-3.6928799149840597,6.311608418558967,2024,3.696551724137921,19,5,3.2412626832018177,0.6694915254237312,15:55:00,False,False,0.0
2024-10-01,36.59,36.99,32.74,33.55,11.61519540858158,-8.30828095107955,-0.1092001092001027,6.907171643717065,2024,6.9964471166985565,24,16,4.458239277652365,0.1905882352941165,10:10:00,False,False,0.0
2024-10-02,33.85,36.05,33.16,34.95,8.537666174298376,3.2496307237813937,0.8941877794336861,8.013218762172759,2024,3.6336779911373824,17,5,5.388320288982529,0.6193771626297598,10:10:00,False,False,0.0
2024-10-03,34.07,36.61,33.98,35.25,7.719401232756098,3.463457587320229,-2.5178826895565165,8.677824886689592,2024,5.576753742295291,23,11,3.8384987205004384,0.4828897338403049,10:05:00,False,False,0.0
2024-10-04,37.38,37.53,35.45,36.71,5.564472980203313,-1.7924023542001066,6.042553191489364,8.331157869559222,2024,3.7720706260032197,16,8,4.528403001071801,0.6057692307692303,10:05:00,False,False,0.0
2024-10-07,35.92,37.24,35.56,36.36,4.677060133630288,1.2249443207126953,-2.152002179242707,7.989416124685114,2024,2.895322939866367,19,5,3.302652950730911,0.47619047619047455,14:55:00,False,False,0.0
2024-10-08,36.42,37.84,35.66,37.47,5.985722130697437,2.883031301482686,0.16501650165017256,7.622759185893932,2024,2.5809994508511935,15,4,2.7272727272727337,0.8302752293577966,10:50:00,False,False,0.0
2024-10-09,37.29,38.76,36.53,38.6,5.980155537677653,3.5130061678734226,-0.48038430744595795,6.496864530317103,2024,2.9230356663984884,10,4,2.257889009793268,0.9282511210762346,10:10:00,False,False,0.0
2024-10-10,37.11,38.42,36.36,37.76,5.551064403125848,1.751549447588241,-3.8601036269430122,5.9853624029929575,2024,3.179735920237132,20,4,3.3953997809419434,0.6796116504854355,10:15:00,False,False,0.0
2024-10-11,36.93,39.05,36.86,38.65,5.930138099106411,4.657460059572172,-2.1980932203389814,5.551695037066908,2024,3.249390739236401,10,3,2.3860021208907733,0.8173515981735164,10:15:00,False,False,0.0
2024-10-14,39.44,41.06,39.35,40.82,4.335699797160246,3.498985801217036,2.043984476067262,5.624828060847528,2024,3.85395537525354,9,3,2.041330645161299,0.8596491228070164,10:05:00,False,False,0.0
2024-10-15,40.49,41.19,33.63,34.47,18.671276858483562,-14.86786860953323,-0.8084272415482596,5.556555993553519,2024,2.8402074586317574,18,8,11.734189723320155,0.11111111111111069,10:35:00,True,True,1.0
2024-10-16,35.75,35.75,34.0,34.45,4.895104895104895,-3.6363636363636265,3.7133739483608874,8.093666939110744,2024,4.895104895104895,13,5,3.116807457034665,0.2571428571428588,10:25:00,False,False,1.0
2024-10-17,37.17,37.36,35.22,35.23,5.757331181059996,-5.2192628463815005,7.895500725689408,7.8766568105961925,2024,4.3045466774280365,13,5,1.876529779711733,0.004672897196260751,14:20:00,False,False,1.0
2024-10-18,36.25,36.33,34.85,35.28,4.0827586206896465,-2.6758620689655177,2.895259721828003,7.917910166183022,2024,2.675862068965514,12,1,1.5577190542420127,0.29054054054054096,10:55:00,False,False,1.0
2024-10-21,34.84,35.38,33.73,35.11,4.735935706084975,0.7749712973593503,-1.2471655328798126,7.548434270499669,2024,1.8943742824339738,10,3,3.0586236193713034,0.8363636363636351,10:45:00,False,False,1.0
2024-10-22,34.4,35.03,33.84,34.68,3.459302325581389,0.8139534883720989,-2.022215892908008,7.628481452284616,2024,2.20930232558139,10,2,1.2278697886921708,0.7058823529411747,14:30:00,False,False,1.0
2024-10-23,34.43,34.88,32.29,33.77,7.522509439442357,-1.9169329073482344,-0.7208765859284871,4.58608654570418,2024,2.4687772291606196,9,5,2.6470588235294024,0.5714285714285722,13:10:00,False,False,1.0
2024-10-24,34.58,34.74,33.53,34.28,3.4991324465008704,-0.8675534991324341,2.3985786200769743,5.111567454571672,2024,2.978600347021403,12,4,1.7758369723435252,0.6198347107438013,11:45:00,False,False,1.0
2024-10-25,35.19,36.87,35.17,35.31,4.830917874396123,0.34100596760444635,2.6546091015169138,4.659927707659848,2024,3.7226484796817143,10,2,2.9700196133370715,0.08235294117647113,10:00:00,False,False,1.0
2024-10-28,35.3,36.09,34.75,35.37,3.796033994334288,0.1983002832861125,-0.028320589068264734,4.809559558401142,2024,2.889518413597743,8,2,1.4946418499718117,0.462686567164176,10:25:00,False,False,1.0
2024-10-29,35.46,38.45,34.94,37.95,9.898477157360421,7.021996615905257,0.2544529262086703,4.621579216051005,2024,2.8764805414551695,5,2,2.9688838138738127,0.8575498575498578,10:00:00,False,False,0.0
2024-10-30,35.04,35.7,33.91,33.95,5.108447488584493,-3.1107305936072915,-7.667984189723331,5.909414182406811,2024,3.2534246575342483,11,3,3.334299797042606,0.022346368715087214,10:00:00,False,False,0.0
2024-10-31,33.01,33.02,29.23,30.01,11.481369282035756,-9.088155104513774,-2.7687776141384512,5.426601792235239,2024,9.360799757649207,15,4,5.812126924285255,0.20580474934036955,10:00:00,True,True,1.0
2024-11-01,30.69,31.83,30.38,30.89,4.7246660149885935,0.6516780710329018,2.265911362879036,7.023049159342216,2024,3.2258064516129092,16,4,2.1787180296810926,0.35172413793103574,10:50:00,False,False,1.0
2024-11-04,30.61,31.67,30.01,30.36,5.423064358052924,-0.8167265599477336,-0.9064422143088446,7.00179878746071,2024,3.2015681149950894,13,5,2.285341168788757,0.2108433734939746,10:40:00,False,False,1.0
2024-11-05,30.43,31.49,30.25,31.44,4.0749260598093935,3.319093000328621,0.23056653491435597,7.3272048602044375,2024,3.6148537627341484,13,5,1.9850309144158862,0.959677419354841,10:00:00,False,False,1.0
2024-11-06,33.25,34.47,32.4,34.11,6.225563909774437,2.586466165413537,5.756997455470736,6.1624946406942325,2024,4.451127819548884,14,5,2.7785988767366154,0.8260869565217395,10:05:00,False,False,1.0
2024-11-07,35.77,36.37,35.44,36.29,2.5999440872239297,1.4537321778026246,4.866608032834963,6.385917924932221,2024,2.3483365949119466,10,1,1.4005602240896309,0.9139784946236578,10:05:00,False,False,1.0
2024-11-08,35.56,36.28,34.83,35.42,4.077615298087746,-0.3937007874015741,-2.0115734362083137,4.609632885969856,2024,2.362204724409458,6,2,2.5118615685179924,0.40689655172413947,10:05:00,False,False,1.0
2024-11-11,34.35,34.41,31.48,32.77,8.529839883551663,-4.599708879184861,-3.020892151326937,4.480222742589686,2024,7.336244541484705,8,4,4.185351270553084,0.4402730375426636,10:00:00,False,False,1.0
2024-11-12,32.37,32.55,30.38,31.67,6.703738029039228,-2.1624961383997388,-1.220628623741249,5.101577847689434,2024,1.977139326536908,9,3,2.24646983311938,0.5944700460829511,12:55:00,False,False,1.0
2024-11-13,30.83,31.22,29.47,29.62,5.676289328576063,-3.9247486214725846,-2.6523523839595886,5.627340241535401,2024,2.270515731430423,15,3,2.578150177247829,0.08571428571428694,10:10:00,False,False,1.0
2024-11-14,30.59,30.84,29.38,29.61,4.772801569140245,-3.203661327231122,3.2748143146522635,5.517485325295726,2024,3.0075187969924753,12,5,1.735647530040052,0.15753424657534268,15:10:00,False,False,0.0
2024-11-15,28.02,28.49,26.43,26.66,7.351891506067091,-4.853675945753033,-5.369807497467072,5.952056821678989,2024,3.4261241970021317,10,4,2.4682651622002783,0.11165048543689347,10:20:00,False,False,0.0
2024-11-18,26.7,27.83,26.3,27.71,5.730337078651677,3.7827715355805314,0.15003750937734317,6.606912063274858,2024,3.4082397003745326,12,5,2.949962658700511,0.9215686274509819,10:30:00,False,False,0.0
2024-11-19,27.38,28.03,27.09,27.83,3.4331628926223567,1.6435354273192093,-1.1909058101768344,6.04701150229486,2024,2.3739956172388554,9,3,1.5090172984909778,0.7872340425531887,10:30:00,False,False,0.0
2024-11-20,27.33,27.56,26.0,27.16,5.708013172338085,-0.6220270764727309,-1.7966223499820355,5.3928964750114865,2024,3.476033662641783,10,6,2.923760177646184,0.7435897435897443,10:15:00,False,False,0.0
2024-11-21,28.05,28.92,26.47,28.46,8.73440285204992,1.461675579322641,3.2768777614138545,5.399241243763891,2024,5.418894830659548,15,7,3.7509377344336015,0.8122448979591835,11:00:00,False,False,0.0
2024-11-22,28.25,28.69,27.84,28.48,3.008849557522129,0.8141592920354102,-0.7378777231201727,6.191561500345826,2024,1.8761061946902695,11,4,1.8589968432129123,0.7529411764705877,10:25:00,False,False,0.0
2024-11-25,29.58,30.1,28.74,29.34,4.597701149425298,-0.8113590263691628,3.8623595505618002,5.322953110636833,2024,3.0764029749830972,16,4,2.493261455525597,0.4411764705882354,10:10:00,False,False,0.0
2024-11-26,30.04,30.25,27.46,28.12,9.287616511318241,-6.391478029294273,2.385821404226318,5.096425924791558,2024,4.560585885486022,10,4,2.6764804282368715,0.23655913978494636,10:00:00,False,True,1.0
2024-11-27,27.68,27.75,25.58,26.97,7.839595375722549,-2.565028901734112,-1.5647226173541973,6.267316648530735,2024,2.0231213872832323,12,2,4.420289855072468,0.6405529953917048,10:15:00,False,False,1.0
2024-11-29,27.55,29.05,27.5,28.08,5.62613430127042,1.9237749546279437,2.1505376344086002,6.693633089207628,2024,3.4119782214156125,4,2,3.6611629576453586,0.3741935483870955,10:15:00,False,False,1.0
2024-12-02,28.56,30.8,28.46,30.27,8.193277310924369,5.987394957983194,1.7094017094017033,6.071979379051728,2024,4.936974789915967,10,3,2.203389830508473,0.773504273504273,11:20:00,False,False,1.0
2024-12-03,29.58,30.28,29.4,29.69,2.9749830966869597,0.37187288708588895,-2.279484638255702,7.108864929732175,2024,2.9749830966869597,10,4,1.7572944297082227,0.32954545454545664,10:05:00,False,False,1.0
2024-12-04,31.54,31.56,30.24,30.9,4.185161699429297,-2.029169308814205,6.231054227012445,6.784321319184508,2024,3.931515535827516,9,2,1.7434210526315885,0.5,10:25:00,False,False,1.0
2024-12-05,30.78,30.87,28.88,29.13,6.465237166991559,-5.360623781676422,-0.3883495145631022,5.763830356806719,2024,3.4762833008447047,5,1,2.8122956180510084,0.12562814070351747,10:10:00,False,False,1.0
2024-12-06,29.2,29.86,28.9,29.65,3.2876712328767157,1.5410958904109595,0.2403020940610956,5.488958715060521,2024,1.98630136986302,9,3,2.056907781967765,0.7812499999999993,10:10:00,False,False,1.0
2024-12-09,29.07,30.32,28.61,29.21,5.882352941176474,0.4815961472308228,-1.9561551433389446,5.02126610138178,2024,5.194358445132444,11,4,4.708754795953962,0.3508771929824568,10:00:00,False,False,1.0
2024-12-10,29.43,29.53,26.56,27.1,10.091743119266065,-7.917091403329934,0.7531667237247408,4.559081227432201,2024,4.349303431872243,10,2,2.2334293948126804,0.18181818181818257,11:50:00,False,True,2.0
2024-12-11,28.33,29.63,27.79,29.14,6.494881750794211,2.859159901164854,4.538745387453869,5.982433231948022,2024,4.2357924461701355,7,4,2.6929982046678624,0.7336956521739139,10:05:00,False,False,1.0
2024-12-12,28.45,28.83,27.74,28.39,3.8312829525483303,-0.2108963093145788,-2.367879203843515,6.444377242221004,2024,3.690685413005262,11,4,1.3129879347054674,0.5963302752293599,11:55:00,False,False,1.0
2024-12-13,30.37,31.31,29.48,30.79,6.025683240039506,1.3829436944353013,6.974286720676304,5.917586399332359,2024,3.786631544287121,13,3,2.693930542031797,0.7158469945355191,10:40:00,False,False,1.0
2024-12-16,31.12,32.95,30.39,32.5,8.226221079691525,4.434447300771205,1.0717765508281962,6.465188800764918,2024,5.077120822622103,9,4,5.4450603195304925,0.824218749999999,10:05:00,False,False,1.0
2024-12-17,31.58,32.09,30.55,31.12,4.876504116529458,-1.4566181127295685,-2.8307692307692367,6.933962428467927,2024,3.736542115262835,13,5,2.3533103231879515,0.37012987012986964,10:10:00,False,False,1.0
2024-12-18,31.78,32.48,27.0,27.76,17.2435494021397,-12.649465072372557,2.1208226221079762,5.890914627920607,2024,3.492762743864052,18,4,6.998284734133787,0.13868613138686167,15:40:00,True,True,2.0
2024-12-19,27.97,28.01,26.06,26.25,6.971755452270301,-6.14944583482302,0.7564841498558961,8.040648158189704,2024,2.8959599570968977,24,11,3.393665158371051,0.09743589743589795,11:35:00,False,False,2.0
2024-12-20,25.84,28.37,25.59,27.35,10.75851393188855,5.843653250774006,-1.5619047619047643,8.668742658134098,2024,3.5216718266253872,20,8,5.20275439938791,0.6330935251798564,10:35:00,False,True,3.0
2024-12-23,27.89,29.76,27.86,29.69,6.812477590534249,6.453926138400856,1.9744058500914097,9.615308796503907,2024,4.804589458587307,13,5,2.406325197662429,0.963157894736842,10:25:00,False,False,3.0
2024-12-24,30.26,30.57,29.65,30.57,3.0403172504957094,1.0244547257105108,1.9198383294038335,9.332560098672452,2024,2.015862524785205,6,2,1.683501683501687,1.0,10:05:00,False,False,2.0
2024-12-26,29.91,31.1,29.76,30.51,4.480106987629555,2.006018054162495,-2.158979391560356,8.9653227254657,2024,2.474088933467063,8,3,2.2162525184687754,0.5597014925373135,10:20:00,False,False,2.0
2024-12-27,29.98,30.18,28.59,29.72,5.303535690460307,-0.8672448298865931,-1.7371353654539567,6.412634242563672,2024,2.6684456304202824,16,5,4.017408771342479,0.7106918238993705,10:15:00,False,False,2.0
2024-12-30,28.24,28.78,27.32,27.94,5.169971671388105,-1.0623229461756312,-4.979811574697179,6.078990290201674,2024,3.080736543909352,21,3,1.6660758596242387,0.42465753424657576,12:45:00,False,False,2.0
2024-12-31,28.2,28.57,26.93,27.3,5.815602836879434,-3.1914893617021267,0.9305654974946176,4.961281838101586,2024,2.234042553191486,18,7,2.0570191266690685,0.2256097560975615,12:35:00,False,False,2.0
2025-01-02,28.13,29.05,27.03,27.71,7.180945609669391,-1.493067899040168,3.0402930402930295,4.761906887370623,2025,4.905794525417701,26,10,4.387504387504393,0.33663366336633654,12:45:00,False,False,2.0
2025-01-03,28.32,30.12,28.16,29.88,6.920903954802263,5.508474576271172,2.2013713460844464,5.590032559205358,2025,2.542372881355928,6,3,1.6218081435472653,0.8775510204081624,11:50:00,False,False,1.0
2025-01-06,31.81,33.63,31.81,32.53,5.72147123546056,2.263439170072301,6.459170013386872,6.0781919526399,2025,4.998428167243005,16,2,1.8867924528301994,0.3956043956043961,13:55:00,False,False,1.0
2025-01-07,33.57,33.73,30.6,31.13,9.323801012809042,-7.268394399761691,3.197048877958797,6.16177906163995,2025,2.85969615728327,19,10,3.8541977890648282,0.1693290734824276,10:15:00,False,True,1.0
2025-01-08,30.8,31.01,29.17,30.2,5.974025974025973,-1.9480519480519543,-1.0600706713780883,6.992544929924138,2025,4.480519480519489,22,10,3.617231173955937,0.5597826086956509,12:25:00,False,False,1.0
2025-01-10,29.06,29.09,27.44,28.0,5.677907777013072,-3.6476256022023312,-3.7748344370860942,7.024229557353445,2025,4.267033723331034,16,7,4.289349327517256,0.3393939393939389,10:35:00,False,False,1.0
2025-01-13,26.44,27.87,26.25,27.75,6.12708018154312,4.954614220877462,-5.571428571428571,6.723621990822181,2025,3.933434190620269,14,6,2.788244159758868,0.9259259259259254,10:05:00,False,False,1.0
2025-01-14,28.47,28.96,27.18,28.23,6.252195293291188,-0.8429926238145313,2.5945945945945903,6.5648572361703526,2025,4.2852125043905955,13,7,3.0485643388869166,0.5898876404494382,15:00:00,False,False,1.0
2025-01-15,29.65,30.46,29.3,29.94,3.912310286677909,0.9780775716694778,5.030109812256467,6.671002047736479,2025,2.9679595278246174,11,3,1.9192587690271323,0.5517241379310349,11:30:00,False,False,1.0
2025-01-16,31.46,31.72,30.0,30.02,5.467260012714554,-4.577240940877303,5.076820307281227,5.588703902510252,2025,4.481881754609027,15,5,2.2756827048114436,0.011627906976743946,11:00:00,False,False,1.0
2025-01-17,32.03,32.7,31.48,32.51,3.8089291289416245,1.498595067124553,6.695536309127248,5.487350710247968,2025,1.998126756166085,8,1,1.2449424214129978,0.8442622950819636,15:30:00,False,False,1.0
2025-01-21,33.33,34.53,32.5,33.68,6.090609060906094,1.0501050105010457,2.5223008305136796,5.113554980633679,2025,2.640264026402648,7,5,1.905347264904722,0.5812807881773394,10:40:00,False,False,1.0
2025-01-22,34.69,36.15,34.41,35.09,5.015854713173831,1.153070049005489,2.9988123515439336,5.106260756506274,2025,4.3528394349956905,11,2,1.5554298642533881,0.3908045977011529,11:25:00,False,False,1.0
2025-01-23,33.44,34.91,33.01,34.87,5.681818181818178,4.276315789473695,-4.702194357366785,4.858992640482802,2025,1.4354066985646052,6,1,1.6321772078111252,0.978947368421053,15:55:00,False,False,0.0
2025-01-24,34.94,34.94,32.31,32.73,7.527189467658832,-6.325128792215229,0.20074562661314133,5.212894219510856,2025,3.692043503148252,8,3,1.8856629751571208,0.15969581749049253,13:05:00,False,False,0.0
2025-01-27,27.66,28.08,23.84,25.05,15.3289949385394,-9.436008676789587,-15.490375802016487,5.624880110499712,2025,3.6876355748373086,25,15,4.210911753936286,0.28537735849056634,11:10:00,False,True,1.0
2025-01-28,25.44,25.8,23.75,25.36,8.058176100628934,-0.3144654088050425,1.556886227544907,7.928893272419268,2025,7.272012578616358,13,4,4.696016771488454,0.7853658536585361,10:10:00,False,False,1.0
2025-01-29,26.11,26.3,24.85,25.66,5.553427805438527,-1.7234775947912673,2.957413249211349,8.322406680363835,2025,3.063960168517812,20,10,3.031511767052253,0.5586206896551718,14:40:00,False,False,1.0
2025-01-30,26.58,27.67,26.14,27.22,5.756207674943571,2.407825432656141,3.585346843335935,8.429921298816774,2025,2.7088036117381584,12,10,2.6210411357844854,0.7058823529411749,15:40:00,False,False,1.0
2025-01-31,27.63,29.25,26.7,26.97,9.22909880564604,-2.3887079261672106,1.506245407788387,8.444799197441853,2025,3.0763662685486843,19,6,3.7202893558387906,0.10588235294117627,13:30:00,False,True,2.0
2025-02-03,24.8,26.49,24.31,25.5,8.79032258064516,2.8225806451612767,-8.045977011494243,8.785181065039293,2025,2.4193548387096833,25,7,6.333198870512313,0.5458715596330281,10:40:00,True,True,3.0
2025-02-04,25.34,26.6,25.2,26.27,5.524861878453047,3.6700868192580893,-0.6274509803921524,7.477446593460447,2025,2.920284135753757,10,2,4.438334642576591,0.7642857142857133,10:15:00,False,False,3.0
2025-02-05,26.09,27.95,25.54,27.76,9.237255653507091,6.400919892679191,-0.6851922344880079,6.970783749025268,2025,2.4530471444998105,8,2,2.428681572860447,0.921161825726142,10:35:00,False,True,4.0
2025-02-06,27.17,27.8,26.72,27.65,3.974972396025034,1.766654398233336,-2.125360230547546,7.707549318638982,2025,3.0548398969451664,11,7,2.952826791501617,0.8611111111111094,10:45:00,False,False,4.0
2025-02-07,27.87,28.28,25.8,26.33,8.898457122353786,-5.525654825977766,0.795660036166379,7.351302262855275,2025,3.659849300322926,14,8,5.11908993956629,0.21370967741935382,10:00:00,False,True,5.0
2025-02-10,26.92,27.55,26.9,27.35,2.414561664190201,1.5973254086181221,2.24078997341437,7.285173926196824,2025,2.1173848439821703,7,3,1.3528336380255968,0.6923076923076944,10:25:00,False,False,4.0
2025-02-11,26.68,27.9,26.68,27.41,4.572713643178407,2.7361319340329926,-2.4497257769652725,6.010021742905832,2025,4.422788605697151,8,3,2.120776419841841,0.5983606557377058,12:10:00,False,False,4.0
2025-02-12,26.18,27.53,25.95,27.5,6.035141329258983,5.042016806722693,-4.487413352790959,5.819592095850904,2025,3.857906799083276,11,5,2.340267459138201,0.9810126582278474,10:10:00,False,False,4.0
2025-02-13,27.49,28.55,27.4,28.49,4.183339396144061,3.63768643142961,-0.03636363636364548,5.179169231001282,2025,2.473626773372134,11,5,2.024584237165583,0.9478260869565198,10:15:00,False,False,4.0
2025-02-14,28.49,28.82,28.1,28.54,2.5272025272025234,0.17550017550018726,0.0,5.2208426310250875,2025,2.0709020709020707,12,4,1.8043025676613422,0.6111111111111089,14:40:00,False,False,3.0
2025-02-18,29.2,30.23,28.71,29.97,5.205479452054793,2.636986301369859,2.3125437981780017,3.9465917119948353,2025,4.315068493150679,6,3,2.1557719054241975,0.8289473684210515,10:15:00,False,False,2.0
2025-02-19,30.19,31.89,29.76,31.45,7.055316329910563,4.17356740642596,0.7340674007340731,4.504775269567753,2025,3.047366677707844,13,4,2.472435683260943,0.7934272300469477,10:35:00,False,False,2.0
2025-02-20,32.05,32.64,30.7,31.67,6.053042121684872,-1.1856474258970184,1.9077901430842648,5.001295806914184,2025,4.180967238689547,13,5,4.179471419791025,0.5000000000000009,10:05:00,False,False,1.0
2025-02-21,31.91,31.96,28.4,28.75,11.156377311187722,-9.902851770604826,0.7578149668455936,5.004875965399362,2025,1.4102162331557482,10,2,2.9299363057324834,0.09831460674157337,10:40:00,False,True,2.0
2025-02-24,29.16,29.26,26.66,26.71,8.91632373113855,-8.401920438957477,1.4260869565217327,6.399483548408095,2025,4.938271604938276,11,7,4.7983310152990395,0.019230769230769492,10:00:00,False,True,2.0
2025-02-25,26.66,26.92,24.82,25.04,7.876969242310583,-6.076519129782454,-0.18719580681393344,7.677307789195301,2025,3.638409602400609,17,8,4.819734345351057,0.10476190476190415,10:15:00,False,False,2.0
2025-02-26,25.99,27.0,25.52,26.35,5.694497883801464,1.3851481338976734,3.7939297124600646,8.211605747246457,2025,2.8087726048480204,15,5,2.7575641516660143,0.5608108108108119,11:05:00,False,False,2.0
2025-02-27,26.78,26.9,21.73,21.74,19.305451829723665,-18.8200149365198,1.6318785578747663,7.939442058024639,2025,8.028379387602683,21,13,7.767354596622889,0.001934235976788784,10:00:00,True,True,3.0
2025-02-28,21.8,23.22,21.02,22.73,10.091743119266052,4.266055045871564,0.2759889604415866,10.589923999632397,2025,5.275229357798175,21,11,5.347846663511602,0.7772727272727279,10:00:00,False,True,4.0
2025-03-03,23.71,23.73,19.71,20.51,16.954871362294387,-13.496415014761698,4.311482622085361,10.376997161248065,2025,7.3808519611978065,32,18,7.68181818181819,0.1990049751243783,15:10:00,True,True,5.0
2025-03-04,20.28,22.27,19.0,20.63,16.12426035502958,1.725838264299795,-1.1214041930765473,11.98470668747923,2025,5.719921104536489,27,18,7.820224719101121,0.4984709480122322,15:50:00,True,True,6.0
2025-03-05,21.25,22.16,20.12,21.96,9.599999999999996,3.3411764705882474,3.005332040717401,13.634164910023031,2025,4.376470588235293,29,12,3.851851851851862,0.9019607843137258,12:20:00,False,True,7.0
2025-03-06,19.71,21.02,19.01,19.23,10.19786910197868,-2.43531202435312,-10.245901639344257,14.415265333262735,2025,5.580923389142574,31,16,4.624871531346342,0.1094527363184075,10:00:00,False,True,8.0
2025-03-07,19.5,21.09,18.75,20.89,12.0,7.128205128205134,1.4040561622464809,12.59374878771374,2025,4.358974358974367,28,20,5.50891920251837,0.9145299145299148,12:50:00,True,True,8.0
2025-03-10,19.34,19.8,17.1,17.99,13.960703205791102,-6.980351602895563,-7.419818094782194,12.975400163860527,2025,3.3092037228541913,29,15,5.717619603267221,0.3296296296296286,15:35:00,True,True,8.0
2025-03-11,18.05,18.5,16.51,17.33,11.02493074792243,-3.9889196675900407,0.33351862145638567,12.376566532559872,2025,3.7119113573407296,31,17,7.619577308120141,0.41206030150753636,10:35:00,True,True,9.0
2025-03-12,18.54,19.11,17.9,18.39,6.526429341963327,-0.8090614886731351,6.982111944604741,11.356700611138441,2025,3.7216828478964277,21,10,3.6055143160127257,0.4049586776859518,10:35:00,False,False,9.0
2025-03-13,18.38,19.27,17.57,18.12,9.249183895538625,-1.4145810663764857,-0.05437737901033968,10.741986479531107,2025,4.896626768226326,23,8,3.9525691699604737,0.32352941176470645,14:25:00,False,False,8.0
2025-03-14,19.06,19.93,18.99,19.79,4.931794333683113,3.8300104931794365,5.187637969094916,10.552249438243097,2025,2.938090241343139,15,6,1.980198019801982,0.8510638297872336,11:00:00,False,False,7.0
2025-03-17,19.51,21.28,19.5,20.75,9.123526396719637,6.3557150179395006,-1.414855987872654,9.138608304979721,2025,5.68939005638134,14,6,2.3774866569626463,0.7022471910112356,14:30:00,False,False,6.0
2025-03-18,20.19,20.4,19.52,19.92,4.3585933630510105,-1.3372956909361022,-2.6987951807228905,8.171172943165427,2025,3.4175334323922795,24,9,2.5285076846802257,0.4545454545454575,11:05:00,False,False,5.0
2025-03-19,19.89,21.37,19.46,20.4,9.602815485168428,2.564102564102555,-0.1506024096385561,6.837905466191143,2025,2.9663147310206126,13,7,4.209495839451782,0.49214659685863754,15:05:00,False,True,5.0
2025-03-20,19.61,20.57,19.58,19.9,5.048444671086191,1.4788373278939337,-3.8725490196078405,7.4531826948321624,2025,3.0086690464049126,23,3,2.5135534746180244,0.32323232323232287,12:45:00,False,False,4.0
2025-03-21,18.82,19.49,18.37,19.24,5.951115834218903,2.2316684378320906,-5.427135678391948,6.613034849941675,2025,3.1349628055260355,15,4,3.108252947481227,0.7767857142857137,12:20:00,False,False,3.0
2025-03-24,20.48,21.37,20.37,20.96,4.8828125,2.34375,6.444906444906451,6.816899150048833,2025,2.92968749999999,10,2,1.476893758932829,0.5899999999999999,11:10:00,False,False,2.0
2025-03-25,20.83,21.02,20.35,20.55,3.2165146423427657,-1.344215074411892,-0.6202290076335992,5.968756370704907,2025,2.304368698991841,7,1,2.1904761904761982,0.2985074626865669,10:00:00,False,False,1.0
2025-03-26,20.3,20.51,18.2,18.78,11.379310344827596,-7.487684729064037,-1.2165450121654486,5.740340626563258,2025,4.433497536945823,15,2,3.8179148311306976,0.25108225108225163,10:05:00,False,True,2.0
2025-03-27,18.16,18.41,17.36,17.7,5.781938325991193,-2.5330396475770955,-3.301384451544198,6.095639598495091,2025,4.845814977973563,17,7,2.926280247608326,0.32380952380952344,10:35:00,False,False,2.0
2025-03-28,17.33,17.59,15.74,16.01,10.675129832660126,-7.616849394114233,-2.0903954802259928,6.242338329476091,2025,2.423542989036343,15,4,4.171428571428571,0.1459459459459467,10:15:00,False,True,3.0
2025-03-31,15.07,15.98,14.4,15.93,10.484406104844062,5.706702057067026,-5.871330418488451,7.187141129164336,2025,4.644990046449895,32,12,4.910096818810494,0.9683544303797463,10:10:00,False,True,4.0
2025-04-01,15.73,15.99,14.82,15.95,7.438016528925619,1.3986013986013957,-1.2554927809165006,8.307459850133148,2025,3.750794659885568,16,8,4.269513008672443,0.965811965811965,10:55:00,False,False,4.0
2025-04-02,15.19,16.89,15.03,16.25,12.244897959183682,6.978275181040172,-4.764890282131661,9.151760227449719,2025,5.398288347597106,24,11,3.2738095238095233,0.6559139784946236,13:45:00,False,True,4.0
2025-04-03,13.81,14.12,11.4,11.41,19.695872556118747,-17.378711078928312,-15.015384615384608,9.324877750320937,2025,4.344677769732075,29,17,6.671779141104284,0.0036764705882352173,11:05:00,True,True,5.0
2025-04-04,10.05,10.43,8.17,8.72,22.48756218905472,-13.233830845771145,-11.919368974583689,12.107664596346448,2025,11.243781094527353,31,31,14.011976047904184,0.24336283185840743,11:15:00,True,True,6.0
2025-04-07,7.88,10.98,7.22,9.33,47.715736040609144,18.40101522842641,-9.63302752293579,14.470151067625366,2025,19.796954314720807,32,32,38.02435723951285,0.5611702127659575,10:10:00,True,True,7.0
2025-04-08,10.41,10.84,7.6,8.24,31.12391930835735,-20.845341018251684,11.575562700964625,21.916417054778385,2025,4.610951008645521,32,26,10.190369540873467,0.19753086419753102,15:15:00,True,True,8.0
2025-04-09,8.47,13.11,8.24,12.85,57.49704840613931,51.71192443919714,2.7912621359223344,26.65359761066473,2025,8.264462809917346,33,27,23.101952277657254,0.946611909650924,13:30:00,True,True,8.0
2025-04-10,10.92,11.14,8.35,9.63,25.549450549450558,-11.813186813186805,-15.01945525291829,35.70402770005585,2025,9.615384615384622,32,32,9.918319719953317,0.45878136200716874,12:55:00,True,True,9.0
2025-04-11,9.35,10.39,8.91,10.25,15.8288770053476,9.625668449197855,-2.9075804776739433,36.87474329872221,2025,9.518716577540113,33,17,5.54984583761563,0.905405405405405,10:20:00,True,True,9.0
2025-04-14,11.15,11.16,9.97,10.45,10.67264573991031,-6.278026905829604,8.780487804878057,35.54300626198079,2025,5.650224215246643,27,17,5.51917680074836,0.40336134453781414,11:45:00,True,False,8.0
2025-04-15,10.6,11.02,10.41,10.57,5.75471698113207,-0.2830188679245227,1.4354066985645897,28.134388201841023,2025,3.490566037735842,22,8,3.0247479376718567,0.2622950819672136,10:35:00,False,False,8.0
2025-04-16,9.13,9.75,8.33,9.35,15.55312157721796,2.409638554216853,-13.623462630085136,23.060547736395968,2025,7.009857612267256,27,11,11.575178997613357,0.7183098591549293,15:55:00,True,True,8.0
2025-04-17,9.56,9.56,8.9,9.18,6.90376569037657,-3.974895397489553,2.2459893048128343,14.671762370611699,2025,4.393305439330543,26,17,3.9237668161435035,0.4242424242424232,12:30:00,False,False,7.0
2025-04-21,8.66,8.74,8.15,8.68,6.812933025404155,0.2309468822170757,-5.664488017429193,10.942625398796903,2025,3.464203233256359,20,6,3.8277511961722466,0.8983050847457619,15:55:00,False,False,6.0
2025-04-22,8.96,9.4,8.85,9.19,6.138392857142865,2.5669642857142794,3.2258064516129226,9.139436602808212,2025,5.13392857142858,17,9,4.01785714285714,0.6181818181818172,12:10:00,False,False,5.0
2025-04-23,10.58,10.9,10.1,10.23,7.561436672967871,-3.3081285444234387,15.125136017410235,8.232586026254724,2025,5.198487712665413,28,17,3.2833020637898613,0.16250000000000084,11:45:00,False,False,4.0
2025-04-24,11.05,12.09,10.85,12.04,11.221719457013576,8.959276018099537,8.015640273704783,8.593929964621884,2025,5.882352941176474,18,7,6.551410373066435,0.9596774193548382,10:05:00,True,False,3.0
2025-04-25,11.63,12.59,11.51,12.33,9.286328460877042,6.018916595012902,-3.405315614617932,7.727649540581007,2025,3.7833190025795314,21,9,3.5885167464114742,0.7592592592592595,13:50:00,False,False,2.0
2025-04-28,12.16,12.53,11.45,12.25,8.881578947368421,0.7401315789473673,-1.3787510137875048,8.204162094681102,2025,3.7828947368420978,17,9,4.071661237785018,0.7407407407407414,11:15:00,False,False,1.0
2025-04-29,11.81,12.27,11.62,11.87,5.503810330228623,0.508044030482635,-3.591836734693876,8.617891279073955,2025,3.725656223539384,17,9,3.424657534246589,0.3846153846153844,10:05:00,False,False,1.0
2025-04-30,10.99,12.21,10.75,12.11,13.284804367606922,10.191082802547768,-7.413647851727035,8.490974773691107,2025,4.185623293903556,25,9,5.2728954671600325,0.9315068493150676,10:25:00,False,False,1.0
2025-05-01,12.54,12.81,12.05,12.06,6.06060606060606,-3.8277511961722355,3.5507844756399676,9.635648312618917,2025,3.349282296650717,19,7,3.4427542033626857,0.013157894736841829,15:55:00,False,False,0.0
2025-05-02,12.89,13.69,12.89,13.32,6.2063615205585645,3.33591931730024,6.882255389718073,8.603425633337412,2025,3.25833979829325,11,4,2.2505626406601698,0.5375000000000003,12:00:00,False,False,0.0
2025-05-05,12.93,13.41,12.87,13.01,4.176334106728546,0.6187161639597871,-2.9279279279279313,7.987432245273718,2025,3.48027842227379,12,6,1.5163002274450332,0.25925925925925986,10:30:00,False,False,0.0
2025-05-06,12.34,12.95,12.12,12.62,6.726094003241492,2.269043760129663,-5.149884704073793,7.046383277145743,2025,3.4846029173419897,16,6,3.300330033003296,0.6024096385542168,10:20:00,False,False,0.0
2025-05-07,12.61,13.4,12.23,13.27,9.278350515463918,5.233941316415547,-0.07923930269413404,7.290840011748317,2025,2.22045995241871,26,8,6.500802568218278,0.8888888888888882,15:55:00,True,False,0.0
2025-05-08,13.84,14.34,13.38,13.67,6.936416184971092,-1.2283236994219626,4.2954031650339175,6.489549241319716,2025,2.8179190751445127,13,3,3.9676708302718744,0.30208333333333276,11:45:00,False,False,0.0
2025-05-09,14.21,14.47,13.74,14.09,5.137227304714992,-0.8444757213230236,3.9502560351133864,6.664711266192723,2025,1.8296973961998575,11,4,2.9329608938547524,0.4794520547945198,10:35:00,False,False,0.0
2025-05-12,16.89,17.47,16.5,17.15,5.743043220840727,1.5393724097098715,19.87224982256921,6.450884423024009,2025,3.9668442865601046,12,5,2.3536511768255997,0.6701030927835044,10:10:00,False,False,0.0
2025-05-13,17.37,18.86,17.28,18.59,9.09614277489924,7.0236039147956175,1.2827988338192542,6.764226245846444,2025,4.605641911341377,8,3,2.5498891352550013,0.829113924050633,11:15:00,False,False,0.0
2025-05-14,18.97,19.37,18.43,18.83,4.955192409066955,-0.7380073800738018,2.044109736417421,7.238236000177994,2025,4.955192409066955,15,6,3.0522503879979346,0.4255319148936149,10:00:00,False,False,0.0
2025-05-15,18.32,18.91,17.82,18.48,5.949781659388646,0.8733624454148492,-2.7084439723844778,6.373604378898601,2025,3.9847161572052423,10,4,2.1558872305140975,0.6055045871559636,15:55:00,False,False,0.0
2025-05-16,18.58,18.6,17.76,18.39,4.520990312163616,-1.0226049515608016,0.5411255411255311,6.176277473782112,2025,3.444564047362759,8,4,2.523313219967094,0.7499999999999989,10:40:00,False,False,0.0
2025-05-19,17.15,18.21,17.09,18.07,6.5306122448979655,5.364431486880483,-6.742794997281143,6.053030075271837,2025,3.906705539358611,13,4,2.8901734104046284,0.8749999999999996,10:00:00,False,False,0.0
2025-05-20,17.62,18.0,17.44,17.99,3.178206583427915,2.099886492622005,-2.490315439955726,6.210543880083284,2025,1.5323496027241745,8,3,1.9296254256526701,0.9821428571428543,15:50:00,False,False,0.0
2025-05-21,17.55,18.59,16.65,16.96,11.05413105413106,-3.3618233618233573,-2.445803224013332,5.026956641789019,2025,2.6780626780626715,14,8,6.246605105920688,0.15979381443299076,13:25:00,True,False,0.0
2025-05-22,16.96,17.43,16.48,16.5,5.601415094339618,-2.7122641509434,0.0,6.24674437080184,2025,2.889150943396217,13,5,3.622771707878081,0.021052631578946934,10:35:00,False,False,0.0
2025-05-23,15.21,16.0,15.1,15.72,5.917159763313611,3.3530571992110403,-7.818181818181813,6.177071057792036,2025,3.155818540433928,18,6,2.187902187902191,0.6888888888888898,13:25:00,False,False,0.0
2025-05-27,16.73,17.51,16.35,17.31,6.933652121936642,3.466826060968309,6.424936386768443,6.4563049480220345,2025,3.2277346084877414,4,3,3.2179720704310855,0.8275862068965493,10:00:00,False,False,0.0
2025-05-28,17.43,17.57,16.89,17.03,3.9013195639701648,-2.2948938611589087,0.6932409012131879,6.53691292342977,2025,2.0080321285140643,9,3,1.9607843137254943,0.2058823529411774,15:50:00,False,False,0.0
2025-05-29,18.18,18.21,16.9,17.19,7.205720572057219,-5.44554455445544,6.752789195537279,6.68153551953822,2025,3.8503850385038465,14,5,3.440496333897347,0.2213740458015284,10:05:00,False,False,0.0
2025-05-30,16.9,16.9,15.24,16.15,9.822485207100582,-4.437869822485208,-1.6870273414776205,5.911853423123451,2025,5.44378698224851,18,6,4.326018808777432,0.548192771084337,12:50:00,False,False,0.0
2025-06-02,16.06,17.1,16.04,16.91,6.600249066002506,5.2926525529265245,-0.5572755417956654,6.756067445675643,2025,3.611457036114582,10,6,2.3413431916204486,0.8207547169811312,10:30:00,False,False,0.0
2025-06-03,16.93,18.38,16.57,18.3,10.69108092144122,8.092144122858835,0.11827321111768097,6.892685306213423,2025,4.784406379208498,8,3,4.436450839328554,0.9558011049723766,10:00:00,False,False,0.0
2025-06-04,18.68,19.26,18.22,19.08,5.567451820128494,2.1413276231263323,2.076502732240426,7.644171066114339,2025,2.8907922912205524,8,3,3.2258064516129004,0.8269230769230742,10:00:00,False,False,0.0
2025-06-05,19.49,19.99,18.42,18.83,8.055413032324253,-3.3863519753719817,2.148846960167705,7.977397517346004,2025,4.258594150846598,17,11,3.4482758620689613,0.261146496815285,15:20:00,False,False,0.0
2025-06-06,19.4,19.95,19.15,19.17,4.12371134020619,-1.185567010309263,3.0270844397238372,8.14733600939941,2025,2.6804123711340186,10,2,1.4765784114052938,0.025000000000003887,13:05:00,False,False,0.0
2025-06-09,19.71,21.06,19.68,20.56,7.0015220700152145,4.312531709791978,2.8169014084507005,7.007581236020533,2025,3.906646372399795,9,4,2.7472527472527597,0.6376811594202896,10:05:00,False,False,0.0
2025-06-10,20.84,22.1,20.69,21.9,6.765834932821497,5.086372360844527,1.3618677042801508,7.087835836823075,2025,2.303262955854129,9,5,2.739726027397249,0.8581560283687923,12:00:00,False,False,0.0
2025-06-11,22.36,22.6,20.99,21.64,7.200357781753144,-3.220035778175312,2.100456621004576,6.30278663909913,2025,2.5491949910554577,15,6,2.7472527472527486,0.40372670807453476,14:10:00,False,False,0.0
2025-06-12,21.24,22.07,21.09,21.73,4.613935969868176,2.306967984934105,-1.848428835489846,6.62936783142406,2025,2.542372881355928,12,2,2.0522388059701413,0.6530612244897962,10:25:00,False,False,0.0
2025-06-13,20.3,21.06,19.84,20.03,6.009852216748763,-1.3300492610837433,-6.5807639208467545,5.941072418932844,2025,3.694581280788177,18,5,2.827888834714787,0.155737704918034,14:35:00,False,False,0.0
2025-06-16,20.83,22.22,20.79,21.94,6.86509841574652,5.3288526164186445,3.9940089865202033,6.318300594241359,2025,3.936629860777726,7,2,3.1844106463878363,0.8041958041958058,10:10:00,False,False,0.0
2025-06-17,21.61,22.53,21.34,21.39,5.506709856547901,-1.018047200370198,-1.504102096627169,6.29101586338762,2025,3.6557149467838923,14,2,2.833638025594154,0.04201680672268963,10:10:00,False,False,0.0
2025-06-18,21.71,22.38,21.23,21.61,5.297098111469363,-0.4606172270843034,1.4960261804581654,6.039190848132901,2025,2.901888530631041,15,6,2.3180343069077347,0.3304347826086952,10:00:00,False,False,0.0
2025-06-20,22.14,22.33,20.37,21.21,8.852755194218597,-4.200542005420049,2.452568255437293,5.658538914076145,2025,2.213188798554645,14,6,5.678670360110805,0.4285714285714291,11:00:00,True,False,0.0
2025-06-23,21.18,21.98,20.28,21.56,8.02644003777148,1.794145420207749,-0.14144271570014633,6.506302758946228,2025,2.3607176581680833,8,4,3.62493958434027,0.7529411764705871,13:25:00,False,False,0.0
2025-06-24,22.66,24.03,22.63,23.99,6.178287731685799,5.869373345101492,5.102040816326547,6.909620323150771,2025,3.6628420123565832,7,1,1.5204170286707175,0.9714285714285695,10:05:00,False,False,0.0
2025-06-25,24.4,24.6,23.87,24.6,2.9918032786885265,0.819672131147553,1.7090454355981777,6.772258186338627,2025,2.704918032786886,9,4,1.8742190753852528,1.0,10:40:00,False,False,0.0
2025-06-26,25.18,25.36,24.59,25.19,3.057982525814136,0.03971405877680745,2.3577235772357596,6.2692768707667526,2025,2.422557585385224,6,3,1.817447495961222,0.7792207792207815,10:20:00,False,False,0.0
2025-06-27,25.21,25.84,24.28,25.09,6.188020626735417,-0.47600158667195913,0.07939658594680044,5.821453753635707,2025,2.459341531138441,11,3,2.0367412140575025,0.5192307692307688,14:35:00,False,False,0.0
2025-06-30,25.49,25.5,24.68,25.02,3.2169478226755603,-1.8438603373872042,1.5942606616181632,5.288506840139072,2025,3.2169478226755603,6,3,1.4405762304922076,0.4146341463414631,11:45:00,False,False,0.0
2025-07-01,24.38,25.17,23.58,24.68,6.5217391304347965,1.2305168170631653,-2.5579536370903266,4.326608397119888,2025,1.927809680065623,17,3,3.0152829409334947,0.6918238993710686,12:10:00,False,False,0.0
2025-07-02,24.51,26.39,24.45,26.08,7.915136678906573,6.405548755609947,-0.6888168557536378,4.395298676869688,2025,1.7543859649122795,13,2,2.853697749196149,0.8402061855670092,10:45:00,False,False,0.0
2025-07-03,26.4,26.72,26.23,26.45,1.8560606060606004,0.18939393939394478,1.2269938650306678,5.3799653569132975,2025,1.5909090909090842,5,0,1.4052411697683231,0.4489795918367338,10:20:00,False,False,0.0
2025-07-07,25.73,26.05,24.62,24.94,5.55771472988729,-3.0703458997279442,-2.722117202268426,5.139580972962589,2025,1.9432568985619898,16,5,1.9483101391649993,0.22377622377622403,14:25:00,False,False,0.0
2025-07-08,25.63,27.02,25.36,26.38,6.47678501755755,2.9262582910651647,2.766639935846027,5.013519793592964,2025,2.6531408505657423,10,2,2.9984423676012506,0.6144578313253009,10:35:00,False,False,0.0
2025-07-09,26.64,27.41,25.89,26.62,5.705705705705704,-0.07507507507507061,0.9855951478392688,5.665487232569362,2025,3.3033033033032995,3,3,2.3376623376623384,0.4802631578947373,10:40:00,False,False,0.0
2025-07-10,27.39,27.73,26.66,27.42,3.9065352318364375,0.10952902519167917,2.892561983471076,5.502280547623544,2025,3.103322380430819,9,2,2.1505376344086002,0.710280373831777,10:35:00,False,False,0.0
2025-07-11,26.86,27.54,26.55,27.25,3.6857781087118333,1.4519731943410275,-2.0423048869438465,4.700560258209515,2025,2.0476545048399135,8,1,1.5292801193584449,0.7070707070707075,10:35:00,False,False,0.0
2025-07-14,26.62,26.78,25.32,26.48,5.484598046581521,-0.5259203606311047,-2.3119266055045884,5.0665037587397626,2025,4.996243425995486,11,2,2.875147695943281,0.7945205479452051,10:10:00,False,False,0.0
2025-07-15,28.05,28.46,27.2,27.26,4.491978609625674,-2.8163992869875143,5.929003021148027,5.051880422078609,2025,2.994652406417112,10,3,1.7039403620873306,0.047619047619049365,10:00:00,False,False,0.0
2025-07-16,26.6,27.05,24.91,27.02,8.045112781954888,1.5789473684210353,-2.421129860601612,4.654919140492234,2025,3.5338345864661704,14,2,3.229665071770338,0.9859813084112145,12:05:00,False,False,0.0
2025-07-17,26.95,27.52,26.42,27.32,4.081632653061217,1.3729128014842384,-0.2590673575129543,5.122800555742071,2025,2.634508348794053,5,1,1.7682468021068543,0.8181818181818185,10:00:00,False,False,0.0
2025-07-18,27.66,27.9,26.75,27.35,4.157628344179315,-1.1207519884309458,1.2445095168374776,5.157820039987027,2025,1.8076644974692697,6,2,2.111394248270837,0.5217391304347845,10:25:00,False,False,0.0
2025-07-21,27.56,28.5,27.45,27.45,3.8098693759071143,-0.39912917271407444,0.767824497257763,5.252190087080523,2025,2.2133526850507965,8,2,1.4275517487509104,0.0,10:35:00,False,False,0.0
2025-07-22,27.12,27.28,25.34,26.29,7.153392330383486,-3.060471976401191,-1.2021857923497192,4.917244352945642,2025,7.153392330383486,15,6,5.490051584377309,0.48969072164948385,10:00:00,False,False,0.0
2025-07-23,25.65,25.91,24.84,25.8,4.1715399610136465,0.5847953216374435,-2.4343856979840317,5.449527097097205,2025,3.313840155945411,12,2,1.9017432646592836,0.8971962616822435,12:00:00,False,False,0.0
2025-07-24,25.66,25.79,24.95,25.61,3.273577552611067,-0.1948558067030426,-0.5426356589147363,4.674812532908956,2025,2.5331254871395115,9,4,2.1582733812949506,0.785714285714286,10:40:00,False,False,0.0
2025-07-25,25.17,25.62,24.83,25.58,3.138657131505771,1.6289233214143772,-1.7180788754392773,4.513201512818926,2025,1.7481128327373907,4,1,1.7621145374449476,0.9493670886075917,10:05:00,False,False,0.0
2025-07-28,26.38,26.99,26.33,26.97,2.501895375284307,2.2365428354814254,3.1274433150899172,4.3094072702842166,2025,2.0090978013646748,5,1,1.204365826119691,0.9696969696969704,10:00:00,False,False,0.0
2025-07-29,27.45,28.16,26.5,27.07,6.047358834244081,-1.3843351548269545,1.7797552836485098,4.047812470159656,2025,2.149362477231329,12,4,3.01051867972435,0.3433734939759038,11:25:00,False,False,0.0
2025-07-30,27.75,28.13,26.93,27.64,4.324324324324322,-0.39639639639639235,2.512005910602144,3.826605770931775,2025,1.2612612612612664,9,4,3.349964362081248,0.5916666666666677,15:00:00,False,False,0.0
2025-07-31,26.7,26.74,24.2,24.97,9.513108614232207,-6.479400749063668,-3.400868306801741,3.8571626435939095,2025,2.621722846441945,16,7,3.5474970437524678,0.30314960629921256,14:10:00,False,True,1.0
2025-08-01,23.57,24.83,22.56,24.07,9.630886720407297,2.121340687314377,-5.606728073688416,5.105068855918138,2025,4.709376325837927,19,8,5.177709521720053,0.6651982378854634,10:30:00,False,True,2.0
2025-08-04,24.59,25.18,24.24,25.06,3.822692151281014,1.9113460756404965,2.16036560033237,6.403514773698443,2025,2.724684831232215,6,1,1.3055895552835484,0.872340425531914,10:00:00,False,False,2.0
2025-08-05,25.42,25.68,23.61,24.5,8.14319433516916,-3.6191974822974093,1.4365522745411141,6.667674128897784,2025,2.557041699449247,11,6,5.446535843011613,0.4299516908212562,10:45:00,False,False,2.0
2025-08-06,23.85,24.12,22.95,23.95,4.9056603773584975,0.41928721174002703,-2.6530612244897944,7.0868412290828005,2025,2.5576519916142533,10,4,2.8092243186582877,0.8547008547008534,10:30:00,False,False,2.0
2025-08-07,25.48,25.88,24.53,25.14,5.2982731554160045,-1.3343799058084804,6.388308977035506,7.203108439689634,2025,1.7660910518053348,20,4,2.2463206816421444,0.45185185185185217,10:25:00,False,False,2.0
2025-08-08,25.16,25.83,24.9,25.72,3.6963434022257537,2.225755166931642,0.07955449482894839,6.360141347926395,2025,3.2591414944356134,12,1,2.881152460984393,0.8817204301075274,10:00:00,False,False,2.0
2025-08-11,26.03,26.89,25.45,25.61,5.532078371110262,-1.6135228582405015,1.2052877138413853,5.173232684290086,2025,3.457548981943919,10,2,1.4285714285714235,0.1111111111111111,15:50:00,False,False,2.0
2025-08-12,26.23,28.08,25.68,28.05,9.149828440716732,6.938619900876852,2.4209293244826346,5.515109928255936,2025,2.935569958063285,3,1,3.9125431530494748,0.987500000000001,10:25:00,False,True,3.0
2025-08-13,28.65,29.33,28.31,29.25,3.5602094240837685,2.0942408376963373,2.1390374331550666,5.7164367493654495,2025,2.6527050610820178,9,3,1.4863463532664989,0.921568627450982,11:10:00,False,False,3.0
2025-08-14,28.13,29.66,27.95,29.35,6.078919303234984,4.3370067543548,-3.829059829059833,5.447346558710504,2025,2.808389619623175,8,3,2.4187975120939953,0.8187134502923985,15:50:00,False,False,2.0
2025-08-15,28.71,28.71,27.07,27.31,5.712295367467783,-4.876349703935922,-2.1805792163543503,5.6034757882743,2025,5.189829327760369,10,3,1.8545454545454643,0.14634146341463314,10:15:00,False,False,1.0
2025-08-18,27.1,27.65,27.03,27.52,2.2878228782287726,1.5498154981549828,-0.768949102892702,6.006666181322705,2025,2.2878228782287726,5,1,0.9818181818181837,0.790322580645162,12:35:00,False,False,1.0
2025-08-19,27.57,27.86,26.1,26.25,6.38375045339136,-4.787812840043526,0.181686046511631,5.357815082746408,2025,1.5959376133478465,13,4,3.068592057761721,0.08522727272727201,10:40:00,False,False,1.0
2025-08-20,26.11,26.11,23.66,25.76,9.38337801608579,-1.3404825737265313,-0.5333333333333301,4.804599485281334,2025,6.5492148602068205,14,10,5.512118842845959,0.857142857142858,10:05:00,True,True,2.0
2025-08-21,25.4,25.9,24.9,25.33,3.937007874015748,-0.2755905511811041,-1.3975155279503215,5.969233203681737,2025,2.5984251968503944,13,4,3.229665071770338,0.4299999999999997,10:25:00,False,False,2.0
2025-08-22,25.56,28.32,25.33,27.43,11.697965571205016,7.316118935837257,0.9080142123963686,5.540850917837891,2025,3.834115805946794,8,4,7.662538699690402,0.7023411371237458,10:05:00,True,True,3.0
2025-08-25,27.35,27.58,26.81,27.23,2.8153564899451538,-0.4387568555758725,-0.2916514764855882,6.737984958585338,2025,2.5959780621572244,5,2,1.2625324916450076,0.545454545454548,10:20:00,False,False,3.0
2025-08-26,27.53,28.22,27.52,27.97,2.5426807119505965,1.5982564475117922,1.1017260374586835,6.843491680928613,2025,1.8525245187068706,6,1,0.9964412811387935,0.6428571428571425,13:50:00,False,False,2.0
2025-08-27,27.61,28.23,27.28,28.13,3.4407823252444745,1.8833755885548698,-1.2870933142652863,6.075277732640461,2025,1.774719304599777,9,1,1.1490125673249585,0.8947368421052616,12:50:00,False,False,2.0
2025-08-28,28.41,29.11,27.96,28.5,4.047870468145014,0.31678986272438703,0.9953785993601194,4.886758594472197,2025,4.047870468145014,10,3,2.393340270551503,0.4695652173913042,10:00:00,False,False,2.0
2025-08-29,27.32,27.35,25.67,26.04,6.149341142020496,-4.685212298682284,-4.140350877192978,4.908931113298051,2025,2.964860907759891,13,3,3.1134173461823567,0.22023809523809376,10:10:00,False,False,2.0
2025-09-02,24.08,25.28,23.8,25.24,6.146179401993358,4.817275747508298,-7.5268817204301115,3.799206227461147,2025,4.609634551495015,11,3,2.3284823284823286,0.9729729729729711,10:00:00,False,False,2.0
2025-09-03,25.41,25.41,24.12,24.88,5.076741440377801,-2.085792994883906,0.6735340729001615,4.465370809870788,2025,2.0857929948839082,14,2,3.026682596575059,0.5891472868217043,11:25:00,False,False,2.0
2025-09-04,24.41,25.73,23.98,25.63,7.169192953707497,4.997951659156086,-1.8890675241157506,4.972182955556229,2025,1.7615731257681269,4,1,2.2350993377483475,0.9428571428571421,10:30:00,False,False,1.0
2025-09-05,26.82,26.97,25.6,26.52,5.108128262490669,-1.1185682326621982,4.642996488490048,5.717865081248833,2025,2.274422073079789,14,5,3.5992578849721624,0.6715328467153284,10:25:00,False,False,1.0
2025-09-08,26.96,27.43,26.68,27.1,2.7818991097922847,0.5192878338278861,1.6591251885369473,5.929916640117964,2025,1.5578635014836726,5,2,1.6326530612244872,0.5600000000000023,10:45:00,False,False,0.0
2025-09-09,27.16,27.37,26.56,27.18,2.982326951399125,0.07363770250368162,0.22140221402213722,5.256428233672322,2025,1.8409425625920472,6,2,2.022802500919463,0.7654320987654312,10:35:00,False,False,0.0
2025-09-10,28.49,28.83,28.06,28.58,2.7027027027027013,0.3159003159003193,4.819720382634296,4.623657743553475,2025,2.106002106002099,7,3,1.415428167020516,0.6753246753246751,10:20:00,False,False,0.0
2025-09-11,29.05,29.61,28.97,29.15,2.2030981067125666,0.344234079173833,1.644506648005617,4.1488499960184555,2025,2.2030981067125666,7,1,1.2405237767057153,0.28124999999999933,10:45:00,False,False,0.0
2025-09-12,29.37,29.55,28.79,29.26,2.5876744977868626,-0.3745318352059934,0.7547169811320753,3.1556310266194694,2025,1.600272386789237,3,2,0.8934707903780148,0.6184210526315809,10:10:00,False,False,0.0
2025-09-15,29.14,30.03,28.92,30.03,3.8091969800960856,3.054221002059032,-0.41011619958988277,2.651540273678708,2025,3.2258064516128955,6,1,1.7519752662315424,1.0,10:00:00,False,False,0.0
2025-09-16,30.33,30.65,29.79,30.49,2.8354764259808753,0.5275304978568984,0.9990009990009874,2.8569998477394685,2025,1.5825914935707235,3,2,0.8286377195889982,0.8139534883720927,11:20:00,False,False,0.0
2025-09-17,30.28,31.25,29.16,30.46,6.90224570673712,0.5944517833553542,-0.6887504099704733,2.8276297426558186,2025,2.0475561426684195,13,5,4.641638225255962,0.6220095693779908,15:20:00,False,False,0.0
2025-09-18,32.76,34.14,32.43,33.63,5.2197802197802226,2.6556776556776684,7.550886408404445,3.6675383434627022,2025,2.1367521367521456,11,4,2.8492647058823595,0.7017543859649136,10:05:00,False,False,0.0
2025-09-19,33.56,33.6,32.12,32.97,4.410011918951144,-1.7580452920143097,-0.20814748736247557,4.270874766076234,2025,2.8903456495828332,4,2,1.552795031055898,0.5743243243243238,12:05:00,False,False,0.0
2025-09-22,33.2,34.75,33.19,34.43,4.698795180722898,3.7048192771084176,0.697603882317277,4.6353422503090895,2025,2.7710843373494027,6,1,1.4836795252225476,0.7948717948717949,10:05:00,False,False,0.0
2025-09-23,34.7,35.3,33.66,34.32,4.726224783861673,-1.0951008645533222,0.7841998257333893,4.813261890434452,2025,2.1325648414985645,5,3,3.0137772675086216,0.40243902439024604,13:40:00,False,False,0.0
2025-09-24,33.96,34.39,32.81,34.16,4.652532391048287,0.5889281507655886,-1.0489510489510523,5.191411562010611,2025,1.8551236749116684,9,3,3.2786885245901565,0.8544303797468328,12:05:00,False,False,0.0
2025-09-25,32.44,34.06,31.36,33.82,8.323057953144275,4.254007398273751,-5.035128805620603,4.741468898872844,2025,3.8532675709001234,14,4,4.7437121935689275,0.9111111111111104,10:10:00,False,True,1.0
2025-09-26,33.93,34.23,32.83,33.99,4.126142057176536,0.17683465959328348,0.3252513305736171,5.362124445545655,2025,1.9746536987916348,8,2,2.2995283018867996,0.8285714285714321,10:25:00,False,False,1.0
2025-09-29,35.03,35.49,33.99,34.0,4.282043962318013,-2.9403368541250363,3.0597234480729707,5.3053504731907335,2025,1.313160148444193,2,1,1.1870295309785672,0.00666666666666534,15:15:00,False,False,1.0
2025-09-30,34.07,34.96,33.57,34.86,4.079835632521282,2.3187555033753915,0.20588235294116686,5.2220002295097565,2025,2.201350161432345,11,3,1.8486424032351234,0.9280575539568335,11:35:00,False,False,1.0
2025-10-01,34.17,36.98,33.98,36.87,8.779631255487269,7.901668129938533,-1.9793459552495674,5.092722399241678,2025,1.93151887620721,7,1,2.5936599423631135,0.9633333333333335,10:35:00,False,True,2.0
2025-10-02,38.96,39.32,38.14,39.04,3.0287474332648863,0.2053388090349051,5.66856522918362,5.918142172129475,2025,2.4640657084188935,4,2,1.3624678663239131,0.7627118644067786,10:50:00,False,False,2.0
2025-10-03,39.48,40.06,37.62,38.23,6.180344478216831,-3.166160081053704,1.127049180327866,4.859280068153597,2025,2.051671732522802,12,5,3.0373230373230364,0.24999999999999928,13:50:00,False,False,2.0
2025-10-06,42.82,43.37,41.66,41.68,3.993460999532931,-2.6623073330219515,12.006277792309717,5.270120552361656,2025,2.709014479215312,8,4,1.3023916646933364,0.01169590643275036,15:55:00,False,False,2.0
2025-10-07,42.78,43.02,38.7,38.84,10.098176718092567,-9.209911173445528,2.6391554702495323,5.21240395980464,2025,1.4492753623188512,14,7,3.622313450857284,0.03240740740740754,11:05:00,False,True,3.0
2025-10-08,38.87,42.94,38.68,42.83,10.959608952919986,10.187805505531266,0.07723995880533074,6.416072176918897,2025,4.656547465912021,3,1,3.767298821117371,0.9741784037558686,10:00:00,False,True,4.0
2025-10-09,42.58,42.84,41.01,42.25,4.297792390793813,-0.7750117426021608,-0.5837030119075437,6.852067716405441,2025,1.8318459370596551,8,4,2.0104068117313134,0.6775956284152996,10:40:00,False,False,3.0
2025-10-10,42.52,42.84,34.16,34.21,20.413922859830684,-19.54374412041393,0.6390532544378713,7.105876707911226,2025,2.5164628410159926,21,11,10.68973690447973,0.005760368663594957,11:20:00,True,True,4.0
2025-10-13,38.23,39.47,37.37,39.14,5.493068270991372,2.3803295840962635,11.75095001461559,9.952592384233997,2025,3.583573110122952,10,4,3.1957390146471365,0.8428571428571437,10:05:00,False,False,4.0
2025-10-14,36.62,39.01,35.95,36.63,8.356089568541767,0.027307482250149562,-6.438426162493616,10.252513838525685,2025,3.1130529765155672,17,5,5.087809917355369,0.2222222222222225,15:50:00,False,True,5.0
2025-10-15,39.56,40.17,37.71,40.02,6.218402426693632,1.1627906976744207,7.998907998907989,9.904096408615525,2025,3.33670374115268,19,6,3.85297845373892,0.939024390243903,13:10:00,False,False,4.0
2025-10-16,41.45,41.93,39.28,40.59,6.393244873341371,-2.074788902291913,3.5732133933033428,8.955855103370252,2025,3.3534378769601942,26,8,3.55305072286205,0.49433962264151055,14:15:00,False,False,4.0
2025-10-17,39.61,40.81,38.32,40.18,6.2862913405705685,1.4390305478414467,-2.414387780241445,9.374945599879766,2025,3.913153244130281,18,9,3.7027579162410618,0.7469879518072281,10:10:00,False,False,4.0
2025-10-20,41.16,43.04,41.13,42.16,4.640427599611265,2.4295432458697697,2.4390243902439046,6.549419296027741,2025,3.304178814382895,6,2,1.5147928994082793,0.5392670157068041,10:45:00,False,False,4.0
2025-10-21,41.8,42.03,40.52,41.46,3.612440191387555,-0.8133971291865993,-0.8538899430740043,6.37889116175172,2025,2.8947368421052655,10,6,2.0593869731800774,0.62251655629139,10:05:00,False,False,3.0
2025-10-22,40.08,40.81,35.98,38.38,12.050898203592828,-4.241516966067849,-3.328509406657021,5.430161286320878,2025,2.8443113772455106,21,11,4.536340852130316,0.4968944099378888,10:40:00,False,True,3.0
2025-10-23,37.69,41.47,37.55,41.17,10.400636773680025,9.233218360307793,-1.79781136008339,6.596660441700718,2025,7.5086229769169694,9,3,4.345576823590291,0.9234693877551028,10:00:00,False,True,4.0
2025-10-24,43.43,44.16,42.96,43.16,2.763067004374846,-0.6216900759843491,5.489434053922748,7.398138821768448,2025,2.5558369790467403,10,3,1.1452130096197943,0.16666666666666372,15:55:00,False,False,3.0
2025-10-27,45.49,47.16,45.13,46.82,4.462519234996689,2.923719498790933,5.3985171455050995,6.693493954529305,2025,1.6926797098263267,9,2,2.3544800523217946,0.8325123152709373,10:30:00,False,False,3.0
2025-10-28,46.44,47.61,45.94,46.9,3.5960378983634835,0.9905254091300719,-0.8116189662537465,6.6579122816063885,2025,2.174849267872535,6,2,0.9991311902693312,0.5748502994011975,10:20:00,False,False,2.0
2025-10-29,49.37,50.76,48.05,49.44,5.489163459590847,0.14178651002634268,5.266524520255866,6.654631823001575,2025,2.81547498480859,21,5,3.35072231139647,0.5129151291512916,14:35:00,False,False,2.0
2025-10-30,48.49,49.97,47.27,47.31,5.568158383171779,-2.433491441534341,-1.9215210355986945,5.342284874201178,2025,4.372035471231176,17,5,2.5610002016535627,0.014814814814814522,10:25:00,False,False,2.0
2025-10-31,48.77,49.99,46.71,47.71,6.725445970883742,-2.173467295468534,3.08602832382161,4.375789196099529,2025,2.0914496616772524,14,4,2.3018944795274,0.3048780487804877,12:10:00,False,False,2.0
2025-11-03,49.49,50.19,48.03,48.55,4.3645180844615,-1.8993736108304793,3.7308740306015498,5.168264989401308,2025,3.0511214386744756,9,2,1.65576451349142,0.24074074074073928,10:30:00,False,False,2.0
2025-11-04,44.77,46.88,42.53,42.79,9.716327898146082,-4.422604422604426,-7.785787847579806,5.14866475929427,2025,6.0754969845879065,21,5,5.083596927248091,0.059770114942528256,10:00:00,False,True,3.0
2025-11-05,43.21,48.43,43.21,46.76,12.080536912751674,8.215690812311948,0.9815377424631899,6.37272275925079,2025,6.109696829437632,11,4,3.5286134358742505,0.68007662835249,10:05:00,False,True,3.0
2025-11-06,46.46,46.99,42.15,43.06,10.417563495479989,-7.318123116659492,-0.641573994867406,7.690997449882955,2025,3.4653465346534644,30,11,4.607166703761411,0.18801652892562046,10:55:00,False,True,3.0
2025-11-07,41.09,41.74,37.04,41.73,11.438306157215873,1.5575565831102312,-4.575011611704594,8.660878472344598,2025,6.303236797274267,24,14,4.607721046077218,0.9978723404255309,10:40:00,False,True,4.0
2025-11-10,45.06,45.52,43.46,44.97,4.571682201509104,-0.1997336884154488,7.9798705966930505,9.603450509611024,2025,2.374611628939193,12,2,2.869217081850528,0.7330097087378623,11:00:00,False,False,4.0
2025-11-11,43.72,44.04,41.65,41.84,5.466605672461117,-4.3000914913083115,-2.779630865021121,9.644883333020545,2025,2.881976212259831,21,3,3.1603229527105037,0.07949790794979279,10:30:00,False,False,4.0
2025-11-12,44.01,44.63,42.85,43.76,4.044535332878894,-0.5680527152919779,5.186424474187357,8.794938887883552,2025,3.4310384003635495,16,5,2.012491325468435,0.5112359550561776,10:20:00,False,False,4.0
2025-11-13,42.2,42.64,38.0,39.22,10.99526066350711,-7.061611374407595,-3.5648994515539156,7.187738571908994,2025,4.928909952606631,32,14,4.592450108199097,0.26293103448275834,10:50:00,False,True,5.0
2025-11-14,35.74,40.6,35.15,38.86,15.24902070509234,8.729714605484041,-8.87302396736358,7.30327800551442,2025,11.052042529378854,25,10,8.239910313901344,0.6807339449541282,10:00:00,True,True,6.0
2025-11-17,37.9,40.08,35.53,36.84,12.005277044854875,-2.7968337730870596,-2.4704065877509063,8.065420915089714,2025,6.781002638522428,19,9,3.3231083844580733,0.2879120879120886,11:10:00,False,True,7.0
2025-11-18,35.31,36.01,33.15,34.34,8.099688473520247,-2.7470971396205024,-4.153094462540718,9.552139883758867,2025,5.862361937128293,34,15,5.835694050991491,0.41608391608391787,10:00:00,True,True,7.0
2025-11-19,34.7,37.3,34.2,35.95,8.933717579250704,3.6023054755043304,1.048340128130465,10.078756443970693,2025,6.541786743515858,29,5,5.498281786941583,0.5645161290322591,10:00:00,True,True,7.0
2025-11-20,38.79,39.19,30.4,30.81,22.660479505027066,-20.5723124516628,7.89986091794157,11.056592893245055,2025,3.4287187419437952,20,17,6.657534246575336,0.04664391353811151,11:55:00,True,True,7.0
2025-11-21,30.85,33.04,28.12,31.7,15.948136142625602,2.7552674230145735,0.12982797792924217,13.389636661549048,2025,5.64019448946516,25,19,6.572120373573154,0.7276422764227641,11:45:00,True,True,7.0
2025-11-24,32.69,36.31,32.65,35.83,11.196084429489153,9.605383909452424,3.123028391167182,13.529459749055698,2025,5.965126950137666,10,5,3.2573289902279923,0.8688524590163925,10:00:00,False,True,8.0
2025-11-25,34.34,36.45,32.05,36.16,12.813046010483417,5.299941758881754,-4.158526374546456,13.367621225982555,2025,7.600465928945834,16,10,3.703703703703698,0.9340909090909078,10:40:00,False,True,9.0
2025-11-26,37.44,40.15,37.3,39.12,7.612179487179492,4.487179487179493,3.539823008849563,14.310292733375189,2025,2.670940170940171,14,4,2.3076923076922995,0.6385964912280699,10:50:00,False,False,9.0
2025-11-28,39.65,41.33,39.25,41.3,5.245901639344258,4.161412358133676,1.3548057259713753,14.045985114960946,2025,2.77427490542245,9,1,1.3121372697451283,0.9855769230769226,10:00:00,False,False,8.0
2025-12-01,39.59,42.36,39.46,41.33,7.325082091437228,4.3950492548623155,-4.1404358353510755,10.563069541824383,2025,4.142460217226573,14,2,3.041729512317759,0.644827586206896,10:05:00,False,False,7.0
2025-12-02,42.79,44.61,42.03,43.78,6.029446132273892,2.313624678663251,3.532542947011863,8.838458731586709,2025,5.001168497312458,14,5,3.9464731231571792,0.6782945736434113,11:20:00,False,False,6.0
2025-12-03,44.42,46.68,43.15,46.58,7.946870778928412,4.8626744709590275,1.4618547281863847,7.8051310721436575,2025,3.1967582170193647,14,4,2.7533549282739322,0.9716713881019826,10:05:00,False,False,5.0
2025-12-04,45.89,46.1,44.43,45.21,3.6391370668991105,-1.4818043146655024,-1.4813224559896865,6.831896025832657,2025,2.5713663107430804,12,3,1.8939393939393812,0.46706586826347324,10:25:00,False,False,4.0
2025-12-05,46.48,48.05,46.3,46.51,3.7650602409638556,0.0645438898450923,2.809113028091126,6.03728754177658,2025,2.947504302925984,11,5,2.5651988029072204,0.12000000000000048,10:10:00,False,False,3.0
2025-12-08,47.56,48.6,46.7,47.99,3.994953742640871,0.9041211101766145,2.257579015265554,5.7411192621005,2025,2.43902439024391,10,5,1.6746912288047033,0.6789473684210527,11:10:00,False,False,2.0
2025-12-09,47.04,48.05,46.47,47.77,3.358843537414962,1.5518707482993221,-1.9795790789747914,5.0750935923412275,2025,2.232142857142866,7,1,1.2733446519524572,0.8227848101265859,10:40:00,False,False,1.0
2025-12-10,47.65,50.09,47.01,49.62,6.463798530954891,4.134312696747111,-0.25120368432071105,4.540973073369442,2025,2.434417628541456,13,7,3.3761391880695824,0.8474025974025957,15:10:00,False,False,0.0
2025-12-11,48.01,48.9,44.66,48.79,8.831493438866907,1.624661528848148,-3.244659411527606,4.244358623774739,2025,6.456988127473447,14,6,3.8854351687388933,0.974056603773585,10:25:00,False,False,0.0
2025-12-12,46.92,47.38,41.06,41.7,13.469735720375105,-11.125319693094626,-3.832752613240409,5.2828298981682975,2025,2.3444160272804804,23,8,5.492138703424498,0.10126582278481021,10:25:00,True,True,1.0
2025-12-15,43.1,43.42,40.8,41.17,6.078886310904882,-4.47795823665893,3.3573141486810565,7.223764994050548,2025,3.2946635730858507,17,5,2.9617537313432862,0.141221374045803,10:15:00,False,False,1.0
2025-12-16,40.75,41.66,39.24,40.44,5.938650306748453,-0.7607361963190229,-1.0201603109060042,7.640551507703348,2025,3.3865030674846515,17,13,4.123462744152406,0.49586776859504067,10:25:00,False,False,1.0
2025-12-17,41.0,41.32,35.7,36.01,13.707317073170724,-12.170731707317072,1.3847675568743778,8.156512861570047,2025,3.3414634146341404,23,5,6.97848924462231,0.05516014234875361,10:55:00,True,True,2.0
2025-12-18,39.98,40.42,38.11,38.58,5.7778889444722425,-3.5017508754377147,11.024715356845327,9.605216570013216,2025,3.7268634317158633,17,9,2.9069767441860628,0.20346320346320276,12:20:00,False,False,2.0
2025-12-19,39.6,42.36,39.5,41.79,7.2222222222222205,5.530303030303019,2.6438569206842955,8.994495671134281,2025,6.186868686868694,10,3,2.294921875,0.8006993006993005,10:00:00,False,False,2.0
2025-12-22,44.45,44.56,42.73,43.27,4.116985376827909,-2.6546681664791905,6.365159128978237,7.744992971503704,2025,4.116985376827909,10,3,1.3088404133180243,0.2950819672131173,10:35:00,False,False,2.0
2025-12-23,42.62,43.8,42.22,43.7,3.7071797278273073,2.5340215861098248,-1.502195516524163,7.35261278468831,2025,2.6748005631159097,5,3,2.512099562111092,0.9367088607594972,10:00:00,False,False,2.0
2025-12-24,43.72,44.36,43.59,44.2,1.7612076852698901,1.0978956999085243,0.04576659038899589,6.90631866890408,2025,1.3952424519670619,3,0,0.6619493266377452,0.7922077922077956,10:05:00,False,False,2.0
2025-12-26,44.74,44.79,43.81,44.19,2.1904336164505964,-1.2293249888243318,1.2217194570135703,4.5170967913239135,2025,1.51989271345552,4,1,1.6580775263275838,0.3877551020408129,10:10:00,False,False,2.0
2025-12-29,42.98,44.33,42.35,43.86,4.606793857608183,2.047463936714755,-2.7381760579316627,3.799605725719585,2025,4.606793857608183,7,3,3.1278331822302663,0.7626262626262629,10:10:00,False,False,1.0
2025-12-30,44.15,44.75,43.57,43.68,2.672706681766704,-1.0645526613816458,0.6611947104423255,3.2765200527967773,2025,1.5628539071347627,5,2,1.1138895203455235,0.09322033898305039,11:00:00,False,False,1.0
2025-12-31,43.89,44.15,42.01,42.03,4.875825928457508,-4.237867395762129,0.48076923076922906,2.9876643137845362,2025,2.392344497607649,5,1,1.7329020332717215,0.009345794392524823,14:30:00,False,False,1.0
2026-01-02,45.13,48.09,45.08,47.27,6.669621094615566,4.741856857965887,7.375684035212937,3.221393553910576,2026,5.827609129182367,10,5,2.767052767052758,0.7275747508305651,10:05:00,False,False,0.0
2026-01-05,50.34,51.22,48.63,49.24,5.14501390544298,-2.1851410409217342,6.494605458007197,4.203076235779712,2026,3.4763607469209377,10,3,2.0440881763527097,0.23552123552123563,10:30:00,False,False,0.0
2026-01-06,51.11,54.3,51.07,53.97,6.319702602230477,5.595773821170025,3.7977254264825344,4.793992293578188,2026,4.754451183721384,12,3,4.377431906614793,0.8978328173374617,10:00:00,False,False,0.0
2026-01-07,52.2,52.74,50.84,52.25,3.6398467432950166,0.09578544061301653,-3.2795997776542407,5.136574042502647,2026,2.892720306513406,12,3,2.4371222460518593,0.7421052631578935,10:25:00,False,False,0.0
2026-01-08,51.79,51.81,48.13,49.65,7.105618845336938,-4.132071828538331,-0.8803827751196147,5.330002054808309,2026,6.31396022398147,16,4,3.6854552621206182,0.4130434782608685,10:00:00,False,False,0.0
2026-01-09,51.09,54.76,50.31,53.91,8.71011939714229,5.519671168526119,2.9003021148036323,5.775960638184195,2026,3.8363671951458227,8,3,3.0799220272904604,0.8089887640449434,10:35:00,False,False,0.0
2026-01-12,52.39,55.15,52.35,54.65,5.344531399121964,4.313800343577023,-2.819514004822843,6.18406029868954,2026,4.409238404275616,5,3,1.57769216657494,0.8214285714285713,10:05:00,False,False,0.0
2026-01-13,55.69,57.63,55.43,56.08,3.950439935356443,0.7003052612677418,1.9030192131747503,6.223963797425337,2026,2.244568145088885,8,4,2.0209182769012513,0.2954545454545444,11:50:00,False,False,0.0
2026-01-14,54.89,55.44,53.0,55.41,4.445254144652938,0.9473492439424192,-2.121968616262482,5.750111264050529,2026,2.787392967753691,21,9,2.4403771491957826,0.9877049180327864,15:55:00,False,False,0.0
2026-01-15,60.96,61.67,58.01,58.12,6.003937007874022,-4.658792650918642,10.016242555495403,5.911192744322114,2026,2.8215223097112845,13,5,2.2207267833109,0.030054644808742984,15:55:00,False,False,0.0
2026-01-16,61.25,62.19,59.5,60.72,4.391836734693874,-0.8653061224489833,5.385409497591187,5.690856376829531,2026,2.481632653061218,9,3,2.4366471734892814,0.4535315985130111,10:35:00,False,False,0.0
2026-01-20,57.34,61.05,57.22,58.0,6.6794558772235755,1.1510289501220683,-5.566534914360998,4.827199844339849,2026,5.737704918032785,19,5,2.062204192021655,0.20365535248041813,10:45:00,False,False,0.0
2026-01-21,60.25,65.11,59.46,63.5,9.377593360995848,5.394190871369298,3.87931034482758,5.094184739960171,2026,4.19917012448133,19,5,4.916707100113227,0.7150442477876107,14:45:00,False,True,1.0
2026-01-22,66.91,66.96,63.04,63.75,5.858616051412337,-4.7227619189956656,5.370078740157469,6.179615425088052,2026,5.141234494096534,9,5,3.4082225278924128,0.18112244897959232,10:00:00,False,False,1.0
2026-01-23,62.48,63.36,60.15,61.55,5.137644046094752,-1.488476312419973,-1.992156862745098,6.462287806439932,2026,4.433418693982069,12,4,2.823179791976238,0.4361370716510898,10:05:00,False,False,1.0
2026-01-26,60.75,61.96,59.6,60.68,3.884773662551439,-0.11522633744855959,-1.299756295694554,6.289029214084077,2026,3.884773662551439,8,3,1.7347600518806794,0.4576271186440672,10:25:00,False,False,1.0
2026-01-27,63.31,65.99,62.54,64.98,5.449376085926387,2.6378139314484406,4.334212261041537,6.187616599655589,2026,3.5223503395987947,5,2,3.5702900860695053,0.7072463768115965,10:05:00,False,False,1.0
2026-01-28,69.0,70.93,67.97,70.1,4.289855072463779,1.5942028985507228,6.186518928901186,5.941600641396152,2026,3.376811594202916,17,3,3.476049173378537,0.7195945945945911,10:10:00,False,False,1.0
2026-01-29,70.39,71.98,62.65,70.46,13.254723682341249,0.09944594402613305,0.41369472182597455,4.924052983689739,2026,4.063077141639437,16,8,6.535764375876574,0.8370846730975339,10:15:00,True,True,2.0
2026-01-30,67.12,69.86,60.29,61.79,14.258045292014302,-7.9410011918951255,-4.74027817201248,6.403274509875521,2026,4.529201430274145,28,11,3.6053130929791233,0.1567398119122257,15:20:00,False,True,3.0
2026-02-02,59.5,66.94,59.1,65.21,13.176470588235286,9.596638655462165,-3.7061013108917296,8.227354759059432,2026,8.30252100840337,15,4,4.452926208651409,0.779336734693877,10:15:00,False,True,4.0
2026-02-03,66.81,67.62,57.02,61.2,15.865888340068853,-8.3969465648855,2.453611409293077,10.0856941441962,2026,9.579404280796295,28,12,6.670700347905001,0.39433962264150935,10:00:00,True,True,5.0
2026-02-04,59.44,61.03,49.33,53.19,19.683714670255725,-10.51480484522207,-2.8758169934640643,12.168996595024694,2026,5.938761776581429,30,26,6.361533377395901,0.3299145299145298,10:15:00,True,True,5.0
2026-02-05,51.3,55.49,50.01,53.26,10.682261208577007,3.820662768031191,-3.5532994923857864,15.247768514583083,2026,10.038986354775826,33,14,7.366315023644954,0.5930656934306565,10:15:00,True,True,6.0
2026-02-06,56.4,62.24,55.67,61.76,11.648936170212766,9.503546099290784,5.895606458880964,14.733276019830233,2026,8.829787234042549,13,7,3.1478260869565178,0.9269406392694058,10:40:00,False,True,7.0
2026-02-09,59.99,65.05,59.29,64.0,9.601600266711115,6.684447407901306,-2.8659326424870457,14.211454195469926,2026,5.8843140523420585,8,3,4.1059602649006655,0.8177083333333338,10:00:00,False,True,8.0
2026-02-10,64.67,65.21,61.42,63.32,5.860522653471458,-2.087521261790637,1.0468750000000027,13.496480131165095,2026,5.473944642028749,18,3,3.5482825664290285,0.501319261213721,10:15:00,False,False,8.0
2026-02-11,67.21,69.1,63.22,67.99,8.748698110400232,1.1605415860735047,6.143398610233719,11.495406993845615,2026,3.6006546644844333,14,7,6.564840652078141,0.8112244897959183,10:20:00,True,False,8.0
2026-02-12,69.67,70.86,62.77,63.03,11.611884598823018,-9.530644466771921,2.4709516105309692,9.308403681874516,2026,3.760585617913025,28,12,5.958395245170878,0.032138442521631415,11:25:00,True,True,8.0
2026-02-13,63.93,66.25,61.43,64.59,7.5394963241044906,1.0323791647114167,1.4278914802474896,9.494328359923717,2026,6.037853902706095,30,11,3.203517587939708,0.6556016597510381,10:30:00,False,False,7.0
2026-02-17,62.02,65.96,59.56,64.34,10.319251854240553,3.740728797162207,-3.978944108995197,8.672440390702063,2026,6.900999677523381,18,12,7.135761589403966,0.7468750000000012,11:05:00,True,True,7.0
2026-02-18,65.27,68.45,64.07,66.35,6.710586793320069,1.654665236709052,1.4454460677649772,8.815970708207951,2026,3.661712884939483,8,4,4.26219418372058,0.5205479452054785,10:15:00,False,False,6.0
2026-02-19,64.33,65.51,62.96,65.22,3.9639359552308475,1.3834913726099796,-3.044461190655612,8.985983536177674,2026,3.9639359552308475,20,6,2.3381018304876267,0.8862745098039193,12:00:00,False,False,5.0
2026-02-20,63.76,68.22,63.58,67.11,7.2772898368883325,5.2540777917189585,-2.23857712358172,8.029031105143796,2026,5.410915934755337,25,9,3.360971276280733,0.7607758620689656,12:20:00,False,False,4.0
2026-02-23,65.85,67.65,63.47,65.81,6.347760060744126,-0.0607441154138022,-1.8775145283862371,7.162112152756859,2026,2.9005315110098873,13,7,3.755656108597283,0.5598086124401913,11:05:00,False,False,3.0
2026-02-24,68.11,70.0,66.35,68.56,5.358978123623558,0.6606959330494933,3.4949095882084835,6.923764900084786,2026,4.610189399500808,13,5,2.4750260921425626,0.6054794520547958,10:00:00,False,False,2.0
2026-02-25,70.89,72.36,70.48,71.84,2.651996050218642,1.3401043870785667,3.398483080513426,5.931710153961387,2026,2.56735787840315,5,3,1.5468991702995316,0.7234042553191504,10:00:00,False,False,2.0
2026-02-26,71.05,71.11,61.63,65.34,13.342716396903583,-8.036593947923986,-1.099665924276183,5.119992005341102,2026,8.304011259676294,22,4,7.042673828707846,0.39135021097046435,10:15:00,True,True,3.0
2026-02-27,61.51,63.76,60.65,62.77,5.056088440903917,2.048447406925713,-5.861646770737683,6.995748093675648,2026,2.893838400260122,21,7,2.8263355660839595,0.6816720257234743,10:10:00,False,False,2.0
2026-03-02,58.15,62.82,58.05,62.66,8.202923473774726,7.755803955288054,-7.36020391906963,6.551507814478765,2026,6.466036113499579,19,13,2.5490196078431393,0.9664570230607958,10:30:00,False,False,2.0
2026-03-03,55.12,55.86,51.36,53.42,8.16400580551524,-3.0841799709724116,-12.03319502074689,6.922540497084886,2026,4.644412191582007,34,14,4.230769230769238,0.4577777777777783,11:20:00,False,False,1.0
2026-03-04,55.96,57.72,54.38,56.63,5.968548963545383,1.1972837741243803,4.754773493073761,7.483546033463222,2026,4.127948534667611,12,9,3.4658883619117065,0.6736526946107791,10:25:00,False,False,1.0
2026-03-05,55.32,57.7,51.13,54.7,11.876355748373102,-1.1207519884309458,-2.313261522161403,8.14685661612857,2026,4.338394793926245,23,9,6.2193126022913265,0.54337899543379,12:50:00,True,True,2.0
2026-03-06,50.08,53.36,46.8,47.88,13.09904153354633,-4.392971246006383,-8.446069469835471,7.853584486422474,2026,4.093450479233221,23,8,6.645632025241566,0.16463414634146417,15:30:00,True,True,3.0
2026-03-09,45.51,53.78,44.53,53.43,20.32520325203252,17.402768622280828,-4.949874686716804,9.462175104950955,2026,4.570424082619201,20,9,7.36589271417134,0.962162162162162,15:35:00,True,True,4.0
2026-03-10,53.36,57.78,53.36,54.59,8.283358320839582,2.3050974512743627,-0.13101253977166882,11.886631060602515,2026,4.347826086956522,23,8,3.34406294706725,0.2782805429864261,15:45:00,False,False,4.0
2026-03-11,55.49,57.74,55.35,56.1,4.307082357181475,1.099297170661373,1.6486535995603457,11.910501563667385,2026,2.757253559199858,18,7,2.6862464183381007,0.31380753138075307,10:00:00,False,False,4.0
2026-03-12,53.54,53.88,49.53,50.28,8.124766529697425,-6.088905491221508,-4.563279857397506,11.578208242394602,2026,6.369069854314538,23,7,3.6316211878009597,0.17241379310344823,11:40:00,False,False,3.0
2026-03-13,51.88,53.96,50.04,50.73,7.555898226676949,-2.2166538164996252,3.182179793158313,10.827890398659466,2026,4.028527370855828,20,5,2.9338921699371245,0.17602040816326464,10:55:00,False,False,3.0
2026-03-16,54.06,55.68,53.01,53.69,4.938956714761379,-0.6844247132815506,6.564163217031349,9.71926173728559,2026,2.497225305216429,11,4,2.5826259707422805,0.25468164794007464,15:35:00,False,False,3.0
2026-03-17,55.1,55.4,53.3,54.92,3.8112522686025434,-0.32667876588021727,2.626187371950084,6.642012429831363,2026,1.9963702359346667,11,3,1.5829694323144072,0.771428571428573,11:25:00,False,False,3.0
2026-03-18,55.03,56.48,54.0,54.02,4.5066327457750255,-1.8353625295293385,0.20029133284777956,5.7475912193839545,2026,2.489551153916054,13,7,2.7269399707174236,0.00806451612903353,11:05:00,False,False,3.0
2026-03-19,49.53,56.11,48.5,54.86,15.364425600646072,10.76115485564304,-8.311736393928182,5.787501297102664,2026,6.521300222087617,18,8,6.797706797706793,0.835742444152431,10:00:00,True,True,3.0
2026-03-20,54.69,55.36,49.0,51.14,11.629182665935272,-6.491131833973296,-0.3098796937659576,7.235433111292394,2026,4.845492777473027,24,9,5.885548714233968,0.33647798742138374,10:10:00,True,True,3.0
2026-03-23,54.63,56.81,52.28,52.96,8.292147171883583,-3.056928427603889,6.824403597966366,8.050089999144058,2026,4.484715357861986,19,5,4.844228345038715,0.1501103752759381,11:55:00,False,False,2.0
2026-03-24,51.54,56.09,51.53,55.02,8.84749708963912,6.752037252619325,-2.681268882175225,8.720728090568498,2026,3.2984090027163284,21,8,4.19567262464724,0.7653508771929826,11:15:00,False,False,2.0
2026-03-25,56.64,58.25,55.59,57.08,4.696327683615813,0.7768361581920846,2.944383860414379,9.727977054775813,2026,3.3192090395480274,20,6,3.351254480286747,0.5601503759398484,10:20:00,False,False,2.0
2026-03-26,54.19,54.44,48.87,48.97,10.27864919726887,-9.632773574460229,-5.063069376313944,9.76591604234397,2026,3.7645322015131932,23,7,4.098053892215569,0.017953321364452678,10:50:00,False,True,3.0
2026-03-27,48.04,49.38,45.96,46.6,7.1190674437968395,-2.9975020815986686,-1.899121911374313,8.748760761668532,2026,5.141548709408839,15,6,2.8085106382978786,0.18713450292397668,11:45:00,False,False,3.0
2026-03-30,47.86,48.29,39.52,40.63,18.324279147513572,-15.106560802340152,2.7038626609442007,7.846737717240846,2026,10.739657333890515,16,10,6.6383881230116515,0.1265678449258837,10:00:00,True,True,4.0
2026-03-31,42.88,48.18,42.61,47.94,12.98973880597015,11.800373134328357,5.5377799655427,9.853164112366844,2026,4.990671641791046,29,9,6.083390293916624,0.9569120287253138,12:40:00,True,True,5.0
2026-04-01,50.14,54.09,49.62,52.27,8.9150378938971,4.248105305145589,4.589069670421364,10.681612455633049,2026,5.285201435979269,12,5,2.919708029197088,0.5928411633109625,14:20:00,False,False,5.0
2026-04-02,46.06,53.07,46.05,52.74,15.240990013026492,14.502822405557957,-11.8806198584274,11.525354497689307,2026,7.16456795484152,20,10,8.068353882760126,0.9529914529914533,10:05:00,True,True,5.0
2026-04-06,53.75,55.6,52.88,54.8,5.060465116279068,1.9534883720930152,1.915054986727327,12.517822660840832,2026,3.6651162790697653,10,6,3.54558610709117,0.7058823529411747,10:00:00,False,False,4.0
2026-04-07,54.32,56.6,52.13,56.54,8.22901325478645,4.086892488954352,-0.8759124087591164,12.106102195337275,2026,4.068483063328412,23,9,3.862973760932953,0.9865771812080532,10:05:00,False,False,4.0
2026-04-08,66.27,67.98,63.56,67.55,6.669684623509886,1.9314923796589722,17.209055535903772,10.087049016791852,2026,2.1880187113324325,11,4,2.9562594268476516,0.9027149321266953,10:55:00,False,False,4.0
2026-04-09,68.12,72.28,68.12,71.98,6.106870229007629,5.666470933646495,0.8438193930422111,8.823038180299799,2026,3.435114503816778,17,3,2.4372446001167614,0.927884615384616,10:00:00,False,False,4.0
2026-04-10,74.3,78.3,74.29,76.38,5.397039030955574,2.7994616419919183,3.2231175326479455,8.261404647321905,2026,4.656796769851943,12,8,2.2997316979685656,0.5211970074812953,11:50:00,False,False,3.0
2026-04-13,75.6,80.74,75.25,80.5,7.261904761904756,6.481481481481488,-1.021209740769835,6.292614450907721,2026,2.9761904761904763,11,5,1.8316445830085737,0.9562841530054653,12:45:00,False,False,3.0
2026-04-14,83.27,85.57,80.71,85.39,5.836435691125255,2.5459349105320106,3.4409937888198794,6.732902380032859,2026,3.8909571274168475,8,2,2.034673729833858,0.9629629629629645,13:35:00,False,False,2.0
2026-04-15,84.66,85.98,79.76,85.88,7.347035199622017,1.441058351051261,-0.8549010422766123,6.254386867300619,2026,3.5081502480510265,12,6,4.4349070100142995,0.9839228295819922,12:50:00,False,False,1.0
2026-04-16,85.01,89.39,83.31,88.44,7.152099752970237,4.034819433007875,-1.0130414531904886,6.389856982523046,2026,3.4466533349017676,14,6,2.9664960446719624,0.8437499999999994,11:05:00,False,False,1.0
2026-04-17,93.17,94.75,90.66,94.72,4.38982505098208,1.6636256305677666,5.348258706467668,6.5989028873155675,2026,2.9623269292690835,14,5,1.6963710543268284,0.9926650366748163,15:55:00,False,False,0.0
2026-04-20,95.97,96.93,92.03,95.94,5.105762217359597,-0.03125976867771607,1.319679054054057,6.397460091320869,2026,3.0113577159529026,8,2,2.2878228782287735,0.7979591836734677,11:05:00,False,False,0.0
2026-04-21,97.97,99.95,95.32,98.08,4.725936511176901,0.11227926916403952,2.1159057744423615,5.966231582411837,2026,1.7964683066244675,14,7,2.8843234490436243,0.5961123110151186,11:00:00,False,False,0.0
2026-04-22,102.94,106.09,99.6,105.67,6.304643481639799,2.65203030891783,4.955138662316472,5.744131746422167,2026,3.914901884592968,6,4,2.541612678162064,0.9352850539291215,10:35:00,False,False,0.0
2026-04-23,108.61,116.77,107.46,112.69,8.571954700303841,3.756560169413503,2.7822466168259563,5.535653402825723,2026,5.579596722217109,21,9,4.11076711386309,0.5617615467239531,13:15:00,False,False,0.0
2026-04-24,125.21,130.12,120.24,128.25,7.890743550834606,2.427921092564489,11.110125122016147,5.819624392292444,2026,6.73268908234166,12,5,2.9891730739055267,0.8107287449392709,10:00:00,False,False,0.0
2026-04-27,128.33,129.51,117.79,123.37,9.132704745577794,-3.8650354554663813,0.06237816764134152,6.519808092262949,2026,9.132704745577794,16,8,3.9533427274150545,0.4761092150170653,10:00:00,False,False,0.0
2026-04-28,108.75,115.62,103.99,109.59,10.694252873563228,0.7724137931034436,-11.850530923239045,7.325196597906588,2026,8.845977011494258,20,12,4.933381346777099,0.48151332760103216,10:45:00,False,False,0.0
2026-04-29,114.71,118.32,112.3,118.06,5.248016737860689,2.9204079853543785,4.671959120357694,8.518859870383853,2026,3.0511725220120303,20,6,3.309339887640439,0.9568106312292374,10:35:00,False,False,0.0
2026-04-30,122.81,127.45,117.5,127.01,8.101946095594824,3.4199169448742017,4.0233779434186046,8.307534521628032,2026,3.7293380017913837,16,8,5.007226047776925,0.9557788944723621,11:05:00,False,False,0.0
2026-05-01,124.39,131.38,121.66,130.33,7.814132968888174,4.775303480987225,-2.0628296984489425,8.213532800686227,2026,5.740011254924041,15,5,4.334864233341396,0.891975308641977,10:00:00,False,False,0.0
2026-05-04,132.2,133.67,123.8,127.55,7.465960665658088,-3.5173978819969642,1.434819304841528,8.198210684296942,2026,2.3524962178517503,17,4,3.6041539401344025,0.3799392097264441,11:20:00,False,False,0.0
2026-05-05,135.0,147.26,134.02,144.28,9.807407407407393,6.874074074074077,5.840846726773807,7.864861868313,2026,4.3555555555555525,9,4,3.3301122426224516,0.7749244712990941,10:00:00,False,False,0.0
2026-05-06,157.84,166.0,149.06,165.76,10.732387227572223,5.017739483020778,9.39839201552537,7.687492775081833,2026,4.390522047643188,23,5,5.141065830720992,0.9858323494687126,10:20:00,False,False,0.0
2026-05-07,162.12,162.9,147.61,152.05,9.431285467554892,-6.211448309893896,-2.195945945945943,8.78436687302414,2026,6.260794473229692,25,10,4.947657028913255,0.29038587311968606,12:10:00,False,False,0.0
2026-05-08,163.0,177.5,161.51,177.44,9.80981595092025,8.858895705521475,7.201578428148636,9.050234747416152,2026,4.374233128834353,17,1,2.8121155310797397,0.99624765478424,13:10:00,False,False,0.0
2026-05-11,181.0,191.29,178.94,190.4,6.823204419889499,5.193370165745859,2.0063119927862916,9.449371343822568,2026,5.674033149171261,20,10,3.1769877037779004,0.9279352226720659,10:55:00,False,False,0.0
2026-05-12,177.62,182.24,150.58,172.55,17.824569305258414,-2.854408287355026,-6.712184873949578,9.32082009466885,2026,6.052246368652179,23,15,6.28134702651062,0.6939355653821858,11:20:00,True,True,1.0
2026-05-13,183.78,188.49,172.26,184.38,8.831211230819468,0.3264773098269558,6.508258475804118,10.924252474239056,2026,6.442485580585484,18,9,3.677738191012514,0.7467652495378923,10:35:00,False,False,1.0
2026-05-14,182.67,189.56,178.27,186.12,6.180544150654181,1.8886516669403886,-0.9274324764074193,10.544017274888505,2026,6.109377566102807,24,7,3.7004502031404485,0.6953055801594331,10:35:00,False,False,1.0
2026-05-15,167.0,174.4,161.14,164.23,7.940119760479053,-1.6586826347305461,-10.27294218783581,9.893869011508361,2026,3.976047904191608,25,9,4.41811674688386,0.23303167420814472,10:30:00,False,False,1.0
2026-05-18,172.95,174.61,142.69,151.66,18.456201214223775,-12.309916160740098,5.3096267429824096,9.519929773420124,2026,10.245735761780878,32,18,8.695652173913048,0.2810150375939848,10:00:00,True,True,2.0
2026-05-19,141.24,160.6,135.02,151.93,18.11101670914754,7.5686774284905,-6.870631676117622,11.846529132286978,2026,11.094590767487974,26,14,9.039066596748812,0.6610633307271309,10:05:00,True,True,3.0
2026-05-20,161.0,173.7,161.0,173.34,7.888198757763969,7.664596273291924,5.969854538274211,11.903818613064804,2026,3.608695652173914,20,6,2.879961277831544,0.9716535433070878,10:25:00,False,False,3.0
2026-05-21,171.26,179.97,168.23,178.23,6.8550741562536555,4.06983533808245,-1.1999538479289362,11.715216118453702,2026,3.783720658647681,21,7,3.421540535985168,0.851788756388415,10:30:00,False,False,3.0
2026-05-22,184.8,195.27,183.34,190.61,6.455627705627709,3.143939393939399,3.6862481063794084,11.850122119573598,2026,3.4145021645021654,15,4,1.7924982610091567,0.6093880972338647,10:50:00,False,False,3.0
2026-05-26,211.38,228.5,209.89,225.75,8.804049578957335,6.798183366449062,10.89659514191279,11.55322370860333,2026,4.782855520862907,12,3,3.2938388625592285,0.8522299838796347,10:00:00,False,False,3.0
2026-05-27,242.55,242.66,204.0,217.9,15.938981653267364,-10.162853019995877,7.441860465116279,9.622793381550043,2026,13.04473304473304,25,14,7.172085075767787,0.35954474909467166,10:25:00,True,True,3.0
2026-05-28,218.98,231.89,207.56,224.67,11.11060370810119,2.5984108137729445,0.49564020192747194,9.188386370374007,2026,6.2288793497122965,17,5,4.217185028993153,0.703247020139745,10:15:00,False,False,3.0
2026-05-29,232.2,239.07,218.56,224.06,8.83290267011197,-3.5055986218776813,3.35158232073709,9.832867360441451,2026,4.259259259259253,20,5,6.151608487337434,0.26816187225743554,10:40:00,True,False,3.0
2026-06-01,217.27,234.06,210.14,226.92,11.009343213513146,4.441478344916461,-3.030438275461922,10.228433063213114,2026,7.078749942467895,11,6,5.9671757897732824,0.7015050167224076,10:30:00,True,False,3.0
2026-06-02,243.18,267.08,238.82,266.37,11.621021465581046,9.53614606464348,7.1655208884188415,11.1391761647902,2026,6.2464018422567635,9,5,3.4515077424612794,0.9748761500353864,10:00:00,False,False,2.0
2026-06-03,281.47,284.58,257.26,280.0,9.706185383877497,-0.5222581447401287,5.668806547283856,11.702570542114945,2026,9.706185383877497,25,12,6.8194975107097155,0.8323572474377751,10:15:00,True,False,1.0
2026-06-04,242.17,274.5,228.55,262.82,18.974274270140807,8.527067762315731,-13.510714285714286,10.45601128823697,2026,6.090762687368378,26,14,7.153453106972152,0.7458106637649617,11:10:00,True,True,2.0
2026-06-05,230.85,233.69,181.81,182.11,22.473467619666447,-21.113277019709763,-12.164218857012399,12.028745400644892,2026,8.745938921377517,25,21,6.588715664439482,0.0057825751734774744,10:15:00,True,True,3.0
2026-06-08,210.62,222.19,201.69,211.18,9.73316873991074,0.2658816826512256,15.655373126132544,14.756858390555788,2026,5.3413730889754065,26,13,4.611122105679799,0.46292682926829315,10:30:00,False,False,3.0
2026-06-09,227.06,231.02,157.56,201.78,32.35268211045539,-11.133621069320887,7.519651482147927,14.501623495835307,2026,4.853342728794155,34,34,14.223103412292593,0.6019602504764497,12:15:00,True,True,4.0
2026-06-10,191.53,212.99,177.3,180.03,18.63415652900329,-6.004281313632331,-5.079789870155615,18.647955624810173,2026,10.259489375032635,35,27,9.950623089583821,0.07649201456990726,11:00:00,True,True,4.0
2026-06-11,192.3,225.63,192.3,224.01,17.33229329173166,16.48985959438376,6.815530744875864,20.433549853835334,2026,7.639105564222567,41,26,9.347226478700588,0.9513951395139513,13:40:00,True,True,5.0
2026-06-12,222.22,242.4,214.74,234.48,12.447124471244711,5.517055170551699,-0.7990714700236601,20.105153658153505,2026,5.787057870578699,30,11,6.261632544536022,0.7136659436008671,11:15:00,True,False,5.0
2026-06-15,265.99,274.88,261.6,272.83,4.992668897326957,2.571525245309969,13.438246332309811,18.09988502846916,2026,3.5941200797022455,15,6,1.8568033273915652,0.8456325301204808,10:20:00,False,False,5.0
2026-06-16,267.13,274.93,226.0,226.01,18.316924343952383,-15.393254220791375,-2.0892130630795647,17.151785059952402,2026,3.9044659903417838,36,24,6.150676868746308,0.00020437359493134894,10:30:00,True,True,6.0
2026-06-17,247.71,259.79,233.3,233.67,10.693956642848496,-5.667918130071459,9.601345073226852,14.3446335066518,2026,5.498365023616327,33,16,7.182777078085644,0.01396753491883639,15:40:00,True,False,6.0
2026-06-18,266.03,286.16,265.0,279.47,7.953990151486684,5.0520617975416515,13.848589891727636,12.75659352942084,2026,2.650077058978315,15,7,2.8909036860879755,0.6838374291115317,10:20:00,False,False,5.0
2026-06-22,299.26,302.0,286.24,300.89,5.2663235982089125,0.5446768696117044,7.081260958242375,10.880932901371846,2026,3.6089019581634743,19,9,3.605545973198887,0.9295685279187809,10:40:00,False,False,4.0
2026-06-23,236.0,252.98,223.0,230.81,12.70338983050847,-2.199152542372884,-21.566020804945328,9.444772726764686,2026,7.309322033898305,38,26,6.538199761783203,0.26050700466978,10:10:00,True,False,4.0
2026-06-24,233.0,237.0,211.13,229.59,11.103004291845496,-1.4635193133047175,0.9488323729474502,10.98691691340099,2026,7.188841201716738,30,14,5.248922710186132,0.7135678391959801,15:55:00,False,False,3.0
2026-06-25,268.25,268.5,225.74,253.56,15.940354147250696,-5.476234855545203,16.83871248747768,9.544132902979612,2026,15.940354147250696,42,18,12.667716063263612,0.6506080449017774,10:00:00,True,True,3.0
2026-06-26,226.24,231.25,212.1,215.1,8.464462517680342,-4.923974540311182,-10.774570121470262,10.593412403860052,2026,5.246640735502123,26,17,6.7373413307295404,0.15665796344647515,10:05:00,True,False,2.0
2026-06-29,216.36,238.66,192.3,236.51,21.427250878166014,9.313181734146792,0.585774058577404,10.695506877098783,2026,6.470696986503975,23,11,10.874229627938837,0.9536238136324416,10:10:00,True,True,3.0
2026-06-30,241.45,272.0,240.59,266.8,13.008904535100434,10.49906813004764,2.088706608600055,13.927692333090203,2026,7.086353282253048,12,5,4.365127215724107,0.8344476281439036,10:00:00,False,False,3.0
2026-07-01,237.79,246.47,215.38,217.57,13.07456158795576,-8.50330123217965,-10.87331334332834,13.988795274008595,2026,6.901047142436602,29,17,5.8955596208215555,0.07044065615953675,10:45:00,True,False,2.0
2026-07-02,219.23,226.13,168.88,181.03,26.114126716234093,-17.42462254253523,0.7629728363285349,14.383106733230651,2026,6.203530538703642,36,22,10.93799682034977,0.21222707423580797,10:40:00,True,True,3.0
2026-07-06,197.21,210.8,194.22,194.77,8.407281578013292,-1.237259773845134,8.937745125117381,16.417861247027325,2026,6.886060544597136,24,6,3.5159992335696555,0.033172496984319115,11:15:00,False,False,3.0
2026-07-07,165.4,171.88,150.08,165.27,13.18016928657798,-0.07859733978233807,-15.079324331262512,16.406425059093916,2026,7.6058041112454555,28,18,7.7657880771272,0.6967889908256885,10:10:00,True,False,3.0
2026-07-08,159.21,176.75,158.87,174.84,11.230450348596191,9.81722253627284,-3.6667271737157336,14.75700874077631,2026,10.432761761195895,33,17,4.490629059194662,0.8931767337807608,12:20:00,False,False,3.0
2026-07-09,199.81,204.55,189.47,192.44,7.547169811320761,-3.6885040788749324,14.281628917867772,14.401317903475464,2026,3.438266353035386,23,10,3.2525133057362487,0.19694960212201568,10:20:00,False,False,3.0
2026-07-10,182.4,195.94,176.8,192.08,10.493421052631572,5.307017543859649,-5.21721055913531,13.295839548148464,2026,7.225877192982444,22,11,3.9619300575475913,0.7983281086729369,10:05:00,False,False,2.0
2026-07-13,174.61,177.67,161.55,165.24,9.232002748983433,-5.36624477406793,-9.095168679716782,10.17169841542796,2026,5.81868163335433,25,18,4.41916167664671,0.22890818858560813,10:20:00,False,False,2.0
2026-07-14,187.69,188.43,170.26,176.66,9.680856731845072,-5.876711598913098,13.586298717017664,10.336642649621988,2026,6.350897756939642,23,10,4.396390447892595,0.3522289488167309,10:05:00,False,False,1.0
2026-07-15,183.77,184.0,150.0,165.51,18.501387604070306,-9.936333460303647,4.02468017661044,9.636780138675407,2026,6.76388964466453,30,18,8.533916849015311,0.456176470588235,10:35:00,True,True,2.0
2026-07-16,150.42,155.83,138.0,142.51,11.85347693125915,-5.258609227496347,-9.117273880732279,11.09096758977023,2026,6.275761201967822,38,20,5.399239543726231,0.2529444756029157,10:15:00,False,False,2.0
2026-07-17,124.69,144.4,116.47,135.29,22.399550886197776,8.501082685058936,-12.504385657146866,11.952229013757906,2026,9.431389846820107,33,25,13.610266801756165,0.6738274257071245,10:05:00,True,True,2.0
2026-07-20,143.52,148.74,135.66,136.86,9.113712374581947,-4.640468227424743,6.083228620001502,14.333454980471146,2026,4.501114827201789,24,10,3.902867965367973,0.09174311926605626,10:10:00,False,False,2.0
2026-07-21,155.84,160.64,148.87,158.41,7.552618069815183,1.6491273100615933,13.868186467923426,14.309796905590849,2026,3.9848562628336803,16,4,3.2537680315673723,0.8105352591333905,10:05:00,False,False,2.0
