date,equity,cash,shares,spot,call_K,put_K,call_val,put_val
2022-01-03,101396.45229268735,3298.4523360795306,1300,72.05,71.0,68.0,3431.999981403351,7864.999938011169
2022-01-04,101324.9524011678,3298.4523360795306,1300,71.02,71.0,68.0,2619.500058889389,8320.000123977661
2022-01-05,98893.95284090107,3298.4523360795306,1300,63.95,71.0,68.0,344.4999910891056,12805.000495910645
2022-01-06,100434.45258422857,3298.4523360795306,1300,65.51,71.0,68.0,116.9999998062849,12090.000247955322
2022-01-07,96703.45233607953,3298.4523360795306,1300,59.6,,68.0,0.0,15925.0
2022-01-10,96830.85271042427,3412.8523379101384,1300,59.93,71.0,68.0,188.4999994188547,15697.500371932983
2022-01-11,97974.85245646378,3412.8523379101384,1300,63.32,71.0,68.0,299.0000054240227,12545.000123977661
2022-01-12,98403.85221722563,3412.8523379101384,1300,64.5,71.0,68.0,201.49999670684338,11342.499876022339
2022-01-13,96628.94553018801,3412.8523379101384,1300,60.19,71.0,68.0,13.406311811489552,14982.499504089355
2022-01-14,98650.85258586545,3412.8523379101384,1300,64.46,,68.0,0.0,11440.000247955322
2022-01-18,95190.31746021798,3637.8173349811664,1300,55.86,71.0,68.0,110.49999874085188,19045.00012397766
2022-01-19,93077.81758351764,3637.8173349811664,1300,50.77,71.0,68.0,25.999999418854713,23465.000247955322
2022-01-20,91700.17213663484,3637.8173349811664,1300,45.95,71.0,68.0,12.645446301665334,28340.000247955322
2022-01-21,92226.31683907053,3637.8173349811664,1300,43.62,,68.0,0.0,31882.499504089355
2022-01-24,93788.72208688007,3666.222334157393,1300,45.44,71.0,68.0,84.49999932199717,31134.999752044678
2022-01-25,92065.6478854779,3666.222334157393,1300,40.12,71.0,68.0,26.57395276885179,36269.999504089355
2022-01-26,92795.55336239733,3666.222334157393,1300,42.03,71.0,68.0,24.669219715382457,34515.00024795532
2022-01-27,91962.22283006803,3666.222334157393,1300,36.32,71.0,68.0,4.13870191841442e-143,41080.000495910645
2022-01-28,92599.2225821127,3666.222334157393,1300,38.36,,68.0,0.0,39065.00024795532
2022-01-31,92252.92700054136,3664.71906612467,1300,44.68,71.0,68.0,13.292561493961774,30517.500495910645
2022-02-01,92363.65658147706,3664.71906612467,1300,45.86,71.0,68.0,39.06198873697227,29119.999504089355
2022-02-02,92305.8678586933,3664.71906612467,1300,49.28,71.0,68.0,25.351455386696507,24602.500247955322
2022-02-03,92487.21807430338,3664.71906612467,1300,42.65,71.0,68.0,9.506052467031652e-83,33377.49900817871
2022-02-04,92032.21906612467,3664.71906612467,1300,43.35,,68.0,0.0,32012.5
2022-02-07,92386.33956192198,3680.839065575488,1300,43.4,71.0,68.0,19.499999564141035,32305.000495910645
2022-02-08,91997.04402085864,3680.839065575488,1300,46.52,71.0,68.0,12.29529267217405,27852.500247955322
2022-02-09,92243.33956148614,3680.839065575488,1300,51.15,71.0,68.0,1.3500254141231524e-16,22067.500495910645
2022-02-10,92392.83980944146,3680.839065575488,1300,46.34,71.0,68.0,5.958923279419895e-58,28470.000743865967
2022-02-11,91833.83856966483,3680.839065575488,1300,39.41,,68.0,0.0,36919.999504089355
2022-02-14,92402.65791360926,3826.567128610663,1300,39.55,71.0,68.0,51.409215001403865,37212.5
2022-02-15,92228.48427229375,3826.567128610663,1300,46.06,71.0,68.0,238.58285631691191,28762.5
2022-02-16,92188.9349803107,3826.567128610663,1300,46.04,71.0,68.0,24.631900344648233,28534.999752044678
2022-02-17,91936.60685186408,3826.567128610663,1300,40.81,71.0,68.0,205.46027674658168,35262.5
2022-02-18,92220.06712861067,92220.06712861067,0,39.54,,,0.0,0.0
2022-02-22,91676.73143150962,3773.2315991178716,1900,38.61,42.0,39.0,1320.499986410141,15864.99981880188
2022-02-23,89947.7314210341,3773.2315991178716,1900,35.87,42.0,39.0,218.4999968856573,18239.99981880188
2022-02-24,93434.23168858445,3773.2315991178716,1900,39.88,42.0,39.0,741.0000011324883,14630.00009059906
2022-02-25,95771.231780316,3773.2315991178716,1900,41.77,,39.0,0.0,12635.00018119812
2022-02-28,95010.37649642384,7154.376573433038,1900,41.01,42.0,39.0,3457.999986410141,13394.99990940094
2022-03-01,93357.37604003107,7154.376573433038,1900,36.56,42.0,39.0,693.4999898076057,17432.49945640564
2022-03-02,95694.37636279022,7154.376573433038,1900,40.14,42.0,39.0,1453.5000294446945,13727.49981880188
2022-03-03,94221.87675250774,7154.376573433038,1900,37.5,42.0,39.0,142.50000212341547,15960.00018119812
2022-03-04,91827.8771170274,7154.376573433038,1900,34.74,,39.0,0.0,18667.50054359436
2022-03-07,87764.59391120553,3054.593719874629,2000,29.51,42.0,39.0,109.99999940395355,25800.000190734863
2022-03-08,88674.59371883154,3054.593719874629,2000,31.12,42.0,39.0,120.00000104308128,23500.0
2022-03-09,91794.59410104633,3054.593719874629,2000,34.98,42.0,39.0,70.00000029802322,18850.000381469727
2022-03-10,89156.5881522641,3054.593719874629,2000,32.71,42.0,39.0,18.005376875664613,20699.999809265137
2022-03-11,87604.59410134435,3054.593719874629,2000,30.6,,39.0,0.0,23350.000381469727
2022-03-14,85466.09372262389,3136.093721282789,2000,27.82,42.0,39.0,59.99999865889549,26750.0
2022-03-15,87886.09391171962,3136.093721282789,2000,31.51,42.0,39.0,70.00000029802322,21800.000190734863
2022-03-16,91646.09353174001,3136.093721282789,2000,36.39,42.0,39.0,219.9999988079071,15949.999809265137
2022-03-17,91816.09372240037,3136.093721282789,2000,36.99,42.0,39.0,49.99999888241291,14750.0
2022-03-18,93806.09372128278,3136.093721282789,2000,39.21,,39.0,0.0,12250.0
2022-03-21,93389.39395786554,4389.3937528255665,2000,38.92,42.0,39.0,1389.9999856948853,12550.000190734863
2022-03-22,93669.39391256601,4389.3937528255665,2000,39.63,42.0,39.0,1280.0000309944153,11300.000190734863
2022-03-23,91539.39336926967,4389.3937528255665,2000,36.62,42.0,39.0,240.00000208616257,14149.999618530273
2022-03-24,96389.394015086,4389.3937528255665,2000,42.2,42.0,39.0,2199.9999284744263,9800.000190734863
2022-03-25,97789.39375282556,4389.3937528255665,2000,41.95,,39.0,0.0,9500.0
2022-03-28,96875.89361501962,7305.893662703344,2000,42.76,42.0,39.0,4299.999952316284,8349.999904632568
2022-03-29,96875.89351965219,7305.893662703344,2000,45.71,42.0,39.0,8250.0,6399.9998569488525
2022-03-30,96825.89387728006,7305.893662703344,2000,41.31,42.0,39.0,2050.0000715255737,8950.000286102295
2022-03-31,95145.89366389543,7305.893662703344,2000,38.53,42.0,39.0,219.9999988079071,11000.0
2022-04-01,92665.89375807077,7305.893662703344,2000,36.23,,39.0,0.0,12900.000095367432
2022-04-04,93901.12853906733,3590.6285334346935,2100,38.0,42.0,39.0,514.4999943673611,11025.0
2022-04-05,89869.12833527532,3590.6285334346935,2100,32.78,42.0,39.0,94.4999978877604,17534.999799728394
2022-04-06,88451.62833386716,3590.6285334346935,2100,30.45,42.0,39.0,31.499999295920134,20947.499799728394
2022-04-07,88430.6287337063,3590.6285334346935,2100,30.5,42.0,39.0,1.911452360933014e-32,20790.000200271606
2022-04-08,87380.6287337063,3590.6285334346935,2100,28.25,,39.0,0.0,24465.000200271606
2022-04-11,86818.63229063089,3596.823532991123,2100,26.46,42.0,39.0,64.1918431750519,27720.00060081482
2022-04-12,86651.82333271952,3596.823532991123,2100,26.2,42.0,39.0,3.3472516547916845e-35,28034.999799728394
2022-04-13,86987.82373326273,3596.823532991123,2100,28.06,42.0,39.0,8.942311690856467e-52,24465.000200271606
2022-04-14,86441.82333271952,3596.823532991123,2100,25.6,,39.0,0.0,29084.999799728394
2022-04-18,86613.90700008711,3612.1432079963893,2100,27.01,42.0,39.0,21.73640818088739,26302.500200271606
2022-04-19,86656.39051875175,3612.1432079963893,2100,28.78,42.0,39.0,21.251888158204096,22627.499198913574
2022-04-20,86509.64240690996,3612.1432079963893,2100,28.45,42.0,39.0,8.920187009001832e-24,23152.499198913574
2022-04-21,86058.14300772478,3612.1432079963893,2100,26.16,42.0,39.0,2.0617776810879012e-71,27509.999799728394
2022-04-22,86005.64280745317,3612.1432079963893,2100,24.41,,39.0,0.0,31132.499599456787
2022-04-25,86149.49300772478,3598.493207996389,2100,25.71,42.0,39.0,1.3915555166704767e-18,28559.999799728394
2022-04-26,85708.49320799639,3598.493207996389,2100,22.35,42.0,39.0,5.755594762687007e-42,35175.0
2022-04-27,85668.55914949311,3598.493207996389,2100,21.89,42.0,39.0,18.93365796007173,36119.99959945679
2022-04-28,85928.99280745318,3598.493207996389,2100,25.63,42.0,39.0,9.944986383796416e-78,28507.499599456787
2022-04-29,85697.99320799639,3598.493207996389,2100,22.22,,39.0,0.0,35437.5
2022-05-02,86189.19895116243,3608.2773194930674,2100,24.51,42.0,39.0,22.578969145471998,31132.50060081482
2022-05-03,85771.56565666253,3608.2773194930674,2100,25.11,42.0,39.0,20.210861744119168,29452.499198913574
2022-05-04,85887.6575138613,3608.2773194930674,2100,28.04,42.0,39.0,19.620005903380004,23415.000200271606
2022-05-05,86391.8724907754,3608.2773194930674,2100,23.98,42.0,39.0,19.404428174458594,32444.999599456787
2022-05-06,85508.27792030788,3608.2773194930674,2100,23.3,,39.0,0.0,32970.00060081482
2022-05-09,85621.65272008005,3740.632326857931,2100,19.65,42.0,39.0,18.978405148244477,40634.99879837036
2022-05-10,85660.43135919643,3740.632326857931,2100,21.12,42.0,39.0,22.20216929113341,37590.00120162964
2022-05-11,85630.35898963179,3740.632326857931,2100,19.13,42.0,39.0,20.77333722614935,41737.5
2022-05-12,85923.76046769493,3740.632326857931,2100,19.47,42.0,39.0,21.37225970622366,41317.50040054321
2022-05-13,85798.13352848757,3740.632326857931,2100,22.55,,39.0,0.0,34702.50120162964
2022-05-16,85668.98352848756,3726.9823268579307,2100,21.37,42.0,39.0,5.637585839538857e-36,37065.00120162964
2022-05-17,85668.98252712953,3726.9823268579307,2100,24.62,42.0,39.0,6.687965969415167e-30,30240.000200271606
2022-05-18,85752.98232685792,3726.9823268579307,2100,20.81,42.0,39.0,1.9085880513087202e-78,38325.0
2022-05-19,85584.98232685792,3726.9823268579307,2100,20.48,42.0,39.0,2.7538720127028424e-164,38850.0
2022-05-20,85616.48232685793,85616.48232685793,0,20.34,,,0.0,0.0
2022-05-23,85444.10676964391,4174.107070051325,3500,20.63,21.0,19.0,3797.5001335144043,12862.499833106995
2022-05-24,84691.60726823677,4174.107070051325,3500,19.08,21.0,19.0,1399.9999687075615,15137.500166893005
2022-05-25,86231.60715349783,4174.107070051325,3500,20.22,21.0,19.0,2187.5,13475.000083446503
2022-05-26,87474.10727866758,4174.107070051325,3500,22.55,21.0,19.0,6072.499841451645,10447.500050067902
2022-05-27,85689.10691984762,77656.60707005132,0,25.29,,19.0,0.0,8032.499849796295
2022-05-31,86875.26986628641,3435.2699807273248,3200,24.85,25.0,19.0,3407.9999923706055,7327.9998779296875
2022-06-01,85851.27000743021,3435.2699807273248,3200,23.67,25.0,19.0,1264.0000343322754,7936.000061035156
2022-06-02,88987.27005702128,3435.2699807273248,3200,26.26,25.0,19.0,4751.999855041504,6271.999931335449
2022-06-03,87579.2698891746,3435.2699807273248,3200,23.89,,19.0,0.0,7695.999908447266
2022-06-06,89520.84446474352,5321.344366395863,3300,23.89,25.0,19.0,2359.5000118017197,7722.0001101493835
2022-06-07,90494.34452768603,5321.344366395863,3300,24.58,25.0,19.0,2854.4999331235886,6913.500094413757
2022-06-08,88398.84451588431,5321.344366395863,3300,22.91,25.0,19.0,626.9999921321869,8101.500141620636
2022-06-09,84471.84443191999,5321.344366395863,3300,21.04,25.0,19.0,115.49999741837382,9834.000062942505
2022-06-10,79488.84444507399,5321.344366395863,3300,18.75,,19.0,0.0,12292.500078678131
2022-06-13,74293.93015535141,1126.4303206797863,3500,15.5,25.0,19.0,69.99999843537807,18987.499833106995
2022-06-14,74468.93015378679,1126.4303206797863,3500,15.78,25.0,19.0,5.396529089090026e-22,18112.499833106995
2022-06-15,75168.92982000078,1126.4303206797863,3500,16.63,25.0,19.0,4.0977051843630173e-26,15837.499499320984
2022-06-16,71108.92998689378,1126.4303206797863,3500,13.52,25.0,19.0,2.1389056835197594e-120,22662.49966621399
2022-06-17,70881.43032067979,1126.4303206797863,3500,13.68,,19.0,0.0,21875.0
2022-06-21,71959.2551530475,1136.7553199405024,3500,14.81,25.0,19.0,1.0426598065633964e-28,18987.499833106995
2022-06-22,71119.25582061952,1136.7553199405024,3500,14.27,25.0,19.0,6.66672542877213e-50,20037.500500679016
2022-06-23,70664.25531994051,1136.7553199405024,3500,13.99,25.0,19.0,2.156741817247557e-107,20562.5
2022-06-24,72676.75582061952,1136.7553199405024,3500,15.84,,19.0,0.0,16100.000500679016
2022-06-27,72391.50548683351,1114.0053199405027,3500,15.79,25.0,19.0,3.6038694506913477e-16,16012.500166893005
2022-06-28,70991.5051530475,1114.0053199405027,3500,14.54,25.0,19.0,8.207134645137641e-31,18987.499833106995
2022-06-29,70032.25567050978,1114.0053199405027,3500,13.55,25.0,19.0,31.74914875170414,21524.999499320984
2022-06-30,69644.00531994051,1114.0053199405027,3500,13.08,25.0,19.0,1.089538180942333e-133,22750.0
2022-07-01,68576.5051530475,1114.0053199405027,3500,11.6,,19.0,0.0,26862.499833106995
2022-07-05,68571.25565372652,1091.2553199405027,3500,11.88,25.0,19.0,1.427665709229037e-58,25900.00033378601
2022-07-06,68466.25481926149,1091.2553199405027,3500,12.1,25.0,19.0,8.733024371805482e-84,25024.999499320984
2022-07-07,69201.25531994051,1091.2553199405027,3500,13.71,25.0,19.0,5.366666008198276e-115,20125.0
2022-07-08,69201.2551530475,1091.2553199405027,3500,13.91,,19.0,0.0,19424.999833106995
2022-07-11,68671.0051530475,1068.5053199405027,3500,12.89,25.0,19.0,1.487849343264639e-34,22487.499833106995
2022-07-12,68723.50582061952,1068.5053199405027,3500,12.98,25.0,19.0,2.361001980122385e-45,22225.000500679016
2022-07-13,68636.00481926149,1068.5053199405027,3500,13.28,25.0,19.0,1.2843733495903868e-63,21087.499499320984
2022-07-14,69336.0051530475,1068.5053199405027,3500,14.08,25.0,19.0,4.917609253700144e-105,18987.499833106995
2022-07-15,69948.5051530475,1068.5053199405027,3500,15.13,,19.0,0.0,15924.999833106995
2022-07-18,69709.98048461566,1144.980317722651,3500,14.89,25.0,19.0,7.930582735705385e-21,16450.000166893005
2022-07-19,72106.19721807077,1144.980317722651,3500,16.96,25.0,19.0,36.2832665448873,11637.500166893005
2022-07-20,74224.98020089754,1144.980317722651,3500,18.22,25.0,19.0,2.0877202868960073e-15,9309.999883174896
2022-07-21,75500.23591450235,1144.980317722651,3500,19.08,25.0,19.0,37.244653559818985,7612.500250339508
2022-07-22,72789.98040116916,1144.980317722651,3500,17.62,,19.0,0.0,9975.000083446503
2022-07-25,71942.80553394376,1155.3053169833672,3500,17.29,25.0,19.0,5.134526086308359e-10,10272.500216960907
2022-07-26,70630.30548387636,1155.3053169833672,3500,16.4,25.0,19.0,2.5265614674202026e-18,12075.000166893005
2022-07-27,74060.30501657596,1155.3053169833672,3500,18.74,25.0,19.0,1.2540640972152308e-12,7314.99969959259
2022-07-28,74900.30527526012,1155.3053169833672,3500,19.37,25.0,19.0,1.9618636062311322e-20,5949.999958276749
2022-07-29,75635.30530863872,1155.3053169833672,3500,19.84,,19.0,0.0,5039.99999165535
2022-08-01,76059.85521662852,1264.8553140262318,3500,20.0,25.0,19.0,122.49999726191163,4917.499899864197
2022-08-02,75832.35534101597,1264.8553140262318,3500,19.9,25.0,19.0,87.4999980442226,5005.000025033951
2022-08-03,79402.35530307388,1264.8553140262318,3500,21.56,25.0,19.0,69.99999843537807,2747.4999874830246
2022-08-04,80872.35533606133,1264.8553140262318,3500,22.11,25.0,19.0,52.499998826533556,2275.0000208616257
2022-08-05,78964.85530150926,1264.8553140262318,3500,21.54,,19.0,0.0,2309.9999874830246
2022-08-08,76101.50538547209,1639.0053051548255,3500,20.51,25.0,19.0,192.49999895691872,2870.0000792741776
2022-08-09,70554.0051895032,1639.0053051548255,3500,17.67,25.0,19.0,52.499998826533556,7122.499883174896
2022-08-10,74208.19587894196,1639.0053051548255,3500,19.97,25.0,19.0,38.309447074502344,2712.5000208616257
2022-08-11,73651.50522588065,1639.0053051548255,3500,19.77,25.0,19.0,3.4701671187119284e-17,2817.4999207258224
2022-08-12,78131.50528846553,1639.0053051548255,3500,21.6,,19.0,0.0,892.4999833106995
2022-08-15,78369.50531477726,1947.0053100833845,3500,21.77,25.0,19.0,262.4999973922968,490.00000208616257
2022-08-16,76199.50530682376,1947.0053100833845,3500,21.09,25.0,19.0,87.4999980442226,524.9999947845936
2022-08-17,71632.00528205058,1947.0053100833845,3500,19.51,25.0,19.0,52.499998826533556,1452.499970793724
2022-08-18,75285.29680714822,1947.0053100833845,3500,20.92,25.0,19.0,39.20850267440127,157.49999973922968
2022-08-19,68972.00531008339,1947.0053100833845,3500,19.15,,,0.0,0.0
2022-08-22,62468.93386193028,163.6251532444914,3200,16.98,25.0,15.0,30.691291314214908,8000.0
2022-08-23,63155.62524479723,163.6251532444914,3200,17.34,25.0,15.0,1.34471238027153e-13,7504.000091552734
2022-08-24,63123.62504643297,163.6251532444914,3200,17.39,25.0,15.0,1.3724688842967134e-20,7311.999893188477
2022-08-25,67795.62517613267,163.6251532444914,3200,19.33,25.0,15.0,8.144200228159871e-21,5776.000022888184
2022-08-26,59875.625305832385,163.6251532444914,3200,15.96,,15.0,0.0,8640.00015258789
2022-08-29,57726.82519902086,142.82515324449193,3200,15.01,25.0,15.0,3.380462155176006e-20,9552.000045776367
2022-08-30,57022.82507695055,142.82515324449193,3200,14.5,25.0,15.0,3.582470967878902e-31,10479.999923706055
2022-08-31,55774.82515324449,142.82515324449193,3200,14.01,25.0,15.0,2.705212118852575e-53,10800.0
2022-09-01,54654.82530583238,142.82515324449193,3200,13.21,25.0,15.0,1.1072646490839606e-129,12240.00015258789
2022-09-02,53726.8250006566,142.82515324449193,3200,12.82,,15.0,0.0,12559.99984741211
2022-09-06,53034.02515324449,122.02515324449193,3200,12.41,25.0,15.0,6.85952199424589e-52,13200.0
2022-09-07,53594.02530583238,122.02515324449193,3200,13.01,25.0,15.0,7.122905514816425e-68,11840.00015258789
2022-09-08,54698.02515324449,122.02515324449193,3200,13.68,25.0,15.0,7.101761483159199e-116,10800.0
2022-09-09,56042.02498539781,122.02515324449193,3200,14.67,,15.0,0.0,8975.99983215332
2022-09-12,56275.46513730979,131.46515256857526,3200,14.79,25.0,15.0,1.955971997532392e-21,8815.999984741211
2022-09-13,52083.464999980686,131.46515256857526,3200,12.06,25.0,15.0,2.994582154325647e-56,13359.99984741211
2022-09-14,52579.46507627463,131.46515256857526,3200,12.49,25.0,15.0,1.2139193614493193e-76,12479.999923706055
2022-09-15,51619.46530515647,131.46515256857526,3200,11.89,25.0,15.0,6.327615187084792e-176,13440.00015258789
2022-09-16,51843.464847392795,131.46515256857526,3200,12.06,,15.0,0.0,13119.999694824219
2022-09-19,52046.665305156464,110.66515256857527,3200,12.28,25.0,15.0,6.154234837132131e-40,12640.00015258789
2022-09-20,51088.96871223343,110.66515256857527,3200,11.69,25.0,15.0,29.69644033514345,13600.0
2022-09-21,50545.56225532127,110.66515256857527,3200,11.38,25.0,15.0,61.10320242308678,14080.000305175781
2022-09-22,49694.665305156464,110.66515256857527,3200,10.42,25.0,15.0,8.521337644021962e-244,16240.00015258789
2022-09-23,49582.665152568574,110.66515256857527,3200,9.96,,15.0,0.0,17600.0
2022-09-26,49065.8646948049,89.86515256857527,3200,9.53,25.0,15.0,6.68681395815607e-74,18479.999542236328
2022-09-27,49351.38288930722,89.86515256857527,3200,9.83,25.0,15.0,34.482415849245825,17840.00015258789
2022-09-28,49289.86499998068,89.86515256857527,3200,10.2,25.0,15.0,5.893335798570039e-128,16559.99984741211
2022-09-29,48857.86515256857,89.86515256857527,3200,9.24,25.0,15.0,0.0,19200.0
2022-09-30,48553.86515256857,89.86515256857527,3200,8.77,,15.0,0.0,20400.0
2022-10-03,48931.304999304775,99.3051518926586,3200,9.71,25.0,15.0,4.7611947443400895e-71,17759.99984741211
2022-10-04,49776.65194773342,99.3051518926586,3200,11.06,25.0,15.0,34.65366192290888,14320.000457763672
2022-10-05,50086.23795515144,99.3051518926586,3200,11.38,25.0,15.0,29.06719674121847,13600.0
2022-10-06,49907.501333318214,99.3051518926586,3200,11.15,25.0,15.0,31.80366598655646,14159.99984741211
2022-10-07,48691.30469412899,99.3051518926586,3200,9.16,,15.0,0.0,19279.999542236328
2022-10-10,48294.92783391367,212.4640870356208,3200,8.22,25.0,15.0,61.53564277038881,21839.999389648438
2022-10-11,48408.189850261115,212.4640870356208,3200,7.53,25.0,15.0,60.274084186609755,24159.99984741211
2022-10-12,48404.46408703562,212.4640870356208,3200,7.31,25.0,15.0,1.4753927595279645e-240,24800.0
2022-10-13,48484.46408703562,212.4640870356208,3200,7.96,25.0,15.0,0.0,22800.0
2022-10-14,48324.46408703562,212.4640870356208,3200,6.91,,15.0,0.0,26000.0
2022-10-17,48383.66423962351,191.66408703562078,3200,7.36,25.0,15.0,6.152419074651095e-119,24640.00015258789
2022-10-18,48335.66408703562,191.66408703562078,3200,7.42,25.0,15.0,1.5702368017960891e-156,24400.0
2022-10-19,48287.66423962351,191.66408703562078,3200,7.58,25.0,15.0,1.352110544624619e-226,23840.00015258789
2022-10-20,48207.66362927195,191.66408703562078,3200,7.73,25.0,15.0,0.0,23279.999542236328
2022-10-21,48431.66454479929,191.66408703562078,3200,8.6,,15.0,0.0,20720.000457763672
2022-10-24,48330.86454479929,170.86408703562077,3200,8.7,25.0,15.0,1.3970966676548136e-88,20320.000457763672
2022-10-25,48314.863629271946,170.86408703562077,3200,9.27,25.0,15.0,2.0764907666285018e-104,18479.999542236328
2022-10-26,48298.86393444773,170.86408703562077,3200,8.99,25.0,15.0,1.661576177821961e-166,19359.99984741211
2022-10-27,48234.86408703562,170.86408703562077,3200,8.52,25.0,15.0,0.0,20800.0
2022-10-28,48394.86393444773,170.86408703562077,3200,9.52,,15.0,0.0,17759.99984741211
2022-10-31,48442.384114387,1450.3841086649543,3200,8.89,9.5,15.0,1055.999994277954,19600.0
2022-11-01,48170.38413918253,1450.3841086649543,3200,9.11,9.5,15.0,1231.9999694824219,18800.0
2022-11-02,49050.384571435425,1450.3841086649543,3200,8.22,9.5,15.0,223.99999499320984,21520.000457763672
2022-11-03,49370.38456750151,1450.3841086649543,3200,7.89,9.5,15.0,47.999998927116394,22720.000457763672
2022-11-04,49514.384108664955,1450.3841086649543,3200,9.02,,15.0,0.0,19200.0
2022-11-07,48692.623702838384,2820.6241338991767,3200,9.6,9.5,15.0,2127.999973297119,17279.999542236328
2022-11-08,47620.62427122828,2820.6241338991767,3200,10.17,9.5,15.0,3184.000015258789,15440.00015258789
2022-11-09,49524.62367422816,2820.6241338991767,3200,9.21,9.5,15.0,1248.0000019073486,18479.999542236328
2022-11-10,42772.624133899175,2820.6241338991767,3200,12.11,9.5,15.0,8352.000045776367,9552.000045776367
2022-11-11,39572.62397368189,33204.624133899175,0,13.19,,15.0,0.0,6367.999839782715
2022-11-14,40338.65411291357,2287.654112913571,2600,12.76,13.5,15.0,987.9999876022339,5862.999987602234
2022-11-15,39753.65416560408,2287.654112913571,2600,13.9,13.5,15.0,2378.9999783039093,3705.0000309944153
2022-11-16,40871.65409354206,2287.654112913571,2600,12.09,13.5,15.0,350.9999945759773,7500.999975204468
2022-11-17,41326.654125505054,2287.654112913571,2600,12.44,13.5,15.0,116.9999998062849,6812.000012397766
2022-11-18,41274.65411291357,41274.65411291357,0,12.5,,,0.0,0.0
2022-11-21,40857.71955825838,1084.2196217820324,2900,11.86,13.0,11.0,304.500001296401,5683.999937772751
2022-11-22,42293.21966845247,1084.2196217820324,2900,12.93,13.0,11.0,928.0000224709511,4640.000069141388
2022-11-23,42713.719623510566,1084.2196217820324,2900,13.34,13.0,11.0,1246.999977529049,4190.499979257584
2022-11-25,42728.21956646892,1084.2196217820324,2900,12.84,,11.0,0.0,4407.99994468689
2022-11-28,41479.18952795717,2271.1896152481713,2900,11.84,13.0,11.0,478.49999740719795,5350.499910116196
2022-11-29,41305.1896489546,2271.1896152481713,2900,11.73,13.0,11.0,391.49999395012856,5408.500027656555
2022-11-30,43219.18973278853,2271.1896152481713,2900,13.85,13.0,11.0,2943.4999585151672,3726.5000760555267
2022-12-01,43306.18963599059,2271.1896152481713,2900,13.47,13.0,11.0,1972.0000207424164,3944.0000414848328
2022-12-02,44074.68966364714,39956.68961524817,0,13.03,,11.0,0.0,4118.000048398972
2022-12-05,43590.29878474484,1875.2988366008785,3000,12.59,13.5,11.0,614.999994635582,4559.999942779541
2022-12-06,42270.298873257736,1875.2988366008785,3000,11.72,13.5,11.0,164.99999910593033,5400.000035762787
2022-12-07,42255.29873881201,1875.2988366008785,3000,11.71,13.5,11.0,104.99999765306711,5354.999899864197
2022-12-08,44145.298852470616,1875.2988366008785,3000,12.66,13.5,11.0,194.99999843537807,4485.000014305115
2022-12-09,43545.29878653298,1875.2988366008785,3000,12.31,,11.0,0.0,4739.999949932098
2022-12-12,43959.79423575174,1613.794339225405,3100,13.0,13.5,11.0,2294.000029563904,4339.9999260902405
2022-12-13,44982.79441313516,1613.794339225405,3100,13.64,13.5,11.0,2557.4999630451202,3642.5000369548798
2022-12-14,44796.79431890022,1613.794339225405,3100,12.97,13.5,11.0,899.0000203251839,3875.0
2022-12-15,42270.29434026476,1613.794339225405,3100,11.38,13.5,11.0,46.49999896064401,5425.0
2022-12-16,41696.79428748857,1613.794339225405,3100,11.1,,11.0,0.0,5672.999948263168
2022-12-19,40827.11160189681,411.1116847472629,3200,10.68,13.5,11.0,47.999998927116394,6287.99991607666
2022-12-20,40139.11168582015,411.1116847472629,3200,10.43,13.5,11.0,47.999998927116394,6400.0
2022-12-21,41435.111566285916,411.1116847472629,3200,11.17,13.5,11.0,4.216740641910488e-05,5279.999923706055
2022-12-22,39115.11145586542,411.1116847472629,3200,9.77,13.5,11.0,1.828785277699179e-33,7439.999771118164
2022-12-23,38971.111593194524,411.1116847472629,3200,9.77,,11.0,0.0,7295.999908447266
2022-12-27,38100.5516077774,420.55168407134624,3200,9.25,13.5,11.0,7.451226944457101e-15,8079.999923706055
2022-12-28,37700.551562001034,420.55168407134624,3200,8.86,13.5,11.0,3.20625148285929e-28,8927.999877929688
2022-12-29,38628.55174510651,420.55168407134624,3200,9.71,13.5,11.0,9.333343985373736e-35,7136.000061035156
2022-12-30,38676.5516077774,420.55168407134624,3200,9.68,,11.0,0.0,7279.999923706055
2023-01-03,37983.75162303867,399.7516840738229,3200,9.35,13.5,11.0,5.5576100462060366e-14,7663.999938964844
2023-01-04,39055.75161540927,399.7516840738229,3200,10.12,13.5,11.0,6.244916372238627e-13,6271.999931335449
2023-01-05,38129.52195894401,399.7516840738229,3200,9.56,13.5,11.0,30.229755647389744,7168.000030517578
2023-01-06,40111.75162303867,399.7516840738229,3200,10.89,,11.0,0.0,4863.999938964844
2023-01-09,41749.991680459396,1013.9916642469339,3200,11.54,13.5,11.0,383.99999141693115,4192.0000076293945
2023-01-10,42405.9917062086,1013.9916642469339,3200,11.98,13.5,11.0,496.00000381469727,3552.000045776367
2023-01-11,43077.991669015304,1013.9916642469339,3200,12.42,13.5,11.0,783.9999914169312,3103.9999961853027
2023-01-12,44341.991685704605,1013.9916642469339,3200,12.84,13.5,11.0,239.9999976158142,2480.0000190734863
2023-01-13,44613.99173291148,1013.9916642469339,3200,12.96,,11.0,0.0,2128.000068664551
2023-01-17,45312.231637982746,2384.231689481156,3200,13.07,13.5,11.0,832.0000171661377,1935.9999656677246
2023-01-18,45120.23166611614,2384.231689481156,3200,12.82,13.5,11.0,415.9999966621399,2127.999973297119
2023-01-19,42962.40713716654,2384.231689481156,3200,11.75,13.5,11.0,29.82454468522402,3007.9999923706055
2023-01-20,45392.23167040767,2384.231689481156,3200,12.84,,11.0,0.0,1919.9999809265137
2023-01-23,48414.11567677678,3583.6157652896813,3300,14.76,13.5,11.0,4834.5001101493835,957.000021636486
2023-01-24,48480.115840033905,3583.6157652896813,3300,14.41,13.5,11.0,3794.999921321869,1138.4999960660934
2023-01-25,48694.615798727886,3583.6157652896813,3300,14.54,13.5,11.0,3926.999992132187,1056.0000255703926
2023-01-26,48694.615728901044,3583.6157652896813,3300,15.26,13.5,11.0,5956.500023603439,709.4999872148037
2023-01-27,48843.11576135577,48117.11576528968,0,14.96,,11.0,0.0,725.9999960660934
2023-01-30,47873.24578562798,2481.7457875949303,3300,13.77,15.0,11.0,1138.4999960660934,1088.9999940991402
2023-01-31,49341.74583185138,2481.7457875949303,3300,14.55,15.0,11.0,1897.4999606609344,742.5000049173832
2023-02-01,51767.24583750637,2481.7457875949303,3300,16.82,15.0,11.0,6451.499944925308,230.99999483674765
2023-02-02,52097.24603948789,2481.7457875949303,3300,17.95,15.0,11.0,9751.49974822998,132.00000012293458
2023-02-03,52146.74578661146,51965.24578759493,0,16.91,,11.0,0.0,181.49999901652336
2023-02-06,51475.74068891453,2278.740703927446,3100,16.07,17.5,11.0,806.0000166296959,186.000001616776
2023-02-07,54746.240705890676,2278.740703927446,3100,17.62,17.5,11.0,2231.999996304512,77.49999826774001
2023-02-08,52808.74069480421,2278.740703927446,3100,16.46,17.5,11.0,573.500007390976,77.49999826774001
2023-02-09,53428.74070080937,2278.740703927446,3100,16.58,17.5,11.0,325.500001385808,77.49999826774001
2023-02-10,51227.740701848736,2278.740703927446,3100,15.76,,11.0,0.0,92.99999792128801
2023-02-13,52931.05375125511,1939.0537256251089,3200,16.46,17.5,11.0,1727.9999732971191,47.999998927116394
2023-02-14,55539.053744698605,1939.0537256251089,3200,17.35,17.5,11.0,1919.9999809265137,8.093006550333128e-22
2023-02-15,56659.053712273664,1939.0537256251089,3200,17.58,17.5,11.0,1536.0000133514404,5.288002407498028e-35
2023-02-16,53891.05372586353,1939.0537256251089,3200,16.28,17.5,11.0,143.99999976158142,3.4578107498625e-49
2023-02-17,51507.05372562511,1939.0537256251089,3200,15.49,,,0.0,0.0
2023-02-21,47812.600990414154,1021.1007405328568,2900,13.99,17.5,13.0,43.49999902769923,6264.000248908997
2023-02-22,47305.100961769625,1021.1007405328568,2900,13.79,17.5,13.0,1.567104794461534e-08,6293.000221252441
2023-02-23,49741.10073147517,1021.1007405328568,2900,15.11,17.5,13.0,2.1435462433810137e-06,4900.999993085861
2023-02-24,48102.600692133885,1021.1007405328568,2900,14.28,,13.0,0.0,5669.499951601028
2023-02-27,48497.87085032938,1111.8707380826588,2900,14.53,17.5,13.0,72.49999837949872,5321.500110626221
2023-02-28,48613.87075288324,1111.8707380826588,2900,14.65,17.5,13.0,43.49999902769923,5060.500013828278
2023-03-01,48802.37033290338,1111.8707380826588,2900,14.69,17.5,13.0,0.0003913509991637074,5089.499986171722
2023-03-02,49367.87075137307,1111.8707380826588,2900,15.02,17.5,13.0,5.378670425609524e-07,4698.000013828278
2023-03-03,50629.370710426105,1111.8707380826588,2900,15.69,,13.0,0.0,4016.499972343445
2023-03-06,49486.19068980469,1476.690739716124,2900,15.16,17.5,13.0,174.00000151246786,4219.499951601028
2023-03-07,48616.190810478016,1476.690739716124,2900,14.68,17.5,13.0,72.49999837949872,4640.000069141388
2023-03-08,51023.19077515109,1476.690739716124,2900,15.84,17.5,13.0,159.49999913573265,3770.000034570694
2023-03-09,49268.69079600154,1476.690739716124,2900,14.89,17.5,13.0,43.49999902769923,4654.50005531311
2023-03-10,47731.69081577165,1476.690739716124,2900,14.04,,13.0,0.0,5539.000076055527
2023-03-13,47675.86579339793,1594.8657417579557,2900,14.02,17.5,13.0,144.99999675899744,5568.000048398972
2023-03-14,50213.36579004889,1594.8657417579557,2900,15.26,17.5,13.0,116.00000010803342,4480.500048398972
2023-03-15,49285.36570156952,1594.8657417579557,2900,14.7,17.5,13.0,57.999998703598976,5118.499958515167
2023-03-16,52591.365668943436,1594.8657417579557,2900,16.42,17.5,13.0,144.99999675899744,3523.4999239444733
2023-03-17,52417.3658039852,1594.8657417579557,2900,16.11,,13.0,0.0,4103.500062227249
2023-03-20,53011.430742345656,2754.4307613595392,2900,16.62,17.5,13.0,1377.5000259280205,3436.500006914139
2023-03-21,53141.93081494411,2754.4307613595392,2900,16.66,17.5,13.0,1131.0000017285347,3204.5000553131104
2023-03-22,52750.43084044,2754.4307613595392,2900,16.21,17.5,13.0,376.9999969750643,3364.0000760555267
2023-03-23,55041.43076481661,2754.4307613595392,2900,17.5,17.5,13.0,1290.4999792575836,2827.499982714653
2023-03-24,54084.43089272817,2754.4307613595392,2900,16.56,,13.0,0.0,3306.000131368637
2023-03-27,52927.15474348506,2122.1547551079657,3000,15.97,17.5,13.0,480.00001162290573,3375.0
2023-03-28,52252.15484898528,2122.1547551079657,3000,15.61,17.5,13.0,164.99999910593033,3465.000092983246
2023-03-29,55042.15468179425,2122.1547551079657,3000,17.13,17.5,13.0,885.000005364418,2414.999932050705
2023-03-30,56122.15479087075,2122.1547551079657,3000,17.95,17.5,13.0,1860.0000143051147,2010.0000500679016
2023-03-31,56347.15479444703,54607.154755107964,0,18.28,,13.0,0.0,1740.0000393390656
2023-04-03,56676.554769717055,2256.5547652467067,3000,17.79,18.5,13.0,734.999991953373,1784.9999964237213
2023-04-04,54711.55479620387,2256.5547652467067,3000,16.78,18.5,13.0,104.99999765306711,2220.0000286102295
2023-04-05,52611.55482523287,2256.5547652467067,3000,15.9,18.5,13.0,8.105679884862557e-07,2655.0000607967377
2023-04-06,51876.55475094159,2256.5547652467067,3000,15.66,,13.0,0.0,2639.9999856948853
2023-04-10,53653.0387778948,736.0387688870454,3100,16.45,18.5,13.0,201.499998383224,2123.500007390976
2023-04-11,53048.53882674453,736.0387688870454,3100,16.21,18.5,13.0,108.49999757483602,2170.0000554323196
2023-04-12,50770.03873666701,736.0387688870454,3100,15.3,18.5,13.0,46.49999896064401,2650.499966740608
2023-04-13,51529.53880950921,736.0387688870454,3100,15.68,18.5,13.0,2.8200195146606415e-08,2185.5000406503677
2023-04-14,51064.538772582535,736.0387688870454,3100,15.58,,13.0,0.0,2030.500003695488
2023-04-17,50870.478764921325,774.4787675774569,3100,15.58,18.5,13.0,46.49999896064401,1844.499996304512
2023-04-18,51242.47872427096,774.4787675774569,3100,15.78,18.5,13.0,46.49999896064401,1596.4999556541443
2023-04-19,49816.47871337106,774.4787675774569,3100,15.25,18.5,13.0,3.2033467275587625e-05,1766.9999778270721
2023-04-20,49769.978793445865,774.4787675774569,3100,15.22,18.5,13.0,8.063357241929693e-12,1813.5000258684158
2023-04-21,48684.978734318065,774.4787675774569,3100,14.85,,13.0,0.0,1875.4999667406082
2023-04-24,48058.6212511448,783.6237669226626,3100,14.66,18.5,13.0,0.002526864322320902,1829.000011086464
2023-04-25,45098.12379648655,783.6237669226626,3100,13.18,18.5,13.0,1.1140247245217328e-11,3456.500029563904
2023-04-26,45346.12371888132,783.6237669226626,3100,13.39,18.5,13.0,2.611135984960278e-16,3053.4999519586563
2023-04-27,45330.623778009125,783.6237669226626,3100,13.53,18.5,13.0,3.4297913731829943e-31,2604.000011086464
2023-04-28,46648.1237558362,783.6237669226626,3100,14.26,,13.0,0.0,1658.499988913536
2023-05-01,47447.766529929024,792.7687662678684,3100,14.64,18.5,13.0,0.002225252375581002,1270.999988913536
2023-05-02,46750.26873134194,792.7687662678684,3100,14.33,18.5,13.0,3.5142783620832236e-06,1534.4999685883522
2023-05-03,45603.268766267865,792.7687662678684,3100,13.83,18.5,13.0,4.5436088805537666e-13,1937.5
2023-05-04,45075.57656872969,792.7687662678684,3100,13.59,18.5,13.0,31.692238188544714,2185.5000406503677
2023-05-05,46688.26875887689,792.7687662678684,3100,14.49,,13.0,0.0,976.499992609024
2023-05-08,46916.117239697545,772.6197619425058,3100,14.66,18.5,13.0,0.002526864322320902,697.50000461936
2023-05-09,45087.11976187962,772.6197619425058,3100,13.92,18.5,13.0,6.288309615516943e-08,1162.5
2023-05-10,45815.61976471351,772.6197619425058,3100,14.32,18.5,13.0,6.12462672576579e-10,651.000002771616
2023-05-11,45071.61976840961,772.6197619425058,3100,14.05,18.5,13.0,4.790141057843561e-24,744.000006467104
2023-05-12,44730.61976748574,772.6197619425058,3100,14.01,,13.0,0.0,527.000005543232
2023-05-15,47763.93035679952,752.4704064501789,3100,15.13,18.5,13.0,0.04004722549447841,108.49999757483602
2023-05-16,47469.4691969833,752.4704064501789,3100,15.04,18.5,13.0,0.0012073881683786131,92.99999792128801
2023-05-17,50925.90206948892,752.4704064501789,3100,16.17,18.5,13.0,0.06833592191072434,46.49999896064401
2023-05-18,55281.470406912114,752.4704064501789,3100,17.68,18.5,13.0,278.999999538064,3.509213425591958e-30
2023-05-19,54599.47040645018,752.4704064501789,3100,17.37,,,0.0,0.0
2023-05-22,54840.18635821476,1052.1863532079728,2800,17.54,18.5,16.0,755.9999883174896,5431.99999332428
2023-05-23,54056.186298550514,1052.1863532079728,2800,16.89,18.5,16.0,294.00000125169754,6005.999946594238
2023-05-24,52768.18638178841,1052.1863532079728,2800,16.01,18.5,16.0,83.99999812245369,6972.000026702881
2023-05-25,57150.18632316723,1052.1863532079728,2800,19.18,18.5,16.0,2520.0000166893005,4913.99998664856
2023-05-26,56394.18646669522,52838.18635320797,0,22.91,,16.0,0.0,3556.0001134872437
2023-05-30,55052.78629975453,3077.786265660671,2200,22.86,24.5,16.0,1033.9999973773956,2717.0000314712524
2023-05-31,52423.78635237053,3077.786265660671,2200,21.11,24.5,16.0,165.0000024586916,3069.0000891685486
2023-06-01,54084.7862532033,3077.786265660671,2200,22.14,24.5,16.0,187.00000196695328,2485.9999895095825
2023-06-02,53798.78619222775,3077.786265660671,2200,22.02,,16.0,0.0,2276.9999265670776
2023-06-05,51693.556357116846,1128.0562577261005,2300,20.96,24.5,16.0,126.49999931454659,2484.0000987052917
2023-06-06,53085.05628582969,1128.0562577261005,2300,21.72,24.5,16.0,126.49999931454659,2127.5000274181366
2023-06-07,52970.056311619875,1128.0562577261005,2300,21.63,24.5,16.0,80.49999820068479,2173.5000520944595
2023-06-08,54143.056228851376,1128.0562577261005,2300,22.28,24.5,16.0,57.49999871477485,1828.4999698400497
2023-06-09,54476.556271435176,1128.0562577261005,2300,22.42,,16.0,0.0,1782.5000137090683
2023-06-12,58120.7912001206,2656.29121108785,2300,24.61,24.5,16.0,2587.5,1448.9999890327454
2023-06-13,59063.79118229881,2656.29121108785,2300,25.59,24.5,16.0,3588.0000054836273,1138.499976694584
2023-06-14,59983.79124398962,2656.29121108785,2300,26.69,24.5,16.0,5209.499967098236,1150.0
2023-06-15,59972.29110552803,2656.29121108785,2300,25.95,24.5,16.0,3519.000071287155,1149.9999657273293
2023-06-16,60213.791179556996,58994.79121108785,0,25.18,,16.0,0.0,1218.999968469143
2023-06-20,60146.97619646028,3141.4762033148118,2300,24.61,26.0,16.0,678.5000041127205,1080.9999972581863
2023-06-21,56765.97616621465,3141.4762033148118,2300,22.76,26.0,16.0,57.49999871477485,1333.9999616146088
2023-06-22,57513.47621779502,3141.4762033148118,2300,23.13,26.0,16.0,34.49999922886491,1207.5000137090683
2023-06-23,54845.47614573673,3141.4762033148118,2300,21.86,,16.0,0.0,1425.9999424219131
2023-06-26,55251.915220914634,951.9152104540177,2400,22.07,26.0,16.0,83.99999812245369,1416.0000085830688
2023-06-27,60003.915211169275,951.9152104540177,2400,24.41,26.0,16.0,456.00001215934753,924.0000128746033
2023-06-28,58827.91518416837,951.9152104540177,2400,23.75,26.0,16.0,167.99999624490738,1043.999969959259
2023-06-29,59067.91520267561,951.9152104540177,2400,23.82,26.0,16.0,35.999999195337296,983.9999914169312
2023-06-30,61335.915226189645,951.9152104540177,2400,24.87,,16.0,0.0,696.0000157356262
2023-07-03,62587.51524757579,1843.5152239723511,2400,25.5,26.0,16.0,1067.9999828338623,612.0000064373016
2023-07-05,59707.51523130372,1843.5152239723511,2400,23.83,26.0,16.0,107.99999982118607,780.0000071525574
2023-07-06,57895.51490479003,1843.5152239723511,2400,22.96,26.0,16.0,0.0003091687484927942,947.9999899864197
2023-07-07,57823.515223972354,1843.5152239723511,2400,22.95,,16.0,0.0,900.0
2023-07-10,60720.075220034865,2100.075217889101,2400,24.34,26.0,16.0,456.00001215934753,660.0000143051147
2023-07-11,60768.07520215347,2100.075217889101,2400,24.36,26.0,16.0,444.0000057220459,647.9999899864197
2023-07-12,63312.07522718742,2100.075217889101,2400,25.72,26.0,16.0,947.9999899864197,431.99999928474426
2023-07-13,64608.075233267096,2100.075217889101,2400,27.29,26.0,16.0,3311.999988555908,324.00000393390656
2023-07-14,64872.07522718742,64488.0752178891,0,26.27,,16.0,0.0,384.0000092983246
2023-07-17,66448.03521354034,2644.0352557404317,2400,28.09,27.0,16.0,3852.000045776367,240.0000035762787
2023-07-18,66784.03524536922,2644.0352557404317,2400,28.24,27.0,16.0,3888.000011444092,252.0000010728836
2023-07-19,66184.03528327777,2644.0352557404317,2400,27.28,27.0,16.0,2207.9999685287476,275.99999606609344
2023-07-20,61204.03525493578,2644.0352557404317,2400,24.26,27.0,16.0,59.99999865889549,395.9999978542328
2023-07-21,62848.03525466755,2644.0352557404317,2400,24.94,,16.0,0.0,347.9999989271164
2023-07-24,62613.426245735434,713.4262431277313,2500,24.89,27.0,16.0,587.4999985098839,262.5000011175871
2023-07-25,65050.92626976357,713.4262431277313,2500,26.17,27.0,16.0,1274.999976158142,187.50000279396772
2023-07-26,63300.92624107882,713.4262431277313,2500,25.04,27.0,16.0,200.0000048428774,187.50000279396772
2023-07-27,66288.42624145135,713.4262431277313,2500,26.45,27.0,16.0,700.0000029802322,150.0000013038516
2023-07-28,68288.42624117195,68200.92624312773,0,28.17,,16.0,0.0,87.4999980442226
2023-07-31,68636.20017979354,2036.2002160033562,2400,28.45,29.0,16.0,1764.0000343322754,83.99999812245369
2023-08-01,68936.2002461335,2036.2002160033562,2400,28.52,29.0,16.0,1607.9999685287476,59.99999865889549
2023-08-02,62684.20021716565,2036.2002160033562,2400,25.25,29.0,16.0,83.99999812245369,131.99999928474426
2023-08-03,62384.200210754156,2036.2002160033562,2400,25.1,29.0,16.0,5.070386438319838e-06,107.99999982118607
2023-08-04,61856.20021412581,2036.2002160033562,2400,24.89,,16.0,0.0,83.99999812245369
2023-08-07,63739.36021658986,2179.360216679273,2400,25.69,29.0,16.0,155.99999874830246,59.99999865889549
2023-08-08,60823.360215874614,2179.360216679273,2400,24.42,29.0,16.0,35.999999195337296,71.99999839067459
2023-08-09,57583.36021587461,2179.360216679273,2400,23.07,29.0,16.0,47.999998927116394,83.99999812245369
2023-08-10,56911.360215338165,2179.360216679273,2400,22.78,29.0,16.0,2.538399129262419e-18,59.99999865889549
2023-08-11,53047.36021480172,2179.360216679273,2400,21.16,,16.0,0.0,83.99999812245369
2023-08-14,57264.217989882265,2186.4402161723356,2400,22.94,29.0,16.0,0.0026014091163455567,21.780375119054884
2023-08-15,54389.27738112523,2186.4402161723356,2400,21.76,29.0,16.0,21.162835048718254,1.6036622135786045e-09
2023-08-16,51338.44021617518,2186.4402161723356,2400,20.48,29.0,16.0,6.612468121942455e-19,2.8421533994169163e-09
2023-08-17,49948.47022134634,2186.4402161723356,2400,19.89,29.0,16.0,2.533788295137702e-45,26.030005174004557
2023-08-18,50618.440216172334,2186.4402161723356,2400,20.18,,,0.0,0.0
2023-08-21,53798.27832683664,2054.2782760646555,2100,21.93,29.0,20.0,31.499999295920134,5722.500050067902
2023-08-22,52926.778206673676,2054.2782760646555,2100,21.33,29.0,20.0,31.499999295920134,6110.999929904938
2023-08-23,54795.77831729245,2054.2782760646555,2100,22.66,29.0,20.0,52.499998826533556,5208.000040054321
2023-08-24,51530.27822599676,2054.2782760646555,2100,20.41,29.0,20.0,2.3421860317959325e-39,6614.999949932098
2023-08-25,51635.27833614614,2054.2782760646555,2100,20.64,,20.0,0.0,6237.000060081482
2023-08-28,52449.97335414122,2060.473275621085,2100,21.41,29.0,20.0,1.5885105810403163e-06,5428.500080108643
2023-08-29,54833.47307744577,2060.473275621085,2100,23.09,29.0,20.0,0.00011806667527032103,4283.999919891357
2023-08-30,55116.973294490526,2060.473275621085,2100,23.4,29.0,20.0,1.157722323883166e-06,3916.5000200271606
2023-08-31,55799.47329564824,2060.473275621085,2100,23.85,29.0,20.0,7.718943536491869e-12,3654.0000200271606
2023-09-01,56061.97330065504,2060.473275621085,2100,24.04,,20.0,0.0,3517.500025033951
2023-09-05,55927.949263695424,2073.449293032088,2100,24.02,29.0,20.0,31.499999295920134,3443.999969959259
2023-09-06,55003.949281372516,2073.449293032088,2100,23.45,29.0,20.0,1.6459908356920931e-06,3685.4999899864197
2023-09-07,52599.44937314073,2073.449293032088,2100,21.85,29.0,20.0,1.8824766159532278e-25,4641.000080108643
2023-09-08,51843.44935311357,2073.449293032088,2100,21.48,,20.0,0.0,4662.000060081482
2023-09-11,51608.1442705856,2079.6442925885176,2100,21.45,29.0,20.0,1.9757584040933474e-06,4483.499979972839
2023-09-12,50799.64421247979,2079.6442925885176,2100,20.91,29.0,20.0,8.900643562149687e-11,4808.999919891357
2023-09-13,51156.6443026021,2079.6442925885176,2100,21.25,29.0,20.0,5.2020068412549855e-15,4452.00001001358
2023-09-14,51566.1442525342,2079.6442925885176,2100,21.67,29.0,20.0,5.527375352547349e-27,3979.4999599456787
2023-09-15,49077.64426254778,2079.6442925885176,2100,19.74,,20.0,0.0,5543.999969959259
2023-09-18,49168.99435268801,2065.9942926067074,2100,19.96,29.0,20.0,1.8123294627180735e-10,5187.000060081482
2023-09-19,48391.994472851155,2065.9942926067074,2100,19.4,29.0,20.0,9.805127579087233e-17,5586.000180244446
2023-09-20,47404.99424253881,2065.9942926067074,2100,18.44,29.0,20.0,1.6105993931584579e-32,6614.999949932098
2023-09-21,46606.994192470906,2065.9942926067074,2100,17.41,29.0,20.0,4.006843612689934e-83,7979.999899864197
2023-09-22,46921.99429260671,2065.9942926067074,2100,17.86,,20.0,0.0,7350.0
2023-09-25,47107.84434267461,2052.3442926067073,2100,18.23,29.0,20.0,1.1064321188857977e-16,6772.500050067902
2023-09-26,46341.34434267461,2052.3442926067073,2100,17.24,29.0,20.0,1.79500772374345e-28,8085.000050067902
2023-09-27,46656.344192470904,2052.3442926067073,2100,17.69,29.0,20.0,7.803125057404855e-39,7454.999899864197
2023-09-28,47380.84440275609,2052.3442926067073,2100,18.64,29.0,20.0,2.21436991756296e-62,6184.5001101493835
2023-09-29,47569.844202484484,2052.3442926067073,2100,18.88,,20.0,0.0,5869.499909877777
2023-10-02,47797.69445282438,2038.6942926070933,2100,19.12,29.0,20.0,2.945027190433025e-13,5607.000160217285
2023-10-03,46873.694392742895,2038.6942926070933,2100,17.9,29.0,20.0,2.0118409619413125e-24,7245.000100135803
2023-10-04,47272.69424253919,2038.6942926070933,2100,18.64,29.0,20.0,5.743583903406959e-31,6089.999949932098
2023-10-05,46999.69419247129,2038.6942926070933,2100,18.36,29.0,20.0,9.993619061485361e-67,6404.999899864197
2023-10-06,47976.19429260709,2038.6942926070933,2100,19.5,,20.0,0.0,4987.5
2023-10-09,47768.7485842712,2051.9789771179785,2100,19.36,29.0,20.0,21.230553064065855,5082.000160217285
2023-10-10,48430.903072691144,2051.9789771179785,2100,20.09,29.0,20.0,20.575894413257032,4210.49998998642
2023-10-11,48881.450488761555,2051.9789771179785,2100,20.56,29.0,20.0,21.52848835642648,3675.0
2023-10-12,49019.06461946255,2051.9789771179785,2100,20.68,29.0,20.0,20.41434263505299,3559.4999849796295
2023-10-13,47180.97895709082,2051.9789771179785,2100,18.98,,20.0,0.0,5270.999979972839
2023-10-16,47984.12400597581,2256.6239759351242,2100,19.79,29.0,20.0,5.320898005792178e-11,4168.500030040741
2023-10-17,47438.124046030185,2256.6239759351242,2100,19.3,29.0,20.0,3.451649427382047e-17,4651.500070095062
2023-10-18,46524.62387579932,2256.6239759351242,2100,18.28,29.0,20.0,8.442318796696936e-34,5879.999899864197
2023-10-19,45800.124076070926,2256.6239759351242,2100,17.41,29.0,20.0,4.006843612689934e-83,6982.500100135803
2023-10-20,45264.624026003024,2256.6239759351242,2100,16.63,,20.0,0.0,8085.000050067902
2023-10-23,44963.346302309175,182.3459875966538,2200,16.38,29.0,20.0,1.2337330470837764e-25,8745.000314712524
2023-10-24,45127.16868740882,182.3459875966538,2200,17.04,29.0,20.0,23.177247735748036,7479.999947547913
2023-10-25,44424.34567288413,182.3459875966538,2200,14.96,29.0,20.0,8.238529374235136e-70,11329.999685287476
2023-10-26,44512.346092500826,182.3459875966538,2200,14.7,29.0,20.0,3.415898590633952e-147,11990.000104904175
2023-10-27,44545.34567288413,182.3459875966538,2200,15.14,,20.0,0.0,11054.999685287476
2023-10-30,44278.04588269248,168.0459875966538,2200,14.5,29.0,20.0,4.911167830585291e-38,12209.999895095825
2023-10-31,44267.045987596655,168.0459875966538,2200,14.92,29.0,20.0,8.901437509004628e-47,11275.0
2023-11-01,44322.045777788306,168.0459875966538,2200,15.97,29.0,20.0,1.1174416058320546e-56,9019.99979019165
2023-11-02,44454.04588269247,168.0459875966538,2200,17.08,29.0,20.0,1.909790890174682e-89,6709.999895095825
2023-11-03,45015.04599808707,168.0459875966538,2200,18.39,,20.0,0.0,4389.0000104904175
2023-11-06,44802.7459561254,153.7459875966539,2200,18.28,29.0,20.0,1.8640480516951243e-16,4432.999968528748
2023-11-07,44879.74602955832,153.7459875966539,2200,18.6,29.0,20.0,1.432173686195903e-20,3806.00004196167
2023-11-08,44846.74596661582,153.7459875966539,2200,18.68,29.0,20.0,1.2119634045808392e-30,3596.999979019165
2023-11-09,44648.74602955832,153.7459875966539,2200,18.37,29.0,20.0,1.509259304964933e-66,4081.00004196167
2023-11-10,46727.74599284186,153.7459875966539,2200,20.61,,20.0,0.0,1232.0000052452087
2023-11-13,45747.27251292478,172.738571055231,2200,20.0,29.0,20.0,20.46604501743099,1594.9999868869781
2023-11-14,49155.738575964184,172.738571055231,2200,22.17,29.0,20.0,6.640926371434584e-07,209.0000055730343
2023-11-15,50134.73857113271,172.738571055231,2200,22.67,29.0,20.0,4.48966446249936e-09,88.00000008195639
2023-11-16,50167.738570317626,172.738571055231,2200,22.71,29.0,20.0,7.613159153515173e-19,32.99999926239252
2023-11-17,51102.73857105523,172.738571055231,2200,23.15,,,0.0,0.0
2023-11-20,52610.60979540726,2365.1098487049862,1900,24.19,29.0,22.0,47.499998938292265,4331.999945640564
2023-11-21,50216.60984135897,2365.1098487049862,1900,22.82,29.0,22.0,2.5465830991969857e-05,4493.500018119812
2023-11-22,50891.10975805563,2365.1098487049862,1900,22.99,29.0,22.0,5.029957454944e-08,4844.99990940094
2023-11-24,50891.10993930405,2365.1098487049862,1900,23.09,,22.0,0.0,4655.00009059906
2023-11-27,50554.71299800508,2370.714848303661,1900,22.93,29.0,22.0,0.0019771372642053606,4617.000126838684
2023-11-28,50070.2147252448,2370.714848303661,1900,22.54,29.0,22.0,5.280083239486029e-06,4873.499882221222
2023-11-29,51020.214884187335,2370.714848303661,1900,23.25,29.0,22.0,3.559446924038945e-07,4474.500036239624
2023-11-30,50412.21482112394,2370.714848303661,1900,22.77,29.0,22.0,1.714896627218401e-18,4778.499972820282
2023-12-01,50725.714875483376,2370.714848303661,1900,23.09,,22.0,0.0,4484.000027179718
2023-12-04,49734.03424963245,2376.3198479023354,1900,22.29,29.0,22.0,18.785562030254706,5025.499963760376
2023-12-05,49270.59177053552,2376.3198479023354,1900,21.91,29.0,22.0,35.728004887572204,5300.999927520752
2023-12-06,48812.17045750625,2376.3198479023354,1900,21.48,29.0,22.0,19.149444755523554,5643.000054359436
2023-12-07,50714.039925160476,2376.3198479023354,1900,23.18,29.0,22.0,17.279886502232873,4312.999963760376
2023-12-08,51253.81983884243,2376.3198479023354,1900,23.72,,22.0,0.0,3809.499990940094
2023-12-11,54396.609910942294,2507.6098446917313,1900,26.12,29.0,22.0,284.9999971687794,2546.000063419342
2023-12-12,55213.609856299736,2507.6098446917313,1900,26.68,29.0,22.0,237.49999292194843,2251.500004529953
2023-12-13,56866.60985828159,2507.6098446917313,1900,27.93,29.0,22.0,532.0000022649765,1824.0000158548355
2023-12-14,58643.10974729774,2507.6098446917313,1900,30.21,29.0,22.0,2641.000086069107,1377.4999886751175
2023-12-15,58909.10984016178,57598.10984469173,0,30.57,,22.0,0.0,1310.999995470047
2023-12-18,59383.72985224543,1091.7298511129397,1900,30.29,32.0,22.0,598.5000237822533,1339.5000249147415
2023-12-19,60229.229887352565,1091.7298511129397,1900,30.77,32.0,22.0,532.0000022649765,1206.5000385046005
2023-12-20,56201.22988841427,1091.7298511129397,1900,28.05,32.0,22.0,47.499998938292265,1862.000036239624
2023-12-21,59849.22982994957,1091.7298511129397,1900,30.26,32.0,22.0,66.49999851360917,1329.999977350235
2023-12-22,60362.229835258106,1091.7298511129397,1900,30.53,,22.0,0.0,1263.4999841451645
2023-12-26,62806.959832857225,2443.9598339897175,1900,32.16,32.0,22.0,1653.000009059906,912.0000079274178
2023-12-27,63414.95984191714,2443.9598339897175,1900,32.36,32.0,22.0,1377.4999886751175,864.4999966025352
2023-12-28,63452.95983738718,2443.9598339897175,1900,32.19,32.0,22.0,978.499972820282,826.4999762177467
2023-12-29,62996.959831724744,2443.9598339897175,1900,31.4,,22.0,0.0,892.9999977350235
2024-01-02,57271.02483689455,2665.0248254281064,1900,28.01,32.0,22.0,85.49999985843897,1472.5000113248825
2024-01-03,54431.24930421987,2665.0248254281064,1900,26.21,32.0,22.0,18.27543966908312,1985.499918460846
2024-01-04,53338.02476200876,2665.0248254281064,1900,25.51,32.0,22.0,3.885053168330062e-16,2203.999936580658
2024-01-05,53860.5248163682,2665.0248254281064,1900,25.94,,22.0,0.0,1909.499990940094
2024-01-08,57728.449803266725,2742.4498267658582,1900,28.47,32.0,22.0,142.4999985843897,1035.4999750852585
2024-01-09,57737.9498433285,2742.4498267658582,1900,28.46,32.0,22.0,132.99999702721834,1054.500013589859
2024-01-10,57262.9498327822,2742.4498267658582,1900,28.17,32.0,22.0,66.49999851360917,1064.000004529953
2024-01-11,57717.67436775038,2742.4498267658582,1900,28.46,32.0,22.0,20.275457882993575,921.4999988675117
2024-01-12,57063.44979052623,2742.4498267658582,1900,28.07,,22.0,0.0,987.999963760376
2024-01-16,58964.87480035765,2819.87482810361,1900,29.23,32.0,22.0,161.50000169873238,769.4999739527702
2024-01-17,57710.87480991302,2819.87482810361,1900,28.42,32.0,22.0,47.499998938292265,940.4999807476997
2024-01-18,62147.37482130868,2819.87482810361,1900,31.19,32.0,22.0,446.49999886751175,512.9999920725822
2024-01-19,63904.874830368586,63610.37482810361,0,34.9,,22.0,0.0,294.5000022649765
2024-01-22,63333.51087399168,4658.010853979424,1700,35.25,36.5,22.0,1461.999973654747,212.4999936670065
2024-01-23,64251.51085955245,4658.010853979424,1700,35.91,36.5,22.0,1597.9999959468842,144.50000151991844
2024-01-24,65688.01080673528,4658.010853979424,1700,37.49,36.5,22.0,2822.0000445842743,118.99999734014273
2024-01-25,65739.01091224297,4658.010853979424,1700,37.13,36.5,22.0,2184.499943256378,144.50000151991844
2024-01-26,62662.010852966145,4658.010853979424,1700,34.01,,22.0,0.0,186.99999898672104
2024-01-29,63888.54086499631,2220.5408416610803,1800,35.09,36.5,22.0,1655.9999763965607,161.9999997317791
2024-01-30,61782.54086526452,2220.5408416610803,1800,33.51,36.5,22.0,926.9999742507935,170.9999978542328
2024-01-31,59973.54084233164,2220.5408416610803,1800,32.06,36.5,22.0,98.9999994635582,144.00000013411045
2024-02-01,60783.54083824127,2220.5408416610803,1800,32.45,36.5,22.0,26.99999939650297,179.99999597668648
2024-02-02,62925.54084152697,2220.5408416610803,1800,33.68,,22.0,0.0,80.99999986588955
2024-02-05,65182.470840724985,3280.47083355008,1800,35.11,36.5,22.0,1358.9999914169312,62.99999859184027
2024-02-06,63751.4708396521,3280.47083355008,1800,33.83,36.5,22.0,485.99999248981476,62.99999859184027
2024-02-07,66154.47081645101,3280.47083355008,1800,35.38,36.5,22.0,855.0000160932541,44.99999899417162
2024-02-08,68296.47082007198,3280.47083355008,1800,37.16,36.5,22.0,1899.0000128746033,26.99999939650297
2024-02-09,69007.47083274541,68971.47083355008,0,39.35,,22.0,0.0,35.999999195337296
2024-02-12,67631.7768475114,2113.776871830094,1700,39.15,42.0,22.0,1037.000024318695,3.579863822065785e-26
2024-02-13,64436.24325511103,2113.776871830094,1700,36.76,42.0,22.0,186.99999898672104,17.466382267658044
2024-02-14,68379.77687740313,2113.776871830094,1700,39.21,42.0,22.0,390.9999944269657,3.1392890520229663e-53
2024-02-15,68362.77686853694,2113.776871830094,1700,39.05,42.0,22.0,136.00000329315662,4.0620756111995335e-105
2024-02-16,67257.7768718301,2113.776871830094,1700,38.32,,,0.0,0.0
2024-02-20,63006.82692246126,1529.3267311303516,1500,36.4,42.0,35.0,772.5000232458115,7650.000214576721
2024-02-21,62931.82665558146,1529.3267311303516,1500,36.14,42.0,35.0,382.5000040233135,7574.999928474426
2024-02-22,67896.82685987638,1529.3267311303516,1500,41.46,42.0,35.0,959.9999785423279,5137.500107288361
2024-02-23,66966.82680265591,1529.3267311303516,1500,40.05,,35.0,0.0,5362.500071525574
2024-02-26,68094.75186030552,3234.7517852036854,1500,41.23,42.0,35.0,1784.9999964237213,4800.000071525574
2024-02-27,68139.75182633089,3234.7517852036854,1500,41.08,42.0,35.0,1364.999994635582,4650.000035762787
2024-02-28,67599.751853153,3234.7517852036854,1500,39.77,42.0,35.0,465.0000035762787,5175.000071525574
2024-02-29,70172.25167791532,3234.7517852036854,1500,42.8,42.0,35.0,1860.0000143051147,4597.499907016754
2024-03-01,68769.75177447485,66227.25178520368,0,48.34,,35.0,0.0,2542.499989271164
2024-03-04,69228.379731652,4533.879737850893,1300,49.76,51.0,35.0,2112.5,2118.999993801117
2024-03-05,67310.87976109672,4533.879737850893,1300,46.84,51.0,35.0,714.9999767541885,2600.0
2024-03-06,69936.87969135927,4533.879737850893,1300,50.21,51.0,35.0,1995.5000340938568,2125.499987602234
2024-03-07,71971.3795146911,4533.879737850893,1300,55.32,51.0,35.0,6467.500185966492,1988.9999628067017
2024-03-08,70996.37968206094,4533.879737850893,1300,48.83,,35.0,0.0,2983.4999442100525
2024-03-11,68314.86962504672,5557.369705632199,1300,46.71,51.0,35.0,1300.0,3334.4999194145203
2024-03-12,70791.36960335063,5557.369705632199,1300,49.66,51.0,35.0,1846.0000216960907,2521.9999194145203
2024-03-13,68379.86969594646,5557.369705632199,1300,45.95,51.0,35.0,337.99999728798866,3425.499987602234
2024-03-14,66020.36971226694,5557.369705632199,1300,43.53,51.0,35.0,19.499999564141035,3893.500006198883
2024-03-15,65188.36976762103,5557.369705632199,1300,42.67,,35.0,0.0,4160.000061988831
2024-03-18,64718.675720622996,1662.675738146771,1400,42.48,51.0,35.0,455.00000417232513,4038.9999866485596
2024-03-19,63360.67583264994,1662.675738146771,1400,41.34,51.0,35.0,104.99999895691872,3927.000093460083
2024-03-20,65481.67562831032,1662.675738146771,1400,43.45,51.0,35.0,98.00000302493572,3086.9998931884766
2024-03-21,68757.67573522615,1662.675738146771,1400,46.29,51.0,35.0,76.99999958276749,2365.99999666214
2024-03-22,69044.67577820108,1662.675738146771,1400,46.41,,35.0,0.0,2408.0000400543213
2024-03-25,68206.70572043942,2063.705741301049,1400,45.87,51.0,35.0,371.000000834465,2295.9999799728394
2024-03-26,67275.70570531474,2063.705741301049,1400,44.93,51.0,35.0,90.9999992698431,2400.999963283539
2024-03-27,69235.7057259156,2063.705741301049,1400,46.53,51.0,35.0,84.0000020340085,2113.9999866485596
2024-03-28,68997.70570124673,2063.705741301049,1400,46.53,,35.0,0.0,1791.9999599456787
2024-04-01,71283.97581199692,3628.975817003716,1400,48.04,51.0,35.0,1092.00000166893,1490.99999666214
2024-04-02,69421.97581867265,3628.975817003716,1400,45.84,51.0,35.0,314.99999165534973,1931.9999933242798
2024-04-03,69904.97586477685,3628.975817003716,1400,46.2,51.0,35.0,189.00000229477882,1785.0000500679016
2024-04-04,65333.9757674052,3628.975817003716,1400,42.24,51.0,35.0,20.999999530613422,2589.9999499320984
2024-04-05,66999.9758270173,3628.975817003716,1400,43.71,,35.0,0.0,2177.0000100135803
2024-04-08,67160.5557622044,3831.5558122722996,1400,44.01,51.0,35.0,175.0,1889.9999499320984
2024-04-09,68840.5557609527,3831.5558122722996,1400,45.42,51.0,35.0,203.00000458955765,1623.9999532699585
2024-04-10,66145.5557865082,3831.5558122722996,1400,43.02,51.0,35.0,41.999999061226845,2127.999973297119
2024-04-11,69281.5558180614,3831.5558122722996,1400,45.81,51.0,35.0,34.99999921768904,1351.0000050067902
2024-04-12,64339.55583229946,3831.5558122722996,1400,41.36,,35.0,0.0,2604.0000200271606
2024-04-15,62712.7558151825,3954.7558142437233,1400,39.75,51.0,35.0,41.999999061226845,3150.0
2024-04-16,63489.75587176966,3954.7558142437233,1400,40.53,51.0,35.0,34.99999921768904,2828.000056743622
2024-04-17,59632.755881626785,3954.7558142437233,1400,36.84,51.0,35.0,27.99999937415123,4130.000066757202
2024-04-18,57854.755780865125,3954.7558142437233,1400,34.85,51.0,35.0,3.299739403429996e-46,5109.999966621399
2024-04-19,55250.75588100093,3954.7558142437233,1400,30.69,,35.0,0.0,8330.000066757202
2024-04-22,55237.91394268822,418.3135889936842,1500,32.17,51.0,35.0,110.3997178310348,6675.000071525574
2024-04-23,56701.54065197245,418.3135889936842,1500,34.16,51.0,35.0,169.27297278401042,5212.500035762787
2024-04-24,58078.56848307128,418.3135889936842,1500,35.51,51.0,35.0,14.745191753092746,4410.0000858306885
2024-04-25,59808.69628317846,418.3135889936842,1500,37.46,51.0,35.0,107.11737018823398,3307.5000643730164
2024-04-26,62180.813606875075,418.3135889936842,1500,39.75,,35.0,0.0,2137.5000178813934
2024-04-29,62967.78857019363,507.78858941613214,1500,40.65,51.0,35.0,127.50000134110451,1612.4999821186066
2024-04-30,60200.288591930694,507.78858941613214,1500,38.12,51.0,35.0,112.49999748542905,2625.0
2024-05-01,56667.788703857055,507.78858941613214,1500,34.27,51.0,35.0,7.374581619599325e-25,4755.000114440918
2024-05-02,58130.28860372124,507.78858941613214,1500,36.55,51.0,35.0,2.8166369656694026e-35,2797.5000143051147
2024-05-03,60432.78861802636,507.78858941613214,1500,38.97,,35.0,0.0,1470.0000286102295
2024-05-06,63193.0885824301,583.0885875151165,1500,41.38,51.0,35.0,74.99999972060323,614.999994635582
2024-05-07,61664.6002316792,583.0885875151165,1500,40.3,51.0,35.0,13.48834421299977,644.9999883770943
2024-05-08,61657.07030018665,583.0885875151165,1500,40.4,51.0,35.0,58.51829358695415,532.5000062584877
2024-05-09,60958.08859913802,583.0885875151165,1500,39.93,51.0,35.0,8.462950987560336e-19,480.00001162290573
2024-05-10,62338.08858527995,583.0885875151165,1500,41.02,,35.0,0.0,224.99999776482582
2024-05-13,62678.36358824098,615.8635865646087,1500,41.3,51.0,35.0,44.99999899417162,157.50000067055225
2024-05-14,65580.8635865646,615.8635865646087,1500,43.31,51.0,35.0,52.499998826533556,52.499998826533556
2024-05-15,71010.86358505586,615.8635865646087,1500,47.01,51.0,35.0,157.50000067055225,37.49999916180968
2024-05-16,69938.36358354712,615.8635865646087,1500,46.25,51.0,35.0,75.00000251457095,22.49999949708581
2024-05-17,68760.8635865646,615.8635865646087,1500,45.43,,,0.0,0.0
2024-05-20,72409.54960456945,3847.54938140966,1300,48.42,51.0,46.0,1663.9999628067017,7280.000185966492
2024-05-21,72578.54959837056,3847.54938140966,1300,47.92,51.0,46.0,1332.4999690055847,7767.500185966492
2024-05-22,73118.04917994596,3847.54938140966,1300,49.56,51.0,46.0,2340.0000154972076,7182.499814033508
2024-05-23,73969.54926169373,3847.54938140966,1300,48.82,51.0,46.0,298.9999957382679,6954.999876022339
2024-05-24,75828.54938140966,70141.04938140966,0,51.54,,46.0,0.0,5687.5
2024-05-28,75987.0844871626,2946.584428273211,1300,54.17,54.0,46.0,2255.499941110611,4875.0
2024-05-29,74875.58443369724,2946.584428273211,1300,50.85,54.0,46.0,513.4999945759773,6337.5
2024-05-30,74453.08449074633,2946.584428273211,1300,49.78,54.0,46.0,129.99999951571226,6922.500061988831
2024-05-31,71944.08455225086,2946.584428273211,1300,48.55,,46.0,0.0,5882.500123977661
2024-06-03,72073.10953950442,3368.1094209507805,1300,48.68,54.0,46.0,461.5000054240227,5882.500123977661
2024-06-04,72528.10941746391,3368.1094209507805,1300,47.58,54.0,46.0,169.00000348687172,7475.0
2024-06-05,76226.60947984018,3368.1094209507805,1300,53.78,54.0,46.0,1735.4999721050262,4680.000030994415
2024-06-06,76434.60946589269,3368.1094209507805,1300,52.46,54.0,46.0,754.0000170469284,5622.500061988831
2024-06-07,76408.6092349843,3368.1094209507805,1300,51.91,,46.0,0.0,5557.499814033508
2024-06-10,77138.55931727446,5079.559391661058,1300,54.12,54.0,46.0,2879.5000433921814,4582.499969005585
2024-06-11,77307.55929247892,5079.559391661058,1300,54.23,54.0,46.0,2723.5000371932983,4452.499938011169
2024-06-12,78347.55956522978,5079.559391661058,1300,58.75,54.0,46.0,6467.499876022339,3360.5000495910645
2024-06-13,77964.05945364988,5079.559391661058,1300,60.74,54.0,46.0,8904.999876022339,2827.4999380111694
2024-06-14,78458.05945364988,75273.05939166105,0,60.03,,46.0,0.0,3185.0000619888306
2024-06-17,79315.81539358653,4633.815390725498,1200,62.8,62.0,46.0,2873.9999771118164,2195.9999799728394
2024-06-18,80383.8154651121,4633.815390725498,1200,65.19,62.0,46.0,4439.9999141693115,1961.9999885559082
2024-06-20,78919.81536569155,4633.815390725498,1200,59.93,62.0,46.0,498.0000078678131,2867.9999828338623
2024-06-21,77359.81543650187,4633.815390725498,1200,58.02,,46.0,0.0,3102.000045776367
2024-06-24,73117.09533676661,5329.095396132831,1200,53.11,62.0,46.0,204.0000021457672,4259.999942779541
2024-06-25,74845.09535965479,5329.095396132831,1200,55.32,62.0,46.0,204.0000021457672,3335.9999656677246
2024-06-26,74443.09536680735,5329.095396132831,1200,54.71,62.0,46.0,168.00000071525574,3629.9999713897705
2024-06-27,73471.09546519972,5329.095396132831,1200,53.86,62.0,46.0,17.999999597668648,3528.000068664551
2024-06-28,74851.0954419092,5329.095396132831,1200,55.35,,46.0,0.0,3102.000045776367
2024-07-01,74736.0153198973,5412.015394105081,1200,55.42,62.0,46.0,107.99999982118607,2927.9999256134033
2024-07-02,76632.01534063971,5412.015394105081,1200,57.69,62.0,46.0,162.00000196695328,2153.999948501587
2024-07-03,79266.01542843736,5412.015394105081,1200,60.7,62.0,46.0,594.0000057220459,1608.0000400543213
2024-07-05,79938.01541413224,5412.015394105081,1200,60.81,,46.0,0.0,1554.0000200271606
2024-07-08,83040.31553229249,8976.315502251748,1200,64.34,62.0,46.0,4079.9999713897705,936.0000014305115
2024-07-09,82656.31554945862,8976.315502251748,1200,64.16,62.0,46.0,4229.9999713897705,918.0000185966492
2024-07-10,84312.31548508561,8976.315502251748,1200,68.64,62.0,46.0,7650.0,617.9999828338623
2024-07-11,83130.31544932282,8976.315502251748,1200,61.78,62.0,46.0,1242.0000314712524,1259.9999785423279
2024-07-12,84294.31551512635,83370.31550225175,0,64.08,,46.0,0.0,924.0000128746033
2024-07-15,84758.7154496089,8720.715448178413,1200,64.21,66.0,46.0,1782.0000171661377,768.0000185966492
2024-07-16,85574.71542815125,8720.715448178413,1200,65.34,66.0,46.0,2166.000008583069,611.9999885559082
2024-07-17,73838.71539730584,8720.715448178413,1200,51.41,66.0,46.0,77.99999937415123,3503.999948501587
2024-07-18,74114.71532282984,8720.715448178413,1200,51.78,66.0,46.0,23.999999463558197,3281.9998741149902
2024-07-19,70670.71544817841,8720.715448178413,1200,47.0,,46.0,0.0,5550.0
2024-07-22,74873.10043384215,3457.6004508406545,1300,52.85,66.0,46.0,71.49999840185046,2781.999981403351
2024-07-23,72390.10043989574,3457.6004508406545,1300,50.44,66.0,46.0,64.99999854713678,3425.499987602234
2024-07-24,67079.60051341064,3457.6004508406545,1300,42.51,66.0,46.0,25.999999418854713,8385.00006198883
2024-07-25,65909.60082277365,3457.6004508406545,1300,39.59,66.0,46.0,3.0362667829982563e-83,10985.000371932983
2024-07-26,66689.60026487417,3457.6004508406545,1300,41.99,,46.0,0.0,8644.999814033508
2024-07-29,66133.00563641923,3486.0054500168812,1300,41.73,66.0,46.0,19.499999564141035,8417.500185966492
2024-07-30,64570.001974544895,3486.0054500168812,1300,37.13,66.0,46.0,152.50335149432817,12967.499876022339
2024-07-31,67589.00563641923,3486.0054500168812,1300,44.6,66.0,46.0,19.499999564141035,6142.500185966492
2024-08-01,65113.56376564393,3486.0054500168812,1300,34.99,66.0,46.0,11.941932328275378,16152.500247955322
2024-08-02,63669.50594592753,3486.0054500168812,1300,29.32,,46.0,0.0,22067.500495910645
2024-08-05,63933.75499044618,3489.8404497422903,1300,27.89,66.0,46.0,25.585459296110166,24212.5
2024-08-06,63354.27574508394,3489.8404497422903,1300,28.61,66.0,46.0,13.56445670302377,22684.999752044678
2024-08-07,63848.84094565293,3489.8404497422903,1300,26.08,66.0,46.0,3.228724975445299e-137,26455.000495910645
2024-08-08,63783.84032576463,3489.8404497422903,1300,31.53,66.0,46.0,8.594249405937193e-174,19304.99987602234
2024-08-09,63140.340077809306,3489.8404497422903,1300,30.96,,46.0,0.0,19402.499628067017
2024-08-12,63547.175945378345,3493.6754494676993,1300,31.47,66.0,46.0,2.2983131749854615e-43,19142.500495910645
2024-08-13,63365.17532549004,3493.6754494676993,1300,35.33,66.0,46.0,3.489925890415799e-41,13942.499876022339
2024-08-14,63124.67557344536,3493.6754494676993,1300,34.97,66.0,46.0,3.8403944907982445e-64,14170.000123977661
2024-08-15,63345.67551145654,3493.6754494676993,1300,40.09,66.0,46.0,3.3323356285425855e-79,7735.000061988831
2024-08-16,63287.1754494677,63287.1754494677,0,39.72,,,0.0,0.0
2024-08-19,63805.27484184985,1820.2747350383347,1400,41.73,40.0,37.0,3891.9999599456787,7455.000066757202
2024-08-20,63588.27479511982,1820.2747350383347,1400,40.04,40.0,37.0,2268.00000667572,7980.000066757202
2024-08-21,64113.274434630934,1820.2747350383347,1400,41.77,40.0,37.0,3395.000100135803,7209.999799728394
2024-08-22,63637.27479178196,1820.2747350383347,1400,37.51,40.0,37.0,427.0000100135803,9730.000066757202
2024-08-23,65863.27473503834,57813.274735038336,0,40.39,,37.0,0.0,8050.0
2024-08-26,65678.40496274715,5604.4047224212245,1400,37.34,40.0,37.0,1966.9999599456787,9765.000200271606
2024-08-27,66126.40475913769,5604.4047224212245,1400,38.57,40.0,37.0,2225.999963283539,8750.0
2024-08-28,66035.40471073872,5604.4047224212245,1400,36.5,40.0,37.0,1344.0000116825104,10675.0
2024-08-29,65769.4047246117,5604.4047224212245,1400,36.17,40.0,37.0,97.9999978095293,9625.0
2024-08-30,67862.40465566402,5604.4047224212245,1400,38.92,,37.0,0.0,7769.999933242798
2024-09-03,62051.33958582019,1706.3397287595826,1500,30.05,40.0,37.0,67.49999988824129,15337.499856948853
2024-09-04,62523.83930010905,1706.3397287595826,1500,30.26,40.0,37.0,22.49999949708581,15449.999570846558
2024-09-05,61495.36039451959,1706.3397287595826,1500,29.77,40.0,37.0,15.97919118884439,15149.999856948853
2024-09-06,60468.84030096417,1706.3397287595826,1500,25.95,,37.0,0.0,19837.50057220459
2024-09-09,59834.114871363134,1739.1147278090748,1500,27.47,40.0,37.0,22.49999949708581,16912.500143051147
2024-09-10,60119.114728311986,1739.1147278090748,1500,28.31,40.0,37.0,22.49999949708581,15937.5
2024-09-11,62871.614154703806,1739.1147278090748,1500,32.23,40.0,37.0,9.006722719143949e-07,12787.49942779541
2024-09-12,62654.11429865563,1739.1147278090748,1500,31.81,40.0,37.0,1.6700778365239602e-16,13199.999570846558
2024-09-13,64274.11472780907,1739.1147278090748,1500,33.44,,37.0,0.0,12375.0
2024-09-16,62816.93944755847,1856.9397328784498,1500,32.13,40.0,37.0,97.49999921768904,12862.499713897705
2024-09-17,62374.4401628142,1856.9397328784498,1500,32.21,40.0,37.0,97.49999921768904,12300.000429153442
2024-09-18,61984.43959049785,1856.9397328784498,1500,31.13,40.0,37.0,29.999999329447746,13462.499856948853
2024-09-19,64616.93994795809,1856.9397328784498,1500,35.13,40.0,37.0,22.49999949708581,10087.500214576721
2024-09-20,63056.93973287844,1856.9397328784498,1500,33.55,,37.0,0.0,10875.0
2024-09-23,63494.78987078646,2017.2897290764186,1500,33.92,40.0,37.0,127.50000134110451,10725.000143051147
2024-09-24,63449.78980239013,2017.2897290764186,1500,35.1,40.0,37.0,142.49999821186066,8925.000071525574
2024-09-25,64364.78951382915,2017.2897290764186,1500,35.77,40.0,37.0,157.50000067055225,8849.999785423279
2024-09-26,67184.78972728827,2017.2897290764186,1500,39.6,40.0,37.0,982.5000017881393,6750.0
2024-09-27,66014.78951449969,2017.2897290764186,1500,37.64,,37.0,0.0,7537.499785423279
2024-09-30,64981.364694583215,2843.8646919010016,1500,36.63,40.0,37.0,682.499997317791,7875.0
2024-10-01,63406.36483327576,2843.8646919010016,1500,33.55,40.0,37.0,112.50000167638063,10350.000143051147
2024-10-02,64351.36469424794,2843.8646919010016,1500,34.95,40.0,37.0,104.99999765306711,9187.5
2024-10-03,64306.36469273919,2843.8646919010016,1500,35.25,40.0,37.0,37.49999916180968,8625.0
2024-10-04,65333.86476342657,2843.8646919010016,1500,36.71,,37.0,0.0,7425.000071525574
2024-10-07,65147.71474166492,3287.7146817622515,1500,36.36,40.0,37.0,480.00001162290573,7800.000071525574
2024-10-08,65822.71461291888,3287.7146817622515,1500,37.47,40.0,37.0,494.999997317791,6824.999928474426
2024-10-09,66347.71465583422,3287.7146817622515,1500,38.6,40.0,37.0,689.9999901652336,5849.999964237213
2024-10-10,66040.21446830311,3287.7146817622515,1500,37.76,40.0,37.0,112.49999888241291,6224.999785423279
2024-10-11,66962.71461023667,3287.7146817622515,1500,38.65,,37.0,0.0,5699.999928474426
2024-10-14,68699.56456013302,5999.564620929751,1500,40.82,40.0,37.0,2865.0000393390656,4334.999978542328
2024-10-15,66082.064694914,5999.564620929751,1500,34.47,40.0,37.0,172.4999975413084,8550.000071525574
2024-10-16,66112.06469357292,5999.564620929751,1500,34.45,40.0,37.0,112.49999888241291,8550.000071525574
2024-10-17,66494.56462176793,5999.564620929751,1500,35.23,40.0,37.0,37.49999916180968,7687.5
2024-10-18,66194.56483550646,5999.564620929751,1500,35.28,,37.0,0.0,7275.000214576721
2024-10-21,65766.71386533359,2214.7136338291502,1600,35.11,40.0,37.0,183.99999737739563,7560.000228881836
2024-10-22,65294.713558012045,2214.7136338291502,1600,34.68,40.0,37.0,87.99999952316284,7679.999923706055
2024-10-23,64502.71355807166,2214.7136338291502,1600,33.77,40.0,37.0,23.999999463558197,8279.999923706055
2024-10-24,64862.71363335342,2214.7136338291502,1600,34.28,40.0,37.0,4.7572957125335705e-07,7800.0
2024-10-25,65510.71363382915,2214.7136338291502,1600,35.31,,37.0,0.0,6800.0
2024-10-28,65094.31362667659,2582.31363382915,1600,35.37,40.0,37.0,280.0000071525574,6200.0
2024-10-29,66366.31362047771,2582.31363382915,1600,37.95,40.0,37.0,1151.9999980926514,4215.999984741211
2024-10-30,64270.31340506653,2582.31363382915,1600,33.95,40.0,37.0,71.99999988079071,7439.999771118164
2024-10-31,63078.31393900493,2582.31363382915,1600,30.01,40.0,37.0,3.2635957949195246e-26,12480.000305175781
2024-11-01,62766.31386271099,2582.31363382915,1600,30.89,,37.0,0.0,10760.000228881836
2024-11-04,62327.51386508921,2647.513634955678,1600,30.36,40.0,37.0,55.99999874830246,11160.000228881836
2024-11-05,62551.51340696791,2647.513634955678,1600,31.44,40.0,37.0,39.99999910593033,9639.999771118164
2024-11-06,63759.51367363909,2647.513634955678,1600,34.11,40.0,37.0,23.999999463558197,6560.000038146973
2024-11-07,64095.513612961564,2647.513634955678,1600,36.29,40.0,37.0,39.99999910593033,3423.9999771118164
2024-11-08,63271.51348999718,2647.513634955678,1600,35.42,,37.0,0.0,3951.999855041504
2024-11-11,62135.83355746845,2727.8336329279277,1600,32.77,40.0,37.0,103.99999916553497,7079.999923706055
2024-11-12,61951.83363400081,2727.8336329279277,1600,31.67,40.0,37.0,47.999998927116394,8600.0
2024-11-13,61975.83355717042,2727.8336329279277,1600,29.62,40.0,37.0,23.999999463558197,11879.999923706055
2024-11-14,61983.83355663398,2727.8336329279277,1600,29.61,40.0,37.0,9.354595491778697e-29,11879.999923706055
2024-11-15,61919.83363292793,61919.83363292793,0,26.66,,,0.0,0.0
2024-11-18,62231.933170212564,2421.9330653083925,2000,27.71,27.5,25.0,3009.999990463257,7400.000095367432
2024-11-19,62401.933117760476,2421.9330653083925,2000,27.83,27.5,25.0,2879.9999952316284,7200.000047683716
2024-11-20,62361.93295086747,2421.9330653083925,2000,27.16,27.5,25.0,2230.0000190734863,7849.999904632568
2024-11-21,63651.93300808793,2421.9330653083925,2000,28.46,27.5,25.0,2289.9999618530273,6599.999904632568
2024-11-22,63711.93301762467,57411.93306530839,0,28.48,,25.0,0.0,6299.999952316284
2024-11-25,63278.875728580795,3362.3757987950676,1900,29.34,30.0,25.0,1092.5000339746475,5262.999963760376
2024-11-26,62290.875769633494,3362.3757987950676,1900,28.12,30.0,25.0,237.49999292194843,5737.999963760376
2024-11-27,60846.87570883303,3362.3757987950676,1900,26.97,30.0,25.0,28.49999936297536,6269.99990940094
2024-11-29,62347.87586221441,3362.3757987950676,1900,28.08,,25.0,0.0,5633.500063419342
2024-12-02,64760.4157389698,1940.4157675800304,2000,30.27,30.0,25.0,2500.0,4779.9999713897705
2024-12-03,64520.41587486839,1940.4157675800304,2000,29.69,30.0,25.0,1719.9999690055847,4920.000076293945
2024-12-04,65250.41575804329,1940.4157675800304,2000,30.9,30.0,25.0,2700.000047683716,4210.000038146973
2024-12-05,64800.41564241028,1940.4157675800304,2000,29.13,30.0,25.0,530.0000011920929,5129.999876022339
2024-12-06,66030.41572943307,1940.4157675800304,2000,29.65,,25.0,0.0,4789.999961853027
2024-12-09,65737.5158139763,3987.515830665586,2000,29.21,30.0,25.0,1449.999988079071,4779.9999713897705
2024-12-10,64067.5158706007,3987.515830665586,2000,27.1,30.0,25.0,320.0000077486038,6200.000047683716
2024-12-11,66307.51594153023,3987.515830665586,2000,29.14,30.0,25.0,849.9999940395355,4890.000104904175
2024-12-12,65667.51583662606,3987.515830665586,2000,28.39,30.0,25.0,340.0000035762787,5240.000009536743
2024-12-13,67987.51582112885,63977.51583066559,0,30.79,,25.0,0.0,4009.999990463257
2024-12-16,68296.11601987456,2756.1159388122537,2000,32.5,32.5,25.0,2779.9999713897705,3320.0000524520874
2024-12-17,67616.11588397599,2756.1159388122537,2000,31.12,32.5,25.0,1319.9999928474426,3939.9999380111694
2024-12-18,64296.11594209051,2756.1159388122537,2000,27.76,32.5,25.0,229.99999672174454,6250.0
2024-12-19,62626.11603485024,2756.1159388122537,2000,26.25,32.5,25.0,29.999999329447746,7400.000095367432
2024-12-20,63656.11598649597,2756.1159388122537,2000,27.35,,25.0,0.0,6200.000047683716
2024-12-23,66347.71579182125,3007.7159399387815,2000,29.69,32.5,25.0,190.0000050663948,4149.9998569488525
2024-12-24,67247.7159414289,3007.7159399387815,2000,30.57,32.5,25.0,149.99999850988388,3250.0
2024-12-26,67277.71589337266,3007.7159399387815,2000,30.51,32.5,25.0,49.99999888241291,3299.999952316284
2024-12-27,65887.71599715925,3007.7159399387815,2000,29.72,,25.0,0.0,3440.000057220459
2024-12-30,63131.842830378184,3101.8428393188815,2000,27.94,32.5,25.0,109.99999940395355,4259.999990463257
2024-12-31,62621.84288767315,3101.8428393188815,2000,27.3,32.5,25.0,29.999999329447746,4950.000047683716
2025-01-02,63221.56549724494,3101.8428393188815,2000,27.71,32.5,25.0,20.277370684171014,4720.0000286102295
2025-01-03,66081.84274871982,3101.8428393188815,2000,29.88,,25.0,0.0,3219.99990940094
2025-01-06,71121.84291990436,6301.8429294411035,2000,32.53,32.5,25.0,2490.000009536743,2250.0
2025-01-07,70471.8428960625,6301.8429294411035,2000,31.13,32.5,25.0,1009.9999904632568,2919.9999570846558
2025-01-08,69631.84292914308,6301.8429294411035,2000,30.2,32.5,25.0,190.0000050663948,3120.0000047683716
2025-01-10,66371.8428626839,6301.8429294411035,2000,28.0,,25.0,0.0,4069.999933242798
2025-01-13,65978.36274498887,660.3629141468497,2200,27.75,32.5,25.0,308.0000013113022,4575.99983215332
2025-01-14,66583.36282268353,660.3629141468497,2200,28.23,32.5,25.0,274.99999180436134,4091.999900341034
2025-01-15,68926.36287284084,660.3629141468497,2200,29.94,32.5,25.0,385.0000098347664,2782.9999685287476
2025-01-16,69322.36296832003,660.3629141468497,2200,30.02,32.5,25.0,76.99999827891588,2695.0000524520874
2025-01-17,73656.36291939206,72149.36291414686,0,32.51,,25.0,0.0,1507.0000052452087
2025-01-21,73910.25590561815,3885.7559231419114,2100,33.68,34.0,25.0,1753.5000175237656,1050.0
2025-01-22,75233.25596569963,3885.7559231419114,2100,35.09,34.0,25.0,3338.9999449253082,997.4999874830246
2025-01-23,75338.25586306043,3885.7559231419114,2100,34.87,34.0,25.0,2404.5000851154327,630.0000250339508
2025-01-24,73668.75592314191,3885.7559231419114,2100,32.73,,25.0,0.0,1050.0
2025-01-27,62182.090848292784,1099.0909305769947,2200,25.05,34.0,25.0,164.99999836087227,6137.99991607666
2025-01-28,61808.09089033641,1099.0909305769947,2200,25.36,34.0,25.0,76.99999827891588,4993.99995803833
2025-01-29,62369.091005239265,1099.0909305769947,2200,25.66,34.0,25.0,54.9999987706542,4873.000073432922
2025-01-30,64118.090926069395,1099.0909305769947,2200,27.22,34.0,25.0,32.99999926239252,3167.9999947547913
2025-01-31,63612.09091484137,1099.0909305769947,2200,26.97,,25.0,0.0,3178.999984264374
2025-02-03,61765.74078698121,1188.7409321259704,2200,25.5,34.0,25.0,76.99999827891588,4553.999853134155
2025-02-04,62205.74095433615,1188.7409321259704,2200,26.27,34.0,25.0,54.9999987706542,3278.000020980835
2025-02-05,63822.740923848374,1188.7409321259704,2200,27.76,34.0,25.0,231.0000030323863,1792.9999947547913
2025-02-06,63635.74096359722,1188.7409321259704,2200,27.65,34.0,25.0,3.1410603923322323e-13,1617.0000314712524
2025-02-07,61501.74088491908,1188.7409321259704,2200,26.33,,25.0,0.0,2386.9999527931213
2025-02-10,62586.23091666326,1195.2309316612777,2200,27.35,34.0,25.0,32.99999926239252,1253.9999842643738
2025-02-11,62729.23031994752,1195.2309316612777,2200,27.41,34.0,25.0,0.000616958968633515,1232.0000052452087
2025-02-12,62586.230899394744,1195.2309316612777,2200,27.5,34.0,25.0,2.1065860354969095e-06,890.9999698400497
2025-02-13,64324.23092772551,1195.2309316612777,2200,28.49,34.0,25.0,1.8630081299204983e-09,450.99999606609344
2025-02-14,64236.2309280552,1195.2309316612777,2200,28.54,,25.0,0.0,252.999996393919
2025-02-18,67221.30093133263,1243.3009302671996,2200,29.97,34.0,25.0,54.9999987706542,98.99999983608723
2025-02-19,70312.30092477612,1243.3009302671996,2200,31.45,34.0,25.0,176.0000042617321,54.9999987706542
2025-02-20,70917.3009302672,1243.3009302671996,2200,31.67,34.0,25.0,54.9999987706542,54.9999987706542
2025-02-21,64493.3009302672,1243.3009302671996,2200,28.75,,,0.0,0.0
2025-02-24,61360.8757468041,2964.375836341456,1900,26.71,34.0,26.0,47.499998938292265,7694.99990940094
2025-02-25,59394.37619937472,2964.375836341456,1900,25.04,34.0,26.0,28.49999936297536,8882.50036239624
2025-02-26,60268.37570107989,2964.375836341456,1900,26.35,34.0,26.0,28.49999936297536,7267.49986410141
2025-02-27,56477.87574574239,2964.375836341456,1900,21.74,34.0,26.0,7.731714379279061e-64,12207.49990940094
2025-02-28,57408.87574574239,2964.375836341456,1900,22.73,,26.0,0.0,11257.49990940094
2025-03-03,55981.43555911221,161.43584521450134,2000,20.51,34.0,26.0,7.016972504530998e-20,14799.999713897705
2025-03-04,54781.435941476004,161.43584521450134,2000,20.63,34.0,26.0,39.99999910593033,13400.000095367432
2025-03-05,56401.43575051762,161.43584521450134,2000,21.96,34.0,26.0,29.999999329447746,12349.999904632568
2025-03-06,55321.43565447964,161.43584521450134,2000,19.23,34.0,26.0,1.3304451936689501e-103,16699.999809265137
2025-03-07,55641.4361313168,161.43584521450134,2000,20.89,,26.0,0.0,13700.000286102295
2025-03-10,54047.01688659199,167.33584479205342,2000,17.99,34.0,26.0,200.31933966978644,18100.000381469727
2025-03-11,51927.33622626178,167.33584479205342,2000,17.33,34.0,26.0,4.4088941731146093e-48,17100.000381469727
2025-03-12,53092.64146888552,167.33584479205342,2000,18.39,34.0,26.0,454.69475737626254,16600.000381469727
2025-03-13,53357.33565405719,167.33584479205342,2000,18.12,34.0,26.0,2.6587205037866234e-126,16949.999809265137
2025-03-14,54247.335844792055,167.33584479205342,2000,19.79,,26.0,0.0,14500.0
2025-03-17,54973.23555826731,173.2358443696055,2000,20.75,34.0,26.0,6.150067703584105e-19,13299.999713897705
2025-03-18,54213.2361304719,173.2358443696055,2000,19.92,34.0,26.0,4.487830282599274e-30,14200.000286102295
2025-03-19,53523.23603510447,173.2358443696055,2000,20.4,34.0,26.0,1.887910547457326e-41,12550.000190734863
2025-03-20,53755.60904020736,173.2358443696055,2000,19.9,34.0,26.0,17.626518059953188,13799.999713897705
2025-03-21,53303.23593973704,173.2358443696055,2000,19.24,,26.0,0.0,14650.000095367432
2025-03-24,53880.23555826731,160.2358443696055,2000,20.96,34.0,26.0,3.871682278249915e-18,11799.999713897705
2025-03-25,53501.384465996714,160.2358443696055,2000,20.55,34.0,26.0,158.85147374032306,12400.000095367432
2025-03-26,52980.62848412484,160.2358443696055,2000,18.78,34.0,26.0,39.60707414247061,15299.999713897705
2025-03-27,52710.23546289988,160.2358443696055,2000,17.7,34.0,26.0,7.192432711375792e-136,17149.999618530273
2025-03-28,52430.235844369614,160.2358443696055,2000,16.01,,26.0,0.0,20250.0
2025-03-31,52107.23527216502,147.2358443696055,2000,15.93,34.0,26.0,1.4276633679826545e-45,20099.99942779541
2025-04-01,52447.2364165742,147.2358443696055,2000,15.95,34.0,26.0,9.664116173993793e-61,20400.00057220459
2025-04-02,52397.23584436961,147.2358443696055,2000,16.25,34.0,26.0,7.792044302374588e-87,19750.0
2025-04-03,50258.037942265,147.2358443696055,2000,11.41,34.0,26.0,1259.1971391651534,28549.999237060547
2025-04-04,51487.23546289988,147.2358443696055,2000,8.72,,26.0,0.0,33899.99961853027
2025-04-07,52344.23603510447,134.2358443696055,2000,9.33,34.0,26.0,4.358036134534024e-133,33550.00019073486
2025-04-08,52814.23565363474,134.2358443696055,2000,8.24,34.0,26.0,3.89738359077151e-213,36199.99980926514
2025-04-09,52134.23603510447,134.2358443696055,2000,12.85,34.0,26.0,8.678637371641806e-151,26300.000190734863
2025-04-10,53244.23527216502,134.2358443696055,2000,9.63,34.0,26.0,0.0,33849.99942779541
2025-04-11,52334.23565363474,134.2358443696055,2000,10.25,,26.0,0.0,31699.999809265137
2025-04-14,52021.23584436961,121.2358443696055,2000,10.45,34.0,26.0,9.922697504254935e-148,31000.0
2025-04-15,52011.23584436961,121.2358443696055,2000,10.57,34.0,26.0,2.8181366691482724e-217,30750.0
2025-04-16,51571.23584436961,121.2358443696055,2000,9.35,34.0,26.0,0.0,32750.0
2025-04-17,50531.23508143015,121.2358443696055,2000,9.18,,26.0,0.0,32049.999237060547
2025-04-21,52768.23508143015,108.2358443696055,2000,8.68,34.0,26.0,2.289996904951702e-148,35299.99923706055
2025-04-22,51988.23584436961,108.2358443696055,2000,9.19,34.0,26.0,1.254159715518401e-181,33500.0
2025-04-23,52318.23489069529,108.2358443696055,2000,10.23,34.0,26.0,1.3845427675879062e-229,31749.999046325684
2025-04-24,53138.23565363474,108.2358443696055,2000,12.04,34.0,26.0,0.0,28949.999809265137
2025-04-25,51918.23546289988,108.2358443696055,2000,12.33,,26.0,0.0,27149.999618530273
2025-04-28,52173.535839732365,983.5358421165498,2000,12.25,13.0,26.0,810.0000023841858,27500.0
2025-04-29,52403.53526812382,983.5358421165498,2000,11.87,13.0,26.0,420.00000178813934,28099.99942779541
2025-04-30,52333.536031063275,983.5358421165498,2000,12.11,13.0,26.0,420.00000178813934,27550.000190734863
2025-05-01,52393.53584122248,983.5358421165498,2000,12.06,13.0,26.0,210.00000089406967,27500.0
2025-05-02,52223.53584211655,26973.53584211655,0,13.32,,26.0,0.0,25250.0
2025-05-05,51883.23566966839,1543.2358556348845,2000,13.01,14.0,26.0,629.9999952316284,24949.999809265137
2025-05-06,52423.23604994603,1543.2358556348845,2000,12.62,14.0,26.0,409.9999964237213,26050.000190734863
2025-05-07,52803.23507958241,1543.2358556348845,2000,13.27,14.0,26.0,580.0000131130219,25299.999237060547
2025-05-08,53103.23643558808,1543.2358556348845,2000,13.67,14.0,26.0,429.9999922513962,24650.00057220459
2025-05-09,53533.235855634885,29533.235855634885,0,14.09,,26.0,0.0,24000.0
2025-05-12,47500.25560528822,2149.2559507567485,1800,17.15,17.5,26.0,1179.0000021457672,15659.999656677246
2025-05-13,46042.25598079749,2149.2559507567485,1800,18.59,17.5,26.0,2618.999969959259,13050.0
2025-05-14,46195.2560322959,2149.2559507567485,1800,18.83,17.5,26.0,2808.0000042915344,12960.000085830688
2025-05-15,47194.25544435569,2149.2559507567485,1800,18.48,17.5,26.0,2033.9999914169312,13814.99948501587
2025-05-16,47338.25595075675,47338.25595075675,0,18.39,,,0.0,0.0
2025-05-19,47758.052114262064,2528.551979913197,2300,18.07,18.5,16.0,1368.4999972581863,5037.000131607056
2025-05-20,48045.55207587667,2528.551979913197,2300,17.99,18.5,16.0,954.4999808073044,5094.5000767707825
2025-05-21,47378.551900743325,2528.551979913197,2300,16.96,18.5,16.0,287.4999914318323,6129.499912261963
2025-05-22,46619.551816946645,2528.551979913197,2300,16.5,18.5,16.0,68.99999845772982,6209.99983549118
2025-05-23,45699.55187024065,2528.551979913197,2300,15.72,,16.0,0.0,7014.999890327454
2025-05-27,47572.07100612112,1144.0709789414032,2400,17.31,18.5,16.0,768.0000185966492,5652.000045776367
2025-05-28,47296.07098609396,1144.0709789414032,2400,17.03,18.5,16.0,719.9999928474426,6000.0
2025-05-29,47872.0707851071,1144.0709789414032,2400,17.19,18.5,16.0,131.99999928474426,5603.999805450439
2025-05-30,46420.07077294775,1144.0709789414032,2400,16.15,,16.0,0.0,6515.999794006348
2025-06-02,47083.31091948935,1423.3109681267365,2400,16.91,18.5,16.0,372.00000286102295,5447.999954223633
2025-06-03,48355.31109973379,1423.3109681267365,2400,18.3,18.5,16.0,1379.9999713897705,4392.000102996826
2025-06-04,48871.31089087911,1423.3109681267365,2400,19.08,18.5,16.0,2316.000008583069,3971.999931335449
2025-06-05,48967.31108542867,1423.3109681267365,2400,18.83,18.5,16.0,1883.9999914169312,4236.000108718872
2025-06-06,49627.31104823538,45811.31096812674,0,19.17,,16.0,0.0,3816.0000801086426
2025-06-09,49235.03287441918,2705.0329321164727,2200,20.56,21.0,16.0,1528.9999842643738,2826.9999265670776
2025-06-10,50247.0328849096,2705.0329321164727,2200,21.9,21.0,16.0,2959.000062942505,2321.000015735626
2025-06-11,50522.03299505898,2705.0329321164727,2200,21.64,21.0,16.0,2364.9999737739563,2574.000036716461
2025-06-12,50951.03290589043,2705.0329321164727,2200,21.73,21.0,16.0,2013.0000472068787,2453.000020980835
2025-06-13,50126.03287966439,2705.0329321164727,2200,20.03,,16.0,0.0,3354.9999475479126
2025-06-16,52669.37888190933,2885.8789202947255,2300,21.94,21.0,16.0,3243.0000603199005,2564.5000219345093
2025-06-17,52473.878958680114,2885.8789202947255,2300,21.39,21.0,16.0,2403.5000383853912,2794.5000767707825
2025-06-18,53002.878936745605,2885.8789202947255,2300,21.61,21.0,16.0,2161.9999945163727,2576.0000109672546
2025-06-20,53865.378958680114,51174.37892029472,0,21.21,,16.0,0.0,2691.0000383853912
2025-06-23,53575.1190299947,2687.61896693298,2300,21.56,22.5,16.0,873.9999890327454,2173.5000520944595
2025-06-24,55047.11891209671,2687.61896693298,2300,23.99,22.5,16.0,4140.000027418137,1322.4999725818634
2025-06-25,55231.11894362757,2687.61896693298,2300,24.6,22.5,16.0,5175.0,1138.499976694584
2025-06-26,55392.1188504059,2687.61896693298,2300,25.19,22.5,16.0,6233.000087738037,1000.4999712109566
2025-06-27,55472.61896282026,54426.11896693298,0,25.09,,16.0,0.0,1046.4999958872795
2025-06-30,55728.01895587334,3123.018984662385,2100,25.02,26.0,16.0,766.5000200271606,829.4999912381172
2025-07-01,55392.01898653993,3123.018984662385,2100,24.68,26.0,16.0,377.99999937415123,819.0000012516975
2025-07-02,57544.51900218615,3123.018984662385,2100,26.08,26.0,16.0,1039.4999787211418,692.9999962449074
2025-07-03,58332.018988417476,57712.51898466238,0,26.45,,16.0,0.0,619.5000037550926
2025-07-07,57036.20097723493,1948.2009903479513,2200,24.94,27.0,16.0,572.0000118017197,791.9999986886978
2025-07-08,59346.20104148873,1948.2009903479513,2200,26.38,27.0,16.0,1275.9999632835388,638.000014424324
2025-07-09,59995.20100805053,1948.2009903479513,2200,26.62,27.0,16.0,1077.9999881982803,561.0000059008598
2025-07-10,61227.20100346098,1948.2009903479513,2200,27.42,27.0,16.0,1517.9999947547913,473.0000078678131
2025-07-11,61953.200976579275,61337.20099034795,0,27.25,,16.0,0.0,615.9999862313271
2025-07-14,63603.09001974055,3929.589960106101,2300,26.48,27.0,16.0,1782.4999451637268,552.0000047981739
2025-07-15,64649.589961477,3929.589960106101,2300,27.26,27.0,16.0,2449.4999945163727,471.4999958872795
2025-07-16,64845.08996833154,3929.589960106101,2300,27.02,27.0,16.0,1736.4999890327454,505.99999725818634
2025-07-17,65650.089910068,3929.589960106101,2300,27.32,27.0,16.0,1529.5000493526459,413.9999993145466
2025-07-18,66581.58995393701,66018.0899601061,0,27.35,,16.0,0.0,563.4999938309193
2025-07-21,65127.06996482202,2187.5699497420396,2300,27.45,30.0,16.0,563.4999938309193,368.0000089108944
2025-07-22,62850.0699517984,2187.5699497420396,2300,26.29,30.0,16.0,195.50000205636024,391.0000041127205
2025-07-23,61918.56995171272,2187.5699497420396,2300,25.8,30.0,16.0,57.49999871477485,448.5000006854534
2025-07-24,61332.069952912265,2187.5699497420396,2300,25.61,30.0,16.0,34.49999922886491,276.00000239908695
2025-07-25,61286.06994597204,2187.5699497420396,2300,25.58,,16.0,0.0,264.4999962300062
2025-07-28,64369.909949838,2476.9099510375468,2300,26.97,30.0,16.0,333.50000753998756,195.5000063404441
2025-07-29,64645.90994452574,2476.9099510375468,2300,27.07,30.0,16.0,356.50000274181366,264.4999962300062
2025-07-30,65807.40995000937,2476.9099510375468,2300,27.64,30.0,16.0,425.5000054836273,184.0000044554472
2025-07-31,60057.40994769596,2476.9099510375468,2300,24.97,30.0,16.0,57.49999871477485,206.99999537318945
2025-08-01,58217.409948981185,2476.9099510375468,2300,24.07,,16.0,0.0,379.49999794363976
2025-08-04,60290.39995106497,2548.8999490942865,2300,25.06,30.0,16.0,80.49999820068479,184.00000017136335
2025-08-05,59002.39995320701,2548.8999490942865,2300,24.5,30.0,16.0,45.99999897181988,149.50000308454037
2025-08-06,57737.3999487075,2548.8999490942865,2300,23.95,30.0,16.0,2.1542658365648003e-07,103.49999982863665
2025-08-07,60413.193329506146,2548.8999490942865,2300,25.14,30.0,16.0,26.70661804587016,68.99999845772982
2025-08-08,61762.39994780906,2548.8999490942865,2300,25.72,,16.0,0.0,57.49999871477485
2025-08-11,61507.329945379126,2707.829945207766,2300,25.61,30.0,16.0,103.49999982863665,3.116705507338937e-17
2025-08-12,66889.32993766778,2707.829945207766,2300,28.05,30.0,16.0,333.50000753998756,2.5388640987063523e-33
2025-08-13,69177.82992464416,2707.829945207766,2300,29.25,30.0,16.0,805.0000205636024,5.017873769018303e-58
2025-08-14,69660.82994040959,2707.829945207766,2300,29.35,30.0,16.0,552.0000047981739,1.7537911306502322e-117
2025-08-15,65520.82994520776,2707.829945207766,2300,27.31,,,0.0,0.0
2025-08-18,65449.42979535573,3249.429754228525,2000,27.52,30.0,26.0,290.0000065565109,7450.000047683716
2025-08-19,64139.429754824574,3249.429754228525,2000,26.25,30.0,26.0,109.99999940395355,8500.0
2025-08-20,63419.43004144841,3249.429754228525,2000,25.76,30.0,26.0,49.99999888241291,8700.000286102295
2025-08-21,63089.338084713614,3249.429754228525,2000,25.33,30.0,26.0,20.091955617207113,9200.000286102295
2025-08-22,65609.42975422853,3249.429754228525,2000,27.43,,26.0,0.0,7500.0
2025-08-25,62501.36966327392,477.8697577770875,2100,27.23,30.0,26.0,367.50000938773155,5207.999914884567
2025-08-26,66123.86991236173,477.8697577770875,2100,27.97,30.0,26.0,545.9999956190586,7455.000150203705
2025-08-27,66102.86954874359,477.8697577770875,2100,28.13,30.0,26.0,745.5000087618828,7297.499799728394
2025-08-28,66921.86960647814,477.8697577770875,2100,28.5,30.0,26.0,126.00000109523535,6719.999849796295
2025-08-29,63824.370008116595,477.8697577770875,2100,26.04,,26.0,0.0,8662.500250339508
2025-09-02,62872.75480768774,523.7547564463765,2100,25.24,30.0,26.0,52.499998826533556,9397.500050067902
2025-09-03,61822.75485728626,523.7547564463765,2100,24.88,30.0,26.0,31.499999295920134,9082.500100135803
2025-09-04,63796.75500656411,523.7547564463765,2100,25.63,30.0,26.0,2.217700948331372e-07,9450.000250339508
2025-09-05,64090.754756446375,523.7547564463765,2100,26.52,,26.0,0.0,7875.0
2025-09-08,64496.05481103603,708.554759403512,2100,27.1,30.0,26.0,157.49999843537807,7035.000050067902
2025-09-09,64569.55466255341,708.554759403512,2100,27.18,30.0,26.0,146.99999671429396,6929.999899864197
2025-09-10,66291.5548657978,708.554759403512,2100,28.58,30.0,26.0,357.0000037550926,5922.0001101493835
2025-09-11,67173.55476722663,708.554759403512,2100,29.15,30.0,26.0,252.0000021904707,5502.00001001358
2025-09-12,67698.55472936278,708.554759403512,2100,29.26,,26.0,0.0,5543.999969959259
2025-09-15,68948.26471989995,2441.2647499406785,2100,30.03,30.0,26.0,2120.9999799728394,5564.999949932098
2025-09-16,68412.76477497462,2441.2647499406785,2100,30.49,30.0,26.0,2792.999964952469,4735.49998998642
2025-09-17,68916.76498525981,2441.2647499406785,2100,30.46,30.0,26.0,2561.999934911728,5071.5001702308655
2025-09-18,69200.26467984561,2441.2647499406785,2100,33.63,30.0,26.0,7560.000050067902,3695.9999799728394
2025-09-19,68843.26474994069,65430.76474994068,0,32.97,,26.0,0.0,3412.5
2025-09-22,69128.18876660708,1858.688721307556,1900,34.43,36.0,26.0,1178.000009059906,3030.500054359436
2025-09-23,68909.68874735478,1858.688721307556,1900,34.32,36.0,26.0,1083.0000147223473,2926.000040769577
2025-09-24,69308.68877057079,1858.688721307556,1900,34.16,36.0,26.0,379.9999915063381,2926.000040769577
2025-09-25,69166.188732774,1858.688721307556,1900,33.82,36.0,26.0,142.50000212341547,3192.000013589859
2025-09-26,69346.68878019696,1858.688721307556,1900,33.99,,26.0,0.0,2907.000058889389
2025-09-29,70112.19875580315,3498.198751273195,1900,34.0,36.0,26.0,978.499972820282,2992.499977350235
2025-09-30,71394.698722961,3498.198751273195,1900,34.86,36.0,26.0,969.0000101923943,2631.499981880188
2025-10-01,73009.69870144372,3498.198751273195,1900,36.87,36.0,26.0,2812.000036239624,2270.499986410141
2025-10-02,73228.19880110268,3498.198751273195,1900,39.04,36.0,26.0,6175.0,1729.000049829483
2025-10-03,73874.19872635846,71888.6987512732,0,38.23,,26.0,0.0,1985.4999750852585
2025-10-06,72617.68477643971,6289.6847669029685,1600,41.68,44.0,26.0,1663.9999866485596,1303.9999961853027
2025-10-07,69625.68476261145,6289.6847669029685,1600,38.84,44.0,26.0,360.0000023841858,1551.9999980926514
2025-10-08,74329.68475545887,6289.6847669029685,1600,42.83,44.0,26.0,1424.0000247955322,936.0000133514404
2025-10-09,74313.68474401478,6289.6847669029685,1600,42.25,44.0,26.0,640.0000095367432,1063.9999866485596
2025-10-10,63689.68470586781,6289.6847669029685,1600,34.21,,26.0,0.0,2663.9999389648438
2025-10-13,70563.45975346211,2911.95976410155,1700,39.14,44.0,26.0,611.999986320734,1725.499975681305
2025-10-14,67137.95980589931,2911.95976410155,1700,36.63,44.0,26.0,229.50000278651714,2184.5000445842743
2025-10-15,72033.95976511482,2911.95976410155,1700,40.02,44.0,26.0,663.000001013279,1751.000002026558
2025-10-16,73351.45973674301,2911.95976410155,1700,40.59,44.0,26.0,289.0000030398369,1725.499975681305
2025-10-17,72858.45977018122,2911.95976410155,1700,40.18,,26.0,0.0,1640.5000060796738
2025-10-20,76184.50967513566,5150.009725799605,1700,42.16,44.0,26.0,2065.500056743622,1428.0000060796738
2025-10-21,76065.50971769338,5150.009725799605,1700,41.46,44.0,26.0,1062.5,1495.9999918937683
2025-10-22,71781.50975341146,5150.009725799605,1700,38.38,44.0,26.0,178.50000075995922,1564.000028371811
2025-10-23,75921.00970198755,5150.009725799605,1700,41.17,44.0,26.0,305.9999994933605,1087.999975681305
2025-10-24,79508.0096974278,5150.009725799605,1700,43.16,,26.0,0.0,985.9999716281891
2025-10-27,83417.849965089,6395.849806302234,1800,46.82,44.0,26.0,7829.999828338623,575.9999871253967
2025-10-28,84380.84984117094,6395.849806302234,1800,46.9,44.0,26.0,7019.999957084656,584.999991953373
2025-10-29,85541.8495402271,6395.849806302234,1800,49.44,44.0,26.0,10980.000257492065,1133.9999914169312
2025-10-30,84560.84967594687,6395.849806302234,1800,47.31,44.0,26.0,7515.000128746033,521.9999983906746
2025-10-31,86117.84979610983,85586.84980630223,0,47.71,,26.0,0.0,530.9999898076057
2025-11-03,85457.41682606582,4613.91682150606,1700,48.55,51.0,26.0,2022.9999959468842,331.5000005066395
2025-11-04,77586.41683062557,4613.91682150606,1700,42.79,51.0,26.0,263.5000020265579,493.0000111460686
2025-11-05,83952.9168122599,4613.91682150606,1700,46.76,51.0,26.0,416.5000081062317,263.49999886006117
2025-11-06,78155.91682498921,4613.91682150606,1700,43.06,51.0,26.0,68.00000006332994,408.00000354647636
2025-11-07,76098.9168220127,4613.91682150606,1700,41.73,,26.0,0.0,544.0000005066395
2025-11-10,81121.0128246868,526.0128218704828,1800,44.97,51.0,26.0,512.9999935626984,161.99999637901783
2025-11-11,75874.01281771305,526.0128218704828,1800,41.84,51.0,26.0,144.00000348687172,179.99999932944775
2025-11-12,79321.01281623784,526.0128218704828,1800,43.76,51.0,26.0,126.00000388920307,152.99999825656414
2025-11-13,71401.01281563434,526.0128218704828,1800,39.22,51.0,26.0,99.00000113993883,377.9999949038029
2025-11-14,70699.01282187048,526.0128218704828,1800,38.86,,26.0,0.0,225.0
2025-11-17,67104.4128203148,684.4128244051703,1800,36.84,51.0,26.0,90.00000301748514,197.9999989271164
2025-11-18,62631.41282641683,684.4128244051703,1800,34.34,51.0,26.0,242.99999959766865,378.0000016093254
2025-11-19,65529.41282641683,684.4128244051703,1800,35.95,51.0,26.0,108.00000093877316,243.00000295042992
2025-11-20,56556.85132798595,684.4128244051703,1800,30.81,51.0,26.0,17.561513585356032,432.0000171661377
2025-11-21,57744.41282440517,684.4128244051703,1800,31.7,,,0.0,0.0
2025-11-24,63975.927936244865,2093.4280077743133,1500,35.83,51.0,33.0,3.879879307614749e-09,8137.499928474426
2025-11-25,64793.73339851643,2093.4280077743133,1500,36.16,51.0,33.0,14.694752309017872,8475.000143051147
2025-11-26,67485.92786472302,2093.4280077743133,1500,39.12,51.0,33.0,1.3552410731893136e-10,6712.4998569488525
2025-11-28,69780.92807929988,2093.4280077743133,1500,41.3,,33.0,0.0,5737.500071525574
2025-12-01,69814.43401492288,2112.0280071406414,1500,41.33,51.0,33.0,30.093884929411118,5737.499892711639
2025-12-02,72702.02804525036,2112.0280071406414,1500,43.78,51.0,33.0,104.99999765306711,5025.000035762787
2025-12-03,76219.52807307828,2112.0280071406414,1500,46.58,51.0,33.0,187.50000558793545,4425.000071525574
2025-12-04,74367.02800708477,2112.0280071406414,1500,45.21,51.0,33.0,60.000000055879354,4500.0
2025-12-05,75889.528114429,2112.0280071406414,1500,46.51,,33.0,0.0,4012.5001072883606
2025-12-08,77953.15290736247,3590.6529395489742,1500,47.99,51.0,33.0,1387.5000178813934,3764.9999856948853
2025-12-09,77945.65295743037,3590.6529395489742,1500,47.77,51.0,33.0,1012.5000178813934,3712.500035762787
2025-12-10,80368.1529359727,3590.6529395489742,1500,49.62,51.0,33.0,1117.5000071525574,3465.0000035762787
2025-12-11,79325.65296637107,3590.6529395489742,1500,48.79,51.0,33.0,592.5000160932541,3142.5000429153442
2025-12-12,70903.1528680234,3590.6529395489742,1500,41.7,,33.0,0.0,4762.499928474426
2025-12-15,69996.85287277985,3779.35294039387,1500,41.17,51.0,33.0,105.00000324100256,4567.499935626984
2025-12-16,69216.85297610078,3779.35294039387,1500,40.44,51.0,33.0,60.000000055879354,4837.500035762787
2025-12-17,62631.85281270955,3779.35294039387,1500,36.01,51.0,33.0,172.49999893829226,5009.999871253967
2025-12-18,66996.46029713428,3779.35294039387,1500,38.58,51.0,33.0,15.392714785162909,5362.500071525574
2025-12-19,70341.85299761433,3779.35294039387,1500,41.79,,33.0,0.0,3877.500057220459
2025-12-22,72171.8244803846,3840.47794144999,1500,43.27,51.0,33.0,76.15351828584427,3502.500057220459
2025-12-23,72323.07219103316,3840.47794144999,1500,43.7,51.0,33.0,14.905711077769308,2947.4999606609344
2025-12-24,73050.44320739814,3840.47794144999,1500,44.2,51.0,33.0,0.034641068601465624,2909.999907016754
2025-12-26,72840.4778556193,3840.47794144999,1500,44.19,,33.0,0.0,2714.9999141693115
2025-12-29,72285.66988086469,3863.1698335348724,1500,43.86,51.0,33.0,37.49999916180968,2670.000046491623
2025-12-30,71858.1698662243,3863.1698335348724,1500,43.68,51.0,33.0,22.49999949708581,2497.500032186508
2025-12-31,69833.16986391715,3863.1698335348724,1500,42.03,51.0,33.0,4.114330408269104e-05,2925.0000715255737
2026-01-02,76950.6698979079,3863.1698335348724,1500,47.27,,33.0,0.0,2182.5000643730164
2026-01-05,79887.21978818766,6064.719752424871,1500,49.24,51.0,33.0,1972.4999964237213,1935.0000321865082
2026-01-06,82699.71989368788,6064.719752424871,1500,53.97,51.0,33.0,5737.499892711639,1417.5000339746475
2026-01-07,82504.71980964534,6064.719752424871,1500,52.25,51.0,33.0,3314.999967813492,1380.0000250339508
2026-01-08,81087.21972202651,6064.719752424871,1500,49.65,51.0,33.0,787.5000089406967,1334.9999785423279
2026-01-09,83614.71977209441,82557.21975242488,0,53.91,,33.0,0.0,1057.5000196695328
2026-01-12,83667.21985488526,3814.719820016544,1500,54.65,55.0,33.0,2954.999953508377,832.4999883770943
2026-01-13,84784.71985130898,3814.719820016544,1500,56.08,55.0,33.0,3997.499942779541,847.4999740719795
2026-01-14,84874.7197681605,3814.719820016544,1500,55.41,55.0,33.0,3000.000089406967,945.0000375509262
2026-01-15,86659.71999793641,3814.719820016544,1500,58.12,55.0,33.0,5399.9998569488525,1065.0000348687172
2026-01-16,86922.21981465213,86307.21982001654,0,60.72,,33.0,0.0,614.999994635582
2026-01-20,85182.00183326594,4969.001830762546,1400,58.0,61.0,33.0,1861.9999766349792,874.9999791383743
2026-01-21,88542.00182074896,4969.001830762546,1400,63.5,61.0,33.0,5950.0,622.9999899864197
2026-01-22,90698.00187165133,4969.001830762546,1400,63.75,61.0,33.0,4059.999966621399,539.0000075101852
2026-01-23,91006.00184244505,90362.00183076254,0,61.55,,33.0,0.0,644.0000116825104
2026-01-26,89333.28171083322,6719.281755059876,1400,60.68,63.0,33.0,2751.0000467300415,413.0000025033951
2026-01-27,91860.28174588075,6719.281755059876,1400,64.98,63.0,33.0,6300.0,468.9999908208847
2026-01-28,94170.28215435137,6719.281755059876,1400,70.1,63.0,33.0,11094.999599456787,405.99999874830246
2026-01-29,95493.28149846186,6719.281755059876,1400,70.46,63.0,33.0,10395.000267028809,525.0000104308128
2026-01-30,93589.28175213924,6719.281755059876,1400,61.79,,33.0,0.0,363.9999970793724
2026-02-02,97378.69467336377,5653.694822226383,1500,65.21,63.0,33.0,6975.0001430511475,884.9999941885471
2026-02-03,94416.19474623047,5653.694822226383,1500,61.2,63.0,33.0,3480.000078678131,442.500002682209
2026-02-04,85588.69484122537,5653.694822226383,1500,53.19,63.0,33.0,540.0000046938658,690.0000236928463
2026-02-05,86166.1948362521,5653.694822226383,1500,53.26,63.0,33.0,67.49999849125743,690.0000125169754
2026-02-06,98766.19481865011,5653.694822226383,1500,61.76,,33.0,0.0,472.4999964237213
2026-02-09,101716.69474859975,10321.694754634715,1500,64.0,63.0,33.0,4875.0,269.9999939650297
2026-02-10,100966.69475094668,10321.694754634715,1500,63.32,63.0,33.0,4500.0,164.9999963119626
2026-02-11,103509.19468165626,10321.694754634715,1500,67.99,63.0,33.0,8925.000071525574,127.49999854713678
2026-02-12,100546.69475340538,10321.694754634715,1500,63.03,63.0,33.0,4492.500007152557,172.50000592321157
2026-02-13,104919.19475508176,104814.19475463472,0,64.59,,33.0,0.0,105.00000044703484
2026-02-17,108481.07966839217,8682.579831086769,1700,64.34,60.5,33.0,9605.000162124634,25.499999430030584
2026-02-18,111081.78879661426,8682.579831086769,1700,66.35,60.5,33.0,10412.5,16.70896552750666
2026-02-19,111821.57991214909,8682.579831086769,1700,65.22,60.5,33.0,7734.999918937683,7.85331742222623e-148
2026-02-20,111524.07983108677,111524.07983108677,0,67.11,,,0.0,0.0
2026-02-23,110119.12699402939,10285.626975432737,1300,65.81,69.0,65.0,3106.999981403351,17387.5
2026-02-24,110886.12672747741,10285.626975432737,1300,68.56,69.0,65.0,4550.0,16022.499752044678
2026-02-25,111412.62734736572,10285.626975432737,1300,71.84,69.0,65.0,6662.5,14397.500371932983
2026-02-26,112485.12722532521,10285.626975432737,1300,65.34,69.0,65.0,357.49999806284904,17615.000247955322
2026-02-27,110444.1270994104,10285.626975432737,1300,62.77,,65.0,0.0,18557.50012397766
2026-03-02,109922.85438225637,3795.854909638269,1400,62.66,69.0,65.0,1406.9999933242798,19809.999465942383
2026-03-03,103545.855178336,3795.854909638269,1400,53.42,69.0,65.0,132.99999833106995,25095.00026702881
2026-03-04,106387.85464417408,3795.854909638269,1400,56.63,69.0,65.0,69.99999843537807,23379.99973297119
2026-03-05,104406.85410912553,3795.854909638269,1400,54.7,69.0,65.0,83.9999994263053,24114.999198913574
2026-03-06,101592.85544369588,3795.854909638269,1400,47.88,,65.0,0.0,30765.000534057617
2026-03-09,103442.67544934522,3839.674908455415,1400,53.43,69.0,65.0,188.9999931678176,24990.000534057617
2026-03-10,104023.67517277221,3839.674908455415,1400,54.59,69.0,65.0,112.00000271201134,23870.00026702881
2026-03-11,103617.67464106153,3839.674908455415,1400,56.1,69.0,65.0,42.00000036507845,21279.99973297119
2026-03-12,101782.44306145073,3839.674908455415,1400,50.28,69.0,65.0,29.231579975883136,27579.99973297119
2026-03-13,101741.67597657065,3839.674908455415,1400,50.73,,65.0,0.0,26880.001068115234
2026-03-16,102351.79384373645,4015.7949092439844,1400,53.69,69.0,65.0,174.9999973922968,23344.998931884766
2026-03-17,103324.79464148502,4015.7949092439844,1400,54.92,69.0,65.0,84.0000007301569,22504.99973297119
2026-03-18,101665.79437529067,4015.7949092439844,1400,54.02,69.0,65.0,62.99999989569187,22084.999465942383
2026-03-19,102505.28141911059,4015.7949092439844,1400,54.86,69.0,65.0,154.5140241910051,21840.000534057617
2026-03-20,101511.79490924398,4015.7949092439844,1400,51.14,,65.0,0.0,25900.0
2026-03-23,101030.68516985993,4178.684902935429,1400,52.96,69.0,65.0,112.00000010430813,22820.00026702881
2026-03-24,102717.68530222695,4178.684902935429,1400,55.02,69.0,65.0,119.00000125169754,21630.000400543213
2026-03-25,103368.68476670902,4178.684902935429,1400,57.08,69.0,65.0,112.00000271201134,19389.999866485596
2026-03-26,98887.50601032577,4178.684902935429,1400,48.97,69.0,65.0,29.178625580859475,26179.99973297119
2026-03-27,98258.68543699305,4178.684902935429,1400,46.6,,65.0,0.0,28840.000534057617
2026-03-30,97408.04597045924,4196.0449023440015,1400,40.63,69.0,65.0,2.3973962564294652e-29,36330.001068115234
2026-03-31,98464.3962097402,4196.0449023440015,1400,47.94,69.0,65.0,112.64922666142647,27265.000534057617
2026-04-01,100634.25708513301,4196.0449023440015,1400,52.27,69.0,65.0,154.78835126860645,23415.000534057617
2026-04-02,100992.0450358584,4196.0449023440015,1400,52.74,,65.0,0.0,22960.000133514404
2026-04-06,101763.16490135933,4372.1649031325705,1400,54.8,69.0,65.0,154.00000177323818,20825.0
2026-04-07,102897.16475835288,4372.1649031325705,1400,56.54,69.0,65.0,371.00001126527786,19739.999866485596
2026-04-08,108686.16503998483,4372.1649031325705,1400,67.55,69.0,65.0,2190.99999666214,11935.000133514404
2026-04-09,109764.16483637536,4372.1649031325705,1400,71.98,69.0,65.0,4900.0,9519.999933242798
2026-04-10,109085.16483637536,100965.16490313257,0,76.38,,65.0,0.0,8119.999933242798
2026-04-13,109012.70492638792,5142.704802410252,1300,80.5,79.0,65.0,6597.500061988831,5817.500185966492
2026-04-14,110364.70458544935,5142.704802410252,1300,85.39,79.0,65.0,10595.000123977661,4809.999907016754
2026-04-15,111391.70498837675,5142.704802410252,1300,85.88,79.0,65.0,10107.499814033508,4712.5
2026-04-16,111892.20458544935,5142.704802410252,1300,88.44,79.0,65.0,12415.000247955322,4192.500030994415
2026-04-17,110722.20483960355,107836.20480241026,0,94.72,,65.0,0.0,2886.0000371932983
2026-04-20,110818.79377104488,7737.793857590819,1100,95.94,97.0,65.0,4620.000052452087,2166.999965906143
2026-04-21,111473.29381825175,7737.793857590819,1100,98.08,97.0,65.0,6462.5,2309.9999606609344
2026-04-22,111132.2938444778,7737.793857590819,1100,105.67,97.0,65.0,14437.5,1594.9999868869781
2026-04-23,112221.29302360263,7737.793857590819,1100,112.69,97.0,65.0,20845.0008392334,1369.5000052452087
2026-04-24,115411.29387463775,114432.29385759082,0,128.25,,65.0,0.0,979.0000170469284
2026-04-27,115352.1168389484,9471.616887228156,900,123.37,126.0,65.0,5805.000042915344,652.499994635582
2026-04-28,107229.61686147895,9471.616887228156,900,109.59,126.0,65.0,1575.0,701.9999742507935
2026-04-29,114357.6169043943,9471.616887228156,900,118.06,126.0,65.0,1975.4999935626984,607.5000107288361
2026-04-30,121026.61691190448,9471.616887228156,900,127.01,126.0,65.0,3068.999969959259,314.99999463558197
2026-05-01,123141.61688695994,122867.11688722816,0,130.33,,65.0,0.0,274.4999997317791
2026-05-04,120431.9416809931,9488.941806118155,900,127.55,134.0,65.0,4027.5001287460327,175.50000362098217
2026-05-05,126200.94232445504,9488.941806118155,900,144.28,134.0,65.0,13252.49948501587,112.50000335276127
2026-05-06,129305.94163355153,9488.941806118155,900,165.76,134.0,65.0,29407.500171661377,40.49999909475446
2026-05-07,129076.44214742925,9488.941806118155,900,152.05,134.0,65.0,17347.499656677246,89.99999798834324
2026-05-08,130133.94180752631,130084.44180611815,0,177.44,,65.0,0.0,49.50000140815973
2026-05-11,134638.88594867286,13307.88588173311,700,190.4,181.0,65.0,11969.999933242798,21.000000182539225
2026-05-12,129381.8858814202,13307.88588173311,700,172.55,181.0,65.0,4725.0,13.999999687075615
2026-05-13,135209.38588149843,13307.88588173311,700,184.38,181.0,65.0,7175.0,10.499999765306711
2026-05-14,136189.71501615303,13307.88588173311,700,186.12,181.0,65.0,7437.5,35.32913441992195
2026-05-15,128268.8858817331,13307.88588173311,700,164.23,,,0.0,0.0
2026-05-18,121799.71652843874,8717.716348194297,600,151.66,181.0,150.0,1674.0000486373901,23760.000228881836
2026-05-19,121733.71613790911,8717.716348194297,600,151.93,181.0,150.0,1256.9999814033508,23114.999771118164
2026-05-20,128246.7166342966,8717.716348194297,600,173.34,181.0,150.0,3734.999942779541,19260.000228881836
2026-05-21,131345.71640541474,8717.716348194297,600,178.23,181.0,150.0,2384.999942779541,18075.0
2026-05-22,134009.71680595796,117314.7163481943,0,190.61,,150.0,0.0,16695.000457763672
2026-05-26,132476.02471191806,15763.524378132042,500,225.75,222.5,150.0,7899.9998569488525,11737.500190734863
2026-05-27,133176.02447349948,15763.524378132042,500,217.9,222.5,150.0,4125.0,12587.500095367432
2026-05-28,135373.52447349948,15763.524378132042,500,224.67,222.5,150.0,4500.0,11775.000095367432
2026-05-29,139098.52447349948,127011.02437813205,0,224.06,,150.0,0.0,12087.500095367432
2026-06-01,142480.02493984622,28232.52455837649,500,226.92,215.0,150.0,11125.0,11912.500381469727
2026-06-02,145055.0248444788,28232.52455837649,500,266.37,215.0,150.0,26587.499618530273,10224.999904632568
2026-06-03,145095.0252259485,28232.52455837649,500,280.0,215.0,150.0,32737.499237060547,9599.999904632568
2026-06-04,146205.0245583765,28232.52455837649,500,262.82,215.0,150.0,23074.999809265137,9637.499809265137
2026-06-05,136912.5245583765,28232.52455837649,500,182.11,,150.0,0.0,17625.0
2026-06-08,146760.64054710788,12717.640604328335,600,211.18,215.0,150.0,9195.000171661377,16530.000114440918
2026-06-09,146160.64089043063,12717.640604328335,600,201.78,215.0,150.0,6720.000171661377,19095.000457763672
2026-06-10,140625.64059002322,12717.640604328335,600,180.03,215.0,150.0,1860.0000143051147,21750.0
2026-06-11,154353.64014656466,12717.640604328335,600,224.01,215.0,150.0,9825.0,17054.999542236328
2026-06-12,157014.64060432834,141714.64060432834,0,234.48,,150.0,0.0,15300.0
2026-06-15,155905.19526436253,20527.695168995084,500,272.83,267.5,150.0,10474.999904632568,9437.5
2026-06-16,143637.69500925465,20527.695168995084,500,226.01,267.5,150.0,1344.9999690055847,11449.999809265137
2026-06-17,147707.695167803,20527.695168995084,500,233.67,267.5,150.0,967.5000011920929,11312.5
2026-06-18,163712.6951689951,154275.1951689951,0,279.47,,150.0,0.0,9437.5
2026-06-22,162788.6948085062,16781.194808506203,500,300.89,302.5,150.0,12687.5,8250.0
2026-06-23,142548.69470121784,16781.194808506203,500,230.81,302.5,150.0,1675.000011920929,12037.499904632568
2026-06-24,141331.19499745293,16781.194808506203,500,229.59,302.5,150.0,1170.0000017881393,10925.000190734863
2026-06-25,153383.6946276061,16781.194808506203,500,253.56,302.5,150.0,377.4999901652336,10199.999809265137
2026-06-26,137481.19490387363,16781.194808506203,500,215.1,,150.0,0.0,13150.000095367432
2026-06-29,145121.16991659327,17066.16981526537,500,236.51,302.5,150.0,537.4999940395355,10337.500095367432
2026-06-30,157373.6698438756,17066.16981526537,500,266.8,302.5,150.0,1217.4999713897705,8125.0
2026-07-01,137051.16972045673,17066.16981526537,500,217.57,302.5,150.0,24.999999441206455,11224.999904632568
2026-07-02,122993.6701967351,17066.16981526537,500,181.03,,150.0,0.0,15412.500381469727
