date,dte,T,S,F,r,carry
2022-01-03,25,0.0684931506849315,72.0999984741211,71.85356438410793,-0.013023363292018583,-0.049987525941942286
2022-01-03,32,0.08767123287671233,72.0999984741211,71.82632259786087,-0.008400076073079398,-0.043378017344262124
2022-01-03,39,0.10684931506849316,72.0999984741211,71.81785060972956,-0.042579438899132536,-0.03669618505478986
2022-01-03,46,0.12602739726027398,72.0999984741211,71.84334165524471,0.024049505815857075,-0.02829610899933477
2022-01-03,137,0.37534246575342467,72.0999984741211,71.76886078034174,-0.007584436477420625,-0.012264359705761809
2022-01-03,228,0.6246575342465753,72.0999984741211,71.65324605423677,0.012447553374691334,-0.00995035715229823
2022-01-03,382,1.0465753424657533,72.0999984741211,71.62629209988431,0.016978859443726655,-0.006298455733587588
2022-01-04,24,0.06575342465753424,71.06999969482422,71.08932977295132,0.045447618222711254,0.004135898423672521
2022-01-04,31,0.08493150684931507,71.06999969482422,71.09847189067737,0.002305274457411268,0.004716054768907916
2022-01-04,38,0.10410958904109589,71.06999969482422,71.1021084604936,-0.003917157389843591,0.004338588675019861
2022-01-04,45,0.1232876712328767,71.06999969482422,71.07255550741012,-0.016906114507139157,0.00029168576343917844
2022-01-04,136,0.3726027397260274,71.06999969482422,71.09238857162127,-0.0005044345477581546,0.0008453402559497018
2022-01-04,227,0.6219178082191781,71.06999969482422,71.08868671149622,0.01121435920539913,0.00042273049357292674
2022-01-04,381,1.0438356164383562,71.06999969482422,70.96136747030378,0.0006268673293314316,-0.0014654546204692271
2022-01-05,23,0.06301369863013699,64.01000213623047,64.3265019918665,-0.030728938329949714,0.0782743042160035
2022-01-05,30,0.0821917808219178,64.01000213623047,64.34236526722009,-0.16168144564778597,0.0630102980889891
2022-01-05,37,0.10136986301369863,64.01000213623047,64.43519716807312,-0.22362077788325138,0.06531200659218023
2022-01-05,44,0.12054794520547946,64.01000213623047,64.2514185982112,-0.03992590228723135,0.03122781020829444
2022-01-05,135,0.3698630136986301,64.01000213623047,64.28556303403272,0.012837554256101344,0.011614371310322653
2022-01-05,226,0.6191780821917808,64.01000213623047,64.34499525785662,0.013586540862401238,0.008430212356907399
2022-01-05,380,1.0410958904109588,64.01000213623047,64.4584886742569,0.03054704764315936,0.006706467389267286
2022-01-06,22,0.06027397260273973,65.54000091552734,65.3015971857657,-0.041139736512804455,-0.06045996138866574
2022-01-06,29,0.07945205479452055,65.54000091552734,65.27781763817744,-0.020778782022162087,-0.05045027395092089
2022-01-06,36,0.09863013698630137,65.54000091552734,65.26017238807047,-0.001005064676918432,-0.043381512494843504
2022-01-06,43,0.1178082191780822,65.54000091552734,65.28278580785397,-0.01116137156672363,-0.03337859420262656
2022-01-06,50,0.136986301369863,65.54000091552734,65.26763470528375,-0.04303773343965541,-0.030400002243642605
2022-01-06,134,0.36712328767123287,65.54000091552734,65.1978925319445,0.007742322993885256,-0.014255461679737146
2022-01-06,225,0.6164383561643836,65.54000091552734,65.17050854432048,0.010654104530049158,-0.009171417578513993
2022-01-06,379,1.0383561643835617,65.54000091552734,65.03012331190959,0.00179633622339971,-0.007521560902862825
2022-01-07,21,0.057534246575342465,59.7400016784668,59.855359762217226,0.004416262115073589,0.03353029679572128
2022-01-07,28,0.07671232876712329,59.7400016784668,59.80403609322915,0.02339441882919211,0.013965304011649068
2022-01-07,35,0.0958904109589041,59.7400016784668,59.78331092079886,0.0445303955233499,0.007557580812012762
2022-01-07,42,0.11506849315068493,59.7400016784668,59.79073647568084,-0.027757817034690716,0.007377342104696377
2022-01-07,49,0.13424657534246576,59.7400016784668,59.782220347399296,0.03476926338769034,0.005262385705717371
2022-01-07,133,0.3643835616438356,59.7400016784668,59.85994394227965,0.0229655538680665,0.005504433433949685
2022-01-07,224,0.6136986301369863,59.7400016784668,59.93077771769196,-0.004408226444451235,0.005195303438276718
2022-01-07,378,1.0356164383561643,59.7400016784668,59.99481808503422,0.005015612920319846,0.004109969870287227
2022-01-10,25,0.0684931506849315,60.0,59.60533699468605,-0.34256916018563377,-0.09635190092994934
2022-01-10,32,0.08767123287671233,60.0,59.600827173382285,-0.2638622880401501,-0.076137967723888
2022-01-10,39,0.10684931506849316,60.0,59.67640772339421,-0.040627816857892365,-0.050611465662028864
2022-01-10,46,0.12602739726027398,60.0,59.61459850426165,-0.11728959707127926,-0.05113234850078024
2022-01-10,130,0.3561643835616438,60.0,59.55517393597949,0.004476715203626671,-0.020893123071496888
2022-01-10,221,0.6054794520547945,60.0,59.49560149659558,-0.004850503468728067,-0.013942961732849634
2022-01-10,375,1.0273972602739727,60.0,59.30050088242126,-0.00853562335558732,-0.011414094745720388
2022-01-11,24,0.06575342465753424,63.290000915527344,63.012025883943586,-0.01798143419692746,-0.06694340339062192
2022-01-11,31,0.08493150684931507,63.290000915527344,63.01022372221374,-0.19773130998951025,-0.05216390108726715
2022-01-11,38,0.10410958904109589,63.290000915527344,63.07888849486253,-0.007159514904119454,-0.032093219340872524
2022-01-11,45,0.1232876712328767,63.290000915527344,62.979498863518316,-0.024732809987671415,-0.03989121244474617
2022-01-11,129,0.35342465753424657,63.290000915527344,62.94957061587278,0.024178267020680697,-0.015260434452786874
2022-01-11,220,0.6027397260273972,63.290000915527344,62.78407836319165,-0.009071019616174666,-0.013315600124890638
2022-01-11,374,1.0246575342465754,63.290000915527344,62.92675607197959,-0.012377666178285548,-0.0056173941507036175
2022-01-12,23,0.06301369863013699,64.58000183105469,64.42290891165521,0.009059751768265185,-0.03865025289031351
2022-01-12,30,0.0821917808219178,64.58000183105469,64.39567762627777,0.0102249649505131,-0.03477574523128197
2022-01-12,37,0.10136986301369863,64.58000183105469,64.40001738657665,0.02298301153870681,-0.02753175857463363
2022-01-12,44,0.12054794520547946,64.58000183105469,64.41508863582678,0.007824789063382388,-0.02121058491949259
2022-01-12,128,0.3506849315068493,64.58000183105469,64.3380714133178,0.011978056670526364,-0.010702619102496775
2022-01-12,219,0.6,64.58000183105469,64.32871659983824,-0.0011691291796682422,-0.006497764530852049
2022-01-12,373,1.021917808219178,64.58000183105469,64.3525978906324,0.014262490512221204,-0.00345183259064325
2022-01-13,22,0.06027397260273973,60.20000076293945,60.18969556679788,-0.1473251534788148,-0.002840319030261806
2022-01-13,29,0.07945205479452055,60.20000076293945,60.156925385583506,0.0627049375225577,-0.009009130625822964
2022-01-13,36,0.09863013698630137,60.20000076293945,60.12247547215025,-0.006798633762859297,-0.013065230084260677
2022-01-13,43,0.1178082191780822,60.20000076293945,60.121889470597125,0.13892270800085704,-0.01102106700494534
2022-01-13,50,0.136986301369863,60.20000076293945,60.262964500687794,-0.07198466693292485,0.007631147488587148
2022-01-13,127,0.34794520547945207,60.20000076293945,60.12206100116195,0.01181374338692302,-0.003723342681994947
2022-01-13,218,0.5972602739726027,60.20000076293945,60.21686487481922,0.007055968024045756,0.00046896726113859305
2022-01-13,372,1.0191780821917809,60.20000076293945,60.39255505878087,0.011976472003647978,0.0031333795290109964
2022-01-14,21,0.057534246575342465,64.4800033569336,64.23207333407532,-0.03335883808995683,-0.06695976572803279
2022-01-14,28,0.07671232876712329,64.4800033569336,64.19882573161854,0.009478308048108161,-0.05696907637081843
2022-01-14,35,0.0958904109589041,64.4800033569336,64.3174592709523,0.030939502288367105,-0.02632200163388396
2022-01-14,42,0.11506849315068493,64.4800033569336,64.19903638924704,0.005192432257310644,-0.03795086796081
2022-01-14,49,0.13424657534246576,64.4800033569336,64.19627162220145,0.0126375454812894,-0.03285011673298802
2022-01-14,126,0.3452054794520548,64.4800033569336,64.145098402487,0.01966918848077507,-0.015085132787835359
2022-01-14,217,0.5945205479452055,64.4800033569336,63.985426332820836,0.011622519580516475,-0.012951287230152793
2022-01-14,371,1.0164383561643835,64.4800033569336,63.97175361275133,0.0017150661081606264,-0.007785532764069678
2022-01-18,24,0.06575342465753424,55.97999954223633,55.73131017287778,0.21838415249421614,-0.06771305579136072
2022-01-18,31,0.08493150684931507,55.97999954223633,55.733660324849005,0.007216818170858036,-0.05192651155866456
2022-01-18,38,0.10410958904109589,55.97999954223633,55.766925958489296,-0.06137007950705424,-0.036629738402717056
2022-01-18,45,0.1232876712328767,55.97999954223633,55.82199553279991,-0.1231506717078185,-0.02292604758809871
2022-01-18,122,0.33424657534246577,55.97999954223633,55.72236508631403,-0.0032981169143587617,-0.013800835448377796
2022-01-18,213,0.5835616438356165,55.97999954223633,55.819064672235484,-0.004718445601490106,-0.0049335046488911335
2022-01-18,367,1.0054794520547945,55.97999954223633,56.12027077584737,0.005496132375152676,0.002488966086073095
2022-01-19,23,0.06301369863013699,50.81999969482422,51.10552205124256,0.007588473074098012,0.08891055803920807
2022-01-19,30,0.0821917808219178,50.81999969482422,50.94283095457383,-0.03492884888256434,0.029371190047556284
2022-01-19,37,0.10136986301369863,50.81999969482422,51.092689200103095,0.09874787987269917,0.05279129750372229
2022-01-19,44,0.12054794520547946,50.81999969482422,50.95413807926197,0.12319382034805554,0.021866842393639913
2022-01-19,121,0.3315068493150685,50.81999969482422,51.02651503213011,-0.017188162762630913,0.012233316849950689
2022-01-19,212,0.5808219178082191,50.81999969482422,51.13695931549728,0.019145251430399753,0.010704723721904485
2022-01-19,366,1.0027397260273974,50.81999969482422,51.37599255316954,0.037264244583026684,0.010851290948270986
2022-01-20,22,0.06027397260273973,45.9900016784668,46.31664888750765,-0.11907277408519472,0.11742158854977057
2022-01-20,29,0.07945205479452055,45.9900016784668,46.21267615734724,-0.3599419438004089,0.060792865811191935
2022-01-20,36,0.09863013698630137,45.9900016784668,46.35159841926587,-0.13300262339667784,0.07940533655253855
2022-01-20,43,0.1178082191780822,45.9900016784668,46.34364135577433,-0.06370294877846779,0.0650215836243975
2022-01-20,57,0.15616438356164383,45.9900016784668,46.369817643968126,-0.03193806095956296,0.05266724415861014
2022-01-20,120,0.3287671232876712,45.9900016784668,46.215730816190835,-0.07551451248088598,0.014892656822321238
2022-01-20,211,0.5780821917808219,45.9900016784668,46.520672876420356,-0.01618537066520922,0.019846267365225382
2022-01-20,365,1.0,45.9900016784668,46.59545125085036,0.0026047587422232633,0.013078905676305638
2022-01-21,21,0.057534246575342465,43.709999084472656,44.16697281217329,0.7940408652713391,0.18076886410891324
2022-01-21,28,0.07671232876712329,43.709999084472656,44.02916180615829,-0.030762225301467126,0.09483866404920739
2022-01-21,35,0.0958904109589041,43.709999084472656,44.16470701906364,0.2856399938500847,0.10792631255723738
2022-01-21,42,0.11506849315068493,43.709999084472656,44.07010600652767,0.2969466422227893,0.07130358718608996
2022-01-21,119,0.32602739726027397,43.709999084472656,44.171325326564414,0.037728776810510865,0.03220263832474284
2022-01-21,364,0.9972602739726028,43.709999084472656,44.088013822189886,0.02831565328063357,0.008634718928992624
2022-01-24,25,0.0684931506849315,45.45000076293945,44.88771536100059,-0.33018952884614433,-0.18175072908978993
2022-01-24,39,0.10684931506849316,45.45000076293945,44.418752900449306,-0.34208581146702427,-0.21479870511286134
2022-01-24,53,0.14520547945205478,45.45000076293945,44.60055981035129,-0.2722875923799421,-0.12992916474078428
2022-01-24,116,0.3178082191780822,45.45000076293945,44.585180208668724,-0.028740580993487534,-0.06044939922682449
2022-01-24,207,0.5671232876712329,45.45000076293945,44.646358801071436,-0.05922333532743845,-0.03145715157277267
2022-01-24,361,0.989041095890411,45.45000076293945,43.97897569104884,-0.000327790734187892,-0.03326569848973696
2022-01-25,24,0.06575342465753424,40.189998626708984,40.31556680521447,-0.0808775762156555,0.047442291800730056
2022-01-25,31,0.08493150684931507,40.189998626708984,40.438457644262996,-0.1817892654705014,0.07256529410552175
2022-01-25,38,0.10410958904109589,40.189998626708984,40.416124191602826,0.06233391087150934,0.05389171887534003
2022-01-25,52,0.14246575342465753,40.189998626708984,40.34482965447741,0.04555170409841224,0.026989467198820557
2022-01-25,115,0.3150684931506849,40.189998626708984,40.40915416877461,0.0444224830797721,0.01726028931146708
2022-01-25,206,0.5643835616438356,40.189998626708984,40.452481013884345,-0.10958513048405806,0.011534359076955594
2022-01-25,360,0.9863013698630136,40.189998626708984,40.70392357642619,0.0008517445991251648,0.012882792489639324
2022-01-26,23,0.06301369863013699,42.119998931884766,41.786413718503596,-0.07420351164132873,-0.12618535399097325
2022-01-26,30,0.0821917808219178,42.119998931884766,41.882266309818796,-0.3054453673014498,-0.06886531648333764
2022-01-26,37,0.10136986301369863,42.119998931884766,41.86572623755134,-0.3159286058246784,-0.05973332795429318
2022-01-26,51,0.13972602739726028,42.119998931884766,41.87717647992295,-0.14769750095453668,-0.04137881524377855
2022-01-26,114,0.31232876712328766,42.119998931884766,41.78779056371225,0.03938351375378168,-0.0253529538552162
2022-01-26,205,0.5616438356164384,42.119998931884766,41.9167759209443,-0.02865379003586476,-0.0086113918251818
2022-01-26,359,0.9835616438356164,42.119998931884766,42.19034360397816,0.032083842189010496,0.0016965976773279288
2022-01-27,22,0.06027397260273973,36.36000061035156,36.480976333989084,-0.21578108901547285,0.05510906532789806
2022-01-27,29,0.07945205479452055,36.36000061035156,36.52296825241703,-0.1341345738956306,0.0562860682246164
2022-01-27,36,0.09863013698630137,36.36000061035156,36.51336906795494,-0.018089770996976548,0.04267644143259569
2022-01-27,50,0.136986301369863,36.36000061035156,36.49563696490963,-0.1675271135962462,0.027181054621733484
2022-01-27,113,0.3095890410958904,36.36000061035156,36.51534845515318,-0.04592107026102194,0.013771132565460918
2022-01-27,204,0.5589041095890411,36.36000061035156,36.411710709670885,0.0436614304251771,0.002542761046418512
2022-01-27,358,0.9808219178082191,36.36000061035156,36.76949667656331,0.011998533349089851,0.011418301828481268
2022-01-28,21,0.057534246575342465,38.40999984741211,38.1187092091091,-0.33673923887755774,-0.13231461045749038
2022-01-28,28,0.07671232876712329,38.40999984741211,38.39096210364541,-0.8815525631365317,-0.0064626949237583785
2022-01-28,35,0.0958904109589041,38.40999984741211,38.37166600139865,-0.20114920820575666,-0.010413092242241257
2022-01-28,42,0.11506849315068493,38.40999984741211,38.41685694579683,-0.1836078599001863,0.0015513181950627805
2022-01-28,49,0.13424657534246576,38.40999984741211,38.28054777236019,-0.04673428731226484,-0.02514747412689348
2022-01-28,112,0.30684931506849317,38.40999984741211,38.18310026028202,-0.040202740905328424,-0.019308572427786875
2022-01-28,203,0.5561643835616439,38.40999984741211,38.27897681878889,-0.07483714384324483,-0.00614386884603333
2022-01-28,357,0.9780821917808219,38.40999984741211,38.44052085699754,0.020172121830058634,0.0008120948337737352
2022-01-31,25,0.0684931506849315,44.58000183105469,44.435722600891,-0.2283618888569629,-0.047328235959806494
2022-01-31,32,0.08767123287671233,44.58000183105469,44.4790346534348,-0.03811887046137139,-0.02586278515007015
2022-01-31,39,0.10684931506849316,44.58000183105469,44.444792414054604,-0.09412858850024498,-0.028428539498722448
2022-01-31,46,0.12602739726027398,44.58000183105469,44.50178995016945,0.018769500069456182,-0.013933137609683286
2022-01-31,109,0.29863013698630136,44.58000183105469,44.476880962838656,-0.01377066429066146,-0.007754889741675048
2022-01-31,200,0.547945205479452,44.58000183105469,44.41593451586817,0.001941993412930724,-0.006728918234152972
2022-01-31,354,0.9698630136986301,44.58000183105469,44.36071989970332,0.013261905344608848,-0.005084200586500705
2022-02-01,24,0.06575342465753424,45.90999984741211,45.75106024626352,-0.18159223239426486,-0.05274232818817925
2022-02-01,31,0.08493150684931507,45.90999984741211,45.78689276460095,-0.04621679551319044,-0.03161475704946426
2022-02-01,38,0.10410958904109589,45.90999984741211,45.734077858617844,-0.0451056262406267,-0.0368769944662339
2022-02-01,45,0.1232876712328767,45.90999984741211,45.76173484138277,-0.006682232644223015,-0.026236985488798898
2022-02-01,108,0.2958904109589041,45.90999984741211,45.74691893788667,-0.010197866138700143,-0.012026449563603415
2022-02-01,199,0.5452054794520548,45.90999984741211,45.70592611721816,-0.015069843759996957,-0.008171214844411617
2022-02-01,353,0.9671232876712329,45.90999984741211,45.740337571421854,-0.00037326264633307784,-0.003828246298914176
2022-02-02,23,0.06301369863013699,49.34000015258789,49.233917376458024,-0.13787340755545793,-0.034156868801546315
2022-02-02,30,0.0821917808219178,49.34000015258789,49.243007247569096,-0.050517959998077094,-0.023940854641986403
2022-02-02,37,0.10136986301369863,49.34000015258789,49.319888315993396,0.16725103269624414,-0.0040219091267321835
2022-02-02,44,0.12054794520547946,49.34000015258789,49.2831837125359,0.04455929802552597,-0.009557960502914556
2022-02-02,107,0.29315068493150687,49.34000015258789,49.21609965288483,0.017404871871213253,-0.00857687065129656
2022-02-02,198,0.5424657534246575,49.34000015258789,49.23844140265372,-0.016457051263878822,-0.0037983346213911026
2022-02-02,352,0.9643835616438357,49.34000015258789,49.32333298916942,5.590444685019756e-05,-0.0003503370843353874
2022-02-03,22,0.06027397260273973,42.630001068115234,42.60225635736485,-0.01438066623944482,-0.010801309362812518
2022-02-03,29,0.07945205479452055,42.630001068115234,42.62297198544621,-0.13957539248329248,-0.002075458152296448
2022-02-03,36,0.09863013698630137,42.630001068115234,42.600062961301234,0.06197278660670052,-0.007122818795727893
2022-02-03,43,0.1178082191780822,42.630001068115234,42.59021553351945,0.0034988678012101504,-0.007925688517853644
2022-02-03,50,0.136986301369863,42.630001068115234,42.7455736922537,-0.21751305236866555,0.019763982237913126
2022-02-03,106,0.29041095890410956,42.630001068115234,42.55460696150864,0.008998776507683742,-0.006095276035813573
2022-02-03,197,0.5397260273972603,42.630001068115234,42.5773068208138,-0.0018132337025325155,-0.00229162235708964
2022-02-03,351,0.9616438356164384,42.630001068115234,42.6519439212778,-0.0014726015596939368,0.000535120703107564
2022-02-04,21,0.057534246575342465,43.459999084472656,43.441159915884874,-0.012310095662616935,-0.007535979980410472
2022-02-04,28,0.07671232876712329,43.459999084472656,43.44741438120667,-0.004809183482572215,-0.0037752958177110683
2022-02-04,35,0.0958904109589041,43.459999084472656,43.43009581682131,0.010316926515405873,-0.0071779959572098075
2022-02-04,42,0.11506849315068493,43.459999084472656,43.428610627824355,-0.004773898601369326,-0.006278858596704924
2022-02-04,49,0.13424657534246576,43.459999084472656,43.41800947434882,0.00212207756931822,-0.007200436069491446
2022-02-04,105,0.2876712328767123,43.459999084472656,43.41216134327726,0.0052565235091765,-0.003828455890489027
2022-02-04,196,0.536986301369863,43.459999084472656,43.463038559932215,0.017341539047593196,0.00013023584593320554
2022-02-04,350,0.958904109589041,43.459999084472656,43.51067796990641,0.0062667852834825555,0.0012153715582893536
2022-02-07,25,0.0684931506849315,43.40999984741211,43.268148864840796,-0.19947483393142942,-0.04778658116712173
2022-02-07,32,0.08767123287671233,43.40999984741211,43.23172863380454,0.050562307641555455,-0.046938327187031635
2022-02-07,39,0.10684931506849316,43.40999984741211,43.242540879414825,0.009003500112404752,-0.0361731145003021
2022-02-07,46,0.12602739726027398,43.40999984741211,43.24284428818914,-0.01966396917553061,-0.030612836374226026
2022-02-07,102,0.27945205479452057,43.40999984741211,43.19146308438475,0.02021018199137699,-0.01806021381977582
2022-02-07,193,0.5287671232876713,43.40999984741211,43.2014778458723,0.012074377736838952,-0.009106318309645969
2022-02-07,347,0.9506849315068493,43.40999984741211,43.26421461570076,0.008080627222060939,-0.003538485432756623
2022-02-08,24,0.06575342465753424,46.599998474121094,46.53423147048601,0.025881381663977507,-0.02147881998838508
2022-02-08,31,0.08493150684931507,46.599998474121094,46.53875864401695,-0.03923433637639614,-0.015483344178845098
2022-02-08,38,0.10410958904109589,46.599998474121094,46.554718586851614,-0.0492722390678006,-0.009337697133494109
2022-02-08,45,0.1232876712328767,46.599998474121094,46.53963454630376,0.0033114080255568536,-0.01051364662505208
2022-02-08,101,0.27671232876712326,46.599998474121094,46.5374362769146,-0.006150132938638746,-0.004855000426531249
2022-02-08,192,0.5260273972602739,46.599998474121094,46.600167721761814,0.011315529253244614,6.904425820842088e-06
2022-02-08,346,0.947945205479452,46.599998474121094,46.705408971734606,0.006400288580984487,0.0023835485144025597
2022-02-09,23,0.06301369863013699,51.02000045776367,51.06127396760459,-0.005905274284293839,0.012832768704148114
2022-02-09,30,0.0821917808219178,51.02000045776367,51.0899877606536,-0.06598655935101269,0.016678335456916556
2022-02-09,37,0.10136986301369863,51.02000045776367,51.048255773005295,-0.01584153078152839,0.005461734803477657
2022-02-09,44,0.12054794520547946,51.02000045776367,51.04671425601676,-0.35082793424906755,0.004342318743705732
2022-02-09,100,0.273972602739726,51.02000045776367,51.03014797224613,0.01796831806003444,0.0007258868027701098
2022-02-09,191,0.5232876712328767,51.02000045776367,51.14084135335981,0.008312743473413334,0.004520840322269079
2022-02-09,345,0.9452054794520548,51.02000045776367,51.38322664974208,0.01696584599171918,0.0075053180506586955
2022-02-10,22,0.06027397260273973,46.41999816894531,46.318589064883895,0.019612855650004684,-0.0362841390461241
2022-02-10,29,0.07945205479452055,46.41999816894531,46.35197603363285,-0.19479577237887072,-0.01845688483768974
2022-02-10,36,0.09863013698630137,46.41999816894531,46.35783016902423,-0.04890502610110667,-0.013587611378120111
2022-02-10,43,0.1178082191780822,46.41999816894531,46.36295087328061,-0.11174176095157806,-0.010438097484965637
2022-02-10,50,0.136986301369863,46.41999816894531,46.33659469276428,-0.11043978615383054,-0.013127811650276901
2022-02-10,99,0.27123287671232876,46.41999816894531,46.271829599553215,-0.006476812303310363,-0.011786983541264427
2022-02-10,190,0.5205479452054794,46.41999816894531,46.39066939643731,-0.009771438791269302,-0.0012141302063845443
2022-02-10,344,0.9424657534246575,46.41999816894531,46.471098182585244,-0.009681701565170703,0.0011673776888338424
2022-02-11,21,0.057534246575342465,39.540000915527344,39.61071107864664,-0.2141147003682114,0.031054939975058257
2022-02-11,28,0.07671232876712329,39.540000915527344,39.59253496042709,-0.07326248049411893,0.017308149994483175
2022-02-11,35,0.0958904109589041,39.540000915527344,39.624629527477445,-0.030947255949575415,0.02229672155052468
2022-02-11,42,0.11506849315068493,39.540000915527344,39.59799651904656,0.09280757949171907,0.012737484346378185
2022-02-11,49,0.13424657534246576,39.540000915527344,39.55913040721766,0.1803433622378103,0.0036029522347089536
2022-02-11,98,0.2684931506849315,39.540000915527344,39.742474742116826,0.11002311824587502,0.019023455921948592
2022-02-11,189,0.5178082191780822,39.540000915527344,39.62390368688202,-0.042731260106762384,0.004093646317761681
2022-02-11,343,0.9397260273972603,39.540000915527344,39.76133581925623,-0.01034567046723702,0.0059401753576236145
2022-02-14,25,0.0684931506849315,39.59000015258789,39.44710945212323,0.05188495045719078,-0.052790556489928885
2022-02-14,32,0.08767123287671233,39.59000015258789,39.510459598628465,0.04695739887221401,-0.022939430497565264
2022-02-14,39,0.10684931506849316,39.59000015258789,39.423366333865005,0.10060725213233598,-0.03947493995408647
2022-02-14,46,0.12602739726027398,39.59000015258789,39.472347100247454,0.016860338255030843,-0.023615592380253177
2022-02-14,95,0.2602739726027397,39.59000015258789,39.43985140737913,-0.01709023983656061,-0.014599242360992644
2022-02-14,186,0.5095890410958904,39.59000015258789,39.43823536598352,0.028648271104457806,-0.007537011534448886
2022-02-14,340,0.9315068493150684,39.59000015258789,39.53265169780564,0.0004219139469826729,-0.00155619818772868
2022-02-15,24,0.06575342465753424,46.0099983215332,45.89401428265217,0.047942561612246755,-0.03838624258333639
2022-02-15,31,0.08493150684931507,46.0099983215332,45.93445332675666,0.029147930512267536,-0.019348238514115962
2022-02-15,38,0.10410958904109589,46.0099983215332,45.88753405042411,0.023793391788193233,-0.025600301061441007
2022-02-15,45,0.1232876712328767,46.0099983215332,45.89563663147718,0.023257116163908437,-0.02018594081052914
2022-02-15,94,0.25753424657534246,46.0099983215332,45.90739962202909,0.012286966182084434,-0.008668407539579455
2022-02-15,185,0.5068493150684932,46.0099983215332,45.88884980943525,0.0008882236444792056,-0.005201868867991488
2022-02-15,339,0.9287671232876712,46.0099983215332,46.18742346024143,0.00834831387359091,0.004144003131194038
2022-02-16,23,0.06301369863013699,46.099998474121094,46.05524922934645,-0.0027494488656821395,-0.015412060233000032
2022-02-16,30,0.0821917808219178,46.099998474121094,46.03499888886336,0.0187326377618533,-0.01716673231967437
2022-02-16,37,0.10136986301369863,46.099998474121094,46.02768935556603,0.029766894896852213,-0.015485460371884283
2022-02-16,44,0.12054794520547946,46.099998474121094,46.04467395976105,-0.0007287664812325021,-0.00996133660577316
2022-02-16,93,0.2547945205479452,46.099998474121094,46.06250693164549,0.01598997101691531,-0.0031931474369973414
2022-02-16,184,0.5041095890410959,46.099998474121094,46.16343505981608,0.011488396328053534,0.0027278173864018905
2022-02-16,338,0.9260273972602739,46.099998474121094,46.45439170486336,0.005326071970166692,0.008269831798920973
2022-02-17,22,0.06027397260273973,40.869998931884766,40.855170659635924,0.02540857066410656,-0.006020532494091001
2022-02-17,29,0.07945205479452055,40.869998931884766,40.82901473281671,0.015915012779731563,-0.012627708196020349
2022-02-17,36,0.09863013698630137,40.869998931884766,40.82226314039058,0.012815248535963702,-0.011849052255164392
2022-02-17,43,0.1178082191780822,40.869998931884766,40.82173658260053,-0.002311718535133748,-0.01002962720500425
2022-02-17,56,0.15342465753424658,40.869998931884766,40.84944162493628,0.024218316266304715,-0.003279258689131631
2022-02-17,92,0.25205479452054796,40.869998931884766,40.85951887684742,0.002725834434077791,-0.0010174654290618667
2022-02-17,183,0.5013698630136987,40.869998931884766,40.982712481352166,0.031198511063456863,0.005493069590839901
2022-02-17,337,0.9232876712328767,40.869998931884766,41.19864116610719,0.007352847644635003,0.008674439412792284
2022-02-18,21,0.057534246575342465,39.630001068115234,39.635798234982225,-0.12097919875319084,0.0025423393777695103
2022-02-18,28,0.07671232876712329,39.630001068115234,39.59884192276218,-0.04277477105907677,-0.010253380506831226
2022-02-18,35,0.0958904109589041,39.630001068115234,39.59995151555959,0.014726062337258294,-0.007910491172338673
2022-02-18,42,0.11506849315068493,39.630001068115234,39.584441845989296,-0.007284385297665619,-0.009996444189534192
2022-02-18,55,0.1506849315068493,39.630001068115234,39.59223105175735,0.040732042469471354,-0.006327910117816398
2022-02-18,91,0.2493150684931507,39.630001068115234,39.6336604228901,0.009829029609050608,0.0003703495781958707
2022-02-18,182,0.4986301369863014,39.630001068115234,39.73183163011616,0.005821469934774513,0.005146573301465204
2022-02-18,336,0.9205479452054794,39.630001068115234,39.97281357328369,0.009515384344676388,0.009356523212438588
2022-02-22,24,0.06575342465753424,38.61000061035156,38.60471920124015,-0.10096382488003999,-0.0020804693860784484
2022-02-22,31,0.08493150684931507,38.61000061035156,38.62537139930744,-0.13370435397805178,0.004686418718216227
2022-02-22,38,0.10410958904109589,38.61000061035156,38.56395424002836,0.03645273894785842,-0.01146209385698716
2022-02-22,51,0.13972602739726028,38.61000061035156,38.55206967873203,-0.001876548858371914,-0.010746311047414813
2022-02-22,87,0.23835616438356164,38.61000061035156,38.58291293267871,-0.021216564857484452,-0.0029444078381741885
2022-02-22,178,0.4876712328767123,38.61000061035156,38.614561441858534,0.0008544027241946939,0.00024220964461366075
2022-02-22,332,0.9095890410958904,38.61000061035156,38.86777277738773,0.014464960595778984,0.007315521150637159
2022-02-23,23,0.06301369863013699,35.90999984741211,35.886172222939344,0.026711839334949913,-0.010533543600585588
2022-02-23,30,0.0821917808219178,35.90999984741211,35.8902978908693,0.01401747382874685,-0.006677051530552887
2022-02-23,37,0.10136986301369863,35.90999984741211,35.86929297682182,0.026458456265047437,-0.011188960066191932
2022-02-23,50,0.136986301369863,35.90999984741211,35.88245042050707,-0.04850505811050618,-0.005602561983265379
2022-02-23,86,0.2356164383561644,35.90999984741211,35.89266946164292,0.020304562255474536,-0.0020487645821066548
2022-02-23,177,0.4849315068493151,35.90999984741211,35.904696968306745,-0.0032780670844950958,-0.0003045425567189706
2022-02-23,331,0.9068493150684932,35.90999984741211,36.09090163451383,0.0018555436499273267,0.005541160164222467
2022-02-24,22,0.06027397260273973,39.939998626708984,39.81089676551114,-0.018842259175776012,-0.053715236752540314
2022-02-24,29,0.07945205479452055,39.939998626708984,39.77256794260417,-0.17379423100359648,-0.052872976513080414
2022-02-24,36,0.09863013698630137,39.939998626708984,39.75449815801377,-0.10574792948108128,-0.047199546102993435
2022-02-24,43,0.1178082191780822,39.939998626708984,39.78136274134581,-0.037711829061395995,-0.03378171612863669
2022-02-24,49,0.13424657534246576,39.939998626708984,39.799685767353836,-0.007809226979306189,-0.026215019848609
2022-02-24,85,0.2328767123287671,39.939998626708984,39.793827035255696,0.0011264394531958614,-0.01574435211937191
2022-02-24,176,0.4821917808219178,39.939998626708984,39.764573619113825,-0.011053726237894515,-0.009128914975787406
2022-02-24,330,0.9041095890410958,39.939998626708984,39.97465144453664,0.01366240106750362,0.0009592263510197955
2022-02-25,21,0.057534246575342465,41.779998779296875,41.68593816279137,0.011941887561426386,-0.03917439493003019
2022-02-25,28,0.07671232876712329,41.779998779296875,41.67452528555066,0.024179927759553126,-0.03295023431394212
2022-02-25,35,0.0958904109589041,41.779998779296875,41.67071239540214,0.003809395526077885,-0.02731436308007313
2022-02-25,42,0.11506849315068493,41.779998779296875,41.688432763127835,0.00728688231096399,-0.019067151206327206
2022-02-25,48,0.13150684931506848,41.779998779296875,41.67342987417162,0.036646917520931396,-0.019420847522262308
2022-02-25,84,0.23013698630136986,41.779998779296875,41.666209998928984,-0.010730433090721093,-0.011850500027921105
2022-02-25,175,0.4794520547945205,41.779998779296875,41.57828417124231,-0.003740691604905582,-0.010094254487165654
2022-02-25,329,0.9013698630136986,41.779998779296875,41.728777909896145,0.014445155053960644,-0.0013609489678221363
2022-02-28,25,0.0684931506849315,41.0099983215332,40.62899181709453,-0.21456359445443715,-0.13627643708321233
2022-02-28,32,0.08767123287671233,41.0099983215332,40.649840664359914,-0.23195967947772403,-0.10061432805382114
2022-02-28,39,0.10684931506849316,41.0099983215332,40.648106587028245,-0.03270580107797513,-0.08295459812663747
2022-02-28,45,0.1232876712328767,41.0099983215332,40.70245242335253,-0.06657598870773537,-0.061056808561702515
2022-02-28,81,0.2219178082191781,41.0099983215332,40.7415681855096,0.04666425913698601,-0.029592018525159126
2022-02-28,172,0.4712328767123288,41.0099983215332,40.72911416563517,0.015495092711593592,-0.014584563880226751
2022-02-28,326,0.8931506849315068,41.0099983215332,40.76917504042989,0.008623595837751305,-0.006594202326947488
2022-03-01,24,0.06575342465753424,36.58000183105469,36.31646540105621,-0.16976335993549926,-0.10996328042288549
2022-03-01,31,0.08493150684931507,36.58000183105469,36.2844300430912,-0.004686386279569231,-0.09552365778253805
2022-03-01,38,0.10410958904109589,36.58000183105469,36.23958417563695,-0.0008422921658058213,-0.08980619535873079
2022-03-01,44,0.12054794520547946,36.58000183105469,36.31860398738328,-0.09497738637407206,-0.05949148683535047
2022-03-01,80,0.2191780821917808,36.58000183105469,36.29628815044356,0.009342098468741058,-0.03552459126988248
2022-03-01,171,0.4684931506849315,36.58000183105469,36.28742329168069,0.02603067123887776,-0.01714107786507184
2022-03-01,325,0.8904109589041096,36.58000183105469,36.390385977275365,0.011422401713768125,-0.005836714737025243
2022-03-02,23,0.06301369863013699,40.119998931884766,40.17945756130106,0.01492409600224553,0.023501597916512313
2022-03-02,30,0.0821917808219178,40.119998931884766,40.18895587034059,0.017885395964895478,0.020893717090372806
2022-03-02,37,0.10136986301369863,40.119998931884766,40.18270367392498,0.02741487149011917,0.015406055145398933
2022-03-02,43,0.1178082191780822,40.119998931884766,40.146759743328495,-0.022230609491465544,0.005660020093278864
2022-03-02,79,0.21643835616438356,40.119998931884766,40.19324051473625,0.00767974396040915,0.008426873354559217
2022-03-02,170,0.4657534246575342,40.119998931884766,40.27249999737157,-0.013401035188997063,0.008145763730635936
2022-03-02,324,0.8876712328767123,40.119998931884766,40.514167022939326,0.012223732778371101,0.011013964572004655
2022-03-03,22,0.06027397260273973,37.54999923706055,37.41927868486313,0.03294815389928894,-0.05785770000382332
2022-03-03,29,0.07945205479452055,37.54999923706055,37.42442584784633,-0.04233110918473849,-0.04216088708775963
2022-03-03,36,0.09863013698630137,37.54999923706055,37.42032550865111,0.002633817190680786,-0.03507384661183495
2022-03-03,42,0.11506849315068493,37.54999923706055,37.45202353649195,0.003951355710552891,-0.022704880371742023
2022-03-03,50,0.136986301369863,37.54999923706055,37.42524160278422,-0.013602567175077483,-0.024294195272308416
2022-03-03,78,0.2136986301369863,37.54999923706055,37.45185186443535,0.022552118355569212,-0.012247154631965655
2022-03-03,169,0.46301369863013697,37.54999923706055,37.46464627180805,0.02170641097270737,-0.004914834466289285
2022-03-03,323,0.8849315068493151,37.54999923706055,37.63996976487739,0.014089678003410691,0.002704337607028053
2022-03-04,21,0.057534246575342465,34.77000045776367,34.6097720558193,-0.12374770305992856,-0.08028066609415231
2022-03-04,28,0.07671232876712329,34.77000045776367,34.58051249312958,-0.3002362026674845,-0.0712357273051511
2022-03-04,35,0.0958904109589041,34.77000045776367,34.53903566927751,-0.0190705200076521,-0.06950440648676204
2022-03-04,41,0.11232876712328767,34.77000045776367,34.660551625925606,-0.01774999410038649,-0.02806725078729113
2022-03-04,49,0.13424657534246576,34.77000045776367,34.56463608339673,0.007452856913582178,-0.044126848669501374
2022-03-04,77,0.21095890410958903,34.77000045776367,34.618090176893716,0.023760469338981512,-0.02075558881701425
2022-03-04,168,0.4602739726027397,34.77000045776367,34.59411614824726,-0.02031412552218659,-0.011018100963859686
2022-03-04,322,0.8821917808219178,34.77000045776367,34.822406460481666,0.011713074485183021,0.0017072072575324577
2022-03-07,74,0.20273972602739726,29.579999923706055,29.59511909978172,-0.008213517687486446,0.0025204618860303943
2022-03-07,165,0.4520547945205479,29.579999923706055,29.64181623042135,-0.0009214759961210133,0.0046180688767496324
2022-03-07,319,0.873972602739726,29.579999923706055,29.835187118418105,0.006317856504699756,0.009828704011321335
2022-03-08,24,0.06575342465753424,31.15999984741211,31.36838968756508,-0.08224412121613645,0.10137071847487661
2022-03-08,31,0.08493150684931507,31.15999984741211,31.294871767739178,0.29809718776770494,0.05085305666836311
2022-03-08,45,0.1232876712328767,31.15999984741211,31.361347051518806,0.09254348170257695,0.05224312243545044
2022-03-08,73,0.2,31.15999984741211,31.349272262413184,-0.010405712057669192,0.03027918691855483
2022-03-08,164,0.44931506849315067,31.15999984741211,31.425770226052002,0.018624475944353777,0.018902210594863498
2022-03-08,318,0.8712328767123287,31.15999984741211,31.65567680896123,-0.0051078438935662,0.018114879357109037
2022-03-09,23,0.06301369863013699,34.93000030517578,34.94512143629528,-0.06668442878163189,0.006868418236046151
2022-03-09,30,0.0821917808219178,34.93000030517578,34.944447726431655,-0.021203774369599446,0.00503122288818493
2022-03-09,36,0.09863013698630137,34.93000030517578,34.93646469074269,-0.01611747033305073,0.0018761987511088781
2022-03-09,44,0.12054794520547946,34.93000030517578,34.94497063850311,-0.02529299073333975,0.003554512291599162
2022-03-09,72,0.19726027397260273,34.93000030517578,34.9391753862771,-0.04473569511493208,0.0013314187185829824
2022-03-09,163,0.4465753424657534,34.93000030517578,34.97707990396021,0.01890973705558004,0.003016108155930431
2022-03-09,317,0.8684931506849315,34.93000030517578,35.219539914300476,0.009468999360399922,0.009504936482814046
2022-03-10,22,0.06027397260273973,32.75,32.816921566002314,0.007596339987566128,0.03386738241768615
2022-03-10,29,0.07945205479452055,32.75,32.79978494212677,0.03987680429135959,0.019118406047449306
2022-03-10,35,0.0958904109589041,32.75,32.79560171043636,0.038942765894474415,0.014510837001103543
2022-03-10,43,0.1178082191780822,32.75,32.814111766065714,0.024287147914646545,0.016600688538337332
2022-03-10,50,0.136986301369863,32.75,32.82206079097403,0.01482365764902657,0.01604475990332986
2022-03-10,71,0.19452054794520549,32.75,32.8031888800574,0.011696961470882821,0.008342411910724852
2022-03-10,162,0.4438356164383562,32.75,32.87636831066547,0.008208168920119255,0.008676971890217221
2022-03-10,316,0.8657534246575342,32.75,33.123249795031214,0.017065952351280257,0.013089736788856955
2022-03-11,21,0.057534246575342465,30.690000534057617,30.61073907724809,0.12993103728357358,-0.04494694135551245
2022-03-11,28,0.07671232876712329,30.690000534057617,30.631208337994,0.08023380762438712,-0.024996196880038388
2022-03-11,34,0.09315068493150686,30.690000534057617,30.59125551890211,0.05471009226629522,-0.03459647422638603
2022-03-11,42,0.11506849315068493,30.690000534057617,30.604330713705938,0.06632616012660111,-0.024293013845039724
2022-03-11,49,0.13424657534246576,30.690000534057617,30.634041715176203,-0.006885707971382151,-0.0135945446594414
2022-03-11,70,0.1917808219178082,30.690000534057617,30.63758974561649,0.058992816188974825,-0.00891229838732436
2022-03-11,161,0.4410958904109589,30.690000534057617,30.720492742344412,-0.0084856305830319,0.0022513515291215595
2022-03-11,315,0.863013698630137,30.690000534057617,30.968772388968347,0.011686961300857404,0.010477780902662378
2022-03-14,25,0.0684931506849315,27.90999984741211,27.85564190676437,0.04752783946815774,-0.028462908696016906
2022-03-14,31,0.08493150684931507,27.90999984741211,27.85893583287948,-0.003924073464571152,-0.02156174404816158
2022-03-14,39,0.10684931506849316,27.90999984741211,27.859853122726058,-0.027257789364059457,-0.016830671483344356
2022-03-14,46,0.12602739726027398,27.90999984741211,27.88017406541666,-0.03285777729355311,-0.008483971359696871
2022-03-14,67,0.18356164383561643,27.90999984741211,27.850808126840032,-0.029428841951813233,-0.011565918471303473
2022-03-14,158,0.4328767123287671,27.90999984741211,27.918493697668794,0.02711019854900154,0.0007029338665356187
2022-03-14,312,0.8547945205479452,27.90999984741211,28.058805896710656,0.016140281567266688,0.006220765580377913
2022-03-15,24,0.06575342465753424,31.510000228881836,31.491497250734767,0.017596985385636928,-0.00893310409015847
2022-03-15,30,0.0821917808219178,31.510000228881836,31.46699810131001,0.0007379755667237249,-0.01661535631447691
2022-03-15,38,0.10410958904109589,31.510000228881836,31.569528604978196,-0.2602576038408143,0.018129047508055798
2022-03-15,45,0.1232876712328767,31.510000228881836,31.491817245285457,0.016042546253669427,-0.004681903166909954
2022-03-15,66,0.18082191780821918,31.510000228881836,31.484995300429386,0.0016761417397796552,-0.004390343635832626
2022-03-15,157,0.4301369863013699,31.510000228881836,31.557439251177065,-0.0024644362235123193,0.0034974685689310565
2022-03-15,311,0.852054794520548,31.510000228881836,31.828400097101337,0.012214407191110516,0.011799725873696298
2022-03-16,23,0.06301369863013699,36.29999923706055,36.07958162580306,-0.7058678338761867,-0.09665550500237062
2022-03-16,29,0.07945205479452055,36.29999923706055,36.22059842407674,0.13863683024701468,-0.027560596341546374
2022-03-16,37,0.10136986301369863,36.29999923706055,36.21743160562664,-0.1412781953169063,-0.02246408536043844
2022-03-16,44,0.12054794520547946,36.29999923706055,36.22450786361396,-0.009078274399058422,-0.017269623971501048
2022-03-16,65,0.1780821917808219,36.29999923706055,36.22095677872435,0.01277671352125512,-0.01224070957265752
2022-03-16,156,0.4273972602739726,36.29999923706055,36.28584406157813,-0.004250192292750053,-0.0009125603564391078
2022-03-16,310,0.8493150684931506,36.29999923706055,36.4963438387202,0.006441046072966896,0.006351431542844866
2022-03-17,22,0.06027397260273973,36.95000076293945,36.8520869121427,0.007255946385509256,-0.04402262325084411
2022-03-17,28,0.07671232876712329,36.95000076293945,36.882712573150336,0.05224751370040236,-0.023760466603685877
2022-03-17,36,0.09863013698630137,36.95000076293945,36.84076662035178,0.00040031505262719806,-0.03001767518698883
2022-03-17,43,0.1178082191780822,36.95000076293945,36.85724625957468,-0.05569348178045479,-0.021334900951129544
2022-03-17,64,0.17534246575342466,36.95000076293945,36.88119719439784,0.0298899199035787,-0.010629529962574625
2022-03-17,155,0.4246575342465753,36.95000076293945,36.94581157444281,-0.008902856901561841,-0.0002669938372032904
2022-03-17,246,0.673972602739726,36.95000076293945,37.087231554727815,0.016786776452111105,0.0055003413688054165
2022-03-17,309,0.8465753424657534,36.95000076293945,37.214651110631195,0.00979288366585924,0.008430274780740203
2022-03-18,21,0.057534246575342465,39.16999816894531,39.203898402366626,-0.001835191901407431,0.015036087404676799
2022-03-18,27,0.07397260273972603,39.16999816894531,39.206890510367,-0.029510063186381524,0.012726451532785774
2022-03-18,35,0.0958904109589041,39.16999816894531,39.21409700905969,-0.02254337051395697,0.011734216017331888
2022-03-18,42,0.11506849315068493,39.16999816894531,39.20714760441804,-0.02484780821213245,0.008238276743983636
2022-03-18,63,0.1726027397260274,39.16999816894531,39.231414280674855,-0.003544149868592465,0.009076968542538097
2022-03-18,154,0.42191780821917807,39.16999816894531,39.29993652128021,0.006664433423540365,0.00784940252203217
2022-03-18,245,0.6712328767123288,39.16999816894531,39.46879699369175,0.01918897250000521,0.011321419939353495
2022-03-18,308,0.8438356164383561,39.16999816894531,39.61972821175019,0.015372645450007733,0.013528796625837568
2022-03-21,24,0.06575342465753424,39.0,38.623250708832195,-0.21797907384785478,-0.14763034898334482
2022-03-21,32,0.08767123287671233,39.0,38.621775835032594,-0.1141973343422405,-0.1111583309911279
2022-03-21,39,0.10684931506849316,39.0,38.618155801227566,-0.09916171962753033,-0.09208409704108989
2022-03-21,60,0.1643835616438356,39.0,38.71693861588752,-0.022080962854378786,-0.044313746742849575
2022-03-21,151,0.4136986301369863,39.0,38.79375018637098,3.7048490241118517e-07,-0.0128172775044365
2022-03-21,242,0.663013698630137,39.0,38.84810131035538,0.018972098975163332,-0.005885915839549711
2022-03-21,305,0.8356164383561644,39.0,38.97682242385522,0.01665570981548601,-0.000711419092891221
2022-03-22,23,0.06301369863013699,39.59000015258789,39.54570408287371,0.03714557167962533,-0.017765923672790975
2022-03-22,31,0.08493150684931507,39.59000015258789,39.52416563074931,-0.06493720764026557,-0.019595696258426328
2022-03-22,38,0.10410958904109589,39.59000015258789,39.532879811557635,0.007294985982299034,-0.013868453798114062
2022-03-22,59,0.16164383561643836,39.59000015258789,39.56251092852569,0.0010816442512829078,-0.004297032613584119
2022-03-22,150,0.410958904109589,39.59000015258789,39.650615734704495,0.01658734319669655,0.0037227864423310737
2022-03-22,241,0.6602739726027397,39.59000015258789,39.82723652381898,-0.0005484963834579547,0.009048437898672847
2022-03-22,304,0.8328767123287671,39.59000015258789,39.99070513476697,0.013010036867147351,0.012091213932780247
2022-03-23,22,0.06027397260273973,36.689998626708984,36.71075814910201,0.08786924324380666,0.00938462689230096
2022-03-23,30,0.0821917808219178,36.689998626708984,36.7242050177257,0.06459181014935758,0.011337800230123566
2022-03-23,37,0.10136986301369863,36.689998626708984,36.70827413823129,0.0006198139999324748,0.004912525824874917
2022-03-23,58,0.1589041095890411,36.689998626708984,36.71977405819263,-0.03565496391983094,0.00510503912397541
2022-03-23,149,0.40821917808219177,36.689998626708984,36.839177674866455,-0.005931324558630811,0.009939975603992287
2022-03-23,240,0.6575342465753424,36.689998626708984,37.03990821488137,0.013889029773264982,0.014435340648436205
2022-03-23,303,0.8301369863013699,36.689998626708984,37.16216856118368,0.016807655101689502,0.015403564618459825
2022-03-24,21,0.057534246575342465,42.09000015258789,42.12946026080503,0.04156446334478896,0.01628731195120637
2022-03-24,29,0.07945205479452055,42.09000015258789,42.12662237510299,0.007132173044566849,0.010946411404458737
2022-03-24,36,0.09863013698630137,42.09000015258789,42.136714028598895,-0.006008264752765068,0.011246475696278705
2022-03-24,43,0.1178082191780822,42.09000015258789,42.13524307724956,0.018171980591581826,0.009119328156635855
2022-03-24,57,0.15616438356164383,42.09000015258789,42.13071535036098,-0.0026382415203717283,0.006191354344231344
2022-03-24,148,0.4054794520547945,42.09000015258789,42.213783204577354,-0.0036047188219699047,0.007242284446410911
2022-03-24,239,0.6547945205479452,42.09000015258789,42.32974561372155,-0.010624907168207921,0.00867426090307137
2022-03-24,302,0.8273972602739726,42.09000015258789,42.47738118731944,0.01135909150642898,0.011072722781059486
2022-03-25,20,0.0547945205479452,42.0099983215332,41.84141230842418,-0.05684684024879879,-0.07338454682436299
2022-03-25,28,0.07671232876712329,42.0099983215332,41.823554523296195,0.003850220940018893,-0.05798232351413838
2022-03-25,35,0.0958904109589041,42.0099983215332,41.83557258284254,-0.027815383349514732,-0.04338962402834518
2022-03-25,42,0.11506849315068493,42.0099983215332,41.846198358549856,-0.025690599635303627,-0.03395101483605692
2022-03-25,56,0.15342465753424658,42.0099983215332,41.88212567424147,0.031411197450690896,-0.01986971489806413
2022-03-25,147,0.40273972602739727,42.0099983215332,41.904230040596026,0.0006604734806988613,-0.006259297529300864
2022-03-25,238,0.6520547945205479,42.0099983215332,42.06293194407682,0.013827942239494309,0.0019311739394825681
2022-03-25,301,0.8246575342465754,42.0099983215332,42.163277502733514,0.018458995364461522,0.004416373417314784
2022-03-28,25,0.0684931506849315,42.709999084472656,42.64812602872926,-0.003802702193284782,-0.02116604062870921
2022-03-28,32,0.08767123287671233,42.709999084472656,42.65216664051587,0.005534255834379572,-0.015455357984563082
2022-03-28,39,0.10684931506849316,42.709999084472656,42.659251134551155,-0.005091601342844393,-0.011126929586755974
2022-03-28,53,0.14520547945205478,42.709999084472656,42.668504072644126,-0.08031711682146735,-0.00669413368058572
2022-03-28,144,0.39452054794520547,42.709999084472656,42.76370312165586,0.011275722727968333,0.003185186340843987
2022-03-28,235,0.6438356164383562,42.709999084472656,42.860765442391425,5.063560189514791e-05,0.005473113804787842
2022-03-28,298,0.8164383561643835,42.709999084472656,43.00851906703447,0.02152365444956555,0.00853114070249572
2022-03-29,24,0.06575342465753424,45.58000183105469,45.591252011620995,-0.0005300054217890301,0.003753299198368538
2022-03-29,31,0.08493150684931507,45.58000183105469,45.58903262168305,0.03842815818808426,0.0023325963193390332
2022-03-29,38,0.10410958904109589,45.58000183105469,45.59433834771707,0.03573631831819524,0.003020718684108434
2022-03-29,52,0.14246575342465753,45.58000183105469,45.61388519837302,-0.02463968861661876,0.005216033511408135
2022-03-29,143,0.3917808219178082,45.58000183105469,45.675329923241186,-0.004210079990136112,0.005332730469797929
2022-03-29,234,0.6410958904109589,45.58000183105469,45.84060898034416,0.0007180971947447813,0.008893042874198804
2022-03-29,297,0.8136986301369863,45.58000183105469,46.00209555144368,0.016270037800151415,0.01132837955770743
2022-03-30,23,0.06301369863013699,41.349998474121094,41.19964987213377,0.04640166643493084,-0.05780689877203947
2022-03-30,30,0.0821917808219178,41.349998474121094,41.188643014695465,0.04718947305335999,-0.04756949121327252
2022-03-30,37,0.10136986301369863,41.349998474121094,41.18631878614642,0.01846007337707938,-0.03912653661611544
2022-03-30,51,0.13972602739726028,41.349998474121094,41.22871948939835,-0.04303683359523916,-0.02102182482327356
2022-03-30,142,0.38904109589041097,41.349998474121094,41.259618452735815,-0.0015375444948408157,-0.0056244041562071466
2022-03-30,233,0.6383561643835617,41.349998474121094,41.44375819324599,0.014650205900218892,0.0035480181579030275
2022-03-30,296,0.810958904109589,41.349998474121094,41.57114968691468,0.014448234582149803,0.00657742943113672
2022-03-31,22,0.06027397260273973,38.779998779296875,38.73537135367858,-0.31926192860342417,-0.019103556931460788
2022-03-31,29,0.07945205479452055,38.779998779296875,38.65552837643623,-0.051826436313784426,-0.04046234718592131
2022-03-31,36,0.09863013698630137,38.779998779296875,38.653584434227824,-0.04299556385440112,-0.033104554486609664
2022-03-31,43,0.1178082191780822,38.779998779296875,38.66001603381225,-0.04071999720383364,-0.026303171708342718
2022-03-31,50,0.136986301369863,38.779998779296875,38.622120408345374,-0.047448911300802046,-0.029779900559989605
2022-03-31,141,0.3863013698630137,38.779998779296875,38.74035079806706,0.027106597972699143,-0.0026479461079907695
2022-03-31,232,0.6356164383561644,38.779998779296875,38.88785591263895,0.022447694069457406,0.0043696104184376885
2022-03-31,295,0.8082191780821918,38.779998779296875,39.028931834919604,0.008085999005504038,0.007916905288338131
2022-04-01,21,0.057534246575342465,36.290000915527344,36.05307235696398,-0.03286651972193278,-0.1138480446399274
2022-04-01,28,0.07671232876712329,36.290000915527344,36.07724924964422,0.07055875290990489,-0.07664732082544104
2022-04-01,35,0.0958904109589041,36.290000915527344,36.08512697711023,-0.03313045437364663,-0.059040951486323504
2022-04-01,42,0.11506849315068493,36.290000915527344,36.091200567545975,-0.017853233427896728,-0.04773819720408285
2022-04-01,49,0.13424657534246576,36.290000915527344,36.17312082225753,0.016948669245816457,-0.024029828238384697
2022-04-01,140,0.3835616438356164,36.290000915527344,36.24573372657204,0.0029643356303592295,-0.0031821804904314877
2022-04-01,231,0.6328767123287671,36.290000915527344,36.259379364998125,0.02972494942668273,-0.0013338419636066963
2022-04-01,294,0.8054794520547945,36.290000915527344,36.40779023337234,0.01631416065321303,0.0040230978993232944
2022-04-04,25,0.0684931506849315,37.959999084472656,37.94994217535232,0.01688896471653373,-0.00386855454184648
2022-04-04,32,0.08767123287671233,37.959999084472656,37.95858520883759,-0.006889152326144449,-0.00042485036080270217
2022-04-04,39,0.10684931506849316,37.959999084472656,37.98248523748878,-0.04707270002585667,0.005542282097798248
2022-04-04,46,0.12602739726027398,37.959999084472656,37.97953144288106,0.005411721158323056,0.004081800878864579
2022-04-04,137,0.37534246575342467,37.959999084472656,38.03030289034481,-0.022110012100158,0.0049297294192361
2022-04-04,228,0.6246575342465753,37.959999084472656,38.184376324720255,0.01272423363497753,0.009434746671349158
2022-04-04,291,0.7972602739726027,37.959999084472656,38.31872318510574,0.013874494959374746,0.011797506318773032
2022-04-05,24,0.06575342465753424,32.880001068115234,32.75394652614871,-0.05448384348386948,-0.05841738672700829
2022-04-05,31,0.08493150684931507,32.880001068115234,32.75804361437112,0.01660525635626099,-0.04375365916013025
2022-04-05,38,0.10410958904109589,32.880001068115234,32.760961868825575,0.003961306986948992,-0.034838126608115895
2022-04-05,45,0.1232876712328767,32.880001068115234,32.76325275557958,-0.007615739818320891,-0.02885169391562464
2022-04-05,136,0.3726027397260274,32.880001068115234,32.84752745493294,0.019590052249023326,-0.0026519620071967743
2022-04-05,227,0.6219178082191781,32.880001068115234,32.966476140727096,0.03124195221866805,0.004223336082131853
2022-04-05,290,0.7945205479452054,32.880001068115234,33.086119087878025,0.026596797715472808,0.007865408723213793
2022-04-06,23,0.06301369863013699,30.510000228881836,30.512678905382238,0.19445676828389466,0.0013932338615694154
2022-04-06,30,0.0821917808219178,30.510000228881836,30.469806208218646,0.15969709971998142,-0.016038992276162355
2022-04-06,37,0.10136986301369863,30.510000228881836,30.47491921477891,0.18296340286834173,-0.011349346847598528
2022-04-06,44,0.12054794520547946,30.510000228881836,30.47657032294094,-0.02484895943697485,-0.009094339637642446
2022-04-06,135,0.3698630136986301,30.510000228881836,30.57788935568051,0.013552244138776152,0.006009445092355706
2022-04-06,226,0.6191780821917808,30.510000228881836,30.699892427129853,0.019448019132937044,0.010020775173958173
2022-04-06,289,0.7917808219178082,30.510000228881836,30.811428662502454,0.017501622543159675,0.012416536397311018
2022-04-07,22,0.06027397260273973,30.510000228881836,30.58149770607397,0.05622679872024721,0.03883383861903563
2022-04-07,29,0.07945205479452055,30.510000228881836,30.55290709113826,0.011879667816096784,0.017687815998997415
2022-04-07,36,0.09863013698630137,30.510000228881836,30.54902481807056,0.01991472283633182,0.012960116126631203
2022-04-07,43,0.1178082191780822,30.510000228881836,30.518874272941385,-0.05640119990071227,0.0024685426068596977
2022-04-07,50,0.136986301369863,30.510000228881836,30.568448019991344,-0.08087485023037883,0.01397118026301637
2022-04-07,134,0.36712328767123287,30.510000228881836,30.604619482933945,-0.009887217904895296,0.00843437322722651
2022-04-07,225,0.6164383561643836,30.510000228881836,30.776423936680008,0.008378397309069948,0.014104304103330124
2022-04-07,288,0.7890410958904109,30.510000228881836,30.843873217562138,0.017021317004065784,0.013793483441675606
2022-04-08,21,0.057534246575342465,28.290000915527344,28.237864300729033,-0.07174112511355779,-0.03206150710277142
2022-04-08,28,0.07671232876712329,28.290000915527344,28.247338284648492,-0.04446017404528111,-0.0196732983984713
2022-04-08,35,0.0958904109589041,28.290000915527344,28.244854060333015,-0.03387700501406511,-0.016655824250436133
2022-04-08,42,0.11506849315068493,28.290000915527344,28.243688561467476,0.023309283089774743,-0.014238465737434846
2022-04-08,49,0.13424657534246576,28.290000915527344,28.248926551851422,0.021549917227456264,-0.010823061713445986
2022-04-08,133,0.3643835616438356,28.290000915527344,28.313347452043516,0.0336939378908369,0.002263870512935618
2022-04-08,224,0.6136986301369863,28.290000915527344,28.414530953157435,0.020987545141085102,0.007157014381412001
2022-04-08,287,0.7863013698630137,28.290000915527344,28.55669187650225,0.020026917389007613,0.011932934103556841
2022-04-11,25,0.0684931506849315,26.489999771118164,26.44695690560864,0.018386735153042403,-0.02374242927361117
2022-04-11,32,0.08767123287671233,26.489999771118164,26.44902268080481,0.11267726151645506,-0.017657864013512777
2022-04-11,39,0.10684931506849316,26.489999771118164,26.4675772867256,-0.02225655340500507,-0.007925267004018346
2022-04-11,46,0.12602739726027398,26.489999771118164,26.4592456261533,-0.011155778246145711,-0.009217411134867954
2022-04-11,130,0.3561643835616438,26.489999771118164,26.52818358585756,0.005855578721677577,0.004044213312113215
2022-04-11,221,0.6054794520547945,26.489999771118164,26.581346729345984,0.0019672466100136873,0.005685452024017279
2022-04-11,284,0.7780821917808219,26.489999771118164,26.721017243762894,0.013251952808404325,0.011159648546060873
2022-04-12,24,0.06575342465753424,26.239999771118164,26.229301610766598,0.025886135739206107,-0.006201767000880604
2022-04-12,31,0.08493150684931507,26.239999771118164,26.222260040084073,0.015228384671946125,-0.007962715880108587
2022-04-12,38,0.10410958904109589,26.239999771118164,26.22932343445373,0.024043666134161215,-0.003908913566034821
2022-04-12,45,0.1232876712328767,26.239999771118164,26.211790031642384,0.061327846665737505,-0.008724672855798157
2022-04-12,129,0.35342465753424657,26.239999771118164,26.277130085115648,0.012659882416438503,0.004000929151049732
2022-04-12,220,0.6027397260273972,26.239999771118164,26.371453918506962,0.005440403193673873,0.00829077394561992
2022-04-12,283,0.7753424657534247,26.239999771118164,26.492341933095407,0.015138485392843036,0.01234390303776111
2022-04-13,23,0.06301369863013699,28.030000686645508,28.019819897144465,0.06001137686560667,-0.005765039140012529
2022-04-13,30,0.0821917808219178,28.030000686645508,28.029463644929823,0.03832883986167853,-0.00023310988140647285
2022-04-13,37,0.10136986301369863,28.030000686645508,28.03669718733449,0.008224453935905252,0.0023564817327712748
2022-04-13,44,0.12054794520547946,28.030000686645508,28.04050584726389,0.01577145697741005,0.0031084107781144264
2022-04-13,128,0.3506849315068493,28.030000686645508,28.1000417968259,0.0011882898181011707,0.007116570666133426
2022-04-13,219,0.6,28.030000686645508,28.1858105491697,0.02237166564995004,0.009238816036309879
2022-04-13,282,0.7726027397260274,28.030000686645508,28.343444948899695,0.009247040988879383,0.014393419100909776
2022-04-14,22,0.06027397260273973,25.610000610351562,25.600345218980472,0.05043566345744721,-0.006256224978718533
2022-04-14,29,0.07945205479452055,25.610000610351562,25.604454422755303,0.03596971698571763,-0.0027260063511892058
2022-04-14,36,0.09863013698630137,25.610000610351562,25.60584682926226,-0.03855023003698258,-0.0016445974100185415
2022-04-14,43,0.1178082191780822,25.610000610351562,25.615154126365653,0.008579401029536356,0.0017079484439778182
2022-04-14,64,0.17534246575342466,25.610000610351562,25.620117500862914,-0.024051609314270198,0.002252498884439137
2022-04-14,127,0.34794520547945207,25.610000610351562,25.67573211364256,0.012000145442988008,0.007367096812618666
2022-04-14,218,0.5972602739726027,25.610000610351562,25.74887484443775,0.01350883650316231,0.009054690199771257
2022-04-14,281,0.7698630136986301,25.610000610351562,25.857774051918536,0.01449079801871408,0.012506599933943577
2022-04-18,25,0.0684931506849315,26.979999542236328,26.901423363245883,0.07631592761124416,-0.04258287790684304
2022-04-18,32,0.08767123287671233,26.979999542236328,26.925204432721078,0.08646182026750089,-0.023189113001775733
2022-04-18,39,0.10684931506849316,26.979999542236328,26.920126615888876,-0.04830724236048654,-0.020792137343473176
2022-04-18,60,0.1643835616438356,26.979999542236328,26.933811611700314,0.007101479721181158,-0.010423178779352114
2022-04-18,123,0.336986301369863,26.979999542236328,26.994409269122762,0.018605020381884798,0.0015844758140929145
2022-04-18,214,0.5863013698630137,26.979999542236328,27.05630663139616,0.02289449176153393,0.004817132684316704
2022-04-18,277,0.7589041095890411,26.979999542236328,27.160931675582045,0.007651244966321912,0.008807135749484031
2022-04-19,24,0.06575342465753424,28.75,28.789799735849094,-0.01983527930715479,0.021038924316066167
2022-04-19,31,0.08493150684931507,28.75,28.78323938190238,0.02642245697137174,0.013604899139914002
2022-04-19,38,0.10410958904109589,28.75,28.79768313125389,0.045833080883079066,0.015917552324642866
2022-04-19,59,0.16164383561643836,28.75,28.80405244948473,0.0123851111440837,0.011620115571992827
2022-04-19,122,0.33424657534246577,28.75,28.831118478799866,-0.009956012737788168,0.00842952335062569
2022-04-19,213,0.5835616438356165,28.75,28.955388307711328,0.006437995968305032,0.012198444072706963
2022-04-19,276,0.7561643835616438,28.75,29.07540332024169,0.013839917043864053,0.014884068899873655
2022-04-20,23,0.06301369863013699,28.5,28.507820602782566,-0.08634178926031276,0.004354124236411051
2022-04-20,30,0.0821917808219178,28.5,28.505272008232687,0.013266606723488953,0.0022504152600016044
2022-04-20,37,0.10136986301369863,28.5,28.522678299946172,0.02941086794560516,0.007846645678488619
2022-04-20,58,0.1589041095890411,28.5,28.506264880284554,0.015001108994231668,0.0013832002487200086
2022-04-20,121,0.3315068493150685,28.5,28.562724194292038,0.010792625645733977,0.006631629502281692
2022-04-20,212,0.5808219178082191,28.5,28.66144108868549,0.02217600450150264,0.009725211665065103
2022-04-20,275,0.7534246575342466,28.5,28.820781826318328,0.014453660670317047,0.014855673656587593
2022-04-21,22,0.06027397260273973,26.209999084472656,26.203960115484623,0.0850866878207596,-0.003823103137254042
2022-04-21,29,0.07945205479452055,26.209999084472656,26.212045375680272,0.022495468482151542,0.0009826035893102164
2022-04-21,36,0.09863013698630137,26.209999084472656,26.216591045189478,0.009311395868807294,0.002549666398471288
2022-04-21,43,0.1178082191780822,26.209999084472656,26.219197735757177,0.02428722454181796,0.002978553187678313
2022-04-21,57,0.15616438356164383,26.209999084472656,26.238251440290373,0.012208833655338031,0.006898770654682592
2022-04-21,120,0.3287671232876712,26.209999084472656,26.2749999076128,1.2086497810514674e-07,0.007533997977738411
2022-04-21,211,0.5780821917808219,26.209999084472656,26.398916823372602,0.018634188260042102,0.012423834517124574
2022-04-21,274,0.7506849315068493,26.209999084472656,26.52411297500607,0.0320142806093011,0.015869854239691807
2022-04-22,21,0.057534246575342465,24.450000762939453,24.498505874891006,-0.18348467629962778,0.034447029130191605
2022-04-22,28,0.07671232876712329,24.450000762939453,24.47765710750657,-0.04113287598968922,0.014736869085991169
2022-04-22,35,0.0958904109589041,24.450000762939453,24.49553559793367,-0.019887169879578413,0.019403747574471705
2022-04-22,42,0.11506849315068493,24.450000762939453,24.480018193178086,-0.007896911717879523,0.01066281195386531
2022-04-22,56,0.15342465753424658,24.450000762939453,24.4855880513286,0.016704064325768844,0.009479926913422167
2022-04-22,119,0.32602739726027397,24.450000762939453,24.53482063323871,0.039506549353118876,0.010622149459779962
2022-04-22,210,0.5753424657534246,24.450000762939453,24.63497756376241,0.007776844377597763,0.013100090072948843
2022-04-22,273,0.7479452054794521,24.450000762939453,24.73788846530467,0.015041092883842883,0.015650567840540197
2022-04-25,25,0.0684931506849315,25.670000076293945,25.682392924244674,-0.07400035495654743,0.007046821891681327
2022-04-25,32,0.08767123287671233,25.670000076293945,25.639203977924982,-0.01644162524881779,-0.01369220379372565
2022-04-25,39,0.10684931506849316,25.670000076293945,25.651456406433027,-0.10206438778587287,-0.006763242908377976
2022-04-25,53,0.14520547945205478,25.670000076293945,25.70939097656723,-0.04046429256542489,0.010559759557424624
2022-04-25,116,0.3178082191780822,25.670000076293945,25.71183385702138,0.03673590641891135,0.005123685703060618
2022-04-25,207,0.5671232876712329,25.670000076293945,25.83191507175792,0.03712320203590121,0.011087091674001182
2022-04-25,270,0.7397260273972602,25.670000076293945,25.890171803996,0.0182432277447632,0.01154539855434662
2022-04-26,24,0.06575342465753424,22.43000030517578,22.438242241512086,0.07325417918729128,0.005587297803967652
2022-04-26,31,0.08493150684931507,22.43000030517578,22.466203353099434,0.08241940885776977,0.0189887674659261
2022-04-26,38,0.10410958904109589,22.43000030517578,22.476564446866046,0.12812020188217435,0.019919626336256543
2022-04-26,52,0.14246575342465753,22.43000030517578,22.45373706664303,0.06548303408796353,0.007424240125350985
2022-04-26,115,0.3150684931506849,22.43000030517578,22.48736457221645,0.034189830244853316,0.008106855550056047
2022-04-26,206,0.5643835616438356,22.43000030517578,22.631133534130996,0.0267791213795577,0.015817587092105064
2022-04-26,269,0.736986301369863,22.43000030517578,22.709238639412934,0.011322012629668742,0.016787921362413586
2022-04-27,23,0.06301369863013699,21.950000762939453,21.919769686739038,-0.030489203800695027,-0.021871740215524394
2022-04-27,30,0.0821917808219178,21.950000762939453,21.922086752593877,-0.04843710601295421,-0.015482304319952159
2022-04-27,37,0.10136986301369863,21.950000762939453,21.92513681232958,-0.0147758432436769,-0.011180798629254784
2022-04-27,51,0.13972602739726028,21.950000762939453,21.928405223216586,0.016633779901577557,-0.007044755738437186
2022-04-27,114,0.31232876712328766,21.950000762939453,21.964349308358315,-0.005712341548776534,0.0020922782547082236
2022-04-27,205,0.5616438356164384,21.950000762939453,22.04647017021883,0.0015903767465471393,0.007808029818183494
2022-04-27,268,0.7342465753424657,21.950000762939453,22.139066732840117,0.008121224997719495,0.011680815971849284
2022-04-28,22,0.06027397260273973,25.579999923706055,25.54284826923425,0.10305995840597547,-0.024113673326582288
2022-04-28,29,0.07945205479452055,25.579999923706055,25.544878640213234,-0.02711480862659307,-0.017292708460836758
2022-04-28,36,0.09863013698630137,25.579999923706055,25.53901269229785,0.057275264046317144,-0.01625872851989303
2022-04-28,43,0.1178082191780822,25.579999923706055,25.538065329811257,0.014563968098284785,-0.013926838374376652
2022-04-28,50,0.136986301369863,25.579999923706055,25.561104512142517,-0.01736054573627592,-0.005394350091266935
2022-04-28,113,0.3095890410958904,25.579999923706055,25.580721356628548,-0.02108058544965387,9.109692455883811e-05
2022-04-28,204,0.5589041095890411,25.579999923706055,25.686315844072,0.018735475560053852,0.00742095008245369
2022-04-28,267,0.7315068493150685,25.579999923706055,25.786941974627418,0.009740570024032464,0.011014860117909312
2022-04-29,21,0.057534246575342465,22.239999771118164,22.22157995843975,0.03345685177079325,-0.01440137337869074
2022-04-29,28,0.07671232876712329,22.239999771118164,22.209685395809853,0.0732196537764763,-0.017780535229952057
2022-04-29,35,0.0958904109589041,22.239999771118164,22.212088786220967,-0.028957062596645627,-0.013095975795059457
2022-04-29,42,0.11506849315068493,22.239999771118164,22.213255446873,-0.009735395165178297,-0.010456869355699899
2022-04-29,49,0.13424657534246576,22.239999771118164,22.230932170856395,-0.08464832600267795,-0.0030376862945459037
2022-04-29,112,0.30684931506849317,22.239999771118164,22.2659378950626,0.06465164969148224,0.003798616868439858
2022-04-29,203,0.5561643835616439,22.239999771118164,22.349999824592032,-6.124051823018385e-08,0.008871215536705852
2022-04-29,266,0.7287671232876712,22.239999771118164,22.455637250368888,0.007792578225173353,0.013240479344311185
2022-05-02,25,0.0684931506849315,24.5,24.43248842964777,0.0008748651024028056,-0.04028691710540082
2022-05-02,32,0.08767123287671233,24.5,24.42414922073824,-0.06718527690400117,-0.03536795868423069
2022-05-02,39,0.10684931506849316,24.5,24.4134696867931,-0.05066877264264119,-0.033112998630704195
2022-05-02,46,0.12602739726027398,24.5,24.470814311652223,-0.05131496206169503,-0.009457964830635568
2022-05-02,109,0.29863013698630136,24.5,24.53141825185245,0.017987214725265287,0.004291449267823889
2022-05-02,200,0.547945205479452,24.5,24.603898205325653,0.013629606346192515,0.00772299204812292
2022-05-02,263,0.7205479452054795,24.5,24.699498175667898,0.020374384819050483,0.011255058259822108
2022-05-03,24,0.06575342465753424,25.110000610351562,25.09748594311946,0.043013065308345894,-0.0075816276746117775
2022-05-03,31,0.08493150684931507,25.110000610351562,25.110908686029035,-0.03376253134889824,0.0004257931182102604
2022-05-03,38,0.10410958904109589,25.110000610351562,25.120574371132687,0.019229432718847576,0.004043901803192879
2022-05-03,45,0.1232876712328767,25.110000610351562,25.132671290284424,-0.054853591931198015,0.007319850215901855
2022-05-03,108,0.2958904109589041,25.110000610351562,25.161290390393088,0.012091699484620341,0.006896203261145334
2022-05-03,199,0.5452054794520548,25.110000610351562,25.276112707083975,0.031382340689052456,0.012093771483509248
2022-05-03,262,0.7178082191780822,25.110000610351562,25.36477471247606,0.017720298689593468,0.014063912068143638
2022-05-04,23,0.06301369863013699,28.020000457763672,28.02315299674303,0.04978033365480795,0.0017853892902949127
2022-05-04,30,0.0821917808219178,28.020000457763672,27.984037172363188,-0.16173904200856593,-0.0156257792961052
2022-05-04,37,0.10136986301369863,28.020000457763672,27.974894861052082,-0.178846337849028,-0.015892902733987566
2022-05-04,44,0.12054794520547946,28.020000457763672,28.04596178356111,-0.026916600964471817,0.007682415671655449
2022-05-04,107,0.29315068493150687,28.020000457763672,28.083507423050012,0.007114518424810816,0.007722725737921269
2022-05-04,198,0.5424657534246575,28.020000457763672,28.215505148453417,0.013877888484225756,0.01281757883075586
2022-05-04,261,0.7150684931506849,28.020000457763672,28.3166104379585,0.020514069392415877,0.014725885131454727
2022-05-05,22,0.06027397260273973,23.989999771118164,23.749394211736234,0.11084939843445955,-0.16723709413084206
2022-05-05,29,0.07945205479452055,23.989999771118164,23.728418087834026,0.015595581226846355,-0.13799091891224097
2022-05-05,36,0.09863013698630137,23.989999771118164,23.726946938439113,-0.09658221510933472,-0.11178797659205313
2022-05-05,43,0.1178082191780822,23.989999771118164,23.799070520510757,0.009098900137774014,-0.06782668655781308
2022-05-05,50,0.136986301369863,23.989999771118164,23.735679641787712,-0.018746957717496474,-0.07780107229456439
2022-05-05,106,0.29041095890410956,23.989999771118164,23.826401489815044,0.04331342239254413,-0.023562455046844524
2022-05-05,197,0.5397260273972603,23.989999771118164,23.91822238220968,-0.008252921324618292,-0.005551809553122078
2022-05-05,260,0.7123287671232876,23.989999771118164,23.954447971567866,0.009711549867889278,-0.002081962294213536
2022-05-06,21,0.057534246575342465,23.350000381469727,23.341530815969595,0.012903094984959352,-0.0063056024287254835
2022-05-06,28,0.07671232876712329,23.350000381469727,23.349632877096013,0.05330989618281735,-0.00020517000585606646
2022-05-06,35,0.0958904109589041,23.350000381469727,23.344874327373223,0.025472008356230084,-0.0022896483539222136
2022-05-06,42,0.11506849315068493,23.350000381469727,23.359204184317534,0.032650772592930206,0.003424825204772243
2022-05-06,49,0.13424657534246576,23.350000381469727,23.347103686771987,0.024433409667835804,-0.0009241438048655918
2022-05-06,105,0.2876712328767123,23.350000381469727,23.384201044001156,0.018672580828264732,0.005087838669254845
2022-05-06,196,0.536986301369863,23.350000381469727,23.477396014714305,0.0234246381030826,0.01013263480754881
2022-05-06,259,0.7095890410958904,23.350000381469727,23.59616226664242,0.024313882686506808,0.014779093149192754
2022-05-09,25,0.0684931506849315,19.719999313354492,19.666416311005456,0.0014957041872480765,-0.03972498154661926
2022-05-09,32,0.08767123287671233,19.719999313354492,19.673896313690893,-0.021913583771716476,-0.026697668337706818
2022-05-09,39,0.10684931506849316,19.719999313354492,19.674390817054395,0.01204072957577471,-0.021670544294353507
2022-05-09,46,0.12602739726027398,19.719999313354492,19.65318368979278,-0.02394765150360324,-0.02693040878620113
2022-05-09,102,0.27945205479452057,19.719999313354492,19.72290307639223,0.033383532178847306,0.0005268839837793676
2022-05-09,193,0.5287671232876713,19.719999313354492,19.79864995928097,0.025359244952591252,0.007527769732882137
2022-05-09,256,0.7013698630136986,19.719999313354492,19.885434342225384,0.019621783045539617,0.011911271375854496
2022-05-10,24,0.06575342465753424,21.09000015258789,21.128962980078267,0.07737344624289087,0.028070790580441582
2022-05-10,31,0.08493150684931507,21.09000015258789,21.122888590477274,0.09287630300901979,0.018346762000705136
2022-05-10,38,0.10410958904109589,21.09000015258789,21.12228932560747,-0.04449237130911067,0.014694586260415093
2022-05-10,45,0.1232876712328767,21.09000015258789,21.134711832210755,0.029019790846538458,0.01717769144583981
2022-05-10,101,0.27671232876712326,21.09000015258789,21.139659715357336,0.009692825218022262,0.008499375066187866
2022-05-10,192,0.5260273972602739,21.09000015258789,21.26096347419757,0.012260349622248186,0.015348418806796006
2022-05-10,255,0.6986301369863014,21.09000015258789,21.36075745019977,0.02196814744022255,0.018259265115872458
2022-05-11,23,0.06301369863013699,19.149999618530273,19.094010894917428,-0.35032595148519835,-0.04646569874120256
2022-05-11,30,0.0821917808219178,19.149999618530273,19.07480031179519,0.12339638537047234,-0.047870810604900636
2022-05-11,37,0.10136986301369863,19.149999618530273,19.109543801534528,0.07497527642648782,-0.02086231463982426
2022-05-11,44,0.12054794520547946,19.149999618530273,19.064981235185623,0.04609388384974234,-0.03691051427347034
2022-05-11,100,0.273972602739726,19.149999618530273,19.11727940596409,0.03405117772573081,-0.006241823720727362
2022-05-11,191,0.5232876712328767,19.149999618530273,19.344180549765767,-0.13017348979718818,0.019279895759711965
2022-05-11,254,0.6958904109589041,19.149999618530273,19.284362787869767,0.012626088197042244,0.010047348612478506
2022-05-12,22,0.06027397260273973,19.40999984741211,19.286252820714417,-0.041566949161796415,-0.10611273843652103
2022-05-12,29,0.07945205479452055,19.40999984741211,19.31892146879382,-0.20766503261784394,-0.059197797995933714
2022-05-12,36,0.09863013698630137,19.40999984741211,19.3571121494928,0.027557888939975326,-0.02766380046573925
2022-05-12,43,0.1178082191780822,19.40999984741211,19.292223357318683,0.016183818113373757,-0.05166285939346233
2022-05-12,50,0.136986301369863,19.40999984741211,19.30352295799678,-0.08728082153584912,-0.04015564569442871
2022-05-12,99,0.27123287671232876,19.40999984741211,19.36298930197457,-0.013143555427134048,-0.008940336902531902
2022-05-12,190,0.5205479452054794,19.40999984741211,19.381519816291558,0.08903016552858467,-0.0028208046003961314
2022-05-12,253,0.6931506849315069,19.40999984741211,19.510195889769278,0.02584826933485596,0.007428118960507131
2022-05-13,21,0.057534246575342465,22.489999771118164,22.492037324935716,-0.17151183024680117,0.0015746119200920386
2022-05-13,28,0.07671232876712329,22.489999771118164,22.47154314302346,-0.002148718654163668,-0.010702272584098184
2022-05-13,35,0.0958904109589041,22.489999771118164,22.48760431083225,-0.0875294116546557,-0.0011108296775461637
2022-05-13,42,0.11506849315068493,22.489999771118164,22.47324986894439,0.06903313688780115,-0.006474827061335597
2022-05-13,49,0.13424657534246576,22.489999771118164,22.46163122223828,-0.017986985596026888,-0.009401962288824776
2022-05-13,98,0.2684931506849315,22.489999771118164,22.495800319825797,0.029379531801350424,0.000960484621740788
2022-05-13,189,0.5178082191780822,22.489999771118164,22.57543116609098,0.01106727128832682,0.007322098142119925
2022-05-13,252,0.6904109589041096,22.489999771118164,22.679035465931648,0.0023115581379621417,0.012123495573078126
2022-05-16,25,0.0684931506849315,21.3700008392334,21.378842545734177,-0.09196213884763563,0.006039410965559436
2022-05-16,32,0.08767123287671233,21.3700008392334,21.362754862081015,-0.021162245361848964,-0.003868200228610262
2022-05-16,39,0.10684931506849316,21.3700008392334,21.358142011296614,0.021107204002720658,-0.005195005541234843
2022-05-16,46,0.12602739726027398,21.3700008392334,21.341165753315302,0.09605801483618194,-0.010713833935141387
2022-05-16,95,0.2602739726027397,21.3700008392334,21.38725850603079,0.008241659449773184,0.0031014979466883756
2022-05-16,186,0.5095890410958904,21.3700008392334,21.470602401407177,0.015479376579922174,0.009216369145030514
2022-05-16,249,0.6821917808219178,21.3700008392334,21.57221718416046,0.005537456695064864,0.013805702384042252
2022-05-17,24,0.06575342465753424,24.579999923706055,24.565447838039223,0.026638249075464162,-0.00900644865653893
2022-05-17,31,0.08493150684931507,24.579999923706055,24.572335716891686,0.0752304408622058,-0.0036718440327402953
2022-05-17,38,0.10410958904109589,24.579999923706055,24.570426389261282,0.012701599382173656,-0.003741831994318404
2022-05-17,45,0.1232876712328767,24.579999923706055,24.559892990908065,-0.014471223891364933,-0.006637766810495765
2022-05-17,94,0.25753424657534246,24.579999923706055,24.597601222016376,0.028999651003261625,0.0027795365438477025
2022-05-17,185,0.5068493150684932,24.579999923706055,24.69787623963673,0.010007488994379041,0.009439011872150438
2022-05-17,248,0.6794520547945205,24.579999923706055,24.771822525632718,0.0012546382940892397,0.011441157103113636
2022-05-18,23,0.06301369863013699,20.850000381469727,20.766681836042586,0.014433531279154631,-0.063543309394541
2022-05-18,30,0.0821917808219178,20.850000381469727,20.782001722254645,0.05050887181456173,-0.03974431756048716
2022-05-18,37,0.10136986301369863,20.850000381469727,20.77090641291554,0.034553026574238435,-0.03749328454136059
2022-05-18,44,0.12054794520547946,20.850000381469727,20.767495089321564,-0.002320204623169829,-0.03289096518964552
2022-05-18,93,0.2547945205479452,20.850000381469727,20.768722017471745,-0.030716775115847972,-0.015329453516368472
2022-05-18,184,0.5041095890410959,20.850000381469727,20.82999993181228,-9.458997538279884e-08,-0.0019037815630517645
2022-05-18,247,0.6767123287671233,20.850000381469727,20.91084176828828,0.02149876006490203,0.004305821984815219
2022-05-19,22,0.06027397260273973,20.510000228881836,20.549741056135964,0.04198604327220028,0.032115967486509765
2022-05-19,29,0.07945205479452055,20.510000228881836,20.531721096855904,0.02159562220484683,0.013322217245659355
2022-05-19,36,0.09863013698630137,20.510000228881836,20.52357691006412,0.049701656280744744,0.006709259908976136
2022-05-19,43,0.1178082191780822,20.510000228881836,20.543844615753468,0.07448210818236373,0.013995464502536312
2022-05-19,57,0.15616438356164383,20.510000228881836,20.532691469413336,0.03761691708949536,0.007080606392108966
2022-05-19,92,0.25205479452054796,20.510000228881836,20.529104170812783,-0.008492812956697852,0.003693687748742583
2022-05-19,183,0.5013698630136987,20.510000228881836,20.680827834818622,-0.08020319356862922,0.01654366746851552
2022-05-19,246,0.673972602739726,20.510000228881836,20.702271778830482,0.02709881035430334,0.013844566881980819
2022-05-20,28,0.07671232876712329,20.360000610351562,20.229670616048654,0.25955715857697487,-0.08371343526505637
2022-05-20,35,0.0958904109589041,20.360000610351562,20.200190662777324,0.4950741840557462,-0.08217900484028948
2022-05-20,42,0.11506849315068493,20.360000610351562,20.233324946809493,0.2243880304205666,-0.05423923250073337
2022-05-20,56,0.15342465753424658,20.360000610351562,20.24944833792444,-0.09337130137988454,-0.03548758809678814
2022-05-20,91,0.2493150684931507,20.360000610351562,20.275483914559313,-0.0822361299578618,-0.016684729164673603
2022-05-20,182,0.4986301369863014,20.360000610351562,20.248055136366986,0.1796200862980135,-0.011057244558071846
2022-05-20,245,0.6712328767123288,20.360000610351562,20.379916492679218,0.02266313425753725,0.0014565863004057241
2022-05-23,25,0.0684931506849315,20.6299991607666,20.53959733808178,0.08601475377722657,-0.06411861396697456
2022-05-23,32,0.08767123287671233,20.6299991607666,20.522074175680164,0.06318847749232036,-0.05982795439714143
2022-05-23,39,0.10684931506849316,20.6299991607666,20.52797604243596,-0.037556412654058395,-0.04639847803195264
2022-05-23,53,0.14520547945205478,20.6299991607666,20.573463428530886,-0.06560275846368542,-0.0188989018859372
2022-05-23,88,0.2410958904109589,20.6299991607666,20.596314992962693,0.020790537163454918,-0.006777844462553338
2022-05-23,179,0.4904109589041096,20.6299991607666,20.60714280674825,0.041195524171764704,-0.0022604154645953353
2022-05-23,242,0.663013698630137,20.6299991607666,20.698599054966024,0.00847187998229062,0.00500703542161336
2022-05-24,24,0.06575342465753424,19.100000381469727,19.05630736114699,-0.015200950254713342,-0.03483032542539668
2022-05-24,31,0.08493150684931507,19.100000381469727,19.055125979926995,0.052923404885624324,-0.02769536799541328
2022-05-24,38,0.10410958904109589,19.100000381469727,19.054481016286893,-0.01134489891782556,-0.022918706939833774
2022-05-24,52,0.14246575342465753,19.100000381469727,19.03694447168925,-0.010521866435557081,-0.02321131842844841
2022-05-24,87,0.23835616438356164,19.100000381469727,19.03473944364203,-0.03134822736921331,-0.014359408619342366
2022-05-24,241,0.6602739726027397,19.100000381469727,19.18780612301833,0.02039464744614095,0.006946547463261881
2022-05-25,23,0.06301369863013699,20.190000534057617,20.18575239740585,0.019987485062849177,-0.0033394340415549436
2022-05-25,30,0.0821917808219178,20.190000534057617,20.187425611250443,0.014472398950894201,-0.0015517694177437133
2022-05-25,37,0.10136986301369863,20.190000534057617,20.17915171106467,0.0020698988178820907,-0.005302176012756267
2022-05-25,51,0.13972602739726028,20.190000534057617,20.19262993379343,0.035873966041232726,0.0009319973869844503
2022-05-25,86,0.2356164383561644,20.190000534057617,20.206234990107706,0.03042414094674501,0.0034113107152617776
2022-05-25,177,0.4849315068493151,20.190000534057617,20.285759118673568,0.027608570371363272,0.009757377641573788
2022-05-25,240,0.6575342465753424,20.190000534057617,20.347407652328066,0.013305755234072911,0.011810878210795331
2022-05-26,22,0.06027397260273973,22.540000915527344,22.5955684399621,0.031936608401311975,0.04085098405721869
2022-05-26,29,0.07945205479452055,22.540000915527344,22.609911257325173,0.033931425116064014,0.03897711809125579
2022-05-26,36,0.09863013698630137,22.540000915527344,22.611276713137485,0.04634420682269937,0.032010522433598594
2022-05-26,43,0.1178082191780822,22.540000915527344,22.631963365183033,0.03867083755389413,0.03456181647790154
2022-05-26,50,0.136986301369863,22.540000915527344,22.611940326496498,-0.03640929053411623,0.02326181909368151
2022-05-26,85,0.2328767123287671,22.540000915527344,22.629074435017838,-0.0030665236622988367,0.01693604151838193
2022-05-26,176,0.4821917808219178,22.540000915527344,22.713874931412796,0.013375069045426508,0.015936437112626642
2022-05-26,239,0.6547945205479452,22.540000915527344,22.82864533489913,0.022919497818091494,0.01943292451515319
2022-05-27,21,0.057534246575342465,25.260000228881836,25.238172986669447,0.014412879453292454,-0.01502542594988814
2022-05-27,28,0.07671232876712329,25.260000228881836,25.23504710153534,-0.040959548146044175,-0.012883713643194808
2022-05-27,35,0.0958904109589041,25.260000228881836,25.239368756533207,0.006136187032499903,-0.008521167664379768
2022-05-27,42,0.11506849315068493,25.260000228881836,25.242647964740183,-0.000753701287197205,-0.005971942054600961
2022-05-27,49,0.13424657534246576,25.260000228881836,25.22922989565298,0.0039914315919214955,-0.009079465544153844
2022-05-27,84,0.23013698630136986,25.260000228881836,25.242677953921703,0.0181429160368732,-0.0029808087298757273
2022-05-27,175,0.4794520547945205,25.260000228881836,25.35891327798877,0.006839577831923487,0.008151286065148412
2022-05-27,238,0.6520547945205479,25.260000228881836,25.45391610657047,0.011152418062318344,0.011728277686746315
2022-05-31,24,0.06575342465753424,24.860000610351562,24.966892444011446,-0.10339036743530895,0.0652518762898183
2022-05-31,31,0.08493150684931507,24.860000610351562,24.94967556447669,-0.0021019739700522365,0.0423954335046319
2022-05-31,38,0.10410958904109589,24.860000610351562,24.91159018293353,-0.038585971661803456,0.019912226650561037
2022-05-31,45,0.1232876712328767,24.860000610351562,24.922539000271545,0.033382579823213666,0.020378875812891446
2022-05-31,80,0.2191780821917808,24.860000610351562,24.94599449246604,0.03681138365024409,0.015755030140815588
2022-05-31,171,0.4684931506849315,24.860000610351562,25.075471708460082,0.013382412204356004,0.018420834812675337
2022-05-31,234,0.6410958904109589,24.860000610351562,25.217120500318657,0.02732007963421735,0.022247901370773558
2022-06-01,23,0.06301369863013699,23.709999084472656,23.868089155551733,0.07937163429701743,0.10546156935233625
2022-06-01,30,0.0821917808219178,23.709999084472656,23.84667082430232,0.0305218160832839,0.06993105624701541
2022-06-01,37,0.10136986301369863,23.709999084472656,23.847824093384595,0.016480937109041492,0.05717792798089342
2022-06-01,44,0.12054794520547946,23.709999084472656,23.797001847315588,0.0938530124534819,0.0303840805442147
2022-06-01,79,0.21643835616438356,23.709999084472656,23.802643097776052,-0.061467844571525154,0.018017913483942532
2022-06-01,170,0.4657534246575342,23.709999084472656,23.90714291163852,2.1453427269962596e-15,0.01777854757337028
2022-06-01,233,0.6383561643835617,23.709999084472656,24.044052502743888,0.019912845563113565,0.021916929924728417
2022-06-02,22,0.06027397260273973,26.200000762939453,26.171179645940033,-0.05091447046642354,-0.018260752443415507
2022-06-02,29,0.07945205479452055,26.200000762939453,26.19657067397515,-0.007394564369279407,-0.001647886808470494
2022-06-02,36,0.09863013698630137,26.200000762939453,26.199646865799696,0.032965242646212846,-0.0001369522101966403
2022-06-02,43,0.1178082191780822,26.200000762939453,26.219525177134045,-0.004546060055612766,0.00632323536978863
2022-06-02,50,0.136986301369863,26.200000762939453,26.217202368739574,-0.1252650438198024,0.00479124101807502
2022-06-02,78,0.2136986301369863,26.200000762939453,26.235928127986128,0.02793727978855191,0.0064124608448093475
2022-06-02,169,0.46301369863013697,26.200000762939453,26.320539872925956,0.016129909285722378,0.009913698585458163
2022-06-02,232,0.6356164383561644,26.200000762939453,26.394385620711212,0.011631372209947994,0.011629469158733226
2022-06-03,21,0.057534246575342465,23.93000030517578,23.89843816101446,0.03915133028296682,-0.022939498839251646
2022-06-03,28,0.07671232876712329,23.93000030517578,23.895872253254172,0.05785805718551293,-0.018604307070307944
2022-06-03,35,0.0958904109589041,23.93000030517578,23.898272361166576,0.06158427836661369,-0.013836049703300825
2022-06-03,42,0.11506849315068493,23.93000030517578,23.910032214853658,-0.0031029625124231017,-0.007254686690208334
2022-06-03,49,0.13424657534246576,23.93000030517578,23.91269167644616,-0.002127732915845051,-0.005389814931162386
2022-06-03,77,0.21095890410958903,23.93000030517578,23.935483861595284,0.016959988828836692,0.0010861054597073325
2022-06-03,168,0.4602739726027397,23.93000030517578,24.01793708134662,0.009720720983409406,0.007969199073673616
2022-06-03,231,0.6328767123287671,23.93000030517578,24.101200495822518,0.018857064357234252,0.011264022752993996
2022-06-06,25,0.0684931506849315,23.90999984741211,23.95987793370079,-0.327760984101695,0.03042499196168935
2022-06-06,32,0.08767123287671233,23.90999984741211,23.893039036714907,-0.6387390744058506,-0.008094014926621195
2022-06-06,39,0.10684931506849316,23.90999984741211,23.87073590635281,0.05027177215633152,-0.015381525400311515
2022-06-06,46,0.12602739726027398,23.90999984741211,23.94041529969792,0.22893256091043077,0.010087270239735244
2022-06-06,74,0.20273972602739726,23.90999984741211,23.912568487695726,0.09785161672923749,0.000529860486186244
2022-06-06,165,0.4520547945205479,23.90999984741211,23.989285741898467,-7.534439564711273e-08,0.007323289566474443
2022-06-06,228,0.6246575342465753,23.90999984741211,24.088751029127973,0.013588505120247207,0.011923644165841284
2022-06-07,24,0.06575342465753424,24.600000381469727,24.621714453677882,0.005975779906142125,0.01341825942855532
2022-06-07,31,0.08493150684931507,24.600000381469727,24.62639049715409,0.05877094439563985,0.01262421859710847
2022-06-07,38,0.10410958904109589,24.600000381469727,24.61160280746847,-0.023413284824247878,0.00452919026534982
2022-06-07,45,0.1232876712328767,24.600000381469727,24.64633848531913,0.00028933518879399936,0.015264225872366819
2022-06-07,73,0.2,24.600000381469727,24.66234838148537,0.014604791870489898,0.012656325748060415
2022-06-07,164,0.44931506849315067,24.600000381469727,24.76423012347322,0.014620341167339923,0.014808806329514491
2022-06-07,227,0.6219178082191781,24.600000381469727,24.84904675286321,0.011352950995093283,0.01619656678549367
2022-06-08,23,0.06301369863013699,22.90999984741211,22.876002206236343,0.03631497575406655,-0.023567372508367233
2022-06-08,30,0.0821917808219178,22.90999984741211,22.874051186220274,0.012039158723295378,-0.01910601870481861
2022-06-08,37,0.10136986301369863,22.90999984741211,22.878744427837198,0.04413791833691119,-0.013467525400386204
2022-06-08,44,0.12054794520547946,22.90999984741211,22.88608159350715,-0.021121917788879476,-0.008665056042919103
2022-06-08,72,0.19726027397260273,22.90999984741211,22.91296522586478,0.03542838451638137,0.0006561260852291483
2022-06-08,163,0.4465753424657534,22.90999984741211,22.967914450684155,-0.003995020380749151,0.005653532671805432
2022-06-08,226,0.6191780821917808,22.90999984741211,23.043342002669203,0.0181663122095008,0.00937272792698473
2022-06-09,22,0.06027397260273973,21.09000015258789,21.10721763129983,0.04564238431127718,0.013538979816140082
2022-06-09,29,0.07945205479452055,21.09000015258789,21.10921821231274,0.04294921229379471,0.011463837575276243
2022-06-09,36,0.09863013698630137,21.09000015258789,21.095410204509975,0.1202038504441726,0.002600515920433736
2022-06-09,43,0.1178082191780822,21.09000015258789,21.118001465136427,0.0500516040735729,0.011262584617366001
2022-06-09,50,0.136986301369863,21.09000015258789,21.13165169348455,0.04909855357104948,0.014402863643879209
2022-06-09,71,0.19452054794520549,21.09000015258789,21.1050374625088,0.0018362547037439265,0.003664150488839956
2022-06-09,162,0.4438356164383562,21.09000015258789,21.201704702599166,-0.012838365955923997,0.011902125525215463
2022-06-09,225,0.6164383561643836,21.09000015258789,21.303306107123895,0.024910281999176165,0.01632486872543609
2022-06-10,21,0.057534246575342465,18.809999465942383,18.798571096851433,0.08529026709890726,-0.010563333947733615
2022-06-10,28,0.07671232876712329,18.809999465942383,18.803381851205497,0.011856049718092137,-0.004586949262853378
2022-06-10,35,0.0958904109589041,18.809999465942383,18.804651784788014,-0.01191119589297469,-0.0029652634501150586
2022-06-10,42,0.11506849315068493,18.809999465942383,18.813150319153632,0.01059684390695001,0.0014556152279887522
2022-06-10,49,0.13424657534246576,18.809999465942383,18.81612010593279,0.01311655534225825,0.0024234506932119585
2022-06-10,70,0.1917808219178082,18.809999465942383,18.828685355915898,-0.020815307397242237,0.005177310398250614
2022-06-10,224,0.6136986301369863,18.809999465942383,18.98614703070884,0.01793856391108627,0.015188227927779442
2022-06-13,25,0.0684931506849315,15.550000190734863,15.495266273802121,-0.08664689142398276,-0.051480699390639574
2022-06-13,46,0.12602739726027398,15.550000190734863,15.485960427369555,0.07779316395533209,-0.032745390293025804
2022-06-13,221,0.6054794520547945,15.550000190734863,15.62853326372832,0.003180835643674312,0.008320097452604893
2022-06-14,24,0.06575342465753424,15.760000228881836,15.753189155576923,-0.025326279840405634,-0.0065740775094583715
2022-06-14,31,0.08493150684931507,15.760000228881836,15.747991945856576,0.04719117458532502,-0.008974729623182248
2022-06-14,38,0.10410958904109589,15.760000228881836,15.753846147292943,-0.07177048700338229,-0.0037514667808088405
2022-06-14,45,0.1232876712328767,15.760000228881836,15.761876967669131,0.0660106498791466,0.000965833142064895
2022-06-14,66,0.18082191780821918,15.760000228881836,15.770770806127402,0.005533460701309676,0.0037781859650599784
2022-06-14,220,0.6027397260273972,15.760000228881836,15.90827580440583,0.03343189709449127,0.015536334015964819
2022-06-15,23,0.06301369863013699,16.610000610351562,16.699361578956594,0.20132386544015077,0.08514862057591356
2022-06-15,30,0.0821917808219178,16.610000610351562,16.598200896477692,-0.006081662242649445,-0.008646249118778508
2022-06-15,37,0.10136986301369863,16.610000610351562,16.653723440928317,0.10439057811245973,0.02593335988990117
2022-06-15,44,0.12054794520547946,16.610000610351562,16.700582716323314,0.11403567990403883,0.04511608743280904
2022-06-15,65,0.1780821917808219,16.610000610351562,16.632612053315817,0.036619308659556114,0.007639108864250739
2022-06-15,219,0.6,16.610000610351562,16.722201647026537,0.016134538186385203,0.011220526783912851
2022-06-16,22,0.06027397260273973,13.569999694824219,13.472553748343154,0.23589274201651445,-0.11956887431719697
2022-06-16,218,0.5972602739726027,13.569999694824219,13.611988977853066,0.018157557439690834,0.005172779234925926
2022-06-17,21,0.057534246575342465,13.699999809265137,13.694033539973589,0.102542936475683,-0.007570951145889018
2022-06-17,217,0.5945205479452055,13.699999809265137,13.83368690824731,0.018311209033860652,0.016333966918339993
2022-06-21,24,0.06575342465753424,14.800000190734863,14.79687076600308,0.07531792576812113,-0.0032161058315571425
2022-06-21,31,0.08493150684931507,14.800000190734863,14.809190741436689,-0.011767598060339597,0.0073093065259819
2022-06-21,38,0.10410958904109589,14.800000190734863,14.812812776715603,0.00961005982415904,0.008311825552880583
2022-06-21,59,0.16164383561643836,14.800000190734863,14.8260437365851,-0.03700769637652668,0.010876706545363525
2022-06-21,213,0.5835616438356165,14.800000190734863,14.958601626190594,0.027362342861563603,0.01826593719320776
2022-06-21,241,0.6602739726027397,14.800000190734863,14.989717330915985,0.0422328661814934,0.019290872623504932
2022-06-22,23,0.06301369863013699,14.289999961853027,14.318858536384518,-0.11857822636242626,0.03201618030100855
2022-06-22,212,0.5808219178082191,14.289999961853027,14.47858337933166,0.017586856478068513,0.022572426381082318
2022-06-23,22,0.06027397260273973,14.010000228881836,14.000405507506368,0.08404083186636137,-0.011366144269175354
2022-06-23,29,0.07945205479452055,14.010000228881836,14.002994104339129,-0.0251471011941101,-0.006295687910203853
2022-06-23,36,0.09863013698630137,14.010000228881836,14.005015112318947,0.030462838942235473,-0.0036083180999315397
2022-06-23,43,0.1178082191780822,14.010000228881836,14.010036778624531,0.031181134098544974,2.214471136009534e-05
2022-06-23,57,0.15616438356164383,14.010000228881836,14.032258131966755,0.05143449438050534,0.01016528025283443
2022-06-23,211,0.5780821917808219,14.010000228881836,14.121097228413067,0.02896107710615037,0.013663385357789975
2022-06-23,239,0.6547945205479452,14.010000228881836,14.16494850428708,0.0465173048196542,0.016797821034791497
2022-06-24,21,0.057534246575342465,15.8100004196167,15.81334959190662,0.07683689774155514,0.003681571008963277
2022-06-24,28,0.07671232876712329,15.8100004196167,15.78600002355575,-6.215912928518386e-07,-0.019803922115435805
2022-06-24,35,0.0958904109589041,15.8100004196167,15.790138507580208,0.07270390232796765,-0.013109524368501425
2022-06-24,42,0.11506849315068493,15.8100004196167,15.794322338736084,0.06343454344735823,-0.008622238218719085
2022-06-24,56,0.15342465753424658,15.8100004196167,15.831907393473996,0.04250424186508686,0.009025154215846624
2022-06-24,210,0.5753424657534246,15.8100004196167,15.938211691091032,0.017844971939259893,0.014038246378593031
2022-06-24,238,0.6520547945205479,15.8100004196167,15.99999990218725,0.03882773073220808,0.018320605053854716
2022-06-27,25,0.0684931506849315,15.800000190734863,15.769580628354737,0.15411017987485806,-0.028136309490301038
2022-06-27,32,0.08767123287671233,15.800000190734863,15.754266270184022,0.05536430128972771,-0.033063858239598974
2022-06-27,39,0.10684931506849316,15.800000190734863,15.749494876110074,0.09520640748643928,-0.029964241730899465
2022-06-27,53,0.14520547945205478,15.800000190734863,15.800697560249748,-0.02406174905088942,0.0003039577891955961
2022-06-27,207,0.5671232876712329,15.800000190734863,15.887624383674318,0.015778855226833956,0.009751871467634876
2022-06-27,235,0.6438356164383562,15.800000190734863,15.944723605808592,0.0077852437717174615,0.014162021719329737
2022-06-28,38,0.10410958904109589,14.5600004196167,14.581530824710194,-0.015995278431708747,0.014193162515309953
2022-06-28,206,0.5643835616438356,14.5600004196167,14.721559419997583,0.034546416510278344,0.019552261457843476
2022-06-29,37,0.10136986301369863,13.550000190734863,13.526036748161792,0.009399717262393614,-0.017461653264608554
2022-06-29,205,0.5616438356164384,13.550000190734863,13.673629959672375,0.021666461737634576,0.016171451633051007
2022-06-30,22,0.06027397260273973,13.100000381469727,12.993921027521365,-0.29776961960802395,-0.13489445190131708
2022-06-30,36,0.09863013698630137,13.100000381469727,13.032921346810229,-0.5862256616316565,-0.052049929964226666
2022-06-30,43,0.1178082191780822,13.100000381469727,12.991104441078543,0.025300173250774636,-0.07085592082596286
2022-06-30,204,0.5589041095890411,13.100000381469727,13.168792827081491,0.11241370450076256,0.009371180714956472
2022-07-01,21,0.057534246575342465,11.600000381469727,11.575886176222975,-0.026050421497733834,-0.03616931790774294
2022-07-01,35,0.0958904109589041,11.600000381469727,11.58042700513847,-0.03717833478543812,-0.01761161675558608
2022-07-01,42,0.11506849315068493,11.600000381469727,11.581149007415467,0.04668167526323624,-0.014134541022314581
2022-07-01,203,0.5561643835616439,11.600000381469727,11.753823657456232,-0.030814971119699493,0.02368629617591537
2022-07-05,31,0.08493150684931507,11.850000381469727,11.855901534126042,0.16088709724541164,0.005861942331207179
2022-07-05,38,0.10410958904109589,11.850000381469727,11.85195830747038,0.05849528656293315,0.001586906362427762
2022-07-05,199,0.5452054794520548,11.850000381469727,11.944640066679606,0.005931488572829523,0.014590366935057827
2022-07-06,30,0.0821917808219178,12.09000015258789,12.094386824346163,0.013043105089777143,0.0044136883597829584
2022-07-06,37,0.10136986301369863,12.09000015258789,12.0987917142713,-0.049201209047139455,0.007170889084022281
2022-07-06,198,0.5424657534246575,12.09000015258789,12.218766572428823,0.00954089391270761,0.019529963286060065
2022-07-07,29,0.07945205479452055,13.710000038146973,13.740026146721068,-0.032921144027824534,0.027534761751541705
2022-07-07,36,0.09863013698630137,13.710000038146973,13.744986785555021,0.026588983942838745,0.02584061969126462
2022-07-07,50,0.136986301369863,13.710000038146973,13.747490412328215,0.027862394632835474,0.01993480810574586
2022-07-07,197,0.5397260273972603,13.710000038146973,13.873568927120694,0.02434775342360638,0.021974144226498047
2022-07-08,28,0.07671232876712329,13.90999984741211,13.936694550477242,0.031073985388276538,0.02499288595788617
2022-07-08,35,0.0958904109589041,13.90999984741211,13.943335688224234,-0.02232303804660258,0.024962565979692368
2022-07-08,49,0.13424657534246576,13.90999984741211,13.954028394549672,-0.0353875091347601,0.023540603619348333
2022-07-08,196,0.536986301369863,13.90999984741211,14.082942330963327,0.036660942931689366,0.0230104683686495
2022-07-11,25,0.0684931506849315,12.90999984741211,12.893216037075767,0.07318345713229406,-0.01899326553450846
2022-07-11,32,0.08767123287671233,12.90999984741211,12.89050793145084,-0.00950072340995923,-0.017234521943343715
2022-07-11,46,0.12602739726027398,12.90999984741211,12.892436954759543,0.06639999667551794,-0.010801906639154722
2022-07-11,193,0.5287671232876713,12.90999984741211,13.00619727414942,0.0286171104200464,0.014039761361412264
2022-07-12,24,0.06575342465753424,12.970000267028809,12.99198835440729,0.29616860057445243,0.025760911234168904
2022-07-12,31,0.08493150684931507,12.970000267028809,12.98845176543826,0.1225820838153527,0.016738405652820445
2022-07-12,45,0.1232876712328767,12.970000267028809,12.99056941672335,0.12552981785082334,0.012853238243869391
2022-07-12,192,0.5260273972602739,12.970000267028809,13.12005118304323,0.021149418590008663,0.021867046846399785
2022-07-13,23,0.06301369863013699,13.289999961853027,13.338430258069277,0.054883021824157704,0.05772541493327684
2022-07-13,30,0.0821917808219178,13.289999961853027,13.335880589841018,0.036264309014016546,0.041930245920100036
2022-07-13,44,0.12054794520547946,13.289999961853027,13.341222288615942,0.05449378559369999,0.03191089040967964
2022-07-13,191,0.5232876712328767,13.289999961853027,13.475699023991337,0.027952633910284446,0.026517194993245546
2022-07-14,22,0.06027397260273973,14.069999694824219,14.087058408208383,0.07482664708055428,0.020102923860567223
2022-07-14,29,0.07945205479452055,14.069999694824219,14.088613993314441,0.03991967360788504,0.016640268498534224
2022-07-14,36,0.09863013698630137,14.069999694824219,14.083999899053568,3.625949230139862e-07,0.010083578095535978
2022-07-14,43,0.1178082191780822,14.069999694824219,14.099994388019905,0.04681516631813594,0.018076412237206005
2022-07-14,64,0.17534246575342466,14.069999694824219,14.106854834687832,0.04580857241832192,0.014919308269982504
2022-07-14,190,0.5205479452054794,14.069999694824219,14.212947165520028,0.03420743775063334,0.019418906695840562
2022-07-14,218,0.5972602739726027,14.069999694824219,14.267676598003325,0.016827179447519124,0.02335958402954701
2022-07-15,21,0.057534246575342465,15.109999656677246,15.105263178861058,0.043507091775166415,-0.0054491993995886175
2022-07-15,28,0.07671232876712329,15.109999656677246,15.115427875171115,0.17497906739540717,0.004682197203179493
2022-07-15,35,0.0958904109589041,15.109999656677246,15.12688823362599,0.07325612774087473,0.011649595023863226
2022-07-15,42,0.11506849315068493,15.109999656677246,15.128420844077937,0.08149220224981808,0.010588443950383926
2022-07-15,63,0.1726027397260274,15.109999656677246,15.1478129920979,0.031952792070839384,0.014480714608317935
2022-07-15,189,0.5178082191780822,15.109999656677246,15.255179370875233,0.0038636866593746862,0.01846691951136505
2022-07-15,217,0.5945205479452055,15.109999656677246,15.27568932129986,0.004210350319116321,0.018343988162211083
2022-07-18,25,0.0684931506849315,14.920000076293945,14.879280205794368,0.22312920125136582,-0.03990099584274504
2022-07-18,32,0.08767123287671233,14.920000076293945,14.909788776013281,0.09736793531078382,-0.007809150038071284
2022-07-18,39,0.10684931506849316,14.920000076293945,14.904287733241084,-0.03891515478460827,-0.009861186311973353
2022-07-18,60,0.1643835616438356,14.920000076293945,14.94670691565381,0.033550577514465996,0.010879448440845792
2022-07-18,186,0.5095890410958904,14.920000076293945,15.060735594949971,0.029064198068856354,0.018423601802249546
2022-07-18,214,0.5863013698630137,14.920000076293945,15.090452093936067,0.008549706721746394,0.019375073746104806
2022-07-19,24,0.06575342465753424,16.950000762939453,17.0057243370153,0.07299052771053074,0.04991579165769654
2022-07-19,31,0.08493150684931507,16.950000762939453,17.008910090397084,0.04146106778857403,0.04084998615182487
2022-07-19,38,0.10410958904109589,16.950000762939453,17.014580138052814,0.0029111241308410083,0.0365264415807772
2022-07-19,59,0.16164383561643836,16.950000762939453,17.02012075108272,0.03722981827882762,0.025539723954775644
2022-07-19,185,0.5068493150684932,16.950000762939453,17.14977880490664,0.019131241739582375,0.023118107630217676
2022-07-19,213,0.5835616438356165,16.950000762939453,17.173469113191445,0.034619546043396635,0.02244462231761093
2022-07-20,23,0.06301369863013699,18.200000762939453,18.244021444982437,0.028693676132384015,0.038337668677810945
2022-07-20,30,0.0821917808219178,18.200000762939453,18.245918185787524,0.10887990496249234,0.030657055148364205
2022-07-20,37,0.10136986301369863,18.200000762939453,18.247478868929395,0.0036598843605344282,0.025700836890867763
2022-07-20,58,0.1589041095890411,18.200000762939453,18.255767357000543,0.018908570961688645,0.019253206678691202
2022-07-20,184,0.5041095890410959,18.200000762939453,18.38412985148862,0.014938178499661326,0.01996817474988695
2022-07-20,212,0.5808219178082191,18.200000762939453,18.41708537680414,0.008630034294262961,0.02041443426520852
2022-07-21,22,0.06027397260273973,19.100000381469727,19.068208213192808,0.08460814017862375,-0.027638766140251993
2022-07-21,29,0.07945205479452055,19.100000381469727,19.079847753090203,-0.0036537633475527023,-0.013286861328311477
2022-07-21,36,0.09863013698630137,19.100000381469727,19.079505197145284,-0.007811388113244475,-0.010885338268988366
2022-07-21,43,0.1178082191780822,19.100000381469727,19.085667677240664,-0.02388834689116114,-0.0063720939553429485
2022-07-21,57,0.15616438356164383,19.100000381469727,19.092860844713655,-0.009597371266793882,-0.002394064508903595
2022-07-21,183,0.5013698630136987,19.100000381469727,19.218861464065238,0.024619681775476316,0.01237371884321334
2022-07-21,211,0.5780821917808219,19.100000381469727,19.24873095955229,0.026144545043549617,0.013418125427598777
2022-07-22,21,0.057534246575342465,17.649999618530273,17.587400487191942,0.09755053286560617,-0.06175448030825971
2022-07-22,28,0.07671232876712329,17.649999618530273,17.598739107393314,0.06573950514352998,-0.037914426021101774
2022-07-22,35,0.0958904109589041,17.649999618530273,17.59841628848482,0.020203879011838045,-0.030522836960444145
2022-07-22,42,0.11506849315068493,17.649999618530273,17.594926727041052,0.03218795727316173,-0.02715908877591458
2022-07-22,56,0.15342465753424658,17.649999618530273,17.613806944238238,0.0032604401057992204,-0.013379086745131425
2022-07-22,182,0.4986301369863014,17.649999618530273,17.717235642490678,0.022686947621149464,0.007625229287684689
2022-07-22,210,0.5753424657534246,17.649999618530273,17.749373538775007,0.004350612243199628,0.009758466089946495
2022-07-25,25,0.0684931506849315,17.299999237060547,17.271467501128146,-0.02210415456799085,-0.024098684753161837
2022-07-25,32,0.08767123287671233,17.299999237060547,17.275597101546907,0.024740284362594067,-0.016100194003297014
2022-07-25,39,0.10684931506849316,17.299999237060547,17.275003053355988,0.001134056011008702,-0.013532243969520569
2022-07-25,53,0.14520547945205478,17.299999237060547,17.29640719873695,-0.013760144281119336,-0.0014300689033706986
2022-07-25,179,0.4904109589041096,17.299999237060547,17.373559285292412,0.011487224232730369,0.008651951390123378
2022-07-25,207,0.5671232876712329,17.299999237060547,17.389873687152487,0.022180148576037912,0.009136650734986242
2022-07-26,24,0.06575342465753424,16.43000030517578,16.441463100608097,0.07669542673753618,0.010606769694477427
2022-07-26,31,0.08493150684931507,16.43000030517578,16.54037671201446,-0.3445667038902111,0.07883428397965737
2022-07-26,38,0.10410958904109589,16.43000030517578,16.591456792728025,1.1160683850425006,0.09392949593121921
2022-07-26,52,0.14246575342465753,16.43000030517578,16.835526261440823,0.6465785582979838,0.17114542179932493
2022-07-26,178,0.4876712328767123,16.43000030517578,16.50681014404977,-0.05278018181941513,0.009563986594996016
2022-07-26,206,0.5643835616438356,16.43000030517578,17.174736967852887,0.09088366082946871,0.07854688824020348
2022-07-27,23,0.06301369863013699,18.729999542236328,18.753206593636094,0.042306295050641256,0.019650712984081803
2022-07-27,30,0.0821917808219178,18.729999542236328,18.79679491218527,0.013211269472263655,0.04331187201558878
2022-07-27,37,0.10136986301369863,18.729999542236328,18.797048793190722,-0.007240479722675956,0.03525097406365772
2022-07-27,51,0.13972602739726028,18.729999542236328,18.80896188136392,0.053363816797150875,0.030108635679961315
2022-07-27,177,0.4849315068493151,18.729999542236328,18.972030482526133,0.01774932224869903,0.026476569429082327
2022-07-27,205,0.5616438356164384,18.729999542236328,19.00558384133688,0.0346736228403676,0.02600639308103648
2022-07-28,22,0.06027397260273973,19.3700008392334,19.382555581934295,0.006962826962187536,0.010749979941139342
2022-07-28,29,0.07945205479452055,19.3700008392334,19.38968048698195,0.005340221354574264,0.012780917232751383
2022-07-28,36,0.09863013698630137,19.3700008392334,19.391104173069873,-0.04033304628901162,0.011040158841007158
2022-07-28,43,0.1178082191780822,19.3700008392334,19.38675204432146,0.03122115470004255,0.007337584295328781
2022-07-28,50,0.136986301369863,19.3700008392334,19.406498265964213,0.07863615717033647,0.013741895218018097
2022-07-28,113,0.3095890410958904,19.3700008392334,19.44415934237149,0.005962944114721429,0.012342857255521832
2022-07-28,176,0.4821917808219178,19.3700008392334,19.496570470577925,0.016298707549113958,0.013507190110174394
2022-07-28,204,0.5589041095890411,19.3700008392334,19.53357310762622,0.012825875616038152,0.015045804967855937
2022-07-29,21,0.057534246575342465,19.829999923706055,19.85629089753912,0.006686029292255654,0.023028719572110275
2022-07-29,28,0.07671232876712329,19.829999923706055,19.884971715607325,-0.0027343671568432013,0.03608699697172512
2022-07-29,35,0.0958904109589041,19.829999923706055,19.89048049756056,0.004741393758650396,0.03175824991215126
2022-07-29,42,0.11506849315068493,19.829999923706055,19.898754029238294,0.04906029453936034,0.030079297947844377
2022-07-29,49,0.13424657534246576,19.829999923706055,19.899818426283055,0.027719071414514775,0.02618069539699881
2022-07-29,112,0.30684931506849317,19.829999923706055,19.944944768438223,-0.004004433429023104,0.018835881952581835
2022-07-29,175,0.4794520547945205,19.829999923706055,20.041361269317072,0.024937120257941443,0.022113291057976932
2022-07-29,203,0.5561643835616439,19.829999923706055,20.069414236427598,0.021966731354295537,0.0215782204420286
2022-08-01,25,0.0684931506849315,20.010000228881836,19.999767115443667,-0.01071603161044387,-0.007468349324267264
2022-08-01,32,0.08767123287671233,20.010000228881836,20.010622312936164,0.029951126283304427,0.00035459949369140637
2022-08-01,39,0.10684931506849316,20.010000228881836,20.00439472748167,0.039022428334134406,-0.002622143569768924
2022-08-01,46,0.12602739726027398,20.010000228881836,20.014799822751584,0.07173575656042938,0.0019030068407529992
2022-08-01,109,0.29863013698630136,20.010000228881836,20.078875859787246,0.04448204702020824,0.011506374335675185
2022-08-01,172,0.4712328767123288,20.010000228881836,20.1596827941476,0.011990126185295484,0.01581500144913212
2022-08-01,200,0.547945205479452,20.010000228881836,20.190783047450775,0.005221743925905013,0.01641415122162371
2022-08-02,24,0.06575342465753424,19.920000076293945,19.973492140358136,-0.017537906106950045,0.04078487910331198
2022-08-02,31,0.08493150684931507,19.920000076293945,19.976005068779855,-0.01275601013533509,0.03305664574439456
2022-08-02,38,0.10410958904109589,19.920000076293945,19.98132690534659,-0.014094806886182148,0.029525874956390908
2022-08-02,45,0.1232876712328767,19.920000076293945,19.999328565826225,0.05697723863212615,0.03223716739513178
2022-08-02,108,0.2958904109589041,19.920000076293945,19.99769784249169,-0.07871880879819929,0.013156570549448477
2022-08-02,171,0.4684931506849315,19.920000076293945,20.118601058762483,0.004085511511064392,0.021175457806950848
2022-08-02,199,0.5452054794520548,19.920000076293945,20.18379170586657,0.02373507318163303,0.024129683266252002
2022-08-03,23,0.06301369863013699,21.549999237060547,21.592021279013398,-0.04682350331776976,0.030915183770276133
2022-08-03,30,0.0821917808219178,21.549999237060547,21.607583566857453,0.1055660675726049,0.03246751630238732
2022-08-03,37,0.10136986301369863,21.549999237060547,21.610522339536768,-0.030511728443350688,0.02766660812550309
2022-08-03,44,0.12054794520547946,21.549999237060547,21.619943811884138,0.1121505909894475,0.026880857739653728
2022-08-03,107,0.29315068493150687,21.549999237060547,21.663316574543174,0.017099016428401774,0.01789035045544005
2022-08-03,170,0.4657534246575342,21.549999237060547,21.750083110146072,0.0222920856363046,0.01984268294708944
2022-08-03,198,0.5424657534246575,21.549999237060547,21.828098492477007,0.041277667437751686,0.02363703200498723
2022-08-04,22,0.06027397260273973,22.06999969482422,22.11470680486754,0.037170040101853055,0.03357414410238232
2022-08-04,29,0.07945205479452055,22.06999969482422,22.115937526139955,0.03658831582461416,0.02617046481285621
2022-08-04,36,0.09863013698630137,22.06999969482422,22.121703806629863,0.054731258413369156,0.023724927638511258
2022-08-04,43,0.1178082191780822,22.06999969482422,22.119978590429916,-0.0015161136876060135,0.019200717450076357
2022-08-04,50,0.136986301369863,22.06999969482422,22.124033981674092,0.033770036382817226,0.017850848078090262
2022-08-04,106,0.29041095890410956,22.06999969482422,22.15579722332518,0.04954637410577653,0.013360313531579897
2022-08-04,169,0.46301369863013697,22.06999969482422,22.230464285514284,0.007246283609485622,0.015646204154709388
2022-08-04,197,0.5397260273972603,22.06999969482422,22.263300276469188,0.018286764556490063,0.0161570655715554
2022-08-05,21,0.057534246575342465,21.559999465942383,21.58253827054617,0.06756410240844478,0.01816054157844925
2022-08-05,28,0.07671232876712329,21.559999465942383,21.57505640768307,-0.009797314205745443,0.009100625676489412
2022-08-05,35,0.0958904109589041,21.559999465942383,21.58884704817703,1.0303321813972062,0.013944248386775222
2022-08-05,42,0.11506849315068493,21.559999465942383,21.55501558754888,0.0024834640417184676,-0.0020091504852382124
2022-08-05,49,0.13424657534246576,21.559999465942383,21.66301176662411,-0.3797903744878682,0.035505993517465945
2022-08-05,105,0.2876712328767123,21.559999465942383,21.6258993335547,0.024919392604633106,0.01060904954407767
2022-08-05,168,0.4602739726027397,21.559999465942383,21.69997068479536,0.02701013611518516,0.014059427057724536
2022-08-05,196,0.536986301369863,21.559999465942383,21.735350734821672,0.01603101415835822,0.015084704931319115
2022-08-08,25,0.0684931506849315,20.540000915527344,20.54270756548764,0.03117290331103075,0.001923782094149708
2022-08-08,32,0.08767123287671233,20.540000915527344,20.5532453528402,0.012369540192629126,0.007352515658858392
2022-08-08,39,0.10684931506849316,20.540000915527344,20.55243254962173,-0.012026468303566722,0.005662713958164972
2022-08-08,46,0.12602739726027398,20.540000915527344,20.55657575627802,0.005233466109953683,0.006400424361942929
2022-08-08,102,0.27945205479452057,20.540000915527344,20.613614948798542,0.050901424419352505,0.012801939345589524
2022-08-08,165,0.4520547945205479,20.540000915527344,20.68152230138409,0.011812243459791264,0.015189331456084627
2022-08-08,193,0.5287671232876713,20.540000915527344,20.701439048744433,0.013556910021646577,0.014806079462732045
2022-08-09,24,0.06575342465753424,17.690000534057617,17.781697900338067,0.09523395871989056,0.07862985310625815
2022-08-09,31,0.08493150684931507,17.690000534057617,17.797484336270763,0.7642666592885404,0.07132311376925587
2022-08-09,38,0.10410958904109589,17.690000534057617,17.706118406897982,0.0288595316294873,0.008747649488682284
2022-08-09,45,0.1232876712328767,17.690000534057617,17.57693027399387,1.0507086320247825,-0.05201068333416444
2022-08-09,164,0.44931506849315067,17.690000534057617,17.86788573241436,0.004692846369735084,0.022268271671601943
2022-08-09,192,0.5260273972602739,17.690000534057617,17.87909318410726,0.014311328942742745,0.02021285085260871
2022-08-10,23,0.06301369863013699,19.90999984741211,19.975314253643795,-0.007211872277896761,0.051974626711106926
2022-08-10,30,0.0821917808219178,19.90999984741211,19.977087123776734,-0.022101236826424536,0.040926994712182925
2022-08-10,37,0.10136986301369863,19.90999984741211,19.971702598996075,0.07071682297552224,0.030524764716300383
2022-08-10,44,0.12054794520547946,19.90999984741211,19.98758747002714,0.0468300864251801,0.03226387615441534
2022-08-10,100,0.273972602739726,19.90999984741211,20.02223557454143,0.007037478941754168,0.02051783369704773
2022-08-10,163,0.4465753424657534,19.90999984741211,20.089073061447348,0.026085826898041176,0.020050206981764445
2022-08-10,191,0.5232876712328767,19.90999984741211,20.13506372536354,0.017827920578998915,0.021480820988522453
2022-08-11,22,0.06027397260273973,19.780000686645508,20.09662212656887,3.3449147600188693,0.26347005089428266
2022-08-11,29,0.07945205479452055,19.780000686645508,20.22137707606563,0.9626992712075118,0.27776443383113975
2022-08-11,36,0.09863013698630137,19.780000686645508,19.791291123592675,0.01594460638459853,0.005785633148877024
2022-08-11,43,0.1178082191780822,19.780000686645508,19.869494756354584,-0.23966055319672447,0.038318785416459444
2022-08-11,50,0.136986301369863,19.780000686645508,19.87551859723796,0.10359491031019374,0.03516696330874574
2022-08-11,99,0.27123287671232876,19.780000686645508,20.01911782335487,-0.515677791936086,0.044302694369729625
2022-08-11,162,0.4438356164383562,19.780000686645508,19.98153732066842,0.014975567946875257,0.022840330862806277
2022-08-11,190,0.5205479452054794,19.780000686645508,20.01805039337767,0.020693632976128865,0.022981601211509155
2022-08-12,21,0.057534246575342465,21.600000381469727,21.595682592125858,0.021575661893414283,-0.0034747588675735847
2022-08-12,28,0.07671232876712329,21.600000381469727,21.59925191733494,0.025213614793794067,-0.00045170988366535975
2022-08-12,35,0.0958904109589041,21.600000381469727,21.605391467697576,0.038806272157277985,0.0026025144404560564
2022-08-12,42,0.11506849315068493,21.600000381469727,21.6042298693513,0.03205153947256342,0.0017015122656632198
2022-08-12,49,0.13424657534246576,21.600000381469727,21.604880439282965,0.018850827657041443,0.0016827474360224175
2022-08-12,98,0.2684931506849315,21.600000381469727,21.652827602862185,0.007989668859001499,0.009097881180314557
2022-08-12,161,0.4410958904109589,21.600000381469727,21.73093246654083,0.033226388764831666,0.013700813387726368
2022-08-12,189,0.5178082191780822,21.600000381469727,21.79761903768907,0.03901574599354546,0.017588390233251656
2022-08-15,25,0.0684931506849315,21.780000686645508,21.79740463263217,0.011953783383515812,0.011661897859841983
2022-08-15,32,0.08767123287671233,21.780000686645508,21.78372602280222,-0.008143968546984057,0.001950802598890873
2022-08-15,39,0.10684931506849316,21.780000686645508,21.79609400022499,0.03813055624644754,0.006912823054536681
2022-08-15,46,0.12602739726027398,21.780000686645508,21.81311754234532,0.02528701703660387,0.012055806599184694
2022-08-15,95,0.2602739726027397,21.780000686645508,21.885094838733483,0.04485674000242083,0.018494569618405225
2022-08-15,158,0.4328767123287671,21.780000686645508,21.964115946542886,0.0332412717196101,0.01944636675378374
2022-08-15,186,0.5095890410958904,21.780000686645508,22.003649718620807,0.04250780326211506,0.02004789358653403
2022-08-16,24,0.06575342465753424,21.139999389648438,21.141546168082954,-0.005234866252546006,0.0011127276321196903
2022-08-16,31,0.08493150684931507,21.139999389648438,21.14653322371985,0.008413636916071247,0.0036385403497356597
2022-08-16,38,0.10410958904109589,21.139999389648438,21.150145363002157,-0.015293158215268166,0.00460886319946405
2022-08-16,45,0.1232876712328767,21.139999389648438,21.157874449370986,0.009364422177359335,0.006855503173053213
2022-08-16,94,0.25753424657534246,21.139999389648438,21.212099561961335,0.01667692428309251,0.013220771221986057
2022-08-16,157,0.4301369863013699,21.139999389648438,21.298079752223494,0.036621937656975675,0.017319981402855567
2022-08-16,185,0.5068493150684932,21.139999389648438,21.353471527175167,0.019472967001052152,0.01982320068725962
2022-08-17,23,0.06301369863013699,19.549999237060547,19.577790899319734,0.012989388669976062,0.022543653467403557
2022-08-17,30,0.0821917808219178,19.549999237060547,19.519960099957235,-0.02430934008976875,-0.018708810877091597
2022-08-17,37,0.10136986301369863,19.549999237060547,19.572391676200247,-0.0456315911002337,0.0112926845764716
2022-08-17,44,0.12054794520547946,19.549999237060547,19.577850767207202,-0.08328930164954786,0.011809549533050093
2022-08-17,93,0.2547945205479452,19.549999237060547,19.60790420363524,0.0012866309292405016,0.011607444405242709
2022-08-17,156,0.4273972602739726,19.549999237060547,19.70313667489792,0.004136787780731529,0.018256078043528415
2022-08-17,184,0.5041095890410959,19.549999237060547,19.774559577756204,0.027105930394571785,0.02265577679771374
2022-08-18,22,0.06027397260273973,20.889999389648438,20.888623187812875,-0.09273480569467119,-0.0010930202167623027
2022-08-18,29,0.07945205479452055,20.889999389648438,20.909839116162594,0.022495761289335853,0.011947745750012137
2022-08-18,36,0.09863013698630137,20.889999389648438,20.89823469298052,-0.0538938300892348,0.003996188322584413
2022-08-18,43,0.1178082191780822,20.889999389648438,20.931908058281355,0.001865668321612361,0.017011968800976943
2022-08-18,64,0.17534246575342466,20.889999389648438,20.990071032758532,-0.04059172157796518,0.027255072403648283
2022-08-18,92,0.25205479452054796,20.889999389648438,20.936519402128344,0.05421202517435151,0.00882517476591588
2022-08-18,155,0.4246575342465753,20.889999389648438,20.973073024259776,0.05407373354786946,0.009345958432598745
2022-08-18,183,0.5013698630136987,20.889999389648438,20.95197266281702,-0.08028068476570793,0.0059083250093511204
2022-08-19,21,0.057534246575342465,19.170000076293945,19.189292529598717,0.08345852580199413,0.0174831816592763
2022-08-19,28,0.07671232876712329,19.170000076293945,19.186397890049925,0.011178072340725452,0.011145844729395001
2022-08-19,35,0.0958904109589041,19.170000076293945,19.195342225655896,0.014230383395085856,0.013777145587920208
2022-08-19,42,0.11506849315068493,19.170000076293945,19.19573471976273,0.015815421267276274,0.011658650150546668
2022-08-19,63,0.1726027397260274,19.170000076293945,19.221423256346668,0.03986433116635005,0.015520556428205394
2022-08-19,91,0.2493150684931507,19.170000076293945,19.248957055878783,0.031189542494938483,0.01648644559714292
2022-08-19,154,0.42191780821917807,19.170000076293945,19.32140352368366,0.030198088427894166,0.018645601367139348
2022-08-19,182,0.4986301369863014,19.170000076293945,19.36962283017032,0.0187094658896252,0.02077580869782389
2022-08-22,25,0.0684931506849315,17.040000915527344,16.97359315565948,0.023910613209750988,-0.057009825187305116
2022-08-22,32,0.08767123287671233,17.040000915527344,16.9773110211907,-0.04278518258056669,-0.04204079488140439
2022-08-22,39,0.10684931506849316,17.040000915527344,16.966809150944215,0.0025526917890838306,-0.0402861017769106
2022-08-22,60,0.1643835616438356,17.040000915527344,16.99300357665983,-0.0030411210522940965,-0.016801376435158145
2022-08-22,151,0.4136986301369863,17.040000915527344,17.06744332823399,0.027996488151243,0.003889726987482397
2022-08-22,179,0.4904109589041096,17.040000915527344,17.10152283870782,0.030818232765293073,0.00734881479282444
2022-08-23,24,0.06575342465753424,17.329999923706055,17.362807630267145,0.04153352142338447,0.028763926657746727
2022-08-23,31,0.08493150684931507,17.329999923706055,17.366617783642088,0.007408938183661522,0.024852331943299447
2022-08-23,38,0.10410958904109589,17.329999923706055,17.378811843387446,0.06073393777321077,0.027016288890508427
2022-08-23,59,0.16164383561643836,17.329999923706055,17.39494953340881,0.06217589594298224,0.023142287163941865
2022-08-23,150,0.410958904109589,17.329999923706055,17.47534831008581,0.03477296226225255,0.02032349322584122
2022-08-23,178,0.4876712328767123,17.329999923706055,17.50505060867902,0.020608864385595695,0.020608855922374148
2022-08-24,23,0.06301369863013699,17.40999984741211,17.409742377689287,-0.03458641242882286,-0.0002346905690152237
2022-08-24,30,0.0821917808219178,17.40999984741211,17.446797226447075,0.009747529295319114,0.02568805219193419
2022-08-24,37,0.10136986301369863,17.40999984741211,17.44795947048813,0.04223994830916855,0.021485291010582257
2022-08-24,58,0.1589041095890411,17.40999984741211,17.466552099522104,0.02161340683088352,0.020408524627719755
2022-08-24,149,0.40821917808219177,17.40999984741211,17.571843119716185,-0.001085473596996384,0.022666875293655096
2022-08-24,177,0.4849315068493151,17.40999984741211,17.59673164461743,0.01923799605413804,0.02199988580362366
2022-08-25,22,0.06027397260273973,19.31999969482422,19.34067987187732,0.04821852246696205,0.01774945365895238
2022-08-25,29,0.07945205479452055,19.31999969482422,19.33225916252247,0.09098368280002604,0.007984019906074526
2022-08-25,36,0.09863013698630137,19.31999969482422,19.341740752757985,0.05438502520980543,0.011403014525511365
2022-08-25,43,0.1178082191780822,19.31999969482422,19.34678882672067,-0.02578176380975155,0.011761833069888114
2022-08-25,57,0.15616438356164383,19.31999969482422,19.366628526052892,0.0018299645057324526,0.015436252168740136
2022-08-25,85,0.2328767123287671,19.31999969482422,19.406625053328412,0.01198398407892379,0.019210561387774786
2022-08-25,148,0.4054794520547945,19.31999969482422,19.448842494526186,0.013019526099088213,0.016392306494928097
2022-08-25,176,0.4821917808219178,19.31999969482422,19.48314075083242,0.023837866972115776,0.017438500764784353
2022-08-26,21,0.057534246575342465,15.979999542236328,15.996122088901613,-0.04917600684889952,0.017527156221643175
2022-08-26,28,0.07671232876712329,15.979999542236328,16.00217179906658,0.09754686800745897,0.018074523354226137
2022-08-26,35,0.0958904109589041,15.979999542236328,16.039900266009074,-0.026038414001013737,0.03901821735534978
2022-08-26,42,0.11506849315068493,15.979999542236328,16.042749452895187,0.10784923014681867,0.034058743838773164
2022-08-26,56,0.15342465753424658,15.979999542236328,16.05508269268735,0.009784349753447918,0.030552888298865443
2022-08-26,147,0.40273972602739727,15.979999542236328,16.158306126937894,0.020570992911738674,0.027552079698776145
2022-08-26,175,0.4794520547945205,15.979999542236328,16.188295173051014,0.03682334297028794,0.027011145517478817
2022-08-29,25,0.0684931506849315,15.050000190734863,15.080214433477767,-0.018430815800846545,0.02928144372101037
2022-08-29,32,0.08767123287671233,15.050000190734863,15.1070077215709,0.06996694778517557,0.043123835430055886
2022-08-29,39,0.10684931506849316,15.050000190734863,15.115748450592035,0.015611176980287743,0.04079708147520822
2022-08-29,53,0.14520547945205478,15.050000190734863,15.125999933528897,3.283878547235636e-07,0.03468952542324922
2022-08-29,144,0.39452054794520547,15.050000190734863,15.20564568429755,-0.00526307555085923,0.026079203413510946
2022-08-29,172,0.4712328767123288,15.050000190734863,15.230963002869045,0.018114998727900462,0.025364087025834016
2022-08-30,24,0.06575342465753424,14.470000267028809,14.471877521336307,0.03992830289585941,0.001972913403109926
2022-08-30,31,0.08493150684931507,14.470000267028809,14.451409987453328,0.03576295906523815,-0.015136577231904405
2022-08-30,38,0.10410958904109589,14.470000267028809,14.46511621898772,-0.03196404089500412,-0.003242604340553384
2022-08-30,143,0.3917808219178082,14.470000267028809,14.546379756400347,0.0507932728466321,0.013437588756737841
2022-08-31,23,0.06301369863013699,14.039999961853027,14.06616549131291,0.03972298135095666,0.029547658990421062
2022-08-31,30,0.0821917808219178,14.039999961853027,14.073376190256045,-0.07046380621870715,0.028888571344441137
2022-08-31,37,0.10136986301369863,14.039999961853027,14.08499998550282,3.9199467428653344e-08,0.03156761115476357
2022-08-31,51,0.13972602739726028,14.039999961853027,14.093373524258412,0.028684831610686162,0.027155486264569127
2022-08-31,142,0.38904109589041097,14.039999961853027,14.18476499441627,0.03607629876474255,0.02636766439778674
2022-08-31,170,0.4657534246575342,14.039999961853027,14.187437585979538,-0.0064317320086637,0.022429250268787337
2022-09-01,29,0.07945205479452055,13.220000267028809,13.226967600683246,-0.3403916595402201,0.006631558321497784
2022-09-01,36,0.09863013698630137,13.220000267028809,13.172870533013821,0.02174930804608313,-0.036210054454862826
2022-09-01,43,0.1178082191780822,13.220000267028809,13.182716425888376,0.05169316969763067,-0.02397323962534395
2022-09-01,141,0.3863013698630137,13.220000267028809,13.2685214083083,0.0017443005638408148,0.009483693717643495
2022-09-02,28,0.07671232876712329,12.859999656677246,12.823149929614496,-0.025410789673508974,-0.03740684852594001
2022-09-02,35,0.0958904109589041,12.859999656677246,12.830169346901453,-0.01793448580392168,-0.024218420361622653
2022-09-02,42,0.11506849315068493,12.859999656677246,12.83723849121233,0.036286550390064724,-0.015395072196540441
2022-09-02,140,0.3835616438356164,12.859999656677246,12.902818896092752,0.03244267707616832,0.008666441271348201
2022-09-06,31,0.08493150684931507,12.420000076293945,12.430765930925633,0.0033639711635724346,0.01020163837529407
2022-09-06,38,0.10410958904109589,12.420000076293945,12.427831355704278,0.003430569676279507,0.006054572794068229
2022-09-06,136,0.3726027397260274,12.420000076293945,12.51830128466913,0.034508716912200206,0.02115817421513257
2022-09-07,30,0.0821917808219178,12.989999771118164,13.047166256793789,-0.07969083209575524,0.05342568331594658
2022-09-07,37,0.10136986301369863,12.989999771118164,13.053456894312392,-0.021116527040074082,0.048073279358140646
2022-09-07,135,0.3698630136986301,12.989999771118164,13.150132024671988,0.008211275416094788,0.033125738329998086
2022-09-08,22,0.06027397260273973,13.649999618530273,13.644078550880375,-0.15058492150716773,-0.007198330424049292
2022-09-08,29,0.07945205479452055,13.649999618530273,13.623999941891338,0.03751469493746664,-0.023996290519871837
2022-09-08,36,0.09863013698630137,13.649999618530273,13.629418089872324,-0.003620324300875292,-0.015298997511694922
2022-09-08,50,0.136986301369863,13.649999618530273,13.631779609321834,0.12269182464170254,-0.009750543458702606
2022-09-08,134,0.36712328767123287,13.649999618530273,13.6921299536308,0.023771336672265338,0.008394232266689231
2022-09-09,21,0.057534246575342465,14.649999618530273,14.67630268436507,-0.08952423162078688,0.031178322627673487
2022-09-09,28,0.07671232876712329,14.649999618530273,14.688616200712682,0.019568491998546024,0.0343162080876385
2022-09-09,35,0.0958904109589041,14.649999618530273,14.697228738759152,0.0592632948384189,0.03356587361677456
2022-09-09,49,0.13424657534246576,14.649999618530273,14.72661931369098,0.10880097671696094,0.038856741211945
2022-09-09,133,0.3643835616438356,14.649999618530273,14.782852762950096,0.015459771036171873,0.024774999494236928
2022-09-12,25,0.0684931506849315,14.779999732971191,14.769423510007911,0.03654533394194425,-0.010451159103027383
2022-09-12,32,0.08767123287671233,14.779999732971191,14.782562037410116,0.021747179566530307,0.0019772498274465227
2022-09-12,46,0.12602739726027398,14.779999732971191,14.794828625070608,0.08070139147424281,0.007957039924128658
2022-09-12,130,0.3561643835616438,14.779999732971191,14.863779415577513,0.024934655371707026,0.015870324462442697
2022-09-13,24,0.06575342465753424,12.09000015258789,12.08084088176982,-0.0462163439548486,-0.011526057381365156
2022-09-13,31,0.08493150684931507,12.09000015258789,12.088501976854888,0.18222039787087196,-0.0014591318335612936
2022-09-13,45,0.1232876712328767,12.09000015258789,12.108399143839343,0.040657730698076315,0.012334393635164339
2022-09-13,129,0.35342465753424657,12.09000015258789,12.188391194178553,0.021203063578310824,0.022933544264618265
2022-09-14,23,0.06301369863013699,12.460000038146973,12.447516561535604,-0.24074343561201525,-0.0159074359757127
2022-09-14,30,0.0821917808219178,12.460000038146973,12.452125738359703,0.004345595527738226,-0.007691353583804584
2022-09-14,44,0.12054794520547946,12.460000038146973,12.468311140143747,0.06842264734810109,0.0055314113257258855
2022-09-14,128,0.3506849315068493,12.460000038146973,12.535875850334728,0.00934625152802318,0.017312078698248225
2022-09-15,22,0.06027397260273973,11.90999984741211,11.903109514552838,0.020621780643843617,-0.009601172826863416
2022-09-15,29,0.07945205479452055,11.90999984741211,11.903971100980833,0.13558068631064493,-0.006372650046173549
2022-09-15,43,0.1178082191780822,11.90999984741211,11.912603845000163,0.09450227813228675,0.001855691412252915
2022-09-15,127,0.34794520547945207,11.90999984741211,11.97391506445583,0.025936004245089725,0.015382216818498263
2022-09-16,21,0.057534246575342465,12.0600004196167,12.05882349419929,0.07465099217530548,-0.0016962754672656278
2022-09-16,28,0.07671232876712329,12.0600004196167,12.055535536400653,0.126311395020321,-0.004827008008003862
2022-09-16,42,0.11506849315068493,12.0600004196167,12.066761388386643,-0.04951802826822677,0.004870611325739817
2022-09-16,126,0.3452054794520548,12.0600004196167,12.13418897544223,-0.00917577867977702,0.01776558517787156
2022-09-19,25,0.0684931506849315,12.260000228881836,12.266277127785793,0.024353485899575904,0.007473023701550632
2022-09-19,32,0.08767123287671233,12.260000228881836,12.270052469902982,0.02991293153130695,0.009348400671908908
2022-09-19,39,0.10684931506849316,12.260000228881836,12.281347101244192,0.02901317744943443,0.016281492518117106
2022-09-19,123,0.336986301369863,12.260000228881836,12.344992600063938,0.018965786428995598,0.02050105349693218
2022-09-20,24,0.06575342465753424,11.699999809265137,11.707513417975477,0.02718159984553417,0.009763486502676211
2022-09-20,31,0.08493150684931507,11.699999809265137,11.696920864474214,0.029472814062385187,-0.0030988772076384354
2022-09-20,38,0.10410958904109589,11.699999809265137,11.725331870405373,0.044699669605679004,0.020774195367578345
2022-09-20,122,0.33424657534246577,11.699999809265137,11.803260444345426,0.025797180384818912,0.026288905541083173
2022-09-21,23,0.06301369863013699,11.399999618530273,11.470286483162448,-0.1522945676412838,0.09754364147543787
2022-09-21,30,0.0821917808219178,11.399999618530273,11.458625515564494,-0.22387996558539586,0.06240824257857737
2022-09-21,37,0.10136986301369863,11.399999618530273,11.477998584852914,-0.06321412433970496,0.06726569665895367
2022-09-21,121,0.3315068493150685,11.399999618530273,11.580587953044152,0.048047926552627754,0.047410550030505844
2022-09-22,22,0.06027397260273973,10.510000228881836,10.48292424276466,-0.0650510959418526,-0.04279684556703999
2022-09-22,29,0.07945205479452055,10.510000228881836,10.48987707187111,0.15376720627069546,-0.024121502373004717
2022-09-22,36,0.09863013698630137,10.510000228881836,10.50710989124273,-0.046964427514626476,-0.0027886623985436177
2022-09-22,43,0.1178082191780822,10.510000228881836,10.525035775790993,0.012134976509770279,0.012134739250688498
2022-09-22,120,0.3287671232876712,10.510000228881836,10.592119556627013,0.003948337825870148,0.023673534727662697
2022-09-23,21,0.057534246575342465,10.029999732971191,9.963921426985587,0.014903385454881865,-0.11488572572614583
2022-09-23,28,0.07671232876712329,10.029999732971191,9.965162737303626,-0.007447732502939971,-0.08454039963558777
2022-09-23,35,0.0958904109589041,10.029999732971191,9.952277957834902,0.09578532212601908,-0.08112500321453964
2022-09-23,42,0.11506849315068493,10.029999732971191,9.97242071130127,0.0024829310969099647,-0.05003299479961019
2022-09-23,119,0.32602739726027397,10.029999732971191,10.01238018594416,0.039390714377638116,-0.005392888727304977
2022-09-26,25,0.0684931506849315,9.550000190734863,9.598999984312053,-6.961822188173996e-07,0.07471915412001516
2022-09-26,32,0.08767123287671233,9.550000190734863,9.644288510943145,0.02283532116308255,0.11206300164772924
2022-09-26,39,0.10684931506849316,9.550000190734863,9.62389385613817,-0.15776495778971705,0.07213686921779132
2022-09-26,116,0.3178082191780822,9.550000190734863,9.694225794875319,0.0077188703924646876,0.047164465902035956
2022-09-27,24,0.06575342465753424,9.8100004196167,9.839396458017815,0.039157472439648504,0.04550420422500704
2022-09-27,31,0.08493150684931507,9.8100004196167,9.84646730380903,0.07762797819828672,0.043687263778022636
2022-09-27,38,0.10410958904109589,9.8100004196167,9.857653844552233,0.01373133994284421,0.046545925247765366
2022-09-27,115,0.3150684931506849,9.8100004196167,9.904465486819365,-0.023900985026567206,0.03041687307761149
2022-09-28,23,0.06301369863013699,10.170000076293945,10.244158366584596,0.022687535962128094,0.11529889946670552
2022-09-28,30,0.0821917808219178,10.170000076293945,10.248321747466395,0.0837156796068644,0.09333953572158334
2022-09-28,37,0.10136986301369863,10.170000076293945,10.261828859309743,0.13622523752193208,0.0886738664024523
2022-09-28,114,0.31232876712328766,10.170000076293945,10.328750690487587,0.004967123510934071,0.049592352522046815
2022-09-29,22,0.06027397260273973,9.289999961853027,9.249165435513863,0.02371776899224079,-0.07308667842842541
2022-09-29,29,0.07945205479452055,9.289999961853027,9.257527993676579,0.046835758446453914,-0.04407049051020391
2022-09-29,36,0.09863013698630137,9.289999961853027,9.26087373075214,0.037728597445643844,-0.031837623223029805
2022-09-29,43,0.1178082191780822,9.289999961853027,9.26670489443549,0.01942493577706809,-0.021311682820237498
2022-09-29,113,0.3095890410958904,9.289999961853027,9.309068424726654,0.05044805445577224,0.006623218201744036
2022-09-30,21,0.057534246575342465,8.859999656677246,8.78078076594533,0.017389424658270907,-0.15610522779319327
2022-09-30,28,0.07671232876712329,8.859999656677246,8.800995028711469,-0.06501564040206068,-0.08710385198935716
2022-09-30,35,0.0958904109589041,8.859999656677246,8.810783305916814,0.1788097701393403,-0.05809109393760761
2022-09-30,42,0.11506849315068493,8.859999656677246,8.819085473272365,-0.05198720801406451,-0.040224295420615425
2022-09-30,112,0.30684931506849317,8.859999656677246,8.877086998070858,0.06355443120214169,0.006279096831227373
2022-10-03,25,0.0684931506849315,9.699999809265137,9.732534906867883,-0.02917061257115153,0.048888410676467514
2022-10-03,32,0.08767123287671233,9.699999809265137,9.739982857654972,0.019569787305692907,0.04691951598735289
2022-10-03,39,0.10684931506849316,9.699999809265137,9.746643674774155,0.06439725435886308,0.04489613632395792
2022-10-03,109,0.29863013698630136,9.699999809265137,9.805410537889228,0.06415363833493237,0.036193477637169444
2022-10-04,24,0.06575342465753424,11.039999961853027,11.063845071305872,0.06531779737545348,0.03281279913622623
2022-10-04,31,0.08493150684931507,11.039999961853027,11.073994249145313,0.06747380698774158,0.03619930706122784
2022-10-04,38,0.10410958904109589,11.039999961853027,11.065822774681136,0.12082264582055384,0.02244069614301165
2022-10-04,108,0.2958904109589041,11.039999961853027,11.116760471730792,-0.017475410352373474,0.023417063359748514
2022-10-05,23,0.06301369863013699,11.420000076293945,11.374551976012388,0.056778957422778574,-0.06328201102508701
2022-10-05,30,0.0821917808219178,11.420000076293945,11.37776983399497,0.008693469444326732,-0.04507474818818578
2022-10-05,37,0.10136986301369863,11.420000076293945,11.38904797778075,0.021161909805743364,-0.026773450239331368
2022-10-05,107,0.29315068493150687,11.420000076293945,11.469562010451005,-0.005901167773957066,0.014772381794348288
2022-10-06,22,0.06027397260273973,11.1899995803833,11.163698193255646,0.09031031264086971,-0.03904178436916055
2022-10-06,29,0.07945205479452055,11.1899995803833,11.17829236192501,0.007194939109600495,-0.013174853720057904
2022-10-06,36,0.09863013698630137,11.1899995803833,11.185369299571398,-0.057771410682658356,-0.00419621268352887
2022-10-06,50,0.136986301369863,11.1899995803833,11.212186605872377,0.06073763262913656,0.014459779744710898
2022-10-06,106,0.29041095890410956,11.1899995803833,11.254442424915139,0.05760011817263897,0.019773524100949444
2022-10-07,21,0.057534246575342465,9.210000038146973,9.16227442174006,0.04475187188825752,-0.09030112562357413
2022-10-07,28,0.07671232876712329,9.210000038146973,9.15960574553427,-0.06316219900124186,-0.07152328208630189
2022-10-07,35,0.0958904109589041,9.210000038146973,9.16628775798438,-0.056459860457146335,-0.04961366526726694
2022-10-07,49,0.13424657534246576,9.210000038146973,9.179557168295442,0.04696947891866565,-0.02466274971690829
2022-10-07,105,0.2876712328767123,9.210000038146973,9.208478507853561,0.02922684969914135,-0.0005743285596597427
2022-10-10,25,0.0684931506849315,8.279999732971191,8.232124860844458,0.10255963047203753,-0.08466204184707823
2022-10-10,32,0.08767123287671233,8.279999732971191,8.264056211440696,0.04571645037953742,-0.021984433486679847
2022-10-10,46,0.12602739726027398,8.279999732971191,8.285140561047305,0.031803317909287816,0.004924963362601412
2022-10-10,102,0.27945205479452057,8.279999732971191,8.30408565157235,0.024965213324764084,0.010394286493509167
2022-10-11,24,0.06575342465753424,7.570000171661377,7.529531574891196,0.2762429002468935,-0.08152059192007372
2022-10-11,31,0.08493150684931507,7.570000171661377,7.5101626409743805,0.1899111379266234,-0.09343962318518427
2022-10-11,45,0.1232876712328767,7.570000171661377,7.511044166660721,0.032509864146652696,-0.06341751042429236
2022-10-11,101,0.27671232876712326,7.570000171661377,7.551456691440482,-0.0292407307037265,-0.008863378883887007
2022-10-12,100,0.273972602739726,7.340000152587891,7.3781084113625015,0.04967578436718606,0.018901267748587983
2022-10-13,22,0.06027397260273973,8.0,7.975074824327942,-0.04969895858978285,-0.05177210920936386
2022-10-13,29,0.07945205479452055,8.0,8.002020224059505,0.12649487896884712,0.0031779685026497124
2022-10-13,43,0.1178082191780822,8.0,8.004048555151988,0.10247687299135967,0.0042946187252350726
2022-10-13,50,0.136986301369863,8.0,8.012974063959568,-0.014585058145325352,0.011829243868270495
2022-10-13,99,0.27123287671232876,8.0,8.042880499360145,0.0020122571460103006,0.019709072428009514
2022-10-17,95,0.2602739726027397,7.329999923706055,7.4036411701549,0.03469924525665596,0.03840731220285895
2022-10-18,24,0.06575342465753424,7.400000095367432,7.423076888712234,-0.21143963706775276,0.04735317091946989
2022-10-18,38,0.10410958904109589,7.400000095367432,7.413793160564008,0.13542398110229698,0.017886851391002503
2022-10-18,45,0.1232876712328767,7.400000095367432,7.423076924933184,0.09792195383734262,0.02525506406860243
2022-10-18,94,0.25753424657534246,7.400000095367432,7.450625666954022,-0.029198608624953694,0.02647414081697962
2022-10-19,23,0.06301369863013699,7.570000171661377,7.595617512567019,-0.06335120473724107,0.05361291011292235
2022-10-19,37,0.10136986301369863,7.570000171661377,7.58585852930076,0.09914534758474662,0.020644242635277615
2022-10-19,44,0.12054794520547946,7.570000171661377,7.5871743370637645,0.016607506300407065,0.018798697519606368
2022-10-19,93,0.2547945205479452,7.570000171661377,7.616841107215691,0.02714523188404204,0.024210256758157533
2022-10-20,92,0.25205479452054796,7.699999809265137,7.809198599605818,-0.00525509394416892,0.05586897261050481
2022-10-21,21,0.057534246575342465,8.579999923706055,8.617882148481515,-0.01737225113486534,0.07657108090939603
2022-10-21,35,0.0958904109589041,8.579999923706055,8.619521967886106,-0.041630791684461176,0.04792681898416688
2022-10-21,42,0.11506849315068493,8.579999923706055,8.6386639718612,0.10491595968413894,0.059217194718156924
2022-10-21,91,0.2493150684931507,8.579999923706055,8.665158793397387,0.04969915726161159,0.039613908179821126
2022-10-24,25,0.0684931506849315,8.680000305175781,8.710261593643576,0.08786447229164275,0.05081180032210266
2022-10-24,32,0.08767123287671233,8.680000305175781,8.709209205410756,0.011412218259609907,0.03831851372391749
2022-10-24,39,0.10684931506849316,8.680000305175781,8.717961690969478,0.0846122414890448,0.04084158824687692
2022-10-24,88,0.2410958904109589,8.680000305175781,8.746900097878724,0.02459226509393554,0.03184541730464784
2022-10-25,24,0.06575342465753424,9.260000228881836,9.287596670202916,0.039157108909987734,0.04525612567610922
2022-10-25,31,0.08493150684931507,9.260000228881836,9.290091641177659,0.026943703031727835,0.038199533002018116
2022-10-25,38,0.10410958904109589,9.260000228881836,9.295077270225391,0.016479886432055037,0.036316163516937255
2022-10-25,87,0.23835616438356164,9.260000228881836,9.330807631782129,0.052791293752623536,0.03195847965261807
2022-10-26,23,0.06301369863013699,9.010000228881836,9.005982036194244,-0.04753756846093288,-0.007078933696861089
2022-10-26,30,0.0821917808219178,9.010000228881836,9.019076311349487,0.04876450497907334,0.01224973215959019
2022-10-26,37,0.10136986301369863,9.010000228881836,9.027383413195496,0.13908385016344754,0.019014156450611604
2022-10-26,86,0.2356164383561644,9.010000228881836,9.063555799332617,0.052277407593777546,0.025152822138801233
2022-10-27,22,0.06027397260273973,8.520000457763672,8.526026025357112,0.01659939221876801,0.011729378506685628
2022-10-27,29,0.07945205479452055,8.520000457763672,8.54087740034085,-0.037702059878504474,0.030802828785282715
2022-10-27,36,0.09863013698630137,8.520000457763672,8.543912207326898,-0.020257025201834027,0.02841537405958797
2022-10-27,43,0.1178082191780822,8.520000457763672,8.562563034470534,0.07674153952053117,0.042299006950863874
2022-10-27,85,0.2328767123287671,8.520000457763672,8.589809773943161,-0.009086632109640636,0.03504084217352553
2022-10-28,21,0.057534246575342465,9.5,9.53209628361376,0.05222200961529758,0.058623548099707025
2022-10-28,28,0.07671232876712329,9.5,9.552788794478714,-0.05203879916298671,0.07223524184204044
2022-10-28,35,0.0958904109589041,9.5,9.558882255072536,-0.02083554921018964,0.0644381709704593
2022-10-28,42,0.11506849315068493,9.5,9.565999933910367,-4.143941778674997e-07,0.06016711919342088
2022-10-28,84,0.23013698630136986,9.5,9.592089822537877,0.010146701507537848,0.0419184397426693
2022-10-31,25,0.0684931506849315,8.920000076293945,8.922619039875624,-0.11633551170136844,0.004286015222109739
2022-10-31,32,0.08767123287671233,8.920000076293945,8.921393060107055,-0.05688882064842259,0.001781107734031181
2022-10-31,39,0.10684931506849316,8.920000076293945,8.930653288198183,0.04691175703528307,0.011170812278251825
2022-10-31,81,0.2219178082191781,8.920000076293945,8.959515629928797,0.027514349631478842,0.01991823574807939
2022-11-01,24,0.06575342465753424,9.100000381469727,9.132470170220532,-0.06071211293200088,0.05416840150443613
2022-11-01,31,0.08493150684931507,9.100000381469727,9.151302607580234,0.023572225707604557,0.06619186925053223
2022-11-01,38,0.10410958904109589,9.100000381469727,9.156469385606291,0.028859531629489444,0.05942018163225128
2022-11-01,80,0.2191780821917808,9.100000381469727,9.193740898982629,-0.001504257531976525,0.04675859880042861
2022-11-02,79,0.21643835616438356,8.239999771118164,8.320727377228282,-0.004996600827597646,0.04504451146140246
2022-11-03,22,0.06027397260273973,7.889999866485596,7.921370962048366,0.13326030471037642,0.06583561706013015
2022-11-03,29,0.07945205479452055,7.889999866485596,7.934065925428623,-0.012579905994221206,0.07009904735552797
2022-11-03,36,0.09863013698630137,7.889999866485596,7.945273616497409,-0.05056880268560283,0.07078080293011756
2022-11-03,50,0.136986301369863,7.889999866485596,7.947738669168522,0.03659187016817071,0.053226680813134225
2022-11-03,78,0.2136986301369863,7.889999866485596,7.957051192684068,0.009998717631852548,0.03959950562124801
2022-11-04,21,0.057534246575342465,8.989999771118164,9.011964143842329,-0.052064749356033835,0.04241336196856965
2022-11-04,28,0.07671232876712329,8.989999771118164,9.002961556370991,-0.16837282970278658,0.01878136181604946
2022-11-04,35,0.0958904109589041,8.989999771118164,9.012820523672518,-0.14498779271276405,0.026438965855488737
2022-11-04,49,0.13424657534246576,8.989999771118164,9.013052220900281,0.029855997685706435,0.019076467911675273
2022-11-04,77,0.21095890410958903,8.989999771118164,9.034059605217324,0.02382007571858775,0.023175187053470263
2022-11-07,25,0.0684931506849315,9.59000015258789,9.619129265216136,0.004171523208829626,0.044279504927895626
2022-11-07,32,0.08767123287671233,9.59000015258789,9.622678572432015,0.05881264386967015,0.038801313562211844
2022-11-07,46,0.12602739726027398,9.59000015258789,9.636211518039296,0.031803019432557894,0.038143535637979606
2022-11-07,74,0.20273972602739726,9.59000015258789,9.65267638385217,0.03585422435054657,0.03213143124837381
2022-11-08,24,0.06575342465753424,10.170000076293945,10.208333354053039,-3.1079564631840904e-07,0.057216254267060215
2022-11-08,31,0.08493150684931507,10.170000076293945,10.221634234418303,0.013464545860187048,0.0596275768316322
2022-11-08,45,0.1232876712328767,10.170000076293945,10.234043549091393,0.06281418654069702,0.050917890516184644
2022-11-08,73,0.2,10.170000076293945,10.264141743863407,0.007300511411323903,0.04607109731536987
2022-11-09,23,0.06301369863013699,9.239999771118164,9.245824967466982,0.03177055665979569,0.010001537689423379
2022-11-09,30,0.0821917808219178,9.239999771118164,9.255008621099233,0.020874854898571493,0.01974670256777875
2022-11-09,44,0.12054794520547946,9.239999771118164,9.26332582525849,-0.004738788425912386,0.02091519422740144
2022-11-09,72,0.19726027397260273,9.239999771118164,9.297648628363467,0.02993529357921973,0.03153027988330109
2022-11-10,22,0.06027397260273973,12.079999923706055,12.131123916796135,0.14282105004115175,0.07006653536278645
2022-11-10,29,0.07945205479452055,12.079999923706055,12.134574078179819,0.0269993558248531,0.05673300404662462
2022-11-10,43,0.1178082191780822,12.079999923706055,12.14163089642013,0.012134542221030843,0.043196741106340156
2022-11-10,50,0.136986301369863,12.079999923706055,12.153237405358109,0.05233017353409788,0.04412412890000938
2022-11-10,71,0.19452054794520549,12.079999923706055,12.182252321236975,0.04459698392717357,0.04333207327504961
2022-11-11,21,0.057534246575342465,13.220000267028809,13.236744045827734,0.17259465627928733,0.02199989971512204
2022-11-11,28,0.07671232876712329,13.220000267028809,13.238123582464715,0.001552072660406836,0.017858439262418317
2022-11-11,42,0.11506849315068493,13.220000267028809,13.250626730356219,0.02382803947830416,0.020109736662876767
2022-11-11,49,0.13424657534246576,13.220000267028809,13.253132784438854,0.018646150821675103,0.018645588672627143
2022-11-11,70,0.1917808219178082,13.220000267028809,13.283584439925756,0.04721029853034021,0.025019006609015217
2022-11-14,25,0.0684931506849315,12.770000457763672,12.816202694867984,-0.01042463172379161,0.05272790111745631
2022-11-14,39,0.10684931506849316,12.770000457763672,12.842566090488235,0.0066874171015526,0.053031913994541095
2022-11-14,46,0.12602739726027398,12.770000457763672,12.828956818660036,0.02080861197829332,0.0365488897981043
2022-11-14,67,0.18356164383561643,12.770000457763672,12.877558678079138,0.012672262260460304,0.04569284201556309
2022-11-15,24,0.06575342465753424,13.869999885559082,13.89543992835042,-0.03797360853494417,0.027869233237235478
2022-11-15,38,0.10410958904109589,13.869999885559082,13.901294545159507,0.06540073829503502,0.021647789510408213
2022-11-15,45,0.1232876712328767,13.869999885559082,13.91277811919347,0.040656828332144075,0.02497801193906693
2022-11-15,66,0.18082191780821918,13.869999885559082,13.938752500741781,0.022922533749072365,0.027345604398570804
2022-11-16,23,0.06301369863013699,12.130000114440918,12.129009200101478,-0.03397114395510565,-0.0012964568783025334
2022-11-16,37,0.10136986301369863,12.130000114440918,12.156721715475623,0.06362147661698504,0.021707753841495255
2022-11-16,44,0.12054794520547946,12.130000114440918,12.169723163967978,0.05648238468230497,0.027121382536573497
2022-11-16,65,0.1780821917808219,12.130000114440918,12.19468510682314,0.02341231806956143,0.029865296423557505
2022-11-17,22,0.06027397260273973,12.369999885559082,12.439350634379277,-0.017766441044980038,0.09275494455586106
2022-11-17,36,0.09863013698630137,12.369999885559082,12.445284396453594,0.0799770574468582,0.06151883042239365
2022-11-17,43,0.1178082191780822,12.369999885559082,12.447912932427545,-0.009089879246971575,0.05329675467080003
2022-11-17,64,0.17534246575342466,12.369999885559082,12.467024048006722,0.030624090833816557,0.04455797463221289
2022-11-18,21,0.057534246575342465,12.489999771118164,12.517063650836336,-0.08051044716794262,0.03762106572378654
2022-11-18,35,0.0958904109589041,12.489999771118164,12.52932763302614,0.014908240797327419,0.03278535415528214
2022-11-18,42,0.11506849315068493,12.489999771118164,12.538640457696761,0.01553189798084696,0.03377820424139487
2022-11-18,63,0.1726027397260274,12.489999771118164,12.567880531353246,0.03578182090386582,0.03601385079652896
2022-11-21,25,0.0684931506849315,11.890000343322754,11.905410283581237,0.04700323642097062,0.018909962324536945
2022-11-21,32,0.08767123287671233,11.890000343322754,11.9186004787438,-0.0040734150092706,0.027403580243724825
2022-11-21,39,0.10684931506849316,11.890000343322754,11.928264008987178,0.04019564764984607,0.030070114984460924
2022-11-21,60,0.1643835616438356,11.890000343322754,11.961321894921372,0.03154852785582924,0.03638155244178688
2022-11-22,24,0.06575342465753424,12.899999618530273,12.948716429317315,0.04533032132516747,0.05732604847821052
2022-11-22,31,0.08493150684931507,12.899999618530273,12.934942438571758,-0.043372889136594484,0.031850179982396844
2022-11-22,38,0.10410958904109589,12.899999618530273,12.940244784310217,0.07576823325013426,0.02991966443391964
2022-11-22,59,0.16164383561643836,12.899999618530273,12.978230347879773,0.05369426649327635,0.03740373597729801
2022-11-23,23,0.06301369863013699,13.319999694824219,13.345796092301583,0.028363814645299287,0.030704333230111316
2022-11-23,30,0.0821917808219178,13.319999694824219,13.330557882384236,-0.010134450011617516,0.009640170191208535
2022-11-23,37,0.10136986301369863,13.319999694824219,13.330057196770467,0.007048843067789249,0.007445830430433569
2022-11-23,44,0.12054794520547946,13.319999694824219,13.343705410348624,-0.003949084184185056,0.014750368460599139
2022-11-23,58,0.1589041095890411,13.319999694824219,13.378462855499125,0.026649753493487516,0.02756078597436932
2022-11-25,21,0.057534246575342465,12.859999656677246,12.873522056048541,0.055957916553063695,0.018266617667444883
2022-11-25,28,0.07671232876712329,12.859999656677246,12.901502525788427,0.021744480328922313,0.04200220996461113
2022-11-25,35,0.0958904109589041,12.859999656677246,12.910463867832881,0.07100609863784059,0.0408429055073612
2022-11-25,42,0.11506849315068493,12.859999656677246,12.921936422659867,0.0031043916076843262,0.04175489566824337
2022-11-25,56,0.15342465753424658,12.859999656677246,12.945837338565031,0.055179760058428985,0.04336071808303616
2022-11-28,25,0.0684931506849315,11.84000015258789,11.84301068711777,0.05223713988436815,0.0037118426090752485
2022-11-28,32,0.08767123287671233,11.84000015258789,11.844165200121315,0.061269112902509984,0.00401175833814491
2022-11-28,39,0.10684931506849316,11.84000015258789,11.852646638578918,0.013379749095546574,0.009991129349539088
2022-11-28,53,0.14520547945205478,11.84000015258789,11.876589132886656,0.01610919896763204,0.02124933819606493
2022-11-29,24,0.06575342465753424,11.729999542236328,11.751342647473033,0.03806879185175268,0.02764689902097455
2022-11-29,31,0.08493150684931507,11.729999542236328,11.762988148128606,0.03790583582334636,0.03306641888819878
2022-11-29,38,0.10410958904109589,11.729999542236328,11.773706942324214,0.05504458600673146,0.03572386031928561
2022-11-29,52,0.14246575342465753,11.729999542236328,11.795902354473318,0.03265265934275673,0.03932586809852907
2022-11-30,23,0.06301369863013699,13.819999694824219,13.811614686871517,-0.13544519641097513,-0.009631462917811506
2022-11-30,30,0.0821917808219178,13.819999694824219,13.819856888110564,0.021746213931338656,-0.0001257229159351888
2022-11-30,37,0.10136986301369863,13.819999694824219,13.833051526194096,0.14075116606504484,0.009312141451201728
2022-11-30,51,0.13972602739726028,13.819999694824219,13.843744523524249,0.045043953125338994,0.012286010187512495
2022-12-01,22,0.06027397260273973,13.5,13.50799142317588,0.03163207246724054,0.009818203598330823
2022-12-01,29,0.07945205479452055,13.5,13.52816226256509,0.030002110561796295,0.026228656476996348
2022-12-01,36,0.09863013698630137,13.5,13.54177804786508,0.02707304399043035,0.03132806737483358
2022-12-01,43,0.1178082191780822,13.5,13.558097284852934,0.04681499673661854,0.036451353106919826
2022-12-01,50,0.136986301369863,13.5,13.562721080921314,0.027622626824359967,0.03383730033228049
2022-12-02,21,0.057534246575342465,13.029999732971191,13.022119170996401,-0.018612462047118087,-0.01051520431804961
2022-12-02,28,0.07671232876712329,13.029999732971191,13.034212438574716,-0.02790331759348759,0.0042138720122555165
2022-12-02,35,0.0958904109589041,13.029999732971191,13.04586170530053,0.03357427481126314,0.012687422214548043
2022-12-02,42,0.11506849315068493,13.029999732971191,13.058294343947122,0.06542385922400712,0.01885088681495602
2022-12-02,49,0.13424657534246576,13.029999732971191,13.065957914122801,0.05905223835539559,0.020528231284006212
2022-12-05,25,0.0684931506849315,12.59000015258789,12.602345384706087,-0.07281828418883529,0.014309140297108638
2022-12-05,32,0.08767123287671233,12.59000015258789,12.60228897097238,0.016306180159826232,0.011127956266961909
2022-12-05,39,0.10684931506849316,12.59000015258789,12.61155089620205,0.0704567849532595,0.01600638831113259
2022-12-05,46,0.12602739726027398,12.59000015258789,12.62470345100592,0.024485841413882027,0.021841486376240404
2022-12-06,24,0.06575342465753424,11.720000267028809,11.72182598971033,-0.021709502021334426,0.0023689450529026145
2022-12-06,31,0.08493150684931507,11.720000267028809,11.73672880018578,0.05056841594656241,0.016793903361281122
2022-12-06,38,0.10410958904109589,11.720000267028809,11.745601431771666,0.05159537135957292,0.02095885076610641
2022-12-06,45,0.1232876712328767,11.720000267028809,11.7579983536524,0.0368159143482072,0.02625496122550544
2022-12-07,23,0.06301369863013699,11.699999809265137,11.731759639964066,0.022686994674671737,0.04301981797943533
2022-12-07,30,0.0821917808219178,11.699999809265137,11.747945700934878,0.004347046425646206,0.049756384390983045
2022-12-07,37,0.10136986301369863,11.699999809265137,11.7551204030523,0.060076324765744815,0.04636584294325629
2022-12-07,44,0.12054794520547946,11.699999809265137,11.760218703002767,0.04841239823749258,0.04258649105409622
2022-12-08,22,0.06027397260273973,12.619999885559082,12.654160688249776,-0.07095163913598528,0.04484889738566199
2022-12-08,29,0.07945205479452055,12.619999885559082,12.655067786515753,-0.00898778673203366,0.03492549620927403
2022-12-08,36,0.09863013698630137,12.619999885559082,12.670159248565156,0.05931669539492725,0.04021808422802551
2022-12-08,43,0.1178082191780822,12.619999885559082,12.688116398440782,0.03421276527569924,0.04569282808049186
2022-12-08,50,0.136986301369863,12.619999885559082,12.67563017250611,0.06108824766737682,0.032108451023855046
2022-12-09,21,0.057534246575342465,12.319999694824219,12.314691935733777,-0.08256935713319372,-0.00748975557004041
2022-12-09,28,0.07671232876712329,12.319999694824219,12.326865910756311,-0.0015516659173190582,0.007263076194969332
2022-12-09,35,0.0958904109589041,12.319999694824219,12.3367248916526,0.05726665409415875,0.014147859414283962
2022-12-09,42,0.11506849315068493,12.319999694824219,12.340015718089683,0.035627517500286976,0.014107761808287815
2022-12-09,49,0.13424657534246576,12.319999694824219,12.35848150896197,0.06770177416309009,0.023230804046022784
2022-12-12,25,0.0684931506849315,12.979999542236328,13.007153068930144,0.020871910604577576,0.03051058651458949
2022-12-12,32,0.08767123287671233,12.979999542236328,13.015097037989403,0.07356252784245737,0.03080050523807753
2022-12-12,39,0.10684931506849316,12.979999542236328,13.020575733718195,0.0338859424392437,0.029211033980625828
2022-12-12,46,0.12602739726027398,12.979999542236328,13.024242401370314,-0.014156537646272914,0.027000041663065143
2022-12-13,24,0.06575342465753424,13.630000114440918,13.682157618613246,-0.06323557039740177,0.05808619599467385
2022-12-13,31,0.08493150684931507,13.630000114440918,13.701075284618657,0.04212618909448775,0.061238329221760555
2022-12-13,38,0.10410958904109589,13.630000114440918,13.694625430213833,0.014572194854145704,0.04543479075761565
2022-12-13,45,0.1232876712328767,13.630000114440918,13.726839207148666,0.012562852233740504,0.05742446431330061
2022-12-14,23,0.06301369863013699,13.0,13.029787239151265,-0.11295127994489854,0.0363207533245515
2022-12-14,30,0.0821917808219178,13.0,13.047092425384552,-0.013028412969974576,0.0439940441037192
2022-12-14,37,0.10136986301369863,13.0,13.046489499055221,0.03155387335625966,0.035214965367257614
2022-12-14,44,0.12054794520547946,13.0,13.069658837226008,0.04455935483817519,0.04433146568939785
2022-12-15,22,0.06027397260273973,11.399999618530273,11.38781706386664,0.005926589349994457,-0.01773927524449293
2022-12-15,29,0.07945205479452055,11.399999618530273,11.396625961042568,0.06308947440822277,-0.003725248835633739
2022-12-15,36,0.09863013698630137,11.399999618530273,11.410350002378914,0.036815397908546016,0.009201209165586425
2022-12-15,43,0.1178082191780822,11.399999618530273,11.409774404384004,0.021247335481693448,0.0072751290259862236
2022-12-16,21,0.057534246575342465,11.109999656677246,11.1043975526167,0.018632118331115218,-0.00876637840372238
2022-12-16,28,0.07671232876712329,11.109999656677246,11.120671200767452,-0.0046557752744009265,0.012515250783458621
2022-12-16,35,0.0958904109589041,11.109999656677246,11.12329730856038,0.0484858833295006,0.012474580737890241
2022-12-16,42,0.11506849315068493,11.109999656677246,11.135824618647645,0.05292415798830508,0.020177388364268373
2022-12-19,25,0.0684931506849315,10.6899995803833,10.668052362377173,0.05014245516866171,-0.030005498304067093
2022-12-19,32,0.08767123287671233,10.6899995803833,10.678884924057725,0.028597655120561068,-0.011865529070540304
2022-12-19,39,0.10684931506849316,10.6899995803833,10.673178960327947,0.12110992613829319,-0.014737861599705629
2022-12-20,24,0.06575342465753424,10.40999984741211,10.462760833903797,0.07841550474966258,0.07688569718284063
2022-12-20,31,0.08493150684931507,10.40999984741211,10.470047614201622,0.05765836154732503,0.06772168298495547
2022-12-20,38,0.10410958904109589,10.40999984741211,10.48250588098586,-0.06836534583761336,0.06666910499247304
2022-12-21,23,0.06301369863013699,11.140000343322754,11.191260723937031,0.04540714649960405,0.07285583913531583
2022-12-21,30,0.0821917808219178,11.140000343322754,11.194189276167798,0.04727731238926761,0.0590395253115965
2022-12-21,37,0.10136986301369863,11.140000343322754,11.19985668583613,0.028225979800781807,0.052863018991273894
2022-12-22,22,0.06027397260273973,9.779999732971191,9.787467878363008,-0.014214843910883049,0.012664216928890285
2022-12-22,29,0.07945205479452055,9.779999732971191,9.796106618713347,0.050852670521006296,0.020711436535359718
2022-12-22,36,0.09863013698630137,9.779999732971191,9.8050629350359,0.011593709454296438,0.025949690737097263
2022-12-22,43,0.1178082191780822,9.779999732971191,9.815713414893928,0.09266303247799026,0.0309405791291044
2022-12-23,21,0.057534246575342465,9.770000457763672,9.77569381895182,-0.09409794216295118,0.01012561038728154
2022-12-23,28,0.07671232876712329,9.770000457763672,9.784729573010434,0.08019123554318186,0.019637660458327683
2022-12-23,35,0.0958904109589041,9.770000457763672,9.779174995418105,0.002980370027959534,0.009788374809643863
2022-12-23,42,0.11506849315068493,9.770000457763672,9.786111876225213,0.06730067551312187,0.014319403347826108
2022-12-27,24,0.06575342465753424,9.270000457763672,9.273245982757743,0.061220483570759036,0.005323666124359157
2022-12-27,31,0.08493150684931507,9.270000457763672,9.279325846384907,0.064091229937662,0.01183859057631404
2022-12-27,38,0.10410958904109589,9.270000457763672,9.287726341165579,0.05780491561992409,0.01834942699677252
2022-12-28,23,0.06301369863013699,8.859999656677246,8.881066647346135,0.07538824349713287,0.03768929485599857
2022-12-28,30,0.0821917808219178,8.859999656677246,8.882293782386636,0.07321951809565798,0.030576130399510983
2022-12-28,37,0.10136986301369863,8.859999656677246,8.889999956607815,4.703934179038226e-07,0.03334638794079626
2022-12-29,22,0.06027397260273973,9.670000076293945,9.747460076758573,0.051118875841624764,0.13236938640555404
2022-12-29,29,0.07945205479452055,9.670000076293945,9.767575335729017,0.0540566248072525,0.1263648056192543
2022-12-29,36,0.09863013698630137,9.670000076293945,9.771879227799838,0.09897403750356566,0.10626039138807308
2022-12-29,43,0.1178082191780822,9.670000076293945,9.790891748627683,0.012134440886971937,0.10546142561589808
2022-12-30,21,0.057534246575342465,9.670000076293945,9.69606764278334,0.057395392068754436,0.046791058675063835
2022-12-30,28,0.07671232876712329,9.670000076293945,9.701749386311283,-0.022327252963370875,0.04272978086273345
2022-12-30,35,0.0958904109589041,9.670000076293945,9.700085604692799,-0.017862121499153217,0.032395244847043134
2022-12-30,42,0.11506849315068493,9.670000076293945,9.700791137274999,0.00745293697653708,0.027628113354614313
2023-01-03,24,0.06575342465753424,9.359999656677246,9.377172990329806,-0.03905587774610038,0.027878043361882016
2023-01-03,31,0.08493150684931507,9.359999656677246,9.38786067295494,-0.04029981937158649,0.03499505904459517
2023-01-03,38,0.10410958904109589,9.359999656677246,9.399100115003758,0.049526173867285986,0.04004144551509267
2023-01-04,23,0.06301369863013699,10.069999694824219,10.129656126528612,0.04540641471462274,0.09373668486820559
2023-01-04,30,0.0821917808219178,10.069999694824219,10.11940298090399,0.05574647072974918,0.05954356583245303
2023-01-04,37,0.10136986301369863,10.069999694824219,10.117956135558984,0.02822608088818142,0.046868013888583686
2023-01-05,22,0.06027397260273973,9.569999694824219,9.583765058953237,0.12370697291666864,0.023847003147710922
2023-01-05,29,0.07945205479452055,9.569999694824219,9.590665113833797,0.07936230927951468,0.027149302251052984
2023-01-05,36,0.09863013698630137,9.569999694824219,9.602204403631177,0.02029854768480917,0.03406183970490458
2023-01-05,50,0.136986301369863,9.569999694824219,9.628507101472419,0.03973703754923353,0.04449360518266818
2023-01-06,21,0.057534246575342465,10.869999885559082,10.904217308302593,0.01242020473752439,0.054627165658642486
2023-01-06,28,0.07671232876712329,10.869999885559082,10.909482764102307,0.07470398072347939,0.0472635733339506
2023-01-06,35,0.0958904109589041,10.869999885559082,10.91363309499188,-0.007445780997031213,0.041777480384736984
2023-01-06,49,0.13424657534246576,10.869999885559082,10.939263995628423,0.002660822491839259,0.047314634721302005
2023-01-09,25,0.0684931506849315,11.529999732971191,11.53666421829125,0.09416016076097775,0.008436546228436936
2023-01-09,32,0.08767123287671233,11.529999732971191,11.540801748282348,0.024468458212892036,0.010681076359353411
2023-01-09,46,0.12602739726027398,11.529999732971191,11.562567429226307,0.05402649277479241,0.02238103363427161
2023-01-10,24,0.06575342465753424,11.970000267028809,12.002877712254685,0.10902080357320974,0.04171476282982207
2023-01-10,31,0.08493150684931507,11.970000267028809,11.999282949042858,0.04634731754025698,0.028768497920305332
2023-01-10,45,0.1232876712328767,11.970000267028809,12.018018070496806,0.07274629687655301,0.032472733176181524
2023-01-11,23,0.06301369863013699,12.399999618530273,12.437812727357226,0.011340524997072537,0.04831971929303349
2023-01-11,30,0.0821917808219178,12.399999618530273,12.433765309243022,0.0959729910311449,0.033085289969132244
2023-01-11,44,0.12054794520547946,12.399999618530273,12.456412992149026,0.002963753968975374,0.037654297701504406
2023-01-12,22,0.06027397260273973,12.819999694824219,12.857936893952273,0.06728953484301455,0.04902364936361066
2023-01-12,29,0.07945205479452055,12.819999694824219,12.860955207423434,0.03751476659803518,0.040144534663745596
2023-01-12,43,0.1178082191780822,12.819999694824219,12.880796241006811,0.011122709767627125,0.040159430848925974
2023-01-12,50,0.136986301369863,12.819999694824219,12.88609489503919,0.025245670251879713,0.03753942654696458
2023-01-13,21,0.057534246575342465,12.949999809265137,12.98712906242617,0.01863197017441034,0.049762039980682106
2023-01-13,28,0.07671232876712329,12.949999809265137,12.998558040221852,0.12161220051543212,0.048788219177935285
2023-01-13,42,0.11506849315068493,12.949999809265137,13.017934037922407,0.03732534745269375,0.04547008991752963
2023-01-13,49,0.13424657534246576,12.949999809265137,13.030594118012319,-0.029206109068671913,0.04621505485793146
2023-01-17,24,0.06575342465753424,13.0600004196167,13.110752695183002,0.0544117379444761,0.05898634161965795
2023-01-17,38,0.10410958904109589,13.0600004196167,13.120455390915685,0.012586660987101006,0.04436033847952753
2023-01-17,45,0.1232876712328767,13.0600004196167,13.138832412277685,0.03968688929011292,0.04881263111637899
2023-01-18,23,0.06301369863013699,12.819999694824219,12.853923235450612,0.02647169918315295,0.041937662206082645
2023-01-18,37,0.10136986301369863,12.819999694824219,12.890354051742829,0.11339075918183843,0.05398898535743737
2023-01-18,44,0.12054794520547946,12.819999694824219,12.900607041039896,-0.0009877769003847961,0.05199541150924047
2023-01-19,22,0.06027397260273973,11.770000457763672,11.77569419032403,0.16075967200605704,0.008023904374024388
2023-01-19,36,0.09863013698630137,11.770000457763672,11.81333328796936,0.09093234843633183,0.037259129677782325
2023-01-19,43,0.1178082191780822,11.770000457763672,11.83064225159948,0.03950239668103439,0.04362179874999155
2023-01-20,21,0.057534246575342465,12.789999961853027,12.855864456562985,0.039358204756669436,0.08927678509214754
2023-01-20,35,0.0958904109589041,12.789999961853027,12.867448281237644,0.05102591128156833,0.06295854335720522
2023-01-20,42,0.11506849315068493,12.789999961853027,12.91215251732707,-0.018602900909145823,0.08260567814893977
2023-01-23,25,0.0684931506849315,14.739999771118164,14.800776070834562,0.04351712925367529,0.06007528255657783
2023-01-23,32,0.08767123287671233,14.739999771118164,14.8151471865956,0.05717483618243789,0.05800357251840719
2023-01-23,39,0.10684931506849316,14.739999771118164,14.830807763381284,0.021193225595703934,0.05748049603919487
2023-01-24,24,0.06575342465753424,14.4399995803833,14.451545564118891,0.03806822063168435,0.012155471628929299
2023-01-24,31,0.08493150684931507,14.4399995803833,14.45384705790929,0.005608289458362473,0.011285648122366349
2023-01-24,38,0.10410958904109589,14.4399995803833,14.45890258748351,-0.0032012178263713365,0.012565763399144182
2023-01-25,23,0.06301369863013699,14.529999732971191,14.568969377914682,0.018524778535303935,0.0425054021184606
2023-01-25,30,0.0821917808219178,14.529999732971191,14.581466449047948,0.07700889666727341,0.04301940873752777
2023-01-25,37,0.10136986301369863,14.529999732971191,14.594471414883195,0.06102189520431842,0.04367498831589174
2023-01-26,22,0.06027397260273973,15.239999771118164,15.29358720726931,0.033216117578853566,0.05823522765558922
2023-01-26,29,0.07945205479452055,15.239999771118164,15.31347376073061,-0.006937776421917367,0.060533910582511466
2023-01-26,36,0.09863013698630137,15.239999771118164,15.31079638303909,0.11727297304125996,0.04699060955629156
2023-01-26,43,0.1178082191780822,15.239999771118164,15.270355321389129,0.14946891725132014,0.016890612385703
2023-01-26,50,0.136986301369863,15.239999771118164,15.346346294768667,0.007303993905935043,0.050763353645186415
2023-01-26,113,0.3095890410958904,15.239999771118164,15.39979714946222,0.04717908040153808,0.033692413475158875
2023-01-26,204,0.5589041095890411,15.239999771118164,15.50423495283648,-0.006251421782105222,0.030756034595872672
2023-01-26,358,0.9808219178082191,15.239999771118164,15.666666499794529,0.04961663885452088,0.028151662038947065
2023-01-27,21,0.057534246575342465,14.979999542236328,14.996659956731346,0.03479626464291343,0.01931995796999317
2023-01-27,28,0.07671232876712329,14.979999542236328,15.02943458851319,-0.03393353320167957,0.04294794224184349
2023-01-27,35,0.0958904109589041,14.979999542236328,15.036457502377747,0.09954500793965518,0.03923025049182208
2023-01-27,42,0.11506849315068493,14.979999542236328,15.054599117667395,0.024658148745312407,0.0431706895521436
2023-01-27,49,0.13424657534246576,14.979999542236328,15.040567935770419,0.10502240904341853,0.030057615656548384
2023-01-27,112,0.30684931506849317,14.979999542236328,15.162405961196058,0.008157631636934224,0.039443218743767716
2023-01-27,203,0.5561643835616439,14.979999542236328,15.290107884472151,0.044600403768961364,0.036841856248487244
2023-01-27,357,0.9780821917808219,14.979999542236328,15.436363726439126,0.03907773591232428,0.0306825537113245
2023-01-30,25,0.0684931506849315,13.800000190734863,13.82636135693888,0.14146851136532204,0.027862745712932437
2023-01-30,32,0.08767123287671233,13.800000190734863,13.846595011466276,0.04080974568528628,0.03844760436457194
2023-01-30,39,0.10684931506849316,13.800000190734863,13.869061861446658,0.024543517684789424,0.04671988854578305
2023-01-31,24,0.06575342465753424,14.520000457763672,14.543274977429405,0.10537377074456954,0.024358350778955425
2023-01-31,31,0.08493150684931507,14.520000457763672,14.544850494779734,-0.03918214722776643,0.02013354324670424
2023-01-31,38,0.10410958904109589,14.520000457763672,14.550733165162706,0.033677205544651596,0.020308799627996775
2023-02-01,23,0.06301369863013699,16.799999237060547,16.837742102955627,0.07884370091981424,0.035612564893590555
2023-02-01,30,0.0821917808219178,16.799999237060547,16.83849062095804,0.06817383001994778,0.027843820801126053
2023-02-01,37,0.10136986301369863,16.799999237060547,16.86918779104354,0.015556738097962377,0.04054369922348839
2023-02-01,44,0.12054794520547946,16.799999237060547,16.894947458462802,0.004148463775782492,0.04675126787834308
2023-02-01,107,0.29315068493150687,16.799999237060547,16.95879394042094,0.0170985960595187,0.03209160107452866
2023-02-01,198,0.5424657534246575,16.799999237060547,17.082474000269723,0.0561495400890624,0.03073776466172651
2023-02-01,352,0.9643835616438357,16.799999237060547,17.2790698545511,0.03426010662518868,0.02915550843840158
2023-02-02,22,0.06027397260273973,17.920000076293945,17.92300159516468,0.10624820070823462,0.0027786694480480575
2023-02-02,29,0.07945205479452055,17.920000076293945,17.940142095158677,0.021087082496552886,0.014138908997827401
2023-02-02,36,0.09863013698630137,17.920000076293945,17.92723633374761,0.01352734993541635,0.0040933482543215275
2023-02-02,43,0.1178082191780822,17.920000076293945,17.99597585889515,0.051083791918222606,0.03591224561993797
2023-02-02,50,0.136986301369863,17.920000076293945,17.95893785571446,0.02725978789862916,0.01584472215433206
2023-02-02,106,0.29041095890410956,17.920000076293945,18.057171481035812,0.010345540453458837,0.02625763870843274
2023-02-02,197,0.5397260273972603,17.920000076293945,18.194999904155726,1.7669601014180564e-07,0.02821693455416497
2023-02-02,351,0.9616438356164384,17.920000076293945,18.39074552473,0.02899744402570792,0.026964417293272615
2023-02-03,21,0.057534246575342465,16.93000030517578,16.952744761147052,0.04369886600176318,0.023334612633718804
2023-02-03,28,0.07671232876712329,16.93000030517578,16.974916368346996,0.043524951389363756,0.034538548759946386
2023-02-03,35,0.0958904109589041,16.93000030517578,16.9787764182314,0.03545430077558801,0.030001998243202085
2023-02-03,42,0.11506849315068493,16.93000030517578,16.990981900661005,0.01739854754609391,0.031246717523418132
2023-02-03,49,0.13424657534246576,16.93000030517578,16.997389828886295,0.01174703249094676,0.029591657065582096
2023-02-03,105,0.2876712328767123,16.93000030517578,17.07935700225741,0.0156779363990446,0.030532518511888124
2023-02-03,196,0.536986301369863,16.93000030517578,17.215538735936338,0.004661637324509959,0.031146374967786526
2023-02-03,350,0.958904109589041,16.93000030517578,17.44215942866226,0.02908034499925795,0.031080289256994457
2023-02-06,25,0.0684931506849315,16.100000381469727,16.125480991670084,0.051685260697336595,0.02308837420588526
2023-02-06,32,0.08767123287671233,16.100000381469727,16.14818529968819,0.03531047813806807,0.03408623591316946
2023-02-06,39,0.10684931506849316,16.100000381469727,16.148743718014995,0.04691209342019692,0.02829182946716008
2023-02-06,46,0.12602739726027398,16.100000381469727,16.16210041699476,0.03614974783353206,0.030546733055220987
2023-02-06,102,0.27945205479452057,16.100000381469727,16.243705887913354,0.02513690657775193,0.03179868579566868
2023-02-06,193,0.5287671232876713,16.100000381469727,16.357937223590227,0.020918443071170627,0.030058489386394792
2023-02-06,347,0.9506849315068493,16.100000381469727,16.546391259979107,0.03203908956926018,0.028767397798619566
2023-02-07,24,0.06575342465753424,17.59000015258789,17.687549428372826,0.01824346153722851,0.08410820487561406
2023-02-07,31,0.08493150684931507,17.59000015258789,17.70007257305,-0.022456453574867155,0.0734494482783612
2023-02-07,38,0.10410958904109589,17.59000015258789,17.701614856217617,0.11734928664907952,0.060756198029334386
2023-02-07,45,0.1232876712328767,17.59000015258789,17.74686848860018,0.04658777471851628,0.07201457912720377
2023-02-07,101,0.27671232876712326,17.59000015258789,17.795924160880837,0.04206131320595927,0.04206131320594996
2023-02-07,192,0.5260273972602739,17.59000015258789,17.96938755931614,0.03840605889189746,0.0405664260399529
2023-02-07,346,0.947945205479452,17.59000015258789,18.186274216249345,0.03057926405723441,0.035167199537335964
2023-02-08,23,0.06301369863013699,16.489999771118164,16.520953733660907,0.008457372366880827,0.029761398513323677
2023-02-08,30,0.0821917808219178,16.489999771118164,16.521030501126237,-0.04654939219790217,0.02287360658052118
2023-02-08,44,0.12054794520547946,16.489999771118164,16.536636140909987,-0.006910092240954032,0.023427765633825353
2023-02-09,22,0.06027397260273973,16.579999923706055,16.615193226481995,0.0765774648923,0.035179135912135874
2023-02-09,29,0.07945205479452055,16.579999923706055,16.646518817781274,-0.0022881546941232937,0.050394787873192265
2023-02-09,36,0.09863013698630137,16.579999923706055,16.640718584531303,-0.020257869567926478,0.03706243987191851
2023-02-09,43,0.1178082191780822,16.579999923706055,16.67766262489018,0.09883247007195711,0.049853156634929036
2023-02-09,50,0.136986301369863,16.579999923706055,16.690820677130628,0.022154818135176207,0.0486308709701974
2023-02-09,99,0.27123287671232876,16.579999923706055,16.755410169171327,0.024042361094780848,0.03880081321907413
2023-02-09,190,0.5205479452054794,16.579999923706055,16.91237099249996,0.05851382568671774,0.03812947607828224
2023-02-09,344,0.9424657534246575,16.579999923706055,17.103359284942293,0.035056957879302866,0.03297493665766995
2023-02-10,21,0.057534246575342465,15.800000190734863,15.801726240514535,0.0042055404459981575,0.001898655070173339
2023-02-10,28,0.07671232876712329,15.800000190734863,15.821267812878562,0.049075482474013714,0.01753495069037408
2023-02-10,35,0.0958904109589041,15.800000190734863,15.827794511229792,0.07325662851934561,0.018329139539300807
2023-02-10,42,0.11506849315068493,15.800000190734863,15.833151162194204,0.015815018698547137,0.018214930938347876
2023-02-10,49,0.13424657534246576,15.800000190734863,15.847164876212192,0.012651385805216337,0.02220287592540871
2023-02-10,98,0.2684931506849315,15.800000190734863,15.905337395333216,0.026163439312985964,0.02474843777535841
2023-02-10,189,0.5178082191780822,15.800000190734863,16.045454624270608,0.019409453178920243,0.029770976611285926
2023-02-10,343,0.9397260273972603,15.800000190734863,16.232558134950185,0.035159007413588135,0.028741392591232238
2023-02-13,25,0.0684931506849315,16.420000076293945,16.471483269179984,0.03188969661749932,0.04570515851112332
2023-02-13,32,0.08767123287671233,16.420000076293945,16.479678823737235,0.039991863518488054,0.04138103971841876
2023-02-13,39,0.10684931506849316,16.420000076293945,16.479706450556396,-0.032275322808494405,0.033969363148760284
2023-02-13,46,0.12602739726027398,16.420000076293945,16.477662249576095,0.023116541918925673,0.027815792730700988
2023-02-13,95,0.2602739726027397,16.420000076293945,16.558987382431283,0.048328634271274984,0.0323846826810659
2023-02-13,186,0.5095890410958904,16.420000076293945,16.689409190573873,0.03564412608307316,0.031935987741302845
2023-02-13,340,0.9315068493150684,16.420000076293945,16.91777192542742,0.06357370261570616,0.03206047702605384
2023-02-14,24,0.06575342465753424,17.329999923706055,17.421510358414942,0.0009214145728826704,0.08009576562583338
2023-02-14,31,0.08493150684931507,17.329999923706055,17.43413179091893,-0.023524427410334132,0.0705366344884267
2023-02-14,38,0.10410958904109589,17.329999923706055,17.45119519080832,-0.01454252569201327,0.0669394563168643
2023-02-14,45,0.1232876712328767,17.329999923706055,17.46027740261832,0.030042046400020582,0.06074685958970455
2023-02-14,94,0.25753424657534246,17.329999923706055,17.516290571666243,0.009719081645975135,0.04151773423084777
2023-02-14,185,0.5068493150684932,17.329999923706055,17.698734186872638,0.02481759732704714,0.041539018018760476
2023-02-14,339,0.9287671232876712,17.329999923706055,17.89690736701098,0.032795280136323844,0.0346575853030318
2023-02-15,23,0.06301369863013699,17.540000915527344,17.569400044852127,0.07085003443009089,0.026577013360289312
2023-02-15,30,0.0821917808219178,17.540000915527344,17.592539611317143,0.005215398405733276,0.03638912903522741
2023-02-15,37,0.10136986301369863,17.540000915527344,17.573729015228775,-0.0483090350723056,0.018951176573197153
2023-02-15,44,0.12054794520547946,17.540000915527344,17.58970251034584,0.0567538334470093,0.023472876542646782
2023-02-15,93,0.2547945205479452,17.540000915527344,17.676665773393566,0.03718007334358068,0.03046145886353748
2023-02-15,184,0.5041095890410959,17.540000915527344,17.75887059754186,0.09579314298772496,0.024600015929466968
2023-02-15,338,0.9260273972602739,17.540000915527344,18.09506705566534,0.006188548158056362,0.03364406249428338
2023-02-16,22,0.06027397260273973,16.280000686645508,16.315369270831834,-0.033148601107572444,0.03600494155907106
2023-02-16,29,0.07945205479452055,16.280000686645508,16.32144650884674,0.056765545004473346,0.03200139988374387
2023-02-16,36,0.09863013698630137,16.280000686645508,16.356565663059943,0.1018992148374184,0.047571500289973895
2023-02-16,43,0.1178082191780822,16.280000686645508,16.344352080127113,0.07700061997505787,0.033486597261069576
2023-02-16,64,0.17534246575342466,16.280000686645508,16.39718449831876,0.03145380314489768,0.04090418358008419
2023-02-16,92,0.25205479452054796,16.280000686645508,16.438190997591803,0.019886981026273513,0.038364452449643545
2023-02-16,183,0.5013698630136987,16.280000686645508,16.595701023137696,0.046409863441125646,0.03830761674813813
2023-02-16,337,0.9232876712328767,16.280000686645508,16.75452195656518,0.03578503718713982,0.03111791431431321
2023-02-17,21,0.057534246575342465,15.5,15.50222998528987,0.060939843887813136,0.0025004180808087663
2023-02-17,35,0.0958904109589041,15.5,15.51732613630094,0.06276000383470372,0.011650705672995074
2023-02-17,42,0.11506849315068493,15.5,15.516208345404012,0.052299690523912194,0.009082880220180846
2023-02-21,24,0.06575342465753424,14.010000228881836,14.02727219643226,0.027908173513864397,0.01873776229537854
2023-02-21,31,0.08493150684931507,14.010000228881836,14.016211051004314,0.07283258459872105,0.00521850222503926
2023-02-21,38,0.10410958904109589,14.010000228881836,14.022244405500526,0.009609983412000003,0.008390947466927099
2023-02-21,59,0.16164383561643836,14.010000228881836,14.054054001162447,0.006189382412357669,0.019422444845396306
2023-02-21,87,0.23835616438356164,14.010000228881836,14.098327352849447,0.057023810380656646,0.026367206487603434
2023-02-21,178,0.4876712328767123,14.010000228881836,14.204997462258676,0.040380847951695845,0.028343808363222762
2023-02-21,332,0.9095890410958904,14.010000228881836,14.400000058687645,0.027834337091161458,0.030185977107262115
2023-02-22,23,0.06301369863013699,13.829999923706055,13.786379938878301,0.05677864099273692,-0.05013189803384466
2023-02-22,30,0.0821917808219178,13.829999923706055,13.770750983401674,0.07409423810913773,-0.05223504365715308
2023-02-22,37,0.10136986301369863,13.829999923706055,13.780078791157921,0.025869548634388773,-0.035672898163108674
2023-02-23,22,0.06027397260273973,15.079999923706055,15.132910677213786,0.01659873229537797,0.05811015101424665
2023-02-23,29,0.07945205479452055,15.079999923706055,15.13708515819371,-0.012580555514865277,0.04755504541921895
2023-02-23,36,0.09863013698630137,15.079999923706055,15.142450180129616,0.055917831746476854,0.04190111059625339
2023-02-23,42,0.11506849315068493,15.079999923706055,15.173335578699884,0.1122495238004673,0.053622772329558685
2023-02-23,57,0.15616438356164383,15.079999923706055,15.166330699565158,0.051433955720802275,0.03655460813596593
2023-02-23,85,0.2328767123287671,15.079999923706055,15.226928813433462,0.036655819690262,0.041636345720216614
2023-02-23,176,0.4821917808219178,15.079999923706055,15.359104703436474,0.035559062906429816,0.038032753134580724
2023-02-23,330,0.9041095890410958,15.079999923706055,15.567010222110753,0.03368975123956055,0.03515568087189553
2023-02-24,21,0.057534246575342465,14.3100004196167,14.309467006712724,0.026920298825490074,-0.000647896352950951
2023-02-24,28,0.07671232876712329,14.3100004196167,14.301831787509633,-0.010858487172876328,-0.007443351154524046
2023-02-24,35,0.0958904109589041,14.3100004196167,14.314845602000158,-0.02480063197689186,0.00353038273217309
2023-02-24,41,0.11232876712328767,14.3100004196167,14.326902464367285,0.003179779875581657,0.010508778890065176
2023-02-27,25,0.0684931506849315,14.5,14.54338394716259,0.01704355133083478,0.043617926949489925
2023-02-27,32,0.08767123287671233,14.5,14.56681141399589,0.024740329785362346,0.05243568151470917
2023-02-27,38,0.10410958904109589,14.5,14.572342763665034,0.016022035658740608,0.04780300799545102
2023-02-28,24,0.06575342465753424,14.649999618530273,14.70306831226476,0.06349989403298907,0.05499168026640156
2023-02-28,31,0.08493150684931507,14.649999618530273,14.72571475377785,0.037343741443772414,0.06069548606110534
2023-02-28,37,0.10136986301369863,14.649999618530273,14.740395244544025,-0.0065739873571036365,0.060682644862732116
2023-03-01,23,0.06301369863013699,14.680000305175781,14.697555663399857,0.0715740747392126,0.01896658358589797
2023-03-01,30,0.0821917808219178,14.680000305175781,14.698273443702055,0.030454673439661205,0.015135212911011869
2023-03-01,36,0.09863013698630137,14.680000305175781,14.704751570334121,0.015219494383764477,0.01708031347091536
2023-03-02,22,0.06027397260273973,15.010000228881836,15.020053457079793,0.044301741327364426,0.011108351858285646
2023-03-02,29,0.07945205479452055,15.010000228881836,15.041680584850786,0.004195547358169897,0.026536662954855197
2023-03-02,35,0.0958904109589041,15.010000228881836,15.04608810148139,-0.005213226119222803,0.02504285546574203
2023-03-02,43,0.1178082191780822,15.010000228881836,15.07080331371973,0.029761488349160207,0.034315566782700715
2023-03-02,50,0.136986301369863,15.010000228881836,15.059118227759686,0.014614605544358217,0.023849166795240472
2023-03-02,78,0.2136986301369863,15.010000228881836,15.110212406136835,0.05175985015133562,0.03113811543704942
2023-03-02,169,0.46301369863013697,15.010000228881836,15.227295862045365,0.031545827903498865,0.031042141760876156
2023-03-02,323,0.8849315068493151,15.010000228881836,15.437499736125266,0.04613012887257585,0.03173458757400045
2023-03-03,21,0.057534246575342465,15.680000305175781,15.712250650955715,0.11519981380925227,0.035712120309903596
2023-03-03,28,0.07671232876712329,15.680000305175781,15.7140827641897,-0.029986929928319875,0.028304019673057262
2023-03-03,34,0.09315068493150686,15.680000305175781,15.728516898883807,-0.008454772223175738,0.03316554639715752
2023-03-03,42,0.11506849315068493,15.680000305175781,15.733916184496296,0.04541425254022658,0.029831054383362036
2023-03-03,49,0.13424657534246576,15.680000305175781,15.752887975183869,0.03359584559841097,0.034545965656953684
2023-03-03,77,0.21095890410958903,15.680000305175781,15.804238038267846,0.04285555088405899,0.03741060366254141
2023-03-03,168,0.4602739726027397,15.680000305175781,15.936540295058247,0.050553866341877786,0.035258500167001154
2023-03-03,322,0.8821917808219178,15.680000305175781,16.138817534919802,0.03160912623123436,0.03269284908769164
2023-03-06,25,0.0684931506849315,15.170000076293945,15.170308173174478,0.12217632818413572,0.00029651738663513644
2023-03-06,31,0.08493150684931507,15.170000076293945,15.169755606453917,0.021605765413186224,-0.00018974676285509636
2023-03-06,39,0.10684931506849316,15.170000076293945,15.167889758767679,0.006241539838096433,-0.0013020290967407535
2023-03-06,46,0.12602739726027398,15.170000076293945,15.196177082969665,0.04775176446665692,0.013680280377724677
2023-03-06,74,0.20273972602739726,15.170000076293945,15.252143269441596,0.04210495426859397,0.026636304353655393
2023-03-06,165,0.4520547945205479,15.170000076293945,15.365208589780796,0.0379289696088222,0.028284121527466274
2023-03-06,319,0.873972602739726,15.170000076293945,15.574359195566299,0.028968819644984756,0.03009948162349026
2023-03-07,24,0.06575342465753424,14.649999618530273,14.68469069182105,0.020291046907897774,0.035970630449325885
2023-03-07,30,0.0821917808219178,14.649999618530273,14.698129393303462,-0.04654944035927697,0.03990574330224866
2023-03-07,38,0.10410958904109589,14.649999618530273,14.708647148057215,0.040105847800303226,0.03837545432276254
2023-03-08,23,0.06301369863013699,15.8100004196167,15.854989963815859,0.07423177136680402,0.04509491255440559
2023-03-08,29,0.07945205479452055,15.8100004196167,15.858598693414999,0.011447126601359542,0.03862933164866738
2023-03-08,37,0.10136986301369863,15.8100004196167,15.868014260667763,0.0011955559209429897,0.03613227330339876
2023-03-08,44,0.12054794520547946,15.8100004196167,15.88721048288815,0.058272517313654904,0.04041326153691337
2023-03-08,72,0.19726027397260273,15.8100004196167,15.929435550013283,0.04071873103850667,0.038152701686184703
2023-03-08,163,0.4465753424657534,15.8100004196167,16.06471491746675,0.060141223319468556,0.0357891884324752
2023-03-08,317,0.8684931506849315,15.8100004196167,16.279069608123628,0.03804276823995648,0.03366466595331434
2023-03-09,22,0.06027397260273973,14.90999984741211,14.928291742100283,-0.11847736356120214,0.02034159355126141
2023-03-09,28,0.07671232876712329,14.90999984741211,14.953441919981218,-0.030381051683597136,0.0379258927925574
2023-03-09,36,0.09863013698630137,14.90999984741211,14.974693304904003,-0.09921214232392311,0.043896773415340574
2023-03-09,43,0.1178082191780822,14.90999984741211,14.938383874398397,0.0853108064038543,0.016143872809204884
2023-03-09,50,0.136986301369863,14.90999984741211,15.002248073070453,0.0844368633853969,0.04502598293571257
2023-03-09,71,0.19452054794520549,14.90999984741211,15.006082102511037,0.06987399803357512,0.03302208402102745
2023-03-09,162,0.4438356164383562,14.90999984741211,15.134078122727361,0.03519615093212464,0.03360909136438493
2023-03-09,316,0.8657534246575342,14.90999984741211,15.413436782926869,0.038163099819178994,0.038356797536192075
2023-03-10,21,0.057534246575342465,14.050000190734863,14.019428261880124,-0.014478357513032157,-0.03786108082881876
2023-03-10,27,0.07397260273972603,14.050000190734863,14.018813629301281,-0.05396642961369096,-0.030040192254443487
2023-03-10,35,0.0958904109589041,14.050000190734863,14.039444380336334,1.7367060170922106e-14,-0.007837964017475088
2023-03-10,42,0.11506849315068493,14.050000190734863,14.069626643253685,0.07856809179649583,0.012131259566282828
2023-03-10,49,0.13424657534246576,14.050000190734863,14.058892787008446,0.07110375640063461,0.004713153977477739
2023-03-10,70,0.1917808219178082,14.050000190734863,14.113590298907734,0.07351574937210681,0.023546540076514907
2023-03-10,161,0.4410958904109589,14.050000190734863,14.215920354057035,-0.011307202352274184,0.026615706879619606
2023-03-10,315,0.863013698630137,14.050000190734863,14.383495312157779,-0.03425053614073007,0.02718262878521579
2023-03-13,24,0.06575342465753424,14.020000457763672,14.108907051686801,0.002536260791266734,0.09613779831416168
2023-03-13,32,0.08767123287671233,14.020000457763672,14.11469048651995,0.13577868873847024,0.07677796928316923
2023-03-13,39,0.10684931506849316,14.020000457763672,14.077193028162725,0.023426709159078542,0.03810092559053647
2023-03-13,46,0.12602739726027398,14.020000457763672,14.115000274940678,0.038444363239842475,0.05358491148490574
2023-03-13,67,0.18356164383561643,14.020000457763672,14.144225879518084,0.04650391384231815,0.048057760405634135
2023-03-13,158,0.4328767123287671,14.020000457763672,14.284851474107125,0.015064794585093303,0.043233381482757
2023-03-13,312,0.8547945205479452,14.020000457763672,14.366492216656535,0.053865569231239266,0.028560842204386587
2023-03-14,23,0.06301369863013699,15.220000267028809,15.19656604153016,0.12940655660075667,-0.02445319038841364
2023-03-14,31,0.08493150684931507,15.220000267028809,15.198510760211231,0.22840817811774672,-0.016636031553044058
2023-03-14,38,0.10410958904109589,15.220000267028809,15.254094259251053,-0.07177082795721318,0.02149247806197685
2023-03-14,45,0.1232876712328767,15.220000267028809,15.216754119175038,0.06019561142931476,-0.001730136248482334
2023-03-14,66,0.18082191780821918,15.220000267028809,15.289434174829506,0.008301476365752201,0.025171965372857878
2023-03-14,157,0.4301369863013699,15.220000267028809,15.361515847329244,-0.06646116868646688,0.02151649624180087
2023-03-14,311,0.852054794520548,15.220000267028809,15.597990095204496,0.005883021692716668,0.02879121869101129
2023-03-15,22,0.06027397260273973,14.6899995803833,14.600145482545978,0.11654397236994825,-0.10179299842818992
2023-03-15,30,0.0821917808219178,14.6899995803833,14.617919259948051,0.1880011612657475,-0.05984587339298015
2023-03-15,44,0.12054794520547946,14.6899995803833,14.637277948720573,0.07081267815897485,-0.029825500830655445
2023-03-16,21,0.057534246575342465,16.420000076293945,16.418611634370684,-0.03998345023597107,-0.0014697602431503335
2023-03-16,29,0.07945205479452055,16.420000076293945,16.425424945166444,0.06653925856307151,0.004157566698690541
2023-03-16,36,0.09863013698630137,16.420000076293945,16.45022516304421,0.005071312018341881,0.01864598616877983
2023-03-16,43,0.1178082191780822,16.420000076293945,16.445349630646977,0.05885030352970312,0.013094428894325175
2023-03-16,64,0.17534246575342466,16.420000076293945,16.504531633558578,0.040062081789903,0.02928485671737179
2023-03-16,155,0.4246575342465753,16.420000076293945,16.582484762334566,0.042773065645359154,0.02318784915370327
2023-03-16,246,0.673972602739726,16.420000076293945,16.717557201893424,0.026195287534130966,0.026647059352175997
2023-03-16,309,0.8465753424657534,16.420000076293945,16.75324654221276,0.045147859001321074,0.02373321454913308
2023-03-17,20,0.0547945205479452,16.1299991607666,16.137383982756848,0.01881281101151221,0.008353513086299925
2023-03-17,28,0.07671232876712329,16.1299991607666,16.158200260535438,-0.028410812409939805,0.022771264994610983
2023-03-17,35,0.0958904109589041,16.1299991607666,16.16305996243329,0.06800778803708532,0.021353012782515838
2023-03-17,42,0.11506849315068493,16.1299991607666,16.183605650748696,0.051769854527334305,0.02883406880365612
2023-03-17,63,0.1726027397260274,16.1299991607666,16.211907163217923,0.052379146021947244,0.029345665232045466
2023-03-17,154,0.42191780821917807,16.1299991607666,16.33046986052813,0.025018114775059084,0.029275463284968516
2023-03-17,245,0.6712328767123288,16.1299991607666,16.454780196835383,0.049222390103058344,0.029699356297307015
2023-03-17,308,0.8438356164383561,16.1299991607666,16.479166514550656,0.048376608332309265,0.025379478068940826
2023-03-20,25,0.0684931506849315,16.610000610351562,16.667790749340302,0.03721055741817342,0.05070870649372006
2023-03-20,32,0.08767123287671233,16.610000610351562,16.6482343287186,-0.026239303654529006,0.02622529686490239
2023-03-20,39,0.10684931506849316,16.610000610351562,16.688588124145603,0.14000873755347673,0.04417603989041969
2023-03-20,60,0.1643835616438356,16.610000610351562,16.719298247710658,0.015227433654142778,0.03989860974073975
2023-03-20,151,0.4136986301369863,16.610000610351562,16.837563552773876,0.03653304747939075,0.032891952848992975
2023-03-20,242,0.663013698630137,16.610000610351562,16.94791656163416,0.06157052845180415,0.03037636963491109
2023-03-20,305,0.8356164383561644,16.610000610351562,16.94845371061865,0.03645108860122338,0.024139834804282563
2023-03-21,24,0.06575342465753424,16.670000076293945,16.70306478921535,0.14168127070244918,0.030135640358047704
2023-03-21,31,0.08493150684931507,16.670000076293945,16.69480601565113,0.041460504370789,0.017507668658450843
2023-03-21,38,0.10410958904109589,16.670000076293945,16.736406860773943,0.0660078473443922,0.03818761363776756
2023-03-21,59,0.16164383561643836,16.670000076293945,16.761449346841097,0.04034286076664713,0.03384519116736206
2023-03-21,150,0.410958904109589,16.670000076293945,16.877862715455766,0.04296027155597671,0.03015426434366609
2023-03-21,241,0.6602739726027397,16.670000076293945,16.968911798814045,0.05395815864144439,0.02691647950975987
2023-03-21,304,0.8328767123287671,16.670000076293945,17.020618339795615,0.03657105252044007,0.02499139551571344
2023-03-22,23,0.06301369863013699,16.239999771118164,16.42851307969337,0.5898246722603478,0.18315235007406638
2023-03-22,30,0.0821917808219178,16.239999771118164,16.39933999428388,0.4430192264011385,0.11879252440922893
2023-03-22,37,0.10136986301369863,16.239999771118164,16.455526991390197,0.3183666172192608,0.13005924114971143
2023-03-22,58,0.1589041095890411,16.239999771118164,16.37147260975268,0.1625560268790235,0.050741447485072165
2023-03-22,149,0.40821917808219177,16.239999771118164,16.46660023115905,-0.007337984808569612,0.033944461889094744
2023-03-22,240,0.6575342465753424,16.239999771118164,16.678756540946672,0.05418320975008453,0.04054317436075101
2023-03-22,303,0.8301369863013699,16.239999771118164,16.668435019704123,0.07133664518226873,0.031367704491937196
2023-03-23,22,0.06027397260273973,17.489999771118164,17.585657055013904,0.039261076332574814,0.09049268804282672
2023-03-23,29,0.07945205479452055,17.489999771118164,17.58522469974232,0.03322563050303531,0.06834018119944217
2023-03-23,36,0.09863013698630137,17.489999771118164,17.60712324375805,0.07214997844609478,0.06766972227713679
2023-03-23,43,0.1178082191780822,17.489999771118164,17.619166690458645,0.005403166299707708,0.06245786674637968
2023-03-23,57,0.15616438356164383,17.489999771118164,17.63628884102264,0.10049583227322052,0.05333718962661615
2023-03-23,148,0.4054794520547945,17.489999771118164,17.75428457428311,0.03369906044411193,0.036987312771248865
2023-03-23,239,0.6547945205479452,17.489999771118164,17.867790741968484,0.03978448993639901,0.0326368280083705
2023-03-23,302,0.8273972602739726,17.489999771118164,17.925570964113312,0.037703457817699564,0.02973053473166271
2023-03-24,21,0.057534246575342465,16.56999969482422,16.554412743106642,-0.08092296156640562,-0.01635748776349654
2023-03-24,28,0.07671232876712329,16.56999969482422,16.572677587188082,0.02372275449273463,0.00210654314508962
2023-03-24,35,0.0958904109589041,16.56999969482422,16.548804803386087,-0.015788726972538577,-0.013347853149129747
2023-03-24,42,0.11506849315068493,16.56999969482422,16.561712634808043,0.036418446882596614,-0.004347405805349525
2023-03-24,56,0.15342465753424658,16.56999969482422,16.613032669224655,0.016314951699288215,0.016905202257259035
2023-03-24,147,0.40273972602739727,16.56999969482422,16.726996624990658,0.0274644701419938,0.02341503688154561
2023-03-24,238,0.6520547945205479,16.56999969482422,16.79746836421008,0.01929091546486211,0.02090985227141881
2023-03-24,301,0.8246575342465754,16.56999969482422,16.933333375718846,0.030700937087838016,0.026302136944787564
2023-03-27,25,0.0684931506849315,15.970000267028809,16.009460176004307,0.024353784761492924,0.03603031167179726
2023-03-27,32,0.08767123287671233,15.970000267028809,16.00554629337472,-0.018994212141843634,0.02535981858878114
2023-03-27,39,0.10684931506849316,15.970000267028809,16.036758567181085,0.023426560029381784,0.03904113681962877
2023-03-27,53,0.14520547945205478,15.970000267028809,16.052182589921546,0.024146113188931326,0.035348860893124744
2023-03-27,144,0.39452054794520547,15.970000267028809,16.15959572489923,0.025475029383173028,0.029914935661405417
2023-03-27,235,0.6438356164383562,15.970000267028809,16.25063942523925,0.03534601933571574,0.027057027997103307
2023-03-27,298,0.8164383561643835,15.970000267028809,16.312020296921993,0.027873538737896088,0.025954560387452332
2023-03-28,24,0.06575342465753424,15.630000114440918,15.630522078900146,0.06095478177122207,0.0005078744005458604
2023-03-28,31,0.08493150684931507,15.630000114440918,15.631673510526447,-0.04895712308191776,0.0012605140498438293
2023-03-28,38,0.10410958904109589,15.630000114440918,15.633868783038436,0.03849779522931221,0.002377158134929788
2023-03-29,23,0.06301369863013699,17.079999923706055,17.153871841656613,0.021172807108298306,0.06848872060191381
2023-03-29,30,0.0821917808219178,17.079999923706055,17.163115830038635,-0.016210980194029834,0.059062704470029585
2023-03-29,37,0.10136986301369863,17.079999923706055,17.1761464436474,0.04734530742405714,0.055375459155817125
2023-03-29,51,0.13972602739726028,17.079999923706055,17.203117095791733,0.0394714392406607,0.051403522590695895
2023-03-29,142,0.38904109589041097,17.079999923706055,17.32515320343632,0.05718055940493684,0.03663161605555688
2023-03-29,233,0.6383561643835617,17.079999923706055,17.41836749315756,0.03164787307883546,0.030730601064633385
2023-03-29,296,0.810958904109589,17.079999923706055,17.480620157331103,0.04074156609612312,0.028589196931173493
2023-03-30,22,0.06027397260273973,17.950000762939453,17.97720640722297,0.048335224792455195,0.025126721106012894
2023-03-30,29,0.07945205479452055,17.950000762939453,17.992659243309387,0.11725298813221485,0.029875847354273493
2023-03-30,36,0.09863013698630137,17.950000762939453,18.010947895615978,0.036010700221080806,0.03436710214874279
2023-03-30,43,0.1178082191780822,17.950000762939453,18.020443451288322,-0.004628570574255152,0.03324643481055165
2023-03-30,50,0.136986301369863,17.950000762939453,18.031000041961672,-3.2418512319054566e-15,0.03286710888991195
2023-03-30,141,0.3863013698630137,17.950000762939453,18.158617225578638,0.043069061029285885,0.02991205771373304
2023-03-30,232,0.6356164383561644,17.950000762939453,18.27179468168705,0.03983158840933109,0.027954656499638072
2023-03-30,295,0.8082191780821918,17.950000762939453,18.344473033425572,0.034501982902738745,0.02689638552849691
2023-03-31,21,0.057534246575342465,18.299999237060547,18.327114326837812,0.061732893594043985,0.025734278487281163
2023-03-31,28,0.07671232876712329,18.299999237060547,18.32719423600113,0.005926637827811065,0.019357546550452655
2023-03-31,35,0.0958904109589041,18.299999237060547,18.34369306879175,0.026579135765063718,0.024870008041214153
2023-03-31,42,0.11506849315068493,18.299999237060547,18.351801178392233,0.0276953843189608,0.02456544193836346
2023-03-31,49,0.13424657534246576,18.299999237060547,18.38013701946788,-0.008508149119085328,0.03254871526653126
2023-03-31,140,0.3835616438356164,18.299999237060547,18.469653045173732,0.029967676053794825,0.02405869108549319
2023-03-31,231,0.6328767123287671,18.299999237060547,18.590673601585646,0.05629419928070433,0.024900612130607135
2023-03-31,294,0.8054794520547945,18.299999237060547,18.667421822038232,0.06929375468172329,0.024679509568383173
2023-04-03,25,0.0684931506849315,17.809999465942383,17.821371994221064,0.07629655926961514,0.009319816313695946
2023-04-03,32,0.08767123287671233,17.809999465942383,17.827535736477124,0.07908049367810938,0.011225417290787135
2023-04-03,39,0.10684931506849316,17.809999465942383,17.835165219682715,0.018168439160065424,0.013215014445275241
2023-04-03,46,0.12602739726027398,17.809999465942383,17.868275619256586,0.04376162284496007,0.025921041190466735
2023-04-03,137,0.37534246575342467,17.809999465942383,17.996956032153484,0.03891426091977662,0.027821437509405023
2023-04-03,228,0.6246575342465753,17.809999465942383,18.077120834722574,0.04464103747006953,0.023832305358685153
2023-04-03,291,0.7972602739726027,17.809999465942383,18.13506484241586,0.047940572213271714,0.022686795697289874
2023-04-04,24,0.06575342465753424,16.790000915527344,16.805335384078113,0.09245189376495232,0.013883577370731717
2023-04-04,31,0.08493150684931507,16.790000915527344,16.806666190989496,0.13925609348181686,0.01168093217699884
2023-04-04,38,0.10410958904109589,16.790000915527344,16.824542093188686,0.07011219935210784,0.019740099867402203
2023-04-04,45,0.1232876712328767,16.790000915527344,16.852483620536194,0.028438561470453674,0.030128853594678835
2023-04-04,136,0.3726027397260274,16.790000915527344,16.94219064855055,0.037839183335058486,0.02421741007152287
2023-04-04,227,0.6219178082191781,16.790000915527344,17.000000049158473,0.048976527478347257,0.01998627658838474
2023-04-04,290,0.7945205479452054,16.790000915527344,17.097686326793408,0.03509715324101853,0.022856081264461113
2023-04-05,23,0.06301369863013699,15.920000076293945,15.932496472834954,0.0662609489624497,0.01245192129656046
2023-04-05,30,0.0821917808219178,15.920000076293945,15.94551926204494,0.008113469628864164,0.019487113309916086
2023-04-05,37,0.10136986301369863,15.920000076293945,15.9466400104329,0.004933778902634057,0.016493700672237436
2023-04-05,44,0.12054794520547946,15.920000076293945,15.951490648654445,0.08756300195715339,0.01639262492542716
2023-04-05,135,0.3698630136986301,15.920000076293945,16.040795568590347,0.05324289581779186,0.020437336957580068
2023-04-05,226,0.6191780821917808,15.920000076293945,16.09743578959106,0.040889538123544934,0.01790083772167425
2023-04-05,289,0.7917808219178082,15.920000076293945,16.165803097287082,0.04499624993975091,0.01935119613060388
2023-04-06,22,0.06027397260273973,15.65999984741211,15.681133519116091,-0.03214547582940895,0.022374869156145543
2023-04-06,29,0.07945205479452055,15.65999984741211,15.69302763996861,-0.006100573256850094,0.0265170426928263
2023-04-06,36,0.09863013698630137,15.65999984741211,15.701485272888581,0.003072941177667489,0.026823752965635238
2023-04-06,43,0.1178082191780822,15.65999984741211,15.718592871746893,0.042548381148741994,0.031700591235766615
2023-04-06,50,0.136986301369863,15.65999984741211,15.738446080959147,0.03414627570323368,0.03647688154534303
2023-04-06,134,0.36712328767123287,15.65999984741211,15.790591681619986,0.03150627040867947,0.02262078965221238
2023-04-06,225,0.6164383561643836,15.65999984741211,15.883838423489669,0.016303862535358846,0.023023324190572986
2023-04-06,288,0.7890410958904109,15.65999984741211,15.932816574909394,0.041873463653007655,0.02188889404795705
2023-04-10,25,0.0684931506849315,16.389999389648438,16.464043677135148,0.10567796515507066,0.06580915630023501
2023-04-10,32,0.08767123287671233,16.389999389648438,16.4675802235206,0.030457397585587784,0.05386325110990467
2023-04-10,39,0.10684931506849316,16.389999389648438,16.47212458023779,0.04221072534258077,0.04677781349457569
2023-04-10,46,0.12602739726027398,16.389999389648438,16.49176190420493,0.025045786457587885,0.049113306396517425
2023-04-10,130,0.3561643835616438,16.389999389648438,16.568216640669657,0.06102346813604399,0.030364755263794483
2023-04-10,221,0.6054794520547945,16.389999389648438,16.617346755195204,0.033366309626101244,0.022751852990194436
2023-04-10,284,0.7780821917808219,16.389999389648438,16.695652254508232,0.029247649116432677,0.023746830559291245
2023-04-11,24,0.06575342465753424,16.209999084472656,16.21510995406975,-0.04785390262849493,0.004794297469106597
2023-04-11,31,0.08493150684931507,16.209999084472656,16.219438858560522,0.023572183089247446,0.006854619589645412
2023-04-11,38,0.10410958904109589,16.209999084472656,16.238071383121873,0.043321303861711125,0.01661990246942887
2023-04-11,45,0.1232876712328767,16.209999084472656,16.235955741000918,0.02560250057749151,0.01297772688277727
2023-04-11,129,0.35342465753424657,16.209999084472656,16.332827617478717,0.032726965970038074,0.02135891579339775
2023-04-11,220,0.6027397260273972,16.209999084472656,16.409326639164934,0.05910887411003895,0.020276731227260522
2023-04-11,283,0.7753424657534247,16.209999084472656,16.46464631382559,0.012962590181475636,0.02010357477630491
2023-04-12,23,0.06301369863013699,15.329999923706055,15.342432320160617,-0.021145621263823012,0.012864759832552653
2023-04-12,30,0.0821917808219178,15.329999923706055,15.351542887367435,0.010142670620293922,0.017085588072790033
2023-04-12,44,0.12054794520547946,15.329999923706055,15.3698832816144,0.042970646455769784,0.021553878011070993
2023-04-13,22,0.06027397260273973,15.670000076293945,15.711455581865632,0.019115193055402883,0.0438338445375112
2023-04-13,29,0.07945205479452055,15.670000076293945,15.717906667442653,0.036668037727932666,0.03842006674947864
2023-04-13,36,0.09863013698630137,15.670000076293945,15.718451489437056,0.05591775072418723,0.03130093139540969
2023-04-13,43,0.1178082191780822,15.670000076293945,15.736486077082096,0.008750377938843566,0.035938993873204095
2023-04-13,50,0.136986301369863,15.670000076293945,15.755549399182987,0.06532792169140712,0.03974546890890498
2023-04-13,127,0.34794520547945207,15.670000076293945,15.812658175648904,0.03615182632130151,0.026046366673143778
2023-04-13,218,0.5972602739726027,15.670000076293945,15.897436129427703,0.042390112574933844,0.02412647533035958
2023-04-13,281,0.7698630136986301,15.670000076293945,15.943152384099612,0.042916574847210835,0.022447315810912128
2023-04-14,21,0.057534246575342465,15.579999923706055,15.608135072285666,-0.03183635760255064,0.03135909283516841
2023-04-14,28,0.07671232876712329,15.579999923706055,15.61051869621242,-0.004343784959010972,0.025509939770639194
2023-04-14,42,0.11506849315068493,15.579999923706055,15.632931168702502,0.04647327045428018,0.029474845791507463
2023-04-14,49,0.13424657534246576,15.579999923706055,15.641096422509243,0.028609234294333333,0.029153822697837572
2023-04-17,25,0.0684931506849315,15.579999923706055,15.61836961989572,0.07318315726911985,0.035911995082359996
2023-04-17,39,0.10684931506849316,15.579999923706055,15.643784303541752,0.06574316560977554,0.03823733865355419
2023-04-17,46,0.12602739726027398,15.579999923706055,15.647305029536946,0.034459246425503826,0.03420418194868387
2023-04-18,24,0.06575342465753424,15.779999732971191,15.824197809833395,0.04060884987391263,0.04253735744509412
2023-04-18,31,0.08493150684931507,15.779999732971191,15.834503567245443,0.03537605928027479,0.040597780302171566
2023-04-18,38,0.10410958904109589,15.779999732971191,15.844654894925553,0.01573056232050341,0.03927509834691572
2023-04-18,45,0.1232876712328767,15.779999732971191,15.848573504163406,0.0473293760436928,0.035171384102184323
2023-04-18,122,0.33424657534246577,15.779999732971191,15.904374318396995,0.05129766718485453,0.023488310239125683
2023-04-18,213,0.5835616438356165,15.779999732971191,15.974359074052732,0.04338485041326787,0.020977356089506752
2023-04-18,276,0.7561643835616438,15.779999732971191,16.036082364127044,0.04028112679272906,0.021289064683240943
2023-04-19,23,0.06301369863013699,15.260000228881836,15.304688915742867,0.0549172349572991,0.04640587264739732
2023-04-19,30,0.0821917808219178,15.260000228881836,15.300450675583578,0.01826368377220299,0.03220812353102838
2023-04-19,37,0.10136986301369863,15.260000228881836,15.323400356564653,0.05395577441910873,0.04090026458503516
2023-04-19,44,0.12054794520547946,15.260000228881836,15.339843095683138,0.031734241710732546,0.04329005010995847
2023-04-19,121,0.3315068493150685,15.260000228881836,15.385432468027844,0.03489109609690302,0.02469353879050832
2023-04-19,212,0.5808219178082191,15.260000228881836,15.465822622344746,0.021656657751596,0.023066547556058047
2023-04-19,275,0.7534246575342466,15.260000228881836,15.487179328547265,0.03360360359582524,0.01961377366597154
2023-04-20,22,0.06027397260273973,15.199999809265137,15.22416010716379,0.10262706948945931,0.02635020269459271
2023-04-20,29,0.07945205479452055,15.199999809265137,15.24962254088827,0.08207821385141005,0.04102267756927777
2023-04-20,36,0.09863013698630137,15.199999809265137,15.228417869872962,0.07803115282712059,0.018938062816788722
2023-04-20,43,0.1178082191780822,15.199999809265137,15.221623760331903,0.08388207952448151,0.012067217469133917
2023-04-20,57,0.15616438356164383,15.199999809265137,15.243338370290441,0.035316550899531375,0.018231840511277318
2023-04-20,120,0.3287671232876712,15.199999809265137,15.304588983831227,0.02596446580659338,0.02085762602594662
2023-04-20,211,0.5780821917808219,15.199999809265137,15.355735244280273,0.01825966670786264,0.01763351412752799
2023-04-20,274,0.7506849315068493,15.199999809265137,15.452405195729087,0.030996563695539596,0.021938967110362695
2023-04-21,21,0.057534246575342465,14.859999656677246,14.881848142921895,0.05512765331136278,0.025536245755965064
2023-04-21,28,0.07671232876712329,14.859999656677246,14.887887862982964,0.013042301823762929,0.024441587363506812
2023-04-21,35,0.0958904109589041,14.859999656677246,14.899564809197676,0.04528875424504836,0.027729455699343142
2023-04-21,42,0.11506849315068493,14.859999656677246,14.911365443686545,0.08441614621090138,0.029988117135180375
2023-04-21,56,0.15342465753424658,14.859999656677246,14.934574698668655,0.042504711108645274,0.032628120770219614
2023-04-21,119,0.32602739726027397,14.859999656677246,14.9796126118708,0.05883792835691226,0.02459026842686003
2023-04-21,210,0.5753424657534246,14.859999656677246,15.037793796982479,0.036888496582605484,0.020672213948290545
2023-04-21,273,0.7479452054794521,14.859999656677246,15.088082742561742,0.04763339279336237,0.020365387165629918
2023-04-24,25,0.0684931506849315,14.630000114440918,14.674353811769462,0.03898585230477702,0.044195785862892335
2023-04-24,32,0.08767123287671233,14.630000114440918,14.675851190832555,0.09161677931757777,0.035691798295370766
2023-04-24,39,0.10684931506849316,14.630000114440918,14.683625348093901,0.10036523949998513,0.034241943034292996
2023-04-25,24,0.06575342465753424,13.199999809265137,13.21563729153349,-0.00543113371106686,0.018006006798482622
2023-04-25,31,0.08493150684931507,13.199999809265137,13.232578841074943,-0.05314374247787326,0.02902418454629027
2023-04-25,38,0.10410958904109589,13.199999809265137,13.253758961020825,0.0228964021896829,0.039039556917564326
2023-04-26,23,0.06301369863013699,13.369999885559082,13.413043502591064,0.052986951157797,0.051008697247847165
2023-04-26,30,0.0821917808219178,13.369999885559082,13.410682413975959,0.004346148250740491,0.036964789590631805
2023-04-26,37,0.10136986301369863,13.369999885559082,13.418005057577393,0.1407513080748833,0.03535649950174084
2023-04-27,22,0.06027397260273973,13.539999961853027,13.557132634328564,0.03163221400759519,0.02097983234161128
2023-04-27,29,0.07945205479452055,13.539999961853027,13.585584534786292,0.05104725126357561,0.042302307358182495
2023-04-27,36,0.09863013698630137,13.539999961853027,13.595275033721393,0.02295958731222666,0.04130627658994617
2023-04-27,43,0.1178082191780822,13.539999961853027,13.604797926914385,0.08531073826293989,0.04052564954235095
2023-04-28,21,0.057534246575342465,14.229999542236328,14.271250053878344,-2.9599586571869786e-07,0.050311736455455267
2023-04-28,28,0.07671232876712329,14.229999542236328,14.276782496253121,-0.04492666448530386,0.04278629335833416
2023-04-28,35,0.0958904109589041,14.229999542236328,14.284925170852272,-0.022323274336953972,0.04017521038226452
2023-04-28,42,0.11506849315068493,14.229999542236328,14.283871011351398,0.031093263343389944,0.03283800253296958
2023-05-01,25,0.0684931506849315,14.65999984741211,14.703258849349782,0.11481661200673873,0.04301851451476196
2023-05-01,32,0.08767123287671233,14.65999984741211,14.710485443834095,-0.003801491478077928,0.03921296469119263
2023-05-01,39,0.10684931506849316,14.65999984741211,14.722969211928296,0.07831864661498428,0.04011368414960202
2023-05-02,24,0.06575342465753424,14.350000381469727,14.389370678766582,0.010143046492132978,0.041668064205046214
2023-05-02,31,0.08493150684931507,14.350000381469727,14.408292825272415,0.07678218592023003,0.04773214118053516
2023-05-02,38,0.10410958904109589,14.350000381469727,14.422944696925304,-0.02078868010356607,0.0487020598666694
2023-05-03,23,0.06301369863013699,13.84000015258789,13.882478378346368,-0.07727025252905326,0.04863284506182516
2023-05-03,30,0.0821917808219178,13.84000015258789,13.896927480335991,0.004346407339650408,0.04994185387929821
2023-05-03,37,0.10136986301369863,13.84000015258789,13.901358143990759,0.007048618910813496,0.043638042097648114
2023-05-04,22,0.06027397260273973,13.600000381469727,13.631429608470253,-0.11220080958733215,0.038296900286697994
2023-05-04,29,0.07945205479452055,13.600000381469727,13.648859454275412,-0.09106997529760243,0.04513591114310678
2023-05-04,36,0.09863013698630137,13.600000381469727,13.662572322107064,-0.08054919229823963,0.04654080702930035
2023-05-04,50,0.136986301369863,13.600000381469727,13.651084245951811,-0.03381469716985528,0.027368646248122623
2023-05-05,21,0.057534246575342465,14.470000267028809,14.506702393152718,0.09294647147254917,0.044029733476383885
2023-05-05,28,0.07671232876712329,14.470000267028809,14.534490454410262,0.017393518895034654,0.05796875045172632
2023-05-05,35,0.0958904109589041,14.470000267028809,14.531911356702986,0.0802605308173109,0.04452432032833511
2023-05-05,49,0.13424657534246576,14.470000267028809,14.539649313296334,0.03858591636666406,0.03576846522526825
2023-05-08,25,0.0684931506849315,14.649999618530273,14.69383065734263,-0.046160529936544556,0.0436162311855668
2023-05-08,32,0.08767123287671233,14.649999618530273,14.698657117444956,-0.01329956770765931,0.037821158937083765
2023-05-08,46,0.12602739726027398,14.649999618530273,14.689216315284593,0.0371153673190363,0.021212301610379656
2023-05-09,24,0.06575342465753424,13.9399995803833,13.962241090502264,-0.0076019267975662545,0.02424582135599361
2023-05-09,31,0.08493150684931507,13.9399995803833,13.972185122730135,0.015709291303939523,0.027153659023247956
2023-05-09,38,0.10410958904109589,13.9399995803833,13.96791985483786,0.02404297192410165,0.019219037354056893
2023-05-09,45,0.1232876712328767,13.9399995803833,13.960882952236517,0.04745334242174968,0.012142080517342118
2023-05-09,101,0.27671232876712326,13.9399995803833,14.002006998787696,0.012670775895393551,0.016039405204340735
2023-05-09,192,0.5260273972602739,13.9399995803833,14.07505064460796,0.026802800830251248,0.018328697392369232
2023-05-09,255,0.6986301369863014,13.9399995803833,14.10216710922961,0.0450748679724979,0.01655540667532222
2023-05-10,23,0.06301369863013699,14.3100004196167,14.366916762367957,0.005668528551169746,0.0629941352141354
2023-05-10,30,0.0821917808219178,14.3100004196167,14.374312334766048,0.05516436231029397,0.0545568549695413
2023-05-10,44,0.12054794520547946,14.3100004196167,14.367335984674058,0.03265341369552676,0.033170807833132164
2023-05-11,22,0.06027397260273973,14.069999694824219,14.072054119658892,-0.03866705614335474,0.0024223374705633553
2023-05-11,29,0.07945205479452055,14.069999694824219,14.084225749962453,0.05044553749407143,0.01271937591613983
2023-05-11,36,0.09863013698630137,14.069999694824219,14.091457272849865,0.050821798955555435,0.0154506240055886
2023-05-11,43,0.1178082191780822,14.069999694824219,14.078247282366242,0.0510838937183267,0.004974277367017649
2023-05-11,50,0.136986301369863,14.069999694824219,14.073229356070257,0.045156085700867835,0.0016754671013013772
2023-05-11,99,0.27123287671232876,14.069999694824219,14.134538170635743,0.014777122720930905,0.016872838122505392
2023-05-11,190,0.5205479452054794,14.069999694824219,14.17148668633416,0.028059509094319215,0.013806829336315194
2023-05-11,253,0.6931506849315069,14.069999694824219,14.218181825387852,0.05514106099370834,0.015114615928305937
2023-05-12,21,0.057534246575342465,14.020000457763672,14.019986682736747,-0.011583636885095916,-1.707726083037383e-05
2023-05-12,28,0.07671232876712329,14.020000457763672,14.028451901242713,0.05442848059972381,0.007855735098586041
2023-05-12,35,0.0958904109589041,14.020000457763672,14.033182518704587,0.05751502572751439,0.009800675690263773
2023-05-12,42,0.11506849315068493,14.020000457763672,14.010062052936009,0.053757105893490614,-0.0061626315754694785
2023-05-12,49,0.13424657534246576,14.020000457763672,14.01287867447616,0.05857975491868622,-0.0037848427382160803
2023-05-12,98,0.2684931506849315,14.020000457763672,14.06494166293071,0.054400368218100445,0.011919782651431529
2023-05-12,189,0.5178082191780822,14.020000457763672,14.121951183463382,0.031149071563488208,0.013992620801392726
2023-05-12,252,0.6904109589041096,14.020000457763672,14.176891463115998,0.03222075610105622,0.0161184622906386
2023-05-15,25,0.0684931506849315,15.109999656677246,15.15675040408325,0.16395045526713087,0.0451030555702554
2023-05-15,32,0.08767123287671233,15.109999656677246,15.160443982568902,0.10312151233469255,0.03801603515853032
2023-05-15,39,0.10684931506849316,15.109999656677246,15.138610579044654,0.01873652471983463,0.017704546859483458
2023-05-15,46,0.12602739726027398,15.109999656677246,15.135804544582344,0.014560312362566791,0.01353947966383407
2023-05-15,95,0.2602739726027397,15.109999656677246,15.210259050678992,0.060018885574498436,0.025409318111100438
2023-05-15,186,0.5095890410958904,15.109999656677246,15.269743578959105,0.04968298718237158,0.020637361102328708
2023-05-15,249,0.6821917808219178,15.109999656677246,15.277664100117027,0.03560959262253568,0.016176016437382288
2023-05-16,24,0.06575342465753424,15.050000190734863,15.085712691859122,0.027907265361589738,0.03604546390718264
2023-05-16,31,0.08493150684931507,15.050000190734863,15.072325458209296,0.053103886250464714,0.017452973017936718
2023-05-16,38,0.10410958904109589,15.050000190734863,15.08941878710236,-0.06223192559519641,0.025124983835149682
2023-05-16,45,0.1232876712328767,15.050000190734863,15.090165309439016,0.014883971729085649,0.02161792598296088
2023-05-16,94,0.25753424657534246,15.050000190734863,15.115577830747167,0.01946371420642613,0.016882619113156166
2023-05-16,185,0.5068493150684932,15.050000190734863,15.231524381073495,0.065186359895396,0.023654463673364635
2023-05-16,248,0.6794520547945205,15.050000190734863,15.212398623345974,0.023738749599235973,0.015796243915944908
2023-05-17,23,0.06301369863013699,16.139999389648438,16.204890625334567,0.03851905689510188,0.0636760290673813
2023-05-17,30,0.0821917808219178,16.139999389648438,16.19000000953674,-1.0806170773018187e-14,0.03763324290997847
2023-05-17,37,0.10136986301369863,16.139999389648438,16.1914254453844,0.012563509709963122,0.03138194625111988
2023-05-17,44,0.12054794520547946,16.139999389648438,16.19641878344909,0.012578474052810443,0.028947237703990998
2023-05-17,93,0.2547945205479452,16.139999389648438,16.25682506925288,0.04341120338279561,0.028305945587570304
2023-05-17,184,0.5041095890410959,16.139999389648438,16.342479592800473,0.03199565791756749,0.024731135907165535
2023-05-17,247,0.6767123287671233,16.139999389648438,16.36757866797499,0.04729746461727328,0.020690982051229205
2023-05-18,22,0.06027397260273973,17.670000076293945,17.727353148307646,0.10793977071836437,0.05376336645883734
2023-05-18,29,0.07945205479452055,17.670000076293945,17.72818452670122,0.03781533603424548,0.04137625693121019
2023-05-18,36,0.09863013698630137,17.670000076293945,17.72032549313549,0.05978075562365498,0.028835233661051157
2023-05-18,43,0.1178082191780822,17.670000076293945,17.735455091867546,0.026277848104136227,0.03138539854313883
2023-05-18,64,0.17534246575342466,17.670000076293945,17.76541959524962,0.06308204240106152,0.030714509064888883
2023-05-18,92,0.25205479452054796,17.670000076293945,17.794665380190278,0.02587214722222634,0.027892442996907293
2023-05-18,183,0.5013698630136987,17.670000076293945,17.890853979409503,0.02105325520355324,0.024774805314133248
2023-05-18,246,0.673972602739726,17.670000076293945,17.92802058093038,0.04137447459243899,0.021509173765596676
2023-05-19,21,0.057534246575342465,17.389999389648438,17.41282566435072,0.03479683085832849,0.022799439408057093
2023-05-19,28,0.07671232876712329,17.389999389648438,17.41323971973312,0.03916479269186758,0.017409548977173363
2023-05-19,35,0.0958904109589041,17.389999389648438,17.41949638358266,0.06148850436905018,0.017674003886921804
2023-05-19,42,0.11506849315068493,17.389999389648438,17.420433821269782,0.022149254625355563,0.015196005701164396
2023-05-19,63,0.1726027397260274,17.389999389648438,17.437845925176223,0.037781756877215064,0.01591865878704328
2023-05-19,91,0.2493150684931507,17.389999389648438,17.452830269982154,-0.0279791784162738,0.014465773658183462
2023-05-19,182,0.4986301369863014,17.389999389648438,17.586312284934685,0.042563845264445205,0.02251286933076536
2023-05-19,245,0.6712328767123288,17.389999389648438,17.632390513827747,0.041543386522852346,0.02062218337880267
2023-05-22,25,0.0684931506849315,17.530000686645508,17.587142966883835,0.05451938521903252,0.04751400262109687
2023-05-22,32,0.08767123287671233,17.530000686645508,17.572384579661982,0.01764148439650613,0.027544653218771125
2023-05-22,39,0.10684931506849316,17.530000686645508,17.57669131917925,0.040073858230048214,0.0248942104973743
2023-05-22,60,0.1643835616438356,17.530000686645508,17.61100776266387,0.009566763830784824,0.0280466577608069
2023-05-22,88,0.2410958904109589,17.530000686645508,17.63838949443169,0.026749995906061697,0.025566631582525704
2023-05-22,179,0.4904109589041096,17.530000686645508,17.740470873095777,0.039709887513622616,0.024336286180285965
2023-05-22,242,0.663013698630137,17.530000686645508,17.775726129862992,0.050389620411213774,0.02099517395883228
2023-05-23,24,0.06575342465753424,16.920000076293945,16.945473887751728,0.036913986046850894,0.022879602358429632
2023-05-23,31,0.08493150684931507,16.920000076293945,16.939084491057574,0.03644940635791987,0.013272870182492902
2023-05-23,38,0.10410958904109589,16.920000076293945,16.941162228867714,0.008153288629053937,0.01200597127122895
2023-05-23,59,0.16164383561643836,16.920000076293945,16.977811489820727,0.052809603658922094,0.021101493608005305
2023-05-23,87,0.23835616438356164,16.920000076293945,17.011088699283622,0.03369826016980191,0.022525321178775683
2023-05-23,178,0.4876712328767123,16.920000076293945,17.10732722466777,0.06457334500153031,0.022577722393733575
2023-05-23,241,0.6602739726027397,16.920000076293945,17.15897448412452,0.03834447205432818,0.02124113954413598
2023-05-24,23,0.06301369863013699,16.030000686645508,16.053996876432652,0.031770565686405336,0.02373826198266718
2023-05-24,30,0.0821917808219178,16.030000686645508,16.045279272074335,0.07526009418879433,0.011590824482225034
2023-05-24,37,0.10136986301369863,16.030000686645508,16.05341352401206,0.01480878483114235,0.014397751823193495
2023-05-24,58,0.1589041095890411,16.030000686645508,16.07414934120974,0.09830702393979485,0.01730818135159092
2023-05-24,86,0.2356164383561644,16.030000686645508,16.12185300075357,0.0298138460674504,0.02424988457731875
2023-05-24,177,0.4849315068493151,16.030000686645508,16.21079421403277,0.037456739540173055,0.023127638122113096
2023-05-24,240,0.6575342465753424,16.030000686645508,16.232939924400892,0.03928400107941286,0.019132839238883436
2023-05-25,22,0.06027397260273973,19.149999618530273,19.207299968307435,0.0779159933688443,0.04956895357298648
2023-05-25,29,0.07945205479452055,19.149999618530273,19.21063103849225,0.06626264236991579,0.0397866363755836
2023-05-25,36,0.09863013698630137,19.149999618530273,19.21743995257322,0.06214987457068584,0.03564328322903996
2023-05-25,43,0.1178082191780822,19.149999618530273,19.249559669558888,0.01802469533659538,0.0440163724836542
2023-05-25,57,0.15616438356164383,19.149999618530273,19.224065043653837,0.060662665285328814,0.024718736083207547
2023-05-25,85,0.2328767123287671,19.149999618530273,19.281260492227382,0.05743301491523911,0.02933298696131205
2023-05-25,176,0.4821917808219178,19.149999618530273,19.423912918685353,0.029840164720571407,0.0294535007521487
2023-05-25,239,0.6547945205479452,19.149999618530273,19.46568597903026,0.04426971212012895,0.024970469189753784
2023-05-26,21,0.057534246575342465,22.8799991607666,22.93301271437036,0.04197927424294331,0.04022553524843891
2023-05-26,28,0.07671232876712329,22.8799991607666,22.92568047273657,-0.06575108528315461,0.026000650278373578
2023-05-26,35,0.0958904109589041,22.8799991607666,22.93723195715084,0.026918425658602422,0.02605380556744398
2023-05-26,42,0.11506849315068493,22.8799991607666,22.964789099057082,0.018273115347197656,0.03214610899353356
2023-05-26,56,0.15342465753424658,22.8799991607666,22.95917399141502,-0.035287147827805815,0.022515709301562995
2023-05-26,84,0.23013698630136986,22.8799991607666,23.024144813999374,0.06945551802172162,0.027289442223216696
2023-05-26,175,0.4794520547945205,22.8799991607666,23.18104912507395,0.03152285145250745,0.027264388274924476
2023-05-26,238,0.6520547945205479,22.8799991607666,23.25664535307978,0.040232803535195566,0.02504050754227385
2023-05-30,24,0.06575342465753424,22.8700008392334,22.876215261926905,0.05903239723562339,0.004131970704175033
2023-05-30,31,0.08493150684931507,22.8700008392334,22.87484132050401,0.017593479787619697,0.0024917678527000132
2023-05-30,38,0.10410958904109589,22.8700008392334,22.877452396118002,0.06311206416184506,0.0031290994529201643
2023-05-30,52,0.14246575342465753,22.8700008392334,22.924869133517458,0.07941396656375255,0.016819936556737712
2023-05-30,80,0.2191780821917808,22.8700008392334,22.963016626515145,0.06895610345270646,0.018518750698623545
2023-05-30,171,0.4684931506849315,22.8700008392334,23.11945695452772,0.02878030598565823,0.023156177749863626
2023-05-30,234,0.6410958904109589,22.8700008392334,23.163487671390257,0.026688427864542747,0.019889671934030035
2023-05-31,23,0.06301369863013699,21.149999618530273,21.13922987178459,0.02439441708908291,-0.008082965999152383
2023-05-31,30,0.0821917808219178,21.149999618530273,21.15199026514711,0.0634318304517913,0.0011450777574592312
2023-05-31,37,0.10136986301369863,21.149999618530273,21.17612951999638,0.07320989263461376,0.012180087567108002
2023-05-31,51,0.13972602739726028,21.149999618530273,21.18813310312656,0.09261362109098684,0.012892216614389062
2023-05-31,79,0.21643835616438356,21.149999618530273,21.24209570292806,0.05394141055065621,0.020074869693361516
2023-05-31,170,0.4657534246575342,21.149999618530273,21.405850169433226,0.05043004756600426,0.025817028881213067
2023-05-31,233,0.6383561643835617,21.149999618530273,21.44811770117815,0.04397060407116466,0.0219266327948979
2023-06-01,22,0.06027397260273973,22.15999984741211,22.170728390883628,0.08962497290729458,0.008030379827375965
2023-06-01,29,0.07945205479452055,22.15999984741211,22.181466551530594,0.10147343897686446,0.012186534297244327
2023-06-01,36,0.09863013698630137,22.15999984741211,22.204934723502966,0.05987393027017322,0.020538286649931254
2023-06-01,43,0.1178082191780822,22.15999984741211,22.22649106335728,0.02709429277256286,0.025431278411810723
2023-06-01,50,0.136986301369863,22.15999984741211,22.22333921774907,0.03921204477585922,0.020835643603797728
2023-06-01,78,0.2136986301369863,22.15999984741211,22.26455789687591,0.030179578808851807,0.02202740917514454
2023-06-01,169,0.46301369863013697,22.15999984741211,22.391941445236785,0.054680420052385235,0.022488065172452144
2023-06-01,232,0.6356164383561644,22.15999984741211,22.467153247071277,0.034079477166800966,0.021656979072766834
2023-06-02,21,0.057534246575342465,22.020000457763672,22.014183167287058,0.02305997622547398,-0.004592343539707567
2023-06-02,28,0.07671232876712329,22.020000457763672,22.023541674765756,0.04047219776031131,0.0020962116545242757
2023-06-02,35,0.0958904109589041,22.020000457763672,22.039290874915082,0.032671320243525946,0.00913185391412218
2023-06-02,42,0.11506849315068493,22.020000457763672,22.047966428430257,0.04980210708367667,0.01103012696162482
2023-06-02,49,0.13424657534246576,22.020000457763672,22.070503738253358,0.05339820014328841,0.017064811440838632
2023-06-02,77,0.21095890410958903,22.020000457763672,22.099185513788708,0.06391466458964,0.017015641965624547
2023-06-02,168,0.4602739726027397,22.020000457763672,22.21798351188061,0.037173129744775865,0.019446845797499154
2023-06-02,231,0.6328767123287671,22.020000457763672,22.317228853509516,0.03278611173823949,0.021185520263619015
2023-06-05,25,0.0684931506849315,20.969999313354492,21.000386245124187,0.08586655744943873,0.02114106294010737
2023-06-05,32,0.08767123287671233,20.969999313354492,21.0071392558126,0.05350246559531135,0.020183728269371252
2023-06-05,39,0.10684931506849316,20.969999313354492,21.01829199637409,0.1106969874577016,0.021528391239683052
2023-06-05,46,0.12602739726027398,20.969999313354492,21.028849681282573,0.07688567452378267,0.022237046621654218
2023-06-05,74,0.20273972602739726,20.969999313354492,21.086893365550967,0.06739835080532652,0.02741873981680544
2023-06-05,165,0.4520547945205479,20.969999313354492,21.21897825208265,0.047917964307931625,0.02611004189816964
2023-06-05,228,0.6246575342465753,20.969999313354492,21.28205109350198,0.04053066223180876,0.023646931033373855
2023-06-06,24,0.06575342465753424,21.729999542236328,21.70394013051075,-0.01943185744953375,-0.018249335452144713
2023-06-06,31,0.08493150684931507,21.729999542236328,21.716566156573084,0.006066718790140801,-0.007281003011650935
2023-06-06,38,0.10410958904109589,21.729999542236328,21.779014754793067,0.46716487193258266,0.021641686079251387
2023-06-06,45,0.1232876712328767,21.729999542236328,21.75260500984254,0.03018301660288403,0.008433509348384324
2023-06-06,73,0.2,21.729999542236328,21.780066314054586,-0.028489807549951684,0.011506945101253638
2023-06-06,164,0.44931506849315067,21.729999542236328,21.913318763548748,0.04983520163012394,0.018696994764467335
2023-06-06,227,0.6219178082191781,21.729999542236328,21.95269785065271,0.054907461827102544,0.016394879749298125
2023-06-07,23,0.06301369863013699,21.639999389648438,21.6327768218122,0.005797861196584131,-0.0052975113876894435
2023-06-07,30,0.0821917808219178,21.639999389648438,21.65679529054659,0.05950390663856132,0.009439504210609958
2023-06-07,37,0.10136986301369863,21.639999389648438,21.67019270831115,0.07836199127377763,0.013754409401303257
2023-06-07,44,0.12054794520547946,21.639999389648438,21.675545887109156,0.06543588818633374,0.013615177564818854
2023-06-07,72,0.19726027397260273,21.639999389648438,21.70526863558955,0.0480240522328654,0.015267136708828646
2023-06-07,163,0.4465753424657534,21.639999389648438,21.830668637030016,0.038720388100202695,0.01964365865762845
2023-06-07,226,0.6191780821917808,21.639999389648438,21.892874522994695,0.03970662623099254,0.018763251145110568
2023-06-08,22,0.06027397260273973,22.280000686645508,22.273918975349204,0.022477652880565416,-0.0045293936258036
2023-06-08,29,0.07945205479452055,22.280000686645508,22.284749868721676,0.07260493297432534,0.0026825770449241592
2023-06-08,36,0.09863013698630137,22.280000686645508,22.295804846656818,0.020075148629283383,0.007189399143050916
2023-06-08,43,0.1178082191780822,22.280000686645508,22.313360846009555,0.013652842860614566,0.01270025352913456
2023-06-08,50,0.136986301369863,22.280000686645508,22.3368292700648,0.03377000563951366,0.018596071648411518
2023-06-08,71,0.19452054794520549,22.280000686645508,22.370037865684065,0.03038387065890787,0.020733142922631315
2023-06-08,162,0.4438356164383562,22.280000686645508,22.52145321363156,0.05003890614980174,0.02428575991852916
2023-06-08,225,0.6164383561643836,22.280000686645508,22.556267136036144,0.0395863069680471,0.01999146080023605
2023-06-09,21,0.057534246575342465,22.399999618530273,22.388662641561712,0.02867410285455953,-0.008798988453753615
2023-06-09,28,0.07671232876712329,22.399999618530273,22.394534796622096,0.13011189627493008,-0.003180649527931114
2023-06-09,35,0.0958904109589041,22.399999618530273,22.4042412642821,-0.0011459328052507761,0.0019745588791684914
2023-06-09,42,0.11506849315068493,22.399999618530273,22.42742739800907,0.008694727143753338,0.010634582893846257
2023-06-09,49,0.13424657534246576,22.399999618530273,22.410620137405232,0.0769321226977821,0.0035309500411511803
2023-06-09,70,0.1917808219178082,22.399999618530273,22.461710541254245,-0.005955668904404823,0.014345355296889576
2023-06-09,161,0.4410958904109589,22.399999618530273,22.57956450860723,0.011363709782277812,0.018101121047745472
2023-06-09,224,0.6136986301369863,22.399999618530273,22.65350870772044,0.037677162474253297,0.018337678106399545
2023-06-12,25,0.0684931506849315,24.600000381469727,24.59159973827729,0.05014283772292923,-0.004986598992645807
2023-06-12,32,0.08767123287671233,24.600000381469727,24.603740906107294,0.04489835932554429,0.0017342323210786921
2023-06-12,39,0.10684931506849316,24.600000381469727,24.623750030291923,-5.3127449525235096e-08,0.009031102658771398
2023-06-12,46,0.12602739726027398,24.600000381469727,24.620932966311965,0.06144866074632871,0.006748978894856056
2023-06-12,67,0.18356164383561643,24.600000381469727,24.673832820369903,0.0025947873781414416,0.016325979547033333
2023-06-12,158,0.4328767123287671,24.600000381469727,24.781560745091365,0.028362326538120812,0.016987284430757015
2023-06-12,221,0.6054794520547945,24.600000381469727,24.86516162423717,0.04080655554683661,0.01770701505037027
2023-06-13,24,0.06575342465753424,25.559999465942383,25.54329393394112,0.01221065189769794,-0.009943128566987976
2023-06-13,31,0.08493150684931507,25.559999465942383,25.568928190279262,0.029716499439012202,0.004112291587970009
2023-06-13,38,0.10410958904109589,25.559999465942383,25.58593696658844,0.034939758849502046,0.009742183176159514
2023-06-13,45,0.1232876712328767,25.559999465942383,25.598367017762104,0.08782401730871874,0.012166281123036292
2023-06-13,66,0.18082191780821918,25.559999465942383,25.628133398602053,0.05458361779027076,0.014722221565568969
2023-06-13,157,0.4301369863013699,25.559999465942383,25.779830443175456,0.04048159655534689,0.019909498784429144
2023-06-13,220,0.6027397260273972,25.559999465942383,25.838092429051652,0.03392131416462731,0.01795342948528117
2023-06-14,23,0.06301369863013699,26.639999389648438,26.58306827132849,-0.06386698447220282,-0.03395040832351317
2023-06-14,30,0.0821917808219178,26.639999389648438,26.60267288637111,0.07657901249822648,-0.01705921878807315
2023-06-14,37,0.10136986301369863,26.639999389648438,26.679133800925943,0.021161348611031694,0.014480946146002573
2023-06-14,44,0.12054794520547946,26.639999389648438,26.575697276192567,-0.11828351379181068,-0.020047300040280113
2023-06-14,65,0.1780821917808219,26.639999389648438,26.681283161693266,0.020426272569203888,0.008695376166363577
2023-06-14,156,0.4273972602739726,26.639999389648438,26.800361221131357,0.02731638276429521,0.01404207191562569
2023-06-14,219,0.6,26.639999389648438,26.838305379819236,0.003972858511426198,0.012360582480708116
2023-06-15,22,0.06027397260273973,25.950000762939453,25.933390374042297,0.09271983100624491,-0.010623109073384313
2023-06-15,29,0.07945205479452055,25.950000762939453,25.9549457144209,0.06828149155909398,0.00239815997707924
2023-06-15,36,0.09863013698630137,25.950000762939453,25.94768901802464,0.03264139623496138,-0.0009032588905270141
2023-06-15,43,0.1178082191780822,25.950000762939453,26.023075621208438,0.16321973358027586,0.02386955091096651
2023-06-15,64,0.17534246575342466,25.950000762939453,26.030996700938246,0.05217710318808558,0.01777304612388032
2023-06-15,155,0.4246575342465753,25.950000762939453,26.22815076807019,0.07042640912056417,0.025106470216553264
2023-06-15,218,0.5972602739726027,25.950000762939453,26.271559479039745,0.04545922481225583,0.020619697903769434
2023-06-15,246,0.673972602739726,25.950000762939453,26.3952424130106,0.03620688451203048,0.025241594691536265
2023-06-16,21,0.057534246575342465,25.239999771118164,25.16871318180776,0.06307773416444207,-0.049159344390851956
2023-06-16,28,0.07671232876712329,25.239999771118164,25.187041817464365,0.11715088499153416,-0.027379952701282677
2023-06-16,35,0.0958904109589041,25.239999771118164,25.178045333810452,0.06350958519387044,-0.025629577609952194
2023-06-16,42,0.11506849315068493,25.239999771118164,25.21865624945257,0.0622581844917046,-0.00735197456874505
2023-06-16,63,0.1726027397260274,25.239999771118164,25.262460384100958,0.016230739669629905,0.005153371000675458
2023-06-16,154,0.42191780821917807,25.239999771118164,25.401093821243023,0.04917897529712975,0.015079259981454814
2023-06-16,217,0.5945205479452055,25.239999771118164,25.503196176402838,0.03797067290862982,0.017448944350366796
2023-06-16,245,0.6712328767123288,25.239999771118164,25.62031591435494,0.05924695062009884,0.022280789689709403
2023-06-20,24,0.06575342465753424,24.649999618530273,24.673161422566558,0.0435151690751628,0.014283450405145294
2023-06-20,31,0.08493150684931507,24.649999618530273,24.670079694438282,0.028628959583393145,0.009587442541216608
2023-06-20,38,0.10410958904109589,24.649999618530273,24.711763851606463,0.03471017966823635,0.024037310677265056
2023-06-20,59,0.16164383561643836,24.649999618530273,24.727647393454397,0.021025703595610543,0.0194567290411057
2023-06-20,150,0.410958904109589,24.649999618530273,24.90508275832677,0.06904568806028297,0.0250512262025272
2023-06-20,213,0.5835616438356165,24.649999618530273,24.996946681400367,0.04390811752388989,0.02395085386401446
2023-06-20,241,0.6602739726027397,24.649999618530273,25.05775156865149,0.05601489022006655,0.02484777408901153
2023-06-21,23,0.06301369863013699,22.780000686645508,22.855890044745408,0.080072918964347,0.05278004695433707
2023-06-21,30,0.0821917808219178,22.780000686645508,22.835341377742818,0.048764207337284225,0.029521298824180586
2023-06-21,37,0.10136986301369863,22.780000686645508,22.89289881003411,0.02757342251912321,0.04876970857431219
2023-06-21,58,0.1589041095890411,22.780000686645508,22.902386152923953,0.07688436255324163,0.0337191769417666
2023-06-21,149,0.40821917808219177,22.780000686645508,23.09115766821047,0.050829326172489045,0.033234036732846174
2023-06-21,212,0.5808219178082191,22.780000686645508,23.158233579609416,0.05149103687881344,0.028351876572127156
2023-06-21,240,0.6575342465753424,22.780000686645508,23.231992482655205,0.0708785782033858,0.029880309665977864
2023-06-22,22,0.06027397260273973,23.100000381469727,23.147627669031152,0.03723465338993622,0.034171710456516714
2023-06-22,29,0.07945205479452055,23.100000381469727,23.176256786203464,0.02935564825312674,0.04148044006335616
2023-06-22,36,0.09863013698630137,23.100000381469727,23.16140992683085,0.04309821447881827,0.026917680144054334
2023-06-22,43,0.1178082191780822,23.100000381469727,23.156885022231712,0.023538730078040776,0.020877248278181222
2023-06-22,57,0.15616438356164383,23.100000381469727,23.229665105570586,-0.04898153105657206,0.03584361585151577
2023-06-22,148,0.4054794520547945,23.100000381469727,23.307692453747542,0.033252921105051896,0.022074658104821565
2023-06-22,211,0.5780821917808219,23.100000381469727,23.38411821545094,0.058112214408093714,0.02114655896240363
2023-06-22,239,0.6547945205479452,23.100000381469727,23.392660368473152,0.04146489961954856,0.019226916625926127
2023-06-23,21,0.057534246575342465,21.889999389648438,21.751547526651873,0.5737703483221892,-0.11028176043862338
2023-06-23,28,0.07671232876712329,21.889999389648438,21.914089174596025,0.021505320567735884,0.014337820771156386
2023-06-23,35,0.0958904109589041,21.889999389648438,21.764656241004676,0.961510298460131,-0.05988610158128499
2023-06-23,42,0.11506849315068493,21.889999389648438,21.552620368975298,2.2293177024645994,-0.1349846445457558
2023-06-23,56,0.15342465753424658,21.889999389648438,22.001437761647644,0.04203539504584444,0.033097159573855305
2023-06-23,147,0.40273972602739727,21.889999389648438,22.13989543761845,0.023611570585914517,0.02818525241535261
2023-06-23,210,0.5753424657534246,21.889999389648438,22.220385679563098,0.04878635603064803,0.02603711461693781
2023-06-23,238,0.6520547945205479,21.889999389648438,22.27906980540314,0.06289047016197588,0.02701886479041393
2023-06-26,25,0.0684931506849315,22.09000015258789,22.11847454909563,0.0016049221779471674,0.0188075363064297
2023-06-26,32,0.08767123287671233,22.09000015258789,22.140973242576656,0.04773014488909838,0.026289815504626664
2023-06-26,39,0.10684931506849316,22.09000015258789,22.166795037725873,0.014409446303995186,0.032479626198143874
2023-06-26,53,0.14520547945205478,22.09000015258789,22.187601204186443,0.04317739376331492,0.030361142139624733
2023-06-26,144,0.39452054794520547,22.09000015258789,22.369668201379465,0.05213223409186433,0.031889134329948034
2023-06-26,207,0.5671232876712329,22.09000015258789,22.42686283873313,0.052734719850568504,0.026686348834334146
2023-06-26,235,0.6438356164383562,22.09000015258789,22.480147794682345,0.052177432020997075,0.02719261673918186
2023-06-27,24,0.06575342465753424,24.3700008392334,24.44524534009978,0.024461382370560766,0.0468847110911683
2023-06-27,31,0.08493150684931507,24.3700008392334,24.434783457778373,0.039172245691299346,0.03125773623587604
2023-06-27,38,0.10410958904109589,24.3700008392334,24.442018570893325,0.05228449022403505,0.028343419302439176
2023-06-27,52,0.14246575342465753,24.3700008392334,24.48617415071855,0.038544482715087695,0.03338160712020399
2023-06-27,143,0.3917808219178082,24.3700008392334,24.585987409716797,0.04831283519557072,0.022522187369953567
2023-06-27,206,0.5643835616438356,24.3700008392334,24.637610553592076,0.042157027567341916,0.019350771965960595
2023-06-27,234,0.6410958904109589,24.3700008392334,24.718954154354428,0.06978038797386099,0.02217674791109434
2023-06-28,23,0.06301369863013699,23.719999313354492,23.76502704184963,0.028625895744225808,0.030096674382167073
2023-06-28,30,0.0821917808219178,23.719999313354492,23.74391747325318,0.02221411100848216,0.012262127658283087
2023-06-28,37,0.10136986301369863,23.719999313354492,23.751437458521288,0.06089429505300579,0.013066092796063144
2023-06-28,51,0.13972602739726028,23.719999313354492,23.80459774150796,0.04101398084639808,0.025479857412097285
2023-06-28,142,0.38904109589041097,23.719999313354492,23.88757928379423,0.03931440027650001,0.018095989095117688
2023-06-28,205,0.5616438356164384,23.719999313354492,23.952511335987612,0.04019341364130988,0.01736800087906383
2023-06-28,233,0.6383561643835617,23.719999313354492,24.026070651323,0.06569803565786217,0.020084356426832508
2023-06-29,22,0.06027397260273973,23.809999465942383,23.8374465623826,0.05771265602077451,0.019114238859593728
2023-06-29,29,0.07945205479452055,23.809999465942383,23.854889710477565,0.07268342172975564,0.0237070968657893
2023-06-29,36,0.09863013698630137,23.809999465942383,23.867753630755367,0.05272538243949509,0.024563378443258496
2023-06-29,43,0.1178082191780822,23.809999465942383,23.890586972104376,0.03551995596237236,0.028681298921065624
2023-06-29,50,0.136986301369863,23.809999465942383,23.89177588923338,0.02481003917933499,0.025029193164958847
2023-06-29,141,0.3863013698630137,23.809999465942383,23.996380111335984,0.03490361895409039,0.020184635151010027
2023-06-29,204,0.5589041095890411,23.809999465942383,24.076782499479805,0.042025086429812286,0.01993607869731324
2023-06-29,232,0.6356164383561644,23.809999465942383,24.142465674777984,0.03551569077467662,0.021816164870117744
2023-06-30,21,0.057534246575342465,24.829999923706055,24.91655594254851,0.092738392790352,0.060483687111723354
2023-06-30,28,0.07671232876712329,24.829999923706055,24.941756608708214,0.05458499027081929,0.058540456075136235
2023-06-30,35,0.0958904109589041,24.829999923706055,24.952243663038924,0.09277894209408323,0.05121625856187719
2023-06-30,42,0.11506849315068493,24.829999923706055,24.97710109409922,0.08859653105025804,0.051333360494836736
2023-06-30,49,0.13424657534246576,24.829999923706055,24.96483672558246,0.03466479500410985,0.040341493532027047
2023-06-30,140,0.3835616438356164,24.829999923706055,25.1269265378918,0.03987628252642739,0.030992267627106
2023-06-30,203,0.5561643835616439,24.829999923706055,25.227314388640686,0.0471695095169738,0.02854320745834845
2023-06-30,231,0.6328767123287671,24.829999923706055,25.271310699685223,0.04145189652796453,0.02783668774566305
2023-07-03,25,0.0684931506849315,25.489999771118164,25.513036295581273,0.04072878038634264,0.013188755257348498
2023-07-03,32,0.08767123287671233,25.489999771118164,25.531719928211118,0.01916225475124658,0.018653649885000873
2023-07-03,39,0.10684931506849316,25.489999771118164,25.545136973113806,0.028454596359966985,0.02022245430871854
2023-07-03,46,0.12602739726027398,25.489999771118164,25.561264585375888,0.0018891191950332177,0.022153072336869837
2023-07-03,137,0.37534246575342467,25.489999771118164,25.65235789632821,0.041554581597124635,0.016915974996725605
2023-07-03,200,0.547945205479452,25.489999771118164,25.750983392540377,0.030120608402847204,0.018590557726362388
2023-07-03,228,0.6246575342465753,25.489999771118164,25.791044780541753,0.03711363020485083,0.018796092405929596
2023-07-05,23,0.06301369863013699,23.850000381469727,23.90101495338558,-0.005928349619740175,0.033908363136843464
2023-07-05,30,0.0821917808219178,23.850000381469727,23.906339627762883,0.048763932098642625,0.028706603050552754
2023-07-05,37,0.10136986301369863,23.850000381469727,23.9275252312036,0.021270435534940426,0.03201391565082037
2023-07-05,44,0.12054794520547946,23.850000381469727,23.93851645677906,0.0074097098418609,0.030730475335109038
2023-07-05,135,0.3698630136986301,23.850000381469727,24.090497743023864,0.03645514758616618,0.027126921383615856
2023-07-05,198,0.5424657534246575,23.850000381469727,24.18995409037888,0.04161431263583817,0.026090482810883515
2023-07-05,226,0.6191780821917808,23.850000381469727,24.180478931334076,0.0497875705777799,0.02222529992218347
2023-07-06,22,0.06027397260273973,22.979999542236328,23.024631656022425,0.010942136410455576,0.03219187092230162
2023-07-06,29,0.07945205479452055,22.979999542236328,23.034133128774517,0.1062542525703532,0.029614242190667158
2023-07-06,36,0.09863013698630137,22.979999542236328,23.061575692656188,0.006129813064212486,0.0359280665943741
2023-07-06,43,0.1178082191780822,22.979999542236328,23.050197159958305,0.03341361779152395,0.02589013316900184
2023-07-06,50,0.136986301369863,22.979999542236328,23.06348852980219,0.04748391517863647,0.026473679676139714
2023-07-06,134,0.36712328767123287,22.979999542236328,23.149600448871045,0.045121320476062925,0.02002942581330879
2023-07-06,197,0.5397260273972603,22.979999542236328,23.209174181634197,0.05030496991932918,0.01838597059660106
2023-07-06,225,0.6164383561643836,22.979999542236328,23.271809112533102,0.04553403173973337,0.020469956290659674
2023-07-07,21,0.057534246575342465,22.959999084472656,22.972598970672134,0.05931127391198179,0.009535625538474441
2023-07-07,28,0.07671232876712329,22.959999084472656,22.98878022983267,0.07686444806849034,0.016330481131148086
2023-07-07,35,0.0958904109589041,22.959999084472656,23.006939493366684,0.024668129769342798,0.021298854887501887
2023-07-07,42,0.11506849315068493,22.959999084472656,23.005718347862494,0.006209843187237795,0.017287766759858596
2023-07-07,49,0.13424657534246576,22.959999084472656,23.031772395796946,0.05504680106625418,0.023249305173540923
2023-07-07,133,0.3643835616438356,22.959999084472656,23.118797515594018,0.0384934609746413,0.018915508352826134
2023-07-07,196,0.536986301369863,22.959999084472656,23.197621169879824,0.0454433183940236,0.01917405719908164
2023-07-07,224,0.6136986301369863,22.959999084472656,23.230769085662377,0.0412546232853636,0.019104038227873803
2023-07-10,25,0.0684931506849315,24.31999969482422,24.38792385816889,0.007060681387292147,0.04072000427599842
2023-07-10,32,0.08767123287671233,24.31999969482422,24.390219861224608,0.10552411790980591,0.032886295120167844
2023-07-10,39,0.10684931506849316,24.31999969482422,24.396096869738862,0.11095764233485614,0.029238470989795214
2023-07-10,46,0.12602739726027398,24.31999969482422,24.40122982604564,0.06478797966516234,0.026458446803155823
2023-07-10,130,0.3561643835616438,24.31999969482422,24.508666291414393,0.06030653937413353,0.02169710670563709
2023-07-10,193,0.5287671232876713,24.31999969482422,24.575091419555978,0.04788091445613685,0.019733340141190985
2023-07-10,221,0.6054794520547945,24.31999969482422,24.620183641799574,0.04484211681256069,0.020260861350080518
2023-07-11,24,0.06575342465753424,24.34000015258789,24.422005183338776,0.08278413274947097,0.05115298314087206
2023-07-11,31,0.08493150684931507,24.34000015258789,24.42801138496238,0.057588046232951835,0.04249762812731337
2023-07-11,38,0.10410958904109589,24.34000015258789,24.43836597333924,0.07403945771846013,0.03873975083045296
2023-07-11,45,0.1232876712328767,24.34000015258789,24.455059836846992,0.044868832932846305,0.038252381014274806
2023-07-11,129,0.35342465753424657,24.34000015258789,24.564381596068657,0.043789349001060775,0.02596422488241703
2023-07-11,192,0.5260273972602739,24.34000015258789,24.611764702633202,0.025632443611468922,0.02110816811427073
2023-07-11,220,0.6027397260273972,24.34000015258789,24.685609512155963,0.04352460737507241,0.023392135227133834
2023-07-12,23,0.06301369863013699,25.690000534057617,25.7417458903451,0.07100488452809535,0.03193267351254699
2023-07-12,30,0.0821917808219178,25.690000534057617,25.766666673301327,0.09159412314533388,0.03625466248115464
2023-07-12,37,0.10136986301369863,25.690000534057617,25.773825924440477,0.025281476194438823,0.03213623768665202
2023-07-12,44,0.12054794520547946,25.690000534057617,25.783619831560006,0.037711612860591874,0.030175281156937215
2023-07-12,128,0.3506849315068493,25.690000534057617,25.904433187970945,0.049307852582705744,0.023703007913721964
2023-07-12,191,0.5232876712328767,25.690000534057617,25.971194812280814,0.03559151649816946,0.020803471414350072
2023-07-12,219,0.6,25.690000534057617,26.034007107923838,0.04831252444600373,0.022169695264253855
2023-07-13,22,0.06027397260273973,27.280000686645508,27.35502118691447,0.060320596674113235,0.0455626826708328
2023-07-13,29,0.07945205479452055,27.280000686645508,27.364239366529535,0.03435438745484044,0.0388054181947283
2023-07-13,36,0.09863013698630137,27.280000686645508,27.369378005761263,0.04839608699818078,0.033163689590908256
2023-07-13,43,0.1178082191780822,27.280000686645508,27.399638779616808,0.03353238958939347,0.03714487806063243
2023-07-13,50,0.136986301369863,27.280000686645508,27.41749530400828,0.03790213983222039,0.03670050347531048
2023-07-13,127,0.34794520547945207,27.280000686645508,27.50953092922058,0.047434327533050546,0.024080417245873176
2023-07-13,190,0.5205479452054794,27.280000686645508,27.617977738559,0.038693845675333106,0.0236540552746924
2023-07-13,218,0.5972602739726027,27.280000686645508,27.675159072285645,0.03169157285910357,0.0240788964689965
2023-07-14,21,0.057534246575342465,26.229999542236328,26.266615318376328,0.045909705755306084,0.02424602677236575
2023-07-14,28,0.07671232876712329,26.229999542236328,26.27240201975068,0.021941423897541647,0.02105605403250286
2023-07-14,35,0.0958904109589041,26.229999542236328,26.2838474653601,0.025481866302793612,0.021387010908283485
2023-07-14,42,0.11506849315068493,26.229999542236328,26.3182895373974,0.019016388231177184,0.029202961171468776
2023-07-14,49,0.13424657534246576,26.229999542236328,26.33573991439791,0.03722865727095969,0.029968528734501593
2023-07-14,126,0.3452054794520548,26.229999542236328,26.408089203905334,0.04080721178776416,0.01960164723125561
2023-07-14,189,0.5178082191780822,26.229999542236328,26.47446813833773,0.040658817861334726,0.01791594901689744
2023-07-14,217,0.5945205479452055,26.229999542236328,26.54782896710587,0.03387921893957536,0.020258671420969918
2023-07-17,25,0.0684931506849315,28.059999465942383,28.116964774848928,0.044017935481187966,0.029609780675848213
2023-07-17,32,0.08767123287671233,28.059999465942383,28.124500976212325,0.05621869804570569,0.02618945328148709
2023-07-17,39,0.10684931506849316,28.059999465942383,28.141186367516074,0.04118365157576985,0.027039524073396957
2023-07-17,46,0.12602739726027398,28.059999465942383,28.157983181955277,0.03658800679084375,0.027659486748137042
2023-07-17,123,0.336986301369863,28.059999465942383,28.258572165553414,0.03482405317659195,0.020926059552976235
2023-07-17,186,0.5095890410958904,28.059999465942383,28.361888574055033,0.03464538028708199,0.020999738654751764
2023-07-17,214,0.5863013698630137,28.059999465942383,28.40636522210069,0.03881455394343004,0.02092471991724345
2023-07-18,24,0.06575342465753424,28.260000228881836,28.29804287487359,0.07143384336745069,0.020459170672399725
2023-07-18,31,0.08493150684931507,28.260000228881836,28.305242489188288,0.023150786921977057,0.018834578175882653
2023-07-18,38,0.10410958904109589,28.260000228881836,28.3241987300657,0.06820279273400714,0.021795616944241366
2023-07-18,45,0.1232876712328767,28.260000228881836,28.347398472877135,0.05351072844487288,0.025046105191055115
2023-07-18,122,0.33424657534246577,28.260000228881836,28.43644040567608,0.0502835692316647,0.01862113380020557
2023-07-18,185,0.5068493150684932,28.260000228881836,28.535267249365276,0.0505537164085254,0.01912478515826787
2023-07-18,213,0.5835616438356165,28.260000228881836,28.580349006506342,0.04809921425109156,0.019315866207036774
2023-07-19,23,0.06301369863013699,27.290000915527344,27.34661851184026,0.040949078500204954,0.032889917720659106
2023-07-19,30,0.0821917808219178,27.290000915527344,27.367310394161834,0.017393085925904498,0.03441805904638712
2023-07-19,37,0.10136986301369863,27.290000915527344,27.395488288238667,0.04175975128079348,0.03805835817167328
2023-07-19,44,0.12054794520547946,27.290000915527344,27.402587435506966,0.07302783403400097,0.03415298878022543
2023-07-19,121,0.3315068493150685,27.290000915527344,27.51260514945631,0.025242887604639077,0.02450598071533464
2023-07-19,184,0.5041095890410959,27.290000915527344,27.601694817800745,0.03334019836852177,0.02252845265873488
2023-07-19,212,0.5808219178082191,27.290000915527344,27.64206622492815,0.056249240381775645,0.022069385341249505
2023-07-20,22,0.06027397260273973,24.290000915527344,24.313826732799217,0.06649627977208658,0.016265879424038284
2023-07-20,29,0.07945205479452055,24.290000915527344,24.320485342638854,-0.008986608693485196,0.0157860324625536
2023-07-20,36,0.09863013698630137,24.290000915527344,24.338097248656062,0.02766877001209916,0.02005603981965021
2023-07-20,43,0.1178082191780822,24.290000915527344,24.349834257364844,0.04676764188674531,0.02088362032736156
2023-07-20,57,0.15616438356164383,24.290000915527344,24.363636394850634,0.05166433031844599,0.01938296184456331
2023-07-20,120,0.3287671232876712,24.290000915527344,24.461566554180855,0.038810885539495195,0.02140844553840616
2023-07-20,183,0.5013698630136987,24.290000915527344,24.516833251297676,0.03775224878838277,0.018539551510299068
2023-07-20,211,0.5780821917808219,24.290000915527344,24.574040159679946,0.04063091940910953,0.020111027702083385
2023-07-21,21,0.057534246575342465,24.920000076293945,24.97092420612038,0.04537433494616968,0.03548181139831121
2023-07-21,28,0.07671232876712329,24.920000076293945,24.982075641396385,0.04897537897559326,0.0324315065675584
2023-07-21,35,0.0958904109589041,24.920000076293945,24.99530253310085,0.0683820187501747,0.03146520622956697
2023-07-21,42,0.11506849315068493,24.920000076293945,25.027532937446804,0.06323561455091599,0.03741979461229969
2023-07-21,56,0.15342465753424658,24.920000076293945,25.03100211510965,0.06080548404427497,0.028968252518050536
2023-07-21,119,0.32602739726027397,24.920000076293945,25.116392574614878,0.036918768495565774,0.024077812705718047
2023-07-21,182,0.4986301369863014,24.920000076293945,25.199456037289558,0.030674011462229644,0.022364696103510367
2023-07-21,210,0.5753424657534246,24.920000076293945,25.24043735743092,0.03448075906483826,0.02220706666293763
2023-07-24,25,0.0684931506849315,24.899999618530273,24.936955012431294,0.08786373438647868,0.021652560989829078
2023-07-24,32,0.08767123287671233,24.899999618530273,24.949018370509236,0.07069330902867824,0.022432551032392615
2023-07-24,39,0.10684931506849316,24.899999618530273,24.96245616562603,0.052624571217589906,0.023445677487228523
2023-07-24,53,0.14520547945205478,24.899999618530273,24.98625182272893,0.08911829222923219,0.023814241545517183
2023-07-24,116,0.3178082191780822,24.899999618530273,25.036836488688593,0.03503112526458878,0.017244399163003885
2023-07-24,179,0.4904109589041096,24.899999618530273,25.10555034443088,0.038596157574162994,0.01676382359040318
2023-07-24,207,0.5671232876712329,24.899999618530273,25.171220435660697,0.034980725252540944,0.019102561588726696
2023-07-25,24,0.06575342465753424,26.1299991607666,26.189235603565944,0.0349301445421768,0.03443811655815713
2023-07-25,31,0.08493150684931507,26.1299991607666,26.20594153742303,0.0415645503626797,0.034170050520533866
2023-07-25,38,0.10410958904109589,26.1299991607666,26.218207995642633,0.06960720668277873,0.0323705402634395
2023-07-25,52,0.14246575342465753,26.1299991607666,26.23634621711364,0.08110402628239442,0.02850974422459208
2023-07-25,115,0.3150684931506849,26.1299991607666,26.307868800167846,0.04586058564531718,0.021531956033220015
2023-07-25,178,0.4876712328767123,26.1299991607666,26.404429763942655,0.03943508778166674,0.021423742156417142
2023-07-25,206,0.5643835616438356,26.1299991607666,26.45190838910421,0.045400450509771664,0.021694925110493608
2023-07-26,23,0.06301369863013699,25.059999465942383,25.09916999779477,0.027228166359227438,0.024785874361188617
2023-07-26,30,0.0821917808219178,25.059999465942383,25.089743603074044,0.10122985780372135,0.014432259152546662
2023-07-26,37,0.10136986301369863,25.059999465942383,25.125619130535366,0.04873987778900858,0.0257974101224809
2023-07-26,51,0.13972602739726028,25.059999465942383,25.15423412151166,0.0641875400726944,0.02686191700218794
2023-07-26,114,0.31232876712328766,25.059999465942383,25.217800092514008,0.041432243728262895,0.020097956221541972
2023-07-26,177,0.4849315068493151,25.059999465942383,25.278732837725368,0.027804542216013667,0.0179211180401012
2023-07-26,205,0.5616438356164384,25.059999465942383,25.31444238434935,0.04181982214995892,0.017986754767214265
2023-07-27,22,0.06027397260273973,26.459999084472656,26.491964573244804,0.027593076340547307,0.020030856121388125
2023-07-27,29,0.07945205479452055,26.459999084472656,26.49288873544127,0.15307697617236543,0.015634879309550195
2023-07-27,36,0.09863013698630137,26.459999084472656,26.521239134630587,0.05816660763574122,0.0234387251599097
2023-07-27,43,0.1178082191780822,26.459999084472656,26.530187362136648,0.03414683675042647,0.022486600095412788
2023-07-27,50,0.136986301369863,26.459999084472656,26.548596621955035,0.07117336832116182,0.024402179203174293
2023-07-27,113,0.3095890410958904,26.459999084472656,26.620979600927125,0.026254723482921315,0.01959206183722873
2023-07-27,176,0.4821917808219178,26.459999084472656,26.708651741574144,0.05567347950215812,0.019397726109601714
2023-07-27,204,0.5589041095890411,26.459999084472656,26.743292497815585,0.04311561324161406,0.019054377817658168
2023-07-28,21,0.057534246575342465,28.149999618530273,28.21200505018525,-0.009320863884025449,0.03824256770388377
2023-07-28,28,0.07671232876712329,28.149999618530273,28.219244534514925,0.0672960475005619,0.03202659209346516
2023-07-28,35,0.0958904109589041,28.149999618530273,28.227575079844268,0.05300054577861009,0.028699416543768723
2023-07-28,42,0.11506849315068493,28.149999618530273,28.25234390907179,0.031768024465067164,0.03153846243655065
2023-07-28,49,0.13424657534246576,28.149999618530273,28.255918096989753,0.01056008917597965,0.027975274359309656
2023-07-28,112,0.30684931506849317,28.149999618530273,28.34465285990408,0.044295202515636956,0.022457471364529653
2023-07-28,175,0.4794520547945205,28.149999618530273,28.440278433031,0.046575755367531925,0.02139745557686653
2023-07-28,203,0.5561643835616439,28.149999618530273,28.514560488812723,0.031744086653584296,0.023136163520663954
2023-07-31,25,0.0684931506849315,28.40999984741211,28.478072872636716,-0.015099030230736075,0.03494112544601137
2023-07-31,32,0.08767123287671233,28.40999984741211,28.496575567967607,0.022400849283223407,0.03470618526089349
2023-07-31,39,0.10684931506849316,28.40999984741211,28.51249144247519,0.029175582430343072,0.033702574327097105
2023-07-31,46,0.12602739726027398,28.40999984741211,28.5182629979397,0.060211207253414084,0.03017993371494752
2023-07-31,109,0.29863013698630136,28.40999984741211,28.607920305183168,0.052229230247433596,0.023247562383637392
2023-07-31,172,0.4712328767123288,28.40999984741211,28.690793277216425,0.03695122476272392,0.020870973900894277
2023-07-31,200,0.547945205479452,28.40999984741211,28.759853413529857,0.04787697239549283,0.02233662296026842
2023-08-01,24,0.06575342465753424,28.530000686645508,28.58040809577582,0.0694232436107561,0.026846695582847087
2023-08-01,31,0.08493150684931507,28.530000686645508,28.605179354637563,-0.010029435338597688,0.03098506726858442
2023-08-01,38,0.10410958904109589,28.530000686645508,28.605342094658088,0.0225632137876523,0.025331937636812577
2023-08-01,45,0.1232876712328767,28.530000686645508,28.629754138065593,0.06300879784420786,0.02831055353830779
2023-08-01,108,0.2958904109589041,28.530000686645508,28.731641041317225,0.05169118514000166,0.023802060625996234
2023-08-01,171,0.4684931506849315,28.530000686645508,28.8206833094486,0.03393774506389155,0.02163769212023679
2023-08-01,199,0.5452054794520548,28.530000686645508,28.886757915147907,0.04140503574247374,0.022793419469145322
2023-08-02,23,0.06301369863013699,25.280000686645508,25.339205432161588,0.02545771837301653,0.03712243121215202
2023-08-02,30,0.0821917808219178,25.280000686645508,25.347590725248633,0.0503812992426839,0.032486078650204135
2023-08-02,37,0.10136986301369863,25.280000686645508,25.36891195311189,0.06549911020087955,0.03463444658105738
2023-08-02,44,0.12054794520547946,25.280000686645508,25.370401608821957,0.0948515525610002,0.029611513555199222
2023-08-02,107,0.29315068493150687,25.280000686645508,25.47394535829944,0.05671330867437006,0.026070492477075446
2023-08-02,170,0.4657534246575342,25.280000686645508,25.525392902438465,0.03348814113194081,0.0207409324941263
2023-08-02,198,0.5424657534246575,25.280000686645508,25.57976299773892,0.03825052779802789,0.02173028334761459
2023-08-03,22,0.06027397260273973,25.149999618530273,25.161809079892272,0.08316234742673494,0.007788616968325844
2023-08-03,29,0.07945205479452055,25.149999618530273,25.17946152064885,0.03240595844888135,0.014735450354240249
2023-08-03,36,0.09863013698630137,25.149999618530273,25.183914673179157,0.06903395618524691,0.013663194195124677
2023-08-03,43,0.1178082191780822,25.149999618530273,25.218901831172396,0.06848614943609857,0.023223376604414814
2023-08-03,50,0.136986301369863,25.149999618530273,25.186606108454942,0.06310427869735305,0.010617617922389133
2023-08-03,106,0.29041095890410956,25.149999618530273,25.30267938464941,0.04705188693025531,0.020840857047737613
2023-08-03,169,0.46301369863013697,25.149999618530273,25.393442559731344,0.042846119977108764,0.02080519951028122
2023-08-03,197,0.5397260273972603,25.149999618530273,25.42765000211743,0.05882376295049646,0.020342326982877787
2023-08-04,21,0.057534246575342465,24.8799991607666,24.941152578822514,0.05346686971678489,0.04266883216706211
2023-08-04,28,0.07671232876712329,24.8799991607666,24.961900680957093,0.034030717823051,0.042841295420510205
2023-08-04,35,0.0958904109589041,24.8799991607666,24.958485767822783,0.04553785155764273,0.0328462578944736
2023-08-04,42,0.11506849315068493,24.8799991607666,24.971300391005602,0.03888340424917785,0.03183275308140995
2023-08-04,49,0.13424657534246576,24.8799991607666,24.94505689917386,-0.007710615527371928,0.019452624017609423
2023-08-04,105,0.2876712328767123,24.8799991607666,25.05861073774107,0.044983578904970366,0.024866151124829757
2023-08-04,168,0.4602739726027397,24.8799991607666,25.1239744589159,0.04508071476395538,0.021201098545028316
2023-08-04,196,0.536986301369863,24.8799991607666,25.185792381051748,0.036944026268622955,0.022748824228752223
2023-08-07,25,0.0684931506849315,25.65999984741211,25.737129435126374,0.06606403911627882,0.04381928880700083
2023-08-07,32,0.08767123287671233,25.65999984741211,25.75031378503677,0.04790638394522506,0.040075398804384314
2023-08-07,39,0.10684931506849316,25.65999984741211,25.758676529650856,0.06540638208808024,0.03592133200237108
2023-08-07,46,0.12602739726027398,25.65999984741211,25.739270934982013,0.07739003268842316,0.0244750299431836
2023-08-07,102,0.27945205479452057,25.65999984741211,25.83415385650893,0.03123427285819753,0.024204710672952743
2023-08-07,165,0.4520547945205479,25.65999984741211,25.939623708464243,0.04254213950211713,0.023975676060087606
2023-08-07,193,0.5287671232876713,25.65999984741211,25.988671047975345,0.05366236350363914,0.024069879420504765
2023-08-08,24,0.06575342465753424,24.459999084472656,24.495982170886236,0.06750057243436336,0.022356527519390112
2023-08-08,31,0.08493150684931507,24.459999084472656,24.514062318152664,0.05225856811269735,0.025995444018431842
2023-08-08,38,0.10410958904109589,24.459999084472656,24.520105293239688,0.050444976518155424,0.023574316542254396
2023-08-08,45,0.1232876712328767,24.459999084472656,24.488939168119995,0.04473413113169023,0.009591066517847802
2023-08-08,101,0.27671232876712326,24.459999084472656,24.6235891699118,0.05047158376203518,0.024089277209660833
2023-08-08,164,0.44931506849315067,24.459999084472656,24.70638055910053,0.03538619824338593,0.02230603952241902
2023-08-08,192,0.5260273972602739,24.459999084472656,24.76792244905499,0.03886820001636799,0.023782551144224062
2023-08-09,23,0.06301369863013699,23.09000015258789,23.124036581574114,0.07656746559789449,0.023375730206541556
2023-08-09,30,0.0821917808219178,23.09000015258789,23.132035967085372,0.04795871927936187,0.022129526389787678
2023-08-09,37,0.10136986301369863,23.09000015258789,23.14729646716887,0.05830333926987095,0.024448691045054954
2023-08-09,44,0.12054794520547946,23.09000015258789,23.12235132425083,0.009668272987249867,0.011614544998726507
2023-08-09,100,0.273972602739726,23.09000015258789,23.220090564020072,0.049214228731097924,0.0205065998950926
2023-08-09,163,0.4465753424657534,23.09000015258789,23.28911262454774,0.054643577571492775,0.01922710737318127
2023-08-09,191,0.5232876712328767,23.09000015258789,23.35401463747418,0.04139506679989903,0.021726620114948296
2023-08-10,22,0.06027397260273973,22.809999465942383,22.83304574455821,0.10938585849259652,0.016754304807204058
2023-08-10,29,0.07945205479452055,22.809999465942383,22.842992064627307,0.018270376720191564,0.018191655419400564
2023-08-10,36,0.09863013698630137,22.809999465942383,22.857347753046977,0.0362740587552212,0.02102417693532039
2023-08-10,43,0.1178082191780822,22.809999465942383,22.83227573352704,0.0507082518886263,0.00828570715591735
2023-08-10,50,0.136986301369863,22.809999465942383,22.84007910564916,0.006420490746672346,0.009620198190627555
2023-08-10,99,0.27123287671232876,22.809999465942383,22.92939501376888,0.0317381377799106,0.019248033843044493
2023-08-10,162,0.4438356164383562,22.809999465942383,22.992647065784272,0.06531144147055977,0.017969398683102503
2023-08-10,190,0.5205479452054794,22.809999465942383,23.0727272071523,0.034614597343509385,0.022000407190756608
2023-08-11,21,0.057534246575342465,21.139999389648438,21.192063471853114,0.02123675932098707,0.042753588115704996
2023-08-11,28,0.07671232876712329,21.139999389648438,21.204164034190264,0.00827680131871332,0.039506394556325826
2023-08-11,35,0.0958904109589041,21.139999389648438,21.21370742345966,0.07663320006176182,0.03629766220271507
2023-08-11,42,0.11506849315068493,21.139999389648438,21.179337375436702,0.07403658517328411,0.016156487954276558
2023-08-11,49,0.13424657534246576,21.139999389648438,21.183069785330325,0.04680546404587933,0.015161027565081905
2023-08-11,98,0.2684931506849315,21.139999389648438,21.274820174512435,0.026698748709655,0.02367758881535782
2023-08-11,161,0.4410958904109589,21.139999389648438,21.360248299930465,0.051591956555326626,0.023497582290197484
2023-08-11,189,0.5178082191780822,21.139999389648438,21.39230068260349,0.05066339532709739,0.022912198174249925
2023-08-14,25,0.0684931506849315,22.93000030517578,22.990448307624288,0.07076523295685608,0.03843783639614079
2023-08-14,32,0.08767123287671233,22.93000030517578,23.00286066469961,0.01426603673504273,0.03618604002873221
2023-08-14,39,0.10684931506849316,22.93000030517578,22.986212632450645,0.019767327920935576,0.022915217035227312
2023-08-14,46,0.12602739726027398,22.93000030517578,22.98086959267015,0.01763313465534016,0.017583500543654592
2023-08-14,95,0.2602739726027397,22.93000030517578,23.070886285863807,0.04832909145766272,0.02353434903072628
2023-08-14,158,0.4328767123287671,22.93000030517578,23.148820301015075,0.03742853618481144,0.021940912654856946
2023-08-14,186,0.5095890410958904,22.93000030517578,23.18198340436687,0.037143579952083255,0.021447261462924222
2023-08-15,24,0.06575342465753424,21.799999237060547,21.824923015187647,0.006686644279901439,0.017377643207366514
2023-08-15,31,0.08493150684931507,21.799999237060547,21.835066366022723,0.046347116236097385,0.01892456201303303
2023-08-15,38,0.10410958904109589,21.799999237060547,21.80508381521578,0.033836623340891485,0.0022400467115587692
2023-08-15,45,0.1232876712328767,21.799999237060547,21.812002619916502,0.04648173150715919,0.004464861522825428
2023-08-15,94,0.25753424657534246,21.799999237060547,21.91795259867748,0.0636170602948333,0.02095301749721464
2023-08-15,157,0.4301369863013699,21.799999237060547,22.003623306150317,0.03345169207141626,0.021614511259986417
2023-08-15,185,0.5068493150684932,21.799999237060547,22.0396395138763,0.017694841772823038,0.02156990851794333
2023-08-16,23,0.06301369863013699,20.530000686645508,20.55103847720153,0.030694932312029237,0.016253757219341098
2023-08-16,30,0.0821917808219178,20.530000686645508,20.563752320254228,0.08021703744540427,0.019985761234434223
2023-08-16,37,0.10136986301369863,20.530000686645508,20.533324765819863,0.06071026913217749,0.0015971230564227558
2023-08-16,44,0.12054794520547946,20.530000686645508,20.54476040749267,0.026935482588563847,0.005961743679070628
2023-08-16,93,0.2547945205479452,20.530000686645508,20.62349717958002,0.08558888817621507,0.017833197743419293
2023-08-16,156,0.4273972602739726,20.530000686645508,20.699394055444802,0.04215871520270123,0.019226053711662843
2023-08-16,184,0.5041095890410959,20.530000686645508,20.752877669413156,0.056044242544911874,0.02141926216510275
2023-08-17,22,0.06027397260273973,19.90999984741211,19.925974978687332,0.0023787010492329545,0.013306663942202994
2023-08-17,29,0.07945205479452055,19.90999984741211,19.94936163126218,0.05225115970332875,0.024858186283833454
2023-08-17,36,0.09863013698630137,19.90999984741211,19.908887151532014,-0.07332302424514477,-0.0005666406446095712
2023-08-17,43,0.1178082191780822,19.90999984741211,19.916897740792436,0.0330084958133896,0.002940318719327904
2023-08-17,64,0.17534246575342466,19.90999984741211,19.930727655447342,0.05402756861203163,0.005934293788101555
2023-08-17,92,0.25205479452054796,19.90999984741211,20.024592566062584,0.07321799470241795,0.022769001804103194
2023-08-17,155,0.4246575342465753,19.90999984741211,20.099053257425304,0.04585851525765888,0.022254643237700995
2023-08-17,183,0.5013698630136987,19.90999984741211,20.118943678747723,0.034488458164386976,0.020822417051671357
2023-08-18,21,0.057534246575342465,20.149999618530273,20.194840962277972,0.03992442519600549,0.03863619585990151
2023-08-18,28,0.07671232876712329,20.149999618530273,20.201090840805445,0.06159946950412521,0.03301080215762579
2023-08-18,35,0.0958904109589041,20.149999618530273,20.181221147995455,0.06612121430992708,0.016146102646491696
2023-08-18,42,0.11506849315068493,20.149999618530273,20.186059911636598,0.02586655312431915,0.015538513469100084
2023-08-18,63,0.1726027397260274,20.149999618530273,20.223419651338915,0.03320137724273276,0.021071809519676472
2023-08-18,91,0.2493150684931507,20.149999618530273,20.26112953714101,0.051324319407573545,0.022060358880464568
2023-08-18,154,0.42191780821917807,20.149999618530273,20.33091793223554,0.03410293074043192,0.021185426630120744
2023-08-18,182,0.4986301369863014,20.149999618530273,20.376610607546517,0.041978564987541246,0.022428316973223086
2023-08-21,25,0.0684931506849315,21.8799991607666,21.96216424877562,0.05545667095016815,0.05472411013067473
2023-08-21,32,0.08767123287671233,21.8799991607666,21.935882559685755,0.048359356659024084,0.029095402832020036
2023-08-21,39,0.10684931506849316,21.8799991607666,21.934518211451056,0.013894574329741099,0.02329103189412727
2023-08-21,60,0.1643835616438356,21.8799991607666,21.977693766147386,0.04470230867616835,0.027101737128019995
2023-08-21,88,0.2410958904109589,21.8799991607666,22.028123472060123,0.0394421980311091,0.027984871114438224
2023-08-21,151,0.4136986301369863,21.8799991607666,22.112420651896308,0.0369712623745212,0.025541616843331855
2023-08-21,179,0.4904109589041096,21.8799991607666,22.1601456846491,0.038596316826111345,0.02594252156462548
2023-08-22,24,0.06575342465753424,21.350000381469727,21.36376205493719,0.09556051421229907,0.00979975130362105
2023-08-22,31,0.08493150684931507,21.350000381469727,21.346412675986873,0.007413295832548905,-0.0019787301004565664
2023-08-22,38,0.10410958904109589,21.350000381469727,21.352656058779726,0.07789550892495413,0.0011947022309287069
2023-08-22,59,0.16164383561643836,21.350000381469727,21.381773812605104,0.03811926876362092,0.009199921453617874
2023-08-22,87,0.23835616438356164,21.350000381469727,21.45724974561832,0.024645307643392064,0.02102238144365584
2023-08-22,150,0.410958904109589,21.350000381469727,21.516932816062624,0.03854153385988083,0.018951871783377223
2023-08-22,178,0.4876712328767123,21.350000381469727,21.567829511427043,0.03545720665516937,0.020815401385377328
2023-08-23,23,0.06301369863013699,22.600000381469727,22.67918017533187,0.06378048380617846,0.055502337629357856
2023-08-23,30,0.0821917808219178,22.600000381469727,22.664134699276897,0.0214110045912454,0.03447768912116805
2023-08-23,37,0.10136986301369863,22.600000381469727,22.67539515104809,0.022247849003191888,0.03285492670602265
2023-08-23,58,0.1589041095890411,22.600000381469727,22.729287113700394,0.07233533614547168,0.03589807083241479
2023-08-23,86,0.2356164383561644,22.600000381469727,22.746904462831356,0.0328678883061801,0.027498698557908378
2023-08-23,149,0.40821917808219177,22.600000381469727,22.8356397804092,0.047705013742296506,0.025409243805414455
2023-08-23,177,0.4849315068493151,22.600000381469727,22.908543816955625,0.022213759913813847,0.027962733031437717
2023-08-24,22,0.06027397260273973,20.40999984741211,20.452459538654242,0.06509871323619583,0.03447884153528258
2023-08-24,29,0.07945205479452055,20.40999984741211,20.43473637644169,0.036285258639841764,0.015245005311178856
2023-08-24,36,0.09863013698630137,20.40999984741211,20.439259835482464,0.04975261333932721,0.014524807596284446
2023-08-24,43,0.1178082191780822,20.40999984741211,20.449556400144115,0.07003532397890697,0.016435364161628524
2023-08-24,57,0.15616438356164383,20.40999984741211,20.4757326807835,0.026584054763568576,0.02059012333792851
2023-08-24,85,0.2328767123287671,20.40999984741211,20.53427932810994,0.014132768720557411,0.02606822544847602
2023-08-24,148,0.4054794520547945,20.40999984741211,20.59757571979449,0.044437393620970836,0.022561971940099255
2023-08-24,176,0.4821917808219178,20.40999984741211,20.667156506716204,0.058591606391901516,0.02596649131392133
2023-08-25,21,0.057534246575342465,20.65999984741211,20.667677748328554,0.05051455539556297,0.006458104568811483
2023-08-25,28,0.07671232876712329,20.65999984741211,20.63385702018279,0.009510943662825202,-0.016505625667526697
2023-08-25,35,0.0958904109589041,20.65999984741211,20.65422500565689,0.03908918347128903,-0.002915380856805955
2023-08-25,42,0.11506849315068493,20.65999984741211,20.667867856676782,0.00516708986144989,0.003308989880472479
2023-08-25,56,0.15342465753424658,20.65999984741211,20.684298152939842,0.004657293528197479,0.0076611726471135936
2023-08-25,84,0.23013698630136986,20.65999984741211,20.73562215243102,0.04241690662539526,0.015875943893702036
2023-08-25,147,0.40273972602739727,20.65999984741211,20.814037651770793,0.032131222028177885,0.018444144920080684
2023-08-25,175,0.4794520547945205,20.65999984741211,20.880341961494217,0.052805801228428755,0.022126683856321352
2023-08-28,25,0.0684931506849315,21.420000076293945,21.41465449873265,0.03321959910041763,-0.003644032317963218
2023-08-28,32,0.08767123287671233,21.420000076293945,21.425556514000235,0.03263595947655651,0.0029584453085163467
2023-08-28,39,0.10684931506849316,21.420000076293945,21.440942954935668,0.03348502617240683,0.00914603673871659
2023-08-28,53,0.14520547945205478,21.420000076293945,21.473009491646412,0.08314159019522746,0.017022122304495485
2023-08-28,81,0.2219178082191781,21.420000076293945,21.506728094879293,0.0413888123744862,0.01820832801272861
2023-08-28,144,0.39452054794520547,21.420000076293945,21.585158036738203,0.054906106636646725,0.019468902289964816
2023-08-28,172,0.4712328767123288,21.420000076293945,21.644347461339677,0.03978073474265858,0.02211064859169255
2023-08-29,24,0.06575342465753424,23.06999969482422,23.11353569643987,0.0438494312144581,0.028672998508516234
2023-08-29,31,0.08493150684931507,23.06999969482422,23.12752424635119,-0.0023284635920236465,0.029322158234160095
2023-08-29,38,0.10410958904109589,23.06999969482422,23.136162712506007,0.052709071255084505,0.027507743443244248
2023-08-29,52,0.14246575342465753,23.06999969482422,23.151880485885126,0.05410563710171985,0.024868775003442055
2023-08-29,80,0.2191780821917808,23.06999969482422,23.209340334477826,0.07972149560381396,0.02747418563387193
2023-08-29,143,0.3917808219178082,23.06999969482422,23.293478270634658,0.036726462414108436,0.024606512996619895
2023-08-29,171,0.4684931506849315,23.06999969482422,23.355636954420216,0.05599672015831974,0.026265714511915027
2023-08-30,23,0.06301369863013699,23.399999618530273,23.340012817304604,0.06535668671251062,-0.04073447683470899
2023-08-30,30,0.0821917808219178,23.399999618530273,23.42991487379674,-0.33910512459670084,0.015544294390872902
2023-08-30,37,0.10136986301369863,23.399999618530273,23.516197057155285,0.46546167223565366,0.048864761198610364
2023-08-30,51,0.13972602739726028,23.399999618530273,23.525693117821856,0.24703680504272085,0.038340330054632256
2023-08-30,79,0.21643835616438356,23.399999618530273,23.548847423328205,0.11189999956640247,0.02929643170002559
2023-08-30,142,0.38904109589041097,23.399999618530273,23.60941239192829,0.06460677253659641,0.02290106808506989
2023-08-30,170,0.4657534246575342,23.399999618530273,23.740740954077197,0.13244238767080738,0.031039157364288274
2023-08-31,22,0.06027397260273973,23.860000610351562,23.854013098578392,0.013497253869075668,-0.004163903067842566
2023-08-31,29,0.07945205479452055,23.860000610351562,23.853251160516226,0.09189564192647547,-0.0035608544577941355
2023-08-31,36,0.09863013698630137,23.860000610351562,23.8742066657307,0.169877156412562,0.006034817775763299
2023-08-31,43,0.1178082191780822,23.860000610351562,23.88044717811787,0.0291532262178839,0.0072709031388438925
2023-08-31,50,0.136986301369863,23.860000610351562,23.906673942464867,0.09314499206265446,0.01426582177005415
2023-08-31,78,0.2136986301369863,23.860000610351562,23.985595946750347,0.038597230109322346,0.024567490373872285
2023-08-31,141,0.3863013698630137,23.860000610351562,24.057970894306937,0.03724762876036954,0.021389852980017988
2023-08-31,169,0.46301369863013697,23.860000610351562,24.123749091048143,0.04088001010537383,0.02374303938455617
2023-09-01,21,0.057534246575342465,24.020000457763672,24.036936652996776,-0.029770261596434592,0.012250768889800905
2023-09-01,28,0.07671232876712329,24.020000457763672,24.046862472711975,0.05458494568511972,0.014569937254467544
2023-09-01,35,0.0958904109589041,24.020000457763672,24.05540853200068,0.014162393511466519,0.01536152082137666
2023-09-01,42,0.11506849315068493,24.020000457763672,24.062655622881024,0.04480932102221661,0.01541902317022342
2023-09-01,49,0.13424657534246576,24.020000457763672,24.08472111806883,0.10178552168283746,0.02004390225661165
2023-09-01,77,0.21095890410958903,24.020000457763672,24.1545892616867,0.009320473644555155,0.026486475642444576
2023-09-01,140,0.3835616438356164,24.020000457763672,24.238914020869718,0.03515317802951768,0.02365336449732064
2023-09-01,168,0.4602739726027397,24.020000457763672,24.286491427197905,0.0332302354386939,0.02397148736125708
2023-09-05,24,0.06575342465753424,24.020000457763672,24.025336039145007,0.0016292521527791538,0.0033778637605433033
2023-09-05,31,0.08493150684931507,24.020000457763672,24.039795981378873,0.03832835964564988,0.00969943099585026
2023-09-05,38,0.10410958904109589,24.020000457763672,24.054218826147803,0.0388429519975117,0.013673710923041859
2023-09-05,45,0.1232876712328767,24.020000457763672,24.06453927735311,0.031926834659458385,0.015026011260709392
2023-09-05,73,0.2,24.020000457763672,24.11572324358149,0.031347970814457046,0.019886044010014217
2023-09-05,136,0.3726027397260274,24.020000457763672,24.226070957350867,0.05568801176250942,0.022926642628188786
2023-09-05,164,0.44931506849315067,24.020000457763672,24.287796112539926,0.04415263609073121,0.024675715706129798
2023-09-06,23,0.06301369863013699,23.440000534057617,23.466552107919703,0.03526610262863955,0.01796601772244948
2023-09-06,30,0.0821917808219178,23.440000534057617,23.484622030843745,0.07321972012968278,0.023139026443979933
2023-09-06,37,0.10136986301369863,23.440000534057617,23.491161988547432,0.07705079166283871,0.02150814118521251
2023-09-06,44,0.12054794520547946,23.440000534057617,23.507457402998575,0.05200899123746147,0.02383881043906294
2023-09-06,72,0.19726027397260273,23.440000534057617,23.550352429322093,0.06285111473102936,0.023810156574880597
2023-09-06,135,0.3698630136986301,23.440000534057617,23.62890334660028,0.04478680759532255,0.021701800294460092
2023-09-06,163,0.4465753424657534,23.440000534057617,23.690908997590867,0.04034810951299781,0.023842338454596417
2023-09-07,22,0.06027397260273973,21.8700008392334,21.870213939161832,-0.027325307057514295,0.0001616599990600231
2023-09-07,29,0.07945205479452055,21.8700008392334,21.912514506807515,0.08117262705545215,0.024442907400988177
2023-09-07,36,0.09863013698630137,21.8700008392334,21.982588026231056,0.060903965796904484,0.052061304334746254
2023-09-07,43,0.1178082191780822,21.8700008392334,21.897196303651413,0.05474464324076145,0.010548779268571704
2023-09-07,50,0.136986301369863,21.8700008392334,22.070026942125857,0.002808449740673133,0.06646334613247364
2023-09-07,71,0.19452054794520549,21.8700008392334,21.951919549438625,0.02392416263520528,0.0192201475583822
2023-09-07,134,0.36712328767123287,21.8700008392334,22.018864380753836,0.04264965620952724,0.01847794721065496
2023-09-07,162,0.4438356164383562,21.8700008392334,22.098366598680055,0.011698025457099451,0.023404663310324845
2023-09-08,21,0.057534246575342465,21.5,21.471530603273802,0.004775615612591407,-0.02303037821848642
2023-09-08,28,0.07671232876712329,21.5,21.493839398919327,0.014332994660367434,-0.0037357834140098536
2023-09-08,35,0.0958904109589041,21.5,21.498064268199844,0.06841072515191829,-0.0009389686583190576
2023-09-08,42,0.11506849315068493,21.5,21.50503592660534,0.06229794488596322,0.002035324445975099
2023-09-08,49,0.13424657534246576,21.5,21.51745338538618,0.06247252567225167,0.006044519535791465
2023-09-08,70,0.1917808219178082,21.5,21.557239162257623,0.052405236556808524,0.013863476975387794
2023-09-08,133,0.3643835616438356,21.5,21.616242348126686,0.04944962463739624,0.014797751887888616
2023-09-08,161,0.4410958904109589,21.5,21.67343498542105,0.03426373379353763,0.018214591043298693
2023-09-11,25,0.0684931506849315,21.450000762939453,21.45199647984379,0.09496717583353265,0.0013583268237820215
2023-09-11,32,0.08767123287671233,21.450000762939453,21.460273349313315,0.0320075095584917,0.005461241765024575
2023-09-11,39,0.10684931506849316,21.450000762939453,21.467374168419592,0.036168761388557534,0.0075772232369018195
2023-09-11,46,0.12602739726027398,21.450000762939453,21.48034468471712,0.016147544932961885,0.011216889143860488
2023-09-11,67,0.18356164383561643,21.450000762939453,21.507533254439778,0.024178927459972438,0.014592246466456503
2023-09-11,130,0.3561643835616438,21.450000762939453,21.577100041101943,0.046509377118222735,0.016587531899178956
2023-09-11,158,0.4328767123287671,21.450000762939453,21.63665198757448,0.05679574751405599,0.02001504528204707
2023-09-12,24,0.06575342465753424,20.940000534057617,20.927632678764883,0.012539397089727096,-0.008985197248932148
2023-09-12,31,0.08493150684931507,20.940000534057617,20.93387523593544,-0.005174158034823873,-0.003444651101448176
2023-09-12,38,0.10410958904109589,20.940000534057617,20.954716973565915,0.06022114297911798,0.006748119498014037
2023-09-12,45,0.1232876712328767,20.940000534057617,20.96212463912714,0.03931397346546862,0.00856525011019452
2023-09-12,66,0.18082191780821918,20.940000534057617,20.99279143218592,0.05059593132600707,0.013924654402532084
2023-09-12,129,0.35342465753424657,20.940000534057617,21.068463123867044,0.05510135608881321,0.017305110549470964
2023-09-12,157,0.4301369863013699,20.940000534057617,21.132994214095735,0.040199958827899944,0.021328775111884423
2023-09-13,23,0.06301369863013699,21.229999542236328,21.24791428186355,0.018322068306690673,0.013385739558674045
2023-09-13,30,0.0821917808219178,21.229999542236328,21.26671925411793,0.03834725833512703,0.02102546353675586
2023-09-13,37,0.10136986301369863,21.229999542236328,21.264250407343834,0.06645892160283039,0.01590239758836531
2023-09-13,44,0.12054794520547946,21.229999542236328,21.29726011140771,0.031093772790163825,0.0262399911978992
2023-09-13,65,0.1780821917808219,21.229999542236328,21.324352836603957,0.047529924148060246,0.024901373242951313
2023-09-13,128,0.3506849315068493,21.229999542236328,21.386054538197588,0.05760908833784295,0.020884268762111576
2023-09-13,156,0.4273972602739726,21.229999542236328,21.440562893807506,0.043860793861046306,0.02309171582881457
2023-09-14,22,0.06027397260273973,21.649999618530273,21.669863491347105,0.09966195326660558,0.015215178790343778
2023-09-14,29,0.07945205479452055,21.649999618530273,21.681823220495577,0.04641970264282668,0.018487037207239366
2023-09-14,36,0.09863013698630137,21.649999618530273,21.696930496716348,0.05664640440691404,0.021954364198001973
2023-09-14,43,0.1178082191780822,21.649999618530273,21.70903027011084,0.03879926486993032,0.023112807015262485
2023-09-14,64,0.17534246575342466,21.649999618530273,21.74865587692125,0.04580847451143702,0.02592937206993117
2023-09-14,127,0.34794520547945207,21.649999618530273,21.822991017269146,0.04927811382111307,0.022873173491679246
2023-09-14,155,0.4246575342465753,21.649999618530273,21.861070530065707,0.05100926556055906,0.022846684766864068
2023-09-14,246,0.673972602739726,21.649999618530273,22.004006827123785,0.07499079976310902,0.0240649670119801
2023-09-15,21,0.057534246575342465,19.790000915527344,19.746242504913393,0.03467499333936964,-0.03847422495960689
2023-09-15,28,0.07671232876712329,19.790000915527344,19.750433294328083,0.030419602684124632,-0.02608936332609802
2023-09-15,35,0.0958904109589041,19.790000915527344,19.7668626219128,0.04030212017642646,-0.01220012678641675
2023-09-15,42,0.11506849315068493,19.790000915527344,19.781263034247623,0.050788053431756776,-0.0038379542562597207
2023-09-15,63,0.1726027397260274,19.790000915527344,19.819278855710763,0.03236955253932727,0.008564972312181186
2023-09-15,126,0.3452054794520548,19.790000915527344,19.882044643461988,0.028278336282853107,0.013441963144064172
2023-09-15,154,0.42191780821917807,19.790000915527344,19.917089737171537,0.03582124180306848,0.015172002580419328
2023-09-15,245,0.6712328767123288,19.790000915527344,20.09840090547303,0.048672745677526,0.023037383326208714
2023-09-18,25,0.0684931506849315,19.93000030517578,19.964128768277263,0.05785564630255395,0.02497990027137919
2023-09-18,32,0.08767123287671233,19.93000030517578,19.96935071303701,0.009576011086940324,0.022498648410965372
2023-09-18,39,0.10684931506849316,19.93000030517578,19.98995815813789,0.10971130308580453,0.02811347767116138
2023-09-18,60,0.1643835616438356,19.93000030517578,20.023850943003403,0.08400606732610828,0.02857926060594127
2023-09-18,123,0.336986301369863,19.93000030517578,20.081387051214882,0.045710431212668545,0.02245556904167429
2023-09-18,151,0.4136986301369863,19.93000030517578,20.122052138258802,0.050596630535487144,0.02318157406860917
2023-09-18,242,0.663013698630137,19.93000030517578,20.268667757415955,0.03708138421467748,0.025414382776485896
2023-09-19,24,0.06575342465753424,19.43000030517578,19.449049421727963,0.057717184884596325,0.014902902177301815
2023-09-19,31,0.08493150684931507,19.43000030517578,19.45441284754791,0.03430228962296268,0.014784229122062831
2023-09-19,38,0.10410958904109589,19.43000030517578,19.46831151772985,0.0494002142870674,0.01892058447901562
2023-09-19,59,0.16164383561643836,19.43000030517578,19.499160007922438,0.048799687902595854,0.021981098232187368
2023-09-19,122,0.33424657534246577,19.43000030517578,19.575910900213096,0.036118835974885306,0.022383162926469875
2023-09-19,150,0.410958904109589,19.43000030517578,19.6228070205403,0.05626451173769645,0.024027303104575945
2023-09-19,241,0.6602739726027397,19.43000030517578,19.73504278072452,0.038344429728712354,0.023592627336676577
2023-09-20,23,0.06301369863013699,18.479999542236328,18.489077798649216,0.06052760139571545,0.007793972447400874
2023-09-20,30,0.0821917808219178,18.479999542236328,18.50500820127778,0.019925326111758526,0.016453805651265602
2023-09-20,37,0.10136986301369863,18.479999542236328,18.513882564298047,0.013461429792809737,0.018070638077732442
2023-09-20,58,0.1589041095890411,18.479999542236328,18.544439668152894,0.0387764975354103,0.02190600569489356
2023-09-20,121,0.3315068493150685,18.479999542236328,18.61787915682987,0.031188107113573615,0.022422832537161267
2023-09-20,149,0.40821917808219177,18.479999542236328,18.658569584555572,0.029573676888763233,0.023557183930186937
2023-09-20,240,0.6575342465753424,18.479999542236328,18.790811184908396,0.03961895516055344,0.02536589118269791
2023-09-21,22,0.06027397260273973,17.420000076293945,17.449440223571408,0.019619230659530494,0.028015300444286434
2023-09-21,29,0.07945205479452055,17.420000076293945,17.447883336722608,0.07229214279943527,0.020129960591957114
2023-09-21,36,0.09863013698630137,17.420000076293945,17.46486269003463,0.039711601421715675,0.026077631996634067
2023-09-21,43,0.1178082191780822,17.420000076293945,17.485323709574,0.07596245212872235,0.031771196651252505
2023-09-21,57,0.15616438356164383,17.420000076293945,17.48995692817337,0.027502515227107827,0.025664306275041352
2023-09-21,120,0.3287671232876712,17.420000076293945,17.552415449262234,0.04376574308347599,0.02303331609996883
2023-09-21,148,0.4054794520547945,17.420000076293945,17.588383878293588,0.048386709864292575,0.023724263648236432
2023-09-21,239,0.6547945205479452,17.420000076293945,17.70026798619336,0.034196486836842,0.024375286632944256
2023-09-22,21,0.057534246575342465,17.84000015258789,17.89697751930263,0.0025539670246936597,0.05542280300668316
2023-09-22,28,0.07671232876712329,17.84000015258789,17.894780019756094,0.027284917726490335,0.03996639984544981
2023-09-22,35,0.0958904109589041,17.84000015258789,17.914697571191187,-0.015215203757874326,0.04357405031246365
2023-09-22,42,0.11506849315068493,17.84000015258789,17.92680028235181,0.056274887030964484,0.04218078960193904
2023-09-22,56,0.15342465753424658,17.84000015258789,17.939969992414735,0.0032599736790806517,0.03642210027023849
2023-09-22,119,0.32602739726027397,17.84000015258789,18.001009201032176,0.027729914751704752,0.02755807462501598
2023-09-22,147,0.40273972602739727,17.84000015258789,18.046771790320793,0.0413113809403374,0.028613231206779506
2023-09-22,238,0.6520547945205479,17.84000015258789,18.16410244848288,0.038827655728735616,0.027611356990311683
2023-09-25,25,0.0684931506849315,18.219999313354492,18.27056773958691,0.12931713856315472,0.04046522459017875
2023-09-25,32,0.08767123287671233,18.219999313354492,18.250287434003575,0.4820035412075585,0.0189455025660969
2023-09-25,39,0.10684931506849316,18.219999313354492,18.266477775977823,0.05204405326757733,0.02384395589405743
2023-09-25,53,0.14520547945205478,18.219999313354492,18.301204873208828,0.02760254998815703,0.03062586630615348
2023-09-25,116,0.3178082191780822,18.219999313354492,18.366032252948493,-0.07616134302851252,0.025119020482318184
2023-09-25,144,0.39452054794520547,18.219999313354492,18.42153844430837,0.06417342456962569,0.027883702311924385
2023-09-25,235,0.6438356164383562,18.219999313354492,18.46296297522729,-0.11953519295952805,0.02057492561480344
2023-09-26,24,0.06575342465753424,17.239999771118164,17.294015998395018,0.0055308858223286055,0.04757613277667938
2023-09-26,31,0.08493150684931507,17.239999771118164,17.29912162060694,0.03569512814652015,0.040308655845890634
2023-09-26,38,0.10410958904109589,17.239999771118164,17.313632456337174,0.09594822565978278,0.04093707917372919
2023-09-26,52,0.14246575342465753,17.239999771118164,17.333834617843763,0.017569864098388226,0.03810107106817384
2023-09-26,115,0.3150684931506849,17.239999771118164,17.39191939139195,0.03189924366398203,0.027846147075734386
2023-09-26,143,0.3917808219178082,17.239999771118164,17.426162515251715,0.055475942315896996,0.02741435319690942
2023-09-26,234,0.6410958904109589,17.239999771118164,17.550128498402966,0.04349593659350073,0.027810223148717755
2023-09-27,23,0.06301369863013699,17.68000030517578,17.72030385481546,0.10518246177883606,0.036135287592948935
2023-09-27,30,0.0821917808219178,17.68000030517578,17.73979671916043,0.06528314979925343,0.04108006194855298
2023-09-27,37,0.10136986301369863,17.68000030517578,17.75602922683016,0.04794587151794398,0.042330712480703685
2023-09-27,51,0.13972602739726028,17.68000030517578,17.768378596005643,0.05027381315550386,0.03568640526040954
2023-09-27,114,0.31232876712328766,17.68000030517578,17.82706005518504,0.05489750347852854,0.026521592444500003
2023-09-27,142,0.38904109589041097,17.68000030517578,17.865588678887498,0.027132321657458155,0.02684129797918824
2023-09-27,233,0.6383561643835617,17.68000030517578,17.989821747849497,0.02765675115380298,0.027213749956718884
2023-09-28,22,0.06027397260273973,18.639999389648438,18.681186023702093,0.10895211470776363,0.036618557056918015
2023-09-28,29,0.07945205479452055,18.639999389648438,18.684070039292415,0.08562940548947434,0.02972251315294916
2023-09-28,36,0.09863013698630137,18.639999389648438,18.709304469743667,0.054527691663908154,0.03762733118982216
2023-09-28,43,0.1178082191780822,18.639999389648438,18.72280170968959,0.05496596503458537,0.037623413270450164
2023-09-28,50,0.136986301369863,18.639999389648438,18.730923663466584,0.029258852768499915,0.03552218967878874
2023-09-28,113,0.3095890410958904,18.639999389648438,18.796035156435895,0.057261865168130234,0.02692658343847433
2023-09-28,141,0.3863013698630137,18.639999389648438,18.841743893579423,0.038748632238906934,0.027866977817143007
2023-09-28,232,0.6356164383561644,18.639999389648438,18.939526815981417,0.03752836451863565,0.025080105947376644
2023-09-29,21,0.057534246575342465,18.8700008392334,18.91463081094461,-0.017372928557019687,0.04105964461975657
2023-09-29,28,0.07671232876712329,18.8700008392334,18.93387904343269,0.007295073418285627,0.044053616407187524
2023-09-29,35,0.0958904109589041,18.8700008392334,18.942204401513884,0.012332155733344254,0.03982740054677913
2023-09-29,42,0.11506849315068493,18.8700008392334,18.964115993389996,0.21678305710617074,0.043236489280732975
2023-09-29,49,0.13424657534246576,18.8700008392334,18.970603122860357,0.10124599715070975,0.039607513873160166
2023-09-29,112,0.30684931506849317,18.8700008392334,19.038480929530696,0.04099351009260618,0.028968092076640167
2023-09-29,140,0.3835616438356164,18.8700008392334,19.109867683039532,0.04470218959841805,0.03293194356588919
2023-09-29,231,0.6328767123287671,18.8700008392334,19.198979588112987,0.03192176531491592,0.027309785582772708
2023-10-02,25,0.0684931506849315,19.079999923706055,19.144493837131478,0.016490958725230518,0.04926746893885584
2023-10-02,32,0.08767123287671233,19.079999923706055,19.15502108653628,0.0686438453901231,0.04476059978766215
2023-10-02,39,0.10684931506849316,19.079999923706055,19.157750327233586,0.05546730478852314,0.0380600339234411
2023-10-02,46,0.12602739726027398,19.079999923706055,19.172604070906946,0.027820521717695005,0.03841804925200741
2023-10-02,109,0.29863013698630136,19.079999923706055,19.245187592184884,0.043817584104318075,0.028866384130198944
2023-10-02,137,0.37534246575342467,19.079999923706055,19.29221436841862,0.02946872640436706,0.029468959445206878
2023-10-02,228,0.6246575342465753,19.079999923706055,19.42564109160192,0.04053054479216723,0.028740927839649485
2023-10-03,24,0.06575342465753424,17.889999389648438,17.93202879491574,0.06087104823974903,0.03568739855370778
2023-10-03,31,0.08493150684931507,17.889999389648438,17.93676064315726,0.01070872150563839,0.030735481607632342
2023-10-03,38,0.10410958904109589,17.889999389648438,17.951549525289394,0.053413968575778195,0.032989971097922684
2023-10-03,45,0.1232876712328767,17.889999389648438,17.957703918570324,0.056977669858059854,0.030638482195363456
2023-10-03,108,0.2958904109589041,17.889999389648438,18.033350121824785,0.03567381561217436,0.026972704942565973
2023-10-03,136,0.3726027397260274,17.889999389648438,18.063361989209785,0.058331714059568475,0.025882321539958772
2023-10-03,227,0.6219178082191781,17.889999389648438,18.175258126240145,0.04897644843498028,0.025436419370870773
2023-10-04,23,0.06301369863013699,18.639999389648438,18.699456052018643,-0.043221953714316266,0.05053915047200261
2023-10-04,30,0.0821917808219178,18.639999389648438,18.71093392380619,0.027682958587841394,0.04621238578376716
2023-10-04,37,0.10136986301369863,18.639999389648438,18.733099121211445,0.03503756679848291,0.049148623324163324
2023-10-04,44,0.12054794520547946,18.639999389648438,18.731727136349516,0.03205861814002776,0.040721954915953665
2023-10-04,107,0.29315068493150687,18.639999389648438,18.81231992285066,0.025435137071044625,0.03139066089814776
2023-10-04,135,0.3698630136986301,18.639999389648438,18.86135692643966,0.04164713214422832,0.0319184265144189
2023-10-04,226,0.6191780821917808,18.639999389648438,18.9836147974041,0.04325751228671276,0.029501127432934846
2023-10-05,22,0.06027397260273973,18.399999618530273,18.39220413096327,0.010561849595673259,-0.007030523551102818
2023-10-05,29,0.07945205479452055,18.399999618530273,18.40404732155335,0.00572218912933964,0.002768457935757655
2023-10-05,36,0.09863013698630137,18.399999618530273,18.423055874954635,0.016604438426466566,0.012696656999071097
2023-10-05,43,0.1178082191780822,18.399999618530273,18.421125812454218,0.058406229876138645,0.009740441798801076
2023-10-05,50,0.136986301369863,18.399999618530273,18.470542213928358,0.09148902765333292,0.027933496453105493
2023-10-05,106,0.29041095890410956,18.399999618530273,18.50844182344868,0.04455933620889285,0.02023442546605521
2023-10-05,134,0.36712328767123287,18.399999618530273,18.545864998343905,0.051855045084491604,0.02150833097995887
2023-10-05,225,0.6164383561643836,18.399999618530273,18.670068072723254,0.03277332811887095,0.02363733473157079
2023-10-06,21,0.057534246575342465,19.469999313354492,19.50727870786533,0.014225907759516378,0.03324765664794206
2023-10-06,28,0.07671232876712329,19.469999313354492,19.52054793604873,0.059388038867974134,0.03379987297592627
2023-10-06,35,0.0958904109589041,19.469999313354492,19.528287258103585,0.03894273564395555,0.0311737002477252
2023-10-06,42,0.11506849315068493,19.469999313354492,19.550172029288596,0.02984693711647631,0.03571178882233073
2023-10-06,49,0.13424657534246576,19.469999313354492,19.560456231431083,0.056419021596799214,0.034527546947543286
2023-10-06,105,0.2876712328767123,19.469999313354492,19.630155540398988,0.049010355486061086,0.02847746597554643
2023-10-06,133,0.3643835616438356,19.469999313354492,19.66859336668989,0.03154469523472053,0.027850691380880813
2023-10-06,224,0.6136986301369863,19.469999313354492,19.818338259314775,0.05203389272457965,0.028895126679651866
2023-10-09,25,0.0684931506849315,19.3799991607666,19.419760250895454,0.05113835719263226,0.02992349065537846
2023-10-09,32,0.08767123287671233,19.3799991607666,19.428047825938826,0.03515005368549015,0.02824441886240569
2023-10-09,39,0.10684931506849316,19.3799991607666,19.43241306786084,0.01204066574074744,0.02527751729822025
2023-10-09,46,0.12602739726027398,19.3799991607666,19.458654356815153,0.012216640119178487,0.032138742124119636
2023-10-09,102,0.27945205479452057,19.3799991607666,19.526135636159335,0.04164902137469339,0.02688222874194118
2023-10-09,130,0.3561643835616438,19.3799991607666,19.5522640393399,0.03227264974013685,0.024846741041425126
2023-10-09,221,0.6054794520547945,19.3799991607666,19.674192980778646,0.03216347590910709,0.02488311165177798
2023-10-10,24,0.06575342465753424,20.049999237060547,20.12535392459785,0.05860636158982537,0.05705092600445172
2023-10-10,31,0.08493150684931507,20.049999237060547,20.133686745052856,0.04867924616624086,0.04904250653978157
2023-10-10,38,0.10410958904109589,20.049999237060547,20.142516198621003,0.02198032373478029,0.04421974202065099
2023-10-10,45,0.1232876712328767,20.049999237060547,20.16192100221764,0.05349390393334704,0.04515139847794374
2023-10-10,101,0.27671232876712326,20.049999237060547,20.221658243535806,0.05461815222026573,0.030808546308709838
2023-10-10,129,0.35342465753424657,20.049999237060547,20.275446307846448,0.036614609307318455,0.03163756839699181
2023-10-10,220,0.6027397260273972,20.049999237060547,20.40083776070581,0.05665443557092061,0.028780002807877157
2023-10-11,23,0.06301369863013699,20.510000228881836,20.603780869236193,0.04890514100546282,0.07239716365714072
2023-10-11,30,0.0821917808219178,20.510000228881836,20.62048324340642,0.04889849893745979,0.06536335727710613
2023-10-11,37,0.10136986301369863,20.510000228881836,20.6261396952412,0.02398694765747152,0.05570299922958909
2023-10-11,44,0.12054794520547946,20.510000228881836,20.634734136470847,0.031052130919980582,0.05029696492384739
2023-10-11,100,0.273972602739726,20.510000228881836,20.7091769438596,0.044064803729892674,0.03527487533468068
2023-10-11,128,0.3506849315068493,20.510000228881836,20.753991423034872,0.045166195484438745,0.033722585741915015
2023-10-11,219,0.6,20.510000228881836,20.872340630475875,0.044639997574873164,0.029187140717361604
2023-10-12,22,0.06027397260273973,20.68000030517578,20.730361044480333,0.04705505346534218,0.04035371014576599
2023-10-12,29,0.07945205479452055,20.68000030517578,20.748743768140173,0.06220438831035546,0.04176907898561725
2023-10-12,36,0.09863013698630137,20.68000030517578,20.757710976011055,0.074139454829101,0.03802819974351757
2023-10-12,43,0.1178082191780822,20.68000030517578,20.77175483290628,0.034498445064996976,0.03757852192470925
2023-10-12,50,0.136986301369863,20.68000030517578,20.78728280530348,0.03915683882021529,0.03777262166857655
2023-10-12,99,0.27123287671232876,20.68000030517578,20.835133307301014,0.02908284479494325,0.0275541770077772
2023-10-12,127,0.34794520547945207,20.68000030517578,20.89263654006297,0.06267516748763821,0.0294003586665834
2023-10-12,218,0.5972602739726027,20.68000030517578,21.036496241527484,0.036268218959828895,0.02861697304365381
2023-10-13,21,0.057534246575342465,18.979999542236328,19.014121738834255,0.03796301843488726,0.0312193788753195
2023-10-13,28,0.07671232876712329,18.979999542236328,19.02914922409995,0.026097962873002756,0.03371301846589242
2023-10-13,35,0.0958904109589041,18.979999542236328,19.04214749838388,0.03656361523794416,0.03409144551002904
2023-10-13,42,0.11506849315068493,18.979999542236328,19.05188240050228,0.08734219683059859,0.03285122798211501
2023-10-13,49,0.13424657534246576,18.979999542236328,19.06641629366895,0.057101413175270635,0.0338385475036326
2023-10-13,98,0.2684931506849315,18.979999542236328,19.102978436585982,0.03555180349161816,0.02405459097773982
2023-10-13,126,0.3452054794520548,18.979999542236328,19.151576832097625,0.049669450854387086,0.026069355240918444
2023-10-13,217,0.5945205479452055,18.979999542236328,19.25641022004397,0.042585335323012306,0.024319150502638408
2023-10-16,25,0.0684931506849315,19.809999465942383,19.811274651184938,0.1055407165277992,0.0009397832332540575
2023-10-16,32,0.08767123287671233,19.809999465942383,19.828203260958425,0.02446758222300062,0.010476612823737996
2023-10-16,39,0.10684931506849316,19.809999465942383,19.835943584796663,0.10332060239499231,0.012248939442426962
2023-10-16,46,0.12602739726027398,19.809999465942383,19.860948152616295,0.038100398716134104,0.020381009251735333
2023-10-16,95,0.2602739726027397,19.809999465942383,19.929021407514806,0.066435874546727,0.02301497044971009
2023-10-16,123,0.336986301369863,19.809999465942383,19.966060956302147,0.02811159951791113,0.023285949996847702
2023-10-16,214,0.5863013698630137,19.809999465942383,20.115151890021743,0.030732639660466854,0.026072807415936178
2023-10-17,24,0.06575342465753424,19.299999237060547,19.346264191557427,0.06821766709181902,0.03641299951627639
2023-10-17,31,0.08493150684931507,19.299999237060547,19.357193979835028,0.025257823599685304,0.03484073243390129
2023-10-17,38,0.10410958904109589,19.299999237060547,19.369719235246897,0.04443482725078116,0.03463586920414799
2023-10-17,45,0.1232876712328767,19.299999237060547,19.385925261324335,0.03040288150631212,0.03603153784186891
2023-10-17,94,0.25753424657534246,19.299999237060547,19.420646321821863,0.05024768172227839,0.024197508716626716
2023-10-17,122,0.33424657534246577,19.299999237060547,19.47141337598596,0.026617161503676115,0.02645458030678657
2023-10-17,213,0.5835616438356165,19.299999237060547,19.590007402619346,0.04841388981949702,0.025557802866387244
2023-10-18,23,0.06301369863013699,18.280000686645508,18.328373157585876,0.06650244487705878,0.04193852107962395
2023-10-18,30,0.0821917808219178,18.280000686645508,18.332332315114748,0.012172618001261435,0.03478073431037847
2023-10-18,37,0.10136986301369863,18.280000686645508,18.352592175422153,0.039538573146963324,0.039096668212797274
2023-10-18,44,0.12054794520547946,18.280000686645508,18.369236381264106,0.01963070036887004,0.04039659052336245
2023-10-18,93,0.2547945205479452,18.280000686645508,18.40942285741836,0.06159476294032708,0.02768914238347962
2023-10-18,121,0.3315068493150685,18.280000686645508,18.454281536739327,0.047778573094553044,0.02862324445853864
2023-10-18,212,0.5808219178082191,18.280000686645508,18.572649561960638,0.04358956209281071,0.027344769209845327
2023-10-19,22,0.06027397260273973,17.43000030517578,17.46674868813093,0.03472633099496605,0.034942470218795686
2023-10-19,29,0.07945205479452055,17.43000030517578,17.484218534994564,-0.041286763660951714,0.03909022909688881
2023-10-19,36,0.09863013698630137,17.43000030517578,17.49632425241539,0.10935024587351876,0.03850688261980254
2023-10-19,43,0.1178082191780822,17.43000030517578,17.517806575714925,0.037896160436547,0.04265411373720487
2023-10-19,57,0.15616438356164383,17.43000030517578,17.529482502943043,0.06897921751575925,0.036444294617348015
2023-10-19,92,0.25205479452054796,17.43000030517578,17.537884316747114,0.04044593528135263,0.02448071721086772
2023-10-19,120,0.3287671232876712,17.43000030517578,17.58392686956454,0.05215336603591045,0.026743433482337094
2023-10-19,211,0.5780821917808219,17.43000030517578,17.692307642147306,0.043796123523412674,0.02583901008939834
2023-10-20,21,0.057534246575342465,16.639999389648438,16.66690934023826,0.01897121991804308,0.02808550474253163
2023-10-20,28,0.07671232876712329,16.639999389648438,16.690547279992785,-0.06501641352556792,0.03953900714420006
2023-10-20,35,0.0958904109589041,16.639999389648438,16.694382016458512,0.022144580396493852,0.034026946797413166
2023-10-20,42,0.11506849315068493,16.639999389648438,16.71058047021048,0.015947043374328798,0.036784015058202224
2023-10-20,56,0.15342465753424658,16.639999389648438,16.721047307756614,0.04578547107123344,0.03166925762394132
2023-10-20,91,0.2493150684931507,16.639999389648438,16.738383831791502,0.0403116514316074,0.02364524707496469
2023-10-20,119,0.32602739726027397,16.639999389648438,16.77597568918082,0.04168997301332971,0.024962459630400877
2023-10-20,210,0.5753424657534246,16.639999389648438,16.8880410275007,0.030685739544176374,0.02571745021147442
2023-10-23,25,0.0684931506849315,16.389999389648438,16.437648611070983,0.08964410942126372,0.042383732231825864
2023-10-23,32,0.08767123287671233,16.389999389648438,16.452635059585646,0.007606464363113065,0.043506800741753573
2023-10-23,39,0.10684931506849316,16.389999389648438,16.464511151750933,0.031147788915370282,0.04245108845554795
2023-10-23,53,0.14520547945205478,16.389999389648438,16.479798005036148,0.06921459368954262,0.037628827330710025
2023-10-23,88,0.2410958904109589,16.389999389648438,16.502787708796603,0.05637551180702061,0.028444960865413746
2023-10-23,207,0.5671232876712329,16.389999389648438,16.615778855416806,0.04283507194762532,0.024124246229052303
2023-10-24,24,0.06575342465753424,17.040000915527344,17.07280012199985,0.015215796070249768,0.029245409561579113
2023-10-24,31,0.08493150684931507,17.040000915527344,17.079184481974742,0.013923427184486855,0.02704373464485589
2023-10-24,38,0.10410958904109589,17.040000915527344,17.09176987165722,0.013981157437471517,0.029137358940342313
2023-10-24,52,0.14246575342465753,17.040000915527344,17.118541016951372,0.09184831267156043,0.03227843091953461
2023-10-24,87,0.23835616438356164,17.040000915527344,17.119554234078386,0.0548977913847403,0.019541166591136413
2023-10-24,115,0.3150684931506849,17.040000915527344,17.169440209098482,0.027093279303569712,0.024018575532091312
2023-10-24,206,0.5643835616438356,17.040000915527344,17.279792893585416,0.06312563184937452,0.024760116700009313
2023-10-25,23,0.06301369863013699,14.970000267028809,14.988870310327961,0.0264712525144919,0.019991369275366357
2023-10-25,30,0.0821917808219178,14.970000267028809,14.998887804271321,0.012172452077659735,0.02345533437660373
2023-10-25,37,0.10136986301369863,14.970000267028809,15.0084538966824,0.05418566566150368,0.02530751359445257
2023-10-25,51,0.13972602739726028,14.970000267028809,15.021148063963112,0.05027415682699948,0.024411077110186967
2023-10-25,86,0.2356164383561644,14.970000267028809,15.034274211137879,0.03409030441498562,0.018183475438236844
2023-10-25,205,0.5616438356164384,14.970000267028809,15.149974502562404,0.047819170777619095,0.021277955757373446
2023-10-26,22,0.06027397260273973,14.729999542236328,14.730009523267665,-0.007898403707586075,1.1241977773434272e-05
2023-10-26,29,0.07945205479452055,14.729999542236328,14.73423043013008,0.1159060784448541,0.0036146086833304604
2023-10-26,36,0.09863013698630137,14.729999542236328,14.75133085514987,0.028859955684890155,0.014672054911467676
2023-10-26,43,0.1178082191780822,14.729999542236328,14.730198294288694,0.18490350110576081,0.00011453292908111758
2023-10-27,21,0.057534246575342465,15.100000381469727,15.15164140261926,-0.0028956145006465398,0.05934031665161228
2023-10-27,28,0.07671232876712329,15.100000381469727,15.152777803054555,-1.0359853398231631e-07,0.045482902910712004
2023-10-27,35,0.0958904109589041,15.100000381469727,15.166044886372433,0.042375931559557274,0.04551311041512915
2023-10-27,42,0.11506849315068493,15.100000381469727,15.173903283853234,0.08441670412970247,0.04242945980395859
2023-10-27,49,0.13424657534246576,15.100000381469727,15.17806844267706,0.04482791904605105,0.03841253461397003
2023-10-27,84,0.23013698630136986,15.100000381469727,15.201111693162442,0.045866124962752934,0.028999223068563236
2023-10-27,203,0.5561643835616439,15.100000381469727,15.318647433910295,0.04367884923914679,0.025848659411199352
2023-10-30,25,0.0684931506849315,14.529999732971191,14.539025507485022,0.051189701741591716,0.009066441756928756
2023-10-30,32,0.08767123287671233,14.529999732971191,14.555239379544485,0.04953484808527754,0.019796281534949434
2023-10-30,39,0.10684931506849316,14.529999732971191,14.564145474310276,0.03751070961329763,0.021967943179596515
2023-10-31,24,0.06575342465753424,14.899999618530273,14.945939927797529,0.04823560540708045,0.0468188369460649
2023-10-31,31,0.08493150684931507,14.899999618530273,14.960926525778898,0.03755714846180935,0.04804714966050021
2023-10-31,38,0.10410958904109589,14.899999618530273,14.969362734429371,0.025648261748129255,0.04461107481446497
2023-10-31,45,0.1232876712328767,14.899999618530273,14.974924749881684,0.024370077187925623,0.040684778450862075
2023-10-31,80,0.2191780821917808,14.899999618530273,14.982871577415821,0.034347573064234166,0.025305753201827666
2023-10-31,199,0.5452054794520548,14.899999618530273,15.105101714467882,0.03705509199619737,0.02507561242417526
2023-11-01,23,0.06301369863013699,15.949999809265137,16.008932038538255,0.0768885997471629,0.05852698208696596
2023-11-01,30,0.0821917808219178,15.949999809265137,16.030941710093543,-0.0729641155880198,0.06158638130835728
2023-11-01,37,0.10136986301369863,15.949999809265137,16.03277779923986,-7.839889496209235e-08,0.05106470227756834
2023-11-01,44,0.12054794520547946,15.949999809265137,16.045977013137698,-0.004147082093231786,0.04976731446872834
2023-11-01,79,0.21643835616438356,15.949999809265137,16.059475845410162,0.037110631168540194,0.031603702608809625
2023-11-01,198,0.5424657534246575,15.949999809265137,16.196337672397792,0.03160778765089307,0.028253082717879692
2023-11-02,22,0.06027397260273973,17.079999923706055,17.11450730499029,0.06044100871054353,0.03348543766796798
2023-11-02,29,0.07945205479452055,17.079999923706055,17.12731596056176,0.07037442371104635,0.03481885636458779
2023-11-02,36,0.09863013698630137,17.079999923706055,17.136559951972078,0.03940332338948339,0.03351922966729353
2023-11-02,43,0.1178082191780822,17.079999923706055,17.147812945922286,0.04681465757362235,0.03363480574541774
2023-11-02,50,0.136986301369863,17.079999923706055,17.133178718317723,0.051502212835589485,0.02269333214298291
2023-11-02,78,0.2136986301369863,17.079999923706055,17.170597128157723,0.016407198265387207,0.024755740452523503
2023-11-02,106,0.29041095890410956,17.079999923706055,17.23446185027116,0.03634657460027475,0.03100017776363901
2023-11-02,197,0.5397260273972603,17.079999923706055,17.339331683190764,0.05166545129271939,0.027920174377285487
2023-11-03,21,0.057534246575342465,18.3799991607666,18.41255237360477,0.03479679311058022,0.030756550781865365
2023-11-03,28,0.07671232876712329,18.3799991607666,18.445315324508172,0.033224061337593015,0.04624230660540585
2023-11-03,35,0.0958904109589041,18.3799991607666,18.455732039417697,0.04179794287803047,0.04288156209079843
2023-11-03,42,0.11506849315068493,18.3799991607666,18.46816044177649,0.04730510424805187,0.04158497920819364
2023-11-03,49,0.13424657534246576,18.3799991607666,18.438580564019624,0.006774953922072829,0.023703904321495394
2023-11-03,77,0.21095890410958903,18.3799991607666,18.47901982602881,0.03329833743647308,0.025469196690731125
2023-11-03,105,0.2876712328767123,18.3799991607666,18.544567749986697,0.03142702166613139,0.030986175236718965
2023-11-03,196,0.536986301369863,18.3799991607666,18.672997471557764,0.04169892001705921,0.02945219183965878
2023-11-06,25,0.0684931506849315,18.25,18.327943395097133,-0.010614207007765362,0.06222193951797635
2023-11-06,32,0.08767123287671233,18.25,18.347921358574705,0.04918706401787687,0.061037245835913724
2023-11-06,39,0.10684931506849316,18.25,18.3597776363035,0.09878880234597735,0.056127582794625194
2023-11-06,46,0.12602739726027398,18.25,18.34823813031375,0.019259126181536152,0.04259768337901388
2023-11-06,74,0.20273972602739726,18.25,18.379032322995428,0.03961775060733143,0.03475089605317246
2023-11-06,102,0.27945205479452057,18.25,18.422120823821786,0.05226745330356985,0.03359102581336479
2023-11-06,193,0.5287671232876713,18.25,18.53292506921745,0.039172271791105696,0.02909372198160788
2023-11-07,24,0.06575342465753424,18.600000381469727,18.644353316194362,0.02767639279981266,0.03622210979653504
2023-11-07,31,0.08493150684931507,18.600000381469727,18.65616440643862,0.05364088620928936,0.03549944580438788
2023-11-07,38,0.10410958904109589,18.600000381469727,18.66877790714835,0.07300217690650256,0.03545203324542718
2023-11-07,45,0.1232876712328767,18.600000381469727,18.652786622060415,0.027328931203626543,0.022986486840885598
2023-11-07,73,0.2,18.600000381469727,18.693268002110624,0.04160104955040996,0.025009289648062285
2023-11-07,101,0.27671232876712326,18.600000381469727,18.729884978259662,0.05095185900405012,0.02514804525190706
2023-11-07,192,0.5260273972602739,18.600000381469727,18.84384178314697,0.049523534451443,0.024760237779604937
2023-11-08,23,0.06301369863013699,18.670000076293945,18.720246221572193,0.05057442160374625,0.04265203032135293
2023-11-08,30,0.0821917808219178,18.670000076293945,18.73246289252213,0.009958346568689505,0.0406371618493885
2023-11-08,37,0.10136986301369863,18.670000076293945,18.741518115376195,0.06220309392931695,0.03771654744161577
2023-11-08,44,0.12054794520547946,18.670000076293945,18.73620967055102,0.010564601502429317,0.029366207211642844
2023-11-08,72,0.19726027397260273,18.670000076293945,18.77274252641059,0.0356108089213785,0.027821062987805775
2023-11-08,100,0.273972602739726,18.670000076293945,18.81207824065498,0.044065206380138104,0.02767123953452841
2023-11-08,191,0.5232876712328767,18.670000076293945,18.939862799921166,0.05820747728852583,0.027424460670839132
2023-11-09,22,0.06027397260273973,18.389999389648438,18.40457147588184,-0.004523561018962175,0.01314129584426129
2023-11-09,29,0.07945205479452055,18.389999389648438,18.415740534586057,0.025197377089816134,0.01760504907274268
2023-11-09,36,0.09863013698630137,18.389999389648438,18.42569530764216,0.018847233745001454,0.019661020263942532
2023-11-09,43,0.1178082191780822,18.389999389648438,18.418032768197065,0.01544736273079786,0.01292966671698554
2023-11-09,50,0.136986301369863,18.389999389648438,18.426873840829973,0.03992708746394328,0.014622837846595235
2023-11-09,71,0.19452054794520549,18.389999389648438,18.448955244564843,0.021341970230064768,0.016454493775887695
2023-11-09,99,0.27123287671232876,18.389999389648438,18.5008407184168,0.03226929165739308,0.022155020204019615
2023-11-09,190,0.5205479452054794,18.389999389648438,18.62375056666123,0.04582406804822247,0.024264187450247013
2023-11-10,21,0.057534246575342465,20.600000381469727,20.644609433212135,0.06453840990681628,0.03759754837842483
2023-11-10,28,0.07671232876712329,20.600000381469727,20.66592955984647,0.049776860456691094,0.04165347369513282
2023-11-10,35,0.0958904109589041,20.600000381469727,20.669578534900584,0.025357167503087186,0.03516398516576606
2023-11-10,42,0.11506849315068493,20.600000381469727,20.669343626708386,0.025866880105534437,0.029204553807524205
2023-11-10,49,0.13424657534246576,20.600000381469727,20.678868210437045,0.03132012655607108,0.028464227985381924
2023-11-10,70,0.1917808219178082,20.600000381469727,20.703008452297315,0.056168827309869246,0.026008498699201032
2023-11-10,98,0.2684931506849315,20.600000381469727,20.754284500740884,0.0508925615103966,0.027790701524932203
2023-11-10,189,0.5178082191780822,20.600000381469727,20.888319984963704,0.04606645606998366,0.02684209236589539
2023-11-13,25,0.0684931506849315,20.020000457763672,20.050218630474827,0.04499248380925965,0.022020613575745543
2023-11-13,32,0.08767123287671233,20.020000457763672,20.06069755521436,0.06864318096281379,0.023163340477571827
2023-11-13,39,0.10684931506849316,20.020000457763672,20.06438990821173,0.030811053619510594,0.020728263275660845
2023-11-13,46,0.12602739726027398,20.020000457763672,20.04169734439638,0.014718070770363075,0.008594747851110904
2023-11-13,67,0.18356164383561643,20.020000457763672,20.08993555223958,0.04532657280428836,0.0189972918317942
2023-11-13,95,0.2602739726027397,20.020000457763672,20.134003449909702,0.01925902370670278,0.02181663746666018
2023-11-13,186,0.5095890410958904,20.020000457763672,20.304136244979322,0.04250769397991417,0.02765527378676976
2023-11-14,24,0.06575342465753424,22.139999389648438,22.223059994600952,0.025089221371289425,0.05694895079725409
2023-11-14,31,0.08493150684931507,22.139999389648438,22.233524388136964,0.03368867048972812,0.049632437122958215
2023-11-14,38,0.10410958904109589,22.139999389648438,22.225433528151036,0.018489300213638364,0.03699359358760344
2023-11-14,45,0.1232876712328767,22.139999389648438,22.23228976658008,0.03976146383479501,0.033740814164506874
2023-11-14,66,0.18082191780821918,22.139999389648438,22.277377478101716,0.047606874188278116,0.03420935386188404
2023-11-14,94,0.25753424657534246,22.139999389648438,22.323348981799153,0.04042597295525554,0.032023976003409935
2023-11-14,185,0.5068493150684932,22.139999389648438,22.452967976590216,0.04453863036515755,0.027694443253933602
2023-11-15,23,0.06301369863013699,22.6299991607666,22.724631504024913,0.06708926982237529,0.06622372623553059
2023-11-15,30,0.0821917808219178,22.6299991607666,22.725595558347624,0.036990923310956526,0.051287662897047566
2023-11-15,37,0.10136986301369863,22.6299991607666,22.718625180733262,0.07240194709618933,0.038558383468397614
2023-11-15,44,0.12054794520547946,22.6299991607666,22.725450822687854,0.02002631526976005,0.03491602848331876
2023-11-15,65,0.1780821917808219,22.6299991607666,22.77007363592028,0.0331883432501966,0.03465080561407726
2023-11-15,93,0.2547945205479452,22.6299991607666,22.824675385217123,0.03944455866298169,0.03361839141883648
2023-11-15,184,0.5041095890410959,22.6299991607666,22.967033017033394,0.05022275978915698,0.029325802127127373
2023-11-16,22,0.06027397260273973,22.719999313354492,22.74406016158031,0.17335902833754235,0.017560745232334418
2023-11-16,29,0.07945205479452055,22.719999313354492,22.770691525731216,0.04052062273810652,0.028050703356633504
2023-11-16,36,0.09863013698630137,22.719999313354492,22.745165186800524,-0.0483786740954764,0.011224154735817527
2023-11-16,43,0.1178082191780822,22.719999313354492,22.728345292685006,0.13339315162389737,0.003117551560943014
2023-11-16,64,0.17534246575342466,22.719999313354492,22.811882995651,0.02961062693827153,0.02301792987076671
2023-11-16,92,0.25205479452054796,22.719999313354492,22.863930967163732,0.031295370305295445,0.02505422792407773
2023-11-16,183,0.5013698630136987,22.719999313354492,23.01089929367898,0.03412620372619431,0.025375323336936307
2023-11-17,21,0.057534246575342465,23.1299991607666,23.181156524537755,0.05168671075122345,0.03839956278992817
2023-11-17,28,0.07671232876712329,23.1299991607666,23.195051959585523,0.05131271153559414,0.036611303637999006
2023-11-17,35,0.0958904109589041,23.1299991607666,23.1832303295389,0.06403530980174549,0.02397264437520714
2023-11-17,42,0.11506849315068493,23.1299991607666,23.193810929855857,0.028375379233893595,0.023942547455520383
2023-11-17,63,0.1726027397260274,23.1299991607666,23.23350803831688,0.06973475258244091,0.025869280524682785
2023-11-17,91,0.2493150684931507,23.1299991607666,23.27717792456092,0.031639413168848024,0.02544151230670137
2023-11-17,182,0.4986301369863014,23.1299991607666,23.44242959488502,0.030673942102714367,0.02690806279247723
2023-11-20,25,0.0684931506849315,24.18000030517578,24.236286902121392,0.08688714607576421,0.03394662139667553
2023-11-20,32,0.08767123287671233,24.18000030517578,24.222203667673554,0.06076654241113171,0.01989092173375451
2023-11-20,39,0.10684931506849316,24.18000030517578,24.22054475275458,0.05256707452625743,0.015679762845282663
2023-11-20,60,0.1643835616438356,24.18000030517578,24.27054181203682,0.028309322382252845,0.02273637337500055
2023-11-20,88,0.2410958904109589,24.18000030517578,24.327620458234005,0.04243388701188835,0.02524510645585999
2023-11-20,179,0.4904109589041096,24.18000030517578,24.488073413470964,0.05536394490243778,0.025815780699195618
2023-11-21,24,0.06575342465753424,22.84000015258789,22.894197006306314,-0.03429149345200926,0.0360449840165919
2023-11-21,31,0.08493150684931507,22.84000015258789,22.857281807267636,-0.02932941902008626,0.008905455554872505
2023-11-21,38,0.10410958904109589,22.84000015258789,22.873466112562415,0.2232605044904372,0.014063663776819233
2023-11-21,59,0.16164383561643836,22.84000015258789,22.917281156535868,0.04323516919846542,0.020896993325113477
2023-11-21,87,0.23835616438356164,22.84000015258789,23.14146839486756,-0.26561124594777774,0.05501340950310076
2023-11-21,178,0.4876712328767123,22.84000015258789,23.118518615324955,0.07457406559683899,0.024853991242645146
2023-11-22,23,0.06301369863013699,23.0,23.042097773151017,0.027340429942170643,0.029020117458124543
2023-11-22,30,0.0821917808219178,23.0,23.021877885570483,0.03322701355495685,0.011567583653168666
2023-11-22,37,0.10136986301369863,23.0,23.03175594812398,0.05518325654230658,0.013610959657882126
2023-11-22,44,0.12054794520547946,23.0,23.16366318091945,2.87198428078278,0.058819689458273705
2023-11-22,58,0.1589041095890411,23.0,23.07196833588417,0.04737632998183892,0.019660742419193505
2023-11-22,86,0.2356164383561644,23.0,23.118428139418583,0.02051241915279053,0.021797454160096257
2023-11-22,177,0.4849315068493151,23.0,23.284671650665043,0.04466923493088573,0.02536659076133667
2023-11-24,21,0.057534246575342465,23.09000015258789,23.13023962935759,-0.030452886787706284,0.030263824228158608
2023-11-24,28,0.07671232876712329,23.09000015258789,23.101549884429513,-0.03990865929132362,0.006518898256541849
2023-11-24,35,0.0958904109589041,23.09000015258789,23.103968400645865,-0.0066175255910119034,0.0063068353556364155
2023-11-24,42,0.11506849315068493,23.09000015258789,23.115572795584768,-0.01393199369154066,0.00961955251729335
2023-11-24,56,0.15342465753424658,23.09000015258789,23.140602542965194,0.02799412206573301,0.014268439693686479
2023-11-24,84,0.23013698630136986,23.09000015258789,23.20236805000743,0.02022135345146464,0.021094890863014963
2023-11-24,175,0.4794520547945205,23.09000015258789,23.34928761236955,0.04746449101964086,0.023290847242796064
2023-11-27,25,0.0684931506849315,22.969999313354492,22.97318487883098,-0.011932969979768728,0.00202464225538767
2023-11-27,32,0.08767123287671233,22.969999313354492,22.974336632834145,0.03668905820166326,0.002153586484293537
2023-11-27,39,0.10684931506849316,22.969999313354492,22.988060543515545,0.012864375158421308,0.007356037186834818
2023-11-27,53,0.14520547945205478,22.969999313354492,23.016458047493153,0.012308913341814342,0.01391504311697684
2023-11-27,81,0.2219178082191781,22.969999313354492,23.14794132524362,-0.10498488261445937,0.034773514558134294
2023-11-27,172,0.4712328767123288,22.969999313354492,23.21410286097825,0.04829224913644043,0.02243262225565709
2023-11-28,24,0.06575342465753424,22.540000915527344,22.553975357073345,-0.009568886458795724,0.009426002741358401
2023-11-28,31,0.08493150684931507,22.540000915527344,22.558691564520085,0.0615017188969766,0.009759366371093887
2023-11-28,38,0.10410958904109589,22.540000915527344,22.544863465820427,1.1021564494539215,0.0020719181927482165
2023-11-28,52,0.14246575342465753,22.540000915527344,22.587713015536643,0.01706761186764521,0.01484242546599834
2023-11-28,80,0.2191780821917808,22.540000915527344,22.653154544990972,0.04453803441663474,0.02284702220825953
2023-11-28,171,0.4684931506849315,22.540000915527344,22.766497402952446,0.03226021333309917,0.02134181453938389
2023-11-29,23,0.06301369863013699,23.219999313354492,23.346035069678337,0.6511177225551836,0.08590542722176132
2023-11-29,30,0.0821917808219178,23.219999313354492,23.258948793392534,-0.08134019769689121,0.020391401728926995
2023-11-29,37,0.10136986301369863,23.219999313354492,23.32148680074371,0.1571313218491649,0.04302234496494619
2023-11-29,51,0.13972602739726028,23.219999313354492,23.292122739335873,0.03458956955176363,0.022195412782194144
2023-11-29,79,0.21643835616438356,23.219999313354492,23.35283518617688,0.03727699359263091,0.02635600914796906
2023-11-29,170,0.4657534246575342,23.219999313354492,23.479037535037985,0.044159031553805815,0.02381959206806487
2023-11-30,22,0.06027397260273973,22.809999465942383,22.766485801131882,-0.17085312803456015,-0.03167999779738669
2023-11-30,29,0.07945205479452055,22.809999465942383,22.720628587912184,-0.7069763572834729,-0.04941033559695355
2023-11-30,36,0.09863013698630137,22.809999465942383,22.809416363233243,0.5231068085011504,-0.0002591884824316465
2023-11-30,43,0.1178082191780822,22.809999465942383,22.668925686459175,-0.22114949136621276,-0.05266134015400537
2023-11-30,50,0.136986301369863,22.809999465942383,22.915422018373732,0.6044363140268388,0.03366118764444507
2023-11-30,78,0.2136986301369863,22.809999465942383,22.892453921350274,0.017580705295406427,0.016885088524397542
2023-11-30,169,0.46301369863013697,22.809999465942383,23.008024883333817,0.04560169919328717,0.01866910242297836
2023-12-01,21,0.057534246575342465,23.06999969482422,23.11938132940916,0.21155500580607525,0.03716439351187288
2023-12-01,28,0.07671232876712329,23.06999969482422,23.125086080686124,0.0033659350957567944,0.03108948562152989
2023-12-01,35,0.0958904109589041,23.06999969482422,23.149323272803112,0.8431768775552685,0.035795955371487734
2023-12-01,42,0.11506849315068493,23.06999969482422,23.149104322112816,0.13978386332715342,0.02974776624870518
2023-12-01,49,0.13424657534246576,23.06999969482422,23.12789650939794,0.044025353291077124,0.018670651757420734
2023-12-01,77,0.21095890410958903,23.06999969482422,23.194378908999916,0.07250175807388791,0.02548791185560784
2023-12-01,168,0.4602739726027397,23.06999969482422,23.345942079195037,-0.011993737433445863,0.025832708352700712
2023-12-04,25,0.0684931506849315,22.309999465942383,22.28181971785237,0.034535765100696135,-0.01845290837708061
2023-12-04,32,0.08767123287671233,22.309999465942383,22.27325372052355,0.19621095942415023,-0.01880218349423106
2023-12-04,39,0.10684931506849316,22.309999465942383,22.29614839930374,0.08845240405340893,-0.005812283189016254
2023-12-04,46,0.12602739726027398,22.309999465942383,22.368882405339107,0.17767347264873676,0.02091473977915631
2023-12-04,74,0.20273972602739726,22.309999465942383,22.392439252423316,0.03979600575342133,0.01819270488173845
2023-12-04,165,0.4520547945205479,22.309999465942383,22.521453104617606,0.04912908859705702,0.02086769539800654
2023-12-05,24,0.06575342465753424,21.93000030517578,21.8719606449443,0.08715428851533626,-0.040303538782279984
2023-12-05,31,0.08493150684931507,21.93000030517578,21.81881342966591,0.2292919692100327,-0.059847959255228365
2023-12-05,38,0.10410958904109589,21.93000030517578,21.83582176502178,0.3871599301870961,-0.04133869834969634
2023-12-05,45,0.1232876712328767,21.93000030517578,21.935994187833423,0.055227255347038644,0.002216616724984702
2023-12-05,73,0.2,21.93000030517578,21.994235158233167,0.043942466598572365,0.014624022062309536
2023-12-05,164,0.44931506849315067,21.93000030517578,22.11899966014796,0.048616365300845996,0.01909879406891494
2023-12-06,23,0.06301369863013699,21.469999313354492,21.479291085745114,-0.04614617989890316,0.0068665344115563225
2023-12-06,30,0.0821917808219178,21.469999313354492,21.530548618038285,0.37748064101302276,0.034263921243561896
2023-12-06,37,0.10136986301369863,21.469999313354492,21.509663694085,0.04944822123622659,0.01820786109327631
2023-12-06,44,0.12054794520547946,21.469999313354492,21.51670481392514,0.01898303518074656,0.01802620216330265
2023-12-06,72,0.19726027397260273,21.469999313354492,21.561421265656755,0.04875567448467761,0.02154050223134888
2023-12-06,163,0.4465753424657534,21.469999313354492,21.67707585396797,0.037093337236682705,0.02149404382266303
2023-12-07,22,0.06027397260273973,23.18000030517578,23.166480993713332,-0.22796853550015228,-0.009679167329250768
2023-12-07,29,0.07945205479452055,23.18000030517578,23.201085408627268,-0.0035956409586400022,0.011443522232099212
2023-12-07,36,0.09863013698630137,23.18000030517578,23.238563379098554,0.007133159615124346,0.02558307570943529
2023-12-07,43,0.1178082191780822,23.18000030517578,23.22360688924824,-0.025729574641829886,0.015953458907586145
2023-12-07,50,0.136986301369863,23.18000030517578,23.292343157590473,0.09674147688905177,0.03529430018174582
2023-12-07,71,0.19452054794520549,23.18000030517578,23.288976142508535,-0.005505138135486406,0.02411195451221149
2023-12-07,162,0.4438356164383562,23.18000030517578,23.44183909329903,0.05745599243558901,0.025307951299188485
2023-12-08,21,0.057534246575342465,23.700000762939453,23.700796172083518,-0.22283575327237962,0.0005833221950515862
2023-12-08,28,0.07671232876712329,23.700000762939453,23.721388327595484,0.01834910674327134,0.01175849996695672
2023-12-08,35,0.0958904109589041,23.700000762939453,23.746028257375876,0.1140751644726076,0.02023356533289635
2023-12-08,42,0.11506849315068493,23.700000762939453,23.74693585287163,0.08107420280332288,0.017193456256254354
2023-12-08,49,0.13424657534246576,23.700000762939453,23.706152625151383,0.4226910405381612,0.0019332973907640015
2023-12-08,70,0.1917808219178082,23.700000762939453,23.8052460554402,0.0317549414989104,0.023103971025439027
2023-12-08,161,0.4410958904109589,23.700000762939453,23.923981741994247,0.030568039593607522,0.021324831826697973
2023-12-11,25,0.0684931506849315,26.110000610351562,26.129934502457157,0.053937387279963785,0.011142235848443122
2023-12-11,32,0.08767123287671233,26.110000610351562,26.145990838730068,0.0328683867529679,0.01571163787988238
2023-12-11,39,0.10684931506849316,26.110000610351562,26.15311541607132,0.03404396090880871,0.015441499988489291
2023-12-11,46,0.12602739726027398,26.110000610351562,26.194346139091135,0.08592493653881253,0.025591143233265116
2023-12-11,67,0.18356164383561643,26.110000610351562,26.220244203191676,0.05638959261596874,0.022953519808464048
2023-12-11,158,0.4328767123287671,26.110000610351562,26.359574658807635,0.04863610719928242,0.021976621261688006
2023-12-12,24,0.06575342465753424,26.649999618530273,26.674175029101452,0.2092734301482084,0.01378990786286292
2023-12-12,31,0.08493150684931507,26.649999618530273,26.781250369339638,-0.12239893865292854,0.05784535649362095
2023-12-12,38,0.10410958904109589,26.649999618530273,26.705438866233745,0.049870899543608196,0.019960805129853734
2023-12-12,45,0.1232876712328767,26.649999618530273,26.866156392048094,-0.3496782294394766,0.06552343339543786
2023-12-12,66,0.18082191780821918,26.649999618530273,26.795836663128224,0.027389996385071988,0.030181024660173236
2023-12-12,157,0.4301369863013699,26.649999618530273,26.92279739451695,0.03977741516698904,0.023676825070155626
2023-12-13,23,0.06301369863013699,27.920000076293945,27.915917028245865,0.004413631258040215,-0.0023209504118626764
2023-12-13,30,0.0821917808219178,27.920000076293945,27.933816607788827,-0.04907408705774073,0.006019324966362243
2023-12-13,37,0.10136986301369863,27.920000076293945,27.96710716841721,0.03458755763763547,0.016630139970993003
2023-12-13,44,0.12054794520547946,27.920000076293945,27.973042842531132,0.026673927783699897,0.015744857155783543
2023-12-13,65,0.1780821917808219,27.920000076293945,28.051570985041984,0.050295290513047215,0.02639992423431115
2023-12-13,156,0.4273972602739726,27.920000076293945,28.16925891943396,0.0570953628508174,0.020795625761475815
2023-12-14,22,0.06027397260273973,30.190000534057617,30.221139618229948,-0.014679101754506816,0.01710365866723708
2023-12-14,29,0.07945205479452055,30.190000534057617,30.246110995044276,0.0100356211025163,0.023370731706094564
2023-12-14,36,0.09863013698630137,30.190000534057617,30.26255892591592,-0.00844558778493763,0.02433848402272714
2023-12-14,43,0.1178082191780822,30.190000534057617,30.28052425805548,0.03348091192454752,0.02541402209326046
2023-12-14,64,0.17534246575342466,30.190000534057617,30.34380438760981,0.0448502162240309,0.028980979833578172
2023-12-14,155,0.4246575342465753,30.190000534057617,30.504011465386704,0.049291123982643764,0.024366545220828116
2023-12-14,246,0.673972602739726,30.190000534057617,30.556745322877493,0.04073904684441828,0.017915707484554844
2023-12-14,400,1.095890410958904,30.190000534057617,30.7355520086069,0.04520571143912797,0.016342208007733925
2023-12-15,21,0.057534246575342465,30.56999969482422,30.544462614374954,-0.11829412033218963,-0.014525491620127227
2023-12-15,28,0.07671232876712329,30.56999969482422,30.532612190695545,0.0401157745256757,-0.015952603905518184
2023-12-15,35,0.0958904109589041,30.56999969482422,30.6244223317058,0.03545424029480611,0.018549092773024606
2023-12-15,42,0.11506849315068493,30.56999969482422,30.59282418634075,0.32061811521807465,0.0064861527543999785
2023-12-15,63,0.1726027397260274,30.56999969482422,30.7257655698225,0.03257087132126475,0.029445917643254122
2023-12-15,154,0.42191780821917807,30.56999969482422,30.885368094244143,0.06668132163786386,0.02432564157673012
2023-12-15,245,0.6712328767123288,30.56999969482422,30.926235456705594,-0.02173618601460372,0.017260390630739128
2023-12-15,399,1.093150684931507,30.56999969482422,31.299858097238786,0.037776658995856804,0.02158388436894598
2023-12-18,25,0.0684931506849315,30.290000915527344,30.309727382310083,0.03483256875123236,0.009505205164790509
2023-12-18,32,0.08767123287671233,30.290000915527344,30.35386879444645,0.035223795513988035,0.024025289505493545
2023-12-18,39,0.10684931506849316,30.290000915527344,30.43295344073738,-0.08441428089771437,0.04406542809961818
2023-12-18,60,0.1643835616438356,30.290000915527344,30.426630770097074,0.06318789241471318,0.027378539570152922
2023-12-18,151,0.4136986301369863,30.290000915527344,30.536266247859675,-0.0028761529964073727,0.019573135362477692
2023-12-18,242,0.663013698630137,30.290000915527344,30.711642625590716,0.036897368526739714,0.02085049838784643
2023-12-18,396,1.084931506849315,30.290000915527344,30.922112809894035,0.06606407434282324,0.01903705209685137
2023-12-19,24,0.06575342465753424,30.75,30.89569119489025,0.7576339374771835,0.07188578270376705
2023-12-19,31,0.08493150684931507,30.75,30.885786516767435,0.36276754489884444,0.05187828067262674
2023-12-19,38,0.10410958904109589,30.75,30.909571240569694,0.05796472238499654,0.04971579104589643
2023-12-19,59,0.16164383561643836,30.75,30.87776833416504,0.056970624826641836,0.02565182461408742
2023-12-19,150,0.410958904109589,30.75,31.03969929641234,0.05019452027406716,0.022817399273294556
2023-12-19,241,0.6602739726027397,30.75,31.425917494912877,0.12696945114535002,0.032930203275454754
2023-12-19,395,1.082191780821918,30.75,31.329465511379034,0.02854281572167499,0.017251148026188476
2023-12-20,23,0.06301369863013699,28.100000381469727,27.994669884279865,1.0146586239506645,-0.05959750369043586
2023-12-20,30,0.0821917808219178,28.100000381469727,27.988794057253934,0.3564536171459946,-0.04824536039371666
2023-12-20,37,0.10136986301369863,28.100000381469727,28.066222146373438,0.18376570650161503,-0.011865414826713366
2023-12-20,58,0.1589041095890411,28.100000381469727,28.16280425711182,-0.02041911650375943,0.014049475601674305
2023-12-20,149,0.40821917808219177,28.100000381469727,28.307518752347132,0.03805994356485121,0.018024287288059347
2023-12-20,240,0.6575342465753424,28.100000381469727,28.458404128949148,0.02814080468532341,0.019274930643231873
2023-12-20,394,1.0794520547945206,28.100000381469727,28.691990619124155,0.054041897842143465,0.01931389291953899
2023-12-21,22,0.06027397260273973,30.260000228881836,30.272683055738597,-0.46895034373678784,0.006952265092426718
2023-12-21,29,0.07945205479452055,30.260000228881836,30.328099982883316,0.0071459634173569025,0.0282932771092625
2023-12-21,36,0.09863013698630137,30.260000228881836,30.347059044034676,0.07024224564615152,0.02912796863348674
2023-12-21,43,0.1178082191780822,30.260000228881836,30.22205579311957,0.3092735016483539,-0.010650647582131767
2023-12-21,57,0.15616438356164383,30.260000228881836,30.431138445370514,0.05843047695204576,0.03611360732574815
2023-12-21,148,0.4054794520547945,30.260000228881836,30.69592376383071,0.055072623584624815,0.03527466893475421
2023-12-21,239,0.6547945205479452,30.260000228881836,30.46434525826676,0.270823914553408,0.010278454888804479
2023-12-21,393,1.0767123287671232,30.260000228881836,30.726216701591497,0.04154861913245779,0.014200207485165836
2023-12-22,21,0.057534246575342465,30.510000228881836,30.58741054162604,-0.1997957075596348,0.04404329619163196
2023-12-22,28,0.07671232876712329,30.510000228881836,30.587517582162576,-0.28815181315006033,0.03307809050059374
2023-12-22,35,0.0958904109589041,30.510000228881836,30.628412512463324,0.020695083399967142,0.04039596208172377
2023-12-22,42,0.11506849315068493,30.510000228881836,30.642761297302116,0.056135418349717775,0.037733658724191335
2023-12-22,56,0.15342465753424658,30.510000228881836,30.68437990369112,0.013444655362474455,0.03714670801517906
2023-12-22,147,0.40273972602739727,30.510000228881836,30.82821889737895,0.04364573404057575,0.025763443713659184
2023-12-22,238,0.6520547945205479,30.510000228881836,30.889562295266128,0.03811275974339147,0.018961337170003995
2023-12-22,392,1.073972602739726,30.510000228881836,31.247867671740426,0.09201011742774763,0.022250691552673233
2023-12-26,24,0.06575342465753424,32.15999984741211,32.201524973959174,-0.08328390973800244,0.019624396892923043
2023-12-26,31,0.08493150684931507,32.15999984741211,32.23243090340815,0.07002663430689622,0.02648813290464373
2023-12-26,38,0.10410958904109589,32.15999984741211,32.25764036048773,0.05008976868945068,0.02911822097722279
2023-12-26,52,0.14246575342465753,32.15999984741211,32.305877173453325,0.0457742761964616,0.03176714288322038
2023-12-26,143,0.3917808219178082,32.15999984741211,32.46852958899981,0.04073698099793244,0.024370412669420062
2023-12-26,234,0.6410958904109589,32.15999984741211,32.57461421898691,0.044833282053205276,0.0199811614937994
2023-12-26,388,1.063013698630137,32.15999984741211,32.759976731016785,0.05155935466098133,0.01738840163197889
2023-12-27,23,0.06301369863013699,32.349998474121094,32.33250739247034,-0.8414101581517633,-0.008582718434492745
2023-12-27,30,0.0821917808219178,32.349998474121094,32.47978454163331,0.1349446917038236,0.048714213050771955
2023-12-27,37,0.10136986301369863,32.349998474121094,32.457414405340735,0.28825055262044685,0.0327013398338799
2023-12-27,51,0.13972602739726028,32.349998474121094,32.52933247843471,0.0815741964260616,0.039564900077864416
2023-12-27,142,0.38904109589041097,32.349998474121094,32.76888121586031,0.08633563746803101,0.03306938003752493
2023-12-27,233,0.6383561643835617,32.349998474121094,32.8689285720525,0.027536023098594795,0.024929370674142796
2023-12-27,387,1.0602739726027397,32.349998474121094,33.07446811277584,0.05835788439449815,0.020888615035859214
2023-12-28,22,0.06027397260273973,32.220001220703125,32.24420979248268,0.11553987804252738,0.012460936888343044
2023-12-28,29,0.07945205479452055,32.220001220703125,32.27215687998532,0.08946165166842258,0.020357267642835672
2023-12-28,36,0.09863013698630137,32.220001220703125,32.288185278194824,-0.05989514779157442,0.021433274685563424
2023-12-28,43,0.1178082191780822,32.220001220703125,32.336833953772434,-0.11322832095909931,0.030723959468254285
2023-12-28,50,0.136986301369863,32.220001220703125,32.327701175439756,0.03392386575877006,0.024360600609962993
2023-12-28,141,0.3863013698630137,32.220001220703125,32.4797547642156,0.03156946784938967,0.020785712641064956
2023-12-28,232,0.6356164383561644,32.220001220703125,32.63661907607354,0.04816666580804103,0.020212703907805725
2023-12-28,386,1.0575342465753426,32.220001220703125,32.79703699739978,0.04744767683825202,0.01678504529440036
2023-12-29,21,0.057534246575342465,31.399999618530273,31.502417672528203,0.3583004236753499,0.056599570230197134
2023-12-29,28,0.07671232876712329,31.399999618530273,31.433563379603893,0.1798470644040218,0.013926558369351557
2023-12-29,35,0.0958904109589041,31.399999618530273,31.55067480969013,-0.18442716631661757,0.04992257854406372
2023-12-29,42,0.11506849315068493,31.399999618530273,31.549951430203045,-0.4106405276855508,0.0414028952266819
2023-12-29,49,0.13424657534246576,31.399999618530273,31.447715195905143,-0.17115135893773878,0.011310910235025487
2023-12-29,140,0.3835616438356164,31.399999618530273,31.600287964189633,0.1412243554618478,0.016577133503450817
2023-12-29,231,0.6328767123287671,31.399999618530273,31.82393255239581,0.044184130951143256,0.02119010178180514
2023-12-29,385,1.0547945205479452,31.399999618530273,32.025378766725964,0.03750516303789562,0.01869633732766538
2024-01-02,24,0.06575342465753424,28.040000915527344,28.08461259899048,-0.01676448665004554,0.02417725318971877
2024-01-02,31,0.08493150684931507,28.040000915527344,28.130454221801,0.14810540369692435,0.03792084835871586
2024-01-02,38,0.10410958904109589,28.040000915527344,28.113717880927656,0.07687698150410338,0.025219033531645594
2024-01-02,45,0.1232876712328767,28.040000915527344,28.151578737560428,0.054935450855608185,0.03221199002047729
2024-01-02,136,0.3726027397260274,28.040000915527344,28.247625222478828,-0.03157222884246243,0.01979936144896727
2024-01-02,227,0.6219178082191781,28.040000915527344,28.36337611584602,0.04759549534872286,0.01843755653474032
2024-01-02,381,1.0438356164383562,28.040000915527344,28.586552474160403,0.028357468166931066,0.01849363914967715
2024-01-03,23,0.06301369863013699,26.25,26.290142836848723,0.05657724970482026,0.024250009876115804
2024-01-03,30,0.0821917808219178,26.25,26.31209361107199,0.04478939894894207,0.028745910506096463
2024-01-03,37,0.10136986301369863,26.25,26.327894000847035,0.05552977763895756,0.02922956002415049
2024-01-03,44,0.12054794520547946,26.25,26.3521481366963,0.05499144766662608,0.03221793481890283
2024-01-03,135,0.3698630136986301,26.25,26.484037640148877,0.05774416563352535,0.023998639864741263
2024-01-03,226,0.6191780821917808,26.25,26.567204945884377,0.03842620919240392,0.019399215963448457
2024-01-03,380,1.0410958904109588,26.25,26.73834326950934,0.029021253077233872,0.017705020137823765
2024-01-04,22,0.06027397260273973,25.579999923706055,25.592982179132406,0.05638601325003881,0.008418013386890709
2024-01-04,29,0.07945205479452055,25.579999923706055,25.612866688112838,0.0812549774164098,0.016161156077349716
2024-01-04,36,0.09863013698630137,25.579999923706055,25.62961428321845,0.04274306791427584,0.019646101364914
2024-01-04,43,0.1178082191780822,25.579999923706055,25.647287097033264,0.02377994507159416,0.02229900999947253
2024-01-04,50,0.136986301369863,25.579999923706055,25.63165815501904,0.20570685890480728,0.01472731915489565
2024-01-04,134,0.36712328767123287,25.579999923706055,25.798335023357737,0.03639846148495521,0.023150704365721253
2024-01-04,225,0.6164383561643836,25.579999923706055,25.65541733465034,-0.008667414664049081,0.004775754541864782
2024-01-04,379,1.0383561643835617,25.579999923706055,25.96659511118179,0.028211888111044883,0.014446021398280825
2024-01-05,21,0.057534246575342465,25.93000030517578,26.00600103413679,0.0031041193059432558,0.050868991059450405
2024-01-05,28,0.07671232876712329,25.93000030517578,26.022001861500225,0.06627239299096806,0.04616981851608956
2024-01-05,35,0.0958904109589041,25.93000030517578,26.046533792934195,0.02527847035260716,0.04676263465042127
2024-01-05,42,0.11506849315068493,25.93000030517578,26.068157514290775,-0.05260424624330714,0.04618066531715234
2024-01-05,49,0.13424657534246576,25.93000030517578,26.12441365097921,-0.05486698064633156,0.055641305654193444
2024-01-05,133,0.3643835616438356,25.93000030517578,26.167120890534022,0.0469556749373353,0.024982146512442124
2024-01-05,224,0.6136986301369863,25.93000030517578,26.300366584693773,0.04125433867396072,0.023109496505043414
2024-01-05,378,1.0356164383561643,25.93000030517578,26.420074252244312,0.03870003970646501,0.018079568393138887
2024-01-08,25,0.0684931506849315,28.43000030517578,28.515286234817346,0.2759841413875643,0.04373234658817209
2024-01-08,32,0.08767123287671233,28.43000030517578,28.563243772092605,0.06871116610275559,0.05333302527586944
2024-01-08,39,0.10684931506849316,28.43000030517578,28.583041012540495,-0.009465354529176575,0.050244907592468864
2024-01-08,46,0.12602739726027398,28.43000030517578,28.590589290682477,0.05761934190750664,0.044694103213167156
2024-01-08,130,0.3561643835616438,28.43000030517578,28.76106740820159,0.05229267077436084,0.03250664758675489
2024-01-08,221,0.6054794520547945,28.43000030517578,28.95253323053278,-0.03597962014848147,0.030079910023579928
2024-01-08,375,1.0273972602739727,28.43000030517578,29.03455726310511,0.03509752556147018,0.020480698886324346
2024-01-09,24,0.06575342465753424,28.420000076293945,28.549520167707474,-0.0569250954559762,0.06915235055369705
2024-01-09,31,0.08493150684931507,28.420000076293945,28.58174974686237,0.31779436678743217,0.06682170443099895
2024-01-09,38,0.10410958904109589,28.420000076293945,28.575223955530454,0.0286293621685955,0.05231911691077662
2024-01-09,45,0.1232876712328767,28.420000076293945,28.606124161144756,0.03993776035139393,0.05294690858167684
2024-01-09,129,0.35342465753424657,28.420000076293945,28.744186188585164,0.041567067484475625,0.0320928426228773
2024-01-09,220,0.6027397260273972,28.420000076293945,28.958634753196417,-0.04721793127966975,0.03114992714421707
2024-01-09,374,1.0246575342465754,28.420000076293945,29.077064650293657,0.03038522643333677,0.022306557024417608
2024-01-10,23,0.06301369863013699,28.170000076293945,28.292237493064658,-0.22822572810174752,0.06871345421810299
2024-01-10,30,0.0821917808219178,28.170000076293945,28.318207327466688,0.3204256477259531,0.06384314330525166
2024-01-10,37,0.10136986301369863,28.170000076293945,28.293003606105742,0.02634194931489364,0.04298089155350338
2024-01-10,44,0.12054794520547946,28.170000076293945,28.343231987267117,0.11444154887014434,0.05085683093262201
2024-01-10,128,0.3506849315068493,28.170000076293945,28.475987548797562,0.06659512029098154,0.030807156001768633
2024-01-10,219,0.6,28.170000076293945,28.604194130781288,0.09061368770446782,0.02549295067807447
2024-01-10,373,1.021917808219178,28.170000076293945,28.797554552741232,0.00040780885949270434,0.021560332347420698
2024-01-11,22,0.06027397260273973,28.459999084472656,28.51110134872932,0.3306179662350291,0.029763625471837942
2024-01-11,29,0.07945205479452055,28.459999084472656,28.555564090465804,0.08506703860877861,0.04219206114609549
2024-01-11,36,0.09863013698630137,28.459999084472656,28.578825072507968,0.00966089253169009,0.04224369104630817
2024-01-11,43,0.1178082191780822,28.459999084472656,28.586734836247906,0.020121297385210873,0.037715813491375844
2024-01-11,50,0.136986301369863,28.459999084472656,28.6138687822831,0.04072849952181531,0.03936132445105332
2024-01-11,127,0.34794520547945207,28.459999084472656,28.719928155622046,0.015437886715588255,0.026129637643327274
2024-01-11,218,0.5972602739726027,28.459999084472656,28.780473091082854,0.052128733938491253,0.018748240103039514
2024-01-11,372,1.0191780821917809,28.459999084472656,29.070580910463814,0.047259083945829894,0.020827701664044913
2024-01-12,21,0.057534246575342465,28.100000381469727,28.153087000987608,-0.31450898139623157,0.03280517826682938
2024-01-12,28,0.07671232876712329,28.100000381469727,28.10607377346721,-0.4535716513008908,0.0028171689385094916
2024-01-12,35,0.0958904109589041,28.100000381469727,28.173210884583803,0.026103631915943754,0.027134808005985705
2024-01-12,42,0.11506849315068493,28.100000381469727,28.166050512996446,0.1642764816462537,0.020403328470712575
2024-01-12,49,0.13424657534246576,28.100000381469727,28.208099389458386,0.03733832104684838,0.028600797999472568
2024-01-12,126,0.3452054794520548,28.100000381469727,28.335305756968967,0.04133177168877939,0.02415659927862617
2024-01-12,217,0.5945205479452055,28.100000381469727,28.434660070157793,0.02684529745014995,0.019913922546940778
2024-01-12,371,1.0164383561643835,28.100000381469727,28.60265269756975,0.03675172775120982,0.01744313874545753
2024-01-16,24,0.06575342465753424,29.190000534057617,29.345573131455225,0.437428613698999,0.08083991806859375
2024-01-16,31,0.08493150684931507,29.190000534057617,29.327256435850718,0.04128147759970675,0.05523432234415622
2024-01-16,38,0.10410958904109589,29.190000534057617,29.345987886404142,0.006175129969054197,0.05119254515456499
2024-01-16,45,0.1232876712328767,29.190000534057617,29.362387460396626,0.007359065935179124,0.04776076951142906
2024-01-16,122,0.33424657534246577,29.190000534057617,29.48359519912349,0.02579062518985947,0.02994140044809716
2024-01-16,213,0.5835616438356165,29.190000534057617,29.632331848706663,0.05072378165508453,0.02577252017148309
2024-01-16,367,1.0054794520547945,29.190000534057617,29.809399586812507,0.04319289614386092,0.020883134854316452
2024-01-17,23,0.06301369863013699,28.43000030517578,28.510772659077237,0.0660693783435113,0.04502302764955533
2024-01-17,30,0.0821917808219178,28.43000030517578,28.51879483644809,0.029003061360080535,0.037940551212542445
2024-01-17,37,0.10136986301369863,28.43000030517578,28.539835315034093,0.015680049006747403,0.03803798485123266
2024-01-17,44,0.12054794520547946,28.43000030517578,28.559518283591352,0.014855700297005782,0.037705612510963
2024-01-17,121,0.3315068493150685,28.43000030517578,28.697631981910792,0.059842788167312796,0.028263891508029035
2024-01-17,212,0.5808219178082191,28.43000030517578,28.801815694452824,0.02841588689860308,0.02237087359369349
2024-01-17,366,1.0027397260273974,28.43000030517578,28.987918157607563,0.03996872847399529,0.019381092642169202
2024-01-18,22,0.06027397260273973,31.190000534057617,31.23437834308382,-0.22329853678171602,0.023589127596759813
2024-01-18,29,0.07945205479452055,31.190000534057617,31.2559425232862,-0.06277387106032002,0.026581705310668523
2024-01-18,36,0.09863013698630137,31.190000534057617,31.313143794057172,0.011962900622393538,0.03995118835828968
2024-01-18,43,0.1178082191780822,31.190000534057617,31.326466001882714,0.0601865634931156,0.03705812477223321
2024-01-18,57,0.15616438356164383,31.190000534057617,31.367653234139524,0.07568683275759307,0.036369768139285906
2024-01-18,120,0.3287671232876712,31.190000534057617,31.477796450237264,0.035694837943566905,0.02793732798087281
2024-01-18,211,0.5780821917808219,31.190000534057617,31.645344716237975,0.040103845989224646,0.025071700634916184
2024-01-18,365,1.0,31.190000534057617,31.913399446215244,0.03347074812045022,0.02292841918992297
2024-01-19,21,0.057534246575342465,34.86000061035156,34.95610564332304,-0.027009201380458422,0.04785136686496523
2024-01-19,28,0.07671232876712329,34.86000061035156,34.9886239106118,0.014227849238441767,0.04800949193742151
2024-01-19,35,0.0958904109589041,34.86000061035156,35.02670226848541,0.005263227826873998,0.04975090752961311
2024-01-19,42,0.11506849315068493,34.86000061035156,35.04158085411957,0.02130580627454935,0.04514983213466471
2024-01-19,56,0.15342465753424658,34.86000061035156,35.08878424627975,0.01978070975365866,0.04263646255124781
2024-01-19,119,0.32602739726027397,34.86000061035156,35.20828507486012,0.05557104477673416,0.030492433569828892
2024-01-19,210,0.5753424657534246,34.86000061035156,35.455934104485465,0.05824304689225631,0.029461713703298816
2024-01-19,364,0.9972602739726028,34.86000061035156,35.68965518784205,0.03171840309759329,0.02358543617812413
2024-01-22,25,0.0684931506849315,35.2599983215332,35.360983796880795,0.02453368526281301,0.041754982748483875
2024-01-22,32,0.08767123287671233,35.2599983215332,35.3740140380143,0.07311307661915492,0.036823418412056996
2024-01-22,39,0.10684931506849316,35.2599983215332,35.41431699355375,0.060735047147289674,0.04087105148221288
2024-01-22,53,0.14520547945205478,35.2599983215332,35.441671915486694,0.011905478058419012,0.03539240544681611
2024-01-22,116,0.3178082191780822,35.2599983215332,35.56449712364769,0.08186476031713553,0.027056377267512106
2024-01-22,207,0.5671232876712329,35.2599983215332,35.74109248856826,0.07783466737278937,0.02389594619503023
2024-01-22,361,0.989041095890411,35.2599983215332,36.11347022186044,0.03769011077200488,0.0241818088375068
2024-01-23,24,0.06575342465753424,35.91999816894531,36.02618043573209,-0.04034302960475101,0.04489068109439274
2024-01-23,31,0.08493150684931507,35.91999816894531,36.04515317102186,-0.007381953332877328,0.040953174590498576
2024-01-23,38,0.10410958904109589,35.91999816894531,36.0762213111713,-0.009742697170833337,0.04168459839561096
2024-01-23,52,0.14246575342465753,35.91999816894531,36.098052789275094,0.12197573026468027,0.0347082154963137
2024-01-23,115,0.3150684931506849,35.91999816894531,36.29912577991898,0.03919373452319848,0.03332438994421139
2024-01-23,206,0.5643835616438356,35.91999816894531,36.56528840543406,0.04858040092661582,0.03154803739219223
2024-01-23,360,0.9863013698630136,35.91999816894531,36.865127893453746,0.06789581425315964,0.02633258860724963
2024-01-24,23,0.06301369863013699,37.41999816894531,37.58005948097903,0.03698366422921442,0.06773614223994572
2024-01-24,30,0.0821917808219178,37.41999816894531,37.59383205103759,0.0648344034115611,0.05638913993633281
2024-01-24,37,0.10136986301369863,37.41999816894531,37.618669028062364,0.011612537455286918,0.05223615584702669
2024-01-24,51,0.13972602739726028,37.41999816894531,37.68314221154454,0.07433053761704836,0.05015219050075904
2024-01-24,114,0.31232876712328766,37.41999816894531,37.907096043703724,-0.022756640255096033,0.04140846030026567
2024-01-24,205,0.5616438356164384,37.41999816894531,38.21974080556007,0.06014675715822834,0.03765177126591283
2024-01-24,359,0.9835616438356164,37.41999816894531,38.62151691345579,0.05496100268720061,0.03213248751459576
2024-01-25,22,0.06027397260273973,37.119998931884766,37.209889600165496,0.10258755991514285,0.04012836994842997
2024-01-25,29,0.07945205479452055,37.119998931884766,37.21175071875725,-0.004003720509922301,0.03107171739220804
2024-01-25,36,0.09863013698630137,37.119998931884766,37.255992253345624,0.03609456761138218,0.03707709142526385
2024-01-25,43,0.1178082191780822,37.119998931884766,37.26914376786096,0.05056994667646609,0.03403718644685726
2024-01-25,50,0.136986301369863,37.119998931884766,37.29724278676711,0.05529035419772511,0.03477373139331586
2024-01-25,113,0.3095890410958904,37.119998931884766,37.47421706531463,0.04137412838792141,0.030677030449960046
2024-01-25,204,0.5589041095890411,37.119998931884766,37.690289847059525,0.02209456217358434,0.02727948879839519
2024-01-25,358,0.9808219178082191,37.119998931884766,38.00590325082741,0.038968564153985516,0.02404678851016256
2024-01-26,21,0.057534246575342465,34.0099983215332,34.083343094824876,0.002031113067084047,0.03744279480085852
2024-01-26,28,0.07671232876712329,34.0099983215332,34.11405444233252,0.07214435212100158,0.039822848474184686
2024-01-26,35,0.0958904109589041,34.0099983215332,34.13771803336892,0.06751675761703083,0.03908966487574999
2024-01-26,42,0.11506849315068493,34.0099983215332,34.13015734083366,0.0933648495138397,0.030649773794806427
2024-01-26,49,0.13424657534246576,34.0099983215332,34.17373116564411,0.0040646205752607,0.03577524925143737
2024-01-26,112,0.30684931506849317,34.0099983215332,34.30108021598955,0.036496164755417664,0.027773557795566076
2024-01-26,203,0.5561643835616439,34.0099983215332,34.42276399077035,0.03924636361644771,0.02169060107181405
2024-01-26,357,0.9780821917808219,34.0099983215332,34.733490433481606,0.037871318990052506,0.021521518526528602
2024-01-29,25,0.0684931506849315,35.040000915527344,35.18784004643523,0.0447006205097007,0.06147005148269044
2024-01-29,32,0.08767123287671233,35.040000915527344,35.19243785831747,0.11218342696396971,0.04951377566845107
2024-01-29,39,0.10684931506849316,35.040000915527344,35.16790526400358,0.2360619504455683,0.03410028605740621
2024-01-29,46,0.12602739726027398,35.040000915527344,35.25609590588191,-0.008291414055884048,0.04878427821728753
2024-01-29,109,0.29863013698630136,35.040000915527344,35.41258267836683,0.009908270931563276,0.03541808535157599
2024-01-29,200,0.547945205479452,35.040000915527344,35.63706995085061,-0.04303945946288821,0.03083537273406518
2024-01-29,354,0.9698630136986301,35.040000915527344,36.1047806434267,0.08877820470252505,0.030865175543079677
2024-01-30,24,0.06575342465753424,33.529998779296875,33.62794406628271,0.047527584583128515,0.0443606687734085
2024-01-30,31,0.08493150684931507,33.529998779296875,33.64908606517771,0.03629715535671377,0.04174389172101174
2024-01-30,38,0.10410958904109589,33.529998779296875,33.613398086563414,0.21908180093790333,0.023861548353146453
2024-01-30,45,0.1232876712328767,33.529998779296875,33.69375064364002,0.05252341663764432,0.039516159239089584
2024-01-30,108,0.2958904109589041,33.529998779296875,33.651202190601296,-0.18055954826745713,0.012194574630017906
2024-01-30,199,0.5452054794520548,33.529998779296875,33.954454398523694,0.028285247657368298,0.02307299994170346
2024-01-30,353,0.9671232876712329,33.529998779296875,34.18728290893292,0.04188339536446858,0.020073145094058616
2024-01-31,23,0.06301369863013699,32.099998474121094,32.12144208679414,-0.249270981500073,0.010597732454639405
2024-01-31,30,0.0821917808219178,32.099998474121094,32.128491702686006,-0.18434042183690524,0.010794824414949018
2024-01-31,37,0.10136986301369863,32.099998474121094,32.18281598524934,0.1909603949858873,0.025418426825414137
2024-01-31,44,0.12054794520547946,32.099998474121094,32.21587087488926,-0.07295457057142406,0.029890454202070562
2024-01-31,107,0.29315068493150687,32.099998474121094,32.33530740081578,0.0031280864173613677,0.0249146919303953
2024-01-31,198,0.5424657534246575,32.099998474121094,31.71965009559052,-0.1418724825468147,-0.021973031208131336
2024-01-31,352,0.9643835616438357,32.099998474121094,32.296784745484345,-0.01117305860396285,0.00633741535282325
2024-02-01,22,0.06027397260273973,32.45000076293945,32.55893591727247,-0.022818054974808207,0.05560266099637208
2024-02-01,29,0.07945205479452055,32.45000076293945,32.58574961696694,0.0013875499392728412,0.05254235198570999
2024-02-01,36,0.09863013698630137,32.45000076293945,32.630320359749184,0.006548618203158307,0.056184265948245896
2024-02-01,43,0.1178082191780822,32.45000076293945,32.58581804627462,-0.017986599669793903,0.03545336507429823
2024-02-01,50,0.136986301369863,32.45000076293945,32.61577863393692,-0.050286175024292605,0.03719869609342088
2024-02-01,106,0.29041095890410956,32.45000076293945,32.719126987180964,0.025659932485096633,0.028440260751715046
2024-02-01,197,0.5397260273972603,32.45000076293945,32.94622810579953,0.07944002114753942,0.02811855218323224
2024-02-01,351,0.9616438356164384,32.45000076293945,33.05536338657264,0.038845715390047476,0.01922059578735686
2024-02-02,21,0.057534246575342465,33.650001525878906,33.739320590715856,-0.12701863333199215,0.04607410411513784
2024-02-02,28,0.07671232876712329,33.650001525878906,33.77943291747094,0.058282147452488366,0.05004439757021998
2024-02-02,35,0.0958904109589041,33.650001525878906,33.81077735246455,-0.015798748129568434,0.04970785673794641
2024-02-02,42,0.11506849315068493,33.650001525878906,33.83003000214133,0.013968493738397734,0.04637036655280444
2024-02-02,49,0.13424657534246576,33.650001525878906,34.221743618883565,0.9199240054138933,0.12550129415047434
2024-02-02,105,0.2876712328767123,33.650001525878906,34.00513199931959,-0.053727011943148585,0.03649427452597995
2024-02-02,196,0.536986301369863,33.650001525878906,34.12220323667466,0.05992522717193858,0.02595074071759499
2024-02-02,350,0.958904109589041,33.650001525878906,34.36502783818906,0.07500140058043872,0.02192744091983996
2024-02-05,25,0.0684931506849315,35.099998474121094,35.20667167887334,0.030994429408620478,0.04430390405622339
2024-02-05,32,0.08767123287671233,35.099998474121094,35.241712648164366,0.09229150325925148,0.04595934499830956
2024-02-05,39,0.10684931506849316,35.099998474121094,35.261677083090376,0.060175634574395016,0.04301059083353131
2024-02-05,46,0.12602739726027398,35.099998474121094,35.27014346484441,-0.27158328208940585,0.0383704254957493
2024-02-05,102,0.27945205479452057,35.099998474121094,35.40825700519082,0.032680059618475886,0.03128964173342617
2024-02-05,193,0.5287671232876713,35.099998474121094,35.53645125784431,0.01640383790265392,0.023371117716680535
2024-02-05,347,0.9506849315068493,35.099998474121094,35.769585302143454,0.014442440324987593,0.019877113987795722
2024-02-06,24,0.06575342465753424,33.83000183105469,33.9688348696538,0.030963540009339128,0.062284905836772674
2024-02-06,31,0.08493150684931507,33.83000183105469,33.994076186343115,-0.47243499905550856,0.05696640604456959
2024-02-06,38,0.10410958904109589,33.83000183105469,33.9615770321279,0.02243832943462876,0.037285339550758884
2024-02-06,45,0.1232876712328767,33.83000183105469,34.46031343934721,1.1009971722238736,0.14973346239963714
2024-02-06,101,0.27671232876712326,33.83000183105469,34.04284615978969,0.035767445723474095,0.022665688712744204
2024-02-06,192,0.5260273972602739,33.83000183105469,34.26363263493482,0.01532762456210275,0.024212582461269037
2024-02-06,346,0.947945205479452,33.83000183105469,34.57788974624526,0.037749173230465255,0.023067173166980173
2024-02-07,23,0.06301369863013699,35.36000061035156,35.46839575451505,0.026235700998180473,0.048573319199185894
2024-02-07,30,0.0821917808219178,35.36000061035156,35.53890744853724,0.030612459618035808,0.061403046797548454
2024-02-07,37,0.10136986301369863,35.36000061035156,35.50200761330339,0.03713743031540939,0.0395383028060339
2024-02-07,44,0.12054794520547946,35.36000061035156,35.62897846905166,-0.39418786343156537,0.062863399573522
2024-02-07,100,0.273972602739726,35.36000061035156,35.71283763274032,0.0489939878637372,0.036240728349599564
2024-02-07,191,0.5232876712328767,35.36000061035156,35.760939638592326,0.02535787772567484,0.02154641088716577
2024-02-07,345,0.9452054794520548,35.36000061035156,36.09726149929414,0.04018720335621822,0.02183202397170507
2024-02-08,22,0.06027397260273973,37.150001525878906,37.23886723543035,0.07088573463420482,0.03963936095196744
2024-02-08,29,0.07945205479452055,37.150001525878906,37.28691617214713,0.033446740403145,0.04630062774562621
2024-02-08,36,0.09863013698630137,37.150001525878906,37.30126830193384,0.07354275464728727,0.041199542973779625
2024-02-08,43,0.1178082191780822,37.150001525878906,37.30933117369263,-0.3097271108648047,0.03632725009152213
2024-02-08,49,0.13424657534246576,37.150001525878906,37.28526522001485,0.13225453288015696,0.02707258669883253
2024-02-08,99,0.27123287671232876,37.150001525878906,37.39402178355461,-0.013382385805696635,0.024138054820223312
2024-02-08,190,0.5205479452054794,37.150001525878906,37.67697375285755,0.05806345733746178,0.0270586407278866
2024-02-08,344,0.9424657534246575,37.150001525878906,37.994331426810696,0.0408050047649385,0.02384507161288302
2024-02-09,21,0.057534246575342465,39.31999969482422,39.42891322938747,0.06209843434048622,0.04807741706129544
2024-02-09,28,0.07671232876712329,39.31999969482422,39.45986984164457,0.025081516417403655,0.0462887079559282
2024-02-09,35,0.0958904109589041,39.31999969482422,39.478275764481644,0.027749103511886378,0.04189420410664508
2024-02-09,42,0.11506849315068493,39.31999969482422,39.590342697996576,-0.021833044575233475,0.05954653225265599
2024-02-09,48,0.13150684931506848,39.31999969482422,39.5601945022811,-0.6089738093106901,0.04631040813907374
2024-02-09,98,0.2684931506849315,39.31999969482422,39.58575415336183,0.014679424476182748,0.025088246759353443
2024-02-09,189,0.5178082191780822,39.31999969482422,39.850271532312675,0.03629598261013525,0.02587044982877204
2024-02-09,343,0.9397260273972603,39.31999969482422,40.2093383840758,0.04299477899814238,0.023800531846077652
2024-02-12,25,0.0684931506849315,39.150001525878906,39.219453051021375,0.14621277157898888,0.02587723847269048
2024-02-12,32,0.08767123287671233,39.150001525878906,39.27171700940414,0.1863674079653741,0.0354064760289483
2024-02-12,39,0.10684931506849316,39.150001525878906,39.26701327156269,-0.2650739612766275,0.027930436861604825
2024-02-12,45,0.1232876712328767,39.150001525878906,39.069469849182966,-0.6063397198560637,-0.01670176484086925
2024-02-12,95,0.2602739726027397,39.150001525878906,39.204861065061586,0.06749029815414552,0.005380040285931796
2024-02-12,186,0.5095890410958904,39.150001525878906,39.64110038830896,0.021213146931955695,0.024462863607308708
2024-02-12,340,0.9315068493150684,39.150001525878906,39.96546981457811,0.03132594689146788,0.022131200927490335
2024-02-13,24,0.06575342465753424,36.84000015258789,36.87880399431268,-0.05894143290039549,0.016010618210587486
2024-02-13,31,0.08493150684931507,36.84000015258789,36.86402671292244,0.12428291893844982,0.007676470166764265
2024-02-13,38,0.10410958904109589,36.84000015258789,36.86012655722799,-0.14489607494632278,0.005246108152764746
2024-02-13,44,0.12054794520547946,36.84000015258789,36.602380419359704,-0.39762983457448614,-0.053679375830699025
2024-02-13,94,0.25753424657534246,36.84000015258789,37.059446147147774,-0.03601448489041568,0.023061245384815122
2024-02-13,185,0.5068493150684932,36.84000015258789,37.12078983172102,0.043064718932891294,0.014980724509411649
2024-02-13,339,0.9287671232876712,36.84000015258789,37.638193186208625,0.08288331095296031,0.023079085172966935
2024-02-14,23,0.06301369863013699,39.119998931884766,39.280032580569774,-0.05418487350396999,0.0647874217170971
2024-02-14,30,0.0821917808219178,39.119998931884766,39.32118052630043,0.06209777418149104,0.06240892303235735
2024-02-14,37,0.10136986301369863,39.119998931884766,39.429449643445636,-0.42146947369367355,0.07772696817507611
2024-02-14,43,0.1178082191780822,39.119998931884766,39.18960429023062,-0.641650127746973,0.015089754323720847
2024-02-14,93,0.2547945205479452,39.119998931884766,39.47072350697343,0.04034580955887219,0.03502980432499241
2024-02-14,184,0.5041095890410959,39.119998931884766,39.68527902216929,0.029980964118810304,0.028459080901641513
2024-02-14,338,0.9260273972602739,39.119998931884766,40.05681272929854,0.06212870745807218,0.025555341942875096
2024-02-15,22,0.06027397260273973,39.11000061035156,39.068092294695425,0.18234999057262602,-0.017787518113273934
2024-02-15,29,0.07945205479452055,39.11000061035156,39.138805880471544,0.13979400421899146,0.009266572158148603
2024-02-15,36,0.09863013698630137,39.11000061035156,39.11194900816642,-0.06486633005397027,0.0005050906825151339
2024-02-15,42,0.11506849315068493,39.11000061035156,38.82746770504701,-0.30583226560078025,-0.06300836543414566
2024-02-15,64,0.17534246575342466,39.11000061035156,38.94116354448321,-0.15471792134293982,-0.024673569026030785
2024-02-15,92,0.25205479452054796,39.11000061035156,39.22486774433491,-0.12077141315793194,0.0116352578290297
2024-02-15,183,0.5013698630136987,39.11000061035156,39.556577614046056,0.023712146959883794,0.022645532177887395
2024-02-15,337,0.9232876712328767,39.11000061035156,39.8966674129914,0.05788968231290987,0.021569217450477483
2024-02-16,21,0.057534246575342465,38.33000183105469,38.379639786592065,0.12662939560200212,0.022494044912949374
2024-02-16,28,0.07671232876712329,38.33000183105469,38.4046835392486,0.043372570076463585,0.025373915669690248
2024-02-16,35,0.0958904109589041,38.33000183105469,38.4059323064693,-0.4300330525288687,0.020638222595545007
2024-02-16,41,0.11232876712328767,38.33000183105469,38.323489157690254,-0.3554734018668966,-0.0015127472187973514
2024-02-16,63,0.1726027397260274,38.33000183105469,38.46912169705021,0.08725484112397176,0.020990156310145582
2024-02-16,91,0.2493150684931507,38.33000183105469,38.598062364772275,0.005964814750194972,0.027953185043595417
2024-02-16,182,0.4986301369863014,38.33000183105469,38.77909875851567,0.02966978288618255,0.023360967708421367
2024-02-16,336,0.9205479452054794,38.33000183105469,39.122155506608316,0.046959791340077044,0.022221565377590353
2024-02-20,24,0.06575342465753424,36.41999816894531,36.47945067842254,0.09482462399904695,0.024806052621426707
2024-02-20,31,0.08493150684931507,36.41999816894531,36.421322195683025,-0.3661498416330816,0.000428035818042532
2024-02-20,37,0.10136986301369863,36.41999816894531,36.33278954886887,-0.3169188838646066,-0.02364999860875872
2024-02-20,59,0.16164383561643836,36.41999816894531,36.65712420853668,-0.2897744045801337,0.04014857942136494
2024-02-20,87,0.23835616438356164,36.41999816894531,36.602029290082186,-0.03324016161148465,0.020916849136336818
2024-02-20,178,0.4876712328767123,36.41999816894531,36.83218105020201,0.02909969043966949,0.023076866776946467
2024-02-20,332,0.9095890410958904,36.41999816894531,37.02470928573739,0.07015422538103525,0.01810431251774323
2024-02-21,23,0.06301369863013699,36.13999938964844,36.24319552797254,0.03582399382387698,0.04525025342587911
2024-02-21,30,0.0821917808219178,36.13999938964844,36.103703811848895,-0.4427634841011844,-0.01222518265665127
2024-02-21,36,0.09863013698630137,36.13999938964844,36.36947538690815,-0.05145560744290276,0.0641747692637599
2024-02-21,58,0.1589041095890411,36.13999938964844,36.491942325790795,-0.11367322120173179,0.060987785462373725
2024-02-21,86,0.2356164383561644,36.13999938964844,36.28698028260079,-0.3150105918769687,0.017226042398968192
2024-02-21,177,0.4849315068493151,36.13999938964844,36.705277825007386,0.0560582218081849,0.032005110354365714
2024-02-21,331,0.9068493150684932,36.13999938964844,37.067850766540474,0.002006776247381197,0.027953673319092737
2024-02-22,22,0.06027397260273973,41.41999816894531,41.56567948064271,-0.03404101465618656,0.05825072349706744
2024-02-22,29,0.07945205479452055,41.41999816894531,41.492204115731234,-0.07330768498632673,0.021921965407186
2024-02-22,35,0.0958904109589041,41.41999816894531,41.25249656104648,-0.4823238374437651,-0.042258428956510954
2024-02-22,43,0.1178082191780822,41.41999816894531,42.56692497219066,2.5108246529607863,0.23184911070138103
2024-02-22,57,0.15616438356164383,41.41999816894531,41.62200336806479,-0.21910017220384514,0.031153984539489626
2024-02-22,85,0.2328767123287671,41.41999816894531,41.74375482041216,0.03694367782748348,0.033434185538706876
2024-02-22,176,0.4821917808219178,41.41999816894531,41.863078194297664,0.11344775160104842,0.022066817469004033
2024-02-22,330,0.9041095890410958,41.41999816894531,42.466641427729556,0.08414170537346202,0.02760179594195573
2024-02-23,21,0.057534246575342465,40.16999816894531,40.0055187810387,0.15634168457689837,-0.07131385061576623
2024-02-23,28,0.07671232876712329,40.16999816894531,40.063048353661,0.3708503242725404,-0.034752963302009346
2024-02-23,34,0.09315068493150686,40.16999816894531,39.81062992733013,0.22263529780790348,-0.09647210392473735
2024-02-23,42,0.11506849315068493,40.16999816894531,40.16990771942766,-0.6713928760856445,-1.9568093113181665e-05
2024-02-23,56,0.15342465753424658,40.16999816894531,39.54475260800272,0.16291451697799741,-0.10224819823846945
2024-02-23,84,0.23013698630136986,40.16999816894531,39.74171562228968,0.13305719312763495,-0.04657658727156238
2024-02-23,175,0.4794520547945205,40.16999816894531,40.33212982452106,0.01500395153923835,0.00840128766400605
2024-02-23,329,0.9013698630136986,40.16999816894531,40.538283129688196,0.02292809365471807,0.010125019351817564
2024-02-26,25,0.0684931506849315,41.209999084472656,41.50696213468871,0.758256104112593,0.10483168377286296
2024-02-26,31,0.08493150684931507,41.209999084472656,41.305097115709906,0.20042928297212786,0.027139352025625174
2024-02-26,39,0.10684931506849316,41.209999084472656,41.48702284659466,0.5884832957075691,0.06270281381273889
2024-02-26,53,0.14520547945205478,41.209999084472656,41.358698950566705,0.10481787511447345,0.024805192453095728
2024-02-26,81,0.2219178082191781,41.209999084472656,41.51683452679227,0.045129447284388814,0.0334271195060118
2024-02-26,172,0.4712328767123288,41.209999084472656,41.68994125314434,0.0751428778409267,0.024571629429796012
2024-02-26,326,0.8931506849315068,41.209999084472656,42.14776222473347,0.04005151957199859,0.025192466993395623
2024-02-27,24,0.06575342465753424,41.11000061035156,41.17180370277261,-0.14080862352917153,0.022846417021992676
2024-02-27,30,0.0821917808219178,41.11000061035156,41.05546286995091,0.021943728906152985,-0.01615137498282066
2024-02-27,38,0.10410958904109589,41.11000061035156,40.93594512518126,-0.2681728749515894,-0.040754024643355716
2024-02-27,52,0.14246575342465753,41.11000061035156,41.209498722922845,0.12608319748519015,0.016968046671762594
2024-02-27,80,0.2191780821917808,41.11000061035156,41.38727514570336,0.03144369149840999,0.030669372280453914
2024-02-27,171,0.4684931506849315,41.11000061035156,41.36583315047653,0.04803505075200564,0.013242110603094296
2024-02-27,325,0.8904109589041096,41.11000061035156,41.92620847831615,0.03223765789119423,0.022079373694483727
2024-02-28,23,0.06301369863013699,39.79999923706055,39.73021646437076,0.602203593352068,-0.02784910204716459
2024-02-28,29,0.07945205479452055,39.79999923706055,39.829347565910695,0.0743452432220604,0.009277588490468495
2024-02-28,37,0.10136986301369863,39.79999923706055,39.84257872385001,-0.27264961788157,0.010548149845672584
2024-02-28,51,0.13972602739726028,39.79999923706055,39.942027694187274,0.1490580970495361,0.025494191395339552
2024-02-28,79,0.21643835616438356,39.79999923706055,40.017887945445125,0.029576949774284173,0.025225009846915013
2024-02-28,170,0.4657534246575342,39.79999923706055,40.14460719966469,0.059176561147644025,0.01851027061074514
2024-02-28,324,0.8876712328767123,39.79999923706055,40.64843668863568,0.052819545971582255,0.02376272149852106
2024-02-29,22,0.06027397260273973,42.84000015258789,42.23108634073096,-0.4806371124182878,-0.23750974963689633
2024-02-29,28,0.07671232876712329,42.84000015258789,42.52665211546834,-0.0020881869350781045,-0.09569858300673306
2024-02-29,36,0.09863013698630137,42.84000015258789,42.19589177289387,-0.16892618900244916,-0.1535979230533877
2024-02-29,43,0.1178082191780822,42.84000015258789,43.055241911009574,0.27111135363170324,0.042541493935978135
2024-02-29,50,0.136986301369863,42.84000015258789,42.66405524603428,-0.41854889933078226,-0.030043010818446764
2024-02-29,78,0.2136986301369863,42.84000015258789,42.742918149390455,0.16685028271770808,-0.010616468641016612
2024-02-29,169,0.46301369863013697,42.84000015258789,43.238735637450674,0.019968965245521688,0.020009132888616506
2024-02-29,323,0.8849315068493151,42.84000015258789,43.45782494079912,0.024319598431061802,0.016180548372578624
2024-03-01,21,0.057534246575342465,48.33000183105469,48.123532819302675,-0.014701122869742164,-0.07441165439278129
2024-03-01,27,0.07397260273972603,48.33000183105469,48.47868790967507,-0.07377874858417817,0.04152555092202619
2024-03-01,35,0.0958904109589041,48.33000183105469,48.573315742531896,-0.17931040674867602,0.052370174755929526
2024-03-01,42,0.11506849315068493,48.33000183105469,48.57439671978829,-0.5405604868216562,0.04383521277658725
2024-03-01,49,0.13424657534246576,48.33000183105469,48.42115366289218,0.6988314441446412,0.01403576696402658
2024-03-01,77,0.21095890410958903,48.33000183105469,48.50883779960505,-0.048456310536008455,0.017508055833274125
2024-03-01,168,0.4602739726027397,48.33000183105469,48.95258516040009,0.05598556050016822,0.027808776654707903
2024-03-01,322,0.8821917808219178,48.33000183105469,49.08240998325657,0.061228535303339264,0.017511156182659977
2024-03-04,24,0.06575342465753424,49.77000045776367,49.8337184066265,-0.06558005280703198,0.019457987088422085
2024-03-04,32,0.08767123287671233,49.77000045776367,49.91833087195237,0.053756081062354376,0.033943692564104636
2024-03-04,39,0.10684931506849316,49.77000045776367,49.941895428110826,0.09777686449873757,0.032268210313544814
2024-03-04,46,0.12602739726027398,49.77000045776367,49.84430108548995,-0.06603655366791394,0.011836843282464683
2024-03-04,74,0.20273972602739726,49.77000045776367,50.269386375186954,-0.10173192799012333,0.04924475916409071
2024-03-04,165,0.4520547945205479,49.77000045776367,50.47304438806283,0.030027033810151024,0.0310294623155628
2024-03-04,319,0.873972602739726,49.77000045776367,50.887550025187124,0.06073477681926263,0.025407998769621125
2024-03-05,23,0.06301369863013699,46.84000015258789,46.922927074983605,-0.07758839640343178,0.028071106252471174
2024-03-05,31,0.08493150684931507,46.84000015258789,47.0430115105281,0.15362826077924308,0.0509207939579617
2024-03-05,38,0.10410958904109589,46.84000015258789,47.08246032564083,0.10656992154895575,0.04959194912433933
2024-03-05,45,0.1232876712328767,46.84000015258789,47.067069967587095,-0.0061476153442433035,0.03922584501144781
2024-03-05,73,0.2,46.84000015258789,47.28467949975338,-0.00658912486057877,0.047244002020624155
2024-03-05,164,0.44931506849315067,46.84000015258789,47.45720271632333,0.012631296487501421,0.029134939789904814
2024-03-05,318,0.8712328767123287,46.84000015258789,47.89154271872072,0.0812639715906922,0.02548272251722031
2024-03-06,22,0.06027397260273973,50.220001220703125,50.373683389817536,0.16434986774858842,0.050693617402615306
2024-03-06,30,0.0821917808219178,50.220001220703125,50.278448027154134,-0.8878204946054367,0.014151519696333513
2024-03-06,37,0.10136986301369863,50.220001220703125,50.27800405715904,-0.235629326848218,0.011387095800915402
2024-03-06,44,0.12054794520547946,50.220001220703125,50.48152217695674,0.10149705567055589,0.04308653949337023
2024-03-06,72,0.19726027397260273,50.220001220703125,50.671172332884154,0.04683658931115467,0.04533998473380348
2024-03-06,163,0.4465753424657534,50.220001220703125,50.65671259675938,0.09892137259027844,0.01938838111073633
2024-03-06,317,0.8684931506849315,50.220001220703125,51.3089945118573,0.013859002783639026,0.02470104729048952
2024-03-07,21,0.057534246575342465,55.31999969482422,55.56463295128217,-0.3473200682840496,0.07669170701779553
2024-03-07,29,0.07945205479452055,55.31999969482422,55.552172059163645,0.14792133002079194,0.05271248210114906
2024-03-07,36,0.09863013698630137,55.31999969482422,55.7138597360375,0.3744243248324891,0.07192976926213066
2024-03-07,43,0.1178082191780822,55.31999969482422,55.462946738327894,0.259514214935548,0.02190568868837167
2024-03-07,50,0.136986301369863,55.31999969482422,55.98829560596511,0.152522418607992,0.08765957218869731
2024-03-07,71,0.19452054794520549,55.31999969482422,55.79266689031406,0.06370872929263276,0.043738010327239195
2024-03-07,162,0.4438356164383562,55.31999969482422,56.008030711981675,0.014876269580152809,0.027849465628381295
2024-03-07,316,0.8657534246575342,55.31999969482422,56.600726172961274,0.07007036923325773,0.026436295954430044
2024-03-08,20,0.0547945205479452,48.95000076293945,48.88773915641237,-0.1735252507488172,-0.02322773345834198
2024-03-08,28,0.07671232876712329,48.95000076293945,48.96266156724731,-0.24444826170904485,0.003371221343115451
2024-03-08,35,0.0958904109589041,48.95000076293945,49.055868666977574,-0.34424902861320283,0.02253031242122614
2024-03-08,42,0.11506849315068493,48.95000076293945,49.001669537109024,0.01475552553345652,0.009168323357493468
2024-03-08,49,0.13424657534246576,48.95000076293945,49.43692538535301,-0.16583456204245633,0.07373177170575465
2024-03-08,70,0.1917808219178082,48.95000076293945,49.217918575555835,0.07030598704192213,0.02846150760527944
2024-03-08,161,0.4410958904109589,48.95000076293945,49.313910875528954,0.0406434547897027,0.01679186930962218
2024-03-08,315,0.863013698630137,48.95000076293945,49.84416826477646,0.06227001329517279,0.020975471616676525
2024-03-11,25,0.0684931506849315,46.77000045776367,46.840779962848366,-0.7750616746377057,0.022078247110409337
2024-03-11,32,0.08767123287671233,46.77000045776367,46.87992630613444,-0.1899200464584031,0.026777218672824447
2024-03-11,39,0.10684931506849316,46.77000045776367,46.86915099278718,0.27214087028909034,0.019819651233223063
2024-03-11,46,0.12602739726027398,46.77000045776367,46.73060976325895,-0.2232962206809512,-0.006685659386669925
2024-03-11,67,0.18356164383561643,46.77000045776367,47.11651173734986,0.003892748946966073,0.04021278944920116
2024-03-11,158,0.4328767123287671,46.77000045776367,47.39141186052442,0.05237685209920695,0.03049146790938532
2024-03-11,312,0.8547945205479452,46.77000045776367,47.546770985381656,0.002380741906511199,0.019270008161028848
2024-03-12,24,0.06575342465753424,49.58000183105469,49.50642433584788,0.06786422105918846,-0.022586166882640823
2024-03-12,31,0.08493150684931507,49.58000183105469,50.02913246552308,0.5788412325658819,0.10617875345177676
2024-03-12,38,0.10410958904109589,49.58000183105469,49.61584175945235,0.23175596109094193,0.006940854502341712
2024-03-12,45,0.1232876712328767,49.58000183105469,49.57415923236944,-0.32720918648370106,-0.0009558845873994
2024-03-12,66,0.18082191780821918,49.58000183105469,49.95553509121015,0.14254799745090196,0.04173027332769523
2024-03-12,157,0.4301369863013699,49.58000183105469,50.454910501518185,0.051208178966857684,0.04066730624392101
2024-03-12,311,0.852054794520548,49.58000183105469,50.741652617982574,0.051189230752246774,0.027180834578059098
2024-03-13,23,0.06301369863013699,46.08000183105469,45.576437534151964,0.2451815743801344,-0.17437785959320753
2024-03-13,30,0.0821917808219178,46.08000183105469,46.142147075143676,0.7078055314608594,0.016397375102703258
2024-03-13,37,0.10136986301369863,46.08000183105469,45.96658520253485,0.21562639885972648,-0.024310304511091542
2024-03-13,44,0.12054794520547946,46.08000183105469,46.16947481880747,0.36443811806935655,0.01609156740269192
2024-03-13,65,0.1780821917808219,46.08000183105469,46.32667293440019,0.09568583787436097,0.029979574795775243
2024-03-13,156,0.4273972602739726,46.08000183105469,47.0325751868872,0.26228209910857336,0.04787441683708556
2024-03-13,310,0.8493150684931506,46.08000183105469,47.1402977868516,0.0038879985170131633,0.026785299450736686
2024-03-14,22,0.06027397260273973,43.529998779296875,43.56804120398015,-0.4401162775308448,0.014493057473518419
2024-03-14,29,0.07945205479452055,43.529998779296875,43.6964122289574,-0.17524500800923432,0.04802482699482296
2024-03-14,36,0.09863013698630137,43.529998779296875,43.72332750488776,-0.28697521089041367,0.04492990144870412
2024-03-14,43,0.1178082191780822,43.529998779296875,43.52399688711775,-0.3650265105870744,-0.0011704527464674068
2024-03-14,64,0.17534246575342466,43.529998779296875,43.81890742719956,0.010193459193959725,0.037726588976559616
2024-03-14,155,0.4246575342465753,43.529998779296875,44.09534409128136,0.027656417269230318,0.030386540107698697
2024-03-14,246,0.673972602739726,43.529998779296875,43.806813455443056,0.06733592555315031,0.009405480401920636
2024-03-14,309,0.8465753424657534,43.529998779296875,44.54629490668882,-0.012107004929949075,0.02726119543232718
2024-03-15,21,0.057534246575342465,42.7400016784668,43.012562898473554,-0.791867582627527,0.11048974599397465
2024-03-15,28,0.07671232876712329,42.7400016784668,42.94275288077794,0.1744424740361369,0.061692967064209854
2024-03-15,35,0.0958904109589041,42.7400016784668,42.82916259839313,-0.6556610792664751,0.021732626851106624
2024-03-15,42,0.11506849315068493,42.7400016784668,43.07795150101144,0.16114972412955925,0.0684462856432488
2024-03-15,63,0.1726027397260274,42.7400016784668,43.15361147081093,-0.24999014238358075,0.05579761138952327
2024-03-15,154,0.42191780821917807,42.7400016784668,43.0712570864957,0.06836903375854812,0.01829881645896765
2024-03-15,245,0.6712328767123288,42.7400016784668,43.4417889574121,-0.0031220402549258647,0.024263662345897736
2024-03-15,308,0.8438356164383561,42.7400016784668,43.67858547342313,-0.04331306301436366,0.025742760173120417
2024-03-18,25,0.0684931506849315,42.540000915527344,42.584443595850885,0.04768542272392748,0.015245049654153768
2024-03-18,32,0.08767123287671233,42.540000915527344,42.61244410535013,0.12739797591244117,0.019407671337338263
2024-03-18,39,0.10684931506849316,42.540000915527344,42.74349018826872,0.13390771242010494,0.044661738758314876
2024-03-18,60,0.1643835616438356,42.540000915527344,42.79128933822777,0.035732554950089805,0.03582919354770269
2024-03-18,151,0.4136986301369863,42.540000915527344,42.978580838125794,0.05017154424380916,0.024793507897093673
2024-03-18,242,0.663013698630137,42.540000915527344,43.49060079780696,0.013082597502880586,0.03333265946954791
2024-03-18,305,0.8356164383561644,42.540000915527344,43.431355869580294,0.0832753082365453,0.024816211682849105
2024-03-19,24,0.06575342465753424,41.41999816894531,41.438726834966104,0.11609131782876991,0.006875119079376278
2024-03-19,31,0.08493150684931507,41.41999816894531,41.53533850784521,0.144515834178324,0.03274148243290906
2024-03-19,38,0.10410958904109589,41.41999816894531,41.536573569798584,0.10331253531923475,0.026995766978592028
2024-03-19,59,0.16164383561643836,41.41999816894531,41.612776141596896,0.015160462987669744,0.02872628656797306
2024-03-19,150,0.410958904109589,41.41999816894531,41.92824360225063,0.006602871400702979,0.029676592024699414
2024-03-19,241,0.6602739726027397,41.41999816894531,41.79466049293393,-0.015297266987396913,0.013637945127427217
2024-03-19,304,0.8328767123287671,41.41999816894531,42.32228442880325,0.03925749317398329,0.02587412266476234
2024-03-20,23,0.06301369863013699,43.400001525878906,43.644934977581535,0.03742929010104805,0.08931013797720394
2024-03-20,30,0.0821917808219178,43.400001525878906,43.69588289617648,0.12222658244541809,0.08266530337081537
2024-03-20,37,0.10136986301369863,43.400001525878906,43.82661112969158,-0.48832477676571834,0.09649531305928882
2024-03-20,58,0.1589041095890411,43.400001525878906,43.93600414561868,0.13225533783928584,0.07724562761965947
2024-03-20,149,0.40821917808219177,43.400001525878906,44.05697426529511,0.05237579140669116,0.03680422308685599
2024-03-20,240,0.6575342465753424,43.400001525878906,43.44927821384806,-0.04027447273607142,0.001725786048799399
2024-03-20,303,0.8301369863013699,43.400001525878906,44.46454219065039,0.03134718724887583,0.029191074467381624
2024-03-21,22,0.06027397260273973,46.310001373291016,46.25259720115856,0.5702479096410836,-0.020578236524344286
2024-03-21,29,0.07945205479452055,46.310001373291016,46.39970562907616,-0.007881103533437094,0.024356385359403203
2024-03-21,36,0.09863013698630137,46.310001373291016,46.52557194156684,0.2145248485379702,0.047086475362186776
2024-03-21,43,0.1178082191780822,46.310001373291016,46.96635266182676,0.36842890362540415,0.11946105687468604
2024-03-21,57,0.15616438356164383,46.310001373291016,46.42521369710746,-0.01826978207508301,0.015911183366838385
2024-03-21,148,0.4054794520547945,46.310001373291016,46.776502952261076,0.0456797028984452,0.024719015908246638
2024-03-21,239,0.6547945205479452,46.310001373291016,47.252865897879566,0.11119069666105003,0.030781192029400415
2024-03-21,302,0.8273972602739726,46.310001373291016,47.35531249006164,0.056762316034548274,0.026977439330689138
2024-03-22,21,0.057534246575342465,46.43000030517578,46.50734457049296,0.2465042435929754,0.028929539671470467
2024-03-22,28,0.07671232876712329,46.43000030517578,46.58281427584526,0.10614947335908435,0.042833690428909485
2024-03-22,35,0.0958904109589041,46.43000030517578,46.705338499227835,0.2392893463354219,0.0616606419377294
2024-03-22,42,0.11506849315068493,46.43000030517578,46.53883168108161,-0.3348758474224099,0.02034653749877311
2024-03-22,56,0.15342465753424658,46.43000030517578,46.76526972797407,-0.019666785485225578,0.046896105962329064
2024-03-22,147,0.40273972602739727,46.43000030517578,46.85371898253911,0.06454371046739145,0.022556944281172397
2024-03-22,238,0.6520547945205479,46.43000030517578,47.61646697409514,0.012861959380082593,0.038697419072115796
2024-03-22,301,0.8246575342465754,46.43000030517578,47.63070666678429,0.035356810291011044,0.0309605401367538
2024-03-25,25,0.0684931506849315,45.88999938964844,46.074459665068765,-0.030451689162555418,0.058568791910081075
2024-03-25,32,0.08767123287671233,45.88999938964844,46.2977675129224,-0.09531610027057777,0.10090569813519641
2024-03-25,39,0.10684931506849316,45.88999938964844,46.12512076067506,0.03681128738473168,0.04782908870477872
2024-03-25,53,0.14520547945205478,45.88999938964844,46.20328763825141,-0.018893944262625164,0.04685595527270618
2024-03-25,144,0.39452054794520547,45.88999938964844,46.49488009979066,0.053127588660684816,0.03319215212541069
2024-03-25,235,0.6438356164383562,45.88999938964844,46.82435313800498,0.06158303848764272,0.03130646729646178
2024-03-25,298,0.8164383561643835,45.88999938964844,47.10368650305064,0.006240892868363208,0.03197308450757456
2024-03-26,24,0.06575342465753424,45.029998779296875,45.001151558107104,-0.03005229849785776,-0.009745919472625163
2024-03-26,31,0.08493150684931507,45.029998779296875,45.15870558781839,0.3363797055291341,0.033605536611569335
2024-03-26,38,0.10410958904109589,45.029998779296875,44.79538807940169,-0.20721136413125998,-0.0501751835480961
2024-03-26,52,0.14246575342465753,45.029998779296875,45.041020671532316,0.24468223816956933,0.0017178712081198522
2024-03-26,143,0.3917808219178082,45.029998779296875,45.441676978586905,0.01865048319688189,0.023229242874026803
2024-03-26,234,0.6410958904109589,45.029998779296875,45.83426442604643,0.06541723220406753,0.027613709652879067
2024-03-26,297,0.8136986301369863,45.029998779296875,45.61553191006225,-0.0035398831581486302,0.01587733210389953
2024-03-27,23,0.06301369863013699,46.5,46.51853598570349,-0.030314819070681648,0.006324718719050365
2024-03-27,30,0.0821917808219178,46.5,46.502969009283035,0.578995374303425,0.0007768127549895988
2024-03-27,37,0.10136986301369863,46.5,46.50898843781076,0.5297397677727234,0.0019066915169105607
2024-03-27,51,0.13972602739726028,46.5,46.514613658379744,0.16242592625623192,0.0022488498091765875
2024-03-27,142,0.38904109589041097,46.5,46.81405982195893,-0.08801681943964325,0.017302204906908154
2024-03-27,233,0.6383561643835617,46.5,47.29746783946654,0.02682473956970835,0.026637868279482828
2024-03-27,296,0.810958904109589,46.5,47.87963201726103,0.13406836613586504,0.03605347003146412
2024-03-28,22,0.06027397260273973,46.529998779296875,46.580973855511566,0.12682917759176582,0.018165913553284795
2024-03-28,29,0.07945205479452055,46.529998779296875,46.19907866714287,-0.24937770498736125,-0.08983259175678304
2024-03-28,36,0.09863013698630137,46.529998779296875,46.18646364502466,-0.17580045578115278,-0.07513402483569862
2024-03-28,43,0.1178082191780822,46.529998779296875,46.58191515225357,0.08041269553984853,0.009465717509961218
2024-03-28,50,0.136986301369863,46.529998779296875,46.51650136965906,-0.12463429386006349,-0.0021178892465471117
2024-03-28,141,0.3863013698630137,46.529998779296875,46.56117825991322,0.019703025154788393,0.0017340599931944217
2024-03-28,232,0.6356164383561644,46.529998779296875,47.07277485818165,0.018521088502936506,0.018246170314568995
2024-03-28,295,0.8082191780821918,46.529998779296875,47.31718651992629,0.023540687803432703,0.020757167990517147
2024-04-01,25,0.0684931506849315,47.9900016784668,48.35061838823225,-0.1367924577870358,0.1093002836948622
2024-04-01,32,0.08767123287671233,47.9900016784668,48.41961555581028,-0.07833511542939832,0.10165615971839956
2024-04-01,39,0.10684931506849316,47.9900016784668,48.707564775971385,-0.12871926588134364,0.13890272838231063
2024-04-01,46,0.12602739726027398,47.9900016784668,48.406665729611234,0.12452778750344332,0.06859488705186755
2024-04-01,137,0.37534246575342467,47.9900016784668,48.72111062637483,0.07282537570460802,0.04028248808411265
2024-04-01,228,0.6246575342465753,47.9900016784668,49.15275883416965,0.00615808552675717,0.038325456380055446
2024-04-01,291,0.7972602739726027,47.9900016784668,49.20770869632261,0.06870623571046588,0.031429637242947284
2024-04-02,24,0.06575342465753424,45.880001068115234,45.90704749751384,0.24311519284932828,0.008962726922879237
2024-04-02,31,0.08493150684931507,45.880001068115234,45.99457861384865,-0.0030929688050723406,0.02936740290561938
2024-04-02,38,0.10410958904109589,45.880001068115234,46.053591140432054,0.004347360953846025,0.03627358113049111
2024-04-02,45,0.1232876712328767,45.880001068115234,46.13733953270635,0.057247059993608046,0.04536767325698814
2024-04-02,136,0.3726027397260274,45.880001068115234,46.490968502436374,-0.11389685954600146,0.03550363704496289
2024-04-02,227,0.6219178082191781,45.880001068115234,46.909678323891235,0.05052522798171431,0.03568751236610578
2024-04-02,290,0.7945205479452054,45.880001068115234,46.898261712833175,0.029314635876642483,0.02762835472043373
2024-04-03,23,0.06301369863013699,46.189998626708984,46.338520062725266,-0.10681573455505773,0.05094586345180206
2024-04-03,30,0.0821917808219178,46.189998626708984,46.736863986567904,0.060116004000374354,0.14320090376222852
2024-04-03,37,0.10136986301369863,46.189998626708984,46.74873801802218,0.15299701671009602,0.11861480359946408
2024-04-03,44,0.12054794520547946,46.189998626708984,46.55558600742087,0.03425502890736672,0.06539889135768785
2024-04-03,135,0.3698630136986301,46.189998626708984,46.79272770539615,0.03197931607654989,0.03505218080076331
2024-04-03,226,0.6191780821917808,46.189998626708984,47.14758263730847,0.016321319245562665,0.03313980908211908
2024-04-03,289,0.7917808219178082,46.189998626708984,47.56944494759566,0.09158036587898727,0.03716602717785224
2024-04-04,22,0.06027397260273973,42.369998931884766,42.19613415548486,0.22423685933751739,-0.06822066135480917
2024-04-04,29,0.07945205479452055,42.369998931884766,42.214562556629886,0.2320863466244723,-0.046258006093480575
2024-04-04,36,0.09863013698630137,42.369998931884766,42.20189605755344,0.1785398142857465,-0.04030602860640902
2024-04-04,43,0.1178082191780822,42.369998931884766,42.29661447057816,0.1248258467907424,-0.014714531368899985
2024-04-04,50,0.136986301369863,42.369998931884766,42.41615674326579,0.27495304353509886,0.007948280086207397
2024-04-04,134,0.36712328767123287,42.369998931884766,42.438415288918705,0.052164336179302544,0.004394800435361417
2024-04-04,225,0.6164383561643836,42.369998931884766,43.06080370643109,-0.07387296447028809,0.026235578909707118
2024-04-04,288,0.7890410958904109,42.369998931884766,43.189441873430056,0.13710462055596595,0.024276967285710084
2024-04-05,21,0.057534246575342465,43.619998931884766,43.96186949022462,-0.10861517365572489,0.1356916946754648
2024-04-05,28,0.07671232876712329,43.619998931884766,44.03034421226569,-0.2059113964326686,0.12205731825290216
2024-04-05,35,0.0958904109589041,43.619998931884766,43.93050657878558,0.1847153893998393,0.0739724969722697
2024-04-05,42,0.11506849315068493,43.619998931884766,43.93732976763177,0.10424012265664058,0.06299342815177139
2024-04-05,49,0.13424657534246576,43.619998931884766,44.031130431810816,-0.08086174392411388,0.06988004911465495
2024-04-05,133,0.3643835616438356,43.619998931884766,44.27017195365521,0.04906550265322817,0.040603902617995416
2024-04-05,224,0.6136986301369863,43.619998931884766,44.55768125976767,0.0629778380294722,0.034656785225337355
2024-04-05,287,0.7863013698630137,43.619998931884766,44.889763553996765,0.029692618794580773,0.03649243198854824
2024-04-08,25,0.0684931506849315,44.0,44.43239480892336,-0.13114816775111166,0.1427760615139143
2024-04-08,32,0.08767123287671233,44.0,44.48680863144153,0.20710712650944277,0.12550383630726583
2024-04-08,39,0.10684931506849316,44.0,44.35068593575407,-0.21528115113370194,0.07429660296133102
2024-04-08,46,0.12602739726027398,44.0,44.48370215990099,-0.32422679982066166,0.0867529188915737
2024-04-08,130,0.3561643835616438,44.0,44.58641904622337,0.11212590571745984,0.03717292816881392
2024-04-08,221,0.6054794520547945,44.0,45.068815301468135,-0.06473261738497162,0.03963952304618071
2024-04-08,284,0.7780821917808219,44.0,45.324453212977424,-0.013522075890470425,0.03811558633154068
2024-04-09,24,0.06575342465753424,45.38999938964844,45.87836011879933,0.19586295471463114,0.1627557168783131
2024-04-09,31,0.08493150684931507,45.38999938964844,45.892584475680245,0.1538849969397021,0.1296543901958795
2024-04-09,38,0.10410958904109589,45.38999938964844,45.77643466759133,0.1755446595777068,0.08142985534568799
2024-04-09,45,0.1232876712328767,45.38999938964844,46.08215611505496,-0.1157923684906912,0.12275357958664497
2024-04-09,129,0.35342465753424657,45.38999938964844,46.15828428219842,0.09871218323599115,0.04749145029884342
2024-04-09,220,0.6027397260273972,45.38999938964844,46.31088737898071,-0.03936560743701423,0.03332330379818883
2024-04-09,283,0.7753424657534247,45.38999938964844,46.94959703933652,0.06981599933505425,0.04357148141154788
2024-04-10,23,0.06301369863013699,43.09000015258789,42.72348237839322,-0.30528047327740493,-0.1355617536626661
2024-04-10,30,0.0821917808219178,43.09000015258789,42.73530308644814,-0.055730137971297514,-0.10056487721064292
2024-04-10,37,0.10136986301369863,43.09000015258789,43.078315712026864,0.03012808395929805,-0.0026753552441168144
2024-04-10,44,0.12054794520547946,43.09000015258789,42.86724336014264,-0.3280544132725796,-0.042995166144325594
2024-04-10,128,0.3506849315068493,43.09000015258789,43.30881001479605,-0.11176501027821618,0.014443516767685335
2024-04-10,219,0.6,43.09000015258789,43.593607659515605,-0.039163378815257305,0.01936595187242205
2024-04-10,282,0.7726027397260274,43.09000015258789,43.95105898473115,0.07974651452205113,0.025609233400793355
2024-04-11,22,0.06027397260273973,45.79999923706055,45.91290306403665,0.04109686728902793,0.04084873618970638
2024-04-11,29,0.07945205479452055,45.79999923706055,45.939337246014865,-0.100572324331868,0.03823307263925851
2024-04-11,36,0.09863013698630137,45.79999923706055,46.0279393238554,0.09807341371588589,0.05033465840920497
2024-04-11,43,0.1178082191780822,45.79999923706055,46.14522353157851,-0.10893203886236175,0.06374243162982889
2024-04-11,50,0.136986301369863,45.79999923706055,46.269473417353865,-0.1171798975394154,0.07444793852178459
2024-04-11,127,0.34794520547945207,45.79999923706055,46.37310196018243,0.0351123369602723,0.035739873261063544
2024-04-11,218,0.5972602739726027,45.79999923706055,46.8040823866159,0.09500863413331537,0.03630972305620264
2024-04-11,281,0.7698630136986301,45.79999923706055,47.052956842145065,0.016013841847847616,0.035057709999557526
2024-04-12,21,0.057534246575342465,41.5099983215332,41.48440387590288,0.23177981419503216,-0.010720141191250098
2024-04-12,28,0.07671232876712329,41.5099983215332,41.434466610457456,-0.19377174161535565,-0.023741429354292114
2024-04-12,35,0.0958904109589041,41.5099983215332,41.57137225976803,0.07905994025742512,0.015407608485079646
2024-04-12,42,0.11506849315068493,41.5099983215332,41.86936060220757,0.27712429962214524,0.07491179404804091
2024-04-12,49,0.13424657534246576,41.5099983215332,41.7895962986778,0.09218076139646775,0.050005704271424034
2024-04-12,126,0.3452054794520548,41.5099983215332,41.866601514837114,0.0492880981182956,0.024779698092788332
2024-04-12,217,0.5945205479452055,41.5099983215332,42.22916014602986,0.10136710947230639,0.02889161621582017
2024-04-12,280,0.7671232876712328,41.5099983215332,42.4602541430775,0.048759059359719546,0.02950519227059643
2024-04-15,25,0.0684931506849315,39.779998779296875,39.91304567354236,0.17554268702712078,0.04874920952070043
2024-04-15,32,0.08767123287671233,39.779998779296875,39.91750486921647,-0.090570415216435,0.03935958650303732
2024-04-15,39,0.10684931506849316,39.779998779296875,40.05883195311392,-0.12901734233225215,0.06537177737300368
2024-04-15,46,0.12602739726027398,39.779998779296875,40.02693532623059,-0.34514970550472013,0.04910335406467393
2024-04-15,123,0.336986301369863,39.779998779296875,40.2173911742844,0.02030216439637172,0.03245020811036289
2024-04-15,214,0.5863013698630137,39.779998779296875,40.655826711789494,0.07555484664325146,0.037144585779928754
2024-04-15,277,0.7589041095890411,39.779998779296875,40.717223963518485,0.051201639414518225,0.03068497469006959
2024-04-16,24,0.06575342465753424,40.540000915527344,40.44118841880668,-0.03248108747753775,-0.03711415319506455
2024-04-16,31,0.08493150684931507,40.540000915527344,40.525043133485084,0.41948131526036697,-0.004345049703849268
2024-04-16,38,0.10410958904109589,40.540000915527344,40.58552018675968,0.6718478186643916,0.010778966196708761
2024-04-16,45,0.1232876712328767,40.540000915527344,40.48824922548535,-0.11782476302570632,-0.010360923862103763
2024-04-16,122,0.33424657534246577,40.540000915527344,40.84462819725697,-0.010442530381623088,0.022397083246291218
2024-04-16,213,0.5835616438356165,40.540000915527344,40.97371807907046,0.11558379483904062,0.01823573431379497
2024-04-16,276,0.7561643835616438,40.540000915527344,41.295378514724014,0.045033016818051295,0.024414571923734862
2024-04-17,23,0.06301369863013699,37.060001373291016,37.08663362118713,-0.15790783594430935,0.0114001724577281
2024-04-17,30,0.0821917808219178,37.060001373291016,37.005146775786756,0.3517869054308298,-0.01802191021487821
2024-04-17,37,0.10136986301369863,37.060001373291016,36.6983168512071,0.2311128710771203,-0.09674834292599709
2024-04-17,44,0.12054794520547946,37.060001373291016,36.52247048806118,-0.14987573393029416,-0.12120121095505207
2024-04-17,121,0.3315068493150685,37.060001373291016,37.141572762426605,-0.03408537062325518,0.00663227315106067
2024-04-17,212,0.5808219178082191,37.060001373291016,37.50032866337648,-0.047047020285260616,0.02033573289751221
2024-04-17,275,0.7534246575342466,37.060001373291016,37.64222387229169,0.07030462235013521,0.02068971009727396
2024-04-18,22,0.06027397260273973,34.90999984741211,34.78908346020459,0.28800343225025793,-0.05756502683048288
2024-04-18,29,0.07945205479452055,34.90999984741211,35.10028591122221,-0.4136223030814705,0.06841810857527081
2024-04-18,36,0.09863013698630137,34.90999984741211,34.78989290793837,0.27263293536300337,-0.03494272577216648
2024-04-18,43,0.1178082191780822,34.90999984741211,35.014266926921,-0.37916597088903425,0.025314771673161048
2024-04-18,64,0.17534246575342466,34.90999984741211,35.068628883394034,0.07541478741794591,0.025855973082321047
2024-04-18,120,0.3287671232876712,34.90999984741211,34.95501881170054,0.12416698515398131,0.003919921718312756
2024-04-18,211,0.5780821917808219,34.90999984741211,35.53512220806018,-0.029984484373694793,0.0307019466594106
2024-04-18,274,0.7506849315068493,34.90999984741211,35.79354846548133,-0.07361626553308925,0.03329539319400022
2024-04-19,21,0.057534246575342465,30.790000915527344,30.72949281037384,0.32138620986582606,-0.034190425498352404
2024-04-19,28,0.07671232876712329,30.790000915527344,30.726715057251916,0.3467587919610338,-0.026821219071782792
2024-04-19,35,0.0958904109589041,30.790000915527344,30.621960905991973,-0.004312160540459237,-0.057071018866859266
2024-04-19,42,0.11506849315068493,30.790000915527344,30.560531162853508,-0.27641828664351176,-0.065010380647653
2024-04-19,63,0.1726027397260274,30.790000915527344,31.11965235441565,-0.3842499521597794,0.0616996952836235
2024-04-19,119,0.32602739726027397,30.790000915527344,30.935531170147954,0.16406188140190178,0.014463225262053722
2024-04-19,273,0.7479452054794521,30.790000915527344,31.48146606940536,-0.020454656359157997,0.029693354655085054
2024-04-22,25,0.0684931506849315,32.06999969482422,32.45293032962582,-0.34281564017797644,0.17329817187926663
2024-04-22,32,0.08767123287671233,32.06999969482422,32.63738694646482,-0.13961325847431372,0.2000367205909676
2024-04-22,39,0.10684931506849316,32.06999969482422,32.872453139490496,-0.04170673925720677,0.2312978071015205
2024-04-22,60,0.1643835616438356,32.06999969482422,32.654586363081265,0.0688254900772383,0.10989123259086786
2024-04-22,116,0.3178082191780822,32.06999969482422,32.68561871020683,0.010505890046762523,0.059829107724943736
2024-04-22,207,0.5671232876712329,32.06999969482422,33.06263519552801,0.06358246969242737,0.05374985505512627
2024-04-22,270,0.7397260273972602,32.06999969482422,33.09859516344806,0.0016907599572229754,0.04267774004432835
2024-04-23,24,0.06575342465753424,34.11000061035156,34.36688131957184,-0.21492667871827872,0.11410407917943388
2024-04-23,31,0.08493150684931507,34.11000061035156,34.51475683252897,-0.13690355213255576,0.13889253793691744
2024-04-23,38,0.10410958904109589,34.11000061035156,34.50073239458451,-0.2483492770166002,0.10940335488065842
2024-04-23,59,0.16164383561643836,34.11000061035156,34.50074357321138,-0.052362834896956,0.07046518219605685
2024-04-23,115,0.3150684931506849,34.11000061035156,34.66980009753703,0.10635711010382058,0.05166616100059661
2024-04-23,206,0.5643835616438356,34.11000061035156,35.01407092094197,0.1156413302850945,0.0463503802462707
2024-04-23,269,0.736986301369863,34.11000061035156,35.29510180943621,0.06797658184983682,0.04634221963718002
2024-04-24,23,0.06301369863013699,35.4900016784668,35.64103805464015,0.149933987649116,0.06739351014982523
2024-04-24,30,0.0821917808219178,35.4900016784668,35.70261913155975,-0.2972785316687976,0.07267195225586555
2024-04-24,37,0.10136986301369863,35.4900016784668,35.749539859134444,-0.35644926468265165,0.07187919382465302
2024-04-24,58,0.1589041095890411,35.4900016784668,35.80007286985956,0.022542946278449116,0.054743171498437763
2024-04-24,114,0.31232876712328766,35.4900016784668,35.971428566238515,-0.15621434242667553,0.04314030558975374
2024-04-24,205,0.5616438356164384,35.4900016784668,36.32349348610954,0.007569738622325885,0.04133174794145197
2024-04-24,268,0.7342465753424657,35.4900016784668,36.45142588150083,0.04574503857513415,0.03640406842706665
2024-04-25,22,0.06027397260273973,37.40999984741211,37.53908684474222,-0.30364795178945964,0.057150069460336184
2024-04-25,29,0.07945205479452055,37.40999984741211,37.836553977283316,0.06939631783527671,0.1426977254542546
2024-04-25,36,0.09863013698630137,37.40999984741211,37.677752997248334,-0.22012579153402825,0.07230822176330384
2024-04-25,43,0.1178082191780822,37.40999984741211,38.13164787902409,0.4112904877533318,0.1621834722245141
2024-04-25,57,0.15616438356164383,37.40999984741211,37.645475128387226,0.002575173893392288,0.04018022602905602
2024-04-25,113,0.3095890410958904,37.40999984741211,38.0482467282977,-0.04681164043944261,0.05464328066975227
2024-04-25,204,0.5589041095890411,37.40999984741211,38.527578801459754,-0.04570556406223853,0.0526678415299275
2024-04-25,267,0.7315068493150685,37.40999984741211,38.53659832505406,0.01538178744058494,0.040560592626333575
2024-04-26,21,0.057534246575342465,39.79999923706055,39.869200317928765,0.22360832709706005,0.030194378768429404
2024-04-26,28,0.07671232876712329,39.79999923706055,39.67605409205175,0.05764516524163936,-0.04065916058064402
2024-04-26,35,0.0958904109589041,39.79999923706055,39.92259331742712,-0.6383293136132617,0.03207327033907397
2024-04-26,42,0.11506849315068493,39.79999923706055,40.49892061360567,0.4881209730293469,0.1512875387841433
2024-04-26,56,0.15342465753424658,39.79999923706055,39.98199823574272,-0.012408623549406377,0.02973717301721301
2024-04-26,112,0.30684931506849317,39.79999923706055,40.16964143796455,0.03494102023932387,0.030127585891245826
2024-04-26,203,0.5561643835616439,39.79999923706055,40.65844694896863,0.039407089219086665,0.03836944424936057
2024-04-26,266,0.7287671232876712,39.79999923706055,40.65828838209182,0.08128511418215945,0.029276592817356045
2024-04-29,25,0.0684931506849315,40.61000061035156,41.23127200601038,0.14566067269546987,0.2216665583481144
2024-04-29,32,0.08767123287671233,40.61000061035156,41.36765227748879,0.40059783434556695,0.21084307968206709
2024-04-29,39,0.10684931506849316,40.61000061035156,40.85758638613353,-0.15665629733128134,0.056885349041256035
2024-04-29,53,0.14520547945205478,40.61000061035156,41.09481067365332,-0.12645407325462119,0.08172898065498595
2024-04-29,109,0.29863013698630136,40.61000061035156,41.294871581865536,0.08477987986054272,0.056002253906487345
2024-04-29,200,0.547945205479452,40.61000061035156,41.3756727639283,0.10878654913525641,0.03408869501150344
2024-04-29,263,0.7205479452054795,40.61000061035156,41.67553644666948,0.08169761771871309,0.03594478916246263
2024-04-30,24,0.06575342465753424,38.18000030517578,38.12939975503905,-0.015609070631818706,-0.020169209704494283
2024-04-30,31,0.08493150684931507,38.18000030517578,38.03471292345557,-0.9317128415281933,-0.04489012035012387
2024-04-30,38,0.10410958904109589,38.18000030517578,38.14164878834373,-0.6296334200276661,-0.009653262136159984
2024-04-30,52,0.14246575342465753,38.18000030517578,38.244775102872545,0.24544824033022075,0.011898480813552402
2024-04-30,108,0.2958904109589041,38.18000030517578,38.297356823196786,-0.10585840829503768,0.010372269433586635
2024-04-30,199,0.5452054794520548,38.18000030517578,38.7847692481861,0.03918331795423429,0.028825458868246744
2024-04-30,262,0.7178082191780822,38.18000030517578,38.656833463125935,0.019448982346535346,0.0172911600708026
2024-05-01,23,0.06301369863013699,34.369998931884766,34.13599137569851,-0.11197631788751573,-0.10841716472724446
2024-05-01,30,0.0821917808219178,34.369998931884766,34.502642612142985,-1.7277653749500033,0.046864281732328095
2024-05-01,37,0.10136986301369863,34.369998931884766,34.324174136800046,-0.3604922159527259,-0.013161392235523872
2024-05-01,51,0.13972602739726028,34.369998931884766,34.73495814688583,-0.529482271978001,0.075594788099383
2024-05-01,107,0.29315068493150687,34.369998931884766,34.762958346878015,0.0715536336477999,0.03877986772029673
2024-05-01,198,0.5424657534246575,34.369998931884766,35.13405673381152,-0.05990509928278917,0.04053136525214968
2024-05-01,261,0.7150684931506849,34.369998931884766,35.16970413238416,0.015125677460675798,0.032166113297262704
2024-05-02,22,0.06027397260273973,36.45000076293945,36.92334860851208,-0.2692316994684339,0.2140662813081963
2024-05-02,29,0.07945205479452055,36.45000076293945,36.83147102413893,-0.26081493896776564,0.1310374064206885
2024-05-02,36,0.09863013698630137,36.45000076293945,36.86588704021074,0.06720389324387735,0.1150274547516295
2024-05-02,43,0.1178082191780822,36.45000076293945,37.128702674519836,-0.1919331955393907,0.15660068739812258
2024-05-02,50,0.136986301369863,36.45000076293945,36.893260282361204,0.09787563809336973,0.08823806966911861
2024-05-02,106,0.29041095890410956,36.45000076293945,37.07390296446544,0.05522162018484823,0.05844069602058369
2024-05-02,197,0.5397260273972603,36.45000076293945,37.38933784971894,0.028429995872219935,0.047142622120795646
2024-05-02,260,0.7123287671232876,36.45000076293945,37.374683520172354,0.15145945013149725,0.0351692726136622
2024-05-03,21,0.057534246575342465,38.970001220703125,38.93328262082488,0.48076753606973577,-0.016384528399028004
2024-05-03,28,0.07671232876712329,38.970001220703125,38.930159312453675,-0.02078487075095905,-0.01333419018056344
2024-05-03,35,0.0958904109589041,38.970001220703125,39.13439926872985,0.13291156917449914,0.043901222151489075
2024-05-03,42,0.11506849315068493,38.970001220703125,39.290110646348914,0.4251622486872777,0.07109417020173625
2024-05-03,49,0.13424657534246576,38.970001220703125,39.22595312968897,-0.07311369756237583,0.04876434775661067
2024-05-03,105,0.2876712328767123,38.970001220703125,39.27162244411191,0.16419634098168054,0.02680154038349609
2024-05-03,196,0.536986301369863,38.970001220703125,39.62470394010814,0.0751389040111191,0.031026135879492427
2024-05-03,259,0.7095890410958904,38.970001220703125,39.90531177995939,0.022600379037985913,0.033423982480082874
2024-05-06,25,0.0684931506849315,41.29999923706055,41.65528545985233,0.32308713257148264,0.1250604006260487
2024-05-06,32,0.08767123287671233,41.29999923706055,41.90188547060942,0.06760778322881339,0.16502954556003274
2024-05-06,39,0.10684931506849316,41.29999923706055,42.02645799389577,0.6235150372692084,0.16319141285378166
2024-05-06,46,0.12602739726027398,41.29999923706055,41.70904305714258,-0.22295175981667326,0.07820112053361584
2024-05-06,102,0.27945205479452057,41.29999923706055,42.03372268193264,0.0166170243657764,0.06301523040226115
2024-05-06,193,0.5287671232876713,41.29999923706055,42.60216861757338,0.04720275002176236,0.0587076533967374
2024-05-06,256,0.7013698630136986,41.29999923706055,42.205426188684065,0.13506918751198665,0.030919939814781323
2024-05-07,24,0.06575342465753424,40.36000061035156,40.242104620752826,0.6369745738703884,-0.04449022223500986
2024-05-07,31,0.08493150684931507,40.36000061035156,40.093530508635,-0.2837609040713963,-0.07799488677736083
2024-05-07,38,0.10410958904109589,40.36000061035156,40.276487074274335,-0.29457269835991334,-0.019895950359751623
2024-05-07,45,0.1232876712328767,40.36000061035156,40.50623378544558,-0.02110117315528101,0.02933523078143346
2024-05-07,101,0.27671232876712326,40.36000061035156,40.56452142010349,-0.003473228479815274,0.018266686342159066
2024-05-07,192,0.5260273972602739,40.36000061035156,41.179221962419874,0.07145186603959745,0.03820066661698404
2024-05-07,255,0.6986301369863014,40.36000061035156,41.22145724165249,0.013703502958918463,0.030230183172324766
2024-05-08,23,0.06301369863013699,40.40999984741211,40.7659278152921,0.669913157309086,0.1391658453255845
2024-05-08,30,0.0821917808219178,40.40999984741211,40.52897980779765,-0.22762450029136125,0.03576992363592285
2024-05-08,37,0.10136986301369863,40.40999984741211,40.524195601528,-0.2900270813567986,0.02783808311982846
2024-05-08,44,0.12054794520547946,40.40999984741211,40.666871608391105,0.030948415866180534,0.0525643160309327
2024-05-08,100,0.273972602739726,40.40999984741211,40.86480656045637,0.002234138508180439,0.04085058836762807
2024-05-08,191,0.5232876712328767,40.40999984741211,41.335552126996525,0.02911953348342324,0.04327577720355984
2024-05-08,254,0.6958904109589041,40.40999984741211,41.44678362229624,0.010970138519382715,0.03640373008474017
2024-05-09,22,0.06027397260273973,39.959999084472656,40.16697686368874,0.3284755252284657,0.08571288547728062
2024-05-09,29,0.07945205479452055,39.959999084472656,40.551954204997244,0.5295731445984656,0.1850806885652987
2024-05-09,36,0.09863013698630137,39.959999084472656,40.488684272133284,0.13385884386411936,0.13326153564351062
2024-05-09,43,0.1178082191780822,39.959999084472656,40.20849185919835,-0.09738192452092262,0.052621818489813815
2024-05-09,50,0.136986301369863,39.959999084472656,39.77075751739232,-0.5905515734481751,-0.03465327792559658
2024-05-09,99,0.27123287671232876,39.959999084472656,40.40411398145509,0.20952247072326038,0.04074978030505425
2024-05-09,190,0.5205479452054794,39.959999084472656,40.71239910252652,0.1508578710290124,0.0358348574988679
2024-05-09,253,0.6931506849315069,39.959999084472656,40.95157233128264,0.02454667600323321,0.03536211619474849
2024-05-10,21,0.057534246575342465,41.029998779296875,41.061935560632854,0.8049890781152085,0.013523659981192331
2024-05-10,28,0.07671232876712329,41.029998779296875,40.990352392504704,0.8407375173713127,-0.012602214049352911
2024-05-10,35,0.0958904109589041,41.029998779296875,41.00235985401707,-0.3550003201997804,-0.007027337070351875
2024-05-10,42,0.11506849315068493,41.029998779296875,41.259053269115455,-0.018840577716744175,0.048380621276959565
2024-05-10,49,0.13424657534246576,41.029998779296875,40.87447759369259,-1.070731958522878,-0.028288454581638783
2024-05-10,98,0.2684931506849315,41.029998779296875,41.51105987587466,-0.0452568210371875,0.043414210127145456
2024-05-10,189,0.5178082191780822,41.029998779296875,41.64789598240489,0.16697711371401297,0.028866621756253617
2024-05-10,252,0.6904109589041096,41.029998779296875,41.842293339681056,0.11701298803861095,0.028394905140131137
2024-05-13,25,0.0684931506849315,41.27000045776367,41.456358052227166,0.43292085984858875,0.06577892537745283
2024-05-13,32,0.08767123287671233,41.27000045776367,41.61251390280227,-0.44572262524081907,0.0942735932307826
2024-05-13,39,0.10684931506849316,41.27000045776367,41.526196381084915,-0.019123961833348132,0.05791905477107528
2024-05-13,46,0.12602739726027398,41.27000045776367,41.46816231504477,0.11949171229337814,0.03800844042659885
2024-05-13,95,0.2602739726027397,41.27000045776367,41.69489602233759,0.27889639952159234,0.039354180553904064
2024-05-13,186,0.5095890410958904,41.27000045776367,41.93124235781138,0.11715657978956925,0.031192458894408248
2024-05-13,249,0.6821917808219178,41.27000045776367,41.956506248072806,0.1560110328118392,0.024183318826503708
2024-05-14,24,0.06575342465753424,43.209999084472656,43.283844164351954,0.2765570421313547,0.025968573496487915
2024-05-14,31,0.08493150684931507,43.209999084472656,43.298391669105214,-0.5883686791865591,0.02406129053687938
2024-05-14,38,0.10410958904109589,43.209999084472656,43.505944365816255,0.12830749080930956,0.06556218455193773
2024-05-14,45,0.1232876712328767,43.209999084472656,43.06170976945281,-0.5926883617233798,-0.027883817562974388
2024-05-14,94,0.25753424657534246,43.209999084472656,43.49724068442543,0.11530412762520541,0.025726965919631438
2024-05-14,185,0.5068493150684932,43.209999084472656,44.166666266222045,0.015235311142742946,0.04320498871060653
2024-05-14,248,0.6794520547945205,43.209999084472656,44.46363641613263,0.004048923122226093,0.042092399264673105
2024-05-15,23,0.06301369863013699,47.0,47.34505811294172,-0.3360370596517184,0.11608338058768795
2024-05-15,30,0.0821917808219178,47.0,47.33153208401837,0.21671285069518612,0.08552086188808462
2024-05-15,37,0.10136986301369863,47.0,47.242882678430554,0.23367318565746498,0.050847555536891416
2024-05-15,44,0.12054794520547946,47.0,47.11034872900606,-0.3867539963658419,0.01945361583492627
2024-05-15,93,0.2547945205479452,47.0,47.66822562473938,0.02884016548053987,0.05540717567505466
2024-05-15,184,0.5041095890410959,47.0,48.24756639717312,0.006741872031498062,0.051968437038610434
2024-05-15,247,0.6767123287671233,47.0,48.22471654624063,0.0383606071509783,0.03801331560864895
2024-05-16,22,0.06027397260273973,46.2599983215332,46.18384518283763,0.0524104738964611,-0.027334434376306987
2024-05-16,29,0.07945205479452055,46.2599983215332,45.95888693122239,-0.5738653970091412,-0.08219278980527955
2024-05-16,36,0.09863013698630137,46.2599983215332,46.49715019610818,0.16728152389798567,0.05184423591327736
2024-05-16,43,0.1178082191780822,46.2599983215332,46.063903437126136,-0.1418344731622085,-0.03605845974355097
2024-05-16,64,0.17534246575342466,46.2599983215332,46.35527565340884,-0.05283755896135493,0.011734106086831135
2024-05-16,92,0.25205479452054796,46.2599983215332,46.640914310514866,0.09731693931221885,0.03253469118070368
2024-05-16,183,0.5013698630136987,46.2599983215332,46.976492305212474,0.23649851434979952,0.03065539730535329
2024-05-16,246,0.673972602739726,46.2599983215332,47.38098883040386,0.11682091259098312,0.03552584793875133
2024-05-17,21,0.057534246575342465,45.400001525878906,45.5512713562319,-0.08668355904860078,0.0578159284429571
2024-05-17,28,0.07671232876712329,45.400001525878906,45.58463614200711,0.4352142905168858,0.05290667674507569
2024-05-17,35,0.0958904109589041,45.400001525878906,45.661650312681964,-0.004296564761764446,0.05992930100506722
2024-05-17,42,0.11506849315068493,45.400001525878906,45.50317656164326,0.20961377441619877,0.019727375778278308
2024-05-17,63,0.1726027397260274,45.400001525878906,45.65473456512084,0.04371243719497715,0.0324165043694843
2024-05-17,91,0.2493150684931507,45.400001525878906,45.71544405315946,-0.011663196551285808,0.027772274115571583
2024-05-17,182,0.4986301369863014,45.400001525878906,46.293401296912116,0.06097214396422336,0.0390816564175689
2024-05-17,245,0.6712328767123288,45.400001525878906,46.36156915203042,0.03587250645486988,0.03122422497340937
2024-05-20,25,0.0684931506849315,48.25,48.97124660738624,-0.13010691717142134,0.21662741470576696
2024-05-20,32,0.08767123287671233,48.25,48.67687761116192,-0.12154513983916898,0.10046963965636678
2024-05-20,39,0.10684931506849316,48.25,48.684802269428594,-0.048528836127875355,0.08396015645742899
2024-05-20,60,0.1643835616438356,48.25,48.57023272238786,-0.010753467581022592,0.04024137194275722
2024-05-20,88,0.2410958904109589,48.25,48.85083763857724,0.09543895277134182,0.05133101892291503
2024-05-20,179,0.4904109589041096,48.25,49.574018480248306,0.12748204726108958,0.055200739807111335
2024-05-20,242,0.663013698630137,48.25,49.659788029863506,0.0555397749501708,0.043437539702993744
2024-05-21,24,0.06575342465753424,47.97999954223633,48.03363158974689,-0.02817846900131007,0.016990382117768474
2024-05-21,31,0.08493150684931507,47.97999954223633,48.18858560657875,0.09013543788882836,0.05107565096238742
2024-05-21,38,0.10410958904109589,47.97999954223633,48.02252687783292,-0.2809250049713037,0.008509906806855325
2024-05-21,59,0.16164383561643836,47.97999954223633,48.26810006064639,-0.08175911758131506,0.03703599545240756
2024-05-21,87,0.23835616438356164,47.97999954223633,48.297746392898844,0.06264719362486638,0.02769239547090978
2024-05-21,178,0.4876712328767123,47.97999954223633,48.96802351713396,-0.018227322151309757,0.04179712592996395
2024-05-21,241,0.6602739726027397,47.97999954223633,49.20636623466947,0.01645127015391106,0.03822468144660909
2024-05-22,23,0.06301369863013699,49.380001068115234,49.93217697639574,0.038244454013613406,0.17647144708114304
2024-05-22,30,0.0821917808219178,49.380001068115234,49.78049196566486,-0.016216539523011768,0.0982783687113843
2024-05-22,37,0.10136986301369863,49.380001068115234,49.46653574312287,-0.3226675566368153,0.01727229138611848
2024-05-22,58,0.1589041095890411,49.380001068115234,50.079418129363965,0.23411180615295515,0.08850999757373848
2024-05-22,86,0.2356164383561644,49.380001068115234,50.3854494534164,0.026990714771969845,0.08554974630396797
2024-05-22,177,0.4849315068493151,49.380001068115234,51.10505975764379,-0.09253038309555062,0.0708100073080421
2024-05-22,240,0.6575342465753424,49.380001068115234,51.15738540129273,0.03377646290884338,0.053778740397907907
2024-05-23,22,0.06027397260273973,48.810001373291016,49.093709275880855,-0.04515685274106304,0.09615539931081252
2024-05-23,29,0.07945205479452055,48.810001373291016,49.10501214783275,0.03557095478114725,0.07584287122133322
2024-05-23,36,0.09863013698630137,48.810001373291016,48.80641500331242,-0.35155552063173595,-0.0007449936822814165
2024-05-23,43,0.1178082191780822,48.810001373291016,48.43649845535952,-0.5771958485579881,-0.06520434855005734
2024-05-23,57,0.15616438356164383,48.810001373291016,49.35032256871289,-0.048755076417573616,0.07049663898586253
2024-05-23,85,0.2328767123287671,48.810001373291016,49.3888889010354,0.08049756128555453,0.050628676913521985
2024-05-23,176,0.4821917808219178,48.810001373291016,50.19156195095948,0.05269559051360531,0.057885030435039016
2024-05-23,239,0.6547945205479452,48.810001373291016,50.463295216179844,0.07847852390187617,0.05087245774363627
2024-05-24,21,0.057534246575342465,51.439998626708984,51.75020152664626,-0.32401494074603154,0.10449903315093606
2024-05-24,28,0.07671232876712329,51.439998626708984,51.928999126359024,0.08571285806929564,0.12333520667404307
2024-05-24,35,0.0958904109589041,51.439998626708984,51.56809102075015,0.09329799401379864,0.025936241975367605
2024-05-24,42,0.11506849315068493,51.439998626708984,51.63914066701666,0.222751225450222,0.03357888559812091
2024-05-24,56,0.15342465753424658,51.439998626708984,52.17511741168032,0.2345970550206002,0.092486112076261
2024-05-24,84,0.23013698630136986,51.439998626708984,52.04761712339358,0.19622616902365492,0.051025958230119677
2024-05-24,175,0.4794520547945205,51.439998626708984,52.60809008870058,0.02716773178886913,0.04683233376055884
2024-05-24,238,0.6520547945205479,51.439998626708984,52.69873067468801,0.12096556555112709,0.037075589902394915
2024-05-28,24,0.06575342465753424,54.040000915527344,54.43473780991028,-0.6141192298138146,0.11068598713940096
2024-05-28,31,0.08493150684931507,54.040000915527344,54.486605812204196,-0.1045068936485896,0.09690604608384219
2024-05-28,38,0.10410958904109589,54.040000915527344,54.72238471614338,0.025950294056977845,0.12052994143474427
2024-05-28,52,0.14246575342465753,54.040000915527344,54.590243640946916,-0.11277568913435157,0.07110936216140687
2024-05-28,80,0.2191780821917808,54.040000915527344,54.94687983542302,0.23167211917143596,0.0759308008924263
2024-05-28,171,0.4684931506849315,54.040000915527344,55.37212584880765,-0.020484071854144123,0.051978974594343204
2024-05-28,234,0.6410958904109589,54.040000915527344,55.441361685743146,0.009779510630542875,0.039933785819629045
2024-05-29,23,0.06301369863013699,50.97999954223633,51.00561527347076,-0.27611699655321814,0.007971918916193307
2024-05-29,30,0.0821917808219178,50.97999954223633,51.04178552966321,0.3740654841752678,0.014736648747481403
2024-05-29,37,0.10136986301369863,50.97999954223633,51.026268670874465,-0.17752315609630973,0.00894922911560621
2024-05-29,51,0.13972602739726028,50.97999954223633,51.1024763002552,0.2953533609597403,0.017173364183478455
2024-05-29,79,0.21643835616438356,50.97999954223633,51.254617749410286,0.27317077819298097,0.024821508135486607
2024-05-29,170,0.4657534246575342,50.97999954223633,52.057404256215655,0.039077180198737106,0.04490283190469071
2024-05-29,233,0.6383561643835617,50.97999954223633,52.25980088041112,0.09588802103627356,0.038840480170592065
2024-05-30,22,0.06027397260273973,50.0,49.56450936056658,-0.07799580424122952,-0.14513669041055266
2024-05-30,29,0.07945205479452055,50.0,49.42128476840817,-0.33662240283236333,-0.14652620757415574
2024-05-30,36,0.09863013698630137,50.0,49.789995162975515,-0.03179701730713934,-0.042673994492752894
2024-05-30,43,0.1178082191780822,50.0,49.90426319584471,-0.3273530754478316,-0.016268572319663787
2024-05-30,50,0.136986301369863,50.0,49.53066936160809,-0.09789096516416752,-0.06884589596727854
2024-05-30,78,0.2136986301369863,50.0,50.546736966829585,0.16022694984528163,0.05089123566748503
2024-05-30,169,0.46301369863013697,50.0,50.62232751048495,-0.11051137628203908,0.026715686221316422
2024-05-30,232,0.6356164383561644,50.0,50.780748498525114,0.06671375230715218,0.024376825127304737
2024-05-31,21,0.057534246575342465,48.59000015258789,48.63769505418807,0.4479797770578296,0.017052402162959064
2024-05-31,28,0.07671232876712329,48.59000015258789,48.6288550583726,0.17871699429731627,0.010419819823569067
2024-05-31,35,0.0958904109589041,48.59000015258789,48.543179070672174,0.053249466308488515,-0.01005376409674104
2024-05-31,42,0.11506849315068493,48.59000015258789,48.54795121014916,-0.24459789238972093,-0.007523843169367611
2024-05-31,49,0.13424657534246576,48.59000015258789,48.95633432959788,-0.24240206731333971,0.05594938347465396
2024-05-31,77,0.21095890410958903,48.59000015258789,49.04956035584363,0.5334167482402008,0.044622298685103215
2024-05-31,168,0.4602739726027397,48.59000015258789,49.474930613882975,-0.055161090339006534,0.039212161790108724
2024-05-31,231,0.6328767123287671,48.59000015258789,49.69452680155336,0.05512483111948774,0.03551568627061799
2024-06-03,25,0.0684931506849315,48.59000015258789,49.01761769241771,-0.16929083880787968,0.1279255894549489
2024-06-03,32,0.08767123287671233,48.59000015258789,48.67278522299716,-0.4677264714148803,0.0194168290314838
2024-06-03,39,0.10684931506849316,48.59000015258789,48.75590761011448,-0.21506816991670172,0.03190118989127972
2024-06-03,46,0.12602739726027398,48.59000015258789,49.15471292186255,-0.2042625973547479,0.09168624625839315
2024-06-03,74,0.20273972602739726,48.59000015258789,49.58018009898793,0.1297174654263545,0.09950396959839965
2024-06-03,165,0.4520547945205479,48.59000015258789,49.63560712685913,0.020759800714484872,0.04709763173924489
2024-06-03,228,0.6246575342465753,48.59000015258789,50.14179302401834,0.07924645136473384,0.05032693781871278
2024-06-04,24,0.06575342465753424,47.59000015258789,47.2833322856906,0.04330032196091073,-0.09831895362018368
2024-06-04,31,0.08493150684931507,47.59000015258789,47.486640193563,-0.008434597849947028,-0.025599992547179956
2024-06-04,38,0.10410958904109589,47.59000015258789,47.60309275844999,0.028088367564812502,0.0026421649234264453
2024-06-04,45,0.1232876712328767,47.59000015258789,47.57232646835413,-0.0989558554225948,-0.0030128144886991254
2024-06-04,73,0.2,47.59000015258789,47.97133990019695,0.23165825055843692,0.039905444147621025
2024-06-04,164,0.44931506849315067,47.59000015258789,48.146581388797536,0.08830778614041784,0.025878228898510776
2024-06-04,227,0.6219178082191781,47.59000015258789,48.27763145094348,-0.0019423870619288614,0.023066839219178
2024-06-05,23,0.06301369863013699,53.52000045776367,54.001232008053506,0.9681285158966527,0.14205541159242138
2024-06-05,30,0.0821917808219178,53.52000045776367,54.121668118757015,-0.549856832822761,0.1360136127496415
2024-06-05,37,0.10136986301369863,53.52000045776367,54.38171272081833,-0.35989539734314696,0.1575666502662642
2024-06-05,44,0.12054794520547946,53.52000045776367,54.029752857932856,0.07081237894710911,0.07863634085594534
2024-06-05,72,0.19726027397260273,53.52000045776367,54.306379446356466,0.08002446746808266,0.07394434050060747
2024-06-05,163,0.4465753424657534,53.52000045776367,55.028346440701185,-0.04551904434807542,0.062235899029074275
2024-06-05,226,0.6191780821917808,53.52000045776367,54.96272481873362,0.058216444073725025,0.0429598548345697
2024-06-06,22,0.06027397260273973,52.5099983215332,52.47826079250067,-0.23719322570136664,-0.010030730663249998
2024-06-06,29,0.07945205479452055,52.5099983215332,52.490743930509886,0.12225841574029507,-0.004615962641885964
2024-06-06,36,0.09863013698630137,52.5099983215332,52.547965810277205,-0.05199624458079038,0.007328300518780109
2024-06-06,43,0.1178082191780822,52.5099983215332,52.82754304641588,0.13171272234726691,0.05117730888595574
2024-06-06,50,0.136986301369863,52.5099983215332,53.22578986442639,-0.2607274658309358,0.09883802213015154
2024-06-06,71,0.19452054794520549,52.5099983215332,52.75342211646367,0.10212361796548886,0.023776659388872717
2024-06-06,162,0.4438356164383562,52.5099983215332,53.38458175993185,-0.031095777849159522,0.037217332027970576
2024-06-06,225,0.6164383561643836,52.5099983215332,53.4993342324866,0.009090848439290618,0.03027977363872289
2024-06-07,21,0.057534246575342465,51.869998931884766,51.97037834185205,0.574822924272577,0.03360331181219065
2024-06-07,28,0.07671232876712329,51.869998931884766,51.766906982625244,-0.6409009570596648,-0.02593434505028074
2024-06-07,35,0.0958904109589041,51.869998931884766,52.07563158431737,-0.08714898922063254,0.04126113990129573
2024-06-07,42,0.11506849315068493,51.869998931884766,51.98800505300863,0.24090003937069573,0.019748691250205244
2024-06-07,49,0.13424657534246576,51.869998931884766,52.04638706313597,-0.3549501953740489,0.025287885817549857
2024-06-07,70,0.1917808219178082,51.869998931884766,52.32488906513139,0.10629276554927207,0.04552895518536498
2024-06-07,161,0.4410958904109589,51.869998931884766,52.92977681912503,0.03631973271834294,0.045852845153707474
2024-06-07,224,0.6136986301369863,51.869998931884766,52.96190550671322,0.008899003437014621,0.033945526841632254
2024-06-10,25,0.0684931506849315,53.95000076293945,53.96411440391354,0.002797629210350829,0.003818947300415102
2024-06-10,32,0.08767123287671233,53.95000076293945,54.26155414923594,-0.5435202633456563,0.0656799661455674
2024-06-10,39,0.10684931506849316,53.95000076293945,54.26570007871925,-0.0243680977481634,0.05460631240358333
2024-06-10,46,0.12602739726027398,53.95000076293945,54.79970038437747,0.3182424282519,0.12399701171830853
2024-06-10,67,0.18356164383561643,53.95000076293945,54.40767451727675,-0.015333642533755673,0.04602003759952997
2024-06-10,158,0.4328767123287671,53.95000076293945,55.15791335670091,0.16786935129577352,0.0511520181425306
2024-06-10,221,0.6054794520547945,53.95000076293945,55.07737232551529,-0.012099625962272322,0.03415683273494099
2024-06-11,24,0.06575342465753424,54.16999816894531,54.98141670270509,-0.2402445071564582,0.22611801918753582
2024-06-11,31,0.08493150684931507,54.16999816894531,55.08496589778091,0.2034115902763592,0.1972131716698679
2024-06-11,38,0.10410958904109589,54.16999816894531,54.459934111436695,0.1433488083161145,0.05127348569731394
2024-06-11,45,0.1232876712328767,54.16999816894531,54.44120380090366,-0.01950801550084066,0.040507489962193444
2024-06-11,66,0.18082191780821918,54.16999816894531,54.79431694978924,-0.16307428506233837,0.06337322129688046
2024-06-11,157,0.4301369863013699,54.16999816894531,55.384084256781726,0.031249642875573733,0.051530209055642116
2024-06-11,220,0.6027397260273972,54.16999816894531,55.42531467487188,0.051792741057347505,0.038008473838691804
2024-06-12,23,0.06301369863013699,58.720001220703125,58.7750870531501,0.29463062213740226,0.014880422449401168
2024-06-12,30,0.0821917808219178,58.720001220703125,58.63224925028617,-0.42976704894672707,-0.018195631836876468
2024-06-12,37,0.10136986301369863,58.720001220703125,58.64450116173295,0.009951309399045457,-0.012692048560695043
2024-06-12,44,0.12054794520547946,58.720001220703125,59.133470442768484,-0.07031906923861161,0.05820667243035303
2024-06-12,65,0.1780821917808219,58.720001220703125,59.04475385707487,0.24096476880444712,0.03097048143983383
2024-06-12,156,0.4273972602739726,58.720001220703125,59.38362650018354,0.00019340178678796093,0.026294354632978648
2024-06-12,219,0.6,58.720001220703125,59.8113758743674,0.03976394671871442,0.030692449638005048
2024-06-13,22,0.06027397260273973,60.86000061035156,60.25106554976634,-1.141755197530248,-0.16683646980105651
2024-06-13,29,0.07945205479452055,60.86000061035156,60.48453789041554,-0.23404221631252212,-0.07788840955926629
2024-06-13,36,0.09863013698630137,60.86000061035156,60.92319270754188,0.048483424680177675,0.01052193972115751
2024-06-13,43,0.1178082191780822,60.86000061035156,60.95608862158814,-0.08315231720761825,0.01339118612916932
2024-06-13,50,0.136986301369863,60.86000061035156,61.7325561669317,0.003089410786014443,0.10391761611335344
2024-06-13,64,0.17534246575342466,60.86000061035156,61.01757697804604,-0.23333499603100874,0.014747228170037962
2024-06-13,155,0.4246575342465753,60.86000061035156,61.61404476264774,0.004522283389464894,0.028996752570129687
2024-06-13,218,0.5972602739726027,60.86000061035156,61.595125443829886,0.04683425569850072,0.020102760937900192
2024-06-14,21,0.057534246575342465,60.099998474121094,60.21827923444409,-0.6469077771062938,0.03417324390233178
2024-06-14,28,0.07671232876712329,60.099998474121094,60.40461827171167,-0.019809879064818528,0.06590527753508416
2024-06-14,35,0.0958904109589041,60.099998474121094,60.45421947640234,-0.26181246794657936,0.06128412124172261
2024-06-14,42,0.11506849315068493,60.099998474121094,60.41608480243646,-0.17501885104296527,0.04558639700828188
2024-06-14,49,0.13424657534246576,60.099998474121094,60.196511853332545,-0.1407216149335209,0.011952571930487647
2024-06-14,63,0.1726027397260274,60.099998474121094,60.55746453383792,-0.11446559079112134,0.04393281996576761
2024-06-14,154,0.42191780821917807,60.099998474121094,61.2285167630183,0.016013742256170728,0.04409205930165183
2024-06-14,217,0.5945205479452055,60.099998474121094,61.14384660271757,-0.001561586951212602,0.0289635287756218
2024-06-17,25,0.0684931506849315,62.66999816894531,62.737893534086766,0.17396661030516883,0.0158087727088696
2024-06-17,32,0.08767123287671233,62.66999816894531,62.78179630664207,-0.13437922610245528,0.020329686809350222
2024-06-17,39,0.10684931506849316,62.66999816894531,63.102424487771685,-0.11078128970083398,0.06435564635600123
2024-06-17,46,0.12602739726027398,62.66999816894531,63.08107498153677,0.07390869726567377,0.05187735866568026
2024-06-17,60,0.1643835616438356,62.66999816894531,63.18778311916133,0.07354975806090791,0.0500545327583531
2024-06-17,151,0.4136986301369863,62.66999816894531,63.90713312264853,0.05468315370122726,0.04725214968720047
2024-06-17,214,0.5863013698630137,62.66999816894531,64.00363739256238,0.04019265408574462,0.03591511476289699
2024-06-18,24,0.06575342465753424,65.23999786376953,65.33977774604622,-0.03854144359012516,0.023242282319577968
2024-06-18,31,0.08493150684931507,65.23999786376953,65.23884753409313,-0.44667323101439105,-0.00020760766564862818
2024-06-18,38,0.10410958904109589,65.23999786376953,65.48556219423956,-0.32465336284656876,0.036086482087761336
2024-06-18,45,0.1232876712328767,65.23999786376953,65.46067420221159,-0.4876199258157596,0.02738979032433097
2024-06-18,59,0.16164383561643836,65.23999786376953,65.67169418430976,-0.07363448693330947,0.0408011433768675
2024-06-18,150,0.410958904109589,65.23999786376953,66.01606096673554,0.06479877059269473,0.028774934126178268
2024-06-18,213,0.5835616438356165,65.23999786376953,66.39132587489678,0.021914003802891203,0.029977413202061685
2024-06-20,22,0.06027397260273973,60.02000045776367,60.03059059937123,0.19460878349493052,0.0029271005761724498
2024-06-20,29,0.07945205479452055,60.02000045776367,60.125793341148714,-0.2117457836643908,0.022165261396139217
2024-06-20,36,0.09863013698630137,60.02000045776367,60.08287805118913,0.18304712544095153,0.010616048499415677
2024-06-20,43,0.1178082191780822,60.02000045776367,59.961424188943056,0.34179517737512677,-0.008288236392230837
2024-06-20,57,0.15616438356164383,60.02000045776367,60.267671027237995,0.1658517246584501,0.0263695004781304
2024-06-20,148,0.4054794520547945,60.02000045776367,60.91370345383149,0.023848307749037727,0.036451458518818196
2024-06-20,211,0.5780821917808219,60.02000045776367,60.97066463779063,0.025084567091105646,0.02718470402191127
2024-06-20,246,0.673972602739726,60.02000045776367,60.6022781834793,0.07521966152922864,0.014324971782394936
2024-06-21,21,0.057534246575342465,58.20000076293945,58.20122652808577,0.008242332609564045,0.00036606084205379776
2024-06-21,28,0.07671232876712329,58.20000076293945,58.10175124449915,0.07385391607104137,-0.0220246545501206
2024-06-21,35,0.0958904109589041,58.20000076293945,58.43409760400358,0.09886871518132452,0.04186252460743635
2024-06-21,42,0.11506849315068493,58.20000076293945,58.269254437354796,0.12870344669019954,0.010334872984364578
2024-06-21,56,0.15342465753424658,58.20000076293945,58.258670606735166,-0.11401766617746402,0.0065671656443881815
2024-06-21,147,0.40273972602739727,58.20000076293945,58.78307791444716,0.030462866772125483,0.02475210271982428
2024-06-21,210,0.5753424657534246,58.20000076293945,59.333987963483075,0.002131365576657521,0.03353989659695198
2024-06-21,245,0.6712328767123288,58.20000076293945,59.275857549579605,0.037531001527819005,0.0272881915386706
2024-06-24,25,0.0684931506849315,53.220001220703125,53.237418539504496,-0.13385847561629347,0.004777362767983547
2024-06-24,32,0.08767123287671233,53.220001220703125,53.31268659556972,0.2713488407691785,0.01984729467515849
2024-06-24,39,0.10684931506849316,53.220001220703125,53.421974640418426,-0.1781825604289685,0.03545069943013325
2024-06-24,53,0.14520547945205478,53.220001220703125,53.30471419854676,-0.11026351152966041,0.010953341994995525
2024-06-24,144,0.39452054794520547,53.220001220703125,53.61307469521693,0.08432491113810661,0.01865221155964651
2024-06-24,207,0.5671232876712329,53.220001220703125,53.99944571575643,0.00909913903179828,0.025637271151041287
2024-06-24,242,0.663013698630137,53.220001220703125,53.94542441912529,0.006474125838789909,0.020419771326917534
2024-06-25,24,0.06575342465753424,55.29999923706055,55.29779246563363,0.018437226145701514,-0.0006069075148581006
2024-06-25,31,0.08493150684931507,55.29999923706055,55.661516925652904,0.09454768650079762,0.07672199236185412
2024-06-25,38,0.10410958904109589,55.29999923706055,55.80873874043667,0.20551293855105776,0.08796087593330092
2024-06-25,52,0.14246575342465753,55.29999923706055,55.71076992144163,0.04660541357846849,0.05194644462476278
2024-06-25,143,0.3917808219178082,55.29999923706055,56.43129097921323,0.07397546044476504,0.05168939720371577
2024-06-25,206,0.5643835616438356,55.29999923706055,56.68287812797674,-0.016210912295016682,0.04376331811516948
2024-06-25,241,0.6602739726027397,55.29999923706055,57.17770048746706,0.05490697192189065,0.05057154667570077
2024-06-26,23,0.06301369863013699,54.779998779296875,54.89372332752648,-0.0559947727843359,0.03291143488386725
2024-06-26,30,0.0821917808219178,54.779998779296875,54.86376316575793,0.14771541096457766,0.01858990514010177
2024-06-26,37,0.10136986301369863,54.779998779296875,54.673385492489636,0.27168039168444835,-0.019217788591331546
2024-06-26,51,0.13972602739726028,54.779998779296875,55.01526063972394,-0.30242191226165216,0.030670530403547003
2024-06-26,142,0.38904109589041097,54.779998779296875,55.75748953520421,0.015354815810939506,0.045462038307781116
2024-06-26,205,0.5616438356164384,54.779998779296875,55.654829862247894,0.05402972009373027,0.0282095544847169
2024-06-26,240,0.6575342465753424,54.779998779296875,55.8439612927488,0.040648309199578875,0.02925513696567751
2024-06-27,22,0.06027397260273973,53.79999923706055,54.147448914425645,-0.20331452192434907,0.10680244908788011
2024-06-27,29,0.07945205479452055,53.79999923706055,54.13136674504707,-0.17437620447634664,0.07728380124835538
2024-06-27,36,0.09863013698630137,53.79999923706055,54.16393746518863,-0.09184708844634876,0.06835510720699138
2024-06-27,43,0.1178082191780822,53.79999923706055,54.08010274590439,0.20406492927274827,0.04407908607489988
2024-06-27,50,0.136986301369863,53.79999923706055,54.25943309881213,-0.12453475714747463,0.062074866164403296
2024-06-27,141,0.3863013698630137,53.79999923706055,54.94646876952363,0.05579612864070255,0.054584230944960524
2024-06-27,204,0.5589041095890411,53.79999923706055,54.93244386118774,-0.0004604839666401787,0.03727058628620672
2024-06-27,239,0.6547945205479452,53.79999923706055,55.01011253689793,0.0404462037308008,0.03397032038908032
2024-06-28,21,0.057534246575342465,55.36000061035156,55.28120842510323,-0.12811619897816853,-0.024755395629538116
2024-06-28,28,0.07671232876712329,55.36000061035156,55.40132498366713,0.313272895370841,0.00972709103442174
2024-06-28,35,0.0958904109589041,55.36000061035156,55.451561798821494,-0.09627879714891671,0.01723380828837671
2024-06-28,42,0.11506849315068493,55.36000061035156,55.52814798565547,0.2529141516513414,0.026355961391441477
2024-06-28,49,0.13424657534246576,55.36000061035156,55.446005211665124,-0.09496904755544286,0.011563392144449881
2024-06-28,140,0.3835616438356164,55.36000061035156,55.91447155303582,0.042227037476115434,0.025982543778979073
2024-06-28,203,0.5561643835616439,55.36000061035156,55.94756691169763,0.009079148968019105,0.018982921159504132
2024-06-28,238,0.6520547945205479,55.36000061035156,56.16368428744375,0.06093829594334298,0.022104029847203336
2024-07-01,25,0.0684931506849315,55.36000061035156,55.48988387318705,0.3597136603765566,0.034213775035236024
2024-07-01,32,0.08767123287671233,55.36000061035156,55.4446163678571,-0.3302124371830097,0.01742073025438947
2024-07-01,39,0.10684931506849316,55.36000061035156,55.502159672977186,-0.26306205492383117,0.024002125663772047
2024-07-01,46,0.12602739726027398,55.36000061035156,55.71236441926206,0.17192188106130374,0.05034446870020704
2024-07-01,137,0.37534246575342467,55.36000061035156,56.17702481667824,0.045242963677584784,0.03903246028534684
2024-07-01,200,0.547945205479452,55.36000061035156,56.143649528104625,0.03550122546863362,0.02565266375429576
2024-07-01,235,0.6438356164383562,55.36000061035156,56.1001137120449,-0.021105784633930775,0.020627186203497846
2024-07-02,24,0.06575342465753424,57.599998474121094,57.94756626473248,0.05602393248083811,0.09149379772935957
2024-07-02,31,0.08493150684931507,57.599998474121094,57.86813734028633,0.01843394945158946,0.05468391016816997
2024-07-02,38,0.10410958904109589,57.599998474121094,58.12476282284494,0.31099210296156327,0.08711245817654291
2024-07-02,45,0.1232876712328767,57.599998474121094,58.157831743799086,0.20883334300988654,0.07817497353350786
2024-07-02,136,0.3726027397260274,57.599998474121094,58.68881819850812,-0.018905474453601086,0.050259095881957636
2024-07-02,199,0.5452054794520548,57.599998474121094,58.63080119484683,-0.008592305220236879,0.03253385303615742
2024-07-02,234,0.6410958904109589,57.599998474121094,58.949134819758825,0.11120541834790398,0.03611380060530615
2024-07-03,23,0.06301369863013699,60.38999938964844,60.73167089254648,0.19763363630435002,0.0895329889000741
2024-07-03,30,0.0821917808219178,60.38999938964844,60.856472749627656,0.03574746838541697,0.09361845803991527
2024-07-03,37,0.10136986301369863,60.38999938964844,60.77382265697217,-0.32906672962929295,0.06250013024726134
2024-07-03,44,0.12054794520547946,60.38999938964844,60.9506185802664,0.16645522953493203,0.07665403691445079
2024-07-03,51,0.13972602739726028,60.38999938964844,60.88825703467868,-0.06652008622322098,0.05880661126883299
2024-07-03,135,0.3698630136986301,60.38999938964844,61.35520694662331,0.01651251850862379,0.0428713376595307
2024-07-03,198,0.5424657534246575,60.38999938964844,61.253309780060164,-0.008872530522876523,0.02616638356939813
2024-07-03,233,0.6383561643835617,60.38999938964844,61.300454570359115,-0.020717023160450702,0.023441052252630927
2024-07-05,21,0.057534246575342465,60.810001373291016,60.77483630177612,-0.19760972549287584,-0.010053925509180642
2024-07-05,28,0.07671232876712329,60.810001373291016,60.937423193467495,0.17825974113517254,0.027286573888358426
2024-07-05,35,0.0958904109589041,60.810001373291016,61.01233892658069,0.07889955918938568,0.03464214465620719
2024-07-05,42,0.11506849315068493,60.810001373291016,60.94442248992706,0.1474757929408457,0.01918918345941313
2024-07-05,49,0.13424657534246576,60.810001373291016,60.75994585371849,-0.10975000805665501,-0.006134123989195503
2024-07-05,133,0.3643835616438356,60.810001373291016,61.20666901979075,-0.027896096538601766,0.017843512886082373
2024-07-05,196,0.536986301369863,60.810001373291016,61.252883690683326,0.05960739095090489,0.013513672968854593
2024-07-05,231,0.6328767123287671,60.810001373291016,61.25022690839944,0.009281134305656795,0.011397610607340144
2024-07-08,25,0.0684931506849315,64.30999755859375,64.68393071320223,0.27935959029112545,0.08464645464915584
2024-07-08,32,0.08767123287671233,64.30999755859375,64.63609107783454,-0.3034341433789258,0.05769096484348787
2024-07-08,39,0.10684931506849316,64.30999755859375,64.6526028631259,-0.0041860612773888,0.04972669274994323
2024-07-08,46,0.12602739726027398,64.30999755859375,64.81135065411274,-0.12351757791467116,0.06161874655186536
2024-07-08,130,0.3561643835616438,64.30999755859375,65.40458781151118,0.06515453965090787,0.047386276172274165
2024-07-08,193,0.5287671232876713,64.30999755859375,65.48003960047426,0.059486447158485056,0.03409866895471924
2024-07-08,228,0.6246575342465753,64.30999755859375,65.57023656522604,0.062063046419053025,0.031067871351127287
2024-07-09,24,0.06575342465753424,64.25,64.39673759059103,-0.46084399225788225,0.03469400312574283
2024-07-09,31,0.08493150684931507,64.25,64.48571752179608,0.15953502206371745,0.043117588178601944
2024-07-09,38,0.10410958904109589,64.25,64.53039619974207,-0.27016748363030746,0.04182753932303177
2024-07-09,45,0.1232876712328767,64.25,64.67048920182656,0.32588812163542247,0.0529108561797017
2024-07-09,129,0.35342465753424657,64.25,65.08406888403591,-0.01065253897344536,0.036494561465539595
2024-07-09,192,0.5260273972602739,64.25,65.41394831407752,0.06954398040892647,0.03413090081371233
2024-07-09,227,0.6219178082191781,64.25,65.47571847395533,-0.07623323646128898,0.03038607282952539
2024-07-10,23,0.06301369863013699,68.58999633789062,68.36571403126273,-0.41377073540694087,-0.05197688894194989
2024-07-10,30,0.0821917808219178,68.58999633789062,68.55677306284952,-0.29919451206772674,-0.005894656107078228
2024-07-10,37,0.10136986301369863,68.58999633789062,68.71443403603524,0.08681921774819353,0.0178808711276019
2024-07-10,44,0.12054794520547946,68.58999633789062,69.0461720644108,0.04690086123904525,0.05498843660795176
2024-07-10,128,0.3506849315068493,68.58999633789062,69.22397152260525,-0.07756319719812196,0.026235840144378127
2024-07-10,191,0.5232876712328767,68.58999633789062,69.40306024282026,-0.017368045782695598,0.02251966707098493
2024-07-10,226,0.6191780821917808,68.58999633789062,70.34019003419726,0.09770112329146717,0.04069367327248667
2024-07-11,22,0.06027397260273973,61.9900016784668,61.65884391430784,0.11075767178889458,-0.08886814057897968
2024-07-11,29,0.07945205479452055,61.9900016784668,61.91544364534697,0.011090099575851909,-0.015147081574237387
2024-07-11,36,0.09863013698630137,61.9900016784668,61.889498561521826,-0.026380152749806027,-0.016451312078037784
2024-07-11,43,0.1178082191780822,61.9900016784668,61.95357836601726,0.1003525495047449,-0.004988957680925474
2024-07-11,50,0.136986301369863,61.9900016784668,62.538154711559464,-0.4717314421617475,0.06426728063123661
2024-07-11,127,0.34794520547945207,61.9900016784668,62.52283395107617,0.11325532098834089,0.024597908845901125
2024-07-11,190,0.5205479452054794,61.9900016784668,62.69273201048502,0.042338694899640546,0.02165490294489016
2024-07-11,225,0.6164383561643836,61.9900016784668,62.5730152661577,0.047212543496340575,0.015185639003009807
2024-07-12,21,0.057534246575342465,63.939998626708984,64.19941903003345,0.16131985435798066,0.07037615621425967
2024-07-12,28,0.07671232876712329,63.939998626708984,64.2135810934214,0.2781095132300921,0.05565741191422315
2024-07-12,35,0.0958904109589041,63.939998626708984,64.61625809048026,0.003476657566337794,0.10971827205988362
2024-07-12,42,0.11506849315068493,63.939998626708984,64.10632859563914,-0.000943132361990289,0.022577569839357145
2024-07-12,49,0.13424657534246576,63.939998626708984,64.5119481126678,-0.16266921326998826,0.06633559572596323
2024-07-12,126,0.3452054794520548,63.939998626708984,64.65624156654212,0.004323111664751418,0.03226925127113917
2024-07-12,189,0.5178082191780822,63.939998626708984,64.82606335039526,0.0682772736608595,0.026578590347602633
2024-07-12,224,0.6136986301369863,63.939998626708984,64.93155689056594,0.07532620507960305,0.025075210059706227
2024-07-15,25,0.0684931506849315,64.13999938964844,64.33448127608015,-0.08811735093062782,0.044202361372806635
2024-07-15,32,0.08767123287671233,64.13999938964844,64.58616412241615,0.446048648185355,0.07906841504479498
2024-07-15,39,0.10684931506849316,64.13999938964844,64.70960669142099,0.09046634917065939,0.08274724341868914
2024-07-15,46,0.12602739726027398,64.13999938964844,64.55278879786613,-0.10188661973196739,0.050902703973638073
2024-07-15,123,0.336986301369863,64.13999938964844,65.54778966848808,0.05941996205261025,0.06442785663651204
2024-07-15,186,0.5095890410958904,64.13999938964844,65.5894832365616,0.027824365702230947,0.043853340693920335
2024-07-15,221,0.6054794520547945,64.13999938964844,65.47296917702498,-0.012556236721874172,0.03397173648830046
2024-07-16,24,0.06575342465753424,65.30000305175781,65.51693415037192,0.08772466770803178,0.050439393441978765
2024-07-16,31,0.08493150684931507,65.30000305175781,65.69652357645728,0.2895195800683368,0.07128011380015709
2024-07-16,38,0.10410958904109589,65.30000305175781,65.63292897922862,-0.18671104952053458,0.04884711565948673
2024-07-16,45,0.1232876712328767,65.30000305175781,65.73015135175747,-0.024676947259302685,0.05325481306167485
2024-07-16,122,0.33424657534246577,65.30000305175781,66.30784300832194,-0.021796564600643813,0.0458227669629479
2024-07-16,185,0.5068493150684932,65.30000305175781,66.53284985472838,-0.06047793744821799,0.03690194481375052
2024-07-16,220,0.6027397260273972,65.30000305175781,66.8417878631065,0.005310041282725036,0.03871715724997448
2024-07-17,23,0.06301369863013699,51.54999923706055,51.98770203587729,-0.3918434369109719,0.13417710469037863
2024-07-17,30,0.0821917808219178,51.54999923706055,51.71415984992231,-0.41344978755527884,0.03868310470269652
2024-07-17,37,0.10136986301369863,51.54999923706055,51.6376781725356,-0.5265834875960779,0.016764425362240317
2024-07-17,44,0.12054794520547946,51.54999923706055,52.03935751281808,-0.3871178968072663,0.07837638263531714
2024-07-17,121,0.3315068493150685,51.54999923706055,52.33968463864363,0.01913543615775929,0.04585931242943288
2024-07-17,184,0.5041095890410959,51.54999923706055,52.007771741697525,0.09998538298409876,0.017537790421425038
2024-07-17,219,0.6,51.54999923706055,52.38496030475789,0.05107407709835158,0.02677889563659568
2024-07-18,22,0.06027397260273973,51.65999984741211,52.19167690268632,0.025199037963302966,0.16987848503821765
2024-07-18,29,0.07945205479452055,51.65999984741211,51.934012767049786,-0.42027943475147933,0.06658283147588609
2024-07-18,36,0.09863013698630137,51.65999984741211,52.05928832958842,-0.004520709104848228,0.07806381292871076
2024-07-18,43,0.1178082191780822,51.65999984741211,52.51054539653752,-0.42376909967115184,0.13861706358734088
2024-07-18,64,0.17534246575342466,51.65999984741211,52.5920394967762,-0.42191898966631014,0.10197748237571722
2024-07-18,120,0.3287671232876712,51.65999984741211,52.42068041920254,0.03758116673512037,0.04446123777790463
2024-07-18,183,0.5013698630136987,51.65999984741211,52.743948641158475,0.02553436302724155,0.041417055332409115
2024-07-18,218,0.5972602739726027,51.65999984741211,52.946499124154876,0.03647070394787201,0.04118500691263158
2024-07-19,21,0.057534246575342465,47.0,47.23731645132546,-0.22755150468661925,0.08754057977313165
2024-07-19,28,0.07671232876712329,47.0,47.172492175436645,0.0625343100476246,0.04775409842519621
2024-07-19,35,0.0958904109589041,47.0,47.08547078934998,0.6664975680366668,0.018947420244798133
2024-07-19,42,0.11506849315068493,47.0,47.36766664044806,0.2762368477942654,0.06771841386112525
2024-07-19,63,0.1726027397260274,47.0,47.38811063627195,-0.15062563055614928,0.047645623020859666
2024-07-19,119,0.32602739726027397,47.0,47.59002865400858,0.061407619027394784,0.03826566610376511
2024-07-19,182,0.4986301369863014,47.0,47.59411014992577,0.04820516599189693,0.025191849817112442
2024-07-19,217,0.5945205479452055,47.0,47.860405695715635,-0.03715450114073861,0.03051359202768796
2024-07-22,25,0.0684931506849315,52.93000030517578,53.030600076094764,0.014006652730180038,0.02772270242773766
2024-07-22,32,0.08767123287671233,52.93000030517578,53.16749698105227,-0.5058807148302293,0.05106531356834562
2024-07-22,39,0.10684931506849316,52.93000030517578,53.396064425262864,-0.1516663449895998,0.08204780449522672
2024-07-22,60,0.1643835616438356,52.93000030517578,53.071283090978895,0.043769291153268726,0.016216233647472086
2024-07-22,116,0.3178082191780822,52.93000030517578,53.44479826276665,0.06132690575271974,0.030455541516081364
2024-07-22,179,0.4904109589041096,52.93000030517578,53.88725987619053,0.12513398589508815,0.036548515243714545
2024-07-22,214,0.5863013698630137,52.93000030517578,53.96617791006364,0.004163320954769374,0.03306699369426882
2024-07-23,24,0.06575342465753424,50.529998779296875,50.713157876818066,-0.0650423846651715,0.05502688258701392
2024-07-23,31,0.08493150684931507,50.529998779296875,50.80637623587053,-0.5177789045837785,0.06422431696517562
2024-07-23,38,0.10410958904109589,50.529998779296875,51.05647205638363,-0.18309728195719363,0.09955970720847897
2024-07-23,59,0.16164383561643836,50.529998779296875,50.91877327757474,0.023471056914758755,0.04741589466119271
2024-07-23,115,0.3150684931506849,50.529998779296875,51.11231058060777,0.007126101225848837,0.03636728157931694
2024-07-23,178,0.4876712328767123,50.529998779296875,51.63462487636451,0.1017706197018349,0.04434396696609682
2024-07-23,213,0.5835616438356165,50.529998779296875,51.43088735415697,-0.016233848001853072,0.03028252166359297
2024-07-24,23,0.06301369863013699,42.900001525878906,42.699368325109475,-0.4214842030480978,-0.0743923115442724
2024-07-24,37,0.10136986301369863,42.900001525878906,42.79333554047293,-0.37815568850782183,-0.024558410517632124
2024-07-24,58,0.1589041095890411,42.900001525878906,42.61200191949353,0.04881754257106405,-0.042389795486531406
2024-07-24,114,0.31232876712328766,42.900001525878906,42.63927597305152,0.04428481190964536,-0.019518092550569206
2024-07-24,177,0.4849315068493151,42.900001525878906,42.77065101549424,0.021927387769831927,-0.006227102230078914
2024-07-25,22,0.06027397260273973,39.779998779296875,39.486022443995864,-0.2229940600435737,-0.12306299574110685
2024-07-25,29,0.07945205479452055,39.779998779296875,39.53806544159524,-0.1873915173969682,-0.0767803026105452
2024-07-25,36,0.09863013698630137,39.779998779296875,39.64067549331062,-0.518163415266812,-0.03557221789428097
2024-07-25,43,0.1178082191780822,39.779998779296875,39.82729810336555,-0.21551320988418124,0.010086872068546152
2024-07-25,57,0.15616438356164383,39.779998779296875,39.84973146219585,0.01144521188404949,0.011215257402586479
2024-07-25,113,0.3095890410958904,39.779998779296875,39.806021993617634,0.08670555157005419,0.0021123631355042275
2024-07-25,176,0.4821917808219178,39.779998779296875,39.7904421490392,0.05139043294784662,0.0005443761432355586
2024-07-26,21,0.057534246575342465,41.91999816894531,42.094213735265065,0.03402595727529653,0.07208391851290905
2024-07-26,28,0.07671232876712329,41.91999816894531,42.211147890934626,0.5790155184352557,0.09022484345804233
2024-07-26,35,0.0958904109589041,41.91999816894531,42.36889305899254,-0.11081076708283222,0.1110793276753373
2024-07-26,42,0.11506849315068493,41.91999816894531,42.25867426908154,0.14497662315744286,0.06992917279892145
2024-07-26,56,0.15342465753424658,41.91999816894531,42.40169104551771,0.09449899205418553,0.07446813597095066
2024-07-26,112,0.30684931506849317,41.91999816894531,42.60460645641714,-0.006261329175658001,0.052792634953348655
2024-07-26,175,0.4794520547945205,41.91999816894531,42.5929691192366,0.05721806015829499,0.03321750112937596
2024-07-29,25,0.0684931506849315,41.810001373291016,42.01718164018722,-0.12991265721431608,0.07216842906854429
2024-07-29,32,0.08767123287671233,41.810001373291016,41.997099623379874,0.5564366457562051,0.050928690651250455
2024-07-29,39,0.10684931506849316,41.810001373291016,41.804887229921675,0.35148664284608805,-0.001144847228071635
2024-07-29,53,0.14520547945205478,41.810001373291016,42.10978300337252,-0.18225750353934733,0.04920276344165773
2024-07-29,109,0.29863013698630136,41.810001373291016,42.143697899193405,-0.012396324162543694,0.026620149934011402
2024-07-29,172,0.4712328767123288,41.810001373291016,42.163962320630375,0.05701797988728525,0.0178898904475624
2024-07-30,24,0.06575342465753424,37.2400016784668,37.01798907238742,-0.5469041687359699,-0.09093840928300459
2024-07-30,31,0.08493150684931507,37.2400016784668,37.299945199911846,-0.47236907572695325,0.018937141899574256
2024-07-30,38,0.10410958904109589,37.2400016784668,36.91848757115266,0.7429129521317758,-0.08328775277231831
2024-07-30,52,0.14246575342465753,37.2400016784668,37.28677709599759,-0.08838387643832994,0.00881099380616556
2024-07-30,108,0.2958904109589041,37.2400016784668,37.420683582628435,-0.12367720359517839,0.016357715089223356
2024-07-30,171,0.4684931506849315,37.2400016784668,37.06028449638428,0.12640387278866533,-0.010325871366098886
2024-07-31,23,0.06301369863013699,44.38999938964844,44.46502076849258,0.07529289689423943,0.026797741873181458
2024-07-31,30,0.0821917808219178,44.38999938964844,44.68782014718988,-0.23558180526039224,0.08135581682774871
2024-07-31,37,0.10136986301369863,44.38999938964844,44.86614986396079,0.023465945883322126,0.10525223600909177
2024-07-31,51,0.13972602739726028,44.38999938964844,44.608996015376675,0.48500062931081644,0.03522134037981028
2024-07-31,107,0.29315068493150687,44.38999938964844,45.079517821330406,-0.08788704053068033,0.05257974394794936
2024-07-31,170,0.4657534246575342,44.38999938964844,45.07872837222546,-0.03881310554988907,0.03305670901260893
2024-08-01,22,0.06027397260273973,35.0,35.045743194567386,0.12734627829170597,0.0216693051103226
2024-08-01,29,0.07945205479452055,35.0,35.647792455423904,-1.999544613449138,0.23082047144058399
2024-08-01,36,0.09863013698630137,35.0,35.23028163340939,-0.1438164478403863,0.066490072589445
2024-08-01,43,0.1178082191780822,35.0,35.145935513194694,1.1542779698295298,0.03531941560854015
2024-08-01,106,0.29041095890410956,35.0,35.265906999101475,0.15036263986395326,0.026061786356247504
2024-08-01,169,0.46301369863013697,35.0,35.55877600801888,0.043132360299701286,0.03420833581996153
2024-08-02,105,0.2876712328767123,29.34000015258789,29.75117360592024,-0.21891209099081976,0.04837745539365798
2024-08-02,168,0.4602739726027397,29.34000015258789,29.84300365625245,-0.08782160047149264,0.036931593111317856
2024-08-05,25,0.0684931506849315,27.889999389648438,28.3214906257392,0.8220654149036736,0.2241497525127937
2024-08-05,32,0.08767123287671233,27.889999389648438,27.91893274182866,0.15118002518288792,0.011826819301806632
2024-08-05,39,0.10684931506849316,27.889999389648438,27.925000084771032,1.4546768348293727e-14,0.011737728360495357
2024-08-05,46,0.12602739726027398,27.889999389648438,28.3641207453726,0.5050488321905967,0.133755144022683
2024-08-05,102,0.27945205479452057,27.889999389648438,28.291338764751753,-0.2028801277763476,0.05112693605341455
2024-08-05,165,0.4520547945205479,27.889999389648438,27.91349507783016,0.08263570300423542,0.001862797797432377
2024-08-05,200,0.547945205479452,27.889999389648438,28.39230544777618,-0.16978866739297005,0.03257623862121193
2024-08-06,24,0.06575342465753424,28.579999923706055,28.818900609333618,0.8029722562367164,0.126598321816598
2024-08-06,31,0.08493150684931507,28.579999923706055,29.068518788658853,0.9376507162733589,0.19955598112664502
2024-08-06,38,0.10410958904109589,28.579999923706055,28.82002891308007,-0.23996756863651952,0.08033288811697475
2024-08-06,45,0.1232876712328767,28.579999923706055,28.753560425496616,0.3200545540967017,0.04910815955699522
2024-08-06,101,0.27671232876712326,28.579999923706055,28.924144217514748,0.1280826311376528,0.04325617368080779
2024-08-06,164,0.44931506849315067,28.579999923706055,29.115348704229245,0.09126787084876256,0.041303560632781705
2024-08-06,199,0.5452054794520548,28.579999923706055,28.963803323539512,0.05541708186092975,0.024467324334939224
2024-08-07,23,0.06301369863013699,26.219999313354492,26.1202811792863,0.4114727131947081,-0.06046911983397569
2024-08-07,30,0.0821917808219178,26.219999313354492,25.95520721840683,0.5374725745184566,-0.12349408958062837
2024-08-07,37,0.10136986301369863,26.219999313354492,26.4143191378874,-0.621238255895567,0.07284021434522836
2024-08-07,44,0.12054794520547946,26.219999313354492,26.097560986551027,-0.20483655101786738,-0.03882762969400314
2024-08-07,100,0.273972602739726,26.219999313354492,26.152735877306846,0.03712289125636732,-0.00937555297309656
2024-08-07,163,0.4465753424657534,26.219999313354492,26.844890475381103,0.0485057329325903,0.052741496428152325
2024-08-07,198,0.5424657534246575,26.219999313354492,26.158434078343483,0.022077226563845982,-0.004333521012241019
2024-08-08,22,0.06027397260273973,31.459999084472656,31.585113425763165,0.022135663530644407,0.06585009700774307
2024-08-08,29,0.07945205479452055,31.459999084472656,31.750530968595363,0.566744707758474,0.11569971493058197
2024-08-08,36,0.09863013698630137,31.459999084472656,31.672824185340676,0.46973031516885094,0.06835804618342142
2024-08-08,43,0.1178082191780822,31.459999084472656,31.65478614902561,0.15418255536342448,0.05239438988143617
2024-08-08,50,0.136986301369863,31.459999084472656,31.755518392584563,0.2786171319803878,0.06825244023707247
2024-08-08,99,0.27123287671232876,31.459999084472656,31.5247970685145,-0.03004236246333312,0.007586013044820573
2024-08-08,162,0.4438356164383562,31.459999084472656,31.552119538608675,0.20911661353841454,0.00658779601764869
2024-08-08,197,0.5397260273972603,31.459999084472656,31.770078315784556,0.01777062386197461,0.01817226581223151
2024-08-09,21,0.057534246575342465,31.010000228881836,31.001704106136895,0.3851690964859397,-0.0046505580449005685
2024-08-09,28,0.07671232876712329,31.010000228881836,31.08206500723855,-0.02496187969685778,0.0302588190279488
2024-08-09,35,0.0958904109589041,31.010000228881836,31.09315820804758,0.042670907826158115,0.027928352300308292
2024-08-09,42,0.11506849315068493,31.010000228881836,31.119238355912827,0.10711533025226086,0.030559921284670624
2024-08-09,49,0.13424657534246576,31.010000228881836,31.0860479586339,0.13401626220514531,0.018245227729365307
2024-08-09,98,0.2684931506849315,31.010000228881836,31.198047425703894,0.01555103904220551,0.022517408130876496
2024-08-09,161,0.4410958904109589,31.010000228881836,31.28787859701259,0.19726167981342785,0.02022466535974856
2024-08-09,196,0.536986301369863,31.010000228881836,31.355708563641507,0.05992483951971446,0.02064596680584975
2024-08-12,25,0.0684931506849315,31.40999984741211,31.574909175620363,-0.017686552126607708,0.0764526528933831
2024-08-12,32,0.08767123287671233,31.40999984741211,31.60671275016956,0.13035891182984297,0.07121170694681002
2024-08-12,39,0.10684931506849316,31.40999984741211,31.619080350187357,-0.14967518805308314,0.06209153729431909
2024-08-12,46,0.12602739726027398,31.40999984741211,31.534014025882076,-0.0048009498075919,0.03126673242683201
2024-08-12,95,0.2602739726027397,31.40999984741211,31.653500268283974,0.025113557977513815,0.029670376565683707
2024-08-12,158,0.4328767123287671,31.40999984741211,31.666186883853765,0.12402730622430544,0.01876548878118288
2024-08-12,193,0.5287671232876713,31.40999984741211,32.27390251354143,-0.01484189800185979,0.05131299212635948
2024-08-13,24,0.06575342465753424,35.279998779296875,35.27937441867686,0.28640923349970615,-0.0002691487749752986
2024-08-13,31,0.08493150684931507,35.279998779296875,35.49515369724648,0.15569840561319576,0.07158680305031724
2024-08-13,38,0.10410958904109589,35.279998779296875,35.35999817647747,0.04858555419326402,0.02175582174451385
2024-08-13,45,0.1232876712328767,35.279998779296875,35.490330658442986,-0.20768912611715898,0.04821315030311011
2024-08-13,94,0.25753424657534246,35.279998779296875,35.40728318755597,0.20474848527177367,0.013983935144174365
2024-08-13,157,0.4301369863013699,35.279998779296875,35.290130538711864,0.10538557560782666,0.0006675551736079624
2024-08-13,192,0.5260273972602739,35.279998779296875,35.44714601479858,0.11480627807897345,0.008985360617616733
2024-08-14,23,0.06301369863013699,35.04999923706055,34.69432174076979,0.1344710448369311,-0.1618625309595692
2024-08-14,30,0.0821917808219178,35.04999923706055,35.16176809938892,-0.3153736647244392,0.03873583280738156
2024-08-14,37,0.10136986301369863,35.04999923706055,34.92008035654274,0.04629371006050374,-0.03663376346036265
2024-08-14,44,0.12054794520547946,35.04999923706055,35.14898156259919,-0.09128316167939421,0.023393613899260837
2024-08-14,93,0.2547945205479452,35.04999923706055,35.02448794461827,-0.08121641550971789,-0.0028576725542215744
2024-08-14,156,0.4273972602739726,35.04999923706055,35.0712926809403,0.10439235934393576,0.001421000640172545
2024-08-14,191,0.5232876712328767,35.04999923706055,35.36765402162342,0.0444620470587173,0.017241152458724342
2024-08-15,22,0.06027397260273973,39.91999816894531,40.46713837757666,0.3997000291469178,0.22584940901321815
2024-08-15,29,0.07945205479452055,39.91999816894531,40.29183219328304,0.43482430678450396,0.11669135248222967
2024-08-15,36,0.09863013698630137,39.91999816894531,40.227362596302804,0.28071999359298416,0.07776548161350245
2024-08-15,43,0.1178082191780822,39.91999816894531,40.245304815658784,-0.33620123557790654,0.06889112660554361
2024-08-15,64,0.17534246575342466,39.91999816894531,40.40544911302682,0.24966309042214507,0.06893509384601332
2024-08-15,92,0.25205479452054796,39.91999816894531,40.29818583496685,-0.00900666127102698,0.03740871456175947
2024-08-15,155,0.4246575342465753,39.91999816894531,40.3867376910044,0.19384580338384397,0.027372764134293695
2024-08-15,190,0.5205479452054794,39.91999816894531,41.026934746425404,0.11034022841478534,0.052543460639711055
2024-08-16,21,0.057534246575342465,39.72999954223633,39.77719904040448,-0.4092700763116267,0.020636428928757916
2024-08-16,28,0.07671232876712329,39.72999954223633,39.9709312491154,-0.08047847202214288,0.07881279249706581
2024-08-16,35,0.0958904109589041,39.72999954223633,39.88914297980574,0.06657568230443786,0.04168949485591697
2024-08-16,42,0.11506849315068493,39.72999954223633,39.73109277158739,0.21612872414762152,0.00023912793972830323
2024-08-16,63,0.1726027397260274,39.72999954223633,39.81488598824006,0.005573335630393015,0.012365411268626133
2024-08-16,91,0.2493150684931507,39.72999954223633,40.03896599312794,0.07359813634506433,0.031071413004790535
2024-08-16,154,0.42191780821917807,39.72999954223633,40.01177174331117,0.03548487387500299,0.016750054059199566
2024-08-16,189,0.5178082191780822,39.72999954223633,40.16938138165942,0.13728768325544743,0.021240469988958014
2024-08-19,25,0.0684931506849315,41.599998474121094,42.14961406706985,-0.07845017073829326,0.19163080554195097
2024-08-19,32,0.08767123287671233,41.599998474121094,42.20146992531483,0.49928625320209163,0.163735831358925
2024-08-19,39,0.10684931506849316,41.599998474121094,42.047159167397915,0.19575724582249254,0.10006330033781716
2024-08-19,60,0.1643835616438356,41.599998474121094,41.99823403087866,-0.17713058516756747,0.0579585928959205
2024-08-19,88,0.2410958904109589,41.599998474121094,42.26447817574039,0.3042016114417066,0.06572838385400759
2024-08-19,151,0.4136986301369863,41.599998474121094,42.27191258283404,0.11023663909691957,0.038730439538800045
2024-08-19,186,0.5095890410958904,41.599998474121094,41.9946160212748,-0.18123021935577865,0.018527261671375393
2024-08-20,24,0.06575342465753424,40.09000015258789,39.95414313628882,-0.06452752513147253,-0.05162553282934301
2024-08-20,31,0.08493150684931507,40.09000015258789,40.18871496534271,0.06871088107232211,0.028956315396185112
2024-08-20,38,0.10410958904109589,40.09000015258789,40.126407901783445,0.038868894693275244,0.008719064952041602
2024-08-20,59,0.16164383561643836,40.09000015258789,40.14806382734197,0.014076201591538636,0.0089535445970223
2024-08-20,87,0.23835616438356164,40.09000015258789,40.22311582579227,0.09269952337390192,0.013907424857808801
2024-08-20,150,0.410958904109589,40.09000015258789,40.22600719183711,-0.06361071233324855,0.008241215903547257
2024-08-20,185,0.5068493150684932,40.09000015258789,40.32088302033288,0.06896538917571594,0.011329981511082715
2024-08-21,23,0.06301369863013699,41.72999954223633,41.811222912367384,-0.1567127196364679,0.03085853756378856
2024-08-21,30,0.0821917808219178,41.72999954223633,41.96774723250772,0.051570400399188615,0.06912025208955226
2024-08-21,37,0.10136986301369863,41.72999954223633,41.876838330973285,0.0921793961163088,0.03465138340480832
2024-08-21,58,0.1589041095890411,41.72999954223633,41.84229079604843,-0.1971152866842989,0.01691136856435068
2024-08-21,86,0.2356164383561644,41.72999954223633,42.03142474116161,0.08544117424244554,0.030546523215925953
2024-08-21,149,0.40821917808219177,41.72999954223633,42.168501114638616,0.03754503374192639,0.025606929256613183
2024-08-21,184,0.5041095890410959,41.72999954223633,42.23991232932291,-0.1447330197612666,0.02409253957712813
2024-08-22,22,0.06027397260273973,37.5099983215332,37.95153222320138,0.11487809862994153,0.19415276549018362
2024-08-22,29,0.07945205479452055,37.5099983215332,37.811439369136586,0.1185543908996154,0.1007420932020451
2024-08-22,36,0.09863013698630137,37.5099983215332,37.679300446664776,-0.32539788628295857,0.045659112785170375
2024-08-22,43,0.1178082191780822,37.5099983215332,37.395654425825555,0.02428703608040095,-0.02591511459103358
2024-08-22,57,0.15616438356164383,37.5099983215332,37.78932395814429,-0.09721418585736608,0.04750832582773276
2024-08-22,85,0.2328767123287671,37.5099983215332,38.04619847339949,0.16998017353822165,0.060949208330343764
2024-08-22,148,0.4054794520547945,37.5099983215332,38.176095950195815,-0.2421007258261282,0.04341043631395499
2024-08-22,183,0.5013698630136987,37.5099983215332,38.76924795867096,0.25366224969424167,0.06585923302820477
2024-08-23,21,0.057534246575342465,40.400001525878906,40.44396646024876,-0.6508389261927396,0.018904379017534684
2024-08-23,28,0.07671232876712329,40.400001525878906,40.45163014463437,0.200500545223136,0.016648173960943757
2024-08-23,35,0.0958904109589041,40.400001525878906,40.31372874449043,0.26103740982019014,-0.022293659397761286
2024-08-23,42,0.11506849315068493,40.400001525878906,40.09541695282372,0.19013518554568581,-0.06576765890968253
2024-08-23,56,0.15342465753424658,40.400001525878906,40.346758297204914,0.13935678328300244,-0.008595559979796216
2024-08-23,84,0.23013698630136986,40.400001525878906,40.5529990914515,-0.09467790641263427,0.016424632487731523
2024-08-23,147,0.40273972602739727,40.400001525878906,40.748442238060115,0.06865841267898108,0.021323421500153476
2024-08-23,182,0.4986301369863014,40.400001525878906,40.688482043738674,0.059034704135295206,0.014269561073415689
2024-08-26,25,0.0684931506849315,37.369998931884766,37.51095433039862,0.049143085158793,0.05496594686272143
2024-08-26,32,0.08767123287671233,37.369998931884766,37.644649354272474,-0.27101483596807197,0.0835235637354611
2024-08-26,39,0.10684931506849316,37.369998931884766,37.74441276282008,0.07002948407534985,0.0933018946961558
2024-08-26,53,0.14520547945205478,37.369998931884766,37.63177760479549,0.2518480954594152,0.048074133519563515
2024-08-26,81,0.2219178082191781,37.369998931884766,37.645303839392476,-0.12623160199538583,0.03307530652197692
2024-08-26,144,0.39452054794520547,37.369998931884766,38.04436829535517,0.0028819159723773614,0.045333127830503125
2024-08-26,179,0.4904109589041096,37.369998931884766,38.0244345769547,-0.14151839471208308,0.03540041883909248
2024-08-27,24,0.06575342465753424,38.4900016784668,38.670847485624165,-0.005306334594915713,0.07128921941804953
2024-08-27,31,0.08493150684931507,38.4900016784668,38.89553200823604,0.6145591417344527,0.12340384755732584
2024-08-27,38,0.10410958904109589,38.4900016784668,38.804327392199696,-0.6158230487273828,0.07812210487358386
2024-08-27,52,0.14246575342465753,38.4900016784668,38.768070399294075,-0.017771092383178356,0.050527715667912344
2024-08-27,80,0.2191780821917808,38.4900016784668,38.86660098475651,0.10407362720021393,0.04442407889004269
2024-08-27,143,0.3917808219178082,38.4900016784668,39.060247475271474,-0.010242848731658578,0.03753820880100582
2024-08-27,178,0.4876712328767123,38.4900016784668,38.7774732498504,0.06120282892377666,0.015258190917346509
2024-08-28,23,0.06301369863013699,36.599998474121094,36.17172880991444,0.45023029513649127,-0.1867904496987689
2024-08-28,30,0.0821917808219178,36.599998474121094,36.673189198382964,0.17354923857490379,0.0243059560975453
2024-08-28,37,0.10136986301369863,36.599998474121094,36.43432816946659,0.06475077524380496,-0.044754789859144606
2024-08-28,51,0.13972602739726028,36.599998474121094,36.35962661876372,-0.496374018872212,-0.04715798905706085
2024-08-28,79,0.21643835616438356,36.599998474121094,36.52564650180094,-0.006295997432909467,-0.009395474156776929
2024-08-28,142,0.38904109589041097,36.599998474121094,36.721572306290355,0.07468204574453847,0.008523996443406453
2024-08-28,177,0.4849315068493151,36.599998474121094,36.5499113854419,-0.04839692355399853,-0.0028239802515657997
2024-08-29,22,0.06027397260273973,36.189998626708984,36.15367955624149,-0.21629625795332139,-0.016658440990300515
2024-08-29,29,0.07945205479452055,36.189998626708984,36.4297453969002,0.15537102400157685,0.0831044905452253
2024-08-29,36,0.09863013698630137,36.189998626708984,36.1125555050778,0.10870713440216181,-0.021719495669965585
2024-08-29,43,0.1178082191780822,36.189998626708984,36.22603713519568,-0.06807405298485808,0.008448634111170092
2024-08-29,50,0.136986301369863,36.189998626708984,36.290755000544266,-0.12827549923836748,0.020295649975095555
2024-08-29,78,0.2136986301369863,36.189998626708984,36.34052226383757,-0.0053145799914521615,0.01942284248716692
2024-08-29,141,0.3863013698630137,36.189998626708984,36.55001199252995,0.17712816285270658,0.025624332327080532
2024-08-29,176,0.4821917808219178,36.189998626708984,36.683303051679864,0.24468402292040467,0.02807782033102276
2024-08-30,21,0.057534246575342465,38.790000915527344,39.11835389377665,0.11434547342686825,0.14650858139407222
2024-08-30,28,0.07671232876712329,38.790000915527344,39.06212749135338,0.5839983412006393,0.09113119479132115
2024-08-30,35,0.0958904109589041,38.790000915527344,39.00012493256493,0.10115969914887447,0.056338735182890905
2024-08-30,42,0.11506849315068493,38.790000915527344,38.71430227092969,-0.18323771775590536,-0.016976024573289162
2024-08-30,49,0.13424657534246576,38.790000915527344,39.13735512274238,-0.16064831107270225,0.06640675800088165
2024-08-30,77,0.21095890410958903,38.790000915527344,39.23693318887139,0.22964158635004608,0.054304279829637966
2024-08-30,140,0.3835616438356164,38.790000915527344,39.51903832942905,0.10961167403539437,0.04854508801730993
2024-08-30,175,0.4794520547945205,38.790000915527344,39.29014937467988,-0.020626521678374025,0.02672077474866463
2024-09-03,24,0.06575342465753424,30.06999969482422,29.8385570682898,0.1151046413449895,-0.1175082263130849
2024-09-03,31,0.08493150684931507,30.06999969482422,29.93735082994221,0.40017851469246024,-0.05205482126478347
2024-09-03,38,0.10410958904109589,30.06999969482422,30.034962528823854,-0.6175125006682171,-0.01119845102333545
2024-09-03,45,0.1232876712328767,30.06999969482422,30.070685117263007,0.014884004018944151,0.00018488441149777042
2024-09-03,73,0.2,30.06999969482422,30.161770829828257,0.10739528830294713,0.015236345406926264
2024-09-03,136,0.3726027397260274,30.06999969482422,30.20595273133246,0.04169754981773639,0.012106804200865186
2024-09-03,171,0.4684931506849315,30.06999969482422,29.936051318485546,-0.0888414789335002,-0.009529494810115061
2024-09-04,23,0.06301369863013699,30.299999237060547,30.069859056410575,-0.2970661452385409,-0.12099555644225357
2024-09-04,30,0.0821917808219178,30.299999237060547,30.1874362197082,-0.0939275703898358,-0.045282736214283664
2024-09-04,37,0.10136986301369863,30.299999237060547,30.33078107428505,0.4922836938989037,0.010016651246850973
2024-09-04,44,0.12054794520547946,30.299999237060547,30.317514017131057,0.1246729416095584,0.004793765306160754
2024-09-04,72,0.19726027397260273,30.299999237060547,30.26110402312933,0.10888647789898927,-0.006511676395412277
2024-09-04,135,0.3698630136986301,30.299999237060547,30.589219135822514,-0.20703675814184927,0.025685033025979274
2024-09-04,170,0.4657534246575342,30.299999237060547,30.651864409452934,0.05252441937107488,0.02478951652275783
2024-09-05,22,0.06027397260273973,29.75,29.991280858350056,1.2658168194070085,0.13401421912791744
2024-09-05,29,0.07945205479452055,29.75,29.724244732491442,0.1036376063433792,-0.01090089154592105
2024-09-05,36,0.09863013698630137,29.75,29.885706544173473,0.39233220791143353,0.04614403107076557
2024-09-05,43,0.1178082191780822,29.75,30.030022680308246,-0.3022574452811553,0.07952335858819043
2024-09-05,50,0.136986301369863,29.75,29.592465826995426,0.4152358660927051,-0.038758152306443555
2024-09-05,71,0.19452054794520549,29.75,30.090973785487925,0.11918231211921784,0.05858569018040359
2024-09-05,134,0.36712328767123287,29.75,30.122806982026887,0.13971676376562986,0.03392173776610588
2024-09-05,169,0.46301369863013697,29.75,30.116958845515278,-0.0950661627083276,0.026477181850857002
2024-09-06,21,0.057534246575342465,25.959999084472656,26.01870107811398,-1.7370919160998552,0.03925827258959072
2024-09-06,28,0.07671232876712329,25.959999084472656,25.967236218038234,-0.5130287004041174,0.003633592486474072
2024-09-06,35,0.0958904109589041,25.959999084472656,26.12141827440011,-1.7282212999524829,0.06464405262685663
2024-09-06,42,0.11506849315068493,25.959999084472656,26.014278528323217,-0.42844309799486624,0.01815184000920549
2024-09-06,49,0.13424657534246576,25.959999084472656,25.889330048928464,-0.70380495151032,-0.020305471191682484
2024-09-06,70,0.1917808219178082,25.959999084472656,26.135416684517015,-0.14689107902526147,0.03511560199395304
2024-09-06,133,0.3643835616438356,25.959999084472656,26.54186264240385,0.14334783075498908,0.060832470677771026
2024-09-06,168,0.4602739726027397,25.959999084472656,26.2965252392386,-0.31542510396111684,0.02798323275192463
2024-09-09,25,0.0684931506849315,27.43000030517578,27.509183416240074,0.5837060719412511,0.04208559879260021
2024-09-09,32,0.08767123287671233,27.43000030517578,27.488325438766417,0.49741197291140754,0.02422766157306246
2024-09-09,39,0.10684931506849316,27.43000030517578,27.568332480616867,0.0284548494838341,0.04707960941728393
2024-09-09,46,0.12602739726027398,27.43000030517578,27.58336351565193,-0.1267555173817613,0.04424041008200175
2024-09-09,67,0.18356164383561643,27.43000030517578,27.637554699176924,0.25559199022375156,0.04106636394244459
2024-09-09,130,0.3561643835616438,27.43000030517578,27.701505705667223,-0.02247154140841509,0.027654234114201162
2024-09-09,165,0.4520547945205479,27.43000030517578,27.617638379430733,-0.07826161286475516,0.015080747576931054
2024-09-10,24,0.06575342465753424,28.350000381469727,28.26270860793756,0.014917554695676157,-0.04689983803720944
2024-09-10,31,0.08493150684931507,28.350000381469727,28.408154934842994,-0.8622507950852413,0.024127747032327004
2024-09-10,38,0.10410958904109589,28.350000381469727,28.397028675119174,-0.13004394823322732,0.01592045424380851
2024-09-10,45,0.1232876712328767,28.350000381469727,28.622269890023833,0.23190592750805736,0.07752631370073015
2024-09-10,66,0.18082191780821918,28.350000381469727,28.399761547269502,0.013183327715723937,0.009698521621608816
2024-09-10,101,0.27671232876712326,28.350000381469727,29.059966504455463,0.015953427363517167,0.08938691668772158
2024-09-10,129,0.35342465753424657,28.350000381469727,28.512145679516124,-0.08134523289988027,0.01613672655521624
2024-09-10,164,0.44931506849315067,28.350000381469727,28.4559748345154,-0.28323517174776297,0.008303987364585307
2024-09-11,23,0.06301369863013699,32.220001220703125,32.07443105833075,0.14959412294892824,-0.07186124991004443
2024-09-11,30,0.0821917808219178,32.220001220703125,32.25654270562732,0.07966401409664896,0.013790693083224106
2024-09-11,37,0.10136986301369863,32.220001220703125,32.146664699843804,0.16427992181539916,-0.02247918765518283
2024-09-11,44,0.12054794520547946,32.220001220703125,32.194319349344795,-0.30271315438191815,-0.006614765347156197
2024-09-11,65,0.1780821917808219,32.220001220703125,32.30077419639883,0.12039603777620207,0.01405970585687762
2024-09-11,100,0.273972602739726,32.220001220703125,32.26782861181391,0.19654659231904958,0.0054140451001325205
2024-09-11,128,0.3506849315068493,32.220001220703125,32.2352391635027,0.07929416456303506,0.0013482828336352217
2024-09-11,163,0.4465753424657534,32.220001220703125,32.3591523483592,0.09494846020935202,0.009650066574676423
2024-09-12,22,0.06027397260273973,31.809999465942383,31.909077703568776,0.51224847246844,0.05159520291730219
2024-09-12,29,0.07945205479452055,31.809999465942383,31.85967205986577,0.0768553699591485,0.019638539231210863
2024-09-12,36,0.09863013698630137,31.809999465942383,31.969786873406235,-0.1142603581467515,0.050801993941265666
2024-09-12,43,0.1178082191780822,31.809999465942383,32.03453200813256,-0.365790349618126,0.05970514870492865
2024-09-12,50,0.136986301369863,31.809999465942383,31.624084706333992,-0.7259560098863604,-0.042790296378561674
2024-09-12,64,0.17534246575342466,31.809999465942383,31.936137685168582,-0.0023754990805437384,0.022570245118738213
2024-09-12,99,0.27123287671232876,31.809999465942383,32.07395215676707,-0.05186397988817066,0.030466632813899944
2024-09-12,127,0.34794520547945207,31.809999465942383,32.19442328624367,-0.23666864655282832,0.034524282909535534
2024-09-12,162,0.4438356164383562,31.809999465942383,32.26527691223518,0.2890865620442447,0.03201848676997205
2024-09-13,21,0.057534246575342465,33.43000030517578,33.3117745572035,-0.2029387217820656,-0.061576973319334816
2024-09-13,28,0.07671232876712329,33.43000030517578,33.35319367204793,0.24786357471834836,-0.02998448281727699
2024-09-13,35,0.0958904109589041,33.43000030517578,33.409617094640396,0.2786242329151058,-0.006360532327104182
2024-09-13,42,0.11506849315068493,33.43000030517578,33.485137438004614,0.03257059150324534,0.014321663667295178
2024-09-13,49,0.13424657534246576,33.43000030517578,33.67864637337839,-0.19908412732003028,0.05519908550785589
2024-09-13,63,0.1726027397260274,33.43000030517578,33.43118865522184,-0.09921813191506972,0.00020594564037063455
2024-09-13,98,0.2684931506849315,33.43000030517578,33.37884717222161,0.1140271533611287,-0.005703417021574682
2024-09-13,126,0.3452054794520548,33.43000030517578,33.75501126188016,0.028670941673845547,0.028027302997157097
2024-09-13,161,0.4410958904109589,33.43000030517578,33.588996854788505,0.038452288367984935,0.010756910957756171
2024-09-16,25,0.0684931506849315,32.15999984741211,32.20168611348174,-0.7535046777114696,0.018912480636120985
2024-09-16,32,0.08767123287671233,32.15999984741211,32.19291153849297,0.10695801218772269,0.0116668850262017
2024-09-16,39,0.10684931506849316,32.15999984741211,32.3060960391387,-0.14241513511023257,0.04241959542604489
2024-09-16,46,0.12602739726027398,32.15999984741211,32.24294484382041,-0.26879715929006404,0.02043853373559241
2024-09-16,60,0.1643835616438356,32.15999984741211,32.251151050410414,0.027945900486821,0.01721762502302313
2024-09-16,95,0.2602739726027397,32.15999984741211,32.33207741064584,0.017650165112338037,0.02050303567301728
2024-09-16,123,0.336986301369863,32.15999984741211,32.289108569113424,0.08911261849047289,0.011889319477293965
2024-09-16,158,0.4328767123287671,32.15999984741211,32.39215679988964,0.01933166047045855,0.016616462944683594
2024-09-17,24,0.06575342465753424,32.15999984741211,32.17136568440844,-1.1209586542781504,0.0053739086065450045
2024-09-17,31,0.08493150684931507,32.15999984741211,32.332711225175395,-0.31273077930469756,0.06306269397840265
2024-09-17,38,0.10410958904109589,32.15999984741211,32.40994003512361,-0.3465396876772509,0.07436132886692856
2024-09-17,45,0.1232876712328767,32.15999984741211,32.23826310477201,-0.15615556733874994,0.01971488856337861
2024-09-17,59,0.16164383561643836,32.15999984741211,32.3734213747051,-0.07175720057589376,0.040919089878392066
2024-09-17,94,0.25753424657534246,32.15999984741211,32.44866505935919,-0.035431712667303765,0.034697771151361884
2024-09-17,122,0.33424657534246577,32.15999984741211,32.31681002826766,-0.050678626046426756,0.014552399198807974
2024-09-17,157,0.4301369863013699,32.15999984741211,32.1426188633871,0.20546002937788804,-0.0012568079490312973
2024-09-18,23,0.06301369863013699,31.139999389648438,31.45917050761825,-0.3254466317244947,0.16182804891244415
2024-09-18,30,0.0821917808219178,31.139999389648438,31.358302635972805,0.09363748083153903,0.08499538534757045
2024-09-18,37,0.10136986301369863,31.139999389648438,31.56840025271589,0.14224389807812246,0.13478839817679106
2024-09-18,44,0.12054794520547946,31.139999389648438,31.672923765892264,0.16417558087158451,0.14076581053433643
2024-09-18,58,0.1589041095890411,31.139999389648438,31.43954085724298,0.4123035973220423,0.06024524410513826
2024-09-18,93,0.2547945205479452,31.139999389648438,31.707573544760365,-0.019574616929265588,0.0708901376195968
2024-09-18,121,0.3315068493150685,31.139999389648438,31.51531099324077,-0.08794450761564725,0.03613905485731444
2024-09-18,156,0.4273972602739726,31.139999389648438,31.683615835236036,0.039324328433040234,0.04049288905066582
2024-09-19,22,0.06027397260273973,35.119998931884766,35.122351852434704,-0.06837732148498525,0.0011114972810818428
2024-09-19,29,0.07945205479452055,35.119998931884766,35.004479945294754,-0.1828807153934355,-0.041467607437297514
2024-09-19,36,0.09863013698630137,35.119998931884766,35.07116134025963,0.17439334953543364,-0.014108870492298309
2024-09-19,43,0.1178082191780822,35.119998931884766,35.329380292619405,0.4176861376096222,0.0504564313269309
2024-09-19,57,0.15616438356164383,35.119998931884766,34.951478734810365,0.10565141388547625,-0.030800624638309074
2024-09-19,92,0.25205479452054796,35.119998931884766,35.08455194760241,0.02169965104276235,-0.004006351935766407
2024-09-19,120,0.3287671232876712,35.119998931884766,35.021650035385285,0.1727997005818848,-0.008529732637643823
2024-09-19,155,0.4246575342465753,35.119998931884766,35.340480710949485,0.0015295018253246573,0.014737359874940254
2024-09-19,239,0.6547945205479452,35.119998931884766,35.97101455725334,0.09301964383578437,0.036565248876469475
2024-09-20,21,0.057534246575342465,33.54999923706055,33.58679003020285,0.1293350026191436,0.01904943905280758
2024-09-20,28,0.07671232876712329,33.54999923706055,33.56153557501165,0.007507876546655743,0.004481626216309739
2024-09-20,35,0.0958904109589041,33.54999923706055,33.736714233660805,-0.3581516392990659,0.0578769738112944
2024-09-20,42,0.11506849315068493,33.54999923706055,33.68294627194471,-0.08977185969324124,0.0343692973260143
2024-09-20,56,0.15342465753424658,33.54999923706055,33.65259564660854,-0.10190491302091677,0.019901292844092942
2024-09-20,91,0.2493150684931507,33.54999923706055,33.752602490050215,0.041539932659889284,0.024148899306506943
2024-09-20,119,0.32602739726027397,33.54999923706055,34.14655176867229,0.1039834941863182,0.05405915972262538
2024-09-20,154,0.42191780821917807,33.54999923706055,33.9447440835497,-0.027846364474087264,0.027723854433019248
2024-09-20,238,0.6520547945205479,33.54999923706055,34.232482488192545,0.03169476781750535,0.03088411152099907
2024-09-23,25,0.0684931506849315,33.91999816894531,33.91096049172443,-0.0013271252498680982,-0.0038905564895741554
2024-09-23,32,0.08767123287671233,33.91999816894531,34.21598678048515,0.463774630864681,0.09910009637760905
2024-09-23,39,0.10684931506849316,33.91999816894531,34.24502537689448,-0.15238598984117455,0.08925235263091413
2024-09-23,53,0.14520547945205478,33.91999816894531,33.89528049408382,0.22430371505088392,-0.005020269991711258
2024-09-23,88,0.2410958904109589,33.91999816894531,34.11831730452744,-0.15178543361786065,0.024179787850858517
2024-09-23,116,0.3178082191780822,33.91999816894531,34.14189175131957,-0.028475653904891422,0.020516682939236936
2024-09-23,151,0.4136986301369863,33.91999816894531,34.24379126420356,0.006050551852090571,0.022964819517866525
2024-09-23,235,0.6438356164383562,33.91999816894531,34.41819836723597,0.017036989834123762,0.02264660339588014
2024-09-24,24,0.06575342465753424,35.06999969482422,35.23005993292143,-0.04319381393374908,0.06925324597416853
2024-09-24,31,0.08493150684931507,35.06999969482422,35.30600851325256,0.22414785204516136,0.07897077413711932
2024-09-24,38,0.10410958904109589,35.06999969482422,35.416244847990406,0.11734937395876056,0.09436742120882609
2024-09-24,52,0.14246575342465753,35.06999969482422,35.36584217543575,0.18425894609455315,0.0589642658924648
2024-09-24,87,0.23835616438356164,35.06999969482422,35.48729790882269,0.06728147728703285,0.049626455639956546
2024-09-24,115,0.3150684931506849,35.06999969482422,35.59391950337259,0.11532111022379171,0.047065218119373343
2024-09-24,150,0.410958904109589,35.06999969482422,35.39981175025854,0.08325661497458792,0.022777087422843775
2024-09-24,234,0.6410958904109589,35.06999969482422,36.061478179607185,0.020338865016313986,0.04348671411889629
2024-09-25,23,0.06301369863013699,35.7400016784668,35.9714500423462,-0.3993352024004964,0.10243824578850745
2024-09-25,30,0.0821917808219178,35.7400016784668,36.013900893444266,-0.2574892652988513,0.09288572510466371
2024-09-25,37,0.10136986301369863,35.7400016784668,36.03505367778287,0.2649368123419062,0.0811051829175987
2024-09-25,51,0.13972602739726028,35.7400016784668,36.111992816931796,-0.21786227744514935,0.07410548100923701
2024-09-25,86,0.2356164383561644,35.7400016784668,36.087275916440454,0.044604478348583866,0.04104034035908305
2024-09-25,114,0.31232876712328766,35.7400016784668,36.092176443994404,-0.03473891614758623,0.03139501444177002
2024-09-25,149,0.40821917808219177,35.7400016784668,36.3001429003097,0.11512530575292967,0.0380950284825616
2024-09-25,233,0.6383561643835617,35.7400016784668,36.5503027968113,0.101101189237595,0.035119757859728325
2024-09-26,22,0.06027397260273973,39.650001525878906,39.620624120053094,-0.2100382213417297,-0.012297061811348728
2024-09-26,29,0.07945205479452055,39.650001525878906,39.71022944894323,-0.5468627721818197,0.0191038064496226
2024-09-26,36,0.09863013698630137,39.650001525878906,39.83186980247039,0.5710163547968188,0.04639914576995693
2024-09-26,43,0.1178082191780822,39.650001525878906,39.78552010547457,-0.9262552342959761,0.028962691287702517
2024-09-26,50,0.136986301369863,39.650001525878906,39.62578029062464,-0.19393927146383774,-0.004460757593466752
2024-09-26,85,0.2328767123287671,39.650001525878906,39.96748832051419,0.12414476689142881,0.034247069996715375
2024-09-26,113,0.3095890410958904,39.650001525878906,39.29788274620046,-0.03258764309101061,-0.028813498215295566
2024-09-26,148,0.4054794520547945,39.650001525878906,39.94773278979026,0.1897078189312149,0.018449597890018585
2024-09-26,232,0.6356164383561644,39.650001525878906,40.17349647935679,-0.12943738914845798,0.02063587296105322
2024-09-27,21,0.057534246575342465,37.65999984741211,37.68321459737127,0.010584351359402937,0.010710837845669481
2024-09-27,28,0.07671232876712329,37.65999984741211,37.63997531859745,-0.05083649471756266,-0.006933177385831188
2024-09-27,35,0.0958904109589041,37.65999984741211,37.59606660870694,0.22264947629139625,-0.017719036837627683
2024-09-27,42,0.11506849315068493,37.65999984741211,37.78794613414867,-0.053811328141916644,0.029475029703338547
2024-09-27,49,0.13424657534246576,37.65999984741211,37.75063501147222,0.11773938067493864,0.017905692313501472
2024-09-27,84,0.23013698630136986,37.65999984741211,37.89917525090112,0.035698246820225675,0.02750897014043999
2024-09-27,112,0.30684931506849317,37.65999984741211,37.91731744026755,0.034250124277271594,0.022191390900329518
2024-09-27,147,0.40273972602739727,37.65999984741211,37.93325676225385,0.0312328453542454,0.01795128418632943
2024-09-27,231,0.6328767123287671,37.65999984741211,38.044479302159885,0.2225247592153708,0.016049672538854916
2024-09-30,25,0.0684931506849315,36.68000030517578,36.63228495453619,-0.11381610543891076,-0.01900484251003417
2024-09-30,32,0.08767123287671233,36.68000030517578,36.71119797157334,-0.018083447955145663,0.009697304639697852
2024-09-30,39,0.10684931506849316,36.68000030517578,36.57775942283878,-0.19724073580173815,-0.026123387366590752
2024-09-30,46,0.12602739726027398,36.68000030517578,36.78711595404256,0.12541791363110688,0.023137970653774258
2024-09-30,81,0.2219178082191781,36.68000030517578,36.88628431071797,0.09417297877693487,0.025271191120626337
2024-09-30,109,0.29863013698630136,36.68000030517578,36.857691447792924,-0.020485388021025827,0.016182774915265274
2024-09-30,144,0.39452054794520547,36.68000030517578,36.91898174245624,0.04651009264412603,0.0164609257315077
2024-09-30,228,0.6246575342465753,36.68000030517578,36.978683142256045,0.06610921110027142,0.012983049388831377
2024-10-01,24,0.06575342465753424,33.83000183105469,33.46677278846121,-0.4117469429343202,-0.16417315781750785
2024-10-01,31,0.08493150684931507,33.83000183105469,33.57952114116272,0.22514041982646998,-0.08750163378835303
2024-10-01,38,0.10410958904109589,33.83000183105469,33.75649230782338,0.22763165751503325,-0.020894073665561747
2024-10-01,45,0.1232876712328767,33.83000183105469,33.55531378288715,-0.24357223034243983,-0.06612828330130141
2024-10-01,80,0.2191780821917808,33.83000183105469,33.63536908295622,0.012460162197633393,-0.026325042455584004
2024-10-01,108,0.2958904109589041,33.83000183105469,33.721599014599136,0.14169872965511546,-0.010846869069760205
2024-10-01,143,0.3917808219178082,33.83000183105469,33.71176218599885,-0.008879405229231476,-0.0089367165729959
2024-10-01,227,0.6219178082191781,33.83000183105469,33.622919912513986,0.07250556252134677,-0.00987278731370494
2024-10-02,23,0.06301369863013699,34.959999084472656,34.67306416933893,-0.044660058055533275,-0.13078724126804772
2024-10-02,30,0.0821917808219178,34.959999084472656,34.782270575846695,-0.126224418237209,-0.06201026187037904
2024-10-02,37,0.10136986301369863,34.959999084472656,34.87451580614698,0.4017692675013436,-0.024150848943244187
2024-10-02,44,0.12054794520547946,34.959999084472656,34.9188876233126,0.1618212451959388,-0.009760839439929414
2024-10-02,79,0.21643835616438356,34.959999084472656,35.02315886927428,0.08691705309834921,0.008339557212421729
2024-10-02,107,0.29315068493150687,34.959999084472656,34.770142609271915,0.21354557070144453,-0.018575692859227617
2024-10-02,142,0.38904109589041097,34.959999084472656,35.193986375777186,0.166514491666317,0.01714652226386426
2024-10-02,226,0.6191780821917808,34.959999084472656,34.639452829939394,-0.14925167167768796,-0.014876555222755538
2024-10-03,22,0.06027397260273973,35.209999084472656,35.39916033558183,0.39531237497539473,0.08889398073759568
2024-10-03,29,0.07945205479452055,35.209999084472656,35.53920854289833,0.4105256047037427,0.11713285280887788
2024-10-03,36,0.09863013698630137,35.209999084472656,35.43584820313946,0.21020883795178358,0.06482665319463463
2024-10-03,43,0.1178082191780822,35.209999084472656,35.61509421785978,-0.2946210437845002,0.09710218689338385
2024-10-03,50,0.136986301369863,35.209999084472656,35.34214893717671,-0.10625314008601222,0.027347007284119672
2024-10-03,78,0.2136986301369863,35.209999084472656,35.75040789748888,0.11738400327938762,0.0712759441653088
2024-10-03,106,0.29041095890410956,35.209999084472656,35.598530661525835,-0.17396128172298886,0.03778871269158468
2024-10-03,141,0.3863013698630137,35.209999084472656,35.691439459206975,0.08857065797654849,0.035155872763951754
2024-10-03,225,0.6164383561643836,35.209999084472656,36.040900805385,0.01779427469876184,0.03783722999958335
2024-10-04,21,0.057534246575342465,36.68000030517578,36.80104017246216,0.20057717702118943,0.05726075892781842
2024-10-04,28,0.07671232876712329,36.68000030517578,36.81312505552657,0.7113287969886055,0.04722559013290014
2024-10-04,35,0.0958904109589041,36.68000030517578,36.82892028259995,-0.28880010255557337,0.042254048458930514
2024-10-04,42,0.11506849315068493,36.68000030517578,36.83876904752579,0.11611885499946853,0.03753539762178241
2024-10-04,49,0.13424657534246576,36.68000030517578,36.85010605800399,-0.2750800553304264,0.03446524435875963
2024-10-04,77,0.21095890410958903,36.68000030517578,36.823244479798305,0.3001870197515754,0.018475795336190017
2024-10-04,105,0.2876712328767123,36.68000030517578,37.004637073016696,0.06942257623616135,0.030630714419924585
2024-10-04,140,0.3835616438356164,36.68000030517578,37.09471001506864,0.042412919021062,0.0293113681318915
2024-10-04,224,0.6136986301369863,36.68000030517578,37.31544131876469,0.18365812085574637,0.027986964297984522
2024-10-07,25,0.0684931506849315,36.40999984741211,36.45270089728229,-0.11602447583181637,0.017112607496188734
2024-10-07,32,0.08767123287671233,36.40999984741211,36.559468045588794,-0.23496280749544388,0.046728421328076565
2024-10-07,39,0.10684931506849316,36.40999984741211,36.49227628055598,-0.22196245245000928,0.02112480970325889
2024-10-07,46,0.12602739726027398,36.40999984741211,36.53190498056711,-0.5223013322248904,0.026522247625381624
2024-10-07,74,0.20273972602739726,36.40999984741211,36.63526350551972,-0.24918761930231126,0.030422268178372472
2024-10-07,102,0.27945205479452057,36.40999984741211,36.71843755040686,0.08143425001388724,0.030186059953997594
2024-10-07,137,0.37534246575342467,36.40999984741211,36.72039616173765,-0.025310600833686005,0.022616402859931013
2024-10-07,221,0.6054794520547945,36.40999984741211,37.23563888305552,0.05146729043800069,0.037033261946508265
2024-10-08,24,0.06575342465753424,37.459999084472656,37.434215128555834,0.13176321178390915,-0.01047159692768253
2024-10-08,31,0.08493150684931507,37.459999084472656,37.27426128646343,-0.30888316156437534,-0.05852516034430179
2024-10-08,38,0.10410958904109589,37.459999084472656,37.549311676038776,-0.052751248752940696,0.02287372972821148
2024-10-08,45,0.1232876712328767,37.459999084472656,37.3957396188038,-0.01721154706225365,-0.013925874035639132
2024-10-08,73,0.2,37.459999084472656,37.538667456003736,-0.11706324476326653,0.01048930654525558
2024-10-08,101,0.27671232876712326,37.459999084472656,37.44498713511415,0.056029810926459894,-0.0014485312015061775
2024-10-08,136,0.3726027397260274,37.459999084472656,37.432087171031235,-0.032876343130215556,-0.002000495840317017
2024-10-08,220,0.6027397260273972,37.459999084472656,37.530531952688776,-0.03856025428781235,0.0031209400263820662
2024-10-09,23,0.06301369863013699,38.61000061035156,38.69644027943751,0.046170568923319964,0.03548890679273585
2024-10-09,30,0.0821917808219178,38.61000061035156,38.727518841936096,0.2654437863626927,0.03697574635342543
2024-10-09,37,0.10136986301369863,38.61000061035156,38.74111814565657,0.1838224577493074,0.03344380861849133
2024-10-09,44,0.12054794520547946,38.61000061035156,38.78451267953946,-0.14859777525973322,0.03740987130712855
2024-10-09,72,0.19726027397260273,38.61000061035156,38.87876938187235,-0.00531468035128911,0.03516674273298411
2024-10-09,100,0.273972602739726,38.61000061035156,38.971392200886854,-0.011785968459456182,0.0340052891217075
2024-10-09,135,0.3698630136986301,38.61000061035156,39.087381869116115,0.03808099995775543,0.03322412359060689
2024-10-09,219,0.6,38.61000061035156,39.36276472556816,0.08303683423516525,0.03218164274053049
2024-10-10,22,0.06027397260273973,37.83000183105469,37.72084788476182,0.6871819850869554,-0.04794028039988245
2024-10-10,29,0.07945205479452055,37.83000183105469,37.91620207116945,0.04809826545250553,0.02864657155294498
2024-10-10,36,0.09863013698630137,37.83000183105469,37.936021516185015,0.1270682719837561,0.02837479022040635
2024-10-10,43,0.1178082191780822,37.83000183105469,37.991972628356955,0.30411329369722,0.036265752688351124
2024-10-10,50,0.136986301369863,37.83000183105469,37.9246893613895,-0.10756588940455802,0.018248885198515273
2024-10-10,71,0.19452054794520549,37.83000183105469,37.97012178427797,0.057571572576969404,0.019006190410536652
2024-10-10,99,0.27123287671232876,37.83000183105469,37.96467285770349,0.13135272234168105,0.013101577801186749
2024-10-10,134,0.36712328767123287,37.83000183105469,38.24902021454843,0.03928288289683025,0.030004791200513477
2024-10-10,218,0.5972602739726027,37.83000183105469,38.362392184893594,0.18233616331719918,0.02339871421918986
2024-10-11,21,0.057534246575342465,38.66999816894531,38.64363954007871,0.0722849213464533,-0.011851417278599662
2024-10-11,28,0.07671232876712329,38.66999816894531,38.68861493600093,-0.14003651902075626,0.00627422988094379
2024-10-11,35,0.0958904109589041,38.66999816894531,38.76155749384289,-0.020945452206266934,0.02466264293644163
2024-10-11,42,0.11506849315068493,38.66999816894531,38.63814502825856,0.1861753219830283,-0.007161444188068959
2024-10-11,49,0.13424657534246576,38.66999816894531,38.73464461251316,-0.3247381705281587,0.012442410002318707
2024-10-11,70,0.1917808219178082,38.66999816894531,38.914178736924875,0.1007868061784945,0.03282193617574627
2024-10-11,98,0.2684931506849315,38.66999816894531,38.903885501023225,-0.07860296392065859,0.02245894056349241
2024-10-11,133,0.3643835616438356,38.66999816894531,38.983851921659756,-0.008861794610159273,0.022183900915418477
2024-10-11,217,0.5945205479452055,38.66999816894531,39.18895500320045,0.1360682743225734,0.02242292339564829
2024-10-14,25,0.0684931506849315,40.81999969482422,40.771893504604755,0.29770586947531547,-0.017216182418313367
2024-10-14,32,0.08767123287671233,40.81999969482422,40.88691955625686,-0.2237225382124334,0.018683970638894546
2024-10-14,39,0.10684931506849316,40.81999969482422,40.83444082884071,-0.5867733651013125,0.0033103944749904176
2024-10-14,46,0.12602739726027398,40.81999969482422,40.92235030830018,-0.12436386945332324,0.019870490441806197
2024-10-14,67,0.18356164383561643,40.81999969482422,41.05338263683335,0.0540784585275401,0.031058152046038345
2024-10-14,95,0.2602739726027397,40.81999969482422,40.783355065545166,0.028653634483156963,-0.0034506555005417053
2024-10-14,130,0.3561643835616438,40.81999969482422,41.28885439978894,-0.0173714574350475,0.032065093852036854
2024-10-14,214,0.5863013698630137,40.81999969482422,41.38287276006313,0.02750454070986898,0.023358198673662272
2024-10-15,24,0.06575342465753424,34.470001220703125,34.55758771643664,0.7627628399352935,0.038594578138793884
2024-10-15,31,0.08493150684931507,34.470001220703125,34.64122253820248,0.01856766854501527,0.05834065573884559
2024-10-15,38,0.10410958904109589,34.470001220703125,34.920592889089605,-0.5289115384187146,0.12474637063585656
2024-10-15,45,0.1232876712328767,34.470001220703125,34.85902752391799,0.1143274398328905,0.09102878682741394
2024-10-15,66,0.18082191780821918,34.470001220703125,34.68286025219648,0.010903660716127665,0.03404569643605749
2024-10-15,94,0.25753424657534246,34.470001220703125,34.71291954147173,0.007656042870735335,0.02726830660199166
2024-10-15,129,0.35342465753424657,34.470001220703125,34.76230496499142,0.024974972859389266,0.023892484358401307
2024-10-15,213,0.5835616438356165,34.470001220703125,34.87571154605687,0.0732018839361751,0.02005139794407793
2024-10-16,23,0.06301369863013699,34.459999084472656,34.616461911340686,-0.17278582708804902,0.07189138660726303
2024-10-16,30,0.0821917808219178,34.459999084472656,34.49348099956616,0.0358147177223167,0.011815598917528184
2024-10-16,37,0.10136986301369863,34.459999084472656,34.638515014970544,0.3590692897049199,0.0509718471242177
2024-10-16,44,0.12054794520547946,34.459999084472656,34.82929280893929,0.16240023410420795,0.08842602454123914
2024-10-16,65,0.1780821917808219,34.459999084472656,34.69417691083149,0.048707271315920835,0.03803106814382753
2024-10-16,93,0.2547945205479452,34.459999084472656,34.57213957937748,-0.01957472132234752,0.012751211040864772
2024-10-16,128,0.3506849315068493,34.459999084472656,34.77239377365527,0.025169748966808295,0.025734168355934325
2024-10-16,212,0.5808219178082191,34.459999084472656,34.87095747025588,0.02787593732789399,0.020410927508202076
2024-10-17,22,0.06027397260273973,35.209999084472656,35.195323349438034,0.3961957924360502,-0.006916630189619413
2024-10-17,29,0.07945205479452055,35.209999084472656,35.399209385986346,-0.4329835427300396,0.06745425288169374
2024-10-17,36,0.09863013698630137,35.209999084472656,35.2772632171031,0.11827203267181763,0.019350553609052894
2024-10-17,43,0.1178082191780822,35.209999084472656,35.51586518767724,0.1975403835565803,0.07341929314224367
2024-10-17,64,0.17534246575342466,35.209999084472656,35.48128333186945,0.12978570950244578,0.043772740165960264
2024-10-17,92,0.25205479452054796,35.209999084472656,35.36746578892557,-0.05640288413609297,0.01770347154606677
2024-10-17,127,0.34794520547945207,35.209999084472656,35.601434384350775,0.05074044017443356,0.03177460531827181
2024-10-17,211,0.5780821917808219,35.209999084472656,35.748803739950986,0.08873005115119387,0.026270831053924745
2024-10-18,21,0.057534246575342465,35.27000045776367,35.19884774100032,-0.1484419020971986,-0.03509926538390711
2024-10-18,28,0.07671232876712329,35.27000045776367,35.35063876001017,-0.04377426122070394,0.029769719930743718
2024-10-18,35,0.0958904109589041,35.27000045776367,35.13005593205352,0.014908895965995211,-0.04146085896998658
2024-10-18,42,0.11506849315068493,35.27000045776367,35.407220520752624,0.1979178614275618,0.03374522008971548
2024-10-18,63,0.1726027397260274,35.27000045776367,35.461714217972734,0.03301236981137559,0.031406712082499205
2024-10-18,91,0.2493150684931507,35.27000045776367,35.49964828590367,0.1268731278499619,0.026031446095028356
2024-10-18,126,0.3452054794520548,35.27000045776367,35.6001380702904,0.0337730031030651,0.026989024094855225
2024-10-18,210,0.5753424657534246,35.27000045776367,35.73483957048707,0.0787882084818487,0.02275749625993871
2024-10-21,25,0.0684931506849315,35.09000015258789,35.26399083560832,-0.0034529534194083847,0.07221393172645513
2024-10-21,32,0.08767123287671233,35.09000015258789,35.36737637804972,-0.1470334183966587,0.08980859272071373
2024-10-21,39,0.10684931506849316,35.09000015258789,35.30800762985229,-0.2457591322529187,0.05796564352844137
2024-10-21,60,0.1643835616438356,35.09000015258789,35.36618433036812,-0.033091749713982856,0.047692875587464025
2024-10-21,88,0.2410958904109589,35.09000015258789,35.45359869031486,0.07514740967263649,0.04275713037290927
2024-10-21,123,0.336986301369863,35.09000015258789,35.62652760047966,-0.06734702413293776,0.04502949727534077
2024-10-21,207,0.5671232876712329,35.09000015258789,35.48201436292101,0.09466817736202282,0.019589631973976406
2024-10-22,24,0.06575342465753424,34.689998626708984,34.75419702151509,0.0740473166815791,0.02811900567645882
2024-10-22,31,0.08493150684931507,34.689998626708984,34.64914708576977,-0.017161861928002398,-0.013873664016985799
2024-10-22,38,0.10410958904109589,34.689998626708984,34.89882369252096,0.33690612723745,0.05764792865030882
2024-10-22,59,0.16164383561643836,34.689998626708984,34.888855138680206,0.02159667759798274,0.03536181749807758
2024-10-22,87,0.23835616438356164,34.689998626708984,34.90697311121148,0.020391150631602274,0.026159132431054888
2024-10-22,122,0.33424657534246577,34.689998626708984,35.02662214535982,-0.004982017219182988,0.028891795452154125
2024-10-22,206,0.5643835616438356,34.689998626708984,35.184306550964436,0.16062527557120598,0.025069343149680387
2024-10-23,23,0.06301369863013699,33.79999923706055,33.86366091888634,0.1435122009130465,0.029861923146295512
2024-10-23,30,0.0821917808219178,33.79999923706055,33.93862299433904,0.4874631146153311,0.04979703884702805
2024-10-23,37,0.10136986301369863,33.79999923706055,33.9467147122641,0.22720048948978497,0.04272769894717864
2024-10-23,58,0.1589041095890411,33.79999923706055,33.97078007284369,-0.08260068630382504,0.031717024726317294
2024-10-23,86,0.2356164383561644,33.79999923706055,33.99061025649651,0.1372375993655777,0.023867339946066702
2024-10-23,121,0.3315068493150685,33.79999923706055,34.08371460988877,0.019257409194392665,0.025214902470058514
2024-10-23,205,0.5616438356164384,33.79999923706055,34.513488786502236,0.010552286758414091,0.037193405682081175
2024-10-24,22,0.06027397260273973,34.290000915527344,34.35127448147069,0.0549042157290923,0.029620208143963205
2024-10-24,29,0.07945205479452055,34.290000915527344,34.4220582373538,0.35244477958374865,0.04837878071563701
2024-10-24,36,0.09863013698630137,34.290000915527344,34.401880899534824,0.0739888455378502,0.03302689342043732
2024-10-24,43,0.1178082191780822,34.290000915527344,34.35531690395625,-0.7591091680708618,0.016153369183404476
2024-10-24,57,0.15616438356164383,34.290000915527344,34.34144136228721,-0.05795093954232793,0.009599081785527645
2024-10-24,85,0.2328767123287671,34.290000915527344,34.46680077562282,0.09140262954194635,0.022083664563822235
2024-10-24,120,0.3287671232876712,34.290000915527344,34.45493173721317,0.004611851850666871,0.014594982518800875
2024-10-24,204,0.5589041095890411,34.290000915527344,34.71113232380414,0.09691854704206339,0.021840345000945123
2024-10-25,21,0.057534246575342465,35.279998779296875,35.36823230737869,-0.02204448648581275,0.04341463399036144
2024-10-25,28,0.07671232876712329,35.279998779296875,35.35049054639957,0.09344638494541338,0.02602023147001493
2024-10-25,35,0.0958904109589041,35.279998779296875,35.60981401947598,0.43881203564890686,0.09703867091469184
2024-10-25,42,0.11506849315068493,35.279998779296875,35.409730068901624,-0.23482745793188542,0.031897928244475134
2024-10-25,56,0.15342465753424658,35.279998779296875,35.51606951963551,0.06550670470204221,0.043467980665951915
2024-10-25,84,0.23013698630136986,35.279998779296875,35.55286801463702,0.058659613239748665,0.03347846036412585
2024-10-25,119,0.32602739726027397,35.279998779296875,35.64334357884285,0.09990020744656776,0.03142747233416622
2024-10-25,203,0.5561643835616439,35.279998779296875,35.64797783299884,0.019722537017249818,0.018656760919975236
2024-10-28,25,0.0684931506849315,35.349998474121094,35.44693475824149,0.05737508884190716,0.03998112822035134
2024-10-28,32,0.08767123287671233,35.349998474121094,35.95958258930761,-0.7044965107807072,0.1950155388321277
2024-10-28,39,0.10684931506849316,35.349998474121094,35.430397303520095,-0.2610502391295952,0.021261562560826792
2024-10-28,53,0.14520547945205478,35.349998474121094,35.53141722573122,-0.018132295016076022,0.03525313385104812
2024-10-28,81,0.2219178082191781,35.349998474121094,35.67929513841415,-0.14114463273977626,0.04178215044615671
2024-10-28,116,0.3178082191780822,35.349998474121094,35.798296788090404,-0.04402825887681329,0.03965274207863384
2024-10-28,200,0.547945205479452,35.349998474121094,35.87678113682682,0.02085723117514253,0.02699534905137488
2024-10-29,24,0.06575342465753424,37.97999954223633,38.079821691208636,0.15841525981064974,0.03991935196872561
2024-10-29,31,0.08493150684931507,37.97999954223633,38.14625662261109,0.15997718803275077,0.051428935404151666
2024-10-29,38,0.10410958904109589,37.97999954223633,37.900726828716124,-0.26260462833781995,-0.020069274189345006
2024-10-29,52,0.14246575342465753,37.97999954223633,38.14314740462936,-0.04611098194573479,0.030087412172787115
2024-10-29,80,0.2191780821917808,37.97999954223633,38.29460307950294,0.1657741369661616,0.037637345310276286
2024-10-29,115,0.3150684931506849,37.97999954223633,38.41086345237117,0.06706736742208065,0.035803734437710434
2024-10-29,199,0.5452054794520548,37.97999954223633,38.63461541838546,0.10287765655334664,0.031344060946317975
2024-10-30,23,0.06301369863013699,34.0099983215332,33.922453870323324,0.850969441313012,-0.04090219334521577
2024-10-30,30,0.0821917808219178,34.0099983215332,34.08118694785771,-0.4445515981583477,0.025440256300285787
2024-10-30,37,0.10136986301369863,34.0099983215332,33.99729563977886,-0.5422491742122597,-0.0036852000156492285
2024-10-30,51,0.13972602739726028,34.0099983215332,34.029056363899805,0.10420376945088622,0.004009338389716275
2024-10-30,79,0.21643835616438356,34.0099983215332,34.18889648884464,0.06237230789049946,0.02423959279180677
2024-10-30,114,0.31232876712328766,34.0099983215332,34.17159617743734,-0.021033217367561273,0.015177046430794292
2024-10-30,198,0.5424657534246575,34.0099983215332,34.300625019051125,0.10428368985551452,0.015685831621585846
2024-10-31,22,0.06027397260273973,30.09000015258789,29.911653880490373,-0.19589150343729952,-0.09862846445626083
2024-10-31,29,0.07945205479452055,30.09000015258789,29.943090649117657,0.7094499906339835,-0.061600596339389725
2024-10-31,36,0.09863013698630137,30.09000015258789,30.05946090624518,-0.07023322901640557,-0.010295488823161314
2024-10-31,43,0.1178082191780822,30.09000015258789,30.342883751344285,-0.6439805577271187,0.07104021760972114
2024-10-31,50,0.136986301369863,30.09000015258789,30.117027976830947,0.05740883226243214,0.006554156096328382
2024-10-31,78,0.2136986301369863,30.09000015258789,30.078038048934523,0.015624741189746895,-0.001860672646020184
2024-10-31,113,0.3095890410958904,30.09000015258789,30.196566904464763,-0.010749046259974231,0.011419472515209401
2024-10-31,197,0.5397260273972603,30.09000015258789,30.027812439042606,0.0023175505962803257,-0.003833171125462655
2024-11-01,21,0.057534246575342465,30.829999923706055,30.98486714560032,0.05191558785685751,0.0870905517887302
2024-11-01,28,0.07671232876712329,30.829999923706055,30.939308991236665,-0.18022578747963577,0.046136933879646444
2024-11-01,35,0.0958904109589041,30.829999923706055,31.274154831020436,-0.22980499261781348,0.14916812466521998
2024-11-01,42,0.11506849315068493,30.829999923706055,31.17371876358747,-0.2505214814605199,0.09635264001198533
2024-11-01,49,0.13424657534246576,30.829999923706055,31.047881529551933,0.016157128047051862,0.0524582388699318
2024-11-01,77,0.21095890410958903,30.829999923706055,31.140351242953045,0.049636376639142055,0.04747941993433853
2024-11-01,112,0.30684931506849317,30.829999923706055,31.26461452747622,-0.09237268342391021,0.04562073835489706
2024-11-01,196,0.536986301369863,30.829999923706055,31.39184117249133,-0.06406390712563931,0.033631741462927786
2024-11-04,25,0.0684931506849315,30.350000381469727,30.532883731399934,-0.20809335149608765,0.08771282697331934
2024-11-04,32,0.08767123287671233,30.350000381469727,30.615760809328847,0.7587342218808932,0.09944431176231208
2024-11-04,39,0.10684931506849316,30.350000381469727,30.794865392285622,-0.5353998582211156,0.1361865348006194
2024-11-04,46,0.12602739726027398,30.350000381469727,30.50591242414596,0.03180249483716818,0.04065770487807812
2024-11-04,74,0.20273972602739726,30.350000381469727,30.544332433693864,0.04957253520846581,0.03148184491962777
2024-11-04,109,0.29863013698630136,30.350000381469727,30.676328608484194,-0.020863503041819123,0.03581276863897507
2024-11-04,193,0.5287671232876713,30.350000381469727,31.039999958405655,0.12205461995002224,0.04251429960451185
2024-11-05,24,0.06575342465753424,31.3799991607666,31.732421394695624,0.0034692840423900437,0.1698496261093611
2024-11-05,31,0.08493150684931507,31.3799991607666,31.701998293216874,-0.17367286139599064,0.12020269456418192
2024-11-05,38,0.10410958904109589,31.3799991607666,31.86954396529107,0.3217988208423729,0.14869042028626056
2024-11-05,45,0.1232876712328767,31.3799991607666,31.70899586259442,-0.24857937777863084,0.08459646544059896
2024-11-05,73,0.2,31.3799991607666,31.739962218760127,0.2120073765219819,0.057029021008307194
2024-11-05,108,0.2958904109589041,31.3799991607666,31.894760624374886,-0.0020477453655670472,0.05499006182021938
2024-11-05,192,0.5260273972602739,31.3799991607666,32.14809726554451,0.016489379851123368,0.04597202629795733
2024-11-06,23,0.06301369863013699,34.119998931884766,33.79319431029715,1.070785596968198,-0.15273283554855158
2024-11-06,30,0.0821917808219178,34.119998931884766,34.05902422110342,0.7539856577598506,-0.02176209469283847
2024-11-06,37,0.10136986301369863,34.119998931884766,34.047090632493735,-0.04078422651402972,-0.021101995108460135
2024-11-06,44,0.12054794520547946,34.119998931884766,34.06425192046115,-0.08055142604182661,-0.013564625161118284
2024-11-06,72,0.19726027397260273,34.119998931884766,34.141470205193855,0.08598412569991262,0.003189132380466558
2024-11-06,107,0.29315068493150687,34.119998931884766,34.28189187732341,0.17007969219943236,0.016147292449426927
2024-11-06,191,0.5232876712328767,34.119998931884766,34.15148514954321,0.16312233270080476,0.0017626686213593956
2024-11-07,22,0.06027397260273973,36.209999084472656,36.34594478037036,0.006183756588205824,0.06217175881580276
2024-11-07,29,0.07945205479452055,36.209999084472656,36.32484136944441,-0.14019239347297374,0.03985477758985458
2024-11-07,36,0.09863013698630137,36.209999084472656,36.49967845994561,-0.20527456897171528,0.0807882152740839
2024-11-07,43,0.1178082191780822,36.209999084472656,36.44021464884998,-0.06572296557895384,0.05379645323799941
2024-11-07,50,0.136986301369863,36.209999084472656,36.12462354318009,-0.1833970275327292,-0.017232183377840937
2024-11-07,71,0.19452054794520549,36.209999084472656,36.43715853568031,0.009355556661939686,0.032149787802190175
2024-11-07,106,0.29041095890410956,36.209999084472656,36.58323516867823,0.13161091956861343,0.035311275828681495
2024-11-07,190,0.5205479452054794,36.209999084472656,36.94473298960304,0.07387856090493715,0.03858971044911375
2024-11-08,21,0.057534246575342465,35.40999984741211,35.438817754170614,-0.06983477295887497,0.014139479236710092
2024-11-08,28,0.07671232876712329,35.40999984741211,35.47039945375297,-0.0796367032758252,0.022216359094075204
2024-11-08,35,0.0958904109589041,35.40999984741211,35.465775715705405,-0.3551208633568615,0.016413583962624663
2024-11-08,42,0.11506849315068493,35.40999984741211,35.57274915079283,0.02980959351346493,0.03985113127996031
2024-11-08,49,0.13424657534246576,35.40999984741211,35.43617067534799,-0.35052712056165325,0.005503359479411537
2024-11-08,70,0.1917808219178082,35.40999984741211,35.588181428002606,0.04044882098746824,0.02617226537739261
2024-11-08,105,0.2876712328767123,35.40999984741211,35.74052478246743,0.04399295069704356,0.0322970463644267
2024-11-08,189,0.5178082191780822,35.40999984741211,35.94993026615285,0.03216048058239372,0.02922487910515773
2024-11-11,25,0.0684931506849315,32.77000045776367,32.96481506072089,0.10676069104146284,0.0865386632062258
2024-11-11,32,0.08767123287671233,32.77000045776367,33.04785448503611,0.10017896812450473,0.09630491083820418
2024-11-11,39,0.10684931506849316,32.77000045776367,32.900085199418186,0.048907683770205726,0.03707811073653957
2024-11-11,46,0.12602739726027398,32.77000045776367,33.010400422854296,0.3204058796656786,0.05799690877333135
2024-11-11,67,0.18356164383561643,32.77000045776367,32.9273510670469,0.05575270126238782,0.026095730263814763
2024-11-11,102,0.27945205479452057,32.77000045776367,33.084784652547796,0.029398702178661588,0.03420988210366596
2024-11-11,186,0.5095890410958904,32.77000045776367,33.29699407530847,-0.025698720731064603,0.03130689033112531
2024-11-12,24,0.06575342465753424,31.670000076293945,31.724185465519273,0.3230486507962012,0.02599827270510868
2024-11-12,31,0.08493150684931507,31.670000076293945,31.780187729344842,-0.05831341173478015,0.04089419126185659
2024-11-12,38,0.10410958904109589,31.670000076293945,31.7822937734178,-0.040953056928215124,0.033997561710190756
2024-11-12,45,0.1232876712328767,31.670000076293945,31.665634488746893,0.17481174411253755,-0.0011181624991578815
2024-11-12,66,0.18082191780821918,31.670000076293945,31.848609246732412,0.017624050887139878,0.031101607873096224
2024-11-12,101,0.27671232876712326,31.670000076293945,32.055513695010895,-0.04516343191493821,0.04372533681652717
2024-11-12,185,0.5068493150684932,31.670000076293945,32.132317512625704,-0.00835237901314261,0.028593186141604932
2024-11-13,23,0.06301369863013699,29.690000534057617,29.78705374008242,-0.18998078904084173,0.051791184630280894
2024-11-13,30,0.0821917808219178,29.690000534057617,29.644883592891546,0.33968990069480115,-0.01850253516308913
2024-11-13,37,0.10136986301369863,29.690000534057617,29.70957085233458,0.321686127116441,0.006500334855761239
2024-11-13,44,0.12054794520547946,29.690000534057617,29.820767320460646,0.02486386346772894,0.03645631598038542
2024-11-13,65,0.1780821917808219,29.690000534057617,29.77770296872239,0.05832717257332309,0.016563049534182056
2024-11-13,100,0.273972602739726,29.690000534057617,29.81465873317803,0.0397575334236454,0.015293024042934129
2024-11-13,184,0.5041095890410959,29.690000534057617,29.85641886442735,0.026627049660796345,0.01108796066112652
2024-11-14,22,0.06027397260273973,29.600000381469727,29.698651686642886,0.2581383342507283,0.055202480620238116
2024-11-14,29,0.07945205479452055,29.600000381469727,29.764014412073085,0.11325103718873564,0.06954784924379732
2024-11-14,36,0.09863013698630137,29.600000381469727,29.74397837708653,0.10702063251973049,0.049197232634448945
2024-11-14,43,0.1178082191780822,29.600000381469727,29.830238849926637,0.38657380276958087,0.06576987046053746
2024-11-14,64,0.17534246575342466,29.600000381469727,29.77871605705606,-0.038366635896645636,0.0343301767407275
2024-11-14,99,0.27123287671232876,29.600000381469727,29.89618402068575,0.03705405545552667,0.03670820967156509
2024-11-14,183,0.5013698630136987,29.600000381469727,29.99098666743819,0.15639570885098883,0.02617332801891618
2024-11-15,21,0.057534246575342465,26.65999984741211,26.67064824274194,1.0528982339522386,0.006940821506913708
2024-11-15,28,0.07671232876712329,26.65999984741211,26.915176775489435,1.7264439325688516,0.12417835613242748
2024-11-15,35,0.0958904109589041,26.65999984741211,26.760671551365622,0.0018623354011567904,0.03930550743167076
2024-11-15,42,0.11506849315068493,26.65999984741211,26.814177382271925,-0.2762151720108377,0.050113156592698035
2024-11-15,63,0.1726027397260274,26.65999984741211,26.742473735964747,0.08966398860085073,0.017895249328211977
2024-11-15,98,0.2684931506849315,26.65999984741211,26.804300471409626,0.17125801534684157,0.020104911257038355
2024-11-15,182,0.4986301369863014,26.65999984741211,26.891860182531403,-0.025502832685741196,0.01736625146020158
2024-11-18,25,0.0684931506849315,27.670000076293945,27.771354951887574,0.07188825156648333,0.05338191432918478
2024-11-18,32,0.08767123287671233,27.670000076293945,27.717032039385753,-0.054218246260041965,0.019371265708358076
2024-11-18,39,0.10684931506849316,27.670000076293945,27.842922320248732,-0.051743982174107556,0.05830642711235475
2024-11-18,60,0.1643835616438356,27.670000076293945,27.796321876183885,-0.1755955896994958,0.02770902838182385
2024-11-18,95,0.2602739726027397,27.670000076293945,27.921266924860678,0.05180455077418914,0.03473208320862453
2024-11-18,179,0.4904109589041096,27.670000076293945,28.151364904228387,0.08425233589429655,0.03516855276112587
2024-11-19,24,0.06575342465753424,27.850000381469727,28.06264114080787,-0.1435757764547456,0.11567785214822542
2024-11-19,31,0.08493150684931507,27.850000381469727,27.93489734331546,0.12562439086846713,0.035837442495005874
2024-11-19,38,0.10410958904109589,27.850000381469727,27.894427297997023,0.32514604446476314,0.015310312892307467
2024-11-19,59,0.16164383561643836,27.850000381469727,27.933125561278313,0.07103481626807416,0.018437452748595495
2024-11-19,94,0.25753424657534246,27.850000381469727,28.048165268531996,0.07679615126965701,0.027531252761991386
2024-11-19,178,0.4876712328767123,27.850000381469727,28.34663462648882,-0.06806417090923617,0.036244366706208966
2024-11-20,23,0.06301369863013699,27.1299991607666,27.164243405575014,-0.9853521874966509,0.020018378475552816
2024-11-20,30,0.0821917808219178,27.1299991607666,27.28707026328467,0.0642232297903083,0.07023667664571284
2024-11-20,37,0.10136986301369863,27.1299991607666,27.54713091434849,-0.3183182709866451,0.15052100244786631
2024-11-20,58,0.1589041095890411,27.1299991607666,27.225277590827837,0.12369828545992086,0.022062168264283918
2024-11-20,93,0.2547945205479452,27.1299991607666,27.364307605240487,0.13063853740123405,0.03375043669759804
2024-11-20,177,0.4849315068493151,27.1299991607666,27.73906518336054,0.013546401183891445,0.045783000358269786
2024-11-21,22,0.06027397260273973,28.489999771118164,28.329932802731776,-0.050752033888830664,-0.0934764765037425
2024-11-21,29,0.07945205479452055,28.489999771118164,28.466935773655635,-0.06492273431294238,-0.010193254149473493
2024-11-21,36,0.09863013698630137,28.489999771118164,28.38169643113287,-0.5343603159315361,-0.03861593485468634
2024-11-21,43,0.1178082191780822,28.489999771118164,28.15040289977755,-1.3043560999732398,-0.10178808807511648
2024-11-21,57,0.15616438356164383,28.489999771118164,28.497456089578346,0.11150208934474005,0.0016756881042474475
2024-11-21,92,0.25205479452054796,28.489999771118164,28.67710865743795,0.047514247614328604,0.025970766748908213
2024-11-21,176,0.4821917808219178,28.489999771118164,28.843176474307338,-0.0775366727021221,0.02555063698385605
2024-11-22,21,0.057534246575342465,28.489999771118164,28.452303805275147,0.01790070460522514,-0.023012482524689036
2024-11-22,28,0.07671232876712329,28.489999771118164,28.52962681978948,-0.6645869028171071,0.01811891794158592
2024-11-22,35,0.0958904109589041,28.489999771118164,28.283525780440392,0.47856720529049734,-0.07585360367101583
2024-11-22,42,0.11506849315068493,28.489999771118164,28.35378000594246,-0.47413313954466046,-0.04165158955546543
2024-11-22,56,0.15342465753424658,28.489999771118164,28.442223714146557,0.3954576732915833,-0.010939238562054233
2024-11-22,91,0.2493150684931507,28.489999771118164,28.430856047646042,0.2095087758535303,-0.008335254516995396
2024-11-22,175,0.4794520547945205,28.489999771118164,28.81576615552361,-0.039963393546606024,0.023713597051948167
2024-11-25,25,0.0684931506849315,29.329999923706055,29.556840530466786,-0.04453059458868082,0.11248316992229906
2024-11-25,32,0.08767123287671233,29.329999923706055,29.721187700083025,0.1235577506441007,0.15112484698644135
2024-11-25,39,0.10684931506849316,29.329999923706055,29.46925857743125,0.0873316123042469,0.04433119190843096
2024-11-25,53,0.14520547945205478,29.329999923706055,29.5400215051049,0.11457984351471764,0.04913812303260439
2024-11-25,88,0.2410958904109589,29.329999923706055,29.837148987559946,0.07182100863000075,0.07110592819030302
2024-11-25,172,0.4712328767123288,29.329999923706055,29.636593992910893,-0.21491961817159647,0.022067647294641828
2024-11-26,24,0.06575342465753424,28.1299991607666,28.19254841514894,0.20263069333560343,0.03377937761757283
2024-11-26,31,0.08493150684931507,28.1299991607666,28.37417839544112,0.45482205562811895,0.10176350106782552
2024-11-26,38,0.10410958904109589,28.1299991607666,28.094881816555556,0.16814266064252475,-0.011998651506342502
2024-11-26,52,0.14246575342465753,28.1299991607666,28.177433432967373,0.07468258575170382,0.011826224935932567
2024-11-26,87,0.23835616438356164,28.1299991607666,28.2637685880606,0.07834210732780834,0.019903533237288676
2024-11-26,171,0.4684931506849315,28.1299991607666,28.351151001199526,-0.1402575300652785,0.016715370032807392
2024-11-27,23,0.06301369863013699,26.979999542236328,27.0466440788088,0.159886704242329,0.039151806778112315
2024-11-27,30,0.0821917808219178,26.979999542236328,26.932705153575927,0.5327538349279993,-0.02134618223608561
2024-11-27,37,0.10136986301369863,26.979999542236328,26.787432047466805,-0.0580990563997755,-0.07066212312867912
2024-11-27,44,0.12054794520547946,26.979999542236328,26.86958840908812,-0.7950758327147813,-0.0340174123770474
2024-11-27,51,0.13972602739726028,26.979999542236328,26.921702095382862,0.15067624376967684,-0.015481032157727214
2024-11-27,86,0.2356164383561644,26.979999542236328,27.103533161645046,-0.05970426629861807,0.019388547654270068
2024-11-27,170,0.4657534246575342,26.979999542236328,27.312322473109035,0.04703085498606903,0.026284592948411328
2024-11-29,21,0.057534246575342465,28.059999465942383,28.114666402778433,-0.1391704887478718,0.03382890529792435
2024-11-29,28,0.07671232876712329,28.059999465942383,27.952185168878675,0.4544971483920358,-0.05018329912736858
2024-11-29,35,0.0958904109589041,28.059999465942383,27.936465271106695,0.14672058041605743,-0.046013164250969345
2024-11-29,42,0.11506849315068493,28.059999465942383,28.090301010317923,-0.7058276996385433,0.009379642611339244
2024-11-29,49,0.13424657534246576,28.059999465942383,28.1498930107607,-0.08762892630417968,0.023825548214158384
2024-11-29,84,0.23013698630136986,28.059999465942383,28.120992948963178,-0.06362416098199296,0.00943491023273879
2024-11-29,168,0.4602739726027397,28.059999465942383,27.976461415988748,-0.13086191648812678,-0.006477799994074484
2024-12-02,25,0.0684931506849315,30.200000762939453,30.112779112004244,0.17827275164127374,-0.04222776645466011
2024-12-02,32,0.08767123287671233,30.200000762939453,30.224340826668303,0.1468742973020063,0.009189305489138383
2024-12-02,39,0.10684931506849316,30.200000762939453,29.89281127099063,-0.6580325604087705,-0.0956854413788093
2024-12-02,46,0.12602739726027398,30.200000762939453,30.23526184770178,-0.12139428039133036,0.009259133221168723
2024-12-02,81,0.2219178082191781,30.200000762939453,30.380697170423982,0.021455162358478313,0.026881554228069864
2024-12-02,165,0.4520547945205479,30.200000762939453,30.298303368020548,-0.03293547094224137,0.0071888781813173415
2024-12-03,24,0.06575342465753424,29.729999542236328,29.540545117528083,-0.7662128171990538,-0.09722521943824279
2024-12-03,31,0.08493150684931507,29.729999542236328,29.817891507398176,-0.31329719870333794,0.03475715906696338
2024-12-03,38,0.10410958904109589,29.729999542236328,29.522596074277054,-0.7289452368800847,-0.06724340107414338
2024-12-03,45,0.1232876712328767,29.729999542236328,29.873068545906214,-0.05389412480512192,0.038939297968670857
2024-12-03,80,0.2191780821917808,29.729999542236328,29.898235737367354,-0.020485299654666587,0.025745510442755307
2024-12-03,164,0.44931506849315067,29.729999542236328,29.888115794579928,-0.039522423827631444,0.011805334567116169
2024-12-04,23,0.06301369863013699,30.8799991607666,30.73231156068843,-0.04337353105732487,-0.07608033078849208
2024-12-04,30,0.0821917808219178,30.8799991607666,30.76354438393104,0.123673806175672,-0.04596971736534595
2024-12-04,37,0.10136986301369863,30.8799991607666,30.835111566639934,-0.28837921232066616,-0.014350136393955755
2024-12-04,44,0.12054794520547946,30.8799991607666,30.899377416147814,0.005532372902888947,0.0052040486927528865
2024-12-04,79,0.21643835616438356,30.8799991607666,31.016197415718125,0.024707289885104913,0.02033312122150282
2024-12-04,163,0.4465753424657534,30.8799991607666,31.136174963993586,0.142528928630766,0.01849996309701113
2024-12-05,22,0.06027397260273973,29.1200008392334,29.242272511306016,0.36092715796291647,0.0695175512290753
2024-12-05,29,0.07945205479452055,29.1200008392334,29.1768213375348,0.17269702056555242,0.024534948813576717
2024-12-05,36,0.09863013698630137,29.1200008392334,29.05653711576246,-0.40195457421518016,-0.022120666461304922
2024-12-05,43,0.1178082191780822,29.1200008392334,29.291898100643724,-0.04163221105298073,0.04996009906579852
2024-12-05,50,0.136986301369863,29.1200008392334,28.966996665029804,-0.4770759859927603,-0.038457248708321456
2024-12-05,78,0.2136986301369863,29.1200008392334,29.323104401667674,-0.12239160052595358,0.03252477221355366
2024-12-05,162,0.4438356164383562,29.1200008392334,29.60465127843968,-0.16294478375597105,0.03718997306803538
2024-12-06,21,0.057534246575342465,29.610000610351562,29.43780617383278,1.0830882146781855,-0.10137249623541776
2024-12-06,28,0.07671232876712329,29.610000610351562,29.42312058873166,0.29992268374847,-0.0825340980107713
2024-12-06,35,0.0958904109589041,29.610000610351562,29.619428049314536,-0.06605178201628154,0.0033197930038801594
2024-12-06,42,0.11506849315068493,29.610000610351562,29.46865315606184,-0.34363184636942046,-0.041584530168162215
2024-12-06,49,0.13424657534246576,29.610000610351562,29.276886263030487,-0.27193810273734403,-0.08427643487479258
2024-12-06,77,0.21095890410958903,29.610000610351562,29.733248930967132,-0.24855212429545917,0.019689851728387345
2024-12-06,161,0.4410958904109589,29.610000610351562,29.853281882738962,-0.17272692857455935,0.0185506531953142
2024-12-09,25,0.0684931506849315,29.229999542236328,29.22975962037584,-0.9941518604698196,-0.00011983830290450732
2024-12-09,32,0.08767123287671233,29.229999542236328,29.197770013877065,0.510269023330405,-0.0125836771770216
2024-12-09,39,0.10684931506849316,29.229999542236328,29.32251201227001,0.869804285700597,0.029574224313064897
2024-12-09,46,0.12602739726027398,29.229999542236328,29.295375896395175,-0.07960240201434436,0.017727263426507194
2024-12-09,74,0.20273972602739726,29.229999542236328,29.243439866877665,-0.2609683683675143,0.002267473745370055
2024-12-09,158,0.4328767123287671,29.229999542236328,29.728554805825702,-0.14276682831843124,0.039069927417030983
2024-12-10,24,0.06575342465753424,27.059999465942383,26.900233832377246,1.2933990047309296,-0.09005802836868097
2024-12-10,31,0.08493150684931507,27.059999465942383,27.177008044138795,-0.8001855206693402,0.050802352382219765
2024-12-10,38,0.10410958904109589,27.059999465942383,27.22567679279973,-0.06722983555124003,0.05862980345355716
2024-12-10,45,0.1232876712328767,27.059999465942383,27.13694505744928,-0.09416046670025975,0.02303135968443222
2024-12-10,73,0.2,27.059999465942383,27.266503692253984,-0.1112531756946681,0.03801187429720615
2024-12-10,157,0.4301369863013699,27.059999465942383,27.47193366233538,-0.004838385295930276,0.035124360121116596
2024-12-11,23,0.06301369863013699,29.1200008392334,28.955277423149706,-1.0052254346248657,-0.09002439877233687
2024-12-11,30,0.0821917808219178,29.1200008392334,29.21948977023458,-0.4596821462284268,0.04149675704329424
2024-12-11,37,0.10136986301369863,29.1200008392334,29.206628691576405,-0.08105038253483042,0.02930300249243861
2024-12-11,44,0.12054794520547946,29.1200008392334,29.198997682642734,-0.49276077693755216,0.02247346974901947
2024-12-11,72,0.19726027397260273,29.1200008392334,29.325310879485833,-0.03829808932168366,0.0356166164100403
2024-12-11,156,0.4273972602739726,29.1200008392334,29.491139970172227,0.010748535345536148,0.02963197771574919
2024-12-12,22,0.06027397260273973,28.459999084472656,28.1444404235557,-1.2817478607092112,-0.1849840520889231
2024-12-12,29,0.07945205479452055,28.459999084472656,28.472904661868576,0.0169785207814114,0.005706094694565917
2024-12-12,36,0.09863013698630137,28.459999084472656,28.392361345366574,-0.16224498584422234,-0.024124656913314092
2024-12-12,43,0.1178082191780822,28.459999084472656,28.426628683535178,-0.3837789687055025,-0.009958769702333486
2024-12-12,50,0.136986301369863,28.459999084472656,28.06374644388353,-0.1449098522391723,-0.10235314865760603
2024-12-12,71,0.19452054794520549,28.459999084472656,28.497564060904555,-0.13350441212621406,0.006781039821442982
2024-12-12,155,0.4246575342465753,28.459999084472656,28.587581061953685,0.08782149963715559,0.010532803647047074
2024-12-12,400,1.095890410958904,28.459999084472656,29.201396075341812,0.10067908818123819,0.02346672457460515
2024-12-13,21,0.057534246575342465,30.700000762939453,30.724553580176043,-0.6321242249721751,0.013895139313577914
2024-12-13,28,0.07671232876712329,30.700000762939453,30.876831875789453,0.7822832178397291,0.07486991784956136
2024-12-13,35,0.0958904109589041,30.700000762939453,30.805683923528374,0.08288812383068664,0.035838166155563546
2024-12-13,42,0.11506849315068493,30.700000762939453,30.859037371765627,0.011846478923020497,0.044903461106677894
2024-12-13,49,0.13424657534246576,30.700000762939453,30.737430857624865,-0.28678045406662533,0.009076422583885751
2024-12-13,70,0.1917808219178082,30.700000762939453,30.878941461555478,0.069991521959622,0.03030420858358508
2024-12-13,154,0.42191780821917807,30.700000762939453,30.755147644932958,0.0039535459210259406,0.0042536812855096
2024-12-13,399,1.093150684931507,30.700000762939453,30.95162910351,0.0219884106929012,0.007467364780701269
2024-12-16,25,0.0684931506849315,32.5099983215332,32.67139790260227,-0.3912166414956629,0.0723040264918155
2024-12-16,32,0.08767123287671233,32.5099983215332,32.59734958554053,0.21880388209332582,0.030606405726264614
2024-12-16,39,0.10684931506849316,32.5099983215332,32.53101154250308,-0.4007907565820023,0.0060473293237633275
2024-12-16,46,0.12602739726027398,32.5099983215332,32.42901814996837,-0.2843329482334641,-0.019789655740670604
2024-12-16,67,0.18356164383561643,32.5099983215332,32.770030054929414,-0.15846451883265367,0.043400663695019284
2024-12-16,151,0.4136986301369863,32.5099983215332,32.86521127608762,0.018012661781678346,0.026267932309163217
2024-12-16,396,1.084931506849315,32.5099983215332,33.99523958470967,0.13966582293476806,0.04117570522242484
2024-12-17,24,0.06575342465753424,31.1299991607666,31.085557578776566,0.6263932424334205,-0.021727122383568255
2024-12-17,31,0.08493150684931507,31.1299991607666,31.115665898328558,-0.378474976916701,-0.005422469466683052
2024-12-17,38,0.10410958904109589,31.1299991607666,31.224720021585313,0.215397784172218,0.0291820573152181
2024-12-17,45,0.1232876712328767,31.1299991607666,31.11118936548785,0.15693126609781363,-0.004902488134959819
2024-12-17,66,0.18082191780821918,31.1299991607666,31.35679091226746,-0.23415787057225085,0.04014392854483044
2024-12-17,150,0.410958904109589,31.1299991607666,31.595436860794393,0.004059070665657622,0.03611249052734612
2024-12-17,395,1.082191780821918,31.1299991607666,31.94578991364925,0.03451871138151446,0.023903751640035963
2024-12-18,23,0.06301369863013699,27.829999923706055,27.70053334948655,-1.1542093756496652,-0.0739982796711187
2024-12-18,30,0.0821917808219178,27.829999923706055,27.965752511479646,-0.06975797658274921,0.05920378063077238
2024-12-18,37,0.10136986301369863,27.829999923706055,27.78345412184622,0.19288398390003852,-0.016512844255710517
2024-12-18,44,0.12054794520547946,27.829999923706055,27.976693947077855,-0.07911985979752904,0.043611126957099344
2024-12-18,65,0.1780821917808219,27.829999923706055,28.03777763826546,-0.16280302637591879,0.04176851888868273
2024-12-18,149,0.40821917808219177,27.829999923706055,28.564200003049333,-0.22883402450558232,0.06378831321825777
2024-12-18,394,1.0794520547945206,27.829999923706055,28.74288873032945,-0.005388362113637177,0.02990018426262026
2024-12-19,22,0.06027397260273973,26.299999237060547,26.287263478497433,0.7460370222976576,-0.008036083482738383
2024-12-19,29,0.07945205479452055,26.299999237060547,26.323602904928507,0.010492689609156357,0.011290776576825807
2024-12-19,36,0.09863013698630137,26.299999237060547,26.47145869368477,0.03824189254547672,0.0658846492063438
2024-12-19,43,0.1178082191780822,26.299999237060547,26.43892155422501,0.09988429929711651,0.044719422767285105
2024-12-19,64,0.17534246575342466,26.299999237060547,26.53725590871472,-0.037219990553215454,0.05121816211478662
2024-12-19,148,0.4054794520547945,26.299999237060547,26.72027991437327,0.16229953294443158,0.03909918047867059
2024-12-19,239,0.6547945205479452,26.299999237060547,26.939842599470836,0.08649017637455099,0.036709864550430356
2024-12-19,393,1.0767123287671232,26.299999237060547,27.349693077634647,-0.01725290099177937,0.03634805282753148
2024-12-20,21,0.057534246575342465,27.299999237060547,27.547039046111287,-0.24467030868607215,0.15657422273791405
2024-12-20,28,0.07671232876712329,27.299999237060547,27.49748533343133,0.07626465759981092,0.09395991416453017
2024-12-20,35,0.0958904109589041,27.299999237060547,27.57270968959587,-0.75305988437784,0.10365822663635413
2024-12-20,42,0.11506849315068493,27.299999237060547,27.485529152101417,0.082953909312333,0.05886041516090522
2024-12-20,63,0.1726027397260274,27.299999237060547,27.580013891756284,-0.17727712852744104,0.05912247874111838
2024-12-20,147,0.40273972602739727,27.299999237060547,27.7005582046383,-0.031574893955345955,0.03616700711774333
2024-12-20,238,0.6520547945205479,27.299999237060547,27.870516089003388,-0.031174797447069982,0.03171924350080764
2024-12-20,392,1.073972602739726,27.299999237060547,28.63540066163901,0.042814573016173585,0.0444676739488512
2024-12-23,25,0.0684931506849315,29.59000015258789,29.710283714455556,-0.35266275990077733,0.059228802872417385
2024-12-23,32,0.08767123287671233,29.59000015258789,29.826972205589183,0.004120540961690285,0.09098332358303036
2024-12-23,39,0.10684931506849316,29.59000015258789,29.563628725991663,-0.6605260662266677,-0.008344695882692064
2024-12-23,60,0.1643835616438356,29.59000015258789,29.915647041679062,-0.0065864749469031645,0.06658320496813597
2024-12-23,144,0.39452054794520547,29.59000015258789,30.158797523049387,0.05228616425892336,0.04826162021172671
2024-12-23,235,0.6438356164383562,29.59000015258789,30.163487785466028,0.13373398745297854,0.029814609737122612
2024-12-23,389,1.0657534246575342,29.59000015258789,30.33104580858553,-0.029631057336823273,0.023209243301622162
2024-12-24,24,0.06575342465753424,30.479999542236328,30.80465666142099,-0.09440224668070102,0.16113461941387078
2024-12-24,31,0.08493150684931507,30.479999542236328,30.77499352949953,-0.1569709261744657,0.11340604183307897
2024-12-24,38,0.10410958904109589,30.479999542236328,30.615994694901474,-0.5755726702666464,0.04276127766719747
2024-12-24,59,0.16164383561643836,30.479999542236328,30.685806225921805,0.12804418474676207,0.04163161520233866
2024-12-24,143,0.3917808219178082,30.479999542236328,31.08651590113028,-0.07919935588943519,0.05029198968497435
2024-12-24,234,0.6410958904109589,30.479999542236328,31.227864375437466,0.07206822176939878,0.03781036467043804
2024-12-24,388,1.063013698630137,30.479999542236328,31.091690945139554,-0.03634737669938323,0.01869204087584951
2024-12-26,22,0.06027397260273973,30.56999969482422,30.476573986343812,-0.8050535827241075,-0.05078151164916179
2024-12-26,29,0.07945205479452055,30.56999969482422,30.47077102836315,0.00795179240049812,-0.040920637517701676
2024-12-26,36,0.09863013698630137,30.56999969482422,30.364765032629517,-0.44594210288978164,-0.06829793514371006
2024-12-26,43,0.1178082191780822,30.56999969482422,30.93901713103776,0.43430172946089973,0.10185156748296428
2024-12-26,57,0.15616438356164383,30.56999969482422,30.431487505135845,0.2879380779755195,-0.029080128591590915
2024-12-26,141,0.3863013698630137,30.56999969482422,30.648252902752187,0.24241412873929535,0.006617976263089381
2024-12-26,232,0.6356164383561644,30.56999969482422,30.93235833375908,0.00860498146101969,0.018539019152957376
2024-12-26,386,1.0575342465753426,30.56999969482422,30.841104683823083,-0.003860462197310015,0.008348894611154055
2024-12-27,21,0.057534246575342465,29.690000534057617,29.75058342613274,0.5633747086030836,0.03542995901856763
2024-12-27,28,0.07671232876712329,29.690000534057617,29.92779749448184,-0.027129644609242266,0.10399141786390517
2024-12-27,35,0.0958904109589041,29.690000534057617,29.802216202540176,-0.1115432790997592,0.03934129760917922
2024-12-27,42,0.11506849315068493,29.690000534057617,29.606657499527657,-0.3035324277546605,-0.02442940827328417
2024-12-27,56,0.15342465753424658,29.690000534057617,29.833867878026766,-0.08579442280924388,0.03150697851066943
2024-12-27,140,0.3835616438356164,29.690000534057617,30.356822074260812,-0.2056727068782153,0.05790716011702559
2024-12-27,231,0.6328767123287671,29.690000534057617,30.141844138563776,0.033266260636883274,0.023865738809518252
2024-12-27,385,1.0547945205479452,29.690000534057617,30.40843742663494,-0.03146865882094689,0.022667742012965682
2024-12-30,25,0.0684931506849315,27.940000534057617,28.086548354489643,0.11279744239384545,0.07637818499791242
2024-12-30,32,0.08767123287671233,27.940000534057617,27.91680253257679,-0.24449630536849296,-0.009474305906418371
2024-12-30,39,0.10684931506849316,27.940000534057617,28.13712209093423,0.17649169287065825,0.06579735581223917
2024-12-30,53,0.14520547945205478,27.940000534057617,28.201462057893394,0.031060337570924,0.06414668176838191
2024-12-30,137,0.37534246575342467,27.940000534057617,28.315630483185835,-0.03199976802392685,0.03557975541998906
2024-12-30,228,0.6246575342465753,27.940000534057617,28.51841761757627,0.1400224519244317,0.03280315482563836
2024-12-30,382,1.0465753424657533,27.940000534057617,29.240461166250892,0.1492167981394236,0.04346942998519827
2024-12-31,24,0.06575342465753424,27.309999465942383,27.332315092368813,-0.48814140474228845,0.012422003234920641
2024-12-31,31,0.08493150684931507,27.309999465942383,27.58158159407268,-0.10799403676630746,0.11650918305498559
2024-12-31,38,0.10410958904109589,27.309999465942383,27.502935034418915,-0.39898219289178743,0.06761924272662993
2024-12-31,52,0.14246575342465753,27.309999465942383,27.481828403186295,0.017988592872391428,0.04402521194036801
2024-12-31,136,0.3726027397260274,27.309999465942383,27.7336546531312,-0.09972564230991546,0.04131405266486157
2024-12-31,227,0.6219178082191781,27.309999465942383,27.797266351634054,0.14356673944671483,0.02843585924480211
2024-12-31,381,1.0438356164383562,27.309999465942383,27.992000197753907,-0.0391076119490864,0.023630010138933576
2025-01-02,22,0.06027397260273973,27.670000076293945,27.69028413711014,1.3648228679854935,0.012157850301434726
2025-01-02,29,0.07945205479452055,27.670000076293945,27.858852345114553,1.7962567351859768,0.08561109365844596
2025-01-02,36,0.09863013698630137,27.670000076293945,27.598512288387457,0.036895196778007455,-0.0262285743436027
2025-01-02,43,0.1178082191780822,27.670000076293945,27.61397836106753,-0.20555560299724246,-0.01720329615712712
2025-01-02,50,0.136986301369863,27.670000076293945,27.993366460098038,0.2290749657844874,0.08481704590482027
2025-01-02,134,0.36712328767123287,27.670000076293945,28.00417529002846,0.0056805219162403735,0.0326996962773625
2025-01-02,225,0.6164383561643836,27.670000076293945,28.757236879032064,0.16235759019178925,0.06252150950349798
2025-01-02,379,1.0383561643835617,27.670000076293945,28.72764016187407,-0.09594959979682355,0.03612530640474623
2025-01-03,21,0.057534246575342465,29.81999969482422,30.075101598975106,-0.405628452795359,0.14805687823259903
2025-01-03,28,0.07671232876712329,29.81999969482422,30.128124744124207,1.9735947223495873,0.13400470876370837
2025-01-03,35,0.0958904109589041,29.81999969482422,29.949151136911212,1.2329511123667585,0.045068973423250995
2025-01-03,42,0.11506849315068493,29.81999969482422,29.72793427087676,-0.4304988953497184,-0.02687223414807062
2025-01-03,49,0.13424657534246576,29.81999969482422,30.13955014770156,0.5599596979384699,0.07939843927099856
2025-01-03,133,0.3643835616438356,29.81999969482422,30.202604951896,-0.38753173753798636,0.03498752299925838
2025-01-03,224,0.6136986301369863,29.81999969482422,30.409741010780102,-0.12225894436803691,0.03191091687013597
2025-01-03,378,1.0356164383561643,29.81999969482422,30.508864358737323,-0.02502033634778233,0.022052543925979457
2025-01-06,25,0.0684931506849315,32.4900016784668,32.48403053282187,0.6604450647943044,-0.0026834944267545603
2025-01-06,32,0.08767123287671233,32.4900016784668,32.59808621499015,0.050661317606745526,0.037882212178255215
2025-01-06,39,0.10684931506849316,32.4900016784668,32.80320934869158,0.13231248667344878,0.08978958126217067
2025-01-06,46,0.12602739726027398,32.4900016784668,32.833545910566706,0.012994743446262022,0.08346068243177303
2025-01-06,130,0.3561643835616438,32.4900016784668,32.876847440897556,-0.04180243332546739,0.0332326421284376
2025-01-06,221,0.6054794520547945,32.4900016784668,32.99939454091235,-0.002000672066825578,0.025693378459429105
2025-01-06,375,1.0273972602739727,32.4900016784668,33.39833907880838,0.014560971521148556,0.026838468712082696
2025-01-07,24,0.06575342465753424,31.149999618530273,31.18676996632479,0.695502278889237,0.017941762931381434
2025-01-07,31,0.08493150684931507,31.149999618530273,31.444147480835223,0.35843741336411694,0.11066144416201944
2025-01-07,38,0.10410958904109589,31.149999618530273,31.054513832090173,0.007080236748193468,-0.02948875495032191
2025-01-07,45,0.1232876712328767,31.149999618530273,31.54570967579423,0.4174690069273982,0.10238949042997916
2025-01-07,129,0.35342465753424657,31.149999618530273,31.432252661476067,-0.4432276769159575,0.0255225191457026
2025-01-07,220,0.6027397260273972,31.149999618530273,31.70874028453535,-0.17189670214330097,0.029495531619914507
2025-01-07,374,1.0246575342465754,31.149999618530273,32.01338149568265,0.07740526630646312,0.026681845620970722
2025-01-08,23,0.06301369863013699,30.18000030517578,30.698466090613305,0.15999435021579314,0.27030988163651154
2025-01-08,30,0.0821917808219178,30.18000030517578,30.549835907908687,0.7007017423011918,0.14818818580890714
2025-01-08,37,0.10136986301369863,30.18000030517578,30.803174951577052,0.14687214552179903,0.20162110760620008
2025-01-08,44,0.12054794520547946,30.18000030517578,30.470858507286163,0.2740807507901213,0.07956423169440038
2025-01-08,51,0.13972602739726028,30.18000030517578,30.09348344919883,-0.9467932690960466,-0.020546006305024057
2025-01-08,128,0.3506849315068493,30.18000030517578,30.612903280139086,-0.09350211948795731,0.04061233080889786
2025-01-08,219,0.6,30.18000030517578,30.850326511617038,-0.06870321886589698,0.036613117814652256
2025-01-08,373,1.021917808219178,30.18000030517578,30.866953885148373,-0.060474861727541226,0.02202397731260912
2025-01-10,21,0.057534246575342465,28.059999465942383,28.10220279324336,1.216515267462001,0.026121987055365142
2025-01-10,28,0.07671232876712329,28.059999465942383,28.006941706067387,0.916155521408265,-0.02467215048217915
2025-01-10,35,0.0958904109589041,28.059999465942383,27.908224265974322,0.9818402720643159,-0.05656075138181674
2025-01-10,42,0.11506849315068493,28.059999465942383,28.26964757867113,0.2059228644062734,0.06468886066684947
2025-01-10,49,0.13424657534246576,28.059999465942383,28.326775999746353,-0.548898215076616,0.07048559762588137
2025-01-10,126,0.3452054794520548,28.059999465942383,28.492472346395346,0.0376612508211615,0.04430656365194318
2025-01-10,217,0.5945205479452055,28.059999465942383,28.55504443860268,0.16635233309222872,0.029416229229388177
2025-01-10,371,1.0164383561643835,28.059999465942383,29.34649636681852,-0.012626379094818464,0.04410312639319023
2025-01-13,25,0.0684931506849315,27.850000381469727,27.38412852399339,1.3569754090755524,-0.24629302766280992
2025-01-13,32,0.08767123287671233,27.850000381469727,27.83266438642542,0.7016028088703494,-0.007102343276396244
2025-01-13,39,0.10684931506849316,27.850000381469727,27.909902388755444,-0.10470064807566497,0.020108412606713994
2025-01-13,46,0.12602739726027398,27.850000381469727,27.898785849029615,0.11913348536742004,0.013887376014389916
2025-01-13,123,0.336986301369863,27.850000381469727,27.881556609047404,0.04484939385952432,0.0033604829656314747
2025-01-13,214,0.5863013698630137,27.850000381469727,28.032333929281595,0.0964866480657067,0.01113019238813452
2025-01-13,368,1.0082191780821919,27.850000381469727,28.4228042252936,-0.018019137461251368,0.020192840023312276
2025-01-14,24,0.06575342465753424,28.1200008392334,28.495402571582847,1.3627935816587051,0.2016878096664276
2025-01-14,31,0.08493150684931507,28.1200008392334,28.286724604653287,0.3538733582022282,0.06960317530894958
2025-01-14,38,0.10410958904109589,28.1200008392334,28.395369531093095,0.6370005607718643,0.09360319732974003
2025-01-14,45,0.1232876712328767,28.1200008392334,28.50174817532352,-0.35406106097536816,0.10937288340698473
2025-01-14,122,0.33424657534246577,28.1200008392334,28.217078716440444,-0.18020354109162642,0.010310729667623782
2025-01-14,213,0.5835616438356165,28.1200008392334,28.61325419270218,-0.19929418629575976,0.029797960817897467
2025-01-14,367,1.0054794520547945,28.1200008392334,29.380972186918594,0.02051548763908821,0.04362711084147423
2025-01-15,23,0.06301369863013699,29.940000534057617,29.892796412059283,1.1876303765097507,-0.025040081234250906
2025-01-15,30,0.0821917808219178,29.940000534057617,30.04398878729032,-0.17848502608131298,0.042184312717531876
2025-01-15,37,0.10136986301369863,29.940000534057617,30.02855222050063,0.07592224225301455,0.029133638052061237
2025-01-15,44,0.12054794520547946,29.940000534057617,29.938046002967795,-0.18221316590972958,-0.0005415582089512025
2025-01-15,121,0.3315068493150685,29.940000534057617,30.04489349445066,0.030317027109724306,0.01054975512596351
2025-01-15,212,0.5808219178082191,29.940000534057617,30.259667155589543,0.027478135392880305,0.018284971107668305
2025-01-15,366,1.0027397260273974,29.940000534057617,30.591444145590863,0.03294963531876999,0.02146615855446097
2025-01-16,22,0.06027397260273973,29.989999771118164,29.926207261959494,0.5408633460727299,-0.0353285420575763
2025-01-16,29,0.07945205479452055,29.989999771118164,29.937270682688485,-0.6693806238948705,-0.02214882749321366
2025-01-16,36,0.09863013698630137,29.989999771118164,29.86071205178856,0.4429747950208313,-0.043803517785885135
2025-01-16,43,0.1178082191780822,29.989999771118164,30.121567386557466,-0.2028886968790364,0.03715746274443081
2025-01-16,64,0.17534246575342466,29.989999771118164,29.934233812126013,-0.5340525337603431,-0.010614748246925146
2025-01-16,120,0.3287671232876712,29.989999771118164,29.832025412808576,-0.026498536564004943,-0.01606453326582507
2025-01-16,211,0.5780821917808219,29.989999771118164,30.018257813955096,-0.10893742555077986,0.001629189113534894
2025-01-16,365,1.0,29.989999771118164,30.590133924826507,0.10120244571215851,0.019813551083304612
2025-01-17,21,0.057534246575342465,32.4900016784668,32.575024476350094,1.0907124026035397,0.04542465068468189
2025-01-17,28,0.07671232876712329,32.4900016784668,32.6601126863536,0.7244459522645141,0.0680742791237281
2025-01-17,35,0.0958904109589041,32.4900016784668,32.55160018319408,-0.37706159789119026,0.019753037444118833
2025-01-17,42,0.11506849315068493,32.4900016784668,32.56299881928164,0.6948468491154756,0.01950348717599635
2025-01-17,63,0.1726027397260274,32.4900016784668,32.647361385941295,-0.04459692943009073,0.02799281164591439
2025-01-17,119,0.32602739726027397,32.4900016784668,32.73788333704636,0.03740576827437045,0.023312512703943838
2025-01-17,210,0.5753424657534246,32.4900016784668,32.68702752472761,0.06656887357387553,0.010508325785213702
2025-01-17,364,0.9972602739726028,32.4900016784668,32.79896918619232,0.030542906343558787,0.009490688189432618
2025-01-21,24,0.06575342465753424,33.689998626708984,33.68528181460213,1.0382534201516977,-0.002129411571694938
2025-01-21,31,0.08493150684931507,33.689998626708984,33.679304867306136,0.00619835259779782,-0.0037379158606771616
2025-01-21,38,0.10410958904109589,33.689998626708984,33.814482608745365,-0.38425910167424465,0.03542587810195861
2025-01-21,59,0.16164383561643836,33.689998626708984,33.82498705122708,0.02837261085268032,0.02473818175000085
2025-01-21,115,0.3150684931506849,33.689998626708984,33.92562978386716,-0.013915685987514071,0.02212138963170794
2025-01-21,206,0.5643835616438356,33.689998626708984,34.36013959729957,0.0846775444387653,0.03489850622110138
2025-01-21,360,0.9863013698630136,33.689998626708984,34.41955859137546,0.14757298001372882,0.02172150471423444
2025-01-22,23,0.06301369863013699,35.150001525878906,34.86903357311465,-0.7010427021674264,-0.12736145753725964
2025-01-22,30,0.0821917808219178,35.150001525878906,35.075961247096814,-0.04723973306590793,-0.02565500535863772
2025-01-22,37,0.10136986301369863,35.150001525878906,34.9632494703414,0.02860858106072479,-0.05255178220200469
2025-01-22,58,0.1589041095890411,35.150001525878906,35.230239332303526,-0.018280941893663354,0.014349056749499559
2025-01-22,114,0.31232876712328766,35.150001525878906,35.20847644092325,0.025570364348735754,0.005321955910046549
2025-01-22,205,0.5616438356164384,35.150001525878906,35.3563842070989,0.06721180238290345,0.010423535194182801
2025-01-22,359,0.9835616438356164,35.150001525878906,35.47629660790068,-0.016502452770481787,0.009394541434697647
2025-01-23,22,0.06027397260273973,34.91999816894531,35.104718737627586,0.7086890531479645,0.08753164329322453
2025-01-23,29,0.07945205479452055,34.91999816894531,35.03338792681154,-0.4939958351034462,0.04080283405893699
2025-01-23,36,0.09863013698630137,34.91999816894531,35.316351021292235,0.5594131362852214,0.11443135171388351
2025-01-23,43,0.1178082191780822,34.91999816894531,35.00874853410028,0.3327173962384457,0.021546118379933487
2025-01-23,57,0.15616438356164383,34.91999816894531,35.14263010425935,-0.004364599218515725,0.0406958854998358
2025-01-23,113,0.3095890410958904,34.91999816894531,35.19982033495295,-0.03940070685743754,0.025780305098718828
2025-01-23,204,0.5589041095890411,34.91999816894531,35.49242449355386,-0.035431061890716965,0.02909193249266367
2025-01-23,358,0.9808219178082191,34.91999816894531,36.21289752066943,-0.06355316247351822,0.03706652684125216
2025-01-24,21,0.057534246575342465,32.650001525878906,32.62544617772629,-0.8190764311979576,-0.013076750051825443
2025-01-24,28,0.07671232876712329,32.650001525878906,32.856378365436704,-0.014889384667938538,0.08213790537608834
2025-01-24,35,0.0958904109589041,32.650001525878906,32.89788004077861,-0.3196181787605642,0.07887458935899533
2025-01-24,42,0.11506849315068493,32.650001525878906,33.01271384408136,-0.6721878945746986,0.09601110184832294
2025-01-24,56,0.15342465753424658,32.650001525878906,32.87945045757572,0.3883938915098355,0.04564425384166235
2025-01-24,112,0.30684931506849317,32.650001525878906,32.823428069591536,0.11201527923443048,0.017264592481562636
2025-01-24,203,0.5561643835616439,32.650001525878906,32.749804830923956,0.05336289375159207,0.005487766451343168
2025-01-24,357,0.9780821917808219,32.650001525878906,33.4646315509305,0.06524146450001,0.02519645512368393
2025-01-27,25,0.0684931506849315,25.059999465942383,25.273551942360697,1.0627175037031023,0.12388892803304923
2025-01-27,32,0.08767123287671233,25.059999465942383,25.372625370581346,0.5734509122633433,0.14141381345329093
2025-01-27,39,0.10684931506849316,25.059999465942383,25.55214935003979,1.0288734741658974,0.18201808997601507
2025-01-27,53,0.14520547945205478,25.059999465942383,25.317386384779677,-0.4739914470156203,0.07037227851139749
2025-01-27,109,0.29863013698630136,25.059999465942383,25.243816283263325,-0.03568715199966894,0.02447274067110867
2025-01-27,200,0.547945205479452,25.059999465942383,25.266900773171066,-0.03070035627901322,0.015005772707268956
2025-01-27,354,0.9698630136986301,25.059999465942383,25.50618482812709,0.06556255653853806,0.01819642220521915
2025-01-28,24,0.06575342465753424,25.3700008392334,25.493240701026878,0.0988464960004287,0.0736986676101137
2025-01-28,31,0.08493150684931507,25.3700008392334,25.507183328016254,-0.04403039837735262,0.06349475173144561
2025-01-28,38,0.10410958904109589,25.3700008392334,25.687826587430152,-0.11050848049363818,0.11958359902532004
2025-01-28,52,0.14246575342465753,25.3700008392334,25.480218811670966,0.14564587433261156,0.030428446536376105
2025-01-28,108,0.2958904109589041,25.3700008392334,25.574791120509154,0.13440284457393867,0.027171336023755318
2025-01-28,199,0.5452054794520548,25.3700008392334,25.553911228274885,0.026945248222221375,0.01324817863488287
2025-01-28,353,0.9671232876712329,25.3700008392334,25.782943444155176,-0.00521836046360939,0.016694624149046895
2025-01-29,23,0.06301369863013699,25.68000030517578,25.727417204807153,-0.2683725670192308,0.02927537818289289
2025-01-29,30,0.0821917808219178,25.68000030517578,25.853802944361426,1.131164810027004,0.08206678571740587
2025-01-29,37,0.10136986301369863,25.68000030517578,25.79561383657856,-0.26903252887395035,0.044312779968272945
2025-01-29,51,0.13972602739726028,25.68000030517578,25.862509869046324,0.16243343893122486,0.050684429341613435
2025-01-29,107,0.29315068493150687,25.68000030517578,25.831379461481873,0.03366851709619296,0.02004948539536008
2025-01-29,198,0.5424657534246575,25.68000030517578,25.652343705284032,-0.11897266172392093,-0.0019863940359236302
2025-01-29,352,0.9643835616438357,25.68000030517578,26.00057766048363,-0.030710334932527922,0.012864450695200133
2025-01-30,22,0.06027397260273973,27.149999618530273,27.28607763949412,-0.12534690179666533,0.08294729860902346
2025-01-30,29,0.07945205479452055,27.149999618530273,27.246099358073938,0.3468099768678066,0.04447129429201766
2025-01-30,36,0.09863013698630137,27.149999618530273,27.27147876781058,-0.03943512808806703,0.04526395383062752
2025-01-30,43,0.1178082191780822,27.149999618530273,26.930223980838775,0.5152299764700073,-0.06899186192336738
2025-01-30,50,0.136986301369863,27.149999618530273,27.387762669409994,0.23042003294112515,0.06365062279301976
2025-01-30,106,0.29041095890410956,27.149999618530273,27.39456601418843,-0.026542603662937727,0.0308791403057685
2025-01-30,197,0.5397260273972603,27.149999618530273,27.38862118979105,0.14265874617175947,0.016213058702934314
2025-01-30,351,0.9616438356164384,27.149999618530273,27.657291260798722,0.02791588298295089,0.019250743978482344
2025-01-31,21,0.057534246575342465,27.020000457763672,26.976164791149653,0.6987704112628906,-0.028220737449617585
2025-01-31,28,0.07671232876712329,27.020000457763672,26.929326319273926,0.5631050785005284,-0.0438190185517597
2025-01-31,35,0.0958904109589041,27.020000457763672,27.072138080247406,0.5351846334050496,0.020103516084315667
2025-01-31,42,0.11506849315068493,27.020000457763672,27.315156126714143,0.8740789321786585,0.09441653268302845
2025-01-31,49,0.13424657534246576,27.020000457763672,27.079251214877473,0.08678789583551967,0.0163165974895159
2025-01-31,105,0.2876712328767123,27.020000457763672,26.98008839239659,-0.11061806918842709,-0.005138582907274847
2025-01-31,196,0.536986301369863,27.020000457763672,27.105820151001097,-0.043711209049181056,0.0059054040384163295
2025-01-31,350,0.958904109589041,27.020000457763672,27.441094067515365,0.005227351717303114,0.01612708059088208
2025-02-03,25,0.0684931506849315,25.610000610351562,25.510687386941793,0.9655000657141221,-0.056727518456283384
2025-02-03,32,0.08767123287671233,25.610000610351562,25.68475099366644,0.8378387256914217,0.03324403127329626
2025-02-03,39,0.10684931506849316,25.610000610351562,25.50441178824684,0.16795450937594872,-0.038666373648581186
2025-02-03,46,0.12602739726027398,25.610000610351562,25.674873295458205,0.10842377637338393,0.020074181290133306
2025-02-03,102,0.27945205479452057,25.610000610351562,25.683406121447867,0.16788888825724096,0.01024212583582198
2025-02-03,193,0.5287671232876713,25.610000610351562,25.78851518866834,0.06936184699092769,0.013136824783479694
2025-02-03,347,0.9506849315068493,25.610000610351562,25.80697907867751,0.05758510126938867,0.008059492661284437
2025-02-04,24,0.06575342465753424,26.25,26.186139207927166,1.3634700995991726,-0.037043791080846517
2025-02-04,31,0.08493150684931507,26.25,26.56070000932335,-0.3357531196415493,0.1385432972110811
2025-02-04,38,0.10410958904109589,26.25,26.472241476333856,0.05652612231562789,0.08097912565499132
2025-02-04,45,0.1232876712328767,26.25,26.37748977281218,-0.08166408492420693,0.03929831121009581
2025-02-04,101,0.27671232876712326,26.25,26.465553254826208,0.007536626535747563,0.029554235047761855
2025-02-04,192,0.5260273972602739,26.25,26.67590973945871,-0.0568515730139061,0.030597098600732956
2025-02-04,346,0.947945205479452,26.25,26.79282867792312,0.030902734485039038,0.021592256502285755
2025-02-05,23,0.06301369863013699,27.700000762939453,27.851185569325825,1.804041525598589,0.08637954386954223
2025-02-05,30,0.0821917808219178,27.700000762939453,27.836460057205667,0.07375952140773118,0.0597898412540524
2025-02-05,37,0.10136986301369863,27.700000762939453,28.03056290410588,-0.33698245560778495,0.11702695542400951
2025-02-05,44,0.12054794520547946,27.700000762939453,28.044051628077366,0.28582741472013024,0.10239996669134839
2025-02-05,100,0.273972602739726,27.700000762939453,27.9748745402355,-0.024899881629868358,0.03604129990690979
2025-02-05,191,0.5232876712328767,27.700000762939453,27.863112678677084,-0.061559765015393175,0.011219922466300823
2025-02-05,345,0.9452054794520548,27.700000762939453,27.991543387951513,0.015542453475104797,0.011076958597805784
2025-02-06,22,0.06027397260273973,27.690000534057617,27.643402141159694,0.3496270444181278,-0.027943695696875364
2025-02-06,29,0.07945205479452055,27.690000534057617,27.92188909820298,0.5386899986894138,0.10496368240394019
2025-02-06,36,0.09863013698630137,27.690000534057617,28.181566639629377,0.45045426587833615,0.17841141681643685
2025-02-06,43,0.1178082191780822,27.690000534057617,27.82872243008447,-0.1129290818721921,0.04241904203095652
2025-02-06,50,0.136986301369863,27.690000534057617,27.8097329431359,-0.3305632632045252,0.03149737440161551
2025-02-06,99,0.27123287671232876,27.690000534057617,27.868307643768475,0.12272097455522651,0.023665125093997173
2025-02-06,190,0.5205479452054794,27.690000534057617,28.517253137284403,0.2087661059012209,0.05655179537147488
2025-02-06,344,0.9424657534246575,27.690000534057617,28.251012172885616,-0.1037089955883635,0.021282396242537225
2025-02-07,21,0.057534246575342465,26.329999923706055,26.360203501011277,0.48230662040193434,0.019926550373887124
2025-02-07,28,0.07671232876712329,26.329999923706055,26.383842290845916,0.13140040718814225,0.026629588324361356
2025-02-07,35,0.0958904109589041,26.329999923706055,26.295518105069526,0.11938243673194979,-0.013666227851774607
2025-02-07,42,0.11506849315068493,26.329999923706055,26.46404104101661,-0.07006812997471272,0.044129360825157594
2025-02-07,49,0.13424657534246576,26.329999923706055,26.426952994427197,-0.14009537489006868,0.027378467414875
2025-02-07,98,0.2684931506849315,26.329999923706055,26.572544432563596,0.03452228278914901,0.034151887733547104
2025-02-07,189,0.5178082191780822,26.329999923706055,26.65501633581941,0.02371062657379412,0.02369292736363292
2025-02-07,343,0.9397260273972603,26.329999923706055,27.125201437999724,0.08330446923847203,0.03166270449116953
2025-02-10,25,0.0684931506849315,27.350000381469727,27.548284733678525,-0.8826943852135668,0.10546646857660572
2025-02-10,32,0.08767123287671233,27.350000381469727,27.411916327717694,0.24773726627307452,0.025792707971709707
2025-02-10,39,0.10684931506849316,27.350000381469727,27.49748867126052,0.04243484533413799,0.05033384292908743
2025-02-10,46,0.12602739726027398,27.350000381469727,27.253129031383654,0.010275015342957168,-0.028154207227209863
2025-02-10,95,0.2602739726027397,27.350000381469727,27.57899476151848,0.0425434709766235,0.03203501566467597
2025-02-10,186,0.5095890410958904,27.350000381469727,27.384033079646137,0.11484708560490159,0.002440331920280785
2025-02-10,340,0.9315068493150684,27.350000381469727,27.862280779285054,-0.01900106448895797,0.01992179438131855
2025-02-11,24,0.06575342465753424,27.399999618530273,27.621851651208043,0.23288100964908853,0.12264283626726317
2025-02-11,31,0.08493150684931507,27.399999618530273,27.633330054357412,-0.04349568221278435,0.09984110321084323
2025-02-11,38,0.10410958904109589,27.399999618530273,27.51286593504231,0.2772556363012521,0.039484816079513006
2025-02-11,45,0.1232876712328767,27.399999618530273,27.61697026413146,-0.14755201340603621,0.06397597475146787
2025-02-11,94,0.25753424657534246,27.399999618530273,27.635789544223638,0.04065995709957187,0.03327190835163102
2025-02-11,185,0.5068493150684932,27.399999618530273,27.770536307167806,0.03614815895817406,0.02650218462694284
2025-02-11,339,0.9287671232876712,27.399999618530273,28.089803116670115,0.19822920126001337,0.026770577874566336
2025-02-12,23,0.06301369863013699,27.540000915527344,27.804568658375338,0.2398465362780586,0.15172607047880707
2025-02-12,30,0.0821917808219178,27.540000915527344,27.61557893494833,0.8650003728518104,0.033343250044047444
2025-02-12,37,0.10136986301369863,27.540000915527344,27.57151526049574,1.2310780998232926,0.011282026330402775
2025-02-12,44,0.12054794520547946,27.540000915527344,27.50309787565935,0.43063916194789814,-0.011123194093497626
2025-02-12,93,0.2547945205479452,27.540000915527344,27.72033485559497,0.188545906553586,0.025615651460305207
2025-02-12,184,0.5041095890410959,27.540000915527344,27.778701559311582,0.14256217639501848,0.01711943147248879
2025-02-12,338,0.9260273972602739,27.540000915527344,28.103517246827526,-0.04315692744571663,0.02187323069364829
2025-02-13,22,0.06027397260273973,28.469999313354492,28.359936426516494,0.610904749107542,-0.06426351214738742
2025-02-13,29,0.07945205479452055,28.469999313354492,28.504756993433716,0.5558952530526658,0.015356534554911335
2025-02-13,36,0.09863013698630137,28.469999313354492,28.612728034163002,0.02054009597716076,0.050702330618206615
2025-02-13,43,0.1178082191780822,28.469999313354492,28.431266620698594,0.20936105632334182,-0.011556071831125982
2025-02-13,50,0.136986301369863,28.469999313354492,28.518497928495112,-0.015335349723733795,0.012424962690079595
2025-02-13,92,0.25205479452054796,28.469999313354492,28.67755088126375,-0.08180475868818464,0.028818099933770405
2025-02-13,183,0.5013698630136987,28.469999313354492,28.92433946908082,0.041385724484739206,0.031578602601399136
2025-02-13,337,0.9232876712328767,28.469999313354492,29.53521123979565,0.18210672597135144,0.03978421557198367
2025-02-14,21,0.057534246575342465,28.549999237060547,28.502225167766557,-0.9701171851891757,-0.029108734188261806
2025-02-14,28,0.07671232876712329,28.549999237060547,28.814195056210284,0.9852343676475761,0.12007509587654541
2025-02-14,35,0.0958904109589041,28.549999237060547,28.61860304030942,-0.3371445372119315,0.025029123588067435
2025-02-14,42,0.11506849315068493,28.549999237060547,28.467894518874818,0.5047062225596894,-0.02502826901156408
2025-02-14,49,0.13424657534246576,28.549999237060547,28.758316311863688,0.17332728511523637,0.05415467052758296
2025-02-14,91,0.2493150684931507,28.549999237060547,28.677797939128954,-0.03541696818967389,0.017914372630806814
2025-02-14,182,0.4986301369863014,28.549999237060547,28.902041954679426,0.13964406642067387,0.024578015257187207
2025-02-14,336,0.9205479452054794,28.549999237060547,29.18820225105379,0.051644285836049554,0.02401578958380719
2025-02-18,24,0.06575342465753424,29.989999771118164,30.03424772051333,-0.2485435846503961,0.022422194820757132
2025-02-18,31,0.08493150684931507,29.989999771118164,30.095547609426134,-0.0009809772407881326,0.04136575297349517
2025-02-18,38,0.10410958904109589,29.989999771118164,29.98179880402486,0.2730964384967055,-0.002626982996774274
2025-02-18,45,0.1232876712328767,29.989999771118164,29.930043334174417,0.19372137756182592,-0.016232080585256468
2025-02-18,87,0.23835616438356164,29.989999771118164,30.13439973821436,-0.08719106302478245,0.020152122055585323
2025-02-18,178,0.4876712328767123,29.989999771118164,30.297967298884007,0.005133038851710335,0.020949850230675516
2025-02-18,332,0.9095890410958904,29.989999771118164,30.667580978847184,0.10217581423373065,0.024562869961817665
2025-02-19,23,0.06301369863013699,31.469999313354492,31.54236750376091,0.5003181424772426,0.0364516452964763
2025-02-19,30,0.0821917808219178,31.469999313354492,31.552583267120934,0.13569357006666213,0.03188609452211628
2025-02-19,37,0.10136986301369863,31.469999313354492,31.754913574603094,0.5085523134225732,0.08890988006573161
2025-02-19,44,0.12054794520547946,31.469999313354492,31.59456536810876,-0.33150884941587555,0.03277065002136112
2025-02-19,86,0.2356164383561644,31.469999313354492,31.557093444950514,0.08207108314721506,0.011729683764751543
2025-02-19,177,0.4849315068493151,31.469999313354492,31.78051774421395,0.022303856632622278,0.020247732083272147
2025-02-19,331,0.9068493150684932,31.469999313354492,32.32175973136569,0.03997965736854165,0.029449203526454002
2025-02-20,22,0.06027397260273973,31.700000762939453,31.658041699497215,1.3088787545860496,-0.021974766953802297
2025-02-20,29,0.07945205479452055,31.700000762939453,31.68458636056303,0.14307200005507056,-0.006121641557526832
2025-02-20,36,0.09863013698630137,31.700000762939453,31.860272469265862,0.6818027554344408,0.051131953463845185
2025-02-20,43,0.1178082191780822,31.700000762939453,31.891601989722464,0.6155266685196061,0.05115101232084477
2025-02-20,56,0.15342465753424658,31.700000762939453,31.97206115040884,0.042404725074357295,0.055699830603387755
2025-02-20,85,0.2328767123287671,31.700000762939453,31.809156952471408,-0.011695315053771117,0.014761020242554726
2025-02-20,176,0.4821917808219178,31.700000762939453,32.06668717622111,0.03389722840775803,0.02385151323838849
2025-02-20,330,0.9041095890410958,31.700000762939453,32.579487858070884,0.04654905157067319,0.030268652066440933
2025-02-21,21,0.057534246575342465,28.809999465942383,28.90177312179799,0.01220139539750288,0.055278665522918734
2025-02-21,28,0.07671232876712329,28.809999465942383,28.94115724560804,-0.25388077377945073,0.05921052941415621
2025-02-21,35,0.0958904109589041,28.809999465942383,28.72677231338523,-0.29267544900462655,-0.030169955100021278
2025-02-21,42,0.11506849315068493,28.809999465942383,29.15777502585805,-0.23944821342087463,0.10427764432553695
2025-02-21,55,0.1506849315068493,28.809999465942383,28.748886820362834,-0.8787616152062292,-0.014092207734048446
2025-02-21,84,0.23013698630136986,28.809999465942383,29.075285160207347,0.0487945688163903,0.039828346110180116
2025-02-21,175,0.4794520547945205,28.809999465942383,29.081406995034257,0.09512476024186124,0.019556709456244378
2025-02-21,329,0.9013698630136986,28.809999465942383,29.353366592208427,0.001850604794651829,0.020729242144761323
2025-02-24,25,0.0684931506849315,26.760000228881836,26.883261785033994,-0.1226750304960985,0.06709591548061086
2025-02-24,32,0.08767123287671233,26.760000228881836,26.815235542607258,0.37512658646325847,0.023519374626497083
2025-02-24,39,0.10684931506849316,26.760000228881836,26.967371708446713,0.6200296458105123,0.07224600525210527
2025-02-24,52,0.14246575342465753,26.760000228881836,26.985895204993547,0.05831734012708538,0.05900425664219067
2025-02-24,81,0.2219178082191781,26.760000228881836,26.962192428227205,0.05831190420686657,0.03391958719633772
2025-02-24,172,0.4712328767123288,26.760000228881836,27.215457464627985,0.12352584701621803,0.03581426094916882
2025-02-24,326,0.8931506849315068,26.760000228881836,27.299657959700685,0.048694661180574375,0.0223544914507947
2025-02-25,24,0.06575342465753424,25.06999969482422,25.17811489267003,-0.2849904589849113,0.06544542091172163
2025-02-25,31,0.08493150684931507,25.06999969482422,25.19676441351217,-0.38390287346629,0.059385382109873264
2025-02-25,38,0.10410958904109589,25.06999969482422,25.293603918297713,1.5404451523638025,0.08529141554427155
2025-02-25,51,0.13972602739726028,25.06999969482422,25.153541221846382,0.06547721059919215,0.02380938432202686
2025-02-25,80,0.2191780821917808,25.06999969482422,25.200325333811662,0.05656572791915562,0.02365658307085134
2025-02-25,171,0.4684931506849315,25.06999969482422,25.29520303903294,0.06973600050988932,0.019088591894902168
2025-02-25,325,0.8904109589041096,25.06999969482422,25.559852495560236,0.034621628965180964,0.021732615027582235
2025-02-26,23,0.06301369863013699,26.290000915527344,26.536090149389413,-0.6994834259334817,0.14785714097394634
2025-02-26,30,0.0821917808219178,26.290000915527344,26.620290556843145,0.1334897761657312,0.1519014942787344
2025-02-26,37,0.10136986301369863,26.290000915527344,26.871639171091463,0.1814013793900945,0.2158703811218104
2025-02-26,50,0.136986301369863,26.290000915527344,26.511247400919626,-0.0017377624089777682,0.06117691711338233
2025-02-26,79,0.21643835616438356,26.290000915527344,26.59085608565891,-0.08285726370874544,0.05257259917978685
2025-02-26,170,0.4657534246575342,26.290000915527344,26.75085326776993,0.08937856665164308,0.03731093795106166
2025-02-26,324,0.8876712328767123,26.290000915527344,26.83002751349053,0.028177822764503497,0.022906021500796483
2025-02-27,22,0.06027397260273973,21.75,21.75191483789936,0.7484066581726736,0.0014605748574968067
2025-02-27,29,0.07945205479452055,21.75,21.682680372779828,1.455931186153488,-0.03901667719536814
2025-02-27,36,0.09863013698630137,21.75,21.57126808030531,0.4028704510504408,-0.08366114091225085
2025-02-27,43,0.1178082191780822,21.75,22.05537558989402,1.4579569235334306,0.1183500240319067
2025-02-27,49,0.13424657534246576,21.75,21.69262107392175,0.13855494714105313,-0.0196772058101153
2025-02-27,78,0.2136986301369863,21.75,21.950192849754693,-0.08446701035109151,0.042874246820561825
2025-02-27,169,0.46301369863013697,21.75,22.21536353985598,-0.08767208292136768,0.045722930863454025
2025-02-27,323,0.8849315068493151,21.75,22.468125747729136,0.07185473304847276,0.0367078283643295
2025-02-28,21,0.057534246575342465,22.729999542236328,22.886439044570686,0.352798166195837,0.11921483941666876
2025-02-28,28,0.07671232876712329,22.729999542236328,22.72292585693879,-0.10534238806397318,-0.004057408425107837
2025-02-28,35,0.0958904109589041,22.729999542236328,22.81839153592853,-0.5952620507252803,0.04047578214217602
2025-02-28,42,0.11506849315068493,22.729999542236328,22.604233459598312,0.6379654912449093,-0.048218305605390935
2025-02-28,48,0.13150684931506848,22.729999542236328,22.789395649036848,0.28499939096673405,0.019844646437049005
2025-02-28,77,0.21095890410958903,22.729999542236328,22.757619317789306,0.01865902600319585,0.005756508230586616
2025-02-28,168,0.4602739726027397,22.729999542236328,23.05333350965713,-0.009677330151017408,0.030687727116867635
2025-02-28,322,0.8821917808219178,22.729999542236328,23.003600168114506,0.009145714569630588,0.013562940919488852
2025-03-03,25,0.0684931506849315,20.510000228881836,20.720823132678536,0.9005451627693325,0.14930777364966039
2025-03-03,32,0.08767123287671233,20.510000228881836,20.167896600056075,-0.35131970014521263,-0.19185905969826045
2025-03-03,39,0.10684931506849316,20.510000228881836,20.582242490325687,0.27236053982382924,0.032907143748425086
2025-03-03,45,0.1232876712328767,20.510000228881836,20.489734133242624,0.5199723977542862,-0.008018616191701293
2025-03-03,74,0.20273972602739726,20.510000228881836,20.477554552944945,-0.01196451585137941,-0.007809011226108731
2025-03-03,165,0.4520547945205479,20.510000228881836,20.78744396033942,-0.16115763440419154,0.029723311421364647
2025-03-03,319,0.873972602739726,20.510000228881836,20.891903581769267,-0.11498229249393212,0.021109485792509704
2025-03-04,24,0.06575342465753424,20.649999618530273,20.745514477901352,-2.1635424844855455,0.07018269632450988
2025-03-04,31,0.08493150684931507,20.649999618530273,21.05160865125955,1.4296196121532776,0.22679071026169262
2025-03-04,38,0.10410958904109589,20.649999618530273,20.793045374081434,1.5393924413415252,0.06630775235824296
2025-03-04,44,0.12054794520547946,20.649999618530273,20.697072009682195,0.23071129802857765,0.01888825662736456
2025-03-04,73,0.2,20.649999618530273,20.72577980086475,-0.07444327723002973,0.01831512738398511
2025-03-04,164,0.44931506849315067,20.649999618530273,20.778167458591984,-0.04095359642495569,0.013770945009506303
2025-03-04,318,0.8712328767123287,20.649999618530273,21.01814719881552,0.0032842254529392924,0.02028265509913738
2025-03-05,23,0.06301369863013699,21.950000762939453,21.86871265832553,1.616266232501109,-0.05887933518167986
2025-03-05,30,0.0821917808219178,21.950000762939453,21.78601357000548,1.676849340531442,-0.09123770852587997
2025-03-05,37,0.10136986301369863,21.950000762939453,21.971870946075764,0.637413816000905,0.009824099504203999
2025-03-05,43,0.1178082191780822,21.950000762939453,21.883216835776008,0.025807185925790965,-0.0258656467992458
2025-03-05,72,0.19726027397260273,21.950000762939453,22.005033473445266,0.03360563120837658,0.012694127949563774
2025-03-05,163,0.4465753424657534,21.950000762939453,22.010186828936153,-0.11305898057091762,0.006131573619820678
2025-03-05,317,0.8684931506849315,21.950000762939453,22.384968147975563,0.030206372251278427,0.022593723944715375
2025-03-06,22,0.06027397260273973,19.229999542236328,19.223860719537534,0.527351614184722,-0.005297187304098348
2025-03-06,29,0.07945205479452055,19.229999542236328,19.22773238663635,0.2616159760498076,-0.001483961120423114
2025-03-06,36,0.09863013698630137,19.229999542236328,19.34581975212751,1.0419206592984482,0.06088227232436534
2025-03-06,42,0.11506849315068493,19.229999542236328,19.296824002025346,0.06479784683647187,0.03014714973562148
2025-03-06,50,0.136986301369863,19.229999542236328,19.209223223230246,0.8590183517966868,-0.007891270041490298
2025-03-06,71,0.19452054794520549,19.229999542236328,19.338959629813225,0.006613886815341858,0.029046592457131933
2025-03-06,162,0.4438356164383562,19.229999542236328,19.486569403201713,0.1617783377196063,0.029862281062585434
2025-03-06,316,0.8657534246575342,19.229999542236328,19.534516819824297,0.04029716492879892,0.018147728766164797
2025-03-07,21,0.057534246575342465,20.8799991607666,20.80887133331023,-0.8156776948280203,-0.05930938242817655
2025-03-07,28,0.07671232876712329,20.8799991607666,20.701383122713956,1.124171771572127,-0.11199252320707956
2025-03-07,35,0.0958904109589041,20.8799991607666,20.88886649040959,0.11539061995441217,0.004427871358734527
2025-03-07,41,0.11232876712328767,20.8799991607666,20.7890511053703,0.19284012328597153,-0.03886149543069904
2025-03-07,49,0.13424657534246576,20.8799991607666,20.91750598504381,-0.3442550296897514,0.013368627749974136
2025-03-07,70,0.1917808219178082,20.8799991607666,20.894239343153366,-0.10234384142506123,0.003554936493085038
2025-03-07,161,0.4410958904109589,20.8799991607666,21.145516119283126,-0.12214847812680717,0.02864718682112635
2025-03-07,315,0.863013698630137,20.8799991607666,21.271711141810545,-0.04365422950930286,0.021536566324183087
2025-03-10,25,0.0684931506849315,17.989999771118164,18.034602160131197,-0.16694227123361804,0.036152805439754666
2025-03-10,32,0.08767123287671233,17.989999771118164,18.13440176711912,1.576252645585474,0.09119010805260135
2025-03-10,38,0.10410958904109589,17.989999771118164,17.87755124438415,1.206067872332337,-0.06022720811181871
2025-03-10,46,0.12602739726027398,17.989999771118164,17.867873623653345,-1.073776593155563,-0.0540493947990816
2025-03-10,67,0.18356164383561643,17.989999771118164,18.087584196001995,-0.20842463222793314,0.029470817113858103
2025-03-10,158,0.4328767123287671,17.989999771118164,18.06400015543623,0.14909262325734776,0.009483025201928586
2025-03-10,312,0.8547945205479452,17.989999771118164,18.433789874800407,-0.10617094947166941,0.028509016958059838
2025-03-11,24,0.06575342465753424,17.40999984741211,17.347424043301153,-1.1905529663171708,-0.054760946538012785
2025-03-11,31,0.08493150684931507,17.40999984741211,17.458060998227747,1.5818395513544747,0.032458452607465126
2025-03-11,37,0.10136986301369863,17.40999984741211,17.46470765034697,0.08207808521278771,0.03094996714901044
2025-03-11,45,0.1232876712328767,17.40999984741211,17.466150044926476,-0.21055530856598967,0.02611761251551653
2025-03-11,66,0.18082191780821918,17.40999984741211,17.61755480950956,0.24306727568533634,0.06554013155820836
2025-03-11,157,0.4301369863013699,17.40999984741211,18.13444376431173,0.031767556153126056,0.094779934309309
2025-03-11,311,0.852054794520548,17.40999984741211,18.03936793242984,0.09877099761704432,0.04167775620573369
2025-03-12,23,0.06301369863013699,18.299999237060547,18.401730661019002,-0.5393628831797083,0.08797610392172889
2025-03-12,30,0.0821917808219178,18.299999237060547,18.456979819411956,0.3276408478089943,0.10392268787062026
2025-03-12,36,0.09863013698630137,18.299999237060547,18.451859180612928,-0.04047548145288919,0.08378895236739574
2025-03-12,44,0.12054794520547946,18.299999237060547,18.227424702867467,1.6923523541299987,-0.03296370106722968
2025-03-12,65,0.1780821917808219,18.299999237060547,18.41413477363005,-0.3158392523896498,0.034913910846101646
2025-03-12,156,0.4273972602739726,18.299999237060547,18.629036383159765,0.15367908912982403,0.04169526303548347
2025-03-12,310,0.8493150684931506,18.299999237060547,18.839805939731384,0.14669684815223458,0.03422869978177197
2025-03-13,22,0.06027397260273973,18.09000015258789,18.17515926746728,0.9913065469488985,0.07791884843616279
2025-03-13,29,0.07945205479452055,18.09000015258789,18.098802424845562,-0.0251466519746933,0.006122734884227644
2025-03-13,35,0.0958904109589041,18.09000015258789,18.177953608574374,-0.11924374202345704,0.050580780062813094
2025-03-13,43,0.1178082191780822,18.09000015258789,18.269484617839197,-0.006685230013147348,0.08380444942272006
2025-03-13,50,0.136986301369863,18.09000015258789,18.281660833428734,2.1759795408280955,0.07693549772337373
2025-03-13,64,0.17534246575342466,18.09000015258789,18.377453443229363,0.03719052731848785,0.08991118606603601
2025-03-13,155,0.4246575342465753,18.09000015258789,18.55392181417294,-0.046631784147435136,0.05962893714880263
2025-03-13,309,0.8465753424657534,18.09000015258789,18.619422294671423,0.05748467911381204,0.034073680171860285
2025-03-14,21,0.057534246575342465,19.799999237060547,19.784598067173697,-0.6297739205339784,-0.013524806725404638
2025-03-14,28,0.07671232876712329,19.799999237060547,19.736455075222914,1.9458892624131028,-0.04190280923799395
2025-03-14,34,0.09315068493150686,19.799999237060547,19.777938749163233,0.14669095449669686,-0.01196756893020409
2025-03-14,42,0.11506849315068493,19.799999237060547,19.93401375373663,0.012467497444282601,0.05862253998330711
2025-03-14,49,0.13424657534246576,19.799999237060547,19.81273412061866,0.5046210273892748,0.004789464546176591
2025-03-14,63,0.1726027397260274,19.799999237060547,19.805507355014118,0.07329604694146526,0.0016114987487810739
2025-03-14,154,0.42191780821917807,19.799999237060547,19.97129074471147,0.15386793109229263,0.020416015133475355
2025-03-14,308,0.8438356164383561,19.799999237060547,20.141268481173448,0.07062779637718712,0.020251538311966803
2025-03-17,25,0.0684931506849315,20.790000915527344,20.793733282457232,1.6787743729473752,0.002620859255363967
2025-03-17,31,0.08493150684931507,20.790000915527344,20.789408286465424,0.0438143381242172,-0.0003356338828203956
2025-03-17,39,0.10684931506849316,20.790000915527344,21.103506135272713,0.7151465644267484,0.14007622145044776
2025-03-17,46,0.12602739726027398,20.790000915527344,20.672455268838682,1.0519365651924741,-0.044990178473318716
2025-03-17,60,0.1643835616438356,20.790000915527344,21.048648568397894,0.47426595434200536,0.07521561773401235
2025-03-17,151,0.4136986301369863,20.790000915527344,21.003025799714234,0.13857053117268148,0.024642013280410494
2025-03-17,305,0.8356164383561644,20.790000915527344,21.388888921182616,0.34427531050988414,0.03398620550176595
2025-03-18,24,0.06575342465753424,19.93000030517578,19.985442778752915,0.7258493384658541,0.042248718596040104
2025-03-18,30,0.0821917808219178,19.93000030517578,19.946918794943592,0.02958290514359047,0.010323848607375175
2025-03-18,38,0.10410958904109589,19.93000030517578,20.17108023844368,1.2638144617685412,0.11549135671351486
2025-03-18,45,0.1232876712328767,19.93000030517578,20.138695592145922,1.0797176538161184,0.08449319001768389
2025-03-18,59,0.16164383561643836,19.93000030517578,19.910305303382874,-0.2900423733463319,-0.006116517848365258
2025-03-18,150,0.410958904109589,19.93000030517578,20.091300856306496,0.015693264199485593,0.019614561326542154
2025-03-18,304,0.8328767123287671,19.93000030517578,20.38286101826426,-0.03964595173464293,0.02697668417953758
2025-03-19,23,0.06301369863013699,20.3799991607666,20.47796623546056,0.7274776373340861,0.0761025589678389
2025-03-19,29,0.07945205479452055,20.3799991607666,20.399280571191817,0.09022413489034516,0.011902115022574043
2025-03-19,37,0.10136986301369863,20.3799991607666,20.766619894447516,0.8199241925104094,0.18538940149413363
2025-03-19,44,0.12054794520547946,20.3799991607666,20.57835059972561,0.578026429023384,0.0803464113495033
2025-03-19,58,0.1589041095890411,20.3799991607666,20.512336510554956,0.35124806100359346,0.040732109137335666
2025-03-19,149,0.40821917808219177,20.3799991607666,20.580521612679334,0.17401392128752977,0.023984882647194724
2025-03-19,303,0.8301369863013699,20.3799991607666,20.761565858956864,-0.004294666123023431,0.022345101924193884
2025-03-20,22,0.06027397260273973,19.93000030517578,19.922109838498955,0.19724239852037878,-0.006569790987667164
2025-03-20,28,0.07671232876712329,19.93000030517578,19.849774387006065,-0.4358462947568532,-0.05257966258101866
2025-03-20,36,0.09863013698630137,19.93000030517578,20.07621358633278,1.2222336657527526,0.0741108276964633
2025-03-20,43,0.1178082191780822,19.93000030517578,19.88459527648131,-0.025486603570835095,-0.019360485264506892
2025-03-20,57,0.15616438356164383,19.93000030517578,19.953131819909327,0.08008529758557437,0.007427845618955884
2025-03-20,148,0.4054794520547945,19.93000030517578,20.060606091514323,0.16575145929397142,0.01610894569647383
2025-03-20,246,0.673972602739726,19.93000030517578,20.307817376658818,-0.03870371428689087,0.027864270374636846
2025-03-20,302,0.8273972602739726,19.93000030517578,20.216666526299036,-0.11519288673473244,0.017260378934504782
2025-03-21,21,0.057534246575342465,19.280000686645508,19.28182784987718,0.14852313188569827,0.0016471126163302926
2025-03-21,27,0.07397260273972603,19.280000686645508,19.270118992568072,-0.05588959212771066,-0.006930503376778418
2025-03-21,35,0.0958904109589041,19.280000686645508,19.579754209766172,1.132035040205907,0.16088948775103762
2025-03-21,42,0.11506849315068493,19.280000686645508,19.392085727133882,-0.1012027162508378,0.05037613397930467
2025-03-21,56,0.15342465753424658,19.280000686645508,19.30420726115128,-0.192659826172161,0.008178217132756757
2025-03-21,147,0.40273972602739727,19.280000686645508,19.427350356528752,0.06286385825629051,0.018904419207988403
2025-03-21,245,0.6712328767123288,19.280000686645508,19.6841224039234,0.006398483206297338,0.030904351313736186
2025-03-21,301,0.8246575342465754,19.280000686645508,19.553110553953715,0.0731901296616618,0.01705684604006487
2025-03-24,24,0.06575342465753424,21.0,20.939481242422893,0.13091904468302862,-0.04389134294060362
2025-03-24,32,0.08767123287671233,21.0,21.11741276903312,0.23683407240668133,0.06359568539803799
2025-03-24,39,0.10684931506849316,21.0,20.803543081268998,0.13724279099887085,-0.08796617059067816
2025-03-24,53,0.14520547945205478,21.0,21.000000034515896,0.091610819612962,1.131922940191756e-08
2025-03-24,144,0.39452054794520547,21.0,21.158430074714325,0.04382903393972626,0.019050904919778858
2025-03-24,242,0.663013698630137,21.0,21.226345162008556,0.05764765432407477,0.016169603719922335
2025-03-24,298,0.8164383561643835,21.0,21.09195404392345,-0.011970812988759606,0.00535154316333987
2025-03-25,23,0.06301369863013699,20.549999237060547,20.647019967544587,0.010467202655302252,0.07474713880064086
2025-03-25,31,0.08493150684931507,20.549999237060547,20.89483104607471,0.9747210804184011,0.19593325038011566
2025-03-25,38,0.10410958904109589,20.549999237060547,20.611721287132408,0.387159576477481,0.028806229204333216
2025-03-25,52,0.14246575342465753,20.549999237060547,20.690675783318714,0.08677044192365452,0.047886945177002635
2025-03-25,143,0.3917808219178082,20.549999237060547,20.80080727985505,-0.007282371356585424,0.03096346985541459
2025-03-25,241,0.6602739726027397,20.549999237060547,20.902444959805678,0.025088213575467047,0.02575481200356016
2025-03-25,297,0.8136986301369863,20.549999237060547,21.091787641328864,0.0807203028241764,0.03198094310124935
2025-03-26,22,0.06027397260273973,18.790000915527344,18.899728393631158,0.43730852686055355,0.09660370561295116
2025-03-26,30,0.0821917808219178,18.790000915527344,19.031555014899688,3.0245836934171484,0.15541127786665324
2025-03-26,37,0.10136986301369863,18.790000915527344,18.96077097389604,2.9002275274011513,0.0892503626008296
2025-03-26,51,0.13972602739726028,18.790000915527344,18.92788925284117,0.0204770360248321,0.05232807541749827
2025-03-26,142,0.38904109589041097,18.790000915527344,19.004775466838517,0.007354375752103022,0.029213946588600003
2025-03-26,240,0.6575342465753424,18.790000915527344,19.070046533930448,0.04296723130432766,0.02249920471976235
2025-03-26,296,0.810958904109589,18.790000915527344,19.13573863855289,0.037559502643680714,0.022483084322302036
2025-03-27,21,0.057534246575342465,17.760000228881836,17.77851948602093,-0.2904031209687138,0.018114561787212925
2025-03-27,29,0.07945205479452055,17.760000228881836,17.870328003885536,0.6876122888437872,0.07794554299918212
2025-03-27,36,0.09863013698630137,17.760000228881836,17.916863359202235,0.5213505623214071,0.0891573943280738
2025-03-27,43,0.1178082191780822,17.760000228881836,17.922868749182545,2.5673707506234114,0.07748806319634481
2025-03-27,50,0.136986301369863,17.760000228881836,17.751855758729086,0.4284298062327412,-0.0033484385146326386
2025-03-27,141,0.3863013698630137,17.760000228881836,17.90862927919328,0.03912416907084394,0.02157364564910616
2025-03-27,239,0.6547945205479452,17.760000228881836,17.994831923160362,0.05045832444711586,0.020061027432187104
2025-03-27,295,0.8082191780821918,17.760000228881836,18.051413588059667,0.0345020435695714,0.02013716926079907
2025-03-28,20,0.0547945205479452,16.030000686645508,15.974683516017347,0.2295618940318755,-0.06308697582329434
2025-03-28,28,0.07671232876712329,16.030000686645508,16.069869068982022,0.6115957786687154,0.03238101041305812
2025-03-28,35,0.0958904109589041,16.030000686645508,16.11722001333211,0.7157732226643182,0.05658810872640398
2025-03-28,42,0.11506849315068493,16.030000686645508,15.765799752015026,1.9973535045574649,-0.14442692086517017
2025-03-28,49,0.13424657534246576,16.030000686645508,16.08982035051887,-0.014882623771667772,0.02774585637020383
2025-03-28,140,0.3835616438356164,16.030000686645508,16.17042589611442,0.006525918364799152,0.022739506373343918
2025-03-28,238,0.6520547945205479,16.030000686645508,16.22797914813415,0.05463826560791309,0.01882487646543216
2025-03-28,294,0.8054794520547945,16.030000686645508,16.31830217617377,0.07352079689952867,0.022130050989472044
2025-03-31,25,0.0684931506849315,15.949999809265137,16.10770869167319,1.747947842859145,0.1436514564744347
2025-03-31,32,0.08767123287671233,15.949999809265137,16.08808779594388,0.5570835442116532,0.09832521035429936
2025-03-31,39,0.10684931506849316,15.949999809265137,15.590361396240402,2.5581918999581523,-0.21344033110055236
2025-03-31,46,0.12602739726027398,15.949999809265137,15.958938376667287,0.011910813916079245,0.004445499916742191
2025-03-31,137,0.37534246575342467,15.949999809265137,16.082177056250167,0.17336696337238186,0.02198745715518884
2025-03-31,235,0.6438356164383562,15.949999809265137,16.036649108655197,0.07151521627580552,0.008414966126636784
2025-03-31,291,0.7972602739726027,15.949999809265137,16.014925286031094,-0.006255993864765222,0.005095325404911135
2025-04-01,24,0.06575342465753424,15.949999809265137,16.00390381009687,0.058410823342793905,0.05131083826568078
2025-04-01,31,0.08493150684931507,15.949999809265137,15.982052206446268,1.271100817325089,0.02363714393687058
2025-04-01,38,0.10410958904109589,15.949999809265137,16.238211355700077,3.657420302013921,0.17201463731110606
2025-04-01,45,0.1232876712328767,15.949999809265137,16.04380294088195,-0.03641798963448271,0.04756232381515222
2025-04-01,136,0.3726027397260274,15.949999809265137,16.077496398552526,-0.01738809904652626,0.021367899105397405
2025-04-01,234,0.6410958904109589,15.949999809265137,16.0054201771911,0.12582783301736145,0.005410436608584966
2025-04-01,290,0.7945205479452054,15.949999809265137,16.199513194558495,-0.0341448305584158,0.019536782070412456
2025-04-02,23,0.06301369863013699,16.260000228881836,16.291924946445135,0.35401177414745333,0.03112759365972419
2025-04-02,30,0.0821917808219178,16.260000228881836,16.363707695477274,1.4418786426097392,0.07735346516133307
2025-04-02,37,0.10136986301369863,16.260000228881836,16.331993372522174,0.429519120499918,0.0435814879569975
2025-04-02,44,0.12054794520547946,16.260000228881836,16.293910482136138,0.054096705974340555,0.017282167339978362
2025-04-02,135,0.3698630136986301,16.260000228881836,16.385516306879303,0.17017067685128082,0.02079060117192915
2025-04-02,233,0.6383561643835617,16.260000228881836,16.2690354643119,0.023675695968192453,0.0008702323718893648
2025-04-02,289,0.7917808219178082,16.260000228881836,16.44390251958463,-0.03118599534712046,0.014204212185221067
2025-04-03,22,0.06027397260273973,11.40999984741211,11.514998110754034,0.8073992484581042,0.15197635576372137
2025-04-03,29,0.07945205479452055,11.40999984741211,11.55491805622187,1.732130594211207,0.15885053701368437
2025-04-03,36,0.09863013698630137,11.40999984741211,11.47081472413636,1.2837515970151065,0.05389639673360388
2025-04-04,49,0.13424657534246576,8.729999542236328,9.070851454034239,-2.3945653499638837,0.2853020128499258
2025-04-07,46,0.12602739726027398,9.149999618530273,9.374844864634296,0.6517631850204852,0.19262626125914992
2025-04-09,23,0.06301369863013699,12.770000457763672,12.838667783333962,-0.12607735413205146,0.08510580892959771
2025-04-09,30,0.0821917808219178,12.770000457763672,13.09464355031844,1.4618476606225115,0.3054387088115375
2025-04-09,44,0.12054794520547946,12.770000457763672,12.997095732254644,1.8584869027717372,0.14622581389004635
2025-04-10,22,0.06027397260273973,9.630000114440918,9.585534170728275,3.690308389889746,-0.0767849319882773
2025-04-10,29,0.07945205479452055,9.630000114440918,9.510248129785577,1.5681395956425122,-0.15749460538387203
2025-04-10,43,0.1178082191780822,9.630000114440918,9.748035893165115,1.393799305522434,0.1034102735184459
2025-04-10,50,0.136986301369863,9.630000114440918,9.379439858371057,-0.7974422803652716,-0.1924513092677102
2025-04-11,21,0.057534246575342465,10.229999542236328,10.295319018886165,0.4476878692455035,0.11062615593561523
2025-04-11,28,0.07671232876712329,10.229999542236328,10.307890645096014,0.27856741278819375,0.09887783226277957
2025-04-11,42,0.11506849315068493,10.229999542236328,10.410234104482543,1.7064833783950666,0.15177773778360557
2025-04-11,49,0.13424657534246576,10.229999542236328,10.330058232335746,0.6535651738037163,0.07250378700730128
2025-04-14,25,0.0684931506849315,10.470000267028809,10.542400315312207,0.08891296065329254,0.10061153021631089
2025-04-14,39,0.10684931506849316,10.470000267028809,10.550896113355712,0.03348510614922812,0.07203364455742206
2025-04-14,46,0.12602739726027398,10.470000267028809,10.62642860627904,1.3512854088516565e-07,0.11767371832840445
2025-04-15,24,0.06575342465753424,10.600000381469727,10.632584594817322,0.3161216314322361,0.04667843953740122
2025-04-15,38,0.10410958904109589,10.600000381469727,10.633266541143163,0.005490285370972858,0.030097156552972744
2025-04-15,45,0.1232876712328767,10.600000381469727,10.6887056739379,1.002707062592695,0.0675947749486275
2025-04-16,23,0.06301369863013699,9.34000015258789,9.227007280751106,0.3437584254052124,-0.19315658620323511
2025-04-16,37,0.10136986301369863,9.34000015258789,9.41666666666667,0.6103918956356919,0.08064428720251303
2025-04-16,44,0.12054794520547946,9.34000015258789,9.30429381611282,-1.1676289140799323,-0.031773866453767334
2025-04-17,22,0.06027397260273973,9.199999809265137,9.296326924085482,2.4362764550805447,0.1728093233620899
2025-04-17,36,0.09863013698630137,9.199999809265137,9.441333318664554,1.149026406776502,0.26253383637086036
2025-04-17,43,0.1178082191780822,9.199999809265137,9.490497058044769,0.19627196679851538,0.2638824793152948
2025-04-21,25,0.0684931506849315,8.710000038146973,8.750882500420365,0.8369668508636318,0.06836825556662278
2025-04-21,32,0.08767123287671233,8.710000038146973,8.9711191385586,2.668100491005832,0.336925085751551
2025-04-21,39,0.10684931506849316,8.710000038146973,8.790758356915923,-0.20628142636508245,0.08637573097783201
2025-04-22,24,0.06575342465753424,9.180000305175781,9.239527259948407,0.7025268024271717,0.09829882107625137
2025-04-22,31,0.08493150684931507,9.180000305175781,9.249149453242598,0.24130389110408573,0.08835776849158727
2025-04-22,38,0.10410958904109589,9.180000305175781,9.276305894358833,-0.1308342808266503,0.10024204339030561
2025-04-23,23,0.06301369863013699,10.289999961853027,10.221848498696694,0.3715844722713111,-0.10545495898261995
2025-04-23,30,0.0821917808219178,10.289999961853027,10.250837379957698,0.05923941474069553,-0.04639330414180002
2025-04-23,37,0.10136986301369863,10.289999961853027,10.274598371316644,0.5208474474564314,-0.014776329232494008
2025-04-24,22,0.06027397260273973,12.0,12.111192440467338,0.39575383581381857,0.15302409899397817
2025-04-24,29,0.07945205479452055,12.0,12.248399471575699,2.242701527245942,0.2578740516905433
2025-04-24,36,0.09863013698630137,12.0,12.18318794132902,1.0601950042767199,0.15360735015840182
2025-04-24,43,0.1178082191780822,12.0,12.171632240756066,1.082367311693209,0.12054649791402998
2025-04-25,21,0.057534246575342465,12.34000015258789,12.331205529472975,0.5336768108665729,-0.012391687217352057
2025-04-25,28,0.07671232876712329,12.34000015258789,12.445585592074274,0.9026968461028674,0.111063741803122
2025-04-25,35,0.0958904109589041,12.34000015258789,12.453830058577193,-0.2174620332267082,0.09575701984604965
2025-04-25,42,0.11506849315068493,12.34000015258789,12.485677038260894,0.3547623288738801,0.101992467548523
2025-04-28,25,0.0684931506849315,12.289999961853027,12.279479951297416,0.36607458476450383,-0.012502679262321735
2025-04-28,32,0.08767123287671233,12.289999961853027,12.325490175593183,2.2685495227271133,0.032890714644487624
2025-04-28,39,0.10684931506849316,12.289999961853027,12.309444478674125,1.0519093290543953,0.014795518873772518
2025-04-29,24,0.06575342465753424,11.859999656677246,11.920491532077852,0.18030551358104727,0.07737288368587109
2025-04-29,31,0.08493150684931507,11.859999656677246,11.96264173379896,-0.8044835370912758,0.10146105470624356
2025-04-29,38,0.10410958904109589,11.859999656677246,12.018644657341085,0.03780907900648436,0.12763282381084654
2025-04-30,23,0.06301369863013699,12.15999984741211,12.11911556534768,-0.02265433796403749,-0.05344646069859085
2025-04-30,30,0.0821917808219178,12.15999984741211,12.10035336498768,-0.12966342143244028,-0.05982603182748127
2025-04-30,37,0.10136986301369863,12.15999984741211,12.077059095514882,-0.1016459899704171,-0.06751664919835515
2025-05-01,22,0.06027397260273973,12.100000381469727,12.171304666149585,0.1966966379954396,0.09748188702548066
2025-05-01,29,0.07945205479452055,12.100000381469727,12.107681806154591,-0.5109162095320527,0.007987547328117146
2025-05-01,36,0.09863013698630137,12.100000381469727,12.036107692274353,-1.5670538174211062,-0.05367910913911387
2025-05-02,21,0.057534246575342465,13.289999961853027,13.380813960223419,-0.05784045024680647,0.11836458279607341
2025-05-02,28,0.07671232876712329,13.289999961853027,13.366447606784037,-0.18643674199537633,0.07477008230101893
2025-05-02,35,0.0958904109589041,13.289999961853027,13.459528592416124,0.4853736514086005,0.13218663649484028
2025-05-02,42,0.11506849315068493,13.289999961853027,13.207322121544115,3.650261346336472,-0.054232811316316805
2025-05-05,25,0.0684931506849315,13.050000190734863,13.062091873395163,0.2277196543329644,0.013521595973646749
2025-05-05,32,0.08767123287671233,13.050000190734863,13.203387067192216,3.683056744347691,0.13328481770804076
2025-05-05,39,0.10684931506849316,13.050000190734863,13.264854086877493,1.5689661943740358,0.1528305471670355
2025-05-06,24,0.06575342465753424,12.640000343322754,12.679750244957072,1.0356931702887924,0.04775167500675514
2025-05-06,31,0.08493150684931507,12.640000343322754,12.735810793106339,0.37019901067712246,0.08891113937068415
2025-05-06,38,0.10410958904109589,12.640000343322754,12.656439395585311,4.167736034160539,0.012484084472435514
2025-05-07,23,0.06301369863013699,13.279999732971191,13.359970956639225,0.2686429562838685,0.09527881066671831
2025-05-07,30,0.0821917808219178,13.279999732971191,13.416377840184138,0.4755629822247371,0.12430760694299638
2025-05-07,37,0.10136986301369863,13.279999732971191,13.43785566034723,0.5941648520377524,0.11656964893100519
2025-05-08,22,0.06027397260273973,13.65999984741211,13.785760246522289,1.2699812384586784,0.1520449019822441
2025-05-08,29,0.07945205479452055,13.65999984741211,13.825500796583789,0.952116865402278,0.15157478048371284
2025-05-08,36,0.09863013698630137,13.65999984741211,13.7567359119357,0.7591742623349769,0.07154756047340625
2025-05-08,50,0.136986301369863,13.65999984741211,14.076214309205035,2.14850715149545,0.2191065911015311
2025-05-09,21,0.057534246575342465,14.109999656677246,14.160753260403466,0.5712701278756341,0.06240703385809291
2025-05-09,28,0.07671232876712329,14.109999656677246,14.132689267505748,-0.00868793472287632,0.02094526823854881
2025-05-09,35,0.0958904109589041,14.109999656677246,14.23213764728029,0.5075080741702854,0.0898826105013627
2025-05-09,42,0.11506849315068493,14.109999656677246,14.171342752347893,0.017397924709126704,0.03769987581871435
2025-05-09,49,0.13424657534246576,14.109999656677246,14.46287272639684,5.368436225989945,0.1839981579575466
2025-05-09,98,0.2684931506849315,14.109999656677246,14.216432844857948,0.007456342423475234,0.027988783184091984
2025-05-09,196,0.536986301369863,14.109999656677246,14.305834834582944,0.011207247765807579,0.025668704893410912
2025-05-09,252,0.6904109589041096,14.109999656677246,14.36335400837036,0.05010267499137175,0.025776475051440848
2025-05-12,25,0.0684931506849315,17.1299991607666,17.194021790549378,0.12291093751573753,0.054465150232422356
2025-05-12,32,0.08767123287671233,17.1299991607666,17.248482379382313,-0.5089290530803399,0.07862212073538362
2025-05-12,39,0.10684931506849316,17.1299991607666,17.236236233966714,0.009363983071851018,0.057863376643976644
2025-05-12,46,0.12602739726027398,17.1299991607666,17.095647515689073,0.7149696487117302,-0.015927992832148918
2025-05-12,95,0.2602739726027397,17.1299991607666,17.297338156661134,0.017328337510681288,0.0373504981979546
2025-05-12,193,0.5287671232876713,17.1299991607666,17.413265433350173,0.03820701775838685,0.031017498850118817
2025-05-12,249,0.6821917808219178,17.1299991607666,17.481202985234578,0.003669120975487533,0.029749589120666706
2025-05-13,24,0.06575342465753424,18.600000381469727,18.603191103874916,0.49591084758003945,0.002608677809288393
2025-05-13,31,0.08493150684931507,18.600000381469727,18.726030235440806,0.4257295219922223,0.0795104921740709
2025-05-13,38,0.10410958904109589,18.600000381469727,18.74222950925062,0.32516039735012536,0.07316942835661802
2025-05-13,45,0.1232876712328767,18.600000381469727,18.680471677741213,0.02517877364978964,0.03501632908522662
2025-05-13,94,0.25753424657534246,18.600000381469727,18.754125485617955,-0.038636912518158296,0.03204293407712377
2025-05-13,192,0.5260273972602739,18.600000381469727,18.906367164807353,0.09037746626225235,0.031057605013648872
2025-05-13,248,0.6794520547945205,18.600000381469727,19.00316758847171,0.034031036761540324,0.03156084240842442
2025-05-14,23,0.06301369863013699,18.84000015258789,18.87898141329818,0.034821206275019057,0.03280130341034189
2025-05-14,30,0.0821917808219178,18.84000015258789,19.093541237242825,1.194423468989653,0.16264212024648478
2025-05-14,37,0.10136986301369863,18.84000015258789,18.88533198801313,-0.44837071032202774,0.02370781755427394
2025-05-14,44,0.12054794520547946,18.84000015258789,18.873872984331467,0.8604220749683354,0.01490118029463332
2025-05-14,93,0.2547945205479452,18.84000015258789,18.983903580267405,0.02361919938570401,0.029863918804132975
2025-05-14,191,0.5232876712328767,18.84000015258789,19.11851858270728,-0.023739550674563858,0.02804412982950785
2025-05-14,247,0.6767123287671233,18.84000015258789,19.21134011090936,0.04501045353592598,0.0288430657747217
2025-05-15,22,0.06027397260273973,18.469999313354492,18.562337226366974,0.8477241361028531,0.0827370475897295
2025-05-15,29,0.07945205479452055,18.469999313354492,18.45186413778724,1.9443259974747837,-0.01236411539479897
2025-05-15,36,0.09863013698630137,18.469999313354492,18.51440725005946,-0.40879002073770915,0.024347956030762393
2025-05-15,43,0.1178082191780822,18.469999313354492,18.494977646001768,0.1879657525422476,0.011471691935721874
2025-05-15,64,0.17534246575342466,18.469999313354492,18.52278320074759,0.07132585014704043,0.016275245689947256
2025-05-15,92,0.25205479452054796,18.469999313354492,18.6224014218698,0.10626274171953208,0.032601944902399434
2025-05-15,190,0.5205479452054794,18.469999313354492,18.747377762789196,-0.08324538618199556,0.02863546593025213
2025-05-15,246,0.673972602739726,18.469999313354492,18.9095837164742,0.05066670435433669,0.03489921008919685
2025-05-16,21,0.057534246575342465,18.389999389648438,18.45944472979827,0.01127456997238744,0.06551130460870955
2025-05-16,28,0.07671232876712329,18.389999389648438,18.45336080873844,1.3403703488842507,0.04483641914424901
2025-05-16,35,0.0958904109589041,18.389999389648438,18.457711485208016,-0.052013448905522425,0.038327548887043206
2025-05-16,42,0.11506849315068493,18.389999389648438,18.54480574112193,0.6679135582689086,0.07284991947045952
2025-05-16,63,0.1726027397260274,18.389999389648438,18.480341918642925,0.14668278119008515,0.028392149014039643
2025-05-16,91,0.2493150684931507,18.389999389648438,18.532654008860998,0.01895368292434935,0.03099392402669519
2025-05-16,189,0.5178082191780822,18.389999389648438,18.68136911929156,0.023593883322726744,0.030358185578576807
2025-05-16,245,0.6712328767123288,18.389999389648438,18.834868855962657,-0.011659827015476229,0.035610402496807234
2025-05-19,25,0.0684931506849315,18.059999465942383,18.14430355470798,0.671230969554479,0.0679942337191023
2025-05-19,32,0.08767123287671233,18.059999465942383,18.166420136212476,0.19240923567534854,0.06701541446339561
2025-05-19,39,0.10684931506849316,18.059999465942383,18.291502701207456,0.1477667786248125,0.11920619536252451
2025-05-19,60,0.1643835616438356,18.059999465942383,18.194927851645645,-0.03336669929112832,0.0452803630705377
2025-05-19,88,0.2410958904109589,18.059999465942383,18.22177797341387,-0.004145453257532531,0.03698923382839678
2025-05-19,186,0.5095890410958904,18.059999465942383,18.36775835074009,0.014773267555026741,0.03315876967212007
2025-05-19,242,0.663013698630137,18.059999465942383,18.459657708780774,-0.033559718327783684,0.033013146200309866
2025-05-20,24,0.06575342465753424,17.969999313354492,18.134991358053256,0.9498492554890857,0.13899859457356384
2025-05-20,31,0.08493150684931507,17.969999313354492,18.05411154381218,0.20405980090326095,0.05498292434369062
2025-05-20,38,0.10410958904109589,17.969999313354492,18.128577003294875,0.5906145019577893,0.08439059909322214
2025-05-20,59,0.16164383561643836,17.969999313354492,18.081894321784663,-0.08295837228860935,0.038402091252553304
2025-05-20,87,0.23835616438356164,17.969999313354492,18.14683528595141,0.05277325437208317,0.04108355467853605
2025-05-20,185,0.5068493150684932,17.969999313354492,18.283544178250466,0.02481759732704714,0.03412802774029023
2025-05-20,241,0.6602739726027397,17.969999313354492,18.33915245977135,-0.003781380337144625,0.030797201399747794
2025-05-21,23,0.06301369863013699,17.0,17.04931148736459,0.36778683033375414,0.04596582883010412
2025-05-21,30,0.0821917808219178,17.0,17.024464536472152,0.18725143167712785,0.017496346570720155
2025-05-21,37,0.10136986301369863,17.0,16.98892684626701,0.14727329079649093,-0.006427691557462061
2025-05-21,58,0.1589041095890411,17.0,17.03881517517834,0.13356210448686004,0.01435232204056865
2025-05-21,86,0.2356164383561644,17.0,17.121523984282238,0.12490122681413962,0.030231508967387282
2025-05-21,184,0.5041095890410959,17.0,16.99056618117743,-0.11558767261945352,-0.001101118808229478
2025-05-21,240,0.6575342465753424,17.0,17.360215105863226,0.11036797547275433,0.0318884622347314
2025-05-22,22,0.06027397260273973,16.510000228881836,16.590909138587936,0.16674431502619458,0.08110683752220099
2025-05-22,29,0.07945205479452055,16.510000228881836,16.530885020901618,0.13497454940366302,0.015911217049587333
2025-05-22,36,0.09863013698630137,16.510000228881836,16.57395500305955,-0.3651057937956313,0.039199131570781656
2025-05-22,42,0.11506849315068493,16.510000228881836,16.638936514441813,-0.3497953362285628,0.06760538832707617
2025-05-23,21,0.057534246575342465,15.729999542236328,15.716471659507416,0.2760618976192304,-0.014954142137106762
2025-05-23,28,0.07671232876712329,15.729999542236328,15.790675432234067,0.21828930739183205,0.05018639630222466
2025-05-23,35,0.0958904109589041,15.729999542236328,15.630121637011143,0.29811689244026435,-0.06642751056843624
2025-05-23,41,0.11232876712328767,15.729999542236328,15.75539765085979,-0.1672944146759311,0.014362541530674702
2025-05-23,56,0.15342465753424658,15.729999542236328,15.768844214121726,0.03267068793528424,0.016075774235813342
2025-05-23,84,0.23013698630136986,15.729999542236328,15.811615487735867,-0.10517518799175633,0.022487212955145476
2025-05-23,182,0.4986301369863014,15.729999542236328,15.969849271517333,0.010052855749642445,0.03034881942380973
2025-05-23,238,0.6520547945205479,15.729999542236328,15.984886397430989,0.011545715854919507,0.024651283649081198
2025-05-27,24,0.06575342465753424,17.290000915527344,17.38626049835603,-0.02670661731424649,0.08443537583685869
2025-05-27,31,0.08493150684931507,17.290000915527344,17.391174411856113,-0.3957381806327134,0.06869661686962462
2025-05-27,37,0.10136986301369863,17.290000915527344,17.304938352197762,0.8310000439380846,0.008518922504716588
2025-05-27,52,0.14246575342465753,17.290000915527344,17.432377115256415,0.17051585054006654,0.05756385706433179
2025-05-27,80,0.2191780821917808,17.290000915527344,17.441441489602894,0.004564451754399572,0.03978826966566589
2025-05-27,178,0.4876712328767123,17.290000915527344,17.619999929904917,1.4666761375291432e-07,0.038768462457570256
2025-05-27,234,0.6410958904109589,17.290000915527344,17.610256390693852,0.03949145262506704,0.02862774416567604
2025-05-28,23,0.06301369863013699,17.040000915527344,17.12670290647264,0.7427873351918172,0.08054191357650571
2025-05-28,30,0.0821917808219178,17.040000915527344,17.058073687571337,0.4621518981551279,0.012897233427504557
2025-05-28,36,0.09863013698630137,17.040000915527344,17.129038416095,0.5084209832303953,0.05283984484908596
2025-05-28,51,0.13972602739726028,17.040000915527344,17.08491502783268,-0.007153279879063785,0.018839274108878066
2025-05-28,79,0.21643835616438356,17.040000915527344,17.164246433810014,0.0069350796720035815,0.03356590589365178
2025-05-28,177,0.4849315068493151,17.040000915527344,17.22982871448705,-0.045883908674144484,0.022845564958677234
2025-05-28,233,0.6383561643835617,17.040000915527344,17.34196881257869,0.055810721874589096,0.027517446261205638
2025-05-29,22,0.06027397260273973,17.200000762939453,17.259716112193324,0.37318692647691737,0.057500932239333384
2025-05-29,29,0.07945205479452055,17.200000762939453,17.198356797006586,-0.08666008297962717,-0.0012030397289552266
2025-05-29,35,0.0958904109589041,17.200000762939453,17.258938248575014,0.5242760811137824,0.03567343602241057
2025-05-29,43,0.1178082191780822,17.200000762939453,17.044852733063724,0.7556786679484886,-0.0769145190181551
2025-05-29,50,0.136986301369863,17.200000762939453,17.207135742729857,-0.06540622240734512,0.0030275901168323105
2025-05-29,78,0.2136986301369863,17.200000762939453,17.28343316973264,-0.00934928490201543,0.0226440116457873
2025-05-29,176,0.4821917808219178,17.200000762939453,17.445569570865633,0.02608662893789992,0.02939970362958258
2025-05-29,232,0.6356164383561644,17.200000762939453,17.470284248169015,0.051980773891641976,0.024530464508787642
2025-05-30,21,0.057534246575342465,16.170000076293945,16.189001907927373,0.2867679446751955,0.020412864951427762
2025-05-30,28,0.07671232876712329,16.170000076293945,16.13568902978887,-0.5787045273673467,-0.027689808181393598
2025-05-30,34,0.09315068493150686,16.170000076293945,16.278335586451934,0.9234516227947498,0.07168428596197288
2025-05-30,42,0.11506849315068493,16.170000076293945,16.26309522562316,0.7590436706444579,0.04988999002932905
2025-05-30,49,0.13424657534246576,16.170000076293945,16.18979591089504,0.15048968136341193,0.009113703090075493
2025-05-30,77,0.21095890410958903,16.170000076293945,16.243407822779833,0.06683272867178429,0.021470891385049668
2025-05-30,175,0.4794520547945205,16.170000076293945,16.429175316690948,0.11578364372971467,0.03316506535611196
2025-05-30,231,0.6328767123287671,16.170000076293945,16.43589756756843,0.040004096804279826,0.02577143411539961
2025-06-02,25,0.0684931506849315,16.899999618530273,16.88805705917384,-0.4624522349869401,-0.01032088797104598
2025-06-02,31,0.08493150684931507,16.899999618530273,17.022989572145846,0.664937387106673,0.08537654835028344
2025-06-02,39,0.10684931506849316,16.899999618530273,17.01164627749258,0.7692757410236393,0.061624964885409
2025-06-02,46,0.12602739726027398,16.899999618530273,16.92657853612599,-0.16878960976372193,0.012469365097127006
2025-06-02,74,0.20273972602739726,16.899999618530273,16.993927058973647,0.0595471340902809,0.027337755458170663
2025-06-02,172,0.4712328767123288,16.899999618530273,17.07823958337535,-0.047217792709938276,0.02226397036593062
2025-06-02,228,0.6246575342465753,16.899999618530273,17.133663317255255,-0.015929167029496084,0.02198251563431569
2025-06-03,24,0.06575342465753424,18.299999237060547,18.25550995305795,-0.2835333120892917,-0.037018124486325854
2025-06-03,30,0.0821917808219178,18.299999237060547,18.24764682575708,-0.17024293037589175,-0.034856131203917264
2025-06-03,38,0.10410958904109589,18.299999237060547,18.193383774306874,-0.31439181153142115,-0.05612373561976584
2025-06-03,45,0.1232876712328767,18.299999237060547,18.34496953181527,0.045317290211898884,0.019907739196823048
2025-06-03,73,0.2,18.299999237060547,18.385102270739328,-0.04054929184060857,0.023198296541281214
2025-06-03,171,0.4684931506849315,18.299999237060547,18.554439074155265,0.010699501454481963,0.02947331340294996
2025-06-03,227,0.6219178082191781,18.299999237060547,18.57495595316709,0.09096137894102745,0.023979376294912175
2025-06-04,23,0.06301369863013699,19.09000015258789,19.09779613747277,0.1594944463863158,0.006479498913390048
2025-06-04,29,0.07945205479452055,19.09000015258789,19.121406118433626,1.3987648509729178,0.020689218822457597
2025-06-04,37,0.10136986301369863,19.09000015258789,19.19890755048376,1.237647567942406,0.05611858497974911
2025-06-04,44,0.12054794520547946,19.09000015258789,19.14249875449319,0.029085090886678367,0.02278166753253087
2025-06-04,72,0.19726027397260273,19.09000015258789,19.204408798772505,0.010148668306486244,0.03029110605477152
2025-06-04,170,0.4657534246575342,19.09000015258789,19.33333357056575,-0.01070848388675763,0.02719483689793397
2025-06-04,226,0.6191780821917808,19.09000015258789,19.470284445310984,0.053360794437439824,0.03185639726115909
2025-06-05,22,0.06027397260273973,18.809999465942383,18.88546304891593,-0.34786911784327645,0.06642768300636114
2025-06-05,28,0.07671232876712329,18.809999465942383,18.961120395162755,-0.03368538508398812,0.10431143025816107
2025-06-05,36,0.09863013698630137,18.809999465942383,18.989252818099448,1.2022572041698092,0.09616293100219883
2025-06-05,43,0.1178082191780822,18.809999465942383,18.918684889997248,0.22984458788267814,0.048905223608333485
2025-06-05,50,0.136986301369863,18.809999465942383,19.01494372936921,-0.11382179645538623,0.07910694040850424
2025-06-05,71,0.19452054794520549,18.809999465942383,19.013621779951176,-0.3126987471572307,0.05535170073633336
2025-06-05,169,0.46301369863013697,18.809999465942383,19.09315360528042,-0.12730213412382688,0.032269468337972944
2025-06-05,225,0.6164383561643836,18.809999465942383,19.217247081770086,-0.00809086548775182,0.034747264167944596
2025-06-06,21,0.057534246575342465,19.18000030517578,19.160179065321888,0.2084793717489286,-0.017971332548843637
2025-06-06,27,0.07397260273972603,19.18000030517578,19.21775440529219,0.42395139275002375,0.02658382865836378
2025-06-06,35,0.0958904109589041,19.18000030517578,19.25840447230879,1.187458553223265,0.042543107390687236
2025-06-06,42,0.11506849315068493,19.18000030517578,19.21198593572185,0.06604991670913796,0.014480648292998497
2025-06-06,49,0.13424657534246576,19.18000030517578,19.227587123638823,2.230674456415312,0.018458510137552037
2025-06-06,70,0.1917808219178082,19.18000030517578,19.288156081123574,0.08713186144026613,0.02932069828300697
2025-06-06,168,0.4602739726027397,19.18000030517578,19.45779071475014,0.028115179095983947,0.031241078665626424
2025-06-06,224,0.6136986301369863,19.18000030517578,19.512764292602732,0.03410776540650788,0.02802799993833446
2025-06-09,24,0.06575342465753424,20.579999923706055,20.591127603500055,0.20018960087122994,0.0082209780406318
2025-06-09,32,0.08767123287671233,20.579999923706055,20.74600148226965,0.11947191702677347,0.09163555131786259
2025-06-09,39,0.10684931506849316,20.579999923706055,20.617176091954207,0.1754433053628508,0.01689100727240812
2025-06-09,46,0.12602739726027398,20.579999923706055,20.59356757479143,-0.056042454552978294,0.005229392171259396
2025-06-09,67,0.18356164383561643,20.579999923706055,20.667484210793635,0.05396514098420928,0.02310900792779121
2025-06-09,165,0.4520547945205479,20.579999923706055,20.824074113697296,-0.006311388509040211,0.026080909177494803
2025-06-09,221,0.6054794520547945,20.579999923706055,20.94804881934987,0.07111181579744129,0.029275609861520308
2025-06-10,23,0.06301369863013699,21.889999389648438,21.935659795464044,0.7009754331748842,0.03306789052809591
2025-06-10,31,0.08493150684931507,21.889999389648438,22.06228987306976,1.0512652773099496,0.09230881589272982
2025-06-10,38,0.10410958904109589,21.889999389648438,21.951737760762356,0.08095556147544493,0.02705247246237724
2025-06-10,45,0.1232876712328767,21.889999389648438,22.174034588141268,0.8243474477631005,0.10456931677881053
2025-06-10,66,0.18082191780821918,21.889999389648438,22.014422195636314,0.05258931213371988,0.03134525581925697
2025-06-10,164,0.44931506849315067,21.889999389648438,22.185961604276148,0.046180070257796565,0.0298895941313667
2025-06-10,220,0.6027397260273972,21.889999389648438,22.277520722917885,0.058801620356898454,0.02911413718363684
2025-06-11,22,0.06027397260273973,21.639999389648438,21.689071420747094,0.3308536387967175,0.037579848343280105
2025-06-11,30,0.0821917808219178,21.639999389648438,21.78055991594733,0.22192646628320428,0.07877185697941456
2025-06-11,37,0.10136986301369863,21.639999389648438,21.681221651563085,0.02116165726812591,0.018773809055798694
2025-06-11,44,0.12054794520547946,21.639999389648438,21.73130495814822,0.18981800066963078,0.03492734763535451
2025-06-11,65,0.1780821917808219,21.639999389648438,21.768864205564174,0.11672128637147354,0.03334008635789224
2025-06-11,163,0.4465753424657534,21.639999389648438,21.966666760444635,1.0677642374410166e-07,0.03355028796089308
2025-06-11,219,0.6,21.639999389648438,22.061790869114887,0.02277372521594564,0.032172944156086444
2025-06-12,21,0.057534246575342465,21.690000534057617,21.73154655816414,0.36541701608655325,0.03326043106840297
2025-06-12,29,0.07945205479452055,21.690000534057617,21.950683498338005,1.413137081875904,0.15036651327193556
2025-06-12,36,0.09863013698630137,21.690000534057617,21.74179617649106,0.07559887962782823,0.02418276711062435
2025-06-12,43,0.1178082191780822,21.690000534057617,22.03446706484731,1.5852110971626228,0.1337475670431197
2025-06-12,50,0.136986301369863,21.690000534057617,21.612721456436557,0.30007472288909043,-0.026055538294448913
2025-06-12,64,0.17534246575342466,21.690000534057617,21.786137970965715,0.07297570421409406,0.025222328034285
2025-06-12,162,0.4438356164383562,21.690000534057617,22.024783171446217,0.09029973319865113,0.03451047434943216
2025-06-12,218,0.5972602739726027,21.690000534057617,22.01633770527352,0.03993865322611795,0.025003255543669767
2025-06-13,20,0.0547945205479452,20.040000915527344,19.983329746798773,0.40389473041951934,-0.05168233144911712
2025-06-13,28,0.07671232876712329,20.040000915527344,20.072592519810687,0.5240749756306192,0.021183119746497354
2025-06-13,35,0.0958904109589041,20.040000915527344,20.073252183724804,0.02237121518831475,0.017289213819380415
2025-06-13,42,0.11506849315068493,20.040000915527344,20.19290067996614,0.6611132977382314,0.06605430415407373
2025-06-13,49,0.13424657534246576,20.040000915527344,20.42446977467093,1.0433499672234614,0.14155563249592884
2025-06-13,63,0.1726027397260274,20.040000915527344,20.11178328297785,0.04820443054472985,0.020715513470929557
2025-06-13,161,0.4410958904109589,20.040000915527344,20.38828088745434,-0.09823971927633529,0.03906168239793276
2025-06-13,217,0.5945205479452055,20.040000915527344,20.373807854491353,-0.039187835529260966,0.02778680293147149
2025-06-16,25,0.0684931506849315,21.899999618530273,21.91598333455323,0.0514326927040924,0.010651924186497014
2025-06-16,32,0.08767123287671233,21.899999618530273,21.91073023166996,-0.0020372777677205808,0.0055874923330707735
2025-06-16,39,0.10684931506849316,21.899999618530273,22.008949952854415,0.08074665068801673,0.04644453979903091
2025-06-16,46,0.12602739726027398,21.899999618530273,21.932714986220365,0.18079498464850158,0.011844549493593093
2025-06-16,60,0.1643835616438356,21.899999618530273,22.02450437929845,0.05455972265742021,0.03448671793028648
2025-06-16,158,0.4328767123287671,21.899999618530273,22.17641757389627,0.01863869509591222,0.02897553289642762
2025-06-16,214,0.5863013698630137,21.899999618530273,22.233183784088258,0.007631336917569814,0.025753510481778808
2025-06-17,24,0.06575342465753424,21.420000076293945,21.502263802163093,0.5701769945996569,0.05829588577481452
2025-06-17,31,0.08493150684931507,21.420000076293945,21.364188912470393,-0.2166585627266157,-0.030718442176508653
2025-06-17,38,0.10410958904109589,21.420000076293945,21.647673952944924,1.1016186577703517,0.10155588480822099
2025-06-17,45,0.1232876712328767,21.420000076293945,21.46906949394554,-0.25617991380763194,0.018559865083453933
2025-06-17,59,0.16164383561643836,21.420000076293945,21.47553635902063,0.07558049121780781,0.016019014521399085
2025-06-17,157,0.4301369863013699,21.420000076293945,21.617207632111914,0.1830439082392126,0.021306185886112324
2025-06-17,213,0.5835616438356165,21.420000076293945,21.770924011110726,0.027141948972312816,0.027846672543069075
2025-06-18,23,0.06301369863013699,21.610000610351562,21.615566734333253,-0.37205826622771465,0.004087024113269437
2025-06-18,30,0.0821917808219178,21.610000610351562,21.61904763154937,0.33301658714025223,0.005092505957153585
2025-06-18,37,0.10136986301369863,21.610000610351562,21.827833717438835,1.008754162617934,0.09894195748159203
2025-06-18,44,0.12054794520547946,21.610000610351562,21.66550644616693,1.0972918670567324,0.021279768711036585
2025-06-18,58,0.1589041095890411,21.610000610351562,21.71160729956272,0.17409821812232332,0.029519798990157168
2025-06-18,156,0.4273972602739726,21.610000610351562,21.69170565681782,-0.14734496346684786,0.008829632920861563
2025-06-18,212,0.5808219178082191,21.610000610351562,21.967825635993517,-0.011032840227840238,0.028274954071470515
2025-06-18,247,0.6767123287671233,21.610000610351562,22.00025531601921,0.1027073131713941,0.026448254363043662
2025-06-20,21,0.057534246575342465,21.209999084472656,21.173450275559,0.03649922800566011,-0.029976477816892833
2025-06-20,28,0.07671232876712329,21.209999084472656,21.22438306265819,0.10845934194102647,0.008837429820465856
2025-06-20,35,0.0958904109589041,21.209999084472656,21.274668579311538,0.5803060643969078,0.03174844027942584
2025-06-20,42,0.11506849315068493,21.209999084472656,21.346156054406503,0.02922000723764068,0.05560995532063446
2025-06-20,56,0.15342465753424658,21.209999084472656,21.257476259514632,0.13643078959484192,0.01457348575045001
2025-06-20,154,0.42191780821917807,21.209999084472656,21.395159359501264,0.01528569569662981,0.02060110454210573
2025-06-20,210,0.5753424657534246,21.209999084472656,21.461873891835367,0.028791808070709888,0.02051878471929982
2025-06-20,245,0.6712328767123288,21.209999084472656,21.47935833633316,-0.013769776506267246,0.018800734604050268
2025-06-23,25,0.0684931506849315,21.579999923706055,21.495405752205016,1.2034269356666496,-0.05734485710966084
2025-06-23,32,0.08767123287671233,21.579999923706055,21.743514007060526,1.0739786355320022,0.08610065067031807
2025-06-23,39,0.10684931506849316,21.579999923706055,21.593632173682085,1.2503045182181352,0.005910268653471257
2025-06-23,53,0.14520547945205478,21.579999923706055,21.595108724191345,0.007875113358220843,0.004819961346216349
2025-06-23,151,0.4136986301369863,21.579999923706055,21.695630083110636,0.1569249625669916,0.012917387017104156
2025-06-23,207,0.5671232876712329,21.579999923706055,21.876763208337277,0.06804928375886016,0.024083081769690026
2025-06-23,242,0.663013698630137,21.579999923706055,21.791238365102398,0.04150458334919707,0.014692038604148737
2025-06-24,24,0.06575342465753424,23.950000762939453,24.08518475146995,0.3013733135041876,0.08560094291828318
2025-06-24,31,0.08493150684931507,23.950000762939453,23.988101488974948,-0.17212610952767363,0.018716027379583697
2025-06-24,38,0.10410958904109589,23.950000762939453,24.18787870653848,0.27061301193554466,0.09493142912094871
2025-06-24,52,0.14246575342465753,23.950000762939453,24.136182509767576,0.09845479270712497,0.05435487233577557
2025-06-24,150,0.410958904109589,23.950000762939453,24.28911270444044,0.0593794392205267,0.034212319627747324
2025-06-24,206,0.5643835616438356,23.950000762939453,24.32602974333574,-0.03291462360179543,0.027602866630345262
2025-06-24,241,0.6602739726027397,23.950000762939453,24.39461888808435,0.0067766070308964595,0.027858458237691463
2025-06-25,23,0.06301369863013699,24.579999923706055,24.663869732688898,0.3045758513648896,0.05405662469854705
2025-06-25,30,0.0821917808219178,24.579999923706055,24.667709729161256,-0.10069140337820598,0.043337531925479636
2025-06-25,37,0.10136986301369863,24.579999923706055,24.62890101877136,0.030048958450761182,0.01960632503955655
2025-06-25,51,0.13972602739726028,24.579999923706055,24.68778047230966,0.0345896511991936,0.031313439221052286
2025-06-25,149,0.40821917808219177,24.579999923706055,24.875536555368257,-0.09649823879226999,0.02927778136060438
2025-06-25,205,0.5616438356164384,24.579999923706055,24.835503114528215,-0.010566714170834799,0.01841221242034512
2025-06-25,240,0.6575342465753424,24.579999923706055,25.16088615631578,0.11563325968710994,0.03552294217210579
2025-06-26,22,0.06027397260273973,25.200000762939453,25.230198526493353,-0.051613912094748825,0.01986938052247243
2025-06-26,29,0.07945205479452055,25.200000762939453,25.284471656614116,0.6936823034013415,0.042118658895608126
2025-06-26,36,0.09863013698630137,25.200000762939453,25.633712436524338,1.3322991991206945,0.17301357297142253
2025-06-26,43,0.1178082191780822,25.200000762939453,25.2580482793092,0.8601115329898775,0.01953024917696054
2025-06-26,50,0.136986301369863,25.200000762939453,25.330400440741744,0.040523347405302494,0.03767711074588391
2025-06-26,148,0.4054794520547945,25.200000762939453,25.47058806729867,-0.004400340340464386,0.026340058673093723
2025-06-26,204,0.5589041095890411,25.200000762939453,25.562613208797444,0.028988783705498126,0.02556223413168126
2025-06-26,239,0.6547945205479452,25.200000762939453,25.75899266403202,0.0109476564636355,0.03350634486570202
2025-06-27,21,0.057534246575342465,25.110000610351562,25.285183651951055,1.1150094685803447,0.12083933864586115
2025-06-27,28,0.07671232876712329,25.110000610351562,25.26001889175969,1.5034023855125593,0.07764941351019439
2025-06-27,35,0.0958904109589041,25.110000610351562,25.301002290850583,0.44382130767964667,0.0790257715609194
2025-06-27,42,0.11506849315068493,25.110000610351562,25.205817411238147,0.16867055805197465,0.03309872187525879
2025-06-27,49,0.13424657534246576,25.110000610351562,25.21460618867894,0.03600157992206586,0.030967194378322484
2025-06-27,147,0.40273972602739727,25.110000610351562,25.42582883125788,-0.05698184612419717,0.031035783621754843
2025-06-27,203,0.5561643835616439,25.110000610351562,25.50457033138525,0.042231996842070185,0.028033919054942406
2025-06-27,238,0.6520547945205479,25.110000610351562,25.67449312101494,0.27359789069705337,0.03409501196503046
2025-06-30,25,0.0684931506849315,25.110000610351562,25.153564206170476,0.22903953775391667,0.025307741722419803
2025-06-30,32,0.08767123287671233,25.110000610351562,25.28787942575206,0.6969108597852337,0.08051682577794457
2025-06-30,39,0.10684931506849316,25.110000610351562,25.06890867591433,-0.49696719973024495,-0.015328290399150209
2025-06-30,46,0.12602739726027398,25.110000610351562,25.104800369952514,-0.12232493934202454,-0.001643450792251562
2025-06-30,144,0.39452054794520547,25.110000610351562,25.336688015532705,0.06185329501092459,0.022780225484363953
2025-06-30,200,0.547945205479452,25.110000610351562,25.4327271970008,0.03288380418703397,0.023306380592290083
2025-06-30,235,0.6438356164383562,25.110000610351562,25.56343276485035,0.06803382203566383,0.027797041328947347
2025-07-01,24,0.06575342465753424,24.709999084472656,24.73198670606528,-0.219697395522976,0.013526766576451422
2025-07-01,31,0.08493150684931507,24.709999084472656,24.83771440082089,1.295335984572762,0.060698994095889316
2025-07-01,38,0.10410958904109589,24.709999084472656,24.710460447029718,0.32745343860864545,0.0001793390354493538
2025-07-01,45,0.1232876712328767,24.709999084472656,24.805190208778903,-0.037571748251261014,0.03118666204296723
2025-07-01,143,0.3917808219178082,24.709999084472656,24.92377507581582,0.04135480521464971,0.021987261264872753
2025-07-01,199,0.5452054794520548,24.709999084472656,25.014059872839198,-0.02924361250587935,0.022432053983893842
2025-07-01,234,0.6410958904109589,24.709999084472656,25.13079028476562,0.02668853595311396,0.026338986453824605
2025-07-02,23,0.06301369863013699,26.049999237060547,26.171133205037915,0.37308584039401765,0.07362333074090908
2025-07-02,30,0.0821917808219178,26.049999237060547,26.194493692519163,0.9370083280602353,0.06729973854519757
2025-07-02,37,0.10136986301369863,26.049999237060547,26.526548679427577,0.7019218521305023,0.17883352109946965
2025-07-02,44,0.12054794520547946,26.049999237060547,26.15956870686151,0.052008706918984626,0.03481851800372978
2025-07-02,142,0.38904109589041097,26.049999237060547,26.38095234601925,0.06507755846750683,0.03245032188415498
2025-07-02,198,0.5424657534246575,26.049999237060547,26.422430065807106,0.08418991152713519,0.026168535303253533
2025-07-02,233,0.6383561643835617,26.049999237060547,26.493693436903637,0.014049821661352484,0.026456989353228964
2025-07-03,22,0.06027397260273973,26.43000030517578,26.498854392160084,0.09175643783297127,0.043165587036541636
2025-07-03,29,0.07945205479452055,26.43000030517578,26.469431517830976,0.009978357408899704,0.018763509378965124
2025-07-03,36,0.09863013698630137,26.43000030517578,26.60215263880956,0.8514769693693787,0.06582570824647528
2025-07-03,43,0.1178082191780822,26.43000030517578,26.52436779911865,-0.002525862732703921,0.030253491022327605
2025-07-03,50,0.136986301369863,26.43000030517578,26.53875865955688,-0.4695014975129502,0.029977561045738538
2025-07-03,141,0.3863013698630137,26.43000030517578,26.801466049659393,0.06711982832510655,0.03612943233496986
2025-07-03,197,0.5397260273972603,26.43000030517578,26.864716747307348,0.04351834746122422,0.03022652156103659
2025-07-03,232,0.6356164383561644,26.43000030517578,26.909650790364108,-0.022777889939366924,0.028295755836104792
2025-07-07,25,0.0684931506849315,24.969999313354492,24.98132443604145,0.0691874072529375,0.006620316806507227
2025-07-07,32,0.08767123287671233,24.969999313354492,25.165113970144912,0.17032193936585652,0.08878160012998279
2025-07-07,39,0.10684931506849316,24.969999313354492,25.00499915376514,-0.0016708157577560395,0.01310906143366544
2025-07-07,46,0.12602739726027398,24.969999313354492,25.126333749921702,0.190724787185353,0.04952393596250693
2025-07-07,137,0.37534246575342467,24.969999313354492,25.26235389953825,0.016703686109182006,0.03101227196049852
2025-07-07,193,0.5287671232876713,24.969999313354492,25.345140750016537,0.03235779368506148,0.02820135334350692
2025-07-07,228,0.6246575342465753,24.969999313354492,25.43002774847569,0.059703118143587385,0.029224963777115847
2025-07-08,24,0.06575342465753424,26.3700008392334,26.414041105115913,0.5092989521926826,0.025378094377668914
2025-07-08,31,0.08493150684931507,26.3700008392334,26.501156941794367,0.18151834187241578,0.05841598970337235
2025-07-08,38,0.10410958904109589,26.3700008392334,26.49187166510694,0.0040036641282867194,0.04428913968813788
2025-07-08,45,0.1232876712328767,26.3700008392334,26.46116477768528,0.555477239070379,0.027992627434777907
2025-07-08,136,0.3726027397260274,26.3700008392334,26.719976250499347,-0.023064656241874728,0.035384677146022454
2025-07-08,192,0.5260273972602739,26.3700008392334,26.811440636614407,0.03195129779708349,0.031560435344845046
2025-07-08,227,0.6219178082191781,26.3700008392334,26.895212117707317,0.01877268143366538,0.03171038057691816
2025-07-09,23,0.06301369863013699,26.649999618530273,26.700033034940486,0.0007489561466883728,0.02976600980596416
2025-07-09,30,0.0821917808219178,26.649999618530273,26.701484016885235,-0.21592050978328792,0.023481772767136366
2025-07-09,37,0.10136986301369863,26.649999618530273,26.709258395141635,0.05358022901524721,0.02191110166895197
2025-07-09,44,0.12054794520547946,26.649999618530273,26.833360772528344,0.1175755554017856,0.05688012371427163
2025-07-09,135,0.3698630136986301,26.649999618530273,26.957355979132572,0.06268079767930086,0.031003567595579457
2025-07-09,191,0.5232876712328767,26.649999618530273,27.087480819722668,0.07244973272331229,0.0311158152076338
2025-07-09,226,0.6191780821917808,26.649999618530273,27.1357912173627,0.01157744431890612,0.02917485270558234
2025-07-10,22,0.06027397260273973,27.3700008392334,27.46366343560579,0.1025991398713446,0.056678653651695374
2025-07-10,29,0.07945205479452055,27.3700008392334,27.482328530462226,0.09034008510547188,0.05154864176337029
2025-07-10,36,0.09863013698630137,27.3700008392334,27.516402320678413,0.0945861051836552,0.054088145273435397
2025-07-10,43,0.1178082191780822,27.3700008392334,27.548221815549496,-0.1384240285653199,0.05509323496987958
2025-07-10,50,0.136986301369863,27.3700008392334,27.70368587589557,-0.0511350402898781,0.08846077758511613
2025-07-10,134,0.36712328767123287,27.3700008392334,27.684210590046305,-0.002431153540356403,0.031092231251831876
2025-07-10,190,0.5205479452054794,27.3700008392334,27.817412268436374,0.02996300718516773,0.03114912209846548
2025-07-10,225,0.6164383561643836,27.3700008392334,27.92076531725236,0.03218228601888177,0.032319752138266905
2025-07-11,21,0.057534246575342465,27.290000915527344,27.343047505794935,0.20803679405704406,0.03375248410252861
2025-07-11,28,0.07671232876712329,27.290000915527344,27.349732940610245,0.18324179898713394,0.028501234099025642
2025-07-11,35,0.0958904109589041,27.290000915527344,27.346935086042887,0.03855746036042123,0.021734098663129062
2025-07-11,42,0.11506849315068493,27.290000915527344,27.432516735298634,-0.4486831527142091,0.04526594140060015
2025-07-11,49,0.13424657534246576,27.290000915527344,27.49953174804702,-0.15234071941368055,0.056974331717341425
2025-07-11,133,0.3643835616438356,27.290000915527344,27.572457127785057,0.02214184014583197,0.028258618450816998
2025-07-11,189,0.5178082191780822,27.290000915527344,27.692631421347663,0.020222462377649394,0.02828459519343545
2025-07-11,224,0.6136986301369863,27.290000915527344,27.71828855519976,0.02000555088343976,0.02537412167754588
2025-07-14,25,0.0684931506849315,26.5,26.589473500066017,0.26897753623048215,0.049211802326887565
2025-07-14,32,0.08767123287671233,26.5,26.567620656882507,0.020386491776306328,0.0290685176936681
2025-07-14,39,0.10684931506849316,26.5,26.69877448213298,0.06809969993767824,0.06993897724322566
2025-07-14,46,0.12602739726027398,26.5,26.670448691586717,0.1305749412066413,0.05087329446714959
2025-07-14,130,0.3561643835616438,26.5,26.76304160916829,-0.02744076302246937,0.027732021475470506
2025-07-14,186,0.5095890410958904,26.5,26.915618197535597,0.05989244638515019,0.030538308352962167
2025-07-14,221,0.6054794520547945,26.5,26.973203666296055,0.037786350920661106,0.02923168298592825
2025-07-15,24,0.06575342465753424,27.290000915527344,27.343950364348206,1.0635012678808407,0.030035589529221605
2025-07-15,31,0.08493150684931507,27.290000915527344,27.366896925875906,0.10913532952568203,0.03312991194356062
2025-07-15,38,0.10410958904109589,27.290000915527344,27.369424771621897,0.5471106165433531,0.027914218495145186
2025-07-15,45,0.1232876712328767,27.290000915527344,27.23916530342034,-0.07657394652183427,-0.015123408122582836
2025-07-15,129,0.35342465753424657,27.290000915527344,27.575584986910766,0.02197960276985773,0.02945581418314787
2025-07-15,185,0.5068493150684932,27.290000915527344,27.723540035058313,0.04273764384221062,0.03109702296794425
2025-07-15,220,0.6027397260273972,27.290000915527344,27.91292130617522,0.0788747808809838,0.037444591134015555
2025-07-16,23,0.06301369863013699,27.030000686645508,27.02518305899774,-0.3622431232922676,-0.0028287261666358186
2025-07-16,30,0.0821917808219178,27.030000686645508,27.103748231439553,0.048764699139689935,0.03314983233229121
2025-07-16,37,0.10136986301369863,27.030000686645508,27.083558920435635,0.038276390197235416,0.019527265073511057
2025-07-16,44,0.12054794520547946,27.030000686645508,27.086003337020387,0.09734896553438496,0.017169324115218064
2025-07-16,128,0.3506849315068493,27.030000686645508,27.31157907516465,0.02985965763076397,0.02955179305706595
2025-07-16,184,0.5041095890410959,27.030000686645508,27.43249399082043,0.04768132598452963,0.02932068236624189
2025-07-16,219,0.6,27.030000686645508,27.481513379354162,0.052197871030031456,0.02761025362532393
2025-07-17,22,0.06027397260273973,27.31999969482422,27.416910129090464,0.45443841231111,0.05874770388066529
2025-07-17,29,0.07945205479452055,27.31999969482422,27.39472443409989,0.03300758762886576,0.034378373592200924
2025-07-17,36,0.09863013698630137,27.31999969482422,27.47870849083178,0.26480276826266835,0.05872895186292259
2025-07-17,43,0.1178082191780822,27.31999969482422,27.470354332652185,0.08631972286584433,0.04658737247153559
2025-07-17,64,0.17534246575342466,27.31999969482422,27.515802750409563,0.06452352040401328,0.0407286479839515
2025-07-17,127,0.34794520547945207,27.31999969482422,27.63179924382007,0.012000014379026005,0.03261499890214132
2025-07-17,183,0.5013698630136987,27.31999969482422,27.730943140003465,0.02448769176515214,0.029778110250516413
2025-07-17,218,0.5972602739726027,27.31999969482422,27.847472922592647,0.01803584276545397,0.03201820159792426
2025-07-18,21,0.057534246575342465,27.329999923706055,27.36315498513055,-0.29395503103985565,0.021072714322515833
2025-07-18,28,0.07671232876712329,27.329999923706055,27.37760202840974,-0.01085885685960948,0.022685241932589254
2025-07-18,35,0.0958904109589041,27.329999923706055,27.46362086351705,0.5575407837661105,0.05086279232647338
2025-07-18,42,0.11506849315068493,27.329999923706055,27.484267384969705,0.950350686387034,0.04891650676185992
2025-07-18,63,0.1726027397260274,27.329999923706055,27.415837624594428,-0.26655728467853834,0.01816810532753961
2025-07-18,126,0.3452054794520548,27.329999923706055,27.554304888323266,0.06363053760249651,0.023678023726667285
2025-07-18,182,0.4986301369863014,27.329999923706055,27.63058212490334,-0.10352487980188006,0.021936520348478636
2025-07-18,217,0.5945205479452055,27.329999923706055,27.81031349449884,0.02217209204461224,0.029304191116275316
2025-07-21,25,0.0684931506849315,27.5,27.519194624292723,0.17997434242153187,0.010187045737655097
2025-07-21,32,0.08767123287671233,27.5,27.67790757202571,1.0580492067222693,0.073553542157873
2025-07-21,39,0.10684931506849316,27.5,27.75290365929184,0.4215610640786613,0.08567641646484649
2025-07-21,60,0.1643835616438356,27.5,27.641408061040963,-0.17876142827333388,0.031201026138139524
2025-07-21,123,0.336986301369863,27.5,27.764171040962445,0.054369070653852734,0.028370213499015577
2025-07-21,179,0.4904109589041096,27.5,27.87715074365268,0.0287246706147278,0.02777543732859344
2025-07-21,214,0.5863013698630137,27.5,27.943482274987616,0.03539051709068832,0.027286266499140427
2025-07-22,24,0.06575342465753424,26.31999969482422,26.323004293245372,0.057503837114243,0.0017360306559127594
2025-07-22,31,0.08493150684931507,26.31999969482422,26.258333106090717,-0.5747947349545226,-0.027618779275154666
2025-07-22,38,0.10410958904109589,26.31999969482422,26.333194805609374,0.2642142239722991,0.004814238351338116
2025-07-22,59,0.16164383561643836,26.31999969482422,26.408923501902123,-0.011772179038639445,0.020866057773293638
2025-07-22,122,0.33424657534246577,26.31999969482422,26.5130192683419,0.1217603537839101,0.02186053999928484
2025-07-22,178,0.4876712328767123,26.31999969482422,26.67467674072558,0.07078005757272142,0.027447966814357617
2025-07-22,213,0.5835616438356165,26.31999969482422,26.754564641951223,0.009717642981006105,0.028062167751817257
2025-07-23,23,0.06301369863013699,25.780000686645508,25.878115860781964,0.06496287671567072,0.060282764109201165
2025-07-23,30,0.0821917808219178,25.780000686645508,25.879091574883088,0.18079486396231234,0.0466755118117493
2025-07-23,37,0.10136986301369863,25.780000686645508,26.0250001362058,-0.4813083367371608,0.09330776729521256
2025-07-23,58,0.1589041095890411,25.780000686645508,25.963649315588366,0.007121087062256498,0.044671169229854
2025-07-23,121,0.3315068493150685,25.780000686645508,26.06195465080732,-0.06922623061552115,0.03281244579848602
2025-07-23,177,0.4849315068493151,25.780000686645508,26.169272357349502,0.020973053770570647,0.030905163596417515
2025-07-23,212,0.5808219178082191,25.780000686645508,26.26798167972972,0.03363289914015988,0.03228484699161035
2025-07-24,22,0.06027397260273973,25.6200008392334,25.67741782216701,0.12863671617469058,0.03714028373345702
2025-07-24,29,0.07945205479452055,25.6200008392334,25.740938759869554,0.5301931474685181,0.05927276704128743
2025-07-24,36,0.09863013698630137,25.6200008392334,25.743852060337765,0.5636024937186127,0.04889493806570644
2025-07-24,43,0.1178082191780822,25.6200008392334,25.79059278139582,0.5379889348141307,0.05633287203419305
2025-07-24,57,0.15616438356164383,25.6200008392334,25.78749999648757,5.452556343895012e-08,0.04172877891225576
2025-07-24,120,0.3287671232876712,25.6200008392334,25.87848780434683,0.06385257706519169,0.03053440242607662
2025-07-24,176,0.4821917808219178,25.6200008392334,26.009090944400498,0.03736806718293987,0.03125893055256422
2025-07-24,211,0.5780821917808219,25.6200008392334,26.088814762403565,0.031693643414586435,0.031368100144150514
2025-07-25,21,0.057534246575342465,25.600000381469727,25.597195186045415,0.261518966690897,-0.0019046733946081705
2025-07-25,28,0.07671232876712329,25.600000381469727,25.596058795153365,-0.03719186735598712,-0.002007240165764829
2025-07-25,35,0.0958904109589041,25.600000381469727,25.66168812779871,0.6215257485672137,0.025099266064211707
2025-07-25,42,0.11506849315068493,25.600000381469727,25.84897150859041,0.3897497026422128,0.08411031212376559
2025-07-25,56,0.15342465753424658,25.600000381469727,25.729148019292545,0.02916275759659401,0.032798815339585924
2025-07-25,119,0.32602739726027397,25.600000381469727,25.824859774479517,0.040246273656389504,0.02682357017093641
2025-07-25,175,0.4794520547945205,25.600000381469727,25.93657021470375,0.04074413868318909,0.02724273196276295
2025-07-25,210,0.5753424657534246,25.600000381469727,26.024360768280246,0.039765504735642165,0.02857547734341339
2025-07-28,25,0.0684931506849315,26.8799991607666,26.94714027718145,-0.2558222939650685,0.03642254885844736
2025-07-28,32,0.08767123287671233,26.8799991607666,27.05707067538709,0.2776041912918031,0.07489206313029366
2025-07-28,39,0.10684931506849316,26.8799991607666,27.004927481639843,-0.4614744826867743,0.04339629352708583
2025-07-28,53,0.14520547945205478,26.8799991607666,27.103979410369913,-0.004507875967220049,0.05714711603431973
2025-07-28,116,0.3178082191780822,26.8799991607666,27.1643655828361,0.026709008938375398,0.03311286634659052
2025-07-28,172,0.4712328767123288,26.8799991607666,27.34845310483164,0.01966958156306248,0.03666442739988315
2025-07-28,207,0.5671232876712329,26.8799991607666,27.424102808301495,0.05273468891037089,0.03533589125090679
2025-07-29,24,0.06575342465753424,27.030000686645508,27.137503077000428,-0.04838162182476138,0.06036587324818511
2025-07-29,31,0.08493150684931507,27.030000686645508,27.10138389946219,0.26617387590822017,0.03105334391233275
2025-07-29,38,0.10410958904109589,27.030000686645508,27.323398841563762,-0.047438183404245965,0.10369889960824527
2025-07-29,52,0.14246575342465753,27.030000686645508,27.211551801645676,0.014638651331208478,0.04698810682976391
2025-07-29,115,0.3150684931506849,27.030000686645508,27.304565688712213,-0.06181446163678531,0.032077291384797986
2025-07-29,171,0.4684931506849315,27.030000686645508,27.445195918671587,0.03045504128723691,0.03253783935828483
2025-07-29,206,0.5643835616438356,27.030000686645508,27.514350698716182,0.040321915261618074,0.03146853959746004
2025-07-30,23,0.06301369863013699,27.610000610351562,27.583289315813307,0.41495249951353735,-0.015360441980443578
2025-07-30,30,0.0821917808219178,27.610000610351562,27.723974685672953,0.10452008831739189,0.050120618903527876
2025-07-30,37,0.10136986301369863,27.610000610351562,27.709227649701933,-0.05670443581089234,0.035389589288387695
2025-07-30,51,0.13972602739726028,27.610000610351562,27.76949142259854,0.12028630916727291,0.04122309419161532
2025-07-30,114,0.31232876712328766,27.610000610351562,27.89449948847708,0.03160148240963778,0.03282269028900337
2025-07-30,170,0.4657534246575342,27.610000610351562,28.046279537495742,0.03478667670518289,0.03366145579183304
2025-07-30,205,0.5616438356164384,27.610000610351562,28.11839328027028,0.02615677091889246,0.0324865655674615
2025-07-31,22,0.06027397260273973,24.979999542236328,25.143818821932907,0.2501476072408125,0.10844826044305333
2025-07-31,29,0.07945205479452055,24.979999542236328,25.11982885497001,0.9632725044839427,0.07025673685435865
2025-07-31,36,0.09863013698630137,24.979999542236328,25.22491637012245,0.4101178181843952,0.09892275123188282
2025-07-31,43,0.1178082191780822,24.979999542236328,25.038983952012337,1.139911298310495,0.020019673131017574
2025-07-31,50,0.136986301369863,24.979999542236328,25.288921095827064,0.0997500002921429,0.08972365835733952
2025-07-31,113,0.3095890410958904,24.979999542236328,25.275624432436466,-0.1161313854608224,0.03800193871218583
2025-07-31,169,0.46301369863013697,24.979999542236328,25.594539851036075,0.26865215273059023,0.052489927117429724
2025-07-31,204,0.5589041095890411,24.979999542236328,25.562324269643682,0.08673707171827462,0.041230816654656485
2025-08-01,21,0.057534246575342465,24.079999923706055,23.99260488001452,0.954368197813441,-0.06319652419115691
2025-08-01,28,0.07671232876712329,24.079999923706055,23.93952030554937,1.1653381002303735,-0.07627137383788915
2025-08-01,35,0.0958904109589041,24.079999923706055,24.134655906842642,0.10292949046573173,0.02364360207374083
2025-08-01,42,0.11506849315068493,24.079999923706055,24.493936129276477,0.543342088529967,0.14812016956026855
2025-08-01,49,0.13424657534246576,24.079999923706055,24.194944632822143,0.1355741876116524,0.0354727454725195
2025-08-01,112,0.30684931506849317,24.079999923706055,24.217913254279743,0.10947943325834093,0.018611608054342203
2025-08-01,168,0.4602739726027397,24.079999923706055,24.38043468852575,0.03126110242394413,0.02693903431000619
2025-08-01,203,0.5561643835616439,24.079999923706055,24.45528477193129,0.020992318283288364,0.027806026133204008
2025-08-04,25,0.0684931506849315,25.0,25.033821707819254,1.2718834804676142,0.019738528560035933
2025-08-04,32,0.08767123287671233,25.0,25.21598188353824,1.3925588036398437,0.09811850562262912
2025-08-04,39,0.10684931506849316,25.0,25.267216523361856,0.6403585267348031,0.09950406333199584
2025-08-04,46,0.12602739726027398,25.0,25.16553749864081,0.1994381592623603,0.052366979338479794
2025-08-04,109,0.29863013698630136,25.0,25.295081994836046,0.06643090747065772,0.03929330285313691
2025-08-04,165,0.4520547945205479,25.0,25.35231314292304,-0.007886426053740785,0.030956754396347298
2025-08-04,200,0.547945205479452,25.0,25.427426689362363,-0.004881783178286163,0.030938417476141962
2025-08-05,24,0.06575342465753424,24.520000457763672,24.5616979394468,0.2563443256738351,0.025840562729880105
2025-08-05,31,0.08493150684931507,24.520000457763672,24.624243462445015,1.151630208425755,0.049950067640720866
2025-08-05,38,0.10410958904109589,24.520000457763672,24.72581204363574,0.35287856282800195,0.08028645899071628
2025-08-05,45,0.1232876712328767,24.520000457763672,24.647675719005903,0.009661597178124232,0.04212485267859768
2025-08-05,108,0.2958904109589041,24.520000457763672,24.736415426388096,0.02929596945067155,0.02969794425896485
2025-08-05,164,0.44931506849315067,24.520000457763672,24.82506765333601,0.021966845836165295,0.027519231531446187
2025-08-05,199,0.5452054794520548,24.520000457763672,24.90139553981432,0.035273686325963186,0.028309909787300493
2025-08-06,23,0.06301369863013699,23.989999771118164,23.984075954265066,0.033868085179756605,-0.0039191332794840635
2025-08-06,30,0.0821917808219178,23.989999771118164,23.972648340264783,0.773636731954992,-0.008803062087078596
2025-08-06,37,0.10136986301369863,23.989999771118164,24.056726696958226,0.7325825918245668,0.02740051520046473
2025-08-06,44,0.12054794520547946,23.989999771118164,24.08496958899122,-0.0029622012024888024,0.03277459528903282
2025-08-06,107,0.29315068493150687,23.989999771118164,24.18237501708007,0.03120885187031006,0.02724535824059304
2025-08-06,163,0.4465753424657534,23.989999771118164,24.26811592913404,0.03222018669457943,0.025810470706061836
2025-08-06,198,0.5424657534246575,23.989999771118164,24.333944775674695,0.05005116247501166,0.02624167983192341
2025-08-07,22,0.06027397260273973,25.0,25.228954110170097,1.4336892030017387,0.1512507358885814
2025-08-07,29,0.07945205479452055,25.0,25.19395533839946,0.2593220570588564,0.09726964736805266
2025-08-07,36,0.09863013698630137,25.0,25.360690367857334,0.21851371170865042,0.14523478802012582
2025-08-07,43,0.1178082191780822,25.0,25.21949931353148,-0.04685961262910765,0.07420240096990915
2025-08-07,50,0.136986301369863,25.0,25.4234009698192,-0.5984169368605113,0.12259782823672036
2025-08-07,106,0.29041095890410956,25.0,25.325539118766738,0.05141800943469126,0.04454898360366516
2025-08-07,162,0.4438356164383562,25.0,25.387214612317557,0.050861819928451284,0.0346296244334962
2025-08-07,197,0.5397260273972603,25.0,25.502772865737406,0.06395400092507872,0.036891608346722365
2025-08-08,21,0.057534246575342465,25.709999084472656,25.72384339285132,0.35688108722703693,0.00935676818601146
2025-08-08,28,0.07671232876712329,25.709999084472656,25.618922825852316,0.42475556298476264,-0.04626028708045906
2025-08-08,35,0.0958904109589041,25.709999084472656,25.807596067970685,-0.2262774632730078,0.039512649152378336
2025-08-08,42,0.11506849315068493,25.709999084472656,25.82042412729212,0.02849742430413008,0.037245868151848355
2025-08-08,49,0.13424657534246576,25.709999084472656,25.842755311363714,0.08938965851505934,0.038364608150616125
2025-08-08,105,0.2876712328767123,25.709999084472656,25.933978154922,0.03201214504125651,0.03015254962422565
2025-08-08,161,0.4410958904109589,25.709999084472656,26.031645507733028,0.028517211379960373,0.028186495109868672
2025-08-08,196,0.536986301369863,25.709999084472656,26.11652528407974,0.03129876822554272,0.029215421158356902
2025-08-11,25,0.0684931506849315,25.610000610351562,25.59496855860265,0.04648084720103766,-0.008572135298613393
2025-08-11,32,0.08767123287671233,25.610000610351562,25.78238396011434,0.5256147603557683,0.07651931210558181
2025-08-11,39,0.10684931506849316,25.610000610351562,25.72364355800544,-0.004455589436996736,0.041438054435008274
2025-08-11,46,0.12602739726027398,25.610000610351562,25.720324994022327,0.1695629800723905,0.03410854455071445
2025-08-11,102,0.27945205479452057,25.610000610351562,25.8271419731228,0.023507072078984573,0.030212801163698344
2025-08-11,158,0.4328767123287671,25.610000610351562,25.936430170890045,0.06130986130708797,0.029259200857962374
2025-08-11,193,0.5287671232876713,25.610000610351562,25.96085400516401,-0.00674248459178234,0.02573318879847569
2025-08-12,24,0.06575342465753424,28.0,28.08697843986972,0.4789615298940201,0.047169528598340234
2025-08-12,31,0.08493150684931507,28.0,28.19085669033966,0.3669655749371609,0.07998426741343852
2025-08-12,38,0.10410958904109589,28.0,28.12638231512055,-0.021587792161347385,0.04325728460896192
2025-08-12,45,0.1232876712328767,28.0,28.103555121988073,-0.12194886380488999,0.02994277466460398
2025-08-12,101,0.27671232876712326,28.0,28.267496504524452,0.03388781748915206,0.03436095904135672
2025-08-12,157,0.4301369863013699,28.0,28.356894062493616,0.008734647949677106,0.02944565951492183
2025-08-12,192,0.5260273972602739,28.0,28.478632340412737,0.04813017689578529,0.03222180735946051
2025-08-13,23,0.06301369863013699,29.270000457763672,29.35595834940844,0.1467497329097067,0.046536222952152234
2025-08-13,30,0.0821917808219178,29.270000457763672,29.258664908219295,-0.3885496050736586,-0.00471276266601809
2025-08-13,37,0.10136986301369863,29.270000457763672,29.345201375568998,0.005756354564013142,0.025312453960185676
2025-08-13,44,0.12054794520547946,29.270000457763672,29.274461881966044,-0.24485603471843312,0.0012643225429460807
2025-08-13,100,0.273972602739726,29.270000457763672,29.52148796986787,0.06939739771364951,0.031226799747833267
2025-08-13,156,0.4273972602739726,29.270000457763672,29.60580449493475,0.03338356153634975,0.02669021218514659
2025-08-13,191,0.5232876712328767,29.270000457763672,29.703672659606852,0.017598056576073648,0.028106109128066933
2025-08-14,22,0.06027397260273973,29.420000076293945,29.41264762732822,0.13294096927337815,-0.004146806842197293
2025-08-14,29,0.07945205479452055,29.420000076293945,29.483379114417748,-0.0031463981206185454,0.0270851012466259
2025-08-14,36,0.09863013698630137,29.420000076293945,29.50062646859784,0.023563915796163456,0.027747924326262493
2025-08-14,43,0.1178082191780822,29.420000076293945,29.4139067593012,-0.22068176394043684,-0.0017582494477082107
2025-08-14,64,0.17534246575342466,29.420000076293945,29.540263653528125,0.037464819768818027,0.023265810623449158
2025-08-14,99,0.27123287671232876,29.420000076293945,29.59638916670344,0.10235775240660176,0.02203880511628049
2025-08-14,155,0.4246575342465753,29.420000076293945,29.70698896773104,0.008425278065296075,0.02285987732448828
2025-08-14,190,0.5205479452054794,29.420000076293945,29.851583879456413,0.02590209301022536,0.027976639014345966
2025-08-15,21,0.057534246575342465,27.3700008392334,27.384579061159084,0.06684071666978392,0.009255239928328243
2025-08-15,28,0.07671232876712329,27.3700008392334,27.48446351849508,0.17990129480822004,0.054402315885289466
2025-08-15,35,0.0958904109589041,27.3700008392334,27.428120894033295,0.0006208105847014992,0.022121538148256667
2025-08-15,42,0.11506849315068493,27.3700008392334,27.445070143373833,0.10116630532426395,0.023803249596594547
2025-08-15,63,0.1726027397260274,27.3700008392334,27.438375853259128,0.03528285471551341,0.014455496903590949
2025-08-15,98,0.2684931506849315,27.3700008392334,27.572631670318934,0.03899999312438236,0.02747228700128679
2025-08-15,154,0.42191780821917807,27.3700008392334,27.659090981733033,0.04270637619376764,0.024902736447262236
2025-08-15,189,0.5178082191780822,27.3700008392334,27.72909066677883,0.03479744198361064,0.025172472149418996
2025-08-18,25,0.0684931506849315,27.530000686645508,27.598358190875576,0.018261509387996627,0.036207138887273456
2025-08-18,32,0.08767123287671233,27.530000686645508,27.616902349922643,0.09996187279937098,0.035948452683571455
2025-08-18,39,0.10684931506849316,27.530000686645508,27.631019619109566,0.1256723392639375,0.03427908513673885
2025-08-18,60,0.1643835616438356,27.530000686645508,27.609035559076606,0.015953667353951786,0.017439398145744394
2025-08-18,95,0.2602739726027397,27.530000686645508,27.748349108108723,0.032612852695449765,0.03035264205570891
2025-08-18,151,0.4136986301369863,27.530000686645508,27.83789469876456,0.025311406342925658,0.026883983286174976
2025-08-18,186,0.5095890410958904,27.530000686645508,27.91746990844392,0.023501687773766135,0.02742663055827783
2025-08-19,24,0.06575342465753424,26.239999771118164,26.365202964130752,-0.1375926718169042,0.07239342841219669
2025-08-19,31,0.08493150684931507,26.239999771118164,26.341653205190735,0.09230330627406416,0.04552495522626998
2025-08-19,38,0.10410958904109589,26.239999771118164,26.340685447844848,0.0728801512338882,0.03678588817255815
2025-08-19,59,0.16164383561643836,26.239999771118164,26.389053741680442,-0.01691609213327494,0.03504208989633824
2025-08-19,94,0.25753424657534246,26.239999771118164,26.459692727366022,0.029697794827475973,0.032374686685843874
2025-08-19,150,0.410958904109589,26.239999771118164,26.555075556163516,0.08774365638017818,0.029044129883549884
2025-08-19,185,0.5068493150684932,26.239999771118164,26.63659999539567,-0.057292349222437665,0.02959706943930703
2025-08-20,23,0.06301369863013699,25.799999237060547,25.853222602313696,0.1114776294718004,0.03270394119930278
2025-08-20,30,0.0821917808219178,25.799999237060547,25.84649575978588,-0.00840605985971043,0.021906921119444353
2025-08-20,37,0.10136986301369863,25.799999237060547,25.737349526833505,0.36785713068151427,-0.023983819286908653
2025-08-20,58,0.1589041095890411,25.799999237060547,25.869165050032542,-0.014218295095936417,0.016848264612439937
2025-08-20,93,0.2547945205479452,25.799999237060547,25.974185490592344,0.060977482981839415,0.026408404256890828
2025-08-20,149,0.40821917808219177,25.799999237060547,26.06193615650617,0.02491472021436802,0.024745046848216535
2025-08-20,184,0.5041095890410959,25.799999237060547,26.143763476193996,0.02914186029123726,0.0262566108737733
2025-08-21,22,0.06027397260273973,25.350000381469727,25.448047604747504,0.09150184493833433,0.06404555499878034
2025-08-21,29,0.07945205479452055,25.350000381469727,25.438424768952505,0.04954275896217553,0.043826078747946993
2025-08-21,36,0.09863013698630137,25.350000381469727,25.406025643722757,0.06939879156091008,0.022382924122998395
2025-08-21,43,0.1178082191780822,25.350000381469727,25.431463652406595,-0.009492330540733281,0.02723399815079263
2025-08-21,57,0.15616438356164383,25.350000381469727,25.486200520138762,0.022910843861790008,0.03431259040044215
2025-08-21,92,0.25205479452054796,25.350000381469727,25.541882542143057,0.0007084070617068844,0.02991735339236902
2025-08-21,148,0.4054794520547945,25.350000381469727,25.633312970213627,0.03846620759607714,0.02740964628800732
2025-08-21,183,0.5013698630136987,25.350000381469727,25.680433913600112,0.0256900856257625,0.02583049260859172
2025-08-22,21,0.057534246575342465,27.450000762939453,27.52253354083422,0.13986464272392127,0.04586615866260354
2025-08-22,28,0.07671232876712329,27.450000762939453,27.51370759981987,-0.10976460850022908,0.030218648641150328
2025-08-22,35,0.0958904109589041,27.450000762939453,27.470168970699177,-0.16825285973628692,0.0076593209993042755
2025-08-22,42,0.11506849315068493,27.450000762939453,27.777979566309796,0.6138495749877219,0.10322034131370984
2025-08-22,56,0.15342465753424658,27.450000762939453,27.474173504798802,0.05102304632065532,0.005737163661123883
2025-08-22,91,0.2493150684931507,27.450000762939453,27.65171583733752,0.0456207729529112,0.02936680056207642
2025-08-22,147,0.40273972602739727,27.450000762939453,27.70513990194059,0.02450727919020462,0.02297204784978937
2025-08-22,182,0.4986301369863014,27.450000762939453,27.63550501837417,0.11231496883040935,0.013507334318992831
2025-08-25,25,0.0684931506849315,27.299999237060547,27.522690293215376,0.3489547067745583,0.11861174013989602
2025-08-25,32,0.08767123287671233,27.299999237060547,27.368096120522686,-0.30061743776258393,0.028416226087297446
2025-08-25,39,0.10684931506849316,27.299999237060547,28.060792397432227,1.2499561100139367,0.2572467536068099
2025-08-25,88,0.2410958904109589,27.299999237060547,27.351104199054333,-0.3944228492764018,0.0077571903617918055
2025-08-25,144,0.39452054794520547,27.299999237060547,27.354947772108872,-0.13728364135352905,0.005096677516446572
2025-08-25,179,0.4904109589041096,27.299999237060547,27.728048123921855,0.37892249832064634,0.03172399396095741
2025-08-26,24,0.06575342465753424,27.940000534057617,27.67549132821994,-0.9229979216869395,-0.144663811076192
2025-08-26,31,0.08493150684931507,27.940000534057617,27.846680744590362,-1.1060257897226782,-0.03939170650674992
2025-08-26,38,0.10410958904109589,27.940000534057617,27.900526229352135,-2.6882229502270536,-0.013580142230253979
2025-08-26,52,0.14246575342465753,27.940000534057617,27.39200775621392,0.29448427497986307,-0.13903755359895165
2025-08-26,87,0.23835616438356164,27.940000534057617,27.564728956192376,0.04569816259754831,-0.05673171441567426
2025-08-26,143,0.3917808219178082,27.940000534057617,27.50596494024527,0.02672738222155621,-0.039962356495630055
2025-08-26,178,0.4876712328767123,27.940000534057617,27.543795672095943,0.18589241291848593,-0.029286257232623205
2025-08-27,23,0.06301369863013699,28.18000030517578,28.048472142495854,-0.49248150047204114,-0.07424347387590914
2025-08-27,30,0.0821917808219178,28.18000030517578,28.079885181859538,-0.23162917339473413,-0.043301496576983525
2025-08-27,37,0.10136986301369863,28.18000030517578,27.97300109308326,0.7966370004186204,-0.07273087647690316
2025-08-27,51,0.13972602739726028,28.18000030517578,27.989627545348018,0.26178021342591057,-0.04851294130192587
2025-08-27,86,0.2356164383561644,28.18000030517578,28.054484374275404,0.4119479821664562,-0.01894616266928917
2025-08-27,142,0.38904109589041097,28.18000030517578,27.993911696714168,0.23536637772397678,-0.017030257834645547
2025-08-27,177,0.4849315068493151,28.18000030517578,28.34579449550695,0.23645159467887056,0.01209688270794039
2025-08-28,22,0.06027397260273973,28.530000686645508,28.33997403080965,-0.11960765222607792,-0.11087491144610127
2025-08-28,29,0.07945205479452055,28.530000686645508,28.271335544107103,-2.0003503797390376,-0.11463235627109868
2025-08-28,36,0.09863013698630137,28.530000686645508,28.391793558201204,-0.27547832381136794,-0.049234901716091094
2025-08-28,43,0.1178082191780822,28.530000686645508,28.197376950639416,0.5164932582774987,-0.0995451055255037
2025-08-28,50,0.136986301369863,28.530000686645508,28.582982810147683,0.4989940065963977,0.013544017098522192
2025-08-28,85,0.2328767123287671,28.530000686645508,28.50458313145731,0.1995919994946269,-0.0038273613024859647
2025-08-28,141,0.3863013698630137,28.530000686645508,28.457538980229952,-0.07741507194544431,-0.006583133027713617
2025-08-28,176,0.4821917808219178,28.530000686645508,28.1900826439302,-0.017210580712641612,-0.024857231028120565
2025-08-29,21,0.057534246575342465,26.040000915527344,26.09425792668755,-1.875840613849142,0.03617731943321477
2025-08-29,28,0.07671232876712329,26.040000915527344,26.340648609556766,-0.8523582008227789,0.14964306528284727
2025-08-29,35,0.0958904109589041,26.040000915527344,26.292582041332448,0.47081715762463416,0.10066695036455789
2025-08-29,42,0.11506849315068493,26.040000915527344,26.059403402602772,0.6537065251018727,0.006472890120994641
2025-08-29,49,0.13424657534246576,26.040000915527344,26.283464396842003,-0.4753406348284818,0.06932138692790488
2025-08-29,84,0.23013698630136986,26.040000915527344,26.72151036937583,-0.25026307227748845,0.11225931471187423
2025-08-29,140,0.3835616438356164,26.040000915527344,26.359918143935385,0.3534613698320567,0.0318351743802661
2025-08-29,175,0.4794520547945205,26.040000915527344,26.930677165280617,-0.23736871400313928,0.07014715873985916
2025-09-02,24,0.06575342465753424,25.25,25.329164125347685,-0.15974030385336613,0.0476067728781595
2025-09-02,31,0.08493150684931507,25.25,25.622166244302434,0.08863925178024278,0.17227635039995437
2025-09-02,38,0.10410958904109589,25.25,25.254273482726408,1.0120154681601894,0.0016255228896565718
2025-09-02,45,0.1232876712328767,25.25,25.729552066675538,2.0289266806371016,0.15260294271234096
2025-09-02,80,0.2191780821917808,25.25,25.603772381673362,0.37305479053118745,0.06348054252463343
2025-09-02,136,0.3726027397260274,25.25,25.776776779385507,0.3068391894250319,0.055415067628718596
2025-09-02,171,0.4684931506849315,25.25,25.749518471410713,-0.22687342201557278,0.041814423637777494
2025-09-03,23,0.06301369863013699,24.90999984741211,25.024039510148246,0.026092748221920658,0.07248614511803034
2025-09-03,30,0.0821917808219178,24.90999984741211,25.041379606303735,-0.5612921358320476,0.0640005315790826
2025-09-03,37,0.10136986301369863,24.90999984741211,24.90833038556241,0.058812623153058345,-0.0006611628881768081
2025-09-03,44,0.12054794520547946,24.90999984741211,24.997771950486158,0.32322081668833147,0.02917823079879545
2025-09-03,79,0.21643835616438356,24.90999984741211,25.075746041772586,0.317586239279703,0.03064042246518134
2025-09-03,135,0.3698630136986301,24.90999984741211,24.877461651074096,0.5495370751251358,-0.003533968265428519
2025-09-03,170,0.4657534246575342,24.90999984741211,25.476847212585785,0.21135654622917802,0.04831046416093532
2025-09-04,22,0.06027397260273973,25.649999618530273,25.470525015493486,-1.1899411684136425,-0.1164956376518355
2025-09-04,29,0.07945205479452055,25.649999618530273,25.25843663239995,-0.5656143844118254,-0.1936178090629378
2025-09-04,36,0.09863013698630137,25.649999618530273,25.753753247687854,0.6160646533502138,0.040928838371739065
2025-09-04,43,0.1178082191780822,25.649999618530273,25.45981859370363,-0.7222326136915423,-0.06317121879797986
2025-09-04,50,0.136986301369863,25.649999618530273,26.03908654085744,1.249953606505809,0.10990282060127193
2025-09-04,78,0.2136986301369863,25.649999618530273,25.230424442241645,0.34109128213462603,-0.07717864781733265
2025-09-04,134,0.36712328767123287,25.649999618530273,25.7909017325426,0.4747246745058475,0.014922036131091079
2025-09-04,169,0.46301369863013697,25.649999618530273,25.767863359815912,-0.01715836525575451,0.009901548432733437
2025-09-05,21,0.057534246575342465,26.450000762939453,26.371130404908182,-0.10651502983980761,-0.05190509652777519
2025-09-05,28,0.07671232876712329,26.450000762939453,26.351787164500507,-0.13065873789205157,-0.048494035333678985
2025-09-05,35,0.0958904109589041,26.450000762939453,26.24398407389536,-0.3980980218440443,-0.08154519764505168
2025-09-05,42,0.11506849315068493,26.450000762939453,26.456919994011436,-0.2573826928001602,0.002273101982500148
2025-09-05,49,0.13424657534246576,26.450000762939453,26.50907672539712,-0.2989977102794037,0.0166187117341434
2025-09-05,77,0.21095890410958903,26.450000762939453,26.248521763558657,0.01611022604925837,-0.03624645993690159
2025-09-05,133,0.3643835616438356,26.450000762939453,26.55128218063909,0.06948092753815577,0.010488542380509357
2025-09-05,168,0.4602739726027397,26.450000762939453,26.541201363280415,0.030605302521757506,0.007478386945027233
2025-09-08,25,0.0684931506849315,27.079999923706055,26.935626549679196,0.2045376261026641,-0.07804616618780086
2025-09-08,32,0.08767123287671233,27.079999923706055,27.02291896298508,0.07336972046279176,-0.024068200503691024
2025-09-08,39,0.10684931506849316,27.079999923706055,27.02954839419785,0.12167446049790522,-0.017452546640920524
2025-09-08,46,0.12602739726027398,27.079999923706055,27.066625618987594,0.06514545055700854,-0.003919808541269864
2025-09-08,74,0.20273972602739726,27.079999923706055,27.118170396563787,0.08081010612839032,0.006947589127100241
2025-09-08,130,0.3561643835616438,27.079999923706055,26.89237817738644,0.478014736495549,-0.01952058717419309
2025-09-08,165,0.4520547945205479,27.079999923706055,27.329197743470267,-0.16914950861266698,0.020263472404191466
2025-09-09,24,0.06575342465753424,27.18000030517578,26.85554934814911,-0.36614815547612073,-0.18263597342348484
2025-09-09,31,0.08493150684931507,27.18000030517578,27.00138270545736,1.2572848660940685,-0.07763130773529146
2025-09-09,38,0.10410958904109589,27.18000030517578,27.0262078064214,-0.42060503185453085,-0.05450377133464153
2025-09-09,45,0.1232876712328767,27.18000030517578,27.13450090121303,-0.1823435699023401,-0.01358940243068708
2025-09-09,73,0.2,27.18000030517578,26.690494090565245,0.23396084679434206,-0.09086972253921848
2025-09-09,129,0.35342465753424657,27.18000030517578,27.00215512415887,-0.2818983275722,-0.018574645483229738
2025-09-09,164,0.44931506849315067,27.18000030517578,27.1370528396748,0.041451378606352,-0.0035194957238483477
2025-09-10,30,0.0821917808219178,28.600000381469727,28.389838600885817,0.8944922689834521,-0.08973459013323064
2025-09-10,37,0.10136986301369863,28.600000381469727,28.584142794426278,0.19450421717316102,-0.0054712005317675986
2025-09-10,44,0.12054794520547946,28.600000381469727,28.63468349380985,0.21922064994554583,0.010053771512271553
2025-09-10,72,0.19726027397260273,28.600000381469727,28.389366423668015,0.7723133724172833,-0.03747372779636903
2025-09-10,128,0.3506849315068493,28.600000381469727,28.163440388889196,0.1831305003235157,-0.04386283257047618
2025-09-10,163,0.4465753424657534,28.600000381469727,28.62411341377682,0.2830742387206333,0.0018871570062675637
2025-09-11,22,0.06027397260273973,29.170000076293945,29.004968311372778,0.31577900612441473,-0.0941310130328509
2025-09-11,29,0.07945205479452055,29.170000076293945,29.02412599205398,0.31517506525097716,-0.06309933234224187
2025-09-11,36,0.09863013698630137,29.170000076293945,29.097563678795012,0.21087008322761885,-0.02520870675779578
2025-09-11,43,0.1178082191780822,29.170000076293945,29.133416587663152,0.14578807094198162,-0.010652353583423804
2025-09-11,50,0.136986301369863,29.170000076293945,29.205120146958954,0.4456020941569994,0.008783760814757163
2025-09-11,71,0.19452054794520549,29.170000076293945,29.15436385558818,0.2241595823579512,-0.0027564257761967265
2025-09-11,127,0.34794520547945207,29.170000076293945,28.84280711391516,0.030094680720968287,-0.03241931370341439
2025-09-11,162,0.4438356164383562,29.170000076293945,29.482315233490198,0.5670380304094952,0.02399495012019116
2025-09-12,21,0.057534246575342465,29.299999237060547,29.278726004884128,0.9849477240105771,-0.012624004710741639
2025-09-12,28,0.07671232876712329,29.299999237060547,28.98318657226453,0.26857426663932793,-0.1417190910006083
2025-09-12,35,0.0958904109589041,29.299999237060547,29.0798238009903,-0.09515966219295081,-0.07866163441022737
2025-09-12,42,0.11506849315068493,29.299999237060547,29.086243104819722,-0.5665779551751083,-0.06363317120473923
2025-09-12,49,0.13424657534246576,29.299999237060547,29.466377299046222,-0.06055005272531716,0.04217888434456041
2025-09-12,70,0.1917808219178082,29.299999237060547,29.10253779003675,0.10179672632741982,-0.03525957528995302
2025-09-12,126,0.3452054794520548,29.299999237060547,29.072893013172315,0.25864792841346357,-0.022540955955840925
2025-09-12,161,0.4410958904109589,29.299999237060547,28.646586362485863,-0.08346016279644572,-0.0511299335677514
2025-09-15,25,0.0684931506849315,30.0,29.525305083142623,1.7007617674108197,-0.23286542417731743
2025-09-15,32,0.08767123287671233,30.0,29.75114397188829,-0.4263203104249068,-0.09501175356961873
2025-09-15,39,0.10684931506849316,30.0,29.93445142641918,2.64651578214663,-0.02047128652729439
2025-09-15,46,0.12602739726027398,30.0,29.691034640304135,0.9340110592764177,-0.0821428166531315
2025-09-15,67,0.18356164383561643,30.0,29.95567887521503,0.05337644070966266,-0.00805431452667591
2025-09-15,123,0.336986301369863,30.0,29.675113722280766,-0.1973070661294929,-0.03231172564188695
2025-09-15,158,0.4328767123287671,30.0,28.96761405251335,0.04176512644235261,-0.080898166904616
2025-09-16,24,0.06575342465753424,30.479999542236328,30.49446893696501,0.585853057127244,0.007217951637284123
2025-09-16,31,0.08493150684931507,30.479999542236328,30.43914643738972,-0.40815149331161776,-0.01579183121787134
2025-09-16,38,0.10410958904109589,30.479999542236328,30.504453231698992,0.26780606297642584,0.007703082486605387
2025-09-16,45,0.1232876712328767,30.479999542236328,30.55038721070681,0.019808817074064504,0.01870944895909013
2025-09-16,66,0.18082191780821918,30.479999542236328,30.610806020960016,0.04036743673923105,0.023682796928787442
2025-09-16,122,0.33424657534246577,30.479999542236328,30.131437998747728,0.5909633739814142,-0.03441063624353397
2025-09-16,157,0.4301369863013699,30.479999542236328,29.97071122034518,0.05236593633445916,-0.03917380791159591
2025-09-17,23,0.06301369863013699,30.469999313354492,30.57929630426184,-0.5271566473559895,0.056822853101255365
2025-09-17,30,0.0821917808219178,30.469999313354492,30.511154312410106,-0.37143890066365504,0.016422097694948342
2025-09-17,37,0.10136986301369863,30.469999313354492,30.39955534679233,-0.5989675864921677,-0.022833106790523527
2025-09-17,44,0.12054794520547946,30.469999313354492,30.143146712118128,0.37947777521755177,-0.08946630742091569
2025-09-17,65,0.1780821917808219,30.469999313354492,30.264201438371913,-0.09917484429503574,-0.03805561379768271
2025-09-17,121,0.3315068493150685,30.469999313354492,30.385177449064606,0.41693773631317455,-0.008409071716332078
2025-09-17,156,0.4273972602739726,30.469999313354492,29.672223194095025,0.13160999977716686,-0.062076224452852005
2025-09-18,22,0.06027397260273973,33.63999938964844,33.26808531265118,-0.27242918526458504,-0.18444575779782788
2025-09-18,29,0.07945205479452055,33.63999938964844,33.51133756412264,0.01555723687345808,-0.048230352836104946
2025-09-18,36,0.09863013698630137,33.63999938964844,33.31857798071597,-0.7436955407261064,-0.09734020975871328
2025-09-18,43,0.1178082191780822,33.63999938964844,33.18027038043505,1.9355393780237418,-0.11680325388199428
2025-09-18,64,0.17534246575342466,33.63999938964844,33.37326444718635,-0.25367925988830375,-0.0454008852964539
2025-09-18,120,0.3287671232876712,33.63999938964844,33.65573026439667,-0.0343696109352541,0.0014220242050031113
2025-09-18,155,0.4246575342465753,33.63999938964844,32.93832172995728,0.2504870612855823,-0.0496377459781637
2025-09-18,239,0.6547945205479452,33.63999938964844,33.40073517771845,0.14963536238898642,-0.010900986015892972
2025-09-19,21,0.057534246575342465,33.02000045776367,32.78887421670214,1.71996137685025,-0.12208720258088247
2025-09-19,28,0.07671232876712329,33.02000045776367,33.540906026375275,2.5604810959229143,0.20403913210956845
2025-09-19,35,0.0958904109589041,33.02000045776367,33.30449351761036,1.4175644355764083,0.08946542110453522
2025-09-19,42,0.11506849315068493,33.02000045776367,32.99093466411352,-0.20342052368523375,-0.007653144241389739
2025-09-19,63,0.1726027397260274,33.02000045776367,33.42370149698857,1.477379229974814,0.07040341097621966
2025-09-19,119,0.32602739726027397,33.02000045776367,33.449576605168424,0.3160727225855122,0.03964598283456583
2025-09-19,154,0.42191780821917807,33.02000045776367,33.616740105653584,0.3817079205935051,0.04245070396677236
2025-09-19,238,0.6520547945205479,33.02000045776367,34.053446826831895,-0.1121003192562034,0.04726259782232355
2025-09-22,25,0.0684931506849315,34.43000030517578,34.0621910675409,-0.8396556450021558,-0.15680813776465957
2025-09-22,32,0.08767123287671233,34.43000030517578,34.15472912080935,-0.3303582246939997,-0.09156058011132995
2025-09-22,39,0.10684931506849316,34.43000030517578,33.70335504070391,0.6357485582743713,-0.19963532469541914
2025-09-22,60,0.1643835616438356,34.43000030517578,34.11400655051945,-0.14031401509972652,-0.05608977494292165
2025-09-22,116,0.3178082191780822,34.43000030517578,34.06572335197697,0.012898552783633926,-0.03346857352703716
2025-09-22,151,0.4136986301369863,34.43000030517578,33.45255213027637,0.18568006022276307,-0.0696163912158151
2025-09-22,235,0.6438356164383562,34.43000030517578,34.09375895153285,-0.08828098639191104,-0.015242929054863864
2025-09-23,24,0.06575342465753424,34.29999923706055,34.427091567536515,-0.35740478128466013,0.05624753518905807
2025-09-23,31,0.08493150684931507,34.29999923706055,34.558344639281856,0.908262083476147,0.08835016555546307
2025-09-23,38,0.10410958904109589,34.29999923706055,34.61080788791008,-0.44378035869648785,0.08664589058783714
2025-09-23,59,0.16164383561643836,34.29999923706055,34.65411236586846,-0.015540379545126017,0.06354136316648543
2025-09-23,115,0.3150684931506849,34.29999923706055,34.679979868845074,0.32426918380405734,0.0349677601530691
2025-09-23,150,0.410958904109589,34.29999923706055,33.86519541712421,-0.03877031282120581,-0.031043320089460116
2025-09-23,234,0.6410958904109589,34.29999923706055,35.03703707158244,0.08824009057871221,0.033162546231777744
2025-09-24,23,0.06301369863013699,34.20000076293945,34.2327233448779,1.116572076511437,0.015176750436353182
2025-09-24,30,0.0821917808219178,34.20000076293945,34.18654987113921,-0.08424893457415866,-0.0047861024571617785
2025-09-24,37,0.10136986301369863,34.20000076293945,33.94643735462387,0.009668114375054656,-0.07341191617799749
2025-09-24,58,0.1589041095890411,34.20000076293945,34.27018936296622,0.1191646969354243,0.012902089939104444
2025-09-24,114,0.31232876712328766,34.20000076293945,34.311805770161314,-0.07242670262385187,0.010449950399365231
2025-09-24,149,0.40821917808219177,34.20000076293945,34.225555567313194,0.06278156052169821,0.0018297461225250254
2025-09-24,233,0.6383561643835617,34.20000076293945,34.3736511329447,0.21706647282019476,0.007933892321874168
2025-09-25,22,0.06027397260273973,33.849998474121094,33.85273191748738,1.118263550361742,0.0013396892609091812
2025-09-25,29,0.07945205479452055,33.849998474121094,33.91747049479813,-0.3822698048068035,0.025062676989415993
2025-09-25,36,0.09863013698630137,33.849998474121094,33.91313930656273,-0.12622638202841577,0.01889458164771236
2025-09-25,43,0.1178082191780822,33.849998474121094,33.90609583185809,0.42344650481749296,0.014055572700454228
2025-09-25,57,0.15616438356164383,33.849998474121094,34.105766678066274,-0.20527330881245326,0.048202582005480506
2025-09-25,113,0.3095890410958904,33.849998474121094,34.10365859138072,-0.06012347438850998,0.024114917947587272
2025-09-25,148,0.4054794520547945,33.849998474121094,34.22296525484157,0.12225603358759296,0.02702470632636763
2025-09-25,232,0.6356164383561644,33.849998474121094,34.068820611080206,-0.2750782252075868,0.010137654982456754
2025-09-26,21,0.057534246575342465,34.02000045776367,34.17315690502097,0.20181138090142345,0.07807262474525076
2025-09-26,28,0.07671232876712329,34.02000045776367,34.23653802445075,-0.08213875650194637,0.0827094776187812
2025-09-26,35,0.0958904109589041,34.02000045776367,34.159151915253084,-0.10246772738590842,0.0425688169553906
2025-09-26,42,0.11506849315068493,34.02000045776367,33.98524338395202,0.42796090280970417,-0.008883301688162475
2025-09-26,56,0.15342465753424658,34.02000045776367,34.12885879274548,0.2457353362072211,0.020822760277692504
2025-09-26,112,0.30684931506849317,34.02000045776367,34.28911162150833,0.08326860380258358,0.025677938740565072
2025-09-26,147,0.40273972602739727,34.02000045776367,33.71346713536011,0.12261334109674789,-0.022474129186533243
2025-09-26,231,0.6328767123287671,34.02000045776367,34.37920321741756,0.07614140898879856,0.01659600250640209
2025-09-29,25,0.0684931506849315,34.02000045776367,34.14248535321254,0.16738479449029253,0.052471132092469994
2025-09-29,32,0.08767123287671233,34.02000045776367,33.94867468982822,0.48766479137056473,-0.023939258412324294
2025-09-29,39,0.10684931506849316,34.02000045776367,33.89967752026179,-0.014331239737022399,-0.033159770436069394
2025-09-29,53,0.14520547945205478,34.02000045776367,34.181843352429865,0.10503771708293748,0.03268476203516869
2025-09-29,109,0.29863013698630136,34.02000045776367,34.09405832407038,0.03134942027130207,0.007281669593271849
2025-09-29,144,0.39452054794520547,34.02000045776367,34.166333825384726,-0.06202689106237816,0.010879452960721531
2025-09-29,228,0.6246575342465753,34.02000045776367,34.30612255283054,-0.10695252620244952,0.013407727342690053
2025-09-30,24,0.06575342465753424,34.84000015258789,34.68189011806332,0.05985632130460502,-0.06917516899278073
2025-09-30,31,0.08493150684931507,34.84000015258789,34.669056771634786,-0.49026155703192137,-0.05791258290568929
2025-09-30,38,0.10410958904109589,34.84000015258789,34.83963175168049,-0.487968274642431,-0.00010156734662560429
2025-09-30,52,0.14246575342465753,34.84000015258789,34.88605895077309,-0.12020603951570724,0.009273358758443364
2025-09-30,108,0.2958904109589041,34.84000015258789,34.95272989750055,0.13236705140107835,0.010917616121076815
2025-09-30,143,0.3917808219178082,34.84000015258789,34.816943204145645,-0.1672677977148986,-0.0016897569985608863
2025-09-30,227,0.6219178082191781,34.84000015258789,34.75232889499822,-0.00036539839913713845,-0.004051287813954733
2025-10-01,23,0.06301369863013699,36.86000061035156,36.894630008974346,0.9750301616369973,0.014902211173774845
2025-10-01,30,0.0821917808219178,36.86000061035156,36.62137009420942,-0.07517509119050997,-0.07902269990478006
2025-10-01,37,0.10136986301369863,36.86000061035156,36.79909999488762,0.12869069867319952,-0.016312349015825744
2025-10-01,51,0.13972602739726028,36.86000061035156,36.702192219921436,-0.32901758270269177,-0.030706390862499437
2025-10-01,107,0.29315068493150687,36.86000061035156,36.74155076585084,-0.09706590877695649,-0.010979611762301562
2025-10-01,142,0.38904109589041097,36.86000061035156,36.554704331034344,0.1336908630813737,-0.021378413507769378
2025-10-01,226,0.6191780821917808,36.86000061035156,36.95447276626234,0.0025713812855358027,0.004134061744512879
2025-10-02,22,0.06027397260273973,39.08000183105469,39.22385757826722,-0.5145510163376783,0.060959966145745885
2025-10-02,29,0.07945205479452055,39.08000183105469,39.151052162916095,0.2128477489609157,0.022861878425412513
2025-10-02,36,0.09863013698630137,39.08000183105469,39.175720730318595,0.14462875678428744,0.024802883071602954
2025-10-02,43,0.1178082191780822,39.08000183105469,39.0207826373663,-0.20058291685666244,-0.012872460906283887
2025-10-02,50,0.136986301369863,39.08000183105469,39.23011768772006,0.2532046388346297,0.027987368750853274
2025-10-02,106,0.29041095890410956,39.08000183105469,39.378096510754375,-0.15456185489966695,0.026165891248615472
2025-10-02,141,0.3863013698630137,39.08000183105469,39.23992525859302,0.06372932824475894,0.010571683820996245
2025-10-02,225,0.6164383561643836,39.08000183105469,39.46341455403997,0.11455743209389341,0.015838006765831338
2025-10-03,21,0.057534246575342465,38.22999954223633,38.14170308425393,-0.5083904604292819,-0.04018968184816377
2025-10-03,28,0.07671232876712329,38.22999954223633,38.272470034431436,-0.6733499299110092,0.014473604885385785
2025-10-03,35,0.0958904109589041,38.22999954223633,38.12418558824383,-0.0656649418537827,-0.0289044819715231
2025-10-03,42,0.11506849315068493,38.22999954223633,38.419623272311796,0.05673798655082807,0.042998877560952775
2025-10-03,49,0.13424657534246576,38.22999954223633,38.39240502320451,-0.5544470293756211,0.03157710676964093
2025-10-03,105,0.2876712328767123,38.22999954223633,38.290519834356125,-0.1378574720420069,0.005498658625509513
2025-10-03,140,0.3835616438356164,38.22999954223633,38.17379656224547,-0.05162827387587278,-0.0038356529841162357
2025-10-03,224,0.6136986301369863,38.22999954223633,38.14377414075551,0.19864953864859866,-0.0036793067869864394
2025-10-06,25,0.0684931506849315,41.709999084472656,41.74422354586182,0.20408460091191233,0.011974880324681716
2025-10-06,32,0.08767123287671233,41.709999084472656,42.10165521962721,0.8200505960091512,0.10660475198607941
2025-10-06,39,0.10684931506849316,41.709999084472656,41.794190093926545,0.21982061486446577,0.018871909864004
2025-10-06,46,0.12602739726027398,41.709999084472656,41.81807875521003,0.6313657040958641,0.020534153125752398
2025-10-06,102,0.27945205479452057,41.709999084472656,41.98590864224566,0.4792629265085026,0.023593196391615497
2025-10-06,137,0.37534246575342467,41.709999084472656,42.15684135675176,0.11468507587296557,0.028390325526766357
2025-10-06,221,0.6054794520547945,41.709999084472656,41.787561940936016,0.048937211359664425,0.003068391113240112
2025-10-07,24,0.06575342465753424,38.83000183105469,38.914210091339,-0.133711085855147,0.03294567559396739
2025-10-07,31,0.08493150684931507,38.83000183105469,38.9528021926112,-1.083298222404613,0.03717727701390279
2025-10-07,38,0.10410958904109589,38.83000183105469,39.16710178610045,-1.139436563553699,0.08302754306415694
2025-10-07,45,0.1232876712328767,38.83000183105469,39.30797775046322,-0.6047574343060718,0.09923379562352307
2025-10-07,101,0.27671232876712326,38.83000183105469,39.35876482270045,-0.00328389558160128,0.048879279487027825
2025-10-07,136,0.3726027397260274,38.83000183105469,39.07639251657658,0.21715997087076522,0.016976047461369242
2025-10-07,220,0.6027397260273972,38.83000183105469,39.00968048643187,0.10426218384234613,0.007659428823041429
2025-10-08,23,0.06301369863013699,42.779998779296875,42.938044539672255,0.008286291025995016,0.05852024256870803
2025-10-08,30,0.0821917808219178,42.779998779296875,42.97217109046115,0.1599917789503445,0.05453157325738592
2025-10-08,37,0.10136986301369863,42.779998779296875,42.88157457289392,-0.20924799218850837,0.023395132912174797
2025-10-08,44,0.12054794520547946,42.779998779296875,42.959336165958,0.057170851517023724,0.034702562362103374
2025-10-08,100,0.273972602739726,42.779998779296875,42.810538299131004,0.17142180153137354,0.0026047097244626086
2025-10-08,135,0.3698630136986301,42.779998779296875,42.875908121526685,0.15200638556684193,0.006054703325389465
2025-10-08,219,0.6,42.779998779296875,43.16855666940655,0.03166330066917741,0.015069500400716442
2025-10-09,22,0.06027397260273973,42.2400016784668,42.595534835122116,0.4275272491118212,0.13906089491725407
2025-10-09,29,0.07945205479452055,42.2400016784668,42.532869273146375,0.2983117551230589,0.08696430269212221
2025-10-09,36,0.09863013698630137,42.2400016784668,42.65547240841665,-0.15334651906167163,0.0992383926919515
2025-10-09,43,0.1178082191780822,42.2400016784668,42.46605966091739,-0.2908851159730147,0.045306529303625755
2025-10-09,50,0.136986301369863,42.2400016784668,42.30867456190625,-0.21946037289433876,0.011858545435389643
2025-10-09,99,0.27123287671232876,42.2400016784668,42.60194682794047,-0.058283533918911695,0.031457371195134975
2025-10-09,134,0.36712328767123287,42.2400016784668,42.59414441400953,-0.061412886906159196,0.022741977704104587
2025-10-09,218,0.5972602739726027,42.2400016784668,42.57539427909955,-0.03211830152053553,0.013241811867888505
2025-10-10,21,0.057534246575342465,34.209999084472656,34.78168681156045,0.013839441213268468,0.2880551320101714
2025-10-10,28,0.07671232876712329,34.209999084472656,34.773766646751746,-0.6192952058305616,0.21307263840752816
2025-10-10,35,0.0958904109589041,34.209999084472656,34.93028355888821,0.2254742429840308,0.2172918466846969
2025-10-10,42,0.11506849315068493,34.209999084472656,34.91815743633683,-0.1410565560811659,0.1780590977449474
2025-10-10,49,0.13424657534246576,34.209999084472656,34.855778097239806,0.8559127185536259,0.1393029971015225
2025-10-10,98,0.2684931506849315,34.209999084472656,35.15694008110559,-0.392752738114944,0.10169372411412446
2025-10-10,133,0.3643835616438356,34.209999084472656,34.73075169786781,0.03894553482844763,0.04146053756210109
2025-10-10,217,0.5945205479452055,34.209999084472656,35.52670067266822,0.006895322952204997,0.06352442030739078
2025-10-13,25,0.0684931506849315,39.13999938964844,39.211403675087354,-0.18334781939623077,0.026610955649554062
2025-10-13,32,0.08767123287671233,39.13999938964844,39.220930000110926,0.49190602400711775,0.02356059610302371
2025-10-13,39,0.10684931506849316,39.13999938964844,39.18544239758775,-0.037882674902255525,0.010859817298552996
2025-10-13,46,0.12602739726027398,39.13999938964844,39.16658880919424,0.368756399554365,0.005388595691594704
2025-10-13,95,0.2602739726027397,39.13999938964844,39.308612935026716,0.29844757986379433,0.016516085333811232
2025-10-13,130,0.3561643835616438,39.13999938964844,39.37492934506865,0.04877052243893553,0.016802231316674566
2025-10-13,214,0.5863013698630137,39.13999938964844,39.45441325009043,0.07015447625304037,0.013646504220622295
2025-10-14,24,0.06575342465753424,36.630001068115234,37.17025676364183,-0.07502263558592223,0.2226695602627434
2025-10-14,31,0.08493150684931507,36.630001068115234,37.14949268796478,0.35878611424348217,0.16581019067961394
2025-10-14,38,0.10410958904109589,36.630001068115234,37.33209995923873,0.04770829608277605,0.18236494351504917
2025-10-14,45,0.1232876712328767,36.630001068115234,37.3813247161607,-0.018384707040071707,0.16468503635244536
2025-10-14,94,0.25753424657534246,36.630001068115234,37.12586073183479,0.17047981549004929,0.05221121376476075
2025-10-14,129,0.35342465753424657,36.630001068115234,37.21604937251327,0.12355410460530905,0.044910553619298015
2025-10-14,213,0.5835616438356165,36.630001068115234,37.19244480793079,0.0760492258641986,0.02611213108652501
2025-10-15,23,0.06301369863013699,39.97999954223633,39.81745935279348,-0.597948279578187,-0.06464982068114837
2025-10-15,30,0.0821917808219178,39.97999954223633,39.57991777640122,-0.08715295576966309,-0.12236570070995832
2025-10-15,37,0.10136986301369863,39.97999954223633,39.93204267317488,-0.2080238467375452,-0.011840220229921995
2025-10-15,44,0.12054794520547946,39.97999954223633,39.654660405058166,0.14974511960429335,-0.06778081406250855
2025-10-15,93,0.2547945205479452,39.97999954223633,39.90769934908917,-0.14382365449534795,-0.007103944761890754
2025-10-15,128,0.3506849315068493,39.97999954223633,39.801897098943854,-0.02135630483223748,-0.012731487053719893
2025-10-15,212,0.5808219178082191,39.97999954223633,40.019910636107504,0.11819373353853896,0.001717873446649955
2025-10-16,22,0.06027397260273973,40.56999969482422,40.09681598569506,-1.1389261686294245,-0.19464355645575998
2025-10-16,29,0.07945205479452055,40.56999969482422,40.233795274355856,0.07293127920641018,-0.1047367346049736
2025-10-16,36,0.09863013698630137,40.56999969482422,40.251281928969746,-0.5949622744054431,-0.07996559076967963
2025-10-16,43,0.1178082191780822,40.56999969482422,40.15705722890858,-0.1701018945186745,-0.08684176062995233
2025-10-16,64,0.17534246575342466,40.56999969482422,40.31606913447195,-0.1096125622471327,-0.03580845269427678
2025-10-16,92,0.25205479452054796,40.56999969482422,40.290547093852524,-0.13433883840373415,-0.027422575709951536
2025-10-16,127,0.34794520547945207,40.56999969482422,40.17944716484732,-0.0025112307562913357,-0.027801128497149018
2025-10-16,211,0.5780821917808219,40.56999969482422,40.59418619027013,0.008032770026103189,0.0010309768789129074
2025-10-17,21,0.057534246575342465,40.290000915527344,40.12728798892617,0.2806988730311777,-0.07033585754895641
2025-10-17,28,0.07671232876712329,40.290000915527344,40.14072988737395,-0.4307062342580252,-0.04838590147793332
2025-10-17,35,0.0958904109589041,40.290000915527344,40.25425282394696,-0.09166640551708756,-0.009257061395488764
2025-10-17,42,0.11506849315068493,40.290000915527344,40.161082685325084,-0.23323144322734712,-0.027851999473701778
2025-10-17,63,0.1726027397260274,40.290000915527344,40.01487715516403,0.38202243722029705,-0.03969814206271593
2025-10-17,91,0.2493150684931507,40.290000915527344,40.30384105946965,-0.07777773443720676,0.001377590755035892
2025-10-17,126,0.3452054794520548,40.290000915527344,40.22696399009997,0.0012663862739831354,-0.004535864063893996
2025-10-17,210,0.5753424657534246,40.290000915527344,40.3430836891119,0.12731139074784084,0.0022884633466090996
2025-10-20,25,0.0684931506849315,42.2400016784668,42.66731710970026,0.5451953240042371,0.1469568950882918
2025-10-20,32,0.08767123287671233,42.2400016784668,42.41323621196008,-0.0802499826537303,0.04668360490828389
2025-10-20,39,0.10684931506849316,42.2400016784668,42.397735966533986,-0.1385157440604019,0.03488356158117074
2025-10-20,60,0.1643835616438356,42.2400016784668,42.427634870963544,-0.2840602433982724,0.02696277277767948
2025-10-20,88,0.2410958904109589,42.2400016784668,42.357814855362804,0.091593025464838,0.011552478842171572
2025-10-20,123,0.336986301369863,42.2400016784668,42.23557695950933,-0.0835965849429912,-0.00031086531271355786
2025-10-20,207,0.5671232876712329,42.2400016784668,42.381307561612424,0.07521319762962501,0.00588888972304975
2025-10-21,24,0.06575342465753424,41.5099983215332,41.21980276251258,-0.6020327186620472,-0.10669453659979171
2025-10-21,31,0.08493150684931507,41.5099983215332,41.144995767242186,-1.0439078587803332,-0.1039898121892246
2025-10-21,38,0.10410958904109589,41.5099983215332,41.30894382541457,-0.40806846794136376,-0.04663631502671739
2025-10-21,59,0.16164383561643836,41.5099983215332,41.72999109558433,-0.7686177365540239,0.032700038154489575
2025-10-21,87,0.23835616438356164,41.5099983215332,41.66165829639418,-0.07523462265646107,0.015300291908417538
2025-10-21,122,0.33424657534246577,41.5099983215332,41.33958535149675,0.07869780906252256,-0.012307673229038463
2025-10-21,206,0.5643835616438356,41.5099983215332,41.49547400688047,0.1465276259896575,-0.0006200754938481534
2025-10-22,23,0.06301369863013699,38.38999938964844,38.732754300720494,-0.5339495134910569,0.14105842872780683
2025-10-22,30,0.0821917808219178,38.38999938964844,38.700787554115216,0.5920929168276543,0.09809930956093961
2025-10-22,37,0.10136986301369863,38.38999938964844,38.666433673150344,-0.6426210522691923,0.07077925725073814
2025-10-22,58,0.1589041095890411,38.38999938964844,38.48735377561891,-0.5266607650405939,0.01593867437762333
2025-10-22,86,0.2356164383561644,38.38999938964844,38.56534300942334,0.04963134353449171,0.019340885481061793
2025-10-22,121,0.3315068493150685,38.38999938964844,38.43308081501281,-0.08142378424021308,0.0033832639630008614
2025-10-22,205,0.5616438356164384,38.38999938964844,38.647473363242874,-0.03024662196024231,0.01190150612708731
2025-10-23,22,0.06027397260273973,41.16999816894531,41.0997593172572,-1.0341339991983567,-0.028329406133049153
2025-10-23,29,0.07945205479452055,41.16999816894531,41.447912175995505,0.22432065949921454,0.0846764671500911
2025-10-23,36,0.09863013698630137,41.16999816894531,40.97559701505689,-0.3348251912066754,-0.04798834007627097
2025-10-23,43,0.1178082191780822,41.16999816894531,41.04504742909843,0.5524552725423298,-0.025801340424231246
2025-10-23,57,0.15616438356164383,41.16999816894531,41.13242236670604,-0.285564926332903,-0.005847142633325604
2025-10-23,85,0.2328767123287671,41.16999816894531,41.238730994569046,-0.16490042958794765,0.007163001077124833
2025-10-23,120,0.3287671232876712,41.16999816894531,40.61906072585954,0.016758504372442026,-0.04097842487086159
2025-10-23,204,0.5589041095890411,41.16999816894531,41.10282911363947,-0.017608692460016794,-0.0029214980949716046
2025-10-24,21,0.057534246575342465,43.13999938964844,43.41411741018496,-0.1202874969008382,0.11009177534237825
2025-10-24,28,0.07671232876712329,43.13999938964844,43.42476140803324,0.15889750373708963,0.08576445349986174
2025-10-24,35,0.0958904109589041,43.13999938964844,43.50636941563842,0.19033751122099207,0.0881915493569893
2025-10-24,42,0.11506849315068493,43.13999938964844,43.67138987551106,0.08202554073697968,0.10639373666583615
2025-10-24,56,0.15342465753424658,43.13999938964844,43.52551678924939,0.15125841298444478,0.05798762925555244
2025-10-24,84,0.23013698630136986,43.13999938964844,43.46494450149075,0.14196207843998862,0.03260715707982879
2025-10-24,119,0.32602739726027397,43.13999938964844,43.44736826791782,0.1573281278739737,0.021776249223060776
2025-10-24,203,0.5561643835616439,43.13999938964844,43.47025898451545,0.03365556063123458,0.013712449360916756
2025-10-27,25,0.0684931506849315,46.84000015258789,46.834232695575096,-0.23443549513953088,-0.0017978235835605547
2025-10-27,32,0.08767123287671233,46.84000015258789,47.027884586323985,0.17754895435072637,0.045661190516997685
2025-10-27,39,0.10684931506849316,46.84000015258789,46.89856429929676,0.0194256793768819,0.011694235385850163
2025-10-27,53,0.14520547945205478,46.84000015258789,46.876434436409745,-0.19952288215810823,0.0053547782646746695
2025-10-27,81,0.2219178082191781,46.84000015258789,46.97799407913664,0.028314336922104538,0.013255984363192972
2025-10-27,116,0.3178082191780822,46.84000015258789,47.12672182068973,0.07222531656936983,0.019202273743564646
2025-10-27,200,0.547945205479452,46.84000015258789,47.272754359823566,0.139030595443382,0.01678373985953892
2025-10-28,24,0.06575342465753424,46.959999084472656,47.12496295310498,0.15861082378972377,0.0533311172943185
2025-10-28,31,0.08493150684931507,46.959999084472656,47.079065494468104,-0.1230044077166882,0.029815517876799074
2025-10-28,38,0.10410958904109589,46.959999084472656,47.0388479614003,0.0663414208808013,0.016114333612205625
2025-10-28,52,0.14246575342465753,46.959999084472656,47.04554428184591,-0.17087685721579512,0.012775026361380521
2025-10-28,80,0.2191780821917808,46.959999084472656,46.97673289683844,-0.01301726204316576,0.0016255200306882448
2025-10-28,115,0.3150684931506849,46.959999084472656,47.10286988188366,0.03734221832014891,0.009641633114768546
2025-10-28,199,0.5452054794520548,46.959999084472656,47.18865347103356,0.003114046915571438,0.008909145797060126
2025-10-29,23,0.06301369863013699,49.380001068115234,49.14761741663172,-0.8765072645680144,-0.07485889555951684
2025-10-29,30,0.0821917808219178,49.380001068115234,49.579782117892144,-0.4790830134250791,0.04912445566970923
2025-10-29,37,0.10136986301369863,49.380001068115234,49.1943309521695,-0.5023417223796167,-0.03716206301910058
2025-10-29,51,0.13972602739726028,49.380001068115234,49.21238469157892,0.1607771354110992,-0.02433470997197114
2025-10-29,79,0.21643835616438356,49.380001068115234,49.42160050964933,0.18560097698998443,0.0038906244368485574
2025-10-29,114,0.31232876712328766,49.380001068115234,49.16351090591342,-0.02902690381714481,-0.014067885903295434
2025-10-29,198,0.5424657534246575,49.380001068115234,49.49109251120091,0.05496201206307129,0.00414256301235726
2025-10-30,22,0.06027397260273973,47.38999938964844,47.882878994619254,-0.10703921645762951,0.1716625719714352
2025-10-30,29,0.07945205479452055,47.38999938964844,48.08788250954324,-0.0806838322418414,0.18399775100771404
2025-10-30,36,0.09863013698630137,47.38999938964844,47.932806307135195,0.19265468287898876,0.11547118175996603
2025-10-30,43,0.1178082191780822,47.38999938964844,47.96676508625072,-0.026196082268011425,0.10268514404365556
2025-10-30,50,0.136986301369863,47.38999938964844,48.29799355206747,0.11652163347239951,0.13854520591216332
2025-10-30,78,0.2136986301369863,47.38999938964844,48.040218114793234,-0.21875319794595452,0.06376884291305938
2025-10-30,113,0.3095890410958904,47.38999938964844,48.12465482965433,0.01672609822885123,0.04968973403189151
2025-10-30,197,0.5397260273972603,47.38999938964844,48.42631908208652,0.006220237897347928,0.04008001173900892
2025-10-31,21,0.057534246575342465,47.779998779296875,48.0553987294671,0.13594928353258806,0.09989475121669715
2025-10-31,28,0.07671232876712329,47.779998779296875,48.139270309367035,0.04266800625950544,0.09765259812728805
2025-10-31,35,0.0958904109589041,47.779998779296875,48.18142510084604,0.1440841371762017,0.08725021612979707
2025-10-31,42,0.11506849315068493,47.779998779296875,48.384012723107006,-0.10068869961010209,0.10917260515762964
2025-10-31,49,0.13424657534246576,47.779998779296875,48.164016126344194,0.22056368127776207,0.05962962170003086
2025-10-31,77,0.21095890410958903,47.779998779296875,48.414666232581446,-0.1618131098635111,0.06255091654778076
2025-10-31,112,0.30684931506849317,47.779998779296875,48.34672345610716,0.14162719008635746,0.038427121976199574
2025-10-31,196,0.536986301369863,47.779998779296875,48.54562664142084,0.07644703636417959,0.029604097560274444
2025-11-03,25,0.0684931506849315,48.58000183105469,48.7859171309035,-0.11629583235218896,0.06175400780841212
2025-11-03,32,0.08767123287671233,48.58000183105469,48.78514595438331,-0.22545892287807792,0.04806501448339643
2025-11-03,39,0.10684931506849316,48.58000183105469,49.103248623860246,0.11139109621884664,0.10026488946689302
2025-11-03,46,0.12602739726027398,48.58000183105469,48.89446306507039,0.40149591572375726,0.05119679681877289
2025-11-03,74,0.20273972602739726,48.58000183105469,48.86525018506134,0.08611647182073158,0.028877184310844448
2025-11-03,109,0.29863013698630136,48.58000183105469,49.377677710943274,0.12139995693109364,0.054537337624218904
2025-11-03,193,0.5287671232876713,48.58000183105469,49.09979001648323,0.010628878922036721,0.020127569220949503
2025-11-04,24,0.06575342465753424,42.79999923706055,43.35143738602228,0.38262403339227846,0.19469367071249377
2025-11-04,31,0.08493150684931507,42.79999923706055,43.32242548089592,0.06277757070575496,0.14284835059606904
2025-11-04,38,0.10410958904109589,42.79999923706055,43.693056431125626,-0.04248128022823681,0.19835937466283812
2025-11-04,45,0.1232876712328767,42.79999923706055,43.14591767614916,0.4254334801207949,0.06529217783334891
2025-11-04,73,0.2,42.79999923706055,43.53700698585976,-0.08444794330879214,0.08536613484762211
2025-11-04,108,0.2958904109589041,42.79999923706055,43.70547349293843,0.17824240511057957,0.07075342855136826
2025-11-04,192,0.5260273972602739,42.79999923706055,43.73198790014774,0.038512842998243264,0.040951741754227104
2025-11-05,23,0.06301369863013699,46.83000183105469,47.27224787793794,-0.8034635509692847,0.1491633659173975
2025-11-05,30,0.0821917808219178,46.83000183105469,46.76739058272176,-0.44529725979080503,-0.016277596672983837
2025-11-05,37,0.10136986301369863,46.83000183105469,46.909918186836,-0.03737948557797767,0.016820245656754555
2025-11-05,44,0.12054794520547946,46.83000183105469,47.01232674428441,0.020353191764571957,0.03223427969568311
2025-11-05,72,0.19726027397260273,46.83000183105469,47.115324736217076,0.23458395036113344,0.030793081819987987
2025-11-05,107,0.29315068493150687,46.83000183105469,47.25338281289509,0.03163430568996805,0.03070155884968111
2025-11-05,191,0.5232876712328767,46.83000183105469,47.225406502657904,0.005783691577368893,0.01606756532304731
2025-11-06,22,0.06027397260273973,43.0099983215332,43.38780334528185,0.012701291260724131,0.14510019087032597
2025-11-06,29,0.07945205479452055,43.0099983215332,43.571846681688825,0.0704746290445986,0.16335154253972
2025-11-06,36,0.09863013698630137,43.0099983215332,43.58120054447709,-0.015535753465169033,0.13376509280088236
2025-11-06,43,0.1178082191780822,43.0099983215332,43.498261975324525,0.10205157081746731,0.0958199267787891
2025-11-06,50,0.136986301369863,43.0099983215332,43.95501637297657,-0.6095677013352666,0.15865928059365575
2025-11-06,71,0.19452054794520549,43.0099983215332,43.81272724633516,-0.28834751282093307,0.09506318997313054
2025-11-06,106,0.29041095890410956,43.0099983215332,43.95094353917133,0.05963794632162077,0.07452020639944704
2025-11-06,190,0.5205479452054794,43.0099983215332,43.75841310347154,-0.007900159036204476,0.033140628471688874
2025-11-07,21,0.057534246575342465,41.7400016784668,41.27148941692078,-0.17424046253438663,-0.19619634984763806
2025-11-07,28,0.07671232876712329,41.7400016784668,41.20587653500687,-0.48025988977317813,-0.16788776379848352
2025-11-07,35,0.0958904109589041,41.7400016784668,41.09700421773474,-0.580668689927061,-0.16190057942295416
2025-11-07,42,0.11506849315068493,41.7400016784668,41.38677997232208,-0.29804211163721367,-0.07385545888747472
2025-11-07,49,0.13424657534246576,41.7400016784668,41.09251306878446,-0.29074324446545147,-0.1164573523740273
2025-11-07,70,0.1917808219178082,41.7400016784668,41.55963053827464,-0.13503958395159638,-0.022581327298851858
2025-11-07,105,0.2876712328767123,41.7400016784668,41.37540985909912,-0.1591285475015253,-0.030497322118337084
2025-11-07,189,0.5178082191780822,41.7400016784668,41.453913459844436,-0.12530104697510827,-0.013282235571322
2025-11-10,25,0.0684931506849315,44.959999084472656,45.04391679844757,0.11306307259542021,0.027225459404711102
2025-11-10,32,0.08767123287671233,44.959999084472656,45.22943940762518,0.697133060020804,0.06815238858534023
2025-11-10,39,0.10684931506849316,44.959999084472656,45.12328008780334,0.015439594526416276,0.033927370562519266
2025-11-10,46,0.12602739726027398,44.959999084472656,45.26790283710347,0.03634156526659619,0.05415528396968342
2025-11-10,67,0.18356164383561643,44.959999084472656,45.16764198692928,-0.05139083864116391,0.025101976134508024
2025-11-10,102,0.27945205479452057,44.959999084472656,45.105447466652656,-0.07538941869822363,0.011557762188993233
2025-11-10,186,0.5095890410958904,44.959999084472656,45.293222988433875,-0.05737703085989204,0.014490565093129397
2025-11-11,24,0.06575342465753424,41.810001373291016,42.31243853860861,-0.41369862711707794,0.1816714484523783
2025-11-11,31,0.08493150684931507,41.810001373291016,42.313909289643576,-0.028604921058741177,0.14105811901181373
2025-11-11,38,0.10410958904109589,41.810001373291016,42.39334321366577,0.0441696572165195,0.13308833650800211
2025-11-11,45,0.1232876712328767,41.810001373291016,42.512485133491126,-0.14324274964386305,0.13514913741825552
2025-11-11,66,0.18082191780821918,41.810001373291016,42.39923593317336,-0.03709859465975468,0.07739528253368576
2025-11-11,101,0.27671232876712326,41.810001373291016,42.5293377615231,0.06966805495262898,0.06164727070671642
2025-11-11,185,0.5068493150684932,41.810001373291016,42.60200743725183,-0.024777038918126958,0.037024410081829724
2025-11-12,23,0.06301369863013699,43.709999084472656,43.67746754681827,0.05602606708318279,-0.011815455972763534
2025-11-12,30,0.0821917808219178,43.709999084472656,43.7530357800404,0.3266556802107289,0.011973359316367574
2025-11-12,37,0.10136986301369863,43.709999084472656,43.886534651424974,0.06744162956800014,0.03976189000368063
2025-11-12,44,0.12054794520547946,43.709999084472656,43.72455572899345,-0.06284800259054643,0.0027621570060008785
2025-11-12,65,0.1780821917808219,43.709999084472656,43.83942203092606,0.1707219060350065,0.01660228343113515
2025-11-12,100,0.273972602739726,43.709999084472656,43.927063209043745,-0.00701254550792273,0.018081064201016222
2025-11-12,184,0.5041095890410959,43.709999084472656,44.15942232860761,0.02164415866105202,0.0202920810258396
2025-11-13,22,0.06027397260273973,39.220001220703125,38.91409941586359,0.4836453378604818,-0.12991037010478956
2025-11-13,29,0.07945205479452055,39.220001220703125,39.01020349792459,-0.016963589073063647,-0.06750752820294927
2025-11-13,36,0.09863013698630137,39.220001220703125,39.2639321588681,0.374821731907338,0.011350372698652229
2025-11-13,43,0.1178082191780822,39.220001220703125,39.00015590097653,0.04440290702445035,-0.04771490774862918
2025-11-13,50,0.136986301369863,39.220001220703125,39.17820676224613,-0.23833030825358245,-0.007783330346163726
2025-11-13,64,0.17534246575342466,39.220001220703125,39.30501894887185,-0.024872074145787414,0.012349361244846844
2025-11-13,99,0.27123287671232876,39.220001220703125,39.43305853064739,0.1322212812968708,0.01997420693691196
2025-11-13,183,0.5013698630136987,39.220001220703125,39.51439360218234,-0.026154239825465633,0.014915433061027852
2025-11-14,21,0.057534246575342465,38.86000061035156,38.99915487674164,-0.4949075822383075,0.062128499541885485
2025-11-14,28,0.07671232876712329,38.86000061035156,38.87875473817147,-0.5864495844521886,0.006289615921552741
2025-11-14,35,0.0958904109589041,38.86000061035156,39.092842540262254,0.06419078905448548,0.06229961143090775
2025-11-14,42,0.11506849315068493,38.86000061035156,39.14584079037112,0.04411440405241203,0.06369006096241951
2025-11-14,49,0.13424657534246576,38.86000061035156,39.02434648777303,0.020639481535876785,0.03143663520382614
2025-11-14,63,0.1726027397260274,38.86000061035156,39.1084950284266,0.09023740444565319,0.03693016635435049
2025-11-14,98,0.2684931506849315,38.86000061035156,38.898837654542554,-0.2026201213441559,0.0037204307586995405
2025-11-14,182,0.4986301369863014,38.86000061035156,39.071873506313814,0.10574929098220895,0.010904677461299925
2025-11-17,25,0.0684931506849315,36.84000015258789,36.762726231096956,0.14059142676260764,-0.030656464066399915
2025-11-17,32,0.08767123287671233,36.84000015258789,36.87683702292247,0.296760339752304,0.011399582600831763
2025-11-17,39,0.10684931506849316,36.84000015258789,36.95550922976542,-0.7522022683707404,0.029298459579723116
2025-11-17,46,0.12602739726027398,36.84000015258789,36.67108051521824,-0.050367804763035526,-0.036466419696492454
2025-11-17,60,0.1643835616438356,36.84000015258789,37.02892731492371,-0.1285932671494767,0.031117533437008526
2025-11-17,95,0.2602739726027397,36.84000015258789,36.870795083979594,-0.07693982929332314,0.003210313346441085
2025-11-17,179,0.4904109589041096,36.84000015258789,36.93676596666042,-0.012935057060561273,0.005348997784866187
2025-11-18,24,0.06575342465753424,34.349998474121094,34.5170323910939,0.07297463361898081,0.07377441532761247
2025-11-18,31,0.08493150684931507,34.349998474121094,34.536014956396244,0.33658320309338946,0.06358908811842987
2025-11-18,38,0.10410958904109589,34.349998474121094,34.67134191217127,0.08572622535475889,0.0894393116916322
2025-11-18,45,0.1232876712328767,34.349998474121094,34.71415653512844,0.07288392761108418,0.08553652377173888
2025-11-18,59,0.16164383561643836,34.349998474121094,34.59149733524265,0.10207016451885717,0.043341806600103394
2025-11-18,94,0.25753424657534246,34.349998474121094,34.51005488282288,0.02123780401854618,0.018051009794270715
2025-11-18,178,0.4876712328767123,34.349998474121094,34.691916096912855,-0.08460283740042882,0.020310240569301925
2025-11-19,23,0.06301369863013699,35.959999084472656,35.97594756306765,0.3206075967054985,0.007036688529818043
2025-11-19,30,0.0821917808219178,35.959999084472656,36.01302384134873,-0.14676999660405432,0.017927124149771188
2025-11-19,37,0.10136986301369863,35.959999084472656,36.059637872058744,-0.05971284467614559,0.027295994356472897
2025-11-19,44,0.12054794520547946,35.959999084472656,35.93322804700241,0.26548942799529074,-0.006177993215619239
2025-11-19,58,0.1589041095890411,35.959999084472656,36.1224305230337,-0.10777073085455831,0.028361962322389245
2025-11-19,93,0.2547945205479452,35.959999084472656,36.152838407034075,0.25615167305393066,0.020990556825059018
2025-11-19,177,0.4849315068493151,35.959999084472656,36.189349066426864,0.08369279996743012,0.013110442652615562
2025-11-20,22,0.06027397260273973,30.809999465942383,31.161950959222715,-1.5289910947722487,0.18844841798633707
2025-11-20,29,0.07945205479452055,30.809999465942383,31.07159835985831,0.38444687649738546,0.10641475114646257
2025-11-20,36,0.09863013698630137,30.809999465942383,31.1506179226381,-0.30474022044267807,0.1114749213660263
2025-11-20,43,0.1178082191780822,30.809999465942383,31.22945777765868,0.31370189186038383,0.11478412743343863
2025-11-20,57,0.15616438356164383,30.809999465942383,31.26273644221699,-0.14821988792777416,0.09341159420259912
2025-11-20,92,0.25205479452054796,30.809999465942383,31.657640354750736,-0.29460551962567416,0.1076758950308072
2025-11-20,176,0.4821917808219178,30.809999465942383,31.505092838961783,0.009527011529596448,0.04626772127442591
2025-11-21,21,0.057534246575342465,31.729999542236328,32.035823450580416,0.3270460204715452,0.1667210205995336
2025-11-21,28,0.07671232876712329,31.729999542236328,32.0538977718812,0.3312509184742768,0.13239332339926824
2025-11-21,35,0.0958904109589041,31.729999542236328,32.20392843617816,0.057811615130033106,0.15461248852575196
2025-11-21,42,0.11506849315068493,31.729999542236328,32.304955660454446,0.08080243547472314,0.1560640347355979
2025-11-21,56,0.15342465753424658,31.729999542236328,32.18543040836587,-0.04330834487984071,0.092887854045166
2025-11-21,91,0.2493150684931507,31.729999542236328,32.09897766897315,-0.08954382759767976,0.04637341100890184
2025-11-21,175,0.4794520547945205,31.729999542236328,32.3239573257121,0.08777828697292381,0.03868181773793467
2025-11-24,25,0.0684931506849315,35.86000061035156,36.01929434680353,-0.054056088981149844,0.06471105096181938
2025-11-24,32,0.08767123287671233,35.86000061035156,35.92236759489543,-0.23013951327491428,0.019820287745825404
2025-11-24,39,0.10684931506849316,35.86000061035156,35.90686290108252,-0.21428181834068313,0.012222438552539357
2025-11-24,53,0.14520547945205478,35.86000061035156,36.02229656567859,-0.13177145688877204,0.031098072916569016
2025-11-24,88,0.2410958904109589,35.86000061035156,36.185482110315554,0.031224971314187947,0.037476816804487174
2025-11-24,172,0.4712328767123288,35.86000061035156,36.068114069066006,-0.13906566041488913,0.01227996460474034
2025-11-25,24,0.06575342465753424,36.16999816894531,36.115526569348,-0.6525862051221054,-0.022920837987496646
2025-11-25,31,0.08493150684931507,36.16999816894531,36.071414854111595,-0.7296504649317765,-0.0321350234289264
2025-11-25,38,0.10410958904109589,36.16999816894531,35.77442800402654,-0.4078725079187778,-0.10562580098027402
2025-11-25,52,0.14246575342465753,36.16999816894531,36.1633777030591,-0.4823623634988603,-0.0012849000181368844
2025-11-25,87,0.23835616438356164,36.16999816894531,36.07252370891401,-0.38771160385753306,-0.011321443693518233
2025-11-25,171,0.4684931506849315,36.16999816894531,36.07933097997157,-0.12437517920896222,-0.005357267225723642
2025-11-26,23,0.06301369863013699,39.189998626708984,39.46048455134844,-0.057947018035634214,0.10915408961347717
2025-11-26,30,0.0821917808219178,39.189998626708984,39.04067077043051,0.45903346477973306,-0.04644788219170389
2025-11-26,37,0.10136986301369863,39.189998626708984,39.27004607266963,-0.19069723636681618,0.02012890801127649
2025-11-26,44,0.12054794520547946,39.189998626708984,39.407903390565004,-0.22961289144284264,0.04599674160943219
2025-11-26,51,0.13972602739726028,39.189998626708984,39.257740374734546,0.017538491097350218,0.012360292837232056
2025-11-26,86,0.2356164383561644,39.189998626708984,39.30072122577171,-0.059313839764085816,0.011974093818102771
2025-11-26,170,0.4657534246575342,39.189998626708984,39.441674709524875,0.07777771255129876,0.013744212137634902
2025-11-28,21,0.057534246575342465,41.2599983215332,41.198935635486045,-0.8323857424869658,-0.025741973161896053
2025-11-28,28,0.07671232876712329,41.2599983215332,40.958339482496704,-0.7159564520955385,-0.09565642380328886
2025-11-28,35,0.0958904109589041,41.2599983215332,40.91929622983479,-0.541786674148846,-0.08647084342227784
2025-11-28,42,0.11506849315068493,41.2599983215332,40.96099963389994,-0.2424467294415579,-0.06320654078068168
2025-11-28,49,0.13424657534246576,41.2599983215332,41.10200498557342,-0.5616968891443879,-0.028578483561068724
2025-11-28,84,0.23013698630136986,41.2599983215332,41.129880513414896,-0.24587619754537568,-0.013724824814939779
2025-11-28,168,0.4602739726027397,41.2599983215332,41.3079489057149,0.028098349125033256,0.002523457776239189
2025-12-01,25,0.0684931506849315,41.310001373291016,41.466119411248656,-0.24464057863586394,0.055072067528112986
2025-12-01,32,0.08767123287671233,41.310001373291016,41.436028095042964,-0.1537209717524266,0.03474471018695917
2025-12-01,39,0.10684931506849316,41.310001373291016,41.4903287962071,0.06432805318191914,0.040765112701959115
2025-12-01,46,0.12602739726027398,41.310001373291016,41.57558532286118,-0.06947101739229704,0.05084980876250901
2025-12-01,81,0.2219178082191781,41.310001373291016,41.58865967583354,-0.15029685785833352,0.030294511104926924
2025-12-01,165,0.4520547945205479,41.310001373291016,41.52036704309597,-0.05009091322244255,0.011236346521580067
2025-12-02,24,0.06575342465753424,43.79999923706055,43.69338564565107,-0.3888366372075823,-0.03706373552007993
2025-12-02,31,0.08493150684931507,43.79999923706055,43.64894114129305,-0.08492014706705554,-0.040677200156928384
2025-12-02,38,0.10410958904109589,43.79999923706055,43.5786280669409,-0.025327297184364533,-0.04866940485228791
2025-12-02,45,0.1232876712328767,43.79999923706055,43.71660697644159,0.020079898500585714,-0.01545773141053432
2025-12-02,80,0.2191780821917808,43.79999923706055,43.76512641799291,0.005016619932106569,-0.0036340322523944596
2025-12-02,164,0.44931506849315067,43.79999923706055,44.01966553404073,0.04977271634308666,0.011134009097711672
2025-12-03,23,0.06301369863013699,46.58000183105469,46.103336417047984,-1.2972832675086396,-0.16323407662407546
2025-12-03,30,0.0821917808219178,46.58000183105469,46.24033112354318,-0.6104410946717307,-0.08904684115775335
2025-12-03,37,0.10136986301369863,46.58000183105469,46.01959084326703,-0.44559723314520866,-0.11940540989735467
2025-12-03,44,0.12054794520547946,46.58000183105469,46.27443705443236,-0.3020933732864658,-0.05459745157467265
2025-12-03,79,0.21643835616438356,46.58000183105469,46.25077998797117,-0.17656949836774163,-0.0327713417842025
2025-12-03,163,0.4465753424657534,46.58000183105469,46.55004292877918,0.08335154134848996,-0.0014406926991319081
2025-12-04,22,0.06027397260273973,45.15999984741211,45.12752976556512,0.3455801047977531,-0.011933169544704844
2025-12-04,29,0.07945205479452055,45.15999984741211,45.26728787070932,0.16108171472229296,0.02986598241384424
2025-12-04,36,0.09863013698630137,45.15999984741211,45.03632528038875,-0.15790472635968514,-0.02780431414456585
2025-12-04,43,0.1178082191780822,45.15999984741211,45.18808514517285,-0.10314334274236639,0.0052773330045684
2025-12-04,50,0.136986301369863,45.15999984741211,45.42457278834782,-0.02772501029132796,0.042642757031278955
2025-12-04,78,0.2136986301369863,45.15999984741211,45.23742944005571,0.373166175690418,0.008016397757221313
2025-12-04,162,0.4438356164383562,45.15999984741211,45.810810475863995,0.008682517136584248,0.03223798051853096
2025-12-05,21,0.057534246575342465,46.5,46.58526206919439,0.23370812745794495,0.031840408375376786
2025-12-05,28,0.07671232876712329,46.5,46.59496773352076,0.356263513415553,0.02659590953421752
2025-12-05,35,0.0958904109589041,46.5,46.54457276126797,0.1760117001343361,0.009991560956527182
2025-12-05,42,0.11506849315068493,46.5,46.54245013884758,-0.010212548106860835,0.007929970588355054
2025-12-05,49,0.13424657534246576,46.5,46.890436100100565,-0.12797919443972003,0.062284054071839984
2025-12-05,77,0.21095890410958903,46.5,46.909647871770346,0.3294631330892722,0.041577070623447995
2025-12-05,161,0.4410958904109589,46.5,46.7373319672837,0.03274674835541383,0.011541554954680292
2025-12-08,25,0.0684931506849315,47.9900016784668,47.635918037510834,0.16461733203001835,-0.10812224969813491
2025-12-08,32,0.08767123287671233,47.9900016784668,47.71804219233963,0.27683215840578934,-0.06482310393726268
2025-12-08,39,0.10684931506849316,47.9900016784668,47.764998792712944,-0.03969148538100575,-0.04398308399144205
2025-12-08,46,0.12602739726027398,47.9900016784668,47.69887504712301,0.012879292382799543,-0.048282177362575944
2025-12-08,74,0.20273972602739726,47.9900016784668,47.806930654344015,-0.049079471007733494,-0.018852097537627538
2025-12-08,158,0.4328767123287671,47.9900016784668,47.93667080480505,0.06145084031394045,-0.0025686512083873286
2025-12-09,24,0.06575342465753424,47.790000915527344,47.54219681729482,-0.7310328638389282,-0.07906449038145692
2025-12-09,31,0.08493150684931507,47.790000915527344,47.65060778518829,-0.19184003525474108,-0.034392967213085913
2025-12-09,38,0.10410958904109589,47.790000915527344,47.759693198151396,-0.23305941999152435,-0.006093449352707379
2025-12-09,45,0.1232876712328767,47.790000915527344,47.6148866240574,-0.026546062417665606,-0.029775687744522834
2025-12-09,73,0.2,47.790000915527344,47.81705577442316,-0.01262149864938381,0.0028297973554103255
2025-12-09,157,0.4301369863013699,47.790000915527344,48.094925155276805,-0.005868522005124179,0.014786530508745604
2025-12-10,23,0.06301369863013699,49.650001525878906,49.38187073048939,-0.3410095143029158,-0.0859345470289378
2025-12-10,30,0.0821917808219178,49.650001525878906,49.4028706787204,0.32476974989244983,-0.060710301726212834
2025-12-10,37,0.10136986301369863,49.650001525878906,49.40782478568558,-0.013730799275158703,-0.04823537249309737
2025-12-10,44,0.12054794520547946,49.650001525878906,49.50063936520085,-0.22449974719560684,-0.024992837985093167
2025-12-10,72,0.19726027397260273,49.650001525878906,49.59761461378889,0.009060784092886413,-0.0053517167555300095
2025-12-10,156,0.4273972602739726,49.650001525878906,49.62204911413889,0.06030882539270467,-0.0013176211731974242
2025-12-11,22,0.06027397260273973,48.790000915527344,48.549496085538486,0.18524729981344185,-0.08198525804989637
2025-12-11,29,0.07945205479452055,48.790000915527344,48.740178562045585,0.3420064519856904,-0.012859086426379264
2025-12-11,36,0.09863013698630137,48.790000915527344,48.71125692257679,-0.10214010400723182,-0.01637674808461244
2025-12-11,43,0.1178082191780822,48.790000915527344,48.68783459784579,0.20786906689334228,-0.017793296965197106
2025-12-11,50,0.136986301369863,48.790000915527344,48.36525060026801,-0.42044216200588175,-0.06382973659027663
2025-12-11,71,0.19452054794520549,48.790000915527344,48.969331657408226,0.11323513943924272,0.01886086105966953
2025-12-11,155,0.4246575342465753,48.790000915527344,49.117001843582216,-0.05958249864618339,0.015729974058104917
2025-12-11,400,1.095890410958904,48.790000915527344,49.38888906758774,0.09180653589717351,0.011132580887232365
2025-12-12,21,0.057534246575342465,41.709999084472656,41.84692122524609,0.07739129357362896,0.0569633090833171
2025-12-12,28,0.07671232876712329,41.709999084472656,41.87922989756407,-0.0356849479131287,0.052783057547665595
2025-12-12,35,0.0958904109589041,41.709999084472656,41.77225778707669,-0.04112257173012283,0.01555466926402343
2025-12-12,42,0.11506849315068493,41.709999084472656,42.04388014955418,0.12221879653847721,0.06928875041297355
2025-12-12,49,0.13424657534246576,41.709999084472656,42.13466356485293,0.28565112954215627,0.0754572562616246
2025-12-12,70,0.1917808219178082,41.709999084472656,41.87066513119068,0.11614436842858233,0.020046734778397784
2025-12-12,154,0.42191780821917807,41.709999084472656,42.196708504496854,0.024364680395103245,0.027496668761556542
2025-12-12,399,1.093150684931507,41.709999084472656,42.583811826948576,0.009242482192593205,0.01896654415536357
2025-12-15,25,0.0684931506849315,41.18000030517578,41.08759622698247,0.12484191757569364,-0.03279784911281939
2025-12-15,32,0.08767123287671233,41.18000030517578,41.117301792510304,0.06820189116110985,-0.017379793267231408
2025-12-15,39,0.10684931506849316,41.18000030517578,41.27874719507168,0.22046295699036395,0.022415330825623636
2025-12-15,46,0.12602739726027398,41.18000030517578,41.298441812847514,0.25452245550248526,0.022789185564280664
2025-12-15,67,0.18356164383561643,41.18000030517578,41.43983054092117,-0.022335680426917567,0.03426532655478939
2025-12-15,151,0.4136986301369863,41.18000030517578,41.565656528709674,0.03983855510380801,0.022532230948391834
2025-12-15,396,1.084931506849315,41.18000030517578,41.89997659058952,0.1285269971486263,0.01597571746321842
2025-12-16,24,0.06575342465753424,40.4900016784668,40.45508821882699,0.034709669728327924,-0.01311940145160815
2025-12-16,31,0.08493150684931507,40.4900016784668,40.49450050801718,0.1785778379199122,0.001308153745267856
2025-12-16,38,0.10410958904109589,40.4900016784668,40.397575754187805,0.05081055256948437,-0.02195085425627757
2025-12-16,45,0.1232876712328767,40.4900016784668,40.61092191324617,-0.028374596533818665,0.02418710276588729
2025-12-16,66,0.18082191780821918,40.4900016784668,40.53389028027796,0.09163778525102166,0.005991252344537706
2025-12-16,150,0.410958904109589,40.4900016784668,40.78378068962563,0.039888043482210055,0.017591536978600546
2025-12-16,395,1.082191780821918,40.4900016784668,40.986677304896084,0.09404370608759147,0.011266024039127465
2025-12-17,30,0.0821917808219178,36.0099983215332,36.876837748990226,-0.13146178547163795,0.28940873882252016
2025-12-17,37,0.10136986301369863,36.0099983215332,37.04190144135787,-1.2803091181502289,0.2787131340682544
2025-12-17,44,0.12054794520547946,36.0099983215332,36.84872117978639,-0.4371215955591142,0.19099689792590993
2025-12-17,65,0.1780821917808219,36.0099983215332,37.42036108670708,0.3403984190085215,0.21573375153430085
2025-12-17,149,0.40821917808219177,36.0099983215332,37.28963069174991,0.1168764097163576,0.08553899788703893
2025-12-17,394,1.0794520547945206,36.0099983215332,37.69423319680258,-0.015450756760613056,0.04234600869839398
2025-12-18,22,0.06027397260273973,38.58000183105469,38.70392342986198,0.17867132317844991,0.053205727718840676
2025-12-18,29,0.07945205479452055,38.58000183105469,38.636180970658046,-0.12131503909301455,0.018314357779012202
2025-12-18,36,0.09863013698630137,38.58000183105469,38.72865314885401,-0.10091909727775784,0.038990745659946036
2025-12-18,43,0.1178082191780822,38.58000183105469,38.83233291600716,0.11515697352252499,0.055337117332776964
2025-12-18,64,0.17534246575342466,38.58000183105469,38.65812344521167,0.22212552708071565,0.011536724411031804
2025-12-18,148,0.4054794520547945,38.58000183105469,38.98516220660307,0.08487268102803917,0.025764715092460626
2025-12-18,246,0.673972602739726,38.58000183105469,39.14473922986345,0.08116600170811311,0.021561683210405157
2025-12-18,393,1.0767123287671232,38.58000183105469,39.27898481194779,0.07205605500435433,0.01667630510401684
2025-12-19,21,0.057534246575342465,41.720001220703125,41.844064461923566,0.18032282533799754,0.051609237884369004
2025-12-19,28,0.07671232876712329,41.720001220703125,41.954310282375644,0.18476071268322514,0.07300673076947731
2025-12-19,35,0.0958904109589041,41.720001220703125,41.893066262572205,0.586355913892918,0.04317085313720471
2025-12-19,42,0.11506849315068493,41.720001220703125,41.89958638368726,0.18861157147193408,0.037328167413346526
2025-12-19,63,0.1726027397260274,41.720001220703125,41.99101944065726,0.04167726372277915,0.03751454465204554
2025-12-19,147,0.40273972602739727,41.720001220703125,41.66427211878573,0.2604037605241943,-0.0033189712163360133
2025-12-19,245,0.6712328767123288,41.720001220703125,41.950803790836744,0.023494868399846682,0.008219105792443664
2025-12-19,392,1.073972602739726,41.720001220703125,42.33760746823025,0.07735541950631263,0.01368293481692138
2025-12-22,25,0.0684931506849315,43.2599983215332,43.32156674859111,0.12491420228758425,0.020764216628151325
2025-12-22,32,0.08767123287671233,43.2599983215332,43.171645106021714,0.36619160826717284,-0.023319681901038832
2025-12-22,39,0.10684931506849316,43.2599983215332,43.13867420894418,0.15241317555518566,-0.02628443173781501
2025-12-22,60,0.1643835616438356,43.2599983215332,43.21547264542131,-0.051589229619602626,-0.006264540697812721
2025-12-22,144,0.39452054794520547,43.2599983215332,43.37976517796515,0.16544495702533732,0.007007773188432153
2025-12-22,242,0.663013698630137,43.2599983215332,43.68560253594812,0.02780972145244998,0.014766217790192741
2025-12-22,389,1.0657534246575342,43.2599983215332,43.60117657735359,0.0640001710661954,0.007371080216910362
2025-12-23,24,0.06575342465753424,43.70000076293945,43.710527747531906,0.0201813078800828,0.0036631260370800873
2025-12-23,31,0.08493150684931507,43.70000076293945,43.71874335651441,-0.41864006656182057,0.005048778267280719
2025-12-23,38,0.10410958904109589,43.70000076293945,43.762501732493185,-0.538634002329148,0.013727902706822542
2025-12-23,59,0.16164383561643836,43.70000076293945,43.791751361630276,-0.09696146826406249,0.01297516234974673
2025-12-23,143,0.3917808219178082,43.70000076293945,43.604040391834616,-0.0503388388379797,-0.005611055565273994
2025-12-23,241,0.6602739726027397,43.70000076293945,43.7427671228354,-0.002701909384498865,0.001481440599115574
2025-12-23,388,1.063013698630137,43.70000076293945,43.960647867022324,-0.024362809135993983,0.005594234131453284
2025-12-24,23,0.06301369863013699,44.209999084472656,44.12858508574089,-0.22804546517042654,-0.02925120750837735
2025-12-24,30,0.0821917808219178,44.209999084472656,44.00817183431769,-0.5408569829207759,-0.0556703712072671
2025-12-24,37,0.10136986301369863,44.209999084472656,44.070904719360016,-0.26535051451625874,-0.031085958381058317
2025-12-24,44,0.12054794520547946,44.209999084472656,44.01067572959929,-0.03150591868925372,-0.037485105327761795
2025-12-24,58,0.1589041095890411,44.209999084472656,44.100514750293975,-0.08756067555495069,-0.015603953912929344
2025-12-24,142,0.38904109589041097,44.209999084472656,44.1489940363483,-0.14584216747526466,-0.00354935632102842
2025-12-24,240,0.6575342465753424,44.209999084472656,44.14396890082378,0.017650096554015192,-0.002273150267829415
2025-12-24,387,1.0602739726027397,44.209999084472656,44.45954003675884,0.03604850155406423,0.005308605083633697
2025-12-26,21,0.057534246575342465,44.209999084472656,44.27309445144027,-0.05736888718841872,0.02478796142348261
2025-12-26,28,0.07671232876712329,44.209999084472656,44.20864562261233,-0.08760555423611195,-0.00039908646344055177
2025-12-26,35,0.0958904109589041,44.209999084472656,44.38255630463978,-0.33331736835355225,0.040624803377572
2025-12-26,42,0.11506849315068493,44.209999084472656,44.41930340865494,-0.563648797291795,0.041046416391839924
2025-12-26,56,0.15342465753424658,44.209999084472656,44.29819749952163,-0.0392749676238254,0.012990093166178489
2025-12-26,140,0.3835616438356164,44.209999084472656,44.392401962075986,-0.0873354372037687,0.010734495355933639
2025-12-26,238,0.6520547945205479,44.209999084472656,44.599103544562794,-0.016969283833951698,0.013438704646305352
2025-12-26,385,1.0547945205479452,44.209999084472656,44.661606741343654,0.039488569604040125,0.009635275523498764
2025-12-29,25,0.0684931506849315,43.81999969482422,43.763880522992416,-0.6832155003516179,-0.018709836075666973
2025-12-29,32,0.08767123287671233,43.81999969482422,43.76021656611543,-0.5339271169742553,-0.01557204233693633
2025-12-29,39,0.10684931506849316,43.81999969482422,43.704003032589135,-0.39630127850372865,-0.024807147510703714
2025-12-29,53,0.14520547945205478,43.81999969482422,43.83255331980556,-0.379117557273429,0.0019726569824815576
2025-12-29,137,0.37534246575342467,43.81999969482422,43.91389693818718,-0.1292911202654147,0.005702796607426142
2025-12-29,235,0.6438356164383562,43.81999969482422,44.25816960471803,-0.020137205881762422,0.015453713325949497
2025-12-29,382,1.0465753424657533,43.81999969482422,44.360043434259985,-0.014070908822320238,0.01170371010367066
2025-12-30,24,0.06575342465753424,43.66999816894531,43.87404021341381,0.378572464504746,0.07089334928438103
2025-12-30,31,0.08493150684931507,43.66999816894531,43.77813018708563,0.5046191661638982,0.029118243767778957
2025-12-30,38,0.10410958904109589,43.66999816894531,44.009129559543375,0.13737230599096992,0.07430417205508048
2025-12-30,52,0.14246575342465753,43.66999816894531,43.81262334970443,0.17771152549571087,0.022887287254382695
2025-12-30,136,0.3726027397260274,43.66999816894531,44.2181769051466,0.010712482229930565,0.033479681834051415
2025-12-30,234,0.6410958904109589,43.66999816894531,44.34393607238229,-0.09436238601226071,0.023888228185407482
2025-12-30,381,1.0438356164383562,43.66999816894531,44.38046765271498,0.05399974013423207,0.01546041262827016
2025-12-31,23,0.06301369863013699,42.029998779296875,42.28410814846128,0.4226984523415458,0.0956570036265855
2025-12-31,30,0.0821917808219178,42.029998779296875,42.279696146078685,0.5551762043822983,0.07206747728016778
2025-12-31,37,0.10136986301369863,42.029998779296875,42.62218851126239,0.0696730229820509,0.13802282413017858
2025-12-31,44,0.12054794520547946,42.029998779296875,42.73998000833402,0.1597235107007482,0.1389585043378724
2025-12-31,51,0.13972602739726028,42.029998779296875,42.36137856502617,0.3239732353606478,0.05620602263258905
2025-12-31,135,0.3698630136986301,42.029998779296875,42.48819121959589,0.030626676339066742,0.029315079611472752
2025-12-31,233,0.6383561643835617,42.029998779296875,42.70320553697687,0.11400762763217881,0.024892637454825492
2025-12-31,380,1.0410958904109588,42.029998779296875,42.8088492156077,0.14146942343688942,0.017636433671584965
2026-01-02,21,0.057534246575342465,47.2400016784668,47.279059957630906,-0.04751226131281282,0.014364724260350327
2026-01-02,28,0.07671232876712329,47.2400016784668,47.32481256433438,-0.3547919715995772,0.023382286144416866
2026-01-02,35,0.0958904109589041,47.2400016784668,47.27270689459245,0.09103147485930624,0.007217414487772805
2026-01-02,42,0.11506849315068493,47.2400016784668,47.34707587151878,-0.47129435369949324,0.019675544417138528
2026-01-02,49,0.13424657534246576,47.2400016784668,47.18868023581664,-0.028187851586010778,-0.008096955476153297
2026-01-02,133,0.3643835616438356,47.2400016784668,47.2497774576786,-0.13145539011378732,0.000567855414605598
2026-01-02,231,0.6328767123287671,47.2400016784668,47.2485934949697,0.0055159680947176135,0.0002873534941923974
2026-01-02,378,1.0356164383561643,47.2400016784668,47.53621552728492,0.01346339255396648,0.00603585033890797
2026-01-05,25,0.0684931506849315,49.220001220703125,49.34743960057668,0.20350208861832716,0.03775285971475765
2026-01-05,32,0.08767123287671233,49.220001220703125,49.48925591750108,0.029086571907171982,0.06222707153579716
2026-01-05,39,0.10684931506849316,49.220001220703125,49.38906735245504,-0.3704864124721066,0.03209212226284621
2026-01-05,46,0.12602739726027398,49.220001220703125,49.416758485125364,0.2270928786634582,0.031656112696468695
2026-01-05,130,0.3561643835616438,49.220001220703125,49.50915130090816,0.00451602893042726,0.016445938335526027
2026-01-05,228,0.6246575342465753,49.220001220703125,49.606680869676644,-0.013733130241760491,0.012527584189088458
2026-01-05,375,1.0273972602739727,49.220001220703125,49.98614291689133,0.09802307078021878,0.015033868775491507
2026-01-06,24,0.06575342465753424,54.0099983215332,54.019595049904076,-0.36414075815178804,0.0027020419091240287
2026-01-06,31,0.08493150684931507,54.0099983215332,53.97086048600304,-0.1761728958965606,-0.008535151060388131
2026-01-06,38,0.10410958904109589,54.0099983215332,53.81673096897403,-0.43885837361508206,-0.03443275672651749
2026-01-06,45,0.1232876712328767,54.0099983215332,54.09216092213985,-0.1450140132761628,0.012329635516745574
2026-01-06,129,0.35342465753424657,54.0099983215332,54.16928366896312,0.0027753623232370725,0.008332305719310993
2026-01-06,227,0.6219178082191781,54.0099983215332,54.02476092083517,-0.01393299884214204,0.00043943670455933115
2026-01-06,374,1.0246575342465754,54.0099983215332,54.3510278937132,0.02777999588069984,0.006142874216989388
2026-01-07,23,0.06301369863013699,52.290000915527344,52.28018687003891,0.07021672995388575,-0.002978757878905479
2026-01-07,30,0.0821917808219178,52.290000915527344,52.029995571011554,-0.27809695422107644,-0.06064810228441798
2026-01-07,37,0.10136986301369863,52.290000915527344,52.331456465930565,0.11911519355368749,0.007817773414077557
2026-01-07,44,0.12054794520547946,52.290000915527344,52.22273053590339,0.09650594308353429,-0.010678860761561
2026-01-07,128,0.3506849315068493,52.290000915527344,52.33946967960704,-0.0072245770593125,0.002696434996367576
2026-01-07,226,0.6191780821917808,52.290000915527344,52.44083422774767,-0.024487692567448573,0.004651975540305255
2026-01-07,373,1.021917808219178,52.290000915527344,52.971616110021216,0.02573461960843253,0.01267328858528035
2026-01-08,22,0.06027397260273973,49.650001525878906,49.62549535649867,0.08228353285794496,-0.008190936321256063
2026-01-08,29,0.07945205479452055,49.650001525878906,49.52070895784178,-0.3775122431750756,-0.0328182368676784
2026-01-08,36,0.09863013698630137,49.650001525878906,49.64065894749978,-0.34429798343002793,-0.0019080014968105964
2026-01-08,43,0.1178082191780822,49.650001525878906,49.75084019856665,-0.005909304729582811,0.017222318320922733
2026-01-08,50,0.136986301369863,49.650001525878906,49.46072838200213,-0.5067731547740996,-0.02788185762068397
2026-01-08,127,0.34794520547945207,49.650001525878906,49.798095219105434,0.10000076737217396,0.008559719794895724
2026-01-08,225,0.6164383561643836,49.650001525878906,49.90133653368964,-0.020990106086955014,0.008191192787854792
2026-01-08,372,1.0191780821917809,49.650001525878906,50.3555395786043,0.001490417357181491,0.013844698544298447
2026-01-09,21,0.057534246575342465,53.95000076293945,54.074184464554726,-0.19969383891225356,0.03996201314647043
2026-01-09,28,0.07671232876712329,53.95000076293945,53.88932527079906,0.021565264377930878,-0.014669017180314227
2026-01-09,35,0.0958904109589041,53.95000076293945,53.91942855733525,-0.10326631287563326,-0.005911302959848243
2026-01-09,42,0.11506849315068493,53.95000076293945,54.12622417033649,0.023568372252825202,0.02834049180315283
2026-01-09,49,0.13424657534246576,53.95000076293945,53.75572786784943,0.2209607509402772,-0.026872041414615702
2026-01-09,126,0.3452054794520548,53.95000076293945,54.19578912751693,-0.06164251748449598,0.013167543616955917
2026-01-09,224,0.6136986301369863,53.95000076293945,53.910813743678666,-0.044840961931653926,-0.0011840046165160177
2026-01-09,371,1.0164383561643835,53.95000076293945,54.26844611070007,0.03591344167946403,0.005790070021466435
2026-01-12,25,0.0684931506849315,54.650001525878906,54.63754727611381,-0.1912301167871677,-0.0033275894527936907
2026-01-12,32,0.08767123287671233,54.650001525878906,54.27448805820272,-0.5265217289669591,-0.07864562828434177
2026-01-12,39,0.10684931506849316,54.650001525878906,54.6317804503772,-0.0730037699099966,-0.003120933368944269
2026-01-12,46,0.12602739726027398,54.650001525878906,54.5097260800329,-0.19353889369400507,-0.02039315790206272
2026-01-12,123,0.336986301369863,54.650001525878906,54.63269060040175,-0.0027262310640183986,-0.0009401272778982729
2026-01-12,221,0.6054794520547945,54.650001525878906,54.759795614493655,0.03272870895575157,0.0033147705939457397
2026-01-12,368,1.0082191780821919,54.650001525878906,54.918855755755956,0.04181951463276064,0.004867496572218102
2026-01-13,24,0.06575342465753424,56.06999969482422,56.40876482180943,0.19799150459803772,0.09160962201634154
2026-01-13,31,0.08493150684931507,56.06999969482422,56.317429340630525,0.15749478085013907,0.051843685209121276
2026-01-13,38,0.10410958904109589,56.06999969482422,56.21892291462807,0.2528475185453789,0.025477981656355217
2026-01-13,45,0.1232876712328767,56.06999969482422,56.04645998264445,0.05975776386721696,-0.003405980252471738
2026-01-13,122,0.33424657534246577,56.06999969482422,56.03190863560489,0.09782580240263417,-0.002033167176977151
2026-01-13,220,0.6027397260273972,56.06999969482422,56.290539121457954,-0.020308995759298412,0.006512881329200513
2026-01-13,367,1.0054794520547945,56.06999969482422,56.376365911063765,0.007524102399001491,0.0054194263706316935
2026-01-14,23,0.06301369863013699,55.380001068115234,55.06969755994259,-0.48232003396695183,-0.08916990770413047
2026-01-14,30,0.0821917808219178,55.380001068115234,55.39803753225533,-0.40009373129965753,0.003961861967397598
2026-01-14,37,0.10136986301369863,55.380001068115234,55.46572382303495,0.15262902272069595,0.015258027543108116
2026-01-14,44,0.12054794520547946,55.380001068115234,55.58897773645099,-0.18825532492292235,0.031244020107895645
2026-01-14,121,0.3315068493150685,55.380001068115234,55.60541141157066,0.06615206891556673,0.012253101392351029
2026-01-14,219,0.6,55.380001068115234,55.721840360506405,-0.03510557472284296,0.010256066767373215
2026-01-14,366,1.0027397260273974,55.380001068115234,55.82358469787621,-0.01863357756310981,0.007956110333740513
2026-01-15,22,0.06027397260273973,58.08000183105469,58.592316549834514,0.5875354428293046,0.14570416826997307
2026-01-15,29,0.07945205479452055,58.08000183105469,58.69325956295977,0.4791732415781926,0.1321990935950717
2026-01-15,36,0.09863013698630137,58.08000183105469,58.61198865050981,0.35079596537534696,0.09244495013129936
2026-01-15,43,0.1178082191780822,58.08000183105469,58.78389642859676,-0.156611095082977,0.10225555716226231
2026-01-15,64,0.17534246575342466,58.08000183105469,58.41462677567478,-0.02127706947815357,0.03276396789918154
2026-01-15,120,0.3287671232876712,58.08000183105469,58.947742042915124,0.049795184672835655,0.045107677250008346
2026-01-15,218,0.5972602739726027,58.08000183105469,59.07189219047497,0.06292861795399037,0.028352483030928168
2026-01-15,365,1.0,58.08000183105469,58.815382457810855,0.05841356508128626,0.01258202507397793
2026-01-16,21,0.057534246575342465,60.75,60.68497366409933,-0.3128586207341467,-0.018614402782361008
2026-01-16,28,0.07671232876712329,60.75,60.71560193525758,-0.08093567430106127,-0.0073832154751049504
2026-01-16,35,0.0958904109589041,60.75,60.75388938133969,0.19581553258735232,0.0006676443253676381
2026-01-16,42,0.11506849315068493,60.75,60.7090971517473,-0.20481946831518072,-0.00585325019922189
2026-01-16,63,0.1726027397260274,60.75,60.83643238054869,-0.018356474851518218,0.00823708870652228
2026-01-16,119,0.32602739726027397,60.75,60.97910260541806,0.053402836275907715,0.011545480690338953
2026-01-16,217,0.5945205479452055,60.75,61.06261995751411,0.01705393186741873,0.008633531846742187
2026-01-16,364,0.9972602739726028,60.75,61.09636729900253,0.03901189883007986,0.005700946211948609
2026-01-20,24,0.06575342465753424,57.939998626708984,58.26937248490298,0.16460945679155364,0.08621061782628335
2026-01-20,31,0.08493150684931507,57.939998626708984,58.36627838039184,-0.16710443152920423,0.0863087174542739
2026-01-20,38,0.10410958904109589,57.939998626708984,58.229636640860065,-0.026718794440652487,0.04789642499381944
2026-01-20,59,0.16164383561643836,57.939998626708984,58.3821608397683,-0.026855610760119955,0.04703185512467368
2026-01-20,115,0.3150684931506849,57.939998626708984,58.545620084191654,-0.025375091954143753,0.03300333868284254
2026-01-20,213,0.5835616438356165,57.939998626708984,59.13290212033294,0.07589160944705857,0.03492265220215373
2026-01-20,360,0.9863013698630136,57.939998626708984,58.969319948747774,0.01571467276458896,0.017853913305311823
2026-01-21,23,0.06301369863013699,63.47999954223633,63.699435910392054,0.3366266631435791,0.054762992127233824
2026-01-21,30,0.0821917808219178,63.47999954223633,63.91192492883479,-0.041613270845025384,0.08250306858113583
2026-01-21,37,0.10136986301369863,63.47999954223633,63.84907822008293,-0.15736677790096368,0.05718915965585552
2026-01-21,58,0.1589041095890411,63.47999954223633,63.86282160187784,0.07101934353372087,0.037837171494637264
2026-01-21,114,0.31232876712328766,63.47999954223633,64.17808798596182,-0.00901474286306923,0.0350174447927583
2026-01-21,212,0.5808219178082191,63.47999954223633,64.38227659307105,0.04904181122806907,0.02429918391795266
2026-01-21,359,0.9835616438356164,63.47999954223633,64.57336739682194,0.027231767402454764,0.01736258021354438
2026-01-22,22,0.06027397260273973,63.720001220703125,63.421752717926985,-0.14778499109033585,-0.0778378891130584
2026-01-22,29,0.07945205479452055,63.720001220703125,63.37566022774688,-0.13485914858698558,-0.06819992964632408
2026-01-22,36,0.09863013698630137,63.720001220703125,63.38566728003415,0.025761051797175548,-0.05333802235531338
2026-01-22,43,0.1178082191780822,63.720001220703125,63.17277353748324,-0.032340249892090445,-0.07321300996117684
2026-01-22,57,0.15616438356164383,63.720001220703125,63.59094502152458,-0.022988989181923405,-0.012982588080286166
2026-01-22,113,0.3095890410958904,63.720001220703125,63.33415863447856,0.02588745273742315,-0.019618555293366792
2026-01-22,211,0.5780821917808219,63.720001220703125,63.73478298326732,0.013481554757475199,0.00040124578826940206
2026-01-22,358,0.9808219178082191,63.720001220703125,63.715535017526214,0.04924120259226104,-7.146407208329072e-05
2026-01-23,21,0.057534246575342465,61.599998474121094,61.1311205585167,0.43692076716690503,-0.13280387950947037
2026-01-23,28,0.07671232876712329,61.599998474121094,61.22805786037297,0.23260383944370094,-0.07894819044673689
2026-01-23,35,0.0958904109589041,61.599998474121094,61.508961582601735,0.046662703610715395,-0.015423489865552304
2026-01-23,42,0.11506849315068493,61.599998474121094,61.51672347472196,0.27273385176308607,-0.011756315445209267
2026-01-23,56,0.15342465753424658,61.599998474121094,61.55975175114444,0.31364499471662693,-0.004259872234034345
2026-01-23,112,0.30684931506849317,61.599998474121094,61.615709762107706,0.05169636207731801,0.0008310947739365447
2026-01-23,210,0.5753424657534246,61.599998474121094,61.65284718671743,0.032681519456926864,0.0014905311246980748
2026-01-23,357,0.9780821917808219,61.599998474121094,61.95867042044185,0.04831390070389893,0.005935810837383925
2026-01-26,25,0.0684931506849315,60.70000076293945,60.849316561074254,-0.8714740887977054,0.0358704071294246
2026-01-26,32,0.08767123287671233,60.70000076293945,60.898149591718095,0.0068615052050864265,0.03717387266474713
2026-01-26,39,0.10684931506849316,60.70000076293945,60.798511100676315,-0.02721341149251346,0.015176415132321411
2026-01-26,53,0.14520547945205478,60.70000076293945,60.93731971021592,0.21933443144501538,0.026872811772376715
2026-01-26,109,0.29863013698630136,60.70000076293945,61.191415700020535,0.14305703108784906,0.027000632914694674
2026-01-26,207,0.5671232876712329,60.70000076293945,61.696609734556546,0.027971091356547437,0.028715574805612595
2026-01-26,354,0.9698630136986301,60.70000076293945,61.8031292861203,0.05675856785865626,0.018569929970095513
2026-01-27,24,0.06575342465753424,64.95999908447266,65.52340252246707,0.12150802409402274,0.13133441387718608
2026-01-27,31,0.08493150684931507,64.95999908447266,65.35305856380367,-0.23051060848620852,0.07102852936080824
2026-01-27,38,0.10410958904109589,64.95999908447266,65.37877056510236,-0.1428075496773084,0.06172260374279243
2026-01-27,52,0.14246575342465753,64.95999908447266,65.36506148316433,-0.08932444468583818,0.04363298348671205
2026-01-27,108,0.2958904109589041,64.95999908447266,65.43079509063317,0.18460521822905923,0.024405450651887102
2026-01-27,206,0.5643835616438356,64.95999908447266,65.91395688388363,0.029858699371851212,0.025830883720276143
2026-01-27,353,0.9671232876712329,64.95999908447266,66.20153079996412,0.03942630973108646,0.01957548228210991
2026-01-28,23,0.06301369863013699,70.08999633789062,70.26290824217497,-0.04089044873155799,0.0391019785217939
2026-01-28,30,0.0821917808219178,70.08999633789062,70.56202955679022,0.08546632837648678,0.08166384173871179
2026-01-28,37,0.10136986301369863,70.08999633789062,70.74137436335766,0.004546231132156813,0.09125526489418909
2026-01-28,51,0.13972602739726028,70.08999633789062,70.5545145656867,0.08955405331253237,0.04727529380170075
2026-01-28,107,0.29315068493150687,70.08999633789062,70.63257943885591,0.04762272468322399,0.026305328042290403
2026-01-28,205,0.5616438356164384,70.08999633789062,70.88363775859924,0.05667736074970664,0.02004749056539118
2026-01-28,352,0.9643835616438357,70.08999633789062,71.35378378074074,0.001988248737968325,0.018530278022862345
2026-01-29,22,0.06027397260273973,70.47000122070312,70.05316684128218,-0.18279773824208265,-0.09842763544201624
2026-01-29,29,0.07945205479452055,70.47000122070312,70.1380466270306,0.03636824392079976,-0.05942841853623466
2026-01-29,36,0.09863013698630137,70.47000122070312,70.1521596962601,0.06770972926264979,-0.04583296640224432
2026-01-29,43,0.1178082191780822,70.47000122070312,70.3862447741932,-0.07202927679324739,-0.010094773745197986
2026-01-29,50,0.136986301369863,70.47000122070312,70.26330310027245,0.08082403500201132,-0.021443358718745434
2026-01-29,106,0.29041095890410956,70.47000122070312,70.36017055972458,0.1736057170628308,-0.0053708740882789045
2026-01-29,204,0.5589041095890411,70.47000122070312,70.75469109048578,0.05782891193275973,0.007213643200544484
2026-01-29,351,0.9616438356164384,70.47000122070312,71.24512588460217,0.010697375285309778,0.011375629006520257
2026-01-30,21,0.057534246575342465,61.790000915527344,62.00722644555596,0.11611956898578116,0.06099636556919515
2026-01-30,28,0.07671232876712329,61.790000915527344,62.06677417478563,-0.41658275309950193,0.058259923729906155
2026-01-30,35,0.0958904109589041,61.790000915527344,62.158324951945026,-0.30604291612824214,0.06197913206020941
2026-01-30,42,0.11506849315068493,61.790000915527344,62.14851624181518,-0.1197037169084395,0.05027779368017129
2026-01-30,49,0.13424657534246576,61.790000915527344,62.2246212913236,-0.05598304768169206,0.052211449043450105
2026-01-30,105,0.2876712328767123,61.790000915527344,62.23721197714444,0.024787221190135357,0.02506865282765433
2026-01-30,203,0.5561643835616439,61.790000915527344,62.67075596365121,0.024054994755315775,0.025448182768690427
2026-01-30,350,0.958904109589041,61.790000915527344,62.88469231623708,0.061272127729453355,0.018313838288247702
2026-02-02,25,0.0684931506849315,65.19999694824219,65.06571050945635,0.29867537297753505,-0.030101286655251733
2026-02-02,32,0.08767123287671233,65.19999694824219,64.96230349487563,0.2637254104094101,-0.04165866701738186
2026-02-02,39,0.10684931506849316,65.19999694824219,65.2361667701092,-0.08673968496982823,0.005190469183524402
2026-02-02,46,0.12602739726027398,65.19999694824219,65.1046418198041,0.15391462461968383,-0.01161312992375011
2026-02-02,102,0.27945205479452057,65.19999694824219,65.09534756096522,0.02298817153967502,-0.005748182830081003
2026-02-02,200,0.547945205479452,65.19999694824219,65.4244843798809,0.020526162343635575,0.006272789938199686
2026-02-02,347,0.9506849315068493,65.19999694824219,65.78525498777019,0.033657547300764985,0.009399857371569753
2026-02-03,24,0.06575342465753424,61.20000076293945,61.05060665675364,-0.21433002065298487,-0.037170146535144354
2026-02-03,31,0.08493150684931507,61.20000076293945,60.57878355634945,-0.3194422725978928,-0.12012593347532093
2026-02-03,38,0.10410958904109589,61.20000076293945,60.5395391906673,0.07440385581882468,-0.10422200462642499
2026-02-03,45,0.1232876712328767,61.20000076293945,60.87695767551776,-0.07934063858041508,-0.0429277486165237
2026-02-03,101,0.27671232876712326,61.20000076293945,60.87961175411258,0.11240225973802785,-0.018968673014878187
2026-02-03,199,0.5452054794520548,61.20000076293945,60.75412759281102,-0.02028286924966215,-0.013411784057638161
2026-02-03,346,0.947945205479452,61.20000076293945,61.427313264718244,-0.013333140108480567,0.00391095991556809
2026-02-04,23,0.06301369863013699,53.189998626708984,54.33231516456283,-0.3514888745029875,0.33720905433014353
2026-02-04,30,0.0821917808219178,53.189998626708984,54.61873752209635,-0.5624472775309225,0.32249719787565273
2026-02-04,37,0.10136986301369863,53.189998626708984,54.754192526489625,-0.11384356747136076,0.2859188894393331
2026-02-04,44,0.12054794520547946,53.189998626708984,54.3860080696276,-0.3712666374253438,0.18446215074965808
2026-02-04,100,0.273972602739726,53.189998626708984,54.561390952817334,0.05026358569349978,0.09291485361418321
2026-02-04,198,0.5424657534246575,53.189998626708984,54.867856472311516,0.052171460195619836,0.05725209676114763
2026-02-04,345,0.9452054794520548,53.189998626708984,55.30325605758389,-0.006321138590725241,0.04122003584434091
2026-02-05,22,0.06027397260273973,53.25,53.494546248512336,-0.014861846531835086,0.07601796659928796
2026-02-05,29,0.07945205479452055,53.25,53.60637320097394,0.07677082012145103,0.0839520065190974
2026-02-05,36,0.09863013698630137,53.25,53.44169426306556,-0.06291148044893792,0.03643336885178564
2026-02-05,43,0.1178082191780822,53.25,53.3658904406445,0.18295943505802217,0.01845356382781864
2026-02-05,50,0.136986301369863,53.25,53.42197753451325,0.15970874301861787,0.023538273475049117
2026-02-05,99,0.27123287671232876,53.25,53.46838032665494,0.04335803625766797,0.015089072932612264
2026-02-05,197,0.5397260273972603,53.25,53.826094536754646,0.024133750833354294,0.019937103285485324
2026-02-05,344,0.9424657534246575,53.25,53.91132122992,0.02135640963728447,0.01309617097108851
2026-02-06,21,0.057534246575342465,61.75,61.575603757395704,-0.0855618553271076,-0.04915726688157615
2026-02-06,28,0.07671232876712329,61.75,61.44380080347007,-0.2984168543682105,-0.06480088176558509
2026-02-06,35,0.0958904109589041,61.75,61.59462048034563,0.18775521159721903,-0.026274145886034744
2026-02-06,42,0.11506849315068493,61.75,61.47997522485992,0.04892626147744269,-0.0380856626921321
2026-02-06,49,0.13424657534246576,61.75,61.46108892656372,-0.0031107646459400114,-0.03493348939501932
2026-02-06,98,0.2684931506849315,61.75,61.5418317457969,0.05612471688153413,-0.01257700959401589
2026-02-06,196,0.536986301369863,61.75,61.55570003414688,-0.018287275362864987,-0.005868900131357498
2026-02-06,343,0.9397260273972603,61.75,62.33672382887591,-0.00037333972677083447,0.010063299195784801
2026-02-09,25,0.0684931506849315,64.02999877929688,64.73838822351259,-0.3997787417260937,0.1606386546109848
2026-02-09,32,0.08767123287671233,64.02999877929688,64.9501854249214,-0.21776238188615848,0.16275456686691772
2026-02-09,39,0.10684931506849316,64.02999877929688,64.82122386691763,0.12271395270830134,0.11494106507656177
2026-02-09,46,0.12602739726027398,64.02999877929688,64.84269743756066,0.07438303683540434,0.10007818341989053
2026-02-09,95,0.2602739726027397,64.02999877929688,64.53172170270877,0.13653405612688965,0.029988429896612486
2026-02-09,193,0.5287671232876713,64.02999877929688,64.79980413970921,0.02774088266320596,0.022601398282560654
2026-02-09,340,0.9315068493150684,64.02999877929688,65.3936096807096,0.035177293441577495,0.022622311295179418
2026-02-10,24,0.06575342465753424,63.34000015258789,63.742708015063506,0.02599824237424985,0.09638661305064104
2026-02-10,31,0.08493150684931507,63.34000015258789,63.662396527694106,0.1252885997573925,0.059777855737957956
2026-02-10,38,0.10410958904109589,63.34000015258789,63.593258576183025,0.23454629876748015,0.03832907242625603
2026-02-10,45,0.1232876712328767,63.34000015258789,63.741939136145156,-0.0944165193705071,0.05130835498561667
2026-02-10,94,0.25753424657534246,63.34000015258789,63.784219952935345,-0.03239291556345371,0.027137284344263764
2026-02-10,192,0.5260273972602739,63.34000015258789,64.2185080365963,0.05850586988211544,0.026185732674322917
2026-02-10,339,0.9287671232876712,63.34000015258789,63.97534581867782,0.03133574782995097,0.01074622883373131
2026-02-11,23,0.06301369863013699,68.05000305175781,68.01979143418218,-0.1926016610866319,-0.007047048834447458
2026-02-11,30,0.0821917808219178,68.05000305175781,68.01000905104624,-0.3743930524557711,-0.007152633339042916
2026-02-11,37,0.10136986301369863,68.05000305175781,68.14157017985583,-0.006723930559560952,0.013265100907881374
2026-02-11,44,0.12054794520547946,68.05000305175781,68.03224053332438,0.09662979803404756,-0.002165575187948528
2026-02-11,93,0.2547945205479452,68.05000305175781,68.1698881067814,0.07513162069894735,0.0069081942626742715
2026-02-11,191,0.5232876712328767,68.05000305175781,68.30113848025134,0.05328849052826885,0.007039457481555584
2026-02-11,338,0.9260273972602739,68.05000305175781,68.61009010760023,0.03094232921410167,0.008851612936419699
2026-02-12,36,0.09863013698630137,63.099998474121094,64.95270770339101,-0.3487921824638065,0.29340612119553544
2026-02-12,43,0.1178082191780822,63.099998474121094,64.85521778631042,-0.056046883464853,0.23289225202469863
2026-02-12,49,0.13424657534246576,63.099998474121094,64.97365020533026,0.0867281514372778,0.21796504536527375
2026-02-12,92,0.25205479452054796,63.099998474121094,64.95210439678242,0.03653542733322747,0.11477424002149629
2026-02-12,190,0.5205479452054794,63.099998474121094,65.27094872419289,0.07018882293856492,0.06498210754048811
2026-02-12,337,0.9232876712328767,63.099998474121094,65.4372505657475,0.011941510815415004,0.0393928486188261
2026-02-13,21,0.057534246575342465,64.58999633789062,64.36350107741025,-0.055173372703670766,-0.06105623289089428
2026-02-13,28,0.07671232876712329,64.58999633789062,64.35977771886827,-0.044047010647143135,-0.04654629837607939
2026-02-13,35,0.0958904109589041,64.58999633789062,64.51752674809984,0.016086643361704053,-0.011707363828848965
2026-02-13,42,0.11506849315068493,64.58999633789062,64.29745331823472,-0.008161486414428905,-0.03945058296476434
2026-02-13,48,0.13150684931506848,64.58999633789062,64.4383759719096,-0.013482241597232447,-0.017871217671299903
2026-02-13,91,0.2493150684931507,64.58999633789062,64.56282342088691,0.020711464080786147,-0.001687772257859125
2026-02-13,189,0.5178082191780822,64.58999633789062,64.17406264250633,0.013003065500129718,-0.012476478218404257
2026-02-13,336,0.9205479452054794,64.58999633789062,64.98699167314216,0.027084108721251318,0.006656446790350774
2026-02-17,24,0.06575342465753424,64.3499984741211,64.46679542289358,-0.5143525413399644,0.02757850684318463
2026-02-17,31,0.08493150684931507,64.3499984741211,64.73375001659737,-0.12526223874852882,0.07000692650635888
2026-02-17,38,0.10410958904109589,64.3499984741211,64.60084469444823,-0.15132016456138053,0.03737000764677243
2026-02-17,44,0.12054794520547946,64.3499984741211,64.56564317054243,-0.08801417115823472,0.027752605080409803
2026-02-17,87,0.23835616438356164,64.3499984741211,64.65869336904463,-0.03439942869422709,0.020077743988418453
2026-02-17,185,0.5068493150684932,64.3499984741211,64.6902714376667,0.002820477988685978,0.01040529312366556
2026-02-17,332,0.9095890410958904,64.3499984741211,64.8242518300653,0.03182630441338537,0.008072744191918245
2026-02-18,23,0.06301369863013699,66.29000091552734,66.29462127287572,-0.10481680257541404,0.0011060568124280352
2026-02-18,30,0.0821917808219178,66.29000091552734,66.30290013422892,-0.024674035463998448,0.0023672533515016526
2026-02-18,37,0.10136986301369863,66.29000091552734,66.24798804984786,0.04897565620338276,-0.006254074920414562
2026-02-18,43,0.1178082191780822,66.29000091552734,66.32092369063402,0.0008205511106048932,0.003958708934296332
2026-02-18,86,0.2356164383561644,66.29000091552734,66.1976807155442,0.104018211470188,-0.005914876963259367
2026-02-18,184,0.5041095890410959,66.29000091552734,66.58520597124622,0.034187195626323615,0.008814254558400096
2026-02-18,331,0.9068493150684932,66.29000091552734,66.82551137339728,0.02314542003180074,0.008872305711891858
2026-02-19,22,0.06027397260273973,65.2300033569336,64.8470080897049,0.10962741198958872,-0.09769993871488879
2026-02-19,29,0.07945205479452055,65.2300033569336,64.98753126438567,-0.031426298488117343,-0.04687245015731451
2026-02-19,36,0.09863013698630137,65.2300033569336,64.84489608286847,0.18236592786324,-0.06003573767716445
2026-02-19,42,0.11506849315068493,65.2300033569336,64.87315252226736,-0.10197873932959384,-0.04767311658509288
2026-02-19,57,0.15616438356164383,65.2300033569336,64.83304592922508,0.0550022243118013,-0.039087631376017826
2026-02-19,85,0.2328767123287671,65.2300033569336,64.89722793785391,0.0019378468092473486,-0.02196281132637562
2026-02-19,183,0.5013698630136987,65.2300033569336,65.1089518263138,0.05061269703095153,-0.003704827103240626
2026-02-19,330,0.9041095890410958,65.2300033569336,65.88862009766679,0.024809158311466805,0.011111711502528241
2026-02-20,21,0.057534246575342465,67.11000061035156,66.9538767312872,-0.2731440295017997,-0.04048194022210368
2026-02-20,28,0.07671232876712329,67.11000061035156,67.04307152791517,0.01937188008564598,-0.013007059093406197
2026-02-20,35,0.0958904109589041,67.11000061035156,66.81187777400802,-0.09016952066134896,-0.046430060067268
2026-02-20,41,0.11232876712328767,67.11000061035156,66.91991719121701,-0.19963003292701495,-0.025251185864818518
2026-02-20,56,0.15342465753424658,67.11000061035156,66.86004765627885,-0.1390324002260127,-0.024321250287167296
2026-02-20,84,0.23013698630136986,67.11000061035156,67.14844798814855,0.1292382119437249,0.002488677874296657
2026-02-20,182,0.4986301369863014,67.11000061035156,67.24844614934015,0.022480002880186742,0.0041330020213075705
2026-02-20,329,0.9013698630136986,67.11000061035156,67.59043009672264,0.036547379704462354,0.00791388023790728
2026-02-23,25,0.0684931506849315,65.86000061035156,65.42183423478238,0.04861574064083439,-0.09745830937180056
2026-02-23,32,0.08767123287671233,65.86000061035156,65.2194853190062,-0.010740422832239369,-0.11147336503086708
2026-02-23,38,0.10410958904109589,65.86000061035156,65.13491443973749,-0.10137589001024605,-0.10633564835331077
2026-02-23,53,0.14520547945205478,65.86000061035156,65.3557591791167,-0.036151121340428645,-0.052929970951407106
2026-02-23,81,0.2219178082191781,65.86000061035156,65.45767150793016,-0.018258777015445066,-0.0276119751027092
2026-02-23,179,0.4904109589041096,65.86000061035156,65.85733327948104,0.05690031722914633,-8.258549743782546e-05
2026-02-23,326,0.8931506849315068,65.86000061035156,66.1303562064752,0.02761297864503703,0.004586686192673922
2026-02-24,24,0.06575342465753424,68.52999877929688,68.85308822078086,-0.02273248981476125,0.07153225463943712
2026-02-24,31,0.08493150684931507,68.52999877929688,68.87305808856848,-0.2026202507498781,0.058794253798896655
2026-02-24,37,0.10136986301369863,68.52999877929688,68.95895680014172,0.21358443585069975,0.061555877282458246
2026-02-24,52,0.14246575342465753,68.52999877929688,69.103430140996,-0.06160873648361254,0.058489719825243945
2026-02-24,80,0.2191780821917808,68.52999877929688,68.93485957353413,0.14507482164611563,0.026874980802817222
2026-02-24,178,0.4876712328767123,68.52999877929688,69.35241637764193,0.051560042600619575,0.024461975177906867
2026-02-24,325,0.8904109589041096,68.52999877929688,69.3426034489803,0.011863196405381334,0.01323871610497729
2026-02-25,23,0.06301369863013699,71.86000061035156,71.90501461465726,-0.022549025963652054,0.00993778214054911
2026-02-25,30,0.0821917808219178,71.86000061035156,71.95726852814734,0.13609695182431425,0.01645736316247287
2026-02-25,36,0.09863013698630137,71.86000061035156,72.26009796627764,0.08989874654778984,0.05629406443332042
2026-02-25,51,0.13972602739726028,71.86000061035156,72.07654493909473,0.00564676716966784,0.021534200398644912
2026-02-25,79,0.21643835616438356,71.86000061035156,72.22866080787807,0.0018006337270122246,0.023642487122443233
2026-02-25,177,0.4849315068493151,71.86000061035156,72.42312428141548,0.06737210523337427,0.016096818331002127
2026-02-25,324,0.8876712328767123,71.86000061035156,72.49215322630552,0.05990366467388118,0.009866867527645729
2026-02-26,22,0.06027397260273973,65.33999633789062,65.26531878653545,0.24778545137041222,-0.01897271331576254
2026-02-26,29,0.07945205479452055,65.33999633789062,65.07397145529289,0.05658056326006351,-0.05134800992064002
2026-02-26,35,0.0958904109589041,65.33999633789062,65.15893553168866,0.022726270450309848,-0.02893827152379877
2026-02-26,43,0.1178082191780822,65.33999633789062,64.81792582623605,-0.09698552924594352,-0.06809501033668672
2026-02-26,50,0.136986301369863,65.33999633789062,65.33334579010535,-0.1985731095651178,-0.0007430589603628778
2026-02-26,78,0.2136986301369863,65.33999633789062,65.45263020045746,-0.01282464748422877,0.008059611005595815
2026-02-26,176,0.4821917808219178,65.33999633789062,65.65952601764315,-0.006150114356409677,0.010117018533223105
2026-02-26,323,0.8849315068493151,65.33999633789062,65.88193322551577,0.028261417579760972,0.009333942049319555
2026-02-27,21,0.057534246575342465,62.77000045776367,62.38573718308823,0.08575659125396332,-0.1067291486794155
2026-02-27,28,0.07671232876712329,62.77000045776367,62.64847166511292,0.1639991903596837,-0.025262867382976832
2026-02-27,34,0.09315068493150686,62.77000045776367,62.36957024469176,-0.06748610704477633,-0.0687033007816023
2026-02-27,42,0.11506849315068493,62.77000045776367,62.418321876955204,0.09505972284168376,-0.048826636795175606
2026-02-27,49,0.13424657534246576,62.77000045776367,62.319420422787104,0.07585496251583512,-0.05366362682989578
2026-02-27,77,0.21095890410958903,62.77000045776367,62.324672059803476,-0.10730313966659842,-0.033750137414418346
2026-02-27,175,0.4794520547945205,62.77000045776367,62.759957427431665,0.01643932547276006,-0.0003337353446605153
2026-02-27,322,0.8821917808219178,62.77000045776367,63.00000020681471,0.033604635914423156,0.0041458899659479725
2026-03-02,25,0.0684931506849315,62.7599983215332,62.41016155396304,-0.5761838350012912,-0.08161098637075055
2026-03-02,31,0.08493150684931507,62.7599983215332,62.20611088398674,-0.5879936094335692,-0.10437422820894963
2026-03-02,39,0.10684931506849316,62.7599983215332,61.98234726346557,-0.15198649543116327,-0.1166902957255226
2026-03-02,46,0.12602739726027398,62.7599983215332,62.209961537281764,-0.33092673729563205,-0.06984799382928551
2026-03-02,74,0.20273972602739726,62.7599983215332,62.28446418232841,-0.010804804064661267,-0.03751547683599388
2026-03-02,172,0.4712328767123288,62.7599983215332,62.6015806145565,0.09897696546934354,-0.005363322519325005
2026-03-02,319,0.873972602739726,62.7599983215332,62.78539972702451,0.014799194807692088,0.0004630086795241632
2026-03-03,24,0.06575342465753424,53.41999816894531,53.712033480666456,-0.1884463883757978,0.08291416298765401
2026-03-03,30,0.0821917808219178,53.41999816894531,53.83914202300136,0.22621273577362094,0.09508950951466423
2026-03-03,38,0.10410958904109589,53.41999816894531,53.885286922538064,0.10043813024975833,0.08329969822446762
2026-03-03,45,0.1232876712328767,53.41999816894531,53.53348128638001,0.30323989257992856,0.017212614771736474
2026-03-03,73,0.2,53.41999816894531,53.93388433731038,0.08509527477833458,0.04786879444518262
2026-03-03,171,0.4684931506849315,53.41999816894531,54.075845975875886,0.03233971846748356,0.026046149842604942
2026-03-03,318,0.8712328767123287,53.41999816894531,53.86488505404285,0.06328039205485625,0.009519393949172231
2026-03-04,23,0.06301369863013699,56.619998931884766,56.95064748224315,-0.22228105837640585,0.09240527768877037
2026-03-04,29,0.07945205479452055,56.619998931884766,56.87264210140838,-0.2842543721429351,0.05603578216397482
2026-03-04,37,0.10136986301369863,56.619998931884766,56.764741107037814,-0.24534400107768514,0.025186154208346224
2026-03-04,44,0.12054794520547946,56.619998931884766,56.59042141404788,0.003052988327545669,-0.004334564956406453
2026-03-04,72,0.19726027397260273,56.619998931884766,57.00279558436414,-0.2573874377442372,0.03415817598123673
2026-03-04,170,0.4657534246575342,56.619998931884766,56.79021493595063,0.13436226275847374,0.006444993539720668
2026-03-04,317,0.8684931506849315,56.619998931884766,57.05777051218255,-0.04923617663773383,0.00886824669208701
2026-03-05,22,0.06027397260273973,54.79999923706055,54.768677935138925,-0.26378569971535976,-0.009485354762992998
2026-03-05,28,0.07671232876712329,54.79999923706055,54.914952905339966,-1.0183270209969377,0.02731630821260192
2026-03-05,36,0.09863013698630137,54.79999923706055,54.760751794739924,-0.3680582238362681,-0.007264015080869766
2026-03-05,43,0.1178082191780822,54.79999923706055,54.941062959471566,-0.6248013694669444,0.02182231518776349
2026-03-05,50,0.136986301369863,54.79999923706055,55.14199876021864,-0.5740240637582898,0.04541675824439334
2026-03-05,71,0.19452054794520549,54.79999923706055,54.94942811050737,-0.0905486555292038,0.013999000827549707
2026-03-05,169,0.46301369863013697,54.79999923706055,55.08729567438085,0.1258787976356354,0.011293274982101163
2026-03-05,316,0.8657534246575342,54.79999923706055,55.3485478236451,0.029679342409651352,0.011504710517529607
2026-03-06,21,0.057534246575342465,47.88999938964844,47.974181397390964,0.16716237772392417,0.030525767434477987
2026-03-06,27,0.07397260273972603,47.88999938964844,47.67226812270885,0.9140651987504441,-0.06160191326762385
2026-03-06,35,0.0958904109589041,47.88999938964844,48.08862977789619,0.5164378175500616,0.04316448707330683
2026-03-06,42,0.11506849315068493,47.88999938964844,47.940761871170345,0.17570756239496924,0.009206859519692686
2026-03-06,49,0.13424657534246576,47.88999938964844,48.00390964852343,0.026651544113586438,0.017696965349978406
2026-03-06,70,0.1917808219178082,47.88999938964844,48.34301432930986,0.02052520496536283,0.04909264889200765
2026-03-06,168,0.4602739726027397,47.88999938964844,48.5109930843472,0.06178131616931052,0.027991441944929817
2026-03-06,315,0.863013698630137,47.88999938964844,48.59973921627001,0.04881149745759892,0.017046616276635562
2026-03-09,24,0.06575342465753424,53.31999969482422,52.74839074226594,-0.564204419250496,-0.1639188378091278
2026-03-09,32,0.08767123287671233,53.31999969482422,52.641751126690394,0.12374780357274008,-0.1460220943480066
2026-03-09,39,0.10684931506849316,53.31999969482422,52.47581671204811,-0.03253355363874318,-0.14936043492564496
2026-03-09,46,0.12602739726027398,53.31999969482422,52.69132122643916,-0.4059098321102671,-0.09411231580980928
2026-03-09,67,0.18356164383561643,53.31999969482422,53.537839695529314,-0.17326600419057023,0.022211602875462613
2026-03-09,165,0.4520547945205479,53.31999969482422,53.09562960385901,0.024040310498686136,-0.009328226997183256
2026-03-09,312,0.8547945205479452,53.31999969482422,53.27606312195947,0.02741494818225471,-0.0009643913463662145
2026-03-10,23,0.06301369863013699,54.59000015258789,54.946203429704994,-0.1160641926413178,0.10321356552822558
2026-03-10,31,0.08493150684931507,54.59000015258789,55.004416341078176,-0.1074554655580535,0.08904540624638077
2026-03-10,38,0.10410958904109589,54.59000015258789,55.044361927915716,0.2934101934285934,0.07961535643636977
2026-03-10,45,0.1232876712328767,54.59000015258789,55.181055157062055,-0.041607520030834594,0.08734832933625257
2026-03-10,66,0.18082191780821918,54.59000015258789,55.56186601071196,0.07863086286933284,0.09758985223254352
2026-03-10,164,0.44931506849315067,54.59000015258789,55.53041778884046,0.025345507596650888,0.038013904927956414
2026-03-10,311,0.852054794520548,54.59000015258789,55.7437663276226,0.05897390626742562,0.02454639171447815
2026-03-11,22,0.06027397260273973,56.09000015258789,56.170019566653515,-0.17386943728669316,0.023652143522453935
2026-03-11,30,0.0821917808219178,56.09000015258789,56.20380434444005,0.1370877896655777,0.024660632842125736
2026-03-11,37,0.10136986301369863,56.09000015258789,56.17509703172283,0.12509561950102757,0.014955126658568104
2026-03-11,44,0.12054794520547946,56.09000015258789,56.18843136107897,0.021182308630907212,0.01454476721960268
2026-03-11,65,0.1780821917808219,56.09000015258789,56.51194910590979,-0.01408967302295787,0.04208482654219613
2026-03-11,163,0.4465753424657534,56.09000015258789,56.591082158022566,0.0052200664089547735,0.019915715588112535
2026-03-11,310,0.8493150684931506,56.09000015258789,56.6049204404689,-0.018894095859436265,0.010759692258113287
2026-03-12,21,0.057534246575342465,50.279998779296875,50.72253365480283,0.0158928612007201,0.15230760322535658
2026-03-12,29,0.07945205479452055,50.279998779296875,50.6787621736949,0.6262917541674617,0.0994256394786995
2026-03-12,36,0.09863013698630137,50.279998779296875,50.513660224540175,-0.1810846407152716,0.0470083475142025
2026-03-12,43,0.1178082191780822,50.279998779296875,50.52301889671929,-0.0776357308125368,0.04092832192668789
2026-03-12,50,0.136986301369863,50.279998779296875,50.88780977408835,-0.21451316667185255,0.08771710511455312
2026-03-12,64,0.17534246575342466,50.279998779296875,50.91481520942998,0.13551914153616942,0.07155475272741756
2026-03-12,162,0.4438356164383562,50.279998779296875,50.86186156275139,-0.06816041105307952,0.025924015918840027
2026-03-12,309,0.8465753424657534,50.279998779296875,50.933083246813005,0.0017943976499304266,0.01524414648679184
2026-03-13,20,0.0547945205479452,50.720001220703125,50.68083684460266,-0.08723070239093925,-0.014097514636209002
2026-03-13,28,0.07671232876712329,50.720001220703125,50.64785959839716,-0.20088463800110848,-0.01855455422774685
2026-03-13,35,0.0958904109589041,50.720001220703125,50.718514906492835,0.26190630542365745,-0.00030560647967197465
2026-03-13,42,0.11506849315068493,50.720001220703125,50.84155368548461,-0.007806112772680476,0.020802149128772814
2026-03-13,49,0.13424657534246576,50.720001220703125,50.72141856382891,0.18245208480501304,0.00020815481569072736
2026-03-13,63,0.1726027397260274,50.720001220703125,51.00492414928315,-0.08880709501969895,0.03245513844476604
2026-03-13,161,0.4410958904109589,50.720001220703125,51.2546520229261,0.011770804308612033,0.02377272404845767
2026-03-13,308,0.8438356164383561,50.720001220703125,51.049562094954936,-0.010429155862655914,0.007675229970850203
2026-03-16,25,0.0684931506849315,53.689998626708984,54.06783458163739,0.024798319697004394,0.1023856435290066
2026-03-16,32,0.08767123287671233,53.689998626708984,53.82447292882522,0.2587596713693407,0.028532871643545572
2026-03-16,39,0.10684931506849316,53.689998626708984,54.22719775116878,0.2659080005370861,0.09317651918223502
2026-03-16,46,0.12602739726027398,53.689998626708984,54.39627797504499,0.26040755261761733,0.10369961907153076
2026-03-16,60,0.1643835616438356,53.689998626708984,54.34789220440594,0.041066987343424156,0.0740894767664742
2026-03-16,158,0.4328767123287671,53.689998626708984,54.4702186445309,0.025964430247473795,0.03332904301874395
2026-03-16,305,0.8356164383561644,53.689998626708984,54.64424855970159,0.02529982034717358,0.02108291323599013
2026-03-17,24,0.06575342465753424,54.95000076293945,54.66867475878217,0.18193565913372042,-0.07806168099716862
2026-03-17,31,0.08493150684931507,54.95000076293945,54.91218689517929,-0.23521305812130933,-0.008105205710789678
2026-03-17,38,0.10410958904109589,54.95000076293945,54.691549217913376,-0.2366887740537953,-0.045283922054248735
2026-03-17,45,0.1232876712328767,54.95000076293945,54.716696780688025,-0.08822693103717834,-0.03451106707691528
2026-03-17,59,0.16164383561643836,54.95000076293945,54.908363645342355,-0.06785911884214563,-0.0046894120759418375
2026-03-17,157,0.4301369863013699,54.95000076293945,55.288436480820394,0.037480770689797806,0.014274723855702214
2026-03-17,304,0.8328767123287671,54.95000076293945,55.60987718589769,0.0255033590635014,0.014332418948605777
2026-03-18,23,0.06301369863013699,54.02000045776367,54.45233573989602,-0.03514183957088374,0.12650247107475324
2026-03-18,30,0.0821917808219178,54.02000045776367,54.41124974927815,0.11601009655684193,0.0878016321522933
2026-03-18,37,0.10136986301369863,54.02000045776367,54.55353849934288,-0.11809099584206008,0.09695406629779041
2026-03-18,44,0.12054794520547946,54.02000045776367,54.574480436522634,-0.08419600455630208,0.08471339234517739
2026-03-18,58,0.1589041095890411,54.02000045776367,54.60700984254586,0.08853821788342135,0.06801525205539495
2026-03-18,156,0.4273972602739726,54.02000045776367,54.81275186795307,0.028415176568336014,0.03408657406098432
2026-03-18,303,0.8301369863013699,54.02000045776367,54.72509811801611,0.01987094830744092,0.015621613916076759
2026-03-19,22,0.06027397260273973,54.849998474121094,54.90006351940282,0.02312458768221317,0.015136659741775619
2026-03-19,29,0.07945205479452055,54.849998474121094,54.8378473779924,0.07834785447898505,-0.002788571684185688
2026-03-19,36,0.09863013698630137,54.849998474121094,55.03064950947435,0.11250414279418215,0.03333803465791659
2026-03-19,43,0.1178082191780822,54.849998474121094,55.038587481817956,0.08038176640566441,0.02913524143896262
2026-03-19,57,0.15616438356164383,54.849998474121094,55.362701963986474,-0.009410222456046889,0.05957797903086158
2026-03-19,155,0.4246575342465753,54.849998474121094,55.2772249831524,0.018978284675339387,0.01827076969043748
2026-03-19,246,0.673972602739726,54.849998474121094,55.27618981502121,0.03040250913479144,0.01148428430440795
2026-03-19,302,0.8273972602739726,54.849998474121094,55.73372177039035,0.014453048479895717,0.01931747104796586
2026-03-20,21,0.057534246575342465,51.13999938964844,50.76584688930817,-0.3366424585405164,-0.12763067577887957
2026-03-20,28,0.07671232876712329,51.13999938964844,51.077851160342846,-0.46118548054723557,-0.015851373435428532
2026-03-20,35,0.0958904109589041,51.13999938964844,50.855112794671086,0.05604957106751095,-0.0582570648197545
2026-03-20,42,0.11506849315068493,51.13999938964844,50.85241263681001,0.07877079040709281,-0.049008988064890124
2026-03-20,56,0.15342465753424658,51.13999938964844,51.08518937474071,0.14356598036047213,-0.006989351366678316
2026-03-20,154,0.42191780821917807,51.13999938964844,51.10957869062959,0.10116640771353667,-0.0014102945145753878
2026-03-20,245,0.6712328767123288,51.13999938964844,51.39203613924282,0.026979367036983018,0.007324229450085424
2026-03-20,301,0.8246575342465754,51.13999938964844,51.788708681844646,0.0031439051613525847,0.015285361423345176
2026-03-23,25,0.0684931506849315,53.029998779296875,53.44140088845656,-0.38696560006234615,0.11282843478056519
2026-03-23,32,0.08767123287671233,53.029998779296875,53.53433589047998,0.08936604461354446,0.1079655429292979
2026-03-23,39,0.10684931506849316,53.029998779296875,53.62819496010688,0.15381765724516008,0.10498136569159407
2026-03-23,53,0.14520547945205478,53.029998779296875,53.56106151055952,0.07480667157684942,0.0686239364113208
2026-03-23,151,0.4136986301369863,53.029998779296875,53.71467138899285,0.1025005050854345,0.03100906156941202
2026-03-23,242,0.663013698630137,53.029998779296875,54.05698709730804,0.024436726734044758,0.028930078874180445
2026-03-23,298,0.8164383561643835,53.029998779296875,54.02981131466801,0.0817347630193416,0.022877645747815412
2026-03-24,24,0.06575342465753424,54.959999084472656,55.134399597919376,0.035673222527803645,0.04818307547557506
2026-03-24,31,0.08493150684931507,54.959999084472656,55.067505213510394,-0.10032012763454545,0.023008762796557287
2026-03-24,38,0.10410958904109589,54.959999084472656,55.05865459803453,0.06131215973478351,0.017226395561346967
2026-03-24,52,0.14246575342465753,54.959999084472656,55.02823531629305,0.07350034587449898,0.008709402819845022
2026-03-24,150,0.410958904109589,54.959999084472656,55.40068044121835,0.06757793514164621,0.019433195568662714
2026-03-24,241,0.6602739726027397,54.959999084472656,55.48717284425648,0.024322674840032567,0.014458002672889353
2026-03-24,297,0.8136986301369863,54.959999084472656,55.44695505570816,0.015992671304427924,0.010840828991547655
2026-03-25,23,0.06301369863013699,57.040000915527344,57.060870908452465,-0.02726150662795112,0.00580534946334152
2026-03-25,30,0.0821917808219178,57.040000915527344,57.07909541365914,-0.09711624162490194,0.008336023701156686
2026-03-25,37,0.10136986301369863,57.040000915527344,57.21349602097119,0.02778060400467324,0.029959819722231943
2026-03-25,51,0.13972602739726028,57.040000915527344,57.061039076171866,-0.08457350891416242,0.002639191191585566
2026-03-25,149,0.40821917808219177,57.040000915527344,57.28843349279576,-0.010783676984053133,0.010646125063885108
2026-03-25,240,0.6575342465753424,57.040000915527344,57.6351121118507,0.03879090693367959,0.015784995462665576
2026-03-25,296,0.810958904109589,57.040000915527344,57.54853657514081,0.043759989723656835,0.010944961437356125
2026-03-26,36,0.09863013698630137,48.970001220703125,50.35047899489465,-0.20483528792869068,0.28186356251482114
2026-03-26,43,0.1178082191780822,48.970001220703125,50.7606334321108,-0.9872024553425293,0.3048448685421134
2026-03-26,50,0.136986301369863,48.970001220703125,50.461631941010886,0.5171619808859795,0.21903937129867304
2026-03-26,148,0.4054794520547945,48.970001220703125,50.56437928256952,0.060181971667132926,0.07901626294669949
2026-03-26,239,0.6547945205479452,48.970001220703125,50.55625739528543,0.016037640292795443,0.04868524769267133
2026-03-26,295,0.8082191780821918,48.970001220703125,50.5697384036037,-0.010669662825315071,0.03977318573009855
2026-03-27,21,0.057534246575342465,46.61000061035156,46.708237333097344,0.5015278833427355,0.036594099255636094
2026-03-27,28,0.07671232876712329,46.61000061035156,46.833294648527264,-0.27970917314913163,0.06230094552665286
2026-03-27,35,0.0958904109589041,46.61000061035156,46.86004716509165,-0.4454249943840497,0.055796153722073714
2026-03-27,42,0.11506849315068493,46.61000061035156,46.659554224083685,-0.18376968996218987,0.009234407552933902
2026-03-27,49,0.13424657534246576,46.61000061035156,46.70871757175948,0.12089612293618664,0.015759772948294917
2026-03-27,147,0.40273972602739727,46.61000061035156,46.98303815423314,0.01381786750710753,0.019793236781290025
2026-03-27,238,0.6520547945205479,46.61000061035156,47.019861382992616,-0.02035081343912167,0.013426742135927556
2026-03-27,294,0.8054794520547945,46.61000061035156,46.99356852910423,-0.020498675444053233,0.010174845602734366
2026-03-30,25,0.0684931506849315,40.619998931884766,40.56270853141094,0.08412393786405362,-0.02060635846981023
2026-03-30,32,0.08767123287671233,40.619998931884766,40.914431913953436,0.7184985566539543,0.08237969567412974
2026-03-30,39,0.10684931506849316,40.619998931884766,40.72276779533136,-0.27718087149485726,0.023648363790445992
2026-03-30,46,0.12602739726027398,40.619998931884766,40.59200471279421,0.02918448786858684,-0.005470325607369918
2026-03-30,144,0.39452054794520547,40.619998931884766,40.7264145114019,0.06326493122265901,0.006631738921072775
2026-03-30,235,0.6438356164383562,40.619998931884766,41.03355905423706,0.05394927397637333,0.015733388006517853
2026-03-30,291,0.7972602739726027,40.619998931884766,41.03486930992808,0.05869443272834543,0.012745707653379647
2026-03-31,24,0.06575342465753424,47.90999984741211,47.79088441375285,-0.30274505917104605,-0.03785854581589058
2026-03-31,31,0.08493150684931507,47.90999984741211,47.90341372779831,-0.33910392062014966,-0.0016186929218839046
2026-03-31,38,0.10410958904109589,47.90999984741211,47.74899207681558,-0.27964606322194624,-0.03233409502559351
2026-03-31,45,0.1232876712328767,47.90999984741211,47.98660945038141,0.03483653316024112,0.012959564234927121
2026-03-31,143,0.3917808219178082,47.90999984741211,47.9528194798939,0.027955933790442235,0.002280234905683243
2026-03-31,234,0.6410958904109589,47.90999984741211,47.996715173627784,-0.02281199406465203,0.0028206809626055425
2026-03-31,290,0.7945205479452054,47.90999984741211,48.314230061251564,0.07239035264866155,0.010574789820165811
2026-04-01,23,0.06301369863013699,52.2599983215332,52.31428359892045,0.12045179268000854,0.016476017074225427
2026-04-01,30,0.0821917808219178,52.2599983215332,52.36524353272096,0.18327666487891164,0.024477531654734184
2026-04-01,37,0.10136986301369863,52.2599983215332,52.48080363690805,-0.06688156358768943,0.04159253669357336
2026-04-01,44,0.12054794520547946,52.2599983215332,52.399670173131774,0.15794886508333325,0.022141139958117687
2026-04-01,142,0.38904109589041097,52.2599983215332,52.471497895515654,0.03424761069988866,0.010381671795251027
2026-04-01,233,0.6383561643835617,52.2599983215332,52.791805417576185,0.03182430130933183,0.01586066029082823
2026-04-01,289,0.7917808219178082,52.2599983215332,52.79287996007908,0.04417842030887895,0.012813021132405749
2026-04-02,22,0.06027397260273973,52.75,52.488612657653164,-0.2428471633127729,-0.08241580618742803
2026-04-02,29,0.07945205479452055,52.75,52.341476527187595,-0.29750621983315834,-0.09785354665213755
2026-04-02,36,0.09863013698630137,52.75,52.393319536224006,-0.3154684408505185,-0.06878910575121934
2026-04-02,43,0.1178082191780822,52.75,52.53603401946772,0.022812214071038832,-0.034500783988086245
2026-04-02,50,0.136986301369863,52.75,52.64472735094021,-0.08680650670666733,-0.014583093728173313
2026-04-02,77,0.21095890410958903,52.75,52.443830118725586,-0.26303872414910867,-0.02759342175139052
2026-04-02,106,0.29041095890410956,52.75,52.66191561947921,-0.26758524685302476,-0.00575474778739092
2026-04-02,141,0.3863013698630137,52.75,52.50638062215309,0.053657627469087685,-0.011983065152061326
2026-04-02,169,0.46301369863013697,52.75,52.45222682724352,-0.0984069581559076,-0.012226381725571406
2026-04-02,232,0.6356164383561644,52.75,52.44418704216317,0.07765725783085685,-0.009147454128574428
2026-04-02,260,0.7123287671232876,52.75,52.57716115458234,0.010932677600901932,-0.004607346547788525
2026-04-02,288,0.7890410958904109,52.75,53.05354094834549,0.04095869222068619,0.007271912557041342
2026-04-06,25,0.0684931506849315,54.810001373291016,54.462121134227914,0.05934055061100944,-0.09296183753504203
2026-04-06,32,0.08767123287671233,54.810001373291016,54.51155218100951,0.029906519974796923,-0.0622785616544301
2026-04-06,39,0.10684931506849316,54.810001373291016,54.646545595778804,-0.10265865614764025,-0.027952271656515478
2026-04-06,46,0.12602739726027398,54.810001373291016,54.478163058257294,0.11694722728862644,-0.04818587624022145
2026-04-06,73,0.2,54.810001373291016,54.47640640680792,0.0006126096552246888,-0.030524930718544747
2026-04-06,102,0.27945205479452057,54.810001373291016,54.48531873904674,0.061704301922965235,-0.021260890971660312
2026-04-06,137,0.37534246575342467,54.810001373291016,54.69802983851751,0.0044113034258851935,-0.005448338779072155
2026-04-06,165,0.4520547945205479,54.810001373291016,54.631429891404295,0.014414790087814612,-0.0072188769637917425
2026-04-06,228,0.6246575342465753,54.810001373291016,55.07251182338628,0.010036945248616315,0.007649038591414432
2026-04-06,256,0.7013698630136986,54.810001373291016,55.17086720324031,0.03968625842871616,0.009356492401201708
2026-04-06,284,0.7780821917808219,54.810001373291016,55.24742279352753,0.06459705111932272,0.0102161558372069
2026-04-07,24,0.06575342465753424,56.54999923706055,56.144287511444595,0.1933223472314556,-0.10950379110632587
2026-04-07,31,0.08493150684931507,56.54999923706055,56.232458716453124,-0.11473930518964905,-0.06630097439323382
2026-04-07,38,0.10410958904109589,56.54999923706055,56.37754718670249,0.07444598225703085,-0.029336484602793998
2026-04-07,45,0.1232876712328767,56.54999923706055,56.25140109583158,-0.026048812535166447,-0.04294216828911316
2026-04-07,72,0.19726027397260273,56.54999923706055,56.10793827396912,0.021791004145429695,-0.03978441368209795
2026-04-07,101,0.27671232876712326,56.54999923706055,56.0657933575813,-0.004204878714718994,-0.03107670200865065
2026-04-07,136,0.3726027397260274,56.54999923706055,56.19041814245787,-0.0072260458207474895,-0.01711995568686681
2026-04-07,164,0.44931506849315067,56.54999923706055,56.471861244130686,0.01326775345415175,-0.0030773640843141906
2026-04-07,227,0.6219178082191781,56.54999923706055,56.18694339375854,0.014250486939165445,-0.01035632527612904
2026-04-07,255,0.6986301369863014,56.54999923706055,56.64413913657358,0.054162294054022384,0.0023808529475800454
2026-04-07,283,0.7753424657534247,56.54999923706055,56.91779754071225,0.0445423613940936,0.008361323859759965
2026-04-08,23,0.06301369863013699,67.5,66.98635505304375,-0.08370181908065726,-0.12122213612245787
2026-04-08,30,0.0821917808219178,67.5,67.28796615900103,-0.0934320955315349,-0.03827859811177
2026-04-08,37,0.10136986301369863,67.5,67.38442483345678,-0.16293776800995285,-0.016905342186303962
2026-04-08,44,0.12054794520547946,67.5,67.01614358069553,-0.08087600553968557,-0.059677985661145655
2026-04-08,71,0.19452054794520549,67.5,67.2871978263097,0.13697276919554466,-0.01623275700056901
2026-04-08,100,0.273972602739726,67.5,67.2320130126509,-0.03466524971783403,-0.01451999078615813
2026-04-08,135,0.3698630136986301,67.5,66.88464998747745,0.06267218992605272,-0.02476080022883825
2026-04-08,163,0.4465753424657534,67.5,67.44930326743443,0.014473146015133642,-0.0016824594242551088
2026-04-08,226,0.6191780821917808,67.5,67.58390541102811,-0.009045698232487374,0.002006322936163437
2026-04-08,254,0.6958904109589041,67.5,67.80772836658876,0.013074641870767971,0.006536342803303938
2026-04-08,282,0.7726027397260274,67.5,67.87091611231656,0.0431668099214719,0.007092921768649016
2026-04-09,22,0.06027397260273973,71.9800033569336,71.73625467616729,-0.036487832785732394,-0.05627778146445252
2026-04-09,29,0.07945205479452055,71.9800033569336,71.74042707427363,0.06183514555864442,-0.041961458715426836
2026-04-09,36,0.09863013698630137,71.9800033569336,71.80963116084969,-0.06889413119333197,-0.024026566031887353
2026-04-09,43,0.1178082191780822,71.9800033569336,71.92399285158514,0.1270677190087316,-0.006607711349941249
2026-04-09,50,0.136986301369863,71.9800033569336,71.9166950442788,0.04465132087256323,-0.00642336783724821
2026-04-09,70,0.1917808219178082,71.9800033569336,71.78201882972544,0.0131423659878646,-0.014361909060786313
2026-04-09,99,0.27123287671232876,71.9800033569336,71.67270455844935,-0.04651645460816911,-0.015773765246465895
2026-04-09,134,0.36712328767123287,71.9800033569336,71.73701014190499,-0.04994862394747799,-0.009210950300518555
2026-04-09,162,0.4438356164383562,71.9800033569336,72.05252143634017,0.10871274687765214,0.002268786358334641
2026-04-09,225,0.6164383561643836,71.9800033569336,72.06485174556084,0.020396656601398108,0.0019111124430269257
2026-04-09,253,0.6931506849315069,71.9800033569336,72.09235029400496,0.009564915043153923,0.002250002561566145
2026-04-09,281,0.7698630136986301,71.9800033569336,72.4557371747949,0.03375142607796006,0.008556722799059143
2026-04-10,21,0.057534246575342465,76.38999938964844,76.54829428366338,-0.04135601713271473,0.035979438915046145
2026-04-10,28,0.07671232876712329,76.38999938964844,76.6692141539587,0.10352073917945678,0.047560259132613796
2026-04-10,35,0.0958904109589041,76.38999938964844,76.52310027826789,-0.037802184552784904,0.01815478827837078
2026-04-10,42,0.11506849315068493,76.38999938964844,76.7392820599376,-0.16934524413722604,0.03964542856115859
2026-04-10,49,0.13424657534246576,76.38999938964844,76.44288546971072,-0.3786447603511901,0.005155269393270011
2026-04-10,69,0.18904109589041096,76.38999938964844,76.74557721129648,0.011863827906959182,0.02456592472775236
2026-04-10,98,0.2684931506849315,76.38999938964844,76.70588390140038,0.11868474074556046,0.015369587803246635
2026-04-10,133,0.3643835616438356,76.38999938964844,76.97104865357821,0.025815542741474982,0.020795587050274567
2026-04-10,161,0.4410958904109589,76.38999938964844,76.64658933328512,0.00022092803127068286,0.0076022429749587365
2026-04-10,224,0.6136986301369863,76.38999938964844,77.11282575887388,-0.033336530390175236,0.015346016698824034
2026-04-10,252,0.6904109589041096,76.38999938964844,77.51791551598505,0.1236362735253043,0.02122980210545931
2026-04-10,280,0.7671232876712328,76.38999938964844,77.01266077556087,0.07731288368306709,0.010582450775569895
2026-04-13,25,0.0684931506849315,80.55999755859375,80.56583704414818,0.3503381547403581,0.0010582597054324251
2026-04-13,32,0.08767123287671233,80.55999755859375,80.64500795978364,0.09936859986230522,0.012030023203533672
2026-04-13,39,0.10684931506849316,80.55999755859375,80.68810731220695,0.1611054144433073,0.014871196811032914
2026-04-13,46,0.12602739726027398,80.55999755859375,80.6700469999469,0.1755897091311195,0.010831957918819971
2026-04-13,66,0.18082191780821918,80.55999755859375,80.45692776414768,0.17110817019889016,-0.007080091403670303
2026-04-13,95,0.2602739726027397,80.55999755859375,80.42153318715644,0.08697976528740912,-0.006609389524220865
2026-04-13,130,0.3561643835616438,80.55999755859375,80.64304129403709,0.06870670256060764,0.0028927652914145304
2026-04-13,158,0.4328767123287671,80.55999755859375,80.61765328204429,0.14722068521094853,0.0016527356534853082
2026-04-13,221,0.6054794520547945,80.55999755859375,80.83725785309511,0.07518069100077208,0.005674433994896873
2026-04-13,249,0.6821917808219178,80.55999755859375,80.99914410925372,0.025307157843715018,0.007968976044790303
2026-04-13,277,0.7589041095890411,80.55999755859375,81.13922227113996,0.05626978553227994,0.009440263285991861
2026-04-14,24,0.06575342465753424,85.30999755859375,85.09204764141381,-0.17460054797022015,-0.03890395557244425
2026-04-14,31,0.08493150684931507,85.30999755859375,85.20169528536431,-0.19135202598229273,-0.01495700473023996
2026-04-14,38,0.10410958904109589,85.30999755859375,85.1843365424605,0.21310383337370703,-0.014158914471522087
2026-04-14,45,0.1232876712328767,85.30999755859375,84.90453030413315,-0.12983952754578668,-0.038642955037703125
2026-04-14,65,0.1780821917808219,85.30999755859375,85.29147272878551,0.13258547090415607,-0.001219497634357378
2026-04-14,94,0.25753424657534246,85.30999755859375,85.04350003670491,0.06629310724988056,-0.01214891465212999
2026-04-14,129,0.35342465753424657,85.30999755859375,85.0009757572799,-0.06896392443176899,-0.010267864177978207
2026-04-14,157,0.4301369863013699,85.30999755859375,84.82506162260256,0.023255110037123765,-0.01325302251748478
2026-04-14,220,0.6027397260273972,85.30999755859375,85.53658503362774,-0.04096716557907657,0.004400783845430777
2026-04-14,248,0.6794520547945205,85.30999755859375,85.41631568359762,0.02291451062990134,0.0018330659163547215
2026-04-14,276,0.7561643835616438,85.30999755859375,86.23854755571368,0.0719088370446512,0.014316480735161778
2026-04-15,23,0.06301369863013699,85.95999908447266,85.26585942417822,0.21764788233337287,-0.1286692915563793
2026-04-15,30,0.0821917808219178,85.95999908447266,85.12960930856144,0.2620040163486114,-0.11810366550087133
2026-04-15,37,0.10136986301369863,85.95999908447266,85.26956602222447,0.02581739685366514,-0.0795547867710828
2026-04-15,44,0.12054794520547946,85.95999908447266,85.24212601210488,-0.08266367979281294,-0.06956827597442052
2026-04-15,64,0.17534246575342466,85.95999908447266,85.13813379068395,-0.023238596218368098,-0.054790037450275074
2026-04-15,93,0.2547945205479452,85.95999908447266,85.10012831874228,0.01890403831704914,-0.03945735436368808
2026-04-15,128,0.3506849315068493,85.95999908447266,85.1217367828439,0.032638006114779246,-0.02794426256816363
2026-04-15,156,0.4273972602739726,85.95999908447266,85.18136826404607,0.048088985902712586,-0.021290107344006305
2026-04-15,219,0.6,85.95999908447266,85.3544682159733,-0.002498152266119157,-0.011782102620902447
2026-04-15,247,0.6767123287671233,85.95999908447266,85.69882502087029,0.04088213964995467,-0.004496661076643919
2026-04-15,275,0.7534246575342466,85.95999908447266,85.61574855483046,0.06259415885065572,-0.005326101838507571
2026-04-16,22,0.06027397260273973,88.37000274658203,88.06385128703063,-0.20292076361151415,-0.0575777949104994
2026-04-16,29,0.07945205479452055,88.37000274658203,88.11065440929221,-0.18832459003680121,-0.03699231670834513
2026-04-16,36,0.09863013698630137,88.37000274658203,88.08210515359903,-0.10178252498838809,-0.03308506009422151
2026-04-16,43,0.1178082191780822,88.37000274658203,88.17697553417665,-0.23251699319975697,-0.018561489659234265
2026-04-16,63,0.1726027397260274,88.37000274658203,88.2450607947502,-0.002958485102880601,-0.008197150850330025
2026-04-16,92,0.25205479452054796,88.37000274658203,88.33113341742677,0.03792759856523297,-0.001745431233001007
2026-04-16,127,0.34794520547945207,88.37000274658203,88.42897308382638,0.01319404220275765,0.0019172247282091767
2026-04-16,155,0.4246575342465753,88.37000274658203,88.41936176002969,0.04202983325084263,0.0013149265950759687
2026-04-16,218,0.5972602739726027,88.37000274658203,88.74685412271621,0.010918512810101333,0.0071248746948796415
2026-04-16,246,0.673972602739726,88.37000274658203,88.82205841307461,0.0409705157627852,0.007570705503578493
2026-04-16,274,0.7506849315068493,88.37000274658203,89.03253334597532,0.04690700316540869,0.009949939351142514
2026-04-17,21,0.057534246575342465,94.68000030517578,94.15027289563668,0.10490235957984577,-0.097518166731107
2026-04-17,28,0.07671232876712329,94.68000030517578,94.35179098516858,-0.02893719463471114,-0.0452669595057414
2026-04-17,35,0.0958904109589041,94.68000030517578,94.29150176923882,-0.14209637904459532,-0.04287938017520875
2026-04-17,42,0.11506849315068493,94.68000030517578,94.30076206013447,-0.03517972704621853,-0.03487937419550398
2026-04-17,62,0.16986301369863013,94.68000030517578,94.4292404896356,0.07433627797393108,-0.015612649706420014
2026-04-17,91,0.2493150684931507,94.68000030517578,94.29610527558516,0.05223364583719741,-0.016296249290042943
2026-04-17,126,0.3452054794520548,94.68000030517578,94.34538266773046,0.02976704797336799,-0.010256081671811712
2026-04-17,154,0.42191780821917807,94.68000030517578,94.46758756625619,0.033436125807360884,-0.005323313869468656
2026-04-17,217,0.5945205479452055,94.68000030517578,94.69120032298689,0.04863433628379552,0.00019896097818105895
2026-04-17,245,0.6712328767123288,94.68000030517578,94.91732436920455,-0.00133235791769708,0.003729637084121345
2026-04-17,273,0.7479452054794521,94.68000030517578,94.90676670737759,0.02060725423054187,0.0031983877193774587
2026-04-20,25,0.0684931506849315,95.94000244140625,95.60383871447584,-0.2820254903692215,-0.05124670595113089
2026-04-20,32,0.08767123287671233,95.94000244140625,95.37618350354084,-0.16220372542680214,-0.06722984097281827
2026-04-20,39,0.10684931506849316,95.94000244140625,95.39807078149292,0.001116936775584954,-0.05301546092230692
2026-04-20,59,0.16164383561643836,95.94000244140625,95.66010268257469,0.09428532832291454,-0.018074984713152973
2026-04-20,88,0.2410958904109589,95.94000244140625,95.42916321624762,-0.0020896714896301224,-0.022143868491780017
2026-04-20,123,0.336986301369863,95.94000244140625,95.54784257549004,0.018886861406162945,-0.012154589323684522
2026-04-20,151,0.4136986301369863,95.94000244140625,95.55964051432134,-0.015106965345231569,-0.009602306282100412
2026-04-20,214,0.5863013698630137,95.94000244140625,96.1997897187885,0.011245282009436464,0.00461221892315719
2026-04-20,242,0.663013698630137,95.94000244140625,96.19729220536192,0.00597453893242415,0.004039416088229917
2026-04-20,270,0.7397260273972602,95.94000244140625,96.4408176443733,0.017138383857426838,0.0070384302203915635
2026-04-21,24,0.06575342465753424,98.08999633789062,99.10841578860042,0.1891565293586763,0.15708645941534707
2026-04-21,31,0.08493150684931507,98.08999633789062,99.31356455536772,-0.2929791357350222,0.1459620428958357
2026-04-21,38,0.10410958904109589,98.08999633789062,99.34293951948393,0.00246442396769431,0.1219149226152873
2026-04-21,58,0.1589041095890411,98.08999633789062,99.30894537883088,-0.013189589927601265,0.07772148978794724
2026-04-21,87,0.23835616438356164,98.08999633789062,99.1775817500492,0.0030044642890702375,0.04626106949959701
2026-04-21,122,0.33424657534246577,98.08999633789062,99.61332669019058,0.05833425716846951,0.04610539537273988
2026-04-21,150,0.410958904109589,98.08999633789062,99.88923168342617,0.02831183457207845,0.04422948733836424
2026-04-21,213,0.5835616438356165,98.08999633789062,99.89557487844995,0.02988001746818248,0.03125634131895101
2026-04-21,241,0.6602739726027397,98.08999633789062,100.1012578199392,0.051435836981762455,0.030740064694555275
2026-04-21,269,0.736986301369863,98.08999633789062,100.04923538303258,0.012468572411170428,0.02683500544478542
2026-04-22,30,0.0821917808219178,105.63999938964844,108.42331433389624,-0.3888701561628263,0.3164070768324364
2026-04-22,37,0.10136986301369863,105.63999938964844,109.12168545467547,0.23153998023587133,0.31988361474354415
2026-04-22,57,0.15616438356164383,105.63999938964844,108.73621417057214,-0.011304904929115994,0.18498337057106534
2026-04-22,86,0.2356164383561644,105.63999938964844,108.50062948338443,0.031187861087111024,0.11339995285982102
2026-04-22,121,0.3315068493150685,105.63999938964844,109.24367993520964,-0.01065176875602949,0.10118614790940386
2026-04-22,149,0.40821917808219177,105.63999938964844,108.93115947938117,0.03524744289141735,0.07515334480814406
2026-04-22,212,0.5808219178082191,105.63999938964844,109.49621007807075,0.05974703980140137,0.061727794265103504
2026-04-22,240,0.6575342465753424,105.63999938964844,109.77885879460516,0.04157124512545778,0.058446972505731686
2026-04-22,268,0.7342465753424657,105.63999938964844,109.49671366713228,0.008791911421917962,0.048835712942717116
2026-04-23,22,0.06027397260273973,112.7699966430664,115.12225312122429,0.1568702914708099,0.3425080006423798
2026-04-23,29,0.07945205479452055,112.7699966430664,115.69213630248697,0.16555401004676815,0.32198473921299325
2026-04-23,36,0.09863013698630137,112.7699966430664,115.66770676369882,0.04953731174910423,0.25723544274277893
2026-04-23,43,0.1178082191780822,112.7699966430664,116.04208592455863,0.07160693164151445,0.24278966887571132
2026-04-23,56,0.15342465753424658,112.7699966430664,115.37103346321149,0.12791683817015786,0.14862667191276652
2026-04-23,85,0.2328767123287671,112.7699966430664,115.57884079146142,-0.05243475648024423,0.1056463938637356
2026-04-23,120,0.3287671232876712,112.7699966430664,115.73771600722965,0.03044856601424331,0.07901108052153856
2026-04-23,148,0.4054794520547945,112.7699966430664,116.17371123773489,0.024430294124563354,0.07333605932094027
2026-04-23,211,0.5780821917808219,112.7699966430664,116.55583281337623,0.05855958148972175,0.05712006668185225
2026-04-23,239,0.6547945205479452,112.7699966430664,116.53041024319003,0.019541628029782737,0.05009503526312982
2026-04-23,267,0.7315068493150685,112.7699966430664,116.54731037848137,0.043766687404273606,0.04503986776665416
2026-04-24,21,0.057534246575342465,128.32000732421875,128.18165382105911,0.17050444547977425,-0.01875009988337773
2026-04-24,28,0.07671232876712329,128.32000732421875,127.88728003600545,-0.02495847284823356,-0.04403399071681954
2026-04-24,35,0.0958904109589041,128.32000732421875,128.06037797555075,-0.022365795122895993,-0.0211214608318248
2026-04-24,42,0.11506849315068493,128.32000732421875,128.08973657930167,0.05662870142772708,-0.01560910231869004
2026-04-24,55,0.1506849315068493,128.32000732421875,127.959741910843,0.1421383646007208,-0.01865815672745504
2026-04-24,84,0.23013698630136986,128.32000732421875,127.75752456354971,0.07487243522326568,-0.019088948822115804
2026-04-24,119,0.32602739726027397,128.32000732421875,128.33151175898703,0.05917287258689215,0.0002749776181641701
2026-04-24,147,0.40273972602739727,128.32000732421875,128.31851290291021,0.0568076187470667,-2.8917232999279495e-05
2026-04-24,210,0.5753424657534246,128.32000732421875,128.82320700868834,0.026584199371410586,0.006802513487030644
2026-04-24,238,0.6520547945205479,128.32000732421875,128.91874390456076,0.06908484112107702,0.007139143100657543
2026-04-24,266,0.7287671232876712,128.32000732421875,129.03678535647873,0.013378401565023986,0.007643484647026421
2026-04-27,25,0.0684931506849315,123.38999938964844,122.69559375350858,0.08411927183514838,-0.08239693406966651
2026-04-27,32,0.08767123287671233,123.38999938964844,122.90688310222008,0.0501963417690472,-0.04474723484219865
2026-04-27,39,0.10684931506849316,123.38999938964844,122.76203627459668,0.00865213299711695,-0.047751816686115355
2026-04-27,52,0.14246575342465753,123.38999938964844,123.04258693433255,-0.015024473667663204,-0.019790968782575854
2026-04-27,81,0.2219178082191781,123.38999938964844,122.76228172847689,-0.0037534003257983185,-0.0229826056813105
2026-04-27,116,0.3178082191780822,123.38999938964844,123.16094273184285,-0.0222093695182652,-0.005846571282216731
2026-04-27,144,0.39452054794520547,123.38999938964844,122.7792211450001,-0.018340268290542982,-0.012577984875827177
2026-04-27,207,0.5671232876712329,123.38999938964844,123.15783196486798,0.02111760040098988,-0.0033208766182831854
2026-04-27,235,0.6438356164383562,123.38999938964844,123.84109745997918,0.07850086273762852,0.005667915324186841
2026-04-27,263,0.7205479452054795,123.38999938964844,123.18572931766019,0.034798058038919964,-0.0022994375950798666
2026-04-28,31,0.08493150684931507,109.55999755859375,112.34009579423333,-0.14408470047595726,0.29504383755125424
2026-04-28,38,0.10410958904109589,109.55999755859375,112.46011046468595,-0.1563631993004748,0.2509496315434207
2026-04-28,51,0.13972602739726028,109.55999755859375,112.3654202284832,-0.0928948446153854,0.1809535365236914
2026-04-28,80,0.2191780821917808,109.55999755859375,112.42190402796552,0.13057851716818772,0.11765077875683554
2026-04-28,115,0.3150684931506849,109.55999755859375,112.61641588899828,0.049213345393268645,0.08733076454510963
2026-04-28,143,0.3917808219178082,109.55999755859375,112.28219492133833,0.03626407616303509,0.06264466369659864
2026-04-28,206,0.5643835616438356,109.55999755859375,112.48112215251739,0.012064195631959079,0.04662269448005711
2026-04-28,234,0.6410958904109589,109.55999755859375,113.00130907359635,0.07094603667446621,0.04824096007909937
2026-04-28,262,0.7178082191780822,109.55999755859375,113.46668367542617,0.032058110167515655,0.04881099837643627
2026-04-29,79,0.21643835616438356,117.97000122070312,113.6425498873796,0.013219604875715068,-0.1726698115733781
2026-04-29,114,0.31232876712328766,117.97000122070312,113.5648322294926,0.10815006205726968,-0.12184750907759807
2026-04-29,142,0.38904109589041097,117.97000122070312,113.71764279224821,0.07120504562224693,-0.09436485552153151
2026-04-29,205,0.5616438356164384,117.97000122070312,114.09794774235719,0.014685805931327563,-0.059420388618405796
2026-04-29,233,0.6383561643835617,117.97000122070312,114.09388720000759,0.02936618816968907,-0.052335491830761485
2026-04-29,261,0.7150684931506849,117.97000122070312,114.54058920590893,-0.0012481887569611011,-0.04125634736441855
2026-04-30,22,0.06027397260273973,126.9800033569336,126.7714023335722,0.09349943741965473,-0.027277731802581518
2026-04-30,29,0.07945205479452055,126.9800033569336,126.82698462747676,-0.008811815003674877,-0.015176300988651307
2026-04-30,36,0.09863013698630137,126.9800033569336,126.70650679908127,0.001415180821507419,-0.021861251385929602
2026-04-30,43,0.1178082191780822,126.9800033569336,126.635650259143,-0.0031152307891088842,-0.023050619943933585
2026-04-30,49,0.13424657534246576,126.9800033569336,126.74158288408582,0.021313919014453665,-0.013999516443028399
2026-04-30,78,0.2136986301369863,126.9800033569336,126.45817017309416,0.061965987433732314,-0.019270302578885113
2026-04-30,113,0.3095890410958904,126.9800033569336,126.77283547252314,0.08000475649094098,-0.005274193201928248
2026-04-30,141,0.3863013698630137,126.9800033569336,126.90461642037887,0.07614931836707856,-0.0015373171194829596
2026-04-30,204,0.5589041095890411,126.9800033569336,127.11651099492734,0.025204463610229166,0.0019224319649944804
2026-04-30,232,0.6356164383561644,126.9800033569336,127.50637386950001,0.031020020841779027,0.006508224227150191
2026-04-30,260,0.7123287671232876,126.9800033569336,127.83213473440529,0.044052844320537604,0.009389394282697066
2026-05-01,21,0.057534246575342465,130.39999389648438,130.29062697798912,0.24778533301276495,-0.014583580395511228
2026-05-01,28,0.07671232876712329,130.39999389648438,130.19567106094001,0.04170396366004883,-0.020441588331364446
2026-05-01,35,0.0958904109589041,130.39999389648438,130.3392922504651,0.12055894082591484,-0.004855666149393613
2026-05-01,42,0.11506849315068493,130.39999389648438,130.34941224250252,0.0955014144134607,-0.0033716561170901906
2026-05-01,48,0.13150684931506848,130.39999389648438,130.4197313509043,0.03402265352080854,0.0011508860622336467
2026-05-01,77,0.21095890410958903,130.39999389648438,129.94058085798022,-0.10216121623917747,-0.016729926890138722
2026-05-01,112,0.30684931506849317,130.39999389648438,130.25572737717957,-0.017990871079866123,-0.0036074737003573823
2026-05-01,140,0.3835616438356164,130.39999389648438,130.17985530659973,0.018689490790906427,-0.004405044292500481
2026-05-01,203,0.5561643835616439,130.39999389648438,130.25668275820706,-0.0032078548122931377,-0.001977142436489588
2026-05-01,231,0.6328767123287671,130.39999389648438,130.95322905489581,-0.006476273567384747,0.006689496653144473
2026-05-01,259,0.7095890410958904,130.39999389648438,130.3882100455216,0.009088869331657725,-0.00012735687499621195
2026-05-04,25,0.0684931506849315,127.55000305175781,127.24139949392283,0.04540634158327991,-0.035367081484158555
2026-05-04,32,0.08767123287671233,127.55000305175781,127.0573970201566,-0.10380800845999451,-0.044136930484821375
2026-05-04,39,0.10684931506849316,127.55000305175781,126.97484747777574,-0.08758763203858116,-0.04229744498746343
2026-05-04,45,0.1232876712328767,127.55000305175781,127.31125117490465,-0.0802299129302458,-0.015196845621027836
2026-05-04,74,0.20273972602739726,127.55000305175781,127.16194217778924,0.054023423047777214,-0.015029413086608419
2026-05-04,109,0.29863013698630136,127.55000305175781,127.02621388455032,0.10343499008842359,-0.013779569792501565
2026-05-04,137,0.37534246575342467,127.55000305175781,127.13876095166084,0.03704808354679493,-0.008603802901844974
2026-05-04,200,0.547945205479452,127.55000305175781,127.11701732706891,0.008274631451292173,-0.0062057482573931
2026-05-04,228,0.6246575342465753,127.55000305175781,127.78282170465255,0.026809431011685533,0.0029194379936862995
2026-05-04,256,0.7013698630136986,127.55000305175781,126.92355810719766,0.0035689784462199074,-0.007019788274215347
2026-05-05,24,0.06575342465753424,144.16000366210938,145.11852593654572,0.16692407522871486,0.10078576953256825
2026-05-05,31,0.08493150684931507,144.16000366210938,145.14463504398645,-0.01588396081434296,0.08014586478320355
2026-05-05,38,0.10410958904109589,144.16000366210938,145.0846634389686,0.06493950663479597,0.06141258079448119
2026-05-05,44,0.12054794520547946,144.16000366210938,145.3696348343974,-0.05786558290530016,0.06931586585002392
2026-05-05,73,0.2,144.16000366210938,144.21959286920801,-0.018715026405310538,0.0020663461861899707
2026-05-05,108,0.2958904109589041,144.16000366210938,144.8874241199192,-0.039200931849488724,0.01701047431061907
2026-05-05,136,0.3726027397260274,144.16000366210938,144.8641429663742,0.05034359805630164,0.013077034522521642
2026-05-05,199,0.5452054794520548,144.16000366210938,145.5169063526898,0.030671898895626937,0.017183347958265014
2026-05-05,227,0.6219178082191781,144.16000366210938,146.04460237847684,0.03919837058884024,0.020884192995019014
2026-05-05,255,0.6986301369863014,144.16000366210938,145.88026733478281,0.0361168735774703,0.01697948401314279
2026-05-06,23,0.06301369863013699,165.85000610351562,166.55040338790425,-0.0067303889651532806,0.06687727520727003
2026-05-06,30,0.0821917808219178,165.85000610351562,166.81450236550066,0.14277912142114169,0.07054998115391714
2026-05-06,37,0.10136986301369863,165.85000610351562,166.91853529652266,0.06749110832989969,0.06335293761284132
2026-05-06,43,0.1178082191780822,165.85000610351562,166.49575835301837,0.12124148638707194,0.03298608171296985
2026-05-06,72,0.19726027397260273,165.85000610351562,166.2949655720804,-0.020849239060106592,0.013582615109024745
2026-05-06,107,0.29315068493150687,165.85000610351562,166.5426457358952,-0.000516795828450627,0.014216596413818996
2026-05-06,135,0.3698630136986301,165.85000610351562,167.2670980082868,0.004674206782038054,0.023003440510277768
2026-05-06,198,0.5424657534246575,165.85000610351562,167.51018439991546,0.033711428370084756,0.018361250543326275
2026-05-06,226,0.6191780821917808,165.85000610351562,168.042879042328,0.001125986006500403,0.021214215126678104
2026-05-06,254,0.6958904109589041,165.85000610351562,167.37390833987672,0.012508466350274482,0.013143563139154782
2026-05-07,22,0.06027397260273973,152.10000610351562,152.88688981880753,0.01121369093821276,0.08561118741932605
2026-05-07,29,0.07945205479452055,152.10000610351562,152.88894291009493,0.043617224744119124,0.06511543487716695
2026-05-07,36,0.09863013698630137,152.10000610351562,152.84827901463825,0.06154824934605361,0.0497570998173519
2026-05-07,42,0.11506849315068493,152.10000610351562,153.20182451479317,0.11885477479804182,0.06272722454146856
2026-05-07,50,0.136986301369863,152.10000610351562,152.82377746270464,-0.0781109321854743,0.03465482936665343
2026-05-07,71,0.19452054794520549,152.10000610351562,152.5917329974173,-0.027344698962157785,0.016593124451708272
2026-05-07,106,0.29041095890410956,152.10000610351562,153.1332169979931,-0.012316550833623634,0.02331180103856683
2026-05-07,134,0.36712328767123287,152.10000610351562,153.46176217330725,-0.0038560931686126227,0.024278465948792394
2026-05-07,197,0.5397260273972603,152.10000610351562,153.70212607249465,0.039007441205201526,0.01941400476470028
2026-05-07,225,0.6164383561643836,152.10000610351562,154.06483483964672,0.018216644239926725,0.02082167624068817
2026-05-07,253,0.6931506849315069,152.10000610351562,153.68303821979742,0.020706136483418472,0.014937659121546135
2026-05-08,21,0.057534246575342465,176.94000244140625,176.6563384470417,-0.02719704746858477,-0.02788689172247541
2026-05-08,28,0.07671232876712329,176.94000244140625,177.04110201861755,0.12776072865257798,0.007446189766415212
2026-05-08,35,0.0958904109589041,176.94000244140625,177.27124486269506,0.15971279486004725,0.01950466725066159
2026-05-08,41,0.11232876712328767,176.94000244140625,177.10821371510673,0.09792385843354959,0.008459247366165351
2026-05-08,49,0.13424657534246576,176.94000244140625,177.31771936173354,0.09088421426172381,0.015884518665580744
2026-05-08,70,0.1917808219178082,176.94000244140625,176.8067651843883,0.06231012565624927,-0.003927878484342862
2026-05-08,105,0.2876712328767123,176.94000244140625,177.20902992833751,0.011606882561339895,0.005281341369386059
2026-05-08,133,0.3643835616438356,176.94000244140625,177.3652820674167,0.04553264158621635,0.006588224278302823
2026-05-08,196,0.536986301369863,176.94000244140625,177.9612293601453,0.004972414019856547,0.010717234529395188
2026-05-08,224,0.6136986301369863,176.94000244140625,178.35976718038052,0.0138349360845851,0.013022627357146191
2026-05-08,252,0.6904109589041096,176.94000244140625,178.4981613058603,0.03029225223178544,0.012699095216968884
2026-05-11,25,0.0684931506849315,190.4199981689453,189.18504442176115,0.09681339660314646,-0.09499551531460419
2026-05-11,32,0.08767123287671233,190.4199981689453,189.3537353777465,-0.014945227151017128,-0.06404914739929018
2026-05-11,38,0.10410958904109589,190.4199981689453,189.15094337005948,0.1186120190342362,-0.06422857701150574
2026-05-11,46,0.12602739726027398,190.4199981689453,189.4296504686862,0.04641766525892262,-0.041375378612582156
2026-05-11,67,0.18356164383561643,190.4199981689453,189.3033035425148,0.027556078527492298,-0.03204176915947535
2026-05-11,102,0.27945205479452057,190.4199981689453,189.74376543150314,0.023663432592045487,-0.012730592585245223
2026-05-11,130,0.3561643835616438,190.4199981689453,189.96577842800673,0.01074069239307319,-0.006705349974921702
2026-05-11,193,0.5287671232876713,190.4199981689453,190.10628479906455,0.031202770848253288,-0.003118272168599147
2026-05-11,221,0.6054794520547945,190.4199981689453,190.46169605520416,0.034055956331078586,0.00036162173726389724
2026-05-11,249,0.6821917808219178,190.4199981689453,190.32888527538353,0.027711872788326552,-0.0007015598427223026
2026-05-12,24,0.06575342465753424,172.52000427246094,171.73631135638837,-0.012338812521580044,-0.06924307933669
2026-05-12,31,0.08493150684931507,172.52000427246094,171.7768146887782,0.10568196285696331,-0.05083097554367744
2026-05-12,37,0.10136986301369863,172.52000427246094,171.98914200817725,0.0650826435570638,-0.030402029672986216
2026-05-12,45,0.1232876712328767,172.52000427246094,171.6868483389239,0.08219828268397701,-0.039266118592923484
2026-05-12,66,0.18082191780821918,172.52000427246094,171.92793387251967,-0.004187602944961965,-0.019012057203017643
2026-05-12,101,0.27671232876712326,172.52000427246094,172.10569254776448,-0.006345879803273878,-0.00868922938048374
2026-05-12,129,0.35342465753424657,172.52000427246094,171.88810345863362,0.032076929516112865,-0.010382673214257452
2026-05-12,192,0.5260273972602739,172.52000427246094,172.75218437393445,0.0356454762521917,0.002556731344816352
2026-05-12,220,0.6027397260273972,172.52000427246094,172.650904670105,0.009984584653295442,0.001258366012386517
2026-05-12,248,0.6794520547945205,172.52000427246094,172.99496537252224,0.03753665135152791,0.004046342368552868
2026-05-13,23,0.06301369863013699,184.24000549316406,184.25357014030484,-0.10712991864366996,0.0011683517259635336
2026-05-13,30,0.0821917808219178,184.24000549316406,184.3627190279349,-0.06772836729388497,0.008100942444977227
2026-05-13,36,0.09863013698630137,184.24000549316406,184.27197591957287,-0.021177004795760027,0.0017592079403212892
2026-05-13,44,0.12054794520547946,184.24000549316406,184.33103150994302,0.0826950393371919,0.004097458151544844
2026-05-13,65,0.1780821917808219,184.24000549316406,184.44904786559903,0.009708084975890617,0.006367715218173808
2026-05-13,100,0.273972602739726,184.24000549316406,184.7750611332727,-0.0009952277145860355,0.010584686814356686
2026-05-13,128,0.3506849315068493,184.24000549316406,184.9680227634092,0.014293655802870267,0.011245635408110726
2026-05-13,191,0.5232876712328767,184.24000549316406,185.33824584588845,0.049808077652534956,0.011357474278340964
2026-05-13,219,0.6,184.24000549316406,185.45292761219542,0.027729286736201727,0.010936341690695513
2026-05-13,247,0.6767123287671233,184.24000549316406,185.27385787211162,0.030951283073944753,0.008269035086312054
2026-05-14,22,0.06027397260273973,186.19000244140625,187.90971819598508,-0.05487618031523588,0.1525360600448711
2026-05-14,29,0.07945205479452055,186.19000244140625,187.94804538397253,0.017808022100517244,0.11828390719885909
2026-05-14,35,0.0958904109589041,186.19000244140625,187.95743548600245,-0.11736980194098169,0.09852767645673716
2026-05-14,43,0.1178082191780822,186.19000244140625,188.14360805030086,0.031365035965923424,0.08860055001388072
2026-05-14,64,0.17534246575342466,186.19000244140625,188.09509454125245,0.04529099501307768,0.058057733526787364
2026-05-14,99,0.27123287671232876,186.19000244140625,188.39854463921185,0.00335317204026972,0.043475431850314744
2026-05-14,127,0.34794520547945207,186.19000244140625,188.59820814423668,0.01677052453930819,0.0369345468928556
2026-05-14,190,0.5205479452054794,186.19000244140625,189.11968577951245,0.03169541908599995,0.029992245771778763
2026-05-14,218,0.5972602739726027,186.19000244140625,189.25620290816093,0.02406927673988961,0.027348206363080677
2026-05-14,246,0.673972602739726,186.19000244140625,189.296257283199,0.03121473040804488,0.024549389368138653
2026-05-15,21,0.057534246575342465,164.17999267578125,163.16798379682058,0.09493750108661186,-0.10746811000702976
2026-05-15,28,0.07671232876712329,164.17999267578125,163.2531030145165,0.07263354672695153,-0.07380256444323886
2026-05-15,34,0.09315068493150686,164.17999267578125,163.36507179171073,-0.06098505514575058,-0.05341819720726986
2026-05-15,42,0.11506849315068493,164.17999267578125,163.20745058136777,0.030253047785759005,-0.05163227210586983
2026-05-15,63,0.1726027397260274,164.17999267578125,163.26432437441727,0.00696410696056086,-0.0324029212486237
2026-05-15,98,0.2684931506849315,164.17999267578125,163.35701193165528,0.030598514638122746,-0.018716601734445636
2026-05-15,126,0.3452054794520548,164.17999267578125,163.7759436359674,0.04217784871867359,-0.0071379108148781545
2026-05-15,189,0.5178082191780822,164.17999267578125,163.77912930373353,0.040628824395404835,-0.004721042744974554
2026-05-15,217,0.5945205479452055,164.17999267578125,164.0268291390678,0.04106990832315925,-0.0015698962073106902
2026-05-15,245,0.6712328767123288,164.17999267578125,164.19879081097986,0.03217268521490292,0.00017056756727722153
2026-05-18,25,0.0684931506849315,151.75,150.84279695863464,0.11464371776757999,-0.08754474146388634
2026-05-18,31,0.08493150684931507,151.75,150.9808815662681,-0.09334627556972445,-0.059827188673484424
2026-05-18,39,0.10684931506849316,151.75,150.92696878404215,-0.02465532037955005,-0.0508974770180033
2026-05-18,60,0.1643835616438356,151.75,150.74765036172658,0.06208139730930253,-0.040315349728692135
2026-05-18,95,0.2602739726027397,151.75,151.16272617030785,0.051572657065597396,-0.014897827024752548
2026-05-18,123,0.336986301369863,151.75,151.25585225536702,0.02707771897659698,-0.009678853907323454
2026-05-18,186,0.5095890410958904,151.75,151.38048798112303,0.015762017116511626,-0.004784197296942645
2026-05-18,214,0.5863013698630137,151.75,151.71077056037635,0.019153123467846544,-0.00044097974031700457
2026-05-18,242,0.663013698630137,151.75,152.04058347549926,0.045033646577835325,0.0028853880737652895
2026-05-19,24,0.06575342465753424,151.88999938964844,152.6299106370561,0.09402972157739552,0.07390544041176936
2026-05-19,30,0.0821917808219178,151.88999938964844,152.84723552180535,-0.06541906797592835,0.07643576112350983
2026-05-19,38,0.10410958904109589,151.88999938964844,152.77520836105413,0.0654927588332872,0.05581660675668179
2026-05-19,59,0.16164383561643836,151.88999938964844,152.7315102638952,0.016459508754987875,0.03417992611294395
2026-05-19,94,0.25753424657534246,151.88999938964844,153.33136588353403,0.043276502754170665,0.036673953202008315
2026-05-19,122,0.33424657534246577,151.88999938964844,153.58944150819218,0.026041920290959655,0.03328832173334329
2026-05-19,185,0.5068493150684932,151.88999938964844,153.70871461817535,0.028484027286367227,0.02348385769476657
2026-05-19,213,0.5835616438356165,151.88999938964844,154.00307207498417,0.041043118268969454,0.023675271101027236
2026-05-19,241,0.6602739726027397,151.88999938964844,154.1110804566641,0.04886590776466872,0.021986439020885002
2026-05-20,23,0.06301369863013699,173.1999969482422,172.66486552449098,0.048000035871447896,-0.04910767601540186
2026-05-20,29,0.07945205479452055,173.1999969482422,172.6873331467662,0.10208234471849337,-0.037309822230193905
2026-05-20,37,0.10136986301369863,173.1999969482422,172.61589151280342,0.06622320390883184,-0.033324823175420466
2026-05-20,58,0.1589041095890411,173.1999969482422,172.85212279393073,0.043734569357755874,-0.012652480089621365
2026-05-20,93,0.2547945205479452,173.1999969482422,172.86646331216463,0.06983566919190097,-0.007565195808638483
2026-05-20,121,0.3315068493150685,173.1999969482422,173.33824456640926,0.03891645868112402,0.002406822170043291
2026-05-20,184,0.5041095890410959,173.1999969482422,173.62477928043376,0.030713375659364838,0.004859164307648461
2026-05-20,212,0.5808219178082191,173.1999969482422,173.70432073502727,0.05346392226372418,0.005005956280174533
2026-05-20,240,0.6575342465753424,173.1999969482422,173.80569589513294,0.039166175761375564,0.005309239029364574
2026-05-21,22,0.06027397260273973,178.38999938964844,177.80591117670414,0.02711994745509248,-0.05441142270481251
2026-05-21,28,0.07671232876712329,178.38999938964844,177.7900380836527,0.011085561200169665,-0.04391560863288522
2026-05-21,36,0.09863013698630137,178.38999938964844,177.82676863356645,0.02536756110343667,-0.032062156114882376
2026-05-21,42,0.11506849315068493,178.38999938964844,177.89228870985946,0.042958782051731086,-0.024280441495663364
2026-05-21,57,0.15616438356164383,178.38999938964844,177.8985673601488,0.042295951602826676,-0.017664845863918466
2026-05-21,92,0.25205479452054796,178.38999938964844,178.25398321268628,0.01680652277808572,-0.003026151850120449
2026-05-21,120,0.3287671232876712,178.38999938964844,178.54331240628386,0.013996175834035613,0.0026129649743140164
2026-05-21,183,0.5013698630136987,178.38999938964844,178.565269620539,0.039185141456718746,0.0019586920793758958
2026-05-21,211,0.5780821917808219,178.38999938964844,178.89760145218614,0.02534628252881132,0.00491525586664303
2026-05-21,239,0.6547945205479452,178.38999938964844,178.9514225169244,0.03134940678521922,0.004798795625934512
2026-05-22,21,0.057534246575342465,190.55999755859375,190.27980235632054,-0.00392916556312177,-0.025575374989108824
2026-05-22,27,0.07397260273972603,190.55999755859375,190.2124793074043,-0.03171688963710362,-0.024675802501755807
2026-05-22,35,0.0958904109589041,190.55999755859375,190.2354602497527,-0.007888093612363683,-0.01777574420345607
2026-05-22,41,0.11232876712328767,190.55999755859375,190.36532229336242,0.02812493241426157,-0.009099341728376273
2026-05-22,56,0.15342465753424658,190.55999755859375,190.58811936298252,0.06473331438382522,0.0009617988167872754
2026-05-22,91,0.2493150684931507,190.55999755859375,190.6172551359813,0.038470644644199053,0.0012050011578670257
2026-05-22,119,0.32602739726027397,190.55999755859375,190.88799777533347,0.04522490697481,0.005274906908525883
2026-05-22,182,0.4986301369863014,190.55999755859375,191.57064250367608,0.04722526423872449,0.010608139718003909
2026-05-22,210,0.5753424657534246,190.55999755859375,191.47215906603577,0.04003879593388409,0.008299964061971784
2026-05-22,238,0.6520547945205479,190.55999755859375,191.73783708629733,0.03375973685107289,0.00944999467930721
2026-05-26,23,0.06301369863013699,225.7899932861328,226.11980540143256,0.06270780157201317,0.023163807546117653
2026-05-26,31,0.08493150684931507,225.7899932861328,225.97329865448236,0.14137167060435796,0.009554884349187154
2026-05-26,37,0.10136986301369863,225.7899932861328,226.19516029840068,0.07699936408333345,0.017686062750589815
2026-05-26,52,0.14246575342465753,225.7899932861328,226.30151431714256,0.04070626286112382,0.015883889131980376
2026-05-26,87,0.23835616438356164,225.7899932861328,226.50160418110073,0.03146786872041893,0.013201644535533425
2026-05-26,115,0.3150684931506849,225.7899932861328,226.56910762722103,0.03101813963036785,0.010933099874553617
2026-05-26,178,0.4876712328767123,225.7899932861328,227.0875945725795,0.039186375759977854,0.011750720192182864
2026-05-26,206,0.5643835616438356,225.7899932861328,227.50958833173004,0.02046488139298274,0.013443074021570446
2026-05-26,234,0.6410958904109589,225.7899932861328,227.74756885373617,0.036154861943890386,0.013465267154475479
2026-05-27,22,0.06027397260273973,217.97999572753906,218.32194597609043,-0.03887212207198669,0.026006148983871148
2026-05-27,30,0.0821917808219178,217.97999572753906,218.3158838743054,-0.022288571611825937,0.018733341832561368
2026-05-27,36,0.09863013698630137,217.97999572753906,218.45695274210559,0.04487037900890955,0.022160434021779637
2026-05-27,51,0.13972602739726028,217.97999572753906,218.6245130995472,0.06812248199132372,0.021129995800264683
2026-05-27,86,0.2356164383561644,217.97999572753906,218.9831288679593,0.014248871924986842,0.01948672973538286
2026-05-27,114,0.31232876712328766,217.97999572753906,218.9170630074208,0.05232170490955184,0.013734420106525803
2026-05-27,177,0.4849315068493151,217.97999572753906,219.53303156604449,0.05006031955820748,0.014640027976592708
2026-05-27,205,0.5616438356164384,217.97999572753906,219.99610643914835,0.021703155845008638,0.016392154150239487
2026-05-27,233,0.6383561643835617,217.97999572753906,220.1994359912885,0.025993109558511692,0.01586945915482112
2026-05-28,21,0.057534246575342465,224.6300048828125,225.95081923009414,-0.08220589053504161,0.10189992916472022
2026-05-28,29,0.07945205479452055,224.6300048828125,225.8829927298728,-0.08338396822204312,0.0700108766172544
2026-05-28,35,0.0958904109589041,224.6300048828125,226.00968915891443,0.04624325521359381,0.0638566960181224
2026-05-28,43,0.1178082191780822,224.6300048828125,226.1316906550032,0.03747391323242071,0.05655722251766902
2026-05-28,50,0.136986301369863,224.6300048828125,225.87923594020654,0.09884447110451373,0.04048489693955215
2026-05-28,85,0.2328767123287671,224.6300048828125,226.5099056928635,0.0008257056289285572,0.03578739888832029
2026-05-28,113,0.3095890410958904,224.6300048828125,226.7241955746959,0.016547676464889687,0.029974108121542692
2026-05-28,176,0.4821917808219178,224.6300048828125,227.36158580778024,0.027241015232638513,0.02506681732635743
2026-05-28,204,0.5589041095890411,224.6300048828125,227.6659272927357,0.01852847572716293,0.024019679112701156
2026-05-28,232,0.6356164383561644,224.6300048828125,227.872615922385,0.02522657421341158,0.022548417486367645
2026-05-29,20,0.0547945205479452,224.33999633789062,224.04955964857572,-0.01351768943915393,-0.023642255938012665
2026-05-29,28,0.07671232876712329,224.33999633789062,223.54976030859004,-0.045530556851624486,-0.04599927385035899
2026-05-29,34,0.09315068493150686,224.33999633789062,223.6480730441281,0.0361142300176781,-0.033161624068219854
2026-05-29,42,0.11506849315068493,224.33999633789062,223.51912590793947,0.018731320396313443,-0.03185717365614445
2026-05-29,49,0.13424657534246576,224.33999633789062,223.46901085344203,0.06644240967729134,-0.0289764661968758
2026-05-29,84,0.23013698630136986,224.33999633789062,224.1821888277204,0.012911139160286543,-0.00305764689409027
2026-05-29,112,0.30684931506849317,224.33999633789062,224.16309463647855,0.06191340921408387,-0.002570818576568011
2026-05-29,175,0.4794520547945205,224.33999633789062,224.81708250258185,0.046936927889786234,0.004430814297762869
2026-05-29,203,0.5561643835616439,224.33999633789062,225.10004275967526,0.035670048678950954,0.006081288334992394
2026-05-29,231,0.6328767123287671,224.33999633789062,225.08817781172644,0.02962040038697777,0.005260874446110324
2026-06-01,25,0.0684931506849315,227.02999877929688,225.12911528402103,-0.0027304632286868098,-0.12275794811484696
2026-06-01,31,0.08493150684931507,227.02999877929688,225.32689236253938,0.06444258448991781,-0.08865919687086914
2026-06-01,39,0.10684931506849316,227.02999877929688,225.18050313526376,0.07798709542896005,-0.07655496168350273
2026-06-01,46,0.12602739726027398,227.02999877929688,225.12904910773455,0.039485174538034205,-0.06671860856436773
2026-06-01,81,0.2219178082191781,227.02999877929688,225.71936420137536,0.014283766809941745,-0.02608932410708836
2026-06-01,109,0.29863013698630136,227.02999877929688,225.3805357700815,0.04516015004646645,-0.024417891406902526
2026-06-01,172,0.4712328767123288,227.02999877929688,226.02046159186835,0.040184701380186164,-0.009457380823483486
2026-06-01,200,0.547945205479452,227.02999877929688,226.40944449058938,0.0021271012455217585,-0.004995208514559125
2026-06-01,228,0.6246575342465753,227.02999877929688,226.2311616638067,0.021660821897091804,-0.00564284591218504
2026-06-02,24,0.06575342465753424,266.32000732421875,265.59873195266044,0.030894244397137505,-0.04124465708373745
2026-06-02,30,0.0821917808219178,266.32000732421875,265.6850564584805,0.017540778798156784,-0.02904197620340757
2026-06-02,38,0.10410958904109589,266.32000732421875,265.6779022169027,0.018150149274574895,-0.02318652541717967
2026-06-02,45,0.1232876712328767,266.32000732421875,265.55687822673985,-0.002623554814370793,-0.02327542075020718
2026-06-02,80,0.2191780821917808,266.32000732421875,266.1491151712908,0.0188594801173604,-0.0029286035248399993
2026-06-02,108,0.2958904109589041,266.32000732421875,266.20094082985395,0.030203400636550963,-0.0015113045237072392
2026-06-02,171,0.4684931506849315,266.32000732421875,266.94327869328254,0.02592782764796264,0.00498956219328604
2026-06-02,199,0.5452054794520548,266.32000732421875,267.02880261386827,0.03416741140208187,0.004875055134813436
2026-06-02,227,0.6219178082191781,266.32000732421875,267.53528641139934,0.042068001053403734,0.00732065978215522
2026-06-03,23,0.06301369863013699,280.5400085449219,279.3433669970145,0.02041933296103888,-0.0678363060315187
2026-06-03,29,0.07945205479452055,280.5400085449219,279.31897821375986,-0.025214074430965572,-0.054900127014678814
2026-06-03,37,0.10136986301369863,280.5400085449219,279.29022949421784,0.015608781603371487,-0.04404521617356671
2026-06-03,44,0.12054794520547946,280.5400085449219,279.25079271259483,0.04015138113967256,-0.03820945331837878
2026-06-03,79,0.21643835616438356,280.5400085449219,279.5392732934921,0.019120874925946798,-0.01651071654557636
2026-06-03,107,0.29315068493150687,280.5400085449219,279.99405792869067,0.03398803677623118,-0.006644932417596835
2026-06-03,170,0.4657534246575342,280.5400085449219,280.02083124734935,0.02506324481700423,-0.0039771044901153905
2026-06-03,198,0.5424657534246575,280.5400085449219,280.29181016321166,0.03215500771591658,-0.0016316387032159951
2026-06-03,226,0.6191780821917808,280.5400085449219,280.5268768533465,0.03313321394514018,-7.559976715203362e-05
2026-06-04,22,0.06027397260273973,262.70001220703125,260.24009014890976,-0.016559185379979486,-0.1560891738333165
2026-06-04,28,0.07671232876712329,262.70001220703125,260.18755365623343,-0.07395655445151238,-0.12527337048591666
2026-06-04,36,0.09863013698630137,262.70001220703125,260.10137492287055,0.05069221827934912,-0.10079357983709106
2026-06-04,43,0.1178082191780822,262.70001220703125,260.1736613162041,0.03345749452686077,-0.08202659403929906
2026-06-04,50,0.136986301369863,262.70001220703125,260.2180504222552,-0.007324078137721188,-0.06929749948278689
2026-06-04,78,0.2136986301369863,262.70001220703125,260.6525568663771,0.013334516370073494,-0.036614284380493196
2026-06-04,106,0.29041095890410956,262.70001220703125,260.3784925658982,0.02485163134803003,-0.030565065802481313
2026-06-04,169,0.46301369863013697,262.70001220703125,260.93920193884134,0.032480657081443,-0.01452506859885342
2026-06-04,197,0.5397260273972603,262.70001220703125,261.0762086808956,0.027089968027782612,-0.01148803440726781
2026-06-04,225,0.6164383561643836,262.70001220703125,261.76432001313924,0.030729700048164922,-0.005788390886953608
2026-06-05,49,0.13424657534246576,182.5399932861328,177.03710418083546,0.02102242914595014,-0.22801290450171996
2026-06-05,77,0.21095890410958903,182.5399932861328,176.96013629760193,0.023472141407130328,-0.14716042391682593
2026-06-05,105,0.2876712328767123,182.5399932861328,177.29339693490112,0.024524817728343976,-0.10137725611330323
2026-06-05,168,0.4602739726027397,182.5399932861328,177.4533423946856,0.03872599383587682,-0.06140163767054824
2026-06-05,196,0.536986301369863,182.5399932861328,177.5802183690327,0.010355606523979622,-0.05129897902597882
2026-06-05,224,0.6136986301369863,182.5399932861328,177.5546279371697,0.02753712111804568,-0.045121439671202225
2026-06-08,24,0.06575342465753424,211.44000244140625,211.35508695328332,-0.06875883267808218,-0.006108978549157182
2026-06-08,32,0.08767123287671233,211.44000244140625,211.33544244261174,0.03321129793568152,-0.005641943140257196
2026-06-08,39,0.10684931506849316,211.44000244140625,211.05128157081893,0.02885234515061744,-0.017221797584264238
2026-06-08,46,0.12602739726027398,211.44000244140625,211.45800281822002,0.05323366827065719,0.0006754776575052375
2026-06-08,74,0.20273972602739726,211.44000244140625,211.98827487533427,0.03303868738086218,0.01277344188451025
2026-06-08,102,0.27945205479452057,211.44000244140625,211.26339137092623,-0.00019690870443801644,-0.00299023211723187
2026-06-08,165,0.4520547945205479,211.44000244140625,211.8703603663737,0.03343337201638495,0.004497901805661151
2026-06-08,193,0.5287671232876713,211.44000244140625,212.077122216803,0.04447355128643173,0.005690048766376343
2026-06-08,221,0.6054794520547945,211.44000244140625,212.58627496640267,0.03207058017057731,0.008929492074061485
2026-06-09,23,0.06301369863013699,201.67999267578125,201.38816409420116,-0.00549934597953268,-0.022979704246663873
2026-06-09,31,0.08493150684931507,201.67999267578125,201.28892857784857,0.02227405894975546,-0.022852709385311913
2026-06-09,38,0.10410958904109589,201.67999267578125,201.44772318730915,0.08989075121563521,-0.011068501218894576
2026-06-09,45,0.1232876712328767,201.67999267578125,201.36999128012945,0.05106752006694727,-0.012477143583440676
2026-06-09,73,0.2,201.67999267578125,201.4324076994493,0.07317253844287236,-0.0061418355583442285
2026-06-09,101,0.27671232876712326,201.67999267578125,201.62508016144136,0.05166967529407336,-0.0009840997784578071
2026-06-09,164,0.44931506849315067,201.67999267578125,201.6551161536892,0.02508160903854175,-0.0002745381154480954
2026-06-09,192,0.5260273972602739,201.67999267578125,201.7852006440166,0.045439031368746934,0.0009914348951308794
2026-06-09,220,0.6027397260273972,201.67999267578125,202.09272547732226,0.029911145950652238,0.00339181646818099
2026-06-10,22,0.06027397260273973,180.64999389648438,178.51413281287302,0.12925171491203974,-0.1973264708779324
2026-06-10,30,0.0821917808219178,180.64999389648438,178.5706145724951,0.049805101406083255,-0.14085716180919258
2026-06-10,37,0.10136986301369863,180.64999389648438,178.4510128736005,-0.040950482237203094,-0.12081793909210317
2026-06-10,44,0.12054794520547946,180.64999389648438,178.62676228339606,0.03059845381995452,-0.09343105566339237
2026-06-10,72,0.19726027397260273,180.64999389648438,178.81517791192306,0.022632382794670756,-0.0517523210041544
2026-06-10,100,0.273972602739726,180.64999389648438,178.60034664874027,0.010966417297062984,-0.041649472721775306
2026-06-10,163,0.4465753424657534,180.64999389648438,178.7578926681529,0.014499929827617757,-0.023577406586997127
2026-06-10,191,0.5232876712328767,180.64999389648438,179.09534607668402,0.02439002680027497,-0.016516919102317562
2026-06-10,219,0.6,180.64999389648438,179.1267569844663,0.03606932119024246,-0.01411288166830238
2026-06-11,21,0.057534246575342465,223.99000549316406,223.3542607537989,0.19033635967379217,-0.049402025751215065
2026-06-11,29,0.07945205479452055,223.99000549316406,223.5074407635272,0.028643171092357568,-0.02714501248345351
2026-06-11,36,0.09863013698630137,223.99000549316406,222.87243653548956,-0.03949762138736508,-0.05071328465059658
2026-06-11,43,0.1178082191780822,223.99000549316406,223.61479923943938,0.013134009853588586,-0.014230817031205616
2026-06-11,50,0.136986301369863,223.99000549316406,224.43192644584948,0.2026583788486227,0.0143883417345012
2026-06-11,71,0.19452054794520549,223.99000549316406,223.5186100670985,0.022221009906226143,-0.010830503209877487
2026-06-11,99,0.27123287671232876,223.99000549316406,223.52544648649305,-0.0011138469734833499,-0.0076545677364194395
2026-06-11,162,0.4438356164383562,223.99000549316406,224.036571422632,0.03618984898105229,0.00046835196432969063
2026-06-11,190,0.5205479452054794,223.99000549316406,224.23044580346613,0.04452761626616632,0.0020610328413738182
2026-06-11,218,0.5972602739726027,223.99000549316406,224.27993178883506,0.03814943812768214,0.0021657804014597287
2026-06-12,20,0.0547945205479452,234.67999267578125,235.3506346446117,0.17523231586940824,0.05207841159780728
2026-06-12,28,0.07671232876712329,234.67999267578125,235.52040296924585,0.10835096724443519,0.04659868530890429
2026-06-12,35,0.0958904109589041,234.67999267578125,235.0960762786487,0.06333651799715624,0.01847330672706569
2026-06-12,42,0.11506849315068493,234.67999267578125,235.7736110351121,-0.007523975441027844,0.040403905327217486
2026-06-12,49,0.13424657534246576,234.67999267578125,235.7115895304031,0.01032179920107137,0.03267216730532789
2026-06-12,70,0.1917808219178082,234.67999267578125,235.60063570296154,0.0554155604323247,0.02041547802462059
2026-06-12,98,0.2684931506849315,234.67999267578125,235.70933831615804,0.03796989564421681,0.016300511941741234
2026-06-12,161,0.4410958904109589,234.67999267578125,236.019457802048,0.025327961600097766,0.012902856762329664
2026-06-12,189,0.5178082191780822,234.67999267578125,236.60541187108265,0.028799886008142997,0.015779919352269543
2026-06-12,217,0.5945205479452055,234.67999267578125,236.20100242874977,0.03241677623267374,0.010866394628687747
2026-06-15,25,0.0684931506849315,272.5,272.31253365240775,0.052138185181897376,-0.010047525024870033
2026-06-15,32,0.08767123287671233,272.5,272.1773652394926,0.08240529215141679,-0.013512781702701275
2026-06-15,39,0.10684931506849316,272.5,272.4377172209364,0.01333450443446673,-0.0021393378229445613
2026-06-15,46,0.12602739726027398,272.5,272.45598236654774,0.048339978286791166,-0.0012818295952479008
2026-06-15,67,0.18356164383561643,272.5,272.615954007881,0.015483941035264482,0.0023176344383583312
2026-06-15,95,0.2602739726027397,272.5,272.7728952454055,0.03653169562089024,0.0038457526693366417
2026-06-15,158,0.4328767123287671,272.5,273.418439603945,0.018949024113506057,0.007773006336212773
2026-06-15,186,0.5095890410958904,272.5,273.3167672955422,0.0330598663927738,0.00587302307054093
2026-06-15,214,0.5863013698630137,272.5,273.3752877173829,0.04062449605387258,0.005469742221416753
2026-06-16,24,0.06575342465753424,226.19000244140625,228.09962928241478,0.08613479795118904,0.1278585755466702
2026-06-16,31,0.08493150684931507,226.19000244140625,228.12978658716315,0.0274211983319835,0.10054386057433529
2026-06-16,38,0.10410958904109589,226.19000244140625,228.12571038716592,0.051732814730468375,0.08185099569433751
2026-06-16,45,0.1232876712328767,226.19000244140625,228.23908126442387,0.05621808803548111,0.07314856926588179
2026-06-16,66,0.18082191780821918,226.19000244140625,228.31059868361837,0.02362999077057637,0.05160664209048249
2026-06-16,94,0.25753424657534246,226.19000244140625,228.7748493826901,0.032307378191575864,0.04412214978961117
2026-06-16,157,0.4301369863013699,226.19000244140625,228.74446366159327,0.029877541626463812,0.026108279024179493
2026-06-16,185,0.5068493150684932,226.19000244140625,228.86836702711807,0.02145024034903638,0.023225161058680818
2026-06-16,213,0.5835616438356165,226.19000244140625,228.81797984369018,0.0282520756264506,0.019794780790647254
2026-06-17,23,0.06301369863013699,233.86000061035156,236.78822788481682,0.06258373030804343,0.19747357159295226
2026-06-17,30,0.0821917808219178,233.86000061035156,236.89644540821675,0.04460396954826209,0.15695557381122532
2026-06-17,37,0.10136986301369863,233.86000061035156,236.88657523853314,0.03182770095692591,0.12685025293276528
2026-06-17,44,0.12054794520547946,233.86000061035156,236.92728056947348,0.013230886703679728,0.10809485526908996
2026-06-17,65,0.1780821917808219,233.86000061035156,237.05869289129814,0.03280080689864026,0.07628562602214492
2026-06-17,93,0.2547945205479452,233.86000061035156,237.3085023364745,0.04214663808695433,0.057451565009998914
2026-06-17,156,0.4273972602739726,233.86000061035156,237.35430336662557,0.026321751924360957,0.03470150321247955
2026-06-17,184,0.5041095890410959,233.86000061035156,237.50986642013655,0.02313216120948695,0.03072053666114257
2026-06-17,212,0.5808219178082191,233.86000061035156,237.78113974504834,0.021934670234088575,0.028628433023126926
2026-06-18,22,0.06027397260273973,279.2900085449219,278.83340959350875,0.04971875225054505,-0.02714594348752705
2026-06-18,29,0.07945205479452055,279.2900085449219,278.92261591681654,0.045119649923262416,-0.01656745152167174
2026-06-18,36,0.09863013698630137,279.2900085449219,279.0276602950508,0.0330454387598463,-0.00952833879297261
2026-06-18,43,0.1178082191780822,279.2900085449219,279.0540941733786,0.029959395359462116,-0.007173100162321778
2026-06-18,64,0.17534246575342466,279.2900085449219,279.3118975284452,0.023321188523281768,0.00044695733352415675
2026-06-18,92,0.25205479452054796,279.2900085449219,279.61005629766083,0.0324645512532772,0.0045437633303574065
2026-06-18,155,0.4246575342465753,279.2900085449219,279.6135343420988,0.025183123615703334,0.0027262348416291853
2026-06-18,183,0.5013698630136987,279.2900085449219,279.988033400203,0.034044334875997624,0.004978690331372137
2026-06-18,211,0.5780821917808219,279.2900085449219,279.90733709921005,0.027996221623767175,0.00381937099388391
2026-06-18,246,0.673972602739726,279.2900085449219,280.3086956983403,0.02880690210872555,0.005401972411618678
2026-06-22,25,0.0684931506849315,300.7699890136719,299.9270951570041,0.01000661070517327,-0.04097325826426175
2026-06-22,32,0.08767123287671233,300.7699890136719,299.9527376425939,0.08206497179555701,-0.0310352140469639
2026-06-22,39,0.10684931506849316,300.7699890136719,300.11520647153816,0.022693247433508534,-0.0203968927647319
2026-06-22,60,0.1643835616438356,300.7699890136719,300.1081396309674,0.043030381389909875,-0.013401226797187912
2026-06-22,88,0.2410958904109589,300.7699890136719,300.88500503649095,0.009985665548129876,0.0015858094927363577
2026-06-22,151,0.4136986301369863,300.7699890136719,300.9056612890278,0.03589968766777784,0.001090120715907339
2026-06-22,179,0.4904109589041096,300.7699890136719,301.0942234328624,0.030775485355251254,0.0021970020710965848
2026-06-22,207,0.5671232876712329,300.7699890136719,301.17240084832605,0.031403947020828105,0.002357590624106014
2026-06-22,242,0.663013698630137,300.7699890136719,301.5621116001973,0.03224304859029106,0.003967017646836697
2026-06-23,24,0.06575342465753424,231.4199981689453,233.09430987981435,0.016817494077333038,0.10963537801068851
2026-06-23,31,0.08493150684931507,231.4199981689453,233.53443793911453,0.0664017498336983,0.10709004062308375
2026-06-23,38,0.10410958904109589,231.4199981689453,233.68377232229327,0.08535348389562908,0.09350308280346672
2026-06-23,59,0.16164383561643836,231.4199981689453,233.63983318115768,0.04188273305942736,0.059058989784655624
2026-06-23,87,0.23835616438356164,231.4199981689453,234.2403533125375,0.050229188626620215,0.05082102912182548
2026-06-23,150,0.410958904109589,231.4199981689453,234.04820811552054,0.042456710256742886,0.02747933693083317
2026-06-23,178,0.4876712328767123,231.4199981689453,234.3042900686864,0.027380085006535163,0.025399123687145364
2026-06-23,206,0.5643835616438356,231.4199981689453,234.25758916199956,0.024013835477409776,0.02159362105730678
2026-06-23,241,0.6602739726027397,231.4199981689453,234.55196761123855,0.0318911904344251,0.02035963954166692
2026-06-24,86,0.2356164383561644,229.57000732421875,246.22237125764,0.06675012447818295,0.2972078286049403
2026-06-24,149,0.40821917808219177,229.57000732421875,246.33371911014885,0.0018851769250609338,0.17265032205199865
2026-06-24,177,0.4849315068493151,229.57000732421875,246.59797777744913,0.011247924104349652,0.14754942394666695
2026-06-24,205,0.5616438356164384,229.57000732421875,246.68359811344973,0.008531617599230096,0.12801442092642829
2026-06-24,240,0.6575342465753424,229.57000732421875,247.1278162007768,0.00396958562738547,0.11208184497397666
2026-06-25,22,0.06027397260273973,252.61000061035156,256.0156743550027,0.0968668652968292,0.22218330973232453
2026-06-25,29,0.07945205479452055,252.61000061035156,255.96504684294436,0.06359945556425464,0.16606366683951126
2026-06-25,36,0.09863013698630137,252.61000061035156,255.867600163529,0.07344383672645008,0.12991286833583776
2026-06-25,43,0.1178082191780822,252.61000061035156,256.223585459436,0.1432322554689574,0.12056581683123858
2026-06-25,57,0.15616438356164383,252.61000061035156,255.89639033910723,0.01678406258918719,0.08277071373568563
2026-06-25,85,0.2328767123287671,252.61000061035156,256.25637235543314,0.027017776836190516,0.061541568058821355
2026-06-25,148,0.4054794520547945,252.61000061035156,256.3011976105139,0.020119916177386277,0.03577618087676566
2026-06-25,176,0.4821917808219178,252.61000061035156,256.49369489713513,0.02281546949616777,0.03164152477698467
2026-06-25,204,0.5589041095890411,252.61000061035156,256.8264791035391,0.043127782370599,0.02961845897927887
2026-06-25,239,0.6547945205479452,252.61000061035156,256.5704166013717,0.03322744542778258,0.023757614451602477
2026-06-26,21,0.057534246575342465,215.60000610351562,212.9333895048492,0.1524378152151347,-0.2163142235063399
2026-06-26,28,0.07671232876712329,215.60000610351562,212.9031851746658,0.017410165354077276,-0.16408489826203992
2026-06-26,35,0.0958904109589041,215.60000610351562,212.9173906580003,0.058815170789273445,-0.13057211898841184
2026-06-26,42,0.11506849315068493,215.60000610351562,212.85736076113378,0.02948969860378423,-0.11126063616585388
2026-06-26,56,0.15342465753424658,215.60000610351562,212.935259121306,0.10196362993217792,-0.08106060540411403
2026-06-26,84,0.23013698630136986,215.60000610351562,213.07032206078435,0.0541742027197511,-0.05128513148676901
2026-06-26,147,0.40273972602739727,215.60000610351562,213.0566916595601,0.028471379949224763,-0.02946463498788542
2026-06-26,175,0.4794520547945205,215.60000610351562,213.30310128361992,0.029487620986934658,-0.02233946507643093
2026-06-26,203,0.5561643835616439,215.60000610351562,213.46059897023542,0.019168883025732115,-0.01793102929681576
2026-06-26,238,0.6520547945205479,215.60000610351562,213.3440314194199,0.035160934230103726,-0.016131824696131367
2026-06-29,25,0.0684931506849315,236.52000427246094,235.54196130897816,0.03692614492574992,-0.060498191931851415
2026-06-29,32,0.08767123287671233,236.52000427246094,235.5742057753587,0.08909388816856202,-0.04570286316212848
2026-06-29,39,0.10684931506849316,236.52000427246094,235.53361945613457,0.14472897155772543,-0.03911235154598019
2026-06-29,53,0.14520547945205478,236.52000427246094,235.64821544594986,0.026615206846836492,-0.025430917552461133
2026-06-29,81,0.2219178082191781,236.52000427246094,235.54606212721865,0.07560149953884115,-0.018593829048770428
2026-06-29,144,0.39452054794520547,236.52000427246094,235.59851430489786,0.03796952781909464,-0.00989465133219016
2026-06-29,172,0.4712328767123288,236.52000427246094,235.73987577646756,0.029635542178701072,-0.007010998877414037
2026-06-29,200,0.547945205479452,236.52000427246094,235.8157997378939,0.029558321554355362,-0.005441781956363445
2026-06-29,235,0.6438356164383562,236.52000427246094,236.04129214762153,0.03242393755279391,-0.003146816542638317
2026-06-30,24,0.06575342465753424,266.7099914550781,265.71237123898334,0.0036235758108721008,-0.0569929424663589
2026-06-30,31,0.08493150684931507,266.7099914550781,265.4405201398535,-0.08553571646423,-0.056175946457595896
2026-06-30,38,0.10410958904109589,266.7099914550781,265.47409442630953,-0.00524263097931056,-0.044612899382781734
2026-06-30,52,0.14246575342465753,266.7099914550781,265.5006829263425,0.025076184479548888,-0.031898759839926474
2026-06-30,80,0.2191780821917808,266.7099914550781,265.35998676621,0.03211737781153396,-0.02315262977671414
2026-06-30,143,0.3917808219178082,266.7099914550781,265.11962516142864,0.03617695309437231,-0.015265560724195095
2026-06-30,171,0.4684931506849315,266.7099914550781,265.2457349456722,0.030890180290563424,-0.011750856469120224
2026-06-30,199,0.5452054794520548,266.7099914550781,265.3761079134043,0.0262156124980348,-0.009196163715704997
2026-06-30,234,0.6410958904109589,266.7099914550781,265.7190235316106,0.030155558402581554,-0.005806379088164602
2026-07-01,23,0.06301369863013699,217.5500030517578,217.42343244208897,0.02346573279233074,-0.009235601246111004
2026-07-01,30,0.0821917808219178,217.5500030517578,217.1580995147309,0.025103685275750312,-0.021937299830093966
2026-07-01,37,0.10136986301369863,217.5500030517578,217.1147450938628,0.040611558866974956,-0.019756662528871646
2026-07-01,51,0.13972602739726028,217.5500030517578,217.21708395068654,0.06502102829540307,-0.010960612468225108
2026-07-01,79,0.21643835616438356,217.5500030517578,217.04608914901496,0.0399778868848258,-0.01071436623095888
2026-07-01,142,0.38904109589041097,217.5500030517578,216.79070796131586,0.02734613651658043,-0.008987005592778667
2026-07-01,170,0.4657534246575342,217.5500030517578,216.79279343784205,0.027473332097636267,-0.007486138796398122
2026-07-01,198,0.5424657534246575,217.5500030517578,216.72323260003185,0.025559154012026394,-0.007019078133653458
2026-07-01,233,0.6383561643835617,217.5500030517578,217.05356572712626,0.04111529373495799,-0.003578806901822179
2026-07-02,22,0.06027397260273973,181.47000122070312,182.63186833424635,0.4078925933817865,0.10588518597724719
2026-07-02,29,0.07945205479452055,181.47000122070312,182.6141740931282,0.007870092816092229,0.07910722234989709
2026-07-02,36,0.09863013698630137,181.47000122070312,182.8035407915491,0.0029733553328990516,0.07423360951660223
2026-07-02,43,0.1178082191780822,181.47000122070312,182.92335348917257,-0.012606978534934008,0.06771067634914257
2026-07-02,50,0.136986301369863,181.47000122070312,182.56627886862503,0.06599739508768643,0.043967326663809043
2026-07-02,78,0.2136986301369863,181.47000122070312,182.75895045063984,0.0036178458854106256,0.03312008311167238
2026-07-02,141,0.3863013698630137,181.47000122070312,182.30042672863834,0.010729911888897692,0.01181891996446828
2026-07-02,169,0.46301369863013697,181.47000122070312,182.54280104803036,0.02686883219776175,0.012730323789316303
2026-07-02,197,0.5397260273972603,181.47000122070312,182.53485066198036,0.04087201391611816,0.010840240255699872
2026-07-02,232,0.6356164383561644,181.47000122070312,182.56571341412373,0.02842630318191647,0.009470844107768663
