date,atr5,or30,thr80,pos10,on,ret,n_fills,n_stops
2020-07-16,,1.9799010049497423,,0.2828282828282854,False,0.0,0,0
2020-07-17,,1.8815263943024862,,0.39641943734014945,False,0.0,0,0
2020-07-20,,2.724704304937029,,0.57293497363796,False,0.0,0,0
2020-07-21,,2.3087894455339533,,0.6061776061776061,False,0.0,0,0
2020-07-22,,3.3027522935779894,,0.901388888888888,False,0.0,0,0
2020-07-23,5.188820089778927,2.2219168041048167,,0.9360824742268095,False,0.0,0,0
2020-07-24,6.1971498272227885,4.559963520291838,,0.8199999999999995,False,0.0,0,0
2020-07-27,7.44292589248532,4.1116504854368925,,0.9917355371900834,False,0.0,0,0
2020-07-28,6.938384594667471,4.773057286055551,,0.2070657507360143,False,0.0,0,0
2020-07-29,6.836658023709569,1.6939501779359398,,0.40896358543417666,False,0.0,0,0
2020-07-30,6.886215632511681,4.14322250639386,,0.16049382716049465,False,0.0,0,0
2020-07-31,6.421910077257922,3.059380378657493,,0.09423347398031148,False,0.0,0,0
2020-08-03,5.944129543793643,3.7815126050420242,,0.8797250859106519,False,0.0,0,0
2020-08-04,5.694488564391171,2.5366262034323994,,0.9026402640264021,False,0.0,0,0
2020-08-05,5.779642699478093,2.809394036550173,,0.8915834522111281,False,0.0,0,0
2020-08-06,5.488196517827116,2.233330645811494,,0.7382671480144422,False,0.0,0,0
2020-08-07,4.696532254527307,1.541761087730658,,0.7296587926509185,False,0.0,0,0
2020-08-10,4.911505545461939,2.0176127671889836,,0.3913934426229505,False,0.0,0,0
2020-08-11,5.131278678821784,3.9139677379017073,,0.6187433439829617,False,0.0,0,0
2020-08-12,5.455357861647758,2.6238578254673444,,0.9728434504792352,False,0.0,0,0
2020-08-13,6.489315026879224,2.5180840664711734,,0.4177018633540352,False,0.0,0,0
2020-08-14,6.727585605789557,3.5188150520416412,,0.5984072810011385,False,0.0,0,0
2020-08-17,6.071881761393223,2.3884846567541884,,0.3195364238410612,False,0.0,0,0
2020-08-18,5.55439056227686,3.1488770548738123,,0.09803921568627245,False,0.0,0,0
2020-08-19,5.057258760835035,1.7843689281890638,,0.27555555555555755,False,0.0,0,0
2020-08-20,4.049175993905864,3.5295590137260664,,0.9338061465721038,False,0.0,0,0
2020-08-21,3.8357095854580328,1.7608858546332489,,0.9976359338061487,False,0.0,0,0
2020-08-24,3.717123600193257,2.455198547406647,,0.34726688102893843,False,0.0,0,0
2020-08-25,3.799722826819111,2.3150517736918648,,0.6717687074829999,False,0.0,0,0
2020-08-26,3.5409078018750693,1.390158439975616,,0.22191780821918008,False,0.0,0,0
2020-08-27,3.3384794290825255,4.223278985507246,,0.0759606791778394,False,0.0,0,0
2020-08-28,3.928846329122289,2.407087972400821,,0.9934853420195406,False,0.0,0,0
2020-08-31,4.284995800961172,2.541011172975603,,0.25294117647058345,False,0.0,0,0
2020-09-01,4.509619977966986,3.6998896653181323,,0.8161033797216678,False,0.0,0,0
2020-09-02,4.963877233348009,4.367909788737183,,0.3491446345256613,False,0.0,0,0
2020-09-03,6.108006607656516,5.705623871649011,,0.31343283582089554,False,0.0,0,0
2020-09-04,7.845506790726864,6.190820093082963,,0.10628645495787353,False,0.0,0,0
2020-09-08,9.939468482568639,5.225943887957214,,0.9653078924544686,False,0.0,0,0
2020-09-09,11.050146775787564,3.809064609450337,,0.34522439585730735,False,0.0,0,0
2020-09-10,11.329273240818925,2.6834910620399564,,0.07993730407523374,False,0.0,0,0
2020-09-11,11.744933523121272,3.8369410929737424,,0.05086705202312109,False,0.0,0,0
2020-09-14,10.390608871400463,2.5332190312901828,,0.3840947546531274,False,0.0,0,0
2020-09-15,7.9776743735015625,1.0853864883826483,,0.5855513307984771,False,0.0,0,0
2020-09-16,6.691435468154308,1.6996142719382794,,0.7092198581560301,False,0.0,0,0
2020-09-17,6.49367678196746,4.6917374796600955,,0.9961464354527946,False,0.0,0,0
2020-09-18,6.329283754692268,3.543568464730287,,0.1170960187353631,False,0.0,0,0
2020-09-21,6.715230940683921,5.236216774678303,,0.604484304932735,False,0.0,0,0
2020-09-22,7.490381164414711,4.657926723389485,,0.0931966449207827,False,0.0,0,0
2020-09-23,8.097689365263191,2.3278872267965713,,0.1611111111111118,False,0.0,0,0
2020-09-24,8.925110900987276,4.852899441869261,,0.9035087719298264,False,0.0,0,0
2020-09-25,8.906494542327637,4.511278195488715,,0.48115079365079383,False,0.0,0,0
2020-09-28,8.592232449632949,2.3647244618069974,,0.5131810193321596,False,0.0,0,0
2020-09-29,8.19917088862704,3.251445086705211,,0.6753086419753066,False,0.0,0,0
2020-09-30,7.663484264591139,2.8622754491018028,,0.9776847977684764,False,0.0,0,0
2020-10-01,6.649026771851483,2.6785374576722676,,0.32386363636363963,False,0.0,0,0
2020-10-02,5.589021943779133,3.5408840220605917,,0.8408577878103811,False,0.0,0,0
2020-10-05,5.20904590378992,3.1723973636146985,,0.9824780976220292,False,0.0,0,0
2020-10-06,5.376588481847506,1.384638351869814,,0.6765498652291118,False,0.0,0,0
2020-10-07,6.244511346699632,2.155610393380751,,0.7777777777777788,False,0.0,0,0
2020-10-08,5.759065110416211,1.5127803860198108,,0.5540229885057442,False,0.0,0,0
2020-10-09,5.417477990517398,2.3265862332568883,,0.6685714285714296,False,0.0,0,0
2020-10-12,4.588121049606288,1.365619270405258,,0.6203703703703729,False,0.0,0,0
2020-10-13,3.92352823630969,2.942652779520641,,0.5778251599147081,False,0.0,0,0
2020-10-14,3.0484364551051573,1.434016495876023,,0.15250544662309204,False,0.0,0,0
2020-10-15,3.6065133860103296,3.7103127840813386,,0.909255898366606,False,0.0,0,0
2020-10-16,4.372354932790158,2.067556952081692,,0.29027355623099893,False,0.0,0,0
2020-10-19,4.605114817837846,2.3897763578274818,,0.47326203208556306,False,0.0,0,0
2020-10-20,5.250424541411441,1.6076749287842467,,0.9694501018329983,False,0.0,0,0
2020-10-21,5.123313937495476,2.0044322429133734,,0.9092409240924074,False,0.0,0,0
2020-10-22,4.790124507204453,2.6604915317264477,,0.858958068614992,False,0.0,0,0
2020-10-23,4.54577830127251,2.289606078236763,,0.412556053811658,False,0.0,0,0
2020-10-26,4.403221274585591,1.4132656657503315,,0.6259351620947623,False,0.0,0,0
2020-10-27,4.877418527121381,3.661566156615667,,0.20550639134709653,False,0.0,0,0
2020-10-28,5.22594478998309,3.711082464158745,,0.14105263157894815,False,0.0,0,0
2020-10-29,5.691780631115638,3.5121511413466746,,0.9696616102683759,False,0.0,0,0
2020-10-30,6.840725308535818,2.955451209406929,,0.46061415220293694,False,0.0,0,0
2020-11-02,7.573190442495276,2.664022089993386,,0.7751824817518299,False,0.0,0,0
2020-11-03,6.879250339132173,2.3653846153846065,,0.9479674796747977,False,0.0,0,0
2020-11-04,6.979235106839707,3.6034452452100547,,0.7931707317073167,False,0.0,0,0
2020-11-05,7.594936259309497,3.3843750000000132,,0.8494921514312106,False,0.0,0,0
2020-11-06,6.515588768427975,2.7597207174672014,,0.07742639040349347,False,0.0,0,0
2020-11-09,6.698291405687892,4.758849320928245,,0.20449438202247422,False,0.0,0,0
2020-11-10,8.001552617299433,5.270655270655267,,0.47153536515238614,False,0.0,0,0
2020-11-11,8.60256371022542,4.898439435224175,,0.7591656131479138,False,0.0,0,0
2020-11-12,8.137335235856261,2.708381975251001,,0.37176724137931405,False,0.0,0,0
2020-11-13,8.369882369874471,2.8771475641327457,,0.8578732106339486,False,0.0,0,0
2020-11-16,7.7054802940052385,3.071193238791012,,0.7677238805970147,False,0.0,0,0
2020-11-17,6.42092278222559,3.869294033228455,,0.03352353780313631,False,0.0,0,0
2020-11-18,5.479924342099143,2.423348728507049,,0.0918484500574062,False,0.0,0,0
2020-11-19,5.153720585839594,3.4949784791965586,,0.9277504105090316,False,0.0,0,0
2020-11-20,5.315094721548784,1.4717146296093653,,0.8977695167286224,False,0.0,0,0
2020-11-23,5.282314469398029,3.658836048129647,,0.7718120805369121,False,0.0,0,0
2020-11-24,5.113673284424169,5.044139475534493,,0.39081053175012864,False,0.0,0,0
2020-11-25,5.348642372885377,2.0788436268068398,,0.20733249051832883,False,0.0,0,0
2020-11-27,5.111098150119115,3.107666787621173,,0.7339449541284407,False,0.0,0,0
2020-11-30,4.313187422872661,2.3402957767952377,,0.5114006514657969,False,0.0,0,0
2020-12-01,4.869166512525852,2.042336432879214,,1.0,False,0.0,0,0
2020-12-02,4.889054317788889,1.89000189000189,,0.9750000000000014,False,0.0,0,0
2020-12-03,4.614019656475223,1.1727127538215802,,0.7782101167315196,False,0.0,0,0
2020-12-04,4.585585583004765,2.063926940639274,,0.9369469026548619,False,0.0,0,0
2020-12-07,5.414595017692765,3.974468085106384,,0.21306209850107155,False,0.0,0,0
2020-12-08,4.774310507967078,1.019586230286587,,0.6735966735966752,False,0.0,0,0
2020-12-09,4.549085796462659,3.3382352941176565,,0.9320327249842645,False,0.0,0,0
2020-12-10,6.048485839980351,4.397856976473327,,0.9025423728813572,False,0.0,0,0
2020-12-11,6.508025771993259,2.273580478648521,,0.822497420020637,False,0.0,0,0
2020-12-14,6.112200715049556,2.640112227767178,,0.914634146341462,False,0.0,0,0
2020-12-15,5.926740669768959,1.6093522962441111,,0.2735978112175102,False,0.0,0,0
2020-12-16,5.761934406656523,2.8307825898187264,,0.08972392638036956,False,0.0,0,0
2020-12-17,4.197361557002169,1.660234157700681,,0.04415584415584097,False,0.0,0,0
2020-12-18,3.5421421240161237,1.928416485900214,,0.286839145106857,False,0.0,0,0
2020-12-21,3.273132941317992,2.3014959723820483,,0.4350000000000023,False,0.0,0,0
2020-12-22,3.7182448241227677,1.5173621243069721,,0.35502958579881366,False,0.0,0,0
2020-12-23,3.8174308807323554,1.9331607966692994,,0.5203725261932493,False,0.0,0,0
2020-12-24,3.8347562165505225,1.2822857142857174,,0.873440285204985,False,0.0,0,0
2020-12-28,3.7432952462222024,1.7721463871290766,,0.5233415233415231,False,0.0,0,0
2020-12-29,3.782968120695176,2.1183035714285734,,0.0526870389884088,False,0.0,0,0
2020-12-30,3.7882440947211498,3.096072616158887,,0.9796806966618307,False,0.0,0,0
2020-12-31,3.9408204101523823,2.2161084875005335,,0.3186705767350932,False,0.0,0,0
2021-01-04,3.90865914474965,6.024248547613035,,0.906359189378057,False,0.0,0,0
2021-01-05,5.827348799424351,5.192758160204901,,0.9026138279932544,False,0.0,0,0
2021-01-06,6.2894101479093845,3.7469339423158305,3.8434116810246852,0.6422121896162516,True,0.00020271791764225888,5,1
2021-01-07,7.054421672057231,2.5500802472805097,3.8369410929737424,0.9906759906759903,True,0.010063109046261731,1,0
2021-01-08,7.673643647629253,2.6732550079095576,3.8313657962690617,0.09773936170212215,True,-0.033096351730589335,2,1
2021-01-11,8.786269273799615,4.90771812080537,3.8257904995643806,0.9801864801864806,True,0.009191700497609645,3,0
2021-01-12,8.116330983197082,3.047895500725674,3.8498822690756276,0.546457607433218,True,-0.01627301950670479,1,0
2021-01-13,7.852486109440693,3.3298234106091673,3.8434116810246852,0.2493519958527711,True,-0.008708551483420646,1,0
2021-01-14,6.82170124841671,3.30163806154212,3.8369410929737424,0.9783616692426605,True,-0.020840099678273938,1,0
2021-01-15,6.5669988533696895,3.5645567940552034,3.8313657962690617,0.10097719869706645,True,0.025195475610899076,5,0
2021-01-19,6.396926308745156,1.9672352415177878,3.8257904995643806,0.8636363636363619,True,0.010000000000000009,1,0
2021-01-20,5.922259022407941,2.9098772105954174,3.8202152028596994,0.2744161358811014,False,0.0,0,0
2021-01-21,6.023443386215932,2.623342717393006,3.8146399061550182,0.07494004796163092,True,0.010151638938403762,2,0
2021-01-22,6.372468128454234,2.0857142857142836,3.809064609450337,0.7275494672754913,True,-0.018698482953269924,1,0
2021-01-25,5.948019418013584,1.0726753411615344,3.803554208568675,0.3180473372781036,False,0.0,0,0
2021-01-26,6.023849404247861,3.0778476181195153,3.798043807687012,0.32981530343007837,True,-0.02648512388470603,1,0
2021-01-27,5.814106152949217,7.718060405342165,3.7925334068053496,0.4085820895522384,False,0.0,0,0
2021-01-28,7.058264549527223,3.0285137425953748,3.8146399061550182,0.12012578616352018,True,-0.012632529343480026,3,0
2021-01-29,7.2884988906950525,3.812775912160895,3.809064609450337,0.7154873824839194,True,-0.04864728811235386,3,1
2021-02-01,8.131420428777895,2.219308746128551,3.8120336516187834,0.2371575342465748,True,0.020000000000000018,2,0
2021-02-02,8.107013603202057,3.0426412715719198,3.8112913910766717,0.22564389697648843,True,0.040000000000000036,4,0
2021-02-03,7.97519061084907,3.16722972972973,3.8105491305345605,0.2079999999999988,True,-0.024021036173690558,1,0
2021-02-04,7.1743572231938035,2.574871164744065,3.8098068699924488,0.6659544159544112,True,0.020000000000000018,2,0
2021-02-05,6.9443368601304485,3.8539130434782556,3.809064609450337,0.043772563176891474,False,0.0,0,0
2021-02-08,6.202939131571417,4.137010676156583,3.8120336516187834,0.7969892473118316,True,0.010000000000000009,1,0
2021-02-09,5.985071629729308,2.7439434724091623,3.8272750206486035,0.8798283261802557,False,0.0,0,0
2021-02-10,5.875023090012453,2.736065573770482,3.822441984486034,0.9275014979029335,False,0.0,0,0
2021-02-11,5.684170187930041,2.5959202308934195,3.8176089483234645,0.6193467336683397,False,0.0,0,0
2021-02-12,6.121916199933584,3.2793156743026004,3.812775912160895,0.9608026131591214,True,0.005505717115227293,1,0
2021-02-16,6.591727704317739,2.432223082881485,3.8120336516187834,0.7874927620150571,True,-0.017674811632983567,1,0
2021-02-17,6.024872280122006,4.600147819660015,3.8112913910766717,0.7156169665809762,True,0.0,5,1
2021-02-18,6.867123585481013,2.7296422083563656,3.822441984486034,0.40451388888889006,True,0.02677529910269205,4,0
2021-02-19,6.487572000065107,1.930761977459473,3.8176089483234645,0.9201550387596918,True,-0.006995300903035462,1,0
2021-02-22,5.937176926161938,2.5227272727272694,3.812775912160895,0.9609609609609623,False,0.0,0,0
2021-02-23,6.717183603595963,9.173088579097762,3.8120336516187834,0.5427600528601092,False,0.0,0,0
2021-02-24,8.802626177269902,4.0034887300338555,3.8272750206486035,0.4075181546347705,False,0.0,0,0
2021-02-25,10.163913205843205,2.787594491370982,3.8437298731755476,0.08243320068220823,True,-0.049557049450461466,5,2
2021-02-26,12.573337259571039,4.341561978388832,3.8403354830746452,0.2144880615135597,False,0.0,0,0
2021-03-01,13.596990996738228,3.5689063346855683,3.8539130434782556,0.5121951219512189,True,0.030000000000000027,3,0
2021-03-02,12.906094358106605,5.95487322633171,3.850518653377353,0.30468750000000017,False,0.0,0,0
2021-03-03,12.069733067658758,3.4536082474226895,3.8631416373283756,0.186567164179104,True,0.0,5,1
2021-03-04,11.260295689728169,7.694516221648004,3.8600654393783356,0.04104477611940278,False,0.0,0,0
2021-03-05,11.662785656287252,9.15580384854129,3.8782287741631056,0.19322033898305077,False,0.0,0,0
2021-03-08,12.854924957311848,5.903946160905475,3.9139677379017073,0.35751295336787636,False,0.0,0,0
2021-03-09,14.706120269432725,4.746209624258409,3.9623680156654495,0.9166666666666661,True,0.050000000000000044,5,0
2021-03-10,14.591364388843612,4.35799941503362,3.9918804720628667,0.2818791946308698,False,0.0,0,0
2021-03-11,14.530209773790677,3.033944127365569,4.046753432195071,0.5940594059405966,True,0.003669572436695745,2,0
2021-03-12,11.96995120509323,4.854070660522269,4.025121081114465,0.9683544303797486,True,0.050000000000000044,5,0
2021-03-15,9.792644840726135,2.9872818692694407,4.1116504854368925,0.6732673267326743,True,0.020000000000000018,2,0
2021-03-16,7.919803347737544,3.475427640510457,4.090018134356287,0.9609375000000022,True,-0.02202244189153102,5,1
2021-03-17,7.204004073300363,5.298951544346854,4.068385783275677,0.9358288770053453,True,0.05497919556172004,5,0
2021-03-18,7.745314276952039,3.26441784548423,4.121794561724769,0.8083333333333305,True,-0.04999999999999993,5,2
2021-03-19,8.317525507373132,4.901673026122694,4.116722523580831,0.5928143712574856,False,0.0,0,0
2021-03-22,9.17384869127615,2.8086763070077807,4.137010676156583,0.24752475247524802,True,-0.0016299116822677817,3,0
2021-03-23,9.159501026398914,4.282655246252681,4.131938638012645,0.30625000000000097,False,0.0,0,0
2021-03-24,10.013911388029204,4.808773903262095,4.140737774298949,0.11695906432748283,False,0.0,0,0
2021-03-25,9.397769576058904,5.69026834788232,4.175245098039215,0.8181818181818182,True,0.060835049262902396,5,0
2021-03-26,9.501441843846006,4.785126485827492,4.235154237656334,0.8853503184713378,True,0.050000000000000044,5,0
2021-03-29,10.642132608427278,3.9010989010988864,4.282655246252681,0.02816901408450655,True,0.06166168567059427,5,0
2021-03-30,10.531380735161495,2.7619589977220924,4.270779994103594,0.8041237113402083,True,0.03050250972553914,4,0
2021-03-31,9.249620554099804,4.364534724128456,4.258904741954506,0.9119496855345907,True,0.03144342345984219,5,0
2021-04-01,8.679987187861576,3.540264273248571,4.306217939107142,0.7746478873239437,True,0.010000000000000009,1,0
2021-04-05,7.880116028506157,3.9748484167976716,4.2944365926799115,0.412429378531075,True,0.0434115994380897,5,0
2021-04-06,5.891902650444538,2.5158658204895725,4.282655246252681,0.9639639639639647,False,0.0,0,0
2021-04-07,5.882323381119124,3.2648401826484013,4.270779994103594,0.6783216783216777,False,0.0,0,0
2021-04-08,5.786100125692197,2.5709814442208776,4.258904741954506,0.36521739130434977,False,0.0,0,0
2021-04-09,4.968213269986335,1.9849418206707676,4.247029489805421,0.9080459770114959,False,0.0,0,0
2021-04-12,4.401633103978106,3.1564501372369684,4.235154237656334,0.16666666666666924,False,0.0,0,0
2021-04-13,4.234046627433105,3.0681818181818215,4.223278985507246,0.22222222222221988,False,0.0,0,0
2021-04-14,4.083086436219062,3.1316223216388,4.20726768968457,0.9849624060150353,False,0.0,0,0
2021-04-15,4.662510214271364,2.432113341204253,4.191256393861891,0.26213592233009986,False,0.0,0,0
2021-04-16,4.99993235963205,2.2293725580326336,4.175245098039215,0.11340206185566964,False,0.0,0,0
2021-04-19,4.908000519384902,2.346181469954505,4.159233802216539,0.41836734693877337,False,0.0,0,0
2021-04-20,5.932064682894347,2.7172519866700906,4.14322250639386,0.6981132075471702,False,0.0,0,0
2021-04-21,6.0501509544797205,4.66649090429738,4.141980140346405,0.8531073446327692,True,0.0,0,0
2021-04-22,6.521331088705144,4.458756502353226,4.191256393861893,0.35555555555555646,False,0.0,0,0
2021-04-23,7.212624932339833,3.234220135628591,4.247029489805421,0.9193548387096764,True,0.010390894401246964,2,0
2021-04-26,7.86355606455906,3.9411324519830337,4.235154237656334,0.9177215189873446,True,0.01343995774989648,2,0
2021-04-27,7.1563920961047955,3.085553997194935,4.223278985507246,0.030303030303029815,True,-0.006738868832731559,1,0
2021-04-28,6.7909854964136755,2.7545499262174067,4.20726768968457,0.6071428571428583,True,-0.008186347782760395,2,0
2021-04-29,5.661190519802474,3.8125303545410403,4.191256393861893,0.12101910828025783,False,0.0,0,0
2021-04-30,5.337239519204921,2.268578878748382,4.175245098039215,0.8620689655172369,False,0.0,0,0
2021-05-03,5.514244958086701,3.0777394534359157,4.159233802216539,0.18965517241379268,False,0.0,0,0
2021-05-04,5.730359919905494,5.502183406113539,4.14322250639386,0.06349206349206211,False,0.0,0,0
2021-05-05,6.240535878552461,3.251568739304052,4.20726768968457,0.026315789473685194,True,-0.017717803912271513,2,0
2021-05-06,6.731159920143449,3.011695906432731,4.191256393861893,0.1359223300970887,True,0.030000000000000027,3,0
2021-05-07,6.710358361446643,3.067652697890982,4.175245098039215,0.49107142857142716,True,-0.006456820016142117,1,0
2021-05-10,6.247595038579982,6.358059118795318,4.159233802216539,0.10526315789473767,False,0.0,0,0
2021-05-11,7.102066238377195,8.959338387319082,4.223278985507246,0.9923076923076924,True,0.0654666007634086,5,0
2021-05-12,8.170405395130004,3.155097974094983,4.270779994103594,0.17894736842105455,True,0.0,5,1
2021-05-13,8.82761721950547,3.1112614135948533,4.258904741954508,0.8152173913043494,True,-0.03389453313981616,4,1
2021-05-14,9.005670288148217,3.2131147540983616,4.247029489805421,0.7857142857142886,True,-0.004316976373279879,2,0
2021-05-17,10.140073169011758,4.629329880220135,4.235154237656334,0.048951048951046676,False,0.0,0,0
2021-05-18,8.923504364425309,2.90037831021437,4.282655246252681,0.5652173913043484,True,-0.05495934959349602,2,1
2021-05-19,7.601434878059858,3.7491240364400853,4.270779994103594,0.7289719626168233,True,0.05358515573227307,5,0
2021-05-20,8.542844058181242,3.941338221814847,4.258904741954508,0.6434108527131774,True,0.019127928802028515,3,0
2021-05-21,8.466398506650856,2.8045325779036885,4.247029489805421,0.8181818181818117,True,-0.007273785277858602,1,0
2021-05-24,7.3061328678638775,3.401943967981718,4.235154237656334,0.8235294117647058,True,0.0021509113754670794,2,0
2021-05-25,7.4998910918205555,2.919903562818118,4.223278985507246,0.03669724770642764,True,-0.011840256873369537,1,0
2021-05-26,7.136130230898795,2.8108108108108083,4.20726768968457,0.02884615384615496,True,0.007049891540130027,1,0
2021-05-27,5.178896192375335,2.1149674620390484,4.191256393861893,0.5384615384615399,False,0.0,0,0
2021-05-28,4.6079111461183455,2.521670606776992,4.175245098039215,0.9270833333333331,False,0.0,0,0
2021-06-01,4.465623679538592,2.631578947368419,4.159233802216539,0.11538461538461302,False,0.0,0,0
2021-06-02,4.607613434239366,3.8411288215312407,4.14322250639386,0.5578231292516986,False,0.0,0,0
2021-06-03,4.67135890705294,4.308749669574419,4.141980140346405,0.1595092024539906,False,0.0,0,0
2021-06-04,4.7963133619043035,3.255447624048312,4.191256393861893,1.0,False,0.0,0,0
2021-06-07,4.974389433589761,1.8848700967906136,4.175245098039215,0.7567567567567555,False,0.0,0,0
2021-06-08,4.90131306583489,3.7955465587044532,4.159233802216539,0.08000000000000303,False,0.0,0,0
2021-06-09,4.835523592150682,3.1639004149377565,4.14322250639386,0.3606557377049165,False,0.0,0,0
2021-06-10,4.621491008639985,4.443268976461252,4.141980140346405,0.892857142857143,False,0.0,0,0
2021-06-11,4.664302838984155,2.048655569782323,4.191256393861893,0.38750000000000423,False,0.0,0,0
2021-06-14,4.1168535570254265,2.284136546184748,4.175245098039215,0.6153846153846154,False,0.0,0,0
2021-06-15,4.523953173013579,3.141875306823763,4.159233802216539,0.828125000000001,False,0.0,0,0
2021-06-16,4.085846109160448,1.655138339920953,4.14322250639386,0.686567164179104,False,0.0,0,0
2021-06-17,4.820413048625456,3.5409666580511883,4.141980140346405,0.868613138686132,False,0.0,0,0
2021-06-18,5.14449813923064,2.722646310432571,4.140737774298949,0.5887850467289742,False,0.0,0,0
2021-06-21,6.113510920521669,4.20772303595206,4.139495408251494,0.9367088607594927,True,0.020000000000000018,2,0
2021-06-22,5.890798499599629,1.8215417106652712,4.156122612305501,0.6376811594202924,False,0.0,0,0
2021-06-23,5.73270682804711,2.2279792746113976,4.14322250639386,0.8604651162790644,False,0.0,0,0
2021-06-24,4.878286299262986,2.031093279839506,4.141980140346405,0.7654320987654335,False,0.0,0,0
2021-06-25,4.252655205931293,1.8460043721156134,4.140737774298949,0.24999999999999767,False,0.0,0,0
2021-06-28,3.4925585175276597,2.530120481927704,4.139495408251494,0.838095238095236,False,0.0,0,0
2021-06-29,3.918483789855317,2.65527591780189,4.138253042204039,0.21739130434782636,False,0.0,0,0
2021-06-30,3.9993026305746016,2.321388325445123,4.137010676156583,0.2815533980582513,False,0.0,0,0
2021-07-01,3.938242842476167,3.3046627433227727,4.131938638012645,0.25342465753424953,False,0.0,0,0
2021-07-02,4.2752452485172885,1.6743119266055138,4.126866599868707,0.3150684931506887,False,0.0,0,0
2021-07-06,4.260275989258855,1.8102658111823995,4.121794561724769,0.24050632911392142,False,0.0,0,0
2021-07-07,4.26686660469954,2.8767123287671192,4.116722523580831,0.03968253968254313,False,0.0,0,0
2021-07-08,4.901351559190315,3.298701298701307,4.1116504854368925,0.9921259842519701,False,0.0,0,0
2021-07-09,5.784590204700772,2.8109452736318468,4.090018134356287,0.8938053097345094,False,0.0,0,0
2021-07-12,6.108865163091255,1.6140517446000466,4.06838578327568,0.3823529411764783,True,0.020000000000000018,2,0
2021-07-13,6.165303622468845,2.058479532163732,4.046753432195071,0.625,True,-0.005987856403368852,1,0
2021-07-14,5.462003361428219,3.1782588668816274,4.025121081114465,0.46376811594202855,False,0.0,0,0
2021-07-15,5.341292202082,5.120842306771956,4.0034887300338555,0.7476635514018696,False,0.0,0,0
2021-07-16,5.54043510273244,2.543006731488415,4.090018134356287,0.1470588235294099,False,0.0,0,0
2021-07-19,6.126833700618105,2.8401022436807724,4.06838578327568,0.28000000000000114,True,0.007092314972087621,1,0
2021-07-20,6.666263022755878,3.769520732364024,4.046753432195071,0.49999999999999745,True,0.0009742253652182953,2,0
2021-07-21,7.834867355342864,5.689164727178681,4.025121081114465,0.9772727272727285,True,0.030000000000000027,3,0
2021-07-22,8.160976490536703,2.8641370869032916,4.1116504854368925,0.27350427350427503,True,0.002214566929133799,1,0
2021-07-23,7.442899892005194,3.0434782608695605,4.090018134356287,0.23015873015872984,True,0.017673466217085432,2,0
2021-07-26,6.3201252035578435,2.6860522424839908,4.06838578327568,0.8348623853211017,True,0.01164120264622781,2,0
2021-07-27,5.655472690557272,3.6764705882352944,4.046753432195071,0.0799999999999983,False,0.0,0,0
2021-07-28,5.950421849542354,2.8368794326241074,4.025121081114465,0.5535714285714276,False,0.0,0,0
2021-07-29,5.531036559153644,4.098957070094603,4.0034887300338555,0.7218934911242618,False,0.0,0,0
2021-07-30,5.882237141254057,4.997620180866241,4.079863402082455,0.8809523809523806,False,0.0,0,0
2021-08-02,6.260695064442234,3.1658180208102715,4.106573119299977,0.7342657342657324,True,-0.016520267723082904,2,0
2021-08-03,6.554313401084715,3.5548686244204006,4.104034436231519,0.08074534161490846,True,0.04547085201793721,4,0
2021-08-04,5.5665883265108365,2.6064291920069564,4.101495753163062,0.7749999999999979,False,0.0,0,0
2021-08-05,5.244226466817887,1.639684516396858,4.098957070094603,0.3797468354430404,False,0.0,0,0
2021-08-06,4.781514228865516,2.004310344827586,4.079863402082455,0.6774193548387126,False,0.0,0,0
2021-08-09,4.062330835079308,3.6886993603411597,4.060769734070306,0.46242774566474126,False,0.0,0,0
2021-08-10,3.910099487311367,2.742980561555082,4.041676066058155,0.20472440944882242,False,0.0,0,0
2021-08-11,4.189644745682308,2.3524189968930207,4.022582398046007,0.40566037735849214,False,0.0,0,0
2021-08-12,4.454076415705826,4.003681546249429,4.0034887300338555,0.11494252873563368,False,0.0,0,0
2021-08-13,4.616257773885391,1.6647127784290758,4.003642983006315,0.32394366197182617,False,0.0,0,0
2021-08-16,4.77404267100307,1.7715617715617669,4.0036044197631995,0.013157894736839522,False,0.0,0,0
2021-08-17,4.735603498235537,4.460877862595414,4.003565856520085,0.11764705882352897,False,0.0,0,0
2021-08-18,4.716721497345223,2.8294862248696964,4.022736651018466,0.9473684210526296,False,0.0,0,0
2021-08-19,4.699753966008669,2.9596647459402896,4.003681546249429,0.21238938053097473,False,0.0,0,0
2021-08-20,5.44134254164417,2.7270452839629806,4.003642983006315,0.6146788990825685,False,0.0,0,0
2021-08-23,5.693003737717075,3.5990338164251257,4.0036044197631995,0.6241610738255023,False,0.0,0,0
2021-08-24,6.148292410397052,2.114597544338335,4.003565856520085,0.1720430107526922,True,-0.0074007400740072615,1,0
2021-08-25,5.323077791677232,2.942507922136707,4.00352729327697,0.8307692307692313,False,0.0,0,0
2021-08-26,4.8387912233042725,2.5831087151841836,4.0034887300338555,0.9652173913043485,False,0.0,0,0
2021-08-27,3.9366828484006966,2.162764771460421,3.9977606673866193,0.8350515463917559,False,0.0,0,0
2021-08-30,4.319095633463294,2.550167224080265,3.9920326047393826,0.6721311475409845,False,0.0,0,0
2021-08-31,3.950459438740144,5.265366058317595,3.9863045420921455,0.011952191235060224,False,0.0,0,0
2021-09-01,4.559254957957504,2.175749894381075,4.00352729327697,0.1359223300970878,False,0.0,0,0
2021-09-02,4.50004524572103,1.769147788565265,4.0034887300338555,0.2804878048780535,False,0.0,0,0
2021-09-03,4.207919529341788,3.85782401387083,3.9977606673866193,0.9831460674157297,False,0.0,0,0
2021-09-07,3.7740995282690006,2.259290540540526,3.9920326047393826,0.24299065420560717,False,0.0,0,0
2021-09-08,3.6173693239844456,3.4707158351409855,3.9863045420921455,0.3249999999999987,False,0.0,0,0
2021-09-09,3.6588575563047128,2.203918076580592,3.9805764794449088,0.35353535353535426,False,0.0,0,0
2021-09-10,3.6308925235995217,4.3524871355060055,3.9748484167976716,0.8522167487684709,False,0.0,0,0
2021-09-13,4.099853982852247,2.8445931813428142,3.9977606673866193,0.6102941176470579,False,0.0,0,0
2021-09-14,4.2218338941232645,2.293862368257903,3.9920326047393826,0.05405405405405613,False,0.0,0,0
2021-09-15,4.34896553987317,2.7673741156887335,3.9863045420921455,0.42105263157894735,False,0.0,0,0
2021-09-16,4.019807211933492,1.738583996648509,3.9805764794449088,0.8072289156626458,False,0.0,0,0
2021-09-17,4.461363042137242,3.885690789473685,3.9748484167976716,0.2275132275132273,False,0.0,0,0
2021-09-20,4.6542458172568555,3.2228571428571517,3.974772350459414,0.9219858156028374,False,0.0,0,0
2021-09-21,5.102734417968008,3.1328036322361017,3.9746962841211566,0.07971014492753567,False,0.0,0,0
2021-09-22,5.331623840107788,2.4999999999999987,3.974620217782899,0.9819819819819856,False,0.0,0,0
2021-09-23,5.681614279985871,3.156323309874167,3.9745441514446416,0.8986486486486494,False,0.0,0,0
2021-09-24,5.538594440971974,2.0085470085470036,3.974468085106384,0.9148936170212782,False,0.0,0,0
2021-09-27,5.056278876419566,3.851118760757313,3.967842112448077,0.5251396648044683,False,0.0,0,0
2021-09-28,4.798234125989268,4.265718729171299,3.96121613978977,0.4635416666666666,False,0.0,0,0
2021-09-29,5.474843006699596,3.9482961222091655,3.974620217782899,0.7916666666666657,False,0.0,0,0
2021-09-30,5.684792086213891,2.342034642595757,3.9745441514446416,0.39583333333332826,False,0.0,0,0
2021-10-01,5.72773438273707,4.657466732380485,3.974468085106384,0.2010582010581986,False,0.0,0,0
2021-10-04,6.409209826410643,4.629865174255915,3.974772350459414,0.18131868131868034,False,0.0,0,0
2021-10-05,6.77843064981401,2.021276595744675,3.9920326047393826,0.3552631578947419,True,0.0011247535009911713,2,0
2021-10-06,6.254875600581451,3.7245444801714913,3.9863045420921455,0.28776978417266075,True,0.020000000000000018,2,0
2021-10-07,6.081483978846476,2.4654832347140037,3.9805764794449088,0.720000000000006,True,-0.02955320514207027,1,0
2021-10-08,5.997882503911279,3.911980440097803,3.9748484167976716,0.09374999999999903,False,0.0,0,0
2021-10-11,5.669854075053916,3.9989680082559453,3.974772350459414,0.9612903225806438,False,0.0,0,0
2021-10-12,5.216435336593596,3.0612244897959253,3.9893201716726363,0.008333333333331656,False,0.0,0,0
2021-10-13,5.511810933640928,2.307692307692301,3.984496253380981,0.29885057471264226,False,0.0,0,0
2021-10-14,4.88443454021508,2.4722502522704257,3.979672335089327,0.46938775510203595,False,0.0,0,0
2021-10-15,4.8843947342294545,1.8320247442303192,3.9748484167976716,0.6493506493506467,False,0.0,0,0
2021-10-18,4.382381676842922,3.720817120622571,3.974772350459414,0.8562091503267982,False,0.0,0,0
2021-10-19,4.5654548036975955,2.041289723961947,3.9746962841211566,0.5795454545454553,False,0.0,0,0
2021-10-20,3.9900508773392964,1.2009970541581716,3.974620217782899,0.5094339622641557,False,0.0,0,0
2021-10-21,3.926243738917188,2.1693976459727784,3.9745441514446416,0.8723404255319107,False,0.0,0,0
2021-10-22,4.175442446975847,3.256747713584639,3.974468085106384,0.842465753424659,False,0.0,0,0
2021-10-25,4.8018297363836995,2.847533632287002,3.9692336925269407,0.3858267716535439,False,0.0,0,0
2021-10-26,4.248415034145038,1.8035636679704439,3.9639992999474973,0.07228915662650891,False,0.0,0,0
2021-10-27,4.220219372036921,4.318335971060359,3.958764907368054,0.7382198952879576,False,0.0,0,0
2021-10-28,4.648664935954886,3.097731239092499,3.9745441514446416,0.7957746478873248,False,0.0,0,0
2021-10-29,4.199195202278232,3.3065042418968957,3.974468085106384,0.7434210526315791,False,0.0,0,0
2021-11-01,3.984900521447149,2.678384599288542,3.9692336925269407,0.4765625000000018,False,0.0,0,0
2021-11-02,4.358199436637577,3.8739462063428336,3.9639992999474973,0.8652849740932615,False,0.0,0,0
2021-11-03,4.335030413203189,1.4030367095906149,3.958764907368054,0.45205479452054753,False,0.0,0,0
2021-11-04,4.32675851976826,2.3641941887745936,3.953530514788609,0.9923664122137366,False,0.0,0,0
2021-11-05,5.5577935173257345,4.297135243171216,3.9482961222091655,0.31007751937984407,False,0.0,0,0
2021-11-08,5.737233748383354,2.9146537842190052,3.9692336925269407,0.24309392265193608,False,0.0,0,0
2021-11-09,5.723841825386909,5.8219702773096325,3.9639992999474973,0.03684210526315807,False,0.0,0,0
2021-11-10,6.210027208439255,4.914209561885728,3.974620217782899,0.986440677966102,True,-0.05498382428060611,2,1
2021-11-11,7.103753578645143,2.4868247694334733,3.979672335089326,0.821192052980131,True,0.014235907461713992,2,0
2021-11-12,6.071450723821634,2.041144326583086,3.9748484167976716,0.2677165354330688,True,-0.004205478913650085,1,0
2021-11-15,5.998861165505106,1.9928935578556957,3.974772350459414,0.6124031007751914,False,0.0,0,0
2021-11-16,6.037059722473941,3.142032702789357,3.9746962841211566,0.6479591836734707,True,0.010000000000000009,1,0
2021-11-17,6.161090354009029,2.925128826917236,3.974620217782899,0.3056994818652879,True,-0.011793536529330795,1,0
2021-11-18,5.088281300316213,2.6927604473219726,3.9745441514446416,0.5573770491803296,False,0.0,0,0
2021-11-19,5.066624369671899,3.733766233766235,3.974468085106384,0.7826086956521695,False,0.0,0,0
2021-11-22,4.962067169471673,3.6238136324417747,3.9692336925269407,0.9603174603174571,False,0.0,0,0
2021-11-23,5.974838477967959,4.0030792917628855,3.9639992999474973,0.7115384615384609,False,0.0,0,0
2021-11-24,6.177425073176097,2.9846007302746504,3.974620217782899,0.8351063829787224,True,0.030000000000000027,3,0
2021-11-26,7.244442981059589,3.819334389857375,3.9745441514446416,0.5145228215767635,True,-0.008101101749838024,1,0
2021-11-29,8.025818993237909,2.2517591868647457,3.974468085106384,0.7152777777777712,True,0.010000000000000009,1,0
2021-11-30,8.847924885071574,3.4631391200951227,3.9692336925269407,0.8712446351931342,True,0.019875747814081968,4,0
2021-12-01,8.677278267943974,4.752739117559976,3.9639992999474973,0.9906542056074763,True,-0.07000000000000017,3,2
2021-12-02,9.399886465452685,6.252040483186404,3.974620217782899,0.8746736292428203,True,0.05586782267299206,5,0
2021-12-03,9.245225679213013,6.297420333839159,3.979672335089326,0.11566265060241043,False,0.0,0,0
2021-12-06,9.819538678065905,7.413350449293962,3.9989680082559453,0.15800865800865743,False,0.0,0,0
2021-12-07,10.201171572827837,4.01558285885527,4.002257035061498,0.9850746268656694,True,0.022718859861716956,3,0
2021-12-08,10.021899390539886,3.7225042301184437,4.003324954725468,0.33712121212121227,True,0.022581999773011008,3,0
2021-12-09,8.443825124507821,3.7255466052934456,4.003243067071273,0.5752895752895726,True,-0.0530312035661219,3,1
2021-12-10,8.497833826311563,5.254822919666004,4.00316117941708,0.07397260273972482,False,0.0,0,0
2021-12-13,7.817829789097539,3.5724786827403596,4.0034887300338555,0.20987654320987928,True,-0.05661918328584992,2,1
2021-12-14,7.701561976904569,4.249999999999996,4.003406842379661,0.784313725490197,True,0.040275177609028656,5,0
2021-12-15,7.106807207151297,3.9456662354463092,4.0036044197631995,0.19262295081967185,True,0.050565071234192516,5,0
2021-12-16,9.285644721716839,5.796261411389653,4.003565856520085,0.20749999999999957,False,0.0,0,0
2021-12-17,10.906714882326304,5.301709103592604,4.006061808770597,0.8289473684210539,True,-0.014942284082656965,4,1
2021-12-20,11.032735624729883,3.6693979337370894,4.01558285885527,0.9174757281553391,True,0.01139227288548561,2,0
2021-12-21,10.231856317558236,3.9071440248487828,4.013202596334102,0.12970711297071222,True,0.050000000000000044,5,0
2021-12-22,10.697154666422056,2.9454137986233446,4.010822333812934,0.3695652173913035,True,0.010000000000000009,1,0
2021-12-23,9.009078154249902,2.2878787878787956,4.008442071291766,0.9602649006622502,True,0.0004132231404958553,2,0
2021-12-27,6.539599861687998,3.4361233480176265,4.006061808770597,0.8119658119658132,True,0.010000000000000009,1,0
2021-12-28,6.361708447565984,3.5506952882408473,4.003681546249429,0.3155893536121672,True,-0.012888764359764715,1,0
2021-12-29,6.404705450805153,2.6270945754047266,4.003642983006315,0.7945945945945904,True,-0.00014108352144459602,1,0
2021-12-30,5.5430206586960455,1.8439716312056698,4.0036044197631995,0.5615384615384549,False,0.0,0,0
2021-12-31,5.266741661798812,2.4454148471615613,4.003565856520085,0.3511904761904798,False,0.0,0,0
2022-01-03,5.070010154586955,5.1846488052136115,4.00352729327697,0.2681564245810079,False,0.0,0,0
2022-01-04,4.681957912122888,2.4028559659480986,4.003681546249429,0.5371428571428639,False,0.0,0,0
2022-01-05,5.710472025366846,3.107913669064743,4.003642983006315,0.9212962962962954,False,0.0,0,0
2022-01-06,7.116043120890312,4.2440318302387245,4.0036044197631995,0.13235294117647042,False,0.0,0,0
2022-01-07,7.5540774011411544,2.996312231100189,4.008442071291766,0.42564102564103146,True,0.011633518095859108,5,0
2022-01-10,9.016773408921077,3.9239623299616317,4.006061808770597,0.1555555555555562,True,0.050000000000000044,5,0
2022-01-11,10.158231540568195,3.4354374682687325,4.003681546249429,0.5665024630541882,True,0.042189340477609694,4,0
2022-01-12,9.796525704419517,2.9696876442529727,4.003642983006315,0.6943005181347144,True,0.016138996138996164,3,0
2022-01-13,8.801108811283772,2.6810842838098092,4.0036044197631995,0.7458563535911561,True,-0.0469908626297042,5,2
2022-01-14,10.22837423446536,7.402995234853632,4.003565856520085,0.9103448275862083,True,0.05016620945618855,5,0
2022-01-18,10.140232206410037,4.5304777594728165,4.006061808770597,0.3345454545454526,False,0.0,0,0
2022-01-19,9.85579457061925,2.661795407098111,4.01558285885527,0.5686274509803927,True,0.0025308524776912478,5,1
2022-01-20,10.559166507297942,4.144282425172672,4.013202596334102,0.6111111111111122,False,0.0,0,0
2022-01-21,12.237829037231998,5.153727051537267,4.065607385598872,0.29613733905579326,False,0.0,0,0
2022-01-24,11.84016735400786,5.658536585365854,4.10403443623152,0.0905172413793107,False,0.0,0,0
2022-01-25,14.131598392212045,7.017964071856286,4.116722523580831,0.27986348122866905,False,0.0,0,0
2022-01-26,14.095997764801297,4.568296025582458,4.137010676156583,0.9849999999999994,True,0.050000000000000044,5,0
2022-01-27,14.708557940259471,6.105990783410151,4.141980140346405,0.2528301886792454,False,0.0,0,0
2022-01-28,15.30597404135195,8.828382838283831,4.143858457661147,0.09034267912772556,False,0.0,0,0
2022-01-31,15.780404696096255,6.847909720441142,4.169658669484429,0.9812734082397014,True,0.05033773403119546,5,0
2022-02-01,14.762116079252664,7.481513701609391,4.210834225863097,0.3372093023255827,False,0.0,0,0
2022-02-02,14.517561951318886,4.691051870221112,4.223278985507246,0.48898678414096974,False,0.0,0,0
2022-02-03,12.576212679267746,6.472919418758251,4.239881261292429,0.5170068027210899,False,0.0,0,0
2022-02-04,11.630923752771164,3.9923954372623567,4.2476127320954875,0.7738095238095223,True,0.05187015503875969,5,0
2022-02-07,10.68731798535032,4.576659038901601,4.2464190981432335,0.759999999999998,True,-0.030920810313075475,3,1
2022-02-08,8.596168638249058,3.391812865497066,4.253143745834257,0.42068965517241463,True,0.020000000000000018,2,0
2022-02-09,8.969335715722355,4.214005370791157,4.249999999999996,0.14215686274509767,True,0.020000000000000018,2,0
2022-02-10,9.580260542020286,6.451612903225796,4.2488063660477415,0.8758169934640536,True,0.0,5,1
2022-02-11,9.89228541020537,4.8969072164948475,4.259431237502778,0.035087719298247964,False,0.0,0,0
2022-02-14,11.8798757307207,6.867924528301897,4.272493336003852,0.695970695970697,True,-0.04482587064676624,5,2
2022-02-15,12.670031596184193,2.8639618138424723,4.2855512456363885,0.8583333333333373,True,0.025082145717272075,3,0
2022-02-16,12.844872836117755,3.426367143181298,4.282655246252681,0.42384105960264523,True,0.06045403461452015,5,0
2022-02-17,12.547719244811894,4.901293396868627,4.279267942836404,0.31944444444444614,False,0.0,0,0
2022-02-18,11.436026860764722,4.490291262135925,4.291343244403802,0.5999999999999992,False,0.0,0,0
2022-02-22,9.209114306132218,8.84122416950038,4.301781013732498,0.7396449704142022,True,-0.08000000000000007,2,2
2022-02-23,9.676063605062726,4.417269777888685,4.310666929871607,0.12994350282485728,False,0.0,0,0
2022-02-24,10.295869160138476,7.9509742300439905,4.318335971060359,0.814229249011858,True,0.07210271019807779,5,0
2022-02-25,14.068191833469587,4.324999999999992,4.336916776923137,0.06358381502890152,True,0.05378482122464612,5,0
2022-02-28,14.219968552325955,3.9800995024875654,4.3349371870332964,0.9750000000000005,True,-0.07000000000000006,3,2
2022-03-01,14.30797512142222,3.629230014713087,4.331624791355528,0.21621621621621687,True,-0.07000000000000006,3,2
2022-03-02,14.751575759105105,4.216706698692282,4.328312395677761,0.7341772151898766,True,0.06288871349644842,5,0
2022-03-03,13.874744854234805,4.993849938499371,4.324999999999992,0.2857142857142857,False,0.0,0,0
2022-03-04,10.524812926254308,5.0549450549450645,4.338249582711064,0.5543478260869572,False,0.0,0,0
2022-03-07,10.915582157023536,6.375646180356114,4.348117072659136,0.00450450450450361,False,0.0,0,0
2022-03-08,12.593444996759379,5.1567239635996,4.354692047317052,0.42483660130719064,False,0.0,0,0
2022-03-09,13.625465854608342,3.8980070339976503,4.359306476852588,0.5263157894736871,True,0.030839409235371096,5,0
2022-03-10,13.195411768353793,4.637157482685935,4.35799941503362,0.6818181818181803,True,0.05391084413531466,5,0
2022-03-11,12.65416191141078,4.156908665105392,4.363227662309488,0.1760563380281688,True,0.0038060872293692594,5,1
2022-03-14,12.718474647854663,5.434782608695648,4.361920600490522,0.19393939393939214,False,0.0,0,0
2022-03-15,11.553344586912601,4.710017574692443,4.365884749971947,0.8955223880597011,True,0.04865008747773936,5,0
2022-03-16,10.225370735116954,5.237662730850732,4.373899226284413,0.8208092485549117,True,-0.0800000000000003,2,2
2022-03-17,11.335113592067135,6.09929078014184,4.397856976473327,1.0,True,0.053086770981507936,5,0
2022-03-18,11.404310898697412,4.452335427478818,4.413387217605614,1.0,True,0.03863995476703508,5,0
2022-03-21,11.338128139350998,5.71059431524548,4.432869297032226,0.11312217194570132,False,0.0,0,0
2022-03-22,10.596423938597251,2.518632742225641,4.446895556868279,0.7346938775510216,True,-0.01726452905811615,5,1
2022-03-23,9.197615729485959,4.985717995325894,4.445082266664766,0.12500000000000092,False,0.0,0,0
2022-03-24,8.335476835270752,3.4373347435219572,4.452335427478818,0.45384615384615495,True,0.030000000000000027,3,0
2022-03-25,9.432572071758635,2.6372059871703475,4.450522137275305,0.39639639639639457,True,0.0037266712711869765,5,1
2022-03-28,8.448624158736312,2.6699029126213625,4.448708847071792,0.7818181818181803,True,0.0,5,1
2022-03-29,8.545899691211668,4.14808206958073,4.446895556868279,0.34408602150537676,True,0.04373298199385167,5,0
2022-03-30,8.611591441725391,2.3484679042719843,4.445082266664766,0.6285714285714296,True,-0.07999999999999996,2,2
2022-03-31,8.86773535215401,3.1749878817256305,4.443268976461252,0.374045801526715,True,-0.0660270202651988,3,1
2022-04-01,7.907852671917269,5.246992577425127,4.438069136746739,0.1707317073170741,False,0.0,0,0
2022-04-04,9.073958454114097,4.781420765027322,4.448708847071792,0.9314285714285688,True,0.03558919435284191,4,0
2022-04-05,8.500002276067514,5.98867008362557,4.454903857428581,0.09009009009008821,False,0.0,0,0
2022-04-06,9.752113009022768,3.177691309987031,4.459180774401664,0.02040816326530568,True,0.058628623323375706,5,0
2022-04-07,9.377405388997941,4.561983471074389,4.458756502353226,0.6739130434782594,True,0.0,5,1
2022-04-08,9.544418845290028,5.1204819277108475,4.460453590546976,0.11111111111111215,False,0.0,0,0
2022-04-11,8.344874485785637,4.622781065088757,4.4785259023197215,0.7039999999999992,True,0.006744186046511724,4,0
2022-04-12,8.237969516018122,4.921540656205417,4.498686035477042,0.8260869565217401,True,-0.04359490564973656,4,1
2022-04-13,7.822366079253731,5.941704035874438,4.515118108285536,0.5094339622641524,False,0.0,0,0
2022-04-14,7.841821332172019,5.67425569176883,4.5304777594728165,0.055555555555555435,False,0.0,0,0
2022-04-18,8.174646157402512,4.671417260490894,4.554066368128034,0.8474576271186443,True,0.006007527388084077,3,0
2022-04-19,8.950465189667757,4.57271364317842,4.561175490761369,0.9836065573770496,True,0.040000000000000036,4,0
2022-04-20,9.938650830575114,4.822081809112081,4.564508492877617,0.22068965517241357,False,0.0,0,0
2022-04-21,9.555716479107048,4.560810810810816,4.5691795491016505,0.08888888888888953,True,-0.08000000000000007,2,2
2022-04-22,11.105266028656597,4.52627541235136,4.568296025582458,0.5254237288135573,True,-0.03437087253412385,4,1
2022-04-25,10.627739874835246,5.0146259924780585,4.567033514680844,0.12499999999999889,False,0.0,0,0
2022-04-26,10.387169512413042,5.503844597329014,4.570946596140035,0.08823529411764783,False,0.0,0,0
2022-04-27,10.449611986036608,9.666975023126733,4.574291801467693,0.6746411483253589,True,0.07339997407986121,5,0
2022-04-28,10.658907779662764,4.390873869995693,4.581356795053285,0.2745098039215699,True,0.060831009995833574,5,0
2022-04-29,10.80041864050208,7.69547325102881,4.576659038901601,0.9572192513368993,True,-0.06999999999999995,3,2
2022-05-02,12.289050860498575,6.970509383378011,4.595450063508332,0.6987179487179492,True,0.0009027474923679613,5,1
2022-05-03,12.990904307792537,4.0690505548705245,4.613727766917261,1.0,True,0.05504676697844668,5,0
2022-05-04,12.513481284986103,3.1943903389170245,4.609201117831513,0.03658536585365991,True,0.05575456053067995,5,0
2022-05-05,14.332523731868488,4.485488126649082,4.604674468745765,0.1680672268907555,True,-0.04891625615763562,5,2
2022-05-06,13.892248596011598,6.973740852346093,4.600147819660015,0.2469135802469131,False,0.0,0,0
2022-05-09,13.246124402271775,4.812098991750691,4.618254416003009,0.590476190476191,False,0.0,0,0
2022-05-10,13.803925699586959,6.107226107226118,4.626710354167584,0.7709923664122136,True,0.07994572836151748,5,0
2022-05-11,14.483141264129278,10.487804878048774,4.629543997834447,0.7627906976744178,True,-0.055328916232844194,4,2
2022-05-12,13.668299985993087,5.240410588870874,4.63132363594192,0.45360824742268224,False,0.0,0,0
2022-05-13,12.944257012919778,6.7087992221682,4.637157482685935,0.8188405797101448,True,0.025532245532245645,4,0
2022-05-16,13.076007923421198,3.6429872495446296,4.653404882441575,0.5374999999999992,True,0.05024208566108013,5,0
2022-05-17,11.262670115658064,4.372294372294379,4.6493430325026655,0.35643564356435886,True,0.050000000000000044,5,0
2022-05-18,10.641957494945443,4.020530367835763,4.645281182563756,0.7340425531914897,True,-0.08000000000000007,2,2
2022-05-19,10.953610147827831,7.688564476885654,4.641219332624845,0.424050632911393,False,0.0,0,0
2022-05-20,10.842926240529748,4.7751506722299375,4.657466732380485,0.28155339805825225,False,0.0,0,0
2022-05-23,11.888157997757515,5.667001003009021,4.657834725187685,0.27433628318584297,False,0.0,0,0
2022-05-24,12.079232130903765,5.891315388522092,4.663065231934222,0.043103448275862676,False,0.0,0,0
2022-05-25,11.896881892687604,5.979711692471975,4.668461446774786,0.5714285714285714,False,0.0,0,0
2022-05-26,10.764742997569595,9.674134419551928,4.675344182436938,0.9578947368421061,True,0.01771256144449329,3,0
2022-05-27,12.093423232058024,3.2627118644067776,4.691051870221112,0.7142857142857156,True,0.024145225843339002,3,0
2022-05-31,9.96163708840276,5.887032617342881,4.687124948275068,0.2635135135135138,False,0.0,0,0
2022-06-01,10.049242785366365,3.1558185404339136,4.691463235884502,0.3625000000000002,True,0.007365523083439296,5,1
2022-06-02,10.96132483023741,5.641025641025642,4.6913261139967055,0.7348484848484839,True,0.050000000000000044,5,0
2022-06-03,11.372722058505968,3.333333333333334,4.695393498666566,0.8780487804878032,True,0.024205677350891186,5,0
2022-06-06,9.140178551808173,4.2376237623762245,4.6917374796600955,0.4112149532710272,True,-0.08000000000000007,2,2
2022-06-07,9.235748278272343,4.735013032145959,4.691600357772299,0.6788990825688093,True,0.020000000000000018,2,0
2022-06-08,9.675371531408384,4.180463576158947,4.702705536679504,0.9009900990098997,True,-0.044199655765920776,3,1
2022-06-09,8.989359801586161,4.555605180884322,4.699049517673035,0.8137254901960771,True,-0.07000000000000006,3,2
2022-06-10,8.702288726663364,4.206309464196294,4.695393498666566,0.08333333333332946,True,0.050000000000000044,5,0
2022-06-13,9.376206106798609,4.666272888363846,4.6917374796600955,0.03797468354430078,True,0.061934370376307335,5,0
2022-06-14,10.158203030649297,4.6845721424109925,4.691600357772299,0.7866666666666665,True,0.0020253164556962577,5,1
2022-06-15,9.508533053533558,2.5688073394495294,4.691463235884502,0.5476190476190426,True,0.0,5,1
2022-06-16,10.217344848498826,5.928853754940714,4.6913261139967055,0.011111111111112843,False,0.0,0,0
2022-06-17,10.855958101050756,3.809523809523806,4.695393498666566,0.8269230769230771,True,0.06138419062627909,5,0
2022-06-21,10.82002874914744,5.50206327372764,4.6917374796600955,1.0,True,-0.02308707124010556,1,0
2022-06-22,9.66765035798909,4.059829059829062,4.706361555685973,0.7017543859649126,True,0.0,5,1
2022-06-23,9.873175394869534,5.761316872427982,4.702705536679504,0.4761904761904767,False,0.0,0,0
2022-06-24,9.190299518653529,4.713114754098357,4.72001575767385,0.8985507246376807,True,0.010000000000000009,1,0
2022-06-27,8.040382673797268,6.499080318822811,4.717494409707879,0.25471698113207664,False,0.0,0,0
2022-06-28,7.560136167799692,4.687499999999989,4.735013032145959,0.6533333333333352,True,-0.06000000000000005,4,2
2022-06-29,8.854651298473694,5.571428571428567,4.730633376536439,0.41025641025641096,False,0.0,0,0
2022-06-30,8.830271974094368,4.297774366845744,4.741730987413429,0.01785714285714246,True,0.060487698649133614,5,0
2022-07-01,9.341227487750201,6.405124099279415,4.739491668990939,0.41250000000000064,False,0.0,0,0
2022-07-05,9.946476714453967,4.096834264432041,4.7475155229187225,0.5227272727272722,True,0.05257861635220129,5,0
2022-07-06,11.123839884048659,3.7751677852348933,4.746209624258409,0.6222222222222218,True,0.01777777777777778,5,0
2022-07-07,10.180635186062082,4.415182029434549,4.743970305835919,0.8070175438596471,True,0.00701114819905313,2,0
2022-07-08,10.255980986659626,4.645849200304641,4.741730987413429,0.2786885245901641,True,0.0,5,1
2022-07-11,9.873455220062068,5.811320754716978,4.739491668990939,0.363636363636363,False,0.0,0,0
2022-07-12,8.727119283388202,3.717754172989366,4.7475155229187225,0.061224489795917256,True,1.1102230246251565e-16,5,1
2022-07-13,7.320891801423818,6.486042692939252,4.746209624258409,0.8987341772151899,True,0.009243467119573245,3,0
2022-07-14,8.04112851911483,4.100227790432796,4.751433218899662,0.48148148148148184,True,0.056388406258747636,5,0
2022-07-15,9.134922538454372,5.220338983050857,4.75012732023935,0.3246753246753241,False,0.0,0,0
2022-07-18,8.796899896555246,2.4636765634870534,4.755183198907284,0.41025641025641,True,-0.08000000000000007,2,2
2022-07-19,9.547659738746452,3.3952594490711157,4.755183198907284,0.9056603773584895,True,0.01774683350688011,3,0
2022-07-20,10.579574808169097,3.6838978015448665,4.755183198907284,0.629032258064516,True,0.018049913451214872,3,0
2022-07-21,10.520449799754026,3.4557235421166337,4.755183198907284,0.5312499999999993,True,0.030000000000000027,3,0
2022-07-22,9.46352843091228,4.458598726114649,4.755183198907284,0.0,True,-0.05066816395283524,2,1
2022-07-25,9.82680886561666,3.3662217063261863,4.755183198907284,0.4655172413793081,True,0.046402793946449306,5,0
2022-07-26,8.959621992906069,3.2448377581120775,4.755183198907284,0.6,True,-0.039389871873093396,2,1
2022-07-27,7.988109517921229,4.104046242774551,4.755183198907284,0.8309859154929607,True,0.06840072469723002,5,0
2022-07-28,7.937037766747471,4.683342203299622,4.755183198907284,0.1249999999999995,True,0.056591027877122446,5,0
2022-07-29,8.457534285620955,5.169628432956386,4.748821421579036,0.8020833333333321,True,0.010000000000000009,1,0
2022-08-01,8.387768997453268,4.744713769984518,4.755183198907284,0.869565217391303,True,-0.015964214711729596,5,1
2022-08-02,8.926354892199495,3.235747303543927,4.755183198907284,0.3968253968253952,True,-0.02684666502107813,2,0
2022-08-03,9.566122903798922,2.7541311967951962,4.755183198907284,0.7999999999999948,True,0.022660118682218178,3,0
2022-08-04,9.164566812436442,3.58639962738705,4.755183198907284,0.7922077922077919,True,0.022843885645861484,3,0
2022-08-05,8.06710368889785,3.532219570405721,4.755183198907284,0.743243243243241,True,0.0,5,1
2022-08-08,7.748217400417062,4.512372634643376,4.755183198907284,0.6344086021505376,True,0.0,5,1
2022-08-09,7.884644311551145,5.356214248569949,4.755183198907284,0.009708737864079177,False,0.0,0,0
2022-08-10,8.489631222892005,4.297693920335432,4.765369861448923,0.4146341463414631,True,0.010000000000000009,1,0
2022-08-11,8.345447441979548,4.3010752688172165,4.765369861448923,0.8068181818181804,True,-0.06277886497064589,3,1
2022-08-12,9.24417129726695,4.743083003952574,4.765369861448923,0.9062500000000002,True,0.0245203415369164,3,0
2022-08-15,9.483825282381138,3.2956685499058516,4.765369861448923,0.7285714285714279,True,0.050000000000000044,5,0
2022-08-16,8.819387252463127,4.189944134078206,4.765369861448923,0.35555555555555646,True,0.05303088803088807,5,0
2022-08-17,7.663473976825955,3.267326732673268,4.765369861448923,0.27272727272727226,True,0.050000000000000044,5,0
2022-08-18,7.430126113737758,4.71602434077079,4.765369861448923,0.6881720430107535,True,-0.0007063140771005338,2,0
2022-08-19,7.4397030054712925,4.975124378109452,4.765369861448923,0.16000000000000014,False,0.0,0,0
2022-08-22,7.212872729971323,3.314917127071811,4.777658709348891,0.6000000000000012,True,-0.03882075471698132,2,1
2022-08-23,7.636039693170124,5.4022313564298186,4.777658709348891,0.760869565217392,True,0.0013242784380305128,3,0
2022-08-24,7.612174479957817,3.3623188405797206,4.782903053347391,0.25862068965517526,True,0.008616063994119627,2,0
2022-08-25,7.087651592886502,5.8991981672393905,4.782903053347391,0.9223300970873801,True,0.020000000000000018,2,0
2022-08-26,7.446373586245994,3.736377789309802,4.794585452801334,0.44444444444444553,True,-0.0800000000000003,2,2
2022-08-29,9.461879863887367,4.010349288486423,4.794585452801334,0.5645161290322566,True,0.05198402130492674,5,0
2022-08-30,9.360045152316607,4.838709677419355,4.794585452801334,0.08000000000000067,False,0.0,0,0
2022-08-31,10.204346480144164,3.812117086453373,4.810103938657534,0.30357142857142816,True,0.051420413990007185,5,0
2022-09-01,10.696780453763209,4.3745203376822746,4.810103938657534,0.15789473684210492,True,0.050000000000000044,5,0
2022-09-02,10.4316947716779,5.346820809248556,4.810103938657534,0.20270270270270313,False,0.0,0,0
2022-09-06,9.120182972511211,3.8013964313421273,4.816092118695248,0.20408163265306042,True,0.050000000000000044,5,0
2022-09-07,9.186682570562988,3.8647342995169116,4.810103938657534,0.12500000000000092,True,0.050000000000000044,5,0
2022-09-08,8.864496710088208,5.454545454545465,4.794585452801334,0.7971014492753619,True,0.006641452344931853,5,1
2022-09-09,9.682207664005395,2.945301542776998,4.794585452801334,0.9761904761904767,True,0.007857361493725179,2,0
2022-09-12,8.62782781558138,3.234501347708898,4.794585452801334,0.9583333333333343,True,0.008179959100204526,1,0
2022-09-13,7.442077694832892,4.106463878327003,4.794585452801334,0.425925925925926,True,-0.05951219512195127,2,1
2022-09-14,8.294756253092753,3.742880390561439,4.794585452801334,0.8478260869565214,True,0.004125316914161514,5,1
2022-09-15,7.841394198924107,4.088307440719542,4.794585452801334,0.8599999999999994,True,0.05486374896779522,5,0
2022-09-16,7.346673448097556,3.5745422842197048,4.794585452801334,0.3902439024390246,True,0.050000000000000044,5,0
2022-09-19,8.025192078930354,5.16351118760757,4.794585452801334,0.9500000000000011,True,0.0,5,1
2022-09-20,8.511828652177517,2.194092827004218,4.810103938657534,0.5000000000000034,True,0.0,5,1
2022-09-21,7.216036831093303,3.4893617021276606,4.810103938657534,0.951219512195123,True,-0.07000000000000006,3,2
2022-09-22,8.5354419866427,5.550581915846025,4.794585452801334,0.032258064516131155,False,0.0,0,0
2022-09-23,8.685139188366453,5.660377358490569,4.810103938657534,0.03508771929824485,False,0.0,0,0
2022-09-26,8.451361508325522,3.935418768920288,4.816092118695248,0.9487179487179499,True,0.006649323621227943,5,1
2022-09-27,8.689563849186731,3.3864541832669315,4.810103938657534,0.11764705882353217,True,-0.016938775510204285,4,1
2022-09-28,9.41605871361089,4.8066875653082635,4.810103938657534,0.7608695652173891,True,0.035461865027082484,5,0
2022-09-29,8.696558502401217,5.469556243550045,4.810103938657534,0.16981132075471692,False,0.0,0,0
2022-09-30,8.72085696513079,4.274465691788515,4.816092118695248,0.6315789473684232,True,-0.08000000000000007,2,2
2022-10-03,9.307705158262554,4.950495049504943,4.816092118695248,0.8222222222222217,True,0.011160047681786911,4,0
2022-10-04,10.036330997637611,3.0245746691871482,4.828732956434991,0.9687500000000007,True,0.026461006461006686,3,0
2022-10-05,9.322023765319251,2.7540360873694296,4.828732956434991,0.6551724137930997,True,0.050000000000000044,5,0
2022-10-06,10.174283468153664,5.752212389380533,4.828732956434991,0.5538461538461554,False,0.0,0,0
2022-10-07,9.773961998159054,5.206286836935161,4.844854070660521,0.0,False,0.0,0,0
2022-10-10,10.331441429143737,8.820286659316436,4.871205282911302,0.012500000000001944,False,0.0,0,0
2022-10-11,10.579433152241075,4.3533930857874505,4.8975201039865786,0.0,True,0.0676918475486108,5,0
2022-10-12,11.620703977052461,4.272363150867827,4.8975201039865786,0.5937500000000007,True,0.005911889893209787,4,0
2022-10-13,9.908056407707072,7.78816199376947,4.8975201039865786,0.9399999999999995,True,-0.011504257466558698,5,2
2022-10-14,15.066052713499257,8.595641646489103,4.899581019881956,0.028169014084507695,False,0.0,0,0
2022-10-17,15.941148447907036,3.882195448460509,4.901445248570254,0.20689655172413962,True,0.03080996413929382,4,0
2022-10-18,14.487277100702709,6.592039800995039,4.901445248570254,0.09433962264151058,False,0.0,0,0
2022-10-19,15.297852902869854,4.40165061898211,4.904091063995764,0.3437499999999989,True,0.050000000000000044,5,0
2022-10-20,15.90708336696412,6.762028608582569,4.904091063995764,0.9230769230769247,True,-0.08000000000000007,2,2
2022-10-21,11.367911646600659,6.535947712418312,4.910314697237514,0.9799999999999969,True,0.053758740575803765,5,0
2022-10-24,10.827754340740464,4.16666666666668,4.917141999613603,0.1388888888888904,True,0.050000000000000044,5,0
2022-10-25,11.259202355019806,7.045454545454535,4.917141999613603,0.9354838709677432,True,0.01876835941249866,4,0
2022-10-26,9.98511823018941,6.178489702517152,4.933122413525229,0.8518518518518515,True,-0.059361702127659455,4,2
2022-10-27,10.897428309856014,9.06113537117904,4.960346780946748,0.1686746987951814,False,0.0,0,0
2022-10-28,10.83485058457336,6.4252336448598,4.97936182499603,0.7454545454545471,True,0.040000000000000036,4,0
2022-10-31,10.48517738195898,6.129032258064519,4.988970772595285,0.22807017543859776,False,0.0,0,0
2022-11-01,10.085685147789324,3.613177470775769,4.9953580354461184,0.38235294117647306,True,0.01380129589632828,4,0
2022-11-02,9.682052648513892,4.2116630669546495,4.9953580354461184,0.58974358974359,True,0.0369590555786008,5,1
2022-11-03,10.51005231243094,4.627249357326482,4.9953580354461184,0.02777777777777963,True,-0.03631233740060813,1,0
2022-11-04,10.367709949862043,5.396096440872567,4.9953580354461184,0.744680851063828,True,0.0027462340672073093,5,1
2022-11-07,9.337285150780527,4.638619201725995,5.004422505510968,0.23255813953488305,True,0.04071926697313688,5,0
2022-11-08,9.794535385669345,3.363006923837801,5.004422505510968,0.7058823529411737,True,-0.08000000000000007,2,2
2022-11-09,10.441131647196375,4.4147843942505105,5.004422505510968,0.6046511627906975,True,0.05239669421487614,5,0
2022-11-10,8.36437129931784,4.25925925925925,5.004422505510968,0.9782608695652178,True,0.010000000000000009,1,0
2022-11-11,9.392125274372589,5.374592833876223,4.9953580354461184,0.7727272727272723,True,0.01352962887638498,3,0
2022-11-14,10.495839975734231,3.1562740569668986,5.004422505510968,0.4390243902439016,True,-0.03777604976671867,3,1
2022-11-15,9.964587406543595,3.6262203626220333,5.004422505510968,0.6538461538461541,True,0.05500000000000016,5,0
2022-11-16,9.661271165529474,4.176334106728546,5.004422505510968,0.35185185185185364,True,0.0,5,1
2022-11-17,10.07950804679346,7.6719576719576645,5.004422505510968,0.6321839080459764,False,0.0,0,0
2022-11-18,9.337885471837552,3.6951501154734308,5.026431385700634,0.20833333333333318,True,0.02127676447264082,4,0
2022-11-21,8.242655615746797,2.8997514498757218,5.026431385700634,0.485714285714286,True,0.001638795986621977,2,0
2022-11-22,7.7885557505136465,3.047775947281721,5.026431385700634,0.35135135135135254,True,0.010000000000000009,1,0
2022-11-23,8.008261232121757,6.201550387596905,5.026431385700634,0.8749999999999983,True,-0.007572640926207019,5,1
2022-11-25,7.686708686212656,2.4371667936024393,5.048461707298722,0.6562499999999966,True,-0.021893139540198336,1,0
2022-11-28,6.101838355467739,4.368932038834945,5.030753617464862,0.6111111111111122,True,-0.03336700336700349,3,1
2022-11-29,6.500800963000046,2.2613065326633133,5.030753617464862,0.592592592592594,True,-0.01761421319796963,5,1
2022-11-30,6.87760905760175,4.4763513513513455,5.030753617464862,0.22641509433962145,True,0.07434145191316266,5,0
2022-12-01,9.017703229203335,2.9119318181818192,5.030753617464862,0.2439024390243893,True,-0.000286554004408468,2,0
2022-12-02,9.297191425115951,4.163330664531622,5.030753617464862,0.32692307692307704,True,0.03240793310100232,4,0
2022-12-05,9.971266099935777,2.265625000000007,5.030753617464862,0.6206896551724108,True,-0.039205087440381536,2,1
2022-12-06,9.594243446214096,4.621513944223108,5.030753617464862,0.01724137931034446,True,-0.018290598290598092,4,1
2022-12-07,10.399438078071922,4.995617879053464,5.030753617464862,0.19298245614034978,True,0.001745365449402736,2,0
2022-12-08,7.51533629443026,3.280067283431445,5.030753617464862,1.0,True,0.02533638269487315,3,0
2022-12-09,7.6248271767607125,5.11590727418066,5.030753617464862,0.6874999999999987,True,-0.02565428109854606,4,1
2022-12-12,7.590727954937212,3.130148270181225,5.079329942639305,0.5000000000000023,True,0.04045856798069192,4,0
2022-12-13,7.853495664986634,5.027173913043479,5.079329942639305,0.6756756756756754,True,-0.03146412884333816,3,1
2022-12-14,8.31416386176474,2.960769800148041,5.079329942639305,0.9750000000000005,True,-0.08000000000000018,2,2
2022-12-15,9.46822833570588,6.050695012264924,5.079329942639305,0.054054054054052884,False,0.0,0,0
2022-12-16,9.401838899149604,3.9285714285714404,5.117737135592735,0.8181818181818186,True,0.016409335727109453,3,0
2022-12-19,9.37473201322977,4.856115107913678,5.117737135592735,0.20370370370370558,True,0.009064546304957899,2,0
2022-12-20,9.068798835554446,4.585365853658542,5.117737135592735,0.9361702127659551,True,-0.019736842105263275,1,0
2022-12-21,7.815127043401743,4.0451552210724335,5.117737135592735,0.5581395348837218,True,0.011138268219013536,2,0
2022-12-22,6.888751472677154,5.3130929791271395,5.117737135592735,0.14285714285714285,False,0.0,0,0
2022-12-23,7.906732267717194,5.109489051094893,5.120626079335291,0.18367346938775472,True,0.037216494845360826,4,0
2022-12-27,7.848468451241698,4.801670146137777,5.120626079335291,0.21739130434782575,True,-0.01012711864406779,2,0
2022-12-28,7.351967948095151,5.164835164835153,5.120626079335291,0.7234042553191504,True,0.0023400282562328067,3,0
2022-12-29,7.717231952383545,4.956896551724147,5.133996204678081,0.9347826086956498,True,-0.0022298262379645273,1,0
2022-12-30,7.838696090963363,3.559870550161813,5.133996204678081,0.6969696969696927,True,0.020000000000000018,2,0
2023-01-03,6.468071215060391,6.7846607669616645,5.133996204678081,0.01449275362318807,False,0.0,0,0
2023-01-04,7.264377593693496,3.6437246963562693,5.1549258163622005,0.33333333333333665,True,0.05198801198801206,5,0
2023-01-05,7.700804698069179,2.959183673469397,5.133996204678081,0.5172413793103444,True,0.005656565656565693,5,0
2023-01-06,7.143504855055052,5.628140703517576,5.120626079335291,0.2321428571428559,False,0.0,0,0
2023-01-09,8.777818665486517,5.7241977450130115,5.133996204678081,0.8939393939393935,True,-0.04787234042553201,3,1
2023-01-10,9.114279714988268,4.920913884007034,5.1549258163622005,0.4107142857142861,True,0.050000000000000044,5,0
2023-01-11,8.514355405404096,3.171953255425701,5.1549258163622005,0.657894736842107,True,0.050000000000000044,5,0
2023-01-12,8.419764555607202,7.545671167593322,5.1549258163622005,0.22105263157894656,False,0.0,0,0
2023-01-13,9.462169444488882,2.4252223120452765,5.159438853202788,0.7000000000000012,True,0.020000000000000018,2,0
2023-01-17,7.6072684236205985,3.1832298136645973,5.159438853202788,0.8048780487804877,True,0.010000000000000009,2,0
2023-01-18,7.070133323719179,2.3791821561338313,5.159438853202788,0.75,True,-0.041374045801526815,4,1
2023-01-19,7.076797333493057,4.246794871794866,5.159438853202788,0.39622641509433837,True,0.05249999999999999,5,0
2023-01-20,7.216934741994407,2.477291494632541,5.159438853202788,0.5,True,0.04189544986512117,4,0
2023-01-23,7.048541885671412,6.297420333839152,5.159438853202788,0.9036144578313252,True,0.019939028108042267,3,0
2023-01-24,8.569329242620707,4.825174825174821,5.164040778498603,0.3623188405797104,True,-0.010981468771448233,1,0
2023-01-25,8.354239984053189,2.700729927007307,5.164040778498603,0.08108108108108393,True,0.058453656552168276,5,0
2023-01-26,8.839410797826833,5.925432756324904,5.164040778498603,0.25842696629213513,False,0.0,0,0
2023-01-27,8.72866102828878,4.209799861973783,5.166752472083646,0.7213114754098339,True,0.023796296296296426,5,0
2023-01-30,8.289530194586446,2.99442896935933,5.164040778498603,0.6976744186046533,True,-0.025038542396636276,2,0
2023-01-31,6.8280222966571955,3.14557425018288,5.164040778498603,0.16279069767441937,True,0.033333333333333215,3,0
2023-02-01,7.19436992123452,4.955872369314327,5.164040778498603,0.9452054794520536,True,0.050000000000000044,5,0
2023-02-02,8.826770157110458,3.000577034045027,5.164040778498603,0.019230769230772122,True,-1.1102230246251565e-16,5,1
2023-02-03,9.099366879464878,6.138259833134691,5.164040778498603,0.8058252427184475,True,-0.05310803004043896,3,1
2023-02-06,9.54082048151339,3.0397022332506105,5.166752472083646,1.0,True,-0.020000000000000018,4,1
2023-02-07,9.554367900937347,2.59099321406538,5.166752472083646,0.547619047619051,True,0.056754370047783276,5,0
2023-02-08,10.34513213427386,2.713625866050822,5.166752472083646,0.4042553191489368,True,-0.031194820482636665,1,0
2023-02-09,8.362265790274321,2.596653202538946,5.166752472083646,0.7555555555555564,True,-0.07999999999999996,2,2
2023-02-10,8.708486217279514,3.424657534246569,5.166752472083646,0.18181818181818152,True,0.0012706480304955914,1,0
2023-02-13,8.080937854984962,3.877423389618518,5.166752472083646,0.9354838709677377,True,0.030376812651180973,4,0
2023-02-14,8.141156943528205,8.281444582814448,5.166752472083646,0.9774436090225556,True,0.05453442818820475,5,0
2023-02-15,8.335323943742546,3.2123735871505006,5.175636581859276,0.25925925925926074,True,0.050000000000000044,5,0
2023-02-16,8.16811070736752,3.303303303303308,5.175636581859276,0.7272727272727302,True,-0.019732360097323598,5,1
2023-02-17,7.406924824427458,4.315196998123835,5.175636581859276,0.3043478260869572,True,0.003585631815266277,2,0
2023-02-21,7.549798990021306,3.651115618661264,5.175636581859276,0.33333333333333226,True,-0.05548205489092195,2,1
2023-02-22,8.15669452691239,2.7639971651311166,5.175636581859276,0.12820512820512983,True,0.0,5,1
2023-02-23,7.073548669730823,3.0383091149273502,5.175636581859276,0.5652173913043502,True,0.050000000000000044,5,0
2023-02-24,7.09368199604395,3.2890132960111886,5.166752472083646,0.38297872340425565,True,0.050000000000000044,5,0
2023-02-27,6.716249279912839,2.2727272727272716,5.166752472083646,0.5,True,-0.002200687756983566,3,0
2023-02-28,6.033854200100253,3.3333333333333237,5.166752472083646,0.6875000000000021,True,-0.01091160458547491,3,0
2023-03-01,5.4469711710265525,3.445945945945944,5.166752472083646,0.8235294117647061,False,0.0,0,0
2023-03-02,5.213803205044978,2.855103497501787,5.166752472083646,0.8,False,0.0,0,0
2023-03-03,6.069070767278785,2.0598006644518305,5.164040778498603,0.6774193548387056,True,0.03497684517976207,4,0
2023-03-06,6.745686387243959,2.0214782059380827,5.164040778498603,0.4374999999999983,True,-0.06508038585209008,2,1
2023-03-07,7.605980082623679,2.0408163265306154,5.159438853202788,0.2580645161290321,True,0.0,5,1
2023-03-08,7.497136545208716,3.162853297442804,5.1549258163622005,0.8510638297872336,True,0.030000000000000027,3,0
2023-03-09,7.910326316406563,3.365079365079361,5.133996204678081,1.0,True,-0.07000000000000006,3,2
2023-03-10,7.864318362903961,7.341269841269837,5.133996204678081,0.27927927927927826,False,0.0,0,0
2023-03-13,8.280708174642609,5.21675238795003,5.1549258163622005,0.8028169014084522,True,0.050912358465101226,5,0
2023-03-14,8.809276082283633,3.048780487804885,5.159438853202788,0.7777777777777791,True,-0.0006279225116900822,4,1
2023-03-15,8.939799836500766,4.514363885088921,5.159438853202788,0.03030303030303234,True,0.05627742392073598,5,0
2023-03-16,9.031398026999224,5.248618784530385,5.159438853202788,1.0,True,0.02398659720693619,3,0
2023-03-17,9.888172560016852,3.51728320194056,5.164040778498603,0.39655172413793294,True,0.028950276243093986,5,0
2023-03-20,9.281166871143364,3.4076827757125088,5.159438853202788,0.40000000000000197,True,0.050000000000000044,5,0
2023-03-21,8.475405016977891,2.5279247501469704,5.159438853202788,0.9534883720930242,True,0.0,5,1
2023-03-22,8.989880002997594,3.597122302158261,5.159438853202788,0.9333333333333346,True,0.006101207590569424,5,1
2023-03-23,9.667346237943974,3.2333921222810154,5.159438853202788,0.8909090909090869,True,-0.01713467048710604,4,1
2023-03-24,8.423505273415472,3.918128654970749,5.159438853202788,0.7014925373134331,True,0.001814882032667775,1,0
2023-03-27,8.505866016591384,3.0429594272076463,5.159438853202788,0.5294117647058799,True,-0.010846106683016443,2,0
2023-03-28,8.5788994087773,4.536862003780723,5.1549258163622005,0.055555555555554324,True,0.050000000000000044,5,0
2023-03-29,7.944445529206847,3.3659730722154264,5.1549258163622005,0.6727272727272736,True,0.050000000000000044,5,0
2023-03-30,7.194259876015812,1.9707207207207085,5.1549258163622005,0.8857142857142875,True,-0.008676154657565216,1,0
2023-03-31,6.171352047552428,3.7585421412300692,5.1549258163622005,0.5454545454545445,True,0.020000000000000018,2,0
2023-04-03,5.827681557736393,2.56696428571429,5.1549258163622005,0.13043478260870037,False,0.0,0,0
2023-04-04,5.652652790262816,3.973139339675438,5.1549258163622005,0.4084507042253504,False,0.0,0,0
2023-04-05,5.984489985944431,3.1999999999999975,5.1549258163622005,0.3461538461538493,False,0.0,0,0
2023-04-06,5.697036827108163,2.330097087378637,5.1549258163622005,1.0,False,0.0,0,0
2023-04-10,6.088425788885476,3.613666228646511,5.1549258163622005,0.7818181818181829,True,0.040000000000000036,4,0
2023-04-11,6.839101527258734,2.212918660287066,5.1549258163622005,0.4054054054054044,True,-0.003390139987827112,2,0
2023-04-12,6.502945085016765,6.658668266346717,5.1549258163622005,0.18918918918918876,False,0.0,0,0
2023-04-13,6.711718103776191,2.9239766081871412,5.159438853202788,0.3333333333333333,True,0.01300212152876734,3,0
2023-04-14,6.749688814027605,4.219948849104871,5.159438853202788,0.8787878787878763,True,0.0,1,0
2023-04-17,6.978187642854197,2.9139072847682086,5.159438853202788,0.38636363636363663,True,0.020000000000000018,2,0
2023-04-18,6.078482653775692,3.3707865168539275,5.159438853202788,0.12962962962963037,True,-0.0012658227848102444,1,0
2023-04-19,6.4511030027414,1.7763157894736814,5.159438853202788,0.037037037037036306,True,0.0215630951911836,3,0
2023-04-20,5.201773921189291,4.597701149425286,5.159438853202788,0.9117647058823521,False,0.0,0,0
2023-04-21,5.5878152773028855,4.042412193505629,5.159438853202788,0.016393442622950484,False,0.0,0,0
2023-04-24,4.976860375850558,1.962110960757775,5.159438853202788,0.2758620689655183,False,0.0,0,0
2023-04-25,5.009605538904264,2.011095700416083,5.159438853202788,0.2758620689655183,False,0.0,0,0
2023-04-26,5.557291250765825,3.4508076358296544,5.159438853202788,0.46808510638297746,False,0.0,0,0
2023-04-27,5.926717017826648,5.176294073518376,5.159438853202788,0.13043478260869554,False,0.0,0,0
2023-04-28,5.9784946681215745,2.8343023255813997,5.164040778498603,0.2564102564102551,False,0.0,0,0
2023-05-01,6.231058741048356,2.3513139695712297,5.164040778498603,0.32352941176470434,True,0.00985657794988437,2,0
2023-05-02,5.9609655157448245,2.3208191126279853,5.164040778498603,0.5,False,0.0,0,0
2023-05-03,5.592450039041536,1.9830028328611853,5.164040778498603,0.6785714285714284,False,0.0,0,0
2023-05-04,5.844017264376715,2.00000000000001,5.164040778498603,0.5925925925925901,False,0.0,0,0
2023-05-05,5.37916771865695,3.9647577092511086,5.159438853202788,0.9259259259259244,False,0.0,0,0
2023-05-08,6.1536571835341825,3.526970954356845,5.159438853202788,0.13725490196078494,True,0.030000000000000027,3,0
2023-05-09,6.374957321846769,2.0611229566453386,5.159438853202788,0.8620689655172439,True,-0.0042063696454630595,1,0
2023-05-10,5.54992596958807,2.433936022253127,5.159438853202788,0.514285714285714,False,0.0,0,0
2023-05-11,5.417916214143975,3.2798325191905016,5.1549258163622005,0.12765957446808268,False,0.0,0,0
2023-05-12,5.364942654401399,2.39774330042313,5.133996204678081,0.2058823529411774,False,0.0,0,0
2023-05-15,4.629547721619813,1.3475177304964505,5.133996204678081,0.42105263157894884,False,0.0,0,0
2023-05-16,5.417752895099111,3.8050734312416457,5.133996204678081,0.5614035087719287,False,0.0,0,0
2023-05-17,5.678664624834946,2.906976744186042,5.133996204678081,0.044444444444443565,False,0.0,0,0
2023-05-18,6.226673091949405,3.5495716034271623,5.133996204678081,0.8620689655172439,True,0.010000000000000009,1,0
2023-05-19,6.935596604092363,2.501421262080735,5.133996204678081,0.3636363636363629,True,0.011152737752161412,2,0
2023-05-22,6.494921165826459,3.900709219858157,5.133996204678081,0.9090909090909111,True,0.019840390359577742,3,0
2023-05-23,5.828254499159792,2.0930232558139505,5.133996204678081,0.6666666666666634,False,0.0,0,0
2023-05-24,5.910907338604636,3.0837004405286352,5.133996204678081,0.4489795918367358,False,0.0,0,0
2023-05-25,5.2790032434283365,3.964757709251115,5.133996204678081,0.44444444444444337,False,0.0,0,0
2023-05-26,5.405823726661827,4.538653366583541,5.133996204678081,0.7142857142857126,False,0.0,0,0
2023-05-30,7.9683032583612885,4.639804639804642,5.133996204678081,0.026315789473685194,True,-0.0459276797244943,3,1
2023-05-31,8.774337255884648,4.972375690607744,5.133996204678081,0.4074074074074079,True,-0.024309240622140904,2,0
2023-06-01,9.34549662031139,3.024662633783149,5.133996204678081,0.5384615384615363,True,0.013016983016983064,4,0
2023-06-02,10.20097083944415,5.773468488320856,5.133996204678081,0.03816793893129818,False,0.0,0,0
2023-06-05,9.46141082445569,3.8160919540229807,5.1549258163622005,0.012048192771081965,True,-0.012717852096090443,1,0
2023-06-06,7.296936951666399,4.428223844282239,5.1549258163622005,0.8901098901098886,True,0.004532816835627451,2,0
2023-06-07,7.084369848588343,2.663656884875846,5.1549258163622005,0.9152542372881344,True,0.0015401686640035273,5,1
2023-06-08,7.083214158895186,2.84795590261827,5.1549258163622005,0.5806451612903241,True,0.021559880064553116,3,0
2023-06-09,6.2242189483807575,2.2145028224055494,5.1549258163622005,0.6470588235294109,True,-0.016666666666666607,1,0
2023-06-12,6.249942768098156,1.93965517241379,5.1549258163622005,0.7555555555555564,True,0.010000000000000009,1,0
2023-06-13,6.5286784002820655,4.303993796044977,5.1549258163622005,0.07207207207207378,True,0.011122885294664542,3,0
2023-06-14,5.996976058043755,2.804107424960509,5.1549258163622005,0.7042253521126752,False,0.0,0,0
2023-06-15,6.020344660028639,2.2912621359223295,5.1549258163622005,0.1355932203389802,True,0.01615956403766794,4,0
2023-06-16,5.9934331268329615,5.267090026148674,5.1549258163622005,0.19858156028368873,False,0.0,0,0
2023-06-20,6.009137578206338,3.7007240547063627,5.159438853202788,0.03260869565217509,True,0.03040650406504053,4,0
2023-06-21,5.94404894392332,3.0202730657840164,5.159438853202788,0.10958904109588855,False,0.0,0,0
2023-06-22,6.370551600641283,3.186714542190309,5.159438853202788,0.901408450704225,True,0.01930010109650826,3,0
2023-06-23,5.934751032828498,2.504553734061918,5.159438853202788,0.6181818181818212,False,0.0,0,0
2023-06-26,5.725947736455573,4.665769403319871,5.159438853202788,0.9807692307692312,False,0.0,0,0
2023-06-27,5.625277939590028,2.1524663677129903,5.159438853202788,0.9791666666666706,False,0.0,0,0
2023-06-28,6.57837492395809,2.1561017680034498,5.159438853202788,0.5799999999999983,True,-0.008416571608061085,2,0
2023-06-29,6.244246054192527,3.6484245439469425,5.159438853202788,0.19318181818181956,True,0.017537564701743724,3,0
2023-06-30,5.990681441588282,2.5223759153783605,5.159438853202788,0.8548387096774198,False,0.0,0,0
2023-07-03,6.014543156282208,2.1773555027711824,5.159438853202788,0.12727272727272762,True,0.03790513833992093,4,0
2023-07-05,5.722207937843341,2.2809123649459795,5.159438853202788,0.17543859649123048,False,0.0,0,0
2023-07-06,4.578424864075721,2.8761061946902586,5.159438853202788,0.3999999999999978,False,0.0,0,0
2023-07-07,4.325184033232399,2.5996533795494,5.159438853202788,0.9333333333333349,False,0.0,0,0
2023-07-10,4.577317358518163,3.326133909287271,5.159438853202788,0.4675324675324695,False,0.0,0,0
2023-07-11,5.036234070730413,3.6871961102106976,5.159438853202788,0.2527472527472532,False,0.0,0,0
2023-07-12,5.372189085096402,1.7695635076681058,5.159438853202788,0.7555555555555564,False,0.0,0,0
2023-07-13,4.960258681790761,1.4711429649189007,5.159438853202788,0.9743589743589703,False,0.0,0,0
2023-07-14,5.001949411286725,1.7556693489392716,5.159438853202788,0.9791666666666706,False,0.0,0,0
2023-07-17,5.512929317696665,3.0060882800608795,5.159438853202788,0.7721518987341773,False,0.0,0,0
2023-07-18,6.438439934381577,2.3054755043227684,5.159438853202788,0.6093750000000003,True,0.01913318827504462,3,0
2023-07-19,6.307168886875519,2.885292047853625,5.159438853202788,0.2682926829268278,True,-0.015366202215076674,2,0
2023-07-20,6.623888792188859,2.8682170542635594,5.159438853202788,0.45945945945946026,True,-0.030199918400652837,4,1
2023-07-21,7.38606717156303,3.320000000000008,5.159438853202788,0.12048192771084482,True,0.02576159595246752,5,0
2023-07-24,6.707225913333329,3.731942215088281,5.159438853202788,0.20430107526881483,True,0.006796155386463831,2,0
2023-07-25,5.353157735346418,3.3583563808771153,5.1549258163622005,0.9882352941176493,False,0.0,0,0
2023-07-26,5.320644473283034,2.6984126984126977,5.1549258163622005,0.573529411764707,False,0.0,0,0
2023-07-27,5.5417720047553924,2.88888888888888,5.1549258163622005,0.794871794871794,False,0.0,0,0
2023-07-28,5.362616104669262,3.0010718113612,5.1549258163622005,0.5714285714285721,False,0.0,0,0
2023-07-31,5.412373875301633,2.810962754743502,5.1549258163622005,0.3250000000000017,False,0.0,0,0
2023-08-01,5.228177983232676,1.869830996044587,5.1549258163622005,0.5384615384615411,False,0.0,0,0
2023-08-02,5.136541886793997,3.963636363636363,5.1549258163622005,0.0642201834862388,False,0.0,0,0
2023-08-03,5.901101771353881,3.2510288065843587,5.1549258163622005,0.6455696202531628,False,0.0,0,0
2023-08-04,5.641842512094622,3.950020153164049,5.1549258163622005,0.11224489795918667,False,0.0,0,0
2023-08-07,6.227541412159551,2.2780832678711773,5.1549258163622005,0.1896551724137915,True,0.0074509803921569695,1,0
2023-08-08,6.2937856247615205,3.2653061224489828,5.1549258163622005,0.16249999999999862,True,0.050000000000000044,5,0
2023-08-09,6.288510764008157,3.1147540983606623,5.1549258163622005,0.30263157894736836,True,-0.001486146095717844,4,0
2023-08-10,5.538913148508903,3.8038884192730285,5.1549258163622005,0.988888888888891,False,0.0,0,0
2023-08-11,6.054801818243727,2.507979936160514,5.1549258163622005,0.1999999999999987,True,-0.015813953488372112,1,0
2023-08-14,5.459337851604795,4.2186001917545495,5.1549258163622005,1.0,False,0.0,0,0
2023-08-15,7.036078461016734,2.9151943462897534,5.1549258163622005,0.04545454545454717,True,-0.01465262214253682,2,0
2023-08-16,7.1030287747111185,1.7042837402118884,5.1549258163622005,0.3783783783783789,True,1.1102230246251565e-16,5,1
2023-08-17,7.088534434262131,2.7158098933074624,5.1549258163622005,0.19642857142857087,True,-0.008808593749999982,3,0
2023-08-18,6.322115894210819,3.746097814776269,5.1549258163622005,0.3611111111111138,True,0.027740498474712938,4,0
2023-08-21,6.783692388903754,3.3154558751828356,5.1549258163622005,0.9852941176470565,True,0.020000000000000018,2,0
2023-08-22,6.177734908676396,4.051078819903134,5.1549258163622005,0.06521739130435018,True,-0.028368200836820234,4,1
2023-08-23,6.703086826310475,4.53460620525061,5.1549258163622005,0.9368421052631557,True,0.019951458667054944,3,0
2023-08-24,7.39603102786514,5.818334030975306,5.1549258163622005,0.10071942446043203,False,0.0,0,0
2023-08-25,9.468088579064688,1.9174041297935132,5.159438853202788,0.58974358974359,True,0.06053939765848537,5,0
2023-08-28,9.834932359664425,3.670588235294123,5.159438853202788,0.5128205128205148,True,0.0228103044496486,3,0
2023-08-29,9.016888937517404,3.8406827880512204,5.159438853202788,0.8024691358024695,True,0.010567667234334,2,0
2023-08-30,9.721198893026695,3.0541012216404853,5.159438853202788,0.885714285714283,True,0.007314921365554339,2,0
2023-08-31,8.981996020734563,3.409581355200687,5.159438853202788,0.9873417721519012,True,-0.007787928710498715,1,0
2023-09-01,6.885240155257757,4.1067761806981515,5.159438853202788,0.46999999999999886,True,0.017924449979244472,3,0
2023-09-05,5.9661824120463525,2.357894736842115,5.1549258163622005,0.19642857142857595,False,0.0,0,0
2023-09-06,6.195532257247591,2.0946795140343526,5.1549258163622005,0.3999999999999986,True,0.008297147722435172,2,0
2023-09-07,5.342202133968401,3.2936870997255374,5.1549258163622005,0.08333333333333622,False,0.0,0,0
2023-09-08,5.142302407164963,2.6243093922651948,5.1549258163622005,0.2631578947368395,False,0.0,0,0
2023-09-11,5.051457336182691,5.7553956834532265,5.1549258163622005,0.039062499999997856,False,0.0,0,0
2023-09-12,5.7768646899711165,4.904761904761893,5.159438853202788,0.9708737864077692,False,0.0,0,0
2023-09-13,5.842528850372119,2.3478677527551604,5.159438853202788,0.8979591836734684,False,0.0,0,0
2023-09-14,5.511776245170933,3.8883806038426414,5.159438853202788,0.3529411764705885,False,0.0,0,0
2023-09-15,5.365390151849798,3.4839924670433073,5.159438853202788,0.16216216216215903,False,0.0,0,0
2023-09-18,6.1859517941175906,4.2531120331950225,5.159438853202788,0.8292682926829262,True,0.009089007017649253,2,0
2023-09-19,5.655786714562979,2.9352226720647687,5.159438853202788,0.0,False,0.0,0,0
2023-09-20,5.3184626351336375,2.7975584944048864,5.159438853202788,0.5454545454545461,False,0.0,0,0
2023-09-21,5.789079314173238,2.4211711711711694,5.159438853202788,0.06976744186045955,False,0.0,0,0
2023-09-22,5.8081400034077575,2.179988820570154,5.159438853202788,0.8717948717948701,False,0.0,0,0
2023-09-25,4.932849596137548,4.7700170357751475,5.159438853202788,0.75,False,0.0,0,0
2023-09-26,4.995184510522766,2.311161217587374,5.159438853202788,0.36585365853658175,False,0.0,0,0
2023-09-27,5.304796129545177,1.5306122448979567,5.159438853202788,0.592592592592594,False,0.0,0,0
2023-09-28,5.148407361762713,3.929384965831443,5.159438853202788,0.9855072463768093,False,0.0,0,0
2023-09-29,6.456304096766511,2.367472979927951,5.159438853202788,0.8043478260869572,True,-0.024289405684754684,1,0
2023-10-02,6.647182936315225,3.3773087071240138,5.159438853202788,0.6562500000000021,True,-1.1102230246251565e-16,5,1
2023-10-03,6.781970828179252,4.3548387096774315,5.159438853202788,0.753086419753088,True,-0.013250843644544763,4,1
2023-10-04,7.733492812395707,2.4202420242024276,5.159438853202788,0.7272727272727258,True,0.03097197385873618,4,0
2023-10-05,7.5284008746305044,3.8213132400430623,5.159438853202788,0.22535211267605626,True,0.050000000000000044,5,0
2023-10-06,6.51741838433428,3.440621531631526,5.159438853202788,0.35483870967741693,True,0.00529912566799895,2,0
2023-10-09,7.85212226170962,2.858655373213336,5.159438853202788,0.4259259259259274,True,0.04130852819024855,5,0
2023-10-10,7.781864094372269,2.607361963190192,5.159438853202788,1.0,True,0.004138181034398225,3,0
2023-10-11,7.14178229478127,2.7066929133858304,5.159438853202788,0.2181818181818197,True,0.004239688959224663,1,0
2023-10-12,6.8441245762535114,1.887705711519848,5.159438853202788,0.9743589743589703,True,-0.01951620706337709,4,1
2023-10-13,7.146597230545618,3.5576923076923173,5.159438853202788,0.4459459459459472,True,-0.04210304942166143,2,1
2023-10-16,6.744095736479196,3.5023523261892224,5.159438853202788,0.6567164179104462,True,0.009494949494949445,2,0
2023-10-17,6.541564062886485,3.969957081545075,5.159438853202788,0.3243243243243261,True,-0.003912519223596478,2,0
2023-10-18,7.18808363071783,3.919433859553614,5.159438853202788,0.4166666666666683,True,0.016508364813815457,4,0
2023-10-19,7.223499556204007,5.970149253731348,5.159438853202788,0.2500000000000008,False,0.0,0,0
2023-10-20,7.603146061610869,2.81124497991967,5.164040778498603,0.5510204081632661,True,0.050000000000000044,5,0
2023-10-23,7.0414928553793485,3.9755351681957207,5.164040778498603,0.8615384615384618,True,-0.026067961165048725,4,1
2023-10-24,7.849797853692839,2.5210084033613334,5.164040778498603,0.761904761904766,True,0.010000000000000009,1,0
2023-10-25,6.695701021827039,4.09035409035409,5.164040778498603,0.28358208955223807,True,-0.07000000000000006,3,2
2023-10-26,8.023840613439685,4.362194315928619,5.164040778498603,0.6212121212121213,True,0.0,5,1
2023-10-27,7.797726354219312,2.6143790849673225,5.164040778498603,0.4,True,-0.007795164230616991,2,0
2023-10-30,7.234442406101913,4.11605937921727,5.164040778498603,0.5901639344262292,True,0.02486760054652304,5,0
2023-10-31,6.956192087291477,3.7138927097661685,5.164040778498603,0.24074074074074178,True,0.04270838793792886,5,0
2023-11-01,7.506877285717479,2.073578595317729,5.164040778498603,0.45161290322580755,True,0.035696533682145315,3,0
2023-11-02,6.755059055638381,2.603550295857975,5.164040778498603,0.25,True,0.0009549254753159486,2,0
2023-11-03,6.38774148836149,4.147727272727275,5.164040778498603,0.917808219178084,True,0.010178975253602118,3,0
2023-11-06,6.9829583629901295,3.5772357723577244,5.164040778498603,0.2424242424242426,True,0.007717750826901959,1,0
2023-11-07,6.498423072293095,2.2577092511013226,5.164040778498603,0.9756097560975658,True,-0.0048793014894708,1,0
2023-11-08,5.998480637933073,2.5187566988210204,5.164040778498603,0.46808510638298145,False,0.0,0,0
2023-11-09,5.269118383616255,2.7310924369747878,5.164040778498603,1.0,False,0.0,0,0
2023-11-10,5.5417801110291105,3.3578174186778624,5.164040778498603,0.7968750000000018,False,0.0,0,0
2023-11-13,6.15613191871775,2.783300198807168,5.159438853202788,0.19642857142857595,True,0.030100010001000266,4,0
2023-11-14,5.785984241097833,1.7666201766620295,5.159438853202788,0.7894736842105229,False,0.0,0,0
2023-11-15,5.821998634567116,2.388323750552849,5.159438853202788,0.14814814814814523,False,0.0,0,0
2023-11-16,5.986576904528001,2.8648164726947205,5.159438853202788,0.6406249999999997,False,0.0,0,0
2023-11-17,5.184326729614706,2.1352313167259807,5.159438853202788,0.9166666666666611,False,0.0,0,0
2023-11-20,3.9566620781861728,2.381983542659163,5.159438853202788,1.0,False,0.0,0,0
2023-11-21,4.527020783468554,2.6282323018228104,5.159438853202788,0.032258064516128296,False,0.0,0,0
2023-11-22,4.562912091847851,4.347826086956529,5.159438853202788,0.23762376237623922,False,0.0,0,0
2023-11-24,4.788744455289185,1.7414018284719137,5.159438853202788,0.7000000000000053,False,0.0,0,0
2023-11-27,4.447678357241402,1.6228070175438485,5.159438853202788,0.6486486486486489,False,0.0,0,0
2023-11-28,4.453734422671881,2.0888888888888837,5.159438853202788,0.21276595744681204,False,0.0,0,0
2023-11-29,4.084851308288551,3.3674339300937732,5.159438853202788,0.9113924050632907,False,0.0,0,0
2023-11-30,4.0987792120523,3.3688699360341112,5.159438853202788,0.3037974683544332,False,0.0,0,0
2023-12-01,4.071221288001803,3.351206434316354,5.159438853202788,0.5333333333333314,False,0.0,0,0
2023-12-04,4.938311789152818,1.9677996422182524,5.159438853202788,0.15909090909090928,False,0.0,0,0
2023-12-05,5.142372925894497,2.029520295202958,5.159438853202788,0.9090909090909032,False,0.0,0,0
2023-12-06,5.016477066935907,2.715724923346478,5.1549258163622005,0.41935483870967927,False,0.0,0,0
2023-12-07,5.332859804685067,1.9990913221263118,5.133779977241416,0.4318181818181835,False,0.0,0,0
2023-12-08,5.685973188890155,2.824858757062156,5.117737135592735,0.5692307692307689,False,0.0,0,0
2023-12-11,5.418016489797909,4.019688269073013,5.117737135592735,0.9693877551020433,False,0.0,0,0
2023-12-12,6.087507157094629,3.2233009708737796,5.117737135592735,0.9879518072289181,True,0.010000000000000009,1,0
2023-12-13,6.265528150896798,1.7964071856287442,5.117737135592735,0.5624999999999987,True,0.013384549722577965,3,0
2023-12-14,6.442264035238492,5.520614954577225,5.1120563403292,0.9746835443037958,True,0.0008249103034279059,1,0
2023-12-15,6.311232812850853,2.4622455679579778,5.117737135592735,0.7733333333333311,True,-0.022513837328652198,1,0
2023-12-18,6.178001179569139,3.2068062827225146,5.117737135592735,0.3163265306122435,True,0.02901055408970976,4,0
2023-12-19,5.2979507992471,2.2742254449571564,5.117737135592735,0.6956521739130428,False,0.0,0,0
2023-12-20,4.882892975617174,1.258278145695361,5.1120563403292,0.23684210526315813,False,0.0,0,0
2023-12-21,5.102843802440352,2.1176470588235263,5.076762653404997,0.34920634920634797,False,0.0,0,0
2023-12-22,4.501682247671694,1.8941868060091387,5.076762653404997,0.5344827586206891,False,0.0,0,0
2023-12-26,4.471301150169557,3.2351989647363313,5.076762653404997,0.8000000000000007,False,0.0,0,0
2023-12-27,4.701442787518998,1.4434889434889397,5.076762653404997,0.5957446808510526,False,0.0,0,0
2023-12-28,4.799423251353121,1.8103712795336095,5.076762653404997,0.6440677966101701,False,0.0,0,0
2023-12-29,3.5454266774233636,1.0254816656308212,5.076762653404997,0.5757575757575718,False,0.0,0,0
2024-01-02,3.7402175334798953,4.182000669120107,5.076762653404997,0.3200000000000017,False,0.0,0,0
2024-01-03,4.72958438021752,3.2719067318540844,5.076762653404997,0.5402298850574694,False,0.0,0,0
2024-01-04,4.561410002141633,3.323988786543846,5.076762653404997,0.313253012048191,False,0.0,0,0
2024-01-05,5.23405501399369,2.5341130604288584,5.076762653404997,0.5230769230769211,False,0.0,0,0
2024-01-08,5.737331889486777,4.869762174405433,5.038282369804114,0.9844961240310081,False,0.0,0,0
2024-01-09,6.52114021942401,2.290076335877859,5.038282369804114,0.9206349206349194,True,-0.0034703243831589736,2,0
2024-01-10,6.049316901184188,5.062849162011171,5.038282369804114,0.13103448275862165,False,0.0,0,0
2024-01-11,6.279622010216229,3.6486007793127793,5.058106697771508,0.291262135922328,True,0.045653710247349766,5,0
2024-01-12,6.6552849914118,2.34429671098671,5.058106697771508,0.05970149253731731,True,0.012499999999999956,2,0
2024-01-16,6.662730321165699,2.0618556701030992,5.058106697771508,0.8965517241379275,True,-0.010216140621772452,1,0
2024-01-17,6.485923533610157,4.652802255904125,5.058106697771508,0.015151515151514826,True,0.05123188405797108,5,0
2024-01-18,6.305480929792685,1.5309446254071624,5.058106697771508,0.48936170212766167,True,0.020000000000000018,2,0
2024-01-19,6.172344431330362,2.004935225169644,5.058106697771508,0.9538461538461629,True,0.020000000000000018,2,0
2024-01-22,6.477441607233862,4.48430493273543,5.038282369804114,0.3624999999999986,True,0.029432945846328273,4,0
2024-01-23,6.835993794940779,3.0992323002559092,5.038282369804114,0.9449541284403651,True,0.020000000000000018,2,0
2024-01-24,6.339509348514751,3.126684636118608,5.038282369804114,0.7844827586206904,True,-0.017012156508559362,2,0
2024-01-25,6.652569251016066,4.253164556962025,5.038282369804114,0.07738095238094969,True,-0.02276256314809877,5,1
2024-01-26,7.199421186859054,3.119633657698902,5.019645160704227,0.550458715596327,True,-0.029898107714701694,4,1
2024-01-29,6.35214867916365,1.9865614957639492,5.003221124423303,0.1176470588235374,True,0.028950880855236116,3,0
2024-01-30,5.981422229624856,2.141823444283653,4.994557114721008,0.47297297297297364,False,0.0,0,0
2024-01-31,6.1675613340039614,2.6315789473684092,4.994557114721008,0.5357142857142873,True,0.06246076550145108,5,0
2024-02-01,6.444125385642488,2.7571251548946734,4.988970772595285,0.16853932584269493,True,0.050000000000000044,5,0
2024-02-02,5.8618343562007365,3.9567233384853204,4.97936182499603,0.8671874999999988,False,0.0,0,0
2024-02-05,5.884792679986536,2.287203242617253,4.973475165608427,0.7721518987341773,False,0.0,0,0
2024-02-06,6.200559129940784,4.749787955894826,4.963088207277586,0.10119047619047722,True,0.0011837821840781082,1,0
2024-02-07,6.5910787024402255,3.2239326169038613,4.963088207277586,0.5405405405405421,True,0.020000000000000018,2,0
2024-02-08,6.059756569049826,3.1617235590375,4.9562820422782545,0.9823008849557495,True,-0.0009261255506316513,2,0
2024-02-09,6.410666243699938,2.9574861367837273,4.9562820422782545,0.9821428571428606,True,0.015247211620504686,2,0
2024-02-12,6.580400088721689,2.385181426033996,4.9562820422782545,0.9468085106383007,True,-0.04911161731207292,2,1
2024-02-13,6.6781564125643795,4.368524222906755,4.9562820422782545,0.6858974358974351,True,-0.01159206878209773,4,1
2024-02-14,6.657373596319391,2.280471821756219,4.9562820422782545,1.0,True,0.02874710573707251,3,0
2024-02-15,6.34841843095833,3.3750000000000036,4.952645977428697,0.06666666666666386,True,0.0036272040302265385,3,0
2024-02-16,5.8707491528385765,6.304948505400648,4.952645977428697,0.11952191235059657,False,0.0,0,0
2024-02-20,6.035828234908301,5.7196562835660645,4.952645977428697,0.2347417840375584,False,0.0,0,0
2024-02-21,6.292308690042587,2.3639988607234357,4.9562820422782545,0.4698795180722908,True,0.040000000000000036,4,0
2024-02-22,5.612851934497087,2.447466007416568,4.9562820422782545,0.5454545454545435,False,0.0,0,0
2024-02-23,5.820476835876876,4.769814902705264,4.9562820422782545,0.1094527363184075,False,0.0,0,0
2024-02-26,6.557446460936203,3.0810286268801628,4.9562820422782545,0.40157480314960375,True,0.016326905417814452,3,0
2024-02-27,5.819998897966975,3.296703296703286,4.952645977428697,0.5289855072463763,False,0.0,0,0
2024-02-28,4.862798203924171,1.8621036738802264,4.952645977428697,0.44594594594594245,False,0.0,0,0
2024-02-29,4.647882310141786,1.1896091284292354,4.933122413525229,0.7959183673469367,False,0.0,0,0
2024-03-01,4.715917592986429,2.3648648648648583,4.933122413525229,0.9238095238095252,False,0.0,0,0
2024-03-04,5.285569589548723,3.2806561312262463,4.933122413525229,0.2439024390243893,False,0.0,0,0
2024-03-05,5.570480526127111,3.1868360758175402,4.933122413525229,0.7058823529411749,False,0.0,0,0
2024-03-06,6.469148614963918,2.2704440425959467,4.933122413525229,0.2654867256637137,True,-0.0031822739121716292,5,1
2024-03-07,7.0475182243770815,2.9344073647871136,4.921164592886387,0.816993464052287,True,-0.0032324673780257385,1,0
2024-03-08,7.4205963648867925,2.50268144440473,4.91122269645995,0.5214285714285721,True,-0.08000000000000007,2,2
2024-03-11,8.227112033218694,4.516403919897736,4.883762066548018,0.0,True,-0.012726131370199179,1,0
2024-03-12,8.409063208285408,5.695418902187367,4.86157393451038,0.5833333333333336,False,0.0,0,0
2024-03-13,8.373959949171088,2.6519106285236917,4.883762066548018,0.04724409448818532,True,-0.01161540116154014,1,0
2024-03-14,8.34816411145394,5.375164545853451,4.883762066548018,0.11020408163265132,False,0.0,0,0
2024-03-15,8.654538770559366,3.6115761779478714,4.91122269645995,0.5827814569536421,True,-0.014322014322014298,1,0
2024-03-18,6.931854721457316,3.221476510067109,4.883762066548018,0.09027777777777969,True,-0.031905195989061164,1,0
2024-03-19,7.096672676502979,4.446082043723906,4.883762066548018,0.12154696132596607,True,0.05121355594318455,5,0
2024-03-20,7.052519336788892,2.3803798990141907,4.86157393451038,0.45454545454545653,True,0.06701314504741718,5,0
2024-03-21,7.349743113064281,2.4359512809743884,4.8456718496170845,0.4482758620689668,True,-0.041742100768573986,3,1
2024-03-22,6.658358432640291,2.2985989492119185,4.8456718496170845,0.5619047619047629,True,0.02692185007974479,5,0
2024-03-25,6.4380190271653515,3.3932584269662875,4.830588766072635,0.75496688741722,True,-0.007945457114596599,2,0
2024-03-26,6.493349193316723,1.7937219730941627,4.830588766072635,0.5714285714285702,True,-0.02495659722222221,1,0
2024-03-27,6.07801792801635,3.7796976241900646,4.8233190155371775,0.005714285714284577,True,0.030000000000000027,3,0
2024-03-28,5.684873289181111,2.7855754696609782,4.8233190155371775,0.4418604651162796,False,0.0,0,0
2024-04-01,5.108011062659718,6.997646051786869,4.8233190155371775,0.8960244648318033,False,0.0,0,0
2024-04-02,5.522426437640559,2.752293577981647,4.830588766072635,0.30158730158729846,False,0.0,0,0
2024-04-03,4.938135176553091,2.1228545618789467,4.830588766072635,0.5638297872340451,False,0.0,0,0
2024-04-04,5.216177707138551,2.5566410309707006,4.830588766072635,0.17073170731707332,False,0.0,0,0
2024-04-05,6.786406659597662,3.8407494145199075,4.830588766072635,0.6524390243902438,True,0.011500452537955397,3,0
2024-04-08,7.442406319763831,2.6972353337828787,4.8233190155371775,0.4333333333333349,True,-0.016274718863787174,1,0
2024-04-09,6.80259839508863,2.380427595327305,4.8233190155371775,0.1296296296296238,True,0.050000000000000044,5,0
2024-04-10,7.20199492050708,4.474843496406213,4.816092118695248,0.8082901554404122,True,-0.008755760368663545,1,0
2024-04-11,7.056914533927655,1.6929764355982657,4.816092118695248,0.7837837837837793,True,0.040000000000000036,4,0
2024-04-12,5.9017489309647555,1.4770366951303961,4.816092118695248,0.5312500000000049,False,0.0,0,0
2024-04-15,5.851800574281578,1.7915309446254146,4.8088521358852345,0.935064935064939,False,0.0,0,0
2024-04-16,7.093009954025182,1.9874213836477965,4.8088521358852345,0.8354430379746801,True,0.0553086419753086,5,0
2024-04-17,6.897776076875319,3.4236453201970454,4.803677113805972,0.2733812949640305,True,-0.03807054299280266,5,2
2024-04-18,7.775284674436362,4.301970580072155,4.785758461793074,0.5419354838709664,True,-0.03712250712250731,3,1
2024-04-19,7.484213270696893,3.1489111241907017,4.772070490357064,0.5887850467289742,True,-0.07000000000000006,3,2
2024-04-22,8.899033924488299,3.4504590060145612,4.772070490357064,0.467889908256879,True,0.050000000000000044,5,0
2024-04-23,8.38591585798623,3.2926829268292637,4.772070490357064,0.8518518518518482,True,0.015529443307862323,3,0
2024-04-24,8.661947457924867,2.3028989433757636,4.769895755933217,0.2705882352941158,True,-0.016991051454138706,5,1
2024-04-25,8.148608528055512,4.846938775510207,4.769895755933217,0.8888888888888861,True,0.050000000000000044,5,0
2024-04-26,8.89535018891636,4.635584137191846,4.772070490357064,0.9075144508670538,True,0.006562798498762845,2,0
2024-04-29,8.080492826884475,3.434343434343433,4.769895755933217,0.41911764705882393,True,0.015647956419447828,2,0
2024-04-30,7.663387298667833,3.1437125748502943,4.757798734619001,0.904761904761901,True,-0.06371356147021567,3,1
2024-05-01,8.082828903263525,3.021064301552096,4.746743444348641,0.1284403669724715,True,0.0,5,1
2024-05-02,8.966843835011577,3.228499860840514,4.746743444348641,0.017241379310347575,True,0.020249036011702026,3,0
2024-05-03,8.513060874568842,3.5880227155394953,4.743735310365351,0.8776978417266176,True,0.01591106567850742,3,0
2024-05-06,7.513999332012617,3.7046307884856167,4.738241020868605,1.0,True,0.030000000000000027,3,0
2024-05-07,7.39448124753834,2.6005297375391243,4.738241020868605,0.09259259259258748,True,-0.028702679382707985,1,0
2024-05-08,6.4978192380634265,3.149807938540325,4.738241020868605,0.9593495934959372,True,0.010000000000000009,1,0
2024-05-09,4.84710564385962,3.240168191936669,4.738241020868605,0.374045801526715,False,0.0,0,0
2024-05-10,3.942119521601254,2.748054474708178,4.723619817320858,0.8053097345132758,False,0.0,0,0
2024-05-13,4.019491063698728,2.115384615384621,4.71427858876733,0.7613636363636361,False,0.0,0,0
2024-05-14,3.549071308235166,2.3555123846527586,4.697745901639338,0.793814432989689,False,0.0,0,0
2024-05-15,3.924854240507514,1.8132975151108017,4.685743285446591,0.5185185185185149,False,0.0,0,0
2024-05-16,4.510001774264097,2.1507666098807454,4.683834178944171,0.8613861386138606,False,0.0,0,0
2024-05-17,4.641354847972163,2.9124149659864043,4.673100614338157,0.24087591240876227,False,0.0,0,0
2024-05-20,5.096683866739203,4.765013054830282,4.673100614338157,0.9543378995433783,False,0.0,0,0
2024-05-21,6.1346265593816325,2.1697099892588727,4.683834178944171,0.029702970297030677,True,0.01444159377548071,2,0
2024-05-22,5.738637975558236,2.050761421319793,4.683834178944171,0.9405940594059382,False,0.0,0,0
2024-05-23,5.1312100125719144,4.856927710843384,4.673100614338157,0.07751937984496218,False,0.0,0,0
2024-05-24,6.4790823366210955,2.3190723710515724,4.673100614338157,0.8706896551724146,True,-0.0003723874691615725,1,0
2024-05-28,6.273877003788239,3.3933258342707204,4.665970797337461,0.5966850828729264,True,0.006851370325591577,2,0
2024-05-29,5.9325179112727175,2.110199296600231,4.657989114870424,0.6759259259259307,False,0.0,0,0
2024-05-30,5.664036458100346,1.849665486029132,4.648630422544435,0.6063829787234014,False,0.0,0,0
2024-05-31,5.821231055534911,3.1610337972166924,4.642222464004642,0.10691823899370755,False,0.0,0,0
2024-06-03,6.2148467708813815,3.7000590434953793,4.642222464004642,0.021276595744684147,True,0.05058750259497602,5,0
2024-06-04,7.016611481253877,3.838217086256705,4.639093376957454,0.1397849462365581,True,0.01602260833158875,3,0
2024-06-05,6.755478212883533,2.698380971417138,4.639093376957454,0.8666666666666664,True,0.020000000000000018,2,0
2024-06-06,7.982156820802794,4.759248931028076,4.636798163005506,0.011718750000000434,False,0.0,0,0
2024-06-07,8.005238405512934,2.967643116982572,4.639093376957454,0.5935483870967764,True,0.0011974184185904457,2,0
2024-06-10,6.284669991375891,3.444180522565311,4.639093376957454,0.5919540229885082,True,0.0015878832295102008,1,0
2024-06-11,6.038214432085639,3.5781191457474644,4.636798163005506,0.0942408376963351,True,0.015465818241148677,2,0
2024-06-12,6.163583479526122,4.069868995633185,4.636798163005506,0.9184549356223185,True,0.00820747423775181,2,0
2024-06-13,5.362888001616364,2.8633261195272164,4.636798163005506,0.11046511627906852,False,0.0,0,0
2024-06-14,5.473132438816776,1.6793893129771025,4.636798163005506,0.8383838383838421,False,0.0,0,0
2024-06-17,5.419221351674809,3.093796038631528,4.630583269272628,0.42857142857142966,False,0.0,0,0
2024-06-18,5.1473692875564385,2.727846105329544,4.623808109464457,0.8901734104046254,False,0.0,0,0
2024-06-20,5.08023668515875,3.3709579011592448,4.623808109464457,0.8009049773755668,False,0.0,0,0
2024-06-21,6.30561694951208,4.621704895583697,4.607226267344416,0.41111111111111154,False,0.0,0,0
2024-06-24,6.664269045859561,4.605845881310897,4.621590324767344,0.5076923076923076,True,-0.05117110407745307,2,1
2024-06-25,7.498033228774179,3.466715839940984,4.612113106475782,0.7340425531914887,True,0.050000000000000044,5,0
2024-06-26,7.2662913952258155,2.592928377153218,4.612113106475782,0.6573426573426558,True,0.0033009352649917556,1,0
2024-06-27,7.51395687451126,2.9081538744708233,4.600959042179531,0.316455696202532,True,0.0026280869885735303,2,0
2024-06-28,6.3823191201466205,4.647348277747398,4.590299971965241,0.9882352941176494,True,-0.031803426510369714,3,1
2024-07-01,6.605458348051215,5.653901734104052,4.590299971965241,0.3322683706070282,False,0.0,0,0
2024-07-02,6.21749544671646,4.966887417218535,4.590299971965241,0.6,False,0.0,0,0
2024-07-03,6.350890843669208,3.063683304647162,4.590299971965241,0.6516853932584287,True,0.006961484766362935,2,0
2024-07-05,6.6227452604296335,4.186873585515686,4.590299971965241,0.3861003861003856,True,0.01467846143383178,4,0
2024-07-08,6.444106725186002,3.3729521362030104,4.557338361413543,0.847619047619047,True,0.030000000000000027,3,0
2024-07-09,5.53905831212475,1.9960079840319538,4.557338361413543,0.46153846153846406,False,0.0,0,0
2024-07-10,5.492263285015786,2.777356199726815,4.557338361413543,0.7267759562841527,False,0.0,0,0
2024-07-11,5.426698684796297,5.184973575203535,4.557338361413543,0.35537190082644454,False,0.0,0,0
2024-07-12,6.463789771611775,4.137492043284534,4.557338361413543,0.9076923076923097,True,-0.02890642087173889,3,1
2024-07-15,7.424632750243839,3.079291762894545,4.53757854890185,0.3249999999999981,True,-0.02649853009438341,4,1
2024-07-16,7.828212859680863,2.7376191940941266,4.53757854890185,0.11235955056179928,True,0.044475899321608114,4,0
2024-07-17,7.716339500184017,3.0711482682136104,4.535508524662656,0.005555555555554459,True,-0.08000000000000007,2,2
2024-07-18,9.262438742848001,4.50516986706057,4.535508524662656,0.6516393442622952,True,0.0,5,1
2024-07-19,8.596216656406249,3.0320587099266127,4.523684834038886,0.20382165605095556,True,-0.0324634073142136,5,1
2024-07-22,8.74083403212721,5.195843325339717,4.523684834038886,0.6192307692307704,False,0.0,0,0
2024-07-23,9.253093047086141,3.485148514851481,4.535508524662656,0.590909090909091,True,0.002320910590343672,3,0
2024-07-24,9.043327278137665,4.274210200289078,4.535508524662656,0.08695652173913028,True,-0.06999999999999995,3,2
2024-07-25,8.98692389665454,6.2153697904119625,4.535508524662656,0.11240310077519323,False,0.0,0,0
2024-07-26,10.162310262239952,3.0539772727272707,4.53757854890185,0.7131782945736397,True,0.0,5,1
2024-07-29,9.303755493814094,4.450080700945354,4.53757854890185,0.6632124352331613,True,-0.023356497567755485,2,0
2024-07-30,9.373773724099593,3.633789523360073,4.53757854890185,0.12337662337662197,True,-0.06000000000000005,4,2
2024-07-31,11.329624372873766,3.6643026004728068,4.53757854890185,0.55483870967742,True,0.050000000000000044,5,0
2024-08-01,10.208015304388091,3.7601142313184157,4.535508524662656,0.4620253164556947,True,-0.07999999999999996,2,2
2024-08-02,11.927422302306164,8.808120497707929,4.523684834038886,0.3940520446096661,False,0.0,0,0
2024-08-05,13.1024740228515,14.79591836734694,4.523684834038886,0.9137931034482757,True,0.07771561391025128,5,0
2024-08-06,17.032541438335098,7.027972027972021,4.535508524662656,0.7960199004975121,True,0.0,5,1
2024-08-07,16.79138995178484,5.044699872286085,4.53757854890185,0.2088607594936718,False,0.0,0,0
2024-08-08,19.043611358811823,6.825341267063351,4.557338361413543,0.6051282051282052,False,0.0,0,0
2024-08-09,17.595138649598066,5.60078150439597,4.590299971965241,0.02325581395348991,False,0.0,0,0
2024-08-12,16.77507722191953,4.789456766313078,4.600959042179531,0.154362416107383,False,0.0,0,0
2024-08-13,12.637512359909156,4.039167686658508,4.600959042179531,0.8863636363636375,True,0.02810363522227921,3,0
2024-08-14,12.088034909574914,8.485351022664457,4.600959042179531,0.13029315960912005,False,0.0,0,0
2024-08-15,10.119524968857046,3.559957173447533,4.612113106475782,0.9924812030075203,True,0.020616493574240113,3,0
2024-08-16,8.740907590450652,3.377159061613824,4.600959042179531,0.5725190839694646,True,0.029748301031965796,4,0
2024-08-19,8.420482057714157,3.4368635437881907,4.600959042179531,0.12592592592592705,True,0.05065912444663079,4,0
2024-08-20,8.868661797040023,3.191230207064561,4.600959042179531,0.9083969465648822,True,0.022904129444838328,5,0
2024-08-21,8.253611935465711,2.0858895705521507,4.600959042179531,0.40000000000000335,True,0.03603208668364488,5,0
2024-08-22,7.387023270067415,3.9755351681957305,4.590299971965241,0.14792899408283983,True,-0.0453090172239109,5,2
2024-08-23,8.16913046540173,2.298263534218587,4.557338361413543,0.9222222222222218,True,0.022233250620347533,3,0
2024-08-26,8.388385504386166,2.8441983387868177,4.557338361413543,0.0088495575221284,True,-0.02020467069010745,1,0
2024-08-27,8.124493746220178,4.135853190906595,4.53757854890185,0.8211920529801301,True,0.009733024367358456,2,0
2024-08-28,8.640452699617887,3.5442373326332404,4.53757854890185,0.18518518518518498,True,0.005155195681511571,3,0
2024-08-29,9.518641426027893,4.883971937398799,4.535508524662656,0.9723756906077363,True,-0.06000000000000005,4,2
2024-08-30,8.590278549472895,3.205791106515,4.53757854890185,0.967741935483866,True,0.047804741151611374,4,0
2024-09-03,8.369034703791137,7.280630263515348,4.53757854890185,0.0746268656716402,False,0.0,0,0
2024-09-04,10.693629549480386,5.813553491572072,4.53757854890185,0.7869822485207084,True,-0.030330360092500785,3,1
2024-09-05,10.840200077820025,5.413793103448277,4.557338361413543,0.9235668789808934,True,-0.0022760451227604728,2,0
2024-09-06,10.607071643349943,6.753513884127536,4.590299971965241,0.03045685279187929,False,0.0,0,0
2024-09-09,11.337062997973016,2.1739130434782603,4.590299971965241,0.8305084745762688,True,0.050000000000000044,5,0
2024-09-10,11.384539829203172,4.069767441860469,4.590299971965241,0.4107142857142861,True,0.050000000000000044,5,0
2024-09-11,8.920959959602522,4.638283142956039,4.590299971965241,0.17164179104477645,False,0.0,0,0
2024-09-12,10.581277144354763,4.440944881889764,4.590299971965241,0.6524822695035447,True,0.022909548220040876,5,0
2024-09-13,10.413913582041427,3.1365313653136626,4.590299971965241,0.509803921568629,True,0.01171345722947148,2,0
2024-09-16,8.734038092851154,3.715266937246324,4.590299971965241,0.7731092436974819,True,0.026263701847792253,3,0
2024-09-17,8.699895451614161,4.65325728009608,4.590299971965241,0.29677419354838686,False,0.0,0,0
2024-09-18,8.458320098867238,2.3963133640553145,4.600959042179531,0.6410256410256417,True,0.0790019723714579,5,0
2024-09-19,6.574135211969055,2.7104959630911125,4.600959042179531,0.6914893617021278,True,0.013909835229958145,5,0
2024-09-20,6.576474711919104,3.671071953010279,4.600959042179531,0.04000000000000341,True,0.050000000000000044,5,0
2024-09-23,7.126263117292145,3.002649396526356,4.590299971965241,0.24509803921568551,True,0.01266036062666287,2,0
2024-09-24,6.702578411194838,1.8082663605051736,4.590299971965241,0.42857142857143177,True,0.023208828522920166,4,0
2024-09-25,6.598645727202381,3.399596658023624,4.590299971965241,0.9830508474576305,True,-0.0058365758754862496,1,0
2024-09-26,5.828976831400831,3.0597014925373056,4.557338361413543,0.41463414634146284,False,0.0,0,0
2024-09-27,6.243168847100878,2.4993751562109474,4.53757854890185,0.21000000000000085,True,-0.02055685662243034,1,0
2024-09-30,6.311608418558967,3.696551724137921,4.53757854890185,0.35820895522387924,True,-1.1102230246251565e-16,5,1
2024-10-01,6.907171643717065,6.9964471166985565,4.53757854890185,0.1835937499999994,False,0.0,0,0
2024-10-02,8.013218762172759,3.6336779911373824,4.53757854890185,0.8861788617886178,True,0.011197894744173875,4,0
2024-10-03,8.677824886689592,5.576753742295291,4.535508524662656,0.8947368421052619,True,0.024919559695173565,4,0
2024-10-04,8.331157869559222,3.7720706260032197,4.53757854890185,0.09219858156028526,True,0.0,1,0
2024-10-07,7.989416124685114,2.895322939866367,4.535508524662656,0.25961538461538103,True,-0.003768186700517595,2,0
2024-10-08,7.622759185893932,2.5809994508511935,4.535508524662656,0.7659574468085131,True,0.010224229611121682,2,0
2024-10-09,6.496864530317103,2.9230356663984884,4.535508524662656,0.5871559633027548,True,0.010000000000000009,1,0
2024-10-10,5.9853624029929575,3.179735920237132,4.523684834038886,0.5847457627118626,False,0.0,0,0
2024-10-11,5.551695037066908,3.249390739236401,4.5151798990124465,0.7749999999999979,False,0.0,0,0
2024-10-14,5.624828060847528,3.85395537525354,4.508847474271911,0.9934210526315802,False,0.0,0,0
2024-10-15,5.556555993553519,2.8402074586317574,4.508847474271911,0.28695652173912933,False,0.0,0,0
2024-10-16,8.093666939110744,4.895104895104895,4.508847474271911,0.18857142857142759,False,0.0,0,0
2024-10-17,7.8766568105961925,4.3045466774280365,4.508847474271911,0.3812499999999993,True,-0.0398369870713885,3,1
2024-10-18,7.917910166183022,2.675862068965514,4.492650906465487,0.3505154639175297,True,-0.0031082226617688002,1,0
2024-10-21,7.548434270499669,1.8943742824339738,4.492650906465487,0.7424242424242385,True,0.028328546812177002,3,0
2024-10-22,7.628481452284616,2.20930232558139,4.47953278390498,0.28947368421052555,True,0.010008650593863244,2,0
2024-10-23,4.58608654570418,2.4687772291606196,4.47953278390498,0.6470588235294157,False,0.0,0,0
2024-10-24,5.111567454571672,2.978600347021403,4.475446638384266,0.41747572815533907,False,0.0,0,0
2024-10-25,4.659927707659848,3.7226484796817143,4.459985819129699,0.9312977099236667,False,0.0,0,0
2024-10-28,4.809559558401142,2.889518413597743,4.459985819129699,0.6960784313725478,False,0.0,0,0
2024-10-29,4.621579216051005,2.8764805414551695,4.4476815066124855,0.9509803921568587,False,0.0,0,0
2024-10-30,5.909414182406811,3.2534246575342483,4.442999746623421,0.964912280701749,False,0.0,0,0
2024-10-31,5.426601792235239,9.360799757649207,4.433312259325249,0.03883495145631096,False,0.0,0,0
2024-11-01,7.023049159342216,3.2258064516129092,4.433312259325249,0.9191919191919175,True,-0.009729179955381584,2,0
2024-11-04,7.00179878746071,3.2015681149950894,4.420160174263202,0.8367346938775504,True,-0.03168087569729505,1,0
2024-11-05,7.3272048602044375,3.6148537627341484,4.420160174263202,0.909090909090908,True,0.018497166007486854,2,0
2024-11-06,6.1624946406942325,4.451127819548884,4.420160174263202,0.18918918918918945,False,0.0,0,0
2024-11-07,6.385917924932221,2.3483365949119466,4.420160174263202,0.9642857142857131,True,0.010000000000000009,1,0
2024-11-08,4.609632885969856,2.362204724409458,4.387272981001173,0.04761904761904641,False,0.0,0,0
2024-11-11,4.480222742589686,7.336244541484705,4.368687349278031,0.011904761904762374,False,0.0,0,0
2024-11-12,5.101577847689434,1.977139326536908,4.387272981001173,0.890624999999999,False,0.0,0,0
2024-11-13,5.627340241535401,2.270515731430423,4.368687349278031,0.08571428571428398,False,0.0,0,0
2024-11-14,5.517485325295726,3.0075187969924753,4.368687349278031,0.40217391304347627,False,0.0,0,0
2024-11-15,5.952056821678989,3.4261241970021317,4.364726278719874,0.6354166666666679,False,0.0,0,0
2024-11-18,6.606912063274858,3.4082397003745326,4.364726278719874,0.26373626373626197,True,0.01574556197984167,2,0
2024-11-19,6.04701150229486,2.3739956172388554,4.364726278719874,0.36923076923076764,True,0.012893724977206977,2,0
2024-11-20,5.3928964750114865,3.476033662641783,4.364726278719874,0.17894736842105455,False,0.0,0,0
2024-11-21,5.399241243763891,5.418894830659548,4.357780952177906,0.2039473684210537,False,0.0,0,0
2024-11-22,6.191561500345826,1.8761061946902695,4.364726278719874,0.6603773584905673,True,0.004940014114326097,1,0
2024-11-25,5.322953110636833,3.0764029749830972,4.364726278719874,0.08791208791208602,False,0.0,0,0
2024-11-26,5.096425924791558,4.560585885486022,4.364726278719874,0.07299270072992799,False,0.0,0,0
2024-11-27,6.267316648530735,2.0231213872832323,4.364726278719874,0.1250000000000008,True,0.050000000000000044,5,0
2024-11-29,6.693633089207628,3.4119782214156125,4.364726278719874,0.9680851063829775,True,-0.023626975434204334,1,0
2024-12-02,6.071979379051728,4.936974789915967,4.357780952177906,0.7943262411347499,True,0.0027194018103108286,2,0
2024-12-03,7.108864929732175,2.9749830966869597,4.364726278719874,0.5340909090909103,True,-0.0076871657754010725,1,0
2024-12-04,6.784321319184508,3.931515535827516,4.357780952177906,0.06451612903225677,True,0.007739748143364533,2,0
2024-12-05,5.763830356806719,3.4762833008447047,4.357780952177906,0.018691588785046325,False,0.0,0,0
2024-12-06,5.488958715060521,1.98630136986302,4.357780952177906,0.8103448275862085,False,0.0,0,0
2024-12-09,5.02126610138178,5.194358445132444,4.357780952177906,0.8940397350993378,False,0.0,0,0
2024-12-10,4.559081227432201,4.349303431872243,4.357780952177906,0.0937500000000007,False,0.0,0,0
2024-12-11,5.982433231948022,4.2357924461701355,4.351517542994318,0.8666666666666665,False,0.0,0,0
2024-12-12,6.444377242221004,3.690685413005262,4.351517542994318,0.5333333333333335,True,0.0031802120141342094,1,0
2024-12-13,5.917586399332359,3.786631544287121,4.3484170249228145,0.8695652173913054,False,0.0,0,0
2024-12-16,6.465188800764918,5.077120822622103,4.3484170249228145,0.987341772151899,True,0.026306003893257324,4,0
2024-12-17,6.933962428467927,3.736542115262835,4.3484170249228145,0.12711864406779505,True,0.0217144678138943,4,0
2024-12-18,5.890914627920607,3.492762743864052,4.3484170249228145,0.6666666666666677,False,0.0,0,0
2024-12-19,8.040648158189704,2.8959599570968977,4.328248633656914,0.1234567901234582,True,-0.01621460506706418,4,1
2024-12-20,8.668742658134098,3.5216718266253872,4.328248633656914,0.5934065934065924,True,-0.006215628260041406,3,0
2024-12-23,9.615308796503907,4.804589458587307,4.308806805706356,0.9179104477611945,True,0.05181375955524681,5,0
2024-12-24,9.332560098672452,2.015862524785205,4.308806805706356,0.606557377049179,True,0.010000000000000009,1,0
2024-12-26,8.9653227254657,2.474088933467063,4.308806805706356,0.6081081081081084,True,0.000938322128032798,2,0
2024-12-27,6.412634242563672,2.6684456304202824,4.304214948598201,0.012500000000001944,True,0.03765021819402492,5,0
2024-12-30,6.078990290201674,3.080736543909352,4.302779866461283,0.05747126436781684,True,0.0006192572002162722,3,0
2024-12-31,4.961281838101586,2.234042553191486,4.28531435220231,0.14285714285714285,False,0.0,0,0
2025-01-02,4.761906887370623,4.905794525417701,4.261582814292847,0.8333333333333329,False,0.0,0,0
2025-01-03,5.590032559205358,2.542372881355928,4.261582814292847,0.9305555555555545,False,0.0,0,0
2025-01-06,6.0781919526399,4.998428167243005,4.261582814292847,0.9937106918239006,True,-0.01293827360731914,2,0
2025-01-07,6.16177906163995,2.85969615728327,4.261582814292847,0.0833333333333321,True,-0.05205966359885761,2,1
2025-01-08,6.992544929924138,4.480519480519489,4.261582814292847,0.5,False,0.0,0,0
2025-01-10,7.024229557353445,4.267033723331034,4.28531435220231,0.3225806451612896,True,0.001423063441990835,3,0
2025-01-13,6.723621990822181,3.933434190620269,4.269904314114251,0.8461538461538459,True,0.040000000000000036,4,0
2025-01-14,6.5648572361703526,4.2852125043905955,4.258712223509629,0.04918032786885423,False,0.0,0,0
2025-01-15,6.671002047736479,2.9679595278246174,4.258712223509629,0.7272727272727287,True,0.0028570007361865546,2,0
2025-01-16,5.588703902510252,4.481881754609027,4.258712223509629,0.07092198581560132,False,0.0,0,0
2025-01-17,5.487350710247968,1.998126756166085,4.258712223509629,0.2500000000000014,False,0.0,0,0
2025-01-21,5.113554980633679,2.640264026402648,4.258712223509629,0.6136363636363609,False,0.0,0,0
2025-01-22,5.106260756506274,4.3528394349956905,4.258712223509629,0.8543046357615907,False,0.0,0,0
2025-01-23,4.858992640482802,1.4354066985646052,4.269904314114251,0.9791666666666562,False,0.0,0,0
2025-01-24,5.212894219510856,3.692043503148252,4.269904314114251,0.41860465116279033,False,0.0,0,0
2025-01-27,5.624880110499712,3.6876355748373086,4.269904314114251,0.7450980392156881,False,0.0,0,0
2025-01-28,7.928893272419268,7.272012578616358,4.258712223509629,0.39999999999999886,False,0.0,0,0
2025-01-29,8.322406680363835,3.063960168517812,4.258712223509629,0.7250000000000016,True,0.017943080471911732,3,0
2025-01-30,8.429921298816774,2.7088036117381584,4.258712223509629,0.49999999999999756,True,0.03430385572143346,5,0
2025-01-31,8.444799197441853,3.0763662685486843,4.2531330427018235,0.9882352941176494,True,-0.07000000000000017,3,2
2025-02-03,8.785181065039293,2.4193548387096833,4.2531330427018235,0.8333333333333314,True,-0.02560183416125339,1,0
2025-02-04,7.477446593460447,2.920284135753757,4.2531330427018235,0.7432432432432422,True,0.008100303951367738,2,0
2025-02-05,6.970783749025268,2.4530471444998105,4.2531330427018235,0.8906249999999997,True,0.013234491606584742,2,0
2025-02-06,7.707549318638982,3.0548398969451664,4.242720280980091,0.6024096385542155,True,0.025454545454545396,3,0
2025-02-07,7.351302262855275,3.659849300322926,4.242720280980091,0.05882352941176348,True,-0.013118440779610219,1,0
2025-02-10,7.285173926196824,2.1173848439821703,4.226286287930978,0.7894736842105309,True,0.012768153403362126,2,0
2025-02-11,6.010021742905832,4.422788605697151,4.226286287930978,0.7796610169491541,True,-0.0076391151659968015,1,0
2025-02-12,5.819592095850904,3.857906799083276,4.242720280980091,0.7821782178217801,False,0.0,0,0
2025-02-13,5.179169231001282,2.473626773372134,4.242720280980091,0.9705882352941183,False,0.0,0,0
2025-02-14,5.2208426310250875,2.0709020709020707,4.242720280980091,0.5762711864406779,False,0.0,0,0
2025-02-18,3.9465917119948353,4.315068493150679,4.242720280980091,0.31746031746031683,False,0.0,0,0
2025-02-19,4.504775269567753,3.047366677707844,4.2531330427018235,0.08695652173912875,False,0.0,0,0
2025-02-20,5.001295806914184,4.180967238689547,4.242720280980091,0.04477611940298413,False,0.0,0,0
2025-02-21,5.004875965399362,1.4102162331557482,4.242720280980091,0.4444444444444436,False,0.0,0,0
2025-02-24,6.399483548408095,4.938271604938276,4.242720280980091,0.006944444444443056,False,0.0,0,0
2025-02-25,7.677307789195301,3.638409602400609,4.242720280980091,0.14432989690721673,True,-0.026743355811186142,4,1
2025-02-26,8.211605747246457,2.8087726048480204,4.242720280980091,0.7945205479452027,True,0.0,5,1
2025-02-27,7.939442058024639,8.028379387602683,4.242720280980091,0.009302325581395156,False,0.0,0,0
2025-02-28,10.589923999632397,5.275229357798175,4.2531330427018235,0.8608695652173914,True,0.00022222222222212373,5,1
2025-03-03,10.376997161248065,7.3808519611978065,4.258712223509629,0.04571428571428474,False,0.0,0,0
2025-03-04,11.98470668747923,5.719921104536489,4.269904314114251,0.06896551724138089,False,0.0,0,0
2025-03-05,13.634164910023031,4.376470588235293,4.278611121929686,0.1397849462365581,False,0.0,0,0
2025-03-06,14.415265333262735,5.580923389142574,4.2919157346632195,0.727272727272727,True,-0.07000000000000006,3,2
2025-03-07,12.59374878771374,4.358974358974367,4.302779866461283,0.6705882352941168,True,0.006196447230930047,5,1
2025-03-10,12.975400163860527,3.3092037228541913,4.304214948598201,0.2968750000000017,True,0.050000000000000044,5,0
2025-03-11,12.376566532559872,3.7119113573407296,4.304214948598201,0.5970149253731359,True,0.07017595277472388,5,0
2025-03-12,11.356700611138441,3.7216828478964277,4.304214948598201,0.4492753623188402,True,0.050000000000000044,5,0
2025-03-13,10.741986479531107,4.896626768226326,4.304214948598201,0.17777777777777823,False,0.0,0,0
2025-03-14,10.552249438243097,2.938090241343139,4.308755403717094,0.4642857142857152,True,0.013005468635172601,2,0
2025-03-17,9.138608304979721,5.68939005638134,4.304214948598201,0.6936936936936937,True,0.01494341915394548,4,0
2025-03-18,8.171172943165427,3.4175334323922795,4.304214948598201,0.1304347826086952,True,0.02842894060990908,5,0
2025-03-19,6.837905466191143,2.9663147310206126,4.304214948598201,0.6101694915254229,True,0.05136925358378641,5,0
2025-03-20,7.4531826948321624,3.0086690464049126,4.302779866461283,0.5932203389830498,True,-0.0023244114294698193,3,0
2025-03-21,6.613034849941675,3.1349628055260355,4.2919157346632195,0.5762711864406779,True,0.017144352711310207,3,0
2025-03-24,6.816899150048833,2.92968749999999,4.2919157346632195,0.6666666666666666,True,-0.009278560050670515,1,0
2025-03-25,5.968756370704907,2.304368698991841,4.2919157346632195,0.20833333333333612,False,0.0,0,0
2025-03-26,5.740340626563258,4.433497536945823,4.2919157346632195,0.11111111111111242,False,0.0,0,0
2025-03-27,6.095639598495091,4.845814977973563,4.302779866461283,0.6818181818181842,True,0.0,5,1
2025-03-28,6.242338329476091,2.423542989036343,4.304214948598201,0.19047619047618725,True,-0.023555144793591998,5,1
2025-03-31,7.187141129164336,4.644990046449895,4.304214948598201,0.714285714285715,True,0.0501010101010102,5,0
2025-04-01,8.307459850133148,3.750794659885568,4.308755403717094,0.23728813559322137,True,0.001376390164268937,5,1
2025-04-02,9.151760227449719,5.398288347597106,4.304214948598201,0.6097560975609754,False,0.0,0,0
2025-04-03,9.324877750320937,4.344677769732075,4.308755403717094,0.06666666666666825,False,0.0,0,0
2025-04-04,12.107664596346448,11.243781094527353,4.326912203783238,0.3628318584070801,False,0.0,0,0
2025-04-07,14.470151067625366,19.796954314720807,4.3459370966218565,0.9679487179487186,True,-0.05571277719112999,3,2
2025-04-08,21.916417054778385,4.610951008645521,4.3484170249228145,0.7500000000000009,True,-0.03266898787253569,5,2
2025-04-09,26.65359761066473,8.264462809917346,4.350717833121622,0.5571428571428585,False,0.0,0,0
2025-04-10,35.70402770005585,9.615384615384622,4.353639144868387,0.028571428571427943,False,0.0,0,0
2025-04-11,36.87474329872221,9.518716577540113,4.356492969396205,0.786516853932583,True,0.05495654508712189,5,0
2025-04-14,35.54300626198079,5.650224215246643,4.3602623417560675,0.11111111111111142,False,0.0,0,0
2025-04-15,28.134388201841023,3.490566037735842,4.364726278719874,0.7297297297297302,True,0.005992613111726719,4,0
2025-04-16,23.060547736395968,7.009857612267256,4.3602623417560675,0.32812500000000105,False,0.0,0,0
2025-04-17,14.671762370611699,4.393305439330543,4.364726278719874,0.3571428571428538,False,0.0,0,0
2025-04-21,10.942625398796903,3.464203233256359,4.371702769038171,0.03333333333333254,True,0.03696055684454769,4,0
2025-04-22,9.139436602808212,5.13392857142858,4.371702769038171,0.7608695652173891,True,0.01119824829507532,5,1
2025-04-23,8.232586026254724,5.198487712665413,4.383204528673393,0.5818181818181816,False,0.0,0,0
2025-04-24,8.593929964621884,5.882352941176474,4.4050987058771875,0.9692307692307699,True,0.050000000000000044,5,0
2025-04-25,7.727649540581007,3.7833190025795314,4.4050987058771875,0.2727272727272753,True,0.009241100440465,3,0
2025-04-28,8.204162094681102,3.7828947368420978,4.4050987058771875,0.21739130434782575,True,0.0,5,1
2025-04-29,8.617891279073955,3.725656223539384,4.4050987058771875,0.7272727272727258,True,-0.012828118182641401,2,0
2025-04-30,8.490974773691107,4.185623293903556,4.4050987058771875,0.13043478260869648,True,0.05272237950438652,5,0
2025-05-01,9.635648312618917,3.349282296650717,4.4050987058771875,0.09523809523809745,True,-0.061103896103896105,2,1
2025-05-02,8.603425633337412,3.25833979829325,4.383204528673393,0.3571428571428538,True,-0.007199017199017055,2,0
2025-05-05,7.987432245273718,3.48027842227379,4.383204528673393,0.5111111111111108,True,-0.010028773943762781,2,0
2025-05-06,7.046383277145743,3.4846029173419897,4.383204528673393,0.255813953488374,True,-0.005639015639015588,2,0
2025-05-07,7.290840011748317,2.22045995241871,4.383204528673393,0.7142857142857134,True,0.007600000000000051,5,1
2025-05-08,6.489549241319716,2.8179190751445127,4.383204528673393,0.41025641025641,True,0.050000000000000044,5,0
2025-05-09,6.664711266192723,1.8296973961998575,4.383204528673393,0.2692307692307637,True,0.00858256555634307,2,0
2025-05-12,6.450884423024009,3.9668442865601046,4.383204528673393,0.343283582089552,True,0.02159887368244562,4,0
2025-05-13,6.764226245846444,4.605641911341377,4.383204528673393,0.8625000000000003,True,0.005640391186520599,2,0
2025-05-14,7.238236000177994,4.955192409066955,4.4050987058771875,0.24468085106382992,False,0.0,0,0
2025-05-15,6.373604378898601,3.9847161572052423,4.424962701131186,0.35616438356164093,True,0.00713202890886655,3,0
2025-05-16,6.176277473782112,3.444564047362759,4.424962701131186,0.40624999999999656,True,0.026017505470459446,3,0
2025-05-19,6.053030075271837,3.906705539358611,4.424962701131186,0.8955223880597013,True,0.022335269221595455,3,0
2025-05-20,6.210543880083284,1.5323496027241745,4.424962701131186,0.40740740740740594,True,0.020000000000000018,2,0
2025-05-21,5.026956641789019,2.6780626780626715,4.424962701131186,0.6382978723404286,False,0.0,0,0
2025-05-22,6.24674437080184,2.889150943396217,4.424962701131186,0.9591836734693885,True,-0.01712264150943399,2,0
2025-05-23,6.177071057792036,3.155818540433928,4.424962701131186,0.37499999999999906,True,0.032424242424242466,5,0
2025-05-27,6.4563049480220345,3.2277346084877414,4.424962701131186,0.8518518518518482,True,-0.0014364086322968816,1,0
2025-05-28,6.53691292342977,2.0080321285140643,4.424962701131186,0.2571428571428557,True,0.009056357542413296,4,0
2025-05-29,6.68153551953822,3.8503850385038465,4.424962701131186,0.1285714285714285,True,-0.022184300341296814,1,0
2025-05-30,5.911853423123451,5.44378698224851,4.424962701131186,0.11956521739130398,False,0.0,0,0
2025-06-02,6.756067445675643,3.611457036114582,4.430333321347673,0.5344827586206918,True,0.008877665544332114,2,0
2025-06-03,6.892685306213423,4.784406379208498,4.424962701131186,0.9629629629629659,True,0.010000000000000009,1,0
2025-06-04,7.644171066114339,2.8907922912205524,4.424962701131186,0.05555555555555117,True,0.020660813744925566,3,0
2025-06-05,7.977397517346004,4.258594150846598,4.4050987058771875,0.09638554216867672,True,-0.0482481751824817,3,1
2025-06-06,8.14733600939941,2.6804123711340186,4.4050987058771875,0.6730769230769263,True,-0.02939166097060819,1,0
2025-06-09,7.007581236020533,3.906646372399795,4.383204528673393,0.8701298701298729,True,-0.0038804953619768767,2,0
2025-06-10,7.087835836823075,2.303262955854129,4.383204528673393,0.8124999999999931,True,0.020959824489236167,3,0
2025-06-11,6.30278663909913,2.5491949910554577,4.371702769038171,0.8245614035087757,True,-0.029157509157509143,4,1
2025-06-12,6.62936783142406,2.542372881355928,4.371702769038171,0.6481481481481518,True,-0.005460129157455751,1,0
2025-06-13,5.941072418932844,3.694581280788177,4.371702769038171,0.45333333333333314,False,0.0,0,0
2025-06-16,6.318300594241359,3.936629860777726,4.371702769038171,0.8170731707317092,True,-0.0026275354808206197,1,0
2025-06-17,6.29101586338762,3.6557149467838923,4.371702769038171,0.974683544303798,True,-0.024747292418772493,2,0
2025-06-18,6.039190848132901,2.901888530631041,4.371702769038171,0.8730158730158699,True,-0.019509981851179692,1,0
2025-06-20,5.658538914076145,2.213188798554645,4.371702769038171,0.46938775510204317,False,0.0,0,0
2025-06-23,6.506302758946228,2.3607176581680833,4.371702769038171,0.8800000000000026,True,0.0,5,1
2025-06-24,6.909620323150771,3.6628420123565832,4.364726278719874,0.6987951807228923,True,0.010000000000000009,1,0
2025-06-25,6.772258186338627,2.704918032786886,4.364726278719874,0.45454545454545553,True,0.010000000000000009,1,0
2025-06-26,6.2692768707667526,2.422557585385224,4.364726278719874,0.6721311475409845,True,0.003329828250963951,1,0
2025-06-27,5.821453753635707,2.459341531138441,4.364726278719874,0.8064516129032245,False,0.0,0,0
2025-06-30,5.288506840139072,3.2169478226755603,4.364726278719874,0.2560975609756107,False,0.0,0,0
2025-07-01,4.326608397119888,1.927809680065623,4.3602623417560675,0.25531914893617297,False,0.0,0,0
2025-07-02,4.395298676869688,1.7543859649122795,4.3602623417560675,0.44186046511628235,False,0.0,0,0
2025-07-03,5.3799653569132975,1.5909090909090842,4.3602623417560675,0.23809523809523406,False,0.0,0,0
2025-07-07,5.139580972962589,1.9432568985619898,4.3602623417560675,0.6199999999999974,False,0.0,0,0
2025-07-08,5.013519793592964,2.6531408505657423,4.3602623417560675,0.6470588235294139,False,0.0,0,0
2025-07-09,5.665487232569362,3.3033033033032995,4.3602623417560675,0.6022727272727252,False,0.0,0,0
2025-07-10,5.502280547623544,3.103322380430819,4.3602623417560675,0.24705882352941236,False,0.0,0,0
2025-07-11,4.700560258209515,2.0476545048399135,4.3602623417560675,0.6909090909090883,False,0.0,0,0
2025-07-14,5.0665037587397626,4.996243425995486,4.3602623417560675,0.16541353383458582,False,0.0,0,0
2025-07-15,5.051880422078609,2.994652406417112,4.364726278719874,0.023809523809523305,False,0.0,0,0
2025-07-16,4.654919140492234,3.5338345864661704,4.364726278719874,0.29787234042553273,False,0.0,0,0
2025-07-17,5.122800555742071,2.634508348794053,4.364726278719874,0.8591549295774673,False,0.0,0,0
2025-07-18,5.157820039987027,1.8076644974692697,4.364726278719874,0.14000000000000057,False,0.0,0,0
2025-07-21,5.252190087080523,2.2133526850507965,4.364726278719874,0.9016393442622971,False,0.0,0,0
2025-07-22,4.917244352945642,7.153392330383486,4.364726278719874,0.14432989690721698,False,0.0,0,0
2025-07-23,5.449527097097205,3.313840155945411,4.371702769038171,0.02352941176470544,False,0.0,0,0
2025-07-24,4.674812532908956,2.5331254871395115,4.371702769038171,0.3384615384615374,False,0.0,0,0
2025-07-25,4.513201512818926,1.7481128327373907,4.371702769038171,0.7045454545454577,False,0.0,0,0
2025-07-28,4.3094072702842166,2.0090978013646748,4.371702769038171,1.0,False,0.0,0,0
2025-07-29,4.047812470159656,2.149362477231329,4.371702769038171,0.9830508474576305,False,0.0,0,0
2025-07-30,3.826605770931775,1.2612612612612664,4.371702769038171,0.6,False,0.0,0,0
2025-07-31,3.8571626435939095,2.621722846441945,4.371702769038171,0.771428571428571,False,0.0,0,0
2025-08-01,5.105068855918138,4.709376325837927,4.371702769038171,0.24324324324324298,False,0.0,0,0
2025-08-04,6.403514773698443,2.724684831232215,4.383204528673393,0.8208955223880586,True,0.015287184794730457,2,0
2025-08-05,6.667674128897784,2.557041699449247,4.383204528673393,0.7384615384615407,True,0.02870056497175144,5,0
2025-08-06,7.0868412290828005,2.5576519916142533,4.383204528673393,0.42622950819671845,True,0.030000000000000027,3,0
2025-08-07,7.203108439689634,1.7660910518053348,4.383204528673393,0.8888888888888872,True,0.010000000000000009,2,0
2025-08-08,6.360141347926395,3.2591414944356134,4.383204528673393,0.853658536585369,True,0.015799379783119738,2,0
2025-08-11,5.173232684290086,3.457548981943919,4.383204528673393,0.8666666666666659,False,0.0,0,0
2025-08-12,5.515109928255936,2.935569958063285,4.383204528673393,0.5064935064935076,False,0.0,0,0
2025-08-13,5.7164367493654495,2.6527050610820178,4.383204528673393,0.5394736842105279,False,0.0,0,0
2025-08-14,5.447346558710504,2.808389619623175,4.383204528673393,0.5822784810126599,False,0.0,0,0
2025-08-15,5.6034757882743,5.189829327760369,4.383204528673393,0.27516778523489904,False,0.0,0,0
2025-08-18,6.006666181322705,2.2878228782287726,4.4050987058771875,0.45161290322580444,True,0.00535189142784076,1,0
2025-08-19,5.357815082746408,1.5959376133478465,4.4050987058771875,0.5909090909090927,False,0.0,0,0
2025-08-20,4.804599485281334,6.5492148602068205,4.4050987058771875,0.08187134502924005,False,0.0,0,0
2025-08-21,5.969233203681737,2.5984251968503944,4.42707217819662,0.0606060606060593,False,0.0,0,0
2025-08-22,5.540850917837891,3.834115805946794,4.42707217819662,0.7653061224489792,False,0.0,0,0
2025-08-25,6.737984958585338,2.5959780621572244,4.42707217819662,0.4225352112676061,True,-0.002717530636312304,1,0
2025-08-26,6.843491680928613,1.8525245187068706,4.42707217819662,0.8431372549019577,True,0.0011525603304483045,1,0
2025-08-27,6.075277732640461,1.774719304599777,4.42707217819662,0.69387755102041,True,0.020000000000000018,2,0
2025-08-28,4.886758594472197,4.047870468145014,4.4050987058771875,0.15652173913043474,False,0.0,0,0
2025-08-29,4.908931113298051,2.964860907759891,4.383204528673393,0.23456790123456883,False,0.0,0,0
2025-09-02,3.799206227461147,4.609634551495015,4.383204528673393,0.8018018018018027,False,0.0,0,0
2025-09-03,4.465370809870788,2.0857929948839082,4.4050987058771875,0.3018867924528298,False,0.0,0,0
2025-09-04,4.972182955556229,1.7615731257681269,4.4050987058771875,0.5581395348837177,False,0.0,0,0
2025-09-05,5.717865081248833,2.274422073079789,4.4050987058771875,0.967213114754099,False,0.0,0,0
2025-09-08,5.929916640117964,1.5578635014836726,4.4050987058771875,0.42857142857142977,False,0.0,0,0
2025-09-09,5.256428233672322,1.8409425625920472,4.4050987058771875,0.3399999999999963,False,0.0,0,0
2025-09-10,4.623657743553475,2.106002106002099,4.4050987058771875,0.21666666666666579,False,0.0,0,0
2025-09-11,4.1488499960184555,2.2030981067125666,4.4050987058771875,0.5156250000000024,False,0.0,0,0
2025-09-12,3.1556310266194694,1.600272386789237,4.4050987058771875,0.23404255319148873,False,0.0,0,0
2025-09-15,2.651540273678708,3.2258064516128955,4.4050987058771875,0.9787234042553196,False,0.0,0,0
2025-09-16,2.8569998477394685,1.5825914935707235,4.383204528673393,0.3541666666666625,False,0.0,0,0
2025-09-17,2.8276297426558186,2.0475561426684195,4.371702769038171,0.8709677419354861,False,0.0,0,0
2025-09-18,3.6675383434627022,2.1367521367521456,4.371702769038171,0.8857142857142785,False,0.0,0,0
2025-09-19,4.270874766076234,2.8903456495828332,4.371702769038171,0.06185567010308787,False,0.0,0,0
2025-09-22,4.6353422503090895,2.7710843373494027,4.371702769038171,0.9673913043478249,False,0.0,0,0
2025-09-23,4.813261890434452,2.1325648414985645,4.371702769038171,0.8648648648648634,False,0.0,0,0
2025-09-24,5.191411562010611,1.8551236749116684,4.371702769038171,0.9365079365079381,False,0.0,0,0
2025-09-25,4.741468898872844,3.8532675709001234,4.371702769038171,0.41599999999999965,False,0.0,0,0
2025-09-26,5.362124445545655,1.9746536987916348,4.371702769038171,0.7313432835820907,False,0.0,0,0
2025-09-29,5.3053504731907335,1.313160148444193,4.371702769038171,0.6956521739130428,False,0.0,0,0
2025-09-30,5.2220002295097565,2.201350161432345,4.364726278719874,0.839999999999994,False,0.0,0,0
2025-10-01,5.092722399241678,1.93151887620721,4.364726278719874,0.6060606060606113,False,0.0,0,0
2025-10-02,5.918142172129475,2.4640657084188935,4.364726278719874,0.5833333333333351,False,0.0,0,0
2025-10-03,4.859280068153597,2.051671732522802,4.364726278719874,0.07407407407407668,False,0.0,0,0
2025-10-06,5.270120552361656,2.709014479215312,4.364726278719874,0.38793103448275607,False,0.0,0,0
2025-10-07,5.21240395980464,1.4492753623188512,4.364726278719874,0.09677419354839005,False,0.0,0,0
2025-10-08,6.416072176918897,4.656547465912021,4.364726278719874,0.9281767955801091,True,0.0,0,0
2025-10-09,6.852067716405441,1.8318459370596551,4.371702769038171,0.4487179487179408,True,0.004039923954372693,1,0
2025-10-10,7.105876707911226,2.5164628410159926,4.371702769038171,0.2710280373831767,True,-0.06000000000000005,4,2
2025-10-13,9.952592384233997,3.583573110122952,4.371702769038171,0.9562043795620423,True,0.021655777434850254,3,0
2025-10-14,10.252513838525685,3.1130529765155672,4.371702769038171,0.719298245614035,True,1.1102230246251565e-16,5,1
2025-10-15,9.904096408615525,3.33670374115268,4.371702769038171,0.6742424242424245,True,0.0,5,1
2025-10-16,8.955855103370252,3.3534378769601942,4.371702769038171,0.1798561151079136,True,-0.013707716309607099,5,1
2025-10-17,9.374945599879766,3.913153244130281,4.371702769038171,0.7741935483870965,True,0.030747198007472054,4,0
2025-10-20,6.549419296027741,3.304178814382895,4.371702769038171,0.8602941176470552,True,-0.010551612782096154,1,0
2025-10-21,6.37889116175172,2.8947368421052655,4.371702769038171,0.09090909090909037,True,0.006402281198854998,2,0
2025-10-22,5.430161286320878,2.8443113772455106,4.371702769038171,0.8245614035087695,False,0.0,0,0
2025-10-23,6.596660441700718,7.5086229769169694,4.371702769038171,0.9646643109540631,True,0.03279379276244487,4,0
2025-10-24,7.398138821768448,2.5558369790467403,4.371702769038171,0.3333333333333376,True,-0.0019047619047619646,2,0
2025-10-27,6.693493954529305,1.6926797098263267,4.371702769038171,0.7272727272727247,True,0.01281868729705904,2,0
2025-10-28,6.6579122816063885,2.174849267872535,4.371702769038171,0.39603960396039967,True,0.005037541981461335,2,0
2025-10-29,6.654631823001575,2.81547498480859,4.371702769038171,0.9280575539568335,True,-0.010804321728691502,1,0
2025-10-30,5.342284874201178,4.372035471231176,4.371702769038171,0.9575471698113225,False,0.0,0,0
2025-10-31,4.375789196099529,2.0914496616772524,4.373809518032823,0.5490196078431346,False,0.0,0,0
2025-11-03,5.168264989401308,3.0511214386744756,4.373809518032823,0.23178807947019991,False,0.0,0,0
2025-11-04,5.14866475929427,6.0754969845879065,4.373809518032823,0.9889705882352937,False,0.0,0,0
2025-11-05,6.37272275925079,6.109696829437632,4.383204528673393,0.9772727272727264,True,-0.004730059212817883,3,0
2025-11-06,7.690997449882955,3.4653465346534644,4.4050987058771875,0.037267080745338625,True,0.059841269841269806,5,0
2025-11-07,8.660878472344598,6.303236797274267,4.4050987058771875,0.8764478764478761,True,0.05188630490956059,5,0
2025-11-10,9.603450509611024,2.374611628939193,4.42707217819662,0.36448598130841164,True,0.037896362571230635,5,0
2025-11-11,9.644883333020545,2.881976212259831,4.42707217819662,0.47619047619047805,True,0.005518768943809871,4,0
2025-11-12,8.794938887883552,3.4310384003635495,4.42707217819662,0.35099337748344495,True,0.005676905574516389,2,0
2025-11-13,7.187738571908994,4.928909952606631,4.42707217819662,0.5192307692307688,False,0.0,0,0
2025-11-14,7.30327800551442,11.052042529378854,4.436476474923399,0.9670886075949361,True,-0.017363600382599986,4,1
2025-11-17,8.065420915089714,6.781002638522428,4.442999746623421,0.8015564202334639,True,-0.08000000000000018,2,2
2025-11-18,9.552139883758867,5.862361937128293,4.4476815066124855,0.00966183574879378,False,0.0,0,0
2025-11-19,10.078756443970693,6.541786743515858,4.450499548386766,0.9647577092511022,True,0.0019931467732723362,5,1
2025-11-20,11.056592893245055,3.4287187419437952,4.460614090291816,0.721804511278197,True,-0.07999999999999996,2,2
2025-11-21,13.389636661549048,5.64019448946516,4.460614090291816,0.4712643678160916,False,0.0,0,0
2025-11-24,13.529459749055698,5.965126950137666,4.477113890051523,0.9948717948717959,True,0.02674798104982623,4,0
2025-11-25,13.367621225982555,7.600465928945834,4.4810643901553044,0.6475095785440633,False,0.0,0,0
2025-11-26,14.310292733375189,2.670940170940171,4.482851025859588,0.25,True,-0.005811917430846525,2,0
2025-11-28,14.045985114960946,2.77427490542245,4.482851025859588,0.7636363636363658,True,0.020000000000000018,2,0
2025-12-01,10.563069541824383,4.142460217226573,4.482851025859588,0.8170731707317048,True,0.005540008202897684,3,0
2025-12-02,8.838458731586709,5.001168497312458,4.482851025859588,0.9579439252336432,True,0.007937219730941858,5,1
2025-12-03,7.8051310721436575,3.1967582170193647,4.492650906465487,0.4718309859154936,True,0.020000000000000018,2,0
2025-12-04,6.831896025832657,2.5713663107430804,4.492650906465487,0.07627118644068087,True,0.010600144613159723,3,0
2025-12-05,6.03728754177658,2.947504302925984,4.492650906465487,0.8686131386861313,True,0.0035060266441108157,3,0
2025-12-08,5.7411192621005,2.43902439024391,4.492650906465487,0.3189655172413822,False,0.0,0,0
2025-12-09,5.0750935923412275,2.232142857142866,4.492650906465487,0.40952380952380757,False,0.0,0,0
2025-12-10,4.540973073369442,2.434417628541456,4.492650906465487,0.7155172413793127,False,0.0,0,0
2025-12-11,4.244358623774739,6.456988127473447,4.492650906465487,0.04193548387096855,False,0.0,0,0
2025-12-12,5.2828298981682975,2.3444160272804804,4.509663488195437,0.13636363636363488,False,0.0,0,0
2025-12-15,7.223764994050548,3.2946635730858507,4.509663488195437,0.16197183098591308,True,-0.0128870096311956,3,0
2025-12-16,7.640551507703348,3.3865030674846515,4.509663488195437,0.8623188405797113,True,-0.001234872808100862,1,0
2025-12-17,8.156512861570047,3.3414634146341404,4.509663488195437,0.4744525547445254,True,-0.03249307479224384,3,1
2025-12-18,9.605216570013216,3.7268634317158633,4.509663488195437,0.6442953020134226,True,-0.014525916561314745,2,0
2025-12-19,8.994495671134281,6.186868686868694,4.492650906465487,0.9918367346938762,True,0.016508999341860564,3,0
2025-12-22,7.744992971503704,4.116985376827909,4.509663488195437,0.584699453551911,True,-0.00023105360443620437,1,0
2025-12-23,7.35261278468831,2.6748005631159097,4.509663488195437,0.21929824561403496,True,0.010000000000000009,1,0
2025-12-24,6.90631866890408,1.3952424519670619,4.509663488195437,0.7049180327868855,True,0.0,0,0
2025-12-26,4.5170967913239135,1.51989271345552,4.509663488195437,0.1470588235294139,False,0.0,0,0
2025-12-29,3.799605725719585,4.606793857608183,4.509663488195437,0.42424242424242303,False,0.0,0,0
2025-12-30,3.2765200527967773,1.5628539071347627,4.534076706133052,0.6521739130434743,False,0.0,0,0
2025-12-31,2.9876643137845362,2.392344497607649,4.534076706133052,0.32380952380952116,False,0.0,0,0
2026-01-02,3.221393553910576,5.827609129182367,4.534076706133052,0.9163498098859321,False,0.0,0,0
2026-01-05,4.203076235779712,3.4763607469209377,4.5786082958281655,0.22857142857142776,False,0.0,0,0
2026-01-06,4.793992293578188,4.754451183721384,4.5786082958281655,0.9958847736625522,False,0.0,0,0
2026-01-07,5.136574042502647,2.892720306513406,4.6057234993291845,0.10596026490066013,False,0.0,0,0
2026-01-08,5.330002054808309,6.31396022398147,4.6057234993291845,0.0122324159021404,False,0.0,0,0
2026-01-09,5.775960638184195,3.8363671951458227,4.606225071829812,1.0,False,0.0,0,0
2026-01-12,6.18406029868954,4.409238404275616,4.606225071829812,0.7489177489177491,True,0.010000000000000009,1,0
2026-01-13,6.223963797425337,2.244568145088885,4.6057234993291845,0.5600000000000023,True,-0.007066377815987401,2,0
2026-01-14,5.750111264050529,2.787392967753691,4.6057234993291845,0.30718954248365915,False,0.0,0,0
2026-01-15,5.911192744322114,2.8215223097112845,4.5786082958281655,0.505813953488371,False,0.0,0,0
2026-01-16,5.690856376829531,2.481632653061218,4.5786082958281655,0.013157894736839522,False,0.0,0,0
2026-01-20,4.827199844339849,5.737704918032785,4.5786082958281655,0.9148936170212784,False,0.0,0,0
2026-01-21,5.094184739960171,4.19917012448133,4.6057234993291845,0.9841897233201584,False,0.0,0,0
2026-01-22,6.179615425088052,5.141234494096534,4.5786082958281655,0.19476744186046407,False,0.0,0,0
2026-01-23,6.462287806439932,4.433418693982069,4.6057234993291845,0.574007220216606,True,-0.016773162939297204,1,0
2026-01-26,6.289029214084077,3.884773662551439,4.6057234993291845,0.8813559322033894,True,-0.005897771952817821,1,0
2026-01-27,6.187616599655589,3.5223503395987947,4.6057234993291845,0.9820627802690618,True,-0.00535893868216919,1,0
2026-01-28,5.941600641396152,3.376811594202916,4.6057234993291845,0.01716738197425152,False,0.0,0,0
2026-01-29,4.924052983689739,4.063077141639437,4.6057234993291845,0.020979020979021778,False,0.0,0,0
2026-01-30,6.403274509875521,4.529201430274145,4.6057234993291845,0.22039473684210537,True,-0.08000000000000018,2,2
2026-02-02,8.227354759059432,8.30252100840337,4.6057234993291845,0.7408906882591079,True,-0.006004080240710197,2,0
2026-02-03,10.0856941441962,9.579404280796295,4.606225071829812,0.032812500000000105,False,0.0,0,0
2026-02-04,12.168996595024694,5.938761776581429,4.607930135162916,0.23796033994334367,False,0.0,0,0
2026-02-05,15.247768514583083,10.038986354775826,4.610161134355217,0.557281553398058,False,0.0,0,0
2026-02-06,14.733276019830233,8.829787234042549,4.615252563420792,0.6445783132530126,False,0.0,0,0
2026-02-09,14.211454195469926,5.8843140523420585,4.627256592226957,0.8526912181303108,True,-0.0062034643126112066,1,0
2026-02-10,13.496480131165095,5.473944642028749,4.636663739497523,0.5677966101694922,False,0.0,0,0
2026-02-11,11.495406993845615,3.6006546644844333,4.636663739497523,0.28925619834710425,True,0.023875074917043104,4,0
2026-02-12,9.308403681874516,3.760585617913025,4.636663739497523,0.15648854961832445,True,-0.07579623680587433,2,1
2026-02-13,9.494328359923717,6.037853902706095,4.636663739497523,0.3911917098445584,False,0.0,0,0
2026-02-17,8.672440390702063,6.900999677523381,4.640965904353582,0.028037383177571148,False,0.0,0,0
2026-02-18,8.815970708207951,3.661712884939483,4.645933338968896,0.9707112970711326,True,-0.01788551578311437,4,1
2026-02-19,8.985983536177674,3.9639359552308475,4.645933338968896,0.5450980392156828,True,0.015629489830375265,2,0
2026-02-20,8.029031105143796,5.410915934755337,4.645933338968896,0.7014492753623187,True,-0.006334230608637026,1,0
2026-02-23,7.162112152756859,2.9005315110098873,4.649711878686871,0.664921465968588,True,0.035654034229829046,4,0
2026-02-24,6.923764900084786,4.610189399500808,4.645933338968896,0.8407643312101911,True,-0.0006782106782106112,2,0
2026-02-25,5.931710153961387,2.56735787840315,4.640965904353582,0.80769230769231,False,0.0,0,0
2026-02-26,5.119992005341102,8.304011259676294,4.640965904353582,0.03559322033898436,False,0.0,0,0
2026-02-27,6.995748093675648,2.893838400260122,4.645933338968896,0.37640449438202317,True,-0.004440919904837304,1,0
2026-03-02,6.551507814478765,6.466036113499579,4.640965904353582,0.6329787234042551,False,0.0,0,0
2026-03-03,6.922540497084886,4.644412191582007,4.645933338968896,0.07812500000000104,True,0.058529022499527406,5,0
2026-03-04,7.483546033463222,4.127948534667611,4.645933338968896,0.19047619047618988,True,-0.008974008974008907,1,0
2026-03-05,8.14685661612857,4.338394793926245,4.645933338968896,0.9041666666666679,True,-0.08000000000000018,2,2
2026-03-06,7.853584486422474,4.093450479233221,4.645933338968896,0.8390243902439031,True,-0.04999999999999993,5,2
2026-03-09,9.462175104950955,4.570424082619201,4.645933338968896,0.3701923076923061,True,0.062156269439873624,5,0
2026-03-10,11.886631060602515,4.347826086956522,4.645933338968896,0.6896551724137936,True,-0.028896151053013686,4,1
2026-03-11,11.910501563667385,2.757253559199858,4.645933338968896,0.9738562091503273,True,-0.01858907747373284,1,0
2026-03-12,11.578208242394602,6.369069854314538,4.645933338968896,0.0967741935483865,False,0.0,0,0
2026-03-13,10.827890398659466,4.028527370855828,4.649711878686871,0.7081339712918667,True,0.0008231242742562372,3,0
2026-03-16,9.71926173728559,2.497225305216429,4.649711878686871,0.8888888888888848,True,0.016736357119571776,4,0
2026-03-17,6.642012429831363,1.9963702359346667,4.649711878686871,0.8090909090909085,True,0.001349232396163913,1,0
2026-03-18,5.7475912193839545,2.489551153916054,4.645933338968896,0.839416058394162,False,0.0,0,0
2026-03-19,5.787501297102664,6.521300222087617,4.645933338968896,0.9907120743034075,False,0.0,0,0
2026-03-20,7.235433111292394,4.845492777473027,4.645933338968896,0.03396226415094202,False,0.0,0,0
2026-03-23,8.050089999144058,4.484715357861986,4.649711878686871,0.9428571428571427,True,-0.0643183492999263,2,1
2026-03-24,8.720728090568498,3.2984090027163284,4.649711878686871,0.8235294117647071,True,0.0008318341194076817,2,0
2026-03-25,9.727977054775813,3.3192090395480274,4.649711878686871,0.23404255319148784,True,-0.009027777777777857,1,0
2026-03-26,9.76591604234397,3.7645322015131932,4.649711878686871,0.29411764705882437,True,-0.03779432201707367,5,1
2026-03-27,8.748760761668532,5.141548709408839,4.649711878686871,0.10931174089068926,False,0.0,0,0
2026-03-30,7.846737717240846,10.739657333890515,4.654573354422456,0.07198443579766625,False,0.0,0,0
2026-03-31,9.853164112366844,4.990671641791046,4.677679009882385,0.9719626168224289,True,0.06483515623601388,5,0
2026-04-01,10.681612455633049,5.285201435979269,4.727406268991311,0.9018867924528284,True,-0.013886489222041054,2,0
2026-04-02,11.525354497689307,7.16456795484152,4.7563702826440615,0.9848484848484835,True,0.023997715591090873,3,0
2026-04-06,12.517822660840832,3.6651162790697653,4.7615545805489585,0.4873096446700515,True,0.02311184330953675,3,0
2026-04-07,12.106102195337275,4.068483063328412,4.7563702826440615,0.04977375565610848,True,0.050000000000000044,5,0
2026-04-08,10.087049016791852,2.1880187113324325,4.7563702826440615,0.25517241379310607,True,0.05342385434346553,5,0
2026-04-09,8.823038180299799,3.435114503816778,4.7563702826440615,0.7564102564102582,True,0.050193826274228304,5,0
2026-04-10,8.261404647321905,4.656796769851943,4.7563702826440615,0.8208092485549117,True,-0.014667750299934168,1,0
2026-04-13,6.292614450907721,2.9761904761904763,4.7563702826440615,0.7777777777777778,True,0.030000000000000027,3,0
2026-04-14,6.732902380032859,3.8909571274168475,4.7563702826440615,0.15740740740740855,True,0.020000000000000018,2,0
2026-04-15,6.254386867300619,3.5081502480510265,4.7563702826440615,0.441077441077442,True,-1.1102230246251565e-16,5,1
2026-04-16,6.389856982523046,3.4466533349017676,4.7563702826440615,0.5051194539249173,True,-0.0006339262408173729,1,0
2026-04-17,6.5989028873155675,2.9623269292690835,4.7563702826440615,0.449275362318843,True,0.030000000000000027,3,0
2026-04-20,6.397460091320869,3.0113577159529026,4.7563702826440615,0.34602076124567466,True,0.04313676286072776,5,0
2026-04-21,5.966231582411837,1.7964683066244675,4.7563702826440615,0.6363636363636422,False,0.0,0,0
2026-04-22,5.744131746422167,3.914901884592968,4.7563702826440615,0.26054590570719877,False,0.0,0,0
2026-04-23,5.535653402825723,5.579596722217109,4.7563702826440615,0.6600660066006598,False,0.0,0,0
2026-04-24,5.819624392292444,6.73268908234166,4.7615545805489585,0.39264531435350003,False,0.0,0,0
2026-04-27,6.519808092262949,9.132704745577794,4.77277038458157,0.5375426621160414,False,0.0,0,0
2026-04-28,7.325196597906588,8.845977011494258,4.786426534050331,0.6112266112266105,False,0.0,0,0
2026-04-29,8.518859870383853,3.0511725220120303,4.79550984322277,0.7171428571428586,True,0.017881383134932927,2,0
2026-04-30,8.307534521628032,3.7293380017913837,4.79550984322277,0.4213973799126654,True,0.028816521048451227,3,0
2026-05-01,8.213532800686227,5.740011254924041,4.786426534050331,1.0,True,0.040000000000000036,4,0
2026-05-04,8.198210684296942,2.3524962178517503,4.79550984322277,0.935691318327969,True,-0.02669729771824625,4,1
2026-05-05,7.864861868313,4.3555555555555525,4.79550984322277,0.8741496598639439,True,-0.00033971385730169334,2,0
2026-05-06,7.687492775081833,4.390522047643188,4.79550984322277,0.3304473304473331,True,0.05183246728854951,5,0
2026-05-07,8.78436687302414,6.260794473229692,4.79550984322277,0.4266009852216743,False,0.0,0,0
2026-05-08,9.050234747416152,4.374233128834353,4.820950786141596,0.9901823281907443,True,0.050000000000000044,5,0
2026-05-11,9.449371343822568,5.674033149171261,4.820950786141596,0.035053554040894434,False,0.0,0,0
2026-05-12,9.32082009466885,6.052246368652179,4.845621657673242,0.0353488372093019,False,0.0,0,0
2026-05-13,10.924252474239056,6.442485580585484,4.850260071121492,0.2753378378378394,False,0.0,0,0
2026-05-14,10.544017274888505,6.109377566102807,4.867745401465551,0.5519713261648744,False,0.0,0,0
2026-05-15,9.893869011508361,3.976047904191608,4.888425120481238,0.049698795180720595,True,0.05025331724969839,5,0
2026-05-18,9.519929773420124,10.245735761780878,4.888425120481238,0.09762979683973,False,0.0,0,0
2026-05-19,11.846529132286978,11.094590767487974,4.895713644353467,0.24569240587109065,False,0.0,0,0
2026-05-20,11.903818613064804,3.608695652173914,4.900293871102876,0.7366609294320137,True,0.020000000000000018,2,0
2026-05-21,11.715216118453702,3.783720658647681,4.900293871102876,0.9243827160493815,True,0.05087640963993367,5,0
2026-05-22,11.850122119573598,3.4145021645021654,4.900293871102876,0.9936608557844704,True,0.005995562735461313,3,0
2026-05-26,11.55322370860333,4.782855520862907,4.900293871102876,0.9446092977250246,True,0.0036859197401996058,5,1
2026-05-27,9.622793381550043,13.04473304473304,4.900293871102876,0.3593552465233875,False,0.0,0,0
2026-05-28,9.188386370374007,6.2288793497122965,4.915040696293273,0.11290322580645114,False,0.0,0,0
2026-05-29,9.832867360441451,4.259259259259253,4.932135887530365,0.8179979777553099,True,-0.003912154352271657,1,0
2026-06-01,10.228433063213114,7.078749942467895,4.932135887530365,0.010403120936280666,False,0.0,0,0
2026-06-02,11.1391761647902,6.2464018422567635,4.93749351592489,0.9921000658327844,True,0.023415792491465304,2,0
2026-06-03,11.702570542114945,9.706185383877497,4.945039926589748,0.29502196193265023,False,0.0,0,0
2026-06-04,10.45601128823697,6.090762687368378,4.959870412327588,0.014237288135591834,False,0.0,0,0
2026-06-05,12.028745400644892,8.745938921377517,4.976401107047541,0.0,False,0.0,0,0
2026-06-08,14.756858390555788,5.3413730889754065,4.992900355472822,0.0008888888888880804,False,0.0,0,0
2026-06-09,14.501623495835307,4.853342728794155,4.997117322494494,0.41016333938294064,True,-0.07000000000000017,3,2
2026-06-10,18.647955624810173,10.259489375032635,4.997117322494494,0.4025445292620862,False,0.0,0,0
2026-06-11,20.433549853835334,7.639105564222567,4.999524299270786,0.7494894486044924,True,0.05164262212098203,5,0
2026-06-12,20.105153658153505,5.787057870578699,5.01858104730191,0.7744945567651625,True,0.003961829127705707,5,1
2026-06-15,18.09988502846916,3.5941200797022455,5.057668252420493,0.1600418410041812,True,0.04324322729683283,5,0
2026-06-16,17.151785059952402,3.9044659903417838,5.057668252420493,0.5215723873441989,True,-0.06000000000000005,4,2
2026-06-17,14.3446335066518,5.498365023616327,5.057668252420493,0.030837004405285414,False,0.0,0,0
2026-06-18,12.75659352942084,2.650077058978315,5.099843922144696,0.6936170212765926,True,0.016486333844455192,4,0
2026-06-22,10.880932901371846,3.6089019581634743,5.099843922144696,0.7314814814814838,True,0.03442972253126997,3,0
2026-06-23,9.444772726764686,7.309322033898305,5.099843922144696,0.8579710144927543,True,-0.04895142797581831,5,2
2026-06-24,10.98691691340099,7.188841201716738,5.136850940495762,0.33611940298507437,False,0.0,0,0
2026-06-25,9.544132902979612,15.940354147250696,5.141360180221456,0.011927034611786506,False,0.0,0,0
2026-06-26,10.593412403860052,5.246640735502123,5.158918655726718,0.8913226621735475,True,0.05758173615344009,5,0
2026-06-29,10.695506877098783,6.470696986503975,5.186915876226268,0.06071428571428531,False,0.0,0,0
2026-06-30,13.927692333090203,7.086353282253048,5.191640974709199,0.9994155464640566,True,0.03690360531638415,5,0
2026-07-01,13.988795274008595,6.901047142436602,5.194952397215353,0.741011578305911,True,-0.03913726182074817,5,2
2026-07-02,14.383106733230651,6.203530538703642,5.1969010802699955,0.9213235294117652,True,-0.03409162717219605,5,2
2026-07-06,16.417861247027325,6.886060544597136,5.217748921800099,0.7938144329896901,True,-0.058578553615960094,3,1
2026-07-07,16.406425059093916,7.6058041112454555,5.258076184420545,0.2670906200317957,False,0.0,0,0
2026-07-08,14.75700874077631,10.432761761195895,5.258076184420545,0.8747742323901273,True,0.006974840860866971,5,1
2026-07-09,14.401317903475464,3.438266353035386,5.279218189070613,0.7278020378457055,True,-0.02614574187884111,4,1
2026-07-10,13.295839548148464,7.225877192982444,5.279218189070613,0.7245827010622153,True,0.051171384070036074,5,0
2026-07-13,10.17169841542796,5.81868163335433,5.307670097177726,0.48425196850393876,False,0.0,0,0
2026-07-14,10.336642649621988,6.350897756939642,5.364139192424088,0.22734899328859096,False,0.0,0,0
2026-07-15,9.636780138675407,6.76388964466453,5.403339382460398,0.3322606596942875,False,0.0,0,0
2026-07-16,11.09096758977023,6.275761201967822,5.412066802232514,0.37711864406779694,False,0.0,0,0
2026-07-17,11.952229013757906,9.431389846820107,5.4158337943327854,0.9523809523809533,True,0.07311197271560133,5,0
2026-07-20,14.333454980471146,4.501114827201789,5.428851691295134,0.23529411764706012,True,0.05354820308043351,5,0
2026-07-21,14.309796905590849,3.9848562628336803,5.428851691295134,0.25603864734299536,True,0.04024257235471762,5,0
