date,atr5,or30,thr80,pos10,on,ret,n_fills,n_stops
2020-07-23,,1.6595135908440781,,0.6551724137931018,False,0.0,0,0
2020-07-24,,1.4198782961460505,,0.6734693877550958,False,0.0,0,0
2020-07-27,,3.9267015706806325,,0.6000000000000011,False,0.0,0,0
2020-07-28,,2.001766264350897,,0.3088235294117661,False,0.0,0,0
2020-07-29,,1.3119533527696876,,0.4888888888888991,False,0.0,0,0
2020-07-30,3.904211438374234,3.632170654367247,,0.03968253968253749,False,0.0,0,0
2020-07-31,3.9504876530877544,2.7385657820440397,,0.3298969072164955,False,0.0,0,0
2020-08-03,4.456567691754438,1.9230769230769222,,0.5294117647058817,False,0.0,0,0
2020-08-04,4.168964934179398,1.4008004574042368,,0.6326530612244918,False,0.0,0,0
2020-08-05,3.985646420702755,2.321678321678317,,0.7349397590361454,False,0.0,0,0
2020-08-06,3.3383263937908874,0.9876543209876527,,0.8888888888888713,False,0.0,0,0
2020-08-07,3.0016647372056746,1.349118942731283,,1.0,False,0.0,0,0
2020-08-10,3.1248778102846755,1.342628453395309,,0.46153846153846256,False,0.0,0,0
2020-08-11,3.0764043900520184,1.7956499747091574,,0.09859154929577493,False,0.0,0,0
2020-08-12,3.7003464475555035,1.647117544297471,,0.2727272727272737,False,0.0,0,0
2020-08-13,4.154735881430837,2.994791666666663,,0.8347826086956478,False,0.0,0,0
2020-08-14,4.285630085820411,1.0047593865679414,,1.0,False,0.0,0,0
2020-08-17,3.8010631480651704,0.998161281849213,,0.2631578947368303,False,0.0,0,0
2020-08-18,3.667007837583865,1.5839493136219678,,0.10000000000000356,False,0.0,0,0
2020-08-19,3.2060281124555545,1.7356475300400496,,0.6923076923076873,False,0.0,0,0
2020-08-20,2.972158345828863,2.3489932885906137,,0.8571428571428523,False,0.0,0,0
2020-08-21,3.0746122048892666,1.5080888401425752,,0.6909090909090991,False,0.0,0,0
2020-08-24,2.929274230152309,1.6172506738544514,,0.5833333333333344,False,0.0,0,0
2020-08-25,3.519725781663675,1.7692307692307816,,0.6086956521739113,False,0.0,0,0
2020-08-26,3.477254279213293,1.8580645161290295,,0.6388888888888911,False,0.0,0,0
2020-08-27,3.0796626516668844,4.385054488842755,,0.9704142011834336,False,0.0,0,0
2020-08-28,3.416019660103454,2.0122699386503076,,0.4756097560975615,False,0.0,0,0
2020-08-31,3.493816521461897,2.421129860601619,,0.08080808080807893,False,0.0,0,0
2020-09-01,3.238681945032728,2.541942043721403,,0.9600000000000009,False,0.0,0,0
2020-09-02,3.4068359736849794,2.45718540580788,,0.9898989898989918,False,0.0,0,0
2020-09-03,4.166820281005295,2.046644455021417,,0.744186046511629,False,0.0,0,0
2020-09-04,5.134926258661423,2.5313344802162723,,0.1067961165048537,False,0.0,0,0
2020-09-08,6.384273183713478,4.503311258278153,,0.5,False,0.0,0,0
2020-09-09,6.7191778463603145,1.9597315436241718,,0.9863013698630165,False,0.0,0,0
2020-09-10,6.850387094252547,2.0915032679738674,,0.5374999999999968,False,0.0,0,0
2020-09-11,7.198595913645285,2.0896343139950457,,0.05263157894736744,False,0.0,0,0
2020-09-14,5.90933985806234,3.0689842476914597,,0.9557522123893829,False,0.0,0,0
2020-09-15,5.0280857606613045,2.279202279202286,,0.0568181818181865,False,0.0,0,0
2020-09-16,4.788576043005891,1.6741961201169158,,0.9523809523809502,False,0.0,0,0
2020-09-17,4.971400328213146,1.9256848386221885,,0.718309859154926,False,0.0,0,0
2020-09-18,4.283829265071314,2.010184937014205,,0.21333333333333826,False,0.0,0,0
2020-09-21,4.372197075965734,2.1764705882352997,,0.5945945945945995,False,0.0,0,0
2020-09-22,4.4700371245326895,2.9673590504451037,,0.0,False,0.0,0,0
2020-09-23,5.029754360807788,2.2356495468278004,,0.4999999999999952,False,0.0,0,0
2020-09-24,5.889173430088664,3.627450980392155,,0.4234234234234226,False,0.0,0,0
2020-09-25,6.706156257936374,2.540415704387989,,0.6753246753246751,False,0.0,0,0
2020-09-28,7.222608205695707,2.365069739235904,,0.8333333333333303,False,0.0,0,0
2020-09-29,7.24947297222087,1.9474771318973256,,0.25757575757575873,False,0.0,0,0
2020-09-30,6.9057706642652175,2.6594137201571333,,0.7159090909090895,False,0.0,0,0
2020-10-01,6.066207411431921,3.161252900232029,,0.07339449541284876,False,0.0,0,0
2020-10-02,5.4147053566270165,4.037932089323953,,0.9166666666666671,False,0.0,0,0
2020-10-05,6.093218677578187,2.223457476375757,,0.14999999999999733,False,0.0,0,0
2020-10-06,5.729830352213145,1.7328712343375063,,0.2769230769230771,False,0.0,0,0
2020-10-07,6.38879577101481,1.9897821995159855,,0.6081081081081066,False,0.0,0,0
2020-10-08,6.0476531036489805,1.4913657770800635,,0.9824561403508807,False,0.0,0,0
2020-10-09,5.80691108133586,2.011566507417644,,0.3625000000000002,False,0.0,0,0
2020-10-12,4.509930654034891,1.4162873039959412,,0.9464285714285816,False,0.0,0,0
2020-10-13,4.616346206090869,1.7773389286595875,,0.20833333333333168,False,0.0,0,0
2020-10-14,4.274141731167996,1.2681159420289907,,0.6122448979591899,False,0.0,0,0
2020-10-15,4.4495684610097745,2.1371079655842244,,1.0,False,0.0,0,0
2020-10-16,4.948638004922897,2.4193548387096766,,0.34408602150537676,False,0.0,0,0
2020-10-19,4.859577520038032,1.4248704663212546,,0.6909090909090903,False,0.0,0,0
2020-10-20,5.237414877629613,2.8525296017222885,,1.0,False,0.0,0,0
2020-10-21,4.830623533999331,2.2951694689084587,,0.5697674418604678,False,0.0,0,0
2020-10-22,4.527167518669467,1.4477211796246625,,0.8888888888888976,False,0.0,0,0
2020-10-23,4.528483074145655,1.6331658291457254,,0.43076923076923346,False,0.0,0,0
2020-10-26,4.642115753672323,2.679500520291366,,0.40776699029126334,False,0.0,0,0
2020-10-27,4.636756483050721,2.613850714093233,,0.47422680412371276,False,0.0,0,0
2020-10-28,4.993630513331626,2.4096385542168584,,0.2749999999999996,False,0.0,0,0
2020-10-29,5.525603079336235,4.4546850998463885,,0.7586206896551713,False,0.0,0,0
2020-10-30,6.097245798518519,2.4946759963492555,,0.890243902439029,False,0.0,0,0
2020-11-02,6.421506285620902,3.2258064516128964,,0.8124999999999988,False,0.0,0,0
2020-11-03,6.297379631837638,3.4241035319493207,,0.8425196850393682,False,0.0,0,0
2020-11-04,6.103919820192866,5.093470604172299,,0.8936170212765977,False,0.0,0,0
2020-11-05,6.87031675444845,2.5026624068157552,,0.5638297872340375,False,0.0,0,0
2020-11-06,6.332809945066963,2.705436156763591,,0.3364485981308405,False,0.0,0,0
2020-11-09,6.205507700504715,7.25516621743036,,0.6532507739938085,False,0.0,0,0
2020-11-10,7.103690467220654,2.4509803921568594,,0.8260869565217365,False,0.0,0,0
2020-11-11,7.146802346644837,4.569563443492456,,0.004464285714284822,False,0.0,0,0
2020-11-12,6.279723615433996,2.7233115468409586,,0.33600000000000135,False,0.0,0,0
2020-11-13,5.97295866593272,1.4366565084893266,,0.8181818181818211,False,0.0,0,0
2020-11-16,5.813897790069241,2.7027027027027013,,0.3529411764705861,False,0.0,0,0
2020-11-17,4.444848385503745,2.741968487824834,,0.007462686567162715,False,0.0,0,0
2020-11-18,4.442741956682987,2.089493396412384,,0.9622641509433905,False,0.0,0,0
2020-11-19,4.67685873543415,3.2003325020781364,,0.5389610389610382,False,0.0,0,0
2020-11-20,4.64134838277549,2.0508613617719442,,0.5,False,0.0,0,0
2020-11-23,4.381982723033838,2.6884980796442255,,0.80451127819549,False,0.0,0,0
2020-11-24,4.521870943577001,2.007195606892625,,0.9528301886792477,False,0.0,0,0
2020-11-25,4.589268779625297,3.308957952467998,,0.20441988950276158,False,0.0,0,0
2020-11-27,4.0420984175514265,1.1103021477975963,,0.5737704918032699,False,0.0,0,0
2020-11-30,3.553636887236941,1.3662736290473592,,0.06849315068493697,False,0.0,0,0
2020-12-01,4.180451206709475,1.8242740134028237,,0.846938775510205,False,0.0,0,0
2020-12-02,3.960870486518489,2.7614904482693414,,0.8835616438356153,False,0.0,0,0
2020-12-03,3.6909892047559296,1.0371179039301315,,0.052631578947357927,False,0.0,0,0
2020-12-04,3.629478623019904,2.6141450313339316,,0.5273972602739745,False,0.0,0,0
2020-12-07,3.72638844472171,3.323369087392299,,0.2857142857142852,False,0.0,0,0
2020-12-08,3.226922265943385,2.497265767407943,,0.7518248175182504,False,0.0,0,0
2020-12-09,3.3689761340579585,0.9169458649268261,,0.38461538461538775,False,0.0,0,0
2020-12-10,3.1722638901437676,2.1300036724201186,,0.8534482758620732,False,0.0,0,0
2020-12-11,3.3102843434390827,0.9952082565425844,,0.611111111111114,False,0.0,0,0
2020-12-14,3.4140679431435474,1.7081850533807845,,0.20833333333333612,False,0.0,0,0
2020-12-15,4.059002666590354,1.8895887365691058,,0.15686274509803538,False,0.0,0,0
2020-12-16,4.362698679088468,1.0577267837934805,,0.6271186440678007,False,0.0,0,0
2020-12-17,4.019022275472706,1.5728328865058003,,0.14772727272726832,False,0.0,0,0
2020-12-18,3.648171511271285,1.5124555160142372,,0.5411764705882354,False,0.0,0,0
2020-12-21,3.989530435549144,3.33928571428571,,0.6310160427807494,False,0.0,0,0
2020-12-22,3.8799218946238776,2.1471312917986602,,0.31147540983606214,False,0.0,0,0
2020-12-23,3.6198388649281035,3.9511494252873613,,0.9045454545454543,False,0.0,0,0
2020-12-24,4.274173370765898,2.795031055900629,,0.45679012345679004,False,0.0,0,0
2020-12-28,4.432822119926365,2.0287404902789565,,0.6583333333333311,False,0.0,0,0
2020-12-29,4.086997673362801,2.0903573836817295,,0.14516129032258018,False,0.0,0,0
2020-12-30,3.4399309167882905,1.5426808364758289,,0.700000000000004,False,0.0,0,0
2020-12-31,3.08183275645736,1.2645249487354662,,0.770270270270276,False,0.0,0,0
2021-01-04,3.1466769790828883,2.2395326192794474,,0.31884057971014435,False,0.0,0,0
2021-01-05,4.129378005812532,2.770130763936682,,0.4285714285714273,False,0.0,0,0
2021-01-06,4.326226104508265,5.16821062896147,,0.9968553459119526,False,0.0,0,0
2021-01-07,5.93484007382453,2.092290054456876,,0.9589041095890397,False,0.0,0,0
2021-01-08,6.202568228317233,2.0963172804532637,,0.0,False,0.0,0,0
2021-01-11,6.2944125700497535,4.1321090047393465,,0.8637992831541238,False,0.0,0,0
2021-01-12,5.827942298964631,1.9712756969867726,,1.0,False,0.0,0,0
2021-01-13,5.684813069835959,2.6019201335745157,2.806530765064961,0.20855614973262013,True,0.013574343208495878,5,0
2021-01-14,4.141047963675533,1.5556167400881191,2.795031055900629,0.9380530973451268,False,0.0,0,0
2021-01-15,4.072281652184285,2.0288612658951104,2.79005099750784,0.18309859154929098,False,0.0,0,0
2021-01-19,3.84507962777529,1.506751954513152,2.7850709391150503,0.2547169811320846,False,0.0,0,0
2021-01-20,3.364014658107712,2.549575070821526,2.780090880722261,0.10000000000000395,False,0.0,0,0
2021-01-21,3.33120819494009,1.3766120852050467,2.7751108223294714,0.03157894736842216,False,0.0,0,0
2021-01-22,3.4698382025451124,1.7535763728657137,2.770130763936682,0.46491228070175517,False,0.0,0,0
2021-01-25,3.406225911789437,2.52752364707707,2.7684027008032137,0.12269938650306468,False,0.0,0,0
2021-01-26,3.3386961618978277,2.102839600920937,2.766674637669746,0.0437956204379478,False,0.0,0,0
2021-01-27,3.530402906106835,3.7533068783068835,2.764946574536278,0.3920704845814975,False,0.0,0,0
2021-01-28,4.0612852149636485,2.6743398781313448,2.7751108223294714,0.4683544303797486,False,0.0,0,0
2021-01-29,4.513403906464503,2.471197194857245,2.770130763936682,0.8783783783783788,True,-0.017045218466209273,5,1
2021-02-01,5.440703607251637,1.8825945575902816,2.7684027008032137,0.527272727272725,True,0.015339267196681274,5,0
2021-02-02,5.340574384712845,1.7909475740800949,2.766674637669746,0.8818181818181854,True,9.46529285955084e-05,5,0
2021-02-03,5.5283198699830445,1.8989328311362113,2.764946574536278,0.3305785123966947,True,0.013796703296702852,5,0
2021-02-04,4.8251878638849375,3.6974532065050574,2.7632185114028096,0.9917012448132797,True,0.016193461934913646,4,0
2021-02-05,4.68140084463529,2.0659971305595373,2.770130763936682,0.11805555555555693,True,-0.011954676258992858,1,0
2021-02-08,3.803986416989003,1.4820143884892103,2.7684027008032137,0.805825242718444,False,0.0,0,0
2021-02-09,3.552213219767218,1.3513513513513553,2.766674637669746,0.5578947368421048,False,0.0,0,0
2021-02-10,3.187408338792393,0.8965517241379192,2.764946574536278,0.9230769230769265,False,0.0,0,0
2021-02-11,3.3759088907762846,1.3614893025840564,2.7632185114028096,0.24489795918366725,False,0.0,0,0
2021-02-12,3.1308372354862692,2.8776978417266075,2.7614904482693414,0.81372549019608,False,0.0,0,0
2021-02-16,3.302246736293084,1.819872476089254,2.7684027008032137,0.788321167883216,False,0.0,0,0
2021-02-17,3.6067429480378204,2.07594271449218,2.766674637669746,0.7974683544303839,False,0.0,0,0
2021-02-18,3.723189664654652,2.0110410094637237,2.764946574536278,0.8627450980392198,False,0.0,0,0
2021-02-19,3.8341211705105622,1.7978682419416865,2.7632185114028096,0.935714285714293,False,0.0,0,0
2021-02-22,3.566651427959397,2.379429448637584,2.7614904482693414,0.8494623655913972,False,0.0,0,0
2021-02-23,3.791585914221199,3.06246949731577,2.75758605618044,0.3227091633466138,False,0.0,0,0
2021-02-24,3.7261928270046574,2.4260712130355957,2.766674637669746,1.0,False,0.0,0,0
2021-02-25,4.210341369433675,1.9717678691463199,2.764946574536278,0.7613636363636361,False,0.0,0,0
2021-02-26,5.158674468335663,3.0217418007615695,2.7632185114028096,0.05284552845528284,False,0.0,0,0
2021-03-01,6.031358457334176,1.294261294261297,2.770130763936682,0.8679245283018865,True,0.013499999999999459,5,0
2021-03-02,6.16918586239965,1.4697236919459142,2.7684027008032137,0.7360000000000013,True,0.01375200043863495,5,0
2021-03-03,5.9613415403532795,3.651019440493123,2.766674637669746,0.6623376623376648,False,0.0,0,0
2021-03-04,5.913614939439247,2.5839793281653614,2.780090880722261,0.5818181818181789,True,0.017382589891451528,5,0
2021-03-05,6.147118918676883,3.9706567303213918,2.7751108223294714,0.26686217008797886,False,0.0,0,0
2021-03-08,6.494472876433646,3.0786516853932686,2.795031055900629,0.44525547445255287,False,0.0,0,0
2021-03-09,6.740950493697781,3.894937703445952,2.841029892557957,0.4610951008645559,False,0.0,0,0
2021-03-10,7.628395031383649,3.24270113661689,2.86763054572488,0.8900343642611706,True,0.016812024874520548,5,0
2021-03-11,7.610009902562521,2.5682355469589515,2.9135623252140066,1.0,True,-0.01131655231558558,3,0
2021-03-12,6.526188012209211,1.832460732984293,2.895630083470307,0.8114285714285724,True,-0.002591189335555055,1,0
2021-03-15,5.160230399370646,4.41237113402062,2.8776978417266075,0.10280373831775645,False,0.0,0,0
2021-03-16,4.8550062594424634,1.8605645851154933,2.9494268087014053,0.02298850574712991,True,0.019307982386414457,5,0
2021-03-17,4.221181466394304,2.3985437412999198,2.9314945669577046,0.004464285714281664,False,0.0,0,0
2021-03-18,3.9751909374977594,1.86458333333334,2.9135623252140066,0.8938547486033536,False,0.0,0,0
2021-03-19,4.444433899027954,4.71900471900471,2.895630083470308,0.4318181818181807,False,0.0,0,0
2021-03-22,4.981952120315808,2.1309655937846856,2.9673590504451037,0.31770833333333276,True,-0.003329414396037721,3,0
2021-03-23,4.647238114114222,2.5378961874138652,2.9494268087014053,0.954751131221722,True,0.014320328779809767,5,0
2021-03-24,4.953171951538133,3.2220542049552123,2.9314945669577046,0.38628158844765154,False,0.0,0,0
2021-03-25,5.012007098774157,3.24106931629997,2.9783320969337277,0.27007299270072854,False,0.0,0,0
2021-03-26,5.264287084579692,1.7134800997722572,3.000181693485645,0.5759493670886151,True,0.009493923910497982,3,0
2021-03-29,5.140353834087503,2.016713091922008,2.994791666666663,0.8453038674033145,True,0.017718587863748747,5,0
2021-03-30,5.477290509214798,2.346295893982197,2.989305143422351,0.6666666666666689,True,0.007239230793896824,5,0
2021-03-31,4.8861380274248,2.0293609671847963,2.983818620178039,0.2074468085106391,True,0.01546781875066189,5,0
2021-04-01,4.571182243957738,1.6264660323080316,2.9783320969337277,0.5102040816326534,True,0.010799999999999567,4,0
2021-04-05,3.813444745428151,2.83555831522301,2.972845573689416,0.350364963503648,False,0.0,0,0
2021-04-06,3.6641762449166655,1.504073532483808,2.9673590504451037,0.8611111111111089,False,0.0,0,0
2021-04-07,3.1176249712431305,1.9773129357893702,2.9494268087014053,0.11578947368420958,False,0.0,0,0
2021-04-08,3.142550233326908,2.2129870129870084,2.9314945669577046,0.225352112676052,False,0.0,0,0
2021-04-09,3.160059822183648,1.1063743402354886,2.9135623252140066,0.293577981651382,False,0.0,0,0
2021-04-12,2.7360563117651924,1.2024048096192415,2.895630083470308,0.3833333333333272,False,0.0,0,0
2021-04-13,2.3660583213727353,3.5603560356035633,2.8776978417266075,0.14887640449438225,False,0.0,0,0
2021-04-14,2.601839576540241,3.118290563337079,2.9494268087014053,0.98360655737705,False,0.0,0,0
2021-04-15,3.1018030337194222,3.8317203239186344,2.983818620178039,0.2113402061855684,False,0.0,0,0
2021-04-16,3.296350796839179,1.479144068632285,3.005571720304626,0.3333333333333333,False,0.0,0,0
2021-04-19,3.2866946224666487,1.714285714285709,3.000181693485645,0.4367816091953984,False,0.0,0,0
2021-04-20,3.4865860308992787,1.793450881612092,2.994791666666663,0.1741573033707797,False,0.0,0,0
2021-04-21,3.7981924056425482,2.7549081697276754,2.989305143422351,0.8620689655172415,False,0.0,0,0
2021-04-22,4.04031546211616,2.2512562814070445,2.983818620178039,0.28125000000000316,False,0.0,0,0
2021-04-23,3.9569156465262596,2.9973034640116163,2.9783320969337277,1.0,False,0.0,0,0
2021-04-26,5.006365243958329,2.682215743440238,2.9952940261356535,0.8804347826086965,True,-0.019545329185375725,2,0
2021-04-27,5.112286627289985,1.6453735965931118,2.994791666666663,0.5352941176470559,True,0.013499999999999459,5,0
2021-04-28,4.669329138341219,1.607596126727468,2.989305143422351,0.07017543859649356,True,-0.00593433186214668,1,0
2021-04-29,3.777101152053594,1.6033910799852515,2.98381862017804,0.7528735632183943,False,0.0,0,0
2021-04-30,3.6080628162536974,1.564644523744161,2.9783320969337277,0.760233918128656,False,0.0,0,0
2021-05-03,2.6707986293479196,1.4836258368011586,2.972845573689416,0.6158536585365882,False,0.0,0,0
2021-05-04,2.6216489738797453,3.219871205151794,2.9673590504451037,0.02285714285714237,False,0.0,0,0
2021-05-05,3.135685090716141,2.1169621593014076,2.989305143422351,0.7249999999999962,False,0.0,0,0
2021-05-06,3.668400994996392,1.5431034482758552,2.98381862017804,0.07821229050279396,False,0.0,0,0
2021-05-07,4.01931422249617,3.775536591673127,2.9783320969337277,0.586757990867579,False,0.0,0,0
2021-05-10,4.596583264893935,2.04181241356869,2.9952940261356535,0.7808764940239047,True,-0.03756516175753146,4,1
2021-05-11,4.899971330000058,3.506816428020238,2.994791666666663,0.9853300733496327,True,0.017551083032270542,5,0
2021-05-12,5.041603699516217,2.606695629951446,2.9968011045426257,0.2450980392156861,True,-0.01467118997912337,5,1
2021-05-13,5.731286761796928,5.044995909462786,2.996298745073635,0.9531531531531523,True,0.014562108542111986,5,0
2021-05-14,6.330330735855711,2.405556496696598,3.0070787987115977,0.9190140845070409,True,0.008092679855964126,5,0
2021-05-17,6.042086907517675,2.6429521276595804,3.002191131361607,0.29559748427673266,True,0.015396265560165658,5,0
2021-05-18,5.781500993072333,1.7303591930457596,2.9973034640116163,0.46445497630331284,True,-0.04483997303673755,2,1
2021-05-19,5.501320384937908,2.9299476160880737,2.9968011045426257,0.3121212121212084,True,0.02253229017309938,5,0
2021-05-20,4.915248269821321,2.766179540709806,2.996298745073635,0.5031446540880496,True,0.015152453393294353,5,0
2021-05-21,4.14910089547938,2.6534280578618454,2.995796385604644,0.9387096774193555,False,0.0,0,0
2021-05-24,3.9469567536947117,1.557919423737331,2.9952940261356535,0.9677419354838698,False,0.0,0,0
2021-05-25,3.755634715292049,2.1223470661672885,2.994791666666663,0.16078431372548904,False,0.0,0,0
2021-05-26,4.0145744761603686,2.614768759049479,2.989305143422351,0.17915309446254019,False,0.0,0,0
2021-05-27,3.6685974158429415,1.6372901177846528,2.98381862017804,0.5663265306122424,False,0.0,0,0
2021-05-28,3.4921130076579323,2.5986761461142494,2.9783320969337277,0.4150943396226429,False,0.0,0,0
2021-06-01,3.4552586394264546,2.075289575289574,2.972845573689416,0.391472868217051,False,0.0,0,0
2021-06-02,3.595098487051711,2.274005624748894,2.9673590504451037,0.5795053003533575,False,0.0,0,0
2021-06-03,2.8347518799998257,1.9998367480205719,2.959876763573698,0.8448979591836755,False,0.0,0,0
2021-06-04,3.0193944432947832,1.8450479233226853,2.9523944767022927,0.16883116883116892,False,0.0,0,0
2021-06-07,3.0039098710204137,1.896674867074042,2.944912189830886,0.025104602510461198,False,0.0,0,0
2021-06-08,3.0527903924228426,2.5611463394548295,2.9374299029594804,0.16398713826366726,False,0.0,0,0
2021-06-09,3.309608383223376,2.4023776108313353,2.9299476160880737,0.15120274914089288,False,0.0,0,0
2021-06-10,3.3352827804398637,2.953240360951595,2.919497661215781,0.08888888888888713,False,0.0,0,0
2021-06-11,3.771023875121388,1.0687812446129934,2.943923263006187,0.354838709677419,False,0.0,0,0
2021-06-14,3.483491924862728,2.0159560778931067,2.939264714033482,0.11063829787234288,False,0.0,0,0
2021-06-15,3.8279497453914795,1.734002288530938,2.9346061650607784,0.28426395939086424,False,0.0,0,0
2021-06-16,3.744314906055061,2.256637168141603,2.9299476160880737,0.28627450980392183,False,0.0,0,0
2021-06-17,4.3700340741542805,3.7902388369678173,2.919497661215781,0.031963470319634764,False,0.0,0,0
2021-06-18,5.291930401799156,3.655871249751646,2.943923263006187,0.32065217391304474,False,0.0,0,0
2021-06-21,5.98025386925835,2.3985426576257507,2.9588878367489984,0.6793248945147664,True,0.012536742254681434,5,0
2021-06-22,5.959424547120832,3.268287993847934,2.956064098850297,0.17058823529411685,False,0.0,0,0
2021-06-23,6.000898469753375,1.3653846153846172,2.9673590504451037,0.21830985915493092,True,-0.0019548104903507543,4,0
2021-06-24,5.304319164103273,1.4029765854583276,2.9645353125464022,0.3243243243243197,True,0.013509027081243298,5,0
2021-06-25,3.905167548020077,2.6363636363636416,2.9617115746477007,0.9689655172413782,False,0.0,0,0
2021-06-28,3.822633364540137,3.3534118493212297,2.9588878367489984,0.42627345844504066,False,0.0,0,0
2021-06-29,3.5727983299662087,2.809902421395012,2.972845573689416,0.26688102893890625,False,0.0,0,0
2021-06-30,3.7202906038338606,1.8173345759552681,2.9673590504451037,0.7025641025641038,False,0.0,0,0
2021-07-01,3.8307124978764433,1.916817359855326,2.9645353125464022,0.49056603773584756,False,0.0,0,0
2021-07-02,3.534894668842315,1.6061390202551953,2.9617115746477007,0.055555555555552485,False,0.0,0,0
2021-07-06,3.0041051460602883,3.203909856095567,2.9588878367489984,0.1242937853107341,False,0.0,0,0
2021-07-07,3.493793072457996,2.4256951102588697,2.972845573689416,0.3833992094861654,False,0.0,0,0
2021-07-08,3.2983039129659524,3.1119920713577804,2.9673590504451037,0.4999999999999977,False,0.0,0,0
2021-07-09,3.694024810720273,2.337662337662344,2.989305143422351,0.7489711934156388,False,0.0,0,0
2021-07-12,4.186484062673198,3.779232927970058,2.98381862017804,0.9925742574257422,False,0.0,0,0
2021-07-13,5.041163372001699,2.0799421233496087,2.995796385604644,0.026086956521740153,True,0.013499999999999459,5,0
2021-07-14,4.631454870332496,3.010592826612149,2.9952940261356535,0.05864197530864137,False,0.0,0,0
2021-07-15,5.22637578004233,2.1617448369040813,2.9973034640116163,0.7991071428571423,True,-0.019500000000000465,5,1
2021-07-16,5.468695194828653,2.3005429281310388,2.9968011045426257,0.1,True,-0.024885469303864954,4,1
2021-07-19,5.6699342524218075,3.892493049119557,2.996298745073635,0.16402116402116518,False,0.0,0,0
2021-07-20,5.586407128647635,5.164418212478927,3.0026192090518293,0.9428571428571427,True,-0.009316949923666738,4,0
2021-07-21,6.842551719013869,3.249999999999996,3.0128226214420333,0.917159763313609,True,0.015784684543253935,5,0
2021-07-22,6.3516170914782375,2.622888951787906,3.0217418007615695,0.4100719424460432,True,-0.00529807766243765,1,0
2021-07-23,5.9483276878444915,2.7178030303030347,3.0195120059316856,0.006968641114986133,True,-0.007487811370983265,2,0
2021-07-26,5.470062415725121,2.9568074210068627,3.0172822111018016,0.6633986928104574,True,0.009379544557439813,4,0
2021-07-27,4.910152146245101,2.268777756323609,3.0150524162719172,0.7702127659574496,True,-0.005278236129080804,2,0
2021-07-28,3.8156482035813326,2.144194756554313,3.0128226214420333,0.04803493449781621,False,0.0,0,0
2021-07-29,3.8110241759235977,2.831677652957012,3.010592826612149,0.44918032786885437,False,0.0,0,0
2021-07-30,3.8472488933814804,2.6831976313841652,3.0079349540920424,0.7344827586206916,False,0.0,0,0
2021-08-02,4.00640008329692,3.909788335335987,3.0052770815719363,0.7399527186761211,False,0.0,0,0
2021-08-03,4.5038638139952605,4.834535034202259,3.0150524162719172,0.17973231357552524,False,0.0,0,0
2021-08-04,4.913787189077111,1.9046734181919645,3.0298873400724102,0.4731707317073139,True,-0.01590455371928433,3,0
2021-08-05,4.879631994470539,2.1830471318962372,3.0217418007615695,0.6443514644351429,True,0.0053999999999997834,2,0
2021-08-06,4.548977145713776,2.4260869565217447,3.0195120059316856,0.5304659498207888,True,0.005837796184251266,4,0
2021-08-09,4.4505341244412895,2.0485905358503356,3.0172822111018016,0.5661157024793344,True,0.013499999999999459,5,0
2021-08-10,4.159135473496539,1.4318010550113103,3.0150524162719172,0.8771929824561363,False,0.0,0,0
2021-08-11,3.69010224118382,2.698553769087827,3.0128226214420333,0.694610778443111,False,0.0,0,0
2021-08-12,3.654580806522442,1.7218334774746535,3.010592826612149,0.4657534246575364,False,0.0,0,0
2021-08-13,3.66281304823586,1.5383407895769514,3.0079349540920424,0.07142857142857195,False,0.0,0,0
2021-08-16,3.5077597625405836,2.828877442563983,3.0052770815719363,0.24855491329479695,False,0.0,0,0
2021-08-17,3.511575942433221,1.2001644060830199,3.0026192090518293,0.44520547945205086,False,0.0,0,0
2021-08-18,3.6733348438652493,1.871657754010691,2.9999613365317233,0.9910714285714304,False,0.0,0,0
2021-08-19,3.890971576479952,3.32715559085695,2.9973034640116163,0.8779840848806348,False,0.0,0,0
2021-08-20,4.2978556408692725,2.1427322022039554,3.0079349540920424,0.48979591836734754,True,0.01981742581404561,5,0
2021-08-23,4.385730488496542,1.6750841750841707,3.0052770815719363,0.9698492462311545,True,-0.0027596836703298808,4,0
2021-08-24,4.005363165524361,2.118996177497089,3.0026192090518293,0.776470588235291,False,0.0,0,0
2021-08-25,3.4032863399033504,2.4646168862859943,2.9999613365317233,0.9801980198019794,False,0.0,0,0
2021-08-26,3.4168053905423776,1.3322884012539207,2.9973034640116163,0.8294117647058873,False,0.0,0,0
2021-08-27,3.1965034419667573,2.268173439127994,2.9968011045426257,0.7809187279151977,False,0.0,0,0
2021-08-30,3.2325841036043927,3.3183787128712923,2.996298745073635,0.07226107226107269,False,0.0,0,0
2021-08-31,3.63627551441214,2.662055653852342,3.0026192090518293,0.22658610271903307,False,0.0,0,0
2021-09-01,3.8397350224293305,3.1776600866634515,2.9999613365317233,0.032828282828281735,False,0.0,0,0
2021-09-02,3.4991811442032086,1.102464332036316,3.010592826612149,0.6249999999999961,False,0.0,0,0
2021-09-03,3.2444626863115333,1.5557896442751817,3.0079349540920424,0.05729166666667372,False,0.0,0,0
2021-09-07,2.9578310137155044,1.8641157714005405,3.0052770815719363,0.6885964912280669,False,0.0,0,0
2021-09-08,2.7268378881888227,2.278673305764202,3.0026192090518293,0.711111111111111,False,0.0,0,0
2021-09-09,2.676868997165294,3.0541455160744495,2.9999613365317233,0.9612188365650968,False,0.0,0,0
2021-09-10,2.890744763250539,2.891645444836931,3.010592826612149,0.036931818181816935,False,0.0,0,0
2021-09-13,3.3561414604338067,2.1974335318292413,3.0079349540920424,0.7290076335877891,False,0.0,0,0
2021-09-14,3.3843032853212547,2.446256486286137,3.0052770815719363,0.03030303030302668,False,0.0,0,0
2021-09-15,4.106930880540274,2.583823021085386,3.0026192090518293,0.7324414715719033,False,0.0,0,0
2021-09-16,4.326458157713398,2.1860194497547965,2.9999613365317233,0.09505703422053248,True,0.01680662597721555,5,0
2021-09-17,4.386367970505253,2.2192105708961463,2.9973034640116163,0.1450381679389301,True,-0.001910573775533218,5,0
2021-09-20,4.23371399707497,2.0183486238532136,2.9968011045426257,0.4409090909090898,False,0.0,0,0
2021-09-21,4.898662554600437,1.794988610478359,2.996298745073635,0.3654822335025377,True,0.022735773174188012,5,0
2021-09-22,4.384283576687348,2.107071803219387,2.995796385604644,0.9828326180257484,True,0.021242188739075962,5,0
2021-09-23,4.303836683121654,2.916160388821385,2.9952940261356535,0.857142857142856,True,0.013499999999999459,5,0
2021-09-24,4.571398100971922,2.8705330990041067,2.994791666666663,0.9883381924198232,True,0.0023954812070380097,4,0
2021-09-27,4.460762305073475,2.5682312213187326,2.989305143422351,0.7899686520376169,True,0.003793324203985461,4,0
2021-09-28,3.8322627752006397,2.5096983611748884,2.98381862017804,0.1987381703470016,False,0.0,0,0
2021-09-29,4.286081335278721,2.225335860875289,2.9783320969337277,0.6740740740740744,True,0.01489856074125401,5,0
2021-09-30,4.12685570201174,1.9072459043116825,2.972845573689416,0.36324786324786634,False,0.0,0,0
2021-10-01,4.159529218720285,1.87381811930549,2.9673590504451037,0.5229357798165124,False,0.0,0,0
2021-10-04,4.961472374847419,4.0416666666666625,2.9652487245574557,0.9938144329896934,True,0.0008509370147921982,4,0
2021-10-05,5.716837348145331,2.081252081252081,2.98381862017804,0.7040000000000021,True,0.014587848669444905,5,0
2021-10-06,5.664992668401039,3.3875898537552738,2.9783320969337277,0.09024390243902532,False,0.0,0,0
2021-10-07,6.2150021038152845,1.6253207869974144,2.9952940261356535,0.9330143540669914,True,-0.023476399427289553,1,0
2021-10-08,5.626026600809336,2.3688132402541346,2.994791666666663,0.8907284768211972,True,-0.0031125191878737628,2,0
2021-10-11,4.918047778590369,2.9639273952669103,2.989305143422351,0.9534883720930215,True,-0.04966186968435284,4,1
2021-10-12,4.789245731157317,2.1077654516640223,2.98381862017804,0.41353383458646453,True,-0.00603356677975133,4,0
2021-10-13,4.09575063671135,4.962073324905184,2.9783320969337277,0.027070063694267784,False,0.0,0,0
2021-10-14,4.281182428287927,2.981220657276986,2.9952940261356535,0.17322834645669255,True,0.015068431663148254,5,0
2021-10-15,4.490026370791312,1.5442278860569731,2.994791666666663,1.0,True,0.013499999999999459,5,0
2021-10-18,4.520637584911286,2.9870708872046228,2.9920774647887276,0.7412935323383093,True,-0.001182265436408668,4,0
2021-10-19,3.958520476451928,1.398295826960903,2.9917033548818472,0.22395833333333504,False,0.0,0,0
2021-10-20,3.9492753717626767,1.7181883537023626,2.990159198989439,0.9037656903765727,False,0.0,0,0
2021-10-21,3.39262643390044,1.5691768826620027,2.988615043097031,0.875,False,0.0,0,0
2021-10-22,3.16425625172547,2.7132593987584475,2.9870708872046228,0.9460154241645222,False,0.0,0,0
2021-10-25,3.144380753190996,1.677106486158826,2.9859008412190957,0.4497991967871488,False,0.0,0,0
2021-10-26,2.943006179710467,1.9970414201183422,2.984730795233568,0.6868686868686844,False,0.0,0,0
2021-10-27,2.94356394589402,2.1360544217686983,2.9835607492480407,0.8694267515923572,False,0.0,0,0
2021-10-28,3.352903871655843,1.9069734712546673,2.9823907032625137,0.9335793357933556,False,0.0,0,0
2021-10-29,3.3964241904538,1.2123287671232947,2.981220657276986,0.4576271186440664,False,0.0,0,0
2021-11-01,3.1905331202178653,2.511880515953847,2.9784483359106098,0.062162162162166794,False,0.0,0,0
2021-11-02,3.4625179561760056,0.9154105581939656,2.9756760145442334,0.7894736842105274,False,0.0,0,0
2021-11-03,3.4647241316457382,1.7973519928654762,2.972903693177857,0.8969465648854924,False,0.0,0,0
2021-11-04,3.051818421924103,3.66990942636699,2.97013137181148,0.2687385740402192,False,0.0,0,0
2021-11-05,3.6216049131565127,1.8519793459552478,2.981220657276986,0.8587360594795554,False,0.0,0,0
2021-11-08,3.9835741207107986,1.9185806629074351,2.9784483359106098,0.6093189964157683,False,0.0,0,0
2021-11-09,3.8519270704223003,2.169652855543129,2.9756760145442334,0.22580645161290708,False,0.0,0,0
2021-11-10,3.8856211218683883,1.836217813423395,2.972903693177857,0.582375478927204,False,0.0,0,0
2021-11-11,3.7115993125874853,2.239436619718315,2.97013137181148,0.5345911949685488,False,0.0,0,0
2021-11-12,2.998650165170273,1.0185572764057542,2.9673590504451037,0.4589041095890495,False,0.0,0,0
2021-11-15,2.6390085970440347,1.2871972318338998,2.966672719409465,0.9462365591397875,False,0.0,0,0
2021-11-16,2.5220083700437543,1.3687209059959693,2.9659863883738264,0.5076142131979698,False,0.0,0,0
2021-11-17,2.506970575993531,3.66015816362236,2.9653000573381876,0.0,False,0.0,0,0
2021-11-18,2.70838419176524,1.6640367235690672,2.97013137181148,0.06465517241378349,False,0.0,0,0
2021-11-19,2.8984116899922996,3.276853026797034,2.9673590504451037,0.13211845102505373,False,0.0,0,0
2021-11-22,3.178471745212718,2.3569511929799116,2.9784483359106098,0.9753846153846115,False,0.0,0,0
2021-11-23,3.7801983609570255,2.207348333808028,2.9756760145442334,0.6225806451612936,False,0.0,0,0
2021-11-24,4.043822983222393,1.6391145979265924,2.972903693177857,0.6452991452991405,False,0.0,0,0
2021-11-26,3.690075331452964,4.358778625954194,2.97013137181148,0.13485113835376478,False,0.0,0,0
2021-11-29,4.003219535193436,3.977103776390124,2.981220657276986,0.06355140186915959,False,0.0,0,0
2021-11-30,4.270606788711765,2.6299162849470843,2.9859008412190957,0.3213213213213237,True,-0.00677584895224753,5,1
2021-12-01,4.340957756823245,1.681993240587901,2.984730795233568,0.7897196261682282,True,-0.05250000000000038,5,2
2021-12-02,5.587396426249772,4.494195688225541,2.983560749248041,0.9889298892988926,True,0.01882000815237489,5,0
2021-12-03,6.896137116187589,3.4158838599487553,2.9886150430970306,0.15454545454545315,False,0.0,0,0
2021-12-06,7.591735521081238,2.1375390281002336,2.994791666666663,0.8913857677902599,True,-0.02020358312327096,3,0
2021-12-07,7.554120451314563,3.0027717893440142,2.993247510774255,1.0,True,-0.008657361654784512,1,0
2021-12-08,7.252625667871823,2.0224719101123725,2.996298745073635,0.39259259259259094,True,0.016425956419462706,5,0
2021-12-09,5.924206022657064,1.3513513513513586,2.9957963856046446,0.890804597701135,True,-0.005567724623669744,4,0
2021-12-10,4.858611349239434,2.541729893778448,2.9952940261356535,0.05970149253731014,True,0.013108473476065865,5,0
2021-12-13,3.897431274223345,3.197697035711507,2.994791666666663,0.11922141119221288,False,0.0,0,0
2021-12-14,3.615248300101211,3.5986826251104427,2.9968011045426257,0.881696428571428,False,0.0,0,0
2021-12-15,3.777975299866662,3.705726322359193,3.0005844592110553,0.16842105263157783,False,0.0,0,0
2021-12-16,3.977272519425064,2.0156438026473964,3.0059002042512684,0.4440298507462714,False,0.0,0,0
2021-12-17,4.077050967112137,5.756389592447628,3.004335996797641,0.1600000000000001,False,0.0,0,0
2021-12-20,4.642834125517615,3.6783936556146237,3.010592826612149,0.39678899082568775,False,0.0,0,0
2021-12-21,4.982946060664133,2.0756918972991074,3.0195120059316856,0.8232931726907646,True,0.013968928881072986,5,0
2021-12-22,4.92889197548175,1.3345195729537298,3.0172822111018016,1.0,True,0.011612852490269089,4,0
2021-12-23,4.625604313694668,2.5533239919040955,3.0150524162719177,0.3902439024390246,True,-0.001992745355023128,3,0
2021-12-27,4.385667427358281,2.0643968571868796,3.012822621442033,0.45522388059701335,True,0.008099999999999675,3,0
2021-12-28,3.789559334393013,2.4833937198067573,3.010592826612149,0.9027355623100323,False,0.0,0,0
2021-12-29,3.2479919363026353,1.7365269461077792,3.009028619158522,0.20258620689655182,False,0.0,0,0
2021-12-30,2.768520735323464,1.9012549785827018,3.007464411704895,0.4466403162055316,False,0.0,0,0
2021-12-31,2.841721153772032,1.5758873929008586,3.0059002042512684,0.36407766990291224,False,0.0,0,0
2022-01-03,2.7365031118171625,1.7520215633423204,3.004335996797641,0.7777777777777737,False,0.0,0,0
2022-01-04,2.5444513068644747,3.0255006483215796,3.0027717893440142,0.9119047619047612,False,0.0,0,0
2022-01-05,3.0489930813237396,1.7671232876712413,3.009028619158522,0.333333333333337,False,0.0,0,0
2022-01-06,3.85722866495101,2.378793163585627,3.007464411704895,0.04105571847506936,False,0.0,0,0
2022-01-07,4.004268562994501,2.6304945054945144,3.0059002042512684,0.9451697127937317,False,0.0,0,0
2022-01-10,4.42849213623888,3.8051349572086903,3.004335996797641,0.14359861591695225,False,0.0,0,0
2022-01-11,5.128460254953193,2.4338058304359365,3.010592826612149,0.04120879120879292,True,0.013734283404082838,5,0
2022-01-12,5.006035734584192,2.3834331857254467,3.009028619158522,0.9180327868852505,True,-0.0011889070146820606,2,0
2022-01-13,4.428547304734805,1.6072358146798533,3.007464411704895,0.8947368421052668,True,0.013937540537034167,5,0
2022-01-14,4.4736122497271555,3.071577484364133,3.0059002042512684,0.8823529411764679,True,0.003971467614101987,2,0
2022-01-18,4.458396402336186,3.31842950957105,3.012822621442033,0.1389473684210519,False,0.0,0,0
2022-01-19,4.447619031852323,3.6609686609686514,3.0217418007615695,0.29377431906614687,False,0.0,0,0
2022-01-20,5.056977994781757,3.0978840006089157,3.0247488788095778,0.955773955773961,True,-0.06060000000000006,2,2
2022-01-21,5.873045720910676,2.223993622957347,3.042687568973302,0.2544802867383497,True,-0.00890924786441255,5,1
2022-01-24,6.436068604277563,4.551480335837376,3.0369585954227287,0.09126213592233003,False,0.0,0,0
2022-01-25,8.2711943252682,4.69248684551022,3.0558103123227136,0.06985294117646978,False,0.0,0,0
2022-01-26,9.425426688654577,4.102359056377446,3.06246949731577,0.8908382066276825,True,0.023800871298984394,5,0
2022-01-27,9.589784877003169,3.6500994035785204,3.0676812976163217,0.6819172113289798,True,-0.05790000000000016,3,2
2022-01-28,10.173907724028187,4.132860040567952,3.0705401896950635,0.0838445807770954,False,0.0,0,0
2022-01-31,10.516917378790984,1.5552995391705076,3.0744071647757876,0.9206349206349251,True,0.01701806550253432,5,0
2022-02-01,9.249825654783661,2.6632502523487793,3.0729923245699604,0.8075801749271143,True,0.013569603253779152,5,0
2022-02-02,8.001668369040624,2.6527391598406864,3.071577484364133,0.0,True,0.01395345345345317,5,0
2022-02-03,7.1726346259586125,2.1525260744137857,3.0710588370295984,0.17525773195876973,True,-0.039235298118340686,3,1
2022-02-04,6.073789013340952,2.154453042027009,3.0705401896950635,0.39436619718309973,True,0.01531920383211022,5,0
2022-02-07,5.687544078564507,2.0001449380389813,3.070021542360529,0.7463768115942062,True,-0.004498795934298859,5,0
2022-02-08,5.050037119701862,1.945193809456204,3.0695028950259946,0.916058394160588,True,0.01399492029350108,5,0
2022-02-09,4.577081823970273,1.9652305366591176,3.0689842476914597,0.611888111888109,True,-0.015842727186131923,1,0
2022-02-10,4.275601841119588,2.6581309581796626,3.0676812976163217,0.8560209424083737,True,-0.05096899303442243,5,2
2022-02-11,4.653413529248553,2.953077305316956,3.066378347541184,0.5913461538461563,True,-0.05515880564003319,4,2
2022-02-14,5.021580906484259,2.653951356546169,3.065075397466046,0.022284122562677557,True,0.02007553710102289,5,0
2022-02-15,5.641277437389031,2.79885099801133,3.063772447390908,0.09210526315789365,True,-0.005323169403168081,2,0
2022-02-16,5.5621153638122545,3.4567533338300045,3.06246949731577,0.30818965517241426,False,0.0,0,0
2022-02-17,5.70719392610647,3.6750338193296157,3.0676812976163217,0.022494887525559414,False,0.0,0,0
2022-02-18,5.6828030299115735,2.362641718861495,3.0705401896950635,0.892617449664432,True,0.014446018467366097,5,0
2022-02-22,4.719074840277631,4.151551793631604,3.070021542360529,0.9378640776699015,True,0.016683007731226385,5,0
2022-02-23,4.470075950601208,1.675845790715968,3.0729923245699604,0.09859154929577192,True,-0.01510463226330788,5,1
2022-02-24,5.708889543288477,4.174912826312324,3.071577484364133,0.8374717832957116,True,-0.007162378670226566,5,1
2022-02-25,7.0536465893322315,4.034482758620696,3.0772368451874414,0.5641025641025634,False,0.0,0,0
2022-02-28,7.493799592644194,3.1728479074515175,3.0901910745226573,0.5603217158176946,False,0.0,0,0
2022-03-01,7.781035035954939,4.96399176954733,3.103527228908462,0.04663212435233087,False,0.0,0,0
2022-03-02,8.829279056768263,3.3387769914715952,3.1132517697536404,0.8097826086956549,True,0.027127309058900873,5,0
2022-03-03,8.61117067728947,2.7372881355932117,3.118290563337079,0.6563467492260053,True,0.013576923076922544,5,0
2022-03-04,7.822055288557914,2.9554396559612077,3.1170308649412197,0.7554179566563451,True,0.013499999999999459,5,0
2022-03-07,6.9501346471767125,4.019047619047618,3.11577116654536,0.24407582938388658,False,0.0,0,0
2022-03-08,7.8046663148965365,3.029993878800258,3.1354754980950608,0.1683501683501676,True,-0.010355544902525167,5,1
2022-03-09,7.517911057368119,3.728155339805815,3.1268830307160713,0.47395833333333287,False,0.0,0,0
2022-03-10,7.036464770770969,4.52000000000001,3.161252900232029,0.8517699115044247,True,0.018394473868291794,5,0
2022-03-11,6.832532567381141,2.31715457232765,3.17052890600762,0.40329218106995934,True,-0.04968957415565341,2,1
2022-03-14,7.243119472083433,2.4725803348085367,3.168209904563722,0.7354085603112807,True,-0.050489964450444576,5,2
2022-03-15,6.547018974543647,2.8669397085436756,3.165890903119825,0.1794019933554835,True,0.013499999999999459,5,0
2022-03-16,5.48897668064284,3.41441441441442,3.1635719016759274,0.8337730870712379,True,-0.007314448737532786,5,1
2022-03-17,5.615172779654473,2.8104286345558926,3.1728479074515175,1.0,True,0.018591611578612943,5,0
2022-03-18,5.984295183543113,2.643024422883905,3.17052890600762,0.2753164556962043,True,0.013499999999999459,5,0
2022-03-21,5.622514281489198,3.2237161833792354,3.168209904563722,0.11306532663316643,False,0.0,0,0
2022-03-22,5.268443294916145,3.2399999999999975,3.1747727791362914,0.8962962962962923,True,-0.005690624999999982,1,0
2022-03-23,5.150117663903666,1.272509003601432,3.1816674764730632,0.358490566037734,True,-0.018100199236261445,5,1
2022-03-24,4.806845219790884,2.046640574037827,3.1776600866634515,0.7689243027888445,True,0.01466939175931953,5,0
2022-03-25,3.909206181851361,2.0203652820429934,3.176697650821065,0.828000000000003,False,0.0,0,0
2022-03-28,3.6954292292051547,3.0901762427882686,3.175735214978678,0.5907928388746814,False,0.0,0,0
2022-03-29,3.5128206837372082,2.9904124182011924,3.1747727791362914,0.017811704834611062,False,0.0,0,0
2022-03-30,3.74490761114552,1.6436862195216946,3.1738103432939044,0.6824644549763091,False,0.0,0,0
2022-03-31,3.754128780332991,1.4095787281755607,3.1728479074515175,0.5852272727272717,False,0.0,0,0
2022-04-01,4.749146135191177,2.052098165675508,3.17052890600762,0.4408163265306136,True,0.004340016540103055,4,0
2022-04-04,5.021191713359373,2.7061966732741536,3.168209904563722,0.7356687898089178,True,0.013499999999999459,5,0
2022-04-05,5.146468018533912,2.1827143108607676,3.165890903119825,0.899193548387097,True,-0.026814835854821716,4,1
2022-04-06,5.158837208006434,1.4000000000000057,3.1635719016759274,0.5389610389610449,True,0.015066210045661612,5,0
2022-04-07,4.804026894070155,3.0427631578947354,3.161252900232029,0.06006006006006095,True,0.01588570437867537,5,0
2022-04-08,4.39846476975408,1.5576607760976442,3.1526604328530397,0.46783625730994155,True,-0.007484082075747788,3,0
2022-04-11,4.18547171925756,2.8179190751445127,3.14406796547405,0.9551282051282051,False,0.0,0,0
2022-04-12,4.185246294200557,3.3554003808832764,3.1354754980950608,0.8918918918918939,False,0.0,0,0
2022-04-13,4.7018565054234704,3.0678976726293494,3.1635719016759274,0.576802507836992,True,0.01587337172723796,5,0
2022-04-14,4.961799851171781,2.9073572029540986,3.161252900232029,0.19292604501607996,True,0.016507962903294315,5,0
2022-04-18,4.871577904208457,3.5693157168211442,3.1526604328530397,0.4447513812154689,False,0.0,0,0
2022-04-19,5.009736295532617,2.670707453357319,3.168209904563722,0.9858156028368822,True,0.013499999999999459,5,0
2022-04-20,4.998613822141974,1.6415500538213117,3.165890903119825,0.7377049180327845,True,-0.00881094984540489,4,0
2022-04-21,4.101871283058679,2.040638353536237,3.1635719016759274,0.47435897435897345,False,0.0,0,0
2022-04-22,5.175277390682497,2.95066413662239,3.161252900232029,0.05144694533761949,True,-0.016958737383732714,5,1
2022-04-25,5.896393758232393,3.626338670342489,3.1526604328530397,0.03801169590643556,False,0.0,0,0
2022-04-26,6.658090233232779,2.9731457800511425,3.168209904563722,0.9498207885304656,True,-0.012632316343995371,5,1
2022-04-27,7.390696575365692,3.513090176773328,3.165890903119825,0.7611464968152867,True,0.021056143061210453,5,0
2022-04-28,7.6646866820713555,2.8304956078516423,3.1738103432939044,0.16475095785440877,True,0.013499999999999459,5,0
2022-04-29,7.085506072543813,2.0653480493935095,3.1728479074515175,0.9735449735449675,True,0.015490737675521839,5,0
2022-05-02,7.535968760853403,3.5947324712302775,3.17052890600762,0.6204620462046234,False,0.0,0,0
2022-05-03,7.475484370724297,1.8613907749941503,3.175735214978678,0.6729559748427705,True,-0.010814454413648531,5,1
2022-05-04,7.068207893409356,2.5495105850216198,3.1747727791362914,0.8035714285714292,True,0.01513015581571048,5,0
2022-05-05,8.318782137906323,2.6533275337103066,3.1738103432939044,0.11885245901639611,True,-0.010913656380419474,5,1
2022-05-06,8.994321863004757,5.227537922987169,3.1728479074515175,0.1227678571428564,False,0.0,0,0
2022-05-09,7.9248802999744274,2.9151291512915187,3.176697650821065,0.9367088607594914,True,0.01351886792452778,5,0
2022-05-10,7.745335569422124,2.52756783546028,3.175735214978678,0.6127450980392181,True,-0.0031978109194667464,5,1
2022-05-11,8.723647316307012,4.9915287371302135,3.1747727791362914,0.9791122715404668,True,-0.012493880915773803,5,1
2022-05-12,8.56280056797758,3.557692307692293,3.1816674764730632,0.4517374517374488,False,0.0,0,0
2022-05-13,8.269805285747852,1.6831032215647617,3.197697035711507,0.7187500000000007,True,0.014913864728027639,5,0
2022-05-16,8.154813076329647,4.648109243697469,3.193689645901896,0.21468926553672107,False,0.0,0,0
2022-05-17,7.736402169531502,1.7006802721088363,3.1992783155314846,0.8518518518518491,True,0.013691783533156534,5,0
2022-05-18,6.522174035053917,2.0025348542458783,3.1987512222581587,0.24050632911392142,True,-0.017343045518476603,5,1
2022-05-19,6.030595000574714,3.9977712773366827,3.1982241289848328,0.21254355400696812,False,0.0,0,0
2022-05-20,5.368800985980864,2.308513477448631,3.2003325020781364,0.24855491329479285,True,-0.057900000000000056,3,2
2022-05-23,6.41391636822749,2.74223034734917,3.1998054088048105,0.371428571428573,True,0.017924185227129297,5,0
2022-05-24,6.8340844354543835,2.714468629961576,3.1992783155314846,0.1698113207547175,True,0.02443479104228402,5,0
2022-05-25,7.384078644737661,2.436522185175693,3.1987512222581587,0.7684210526315733,True,0.01571027167845146,5,0
2022-05-26,7.170206900300899,3.1141036431405595,3.1982241289848328,0.9266409266409276,True,0.013499999999999459,5,0
2022-05-27,7.363685324028959,2.7840909090908963,3.197697035711507,0.7102040816326542,True,0.014343545105131974,5,0
2022-05-31,6.1996170997525635,2.775280898876419,3.193689645901896,0.7246963562753024,True,0.013499999999999459,5,0
2022-06-01,5.885652412754171,2.314141978759076,3.189682256092285,0.24637681159419933,True,0.014718001539852978,5,0
2022-06-02,5.980900868783298,2.4180423157405233,3.185674866282674,0.4038461538461558,True,0.023408880758275352,5,0
2022-06-03,6.075808326021841,2.4644658413571823,3.1816674764730632,0.5069767441860468,True,0.01817552398793959,5,0
2022-06-06,5.455641216644271,2.901836318295174,3.1776600866634515,1.0,True,-0.032024656278643586,3,1
2022-06-07,5.44435125971841,1.5306723183798387,3.176697650821065,0.30769230769231276,True,0.014478354879553125,5,0
2022-06-08,5.323504084847363,2.2012216203757187,3.175735214978678,0.9214659685863849,True,-0.016589104542233113,5,1
2022-06-09,4.74895740608951,2.7415299892254184,3.1747727791362914,0.7554585152838471,True,0.016681410275912134,5,0
2022-06-10,4.867268937214116,2.428983120625766,3.1738103432939044,0.22598870056496745,True,0.019677752138888727,5,0
2022-06-13,5.460113989802534,2.1428571428571357,3.1728479074515175,0.2898550724637732,True,0.040010161591065796,5,0
2022-06-14,5.993538334080179,3.2136105860113298,3.17052890600762,0.9362745098039236,True,-0.01735861182519311,5,1
2022-06-15,6.578228672860232,2.8732925105982074,3.175735214978678,0.8196721311475418,True,0.037788018850824445,5,1
2022-06-16,7.420583868293451,3.496152559384403,3.1747727791362914,0.0,False,0.0,0,0
2022-06-17,6.917396816300224,3.880698186748008,3.1816674764730632,0.8122270742358079,True,0.03099643981908656,5,0
2022-06-21,6.94314344157304,1.9519999999999982,3.197697035711507,0.7540983606557398,True,-0.0023308257579918047,3,0
2022-06-22,6.138099963312169,2.5658113962012647,3.193689645901896,0.5389610389610382,True,0.014177058353317009,5,0
2022-06-23,5.805901307413599,1.791999999999996,3.189682256092285,0.7857142857142898,True,-0.017887149917628024,5,1
2022-06-24,5.251659699625878,4.554865424430641,3.185674866282674,0.9790209790209782,True,0.014414776487547356,5,0
2022-06-27,6.375889642713374,4.142857142857131,3.1982241289848328,0.04827586206896096,False,0.0,0,0
2022-06-28,6.044132313447146,2.683797287651671,3.2003325020781364,0.8776595744680903,True,-0.05790000000000028,3,2
2022-06-29,7.152049515445716,3.182023827477001,3.1998054088048105,0.6587677725118488,True,-0.007477742485259774,3,0
2022-06-30,6.7352357564368175,4.27946182525531,3.1992783155314846,0.20454545454545417,False,0.0,0,0
2022-07-01,7.247818800690344,4.971135343168701,3.201763443685109,0.7322580645161297,True,0.021776386332826247,5,0
2022-07-05,6.806587090808155,3.8061730369422717,3.20585000207872,0.15126050420168027,False,0.0,0,0
2022-07-06,7.5695739999489104,3.569772832637927,3.2136105860113298,0.07359307359307427,False,0.0,0,0
2022-07-07,6.879773317808168,2.7366192924100425,3.2186190813237014,0.6961325966850849,True,-0.0003620309810257842,2,0
2022-07-08,6.597659685715603,2.8672775642920456,3.2173669574956087,0.05154639175257445,True,-0.005630863731140211,4,0
2022-07-11,5.572133573179489,2.5432817527194898,3.2161148336675156,0.8975903614457827,True,0.014455366298373353,5,0
2022-07-12,4.5471024030059235,4.3607843137254925,3.214862709839423,0.8741007194244625,True,-0.05081509747619789,5,2
2022-07-13,4.167588883220913,2.135576767513348,3.219871205151794,0.37121212121212266,False,0.0,0,0
2022-07-14,4.241617970869962,3.458957150232315,3.2186190813237014,0.46766169154228787,False,0.0,0,0
2022-07-15,4.558172962843985,2.5179856115107904,3.221181005033845,0.20779220779220808,True,0.015098065641350468,5,0
2022-07-18,5.3603487322384105,3.0252859723058476,3.2207444050731615,0.14925373134328887,True,-0.046302736318407936,2,1
2022-07-19,6.361373328167309,1.9945188794153503,3.220307805112478,0.7480916030534368,True,0.01579959606555309,5,0
2022-07-20,6.418895240708207,1.9015822325446397,3.219871205151794,0.07633587786259095,True,-0.003398221313615257,1,0
2022-07-21,6.050350736409344,1.7253774263120099,3.2186190813237014,0.750000000000003,True,0.020803797424937598,5,0
2022-07-22,6.21594708365281,3.287632904308909,3.2173669574956087,0.0,False,0.0,0,0
2022-07-25,5.869048126245505,2.6756794817631198,3.2207444050731615,0.9157894736842119,True,-0.0023976059849685413,4,0
2022-07-26,4.9413290313015725,2.1674033936974135,3.2207444050731615,0.342105263157893,True,-0.019623037759864577,5,1
2022-07-27,4.632755150846741,1.6618497109826467,3.2207444050731615,0.6260869565217427,True,0.013722138926348494,5,0
2022-07-28,5.077454625673409,3.028188668713371,3.2161148336675156,0.22580645161290724,True,0.01959022882654088,5,0
2022-07-29,5.42950329065881,2.70929287455974,3.2161148336675156,0.8999999999999986,True,0.003386798576606566,5,0
2022-08-01,5.190877810297548,2.2882376555600077,3.2161148336675156,0.8070175438596494,True,-0.01828240618272354,5,1
2022-08-02,5.280899678065306,2.003816793893128,3.2077901480618727,0.32653061224490093,True,0.017549891540129592,5,0
2022-08-03,5.1031129349222955,1.760563380281686,3.2077901480618727,0.12307692307692072,True,0.014040305010892875,5,0
2022-08-04,4.861265227960198,1.6908534149913599,3.2077901480618727,0.4488188976377975,True,-0.010128662504980823,1,0
2022-08-05,3.87383003522604,3.6287034520250088,3.2077901480618727,0.9775280898876396,False,0.0,0,0
2022-08-08,3.9857012228205293,1.380645161290332,3.2161148336675156,0.13084112149532673,False,0.0,0,0
2022-08-09,3.950984241688457,1.8034500784108671,3.2161148336675156,0.6014492753623196,False,0.0,0,0
2022-08-10,3.566635576383457,2.8060591010677807,3.2161148336675156,0.5530973451327456,False,0.0,0,0
2022-08-11,3.28527433679833,1.530311948204823,3.2161148336675156,0.9923076923076993,False,0.0,0,0
2022-08-12,3.470349881091264,0.8686587908269632,3.2161148336675156,0.3599999999999947,False,0.0,0,0
2022-08-15,3.3344383476888333,2.5836216839676984,3.2161148336675156,0.9330357142857116,False,0.0,0,0
2022-08-16,3.4979446914027874,1.8912797281993226,3.2161148336675156,0.9700598802395142,False,0.0,0,0
2022-08-17,4.014327502223901,1.7513931536449356,3.2161148336675156,0.7922077922077956,False,0.0,0,0
2022-08-18,4.0526949859417165,1.0959516886602434,3.2161148336675156,0.22448979591836854,False,0.0,0,0
2022-08-19,3.9476976247510485,3.355932203389829,3.2161148336675156,0.05723905723905783,False,0.0,0,0
2022-08-22,4.1010150179501865,1.3871686896210114,3.2207444050731615,0.5178571428571392,False,0.0,0,0
2022-08-23,3.8813679756977137,1.849037487335352,3.2207444050731615,0.7534246575342459,False,0.0,0,0
2022-08-24,3.5210416037571663,1.1956801234250536,3.2207444050731615,0.2688172043010733,False,0.0,0,0
2022-08-25,3.5701327585441796,3.1152258225947635,3.2207444050731615,0.9959839357429755,False,0.0,0,0
2022-08-26,4.046797883471906,1.6428828396690305,3.2207444050731615,0.4598540145985353,False,0.0,0,0
2022-08-29,5.039593697572554,1.7334777898158003,3.2207444050731615,0.414062499999994,True,0.015441591591070227,5,0
2022-08-30,5.166633637714539,1.9158628081457563,3.2161148336675156,0.08391608391608753,True,0.020573429030196044,5,0
2022-08-31,5.597801521164009,2.829547000408105,3.2161148336675156,0.5288461538461515,True,-0.01673022797635832,5,1
2022-09-01,5.842151264775313,2.357142857142865,3.2161148336675156,0.26060606060606384,True,0.029243146717530977,5,0
2022-09-02,6.119890715366009,1.8445680184456792,3.2161148336675156,0.5955882352941091,True,0.013499999999999459,5,0
2022-09-06,5.913141409329212,4.474019538439752,3.2161148336675156,0.2563291139240516,False,0.0,0,0
2022-09-07,6.286053579307226,2.7879141731134296,3.2207444050731615,0.6858638743455471,True,0.018309316095505068,5,0
2022-09-08,6.833526875152979,4.118707530162251,3.2207444050731615,1.0,True,-0.010276492850227865,5,1
2022-09-09,7.50165695446299,1.451489686783805,3.2207444050731615,1.0,True,0.004807485974288574,4,0
2022-09-12,6.718718324465537,2.906686626746505,3.2207444050731615,1.0,True,0.0035841381515993153,3,0
2022-09-13,5.522519240198158,2.424321845105502,3.2207444050731615,0.5513513513513544,True,0.01675567954478191,5,0
2022-09-14,5.931240917333752,1.7476262556763396,3.2207444050731615,0.39370078740157605,True,-0.010741955081599981,5,1
2022-09-15,5.455695647445098,3.904828551434578,3.2207444050731615,0.9605734767025041,True,0.020988486518154048,5,0
2022-09-16,4.838354847743533,3.270961291244116,3.2227189963248217,0.13100436681223168,False,0.0,0,0
2022-09-19,5.138329819488088,4.532077692760446,3.2245522906726998,0.9415584415584393,True,0.011467461019490567,4,0
2022-09-20,5.849635283897703,2.252443688907782,3.2314838709677374,0.10691823899371153,True,-0.01950000000000046,5,1
2022-09-21,5.376408045867692,2.6919242273180473,3.2314838709677374,0.248677248677248,True,-0.05790000000000016,3,2
2022-09-22,6.090097444165164,5.2299646208275625,3.2314838709677374,0.05294117647058817,False,0.0,0,0
2022-09-23,6.371128655490888,2.528466175485608,3.240427726519987,0.0,True,-0.015978659057199474,5,1
2022-09-26,6.998595232124804,2.759825327510914,3.240427726519987,0.158227848101266,True,-0.05229765694866764,4,2
2022-09-27,7.09186664017115,2.6799789805570047,3.2314838709677374,0.2941176470588219,True,-0.06060000000000006,2,2
2022-09-28,7.590038456325914,3.6288138653186586,3.2314838709677374,0.8507462686567147,True,0.0179555588745835,5,0
2022-09-29,7.284779832486291,3.9382650345928667,3.240427726519987,0.15315315315315156,False,0.0,0,0
2022-09-30,7.071483134938063,3.408279800142762,3.241722044426738,0.9738219895287936,True,-0.01688990182328215,5,1
2022-10-03,7.186631486058424,4.054295409894617,3.2456206819701325,0.6211453744493388,False,0.0,0,0
2022-10-04,7.705923218596439,4.506996420436061,3.257315197539172,0.9963898916967491,True,0.018487826746671987,5,0
2022-10-05,7.403596869684972,2.2435897435897414,3.257315197539172,0.8071428571428598,True,0.024637027354487417,5,0
2022-10-06,6.929555572774023,2.7569721115537913,3.257315197539172,0.2890173410404618,True,-0.015851135239216056,5,1
2022-10-07,6.884299096461779,4.672268907563027,3.257315197539172,0.01438848920863278,False,0.0,0,0
2022-10-10,6.797757070657883,2.859123202217984,3.269357312806407,0.01818181818181458,True,-0.012746586350071476,5,1
2022-10-11,5.96509544695345,3.127272727272725,3.269357312806407,0.13372093023256054,True,0.028021736664117836,5,0
2022-10-12,5.9353986744776375,2.5664868885995955,3.269357312806407,0.8115942028985473,True,0.016697435372447,5,0
2022-10-13,5.874663372645999,6.405410781778407,3.269357312806407,0.7888198757763958,True,0.03368450377833071,5,0
2022-10-14,9.069529660429023,4.857512953367875,3.2733179854652836,0.4899999999999996,False,0.0,0,0
2022-10-17,9.960595102149753,2.284011916583917,3.2811649778017844,0.18115942028985474,True,0.01672672606395592,5,0
2022-10-18,9.5371622052634,2.8003060443764323,3.2811649778017844,0.4153005464480906,True,-0.01629953510740662,5,1
2022-10-19,9.541791822012373,3.296880025731742,3.2811649778017844,0.3219512195121939,False,0.0,0,0
2022-10-20,9.895672128833663,2.197983804329872,3.2913317528780426,0.571428571428573,True,-0.06060000000000006,2,2
2022-10-21,7.308478867339137,5.541214937188102,3.2913317528780426,0.9968944099378866,True,0.024403960337875674,5,0
2022-10-24,7.111757533938041,3.663860305581543,3.3017111964262447,0.7957446808510623,True,0.01602147239263757,5,0
2022-10-25,7.2521499042773785,3.221310205978006,3.312726256629316,0.9855769230769226,True,0.017597553609181082,5,0
2022-10-26,7.255102756167091,2.2407732864674883,3.312726256629316,0.24836601307189227,True,-0.013736891251257488,5,1
2022-10-27,6.729278962479322,2.2484701864237917,3.312726256629316,0.43037974683544783,True,-0.012529774730656517,3,0
2022-10-28,5.823364605228916,3.0273023058424116,3.312726256629316,0.7476635514018729,True,0.014977004477004176,5,0
2022-10-31,5.195722905698515,1.9435821298420999,3.312726256629316,0.2083333333333395,True,-0.008929924809443344,4,0
2022-11-01,4.789819248885574,1.3502779984114321,3.3017111964262447,0.3137254901960869,True,0.013499999999999459,5,0
2022-11-02,4.2634065397963115,1.014061654948621,3.3017111964262447,0.8133333333333326,True,0.014823155903809506,5,0
2022-11-03,5.20231080033645,3.2183576273632406,3.3017111964262447,0.07174887892376562,True,0.01864860850656408,5,0
2022-11-04,5.337174813609952,2.7000830794793726,3.2913317528780426,0.7589743589743599,True,-0.018459877403176846,5,1
2022-11-07,4.979287440112046,2.4959957287773684,3.2811649778017844,0.06417112299465469,True,0.013595558546432964,5,0
2022-11-08,5.064667935414468,1.8974831993675025,3.2811649778017844,0.6666666666666634,True,0.014244351194318274,5,0
2022-11-09,5.211441970112699,2.2630457933972346,3.2811649778017844,0.21764705882353172,True,0.022062791232607737,5,0
2022-11-10,4.460375423477527,2.000755001887509,3.2733179854652836,0.9245283018867898,True,0.013509027081243298,5,0
2022-11-11,4.899422078413643,2.035533592187321,3.2733179854652836,0.7109826589595383,True,0.013499999999999459,5,0
2022-11-14,4.45488707211238,1.5976331360946678,3.269357312806407,0.2962962962963018,True,-0.035103381642512275,4,1
2022-11-15,4.681244180444109,1.8621096051856196,3.269357312806407,0.7721518987341773,True,-0.054742267795397724,4,2
2022-11-16,5.093679665137903,2.5118310884601303,3.269357312806407,0.2173913043478213,True,0.013705918618988568,5,0
2022-11-17,4.668729685820743,1.3729977116704783,3.269357312806407,0.018518518518514864,True,0.023407779932392903,5,0
2022-11-18,3.9425716347276754,1.9596056744409829,3.269357312806407,0.061349693251538606,False,0.0,0,0
2022-11-21,4.132585927457645,1.9499632082413578,3.269357312806407,0.9559748427672999,False,0.0,0,0
2022-11-22,3.813245653761791,1.0228353948620355,3.269357312806407,0.9883720930232663,False,0.0,0,0
2022-11-23,2.8475640653315457,1.4480809983517657,3.269357312806407,0.8455284552845534,False,0.0,0,0
2022-11-25,2.743600946058533,0.9349030470913989,3.269357312806407,0.7407407407407446,False,0.0,0,0
2022-11-28,2.4544818860133004,1.935634328358205,3.269357312806407,0.024096385542172492,False,0.0,0,0
2022-11-29,2.6386188323228668,1.8482490272373493,3.257315197539172,0.9473684210526325,False,0.0,0,0
2022-11-30,2.802349316227542,4.086021505376346,3.257315197539172,0.02046783625730794,False,0.0,0,0
2022-12-01,4.438302217657256,2.598425196850396,3.269357312806407,0.1731601731601693,True,0.013499999999999459,5,0
2022-12-02,5.061164435227367,1.4711158952278485,3.269357312806407,0.6422764227642307,True,0.015869910501460416,5,0
2022-12-05,5.338227411630473,2.593212237093692,3.269357312806407,0.0,True,-0.03130479192938217,3,1
2022-12-06,5.768000748578622,3.25440040521718,3.269357312806407,0.1867704280155652,True,-0.016790266896826778,5,1
2022-12-07,6.394813669211936,2.1985255397577697,3.269357312806407,0.6287425149700575,True,-0.02578040939509291,5,1
2022-12-08,5.237560559199307,2.509803921568611,3.2599554406694824,0.9895833333333354,True,-0.008750338013520575,1,0
2022-12-09,4.7492745361286595,2.2319649262654537,3.2599554406694824,0.5476190476190465,True,-0.012445502916011418,3,0
2022-12-12,4.655844111348576,1.7984660142819349,3.2599554406694824,0.6250000000000066,True,0.010011952510387613,5,0
2022-12-13,4.280907260444158,2.92613298441774,3.2599554406694824,0.61382113821138,True,-0.017271629874164696,5,1
2022-12-14,4.634528469420274,1.3336720436936327,3.2599554406694824,0.8952380952380955,True,-0.05250000000000027,5,2
2022-12-15,5.230638972203834,3.2750791248108015,3.2599554406694824,0.054621848739499636,False,0.0,0,0
2022-12-16,5.5565365969755005,1.9890458345344622,3.269357312806407,0.8768115942028982,True,0.01924104201159854,5,0
2022-12-19,5.757717218459116,2.4470520892959273,3.269357312806407,0.6608187134502922,True,-0.018976288357069833,5,1
2022-12-20,5.635865529380757,2.148521989906286,3.269357312806407,0.9530201342281832,True,-0.018622762508808934,1,0
2022-12-21,4.650754845104457,1.075418994413422,3.269357312806407,0.4415584415584401,True,-0.0027556616643928163,1,0
2022-12-22,3.8000381249939323,1.4385474860335212,3.2599554406694824,0.11650485436893633,False,0.0,0,0
2022-12-23,4.051246426391617,2.6256352343308857,3.2599554406694824,0.1236559139784968,False,0.0,0,0
2022-12-27,4.070629201862478,1.97910940076967,3.2517601620868697,0.07638888888889774,False,0.0,0,0
2022-12-28,3.6197974453572557,1.1207970112079735,3.2517601620868697,0.2469135802469164,False,0.0,0,0
2022-12-29,3.5220936591170586,1.4096185737976727,3.2517601620868697,0.8431372549019636,False,0.0,0,0
2022-12-30,3.7151723377289607,1.9947723208144215,3.2517601620868697,0.4965517241379391,False,0.0,0,0
2023-01-03,3.1555524319685997,3.2400000000000087,3.2517601620868697,0.02057613168724157,False,0.0,0,0
2023-01-04,3.502130259937732,2.0146520146520226,3.2517601620868697,0.7922077922077883,False,0.0,0,0
2023-01-05,3.9086983508692894,2.8374332942860767,3.2517601620868697,0.1743119266055031,False,0.0,0,0
2023-01-06,4.0614931952711135,3.2129032258064636,3.2517601620868697,0.377510040160646,False,0.0,0,0
2023-01-09,4.800942900151734,1.7878861590853792,3.2456206819701325,0.5646258503401353,True,-0.018870708753787657,5,1
2023-01-10,5.116592751459469,2.167919799498752,3.2456206819701325,0.37572254335259536,True,0.016788636816378155,5,0
2023-01-11,4.736482475770245,1.167741150711585,3.2456206819701325,0.2708333333333404,True,0.016046649050786066,5,0
2023-01-12,4.303939393132455,2.7212494084240384,3.241722044426738,0.360869565217391,True,-0.0027973386486097023,5,0
2023-01-13,4.349788339358808,3.09124767225327,3.241722044426738,0.5903614457831299,True,0.018663265306122112,5,0
2023-01-17,4.412294096151821,2.189951985009943,3.241722044426738,0.20320855614973124,True,-0.0015068900424731625,3,0
2023-01-18,3.9444921364282797,2.27875572703159,3.241722044426738,0.9841269841269835,False,0.0,0,0
2023-01-19,4.475428229977804,1.9595035924232527,3.241722044426738,0.4933333333333299,True,0.014062475260588072,5,0
2023-01-20,4.687172205654316,1.9749580482767537,3.241722044426738,0.8954248366013094,True,0.017423546468956996,5,0
2023-01-23,4.997033079695543,1.4070476902004674,3.241722044426738,0.7345132743362847,True,-0.007951702109182123,2,0
2023-01-24,4.528526382996274,3.74409305707016,3.241722044426738,0.5631067961165072,False,0.0,0,0
2023-01-25,5.135816329706879,2.3615232443125755,3.2456206819701325,0.17801047120418925,True,0.014904208465866877,5,0
2023-01-26,4.974015239838665,2.731287773128787,3.2456206819701325,0.2212765957446844,True,0.015846975673001584,5,0
2023-01-27,4.919165840428184,1.2450546893181376,3.2456206819701325,0.5607476635514059,True,0.014339125214419214,5,0
2023-01-30,4.371367251116364,1.8000000000000012,3.241722044426738,0.7777777777777757,True,-0.011507634201212357,3,0
2023-01-31,3.7605939974742304,1.7209084523530773,3.241722044426738,0.21768707482993715,False,0.0,0,0
2023-02-01,3.661219733621259,2.4651162790697727,3.241722044426738,0.8679245283018865,False,0.0,0,0
2023-02-02,3.9168151606679293,3.4146341463414616,3.241722044426738,0.2629870129870139,False,0.0,0,0
2023-02-03,3.9465574246177653,2.1048999309868854,3.2456206819701325,0.48633879781420064,False,0.0,0,0
2023-02-06,4.347979680417696,1.6666666666666698,3.2456206819701325,0.572413793103446,True,0.013736828359253885,5,0
2023-02-07,4.350738301107347,1.8382352941176567,3.241722044426738,0.9562499999999956,True,0.018992569002122706,5,0
2023-02-08,4.631410274883983,2.8953229398663636,3.241722044426738,0.9500000000000016,True,-0.018000323854760313,2,0
2023-02-09,3.9900625771577714,1.5630123510766278,3.241722044426738,0.14685314685314177,False,0.0,0,0
2023-02-10,4.494150722203613,1.6004672897196315,3.241722044426738,0.4671532846715317,True,0.013499999999999459,5,0
2023-02-13,4.34004293705154,2.181361352215636,3.241722044426738,0.8952879581151824,True,0.012019409282700046,4,0
2023-02-14,4.590495828467873,1.960132890365444,3.241722044426738,0.9265536723163785,True,0.0006305349907155047,4,0
2023-02-15,4.299521299121247,1.6915995397008041,3.241722044426738,0.6530612244897922,True,0.013419708029196733,5,0
2023-02-16,4.259826900880432,1.3927255985267128,3.241722044426738,0.18181818181819143,True,-0.013802599696793337,4,0
2023-02-17,3.650620398021176,1.3849765258216042,3.241722044426738,0.09322033898304982,False,0.0,0,0
2023-02-21,3.475726799670948,1.759565422768062,3.241722044426738,0.020134228187920294,False,0.0,0,0
2023-02-22,3.8431293640883433,0.9079754601226931,3.241722044426738,0.5540540540540533,False,0.0,0,0
2023-02-23,3.514778740060735,2.077985576335415,3.241722044426738,0.5588235294117655,False,0.0,0,0
2023-02-24,3.911081380170036,1.5392443709451826,3.241722044426738,0.4049586776859553,False,0.0,0,0
2023-02-27,4.195758597558816,1.5993265993265973,3.241722044426738,0.8270676691729291,False,0.0,0,0
2023-02-28,4.385374406892938,1.436816897949161,3.241722044426738,0.7863247863247866,True,0.013895174002667212,5,0
2023-03-01,3.771067588136964,1.8753104818678652,3.241722044426738,0.5695364238410573,False,0.0,0,0
2023-03-02,3.6396475850283316,3.3661119515885045,3.241722044426738,0.16479400749063575,False,0.0,0,0
2023-03-03,3.3945989584645475,1.4480089876419882,3.2456206819701325,0.6724137931034513,False,0.0,0,0
2023-03-06,3.3459941833644917,1.1971746677840296,3.241722044426738,1.0,False,0.0,0,0
2023-03-07,3.1151539734748384,1.2694958287994162,3.241722044426738,0.43809523809524686,False,0.0,0,0
2023-03-08,4.159495972145587,2.0480041742760338,3.2404277265199934,0.9299363057324848,False,0.0,0,0
2023-03-09,4.427264348038833,2.118246413728379,3.2404277265199934,0.10759493670886196,True,-0.06060000000000017,2,2
2023-03-10,6.166225366541933,6.514657980456031,3.240000000000002,0.6666666666666672,True,0.02911633670810604,5,0
2023-03-13,7.554919293809656,6.96080154684479,3.240000000000002,0.8308080808080822,True,0.029217318983189744,5,0
2023-03-14,8.904196381496353,4.727213857859793,3.2404277265199934,0.2260273972602732,False,0.0,0,0
2023-03-15,9.015120704465676,3.2473557246242346,3.244641589779981,0.2857142857142857,False,0.0,0,0
2023-03-16,9.398589227493595,2.3867694042473144,3.2435838796296763,0.7244094488189012,True,0.024285776155669236,5,0
2023-03-17,9.641860096781693,4.497020046956827,3.2435838796296763,0.04819277108433642,False,0.0,0,0
2023-03-20,8.95274019526829,3.0590917727531814,3.2484134347745393,0.9503105590062122,True,-0.01881743693610799,5,1
2023-03-21,7.8433406977797615,1.5836705965159223,3.2484134347745393,0.8444444444444436,True,0.015425241864555352,5,0
2023-03-22,6.627598545435451,1.6439314445610314,3.2435838796296763,0.5319148936170226,True,0.033892710505459445,5,0
2023-03-23,7.072070076869132,1.6261682242990738,3.2435838796296763,0.563218390804597,True,-0.05519097291875655,4,2
2023-03-24,5.830906427987167,3.223868642370844,3.2435838796296763,0.5527950310559012,True,0.024840347915652983,5,0
2023-03-27,5.594984528136822,2.587155963302759,3.2435838796296763,0.4255319148936169,True,0.016095970900950773,5,0
2023-03-28,5.469432945075569,2.1605513130936798,3.242942289849699,0.75,True,0.0012880652335061533,2,0
2023-03-29,5.617265142523482,1.1564871702204562,3.242942289849699,0.7499999999999944,True,0.01377213233957414,5,0
2023-03-30,4.55717718487846,1.0801393728222952,3.242942289849699,0.3064516129032234,True,-0.008115275310834813,1,0
2023-03-31,3.951804167196349,1.6021126760563447,3.242942289849699,0.06593406593406817,False,0.0,0,0
2023-04-03,3.22356690219666,2.171646977067408,3.242942289849699,0.6640000000000044,False,0.0,0,0
2023-04-04,3.175332590652581,2.2222222222222294,3.242942289849699,0.23846153846153942,False,0.0,0,0
2023-04-05,3.794831359303893,2.818181818181813,3.242942289849699,0.7935483870967737,False,0.0,0,0
2023-04-06,3.8235924067132965,0.9320666786162451,3.242942289849699,0.8076923076923062,False,0.0,0,0
2023-04-10,3.4091987090928653,2.033535497681057,3.242942289849699,0.6491228070175453,False,0.0,0,0
2023-04-11,3.3593677935245365,0.888346977878415,3.242942289849699,0.39215686274510514,False,0.0,0,0
2023-04-12,3.430603564073455,1.720357564513414,3.242942289849699,0.2941176470588268,False,0.0,0,0
2023-04-13,3.1246059541797413,1.976964070826884,3.242942289849699,0.7130434782608707,False,0.0,0,0
2023-04-14,3.4789685590838615,2.609262883235477,3.240000000000002,0.9124999999999993,False,0.0,0,0
2023-04-17,3.7367110228729707,2.1433246073298466,3.240000000000002,0.9312977099236617,False,0.0,0,0
2023-04-18,4.238555064316971,1.4108794481893692,3.230321185422506,0.12222222222222179,False,0.0,0,0
2023-04-19,4.187333715219784,1.2733846879421509,3.230321185422506,0.5555555555555575,False,0.0,0,0
2023-04-20,3.793802008511394,1.3310093487561343,3.230321185422506,0.6666666666666639,False,0.0,0,0
2023-04-21,3.2782749144757455,2.19242902208202,3.230321185422506,0.6618705035971233,False,0.0,0,0
2023-04-24,2.9535513255457713,1.0962821734985777,3.230321185422506,0.10144927536231854,False,0.0,0,0
2023-04-25,2.4161763303288515,1.025223759153776,3.230321185422506,0.6031746031746004,False,0.0,0,0
2023-04-26,2.5991755965082697,1.8147896879240166,3.230321185422506,0.49532710280373926,False,0.0,0,0
2023-04-27,3.0960445552261335,2.1791352093342415,3.230321185422506,0.9133858267716537,False,0.0,0,0
2023-04-28,3.5309096745442226,2.6686807653574967,3.230321185422506,0.8553459119496871,False,0.0,0,0
2023-05-01,4.28074209772097,1.5676959619952529,3.230321185422506,0.4848484848484879,True,-0.02530393143576041,1,0
2023-05-02,4.510394890751621,2.6629635680444417,3.230321185422506,0.07361963190184316,True,0.017822927819889867,5,0
2023-05-03,5.37613833503479,2.0189818809318285,3.230321185422506,0.5726495726495707,True,0.014474425436322326,5,0
2023-05-04,5.490036644881742,3.6798528058877644,3.230321185422506,0.33999999999999986,False,0.0,0,0
2023-05-05,5.73825622879571,2.6661926768574475,3.240000000000002,0.3400000000000034,True,0.013499999999999459,5,0
2023-05-08,5.186269320079202,2.0373223763054353,3.240000000000002,0.12605042016806553,True,-0.014134329632792408,1,0
2023-05-09,4.992597019961393,1.3633144475920738,3.240000000000002,0.5584415584415559,True,0.0180224757694874,5,0
2023-05-10,3.917562413329231,3.9121482498284044,3.230321185422506,0.17982456140350775,False,0.0,0,0
2023-05-11,4.161823701697604,1.5769439912996148,3.240000000000002,0.5862068965517235,False,0.0,0,0
2023-05-12,3.6961692446784946,1.677556065689569,3.230321185422506,0.199999999999997,False,0.0,0,0
2023-05-15,4.009864413529206,0.9387976168983627,3.230321185422506,0.6730769230769218,False,0.0,0,0
2023-05-16,4.109336186098675,2.08891269416176,3.223777166975879,0.06837606837606681,False,0.0,0,0
2023-05-17,4.189285107603485,1.3948497854077273,3.223777166975879,0.1666666666666697,False,0.0,0,0
2023-05-18,3.8492071650971296,1.5193370165745779,3.223777166975879,0.21590909090908944,False,0.0,0,0
2023-05-19,4.068393442169404,1.1530748663101564,3.223777166975879,0.49275362318840205,False,0.0,0,0
2023-05-22,3.9539284517682516,1.8326828440522624,3.223777166975879,0.0,False,0.0,0,0
2023-05-23,3.9213164197880537,1.3915134856553897,3.223777166975879,0.5185185185185192,False,0.0,0,0
2023-05-24,4.043685787100766,2.084081925979153,3.223777166975879,0.12068965517241464,False,0.0,0,0
2023-05-25,3.574088801108252,1.5732000740329342,3.223777166975879,0.8941176470588271,False,0.0,0,0
2023-05-26,3.282844193804962,1.257976298997261,3.223777166975879,0.21739130434782475,False,0.0,0,0
2023-05-30,3.02704568645141,3.0340888809566353,3.223777166975879,0.5941176470588255,False,0.0,0,0
2023-05-31,3.099214970808817,2.387896463725852,3.223777166975879,0.038167938931300896,False,0.0,0,0
2023-06-01,3.173200051164849,2.2910557184750733,3.223777166975879,0.11200000000000046,False,0.0,0,0
2023-06-02,3.436999269923903,2.2532751091703043,3.223777166975879,0.5503875968992258,False,0.0,0,0
2023-06-05,3.8009458724502374,2.445193929173698,3.223777166975879,0.12413793103448231,False,0.0,0,0
2023-06-06,3.8619923259851774,2.169048028920637,3.223777166975879,0.9603174603174625,False,0.0,0,0
2023-06-07,4.152640915213577,1.7309594460929845,3.223777166975879,0.15238095238095528,False,0.0,0,0
2023-06-08,3.9542820918248687,2.205761316872422,3.223777166975879,0.26119402985074275,False,0.0,0,0
2023-06-09,3.724335674244042,1.1374876360039528,3.223777166975879,0.2898550724637629,False,0.0,0,0
2023-06-12,3.227975548293256,1.4241283352430796,3.223777166975879,0.8965517241379349,False,0.0,0,0
2023-06-13,3.2681286191087944,3.4567901234567806,3.223777166975879,0.8809523809523806,False,0.0,0,0
2023-06-14,3.062816442105178,1.5725288831835635,3.230321185422506,0.6734693877551007,False,0.0,0,0
2023-06-15,3.2503799021533326,1.8322878837900287,3.230321185422506,0.9369369369369367,False,0.0,0,0
2023-06-16,3.862750036125759,1.9409937888198756,3.230321185422506,0.23199999999999932,False,0.0,0,0
2023-06-20,3.9504253591255556,1.7071992269286556,3.230321185422506,0.6792452830188721,False,0.0,0,0
2023-06-21,3.7945071353484066,1.1714238574492672,3.223777166975879,0.3098591549295855,False,0.0,0,0
2023-06-22,3.621291480785706,2.1216641803414573,3.222272596938498,0.5,False,0.0,0,0
2023-06-23,3.3114152480758805,1.754989676531308,3.222272596938498,0.9705882352941164,False,0.0,0,0
2023-06-26,2.7387314166023318,2.1247429746401556,3.219538658809147,0.5241935483870978,False,0.0,0,0
2023-06-27,2.8696217141344613,1.0785824345146302,3.219538658809147,0.5396825396825378,False,0.0,0,0
2023-06-28,2.8581881066906893,1.7520215633423166,3.219538658809147,0.4038461538461558,False,0.0,0,0
2023-06-29,2.6710053274796954,3.049999999999997,3.219538658809147,0.7431693989071042,False,0.0,0,0
2023-06-30,2.89068044765208,1.0441385856668195,3.2155094025520943,0.34848484848484557,False,0.0,0,0
2023-07-03,2.7432709180501327,1.129766201161147,3.2155094025520943,0.8888888888888911,False,0.0,0,0
2023-07-05,2.705540525513167,0.9463722397476363,3.2155094025520943,0.8333333333333314,False,0.0,0,0
2023-07-06,2.7786806310544914,2.232498804018496,3.2155094025520943,0.3785714285714298,False,0.0,0,0
2023-07-07,2.9888703504705685,2.023308514082227,3.2155094025520943,0.9599999999999966,False,0.0,0,0
2023-07-10,3.0477135575494505,3.036565977742454,3.2155094025520943,0.9424083769633512,False,0.0,0,0
2023-07-11,3.2344255773668067,1.0127765659083914,3.2155094025520943,0.81538461538461,False,0.0,0,0
2023-07-12,3.3361968538894624,1.6723397957673667,3.2155094025520943,0.5752212389380532,False,0.0,0,0
2023-07-13,3.3266252867939543,0.8438193930421809,3.2155094025520943,0.8596491228070189,False,0.0,0,0
2023-07-14,3.0634349947761708,2.496032318568755,3.21318616988841,0.0462427745664729,False,0.0,0,0
2023-07-17,3.1613127995762875,2.6953361599030687,3.21318616988841,0.9382022471910111,False,0.0,0,0
2023-07-18,3.3513984922094506,2.1511627906976805,3.21318616988841,1.0,False,0.0,0,0
2023-07-19,3.327780325280682,1.2704686617730176,3.21318616988841,0.9444444444444322,False,0.0,0,0
2023-07-20,3.2446722499777154,1.8825512784490073,3.21318616988841,0.8582089552238721,False,0.0,0,0
2023-07-21,3.5097959166070156,2.476190476190467,3.2037795117494903,0.1923076923076899,False,0.0,0,0
2023-07-24,3.0816463332994437,1.273708985186213,3.188293110770804,1.0,False,0.0,0,0
2023-07-25,2.992882002584916,1.5184381778741924,3.1794055829888714,0.03571428571429115,False,0.0,0,0
2023-07-26,2.717053419625729,2.565871154642019,3.1794055829888714,0.5483870967741916,False,0.0,0,0
2023-07-27,2.9237685887345135,1.7635971997846018,3.1794055829888714,0.13740458015267673,False,0.0,0,0
2023-07-28,3.341302057548474,1.7558299039780536,3.1794055829888714,0.4296875000000085,False,0.0,0,0
2023-07-31,3.5237045658769097,1.7229401139363554,3.1794055829888714,0.8145161290322656,False,0.0,0,0
2023-08-01,3.195732062219964,0.9734390209984743,3.1794055829888714,0.671428571428567,False,0.0,0,0
2023-08-02,3.1642676141616968,1.657458563535914,3.1794055829888714,0.4529914529914533,False,0.0,0,0
2023-08-03,3.0131342241513854,1.1011301072153075,3.1794055829888714,0.8289473684210598,False,0.0,0,0
2023-08-04,2.72084227534022,1.8019296254256472,3.1747727791362914,0.7480314960629967,False,0.0,0,0
2023-08-07,2.8718055310245427,1.6400395871624438,3.1455027993442437,0.8965517241379268,False,0.0,0,0
2023-08-08,3.060229391831337,2.3349668492360776,3.1455027993442437,0.5185185185185237,False,0.0,0,0
2023-08-09,3.4570127256637604,0.9664582148948364,3.1455027993442437,0.7058823529411753,False,0.0,0,0
2023-08-10,3.546927736647686,2.085416369090141,3.1455027993442437,0.9863013698630165,False,0.0,0,0
2023-08-11,3.6798482686361,0.8057427483152817,3.1455027993442437,0.5818181818181832,False,0.0,0,0
2023-08-14,3.413799346390816,1.3219058686809944,3.1455027993442437,0.31868131868132676,False,0.0,0,0
2023-08-15,3.1836962947338754,1.3845466726217162,3.1455027993442437,0.2150537634408617,False,0.0,0,0
2023-08-16,3.161189799058726,2.504638218923918,3.1455027993442437,0.7530864197530902,False,0.0,0,0
2023-08-17,3.025641652465341,1.6503667481662567,3.1455027993442437,0.20370370370370297,False,0.0,0,0
2023-08-18,2.9188589679099715,2.846633615864387,3.1455027993442437,0.7977528089887644,False,0.0,0,0
2023-08-21,3.0087908372373664,1.4992972044354222,3.1455027993442437,0.437499999999994,False,0.0,0,0
2023-08-22,3.3655708656286913,1.1949685534591277,3.1455027993442437,0.21052631578947714,False,0.0,0,0
2023-08-23,3.3694514727056366,1.3561511139812663,3.1200445844659486,0.5833333333333298,False,0.0,0,0
2023-08-24,3.43372357835419,3.769998415967045,3.1200445844659486,0.9915966386554639,False,0.0,0,0
2023-08-25,3.5268687822781017,2.392947103274553,3.1455027993442437,0.1578947368421023,False,0.0,0,0
2023-08-28,3.585968877708363,1.5875486381322894,3.1455027993442437,0.9509803921568654,False,0.0,0,0
2023-08-29,3.231683100917208,1.4414135151890772,3.1455027993442437,0.6666666666666615,False,0.0,0,0
2023-08-30,3.1683591645043356,1.714285714285715,3.1455027993442437,1.0,False,0.0,0,0
2023-08-31,3.0572101262645637,0.9858103061986506,3.1455027993442437,0.8484848484848563,False,0.0,0,0
2023-09-01,2.6937385648611647,1.3458950201884126,3.1200445844659486,1.0,False,0.0,0,0
2023-09-05,2.3619931465733397,2.727272727272746,3.1200445844659486,0.2568306010928938,False,0.0,0,0
2023-09-06,2.7509636708503638,1.264456437933683,3.114552514922241,0.8780487804878108,False,0.0,0,0
2023-09-07,2.6364679654192127,1.692283806862294,3.114552514922241,0.3027522935779791,False,0.0,0,0
2023-09-08,2.6047248909188054,1.4996907854050803,3.114552514922241,0.4639175257732033,False,0.0,0,0
2023-09-11,2.574383526319466,1.6114320462146583,3.114552514922241,0.1792452830188654,False,0.0,0,0
2023-09-12,2.641486402831905,1.5831937890089693,3.114552514922241,0.6826923076923069,False,0.0,0,0
2023-09-13,2.779904692776612,1.710662144226531,3.114552514922241,0.5086206896551706,False,0.0,0,0
2023-09-14,2.7728306388613975,1.6966505777387693,3.114552514922241,0.8103448275862073,False,0.0,0,0
2023-09-15,2.859351289157372,1.3293943870014644,3.114552514922241,0.9555555555555639,False,0.0,0,0
2023-09-18,2.9023544982293723,1.1961015948021296,3.114552514922241,0.5432098765432055,False,0.0,0,0
2023-09-19,2.951570799789085,0.6748826291079929,3.114552514922241,0.21739130434784087,False,0.0,0,0
2023-09-20,2.639715589264762,0.847210049664035,3.114552514922241,0.9827586206896708,False,0.0,0,0
2023-09-21,2.888557934283447,2.195791399817014,3.114552514922241,0.506944444444448,False,0.0,0,0
2023-09-22,3.1238165193383134,1.215853465971887,3.114552514922241,0.14285714285714285,False,0.0,0,0
2023-09-25,3.2320223232199274,1.4414414414414456,3.114552514922241,1.0,False,0.0,0,0
2023-09-26,3.2272621530728687,1.4526246285902864,3.114552514922241,0.6590909090909105,False,0.0,0,0
2023-09-27,3.3388429673300406,2.0183486238532127,3.114552514922241,0.5454545454545481,False,0.0,0,0
2023-09-28,3.313597954748958,1.4507422402159234,3.114552514922241,0.9418604651162823,False,0.0,0,0
2023-09-29,3.180454024474966,1.6121152906692755,3.114552514922241,0.2020202020202045,False,0.0,0,0
2023-10-02,3.6512180090962745,1.977644024075676,3.114552514922241,0.33043478260869624,False,0.0,0,0
2023-10-03,3.9439963655031782,1.7229129662522182,3.114552514922241,0.7319587628865997,False,0.0,0,0
2023-10-04,4.2859518966124615,1.7592083562396936,3.114552514922241,0.3645833333333345,True,0.016605457909342924,5,0
2023-10-05,4.27528391432987,1.6114430563099775,3.114552514922241,1.0,True,0.015548683736025528,5,0
2023-10-06,4.331174591593372,1.2756018684872457,3.1043718576215737,0.8309859154929515,True,0.020221033955942158,5,0
2023-10-09,4.608392747303332,2.011750044507736,3.1043718576215737,0.3805309734513287,True,0.015464770791714212,5,0
2023-10-10,4.582625863177619,1.077291381668939,3.0939022035955284,0.9047619047619118,True,-0.0029336593379493663,5,0
2023-10-11,4.177358497856506,1.2236004022795792,3.0939022035955284,0.4931506849315082,False,0.0,0,0
2023-10-12,4.168371034783892,2.627175368139224,3.0939022035955284,0.06369426751592445,False,0.0,0,0
2023-10-13,4.432180209560128,2.5295109612141653,3.0939022035955284,0.6000000000000038,True,-0.010248288075560984,3,0
2023-10-16,4.209139694362762,1.207445916484989,3.0939022035955284,0.4583333333333317,False,0.0,0,0
2023-10-17,4.044388639619536,1.9868664758376828,3.0906048145742693,0.5677966101694871,False,0.0,0,0
2023-10-18,4.37455679470467,1.8943170488534407,3.0906048145742693,0.22807017543859462,True,-0.013014101912984787,3,0
2023-10-19,4.500886933799066,1.2603591160221064,3.0906048145742693,0.2876712328767119,True,0.023958426244397535,5,0
2023-10-20,4.616875750946107,3.1244356149539536,3.0906048145742693,0.005780346820812192,False,0.0,0,0
2023-10-23,4.597628260280066,1.560715645222688,3.0939022035955284,1.0,True,0.014458529688972157,5,0
2023-10-24,4.723419197554021,2.218009478672989,3.0939022035955284,0.7777777777777737,True,-0.007792039707810427,1,0
2023-10-25,4.3121766199742195,1.8078020932445347,3.0939022035955284,0.27368421052632036,True,0.01826544745724684,5,0
2023-10-26,4.007623738814336,2.612872238232468,3.0939022035955284,0.6323529411764705,False,0.0,0,0
2023-10-27,3.641857714857346,3.158705701078583,3.0939022035955284,0.1463414634146353,False,0.0,0,0
2023-10-30,3.856389427974846,1.4732231734023533,3.1043718576215737,0.5675675675675683,False,0.0,0,0
2023-10-31,4.052724959823355,1.3041810510164935,3.1043718576215737,0.36764705882352955,False,0.0,0,0
2023-11-01,4.162945892529138,1.3392857142857122,3.1043718576215737,0.8472222222222228,False,0.0,0,0
2023-11-02,4.220438614879733,1.7873100983020553,3.1043718576215737,0.8800000000000026,False,0.0,0,0
2023-11-03,4.512352195603566,2.0319786808794116,3.1043718576215737,0.4918032786885262,True,0.013625514064812773,5,0
2023-11-06,3.727192533169995,2.524590163934425,3.1043718576215737,0.2987012987012994,False,0.0,0,0
2023-11-07,3.5359953190435,0.7728494623655928,3.1043718576215737,0.8695652173912997,False,0.0,0,0
2023-11-08,3.193075512567141,0.8368200836820083,3.0939022035955284,0.6400000000000006,False,0.0,0,0
2023-11-09,2.9779262049361406,1.6355526185362548,3.0939022035955284,0.3535353535353496,False,0.0,0,0
2023-11-10,2.633146911748928,1.334890705823456,3.0939022035955284,0.7250000000000004,False,0.0,0,0
2023-11-13,2.8676943679028044,1.6870658286470446,3.0939022035955284,0.9705882352941166,False,0.0,0,0
2023-11-14,2.523521008467222,1.6854825886468472,3.0939022035955284,0.726415094339624,False,0.0,0,0
2023-11-15,2.9888987716550366,1.2393493415956578,3.0939022035955284,0.47500000000001374,False,0.0,0,0
2023-11-16,2.9663337981824283,0.8675799086758103,3.0939022035955284,0.6491228070175434,False,0.0,0,0
2023-11-17,2.6518323408626268,0.988171882018261,3.0939022035955284,0.7424242424242385,False,0.0,0,0
2023-11-20,2.1558282064788665,0.9748050389921886,3.0939022035955284,0.7384615384615324,False,0.0,0,0
2023-11-21,2.366293225615297,0.9786476868327352,3.0906048145742693,0.0,False,0.0,0,0
2023-11-22,1.8140042773358374,1.1006750807161725,3.0906048145742693,0.7466666666666697,False,0.0,0,0
2023-11-24,1.733917191855244,0.8046817849305214,3.079016987733788,0.9090909090908903,False,0.0,0,0
2023-11-27,1.701159840101187,0.5859947260474531,3.079016987733788,0.4750000000000044,False,0.0,0,0
2023-11-28,1.6781631223823212,0.8504398826979654,3.079016987733788,0.2931034482758587,False,0.0,0,0
2023-11-29,1.447985111063765,1.4927536231884075,3.079016987733788,0.9805825242718348,False,0.0,0,0
2023-11-30,1.7495994284602236,2.1580677433185724,3.069369597323263,0.9602649006622502,False,0.0,0,0
2023-12-01,2.132674836810627,1.1335012594458471,3.062614132703649,1.0,False,0.0,0,0
2023-12-04,2.5513325294010176,2.859522487506924,3.062614132703649,0.6359223300970853,False,0.0,0,0
2023-12-05,2.89469908374389,1.4659106624256704,3.062614132703649,0.037735849056609594,False,0.0,0,0
2023-12-06,2.9322804325390526,1.1740614334470982,3.053636709101271,0.5930232558139599,False,0.0,0,0
2023-12-07,3.2798493102162554,1.0639787204255786,3.0456578947368405,0.7368421052631697,False,0.0,0,0
2023-12-08,2.867768142092583,1.4321468298109026,3.0456578947368405,0.7281553398058245,False,0.0,0,0
2023-12-11,2.704765558446293,1.2301804264625362,3.0456578947368405,0.8666666666666761,False,0.0,0,0
2023-12-12,2.5921284201575903,1.1643468950749527,3.0456578947368405,0.5402298850574672,False,0.0,0,0
2023-12-13,2.7372051434140205,1.0103660936884873,3.0456578947368405,0.8571428571428571,False,0.0,0,0
2023-12-14,2.9726211149996296,2.230118857983082,3.0456578947368405,0.7967032967033012,False,0.0,0,0
2023-12-15,3.210075304771364,2.375000000000007,3.039044849803367,0.6157894736842096,False,0.0,0,0
2023-12-18,3.1455869844154147,1.2622549019607858,3.035079719670963,0.4660194174757315,False,0.0,0,0
2023-12-19,2.9412215859870474,1.8949181739879493,3.0316318796628092,0.9805194805194799,False,0.0,0,0
2023-12-20,3.045085000006831,1.0706898649470684,3.0316318796628092,0.4318181818181789,False,0.0,0,0
2023-12-21,2.9479979732161663,1.500441306266546,3.028910752748126,0.6134453781512531,False,0.0,0,0
2023-12-22,2.976099990413846,1.2716049382716064,3.0276568509907955,0.7669902912621274,False,0.0,0,0
2023-12-26,2.9554209780681666,0.7530864197530857,3.0276568509907955,0.8032786885245825,False,0.0,0,0
2023-12-27,3.1029881530863195,1.2659783677482808,3.0276568509907955,0.77669902912621,False,0.0,0,0
2023-12-28,2.8662839953078647,1.1796181442295983,3.0276568509907955,0.8247422680412352,False,0.0,0,0
2023-12-29,2.211517305554655,0.4576659038901718,3.0276568509907955,0.7894736842104988,False,0.0,0,0
2024-01-02,2.092380330865416,1.007371007370999,3.0276568509907955,1.0,False,0.0,0,0
2024-01-03,2.1810568862086357,1.8844984802431575,3.0276568509907955,0.17419354838710369,False,0.0,0,0
2024-01-04,2.2114144981265325,2.425578831312023,3.0276568509907955,0.9949494949494924,False,0.0,0,0
2024-01-05,2.415863344041459,1.7761557177615497,3.0276568509907955,1.0,False,0.0,0,0
2024-01-08,2.637413899675424,1.9459459459459514,3.0276568509907955,0.20370370370370208,False,0.0,0,0
2024-01-09,2.890897299973226,1.175059952038374,3.0276568509907955,0.3367346938775479,False,0.0,0,0
2024-01-10,2.599698318126766,0.7854035766070635,3.0276568509907955,0.38461538461538125,False,0.0,0,0
2024-01-11,2.58736456218987,1.7951807228915602,3.0276568509907955,0.1946308724832168,False,0.0,0,0
2024-01-12,2.6495030094002474,2.5545694411129714,3.0276568509907955,0.0,False,0.0,0,0
2024-01-16,2.9072144574127217,1.8541718867451817,3.0260925057204733,0.5743243243243286,False,0.0,0,0
2024-01-17,2.676566370087115,2.918213234353003,3.0260925057204733,1.0,False,0.0,0,0
2024-01-18,3.1031243941145834,1.4469048817312424,3.0260925057204733,0.19999999999999257,False,0.0,0,0
2024-01-19,3.3167531939768096,1.2991833704528548,3.0260925057204733,0.9809523809523847,False,0.0,0,0
2024-01-22,3.634448026760057,1.6629319495223454,3.004361839843056,0.7730496453900652,False,0.0,0,0
2024-01-23,3.190832316636154,1.0219664043228058,2.9800524353111633,0.34482758620690784,False,0.0,0,0
2024-01-24,3.0090548220307203,0.7158526729015178,2.9625221055971824,0.5322580645161223,False,0.0,0,0
2024-01-25,2.674769360279025,1.4310246136233544,2.9540222455746568,0.3519999999999982,False,0.0,0,0
2024-01-26,2.482547969320219,1.6286271361394675,2.9540222455746568,0.8521126760563426,False,0.0,0,0
2024-01-29,1.9579821153493444,1.035502958579894,2.9516294041002165,0.41758241758242326,False,0.0,0,0
2024-01-30,2.0707485994467403,1.3430330162283188,2.935945445299601,0.9166666666666716,False,0.0,0,0
2024-01-31,2.5721517991746516,2.2608695652173894,2.921381134378898,0.3798076923076956,False,0.0,0,0
2024-02-01,3.3128632844434476,1.839936787447804,2.9163627845161124,0.03680981595092142,False,0.0,0,0
2024-02-02,3.7852872996048497,1.4624817189785095,2.910465982289067,0.36923076923076215,False,0.0,0,0
2024-02-05,4.055290634048198,1.1132351287529458,2.910465982289067,0.5151515151515086,False,0.0,0,0
2024-02-06,3.9703161375293528,1.4113130856949307,2.910465982289067,0.3519999999999982,False,0.0,0,0
2024-02-07,3.543679872036577,2.1969529697504915,2.910465982289067,0.12060301507537462,False,0.0,0,0
2024-02-08,3.0638873273727207,1.7518571903758713,2.910465982289067,0.20886075949367003,False,0.0,0,0
2024-02-09,2.69507793536299,1.0096527238433337,2.910465982289067,0.41758241758241416,False,0.0,0,0
2024-02-12,2.3609172948851436,1.562500000000002,2.910465982289067,0.640845070422532,False,0.0,0,0
2024-02-13,2.5846373278910058,2.5330518831240987,2.910465982289067,0.03508771929824485,False,0.0,0,0
2024-02-14,3.207712377434821,1.2589126559714745,2.910465982289067,0.7787610619469018,False,0.0,0,0
2024-02-15,3.0773212438843123,2.8674225904928146,2.910465982289067,0.9201520912547502,False,0.0,0,0
2024-02-16,3.4847063508787217,1.2643557054051087,2.9069548572295423,0.8333333333333413,False,0.0,0,0
2024-02-20,3.4558256964784335,1.6960138273738874,2.9069548572295423,0.910828025477707,False,0.0,0,0
2024-02-21,3.3053381324423854,1.4816405411208884,2.9069548572295423,0.15217391304347422,False,0.0,0,0
2024-02-22,2.7848956372905223,2.298850574712646,2.903776441675707,0.9500000000000003,False,0.0,0,0
2024-02-23,2.972783645158245,1.4808804138350682,2.897928291237888,1.0,False,0.0,0,0
2024-02-26,2.3708318863711213,2.0654044750430356,2.897928291237888,0.9901960784313746,False,0.0,0,0
2024-02-27,2.740822876700632,1.2450250025512797,2.882104682305471,0.12295081967212428,False,0.0,0,0
2024-02-28,2.640706398070642,1.6275975023031928,2.882104682305471,0.8679245283018898,False,0.0,0,0
2024-02-29,2.7379466350914496,1.1864406779661136,2.869770558534972,0.22689075630252734,False,0.0,0,0
2024-03-01,2.613844542206052,2.020814388198444,2.867335574772353,0.20000000000000284,False,0.0,0,0
2024-03-04,2.6670590477998934,1.569026999490582,2.8670748508430237,0.9285714285714293,False,0.0,0,0
2024-03-05,2.3763128233914776,2.010560519902508,2.862489375921625,0.9040404040404046,False,0.0,0,0
2024-03-06,2.516391814856726,2.422490280131599,2.85928291633356,0.7448559670781881,False,0.0,0,0
2024-03-07,2.617435116602482,1.078431372549014,2.85928291633356,0.30909090909090087,False,0.0,0,0
2024-03-08,2.7045404672173032,1.8867924528301943,2.851629450405826,0.7684210526315733,False,0.0,0,0
2024-03-11,2.6777360801436534,1.6298370162983653,2.841113422917401,0.3987730061349652,False,0.0,0,0
2024-03-12,2.7072432669695443,1.6763062444858283,2.8332706824254164,0.964912280701753,False,0.0,0,0
2024-03-13,2.63890225836675,1.2124151309408342,2.82992644338552,0.9919999999999959,False,0.0,0,0
2024-03-14,2.3611013654799944,2.884707230872095,2.82272789107233,0.0,False,0.0,0,0
2024-03-15,2.6755290221095587,2.670918875822211,2.82992644338552,0.5447761194029813,False,0.0,0,0
2024-03-18,2.9559341352907786,1.7569403999223476,2.82992644338552,0.5966850828729264,False,0.0,0,0
2024-03-19,2.972797717812358,0.9383767050401597,2.82272789107233,0.4020618556700983,False,0.0,0,0
2024-03-20,2.7844780765857284,1.303306181121226,2.818024172359433,0.9558823529411747,False,0.0,0,0
2024-03-21,3.3433885551521803,1.8748856777025893,2.818024172359433,0.9951219512195097,False,0.0,0,0
2024-03-22,2.9522177300644517,2.0307305238565823,2.818024172359433,0.0044247787610579405,False,0.0,0,0
2024-03-25,3.207384308723519,1.1674605398337539,2.810803090698474,0.14399999999999408,False,0.0,0,0
2024-03-26,2.9903636614937303,1.1294688695976793,2.802607267052972,0.5206611570247923,False,0.0,0,0
2024-03-27,3.0488451818720272,1.2263715998155815,2.802607267052972,0.5789473684210504,False,0.0,0,0
2024-03-28,2.68500598146502,1.1530492748401056,2.802607267052972,0.17187499999999897,False,0.0,0,0
2024-04-01,2.6317098141276096,2.097218519505909,2.802607267052972,0.5974576271186488,False,0.0,0,0
2024-04-02,2.25730269223848,1.0727056019070338,2.792870921618631,0.5982905982905998,False,0.0,0,0
2024-04-03,2.2777337119478176,1.1850082674995464,2.7856202146999096,0.9069767441860435,False,0.0,0,0
2024-04-04,2.49063710958084,1.1190325782871535,2.7856202146999096,0.709677419354838,False,0.0,0,0
2024-04-05,3.234592981029811,1.3177853621539635,2.7856202146999096,0.6043165467625922,False,0.0,0,0
2024-04-08,3.4122555071709195,0.991934736256612,2.7856202146999096,0.495327102803736,False,0.0,0,0
2024-04-09,3.238986919630455,2.4057811928283894,2.7856202146999096,0.03422053231939299,False,0.0,0,0
2024-04-10,3.9426408133373223,2.3332047821056707,2.7856202146999096,0.39669421487603607,False,0.0,0,0
2024-04-11,4.115667388439994,2.140971746993853,2.7856202146999096,0.1506849315068542,False,0.0,0,0
2024-04-12,3.6274129842799168,1.8721227621483358,2.7788049029622104,0.48087431693989646,False,0.0,0,0
2024-04-15,3.836141030081013,1.5188090927378848,2.7788049029622104,0.31125827814569357,False,0.0,0,0
2024-04-16,4.911240610614644,2.6953042745841254,2.7660075560571165,0.14453125000000164,True,0.013933844833136146,5,0
2024-04-17,4.583610251551241,1.4075495841330852,2.7581133979366403,0.7651515151515147,True,0.0182585290679132,5,0
2024-04-18,4.4537064807399025,1.4960212201591474,2.748127053031019,0.9219858156028371,True,-0.02191712741633759,1,0
2024-04-19,4.263751308300181,1.8136072963622913,2.741810132474919,0.7919075144508662,True,0.015052559743009843,5,0
2024-04-22,4.0926762037824265,1.3267665091968974,2.738583571136193,0.8484848484848563,False,0.0,0,0
2024-04-23,3.6212637524431353,0.8468801713228896,2.738583571136193,0.6091954022988487,False,0.0,0,0
2024-04-24,3.340066157462052,1.3064248805693706,2.738583571136193,0.5447761194029866,False,0.0,0,0
2024-04-25,3.10200830068325,3.0667587022976033,2.738583571136193,0.1286173633440533,False,0.0,0,0
2024-04-26,3.192692936443696,1.5601709231839345,2.738583571136193,0.8280254777070082,False,0.0,0,0
2024-04-29,2.927121878536646,1.15841584158416,2.7334203808412894,0.7264957264957327,False,0.0,0,0
2024-04-30,2.5027347318111195,1.244729973900818,2.7288787456151624,0.19354838709677086,False,0.0,0,0
2024-05-01,2.671850065494282,1.6273560613863407,2.7236587359635216,0.25949367088607406,False,0.0,0,0
2024-05-02,3.109309791568272,3.1234256926952084,2.717180941346561,0.19354838709677272,False,0.0,0,0
2024-05-03,3.1393822932243896,2.5082773151399618,2.7236587359635216,0.4159999999999968,False,0.0,0,0
2024-05-06,3.314233175726732,0.9149676777722543,2.717180941346561,0.48913043478261087,False,0.0,0,0
2024-05-07,3.1873813557859103,1.0565086750024264,2.717180941346561,0.6422018348623859,False,0.0,0,0
2024-05-08,2.8769801582683963,0.8444142482771915,2.717180941346561,0.2758620689655144,False,0.0,0,0
2024-05-09,2.600890829219151,1.55150814300859,2.717180941346561,0.7701863354037258,False,0.0,0,0
2024-05-10,2.442347412260169,0.5756197196174957,2.7113631767204747,0.5645161290322677,False,0.0,0,0
2024-05-13,2.0079850404793413,0.8452774715178258,2.70376699751152,0.5869565217391362,False,0.0,0,0
2024-05-14,2.090098649002549,0.8753142750721649,2.70376699751152,0.787234042553188,False,0.0,0,0
2024-05-15,2.169284698554589,1.6381440468564035,2.6972349277335903,0.6592178770949708,False,0.0,0,0
2024-05-16,2.006683732587733,0.9578024758290433,2.6953170287117025,0.2641509433962269,False,0.0,0,0
2024-05-17,1.7141403753554454,0.8212255211623468,2.6953170287117025,0.8791208791208793,False,0.0,0,0
2024-05-20,1.8659712595751237,1.3686376241166482,2.6932762462244786,0.22875816993464593,False,0.0,0,0
2024-05-21,2.160501558171757,1.152604887044721,2.6932762462244786,0.46399999999999864,False,0.0,0,0
2024-05-22,2.181162797689,1.408193123628389,2.6932762462244786,1.0,False,0.0,0,0
2024-05-23,2.3838517672280886,2.286825293954262,2.6870480635182217,0.14574898785425086,False,0.0,0,0
2024-05-24,3.093338162501184,0.872566880813114,2.6870480635182217,0.3956043956043965,False,0.0,0,0
2024-05-28,2.9878687561737705,1.2891520244461365,2.681506303394871,0.22222222222222104,False,0.0,0,0
2024-05-29,2.923086766643171,1.1946591707659993,2.6773992812806737,0.7310924369747864,False,0.0,0,0
2024-05-30,2.9309070305409746,1.6549648946840436,2.6773992812806737,0.4484848484848477,False,0.0,0,0
2024-05-31,2.884771183350536,1.1282252526243417,2.6728231181985747,0.3739130434782572,False,0.0,0,0
2024-06-03,2.8280119926425966,2.4360189573459654,2.6695760095433827,0.09338521400778035,False,0.0,0,0
2024-06-04,3.5912273977356697,1.9530866620865728,2.667187912257467,0.9095477386934643,False,0.0,0,0
2024-06-05,3.580084672102693,1.6433294437961858,2.667187912257467,0.04142011834319129,False,0.0,0,0
2024-06-06,3.6949542894368235,1.7884914463452601,2.667187912257467,0.91847826086957,False,0.0,0,0
2024-06-07,3.684292833841422,1.7131669114047967,2.667187912257467,1.0,False,0.0,0,0
2024-06-10,3.412022828498143,2.0021486473288377,2.6642552115696443,0.6390243902438975,False,0.0,0,0
2024-06-11,2.873838051308055,3.3369533023990616,2.6642552115696443,0.15976331360946885,False,0.0,0,0
2024-06-12,2.8879663275098197,1.964057743297653,2.667187912257467,0.4450000000000003,False,0.0,0,0
2024-06-13,3.226639858218353,2.3203972033640614,2.6642552115696443,0.24890829694322933,False,0.0,0,0
2024-06-14,3.1677799520793455,1.4135744725080548,2.6642552115696443,0.3014705882353022,False,0.0,0,0
2024-06-17,3.0006144225635625,1.5704101663395083,2.6642552115696443,0.5065789473684243,False,0.0,0,0
2024-06-18,3.339075265247473,2.228244504667282,2.6414906481013123,0.6261261261261227,False,0.0,0,0
2024-06-20,3.1103894594869606,1.0682492581602359,2.6262512878542212,0.37037037037037623,False,0.0,0,0
2024-06-21,2.9521235107212815,2.5575946895743895,2.6179774366718354,0.5381679389313009,False,0.0,0,0
2024-06-24,2.999563007963347,2.4034251240634417,2.610706625234273,0.9352226720647787,False,0.0,0,0
2024-06-25,3.345479914354373,1.3799712505989439,2.610706625234273,0.11111111111110891,False,0.0,0,0
2024-06-26,3.243762064126801,1.1768196202531622,2.610706625234273,0.2268907563025181,False,0.0,0,0
2024-06-27,3.1572237155916505,1.3958626230166706,2.610706625234273,0.798561151079136,False,0.0,0,0
2024-06-28,2.9223102739935127,1.7874875868917548,2.6027602714044287,0.48333333333332873,False,0.0,0,0
2024-07-01,3.014564920984294,2.2222222222222183,2.5952974209963737,0.5726872246696033,False,0.0,0,0
2024-07-02,2.8788874550243717,1.5742574257425777,2.5895784728191322,0.867924528301882,False,0.0,0,0
2024-07-03,3.0207121406074475,1.4806378132118472,2.585035395701723,0.4230769230769203,False,0.0,0,0
2024-07-05,2.9184962899495455,1.7817798639716442,2.5733408067468373,0.19354838709677394,False,0.0,0,0
2024-07-08,2.9466819174055336,1.8797353025798484,2.5661174482250497,0.6071428571428535,False,0.0,0,0
2024-07-09,3.0065699801454118,0.9777347531461674,2.5609052756014417,0.42574257425742223,False,0.0,0,0
2024-07-10,3.1184131733691283,1.1822376009227122,2.5557795404975385,0.4227642276422767,False,0.0,0,0
2024-07-11,2.8440921772556766,1.2297005538346026,2.5477968280768826,0.6183206106870236,False,0.0,0,0
2024-07-12,3.2123576535019014,1.6933554205779529,2.5371438309622554,0.05978260869565175,False,0.0,0,0
2024-07-15,3.422673825634373,1.9637870462120461,2.5309273299781387,0.3027522935779811,False,0.0,0,0
2024-07-16,3.4994860091752154,1.8486373893421364,2.528884089777031,0.9953051643192464,False,0.0,0,0
2024-07-17,3.397868715065693,1.627118644067798,2.528884089777031,0.8020833333333285,False,0.0,0,0
2024-07-18,3.543325807839659,2.461410095953277,2.5261405685548985,0.9796610169491518,False,0.0,0,0
2024-07-19,4.146558493209653,1.9399141630901333,2.5261405685548985,0.592920353982301,False,0.0,0,0
2024-07-22,4.225324324968993,2.228070175438602,2.5169347186498485,0.0,False,0.0,0,0
2024-07-23,4.051517160449281,1.0365379632029048,2.5169347186498485,1.0,False,0.0,0,0
2024-07-24,3.69900339170853,2.482456140350876,2.5169347186498485,0.19434628975264928,False,0.0,0,0
2024-07-25,3.727311449989826,3.0661646046261444,2.5169347186498485,0.9122807017543868,False,0.0,0,0
2024-07-26,3.4519995855762007,2.352941176470594,2.5169347186498485,0.7611940298507467,False,0.0,0,0
2024-07-29,3.5216849884030155,2.558671524188762,2.510614788325219,0.37086092715231517,False,0.0,0,0
2024-07-30,3.5074202534486254,2.2746419545071634,2.5169347186498485,0.9037037037037019,False,0.0,0,0
2024-07-31,3.6543951366143377,1.7021276595744668,2.5169347186498485,0.24038461538461559,False,0.0,0,0
2024-08-01,3.4414023436663377,2.8292521508934496,2.510614788325219,0.055555555555554866,False,0.0,0,0
2024-08-02,3.841422956358131,2.609168327595575,2.510614788325219,0.5694444444444455,False,0.0,0,0
2024-08-05,4.441784609079571,3.924931893855298,2.5169347186498485,0.09768637532133594,False,0.0,0,0
2024-08-06,4.749033570314522,4.040301241603907,2.5261405685548985,0.9622166246851407,True,0.014220748066189838,5,0
2024-08-07,5.751019773038891,2.638095238095248,2.528884089777031,1.0,True,-0.016042791056284093,5,1
2024-08-08,6.432734370498172,2.3453334620210335,2.5309273299781387,1.0,True,0.016156794147419717,5,0
2024-08-09,5.751076661190032,1.474039996244491,2.528884089777031,0.8025477707006364,True,0.0008065819347781288,3,0
2024-08-12,4.987547239038149,3.153443044957242,2.528884089777031,0.2099125364431488,False,0.0,0,0
2024-08-13,4.810069739489834,1.4632339322096668,2.5309273299781387,0.2848101265822716,True,0.013499999999999459,5,0
2024-08-14,3.8654831644228054,1.1598173515981698,2.528884089777031,0.6614173228346504,False,0.0,0,0
2024-08-15,3.3922672479192166,1.8394361354650168,2.528884089777031,0.10747663551402052,False,0.0,0,0
2024-08-16,3.168023111078655,1.6552560880492215,2.528884089777031,0.9476439790575945,False,0.0,0,0
2024-08-19,3.0052182903976608,1.20664922791325,2.5261405685548985,0.377622377622374,False,0.0,0,0
2024-08-20,2.6318795944926285,1.217782967720417,2.5261405685548985,0.5753424657534238,False,0.0,0,0
2024-08-21,2.3338959099670937,1.8204592901878973,2.5261405685548985,0.25688073394495436,False,0.0,0,0
2024-08-22,2.1778325740599045,1.1547538772757961,2.5261405685548985,0.8102189781021867,False,0.0,0,0
2024-08-23,1.9809137029064474,1.0884802506802946,2.5169347186498485,0.5454545454545474,False,0.0,0,0
2024-08-26,2.0940990753848943,0.9065383072603366,2.5169347186498485,0.9115044247787543,False,0.0,0,0
2024-08-27,2.2425447629692306,1.2739363833026227,2.5169347186498485,0.3522012578616359,False,0.0,0,0
2024-08-28,2.245129858383157,2.783538044345198,2.5169347186498485,0.7822349570200605,False,0.0,0,0
2024-08-29,2.3644901596435277,2.453987730061347,2.5169347186498485,0.3354430379746801,False,0.0,0,0
2024-08-30,2.980122159093061,1.184780132148555,2.5169347186498485,0.5384615384615399,False,0.0,0,0
2024-09-03,3.096622419942814,2.2825183281687025,2.5169347186498485,0.4304635761589427,False,0.0,0,0
2024-09-04,3.544791358422907,2.0969457529250803,2.5169347186498485,0.7173913043478247,False,0.0,0,0
2024-09-05,3.968264394678557,3.2146352480614393,2.510614788325219,0.10070257611241354,False,0.0,0,0
2024-09-06,4.463864148000016,1.9179163378058348,2.5169347186498485,0.6995884773662584,True,-0.022793769509532626,4,1
2024-09-09,4.879909495765245,1.1069222748054943,2.5169347186498485,0.7173913043478276,True,0.01623257758137303,5,0
2024-09-10,4.873727092348883,2.8377640913697784,2.510614788325219,0.15659340659340798,False,0.0,0,0
2024-09-11,5.476034843710663,3.3168316831683136,2.510614788325219,0.03731343283581881,False,0.0,0,0
2024-09-12,6.066533142894782,3.4366797900262562,2.510614788325219,0.2052505966587105,False,0.0,0,0
2024-09-13,5.564378774919456,1.48744208729578,2.5169347186498485,0.8961748633879792,True,0.002140371907949447,4,0
2024-09-16,4.573713386423598,2.009323259926057,2.510614788325219,0.695999999999998,True,0.013672588832486956,5,0
2024-09-17,4.3726048034391685,0.9043424027442086,2.510614788325219,0.1379310344827561,True,-7.563080535443086e-05,3,0
2024-09-18,3.2905123422245395,1.6162549064881047,2.510614788325219,0.07142857142857433,False,0.0,0,0
2024-09-19,2.758718756493307,2.7276161692482157,2.5088879577114214,0.6842105263157866,False,0.0,0,0
2024-09-20,2.6758406753297637,1.2927756653992308,2.5088879577114214,0.3882352941176476,False,0.0,0,0
2024-09-23,2.6913514367162876,1.6958134605193496,2.5060938574103355,0.07142857142856962,False,0.0,0,0
2024-09-24,2.5693082238138407,1.2453874538745422,2.5060938574103355,0.13580246913580138,False,0.0,0,0
2024-09-25,2.6802364760370376,1.9567939887288777,2.4994746787108206,0.06400000000000396,False,0.0,0,0
2024-09-26,2.532330501330075,1.2391475927387474,2.496010364693923,0.45859872611465097,False,0.0,0,0
2024-09-27,2.379332766556244,0.945829750644879,2.487871975721473,0.42148760330579155,False,0.0,0,0
2024-09-30,2.531784246824534,1.4642549526270494,2.478696741854631,0.4331550802139039,False,0.0,0,0
2024-10-01,2.816056295802466,2.244929555658775,2.4695459579180508,0.2413793103448281,False,0.0,0,0
2024-10-02,2.9622316602500267,2.597300690521031,2.4628925691998753,0.800604229607252,False,0.0,0,0
2024-10-03,2.8445596756241125,2.5088757396449646,2.4628925691998753,0.26100628930817615,False,0.0,0,0
2024-10-04,2.894874681485229,1.7664301141622898,2.4628925691998753,0.7336244541484771,False,0.0,0,0
2024-10-07,3.062377963336783,1.468473241995305,2.456956676418119,0.14948453608248494,False,0.0,0,0
2024-10-08,3.3820890907081917,1.5404861433658312,2.4498263456020957,0.4271356783919611,False,0.0,0,0
2024-10-09,3.0430273164397272,2.443361942318098,2.4498263456020957,0.971518987341771,False,0.0,0,0
2024-10-10,3.296782982866566,1.2435388418608109,2.4459371932225897,0.2650602409638546,False,0.0,0,0
2024-10-11,3.2999145695244336,3.6417910447761157,2.4440947370603383,0.9836065573770524,False,0.0,0,0
2024-10-14,3.5253885571917736,1.1627906976744153,2.4440947370603383,0.5889570552147304,False,0.0,0,0
2024-10-15,3.0302079876937693,1.7586206896551608,2.4389561513348186,0.3137254901960738,False,0.0,0,0
2024-10-16,3.3568463591722177,2.2379269729093174,2.4297548817256005,0.897832817337458,False,0.0,0,0
2024-10-17,3.221058670763951,1.113333333333325,2.423725700603769,0.7305389221556934,False,0.0,0,0
2024-10-18,2.9934852695104204,2.136780762274766,2.4124648277496736,0.2601880877742988,False,0.0,0,0
2024-10-21,2.5438855222490053,1.5214756967820247,2.4124648277496736,0.048672566371687036,False,0.0,0,0
2024-10-22,2.674741149733514,1.697627495999442,2.404367551569421,0.12295081967212428,False,0.0,0,0
2024-10-23,2.5749104806389242,1.145753767099511,2.397138311590109,0.2181818181818257,False,0.0,0,0
2024-10-24,2.3485649282270016,0.9757785467128004,2.397138311590109,0.7659574468085214,False,0.0,0,0
2024-10-25,2.475383844028617,1.9204483324220902,2.3899167195453326,0.10320284697509617,False,0.0,0,0
2024-10-28,3.125798815333837,1.4811680067710697,2.3872202280387294,0.7476190476190498,False,0.0,0,0
2024-10-29,2.9808601721204635,1.1487050960735212,2.3797077616989304,0.4363636363636342,False,0.0,0,0
2024-10-30,2.835018806722695,2.4894810659186417,2.3797077616989304,0.9690140845070463,False,0.0,0,0
2024-10-31,3.0200091742881385,1.204399888610408,2.3872202280387294,0.861271676300572,False,0.0,0,0
2024-11-01,3.50279649630329,1.723766429648787,2.3797077616989304,0.750000000000003,False,0.0,0,0
2024-11-04,2.993415289417822,2.48938772573567,2.3797077616989304,0.15606936416184705,False,0.0,0,0
2024-11-05,3.3053077746424493,1.9208124816014231,2.3872202280387294,1.0,False,0.0,0,0
2024-11-06,3.487052408690199,3.236447376610437,2.3872202280387294,0.11153846153846418,False,0.0,0,0
2024-11-07,3.9751893485783976,2.596212583995113,2.3872202280387294,0.023529411764704546,False,0.0,0,0
2024-11-08,4.015555825076436,1.7107892107892164,2.3872202280387294,0.8613138686131409,False,0.0,0,0
2024-11-11,4.155432288482311,2.3261419790285727,2.3797077616989304,0.9611398963730556,False,0.0,0,0
2024-11-12,3.917724611697044,0.9591897527554445,2.3797077616989304,0.7204968944099297,False,0.0,0,0
2024-11-13,3.741453148213477,0.936083949439538,2.3797077616989304,1.0,False,0.0,0,0
2024-11-14,3.156885537960023,1.5825797239409782,2.3797077616989304,0.830827067669177,False,0.0,0,0
2024-11-15,2.765038795404699,2.4819467200679677,2.3797077616989304,0.5476772616136937,False,0.0,0,0
2024-11-18,2.5196698976600507,1.0399952457360193,2.3872202280387294,0.5599999999999942,False,0.0,0,0
2024-11-19,2.4358747057311048,1.4837336576467,2.3872202280387294,0.42622950819671845,False,0.0,0,0
2024-11-20,2.5457104994461366,2.1500893388922058,2.3797077616989304,0.03324099722991803,False,0.0,0,0
2024-11-21,2.7965149329960846,1.2363461769295416,2.3797077616989304,0.7184466019417418,False,0.0,0,0
2024-11-22,3.125297615659842,2.9264558676323373,2.3797077616989304,0.9356136820925567,False,0.0,0,0
2024-11-25,3.394379625352896,1.4835134076023098,2.3872202280387294,0.5849056603773616,False,0.0,0,0
2024-11-26,3.3545593043536437,1.6633177048448258,2.3872202280387294,0.32214765100671516,False,0.0,0,0
2024-11-27,3.3939479421580763,1.8371977201040304,2.3872202280387294,0.8915662650602452,False,0.0,0,0
2024-11-29,3.1138681338683,1.728462377317348,2.3872202280387294,0.025236593059940728,False,0.0,0,0
2024-12-02,2.614947847311293,3.0926706442607728,2.3872202280387294,0.13628318584070964,False,0.0,0,0
2024-12-03,2.743887791431567,2.593837535014003,2.3899167195453326,0.38444924406047576,False,0.0,0,0
2024-12-04,3.0433638377981644,1.1594202898550725,2.3899167195453326,0.7150000000000034,False,0.0,0,0
2024-12-05,2.908051413635164,1.8938508300210315,2.3872202280387294,0.9938271604938327,False,0.0,0,0
2024-12-06,2.88893540424674,1.4782912350133814,2.3872202280387294,0.4803149606299223,False,0.0,0,0
2024-12-09,2.882128427759086,1.1704419728643916,2.3797077616989304,0.5472636815920459,False,0.0,0,0
2024-12-10,2.903107568411174,2.365069739235904,2.3669139465875486,0.7743589743589758,False,0.0,0,0
2024-12-11,2.896927776906942,1.5492193622279784,2.3690418435415457,0.1867704280155607,False,0.0,0,0
2024-12-12,2.8483125691693183,1.2245882849731562,2.362941842281907,0.38916256157635054,False,0.0,0,0
2024-12-13,2.8651801697949852,1.6345628000243047,2.362941842281907,0.02230483271375551,False,0.0,0,0
2024-12-16,2.9563221261306567,1.6607427380806519,2.362941842281907,0.5682656826568324,False,0.0,0,0
2024-12-17,2.3730802352677776,1.7366771159874672,2.356374003607387,0.7220216606498169,False,0.0,0,0
2024-12-18,2.0378429583772517,1.190326237561415,2.356374003607387,0.9629629629629669,False,0.0,0,0
2024-12-19,3.7194879895329307,2.576064908722092,2.348376547800858,0.4986876640419922,False,0.0,0,0
2024-12-20,4.1438644411305585,2.5635681533972674,2.356374003607387,0.6720867208672089,False,0.0,0,0
2024-12-23,5.275422154969739,1.3827359377097612,2.356374003607387,0.20388349514563858,True,0.015003761484337299,5,0
2024-12-24,5.681627748849111,1.3236828377673455,2.356374003607387,0.48275862068964986,True,0.010799999999999567,4,0
2024-12-26,6.001201338068162,1.1161000641436876,2.356374003607387,0.913793103448273,True,0.0026999999999998917,1,0
2024-12-27,4.387230926573394,2.497598463016334,2.356374003607387,0.8974358974358961,True,-0.0023855763746232876,2,0
2024-12-30,4.3259879988481265,1.80234104815109,2.356374003607387,0.025830258302580705,True,0.016253278030505414,5,0
2024-12-31,3.5561596108780975,0.9694651454197711,2.356374003607387,0.9591836734693862,False,0.0,0,0
2025-01-02,3.3045165423892557,2.083877711000782,2.356374003607387,0.8840125391849515,False,0.0,0,0
2025-01-03,3.588024342375597,2.916639295802403,2.356374003607387,0.02927927927927827,False,0.0,0,0
2025-01-06,3.8107113343967582,1.9558481797056555,2.362941842281907,0.897689768976897,False,0.0,0,0
2025-01-07,3.769544538383177,2.3154471544715465,2.356374003607387,0.26966292134831665,False,0.0,0,0
2025-01-08,3.7386463363444933,2.057749751078655,2.356374003607387,0.029032258064508116,False,0.0,0,0
2025-01-10,3.8400534180009602,2.825660785506644,2.348376547800858,0.05263157894736842,False,0.0,0,0
2025-01-13,4.086975090906408,2.9772202998846566,2.348376547800858,0.9685230024213086,False,0.0,0,0
2025-01-14,4.2229700239059405,1.00385038503849,2.356374003607387,0.13013698630137013,False,0.0,0,0
2025-01-15,4.11082761291813,2.5326025326025214,2.356374003607387,0.8955223880597041,False,0.0,0,0
2025-01-16,4.047280524980797,1.9525888958203337,2.362941842281907,0.5910543130990406,False,0.0,0,0
2025-01-17,3.932025751477993,2.1426403641881646,2.356374003607387,0.8498583569405096,False,0.0,0,0
2025-01-21,3.388787474997514,1.8325845353511436,2.348376547800858,0.9580645161290336,False,0.0,0,0
2025-01-22,2.942963574936887,1.8560672386622346,2.348376547800858,0.20125786163522436,False,0.0,0,0
2025-01-23,2.790322829335452,1.8208603417796132,2.348376547800858,0.8673139158576064,False,0.0,0,0
2025-01-24,2.455232436496092,1.9036427732079961,2.348376547800858,0.7839506172839548,False,0.0,0,0
2025-01-27,2.494707480717674,1.7914267434421056,2.348376547800858,0.8279220779220783,False,0.0,0,0
2025-01-28,2.752832576093416,1.965077760934254,2.348376547800858,0.2514285714285701,False,0.0,0,0
2025-01-29,2.881039976572414,2.6062322946175605,2.33911349435006,1.0,False,0.0,0,0
2025-01-30,3.016361157356182,0.8132314962360512,2.33911349435006,0.5472972972973026,False,0.0,0,0
2025-01-31,3.305976298390271,1.3655978587425577,2.3339096089578337,0.19200000000000728,False,0.0,0,0
2025-02-03,3.410888105159999,2.8358034776520094,2.3339096089578337,0.0,False,0.0,0,0
2025-02-04,3.6368570134545424,1.8226962361040515,2.33911349435006,0.05882352941176419,False,0.0,0,0
2025-02-05,3.5773443704182517,1.1691961776278719,2.33911349435006,0.26442307692307077,False,0.0,0,0
2025-02-06,3.562027492839575,0.9750284383294573,2.3339096089578337,0.3166666666666609,False,0.0,0,0
2025-02-07,3.2968238770080682,1.5538766543428204,2.3289671002594123,0.9793103448275855,False,0.0,0,0
2025-02-10,3.2389692404198485,3.3185961464985607,2.3289671002594123,0.3108552631578965,False,0.0,0,0
2025-02-11,2.95623982421642,1.5766274864376084,2.3339096089578337,0.326164874551971,False,0.0,0,0
2025-02-12,3.2405479590566975,1.0754523728234977,2.3339096089578337,0.798941798941803,False,0.0,0,0
2025-02-13,3.128984636648977,1.2195804195804234,2.3289671002594123,0.6376146788990874,False,0.0,0,0
2025-02-14,3.292233276855529,1.4386506449123657,2.3289671002594123,0.6628352490421491,False,0.0,0,0
2025-02-18,3.030489538860191,1.2728370000548754,2.3289671002594123,0.5474137931034476,False,0.0,0,0
2025-02-19,2.6368239302048884,0.843078596682084,2.3289671002594123,0.6774193548387121,False,0.0,0,0
2025-02-20,2.3136111997820086,2.0765736534717734,2.3289671002594123,0.17447916666666324,False,0.0,0,0
2025-02-21,3.0387909477239106,1.2330386802544888,2.3289671002594123,0.31506849315068425,False,0.0,0,0
2025-02-24,3.4579635278604,2.6199860885694473,2.3289671002594123,0.0,False,0.0,0,0
2025-02-25,3.982245359139994,3.494470413863884,2.3339096089578337,0.20228384991843462,False,0.0,0,0
2025-02-26,4.757941065081565,1.9478260869565132,2.33911349435006,0.7529761904761941,True,-0.023312791228871678,1,0
2025-02-27,5.020001582280132,2.8288788615064133,2.33911349435006,0.5889570552147246,False,0.0,0,0
2025-02-28,4.692468368671732,1.6388794374503886,2.348376547800858,0.8615916955017289,True,0.010799999999999567,4,0
2025-03-03,4.955911872689267,2.0228104153217084,2.348376547800858,0.23670212765957896,True,-0.06060000000000006,2,2
2025-03-04,5.591908031054851,7.027213227695476,2.348376547800858,0.05800653594771084,False,0.0,0,0
2025-03-05,6.24979337144795,2.7743219706394675,2.3577926015767185,0.1569506726457371,False,0.0,0,0
2025-03-06,6.64068835938568,3.606349206349211,2.3690418435415457,0.579225352112674,False,0.0,0,0
2025-03-07,6.820409906687928,2.3523261892315697,2.3690418435415457,0.3111111111111129,True,0.023679777721608508,5,0
2025-03-10,6.879051759578563,3.283664459161142,2.3690418435415457,0.6617647058823554,False,0.0,0,0
2025-03-11,6.878075554749415,2.0478779747192832,2.3797077616989304,0.2068965517241376,True,0.02493948135180873,5,0
2025-03-12,5.9290096606363045,4.1963911036508605,2.3797077616989304,0.1999999999999981,False,0.0,0,0
2025-03-13,6.046676891798848,1.7513760812066748,2.3872202280387294,0.5755102040816272,True,-0.013792947004132423,5,1
2025-03-14,5.904898828082118,3.2370517928286935,2.3872202280387294,0.7802197802197808,True,0.016028239417368362,5,0
2025-03-17,5.797886804486561,3.4442215920879655,2.3872202280387294,0.8353413654618485,True,0.017776217264262206,5,0
2025-03-18,5.566467431415683,1.4832882853187421,2.3872202280387294,0.12888888888888536,True,0.005296513578660801,3,0
2025-03-19,5.119543636245455,2.0192688399102563,2.3797077616989304,0.9052287581699373,True,0.02008780748037281,5,0
2025-03-20,5.119082478136396,3.069371727748689,2.3690418435415457,0.9445628997867823,True,-0.013918349978381105,2,0
2025-03-21,5.082995504040443,1.7746863420659287,2.3690418435415457,0.3150183150183179,True,0.013499999999999459,5,0
2025-03-24,4.629417869851574,2.1949685534591072,2.3577926015767185,0.8510028653295173,True,0.006392877408984922,5,0
2025-03-25,4.108286116261615,1.9086529666443048,2.3525721841271796,0.12140575079872076,False,0.0,0,0
2025-03-26,4.034514917960417,2.1239470517448864,2.3525721841271796,0.7535410764872509,False,0.0,0,0
2025-03-27,3.8369271201931854,2.4100852799406782,2.3525721841271796,0.9589743589743599,False,0.0,0,0
2025-03-28,3.6798521011525738,2.7378507871321047,2.3577926015767185,0.05681818181818175,False,0.0,0,0
2025-03-31,4.4554029073927435,3.0006743088334376,2.3577926015767185,0.6516853932584299,False,0.0,0,0
2025-04-01,5.579725947974262,2.1129466000768415,2.3577926015767185,0.42121212121212426,True,-0.015541099216534736,5,1
2025-04-02,6.050187203060956,2.937162908571046,2.3577926015767185,0.7743362831858438,True,0.008947590562658427,5,0
2025-04-03,6.332488570275991,3.422347153900214,2.3690418435415457,0.21355236139630207,False,0.0,0,0
2025-04-04,6.967420818899413,5.661140315406389,2.3801585854903453,0.36285714285714377,False,0.0,0,0
2025-04-07,8.641044256423905,7.633111480865229,2.3899167195453326,0.9359673024523163,True,-0.04368120905858141,3,2
2025-04-08,11.989107385643242,4.290651605833254,2.397138311590109,0.8860510805500983,True,-0.057720759580684,3,2
2025-04-09,14.654056164260592,5.76770087509944,2.404367551569421,0.858620689655171,True,0.03929670088279363,5,0
2025-04-10,19.883073362537285,3.0012200081333855,2.404367551569421,0.1355013550135502,False,0.0,0,0
2025-04-11,21.1527345980863,5.594042258399718,2.407502827673305,0.7708978328173366,True,0.0236580972841976,5,0
2025-04-14,20.073229178207658,1.766346451812819,2.415047280017047,0.5833333333333359,True,-0.01886018357335057,5,1
2025-04-15,15.774965438453595,3.542486686733043,2.415047280017047,0.7342047930283229,True,-0.027749823406620345,3,1
2025-04-16,12.988429167106744,2.5850553940441516,2.423725700603769,0.030395136778113847,False,0.0,0,0
2025-04-17,7.963374064351927,2.2589621869373095,2.4297548817256005,0.7971014492753619,True,0.022418191746060467,5,0
2025-04-21,6.294231722680552,1.8429752066115617,2.423725700603769,0.0,True,-0.014349751948972759,5,1
2025-04-22,5.99091305564365,2.3147377185678613,2.423725700603769,0.8021582733812961,True,0.021623741474504243,5,0
2025-04-23,6.4679251623298715,4.201365443769242,2.423725700603769,0.75,True,-0.01940332326284028,5,1
2025-04-24,7.075254750975466,1.6979239021378318,2.4297548817256005,0.9090909090909138,True,0.01706811458762797,5,0
2025-04-25,6.8115472070246295,2.3505557224391675,2.4297548817256005,0.0,True,0.014879341588643515,5,0
2025-04-28,6.462286079655955,2.449524940617586,2.4297548817256005,0.4060606060606057,False,0.0,0,0
2025-04-29,5.558761904629947,0.9525935848775776,2.4389561513348186,0.6562499999999799,True,0.015685470299188486,5,0
2025-04-30,5.1617721469567215,4.097320695574303,2.4389561513348186,0.05464480874317138,False,0.0,0,0
2025-05-01,5.527479478591499,1.8985507246376845,2.4440947370603383,0.125954198473287,True,0.013499999999999459,5,0
2025-05-02,5.096149427016222,2.4344827586206907,2.4440947370603383,0.22379603399434,True,0.0014630078789003922,4,0
2025-05-05,5.138615943832913,1.8909899888765287,2.4389561513348186,0.9227941176470559,True,0.013499999999999459,5,0
2025-05-06,5.108536665986585,1.5886524822695098,2.4389561513348186,0.5491071428571488,True,-0.006127054187616297,4,0
2025-05-07,4.854953910210615,1.4611297539149912,2.4350972381108007,0.9186602870813458,True,0.013920686850207588,5,0
2025-05-08,3.586611674413194,1.0876173748564573,2.4350972381108007,0.8695652173913005,False,0.0,0,0
2025-05-09,3.566894460804908,0.8782515419683578,2.4291404022354905,0.5801526717557173,False,0.0,0,0
2025-05-12,3.248229384654324,3.31836327345309,2.423725700603769,0.09586466165413375,False,0.0,0,0
2025-05-13,3.133766985759123,1.4020462296324359,2.4291404022354905,0.9189189189189158,False,0.0,0,0
2025-05-14,2.8860463522717987,1.8732713100326992,2.4291404022354905,0.295302013422825,False,0.0,0,0
2025-05-15,2.8105482701789586,2.401273885350307,2.423725700603769,0.761273209549069,False,0.0,0,0
2025-05-16,2.6377703300902047,1.124508027737854,2.423725700603769,0.9944444444444495,False,0.0,0,0
2025-05-19,2.8438487146424962,2.396745932415527,2.423725700603769,0.8851174934725784,False,0.0,0,0
2025-05-20,2.742469495608726,1.2602433573379692,2.423725700603769,0.679802955665022,False,0.0,0,0
2025-05-21,2.763248932527497,0.9779640566457052,2.423725700603769,0.5649350649350708,False,0.0,0,0
2025-05-22,3.4054196161556036,1.1733333333333273,2.423725700603769,0.18181818181817888,False,0.0,0,0
2025-05-23,3.459016219128005,1.9143054595715345,2.423725700603769,0.7581227436823159,False,0.0,0,0
2025-05-27,3.7126633687488395,1.3268523384130386,2.423725700603769,0.7475247524752392,False,0.0,0,0
2025-05-28,3.84957320809742,0.9477459016393559,2.423725700603769,0.24324324324324947,False,0.0,0,0
2025-05-29,3.960689209921175,1.614465611882467,2.423725700603769,0.5480000000000018,False,0.0,0,0
2025-05-30,3.419897629855049,1.026573971801692,2.423725700603769,0.25316455696203144,False,0.0,0,0
2025-06-02,3.4766456860783834,2.015129776966221,2.423725700603769,0.16828478964401608,False,0.0,0,0
2025-06-03,3.465503957226536,3.633084256634897,2.423725700603769,0.014184397163122748,False,0.0,0,0
2025-06-04,3.48604002343047,0.8225245175577242,2.423725700603769,0.19999999999999563,False,0.0,0,0
2025-06-05,3.399273346045746,2.517383466391963,2.423725700603769,0.08439897698209319,False,0.0,0,0
2025-06-06,3.352540158794594,1.8341054769308793,2.4291404022354905,0.7647058823529377,False,0.0,0,0
2025-06-09,3.11825737726399,2.1387355745107857,2.4291404022354905,0.09090909090909166,False,0.0,0,0
2025-06-10,3.044926014219562,0.7096732945463751,2.423725700603769,0.18018018018017234,False,0.0,0,0
2025-06-11,2.445445803110078,2.1658810039495515,2.423725700603769,0.8441176470588234,False,0.0,0,0
2025-06-12,2.5571641032346726,1.529947916666663,2.423725700603769,0.9531914893617083,False,0.0,0,0
2025-06-13,2.6604582432896136,3.4634341281470555,2.423725700603769,0.017307692307693003,False,0.0,0,0
2025-06-16,3.0105766016504796,1.964321507316094,2.4291404022354905,0.9319727891156501,False,0.0,0,0
2025-06-17,2.914625670163174,1.4558872861455803,2.4291404022354905,0.7834101382488472,False,0.0,0,0
2025-06-18,3.1538498545480436,1.8238104852278134,2.423725700603769,0.78966789667897,False,0.0,0,0
2025-06-20,3.286780894410407,1.6083822744260523,2.423725700603769,0.5518672199170184,False,0.0,0,0
2025-06-23,3.083106697489244,2.155488822155501,2.423725700603769,0.9814241486068106,False,0.0,0,0
2025-06-24,3.4597029109488298,1.496855345911947,2.423725700603769,0.21008403361344577,False,0.0,0,0
2025-06-25,3.3539873177759247,1.4099313586049107,2.423725700603769,0.3640350877192911,False,0.0,0,0
2025-06-26,3.234775732419652,1.7868299387729687,2.423725700603769,0.4860139860139889,False,0.0,0,0
2025-06-27,2.970072855881253,1.155963302752285,2.423725700603769,0.8571428571428658,False,0.0,0,0
2025-06-30,3.1749272898054737,1.4294258373205662,2.423725700603769,0.7405857740585741,False,0.0,0,0
2025-07-01,2.332401350788305,0.9535729185291105,2.423725700603769,0.7062499999999997,False,0.0,0,0
2025-07-02,2.3734038617886917,2.3689252743424567,2.423725700603769,0.23774509803921468,False,0.0,0,0
2025-07-03,2.502126768367032,2.5007269555103298,2.423725700603769,0.7906976744186038,False,0.0,0,0
2025-07-07,2.67581229055617,1.3778967146842724,2.423725700603769,0.884297520661156,False,0.0,0,0
2025-07-08,3.005058737728176,1.07362863009681,2.423725700603769,0.5573770491803296,False,0.0,0,0
2025-07-09,3.151164388264823,1.1570930987661658,2.423725700603769,0.43877551020408684,False,0.0,0,0
2025-07-10,2.9435889617232505,0.9340234398238998,2.423725700603769,0.5796178343949048,False,0.0,0,0
2025-07-11,2.9659666767994337,1.7078250520678395,2.423725700603769,0.3763066202090531,False,0.0,0,0
2025-07-14,2.671759108485299,2.484921592279858,2.423725700603769,0.8009708737864096,False,0.0,0,0
2025-07-15,2.3582045342820903,2.8648164726947076,2.423725700603769,0.23958333333332946,False,0.0,0,0
2025-07-16,2.7843575396633384,1.3527575442247535,2.4291404022354905,0.18099547511311356,False,0.0,0,0
2025-07-17,3.2273208535094127,2.9373809377496474,2.4291404022354905,0.8033472803347286,False,0.0,0,0
2025-07-18,3.64432713659737,0.8849557522123894,2.4350972381108007,0.7866666666666523,False,0.0,0,0
2025-07-21,3.5173383119832584,1.0093855144324468,2.4291404022354905,0.9473684210526299,False,0.0,0,0
2025-07-22,3.535924280784793,1.113546170704256,2.423725700603769,0.08510638297872179,False,0.0,0,0
2025-07-23,2.9544857839862204,1.4086976852934279,2.423725700603769,0.49377593360995825,False,0.0,0,0
2025-07-24,2.71806638751504,1.2516506861112746,2.423725700603769,0.8440366972477054,False,0.0,0,0
2025-07-25,2.265366990565545,1.0260231571706935,2.423725700603769,0.4301675977653708,False,0.0,0,0
2025-07-28,2.572803371583818,0.7735305742194142,2.415047280017047,0.25547445255473955,False,0.0,0,0
2025-07-29,2.475998207430346,0.739255014326643,2.415047280017047,0.8372093023255742,False,0.0,0,0
2025-07-30,2.835536557242901,1.3345820650901434,2.415047280017047,0.692982456140356,False,0.0,0,0
2025-07-31,2.8925719860832273,2.800334368282779,2.407502827673305,0.9573560767590642,False,0.0,0,0
2025-08-01,3.264440519634674,3.641909979455889,2.415047280017047,0.0957264957264962,False,0.0,0,0
2025-08-04,3.5564111563748297,1.219358893777497,2.423725700603769,0.7783505154639284,False,0.0,0,0
2025-08-05,3.4861602556874502,1.6476085085454364,2.423725700603769,0.11940298507462402,False,0.0,0,0
2025-08-06,3.617367192511746,1.212761987685812,2.423725700603769,0.5948717948717879,False,0.0,0,0
2025-08-07,3.364866330060024,1.6358550231087312,2.423725700603769,0.2416356877323443,False,0.0,0,0
2025-08-08,3.696478517462657,1.1735910631354365,2.423725700603769,0.7112299465240691,False,0.0,0,0
2025-08-11,3.388182657714796,1.0325213305304908,2.423725700603769,0.5449101796407283,False,0.0,0,0
2025-08-12,3.2629541655868026,1.5307063379848656,2.423725700603769,0.3815261044176691,False,0.0,0,0
2025-08-13,3.005941877763603,2.162419057803117,2.423725700603769,0.7664835164835172,False,0.0,0,0
2025-08-14,3.0638752519152663,0.9795191451469145,2.423725700603769,0.8060606060606075,False,0.0,0,0
2025-08-15,2.450830188027351,0.9961197660276823,2.423725700603769,0.18604651162791966,False,0.0,0,0
2025-08-18,2.7160151892633726,0.9248624795986223,2.423725700603769,0.05228758169935454,False,0.0,0,0
2025-08-19,2.664686562832501,1.3585813044785038,2.423725700603769,0.7256637168141562,False,0.0,0,0
2025-08-20,2.584928851175681,1.8657606103958009,2.423725700603769,0.33865814696485746,False,0.0,0,0
2025-08-21,2.684257933203144,1.9026101432903195,2.415047280017047,0.6031249999999954,False,0.0,0,0
2025-08-22,2.619707337932433,1.271012710127094,2.415047280017047,0.7096774193548391,False,0.0,0,0
2025-08-25,2.67203992489745,0.9625242054903733,2.407502827673305,0.17751479289941524,False,0.0,0,0
2025-08-26,2.742486731786751,0.8315403849508509,2.407502827673305,0.8881118881118888,False,0.0,0,0
2025-08-27,2.905832129037049,2.012049562350797,2.407502827673305,0.6412429378531036,False,0.0,0,0
2025-08-28,2.819477664003693,1.144037055639272,2.407502827673305,0.6487804878048805,False,0.0,0,0
2025-08-29,2.5909498337862447,1.048346623543186,2.404367551569421,0.37234042553190977,False,0.0,0,0
2025-09-02,2.114434146227732,3.2495055100310823,2.404367551569421,0.5165217391304345,False,0.0,0,0
2025-09-03,2.3952727126376407,1.1135857461024432,2.407502827673305,0.15897435897436107,False,0.0,0,0
2025-09-04,2.252352554728079,1.4860436207481045,2.407502827673305,0.5893536121673058,False,0.0,0,0
2025-09-05,2.339966022540696,2.9683267923276633,2.407502827673305,0.037243947858471044,False,0.0,0,0
2025-09-08,3.593387822072079,1.516038398501524,2.415047280017047,0.13513513513513276,False,0.0,0,0
2025-09-09,3.5917205426987406,2.1620029455080925,2.415047280017047,1.0,False,0.0,0,0
2025-09-10,3.689978498129932,1.9058754750073026,2.407502827673305,0.6656441717791391,False,0.0,0,0
2025-09-11,3.703075940484242,2.5039305887148497,2.407502827673305,0.9325581395348791,False,0.0,0,0
2025-09-12,4.10460491700542,1.2267533049518247,2.415047280017047,0.4657534246575394,False,0.0,0,0
2025-09-15,2.9877098036421588,1.1919487237152842,2.415047280017047,0.7452830188679288,False,0.0,0,0
2025-09-16,3.1419654915267605,1.6566093589889541,2.415047280017047,0.0790378006872818,False,0.0,0,0
2025-09-17,2.841261745486371,1.922089773569826,2.415047280017047,0.9970326409495576,False,0.0,0,0
2025-09-18,3.086474010100912,1.8087711487088158,2.415047280017047,0.7692307692307693,False,0.0,0,0
2025-09-19,2.6820538173725614,1.7542891818833821,2.415047280017047,0.03459119496854874,False,0.0,0,0
2025-09-22,2.8139869981083123,1.7800811176205478,2.415047280017047,0.9335443037974748,False,0.0,0,0
2025-09-23,2.7676633912307533,2.8674832962138117,2.415047280017047,0.8834951456310692,False,0.0,0,0
2025-09-24,3.2712103070052265,0.9489051094890498,2.423725700603769,0.4260355029585798,False,0.0,0,0
2025-09-25,3.011201563726769,1.0951834862385301,2.423725700603769,0.1989528795811498,False,0.0,0,0
2025-09-26,2.960491637006895,2.026376860813954,2.423725700603769,0.8910614525139706,False,0.0,0,0
2025-09-29,2.9266484212430344,1.7109210087768094,2.423725700603769,0.27922077922078253,False,0.0,0,0
2025-09-30,2.888969467239673,1.2734249012956635,2.423725700603769,0.6593886462882079,False,0.0,0,0
2025-10-01,2.8232477828029876,1.7972926857012836,2.423725700603769,0.24367088607595286,False,0.0,0,0
2025-10-02,2.72622765010768,1.346898664662688,2.423725700603769,0.5107296137339081,False,0.0,0,0
2025-10-03,2.6760394067399473,2.299976942587047,2.423725700603769,0.8646616541353407,False,0.0,0,0
2025-10-06,2.832662042713983,3.0445752733389444,2.423725700603769,0.007366482504607811,False,0.0,0,0
2025-10-07,3.2281052553128275,1.1658687693607395,2.4291404022354905,0.22705314009661856,False,0.0,0,0
2025-10-08,2.9161843295873147,3.1714847039012097,2.4291404022354905,0.13451327433628144,False,0.0,0,0
2025-10-09,3.146659179592903,2.4601860836805765,2.4350972381108007,0.04408352668213402,False,0.0,0,0
2025-10-10,3.364652390673276,1.2970542456908976,2.4389561513348186,0.14666666666667222,False,0.0,0,0
2025-10-13,4.398874392528051,1.1854824001458986,2.4389561513348186,0.6923076923076934,True,0.014261679407838347,5,0
2025-10-14,4.089536270122947,2.0169720821546995,2.4389561513348186,0.7987804878048774,False,0.0,0,0
2025-10-15,5.151891817300099,1.2960082944530844,2.4389561513348186,0.6755555555555601,True,-0.018962264150943993,5,1
2025-10-16,5.5256013277611435,2.5976331360946663,2.4389561513348186,0.09111617312072404,False,0.0,0,0
2025-10-17,6.63323743273728,2.1755676772802275,2.4389561513348186,0.545189504373178,True,0.018065423043580442,5,0
2025-10-20,5.6616072543313445,1.2629232959821655,2.4350972381108007,0.2941176470588219,True,0.002690796843943589,3,0
2025-10-21,5.812315929363538,1.9854280510018278,2.4350972381108007,0.8562691131498479,True,-0.019833843182872436,1,0
2025-10-22,4.741263788856512,1.3534743202416974,2.4350972381108007,0.13392857142857595,True,-0.005363401971369596,2,0
2025-10-23,4.4921697243221725,0.8565834557024019,2.4350972381108007,0.2714285714285671,True,0.0034877933069277015,4,0
2025-10-24,3.1468592834170166,2.0100199191163233,2.4350972381108007,0.8918918918918882,False,0.0,0,0
2025-10-27,2.9337828026674893,0.9040211329615617,2.4291404022354905,0.6753246753246797,False,0.0,0,0
2025-10-28,2.4950985020377847,1.2339875426019475,2.4291404022354905,0.34761904761904366,False,0.0,0,0
2025-10-29,2.4299066265543945,1.8005197376562285,2.4291404022354905,0.786941580756012,False,0.0,0,0
2025-10-30,2.487724842495632,3.4897713598074733,2.4291404022354905,0.8548094373865683,False,0.0,0,0
2025-10-31,2.9591805549384227,2.122267975926509,2.4291404022354905,0.9462686567164158,False,0.0,0,0
2025-11-03,3.0991799687277797,2.870485678704865,2.423725700603769,0.1626898047722338,False,0.0,0,0
2025-11-04,3.6637998762436608,2.476129853596445,2.4291404022354905,0.9948586118251902,False,0.0,0,0
2025-11-05,3.9816425409056877,2.1482077632637893,2.4350972381108007,0.48126801152738224,False,0.0,0,0
2025-11-06,3.8793303125532987,1.771495586692165,2.4350972381108007,0.0034843205574881493,False,0.0,0,0
2025-11-07,3.5660636382532465,1.9698580451504009,2.4350972381108007,0.9619047619047605,False,0.0,0,0
2025-11-10,3.736687884901966,2.1289464134510596,2.4350972381108007,0.0,False,0.0,0,0
2025-11-11,3.4851834940102377,1.124203438739933,2.4291404022354905,0.5935828877005406,False,0.0,0,0
2025-11-12,3.1620382515501646,3.5112692763938416,2.4291404022354905,0.9983108108108075,False,0.0,0,0
2025-11-13,3.1498737325331354,1.164551065564225,2.4350972381108007,0.12000000000000455,False,0.0,0,0
2025-11-14,3.4898433584593653,2.7378048780487863,2.4350972381108007,0.2850779510022268,False,0.0,0,0
2025-11-17,3.2867357415223992,1.2548922159408649,2.4389561513348186,0.024752475247530256,False,0.0,0,0
2025-11-18,4.142729447696141,2.48666666666666,2.4389561513348186,0.4128686327077738,False,0.0,0,0
2025-11-19,4.351227543964828,1.2524020939632992,2.4458271416378934,0.5608465608465577,True,0.01458163265306084,5,0
2025-11-20,4.165838044924877,2.335551574097777,2.4458271416378934,0.523287671232875,False,0.0,0,0
2025-11-21,4.68473481595295,2.1363846815265495,2.4458271416378934,0.4365325077399384,True,0.01934055817576602,5,0
2025-11-24,5.013884295125498,2.6742143275424644,2.4458271416378934,0.7591240875912395,True,0.01154521722942087,5,0
2025-11-25,4.356795283555238,2.7774230621887512,2.4513100563950907,0.47816091954023027,False,0.0,0,0
2025-11-26,4.502040760931478,1.8449727587914744,2.456467071509039,0.6040268456375898,True,0.004182848671499153,5,0
2025-11-28,4.584482992112174,1.2077294685990339,2.456467071509039,0.9899999999999949,True,-0.009112396498698916,1,0
2025-12-01,3.7078327582324397,2.3298033282904655,2.456467071509039,0.979220779220776,False,0.0,0,0
2025-12-02,3.3886220267075813,2.1622609331221723,2.456467071509039,0.3887323943661978,False,0.0,0,0
2025-12-03,3.185053137260791,1.99193449835025,2.456467071509039,0.8220858895705494,False,0.0,0,0
2025-12-04,3.1180281983993585,1.7705882352941122,2.456467071509039,0.44186046511627514,False,0.0,0,0
2025-12-05,2.976368669803375,2.0760837511058745,2.456467071509039,0.8835227272727286,False,0.0,0,0
2025-12-08,2.967581556429951,1.4162813835079393,2.456467071509039,0.8347107438016517,False,0.0,0,0
2025-12-09,2.8173964797373623,1.9800806260374695,2.4513100563950907,0.8203592814371277,False,0.0,0,0
2025-12-10,3.0566696847106045,1.6512932980713424,2.4513100563950907,0.8085937499999967,False,0.0,0,0
2025-12-11,3.3168713010475437,3.5596490136287255,2.4513100563950907,0.6381118881118892,False,0.0,0,0
2025-12-12,4.015487855392223,1.6732742537313459,2.456467071509039,0.3031358885017433,False,0.0,0,0
2025-12-15,3.9856095999575105,1.2060125844791385,2.456467071509039,0.4057971014492646,False,0.0,0,0
2025-12-16,4.032459370124215,1.343502493399836,2.456467071509039,0.3624454148471638,False,0.0,0,0
2025-12-17,3.9727174560832594,1.7428027599333848,2.456467071509039,0.846416382252564,False,0.0,0,0
2025-12-18,3.4395991318287025,1.3154761904761785,2.456467071509039,0.9095022624434432,False,0.0,0,0
2025-12-19,3.0154783758033488,1.3851249623607242,2.456467071509039,0.604347826086955,False,0.0,0,0
2025-12-22,2.926104783062448,1.9261447562776903,2.456467071509039,0.8435582822085913,False,0.0,0,0
2025-12-23,3.1684997927818714,1.0344827586206962,2.456467071509039,0.6777777777777728,False,0.0,0,0
2025-12-24,2.705501239257225,1.1897984743254033,2.456467071509039,0.6459330143540633,False,0.0,0,0
2025-12-26,2.7189926570565595,0.8358276387869146,2.456467071509039,0.3310810810810895,False,0.0,0,0
2025-12-29,2.369749218222844,1.5963188092938716,2.456467071509039,0.1459074733096072,False,0.0,0,0
2025-12-30,2.3714098532843826,1.2062726176115768,2.456467071509039,0.48095238095239146,False,0.0,0,0
2025-12-31,1.8713543377625652,1.3388199837718804,2.456467071509039,0.47186147186147287,False,0.0,0,0
2026-01-02,2.179558732145875,3.159389421370254,2.456467071509039,0.4307116104868932,False,0.0,0,0
2026-01-05,2.3716218437067518,6.85670261941448,2.4606756885896566,1.0,False,0.0,0,0
2026-01-06,3.848388183368452,0.8639429240287514,2.467297999010545,0.5935483870967726,False,0.0,0,0
2026-01-07,3.95578319174966,2.642833644039913,2.467297999010545,0.064315352697096,False,0.0,0,0
2026-01-08,4.545133527782745,3.516635062920189,2.478456600185054,0.9379084967320269,True,-0.009077518782242376,3,0
2026-01-09,4.8793025252244675,1.7216321967579724,2.482150488181131,0.311688311688313,True,-0.0038916913398982164,4,0
2026-01-12,4.621898236442771,2.2529411764705958,2.482150488181131,0.8955613577023487,True,0.003933688855650942,3,0
2026-01-13,3.3457618902366355,3.9174413845524105,2.482150488181131,0.06865671641791175,False,0.0,0,0
2026-01-14,3.932202227070887,1.8778758860838092,2.4834423211224688,0.023178807947017748,False,0.0,0,0
2026-01-15,3.633763390763176,2.197666522624855,2.4834423211224688,0.7471910112359537,False,0.0,0,0
2026-01-16,3.280951295825351,1.7627616599338938,2.4834423211224688,0.12500000000000494,False,0.0,0,0
2026-01-20,3.349986635838288,2.2317158706880056,2.482150488181131,0.5771428571428601,False,0.0,0,0
2026-01-21,3.9205731457722335,2.654924561289901,2.482150488181131,0.7853658536585374,False,0.0,0,0
2026-01-22,3.4209485580411014,1.4992025518341272,2.482150488181131,0.2936170212765955,False,0.0,0,0
2026-01-23,3.3215675349074703,1.5353848138829906,2.482150488181131,0.4873949579831989,False,0.0,0,0
2026-01-26,3.5075317324822444,1.9543113693384444,2.482150488181131,0.5810810810810791,False,0.0,0,0
2026-01-27,3.5026450326805465,1.7716407216830579,2.482150488181131,0.04044117647058282,False,0.0,0,0
2026-01-28,2.97251139457468,1.2961849402017758,2.482150488181131,0.7216494845360862,False,0.0,0,0
2026-01-29,2.8247349708518206,3.0465832405162665,2.482150488181131,0.2731182795698899,False,0.0,0,0
2026-01-30,3.0883782415606795,1.6935904116727425,2.4834423211224688,0.07692307692307272,False,0.0,0,0
2026-02-02,3.061631744780682,3.3841166936790916,2.4834423211224688,0.7413793103448286,False,0.0,0,0
2026-02-03,3.513809692496925,3.13895623325253,2.4856196220345788,0.7479674796747957,False,0.0,0,0
2026-02-04,4.008878066043351,1.7138791876859432,2.487755090294264,0.17735849056603692,False,0.0,0,0
2026-02-05,4.367991748274645,2.71842205082816,2.487755090294264,0.348837209302327,False,0.0,0,0
2026-02-06,4.643995737072497,2.078949046616919,2.4894250618088587,0.8742331288343566,True,0.003378782296073036,3,0
2026-02-09,4.506712751476302,1.9559748427672865,2.4894250618088587,0.2733118971061088,True,-0.021370296475853014,1,0
2026-02-10,4.078919513756761,3.279953694771382,2.4894250618088587,0.9294117647058799,False,0.0,0,0
2026-02-11,4.235835156701152,4.250933917300028,2.492728024757719,0.1121212121212131,False,0.0,0,0
2026-02-12,4.751423955528691,1.737373737373746,2.4988498600139324,0.2635658914728696,True,-0.017905298812306132,5,1
2026-02-13,5.652074410003907,2.8527763627101286,2.4988498600139324,0.3979591836734712,False,0.0,0,0
2026-02-17,5.841727739556156,3.118294950650826,2.502008408792138,0.43348623853210844,False,0.0,0,0
2026-02-18,5.920732641636009,2.7390577083914183,2.505669279284895,0.7251908396946538,True,-0.0029366174055829967,2,0
2026-02-19,5.192577883230689,1.638533794759512,2.505669279284895,0.3103448275862073,True,0.00438117880138671,2,0
2026-02-20,4.565337161546024,2.2656249999999982,2.505669279284895,0.6363636363636371,True,0.01768273740553622,5,0
2026-02-23,3.571934383768246,5.050077584990849,2.502008408792138,0.015363128491621964,False,0.0,0,0
2026-02-24,4.919654830680706,3.844953985337706,2.505669279284895,0.24949290060851972,False,0.0,0,0
2026-02-25,5.412826288218612,1.7193690663078502,2.508516684941963,0.42608695652174494,True,0.007986910923955294,4,0
2026-02-26,5.688816794832174,3.5568304051631263,2.508516684941963,0.9798387096774204,True,-0.0024575723830734583,1,0
2026-02-27,5.7260994605243365,5.19028633562885,2.512278830343764,0.1899441340782103,False,0.0,0,0
2026-03-02,6.04176729554361,3.690439115540326,2.523471092876187,0.9008438818565402,True,0.01696459822359292,5,0
2026-03-03,5.371523780900693,3.079968329374506,2.5425993953912696,0.5141388174807198,False,0.0,0,0
2026-03-04,6.066253111538242,2.050249757697756,2.5580254234201387,0.8109090909090871,True,0.005375303572297376,5,0
2026-03-05,5.905986439374031,3.7554453958239447,2.5580254234201387,0.6100000000000023,False,0.0,0,0
2026-03-06,6.198537601628499,4.812623274161732,2.5606301758721646,0.1704918032786897,False,0.0,0,0
2026-03-09,6.0466030685636785,4.286529215222887,2.5685668555271977,0.11026615969581977,False,0.0,0,0
2026-03-10,6.2538838533506915,3.479371159524379,2.579661102850916,0.10779816513761444,False,0.0,0,0
2026-03-11,5.543592928289028,2.1774455638608976,2.5885682504320924,0.3395522388059698,True,-0.01858790485523438,5,1
2026-03-12,5.937906105947546,1.9169603713573367,2.5885682504320924,0.2600896860986551,True,-0.007693167701863523,2,0
2026-03-13,5.386933939192369,2.1681378010112273,2.5885682504320924,0.2727272727272717,True,-0.021177716233489442,1,0
2026-03-16,5.0650162432725505,2.282793867120948,2.5885682504320924,0.9925373134328372,True,-0.010797144776620781,1,0
2026-03-17,4.17176617805737,3.150457190357445,2.5885682504320924,0.7387862796833753,False,0.0,0,0
2026-03-18,3.8552022292190657,2.9535864978902953,2.594787554606447,0.9114285714285748,False,0.0,0,0
2026-03-19,3.7374380636185647,2.825057027548692,2.5966478266054804,0.6055900621118023,False,0.0,0,0
2026-03-20,4.0132435601618415,1.8407571416167445,2.5966478266054804,0.42452830188679425,False,0.0,0,0
2026-03-23,3.939592678013631,3.0648201261984833,2.594787554606447,0.5,False,0.0,0,0
2026-03-24,3.9127270247077783,1.519888830988362,2.5966478266054804,0.5600000000000023,False,0.0,0,0
2026-03-25,4.126806209237335,2.8252788104089235,2.5966478266054804,0.005847953216373103,False,0.0,0,0
2026-03-26,4.321789974707197,2.441939890710382,2.5974336687504853,0.8776223776223796,True,-0.013808949679162385,1,0
2026-03-27,4.250769222336684,3.8491615257624527,2.5974336687504853,0.10383747178329734,False,0.0,0,0
2026-03-30,5.031488054994935,2.1605496293617796,2.6010727995038243,0.15899581589957965,True,-0.019157633242999635,5,1
2026-03-31,5.0610084062907745,2.8261811876896448,2.6010727995038243,0.9171779141104265,True,0.03396770404908628,5,0
2026-04-01,5.19963220638894,4.216867469879517,2.6074067078087664,0.40313111545988306,False,0.0,0,0
2026-04-02,4.907937546709329,2.496933590327663,2.6134954319851245,0.9789473684210518,True,0.013499999999999459,5,0
2026-04-06,5.683984554458415,2.4504474366479827,2.6134954319851245,0.7952218430034144,True,0.0030566816510010485,3,0
2026-04-07,4.89564529205106,2.031471151444519,2.6134954319851245,0.6680327868852466,True,0.013977972838687793,5,0
2026-04-08,4.7711359398166735,1.9243986254295613,2.6134954319851245,0.33730158730159493,True,0.007966496932595159,5,0
2026-04-09,4.169810525010101,1.4206300185299594,2.6134954319851245,0.83695652173914,False,0.0,0,0
2026-04-10,4.201977488106467,3.7202268431001904,2.6134954319851245,0.3373983739837419,False,0.0,0,0
2026-04-13,3.4587612673872434,2.113459399332589,2.627229748379768,1.0,False,0.0,0,0
2026-04-14,4.341379063523381,2.0867614061331494,2.627229748379768,0.6881720430107533,True,-0.0013307366022935023,2,0
2026-04-15,4.205598517804477,2.0544464609800457,2.627229748379768,0.09540636042403146,False,0.0,0,0
2026-04-16,4.248826388405262,1.934642417216135,2.627229748379768,0.408239700374535,False,0.0,0,0
2026-04-17,3.9384623678230994,2.1234145646287512,2.627229748379768,0.6778523489932944,False,0.0,0,0
2026-04-20,3.935766242049156,2.9426469537890183,2.627229748379768,0.8446601941747539,False,0.0,0,0
2026-04-21,2.9876676334425882,2.9013946317191217,2.639990600473114,0.666666666666669,False,0.0,0,0
2026-04-22,3.6111321654791007,2.2010792388526146,2.639990600473114,0.983870967741932,False,0.0,0,0
2026-04-23,3.668004723236005,1.2623331398723223,2.639990600473114,0.23563218390804277,False,0.0,0,0
2026-04-24,4.093832349427266,2.141311646646277,2.639990600473114,0.6480836236933836,False,0.0,0,0
2026-04-27,3.7610857005607103,3.3079268292682955,2.639990600473114,0.6175115207373283,False,0.0,0,0
2026-04-28,3.9134099683394945,2.089660159074466,2.6476700109399087,0.0,False,0.0,0,0
2026-04-29,3.465861882994318,3.1272727272727354,2.6476700109399087,0.27674418604651035,False,0.0,0,0
2026-04-30,3.500224434955283,3.9307228915662638,2.662640467790927,0.8946360153256737,False,0.0,0,0
2026-05-01,3.709521577093193,2.278589853826316,2.662640467790927,0.9559748427672999,False,0.0,0,0
2026-05-04,4.043655349798904,1.6001185272983158,2.662640467790927,0.8101851851851865,False,0.0,0,0
2026-05-05,4.101379363682498,1.5695404025232613,2.662640467790927,0.7655502392344562,False,0.0,0,0
2026-05-06,3.867386669926817,1.8112207333235222,2.662640467790927,0.6666666666666705,False,0.0,0,0
2026-05-07,3.7166468404733934,1.9843924191750184,2.662640467790927,0.04494382022471037,False,0.0,0,0
2026-05-08,3.2729416965980036,2.391808057403406,2.6476700109399087,0.05312500000000469,False,0.0,0,0
2026-05-11,3.186231370779498,2.8659003831417476,2.6476700109399087,1.0,False,0.0,0,0
2026-05-12,2.976159445485754,2.997924513798144,2.662640467790927,0.3128205128205121,False,0.0,0,0
2026-05-13,3.5644997356298744,1.7504798464491371,2.691897416856744,0.3903508771929887,False,0.0,0,0
2026-05-14,3.480778563512885,2.056003068661302,2.691897416856744,0.5522388059701546,False,0.0,0,0
2026-05-15,3.1814130357489008,1.9190911184463038,2.691897416856744,0.808000000000004,False,0.0,0,0
2026-05-18,3.035396408223619,4.261275272161756,2.691897416856744,0.919708029197081,False,0.0,0,0
2026-05-19,3.350467643989872,2.9161329214075837,2.7220996981961827,0.6744186046511655,False,0.0,0,0
2026-05-20,3.1765347444436633,2.8967642526964488,2.7316916527684443,0.8430851063829774,False,0.0,0,0
2026-05-21,3.811328565736722,2.4199666211500515,2.7378232416821136,0.9122257053291531,False,0.0,0,0
2026-05-22,4.064157204154453,1.7560758743331388,2.7378232416821136,0.8312236286919811,False,0.0,0,0
2026-05-26,3.9064501182967097,1.5605354633532913,2.7378232416821136,0.0,False,0.0,0,0
2026-05-27,3.5679200993859723,2.637083520095623,2.7378232416821136,0.01133144475920454,False,0.0,0,0
2026-05-28,3.4859130048789453,2.6787776152721148,2.7378232416821136,0.6724137931034526,False,0.0,0,0
2026-05-29,2.998515601983332,1.4427899081860782,2.7378232416821136,0.7326203208556116,False,0.0,0,0
2026-06-01,3.01370911150598,2.018717611570898,2.7378232416821136,0.9578544061302632,False,0.0,0,0
2026-06-02,3.1181953432042158,2.9313945394075493,2.7378232416821136,0.0026385224274457185,False,0.0,0,0
2026-06-03,3.3544477836618953,1.704678134973144,2.73833355563583,0.3744292237442895,False,0.0,0,0
2026-06-04,3.3368509875892416,3.1870987465606753,2.73833355563583,1.0,False,0.0,0,0
2026-06-05,3.6934496026123496,1.4770081490104783,2.7531634132906393,0.5911330049261164,False,0.0,0,0
2026-06-08,3.4222132195130235,1.5553925165077067,2.7531634132906393,0.4716981132075462,False,0.0,0,0
2026-06-09,3.512162577219062,2.9346704025954797,2.7531634132906393,0.9447236180904524,False,0.0,0,0
2026-06-10,3.468863467721176,2.892142650043497,2.775562407259181,0.9874686716791952,False,0.0,0,0
2026-06-11,3.3926021688241916,1.1739827913081415,2.77986905505133,0.7577639751552857,False,0.0,0,0
2026-06-12,3.2619145447590605,1.7951798713690157,2.77986905505133,0.279527559055119,False,0.0,0,0
2026-06-15,3.6178494800408147,1.1409667836888995,2.77986905505133,0.869822485207101,False,0.0,0,0
2026-06-16,3.584803164557087,2.010723860589813,2.77986905505133,0.1599999999999966,False,0.0,0,0
2026-06-17,3.4635320921354475,2.9496402877697783,2.775562407259181,0.9002217294900245,False,0.0,0,0
2026-06-18,3.8659442566077216,2.2173236514522925,2.77986905505133,0.09064327485380141,False,0.0,0,0
2026-06-22,4.306552394277256,2.525560295212939,2.77986905505133,0.7962466487935675,True,-0.004409171954650947,3,0
2026-06-23,4.001713220017135,2.232173146075034,2.77986905505133,0.3768996960486359,False,0.0,0,0
2026-06-24,4.065417314432161,2.002002002002002,2.77986905505133,0.1933333333333375,False,0.0,0,0
2026-06-25,4.046639376530004,1.5550957752118961,2.77986905505133,0.8497854077253233,False,0.0,0,0
2026-06-26,4.377046626394658,2.5546949313765395,2.77986905505133,0.47606382978723305,True,-0.003451625890654118,5,0
2026-06-29,3.927427112873796,1.5904168922577306,2.77986905505133,0.5021276595744661,False,0.0,0,0
2026-06-30,3.8297324875074423,2.482581343435018,2.77986905505133,0.9564032697547692,False,0.0,0,0
2026-07-01,3.729193325025437,1.8175698418040984,2.77986905505133,0.8888888888888947,False,0.0,0,0
2026-07-02,4.566644261881739,1.9471228615863114,2.77986905505133,0.10223642172523759,True,0.01886244115856478,5,0
2026-07-06,3.8365437820118067,1.4549863595028831,2.77986905505133,0.5291666666666697,False,0.0,0,0
2026-07-07,3.649682543789716,1.6789396170839437,2.77986905505133,0.4561403508771979,False,0.0,0,0
2026-07-08,3.849039778743817,2.2955784373107333,2.77986905505133,0.0026385224274457185,False,0.0,0,0
2026-07-09,4.247738531256088,1.5448641150135496,2.77986905505133,0.9020408163265264,False,0.0,0,0
2026-07-10,3.5527877884374903,1.9512195121951272,2.77986905505133,0.111111111111115,False,0.0,0,0
2026-07-13,3.5817719193017794,1.2468377303939242,2.77986905505133,0.34299516908211686,False,0.0,0,0
2026-07-14,3.546496256154961,5.464314060687459,2.77986905505133,0.9206703910614547,False,0.0,0,0
2026-07-15,4.231619749805593,2.27339654867777,2.7902565739202307,0.588082901554409,False,0.0,0,0
2026-07-16,4.024313321574103,2.1680060126033416,2.7902565739202307,0.12533333333333302,False,0.0,0,0
2026-07-17,3.7448701102480464,3.775024951564597,2.7902565739202307,0.8149300155520993,False,0.0,0,0
2026-07-20,3.8938698564410004,2.025706331813059,2.810223431989145,0.2456140350877212,False,0.0,0,0
2026-07-21,3.8226451660769656,2.0552884615384537,2.810223431989145,0.8304093567251503,False,0.0,0,0
2026-07-22,3.179785465334457,1.5338704864219594,2.810223431989145,0.7431906614785999,False,0.0,0,0
